row_index,dataset,speaker,filename,emotion,real_frames,true_label,predicted_label,correct,confidence,prob_Angry,prob_Disgust,prob_Fear,prob_Happy,prob_Neutral,prob_Sad,prob_Surprise
2398,ravdess,01,03-01-01-01-01-01-01.wav,Neutral,138,Neutral,Angry,False,0.959451,0.959451,0.0012490147,0.00523556,0.029822541,0.00389435,1.1211059e-05,0.0003363204
2399,ravdess,01,03-01-01-01-01-02-01.wav,Neutral,138,Neutral,Angry,False,0.9850994,0.9850994,0.0003103617,0.0026354832,0.009596863,0.002308972,2.2269296e-06,4.6709574e-05
2400,ravdess,01,03-01-01-01-02-01-01.wav,Neutral,135,Neutral,Angry,False,0.9477529,0.9477529,0.001455894,0.035218116,0.005061109,0.008334043,5.1920856e-06,0.002172812
2401,ravdess,01,03-01-01-01-02-02-01.wav,Neutral,129,Neutral,Angry,False,0.93505776,0.93505776,0.013611395,0.0018193148,0.0046436964,0.0322009,6.2152358e-06,0.012660715
2402,ravdess,01,03-01-03-01-01-01-01.wav,Happy,161,Happy,Angry,False,0.8116819,0.8116819,0.0012947522,0.10160673,0.07361071,0.010380634,1.9967694e-05,0.0014052674
2403,ravdess,01,03-01-03-01-01-02-01.wav,Happy,180,Happy,Angry,False,0.70710164,0.70710164,0.005873674,0.05468048,0.18312341,0.03958866,0.00019788988,0.009434241
2404,ravdess,01,03-01-03-01-02-01-01.wav,Happy,157,Happy,Angry,False,0.9864184,0.9864184,0.00073212653,0.0025133155,0.0043669497,0.0059265085,5.5119826e-06,3.7128808e-05
2405,ravdess,01,03-01-03-01-02-02-01.wav,Happy,180,Happy,Neutral,False,0.75027406,0.23952161,0.0046781395,0.0027733124,0.002361199,0.75027406,4.7703048e-05,0.0003440088
2406,ravdess,01,03-01-03-02-01-01-01.wav,Happy,170,Happy,Happy,True,0.6050745,0.3180579,0.0012509822,0.06405828,0.6050745,0.0024120235,4.0231203e-06,0.009142209
2407,ravdess,01,03-01-03-02-01-02-01.wav,Happy,189,Happy,Happy,True,0.4713929,0.44399682,0.0015165136,0.015627792,0.4713929,9.632007e-05,3.3899362e-06,0.067366235
2408,ravdess,01,03-01-03-02-02-01-01.wav,Happy,199,Happy,Neutral,False,0.49673146,0.25227448,0.033983007,0.057546098,0.0213215,0.49673146,2.8506176e-05,0.13811499
2409,ravdess,01,03-01-03-02-02-02-01.wav,Happy,202,Happy,Angry,False,0.8260093,0.8260093,0.039785177,0.0018179725,0.0067383735,0.103539534,0.00010525818,0.022004426
2410,ravdess,01,03-01-04-01-01-01-01.wav,Sad,186,Sad,Angry,False,0.955036,0.955036,0.008559421,0.00048305874,0.010209025,0.025516817,0.00012677026,6.898535e-05
2411,ravdess,01,03-01-04-01-01-02-01.wav,Sad,167,Sad,Angry,False,0.7084308,0.7084308,0.011576976,0.0019391649,0.020936986,0.25685644,3.747847e-05,0.00022216793
2412,ravdess,01,03-01-04-01-02-01-01.wav,Sad,154,Sad,Angry,False,0.9729096,0.9729096,0.0063721477,0.00084015104,0.00042445972,0.019320672,1.4063408e-05,0.000118824275
2413,ravdess,01,03-01-04-01-02-02-01.wav,Sad,148,Sad,Angry,False,0.984706,0.984706,0.00028695478,0.013283064,0.0008202616,0.0005817269,1.3560796e-06,0.00032055803
2414,ravdess,01,03-01-04-02-01-01-01.wav,Sad,189,Sad,Angry,False,0.6634415,0.6634415,0.006477376,0.00046051308,0.048865147,0.28052178,0.00016927424,6.439537e-05
2415,ravdess,01,03-01-04-02-01-02-01.wav,Sad,173,Sad,Angry,False,0.9335064,0.9335064,0.0007695466,0.012345386,0.04170511,0.010488635,2.6422856e-06,0.001182228
2416,ravdess,01,03-01-04-02-02-01-01.wav,Sad,180,Sad,Neutral,False,0.7326423,0.22788887,0.009860236,0.005670382,0.00621233,0.7326423,8.6446835e-06,0.017717166
2417,ravdess,01,03-01-04-02-02-02-01.wav,Sad,180,Sad,Angry,False,0.8624673,0.8624673,0.0019456556,0.032645024,0.0046427865,0.096774176,2.4623812e-05,0.0015004402
2418,ravdess,01,03-01-05-01-01-01-01.wav,Angry,193,Angry,Happy,False,0.92039055,0.055984344,0.0031386795,0.008925237,0.92039055,0.00759988,5.3525222e-05,0.0039078193
2419,ravdess,01,03-01-05-01-01-02-01.wav,Angry,205,Angry,Happy,False,0.936589,0.04271666,0.0002905206,0.00022491865,0.936589,0.00030322684,2.0097864e-06,0.019873783
2420,ravdess,01,03-01-05-01-02-01-01.wav,Angry,157,Angry,Angry,True,0.93664914,0.93664914,0.000602366,0.0026116224,0.058022745,0.0012379442,3.8000114e-06,0.00087240624
2421,ravdess,01,03-01-05-01-02-02-01.wav,Angry,180,Angry,Angry,True,0.80248487,0.80248487,0.005417873,0.024792062,0.0847603,0.055487365,6.491683e-05,0.026992572
2422,ravdess,01,03-01-05-02-01-01-01.wav,Angry,209,Angry,Happy,False,0.580667,0.14315449,0.0011527382,0.022706134,0.580667,0.00023411504,9.46433e-06,0.25207612
2423,ravdess,01,03-01-05-02-01-02-01.wav,Angry,321,Angry,Surprise,False,0.9160191,0.011038946,0.0012173887,0.027355066,0.044339195,3.0970926e-07,2.9908639e-05,0.9160191
2424,ravdess,01,03-01-05-02-02-01-01.wav,Angry,212,Angry,Fear,False,0.66752285,0.0044467705,9.84976e-05,0.66752285,0.20455052,0.0016054668,2.8980965e-06,0.12177302
2425,ravdess,01,03-01-05-02-02-02-01.wav,Angry,241,Angry,Surprise,False,0.88419807,0.10410982,0.0020510387,0.0010102043,0.008610996,1.8534185e-05,1.3987902e-06,0.88419807
2426,ravdess,01,03-01-06-01-01-01-01.wav,Fear,173,Fear,Angry,False,0.9002183,0.9002183,0.0033219066,0.0032245312,0.022814844,0.06859345,7.772093e-06,0.0018191065
2427,ravdess,01,03-01-06-01-01-02-01.wav,Fear,177,Fear,Angry,False,0.6779139,0.6779139,0.0036978847,0.05942625,0.16508694,0.08478685,2.0085377e-05,0.009068074
2428,ravdess,01,03-01-06-01-02-01-01.wav,Fear,341,Fear,Disgust,False,0.7094748,0.16010849,0.7094748,0.007730669,0.009432278,0.027470177,0.06736636,0.018417228
2429,ravdess,01,03-01-06-01-02-02-01.wav,Fear,196,Fear,Angry,False,0.73259693,0.73259693,0.020186327,0.049116064,0.05039726,0.14205413,0.0040742275,0.001575013
2430,ravdess,01,03-01-06-02-01-01-01.wav,Fear,289,Fear,Surprise,False,0.8747125,0.05442924,0.005411856,0.0055945865,0.059816238,2.559912e-05,9.943986e-06,0.8747125
2431,ravdess,01,03-01-06-02-01-02-01.wav,Fear,231,Fear,Angry,False,0.9951361,0.9951361,0.0029868947,6.686693e-05,0.0011191443,1.3218728e-05,3.554264e-07,0.00067745266
2432,ravdess,01,03-01-06-02-02-01-01.wav,Fear,183,Fear,Angry,False,0.98934245,0.98934245,7.240247e-05,0.0043153437,0.006033448,2.3773513e-05,3.1843633e-06,0.00020940702
2433,ravdess,01,03-01-06-02-02-02-01.wav,Fear,183,Fear,Happy,False,0.922577,0.046917938,0.00023516401,0.024970219,0.922577,1.0344276e-05,7.543016e-06,0.005281725
2434,ravdess,01,03-01-07-01-01-01-01.wav,Disgust,205,Disgust,Happy,False,0.6938301,0.08940573,0.10929817,0.0021305494,0.6938301,0.041070186,0.00026605578,0.063999295
2435,ravdess,01,03-01-07-01-01-02-01.wav,Disgust,202,Disgust,Happy,False,0.5332462,0.29932377,0.1016404,0.0012592311,0.5332462,0.02229997,0.0005073997,0.04172307
2436,ravdess,01,03-01-07-01-02-01-01.wav,Disgust,202,Disgust,Neutral,False,0.5449118,0.07543532,0.37771225,7.901622e-05,0.0013797528,0.5449118,4.5186145e-05,0.00043660987
2437,ravdess,01,03-01-07-01-02-02-01.wav,Disgust,193,Disgust,Neutral,False,0.9816883,0.007938786,0.0071360716,0.00033233067,0.0025849454,0.9816883,0.00020532285,0.00011422958
2438,ravdess,01,03-01-07-02-01-01-01.wav,Disgust,234,Disgust,Happy,False,0.67212296,0.22638923,0.0064796233,0.0014156799,0.67212296,0.0063273017,1.3981637e-05,0.087251216
2439,ravdess,01,03-01-07-02-01-02-01.wav,Disgust,209,Disgust,Happy,False,0.9990075,8.5770815e-05,3.1576033e-06,9.862867e-06,0.9990075,6.2003215e-07,4.7323365e-08,0.000892967
2440,ravdess,01,03-01-07-02-02-01-01.wav,Disgust,244,Disgust,Angry,False,0.7751065,0.7751065,0.2006567,1.3089205e-05,0.020014495,0.00017520279,8.9759706e-05,0.00394425
2441,ravdess,01,03-01-07-02-02-02-01.wav,Disgust,237,Disgust,Surprise,False,0.49998647,0.3794291,0.021138595,0.027488932,0.07024959,0.00082882366,0.0008785188,0.49998647
2442,ravdess,01,03-01-08-01-01-01-01.wav,Surprise,148,Surprise,Angry,False,0.855058,0.855058,0.013204125,0.01525261,0.073776975,0.04111014,0.000105994455,0.0014922057
2443,ravdess,01,03-01-08-01-01-02-01.wav,Surprise,135,Surprise,Angry,False,0.8691715,0.8691715,0.004764477,0.02603082,0.085760795,0.013579438,5.2323674e-05,0.00064070686
2444,ravdess,01,03-01-08-01-02-01-01.wav,Surprise,161,Surprise,Angry,False,0.8707689,0.8707689,0.0030127338,0.001981375,0.0120799905,0.111904226,5.740509e-05,0.0001954035
2445,ravdess,01,03-01-08-01-02-02-01.wav,Surprise,141,Surprise,Angry,False,0.9609293,0.9609293,9.7581775e-05,0.030193182,0.0073236846,0.001026848,1.2214064e-06,0.0004282365
2446,ravdess,01,03-01-08-02-01-01-01.wav,Surprise,148,Surprise,Angry,False,0.81774515,0.81774515,0.00041848066,0.051110033,0.12808754,0.0025468664,4.6179575e-06,8.731756e-05
2447,ravdess,01,03-01-08-02-01-02-01.wav,Surprise,164,Surprise,Angry,False,0.5720218,0.5720218,0.002073993,0.010272848,0.41327783,0.0012316429,2.3672192e-05,0.0010982335
2448,ravdess,01,03-01-08-02-02-01-01.wav,Surprise,161,Surprise,Angry,False,0.69397235,0.69397235,0.00781878,0.0088704815,0.008390942,0.2799919,2.8094018e-05,0.00092743785
2449,ravdess,01,03-01-08-02-02-02-01.wav,Surprise,135,Surprise,Fear,False,0.5883418,0.29039592,5.570679e-05,0.5883418,0.115196906,0.00016799917,2.7490617e-06,0.0058390046
2450,ravdess,02,03-01-01-01-01-01-02.wav,Neutral,170,Neutral,Angry,False,0.59935004,0.59935004,0.0027799043,0.00026197475,0.3671239,0.0004329393,0.0003345256,0.029716717
2451,ravdess,02,03-01-01-01-01-02-02.wav,Neutral,170,Neutral,Happy,False,0.9631027,0.025794594,0.0007138878,1.5225089e-05,0.9631027,1.2006975e-06,7.825594e-05,0.01029416
2452,ravdess,02,03-01-01-01-02-01-02.wav,Neutral,180,Neutral,Angry,False,0.49919608,0.49919608,0.011135133,0.00047725815,0.4537247,0.015878,0.0009818079,0.018607067
2453,ravdess,02,03-01-01-01-02-02-02.wav,Neutral,167,Neutral,Angry,False,0.54856515,0.54856515,0.0009704979,0.0033550449,0.4117597,0.0086536165,0.00025105156,0.02644485
2454,ravdess,02,03-01-03-01-01-01-02.wav,Happy,164,Happy,Happy,True,0.972734,0.022114791,0.0013073054,0.00028521856,0.972734,9.48668e-06,8.6651584e-05,0.0034625302
2455,ravdess,02,03-01-03-01-01-02-02.wav,Happy,177,Happy,Happy,True,0.9893154,0.0073559997,0.00241708,3.5630605e-05,0.9893154,4.6811874e-05,0.00018123156,0.00064789836
2456,ravdess,02,03-01-03-01-02-01-02.wav,Happy,183,Happy,Angry,False,0.9411431,0.9411431,0.0029464737,0.0020801374,0.04785042,0.004387709,0.0006454449,0.00094658026
2457,ravdess,02,03-01-03-01-02-02-02.wav,Happy,180,Happy,Angry,False,0.5517352,0.5517352,0.0013661099,0.0002978519,0.42574212,0.001568883,0.0010311737,0.018258695
2458,ravdess,02,03-01-03-02-01-01-02.wav,Happy,164,Happy,Happy,True,0.99946576,0.00039913558,9.32267e-06,2.3172033e-06,0.99946576,1.5301785e-07,6.6832484e-08,0.00012336386
2459,ravdess,02,03-01-03-02-01-02-02.wav,Happy,167,Happy,Happy,True,0.999424,0.00033025417,6.264027e-06,8.706e-08,0.999424,7.2777986e-08,8.549393e-08,0.00023920278
2460,ravdess,02,03-01-03-02-02-01-02.wav,Happy,173,Happy,Angry,False,0.5644754,0.5644754,0.00024330769,0.00026623986,0.4276735,6.092832e-05,4.3172136e-06,0.007276209
2461,ravdess,02,03-01-03-02-02-02-02.wav,Happy,189,Happy,Happy,True,0.6195831,0.355066,0.006291474,3.344935e-05,0.6195831,0.00016616755,9.323559e-06,0.01885052
2462,ravdess,02,03-01-04-01-01-01-02.wav,Sad,193,Sad,Angry,False,0.87826055,0.87826055,0.0043533663,0.0013228502,0.07346834,0.040518668,0.0017926845,0.0002834654
2463,ravdess,02,03-01-04-01-01-02-02.wav,Sad,186,Sad,Angry,False,0.542922,0.542922,0.0036739372,0.007847227,0.4348028,0.0056136,0.00021240872,0.004928004
2464,ravdess,02,03-01-04-01-02-01-02.wav,Sad,180,Sad,Neutral,False,0.70081604,0.22466883,0.0012883643,0.018068368,0.047408536,0.70081604,0.00011676708,0.007633047
2465,ravdess,02,03-01-04-01-02-02-02.wav,Sad,186,Sad,Neutral,False,0.7427897,0.20657893,0.007031367,0.018812206,0.018890198,0.7427897,2.3785014e-05,0.00587372
2466,ravdess,02,03-01-04-02-01-01-02.wav,Sad,173,Sad,Happy,False,0.56559616,0.35567868,0.00024024381,0.0766122,0.56559616,0.0008582577,0.00010595587,0.00090840127
2467,ravdess,02,03-01-04-02-01-02-02.wav,Sad,186,Sad,Angry,False,0.692904,0.692904,0.0008045584,0.024101788,0.2790475,0.0016813279,2.9355433e-05,0.0014314913
2468,ravdess,02,03-01-04-02-02-01-02.wav,Sad,177,Sad,Angry,False,0.83267295,0.83267295,0.00016111427,0.01567456,0.14310493,0.0013924986,2.3334866e-05,0.006970632
2469,ravdess,02,03-01-04-02-02-02-02.wav,Sad,177,Sad,Angry,False,0.8620736,0.8620736,0.0003813093,0.0726215,0.059745006,0.0044389414,7.651221e-06,0.00073206605
2470,ravdess,02,03-01-05-01-01-01-02.wav,Angry,173,Angry,Happy,False,0.9868803,0.009777567,0.000106269275,4.5336332e-05,0.9868803,2.7456065e-06,3.2511887e-06,0.003184557
2471,ravdess,02,03-01-05-01-01-02-02.wav,Angry,196,Angry,Happy,False,0.54611397,0.43429878,0.00079061545,0.0007216308,0.54611397,6.103378e-05,2.1803313e-05,0.017992087
2472,ravdess,02,03-01-05-01-02-01-02.wav,Angry,186,Angry,Happy,False,0.80018544,0.19224058,0.0009665531,0.0041943896,0.80018544,8.8978995e-05,0.000119668795,0.0022044398
2473,ravdess,02,03-01-05-01-02-02-02.wav,Angry,186,Angry,Angry,True,0.9604785,0.9604785,0.00024437252,0.0015378166,0.037334446,1.974799e-05,8.585682e-05,0.00029930213
2474,ravdess,02,03-01-05-02-01-01-02.wav,Angry,193,Angry,Happy,False,0.9994904,0.00014624526,1.26316745e-05,0.00011064868,0.9994904,7.0550676e-08,9.372848e-08,0.00023995785
2475,ravdess,02,03-01-05-02-01-02-02.wav,Angry,199,Angry,Happy,False,0.99883896,0.0007688572,6.4620554e-06,2.7491551e-05,0.99883896,1.4075336e-07,4.282521e-08,0.000358064
2476,ravdess,02,03-01-05-02-02-01-02.wav,Angry,196,Angry,Happy,False,0.9220567,0.05002292,0.0021479605,0.012921186,0.9220567,0.00012941968,3.3373917e-07,0.012721482
2477,ravdess,02,03-01-05-02-02-02-02.wav,Angry,205,Angry,Angry,True,0.6726561,0.6726561,0.0146015035,0.030156627,0.20309831,0.0020774545,1.6226013e-05,0.0773938
2478,ravdess,02,03-01-06-01-01-01-02.wav,Fear,170,Fear,Fear,True,0.48283148,0.11881862,0.00022059694,0.48283148,0.3371769,0.0027425746,1.4136026e-06,0.05820839
2479,ravdess,02,03-01-06-01-01-02-02.wav,Fear,177,Fear,Happy,False,0.7593647,0.01554417,0.0015112741,0.12986703,0.7593647,0.0029710417,7.6000474e-06,0.090734206
2480,ravdess,02,03-01-06-01-02-01-02.wav,Fear,177,Fear,Angry,False,0.36331436,0.36331436,0.0018740965,0.23060785,0.17803532,0.06111125,4.895476e-06,0.1650523
2481,ravdess,02,03-01-06-01-02-02-02.wav,Fear,180,Fear,Angry,False,0.48081985,0.48081985,0.008809852,0.16352421,0.15994415,0.081346765,1.6038266e-05,0.10553905
2482,ravdess,02,03-01-06-02-01-01-02.wav,Fear,177,Fear,Fear,True,0.73307204,0.020005375,0.00029964437,0.73307204,0.17244942,0.017991303,5.8074806e-06,0.056176413
2483,ravdess,02,03-01-06-02-01-02-02.wav,Fear,164,Fear,Fear,True,0.9932979,0.0025741083,3.7361567e-06,0.9932979,0.0005729749,7.475864e-05,4.223937e-08,0.003476568
2484,ravdess,02,03-01-06-02-02-01-02.wav,Fear,161,Fear,Fear,True,0.5493694,0.033381026,0.0039171954,0.5493694,0.32264137,0.037738025,0.00011511054,0.05283784
2485,ravdess,02,03-01-06-02-02-02-02.wav,Fear,161,Fear,Happy,False,0.71010184,0.030462561,0.0010500796,0.15614295,0.71010184,0.046422675,4.1149542e-05,0.055778716
2486,ravdess,02,03-01-07-01-01-01-02.wav,Disgust,186,Disgust,Angry,False,0.9204397,0.9204397,0.011650616,0.0021178331,0.052835237,0.0009630494,0.00028023904,0.01171322
2487,ravdess,02,03-01-07-01-01-02-02.wav,Disgust,173,Disgust,Happy,False,0.82368547,0.1677913,0.0020000443,0.0024219102,0.82368547,0.0002262284,3.897042e-05,0.003836154
2488,ravdess,02,03-01-07-01-02-01-02.wav,Disgust,199,Disgust,Neutral,False,0.7938553,0.10331396,0.006331339,0.0028831242,0.08169299,0.7938553,0.0046834783,0.0072397864
2489,ravdess,02,03-01-07-01-02-02-02.wav,Disgust,189,Disgust,Happy,False,0.6330533,0.2504288,0.043955527,0.005730783,0.6330533,0.028545883,0.00010557585,0.03818021
2490,ravdess,02,03-01-07-02-01-01-02.wav,Disgust,221,Disgust,Disgust,True,0.4828589,0.40110907,0.4828589,0.00029457302,0.10300039,0.00025360327,0.0023772554,0.010106238
2491,ravdess,02,03-01-07-02-01-02-02.wav,Disgust,209,Disgust,Happy,False,0.49671844,0.49055842,0.0013343252,0.0085174395,0.49671844,0.0020266015,0.00040050017,0.0004442581
2492,ravdess,02,03-01-07-02-02-01-02.wav,Disgust,212,Disgust,Angry,False,0.80025107,0.80025107,0.0036118713,0.0030710653,0.17091614,0.018671354,0.0033480953,0.00013041438
2493,ravdess,02,03-01-07-02-02-02-02.wav,Disgust,209,Disgust,Happy,False,0.7385296,0.22749303,0.013157417,0.001998701,0.7385296,0.014312592,0.0022944391,0.002214274
2494,ravdess,02,03-01-08-01-01-01-02.wav,Surprise,154,Surprise,Happy,False,0.3150958,0.2884885,0.0013692208,0.2562459,0.3150958,5.0176954e-05,3.7683606e-06,0.13874659
2495,ravdess,02,03-01-08-01-01-02-02.wav,Surprise,164,Surprise,Surprise,True,0.70606595,0.09271273,0.0016116595,0.008238585,0.19136952,1.1685739e-06,3.6767338e-07,0.70606595
2496,ravdess,02,03-01-08-01-02-01-02.wav,Surprise,164,Surprise,Fear,False,0.3028479,0.09209059,0.006754233,0.3028479,0.2951172,0.03041954,1.3202222e-05,0.27275735
2497,ravdess,02,03-01-08-01-02-02-02.wav,Surprise,161,Surprise,Happy,False,0.4952688,0.35418472,0.00095629424,0.1041008,0.4952688,0.0006020061,1.2283423e-06,0.044886168
2498,ravdess,02,03-01-08-02-01-01-02.wav,Surprise,180,Surprise,Angry,False,0.37345842,0.37345842,0.0019175131,0.018845802,0.3618708,0.0009694865,1.2106993e-05,0.24292587
2499,ravdess,02,03-01-08-02-01-02-02.wav,Surprise,183,Surprise,Angry,False,0.7060899,0.7060899,0.00090142223,0.0042809364,0.2531392,3.7837577e-05,1.4335621e-05,0.03553637
2500,ravdess,02,03-01-08-02-02-01-02.wav,Surprise,180,Surprise,Happy,False,0.569667,0.2160176,0.016788732,0.062498134,0.569667,0.012285534,0.00013039705,0.12261264
2501,ravdess,02,03-01-08-02-02-02-02.wav,Surprise,186,Surprise,Angry,False,0.696862,0.696862,0.00070787175,0.05843311,0.14962284,0.00588366,3.4421122e-05,0.08845609
2502,ravdess,03,03-01-01-01-01-01-03.wav,Neutral,157,Neutral,Happy,False,0.8856336,0.107537754,0.0045825895,0.00038790735,0.8856336,8.975501e-05,1.6500035e-06,0.0017667533
2503,ravdess,03,03-01-01-01-01-02-03.wav,Neutral,164,Neutral,Happy,False,0.54426044,0.4519129,0.0009994826,0.0015303638,0.54426044,0.00024296546,1.6068823e-06,0.00105225
2504,ravdess,03,03-01-01-01-02-01-03.wav,Neutral,164,Neutral,Angry,False,0.5496689,0.5496689,0.0018247417,0.37326428,0.03347318,0.029129218,9.881496e-07,0.012638695
2505,ravdess,03,03-01-01-01-02-02-03.wav,Neutral,157,Neutral,Angry,False,0.97623026,0.97623026,0.0021640095,0.006006911,0.0059235217,0.005077867,2.8458697e-07,0.0045971014
2506,ravdess,03,03-01-03-01-01-01-03.wav,Happy,189,Happy,Angry,False,0.62853366,0.62853366,0.0050806333,0.07782159,0.2676313,0.0028501796,4.638259e-06,0.018077977
2507,ravdess,03,03-01-03-01-01-02-03.wav,Happy,183,Happy,Happy,True,0.9231599,0.06769068,0.0005554394,0.0035295142,0.9231599,1.4578508e-05,1.9271556e-06,0.0050479593
2508,ravdess,03,03-01-03-01-02-01-03.wav,Happy,170,Happy,Happy,True,0.9941671,0.002020371,1.1085801e-05,0.00013506738,0.9941671,3.268394e-05,1.0839589e-07,0.0036335564
2509,ravdess,03,03-01-03-01-02-02-03.wav,Happy,167,Happy,Fear,False,0.7662291,0.09032402,0.0003714074,0.7662291,0.025424987,0.044708002,3.1971058e-06,0.072939284
2510,ravdess,03,03-01-03-02-01-01-03.wav,Happy,241,Happy,Happy,True,0.38420126,0.26703343,0.0015236062,0.06442341,0.38420126,8.8386713e-07,5.667752e-06,0.2828117
2511,ravdess,03,03-01-03-02-01-02-03.wav,Happy,253,Happy,Angry,False,0.7045344,0.7045344,0.0026148083,0.01778653,0.09080106,7.913341e-07,1.0520546e-05,0.18425187
2512,ravdess,03,03-01-03-02-02-01-03.wav,Happy,285,Happy,Surprise,False,0.819511,0.11197355,0.0043266052,0.0058455453,0.05833048,3.0932708e-06,9.679908e-06,0.819511
2513,ravdess,03,03-01-03-02-02-02-03.wav,Happy,228,Happy,Happy,True,0.695158,0.01865994,0.0015344966,0.20227176,0.695158,7.235871e-07,4.5038287e-05,0.08233004
2514,ravdess,03,03-01-04-01-01-01-03.wav,Sad,189,Sad,Angry,False,0.93073857,0.93073857,0.015329334,0.0040886016,0.018552816,0.028983144,5.365393e-05,0.0022538593
2515,ravdess,03,03-01-04-01-01-02-03.wav,Sad,260,Sad,Disgust,False,0.43509173,0.122570395,0.43509173,0.013679895,0.0024580106,0.35917372,0.061654452,0.005371823
2516,ravdess,03,03-01-04-01-02-01-03.wav,Sad,234,Sad,Neutral,False,0.60001683,0.19249068,0.19369122,0.0050575896,0.0020969415,0.60001683,0.0061746873,0.0004720096
2517,ravdess,03,03-01-04-01-02-02-03.wav,Sad,247,Sad,Neutral,False,0.62193114,0.24089676,0.11059808,0.015314245,0.0033220274,0.62193114,0.005813323,0.0021245074
2518,ravdess,03,03-01-04-02-01-01-03.wav,Sad,260,Sad,Surprise,False,0.8431384,0.127355,0.002994976,0.0068475152,0.019579107,8.794026e-06,7.6192555e-05,0.8431384
2519,ravdess,03,03-01-04-02-01-02-03.wav,Sad,285,Sad,Surprise,False,0.6519265,0.27694374,0.0028847114,0.041594237,0.025568433,6.7249704e-05,0.0010150932,0.6519265
2520,ravdess,03,03-01-04-02-02-01-03.wav,Sad,322,Sad,Surprise,False,0.7036043,0.010481388,0.013679704,0.15809518,0.11239696,4.4974913e-05,0.0016975485,0.7036043
2521,ravdess,03,03-01-04-02-02-02-03.wav,Sad,260,Sad,Surprise,False,0.7111973,0.11111801,0.0025293923,0.004369225,0.169429,2.1247122e-05,0.0013358745,0.7111973
2522,ravdess,03,03-01-05-01-01-01-03.wav,Angry,212,Angry,Neutral,False,0.5396266,0.3689477,0.08721894,2.3569368e-05,0.0024248902,0.5396266,9.329936e-06,0.0017489212
2523,ravdess,03,03-01-05-01-01-02-03.wav,Angry,218,Angry,Angry,True,0.7980218,0.7980218,0.14898804,2.8245457e-05,0.033513017,0.01827846,4.558453e-05,0.0011248926
2524,ravdess,03,03-01-05-01-02-01-03.wav,Angry,199,Angry,Angry,True,0.70292395,0.70292395,0.04894201,0.00025106236,0.0027332574,0.24405947,2.9335835e-05,0.0010608389
2525,ravdess,03,03-01-05-01-02-02-03.wav,Angry,288,Angry,Disgust,False,0.74958247,0.11986802,0.74958247,4.7268488e-05,0.00014156934,0.12743396,0.0028656956,6.105906e-05
2526,ravdess,03,03-01-05-02-01-01-03.wav,Angry,250,Angry,Angry,True,0.5102067,0.5102067,0.04290021,0.0061145737,0.111606956,0.00014191464,0.0005789603,0.32845062
2527,ravdess,03,03-01-05-02-01-02-03.wav,Angry,253,Angry,Angry,True,0.51344424,0.51344424,0.12646502,0.017684394,0.048005853,0.00019220648,0.00027875107,0.29392946
2528,ravdess,03,03-01-05-02-02-01-03.wav,Angry,237,Angry,Angry,True,0.80510443,0.80510443,0.09712754,0.0021826488,0.052337233,0.0022214758,0.00027250723,0.04075408
2529,ravdess,03,03-01-05-02-02-02-03.wav,Angry,266,Angry,Angry,True,0.69571507,0.69571507,0.0033796853,0.0041532265,0.119946994,0.00020455515,8.797312e-05,0.17651242
2530,ravdess,03,03-01-06-01-01-01-03.wav,Fear,218,Fear,Angry,False,0.8118909,0.8118909,0.045006115,0.0009671948,0.007671552,0.13394949,1.3167327e-05,0.0005015794
2531,ravdess,03,03-01-06-01-01-02-03.wav,Fear,225,Fear,Angry,False,0.48998752,0.48998752,0.13332286,0.00010220906,0.001499383,0.37133643,3.3975139e-06,0.003748304
2532,ravdess,03,03-01-06-01-02-01-03.wav,Fear,167,Fear,Angry,False,0.9591397,0.9591397,0.0017456922,0.0067205033,0.01583,0.013414315,2.8476477e-06,0.0031469408
2533,ravdess,03,03-01-06-01-02-02-03.wav,Fear,209,Fear,Angry,False,0.9711845,0.9711845,0.014520954,0.0038447278,0.0042756535,0.005201274,2.3426579e-05,0.00094936526
2534,ravdess,03,03-01-06-02-01-01-03.wav,Fear,289,Fear,Surprise,False,0.51618457,0.45029506,0.0202803,0.0009020049,0.011998995,2.0333022e-05,0.00031872906,0.51618457
2535,ravdess,03,03-01-06-02-01-02-03.wav,Fear,260,Fear,Angry,False,0.6281027,0.6281027,0.018197786,0.002969193,0.05835152,0.00013273772,6.237172e-05,0.29218364
2536,ravdess,03,03-01-06-02-02-01-03.wav,Fear,202,Fear,Angry,False,0.7506928,0.7506928,0.0013080637,0.03904339,0.10299065,0.0019790148,6.086009e-06,0.103979975
2537,ravdess,03,03-01-06-02-02-02-03.wav,Fear,257,Fear,Angry,False,0.31660992,0.31660992,0.007699686,0.09272037,0.28161913,0.0006689939,0.0004026474,0.3002792
2538,ravdess,03,03-01-07-01-01-01-03.wav,Disgust,330,Disgust,Angry,False,0.5231485,0.5231485,0.05550161,0.0026263369,0.059839632,0.0008127183,0.006379583,0.35169166
2539,ravdess,03,03-01-07-01-01-02-03.wav,Disgust,212,Disgust,Angry,False,0.6224697,0.6224697,0.033142388,0.00019140166,0.21725997,0.10712132,1.8567398e-05,0.0197966
2540,ravdess,03,03-01-07-01-02-01-03.wav,Disgust,193,Disgust,Neutral,False,0.62078786,0.20694971,0.083690666,0.0033813505,0.082227625,0.62078786,7.489058e-05,0.0028879396
2541,ravdess,03,03-01-07-01-02-02-03.wav,Disgust,215,Disgust,Angry,False,0.5813694,0.5813694,0.059553146,0.0013816411,0.089254305,0.26795453,9.561486e-05,0.0003913588
2542,ravdess,03,03-01-07-02-01-01-03.wav,Disgust,250,Disgust,Angry,False,0.5055782,0.5055782,0.051485106,0.00066318124,0.0087847775,0.43060473,0.0014771172,0.0014068766
2543,ravdess,03,03-01-07-02-01-02-03.wav,Disgust,362,Disgust,Angry,False,0.7406509,0.7406509,0.19214009,0.0018710591,0.007439781,0.01851904,0.006043506,0.033335585
2544,ravdess,03,03-01-07-02-02-01-03.wav,Disgust,308,Disgust,Angry,False,0.58505285,0.58505285,0.3852453,0.00010500434,0.0011204777,0.027609158,0.0007567388,0.000110552915
2545,ravdess,03,03-01-07-02-02-02-03.wav,Disgust,263,Disgust,Angry,False,0.652706,0.652706,0.27283135,0.0025758091,0.053125422,0.0027207872,0.0009990102,0.01504157
2546,ravdess,03,03-01-08-01-01-01-03.wav,Surprise,154,Surprise,Happy,False,0.7736378,0.15037535,0.00065784296,0.073498994,0.7736378,0.00066891685,1.0356035e-05,0.0011507826
2547,ravdess,03,03-01-08-01-01-02-03.wav,Surprise,161,Surprise,Happy,False,0.9962978,0.003206166,0.00014840007,0.0002769941,0.9962978,5.54138e-06,3.3978865e-06,6.176084e-05
2548,ravdess,03,03-01-08-01-02-01-03.wav,Surprise,138,Surprise,Angry,False,0.9686753,0.9686753,0.00040379984,0.0016713704,0.011193549,0.00026640564,3.886378e-07,0.01778912
2549,ravdess,03,03-01-08-01-02-02-03.wav,Surprise,177,Surprise,Angry,False,0.58775467,0.58775467,0.00075890106,0.09722757,0.2645063,0.0050467243,2.8170655e-06,0.04470299
2550,ravdess,03,03-01-08-02-01-01-03.wav,Surprise,148,Surprise,Angry,False,0.5199929,0.5199929,0.00317899,0.32504353,0.024394974,0.0019660552,1.4568642e-06,0.12542212
2551,ravdess,03,03-01-08-02-01-02-03.wav,Surprise,173,Surprise,Fear,False,0.4441743,0.06211548,0.0031789176,0.4441743,0.39862332,0.0028500266,2.5946767e-06,0.089055315
2552,ravdess,03,03-01-08-02-02-01-03.wav,Surprise,164,Surprise,Happy,False,0.9726064,0.013950496,5.045851e-06,0.013025528,0.9726064,1.1431444e-05,2.6020683e-07,0.00040068832
2553,ravdess,03,03-01-08-02-02-02-03.wav,Surprise,138,Surprise,Surprise,True,0.41607788,0.2103967,0.0020187655,0.2159859,0.15463683,0.00088047783,3.5098049e-06,0.41607788
2554,ravdess,04,03-01-01-01-01-01-04.wav,Neutral,145,Neutral,Happy,False,0.9980252,0.00042565816,3.1950374e-05,2.313291e-05,0.9980252,3.8530717e-07,1.7267092e-05,0.0014765372
2555,ravdess,04,03-01-01-01-01-02-04.wav,Neutral,148,Neutral,Happy,False,0.7225562,0.27453008,5.347515e-05,0.0018266982,0.7225562,4.625047e-05,1.9986739e-05,0.0009672656
2556,ravdess,04,03-01-01-01-02-01-04.wav,Neutral,135,Neutral,Happy,False,0.68648946,0.27532634,0.00018547007,0.00013457894,0.68648946,7.207721e-06,0.00014194023,0.037715066
2557,ravdess,04,03-01-01-01-02-02-04.wav,Neutral,132,Neutral,Happy,False,0.9009341,0.068472795,0.00013371134,6.435222e-05,0.9009341,2.578381e-06,0.00010420384,0.030288262
2558,ravdess,04,03-01-03-01-01-01-04.wav,Happy,161,Happy,Happy,True,0.99511117,0.004518707,0.00012777589,1.8513634e-05,0.99511117,8.818667e-07,9.817086e-06,0.00021318729
2559,ravdess,04,03-01-03-01-01-02-04.wav,Happy,161,Happy,Happy,True,0.99853003,0.0005946175,4.4898698e-06,0.0001960327,0.99853003,4.5065526e-08,1.00830626e-07,0.00067471486
2560,ravdess,04,03-01-03-01-02-01-04.wav,Happy,161,Happy,Happy,True,0.92376834,0.074661754,0.00026342872,0.0007309592,0.92376834,1.0236125e-05,0.00012583415,0.0004393807
2561,ravdess,04,03-01-03-01-02-02-04.wav,Happy,154,Happy,Happy,True,0.98647356,0.013352485,1.5279446e-05,1.16305655e-05,0.98647356,1.0355109e-07,2.9035375e-06,0.00014398001
2562,ravdess,04,03-01-03-02-01-01-04.wav,Happy,189,Happy,Happy,True,0.8283091,0.027802894,0.0034268443,0.04614564,0.8283091,7.849545e-05,6.2980625e-06,0.09423062
2563,ravdess,04,03-01-03-02-01-02-04.wav,Happy,161,Happy,Surprise,False,0.6792186,0.12566026,0.003943053,0.116769515,0.074256696,0.0001427237,9.1487045e-06,0.6792186
2564,ravdess,04,03-01-03-02-02-01-04.wav,Happy,167,Happy,Happy,True,0.9984176,0.0007883094,3.4029251e-06,0.000666877,0.9984176,2.7811025e-06,8.14136e-08,0.000120887125
2565,ravdess,04,03-01-03-02-02-02-04.wav,Happy,180,Happy,Happy,True,0.9646308,0.0014267464,0.0004784257,0.004455658,0.9646308,0.0002776853,2.2615195e-06,0.028728401
2566,ravdess,04,03-01-04-01-01-01-04.wav,Sad,151,Sad,Angry,False,0.72923654,0.72923654,0.00011385805,0.2562951,0.007157363,0.003310887,0.00028514612,0.0036010495
2567,ravdess,04,03-01-04-01-01-02-04.wav,Sad,151,Sad,Happy,False,0.994998,0.003816749,6.4593536e-05,0.00046980387,0.994998,1.3069593e-05,3.3296785e-06,0.0006344182
2568,ravdess,04,03-01-04-01-02-01-04.wav,Sad,154,Sad,Happy,False,0.8018405,0.08176113,0.0004638097,0.022527462,0.8018405,0.0012687079,1.4013134e-05,0.09212441
2569,ravdess,04,03-01-04-01-02-02-04.wav,Sad,157,Sad,Happy,False,0.82437277,0.13285576,0.00049515313,0.03125104,0.82437277,0.0009984346,9.0519725e-06,0.010017735
2570,ravdess,04,03-01-04-02-01-01-04.wav,Sad,173,Sad,Surprise,False,0.42934474,0.0016456087,9.1188e-05,0.30234692,0.26619962,0.00036576772,6.125871e-06,0.42934474
2571,ravdess,04,03-01-04-02-01-02-04.wav,Sad,177,Sad,Happy,False,0.8145001,0.0041562086,3.5758745e-05,0.13340276,0.8145001,0.00040056088,9.013298e-06,0.047495596
2572,ravdess,04,03-01-04-02-02-01-04.wav,Sad,183,Sad,Happy,False,0.51209337,0.45840275,0.00021564157,0.017321685,0.51209337,0.0032455889,1.24650805e-05,0.008708455
2573,ravdess,04,03-01-04-02-02-02-04.wav,Sad,209,Sad,Happy,False,0.36177683,0.29148293,0.00022009035,0.0107727535,0.36177683,0.013855896,0.00018845886,0.32170308
2574,ravdess,04,03-01-05-01-01-01-04.wav,Angry,177,Angry,Happy,False,0.9893056,0.0076085506,1.5173111e-05,0.00026302773,0.9893056,2.7032775e-05,1.3565641e-06,0.0027792898
2575,ravdess,04,03-01-05-01-01-02-04.wav,Angry,164,Angry,Happy,False,0.9957832,0.0038796973,2.3200191e-06,2.5416987e-06,0.9957832,1.3422188e-07,1.0467816e-07,0.0003320116
2576,ravdess,04,03-01-05-01-02-01-04.wav,Angry,154,Angry,Happy,False,0.8318445,0.12318041,6.518862e-05,0.038217347,0.8318445,9.668729e-06,9.208323e-06,0.0066737076
2577,ravdess,04,03-01-05-01-02-02-04.wav,Angry,183,Angry,Happy,False,0.86342967,0.12973408,5.711925e-05,0.0045637805,0.86342967,3.016804e-05,2.1136814e-06,0.00218309
2578,ravdess,04,03-01-05-02-01-01-04.wav,Angry,173,Angry,Surprise,False,0.96615136,0.0010199994,0.00028544522,0.0022719002,0.03024635,2.4952536e-05,6.2031326e-08,0.96615136
2579,ravdess,04,03-01-05-02-01-02-04.wav,Angry,186,Angry,Surprise,False,0.4583557,0.2881153,0.0010963216,0.020277478,0.23003292,0.0021216366,5.285577e-07,0.4583557
2580,ravdess,04,03-01-05-02-02-01-04.wav,Angry,173,Angry,Happy,False,0.9970246,0.0007825146,1.37061e-05,0.0017225633,0.9970246,2.7940519e-06,1.04139524e-07,0.00045368526
2581,ravdess,04,03-01-05-02-02-02-04.wav,Angry,189,Angry,Happy,False,0.7159539,0.2687383,0.00032359755,0.0011148549,0.7159539,0.00025474286,3.2178875e-06,0.013611509
2582,ravdess,04,03-01-06-01-01-01-04.wav,Fear,138,Fear,Happy,False,0.9141457,0.00924294,4.1737683e-05,0.052690316,0.9141457,2.8631855e-05,2.4845474e-06,0.02384816
2583,ravdess,04,03-01-06-01-01-02-04.wav,Fear,151,Fear,Fear,True,0.9765662,0.0007771799,8.465426e-06,0.9765662,0.00456233,5.5633718e-05,1.2456809e-07,0.018030072
2584,ravdess,04,03-01-06-01-02-01-04.wav,Fear,148,Fear,Fear,True,0.85661787,0.011863248,2.0509438e-05,0.85661787,0.12507233,0.0001550058,1.9290385e-07,0.0062708026
2585,ravdess,04,03-01-06-01-02-02-04.wav,Fear,148,Fear,Fear,True,0.5181276,0.05891293,8.664038e-05,0.5181276,0.35910174,9.734246e-05,1.7446126e-06,0.063672
2586,ravdess,04,03-01-06-02-01-01-04.wav,Fear,218,Fear,Fear,True,0.51241386,0.2428894,0.00083150726,0.51241386,0.04876479,0.00014586317,2.8675006e-05,0.1949259
2587,ravdess,04,03-01-06-02-01-02-04.wav,Fear,141,Fear,Fear,True,0.5287609,0.42374054,7.796861e-05,0.5287609,0.019322969,0.00011878503,1.253151e-05,0.02796631
2588,ravdess,04,03-01-06-02-02-01-04.wav,Fear,157,Fear,Happy,False,0.48352128,0.4447049,0.00016679693,0.018497841,0.48352128,0.0009900555,9.157835e-06,0.052109867
2589,ravdess,04,03-01-06-02-02-02-04.wav,Fear,157,Fear,Angry,False,0.6108942,0.6108942,7.628541e-05,0.030610496,0.35620177,0.00057788345,4.6832647e-06,0.0016346144
2590,ravdess,04,03-01-07-01-01-01-04.wav,Disgust,196,Disgust,Happy,False,0.9562247,0.01542996,0.001668297,0.013737485,0.9562247,0.0054869032,0.0020824634,0.0053702346
2591,ravdess,04,03-01-07-01-01-02-04.wav,Disgust,196,Disgust,Happy,False,0.964543,0.026275204,0.0026307947,0.0054042344,0.964543,9.909294e-07,1.8237793e-05,0.0011275465
2592,ravdess,04,03-01-07-01-02-01-04.wav,Disgust,186,Disgust,Happy,False,0.77618307,0.1529523,0.004773985,0.023854936,0.77618307,0.0034339929,0.00041039177,0.038391378
2593,ravdess,04,03-01-07-01-02-02-04.wav,Disgust,183,Disgust,Fear,False,0.9841048,0.010255556,9.794093e-05,0.9841048,0.003634395,0.00027103367,8.9194253e-07,0.0016353546
2594,ravdess,04,03-01-07-02-01-01-04.wav,Disgust,202,Disgust,Happy,False,0.97886443,0.009358838,0.0020899083,0.0028578155,0.97886443,0.0014906644,0.000104414234,0.0052337903
2595,ravdess,04,03-01-07-02-01-02-04.wav,Disgust,202,Disgust,Disgust,True,0.5741634,0.07163026,0.5741634,0.021097396,0.16196106,0.09966808,0.0024385934,0.069041215
2596,ravdess,04,03-01-07-02-02-01-04.wav,Disgust,193,Disgust,Angry,False,0.6385127,0.6385127,0.0017403237,0.16883622,0.17808266,0.0052227695,0.00038290353,0.0072224666
2597,ravdess,04,03-01-07-02-02-02-04.wav,Disgust,218,Disgust,Surprise,False,0.47701475,0.304143,0.08991196,0.011356819,0.11722908,4.370534e-05,0.0003007044,0.47701475
2598,ravdess,04,03-01-08-01-01-01-04.wav,Surprise,135,Surprise,Happy,False,0.54539907,0.106344126,0.00021829508,0.2566541,0.54539907,3.5342882e-06,9.7843695e-06,0.091371074
2599,ravdess,04,03-01-08-01-01-02-04.wav,Surprise,145,Surprise,Fear,False,0.33305416,0.13177294,0.00080155773,0.33305416,0.3139269,3.8859107e-05,1.2829682e-05,0.22039272
2600,ravdess,04,03-01-08-01-02-01-04.wav,Surprise,170,Surprise,Happy,False,0.9973506,0.002604541,1.0216339e-06,1.2213705e-05,0.9973506,5.3170133e-08,3.1170055e-07,3.1258376e-05
2601,ravdess,04,03-01-08-01-02-02-04.wav,Surprise,148,Surprise,Angry,False,0.65053946,0.65053946,7.2076473e-06,0.00015451686,0.34875786,3.5548585e-08,7.308608e-08,0.0005407803
2602,ravdess,04,03-01-08-02-01-01-04.wav,Surprise,186,Surprise,Surprise,True,0.8789125,0.06180322,0.0015196009,0.03570471,0.021996975,6.2427e-05,5.0773326e-07,0.8789125
2603,ravdess,04,03-01-08-02-01-02-04.wav,Surprise,161,Surprise,Surprise,True,0.8961744,0.04397977,0.0033477657,0.008283789,0.047764953,0.00044852085,8.158203e-07,0.8961744
2604,ravdess,04,03-01-08-02-02-01-04.wav,Surprise,154,Surprise,Angry,False,0.49477148,0.49477148,0.00031257307,0.008373395,0.48942629,0.00042004386,1.8353015e-06,0.006694347
2605,ravdess,04,03-01-08-02-02-02-04.wav,Surprise,164,Surprise,Angry,False,0.8277071,0.8277071,0.00015408767,0.0024663082,0.16855495,8.393387e-05,1.4951048e-06,0.0010320942
2606,ravdess,05,03-01-01-01-01-01-05.wav,Neutral,170,Neutral,Angry,False,0.9192742,0.9192742,0.005225186,0.0024092484,0.024923597,0.047879633,4.8255966e-05,0.00023983614
2607,ravdess,05,03-01-01-01-01-02-05.wav,Neutral,177,Neutral,Angry,False,0.4684623,0.4684623,0.3962576,0.00017156181,0.015613086,0.11739806,0.00019753858,0.0018998206
2608,ravdess,05,03-01-01-01-02-01-05.wav,Neutral,141,Neutral,Angry,False,0.97646934,0.97646934,3.4108707e-05,0.019210014,0.0022854058,0.0003780332,1.1070344e-06,0.001621936
2609,ravdess,05,03-01-01-01-02-02-05.wav,Neutral,164,Neutral,Angry,False,0.9396259,0.9396259,0.006598464,0.0029540511,0.001208037,0.048187133,0.00029463854,0.0011319101
2610,ravdess,05,03-01-03-01-01-01-05.wav,Happy,215,Happy,Angry,False,0.7220193,0.7220193,0.024439786,0.00013149492,0.080127016,0.1708787,3.644368e-05,0.0023672984
2611,ravdess,05,03-01-03-01-01-02-05.wav,Happy,154,Happy,Angry,False,0.66373,0.66373,0.0012365396,0.04097636,0.28417632,0.001437868,1.9787565e-05,0.00842302
2612,ravdess,05,03-01-03-01-02-01-05.wav,Happy,148,Happy,Angry,False,0.99127454,0.99127454,0.0004430386,0.005940481,0.0014461,0.00041744878,7.9905285e-06,0.0004703953
2613,ravdess,05,03-01-03-01-02-02-05.wav,Happy,205,Happy,Neutral,False,0.43550298,0.3649191,0.022791268,0.0014244549,0.00023011172,0.43550298,1.9997733e-05,0.17511214
2614,ravdess,05,03-01-03-02-01-01-05.wav,Happy,237,Happy,Surprise,False,0.4657266,0.102066055,0.016067468,0.014537359,0.40137863,0.00021122371,1.2694161e-05,0.4657266
2615,ravdess,05,03-01-03-02-01-02-05.wav,Happy,209,Happy,Angry,False,0.5671812,0.5671812,0.0011936825,0.008076206,0.021066096,5.263478e-05,2.64556e-07,0.4024298
2616,ravdess,05,03-01-03-02-02-01-05.wav,Happy,199,Happy,Angry,False,0.7311595,0.7311595,0.0011640459,0.0026623227,0.16301185,0.06921956,2.9265082e-05,0.032753408
2617,ravdess,05,03-01-03-02-02-02-05.wav,Happy,161,Happy,Angry,False,0.6131529,0.6131529,0.00013168372,0.018282305,0.35781756,0.0001538272,4.250642e-07,0.010461234
2618,ravdess,05,03-01-04-01-01-01-05.wav,Sad,212,Sad,Neutral,False,0.9217676,0.0007998766,0.07686481,0.00019738835,1.5356844e-05,0.9217676,0.00023234352,0.00012258223
2619,ravdess,05,03-01-04-01-01-02-05.wav,Sad,189,Sad,Angry,False,0.56828576,0.56828576,0.029287651,0.00020385435,0.00582214,0.39582682,2.4105912e-05,0.000549679
2620,ravdess,05,03-01-04-01-02-01-05.wav,Sad,196,Sad,Disgust,False,0.81695765,0.07280617,0.81695765,0.0010498614,0.0007253045,0.10628658,0.0018239641,0.00035039082
2621,ravdess,05,03-01-04-01-02-02-05.wav,Sad,263,Sad,Angry,False,0.6899383,0.6899383,0.13457233,0.0015298243,0.0034397098,0.12188033,0.020778207,0.027861282
2622,ravdess,05,03-01-04-02-01-01-05.wav,Sad,173,Sad,Angry,False,0.9552277,0.9552277,0.0033547475,0.00037781388,0.023586446,0.013221233,1.9109168e-06,0.004230094
2623,ravdess,05,03-01-04-02-01-02-05.wav,Sad,148,Sad,Angry,False,0.79289585,0.79289585,0.011027308,0.07200514,0.08131963,0.030001761,7.647941e-05,0.01267381
2624,ravdess,05,03-01-04-02-02-01-05.wav,Sad,141,Sad,Angry,False,0.9770594,0.9770594,0.00084838615,0.017117316,0.0020026048,0.0011640295,1.1586291e-06,0.0018071504
2625,ravdess,05,03-01-04-02-02-02-05.wav,Sad,129,Sad,Angry,False,0.97537756,0.97537756,0.0002931969,0.011974784,0.0103333155,0.0014422288,7.95906e-07,0.00057804916
2626,ravdess,05,03-01-05-01-01-01-05.wav,Angry,202,Angry,Angry,True,0.5582821,0.5582821,0.0011274144,0.0036422373,0.43106735,0.0027645533,3.912875e-06,0.0031125292
2627,ravdess,05,03-01-05-01-01-02-05.wav,Angry,196,Angry,Angry,True,0.66013896,0.66013896,0.007908971,0.00021250895,0.32746872,0.002151255,1.8390405e-05,0.0021010886
2628,ravdess,05,03-01-05-01-02-01-05.wav,Angry,244,Angry,Angry,True,0.7442048,0.7442048,0.20054491,3.8446942e-05,0.00040264064,0.053906184,5.1369545e-05,0.0008516468
2629,ravdess,05,03-01-05-01-02-02-05.wav,Angry,253,Angry,Angry,True,0.57820535,0.57820535,0.38605496,8.9415254e-05,0.0003872489,0.03110901,0.004020493,0.00013358507
2630,ravdess,05,03-01-05-02-01-01-05.wav,Angry,161,Angry,Angry,True,0.50425464,0.50425464,0.00019908613,0.11620938,0.37527704,9.655413e-05,2.0293185e-06,0.0039612837
2631,ravdess,05,03-01-05-02-01-02-05.wav,Angry,170,Angry,Happy,False,0.55902326,0.27431896,0.00026129652,0.16091971,0.55902326,0.0022682713,7.825957e-06,0.0032006428
2632,ravdess,05,03-01-05-02-02-01-05.wav,Angry,170,Angry,Happy,False,0.64141077,0.33458528,1.3766156e-05,0.01322426,0.64141077,5.0127208e-05,5.2982807e-07,0.010715257
2633,ravdess,05,03-01-05-02-02-02-05.wav,Angry,170,Angry,Happy,False,0.6161386,0.32439464,4.098735e-05,0.05185303,0.6161386,0.0002123918,1.2251612e-06,0.0073590977
2634,ravdess,05,03-01-06-01-01-01-05.wav,Fear,141,Fear,Fear,True,0.8896729,0.075386725,0.00010451163,0.8896729,0.033494618,0.00044529734,7.350203e-06,0.0008886226
2635,ravdess,05,03-01-06-01-01-02-05.wav,Fear,154,Fear,Angry,False,0.5923019,0.5923019,0.0056685526,0.18202497,0.17769946,0.03967776,6.8911766e-05,0.002558474
2636,ravdess,05,03-01-06-01-02-01-05.wav,Fear,132,Fear,Angry,False,0.9930728,0.9930728,8.630838e-05,0.004434133,0.0018533826,0.00027394836,4.1711864e-06,0.00027531767
2637,ravdess,05,03-01-06-01-02-02-05.wav,Fear,122,Fear,Angry,False,0.9855457,0.9855457,0.00080646854,0.010655553,0.0018972954,0.0005598454,2.4812198e-06,0.0005327052
2638,ravdess,05,03-01-06-02-01-01-05.wav,Fear,145,Fear,Angry,False,0.67954427,0.67954427,1.8757406e-05,0.17838375,0.13705967,5.676581e-05,1.3161673e-07,0.0049365927
2639,ravdess,05,03-01-06-02-01-02-05.wav,Fear,180,Fear,Angry,False,0.65311235,0.65311235,0.00030959447,0.2874272,0.050336488,7.582856e-05,1.4730707e-06,0.008737146
2640,ravdess,05,03-01-06-02-02-01-05.wav,Fear,141,Fear,Angry,False,0.9655618,0.9655618,3.3496503e-06,0.017116321,0.016731465,2.3587609e-06,9.904059e-07,0.00058364257
2641,ravdess,05,03-01-06-02-02-02-05.wav,Fear,173,Fear,Fear,True,0.9523154,0.034336656,3.585987e-05,0.9523154,0.0010716122,4.461986e-05,6.557518e-07,0.012195327
2642,ravdess,05,03-01-07-01-01-01-05.wav,Disgust,225,Disgust,Neutral,False,0.8827162,0.019243015,0.0866574,1.2252652e-05,0.011122571,0.8827162,0.00020444296,4.4056724e-05
2643,ravdess,05,03-01-07-01-01-02-05.wav,Disgust,215,Disgust,Disgust,True,0.6848667,0.054800533,0.6848667,0.00015598399,0.0047019073,0.2542086,0.00076021114,0.00050604454
2644,ravdess,05,03-01-07-01-02-01-05.wav,Disgust,205,Disgust,Neutral,False,0.55884117,0.42073357,0.01795335,0.0003433642,0.0010983433,0.55884117,5.712257e-05,0.0009731548
2645,ravdess,05,03-01-07-01-02-02-05.wav,Disgust,173,Disgust,Angry,False,0.7269243,0.7269243,0.030935038,0.00892182,0.050203245,0.15292163,0.00022645836,0.029867556
2646,ravdess,05,03-01-07-02-01-01-05.wav,Disgust,247,Disgust,Angry,False,0.40526477,0.40526477,0.38707054,0.0003855208,0.01637098,0.1840124,0.0003026409,0.006593125
2647,ravdess,05,03-01-07-02-01-02-05.wav,Disgust,205,Disgust,Angry,False,0.80949897,0.80949897,0.0186763,0.00043186554,0.16038145,0.005157045,1.4188347e-05,0.0058402014
2648,ravdess,05,03-01-07-02-02-01-05.wav,Disgust,250,Disgust,Angry,False,0.88442886,0.88442886,0.06142576,0.0050080386,0.003625383,0.0007899361,0.000614591,0.044107445
2649,ravdess,05,03-01-07-02-02-02-05.wav,Disgust,330,Disgust,Angry,False,0.7337539,0.7337539,0.2190277,0.00019678433,0.0015231468,0.03291708,0.008585777,0.003995606
2650,ravdess,05,03-01-08-01-01-01-05.wav,Surprise,193,Surprise,Angry,False,0.6052067,0.6052067,0.0005803851,0.34003353,0.04301265,0.0040721325,5.269147e-06,0.007089288
2651,ravdess,05,03-01-08-01-01-02-05.wav,Surprise,189,Surprise,Angry,False,0.5414473,0.5414473,0.004881261,0.06252147,0.27959284,0.010359688,7.058467e-06,0.10119038
2652,ravdess,05,03-01-08-01-02-01-05.wav,Surprise,129,Surprise,Angry,False,0.9780839,0.9780839,0.00012576896,0.010511957,0.0097336145,0.0008327595,5.569781e-07,0.0007113985
2653,ravdess,05,03-01-08-01-02-02-05.wav,Surprise,189,Surprise,Fear,False,0.95301384,0.0041113384,0.0025532977,0.95301384,0.023591813,0.004052221,4.626802e-05,0.012631187
2654,ravdess,05,03-01-08-02-01-01-05.wav,Surprise,228,Surprise,Surprise,True,0.6319161,0.11898692,0.0372434,0.0012413145,0.21057414,3.678047e-05,1.3485426e-06,0.6319161
2655,ravdess,05,03-01-08-02-01-02-05.wav,Surprise,231,Surprise,Surprise,True,0.9594944,0.0133283185,0.0041332976,0.0012525866,0.02171407,7.701897e-05,3.179636e-07,0.9594944
2656,ravdess,05,03-01-08-02-02-01-05.wav,Surprise,173,Surprise,Angry,False,0.94574225,0.94574225,3.2284468e-05,0.0034087638,0.039302662,6.3716136e-05,7.863976e-07,0.011449529
2657,ravdess,05,03-01-08-02-02-02-05.wav,Surprise,196,Surprise,Fear,False,0.47767776,0.43917152,0.00066481123,0.47767776,0.032803595,0.0063499953,8.533251e-06,0.04332381
2658,ravdess,06,03-01-01-01-01-01-06.wav,Neutral,148,Neutral,Angry,False,0.9726787,0.9726787,0.0010535048,0.0012237733,0.024097538,2.57642e-05,0.00031250936,0.0006081016
2659,ravdess,06,03-01-01-01-01-02-06.wav,Neutral,180,Neutral,Angry,False,0.96438074,0.96438074,0.00011986297,0.00015982849,0.034155097,0.0005663074,3.116411e-05,0.0005869971
2660,ravdess,06,03-01-01-01-02-01-06.wav,Neutral,157,Neutral,Angry,False,0.8909033,0.8909033,0.00036842996,0.0021870616,0.10280951,0.0005442397,0.00012987312,0.0030575467
2661,ravdess,06,03-01-01-01-02-02-06.wav,Neutral,161,Neutral,Angry,False,0.9311031,0.9311031,5.128591e-05,0.00020382497,0.06681211,0.00038543105,6.737639e-05,0.0013768707
2662,ravdess,06,03-01-03-01-01-01-06.wav,Happy,180,Happy,Happy,True,0.6463397,0.33392647,0.00027636843,0.00046937578,0.6463397,0.00750181,3.9492395e-05,0.011446716
2663,ravdess,06,03-01-03-01-01-02-06.wav,Happy,202,Happy,Angry,False,0.67875046,0.67875046,0.0008902934,0.0008632611,0.30924192,0.008327923,2.1168999e-05,0.001904991
2664,ravdess,06,03-01-03-01-02-01-06.wav,Happy,164,Happy,Angry,False,0.6471861,0.6471861,0.00021788033,0.033573367,0.31605265,0.0026138383,2.1895095e-05,0.0003343617
2665,ravdess,06,03-01-03-01-02-02-06.wav,Happy,161,Happy,Happy,True,0.6957741,0.29938132,0.00038245958,0.003982919,0.6957741,0.00013954744,2.0166719e-05,0.00031956378
2666,ravdess,06,03-01-03-02-01-01-06.wav,Happy,196,Happy,Surprise,False,0.5606496,0.317954,0.003630508,0.0021282414,0.071331054,0.04428009,2.6535792e-05,0.5606496
2667,ravdess,06,03-01-03-02-01-02-06.wav,Happy,196,Happy,Angry,False,0.9965648,0.9965648,6.381774e-05,0.0005635907,0.0015348668,8.9531735e-05,1.673564e-07,0.0011832964
2668,ravdess,06,03-01-03-02-02-01-06.wav,Happy,186,Happy,Angry,False,0.9731084,0.9731084,0.0002263261,0.0015150646,0.0024805341,0.0023746984,3.611514e-06,0.020291364
2669,ravdess,06,03-01-03-02-02-02-06.wav,Happy,177,Happy,Angry,False,0.9693233,0.9693233,0.0008296669,0.003243711,0.020194152,0.0045067617,4.3458663e-06,0.0018981178
2670,ravdess,06,03-01-04-01-01-01-06.wav,Sad,183,Sad,Angry,False,0.6650284,0.6650284,0.001525297,0.08058411,0.18691574,0.050209828,0.00023382268,0.015502823
2671,ravdess,06,03-01-04-01-01-02-06.wav,Sad,234,Sad,Angry,False,0.87887245,0.87887245,0.007395986,0.09622145,0.0004795692,0.0050463136,0.008637298,0.0033469284
2672,ravdess,06,03-01-04-01-02-01-06.wav,Sad,170,Sad,Angry,False,0.66929823,0.66929823,5.786159e-05,0.0004253373,0.32937542,0.00038466518,0.00010482827,0.00035368884
2673,ravdess,06,03-01-04-01-02-02-06.wav,Sad,170,Sad,Angry,False,0.97203135,0.97203135,1.0463953e-05,2.0530355e-05,0.027799482,6.5107374e-06,5.997483e-07,0.00013110107
2674,ravdess,06,03-01-04-02-01-01-06.wav,Sad,279,Sad,Surprise,False,0.61236864,0.36873004,0.006802087,0.00069988554,0.0076935343,0.0032172701,0.0004885416,0.61236864
2675,ravdess,06,03-01-04-02-01-02-06.wav,Sad,333,Sad,Surprise,False,0.956943,0.017038394,0.0012747312,0.024244003,0.0004727302,3.0079211e-06,2.4152609e-05,0.956943
2676,ravdess,06,03-01-04-02-02-01-06.wav,Sad,311,Sad,Angry,False,0.67969346,0.67969346,0.0057856585,0.012686152,0.2539686,2.0749334e-05,3.5564426e-05,0.04780982
2677,ravdess,06,03-01-04-02-02-02-06.wav,Sad,292,Sad,Surprise,False,0.86958426,0.029010164,0.0021670056,0.0030319793,0.095668525,2.2276813e-06,0.00053584104,0.86958426
2678,ravdess,06,03-01-05-01-01-01-06.wav,Angry,189,Angry,Happy,False,0.56667525,0.42969242,0.001360956,0.00041893814,0.56667525,0.0015789826,2.6936652e-05,0.00024652507
2679,ravdess,06,03-01-05-01-01-02-06.wav,Angry,231,Angry,Angry,True,0.9803961,0.9803961,0.011561929,1.3178679e-05,0.007036174,0.00012508188,1.9712954e-05,0.00084779185
2680,ravdess,06,03-01-05-01-02-01-06.wav,Angry,234,Angry,Happy,False,0.49375796,0.473645,0.0013296395,0.027759274,0.49375796,0.0020515576,0.00080709683,0.00064947247
2681,ravdess,06,03-01-05-01-02-02-06.wav,Angry,209,Angry,Angry,True,0.9159982,0.9159982,0.00042418746,0.0055496455,0.07723467,0.0005752731,1.8211404e-05,0.00019977952
2682,ravdess,06,03-01-05-02-01-01-06.wav,Angry,221,Angry,Angry,True,0.67010826,0.67010826,0.0121197635,0.0192564,0.02610293,0.2380826,3.0458403e-05,0.03429961
2683,ravdess,06,03-01-05-02-01-02-06.wav,Angry,231,Angry,Angry,True,0.94397795,0.94397795,0.009869777,0.0047002668,0.002647963,0.024433093,6.9044418e-06,0.014364022
2684,ravdess,06,03-01-05-02-02-01-06.wav,Angry,260,Angry,Angry,True,0.8470839,0.8470839,0.0558779,0.006522473,0.048972756,0.00357458,0.003492459,0.034475807
2685,ravdess,06,03-01-05-02-02-02-06.wav,Angry,257,Angry,Angry,True,0.99410206,0.99410206,0.0012269388,0.00027766632,0.0011305182,9.424215e-06,5.2815743e-05,0.0032006474
2686,ravdess,06,03-01-06-01-01-01-06.wav,Fear,189,Fear,Angry,False,0.86893517,0.86893517,0.0015577722,0.025899502,0.092193484,0.0075342273,1.5302916e-05,0.003864487
2687,ravdess,06,03-01-06-01-01-02-06.wav,Fear,170,Fear,Happy,False,0.46304902,0.19661397,0.00031518814,0.33649364,0.46304902,0.0008075421,2.5047055e-05,0.0026955742
2688,ravdess,06,03-01-06-01-02-01-06.wav,Fear,180,Fear,Fear,True,0.42782173,0.27991048,0.0018706694,0.42782173,0.2876232,0.0017848349,4.6502093e-05,0.00094257225
2689,ravdess,06,03-01-06-01-02-02-06.wav,Fear,177,Fear,Happy,False,0.66869414,0.11123545,0.00045843585,0.21344048,0.66869414,0.0022933634,5.250572e-05,0.0038256145
2690,ravdess,06,03-01-06-02-01-01-06.wav,Fear,183,Fear,Angry,False,0.9184494,0.9184494,0.00031620465,0.002412653,0.022854235,0.050419517,1.7802472e-07,0.0055477894
2691,ravdess,06,03-01-06-02-01-02-06.wav,Fear,205,Fear,Surprise,False,0.92709094,0.035832822,0.013192235,2.8080804e-06,0.00012256498,0.023758668,5.073318e-09,0.92709094
2692,ravdess,06,03-01-06-02-02-01-06.wav,Fear,189,Fear,Surprise,False,0.44610688,0.18402447,0.01526869,0.0042499546,0.047707323,0.302642,6.592937e-07,0.44610688
2693,ravdess,06,03-01-06-02-02-02-06.wav,Fear,193,Fear,Surprise,False,0.4076337,0.31985193,0.00578418,4.988182e-05,0.00052020495,0.26616007,9.0152476e-08,0.4076337
2694,ravdess,06,03-01-07-01-01-01-06.wav,Disgust,247,Disgust,Angry,False,0.8361943,0.8361943,0.010039069,0.00094308186,0.1303396,0.0016959423,0.00037623412,0.020411829
2695,ravdess,06,03-01-07-01-01-02-06.wav,Disgust,247,Disgust,Angry,False,0.58312386,0.58312386,0.028891085,0.0003360879,0.009624425,0.00028111003,0.37557253,0.002170911
2696,ravdess,06,03-01-07-01-02-01-06.wav,Disgust,193,Disgust,Happy,False,0.7908356,0.18211561,0.0006709555,0.0018559186,0.7908356,0.017642546,0.00013197302,0.006747382
2697,ravdess,06,03-01-07-01-02-02-06.wav,Disgust,234,Disgust,Disgust,True,0.38964897,0.24149603,0.38964897,0.0005701378,0.13022037,0.20913175,0.004468304,0.024464408
2698,ravdess,06,03-01-07-02-01-01-06.wav,Disgust,244,Disgust,Surprise,False,0.94392866,0.0034763082,0.0054231994,0.00023521857,0.046864398,5.484358e-05,1.743829e-05,0.94392866
2699,ravdess,06,03-01-07-02-01-02-06.wav,Disgust,209,Disgust,Angry,False,0.7846008,0.7846008,0.00032699056,0.07148836,0.13678417,0.001241244,1.4039459e-06,0.005557103
2700,ravdess,06,03-01-07-02-02-01-06.wav,Disgust,221,Disgust,Happy,False,0.7853098,0.10295673,0.007877476,0.08348171,0.7853098,0.0025516388,8.042134e-05,0.017742222
2701,ravdess,06,03-01-07-02-02-02-06.wav,Disgust,273,Disgust,Surprise,False,0.7953809,0.07502305,0.0016777598,0.0049404455,0.12284376,9.926197e-06,0.00012418609,0.7953809
2702,ravdess,06,03-01-08-01-01-01-06.wav,Surprise,148,Surprise,Angry,False,0.97350436,0.97350436,2.1413418e-05,0.016133882,0.0101034185,3.3953497e-06,2.1864558e-05,0.00021165164
2703,ravdess,06,03-01-08-01-01-02-06.wav,Surprise,138,Surprise,Angry,False,0.8818141,0.8818141,3.0333615e-05,0.053233422,0.04322627,1.8303152e-05,9.802247e-05,0.021579444
2704,ravdess,06,03-01-08-01-02-01-06.wav,Surprise,141,Surprise,Happy,False,0.92233425,0.042215902,2.1827027e-05,0.032971457,0.92233425,3.527437e-06,6.8329514e-06,0.0024461271
2705,ravdess,06,03-01-08-01-02-02-06.wav,Surprise,141,Surprise,Happy,False,0.7462437,0.13150957,2.7328899e-05,0.12122164,0.7462437,4.313738e-06,3.9027593e-05,0.0009543523
2706,ravdess,06,03-01-08-02-01-01-06.wav,Surprise,186,Surprise,Fear,False,0.9715507,0.0028008034,9.562255e-05,0.9715507,0.021161515,0.00044138276,6.2163317e-06,0.0039437856
2707,ravdess,06,03-01-08-02-01-02-06.wav,Surprise,154,Surprise,Happy,False,0.9451825,0.02526309,0.0001928056,0.023543129,0.9451825,8.6138e-05,8.301379e-06,0.0057241074
2708,ravdess,06,03-01-08-02-02-01-06.wav,Surprise,154,Surprise,Happy,False,0.7030121,0.19598247,0.0006947444,0.08759234,0.7030121,0.0010040958,2.2469078e-05,0.011691826
2709,ravdess,06,03-01-08-02-02-02-06.wav,Surprise,148,Surprise,Happy,False,0.964826,0.028561382,0.00010360561,0.001747193,0.964826,9.95551e-06,2.6276782e-06,0.0047492003
2710,ravdess,07,03-01-01-01-01-01-07.wav,Neutral,209,Neutral,Angry,False,0.69463134,0.69463134,0.13673851,0.00023251098,0.009218326,0.15831544,3.2682452e-05,0.00083115546
2711,ravdess,07,03-01-01-01-01-02-07.wav,Neutral,202,Neutral,Angry,False,0.89402217,0.89402217,0.017857164,0.0016979728,0.023698498,0.05943749,7.422111e-06,0.003279305
2712,ravdess,07,03-01-01-01-02-01-07.wav,Neutral,205,Neutral,Angry,False,0.5098278,0.5098278,0.008906147,0.0040617567,0.01705897,0.45905593,4.673546e-05,0.0010427142
2713,ravdess,07,03-01-01-01-02-02-07.wav,Neutral,202,Neutral,Neutral,True,0.56991804,0.41276452,0.013703866,0.000102650025,0.0027319305,0.56991804,1.2851551e-05,0.0007660997
2714,ravdess,07,03-01-03-01-01-01-07.wav,Happy,173,Happy,Angry,False,0.5658998,0.5658998,0.024735106,0.016360851,0.28618047,0.07274521,6.754215e-05,0.034011044
2715,ravdess,07,03-01-03-01-01-02-07.wav,Happy,170,Happy,Angry,False,0.5766869,0.5766869,0.001433228,0.13904174,0.23954487,0.032961,2.8901311e-05,0.010303332
2716,ravdess,07,03-01-03-01-02-01-07.wav,Happy,157,Happy,Fear,False,0.58681524,0.21791238,0.0072075534,0.58681524,0.021861754,0.13187851,7.889878e-06,0.0343167
2717,ravdess,07,03-01-03-01-02-02-07.wav,Happy,157,Happy,Fear,False,0.58681524,0.21791238,0.0072075534,0.58681524,0.021861754,0.13187851,7.889878e-06,0.0343167
2718,ravdess,07,03-01-03-02-01-01-07.wav,Happy,285,Happy,Angry,False,0.4630441,0.4630441,0.13340457,0.0602394,0.20508806,0.014560355,0.0034049423,0.1202586
2719,ravdess,07,03-01-03-02-01-02-07.wav,Happy,237,Happy,Happy,True,0.5533754,0.21692011,0.0060794945,0.04385863,0.5533754,0.00079336297,0.00013029802,0.17884271
2720,ravdess,07,03-01-03-02-02-01-07.wav,Happy,289,Happy,Angry,False,0.3059205,0.3059205,0.11529622,0.22617786,0.019952253,0.028487677,0.1312765,0.17288895
2721,ravdess,07,03-01-03-02-02-02-07.wav,Happy,231,Happy,Fear,False,0.9621901,0.007967572,0.0030317768,0.9621901,0.010505306,3.193701e-05,0.009021681,0.0072516613
2722,ravdess,07,03-01-04-01-01-01-07.wav,Sad,170,Sad,Angry,False,0.93056035,0.93056035,0.0016740032,0.0025191468,0.016193701,0.046481185,1.8838537e-06,0.002569782
2723,ravdess,07,03-01-04-01-01-02-07.wav,Sad,173,Sad,Neutral,False,0.4460325,0.3270729,0.06024615,0.005716764,0.06832501,0.4460325,7.2441344e-06,0.09259944
2724,ravdess,07,03-01-04-01-02-01-07.wav,Sad,177,Sad,Angry,False,0.9788461,0.9788461,0.0009206534,0.00042731615,0.0025848215,0.016434342,2.0376342e-06,0.00078471506
2725,ravdess,07,03-01-04-01-02-02-07.wav,Sad,205,Sad,Neutral,False,0.96801287,0.027386589,0.0021818178,0.0012229513,0.0010545119,0.96801287,8.635499e-06,0.00013261281
2726,ravdess,07,03-01-04-02-01-01-07.wav,Sad,250,Sad,Disgust,False,0.9850965,0.01429743,0.9850965,2.6986854e-07,0.00021329687,0.00032882392,2.8505674e-05,3.5153444e-05
2727,ravdess,07,03-01-04-02-01-02-07.wav,Sad,288,Sad,Surprise,False,0.40616718,0.3978728,0.05375343,0.008588089,0.13026524,0.0010626221,0.0022907064,0.40616718
2728,ravdess,07,03-01-04-02-02-01-07.wav,Sad,268,Sad,Angry,False,0.55086195,0.55086195,0.03886379,0.0073793796,0.024438431,0.00024018945,0.0022385293,0.3759777
2729,ravdess,07,03-01-04-02-02-02-07.wav,Sad,199,Sad,Happy,False,0.9297998,0.04790494,0.003219716,3.616342e-05,0.9297998,0.0021723602,2.2863287e-06,0.016864838
2730,ravdess,07,03-01-05-01-01-01-07.wav,Angry,215,Angry,Angry,True,0.6328968,0.6328968,0.32539937,0.0002823621,0.032479484,0.0030883658,2.6946194e-05,0.005826699
2731,ravdess,07,03-01-05-01-01-02-07.wav,Angry,215,Angry,Angry,True,0.72636503,0.72636503,0.039207123,0.0049047223,0.21778314,0.00610807,4.4733064e-05,0.0055871475
2732,ravdess,07,03-01-05-01-02-01-07.wav,Angry,215,Angry,Neutral,False,0.77430975,0.020790786,0.20470127,5.1854245e-06,0.00010683965,0.77430975,1.7385777e-05,6.88076e-05
2733,ravdess,07,03-01-05-01-02-02-07.wav,Angry,215,Angry,Angry,True,0.9056428,0.9056428,0.069862455,0.00011135262,0.0040694815,0.013147808,3.9513297e-06,0.007162212
2734,ravdess,07,03-01-05-02-01-01-07.wav,Angry,170,Angry,Angry,True,0.87329316,0.87329316,0.0008246938,0.03450672,0.07765865,0.00122728,4.137115e-06,0.012485284
2735,ravdess,07,03-01-05-02-01-02-07.wav,Angry,212,Angry,Angry,True,0.75891566,0.75891566,0.037136238,0.02239838,0.033582266,0.009025028,1.3276587e-05,0.13892923
2736,ravdess,07,03-01-05-02-02-01-07.wav,Angry,193,Angry,Fear,False,0.71309835,0.13483803,0.001323546,0.71309835,0.06614599,0.054826092,3.2855082e-06,0.029764792
2737,ravdess,07,03-01-05-02-02-02-07.wav,Angry,244,Angry,Angry,True,0.744881,0.744881,0.050808534,0.020307524,0.12913014,0.00019483829,0.00054610433,0.05413193
2738,ravdess,07,03-01-06-01-01-01-07.wav,Fear,324,Fear,Sad,False,0.37846982,0.056747712,0.33508888,0.121368535,0.010425068,0.019330567,0.37846982,0.078569464
2739,ravdess,07,03-01-06-01-01-02-07.wav,Fear,167,Fear,Angry,False,0.41718307,0.41718307,0.048094597,0.12414186,0.33775437,0.043782372,0.00010180433,0.028941939
2740,ravdess,07,03-01-06-01-02-01-07.wav,Fear,161,Fear,Angry,False,0.7094429,0.7094429,0.0070826528,0.0050560697,0.09891776,0.16696598,6.195567e-06,0.012528432
2741,ravdess,07,03-01-06-01-02-02-07.wav,Fear,154,Fear,Angry,False,0.62657934,0.62657934,0.011003712,0.2288976,0.009500749,0.05638293,3.830847e-06,0.06763181
2742,ravdess,07,03-01-06-02-01-01-07.wav,Fear,180,Fear,Fear,True,0.7710247,0.1301007,0.00032224035,0.7710247,0.091879524,0.00013933865,2.3416087e-06,0.006531145
2743,ravdess,07,03-01-06-02-01-02-07.wav,Fear,170,Fear,Fear,True,0.88069826,0.10061264,0.00019946191,0.88069826,0.008480553,0.0051630954,1.0468987e-06,0.004844889
2744,ravdess,07,03-01-06-02-02-01-07.wav,Fear,157,Fear,Angry,False,0.5109641,0.5109641,0.0013378619,0.45121053,0.019803837,0.004096907,1.7975088e-05,0.012568828
2745,ravdess,07,03-01-06-02-02-02-07.wav,Fear,164,Fear,Angry,False,0.66573995,0.66573995,0.00027965964,0.2332668,0.059061892,0.00080638815,4.69822e-07,0.040844813
2746,ravdess,07,03-01-07-01-01-01-07.wav,Disgust,170,Disgust,Angry,False,0.6865419,0.6865419,0.006744107,0.0011410773,0.27425808,0.029546207,1.7894967e-05,0.0017506593
2747,ravdess,07,03-01-07-01-01-02-07.wav,Disgust,167,Disgust,Angry,False,0.7956679,0.7956679,0.015210467,0.0011602856,0.17516789,0.010743385,1.2899214e-05,0.002037095
2748,ravdess,07,03-01-07-01-02-01-07.wav,Disgust,167,Disgust,Angry,False,0.70474696,0.70474696,0.0047003157,0.002311078,0.27697897,0.010668568,5.0570732e-05,0.0005435112
2749,ravdess,07,03-01-07-01-02-02-07.wav,Disgust,177,Disgust,Angry,False,0.6269419,0.6269419,0.0039714193,0.0017141239,0.00785135,0.3588958,6.045849e-06,0.0006194215
2750,ravdess,07,03-01-07-02-01-01-07.wav,Disgust,231,Disgust,Angry,False,0.74031717,0.74031717,0.034257066,0.00020352907,0.21487983,0.0032136005,1.1614661e-05,0.007117205
2751,ravdess,07,03-01-07-02-01-02-07.wav,Disgust,257,Disgust,Angry,False,0.4951239,0.4951239,0.47337475,8.584705e-05,0.006505379,0.0054551996,0.00018563188,0.019269317
2752,ravdess,07,03-01-07-02-02-01-07.wav,Disgust,234,Disgust,Neutral,False,0.63729984,0.056626428,0.3020454,0.000502177,0.0010205737,0.63729984,0.00095729483,0.001548315
2753,ravdess,07,03-01-07-02-02-02-07.wav,Disgust,295,Disgust,Angry,False,0.9146133,0.9146133,0.06266608,0.00029602423,0.0075800284,0.005971981,0.005879279,0.0029933709
2754,ravdess,07,03-01-08-01-01-01-07.wav,Surprise,170,Surprise,Happy,False,0.6587427,0.33820033,8.841707e-05,0.0016071463,0.6587427,0.0002516091,6.66e-07,0.0011090594
2755,ravdess,07,03-01-08-01-01-02-07.wav,Surprise,177,Surprise,Angry,False,0.7381978,0.7381978,0.0059459084,0.004785796,0.22031108,0.027066968,1.0766787e-05,0.0036817272
2756,ravdess,07,03-01-08-01-02-01-07.wav,Surprise,167,Surprise,Angry,False,0.9576584,0.9576584,0.0012233746,0.006733738,0.020757569,0.011890997,7.208317e-07,0.0017352136
2757,ravdess,07,03-01-08-01-02-02-07.wav,Surprise,164,Surprise,Angry,False,0.7716615,0.7716615,0.0024829146,0.06589074,0.013824075,0.14556806,3.4407756e-06,0.0005693118
2758,ravdess,07,03-01-08-02-01-01-07.wav,Surprise,202,Surprise,Angry,False,0.74158853,0.74158853,0.0045589837,0.0017581385,0.24879958,0.0007194755,1.1655464e-05,0.0025635983
2759,ravdess,07,03-01-08-02-01-02-07.wav,Surprise,183,Surprise,Angry,False,0.5844739,0.5844739,0.15858741,0.021915555,0.040909138,0.013963101,4.2324424e-07,0.18015046
2760,ravdess,07,03-01-08-02-02-01-07.wav,Surprise,157,Surprise,Happy,False,0.8722509,0.09120567,0.00025388895,0.01772539,0.8722509,1.3199331e-05,6.434261e-07,0.01855024
2761,ravdess,07,03-01-08-02-02-02-07.wav,Surprise,167,Surprise,Fear,False,0.35959023,0.34470573,0.006511698,0.35959023,0.04175149,0.01901498,1.3668845e-06,0.2284245
2762,ravdess,08,03-01-01-01-01-01-08.wav,Neutral,161,Neutral,Angry,False,0.9443446,0.9443446,0.0009599593,0.018267501,0.011318515,0.002518665,1.911867e-05,0.02257172
2763,ravdess,08,03-01-01-01-01-02-08.wav,Neutral,177,Neutral,Angry,False,0.37416303,0.37416303,0.016949477,0.009915643,0.14990497,0.085554644,0.00013439085,0.36337784
2764,ravdess,08,03-01-01-01-02-01-08.wav,Neutral,167,Neutral,Neutral,True,0.57979786,0.10556994,0.0011093451,0.0023104462,0.034842905,0.57979786,0.001375429,0.2749941
2765,ravdess,08,03-01-01-01-02-02-08.wav,Neutral,157,Neutral,Angry,False,0.71980876,0.71980876,0.0014856416,0.010258731,0.08772417,0.0286894,4.7460846e-05,0.1519858
2766,ravdess,08,03-01-03-01-01-01-08.wav,Happy,164,Happy,Angry,False,0.9178482,0.9178482,0.0021658563,0.015983423,0.052089404,0.003466849,0.002746825,0.0056992825
2767,ravdess,08,03-01-03-01-01-02-08.wav,Happy,161,Happy,Angry,False,0.48933476,0.48933476,0.0066129747,0.021430433,0.42328712,0.0070614046,0.0014488247,0.050824504
2768,ravdess,08,03-01-03-01-02-01-08.wav,Happy,157,Happy,Angry,False,0.82629216,0.82629216,0.0050350213,0.0009536876,0.05108323,0.0058071967,3.9621056e-05,0.11078915
2769,ravdess,08,03-01-03-01-02-02-08.wav,Happy,154,Happy,Happy,True,0.51569915,0.35637274,0.0010063252,0.00042494613,0.51569915,0.00054273434,0.00016607995,0.12578802
2770,ravdess,08,03-01-03-02-01-01-08.wav,Happy,183,Happy,Fear,False,0.5152415,0.4644511,0.00019682816,0.5152415,0.0119850375,0.0010782769,1.689767e-05,0.0070304344
2771,ravdess,08,03-01-03-02-01-02-08.wav,Happy,193,Happy,Fear,False,0.7241574,0.18206173,0.00067679724,0.7241574,0.024531247,0.057686467,0.00025105343,0.010635362
2772,ravdess,08,03-01-03-02-02-01-08.wav,Happy,193,Happy,Angry,False,0.77929425,0.77929425,0.0028196122,0.0058630826,0.2108203,0.000833562,0.00012478074,0.00024444168
2773,ravdess,08,03-01-03-02-02-02-08.wav,Happy,253,Happy,Disgust,False,0.7057071,0.21258365,0.7057071,0.0031731767,0.002289001,0.009205805,0.066003166,0.0010381213
2774,ravdess,08,03-01-04-01-01-01-08.wav,Sad,218,Sad,Disgust,False,0.8903728,0.008785363,0.8903728,0.0012973286,0.00044739633,0.07314042,0.02583983,0.000116809584
2775,ravdess,08,03-01-04-01-01-02-08.wav,Sad,186,Sad,Neutral,False,0.79813373,0.011813877,0.042551808,0.0009561632,0.047851555,0.79813373,0.0031963594,0.09549654
2776,ravdess,08,03-01-04-01-02-01-08.wav,Sad,157,Sad,Neutral,False,0.55364615,0.29135677,0.00085299386,0.07379356,0.07472703,0.55364615,0.00022324623,0.005400295
2777,ravdess,08,03-01-04-01-02-02-08.wav,Sad,231,Sad,Neutral,False,0.6454682,0.1009366,0.16498841,9.433569e-05,0.019924583,0.6454682,0.06494232,0.003645617
2778,ravdess,08,03-01-04-02-01-01-08.wav,Sad,157,Sad,Happy,False,0.9826398,0.016647542,2.7135884e-05,0.00062141643,0.9826398,4.670387e-06,8.951554e-06,5.0494476e-05
2779,ravdess,08,03-01-04-02-01-02-08.wav,Sad,289,Sad,Angry,False,0.66982234,0.66982234,0.09718784,0.013102324,0.003375358,0.0008026802,0.08623884,0.1294706
2780,ravdess,08,03-01-04-02-02-01-08.wav,Sad,161,Sad,Angry,False,0.54487145,0.54487145,0.0004228933,0.10205904,0.35013905,0.0016999169,0.0005558403,0.0002517608
2781,ravdess,08,03-01-04-02-02-02-08.wav,Sad,275,Sad,Sad,True,0.4503147,0.10330754,0.027339125,0.2361499,0.00026638107,1.9319641e-05,0.4503147,0.1826031
2782,ravdess,08,03-01-05-01-01-01-08.wav,Angry,164,Angry,Fear,False,0.68468934,0.25217488,0.00045066883,0.68468934,0.05443403,0.0014347954,0.00010657954,0.006709732
2783,ravdess,08,03-01-05-01-01-02-08.wav,Angry,263,Angry,Angry,True,0.77027684,0.77027684,0.10485082,0.011516441,0.019114,0.0016910847,0.0022189026,0.09033201
2784,ravdess,08,03-01-05-01-02-01-08.wav,Angry,145,Angry,Angry,True,0.9674634,0.9674634,0.00010457769,0.019598495,0.004638634,0.00027080908,1.2880567e-05,0.007911255
2785,ravdess,08,03-01-05-01-02-02-08.wav,Angry,154,Angry,Angry,True,0.74049675,0.74049675,0.00014147817,0.003504223,0.24468383,0.0006902422,1.8872845e-05,0.01046458
2786,ravdess,08,03-01-05-02-01-01-08.wav,Angry,266,Angry,Angry,True,0.37167355,0.37167355,0.04310998,0.07514828,0.3235959,0.0046119057,0.011781239,0.17007919
2787,ravdess,08,03-01-05-02-01-02-08.wav,Angry,170,Angry,Happy,False,0.82354015,0.040022727,0.00041166323,0.08938165,0.82354015,0.0001844323,5.7181473e-06,0.04645367
2788,ravdess,08,03-01-05-02-02-01-08.wav,Angry,157,Angry,Angry,True,0.81916195,0.81916195,3.625156e-05,0.022189226,0.15596189,9.4668085e-06,7.2010143e-06,0.0026340468
2789,ravdess,08,03-01-05-02-02-02-08.wav,Angry,164,Angry,Fear,False,0.66974324,0.22842306,0.00019912403,0.66974324,0.0943466,0.00032910943,8.502576e-06,0.0069503207
2790,ravdess,08,03-01-06-01-01-01-08.wav,Fear,215,Fear,Happy,False,0.6239053,0.024547203,0.021184692,0.00959181,0.6239053,0.0003289975,0.00055282086,0.3198892
2791,ravdess,08,03-01-06-01-01-02-08.wav,Fear,241,Fear,Disgust,False,0.70237374,0.040028688,0.70237374,0.00028438866,0.041510545,4.9886614e-05,0.20830722,0.0074454714
2792,ravdess,08,03-01-06-01-02-01-08.wav,Fear,170,Fear,Angry,False,0.7907007,0.7907007,0.00013206783,0.02546744,0.1827975,0.00042177108,9.416183e-05,0.00038638766
2793,ravdess,08,03-01-06-01-02-02-08.wav,Fear,167,Fear,Angry,False,0.54161125,0.54161125,3.0260504e-05,0.061784085,0.3963368,9.206651e-05,9.7909715e-06,0.00013565503
2794,ravdess,08,03-01-06-02-01-01-08.wav,Fear,161,Fear,Fear,True,0.58136976,0.31199285,0.00013427377,0.58136976,0.06444324,0.0006847985,2.2340505e-06,0.04137287
2795,ravdess,08,03-01-06-02-01-02-08.wav,Fear,157,Fear,Fear,True,0.8922667,0.010560998,0.00027512014,0.8922667,0.0138424635,0.0011267412,1.0400869e-06,0.08192696
2796,ravdess,08,03-01-06-02-02-01-08.wav,Fear,167,Fear,Happy,False,0.8162488,0.06916928,0.00024121375,0.031936727,0.8162488,0.019931102,1.9749252e-06,0.06247108
2797,ravdess,08,03-01-06-02-02-02-08.wav,Fear,295,Fear,Surprise,False,0.54083437,0.23840171,0.048048094,0.015832102,0.1531786,0.0001288118,0.003576289,0.54083437
2798,ravdess,08,03-01-07-01-01-01-08.wav,Disgust,199,Disgust,Happy,False,0.8325323,0.13793913,0.009920496,0.0006590877,0.8325323,0.011936534,0.0010156295,0.005996802
2799,ravdess,08,03-01-07-01-01-02-08.wav,Disgust,237,Disgust,Angry,False,0.6717121,0.6717121,0.22637229,0.00018073617,0.056679748,0.04109774,0.0014253387,0.0025321068
2800,ravdess,08,03-01-07-01-02-01-08.wav,Disgust,196,Disgust,Happy,False,0.5147046,0.033517152,0.005379088,0.0018717153,0.5147046,0.34666926,0.0013233111,0.09653493
2801,ravdess,08,03-01-07-01-02-02-08.wav,Disgust,180,Disgust,Surprise,False,0.50131214,0.06270634,0.0030953796,0.0012712132,0.010649884,0.42008296,0.00088211865,0.50131214
2802,ravdess,08,03-01-07-02-01-01-08.wav,Disgust,209,Disgust,Neutral,False,0.63181514,0.17994708,0.109193,0.0006100187,0.018678794,0.63181514,0.00022709179,0.05952893
2803,ravdess,08,03-01-07-02-01-02-08.wav,Disgust,263,Disgust,Angry,False,0.6842319,0.6842319,0.23586197,0.0008185392,0.054411598,0.011216341,0.006636323,0.006823398
2804,ravdess,08,03-01-07-02-02-01-08.wav,Disgust,173,Disgust,Neutral,False,0.45654252,0.3376891,0.008253069,0.0050248345,0.07442319,0.45654252,0.00022305989,0.117844194
2805,ravdess,08,03-01-07-02-02-02-08.wav,Disgust,189,Disgust,Angry,False,0.59439635,0.59439635,0.04166759,0.0023390895,0.10814177,0.16304891,0.0024803893,0.08792596
2806,ravdess,08,03-01-08-01-01-01-08.wav,Surprise,167,Surprise,Happy,False,0.9892818,0.0029239333,2.1588176e-05,0.0073157474,0.9892818,1.9999052e-05,8.462053e-06,0.00042839168
2807,ravdess,08,03-01-08-01-01-02-08.wav,Surprise,183,Surprise,Happy,False,0.95484364,0.03569445,0.00037341414,0.004323034,0.95484364,0.00085450325,7.99335e-06,0.003903004
2808,ravdess,08,03-01-08-01-02-01-08.wav,Surprise,167,Surprise,Happy,False,0.90957695,0.024373481,7.601191e-05,0.059650004,0.90957695,5.868717e-05,8.959462e-06,0.0062559717
2809,ravdess,08,03-01-08-01-02-02-08.wav,Surprise,164,Surprise,Angry,False,0.98404664,0.98404664,2.8725188e-05,0.0024193316,0.008187745,4.8039896e-05,1.1571973e-05,0.0052579674
2810,ravdess,08,03-01-08-02-01-01-08.wav,Surprise,288,Surprise,Disgust,False,0.6695615,0.13578989,0.6695615,0.010662143,0.0021946172,9.461368e-05,0.01729307,0.16440421
2811,ravdess,08,03-01-08-02-01-02-08.wav,Surprise,161,Surprise,Happy,False,0.9251379,0.06811056,0.00015509964,0.0035782636,0.9251379,1.506852e-05,4.0735104e-06,0.002999052
2812,ravdess,08,03-01-08-02-02-01-08.wav,Surprise,164,Surprise,Happy,False,0.96631974,0.015850045,0.00014860649,0.014994926,0.96631974,1.3435371e-05,2.1004214e-06,0.0026711351
2813,ravdess,08,03-01-08-02-02-02-08.wav,Surprise,177,Surprise,Happy,False,0.7334944,0.1224249,7.363047e-05,0.07474175,0.7334944,0.0002545384,3.6795966e-06,0.06900709
2814,ravdess,09,03-01-01-01-01-01-09.wav,Neutral,244,Neutral,Neutral,True,0.4586661,0.100132026,0.23142613,0.13273467,0.0024098447,0.4586661,0.009577754,0.06505347
2815,ravdess,09,03-01-01-01-01-02-09.wav,Neutral,148,Neutral,Angry,False,0.97732246,0.97732246,0.004370606,0.00096583075,0.014277867,0.002607629,7.2288174e-05,0.00038327632
2816,ravdess,09,03-01-01-01-02-01-09.wav,Neutral,151,Neutral,Angry,False,0.9334995,0.9334995,0.0028098498,0.019958643,0.039093543,0.0026749582,2.0867164e-05,0.0019426589
2817,ravdess,09,03-01-01-01-02-02-09.wav,Neutral,145,Neutral,Angry,False,0.94978374,0.94978374,0.0061466093,0.004959464,0.010922742,0.02427345,1.6265627e-05,0.003897568
2818,ravdess,09,03-01-03-01-01-01-09.wav,Happy,234,Happy,Neutral,False,0.8880211,0.024648463,0.08556242,1.9363945e-06,0.0015288509,0.8880211,0.00023188499,5.3505664e-06
2819,ravdess,09,03-01-03-01-01-02-09.wav,Happy,170,Happy,Angry,False,0.9395337,0.9395337,0.0072779553,0.0037898156,0.036773212,0.0077987,2.3944389e-05,0.0048027365
2820,ravdess,09,03-01-03-01-02-01-09.wav,Happy,151,Happy,Angry,False,0.9823476,0.9823476,0.001129068,0.004032254,0.0059928154,0.0047159093,2.1744203e-05,0.0017604872
2821,ravdess,09,03-01-03-01-02-02-09.wav,Happy,161,Happy,Angry,False,0.80697846,0.80697846,0.001496102,0.08837053,0.07529481,0.02578956,4.7103254e-06,0.002065836
2822,ravdess,09,03-01-03-02-01-01-09.wav,Happy,196,Happy,Angry,False,0.44265518,0.44265518,0.002854394,0.106582426,0.18919228,0.045439053,9.1017955e-07,0.21327566
2823,ravdess,09,03-01-03-02-01-02-09.wav,Happy,321,Happy,Surprise,False,0.8535551,0.13717349,0.00075749663,0.001856791,0.0066405106,2.3298105e-06,1.4399619e-05,0.8535551
2824,ravdess,09,03-01-03-02-02-01-09.wav,Happy,167,Happy,Happy,True,0.56031793,0.3374145,5.6197252e-05,0.09485624,0.56031793,0.00025592535,6.412256e-07,0.0070984797
2825,ravdess,09,03-01-03-02-02-02-09.wav,Happy,167,Happy,Fear,False,0.5765676,0.37820637,0.00019874096,0.5765676,0.01805774,0.0032347678,4.6141147e-07,0.023734335
2826,ravdess,09,03-01-04-01-01-01-09.wav,Sad,218,Sad,Neutral,False,0.9884101,0.0010652876,0.010438595,1.5370417e-05,1.6737546e-05,0.9884101,1.5666308e-05,3.8131067e-05
2827,ravdess,09,03-01-04-01-01-02-09.wav,Sad,138,Sad,Happy,False,0.4764535,0.38409713,0.059342504,0.005358336,0.4764535,0.0088893315,3.4469354e-05,0.065824695
2828,ravdess,09,03-01-04-01-02-01-09.wav,Sad,148,Sad,Angry,False,0.69375074,0.69375074,0.06988188,0.011925428,0.18781482,0.032886717,0.00014987972,0.0035905158
2829,ravdess,09,03-01-04-01-02-02-09.wav,Sad,173,Sad,Angry,False,0.37964773,0.37964773,0.2989288,0.0031091068,0.07169988,0.22920455,0.0007047624,0.016705088
2830,ravdess,09,03-01-04-02-01-01-09.wav,Sad,266,Sad,Angry,False,0.63508534,0.63508534,0.06083204,0.0020862755,0.24002394,0.005325352,0.0010089743,0.055638094
2831,ravdess,09,03-01-04-02-01-02-09.wav,Sad,273,Sad,Angry,False,0.6932145,0.6932145,0.21353954,0.0039600306,0.024542507,0.001304226,0.01815905,0.045280136
2832,ravdess,09,03-01-04-02-02-01-09.wav,Sad,228,Sad,Angry,False,0.41232696,0.41232696,0.24962702,0.0065264516,0.11284032,0.16855848,0.00021820207,0.04990259
2833,ravdess,09,03-01-04-02-02-02-09.wav,Sad,228,Sad,Angry,False,0.9038259,0.9038259,0.0045844787,0.00023072252,0.08142229,0.008024347,2.2777102e-05,0.0018893824
2834,ravdess,09,03-01-05-01-01-01-09.wav,Angry,186,Angry,Angry,True,0.38395798,0.38395798,0.20845677,0.0009258806,0.02572336,0.36200154,3.6249276e-05,0.01889824
2835,ravdess,09,03-01-05-01-01-02-09.wav,Angry,173,Angry,Angry,True,0.91614145,0.91614145,0.016047187,0.00020252248,0.025843656,0.039629675,3.355919e-06,0.0021321645
2836,ravdess,09,03-01-05-01-02-01-09.wav,Angry,186,Angry,Angry,True,0.99663395,0.99663395,0.0005103979,0.00027630597,0.00028294392,0.0022774166,5.365943e-06,1.3685593e-05
2837,ravdess,09,03-01-05-01-02-02-09.wav,Angry,170,Angry,Angry,True,0.99654776,0.99654776,0.00018256568,0.00081486086,0.0010911007,0.0012809295,3.7660277e-06,7.900899e-05
2838,ravdess,09,03-01-05-02-01-01-09.wav,Angry,196,Angry,Surprise,False,0.5545627,0.012607236,0.0017474901,0.41745085,0.012652076,0.0009781353,1.5561164e-06,0.5545627
2839,ravdess,09,03-01-05-02-01-02-09.wav,Angry,189,Angry,Happy,False,0.4508877,0.3453556,0.0040102783,0.1278582,0.4508877,0.0016292378,9.955314e-06,0.07024893
2840,ravdess,09,03-01-05-02-02-01-09.wav,Angry,247,Angry,Surprise,False,0.9569431,0.019781819,0.004192768,0.0036153349,0.01539834,4.2826046e-05,2.5796282e-05,0.9569431
2841,ravdess,09,03-01-05-02-02-02-09.wav,Angry,209,Angry,Happy,False,0.41693527,0.023401534,0.002867373,0.19757889,0.41693527,0.00029266765,7.466537e-06,0.35891685
2842,ravdess,09,03-01-06-01-01-01-09.wav,Fear,141,Fear,Angry,False,0.99289834,0.99289834,0.0039792475,0.00012562104,0.001658522,0.0012525176,1.533966e-05,7.037742e-05
2843,ravdess,09,03-01-06-01-01-02-09.wav,Fear,145,Fear,Angry,False,0.5801931,0.5801931,0.014648693,0.006311218,0.3842961,0.007768763,0.0005076788,0.0062744543
2844,ravdess,09,03-01-06-01-02-01-09.wav,Fear,234,Fear,Neutral,False,0.95189804,0.029496834,0.009479003,0.0016952165,0.002537234,0.95189804,0.0034724902,0.0014213197
2845,ravdess,09,03-01-06-01-02-02-09.wav,Fear,135,Fear,Angry,False,0.95971954,0.95971954,0.0044412394,0.00653872,0.013314897,0.012994326,1.8688695e-05,0.0029726694
2846,ravdess,09,03-01-06-02-01-01-09.wav,Fear,253,Fear,Angry,False,0.3985738,0.3985738,0.34870762,0.0014481087,0.20401916,0.03316171,0.0012951734,0.012794404
2847,ravdess,09,03-01-06-02-01-02-09.wav,Fear,145,Fear,Angry,False,0.8674853,0.8674853,0.00072557526,0.0016912392,0.12975475,0.0001312592,1.9039282e-05,0.00019286349
2848,ravdess,09,03-01-06-02-02-01-09.wav,Fear,138,Fear,Angry,False,0.93881524,0.93881524,0.00025228775,0.013155348,0.046564676,0.00010263491,2.4639908e-06,0.0011073567
2849,ravdess,09,03-01-06-02-02-02-09.wav,Fear,138,Fear,Angry,False,0.78951496,0.78951496,0.0016772535,0.048218098,0.083610855,0.0018616174,2.8165666e-06,0.07511436
2850,ravdess,09,03-01-07-01-01-01-09.wav,Disgust,196,Disgust,Angry,False,0.8443716,0.8443716,0.082313165,0.00013441707,0.021618137,0.05019308,0.00086389005,0.0005056807
2851,ravdess,09,03-01-07-01-01-02-09.wav,Disgust,167,Disgust,Angry,False,0.8764738,0.8764738,0.007796136,0.0032722224,0.06563685,0.04603104,2.2759996e-05,0.00076714664
2852,ravdess,09,03-01-07-01-02-01-09.wav,Disgust,164,Disgust,Angry,False,0.8994069,0.8994069,0.017190369,0.016590178,0.033984013,0.0318224,4.941671e-05,0.00095671037
2853,ravdess,09,03-01-07-01-02-02-09.wav,Disgust,202,Disgust,Neutral,False,0.94779086,0.04547727,0.005904567,0.00024936168,7.5997945e-05,0.94779086,2.5190187e-05,0.00047669664
2854,ravdess,09,03-01-07-02-01-01-09.wav,Disgust,186,Disgust,Neutral,False,0.9243462,0.036485527,0.035804562,0.0002269317,0.0022441365,0.9243462,5.181582e-05,0.0008408233
2855,ravdess,09,03-01-07-02-01-02-09.wav,Disgust,231,Disgust,Neutral,False,0.77801895,0.09875612,0.11698589,0.00084984326,0.0031043345,0.77801895,0.0013181939,0.0009666903
2856,ravdess,09,03-01-07-02-02-01-09.wav,Disgust,231,Disgust,Neutral,False,0.88235116,0.09074733,0.02547316,3.32722e-05,0.00014927487,0.88235116,0.0009162125,0.00032954515
2857,ravdess,09,03-01-07-02-02-02-09.wav,Disgust,269,Disgust,Angry,False,0.92198837,0.92198837,0.0456292,0.00017391922,0.002952444,0.008435395,0.005653883,0.015166799
2858,ravdess,09,03-01-08-01-01-01-09.wav,Surprise,196,Surprise,Neutral,False,0.8579397,0.043322604,0.023797762,0.052909516,0.003139259,0.8579397,0.001458976,0.017432185
2859,ravdess,09,03-01-08-01-01-02-09.wav,Surprise,151,Surprise,Angry,False,0.96974653,0.96974653,0.0032780422,0.0048132227,0.016313612,0.004952385,6.705575e-05,0.00082918024
2860,ravdess,09,03-01-08-01-02-01-09.wav,Surprise,234,Surprise,Neutral,False,0.84175605,0.11140098,0.03721684,0.0024718638,0.0005601304,0.84175605,0.0019625307,0.0046316655
2861,ravdess,09,03-01-08-01-02-02-09.wav,Surprise,157,Surprise,Angry,False,0.83356076,0.83356076,0.026581101,0.038413573,0.015717575,0.08229094,2.644649e-05,0.003409673
2862,ravdess,09,03-01-08-02-01-01-09.wav,Surprise,145,Surprise,Angry,False,0.9815828,0.9815828,0.0004795171,0.0015936247,0.015717251,0.00022713114,7.398861e-07,0.0003988013
2863,ravdess,09,03-01-08-02-01-02-09.wav,Surprise,234,Surprise,Neutral,False,0.80888504,0.13698785,0.037591573,0.007857959,0.00039735396,0.80888504,0.0029164008,0.0053638387
2864,ravdess,09,03-01-08-02-02-01-09.wav,Surprise,151,Surprise,Angry,False,0.8113612,0.8113612,0.0027324262,0.17385018,0.002076892,0.009432306,2.8867877e-05,0.0005181721
2865,ravdess,09,03-01-08-02-02-02-09.wav,Surprise,161,Surprise,Angry,False,0.9640146,0.9640146,0.0021074966,0.026859162,0.0004750651,0.0060826945,3.0537794e-05,0.00043047228
2866,ravdess,10,03-01-01-01-01-01-10.wav,Neutral,167,Neutral,Happy,False,0.49575144,0.36418602,4.2151707e-05,0.12465039,0.49575144,0.0010240062,0.00472131,0.009624666
2867,ravdess,10,03-01-01-01-01-02-10.wav,Neutral,196,Neutral,Happy,False,0.75796926,0.207924,0.012114244,0.003528688,0.75796926,0.01535796,0.00054940477,0.0025564523
2868,ravdess,10,03-01-01-01-02-01-10.wav,Neutral,183,Neutral,Happy,False,0.9730356,0.026267778,8.223923e-06,0.0004469812,0.9730356,0.00018353031,1.3496067e-05,4.4513476e-05
2869,ravdess,10,03-01-01-01-02-02-10.wav,Neutral,170,Neutral,Angry,False,0.80605817,0.80605817,7.879747e-05,0.00091401924,0.17089328,0.011046868,0.002206431,0.0088024475
2870,ravdess,10,03-01-03-01-01-01-10.wav,Happy,157,Happy,Angry,False,0.8911902,0.8911902,0.0002173592,0.0032763486,0.10501374,0.00015035097,4.515117e-05,0.0001068107
2871,ravdess,10,03-01-03-01-01-02-10.wav,Happy,161,Happy,Fear,False,0.8456386,0.03798588,3.969435e-05,0.8456386,0.11287395,3.226961e-05,7.800404e-06,0.0034217637
2872,ravdess,10,03-01-03-01-02-01-10.wav,Happy,135,Happy,Fear,False,0.7156747,0.0694313,0.0003212127,0.7156747,0.12415725,0.0012197273,4.9563996e-06,0.089190915
2873,ravdess,10,03-01-03-01-02-02-10.wav,Happy,145,Happy,Angry,False,0.68130744,0.68130744,0.000105772815,0.2785527,0.03785941,2.4371611e-05,7.987946e-06,0.002142337
2874,ravdess,10,03-01-03-02-01-01-10.wav,Happy,193,Happy,Surprise,False,0.48819137,0.07762699,0.00210853,0.0040360903,0.42299122,0.0049932967,5.2520834e-05,0.48819137
2875,ravdess,10,03-01-03-02-01-02-10.wav,Happy,154,Happy,Angry,False,0.4431233,0.4431233,0.0009160942,0.2646751,0.22165994,0.023832472,3.289594e-05,0.045760196
2876,ravdess,10,03-01-03-02-02-01-10.wav,Happy,173,Happy,Fear,False,0.78958553,0.016387973,1.7682923e-05,0.78958553,0.14918104,0.010126274,4.1983545e-05,0.03465953
2877,ravdess,10,03-01-03-02-02-02-10.wav,Happy,205,Happy,Fear,False,0.9523423,0.005233501,1.2683917e-05,0.9523423,0.011828463,0.009830255,7.8646457e-07,0.020752067
2878,ravdess,10,03-01-04-01-01-01-10.wav,Sad,151,Sad,Angry,False,0.95725626,0.95725626,0.0016544904,0.0005020162,0.004243393,0.03247526,0.00026478298,0.0036037227
2879,ravdess,10,03-01-04-01-01-02-10.wav,Sad,161,Sad,Happy,False,0.4089472,0.18483438,0.022315519,0.08422981,0.4089472,0.24753736,0.007047843,0.045087893
2880,ravdess,10,03-01-04-01-02-01-10.wav,Sad,167,Sad,Happy,False,0.52515113,0.4346738,0.0002865676,0.012317312,0.52515113,0.020867769,0.0003343368,0.0063691386
2881,ravdess,10,03-01-04-01-02-02-10.wav,Sad,196,Sad,Neutral,False,0.9393783,0.007056129,0.002177391,0.00024112612,0.0018671926,0.9393783,8.088773e-06,0.04927174
2882,ravdess,10,03-01-04-02-01-01-10.wav,Sad,196,Sad,Angry,False,0.9770273,0.9770273,4.0002928e-05,0.016092839,0.0062022246,1.5858557e-05,0.000346409,0.00027546586
2883,ravdess,10,03-01-04-02-01-02-10.wav,Sad,173,Sad,Angry,False,0.5852447,0.5852447,8.251384e-05,0.0036428121,0.4062404,0.00042562254,0.00043140398,0.0039324886
2884,ravdess,10,03-01-04-02-02-01-10.wav,Sad,177,Sad,Happy,False,0.72611547,0.22538655,0.0077085006,0.0013467263,0.72611547,0.012042259,0.00013149742,0.027268967
2885,ravdess,10,03-01-04-02-02-02-10.wav,Sad,164,Sad,Happy,False,0.88407004,0.09628303,0.002936524,0.001905526,0.88407004,0.0015678488,1.8703582e-05,0.013218385
2886,ravdess,10,03-01-05-01-01-01-10.wav,Angry,196,Angry,Happy,False,0.99644995,0.0017435442,0.00011227452,2.9288309e-05,0.99644995,0.0003573539,9.0009286e-07,0.0013066741
2887,ravdess,10,03-01-05-01-01-02-10.wav,Angry,205,Angry,Happy,False,0.99094594,0.0007525527,3.605156e-05,5.7952155e-05,0.99094594,4.941926e-06,1.2420979e-07,0.008202423
2888,ravdess,10,03-01-05-01-02-01-10.wav,Angry,221,Angry,Angry,True,0.7161347,0.7161347,0.15184359,0.0022196732,0.09760927,0.027499998,0.00014203218,0.0045506875
2889,ravdess,10,03-01-05-01-02-02-10.wav,Angry,221,Angry,Neutral,False,0.7690625,0.15265442,0.062963486,0.00013537428,0.011182331,0.7690625,0.0013105138,0.0026913472
2890,ravdess,10,03-01-05-02-01-01-10.wav,Angry,218,Angry,Happy,False,0.7094622,0.26064262,0.0013617451,0.0058827195,0.7094622,0.0009056164,9.889632e-06,0.021735137
2891,ravdess,10,03-01-05-02-01-02-10.wav,Angry,247,Angry,Surprise,False,0.9639058,0.0007005742,0.00051102944,0.02370326,0.011171068,1.1645442e-06,7.111174e-06,0.9639058
2892,ravdess,10,03-01-05-02-02-01-10.wav,Angry,186,Angry,Happy,False,0.99394166,0.0011523477,6.741466e-06,0.003193031,0.99394166,1.1611911e-06,3.011563e-07,0.0017048779
2893,ravdess,10,03-01-05-02-02-02-10.wav,Angry,221,Angry,Angry,True,0.6403923,0.6403923,0.0015167309,0.20831011,0.027557947,0.0030585795,0.005854876,0.11330941
2894,ravdess,10,03-01-06-01-01-01-10.wav,Fear,148,Fear,Angry,False,0.82352215,0.82352215,3.3237397e-05,0.02011396,0.15609486,1.2022711e-05,6.7430534e-05,0.00015633366
2895,ravdess,10,03-01-06-01-01-02-10.wav,Fear,145,Fear,Angry,False,0.9944021,0.9944021,0.00012318893,0.00084703066,0.003470867,2.894308e-05,2.3033905e-05,0.0011048304
2896,ravdess,10,03-01-06-01-02-01-10.wav,Fear,167,Fear,Happy,False,0.9835917,0.013971167,4.3809396e-06,0.0023663854,0.9835917,1.4022883e-05,1.647868e-05,3.5825906e-05
2897,ravdess,10,03-01-06-01-02-02-10.wav,Fear,157,Fear,Angry,False,0.95609975,0.95609975,3.672401e-05,0.006521809,0.025788056,0.009437023,0.0003746855,0.0017419494
2898,ravdess,10,03-01-06-02-01-01-10.wav,Fear,154,Fear,Happy,False,0.65847033,0.08494944,0.00014667866,0.25403106,0.65847033,0.00022585118,4.3948767e-06,0.0021722827
2899,ravdess,10,03-01-06-02-01-02-10.wav,Fear,170,Fear,Angry,False,0.39670518,0.39670518,0.00032977224,0.24601515,0.3458892,0.0039990195,6.7169995e-06,0.0070549576
2900,ravdess,10,03-01-06-02-02-01-10.wav,Fear,189,Fear,Fear,True,0.4405162,0.28193894,0.0010460413,0.4405162,0.22544387,0.043740332,0.00024736876,0.007067229
2901,ravdess,10,03-01-06-02-02-02-10.wav,Fear,196,Fear,Fear,True,0.48792785,0.042886414,2.296247e-05,0.48792785,0.4666195,0.00030990737,1.3499905e-05,0.0022197985
2902,ravdess,10,03-01-07-01-01-01-10.wav,Disgust,180,Disgust,Happy,False,0.4811045,0.42895007,0.0068446877,0.006492189,0.4811045,0.03894329,3.030904e-05,0.03763492
2903,ravdess,10,03-01-07-01-01-02-10.wav,Disgust,231,Disgust,Angry,False,0.7917474,0.7917474,0.11953098,0.00016399316,0.07144159,0.008456951,0.0067270934,0.0019319506
2904,ravdess,10,03-01-07-01-02-01-10.wav,Disgust,199,Disgust,Angry,False,0.84254736,0.84254736,0.0002628829,0.053346347,0.016977808,0.05349061,0.0004996083,0.032875396
2905,ravdess,10,03-01-07-01-02-02-10.wav,Disgust,237,Disgust,Happy,False,0.48979768,0.45346177,0.0112467,0.005768002,0.48979768,0.002362887,0.027424464,0.009938543
2906,ravdess,10,03-01-07-02-01-01-10.wav,Disgust,273,Disgust,Surprise,False,0.94054574,0.0121944845,0.0019824372,0.008959895,0.036144484,4.6530263e-06,0.00016831444,0.94054574
2907,ravdess,10,03-01-07-02-01-02-10.wav,Disgust,266,Disgust,Surprise,False,0.8192652,0.018445848,0.00011849308,0.061547946,0.10045498,2.6042696e-06,0.00016488721,0.8192652
2908,ravdess,10,03-01-07-02-02-01-10.wav,Disgust,231,Disgust,Angry,False,0.53613937,0.53613937,0.06608266,0.00903945,0.37233004,0.010467054,0.0019580792,0.003983375
2909,ravdess,10,03-01-07-02-02-02-10.wav,Disgust,292,Disgust,Surprise,False,0.44880036,0.08109077,0.0072345193,0.028199838,0.43383852,5.733246e-05,0.0007787494,0.44880036
2910,ravdess,10,03-01-08-01-01-01-10.wav,Surprise,132,Surprise,Angry,False,0.66563064,0.66563064,0.00063979864,0.06602044,0.24373305,7.904302e-05,4.987668e-05,0.023847172
2911,ravdess,10,03-01-08-01-01-02-10.wav,Surprise,151,Surprise,Angry,False,0.93289775,0.93289775,0.00018420287,0.011407592,0.04920735,0.00011386234,4.855463e-05,0.006140738
2912,ravdess,10,03-01-08-01-02-01-10.wav,Surprise,161,Surprise,Fear,False,0.59966356,0.10524582,0.00021760783,0.59966356,0.18938695,0.0008131174,2.3700046e-05,0.10464919
2913,ravdess,10,03-01-08-01-02-02-10.wav,Surprise,161,Surprise,Happy,False,0.85438555,0.06376907,0.00010272885,0.0017071462,0.85438555,8.137767e-05,1.1759419e-05,0.079942375
2914,ravdess,10,03-01-08-02-01-01-10.wav,Surprise,161,Surprise,Happy,False,0.4007738,0.3354374,0.0006914755,0.2452802,0.4007738,0.0018812536,1.844026e-05,0.01591738
2915,ravdess,10,03-01-08-02-01-02-10.wav,Surprise,145,Surprise,Fear,False,0.7740827,0.08835715,0.00091938395,0.7740827,0.12449424,1.2010619e-05,2.3838682e-05,0.01211067
2916,ravdess,10,03-01-08-02-02-01-10.wav,Surprise,170,Surprise,Happy,False,0.916358,0.00015065513,3.0232445e-06,0.08046562,0.916358,1.3490473e-05,5.1393164e-07,0.003008599
2917,ravdess,10,03-01-08-02-02-02-10.wav,Surprise,157,Surprise,Fear,False,0.63795304,0.056961954,0.00030916734,0.63795304,0.300009,0.00040071466,1.6999584e-05,0.004349076
2918,ravdess,11,03-01-01-01-01-01-11.wav,Neutral,135,Neutral,Angry,False,0.6407563,0.6407563,0.010291121,0.0035384707,0.33013386,0.0013437951,0.0016915804,0.012244913
2919,ravdess,11,03-01-01-01-01-02-11.wav,Neutral,135,Neutral,Angry,False,0.96267956,0.96267956,0.00085959455,0.008934606,0.02612642,0.00092213723,4.2801505e-05,0.00043489196
2920,ravdess,11,03-01-01-01-02-01-11.wav,Neutral,141,Neutral,Angry,False,0.99629766,0.99629766,2.4704723e-05,0.0016793732,0.001568564,6.165367e-05,7.35655e-05,0.00029443463
2921,ravdess,11,03-01-01-01-02-02-11.wav,Neutral,221,Neutral,Disgust,False,0.94486946,0.01679131,0.94486946,0.00015924772,0.0011155341,0.022100804,0.014134317,0.00082924677
2922,ravdess,11,03-01-03-01-01-01-11.wav,Happy,122,Happy,Happy,True,0.6224029,0.34400833,0.0061840173,0.020851266,0.6224029,0.0046887235,0.00017268468,0.0016920639
2923,ravdess,11,03-01-03-01-01-02-11.wav,Happy,145,Happy,Happy,True,0.66518074,0.3113159,0.0002605428,0.019823305,0.66518074,0.0025708547,4.956477e-05,0.0007990409
2924,ravdess,11,03-01-03-01-02-01-11.wav,Happy,132,Happy,Angry,False,0.9750641,0.9750641,8.158837e-05,0.01808904,0.006421754,0.0001659521,1.9269826e-06,0.00017563174
2925,ravdess,11,03-01-03-01-02-02-11.wav,Happy,138,Happy,Angry,False,0.991732,0.991732,0.00018244168,0.0010989349,0.0040341904,0.0017067996,4.5552477e-07,0.0012452
2926,ravdess,11,03-01-03-02-01-01-11.wav,Happy,215,Happy,Angry,False,0.6761394,0.6761394,0.01721824,0.012518132,0.20971636,0.01658323,4.2694643e-05,0.06778193
2927,ravdess,11,03-01-03-02-01-02-11.wav,Happy,177,Happy,Fear,False,0.5782348,0.051576503,0.00034409418,0.5782348,0.24225233,0.04009148,5.7703187e-06,0.08749507
2928,ravdess,11,03-01-03-02-02-01-11.wav,Happy,196,Happy,Neutral,False,0.828951,0.06876277,0.009437135,0.04348891,0.04412642,0.828951,0.0007541018,0.0044796537
2929,ravdess,11,03-01-03-02-02-02-11.wav,Happy,157,Happy,Surprise,False,0.9432382,0.029620694,0.00027804647,0.00016167409,0.026553337,0.00014732995,7.535283e-07,0.9432382
2930,ravdess,11,03-01-04-01-01-01-11.wav,Sad,151,Sad,Angry,False,0.9804623,0.9804623,0.0005997951,0.0005147428,0.016865635,0.0014070167,5.7577827e-06,0.00014478329
2931,ravdess,11,03-01-04-01-01-02-11.wav,Sad,209,Sad,Angry,False,0.65295756,0.65295756,0.1160393,0.002699842,0.018917546,0.15323527,0.0039731287,0.052177284
2932,ravdess,11,03-01-04-01-02-01-11.wav,Sad,173,Sad,Angry,False,0.78571385,0.78571385,0.010712685,0.0071925237,0.0302113,0.153713,2.93853e-05,0.0124272695
2933,ravdess,11,03-01-04-01-02-02-11.wav,Sad,157,Sad,Angry,False,0.8221555,0.8221555,0.025986487,0.01731189,0.055195317,0.06951172,0.00012366213,0.009715411
2934,ravdess,11,03-01-04-02-01-01-11.wav,Sad,151,Sad,Angry,False,0.8206516,0.8206516,0.0028427925,0.008385562,0.14279787,0.0045651314,3.4015995e-06,0.020753557
2935,ravdess,11,03-01-04-02-01-02-11.wav,Sad,218,Sad,Angry,False,0.6009295,0.6009295,0.01663773,0.019256106,0.2962603,0.015423994,0.0001758029,0.051316544
2936,ravdess,11,03-01-04-02-02-01-11.wav,Sad,151,Sad,Angry,False,0.4833274,0.4833274,0.00077020377,0.0151896505,0.44160628,0.00033846125,2.9258795e-06,0.058765005
2937,ravdess,11,03-01-04-02-02-02-11.wav,Sad,202,Sad,Angry,False,0.5945952,0.5945952,0.028663538,0.00039658902,0.33266884,0.007119376,0.00032772135,0.03622872
2938,ravdess,11,03-01-05-01-01-01-11.wav,Angry,173,Angry,Happy,False,0.8843915,0.101873636,0.00015147644,0.0008371776,0.8843915,9.67863e-05,2.6947073e-06,0.012646739
2939,ravdess,11,03-01-05-01-01-02-11.wav,Angry,167,Angry,Angry,True,0.7683976,0.7683976,0.0002947215,0.00044211966,0.22947162,0.00046785045,2.7899575e-06,0.000923199
2940,ravdess,11,03-01-05-01-02-01-11.wav,Angry,161,Angry,Happy,False,0.71172076,0.19798072,0.0005591143,0.0015124937,0.71172076,4.5646877e-05,3.2212126e-06,0.088177964
2941,ravdess,11,03-01-05-01-02-02-11.wav,Angry,193,Angry,Angry,True,0.47836933,0.47836933,0.013269896,0.0008958764,0.072305575,0.042143326,3.892714e-05,0.39297712
2942,ravdess,11,03-01-05-02-01-01-11.wav,Angry,167,Angry,Angry,True,0.8317171,0.8317171,0.0013588294,0.0696251,0.053703584,0.0016734964,2.949615e-06,0.041918874
2943,ravdess,11,03-01-05-02-01-02-11.wav,Angry,205,Angry,Happy,False,0.9937092,0.0045071607,0.00010877536,0.0007425533,0.9937092,1.4417741e-05,1.2570731e-06,0.0009167665
2944,ravdess,11,03-01-05-02-02-01-11.wav,Angry,205,Angry,Angry,True,0.95970064,0.95970064,0.00048159837,0.004717491,0.032385696,0.00048445046,2.1962421e-06,0.002227855
2945,ravdess,11,03-01-05-02-02-02-11.wav,Angry,186,Angry,Angry,True,0.8038421,0.8038421,0.0035110696,0.010765104,0.1705471,0.00015532305,1.7757227e-05,0.011161557
2946,ravdess,11,03-01-06-01-01-01-11.wav,Fear,161,Fear,Angry,False,0.7545479,0.7545479,0.01388043,0.0058233836,0.21095803,0.008339206,2.4803809e-05,0.0064262715
2947,ravdess,11,03-01-06-01-01-02-11.wav,Fear,167,Fear,Angry,False,0.49205318,0.49205318,0.019074168,0.0049735126,0.26179978,0.19218588,7.02972e-05,0.029843109
2948,ravdess,11,03-01-06-01-02-01-11.wav,Fear,138,Fear,Angry,False,0.98342645,0.98342645,9.4411356e-05,0.00020500273,0.015488033,0.00019982576,6.813749e-07,0.00058563985
2949,ravdess,11,03-01-06-01-02-02-11.wav,Fear,138,Fear,Angry,False,0.98749137,0.98749137,0.00011979942,0.006713932,0.0041627306,0.0011896162,8.373691e-07,0.00032165827
2950,ravdess,11,03-01-06-02-01-01-11.wav,Fear,138,Fear,Fear,True,0.8350351,0.09516292,8.909296e-05,0.8350351,0.0644237,0.001038626,2.54728e-06,0.0042480407
2951,ravdess,11,03-01-06-02-01-02-11.wav,Fear,138,Fear,Angry,False,0.53440267,0.53440267,1.4332013e-05,0.44124058,0.023294702,0.00019844521,3.383452e-05,0.000815431
2952,ravdess,11,03-01-06-02-02-01-11.wav,Fear,125,Fear,Angry,False,0.97433484,0.97433484,8.02394e-06,0.0063544577,0.015471646,3.5380244e-06,6.1206306e-06,0.0038214528
2953,ravdess,11,03-01-06-02-02-02-11.wav,Fear,154,Fear,Happy,False,0.9955558,0.001081905,1.8103696e-06,0.0014038206,0.9955558,2.2327145e-08,2.8151942e-05,0.0019285084
2954,ravdess,11,03-01-07-01-01-01-11.wav,Disgust,186,Disgust,Happy,False,0.51773703,0.14030196,0.15760645,0.00031414823,0.51773703,0.17803696,0.0005294338,0.005474033
2955,ravdess,11,03-01-07-01-01-02-11.wav,Disgust,177,Disgust,Angry,False,0.3798813,0.3798813,0.16011186,0.0020079906,0.089313544,0.36139214,0.00010437588,0.0071888156
2956,ravdess,11,03-01-07-01-02-01-11.wav,Disgust,157,Disgust,Angry,False,0.9894365,0.9894365,0.00074339233,0.0007987165,0.004670013,0.0023805746,4.944222e-07,0.0019702709
2957,ravdess,11,03-01-07-01-02-02-11.wav,Disgust,196,Disgust,Neutral,False,0.5814319,0.40167126,0.013369286,0.00014229544,0.0010772182,0.5814319,7.568558e-06,0.0023004925
2958,ravdess,11,03-01-07-02-01-01-11.wav,Disgust,196,Disgust,Disgust,True,0.413158,0.2330053,0.413158,0.00080277136,0.14678977,0.19048806,0.00017909738,0.015576973
2959,ravdess,11,03-01-07-02-01-02-11.wav,Disgust,285,Disgust,Surprise,False,0.89241856,0.0991388,0.0009985695,0.003599149,0.0037946708,3.6796066e-06,4.6486093e-05,0.89241856
2960,ravdess,11,03-01-07-02-02-01-11.wav,Disgust,209,Disgust,Angry,False,0.8665889,0.8665889,0.0060961437,0.00012323172,0.00039408324,0.12664965,7.004183e-05,7.7907614e-05
2961,ravdess,11,03-01-07-02-02-02-11.wav,Disgust,202,Disgust,Neutral,False,0.68436927,0.261408,0.021535713,0.00023941613,0.0021080407,0.68436927,0.00019910288,0.030140476
2962,ravdess,11,03-01-08-01-01-01-11.wav,Surprise,122,Surprise,Happy,False,0.6964848,0.22573942,0.00092099915,0.06718293,0.6964848,0.00014273096,0.00019015292,0.009338996
2963,ravdess,11,03-01-08-01-01-02-11.wav,Surprise,125,Surprise,Happy,False,0.7925903,0.1264867,0.000121288096,0.08025693,0.7925903,5.6492703e-05,5.693904e-05,0.00043136606
2964,ravdess,11,03-01-08-01-02-01-11.wav,Surprise,129,Surprise,Angry,False,0.82902294,0.82902294,0.0011415199,0.112609796,0.039165255,0.0037071246,5.3128974e-06,0.014348014
2965,ravdess,11,03-01-08-01-02-02-11.wav,Surprise,116,Surprise,Angry,False,0.9980702,0.9980702,1.0135046e-05,0.0003799443,0.0009706577,7.099562e-07,1.1556066e-05,0.00055682426
2966,ravdess,11,03-01-08-02-01-01-11.wav,Surprise,119,Surprise,Angry,False,0.5374567,0.5374567,0.0002662051,0.017993331,0.44243303,0.00011444504,0.0001030106,0.0016332628
2967,ravdess,11,03-01-08-02-01-02-11.wav,Surprise,151,Surprise,Fear,False,0.93513846,0.012161799,5.2633397e-05,0.93513846,0.04526749,0.0006005969,4.7065428e-06,0.0067742104
2968,ravdess,11,03-01-08-02-02-01-11.wav,Surprise,119,Surprise,Angry,False,0.5056268,0.5056268,0.0003660558,0.3153788,0.16097069,2.9279006e-05,7.704249e-05,0.017551387
2969,ravdess,11,03-01-08-02-02-02-11.wav,Surprise,119,Surprise,Angry,False,0.8898698,0.8898698,8.5459305e-06,0.0013613105,0.107300505,5.3067015e-07,4.628095e-06,0.0014546681
2970,ravdess,12,03-01-01-01-01-01-12.wav,Neutral,177,Neutral,Angry,False,0.7845639,0.7845639,0.0065325005,0.003375236,0.01762768,0.01882372,0.00077062706,0.16830629
2971,ravdess,12,03-01-01-01-01-02-12.wav,Neutral,167,Neutral,Angry,False,0.8307719,0.8307719,0.0031637999,0.0008019585,0.1522384,0.0001665104,6.2148996e-05,0.012795361
2972,ravdess,12,03-01-01-01-02-01-12.wav,Neutral,173,Neutral,Surprise,False,0.74605674,0.012934906,0.0065093506,0.00016638036,0.2338813,0.00041704305,3.4335546e-05,0.74605674
2973,ravdess,12,03-01-01-01-02-02-12.wav,Neutral,180,Neutral,Surprise,False,0.36277503,0.24393955,0.035851326,0.0013874747,0.33901232,0.016702222,0.00033214124,0.36277503
2974,ravdess,12,03-01-03-01-01-01-12.wav,Happy,180,Happy,Fear,False,0.38267276,0.24449359,0.03626058,0.38267276,0.26225564,0.047315184,0.009499175,0.017503034
2975,ravdess,12,03-01-03-01-01-02-12.wav,Happy,183,Happy,Angry,False,0.595298,0.595298,0.027430076,0.034352757,0.3085948,0.008340953,0.0053492505,0.02063416
2976,ravdess,12,03-01-03-01-02-01-12.wav,Happy,157,Happy,Surprise,False,0.3267693,0.3086345,0.006557297,0.114306435,0.24291009,0.000110593006,0.00071178324,0.3267693
2977,ravdess,12,03-01-03-01-02-02-12.wav,Happy,183,Happy,Angry,False,0.43736404,0.43736404,0.004311668,0.0038664895,0.41095677,0.0019300655,0.00203764,0.13953336
2978,ravdess,12,03-01-03-02-01-01-12.wav,Happy,186,Happy,Happy,True,0.9504444,0.019101312,0.00018731026,0.022550147,0.9504444,0.0009694217,1.5696247e-06,0.0067459033
2979,ravdess,12,03-01-03-02-01-02-12.wav,Happy,193,Happy,Happy,True,0.8297584,0.084333174,0.00023847558,0.06794839,0.8297584,0.001366376,8.3808567e-07,0.016354263
2980,ravdess,12,03-01-03-02-02-01-12.wav,Happy,189,Happy,Fear,False,0.7135469,0.1981037,0.00040294346,0.7135469,0.086882666,0.00064690306,0.00016265443,0.00025434518
2981,ravdess,12,03-01-03-02-02-02-12.wav,Happy,202,Happy,Surprise,False,0.7494546,0.061687518,0.00051519845,0.026772264,0.0149056325,0.14635411,0.00031058575,0.7494546
2982,ravdess,12,03-01-04-01-01-01-12.wav,Sad,173,Sad,Angry,False,0.96559674,0.96559674,0.00016060352,0.0020076265,0.030427538,0.0010154512,6.8223717e-06,0.0007853064
2983,ravdess,12,03-01-04-01-01-02-12.wav,Sad,258,Sad,Angry,False,0.8955943,0.8955943,0.03824353,0.0005585573,0.001492753,0.00015545863,0.045365877,0.018589526
2984,ravdess,12,03-01-04-01-02-01-12.wav,Sad,170,Sad,Happy,False,0.5400954,0.39615375,0.00071312545,0.059002157,0.5400954,0.0020535672,0.00040242015,0.0015795652
2985,ravdess,12,03-01-04-01-02-02-12.wav,Sad,170,Sad,Angry,False,0.6507309,0.6507309,0.000100624085,0.0074617406,0.34135073,0.00015926502,5.112886e-06,0.0001915905
2986,ravdess,12,03-01-04-02-01-01-12.wav,Sad,180,Sad,Happy,False,0.86786914,0.011061259,0.0021152678,0.011008315,0.86786914,0.0010420614,4.327662e-06,0.10689956
2987,ravdess,12,03-01-04-02-01-02-12.wav,Sad,177,Sad,Happy,False,0.82890177,0.05166646,0.0004739424,0.037707422,0.82890177,0.0008231986,1.0537192e-06,0.08042601
2988,ravdess,12,03-01-04-02-02-01-12.wav,Sad,278,Sad,Surprise,False,0.9221393,0.035825774,0.0004974357,0.015195373,0.026008816,1.1150768e-06,0.0003322116,0.9221393
2989,ravdess,12,03-01-04-02-02-02-12.wav,Sad,193,Sad,Surprise,False,0.88009715,0.0009894042,0.00023318348,0.00015300978,0.10392084,0.014585636,2.0819105e-05,0.88009715
2990,ravdess,12,03-01-05-01-01-01-12.wav,Angry,237,Angry,Disgust,False,0.96171397,0.03334079,0.96171397,3.2837002e-06,0.0032025136,4.4397116e-06,0.00019596821,0.0015389697
2991,ravdess,12,03-01-05-01-01-02-12.wav,Angry,202,Angry,Happy,False,0.5758189,0.234196,0.0796171,0.00063701323,0.5758189,0.0039860215,7.934101e-05,0.10566566
2992,ravdess,12,03-01-05-01-02-01-12.wav,Angry,193,Angry,Happy,False,0.9881088,0.0051538604,0.0006304854,0.00014983819,0.9881088,0.00010224921,8.054981e-06,0.0058466396
2993,ravdess,12,03-01-05-01-02-02-12.wav,Angry,196,Angry,Happy,False,0.91869324,0.016840957,0.0096416185,0.002589377,0.91869324,0.00263174,8.119319e-06,0.049594875
2994,ravdess,12,03-01-05-02-01-01-12.wav,Angry,170,Angry,Angry,True,0.65413654,0.65413654,7.630975e-05,0.0771554,0.23912056,0.00043486062,4.21137e-06,0.029072115
2995,ravdess,12,03-01-05-02-01-02-12.wav,Angry,205,Angry,Happy,False,0.55905956,0.0037046513,0.00012040702,0.085249595,0.55905956,1.0230025e-06,5.1622956e-05,0.35181317
2996,ravdess,12,03-01-05-02-02-01-12.wav,Angry,183,Angry,Happy,False,0.99827707,0.0015349108,6.780615e-06,1.2133976e-05,0.99827707,3.5175506e-07,8.534404e-08,0.00016860993
2997,ravdess,12,03-01-05-02-02-02-12.wav,Angry,247,Angry,Surprise,False,0.41436937,0.24644479,0.0048693162,0.006415012,0.32773823,3.7153357e-05,0.00012616736,0.41436937
2998,ravdess,12,03-01-06-01-01-01-12.wav,Fear,244,Fear,Disgust,False,0.48040944,0.3159346,0.48040944,6.782377e-05,0.18929662,1.4346308e-05,0.0031786724,0.011098461
2999,ravdess,12,03-01-06-01-01-02-12.wav,Fear,164,Fear,Happy,False,0.9430889,0.05563731,0.00018319848,7.334948e-05,0.9430889,1.3267342e-06,1.2454033e-06,0.0010146076
3000,ravdess,12,03-01-06-01-02-01-12.wav,Fear,151,Fear,Happy,False,0.9382725,0.05342098,3.4141074e-05,0.004729873,0.9382725,1.2822993e-05,7.865705e-06,0.0035218704
3001,ravdess,12,03-01-06-01-02-02-12.wav,Fear,138,Fear,Happy,False,0.8047977,0.19088186,5.4450353e-05,0.0016786016,0.8047977,1.1269814e-06,7.6932465e-06,0.0025786078
3002,ravdess,12,03-01-06-02-01-01-12.wav,Fear,218,Fear,Surprise,False,0.50900656,0.017607661,0.00030770706,0.10275435,0.36881253,0.00041025592,0.0011009618,0.50900656
3003,ravdess,12,03-01-06-02-01-02-12.wav,Fear,218,Fear,Fear,True,0.4358466,0.011791265,0.00024217636,0.4358466,0.35223362,0.00047489456,0.010866129,0.18854532
3004,ravdess,12,03-01-06-02-02-01-12.wav,Fear,161,Fear,Angry,False,0.46559626,0.46559626,0.0006136026,0.2526771,0.2481085,0.0011725249,6.921998e-05,0.031762727
3005,ravdess,12,03-01-06-02-02-02-12.wav,Fear,231,Fear,Fear,True,0.7555205,0.048111618,0.0006515314,0.7555205,0.07800605,0.002553639,0.009846705,0.105309874
3006,ravdess,12,03-01-07-01-01-01-12.wav,Disgust,186,Disgust,Happy,False,0.8526532,0.096290655,0.037472438,0.00012079794,0.8526532,0.00028237997,0.0005703971,0.012610124
3007,ravdess,12,03-01-07-01-01-02-12.wav,Disgust,282,Disgust,Surprise,False,0.78779113,0.11079837,0.024556007,0.042295597,0.03016703,5.2795498e-05,0.0043390994,0.78779113
3008,ravdess,12,03-01-07-01-02-01-12.wav,Disgust,177,Disgust,Happy,False,0.68360853,0.2641323,0.008292053,0.00015659716,0.68360853,8.418807e-05,4.0506322e-05,0.043685872
3009,ravdess,12,03-01-07-01-02-02-12.wav,Disgust,189,Disgust,Happy,False,0.9996791,3.3473905e-05,0.00021330755,1.1659426e-05,0.9996791,7.4821987e-06,2.3186199e-06,5.266376e-05
3010,ravdess,12,03-01-07-02-01-01-12.wav,Disgust,237,Disgust,Happy,False,0.6668385,0.023499303,0.22122559,0.00031316507,0.6668385,1.370817e-06,0.00010412994,0.08801786
3011,ravdess,12,03-01-07-02-01-02-12.wav,Disgust,266,Disgust,Surprise,False,0.71090287,0.03832045,0.0015844894,0.0026112704,0.24652451,4.4527037e-06,5.1926752e-05,0.71090287
3012,ravdess,12,03-01-07-02-02-01-12.wav,Disgust,314,Disgust,Surprise,False,0.6053411,0.30168077,0.08110761,0.0025321092,0.005222617,7.367052e-05,0.004042087,0.6053411
3013,ravdess,12,03-01-07-02-02-02-12.wav,Disgust,205,Disgust,Happy,False,0.9657624,0.00046501312,0.00084834965,0.031183988,0.9657624,0.00016859102,0.00018788612,0.0013837542
3014,ravdess,12,03-01-08-01-01-01-12.wav,Surprise,167,Surprise,Happy,False,0.68429834,0.15968888,0.0034057691,0.14189881,0.68429834,0.00016590755,2.4826693e-05,0.010517479
3015,ravdess,12,03-01-08-01-01-02-12.wav,Surprise,167,Surprise,Happy,False,0.99991906,6.98003e-06,3.444838e-07,2.853949e-07,0.99991906,9.439863e-10,2.3190792e-08,7.3373696e-05
3016,ravdess,12,03-01-08-01-02-01-12.wav,Surprise,151,Surprise,Fear,False,0.9294935,0.0045564733,5.2422853e-05,0.9294935,0.057328936,0.0021963667,6.3506286e-07,0.006371704
3017,ravdess,12,03-01-08-01-02-02-12.wav,Surprise,164,Surprise,Fear,False,0.37166446,0.2787259,0.00041408106,0.37166446,0.33982998,0.0019311048,9.4026916e-07,0.007433473
3018,ravdess,12,03-01-08-02-01-01-12.wav,Surprise,173,Surprise,Happy,False,0.9657608,0.0030753205,1.6153768e-05,0.0027678334,0.9657608,1.4312014e-06,5.649676e-08,0.02837835
3019,ravdess,12,03-01-08-02-01-02-12.wav,Surprise,180,Surprise,Happy,False,0.9810323,0.016601015,2.958405e-05,0.0018410772,0.9810323,2.1347857e-06,1.4545226e-07,0.0004936394
3020,ravdess,12,03-01-08-02-02-01-12.wav,Surprise,180,Surprise,Angry,False,0.8975616,0.8975616,0.0009082928,0.00020361855,0.08718167,0.00036270556,4.2681055e-05,0.013739392
3021,ravdess,12,03-01-08-02-02-02-12.wav,Surprise,170,Surprise,Happy,False,0.7851041,0.045273364,0.00032158024,0.0071088807,0.7851041,3.2166445e-05,2.3948783e-06,0.16215755
3022,ravdess,13,03-01-01-01-01-01-13.wav,Neutral,129,Neutral,Angry,False,0.6296979,0.6296979,0.00798075,0.016343577,0.32852826,0.014451047,0.00023305112,0.0027653927
3023,ravdess,13,03-01-01-01-01-02-13.wav,Neutral,132,Neutral,Angry,False,0.92325866,0.92325866,0.0017091804,0.0030098122,0.07056634,0.000985492,2.4628082e-05,0.00044597842
3024,ravdess,13,03-01-01-01-02-01-13.wav,Neutral,122,Neutral,Angry,False,0.9877949,0.9877949,0.00035672836,0.0027691703,0.008604557,0.0002986987,3.4426103e-06,0.00017256419
3025,ravdess,13,03-01-01-01-02-02-13.wav,Neutral,125,Neutral,Angry,False,0.88031757,0.88031757,0.0014487244,0.020224912,0.091078706,0.0024640167,1.8167315e-05,0.00444788
3026,ravdess,13,03-01-03-01-01-01-13.wav,Happy,135,Happy,Angry,False,0.97888833,0.97888833,0.00036015612,0.010590122,0.008780524,0.0010723005,4.1876947e-06,0.00030442866
3027,ravdess,13,03-01-03-01-01-02-13.wav,Happy,135,Happy,Angry,False,0.95119643,0.95119643,0.0009895004,0.017961996,0.025443897,0.0027377598,1.0296214e-05,0.0016601986
3028,ravdess,13,03-01-03-01-02-01-13.wav,Happy,125,Happy,Angry,False,0.99164176,0.99164176,0.00032220263,0.0030925244,0.0041565914,0.0005306005,1.6909995e-06,0.00025449318
3029,ravdess,13,03-01-03-01-02-02-13.wav,Happy,141,Happy,Angry,False,0.8890546,0.8890546,0.0005903278,0.010622435,0.09438593,0.0005459499,4.0086447e-06,0.0047967257
3030,ravdess,13,03-01-03-02-01-01-13.wav,Happy,164,Happy,Happy,True,0.6176302,0.36548755,0.0011825436,0.007249466,0.6176302,0.0030088131,3.006401e-06,0.0054384535
3031,ravdess,13,03-01-03-02-01-02-13.wav,Happy,205,Happy,Happy,True,0.5530564,0.34958592,0.044740714,0.021910768,0.5530564,0.0023909733,4.1458723e-05,0.028273653
3032,ravdess,13,03-01-03-02-02-01-13.wav,Happy,154,Happy,Happy,True,0.42778093,0.29137364,6.16771e-05,0.25332102,0.42778093,0.0003092297,1.3099361e-06,0.0271521
3033,ravdess,13,03-01-03-02-02-02-13.wav,Happy,148,Happy,Angry,False,0.61985195,0.61985195,9.363565e-05,0.14741622,0.1733536,0.0007945648,1.0041634e-06,0.058489017
3034,ravdess,13,03-01-04-01-01-01-13.wav,Sad,173,Sad,Happy,False,0.54707545,0.445144,0.0021457733,0.001480393,0.54707545,0.0017142481,1.1067738e-05,0.0024290115
3035,ravdess,13,03-01-04-01-01-02-13.wav,Sad,170,Sad,Angry,False,0.7582047,0.7582047,0.010883114,0.002489736,0.22215626,0.0042929277,2.6495596e-05,0.001946785
3036,ravdess,13,03-01-04-01-02-01-13.wav,Sad,157,Sad,Angry,False,0.98823255,0.98823255,0.00031784014,0.0013107525,0.00987056,0.00011365138,1.2983617e-06,0.00015334152
3037,ravdess,13,03-01-04-01-02-02-13.wav,Sad,151,Sad,Angry,False,0.9726906,0.9726906,0.0002425992,0.0024580243,0.024036646,0.0002127061,2.0578957e-06,0.00035745132
3038,ravdess,13,03-01-04-02-01-01-13.wav,Sad,141,Sad,Angry,False,0.96561086,0.96561086,0.0002452205,0.008403269,0.024027875,0.00048102124,2.415566e-06,0.0012293955
3039,ravdess,13,03-01-04-02-01-02-13.wav,Sad,145,Sad,Angry,False,0.8322558,0.8322558,0.00046324634,0.0061113187,0.15857609,0.0021337261,1.4072389e-05,0.00044586175
3040,ravdess,13,03-01-04-02-02-01-13.wav,Sad,161,Sad,Angry,False,0.9868485,0.9868485,0.00014338909,0.006107447,0.0064842696,0.0003302473,1.2195587e-06,8.486421e-05
3041,ravdess,13,03-01-04-02-02-02-13.wav,Sad,145,Sad,Angry,False,0.91958684,0.91958684,0.0003127923,0.0050295005,0.0700213,0.00036426992,8.106723e-05,0.0046042944
3042,ravdess,13,03-01-05-01-01-01-13.wav,Angry,157,Angry,Angry,True,0.8702394,0.8702394,0.001472981,0.007487708,0.118934505,0.0011510479,2.672768e-06,0.00071163586
3043,ravdess,13,03-01-05-01-01-02-13.wav,Angry,167,Angry,Happy,False,0.5373832,0.39768863,0.00039338125,0.05173218,0.5373832,0.005832544,5.0064e-06,0.0069650705
3044,ravdess,13,03-01-05-01-02-01-13.wav,Angry,170,Angry,Angry,True,0.9913448,0.9913448,0.00033202482,0.0021011299,0.004906125,0.0003859516,8.7619867e-07,0.00092912564
3045,ravdess,13,03-01-05-01-02-02-13.wav,Angry,151,Angry,Angry,True,0.7696305,0.7696305,0.004105643,0.0048495494,0.11924442,0.00065325847,1.6809582e-06,0.10151488
3046,ravdess,13,03-01-05-02-01-01-13.wav,Angry,170,Angry,Fear,False,0.9396117,0.02349319,0.00019942291,0.9396117,0.024236249,0.0010059308,5.42571e-07,0.011452972
3047,ravdess,13,03-01-05-02-01-02-13.wav,Angry,234,Angry,Surprise,False,0.9655888,0.01617137,0.015345698,0.0011811943,0.0006881919,0.0010243845,2.8923216e-07,0.9655888
3048,ravdess,13,03-01-05-02-02-01-13.wav,Angry,177,Angry,Angry,True,0.77587867,0.77587867,4.0642724e-05,0.0649785,0.148853,0.00025142232,2.020362e-06,0.009995779
3049,ravdess,13,03-01-05-02-02-02-13.wav,Angry,225,Angry,Surprise,False,0.95594496,0.04095722,0.0013712997,0.0004786868,0.0012112111,3.661533e-05,8.214446e-08,0.95594496
3050,ravdess,13,03-01-06-01-01-01-13.wav,Fear,129,Fear,Angry,False,0.8925895,0.8925895,0.0020539446,0.034591872,0.056095418,0.012989268,4.1008378e-05,0.001638998
3051,ravdess,13,03-01-06-01-01-02-13.wav,Fear,132,Fear,Happy,False,0.6543122,0.33318362,0.00617557,0.0005463102,0.6543122,0.0021121847,2.4043791e-05,0.0036461118
3052,ravdess,13,03-01-06-01-02-01-13.wav,Fear,135,Fear,Angry,False,0.96455085,0.96455085,0.00017574462,0.013340296,0.020779248,0.0004651321,7.6751144e-07,0.0006880198
3053,ravdess,13,03-01-06-01-02-02-13.wav,Fear,138,Fear,Angry,False,0.95192397,0.95192397,0.00030976633,0.032525856,0.011251153,0.0006252572,1.5440361e-06,0.003362397
3054,ravdess,13,03-01-06-02-01-01-13.wav,Fear,151,Fear,Angry,False,0.62572706,0.62572706,0.00078049273,0.12954316,0.22856212,0.010575103,2.6506423e-05,0.004785584
3055,ravdess,13,03-01-06-02-01-02-13.wav,Fear,145,Fear,Happy,False,0.61725014,0.082510486,4.1263338e-05,0.29943937,0.61725014,0.00010843289,3.976001e-06,0.00064632646
3056,ravdess,13,03-01-06-02-02-01-13.wav,Fear,164,Fear,Happy,False,0.87777597,0.014581307,3.640541e-05,0.09982809,0.87777597,0.0002061563,1.120865e-06,0.0075709717
3057,ravdess,13,03-01-06-02-02-02-13.wav,Fear,138,Fear,Angry,False,0.98566055,0.98566055,0.00016737827,0.006508943,0.0070467577,0.0003425247,2.6991713e-06,0.00027118216
3058,ravdess,13,03-01-07-01-01-01-13.wav,Disgust,135,Disgust,Angry,False,0.8390142,0.8390142,0.0041981563,0.0029442562,0.14592166,0.006601772,0.00014667692,0.0011733164
3059,ravdess,13,03-01-07-01-01-02-13.wav,Disgust,135,Disgust,Angry,False,0.987129,0.987129,0.00033308103,0.0032174208,0.0075354995,0.0014741801,1.985264e-06,0.00030883262
3060,ravdess,13,03-01-07-01-02-01-13.wav,Disgust,145,Disgust,Angry,False,0.97556907,0.97556907,0.00513324,0.0021461577,0.0045415484,0.008865299,4.755076e-06,0.0037399752
3061,ravdess,13,03-01-07-01-02-02-13.wav,Disgust,141,Disgust,Angry,False,0.9649621,0.9649621,0.0021429546,0.0075133014,0.014552246,0.009817867,1.0224073e-05,0.0010012983
3062,ravdess,13,03-01-07-02-01-01-13.wav,Disgust,161,Disgust,Happy,False,0.67491645,0.25341788,0.041063607,0.001019469,0.67491645,0.003332072,7.5829894e-06,0.026242977
3063,ravdess,13,03-01-07-02-01-02-13.wav,Disgust,202,Disgust,Angry,False,0.6382895,0.6382895,0.0065660565,0.0022128762,0.25427023,0.01626128,2.9565801e-05,0.08237053
3064,ravdess,13,03-01-07-02-02-01-13.wav,Disgust,154,Disgust,Angry,False,0.86129016,0.86129016,0.015097152,0.028027246,0.010037819,0.03513169,1.7359968e-06,0.050414175
3065,ravdess,13,03-01-07-02-02-02-13.wav,Disgust,157,Disgust,Angry,False,0.95945334,0.95945334,0.0015690782,0.0019197083,0.016537694,0.008240663,5.036708e-07,0.012278987
3066,ravdess,13,03-01-08-01-01-01-13.wav,Surprise,151,Surprise,Angry,False,0.7058185,0.7058185,0.00069715676,0.15018788,0.13926515,0.0001910009,8.427081e-06,0.0038318872
3067,ravdess,13,03-01-08-01-01-02-13.wav,Surprise,129,Surprise,Fear,False,0.5355379,0.45533445,0.00013097968,0.5355379,0.008414473,0.00014245886,3.9611778e-06,0.00043578944
3068,ravdess,13,03-01-08-01-02-01-13.wav,Surprise,129,Surprise,Angry,False,0.7225726,0.7225726,0.0042494666,0.09386577,0.102300316,0.03242063,8.348032e-06,0.044582844
3069,ravdess,13,03-01-08-01-02-02-13.wav,Surprise,119,Surprise,Fear,False,0.9251624,0.028546134,0.00067250297,0.9251624,0.00519124,0.0023112928,2.0461105e-06,0.0381145
3070,ravdess,13,03-01-08-02-01-01-13.wav,Surprise,145,Surprise,Angry,False,0.7148973,0.7148973,0.0046415376,0.056737885,0.10963621,0.008506399,2.8376107e-06,0.1055779
3071,ravdess,13,03-01-08-02-01-02-13.wav,Surprise,148,Surprise,Angry,False,0.78575397,0.78575397,0.0012522105,0.0057688295,0.20506723,0.0011078555,6.6496777e-06,0.0010433147
3072,ravdess,13,03-01-08-02-02-01-13.wav,Surprise,148,Surprise,Angry,False,0.7126867,0.7126867,0.0003637894,0.002135412,0.15238565,7.381384e-05,1.7033385e-06,0.1323529
3073,ravdess,13,03-01-08-02-02-02-13.wav,Surprise,145,Surprise,Surprise,True,0.7564921,0.20709525,0.0003839897,0.0009463164,0.0350575,2.4049188e-05,8.797296e-07,0.7564921
3074,ravdess,14,03-01-01-01-01-01-14.wav,Neutral,157,Neutral,Angry,False,0.8770533,0.8770533,0.0031887474,0.0015609903,0.10434587,4.4082904e-06,0.011159545,0.0026871313
3075,ravdess,14,03-01-01-01-01-02-14.wav,Neutral,145,Neutral,Angry,False,0.9953915,0.9953915,0.00025682783,0.0009866684,0.0025058598,1.128527e-05,0.00041968774,0.000428285
3076,ravdess,14,03-01-01-01-02-01-14.wav,Neutral,154,Neutral,Angry,False,0.8545028,0.8545028,0.000102911625,0.045425188,0.098627076,0.00018854711,3.654917e-06,0.0011499107
3077,ravdess,14,03-01-01-01-02-02-14.wav,Neutral,164,Neutral,Angry,False,0.43336073,0.43336073,0.00010828651,0.3124816,0.25015843,0.0007333492,3.5713376e-06,0.0031540205
3078,ravdess,14,03-01-03-01-01-01-14.wav,Happy,186,Happy,Fear,False,0.4824074,0.13036188,8.554744e-05,0.4824074,0.23548615,0.0035287044,1.1619715e-06,0.14812917
3079,ravdess,14,03-01-03-01-01-02-14.wav,Happy,177,Happy,Fear,False,0.49379608,0.15256141,0.0009380755,0.49379608,0.22733608,0.019861693,3.2428484e-06,0.10550349
3080,ravdess,14,03-01-03-01-02-01-14.wav,Happy,141,Happy,Happy,True,0.7229518,0.10842064,7.5552807e-06,0.16721372,0.7229518,2.1895356e-05,2.1754063e-06,0.001382193
3081,ravdess,14,03-01-03-01-02-02-14.wav,Happy,157,Happy,Angry,False,0.715,0.715,0.0001411358,0.20252351,0.0795568,0.00040673572,5.286069e-07,0.00237131
3082,ravdess,14,03-01-03-02-01-01-14.wav,Happy,199,Happy,Surprise,False,0.9601599,0.004584488,0.0020411988,0.030545108,0.00032781,0.0023406723,8.473267e-07,0.9601599
3083,ravdess,14,03-01-03-02-01-02-14.wav,Happy,186,Happy,Surprise,False,0.7841945,0.19722095,0.0023862154,0.0094901435,0.0039106826,0.0027965289,9.859988e-07,0.7841945
3084,ravdess,14,03-01-03-02-02-01-14.wav,Happy,183,Happy,Happy,True,0.70239204,0.01854421,0.010028022,0.016323412,0.70239204,0.094737485,0.0003565014,0.1576183
3085,ravdess,14,03-01-03-02-02-02-14.wav,Happy,199,Happy,Happy,True,0.42529133,0.18279259,0.00043863902,0.03030317,0.42529133,0.019294044,3.030089e-05,0.34184992
3086,ravdess,14,03-01-04-01-01-01-14.wav,Sad,202,Sad,Happy,False,0.9435098,0.0023213956,0.009207094,0.00039638966,0.9435098,0.005258637,0.003307768,0.035998903
3087,ravdess,14,03-01-04-01-01-02-14.wav,Sad,170,Sad,Angry,False,0.52469516,0.52469516,0.0005083184,0.0015605402,0.46817967,0.0028259298,8.36557e-05,0.0021466957
3088,ravdess,14,03-01-04-01-02-01-14.wav,Sad,183,Sad,Angry,False,0.66410434,0.66410434,0.00047138752,0.2548183,0.06416569,0.01339417,0.00024018704,0.0028059045
3089,ravdess,14,03-01-04-01-02-02-14.wav,Sad,157,Sad,Happy,False,0.9225159,0.07717016,2.4874398e-05,0.00022801846,0.9225159,4.3371974e-06,3.803511e-06,5.2846197e-05
3090,ravdess,14,03-01-04-02-01-01-14.wav,Sad,193,Sad,Happy,False,0.9922822,0.0011623396,0.0006360864,0.0001690719,0.9922822,0.00036479067,3.3524223e-06,0.005382141
3091,ravdess,14,03-01-04-02-01-02-14.wav,Sad,173,Sad,Happy,False,0.96237457,0.029932039,0.0012769254,0.0031488652,0.96237457,7.962189e-05,4.409047e-05,0.0031439366
3092,ravdess,14,03-01-04-02-02-01-14.wav,Sad,173,Sad,Happy,False,0.9675464,0.030638505,2.821155e-05,0.0011983308,0.9675464,7.721609e-06,3.154242e-07,0.00058045244
3093,ravdess,14,03-01-04-02-02-02-14.wav,Sad,196,Sad,Angry,False,0.53922594,0.53922594,0.00038282925,0.0035876282,0.45551807,0.0002365228,1.7080826e-06,0.0010472304
3094,ravdess,14,03-01-05-01-01-01-14.wav,Angry,157,Angry,Happy,False,0.9989588,0.0010117076,4.179045e-06,1.5488015e-06,0.9989588,9.811709e-08,2.4853006e-07,2.335283e-05
3095,ravdess,14,03-01-05-01-01-02-14.wav,Angry,173,Angry,Happy,False,0.99072546,0.008388667,3.4874247e-05,0.000108532964,0.99072546,1.01902615e-05,3.484738e-07,0.00073194114
3096,ravdess,14,03-01-05-01-02-01-14.wav,Angry,170,Angry,Happy,False,0.99976677,0.00018999832,1.2032273e-06,7.4820205e-06,0.99976677,5.452921e-07,1.2475255e-08,3.4009638e-05
3097,ravdess,14,03-01-05-01-02-02-14.wav,Angry,193,Angry,Happy,False,0.89120305,0.07438465,0.0001552638,0.012592156,0.89120305,0.0030173012,1.9917901e-05,0.018627683
3098,ravdess,14,03-01-05-02-01-01-14.wav,Angry,225,Angry,Angry,True,0.92890024,0.92890024,0.01616411,0.01566952,0.019814879,0.0053467257,1.38669875e-05,0.01409069
3099,ravdess,14,03-01-05-02-01-02-14.wav,Angry,234,Angry,Surprise,False,0.8835132,0.09979749,0.0016824988,0.00023167048,0.013775751,0.0009963791,3.0620015e-06,0.8835132
3100,ravdess,14,03-01-05-02-02-01-14.wav,Angry,212,Angry,Happy,False,0.76461405,0.08288634,0.00080572587,0.0049731275,0.76461405,0.003743348,4.3376426e-07,0.14297704
3101,ravdess,14,03-01-05-02-02-02-14.wav,Angry,237,Angry,Happy,False,0.77569634,0.14150634,0.015677,0.004787527,0.77569634,0.006365834,1.3245311e-05,0.055953722
3102,ravdess,14,03-01-06-01-01-01-14.wav,Fear,180,Fear,Angry,False,0.95427793,0.95427793,0.00031685943,0.013182743,0.030693656,0.00018774428,0.00043445695,0.00090662565
3103,ravdess,14,03-01-06-01-01-02-14.wav,Fear,202,Fear,Angry,False,0.7513581,0.7513581,0.00053681136,0.14143056,0.10233564,0.0006662131,0.00021172936,0.0034609651
3104,ravdess,14,03-01-06-01-02-01-14.wav,Fear,145,Fear,Angry,False,0.97928655,0.97928655,2.531632e-05,0.009890514,0.010722841,2.2609953e-05,2.4251665e-05,2.7842745e-05
3105,ravdess,14,03-01-06-01-02-02-14.wav,Fear,141,Fear,Angry,False,0.8590687,0.8590687,2.9528936e-05,0.013504707,0.12718643,3.078478e-05,8.3382765e-06,0.00017155854
3106,ravdess,14,03-01-06-02-01-01-14.wav,Fear,141,Fear,Angry,False,0.94774485,0.94774485,5.1960113e-05,0.005159991,0.046836838,1.7324144e-05,1.5990347e-06,0.00018744438
3107,ravdess,14,03-01-06-02-01-02-14.wav,Fear,138,Fear,Happy,False,0.5671299,0.38622913,7.1532944e-05,0.045432612,0.5671299,0.0001145069,7.3833594e-06,0.0010149449
3108,ravdess,14,03-01-06-02-02-01-14.wav,Fear,148,Fear,Angry,False,0.5243805,0.5243805,5.8336744e-05,0.010766451,0.46177545,0.0012309364,4.7211925e-06,0.0017836392
3109,ravdess,14,03-01-06-02-02-02-14.wav,Fear,151,Fear,Angry,False,0.6994984,0.6994984,0.00040651672,0.117892474,0.1750533,0.0064461064,6.305511e-05,0.0006401947
3110,ravdess,14,03-01-07-01-01-01-14.wav,Disgust,212,Disgust,Happy,False,0.894118,0.09696428,0.004269332,0.0018423526,0.894118,0.0018220247,9.057608e-05,0.0008933998
3111,ravdess,14,03-01-07-01-01-02-14.wav,Disgust,177,Disgust,Angry,False,0.9682639,0.9682639,0.0001366951,0.0006826541,0.03066682,3.1024992e-05,1.2126451e-06,0.00021768056
3112,ravdess,14,03-01-07-01-02-01-14.wav,Disgust,186,Disgust,Angry,False,0.80753475,0.80753475,0.00021364844,0.0031669736,0.18670303,0.0006748592,3.350413e-05,0.0016732219
3113,ravdess,14,03-01-07-01-02-02-14.wav,Disgust,186,Disgust,Happy,False,0.96131855,0.02918963,0.0013564975,0.004868746,0.96131855,4.2051237e-05,2.416849e-06,0.00322219
3114,ravdess,14,03-01-07-02-01-01-14.wav,Disgust,205,Disgust,Angry,False,0.97908884,0.97908884,0.0007291474,0.0040262043,0.01302479,0.0004869601,3.9584856e-06,0.0026401335
3115,ravdess,14,03-01-07-02-01-02-14.wav,Disgust,186,Disgust,Angry,False,0.9602466,0.9602466,0.0010160503,0.0009003097,0.03733477,0.00011604035,1.9190677e-06,0.00038437528
3116,ravdess,14,03-01-07-02-02-01-14.wav,Disgust,177,Disgust,Angry,False,0.72172624,0.72172624,0.00054119865,0.024926228,0.2466381,0.0038499036,2.4064202e-05,0.002294342
3117,ravdess,14,03-01-07-02-02-02-14.wav,Disgust,186,Disgust,Angry,False,0.78619367,0.78619367,0.00047550953,0.008932438,0.20407069,0.0001548846,3.5749348e-05,0.00013698795
3118,ravdess,14,03-01-08-01-01-01-14.wav,Surprise,173,Surprise,Fear,False,0.7511597,0.009230474,0.027018806,0.7511597,0.1881325,0.00089648494,8.48284e-05,0.023477184
3119,ravdess,14,03-01-08-01-01-02-14.wav,Surprise,167,Surprise,Surprise,True,0.71900576,0.0049666944,0.011593396,0.13938951,0.12498481,4.711475e-05,1.2690272e-05,0.71900576
3120,ravdess,14,03-01-08-01-02-01-14.wav,Surprise,129,Surprise,Angry,False,0.79433024,0.79433024,0.00075763464,0.16617194,0.016296444,6.575413e-05,2.5151892e-06,0.022375466
3121,ravdess,14,03-01-08-01-02-02-14.wav,Surprise,141,Surprise,Angry,False,0.80626196,0.80626196,6.463112e-05,0.18751614,0.0031344157,1.6272706e-05,2.6609024e-07,0.0030063256
3122,ravdess,14,03-01-08-02-01-01-14.wav,Surprise,205,Surprise,Happy,False,0.95528036,0.0023881323,0.0026510155,0.012070485,0.95528036,0.00079288584,7.568919e-05,0.026741397
3123,ravdess,14,03-01-08-02-01-02-14.wav,Surprise,173,Surprise,Happy,False,0.9826974,0.008276776,0.00011781913,0.0049384627,0.9826974,1.6608466e-05,1.0803363e-06,0.003951803
3124,ravdess,14,03-01-08-02-02-01-14.wav,Surprise,177,Surprise,Angry,False,0.5133419,0.5133419,0.00057880423,0.0049940245,0.45129693,0.0024828385,3.8612566e-06,0.027301766
3125,ravdess,14,03-01-08-02-02-02-14.wav,Surprise,180,Surprise,Happy,False,0.4908423,0.018770372,0.0020592804,0.00045645455,0.4908423,3.2321328e-05,1.327494e-06,0.48783788
3126,ravdess,15,03-01-01-01-01-01-15.wav,Neutral,141,Neutral,Angry,False,0.95310825,0.95310825,0.004329229,0.0147764385,0.011092432,0.0142417755,8.746024e-06,0.0024431455
3127,ravdess,15,03-01-01-01-01-02-15.wav,Neutral,151,Neutral,Angry,False,0.8773162,0.8773162,0.004444025,0.01613039,0.07820274,0.02310121,1.6889879e-05,0.0007885656
3128,ravdess,15,03-01-01-01-02-01-15.wav,Neutral,154,Neutral,Angry,False,0.9489264,0.9489264,0.0021815565,0.029920368,0.00639714,0.008529317,6.0442176e-06,0.004039111
3129,ravdess,15,03-01-01-01-02-02-15.wav,Neutral,148,Neutral,Angry,False,0.98760766,0.98760766,0.00019080182,0.009569296,0.001350991,0.00082757126,3.550582e-07,0.00045330776
3130,ravdess,15,03-01-03-01-01-01-15.wav,Happy,145,Happy,Angry,False,0.9341793,0.9341793,0.0064974795,0.01308975,0.041645035,0.003929628,1.2155181e-05,0.00064670795
3131,ravdess,15,03-01-03-01-01-02-15.wav,Happy,235,Happy,Disgust,False,0.50588423,0.41239542,0.50588423,0.0011119437,0.0025368773,0.054581076,0.00048188,0.023008583
3132,ravdess,15,03-01-03-01-02-01-15.wav,Happy,161,Happy,Angry,False,0.9251038,0.9251038,0.0010832698,0.03422021,0.034699623,0.0035188736,2.4594706e-06,0.0013717636
3133,ravdess,15,03-01-03-01-02-02-15.wav,Happy,145,Happy,Angry,False,0.9913339,0.9913339,0.00045530914,0.001849213,0.0024307747,0.003560714,1.0724935e-06,0.00036898314
3134,ravdess,15,03-01-03-02-01-01-15.wav,Happy,183,Happy,Happy,True,0.9207599,0.04621891,0.004317091,0.009815689,0.9207599,0.0035967836,0.00025463078,0.015036992
3135,ravdess,15,03-01-03-02-01-02-15.wav,Happy,154,Happy,Angry,False,0.893129,0.893129,0.0013228833,0.008083154,0.086359486,0.009850421,1.1042388e-05,0.0012439861
3136,ravdess,15,03-01-03-02-02-01-15.wav,Happy,199,Happy,Angry,False,0.47302994,0.47302994,0.08818995,0.00093001855,0.0040043187,0.39178684,3.5005134e-05,0.042023953
3137,ravdess,15,03-01-03-02-02-02-15.wav,Happy,145,Happy,Angry,False,0.98720413,0.98720413,0.00016563108,0.009301133,0.0016368224,0.0015882822,1.8747655e-06,0.00010208002
3138,ravdess,15,03-01-04-01-01-01-15.wav,Sad,215,Sad,Angry,False,0.51835316,0.51835316,0.11982286,0.00095204584,0.15478057,0.20313798,0.00042193427,0.0025314558
3139,ravdess,15,03-01-04-01-01-02-15.wav,Sad,231,Sad,Angry,False,0.7382778,0.7382778,0.19773643,7.736937e-05,0.008892354,0.049103886,0.0040946896,0.0018175552
3140,ravdess,15,03-01-04-01-02-01-15.wav,Sad,141,Sad,Angry,False,0.9880143,0.9880143,0.00043070462,0.003255566,0.0074397195,0.00052955473,6.3357943e-06,0.00032378937
3141,ravdess,15,03-01-04-01-02-02-15.wav,Sad,257,Sad,Angry,False,0.92849225,0.92849225,0.036983218,0.0027279118,0.00095118623,0.024121756,0.004072756,0.002650903
3142,ravdess,15,03-01-04-02-01-01-15.wav,Sad,180,Sad,Angry,False,0.5220449,0.5220449,0.058986597,0.009283904,0.13594362,0.24652357,0.02434512,0.0028722736
3143,ravdess,15,03-01-04-02-01-02-15.wav,Sad,199,Sad,Angry,False,0.3717924,0.3717924,0.009899755,0.20996667,0.26036054,0.08625503,0.03189925,0.029826375
3144,ravdess,15,03-01-04-02-02-01-15.wav,Sad,164,Sad,Fear,False,0.6150491,0.15206234,0.0015644396,0.6150491,0.11470616,0.11571523,5.5944703e-05,0.0008467663
3145,ravdess,15,03-01-04-02-02-02-15.wav,Sad,247,Sad,Sad,True,0.47872192,0.03365709,0.46868658,0.002012596,0.0042253667,0.011077262,0.47872192,0.0016191965
3146,ravdess,15,03-01-05-01-01-01-15.wav,Angry,164,Angry,Happy,False,0.56961054,0.38148,0.014654095,0.005747255,0.56961054,0.0074857073,6.5482745e-06,0.021015901
3147,ravdess,15,03-01-05-01-01-02-15.wav,Angry,164,Angry,Angry,True,0.5872296,0.5872296,0.005124995,0.009257336,0.33701903,0.00040880355,3.946808e-06,0.060956266
3148,ravdess,15,03-01-05-01-02-01-15.wav,Angry,244,Angry,Angry,True,0.45661214,0.45661214,0.3107827,0.028723836,0.010482124,0.1719351,0.010039292,0.011424718
3149,ravdess,15,03-01-05-01-02-02-15.wav,Angry,157,Angry,Angry,True,0.67111063,0.67111063,0.0018272442,0.1444628,0.06098423,0.0067602918,1.5001258e-05,0.11483972
3150,ravdess,15,03-01-05-02-01-01-15.wav,Angry,157,Angry,Angry,True,0.6644485,0.6644485,0.00013345275,0.041807905,0.28818497,5.4383378e-05,2.5073846e-06,0.005368223
3151,ravdess,15,03-01-05-02-01-02-15.wav,Angry,180,Angry,Happy,False,0.991012,0.0044508227,0.0010947617,0.00016840066,0.991012,2.125959e-05,5.307535e-07,0.0032522937
3152,ravdess,15,03-01-05-02-02-01-15.wav,Angry,151,Angry,Angry,True,0.9458089,0.9458089,0.00091984926,0.003203839,0.021735545,0.0013406768,1.3043027e-06,0.026989931
3153,ravdess,15,03-01-05-02-02-02-15.wav,Angry,167,Angry,Happy,False,0.713782,0.09033527,3.0498375e-05,0.060760476,0.713782,4.167958e-05,1.6683507e-06,0.13504839
3154,ravdess,15,03-01-06-01-01-01-15.wav,Fear,218,Fear,Happy,False,0.26467228,0.21093316,0.19707486,0.019101148,0.26467228,0.024268992,0.25434273,0.029606864
3155,ravdess,15,03-01-06-01-01-02-15.wav,Fear,186,Fear,Happy,False,0.4183102,0.3405725,0.03986831,0.018807415,0.4183102,0.12224127,0.0025714028,0.057628836
3156,ravdess,15,03-01-06-01-02-01-15.wav,Fear,186,Fear,Angry,False,0.85907835,0.85907835,0.031212848,0.0045890207,0.03070471,0.069832265,0.0029977644,0.0015850348
3157,ravdess,15,03-01-06-01-02-02-15.wav,Fear,282,Fear,Disgust,False,0.37223786,0.33466685,0.37223786,0.009387592,0.0165565,0.016618082,0.036111817,0.21442132
3158,ravdess,15,03-01-06-02-01-01-15.wav,Fear,196,Fear,Happy,False,0.6276646,0.1776534,0.013737619,0.012433664,0.6276646,0.019127334,0.0030066303,0.14637677
3159,ravdess,15,03-01-06-02-01-02-15.wav,Fear,183,Fear,Happy,False,0.9932748,0.00018108786,0.00068537483,0.00011788096,0.9932748,3.44719e-06,0.0014108828,0.0043263976
3160,ravdess,15,03-01-06-02-02-01-15.wav,Fear,231,Fear,Happy,False,0.46951818,0.27199075,0.2297271,0.0010694227,0.46951818,0.011248913,0.0067411894,0.009704449
3161,ravdess,15,03-01-06-02-02-02-15.wav,Fear,157,Fear,Angry,False,0.4587109,0.4587109,0.005478672,0.1427385,0.32591718,0.019697288,4.847587e-05,0.047408924
3162,ravdess,15,03-01-07-01-01-01-15.wav,Disgust,250,Disgust,Angry,False,0.5295184,0.5295184,0.08093263,0.015028171,0.010494929,0.34439537,0.00041113002,0.01921933
3163,ravdess,15,03-01-07-01-01-02-15.wav,Disgust,183,Disgust,Angry,False,0.6613316,0.6613316,0.010447821,0.0075890007,0.06043118,0.084865004,8.176204e-07,0.17533447
3164,ravdess,15,03-01-07-01-02-01-15.wav,Disgust,199,Disgust,Neutral,False,0.953779,0.03017193,0.012311012,0.0003929319,0.0005444275,0.953779,9.606262e-07,0.0027998826
3165,ravdess,15,03-01-07-01-02-02-15.wav,Disgust,237,Disgust,Angry,False,0.5700066,0.5700066,0.18165928,0.0005158674,0.003560215,0.19441023,5.636743e-05,0.04979148
3166,ravdess,15,03-01-07-02-01-01-15.wav,Disgust,183,Disgust,Angry,False,0.62312657,0.62312657,0.12932676,0.003957163,0.09540609,0.13587725,7.185793e-05,0.0122342985
3167,ravdess,15,03-01-07-02-01-02-15.wav,Disgust,276,Disgust,Disgust,True,0.39367005,0.32901615,0.39367005,0.014910795,0.05858972,0.15483417,0.015953029,0.03302614
3168,ravdess,15,03-01-07-02-02-01-15.wav,Disgust,228,Disgust,Happy,False,0.48101053,0.11406641,0.013391714,0.18388534,0.48101053,0.0066058636,0.0012685411,0.19977163
3169,ravdess,15,03-01-07-02-02-02-15.wav,Disgust,253,Disgust,Angry,False,0.7677778,0.7677778,0.10101362,0.00203232,0.01650773,0.11015295,0.0014169714,0.0010986497
3170,ravdess,15,03-01-08-01-01-01-15.wav,Surprise,269,Surprise,Angry,False,0.66380364,0.66380364,0.11102768,0.011143649,0.06158744,0.11273902,0.0064970856,0.03320149
3171,ravdess,15,03-01-08-01-01-02-15.wav,Surprise,154,Surprise,Angry,False,0.91563255,0.91563255,0.013620947,0.011127333,0.04420187,0.0013696967,3.2944758e-05,0.014014609
3172,ravdess,15,03-01-08-01-02-01-15.wav,Surprise,180,Surprise,Angry,False,0.6745407,0.6745407,0.0042128847,0.003552292,0.17071287,0.14200148,8.569624e-06,0.004971157
3173,ravdess,15,03-01-08-01-02-02-15.wav,Surprise,177,Surprise,Angry,False,0.78356946,0.78356946,0.010318044,0.11121432,0.0057692435,0.05481007,9.148186e-05,0.034227435
3174,ravdess,15,03-01-08-02-01-01-15.wav,Surprise,145,Surprise,Angry,False,0.8596566,0.8596566,0.008345413,0.02201195,0.021854758,0.01230151,1.9500174e-05,0.07581033
3175,ravdess,15,03-01-08-02-01-02-15.wav,Surprise,170,Surprise,Angry,False,0.6392509,0.6392509,0.009789855,0.015049225,0.29922312,0.027842242,0.0045312815,0.0043133553
3176,ravdess,15,03-01-08-02-02-01-15.wav,Surprise,129,Surprise,Angry,False,0.91720027,0.91720027,0.0011162804,0.062254056,0.016494125,0.001749409,5.5865107e-06,0.0011803592
3177,ravdess,15,03-01-08-02-02-02-15.wav,Surprise,186,Surprise,Happy,False,0.45930424,0.23908785,0.11378195,0.0023698185,0.45930424,0.17835763,0.0001715324,0.006926925
3178,ravdess,16,03-01-01-01-01-01-16.wav,Neutral,189,Neutral,Angry,False,0.68720984,0.68720984,0.0027058963,0.0012874731,0.23428793,0.0152964555,0.00034804913,0.058864374
3179,ravdess,16,03-01-01-01-01-02-16.wav,Neutral,189,Neutral,Angry,False,0.5707919,0.5707919,0.03403451,0.0075935964,0.30263725,0.020714816,0.0031055175,0.061122432
3180,ravdess,16,03-01-01-01-02-01-16.wav,Neutral,177,Neutral,Angry,False,0.95163053,0.95163053,2.4924966e-05,0.00038640547,0.0047928835,0.0013460689,0.0020417937,0.039777383
3181,ravdess,16,03-01-01-01-02-02-16.wav,Neutral,170,Neutral,Angry,False,0.94536823,0.94536823,0.00025206932,0.0009118657,0.030642755,0.002196161,0.00014696905,0.020481857
3182,ravdess,16,03-01-03-01-01-01-16.wav,Happy,173,Happy,Angry,False,0.7675304,0.7675304,0.0015582471,0.032649014,0.101539046,0.0011315627,0.0007931641,0.09479861
3183,ravdess,16,03-01-03-01-01-02-16.wav,Happy,177,Happy,Happy,True,0.98715985,0.007625739,4.2519212e-05,0.0021645434,0.98715985,9.5844425e-06,3.218875e-06,0.0029944202
3184,ravdess,16,03-01-03-01-02-01-16.wav,Happy,180,Happy,Happy,True,0.65291756,0.16566047,0.0004283308,0.02131158,0.65291756,0.0011577854,0.00021829581,0.15830597
3185,ravdess,16,03-01-03-01-02-02-16.wav,Happy,173,Happy,Happy,True,0.52318525,0.43534958,0.00029962632,0.026280705,0.52318525,0.0013248911,3.5517245e-05,0.01352442
3186,ravdess,16,03-01-03-02-01-01-16.wav,Happy,186,Happy,Happy,True,0.89419234,0.07603467,0.00028409727,0.024179993,0.89419234,0.00024843862,2.6441348e-05,0.005033911
3187,ravdess,16,03-01-03-02-01-02-16.wav,Happy,164,Happy,Happy,True,0.9919368,0.0046594203,2.7622586e-05,0.00046457408,0.9919368,1.1464637e-06,5.99455e-07,0.0029098738
3188,ravdess,16,03-01-03-02-02-01-16.wav,Happy,180,Happy,Happy,True,0.66329724,0.31723398,1.878238e-05,0.01889274,0.66329724,2.3022027e-05,4.271325e-06,0.000529975
3189,ravdess,16,03-01-03-02-02-02-16.wav,Happy,183,Happy,Angry,False,0.5322305,0.5322305,5.7027282e-05,0.0051741265,0.4470506,0.0030135114,8.061272e-05,0.012393542
3190,ravdess,16,03-01-04-01-01-01-16.wav,Sad,173,Sad,Angry,False,0.67256963,0.67256963,0.00021139326,0.08430066,0.2036446,0.0030016676,0.00034165673,0.03593035
3191,ravdess,16,03-01-04-01-01-02-16.wav,Sad,173,Sad,Angry,False,0.5340101,0.5340101,0.00037701716,0.006188402,0.24479444,1.3185118e-05,0.0021163144,0.21250051
3192,ravdess,16,03-01-04-01-02-01-16.wav,Sad,157,Sad,Angry,False,0.98187596,0.98187596,5.3494816e-05,0.003296407,0.0115672955,0.0009977086,4.7436013e-05,0.0021617932
3193,ravdess,16,03-01-04-01-02-02-16.wav,Sad,170,Sad,Happy,False,0.5065668,0.43975198,0.00060621346,0.016970623,0.5065668,0.027685702,0.00065069995,0.0077679097
3194,ravdess,16,03-01-04-02-01-01-16.wav,Sad,218,Sad,Angry,False,0.9004286,0.9004286,0.00200887,0.06864323,0.024351101,0.00028040897,9.531595e-05,0.0041924943
3195,ravdess,16,03-01-04-02-01-02-16.wav,Sad,228,Sad,Angry,False,0.58963066,0.58963066,0.0014824402,0.089036904,0.31564006,0.0011104716,0.0009804551,0.0021189346
3196,ravdess,16,03-01-04-02-02-01-16.wav,Sad,193,Sad,Angry,False,0.88902557,0.88902557,0.0009947474,0.00072463846,0.10654219,8.265421e-05,1.1949433e-05,0.0026182358
3197,ravdess,16,03-01-04-02-02-02-16.wav,Sad,212,Sad,Angry,False,0.847602,0.847602,1.3474237e-05,0.012543966,0.13970345,1.3638373e-05,1.789596e-05,0.00010559417
3198,ravdess,16,03-01-05-01-01-01-16.wav,Angry,209,Angry,Angry,True,0.9292081,0.9292081,0.055386763,0.00067272875,0.005702225,0.0002986185,0.00062995765,0.008101666
3199,ravdess,16,03-01-05-01-01-02-16.wav,Angry,205,Angry,Angry,True,0.91516256,0.91516256,0.025708362,0.00040383716,0.055206344,0.0005009359,5.532904e-05,0.0029626347
3200,ravdess,16,03-01-05-01-02-01-16.wav,Angry,199,Angry,Happy,False,0.9947233,0.0031780517,0.000564796,6.238678e-05,0.9947233,9.023348e-05,1.2594768e-05,0.0013685926
3201,ravdess,16,03-01-05-01-02-02-16.wav,Angry,199,Angry,Angry,True,0.52892053,0.52892053,0.011422069,0.0048918175,0.43730694,0.0029324857,0.00019459067,0.014331578
3202,ravdess,16,03-01-05-02-01-01-16.wav,Angry,199,Angry,Happy,False,0.6569179,0.24985136,0.002289496,0.022160854,0.6569179,0.0002297393,2.5787785e-05,0.06852485
3203,ravdess,16,03-01-05-02-01-02-16.wav,Angry,177,Angry,Happy,False,0.94133013,0.048978247,3.211449e-05,0.007494117,0.94133013,7.421061e-05,8.0463946e-07,0.0020904515
3204,ravdess,16,03-01-05-02-02-01-16.wav,Angry,180,Angry,Happy,False,0.9990282,0.00052063086,3.6495874e-06,4.6126243e-05,0.9990282,2.3130688e-07,4.006281e-08,0.00040122253
3205,ravdess,16,03-01-05-02-02-02-16.wav,Angry,215,Angry,Happy,False,0.9426639,0.002191731,0.00076569035,0.034728866,0.9426639,5.3534063e-07,8.06942e-06,0.019641144
3206,ravdess,16,03-01-06-01-01-01-16.wav,Fear,164,Fear,Happy,False,0.7463694,0.23571596,0.00010615355,0.016593257,0.7463694,1.0996524e-05,4.3628793e-06,0.0011998748
3207,ravdess,16,03-01-06-01-01-02-16.wav,Fear,157,Fear,Angry,False,0.9268235,0.9268235,1.6353244e-05,0.04049968,0.030818818,1.0121523e-05,7.799632e-06,0.0018237378
3208,ravdess,16,03-01-06-01-02-01-16.wav,Fear,170,Fear,Angry,False,0.9197765,0.9197765,1.0629572e-05,0.004302734,0.07218292,1.7352853e-05,2.8728979e-05,0.00368112
3209,ravdess,16,03-01-06-01-02-02-16.wav,Fear,164,Fear,Happy,False,0.9692432,0.027952325,1.3659493e-05,0.0026615947,0.9692432,5.0031845e-06,2.374837e-06,0.000121811245
3210,ravdess,16,03-01-06-02-01-01-16.wav,Fear,199,Fear,Surprise,False,0.35292146,0.3237427,0.002094526,0.20474064,0.116074495,0.0004006522,2.55266e-05,0.35292146
3211,ravdess,16,03-01-06-02-01-02-16.wav,Fear,205,Fear,Fear,True,0.58501935,0.008127342,0.00017057154,0.58501935,0.05363615,0.0008592882,0.00012802122,0.3520593
3212,ravdess,16,03-01-06-02-02-01-16.wav,Fear,180,Fear,Happy,False,0.84607255,0.06400977,0.00013792793,0.06818076,0.84607255,0.0011384737,0.000112346126,0.02034817
3213,ravdess,16,03-01-06-02-02-02-16.wav,Fear,180,Fear,Happy,False,0.61123765,0.27580345,7.179364e-05,0.0650107,0.61123765,0.00012416404,1.3781777e-05,0.047738485
3214,ravdess,16,03-01-07-01-01-01-16.wav,Disgust,189,Disgust,Happy,False,0.5033631,0.3162875,0.0037196775,0.008216855,0.5033631,0.0004897502,0.0012183181,0.1667048
3215,ravdess,16,03-01-07-01-01-02-16.wav,Disgust,186,Disgust,Happy,False,0.44201243,0.3957678,0.0051186737,0.0056674224,0.44201243,0.0015899627,5.843724e-05,0.14978525
3216,ravdess,16,03-01-07-01-02-01-16.wav,Disgust,161,Disgust,Angry,False,0.89479804,0.89479804,0.0004358022,0.007089707,0.043006886,0.0020067177,0.0011352907,0.051527437
3217,ravdess,16,03-01-07-01-02-02-16.wav,Disgust,170,Disgust,Happy,False,0.98808795,0.010126297,1.0787989e-05,5.5022123e-05,0.98808795,3.790622e-06,4.7168598e-07,0.0017157021
3218,ravdess,16,03-01-07-02-01-01-16.wav,Disgust,234,Disgust,Neutral,False,0.82042867,0.065149434,0.052116428,2.3583294e-05,0.030847704,0.82042867,0.027234627,0.004199533
3219,ravdess,16,03-01-07-02-01-02-16.wav,Disgust,231,Disgust,Happy,False,0.44929466,0.4248833,0.017262401,0.006719202,0.44929466,0.0042399117,0.0016593395,0.09594115
3220,ravdess,16,03-01-07-02-02-01-16.wav,Disgust,231,Disgust,Angry,False,0.7020078,0.7020078,0.14628264,0.000724874,0.082385145,0.0227651,0.00557186,0.040262677
3221,ravdess,16,03-01-07-02-02-02-16.wav,Disgust,221,Disgust,Sad,False,0.32404462,0.21823291,0.009277227,0.0061468966,0.21660659,0.225064,0.32404462,0.0006278573
3222,ravdess,16,03-01-08-01-01-01-16.wav,Surprise,161,Surprise,Happy,False,0.8830232,0.103710495,0.00010222499,0.0044543487,0.8830232,9.36642e-06,4.6410237e-06,0.008695695
3223,ravdess,16,03-01-08-01-01-02-16.wav,Surprise,154,Surprise,Happy,False,0.9848015,0.0077397823,3.1093892e-05,0.00024149677,0.9848015,4.953767e-07,3.4695515e-07,0.007185254
3224,ravdess,16,03-01-08-01-02-01-16.wav,Surprise,157,Surprise,Happy,False,0.6025207,0.2515557,0.00052169606,0.13475811,0.6025207,2.4903658e-05,7.044848e-06,0.0106118405
3225,ravdess,16,03-01-08-01-02-02-16.wav,Surprise,154,Surprise,Happy,False,0.8074703,0.16651396,0.00022013336,0.0012272189,0.8074703,1.6208692e-06,1.8572742e-06,0.024564903
3226,ravdess,16,03-01-08-02-01-01-16.wav,Surprise,164,Surprise,Happy,False,0.9964748,0.0010708567,1.8898056e-05,0.00034664868,0.9964748,1.1927639e-06,1.4237506e-07,0.002087451
3227,ravdess,16,03-01-08-02-01-02-16.wav,Surprise,167,Surprise,Happy,False,0.9787304,0.0035560282,2.0301482e-05,0.007214757,0.9787304,1.2097162e-05,4.322231e-07,0.010466013
3228,ravdess,16,03-01-08-02-02-01-16.wav,Surprise,167,Surprise,Happy,False,0.9847125,0.011387709,6.212588e-05,0.0027369,0.9847125,5.0329066e-07,5.397086e-07,0.0010997651
3229,ravdess,16,03-01-08-02-02-02-16.wav,Surprise,167,Surprise,Happy,False,0.8399032,0.14919583,4.6409874e-05,0.0015533505,0.8399032,3.226923e-06,1.8360544e-07,0.009297829
3230,ravdess,17,03-01-01-01-01-01-17.wav,Neutral,186,Neutral,Neutral,True,0.58661175,0.36092,0.037933517,0.00050921325,0.012718695,0.58661175,0.000105279505,0.0012015508
3231,ravdess,17,03-01-01-01-01-02-17.wav,Neutral,151,Neutral,Angry,False,0.9827239,0.9827239,0.00046216155,0.0018105629,0.013267185,0.0014974935,1.9596146e-06,0.000236653
3232,ravdess,17,03-01-01-01-02-01-17.wav,Neutral,161,Neutral,Angry,False,0.91368306,0.91368306,0.0004773299,0.026798928,0.043191567,0.004317001,5.5379605e-06,0.011526668
3233,ravdess,17,03-01-01-01-02-02-17.wav,Neutral,154,Neutral,Angry,False,0.9769106,0.9769106,0.00113773,0.0020938814,0.012739846,0.0029880947,1.0029855e-06,0.004128818
3234,ravdess,17,03-01-03-01-01-01-17.wav,Happy,148,Happy,Happy,True,0.63459694,0.338331,0.0026321176,0.0015836776,0.63459694,0.0021885743,8.826799e-06,0.02065891
3235,ravdess,17,03-01-03-01-01-02-17.wav,Happy,151,Happy,Angry,False,0.65490144,0.65490144,0.0039852606,0.11650795,0.19962798,0.0040441207,9.700767e-06,0.020923534
3236,ravdess,17,03-01-03-01-02-01-17.wav,Happy,141,Happy,Angry,False,0.9453204,0.9453204,0.000338442,0.032241803,0.011880092,0.0028331173,1.0175297e-06,0.0073851603
3237,ravdess,17,03-01-03-01-02-02-17.wav,Happy,154,Happy,Angry,False,0.52484083,0.52484083,0.00456176,0.3683922,0.063700244,0.03247496,6.6443914e-05,0.005963563
3238,ravdess,17,03-01-03-02-01-01-17.wav,Happy,154,Happy,Fear,False,0.672869,0.15715379,0.0015414342,0.672869,0.045128033,9.676404e-05,4.934076e-05,0.12316161
3239,ravdess,17,03-01-03-02-01-02-17.wav,Happy,180,Happy,Fear,False,0.62067693,0.041180678,0.02914678,0.62067693,0.13076624,0.0002796079,3.7545815e-05,0.17791225
3240,ravdess,17,03-01-03-02-02-01-17.wav,Happy,205,Happy,Happy,True,0.75553,0.01111876,0.012586295,0.19265841,0.75553,1.78925e-05,0.0016835723,0.02640501
3241,ravdess,17,03-01-03-02-02-02-17.wav,Happy,173,Happy,Happy,True,0.9574514,0.0036308987,5.8979887e-05,0.0016854341,0.9574514,2.6380454e-07,2.3165905e-05,0.03714993
3242,ravdess,17,03-01-04-01-01-01-17.wav,Sad,151,Sad,Angry,False,0.8851244,0.8851244,0.0071899258,0.021438977,0.04283864,0.041751873,4.3802414e-05,0.0016123587
3243,ravdess,17,03-01-04-01-01-02-17.wav,Sad,138,Sad,Angry,False,0.97559154,0.97559154,0.00028590258,0.0005756547,0.022323659,0.00036024855,6.920849e-07,0.00086240884
3244,ravdess,17,03-01-04-01-02-01-17.wav,Sad,151,Sad,Angry,False,0.997267,0.997267,0.00024885245,0.00034559082,0.0014687722,0.0005837855,3.7153535e-07,8.561665e-05
3245,ravdess,17,03-01-04-01-02-02-17.wav,Sad,151,Sad,Angry,False,0.99234724,0.99234724,0.00021855811,0.0016963755,0.0050614653,0.00036248183,3.0233576e-07,0.0003134764
3246,ravdess,17,03-01-04-02-01-01-17.wav,Sad,209,Sad,Surprise,False,0.7913747,0.027926,0.0019146318,0.00691509,0.17030688,0.00068865635,0.0008740288,0.7913747
3247,ravdess,17,03-01-04-02-01-02-17.wav,Sad,205,Sad,Angry,False,0.81723887,0.81723887,0.00222242,0.0058997627,0.13375841,0.016853957,0.0003484896,0.023678036
3248,ravdess,17,03-01-04-02-02-01-17.wav,Sad,225,Sad,Angry,False,0.742869,0.742869,0.20935522,0.010786099,0.004198655,0.0061865705,0.01816775,0.008436675
3249,ravdess,17,03-01-04-02-02-02-17.wav,Sad,138,Sad,Angry,False,0.9475695,0.9475695,8.611729e-05,0.0027982986,0.04884738,0.0002840119,1.410944e-06,0.0004132912
3250,ravdess,17,03-01-05-01-01-01-17.wav,Angry,145,Angry,Angry,True,0.97883797,0.97883797,0.0032031655,0.0021576742,0.014847908,0.00019067127,1.7293572e-05,0.0007454173
3251,ravdess,17,03-01-05-01-01-02-17.wav,Angry,161,Angry,Angry,True,0.8988545,0.8988545,0.0145595465,0.0018565749,0.04626314,0.014086479,5.0593867e-06,0.024374662
3252,ravdess,17,03-01-05-01-02-01-17.wav,Angry,151,Angry,Angry,True,0.9553819,0.9553819,0.0015031461,0.011602489,0.02090323,0.008162401,2.8803734e-06,0.0024440647
3253,ravdess,17,03-01-05-01-02-02-17.wav,Angry,151,Angry,Angry,True,0.9991472,0.9991472,8.9786e-05,0.00012317645,0.0004066182,0.00017115698,1.0616757e-07,6.1997045e-05
3254,ravdess,17,03-01-05-02-01-01-17.wav,Angry,145,Angry,Angry,True,0.65704435,0.65704435,0.0030743165,0.0048777354,0.3298643,0.00027140568,2.1201206e-05,0.004846707
3255,ravdess,17,03-01-05-02-01-02-17.wav,Angry,164,Angry,Angry,True,0.6185669,0.6185669,0.007737991,0.008903099,0.32772818,0.00023872372,5.5572186e-06,0.036819525
3256,ravdess,17,03-01-05-02-02-01-17.wav,Angry,157,Angry,Angry,True,0.69759655,0.69759655,0.0061813816,0.01175457,0.1209431,0.029447814,1.4503311e-05,0.13406214
3257,ravdess,17,03-01-05-02-02-02-17.wav,Angry,167,Angry,Angry,True,0.5829095,0.5829095,0.0017737513,0.0028523763,0.34551495,0.011567532,3.0076828e-05,0.05535179
3258,ravdess,17,03-01-06-01-01-01-17.wav,Fear,148,Fear,Angry,False,0.8391514,0.8391514,0.001162273,0.0038308802,0.15106936,0.0037231771,4.174274e-05,0.0010211458
3259,ravdess,17,03-01-06-01-01-02-17.wav,Fear,189,Fear,Angry,False,0.46584386,0.46584386,0.006674668,0.037024014,0.40563908,0.032920294,0.00046214982,0.05143595
3260,ravdess,17,03-01-06-01-02-01-17.wav,Fear,324,Fear,Disgust,False,0.59723973,0.07704561,0.59723973,0.08389382,0.028401958,0.055869415,0.06197192,0.09557751
3261,ravdess,17,03-01-06-01-02-02-17.wav,Fear,186,Fear,Happy,False,0.99003464,0.0004112288,2.7371821e-05,0.0069643217,0.99003464,1.9457211e-07,1.1970481e-05,0.0025502653
3262,ravdess,17,03-01-06-02-01-01-17.wav,Fear,167,Fear,Fear,True,0.96823734,0.0029293718,2.6133817e-05,0.96823734,0.01960767,4.730759e-06,7.496278e-05,0.009119768
3263,ravdess,17,03-01-06-02-01-02-17.wav,Fear,186,Fear,Happy,False,0.956582,0.00494414,0.00017608737,0.008574532,0.956582,3.5941864e-06,8.22732e-05,0.029637393
3264,ravdess,17,03-01-06-02-02-01-17.wav,Fear,170,Fear,Happy,False,0.9965676,0.0003878886,1.1677545e-05,0.0026731098,0.9965676,1.1724833e-06,5.145949e-06,0.00035341832
3265,ravdess,17,03-01-06-02-02-02-17.wav,Fear,193,Fear,Happy,False,0.99269474,0.0016671151,0.00014273211,0.00047652863,0.99269474,3.6906547e-06,1.32435025e-05,0.0050019682
3266,ravdess,17,03-01-07-01-01-01-17.wav,Disgust,167,Disgust,Angry,False,0.8329529,0.8329529,0.05157687,0.00046155252,0.030865269,0.0737388,3.0961323e-06,0.0104015395
3267,ravdess,17,03-01-07-01-01-02-17.wav,Disgust,167,Disgust,Angry,False,0.7467321,0.7467321,0.0989106,0.00042358253,0.115297616,0.0057931365,3.946879e-06,0.032839
3268,ravdess,17,03-01-07-01-02-01-17.wav,Disgust,151,Disgust,Angry,False,0.99881387,0.99881387,0.00035926804,0.00013499729,0.00044361735,0.00015621848,2.5429105e-07,9.17988e-05
3269,ravdess,17,03-01-07-01-02-02-17.wav,Disgust,177,Disgust,Angry,False,0.9503823,0.9503823,0.009587985,0.00022425682,0.0044009103,0.032202817,3.2061696e-06,0.0031986204
3270,ravdess,17,03-01-07-02-01-01-17.wav,Disgust,205,Disgust,Surprise,False,0.7342002,0.0060780356,0.15817723,0.00020634322,0.10028054,0.0010518732,5.7707957e-06,0.7342002
3271,ravdess,17,03-01-07-02-01-02-17.wav,Disgust,209,Disgust,Happy,False,0.3995758,0.10854852,0.20470276,0.00059571717,0.3995758,0.026491448,3.865705e-06,0.26008195
3272,ravdess,17,03-01-07-02-02-01-17.wav,Disgust,279,Disgust,Surprise,False,0.72155464,0.008299094,0.093781896,0.10846061,0.059776664,0.00046187214,0.00766526,0.72155464
3273,ravdess,17,03-01-07-02-02-02-17.wav,Disgust,228,Disgust,Happy,False,0.54673594,0.019817019,0.41966516,0.00029261928,0.54673594,0.0010246123,0.00015341412,0.012311223
3274,ravdess,17,03-01-08-01-01-01-17.wav,Surprise,132,Surprise,Angry,False,0.6738536,0.6738536,0.0007636187,0.059120398,0.2579624,0.00011274358,0.00024020973,0.007947034
3275,ravdess,17,03-01-08-01-01-02-17.wav,Surprise,189,Surprise,Happy,False,0.9971782,0.0010411636,0.00013155308,0.00046428444,0.9971782,1.00978e-05,2.0403e-05,0.001154318
3276,ravdess,17,03-01-08-01-02-01-17.wav,Surprise,177,Surprise,Surprise,True,0.53481954,0.09918433,0.03736373,0.22568457,0.09524094,0.0076454813,6.143671e-05,0.53481954
3277,ravdess,17,03-01-08-01-02-02-17.wav,Surprise,151,Surprise,Happy,False,0.67812216,0.31048644,0.00053616235,0.008208362,0.67812216,0.0001240853,2.6778884e-05,0.0024960607
3278,ravdess,17,03-01-08-02-01-01-17.wav,Surprise,196,Surprise,Happy,False,0.61172915,0.19493708,0.008757715,0.028475754,0.61172915,0.012149673,8.757502e-05,0.14386307
3279,ravdess,17,03-01-08-02-01-02-17.wav,Surprise,231,Surprise,Disgust,False,0.522264,0.07860124,0.522264,0.026102345,0.06256225,0.001937019,0.0011709186,0.30736217
3280,ravdess,17,03-01-08-02-02-01-17.wav,Surprise,161,Surprise,Fear,False,0.6086785,0.2663466,0.0023892557,0.6086785,0.09297692,0.0015706838,3.412212e-05,0.028003925
3281,ravdess,17,03-01-08-02-02-02-17.wav,Surprise,212,Surprise,Surprise,True,0.8792103,0.031782996,0.0037033802,0.0032376186,0.08142631,2.4838648e-05,0.00061446475,0.8792103
3282,ravdess,18,03-01-01-01-01-01-18.wav,Neutral,170,Neutral,Neutral,True,0.9930634,0.002473115,0.0006657784,0.00061293447,0.0021321524,0.9930634,2.1223052e-05,0.0010315187
3283,ravdess,18,03-01-01-01-01-02-18.wav,Neutral,173,Neutral,Neutral,True,0.8326201,0.029723374,0.005479072,0.002743896,0.11552387,0.8326201,0.00040382333,0.013505905
3284,ravdess,18,03-01-01-01-02-01-18.wav,Neutral,167,Neutral,Neutral,True,0.43095633,0.24192072,0.010254801,0.00075216335,0.29137787,0.43095633,0.012925786,0.0118123675
3285,ravdess,18,03-01-01-01-02-02-18.wav,Neutral,161,Neutral,Neutral,True,0.70397836,0.1871809,0.015690064,0.02030005,0.0615549,0.70397836,8.003286e-05,0.011215701
3286,ravdess,18,03-01-03-01-01-01-18.wav,Happy,154,Happy,Angry,False,0.9168414,0.9168414,3.302464e-05,0.04506885,0.03739103,3.8429034e-06,1.5907626e-05,0.00064596493
3287,ravdess,18,03-01-03-01-01-02-18.wav,Happy,154,Happy,Angry,False,0.9670214,0.9670214,3.4779216e-05,0.0201074,0.012584605,8.731095e-05,7.9589314e-05,8.481649e-05
3288,ravdess,18,03-01-03-01-02-01-18.wav,Happy,164,Happy,Happy,True,0.76364785,0.21156043,0.008437323,0.005444969,0.76364785,0.0001389051,0.0018781397,0.008892385
3289,ravdess,18,03-01-03-01-02-02-18.wav,Happy,167,Happy,Happy,True,0.8259933,0.09396623,0.00014014404,0.079286955,0.8259933,1.0519428e-05,0.00015116841,0.00045165856
3290,ravdess,18,03-01-03-02-01-01-18.wav,Happy,164,Happy,Happy,True,0.9015128,0.06364576,0.00066548446,0.027430067,0.9015128,0.004695173,1.3755337e-05,0.002037002
3291,ravdess,18,03-01-03-02-01-02-18.wav,Happy,183,Happy,Happy,True,0.6221517,0.0078421235,0.00015143775,0.34484518,0.6221517,0.004110481,1.5621175e-05,0.02088343
3292,ravdess,18,03-01-03-02-02-01-18.wav,Happy,170,Happy,Angry,False,0.9683583,0.9683583,4.2853266e-05,0.002132305,0.02794495,8.130414e-05,9.5751775e-06,0.0014306644
3293,ravdess,18,03-01-03-02-02-02-18.wav,Happy,173,Happy,Angry,False,0.72770613,0.72770613,8.5560205e-05,0.04823787,0.18907987,0.007824663,4.045245e-05,0.027025435
3294,ravdess,18,03-01-04-01-01-01-18.wav,Sad,164,Sad,Angry,False,0.8610571,0.8610571,0.00012406625,0.10418436,0.033433337,8.225609e-05,7.818532e-05,0.0010406453
3295,ravdess,18,03-01-04-01-01-02-18.wav,Sad,180,Sad,Angry,False,0.98177725,0.98177725,0.0001860057,0.006464758,0.009091625,0.0018030602,0.00053206284,0.00014527475
3296,ravdess,18,03-01-04-01-02-01-18.wav,Sad,170,Sad,Neutral,False,0.57846516,0.07259024,0.0023693726,0.0035895903,0.30450037,0.57846516,0.037362527,0.0011228119
3297,ravdess,18,03-01-04-01-02-02-18.wav,Sad,177,Sad,Neutral,False,0.7740429,0.028241849,0.0054952153,0.16718781,0.01919018,0.7740429,0.00062532927,0.0052166814
3298,ravdess,18,03-01-04-02-01-01-18.wav,Sad,186,Sad,Angry,False,0.53920346,0.53920346,0.0013750034,0.11233063,0.03985007,0.037661623,3.2387008e-05,0.26954684
3299,ravdess,18,03-01-04-02-01-02-18.wav,Sad,180,Sad,Surprise,False,0.8225709,0.03789719,0.008994122,0.006751909,0.11945234,0.004306167,2.7340835e-05,0.8225709
3300,ravdess,18,03-01-04-02-02-01-18.wav,Sad,218,Sad,Angry,False,0.6470541,0.6470541,0.0099359825,0.03072516,0.22740328,0.0006837786,1.8022238e-05,0.084179655
3301,ravdess,18,03-01-04-02-02-02-18.wav,Sad,228,Sad,Angry,False,0.4773382,0.4773382,0.020433528,0.005573476,0.09131294,0.00010083185,7.944407e-06,0.4052331
3302,ravdess,18,03-01-05-01-01-01-18.wav,Angry,196,Angry,Happy,False,0.78455514,0.18327361,0.0019114481,0.008667425,0.78455514,0.00068582926,0.00010101988,0.020805482
3303,ravdess,18,03-01-05-01-01-02-18.wav,Angry,225,Angry,Angry,True,0.6240908,0.6240908,0.06387319,0.0005140364,0.30234766,0.00078892725,0.0009307372,0.0074546793
3304,ravdess,18,03-01-05-01-02-01-18.wav,Angry,164,Angry,Happy,False,0.8627169,0.113791704,2.3772955e-05,0.022180885,0.8627169,9.807439e-06,7.275446e-07,0.0012762123
3305,ravdess,18,03-01-05-01-02-02-18.wav,Angry,177,Angry,Happy,False,0.69559556,0.29009572,0.00024333433,0.0073311846,0.69559556,0.00041023584,2.2396773e-05,0.0063015497
3306,ravdess,18,03-01-05-02-01-01-18.wav,Angry,164,Angry,Surprise,False,0.5569729,0.39990592,0.0021244024,0.02012738,0.012285616,0.008582815,8.731448e-07,0.5569729
3307,ravdess,18,03-01-05-02-01-02-18.wav,Angry,173,Angry,Angry,True,0.85937864,0.85937864,0.00058233476,0.010664509,0.1271103,0.0009524122,1.0577968e-06,0.0013107926
3308,ravdess,18,03-01-05-02-02-01-18.wav,Angry,186,Angry,Angry,True,0.5711819,0.5711819,0.00052614394,0.0054988908,0.4007481,0.007976798,2.0529899e-07,0.014067994
3309,ravdess,18,03-01-05-02-02-02-18.wav,Angry,221,Angry,Angry,True,0.91509676,0.91509676,0.0008440844,0.0011093562,0.057953123,0.012012813,1.15788154e-07,0.012983752
3310,ravdess,18,03-01-06-01-01-01-18.wav,Fear,151,Fear,Angry,False,0.70267904,0.70267904,4.40537e-05,0.28290612,0.014199178,5.8071255e-05,7.4281384e-06,0.00010601791
3311,ravdess,18,03-01-06-01-01-02-18.wav,Fear,151,Fear,Angry,False,0.6870631,0.6870631,3.507067e-05,0.20145267,0.110593036,8.2989354e-05,3.1605255e-06,0.0007700221
3312,ravdess,18,03-01-06-01-02-01-18.wav,Fear,173,Fear,Happy,False,0.7703151,0.06336028,4.466041e-05,0.1643774,0.7703151,0.00037879223,0.0013496532,0.00017404006
3313,ravdess,18,03-01-06-01-02-02-18.wav,Fear,193,Fear,Happy,False,0.96236604,0.030559536,0.0004067469,0.005424862,0.96236604,5.5465192e-05,0.0009614642,0.00022584274
3314,ravdess,18,03-01-06-02-01-01-18.wav,Fear,173,Fear,Happy,False,0.76397043,0.0019772428,6.290557e-05,0.16433816,0.76397043,0.00037847905,8.356614e-06,0.06926445
3315,ravdess,18,03-01-06-02-01-02-18.wav,Fear,218,Fear,Surprise,False,0.9975248,1.273919e-06,0.002383206,3.2926555e-06,8.51958e-05,1.46964e-06,8.46329e-07,0.9975248
3316,ravdess,18,03-01-06-02-02-01-18.wav,Fear,193,Fear,Fear,True,0.6014422,0.0045182584,0.00019388589,0.6014422,0.29862505,0.05128346,5.3485823e-05,0.04388362
3317,ravdess,18,03-01-06-02-02-02-18.wav,Fear,170,Fear,Fear,True,0.3651131,0.06312199,0.0007638136,0.3651131,0.2245221,0.11241283,7.0293568e-06,0.23405908
3318,ravdess,18,03-01-07-01-01-01-18.wav,Disgust,244,Disgust,Surprise,False,0.6112553,0.21231258,0.16117814,5.3375676e-05,0.01491026,2.8403122e-06,0.00028751802,0.6112553
3319,ravdess,18,03-01-07-01-01-02-18.wav,Disgust,212,Disgust,Disgust,True,0.45956302,0.4130774,0.45956302,0.00040043602,0.08173225,0.012228255,0.00066765054,0.032330982
3320,ravdess,18,03-01-07-01-02-01-18.wav,Disgust,180,Disgust,Happy,False,0.99637127,0.0026761321,3.1136362e-05,0.0006464313,0.99637127,4.768811e-05,2.1085483e-05,0.00020632279
3321,ravdess,18,03-01-07-01-02-02-18.wav,Disgust,247,Disgust,Sad,False,0.4847549,0.030075816,0.45514014,0.0018308037,0.023414034,0.00027210586,0.4847549,0.0045121512
3322,ravdess,18,03-01-07-02-01-01-18.wav,Disgust,279,Disgust,Surprise,False,0.6584822,0.048780758,0.00043258362,0.0117468,0.2804923,7.702009e-06,5.768706e-05,0.6584822
3323,ravdess,18,03-01-07-02-01-02-18.wav,Disgust,247,Disgust,Surprise,False,0.4801359,0.113580674,0.035333753,0.005197149,0.3648714,1.8211947e-05,0.0008629602,0.4801359
3324,ravdess,18,03-01-07-02-02-01-18.wav,Disgust,263,Disgust,Fear,False,0.70638406,0.043193433,0.002867639,0.70638406,0.090857945,5.7567235e-05,0.004115693,0.15252365
3325,ravdess,18,03-01-07-02-02-02-18.wav,Disgust,253,Disgust,Angry,False,0.35581693,0.35581693,0.14031488,0.024453165,0.2033815,0.00026899404,0.0043842257,0.2713803
3326,ravdess,18,03-01-08-01-01-01-18.wav,Surprise,170,Surprise,Fear,False,0.98091435,0.0028103304,4.9765717e-05,0.98091435,0.008480606,0.003280127,5.460042e-07,0.0044642007
3327,ravdess,18,03-01-08-01-01-02-18.wav,Surprise,164,Surprise,Happy,False,0.37645695,0.33831877,0.0013605504,0.26849788,0.37645695,0.0026928317,7.4210846e-05,0.012598772
3328,ravdess,18,03-01-08-01-02-01-18.wav,Surprise,164,Surprise,Happy,False,0.4803599,0.26714826,0.0074345483,0.02765455,0.4803599,0.00036797047,7.444331e-05,0.21696027
3329,ravdess,18,03-01-08-01-02-02-18.wav,Surprise,167,Surprise,Happy,False,0.6042484,0.35942918,0.0018246799,0.031780433,0.6042484,0.0010929776,0.00011713492,0.0015071358
3330,ravdess,18,03-01-08-02-01-01-18.wav,Surprise,173,Surprise,Happy,False,0.76804996,0.072435334,0.00914631,0.13378318,0.76804996,0.0020011698,8.293471e-05,0.014501149
3331,ravdess,18,03-01-08-02-01-02-18.wav,Surprise,164,Surprise,Happy,False,0.7529149,0.18665056,0.008269708,0.046231695,0.7529149,0.00045372333,0.00014177097,0.0053376625
3332,ravdess,18,03-01-08-02-02-01-18.wav,Surprise,196,Surprise,Happy,False,0.9198006,0.0024683627,0.0033453943,0.06746465,0.9198006,0.00019406753,3.728243e-05,0.0066895788
3333,ravdess,18,03-01-08-02-02-02-18.wav,Surprise,177,Surprise,Happy,False,0.70782673,0.05957157,0.0019106546,0.19991925,0.70782673,0.0015796776,0.00014229237,0.02904987
3334,ravdess,19,03-01-01-01-01-01-19.wav,Neutral,151,Neutral,Angry,False,0.90651315,0.90651315,0.0039642095,0.035227243,0.045890566,0.005134757,7.325319e-05,0.0031968853
3335,ravdess,19,03-01-01-01-01-02-19.wav,Neutral,148,Neutral,Angry,False,0.97845036,0.97845036,0.0021685727,0.003837646,0.004341306,0.010923682,3.708151e-05,0.00024140575
3336,ravdess,19,03-01-01-01-02-01-19.wav,Neutral,157,Neutral,Angry,False,0.9811381,0.9811381,0.0012284518,0.009976647,0.004085743,0.002653314,2.729143e-05,0.00089041586
3337,ravdess,19,03-01-01-01-02-02-19.wav,Neutral,145,Neutral,Angry,False,0.99701023,0.99701023,0.0001846625,0.0005527044,0.0015484231,0.00031392506,2.9587377e-06,0.00038707381
3338,ravdess,19,03-01-03-01-01-01-19.wav,Happy,278,Happy,Angry,False,0.956365,0.956365,0.016416585,0.00041260663,0.0014151535,0.00038198158,0.0068668453,0.01814185
3339,ravdess,19,03-01-03-01-01-02-19.wav,Happy,228,Happy,Happy,True,0.66754967,0.19759966,0.007366645,0.0054438524,0.66754967,0.0009823303,0.00055541325,0.120502464
3340,ravdess,19,03-01-03-01-02-01-19.wav,Happy,199,Happy,Angry,False,0.8111345,0.8111345,0.075610414,0.004576952,0.09429836,0.0005712225,0.0071125044,0.0066959965
3341,ravdess,19,03-01-03-01-02-02-19.wav,Happy,231,Happy,Angry,False,0.9063976,0.9063976,0.053056303,0.0017367053,0.0031368877,0.022298377,0.0017564298,0.011617694
3342,ravdess,19,03-01-03-02-01-01-19.wav,Happy,186,Happy,Happy,True,0.66652894,0.3280717,0.0009061831,0.0002918908,0.66652894,1.561669e-06,4.827953e-05,0.0041514332
3343,ravdess,19,03-01-03-02-01-02-19.wav,Happy,260,Happy,Angry,False,0.798994,0.798994,0.08301186,0.0044682254,0.017593218,4.6190034e-05,0.08413103,0.011755512
3344,ravdess,19,03-01-03-02-02-01-19.wav,Happy,355,Happy,Disgust,False,0.8462261,0.034948688,0.8462261,0.031561285,0.0024996868,0.001031645,0.038347777,0.04538482
3345,ravdess,19,03-01-03-02-02-02-19.wav,Happy,215,Happy,Happy,True,0.6641329,0.08801747,0.006441504,0.074338734,0.6641329,0.13345405,7.249494e-05,0.03354283
3346,ravdess,19,03-01-04-01-01-01-19.wav,Sad,164,Sad,Angry,False,0.94729006,0.94729006,0.00050574006,0.041044407,0.008955446,0.001757088,0.00013711066,0.0003101551
3347,ravdess,19,03-01-04-01-01-02-19.wav,Sad,189,Sad,Neutral,False,0.82204574,0.14950798,0.015865983,0.00044710113,0.011049029,0.82204574,0.00071546587,0.00036870566
3348,ravdess,19,03-01-04-01-02-01-19.wav,Sad,145,Sad,Angry,False,0.9950943,0.9950943,8.4726584e-05,0.0006567613,0.0037019989,6.668048e-05,7.006167e-06,0.00038857432
3349,ravdess,19,03-01-04-01-02-02-19.wav,Sad,189,Sad,Angry,False,0.9809388,0.9809388,0.010093315,0.00014704106,0.004798059,0.0018327894,0.0013589476,0.0008310163
3350,ravdess,19,03-01-04-02-01-01-19.wav,Sad,244,Sad,Surprise,False,0.6947292,0.037022516,0.0073398813,0.015061276,0.24548443,1.9773624e-05,0.0003429439,0.6947292
3351,ravdess,19,03-01-04-02-01-02-19.wav,Sad,282,Sad,Surprise,False,0.49103072,0.38793334,0.03418183,0.028569125,0.05380891,0.0016775306,0.002798497,0.49103072
3352,ravdess,19,03-01-04-02-02-01-19.wav,Sad,157,Sad,Angry,False,0.5125644,0.5125644,0.00018339336,0.007584771,0.47948635,0.00010137525,4.5952632e-07,7.927873e-05
3353,ravdess,19,03-01-04-02-02-02-19.wav,Sad,237,Sad,Surprise,False,0.9232544,0.026582567,0.04389839,0.0028108018,0.00090255414,0.0025497836,1.4808932e-06,0.9232544
3354,ravdess,19,03-01-05-01-01-01-19.wav,Angry,189,Angry,Happy,False,0.5204271,0.42903525,0.0477989,0.00014611418,0.5204271,0.00010759122,1.4101247e-05,0.002470943
3355,ravdess,19,03-01-05-01-01-02-19.wav,Angry,180,Angry,Happy,False,0.52704614,0.44347385,0.008908255,0.0011483658,0.52704614,0.014577736,7.583195e-06,0.004838085
3356,ravdess,19,03-01-05-01-02-01-19.wav,Angry,145,Angry,Angry,True,0.55927706,0.55927706,0.0005141395,0.00035259686,0.3880885,0.00013025945,2.2026347e-06,0.051635265
3357,ravdess,19,03-01-05-01-02-02-19.wav,Angry,263,Angry,Surprise,False,0.50927705,0.4475233,0.031388607,0.0051871203,0.0024986211,0.0028539302,0.0012713982,0.50927705
3358,ravdess,19,03-01-05-02-01-01-19.wav,Angry,196,Angry,Happy,False,0.9724869,0.025655134,0.0003366475,0.00055429235,0.9724869,1.7280914e-05,6.717172e-07,0.00094908767
3359,ravdess,19,03-01-05-02-01-02-19.wav,Angry,282,Angry,Angry,True,0.5147229,0.5147229,0.005463212,0.0022483703,0.010627027,1.818065e-05,2.8297409e-05,0.46689197
3360,ravdess,19,03-01-05-02-02-01-19.wav,Angry,244,Angry,Angry,True,0.44471228,0.44471228,0.01443057,0.0064492314,0.40002143,0.00024269214,3.314568e-05,0.13411066
3361,ravdess,19,03-01-05-02-02-02-19.wav,Angry,221,Angry,Happy,False,0.5304274,0.31182426,0.0019378898,0.00069162203,0.5304274,0.00011223793,4.229837e-06,0.1550024
3362,ravdess,19,03-01-06-01-01-01-19.wav,Fear,199,Fear,Happy,False,0.76899546,0.20450023,0.007374633,0.0039960966,0.76899546,0.012761682,5.129106e-05,0.0023205501
3363,ravdess,19,03-01-06-01-01-02-19.wav,Fear,228,Fear,Happy,False,0.78569347,0.07461221,0.0191258,0.058362618,0.78569347,0.0021819584,0.008125671,0.051898245
3364,ravdess,19,03-01-06-01-02-01-19.wav,Fear,228,Fear,Happy,False,0.39325425,0.1764927,0.0029118457,0.3126319,0.39325425,0.021150135,0.00024721186,0.093311965
3365,ravdess,19,03-01-06-01-02-02-19.wav,Fear,170,Fear,Happy,False,0.4623395,0.18254583,0.0032262893,0.22578906,0.4623395,0.066416234,5.1989307e-05,0.059631117
3366,ravdess,19,03-01-06-02-01-01-19.wav,Fear,196,Fear,Angry,False,0.49509367,0.49509367,0.020132326,0.0035296099,0.33671975,0.018685654,4.6146655e-05,0.12579279
3367,ravdess,19,03-01-06-02-01-02-19.wav,Fear,247,Fear,Angry,False,0.5613177,0.5613177,0.012538644,0.039394572,0.016100146,0.00019193976,0.00012707405,0.37032995
3368,ravdess,19,03-01-06-02-02-01-19.wav,Fear,170,Fear,Angry,False,0.8854668,0.8854668,0.0003267065,0.009766808,0.061033268,0.0047860416,1.7378154e-05,0.038602974
3369,ravdess,19,03-01-06-02-02-02-19.wav,Fear,308,Fear,Surprise,False,0.97124714,0.011432781,0.00047097163,0.006153282,0.010692851,1.1421287e-06,1.8714582e-06,0.97124714
3370,ravdess,19,03-01-07-01-01-01-19.wav,Disgust,327,Disgust,Happy,False,0.37832278,0.22139804,0.017278928,0.027336204,0.37832278,0.000510651,0.0050301007,0.35012332
3371,ravdess,19,03-01-07-01-01-02-19.wav,Disgust,301,Disgust,Angry,False,0.95457625,0.95457625,0.011934685,0.0003271749,0.01722797,8.343782e-05,0.00020222025,0.01564831
3372,ravdess,19,03-01-07-01-02-01-19.wav,Disgust,333,Disgust,Angry,False,0.65345633,0.65345633,0.020203946,0.0027531525,0.016143266,0.0007875113,0.009084485,0.29757127
3373,ravdess,19,03-01-07-01-02-02-19.wav,Disgust,276,Disgust,Angry,False,0.66331667,0.66331667,0.02174311,9.2375274e-05,0.18045352,3.4005338e-05,0.00011694937,0.13424335
3374,ravdess,19,03-01-07-02-01-01-19.wav,Disgust,292,Disgust,Angry,False,0.69554013,0.69554013,0.08458102,0.0005689323,0.013430997,0.00023141791,0.00028448552,0.20536304
3375,ravdess,19,03-01-07-02-01-02-19.wav,Disgust,401,Disgust,Surprise,False,0.3839195,0.3069763,0.26688743,0.0054147416,0.035668485,0.00013395167,0.0009996678,0.3839195
3376,ravdess,19,03-01-07-02-02-01-19.wav,Disgust,301,Disgust,Surprise,False,0.62544817,0.079269975,0.021889312,0.097089134,0.17233142,0.00019611247,0.0037759277,0.62544817
3377,ravdess,19,03-01-07-02-02-02-19.wav,Disgust,308,Disgust,Angry,False,0.93186855,0.93186855,0.029702976,6.8514e-05,0.0030758819,5.085874e-05,9.935158e-05,0.03513386
3378,ravdess,19,03-01-08-01-01-01-19.wav,Surprise,196,Surprise,Neutral,False,0.7266493,0.25080904,0.0033960422,0.0035260369,0.010711104,0.7266493,9.336026e-06,0.004899144
3379,ravdess,19,03-01-08-01-01-02-19.wav,Surprise,205,Surprise,Angry,False,0.93821114,0.93821114,0.004102088,0.005973967,0.04717368,0.003954413,0.00011287495,0.00047175025
3380,ravdess,19,03-01-08-01-02-01-19.wav,Surprise,279,Surprise,Disgust,False,0.36329508,0.31615582,0.36329508,0.039242122,0.10054667,0.102271184,0.028885981,0.04960313
3381,ravdess,19,03-01-08-01-02-02-19.wav,Surprise,119,Surprise,Fear,False,0.6312458,0.33112833,0.00049701164,0.6312458,0.025036447,0.0016279103,1.6600477e-06,0.010462775
3382,ravdess,19,03-01-08-02-01-01-19.wav,Surprise,231,Surprise,Angry,False,0.8584284,0.8584284,0.02379791,0.0016653045,0.09311549,0.004576106,8.505571e-07,0.018415978
3383,ravdess,19,03-01-08-02-01-02-19.wav,Surprise,276,Surprise,Angry,False,0.60160035,0.60160035,0.010280254,0.00053479866,0.039123293,3.54108e-05,2.7734843e-05,0.3483982
3384,ravdess,19,03-01-08-02-02-01-19.wav,Surprise,218,Surprise,Angry,False,0.994477,0.994477,0.0017325701,0.00030967363,0.0022779393,0.000105995365,7.0950728e-06,0.0010896836
3385,ravdess,19,03-01-08-02-02-02-19.wav,Surprise,148,Surprise,Angry,False,0.8105754,0.8105754,0.002137596,0.08550669,0.011408386,0.0059576216,1.2282756e-07,0.08441411
3386,ravdess,20,03-01-01-01-01-01-20.wav,Neutral,161,Neutral,Angry,False,0.67125255,0.67125255,0.0011188224,0.0009900578,0.31206378,7.3464416e-06,0.008065104,0.006502287
3387,ravdess,20,03-01-01-01-01-02-20.wav,Neutral,170,Neutral,Happy,False,0.9997428,0.00021781395,3.2094256e-06,1.1734017e-05,0.9997428,4.965845e-07,1.5229797e-06,2.242938e-05
3388,ravdess,20,03-01-01-01-02-01-20.wav,Neutral,154,Neutral,Happy,False,0.9974987,0.0017638518,4.4868543e-06,1.2409779e-05,0.9974987,1.2918744e-07,7.722091e-06,0.0007127364
3389,ravdess,20,03-01-01-01-02-02-20.wav,Neutral,164,Neutral,Happy,False,0.6690937,0.31904614,0.00023900993,0.0020848438,0.6690937,4.4157972e-05,0.004629691,0.0048624524
3390,ravdess,20,03-01-03-01-01-01-20.wav,Happy,161,Happy,Happy,True,0.94670165,0.03508817,0.00021932599,0.009066702,0.94670165,5.8456203e-06,2.6381588e-06,0.008915671
3391,ravdess,20,03-01-03-01-01-02-20.wav,Happy,177,Happy,Happy,True,0.70661306,0.28359044,7.1229224e-05,0.0075370907,0.70661306,3.9173963e-05,7.652e-06,0.002141328
3392,ravdess,20,03-01-03-01-02-01-20.wav,Happy,170,Happy,Angry,False,0.77039725,0.77039725,0.00033480997,0.00012886057,0.0061503043,2.7394404e-05,9.367259e-06,0.222952
3393,ravdess,20,03-01-03-01-02-02-20.wav,Happy,148,Happy,Happy,True,0.9952781,0.0036986081,4.04033e-05,0.00019927222,0.9952781,2.0535627e-07,5.789432e-07,0.0007827867
3394,ravdess,20,03-01-03-02-01-01-20.wav,Happy,177,Happy,Happy,True,0.5172991,0.4008603,0.00031723938,0.04037526,0.5172991,0.00025774055,2.2711204e-06,0.040888023
3395,ravdess,20,03-01-03-02-01-02-20.wav,Happy,273,Happy,Angry,False,0.51364857,0.51364857,0.0065063224,0.008488086,0.035530843,3.0544026e-05,5.3079225e-06,0.4357904
3396,ravdess,20,03-01-03-02-02-01-20.wav,Happy,161,Happy,Happy,True,0.49921432,0.42953956,9.347682e-05,0.011802251,0.49921432,0.00018489618,3.918047e-06,0.059161566
3397,ravdess,20,03-01-03-02-02-02-20.wav,Happy,189,Happy,Angry,False,0.6423546,0.6423546,0.004601813,0.011765858,0.18664086,0.11240191,9.91371e-07,0.042233884
3398,ravdess,20,03-01-04-01-01-01-20.wav,Sad,212,Sad,Neutral,False,0.99240464,0.0012404828,0.0018043142,8.779871e-06,0.0006149584,0.99240464,8.304219e-05,0.0038438146
3399,ravdess,20,03-01-04-01-01-02-20.wav,Sad,157,Sad,Neutral,False,0.952852,0.006302323,0.0020085177,0.02736331,0.003262561,0.952852,0.000255628,0.00795565
3400,ravdess,20,03-01-04-01-02-01-20.wav,Sad,161,Sad,Angry,False,0.39106083,0.39106083,0.007804948,0.36787298,0.09842267,0.072395846,0.00042524995,0.062017556
3401,ravdess,20,03-01-04-01-02-02-20.wav,Sad,154,Sad,Neutral,False,0.70637614,0.18487403,0.033483658,0.010053032,0.028478213,0.70637614,0.0002901069,0.036444794
3402,ravdess,20,03-01-04-02-01-01-20.wav,Sad,186,Sad,Neutral,False,0.3806248,0.13674156,0.036930967,0.056271244,0.021357149,0.3806248,2.4941397e-05,0.36804926
3403,ravdess,20,03-01-04-02-01-02-20.wav,Sad,351,Sad,Fear,False,0.44774273,0.0015471596,0.0012651043,0.44774273,0.03253135,0.00021637953,0.08258863,0.43410861
3404,ravdess,20,03-01-04-02-02-01-20.wav,Sad,177,Sad,Fear,False,0.8911508,0.020643072,0.0005310779,0.8911508,0.05445221,0.00216304,3.9518686e-06,0.031055909
3405,ravdess,20,03-01-04-02-02-02-20.wav,Sad,247,Sad,Surprise,False,0.8796215,0.10624803,0.0030396397,0.00833764,0.0010884237,0.0013817768,0.00028299665,0.8796215
3406,ravdess,20,03-01-05-01-01-01-20.wav,Angry,132,Angry,Happy,False,0.48999238,0.19782408,0.0003913734,0.30593634,0.48999238,0.0012731282,3.131916e-05,0.0045513366
3407,ravdess,20,03-01-05-01-01-02-20.wav,Angry,173,Angry,Fear,False,0.61987966,0.0051018586,4.4715496e-05,0.61987966,0.3639889,7.919359e-05,4.5744034e-07,0.010905216
3408,ravdess,20,03-01-05-01-02-01-20.wav,Angry,157,Angry,Angry,True,0.7037267,0.7037267,0.0013994735,0.14043607,0.018673524,0.022357658,1.0289731e-06,0.11340562
3409,ravdess,20,03-01-05-01-02-02-20.wav,Angry,260,Angry,Surprise,False,0.910043,0.05216642,0.0009587968,0.02299192,0.013778427,2.2658593e-05,3.878915e-05,0.910043
3410,ravdess,20,03-01-05-02-01-01-20.wav,Angry,218,Angry,Happy,False,0.8393036,0.105511665,0.01330068,0.0008706473,0.8393036,1.4220335e-05,3.1756575e-05,0.040967397
3411,ravdess,20,03-01-05-02-01-02-20.wav,Angry,212,Angry,Surprise,False,0.63684744,0.08536195,0.0021782173,0.0007394689,0.01796206,0.25690186,9.04093e-06,0.63684744
3412,ravdess,20,03-01-05-02-02-01-20.wav,Angry,234,Angry,Surprise,False,0.994591,0.0008058288,0.0009555478,0.0003716729,0.0006136055,0.0026620033,3.4425315e-07,0.994591
3413,ravdess,20,03-01-05-02-02-02-20.wav,Angry,154,Angry,Happy,False,0.9932748,0.003459087,4.7000053e-06,0.00010861941,0.9932748,4.2885324e-07,7.6922895e-08,0.0031523593
3414,ravdess,20,03-01-06-01-01-01-20.wav,Fear,177,Fear,Happy,False,0.7753555,0.018510086,0.0019265441,0.157641,0.7753555,0.040637083,0.0026688569,0.0032608756
3415,ravdess,20,03-01-06-01-01-02-20.wav,Fear,241,Fear,Fear,True,0.7555881,0.0009069361,0.0024244902,0.7555881,0.1534114,0.0005014723,0.003900258,0.083267376
3416,ravdess,20,03-01-06-01-02-01-20.wav,Fear,199,Fear,Neutral,False,0.41497287,0.007159791,0.011931488,0.035130158,0.21790275,0.41497287,0.3124772,0.00042577737
3417,ravdess,20,03-01-06-01-02-02-20.wav,Fear,151,Fear,Fear,True,0.8384979,0.100580215,0.0002832006,0.8384979,0.012216587,0.003135049,4.2515026e-06,0.04528273
3418,ravdess,20,03-01-06-02-01-01-20.wav,Fear,212,Fear,Surprise,False,0.81315696,0.11411626,0.0028488524,0.055838246,0.00073891884,0.013298859,1.9359857e-06,0.81315696
3419,ravdess,20,03-01-06-02-01-02-20.wav,Fear,205,Fear,Angry,False,0.8804488,0.8804488,0.00040308342,0.0029780637,0.079379395,0.00023239599,4.0672046e-07,0.036557958
3420,ravdess,20,03-01-06-02-02-01-20.wav,Fear,180,Fear,Angry,False,0.58614564,0.58614564,0.0022963744,0.0029138478,0.06886172,0.25656533,4.3993714e-06,0.083212644
3421,ravdess,20,03-01-06-02-02-02-20.wav,Fear,177,Fear,Fear,True,0.5539567,0.019008799,0.0025391944,0.5539567,0.08177792,0.029846923,5.2301755e-07,0.31287003
3422,ravdess,20,03-01-07-01-01-01-20.wav,Disgust,199,Disgust,Happy,False,0.9979298,1.8402785e-05,0.00013615284,1.1892728e-05,0.9979298,1.3441866e-07,5.180082e-06,0.0018984348
3423,ravdess,20,03-01-07-01-01-02-20.wav,Disgust,218,Disgust,Angry,False,0.68588924,0.68588924,0.13139789,0.0012148716,0.020200413,7.2238254e-05,0.00016183127,0.16106348
3424,ravdess,20,03-01-07-01-02-01-20.wav,Disgust,183,Disgust,Happy,False,0.544188,0.15177241,0.00047255956,0.0014941739,0.544188,0.009942931,0.0010957908,0.2910341
3425,ravdess,20,03-01-07-01-02-02-20.wav,Disgust,215,Disgust,Angry,False,0.8145323,0.8145323,0.0018524501,0.00048767152,0.16383253,5.6286848e-05,0.0026764711,0.01656234
3426,ravdess,20,03-01-07-02-01-01-20.wav,Disgust,218,Disgust,Happy,False,0.37239563,0.0038836778,0.29694596,1.433446e-05,0.37239563,2.1204694e-06,0.00039109064,0.32636714
3427,ravdess,20,03-01-07-02-01-02-20.wav,Disgust,212,Disgust,Happy,False,0.71321905,0.00058655767,2.3882916e-05,0.2688113,0.71321905,0.00016426382,8.298372e-06,0.0171866
3428,ravdess,20,03-01-07-02-02-01-20.wav,Disgust,279,Disgust,Surprise,False,0.8690393,5.642212e-05,0.00011109002,0.06345755,0.0673236,8.426262e-09,1.1986744e-05,0.8690393
3429,ravdess,20,03-01-07-02-02-02-20.wav,Disgust,241,Disgust,Surprise,False,0.8462553,0.0002099197,0.00069023774,0.0008606211,0.15197481,1.7717854e-08,9.061083e-06,0.8462553
3430,ravdess,20,03-01-08-01-01-01-20.wav,Surprise,135,Surprise,Angry,False,0.8352957,0.8352957,0.0001564494,0.03144292,0.13017267,0.00021201604,3.4397835e-05,0.0026858472
3431,ravdess,20,03-01-08-01-01-02-20.wav,Surprise,164,Surprise,Happy,False,0.9901237,0.0015110883,8.9057045e-05,0.005842105,0.9901237,2.4462677e-05,6.4975694e-07,0.0024089713
3432,ravdess,20,03-01-08-01-02-01-20.wav,Surprise,125,Surprise,Happy,False,0.5642286,0.17333077,0.0005416271,0.00019968988,0.5642286,2.1028407e-06,0.000115363946,0.26158187
3433,ravdess,20,03-01-08-01-02-02-20.wav,Surprise,129,Surprise,Angry,False,0.8561082,0.8561082,0.00017451218,7.4883734e-05,0.14230664,2.6109126e-05,0.00067872735,0.000630901
3434,ravdess,20,03-01-08-02-01-01-20.wav,Surprise,180,Surprise,Happy,False,0.58363694,0.387876,8.048445e-05,0.015045983,0.58363694,6.683738e-05,1.692708e-06,0.013291983
3435,ravdess,20,03-01-08-02-01-02-20.wav,Surprise,132,Surprise,Happy,False,0.5316782,0.44634902,0.00020257944,0.016556257,0.5316782,2.6076379e-05,2.6839973e-06,0.0051852027
3436,ravdess,20,03-01-08-02-02-01-20.wav,Surprise,221,Surprise,Surprise,True,0.514848,0.08722515,0.0014873026,0.094034106,0.3010745,0.0012178265,0.000113170616,0.514848
3437,ravdess,20,03-01-08-02-02-02-20.wav,Surprise,154,Surprise,Angry,False,0.92823875,0.92823875,1.3633032e-05,0.018308835,0.05290191,6.396545e-06,2.0539505e-06,0.0005284513
3438,ravdess,21,03-01-01-01-01-01-21.wav,Neutral,189,Neutral,Neutral,True,0.9951556,0.0006949455,0.0034245078,2.1385108e-06,6.8625624e-05,0.9951556,2.4667228e-05,0.0006296058
3439,ravdess,21,03-01-01-01-01-02-21.wav,Neutral,205,Neutral,Neutral,True,0.8620621,0.00021413763,0.13604248,1.0716273e-06,2.3449136e-05,0.8620621,2.051251e-05,0.0016362751
3440,ravdess,21,03-01-01-01-02-01-21.wav,Neutral,173,Neutral,Neutral,True,0.9683469,0.01601975,0.009944869,0.0005182317,0.0026242225,0.9683469,0.00014014932,0.002405924
3441,ravdess,21,03-01-01-01-02-02-21.wav,Neutral,173,Neutral,Neutral,True,0.80841404,0.09584605,0.024307596,0.002631826,0.007527806,0.80841404,0.00037132823,0.06090129
3442,ravdess,21,03-01-03-01-01-01-21.wav,Happy,193,Happy,Neutral,False,0.9878862,0.00096260506,0.01080116,3.5653293e-06,0.00017770643,0.9878862,8.8461034e-05,8.029581e-05
3443,ravdess,21,03-01-03-01-01-02-21.wav,Happy,183,Happy,Neutral,False,0.6378988,0.18769145,0.05957336,0.006239312,0.0653835,0.6378988,0.00044334723,0.042770267
3444,ravdess,21,03-01-03-01-02-01-21.wav,Happy,177,Happy,Neutral,False,0.9964797,0.00022331486,0.00017807388,4.5983485e-05,3.721641e-05,0.9964797,4.632052e-06,0.0030311458
3445,ravdess,21,03-01-03-01-02-02-21.wav,Happy,189,Happy,Neutral,False,0.95996606,0.030960536,0.0009635477,0.0007484095,0.005578964,0.95996606,0.0008103851,0.00097203656
3446,ravdess,21,03-01-03-02-01-01-21.wav,Happy,189,Happy,Neutral,False,0.7936214,0.0406924,0.00562101,0.0023546338,0.116305955,0.7936214,1.4356838e-05,0.04139017
3447,ravdess,21,03-01-03-02-01-02-21.wav,Happy,202,Happy,Neutral,False,0.5218083,0.064200655,0.057960127,0.00518577,0.05941789,0.5218083,7.326988e-05,0.29135394
3448,ravdess,21,03-01-03-02-02-01-21.wav,Happy,173,Happy,Neutral,False,0.9796964,0.010164036,0.00068406446,0.0020515409,0.0040408582,0.9796964,2.8615975e-06,0.0033602312
3449,ravdess,21,03-01-03-02-02-02-21.wav,Happy,183,Happy,Surprise,False,0.93384176,0.011396642,0.0037486902,0.0045718485,0.025286576,0.021148082,6.470873e-06,0.93384176
3450,ravdess,21,03-01-04-01-01-01-21.wav,Sad,257,Sad,Disgust,False,0.9512714,0.009272125,0.9512714,2.0256603e-06,2.0054344e-05,0.018326191,0.02095736,0.00015081163
3451,ravdess,21,03-01-04-01-01-02-21.wav,Sad,285,Sad,Angry,False,0.4342274,0.4342274,0.2666918,1.4082865e-05,0.0002743254,0.28178847,0.016872253,0.00013169413
3452,ravdess,21,03-01-04-01-02-01-21.wav,Sad,225,Sad,Neutral,False,0.9821253,6.0509632e-05,0.017774867,1.1967757e-07,1.3110503e-06,0.9821253,3.5409146e-05,2.523e-06
3453,ravdess,21,03-01-04-01-02-02-21.wav,Sad,234,Sad,Neutral,False,0.9936098,1.8298237e-05,0.0056891907,2.6426363e-07,2.3096804e-06,0.9936098,0.00066797045,1.2188406e-05
3454,ravdess,21,03-01-04-02-01-01-21.wav,Sad,228,Sad,Neutral,False,0.7968058,0.047241945,0.09621676,0.00014362691,0.024439134,0.7968058,4.2436284e-05,0.03511031
3455,ravdess,21,03-01-04-02-01-02-21.wav,Sad,244,Sad,Disgust,False,0.83841646,0.05821612,0.83841646,6.079266e-05,0.024743153,0.021570388,0.00021138818,0.05678173
3456,ravdess,21,03-01-04-02-02-01-21.wav,Sad,237,Sad,Disgust,False,0.514648,0.007332181,0.514648,6.0370417e-05,0.002193456,0.44822162,0.027480423,6.3934975e-05
3457,ravdess,21,03-01-04-02-02-02-21.wav,Sad,225,Sad,Neutral,False,0.99406284,0.00018175544,0.0056441906,2.3039995e-05,2.8929317e-05,0.99406284,5.185245e-05,7.366489e-06
3458,ravdess,21,03-01-05-01-01-01-21.wav,Angry,221,Angry,Neutral,False,0.8921793,0.018865366,0.064772926,8.792507e-05,0.006894447,0.8921793,0.0003300728,0.016870031
3459,ravdess,21,03-01-05-01-01-02-21.wav,Angry,212,Angry,Neutral,False,0.55726314,0.30700016,0.0593056,9.5428935e-05,0.007604476,0.55726314,4.533372e-06,0.06872663
3460,ravdess,21,03-01-05-01-02-01-21.wav,Angry,212,Angry,Neutral,False,0.8323737,0.02065493,0.07137491,0.0017623123,0.06871825,0.8323737,0.0029928565,0.0021230862
3461,ravdess,21,03-01-05-01-02-02-21.wav,Angry,202,Angry,Neutral,False,0.8320931,0.04480286,0.042599984,0.00043071638,0.038935084,0.8320931,0.00016457573,0.040973626
3462,ravdess,21,03-01-05-02-01-01-21.wav,Angry,237,Angry,Surprise,False,0.9741891,0.004747501,0.018090066,0.0003227171,0.0013471242,0.0013018759,1.5566203e-06,0.9741891
3463,ravdess,21,03-01-05-02-01-02-21.wav,Angry,250,Angry,Surprise,False,0.9914955,0.0017081355,0.0049667927,7.570522e-05,0.0016577281,9.3806135e-05,2.388195e-06,0.9914955
3464,ravdess,21,03-01-05-02-02-01-21.wav,Angry,215,Angry,Neutral,False,0.2475419,0.21356888,0.23038946,0.018623106,0.1569676,0.2475419,0.00055441173,0.1323546
3465,ravdess,21,03-01-05-02-02-02-21.wav,Angry,225,Angry,Surprise,False,0.5838598,0.0527073,0.27573228,0.0046544606,0.003304198,0.0797369,5.0647504e-06,0.5838598
3466,ravdess,21,03-01-06-01-01-01-21.wav,Fear,202,Fear,Surprise,False,0.2782665,0.2272437,0.15435718,0.00016113385,0.083147965,0.25628948,0.0005340546,0.2782665
3467,ravdess,21,03-01-06-01-01-02-21.wav,Fear,199,Fear,Disgust,False,0.51348174,0.0155833885,0.51348174,2.721819e-05,0.002394116,0.46601704,0.0002216029,0.002274896
3468,ravdess,21,03-01-06-01-02-01-21.wav,Fear,231,Fear,Neutral,False,0.50674313,0.0350706,0.44719532,0.0022195086,0.006553742,0.50674313,0.0019992548,0.00021840721
3469,ravdess,21,03-01-06-01-02-02-21.wav,Fear,221,Fear,Neutral,False,0.96190673,6.2683255e-05,0.037742406,1.8315508e-06,2.4258045e-06,0.96190673,0.00025385438,2.9998757e-05
3470,ravdess,21,03-01-06-02-01-01-21.wav,Fear,202,Fear,Neutral,False,0.9626807,0.0020490196,0.031098036,1.7635652e-05,0.002624198,0.9626807,8.459681e-05,0.001445882
3471,ravdess,21,03-01-06-02-01-02-21.wav,Fear,193,Fear,Angry,False,0.46510744,0.46510744,0.0327596,0.003646053,0.18190305,0.2762326,0.00012987631,0.04022136
3472,ravdess,21,03-01-06-02-02-01-21.wav,Fear,186,Fear,Angry,False,0.4891993,0.4891993,0.023878481,0.0060016913,0.0042077615,0.4742933,5.6536137e-05,0.0023629637
3473,ravdess,21,03-01-06-02-02-02-21.wav,Fear,173,Fear,Angry,False,0.7392355,0.7392355,0.008932044,0.057032242,0.02951881,0.15601575,0.00012088599,0.009144721
3474,ravdess,21,03-01-07-01-01-01-21.wav,Disgust,205,Disgust,Neutral,False,0.6007459,0.08572878,0.27965823,1.3961825e-05,0.031766705,0.6007459,3.329799e-05,0.0020531297
3475,ravdess,21,03-01-07-01-01-02-21.wav,Disgust,218,Disgust,Neutral,False,0.54997,0.028198816,0.41813323,5.767558e-06,0.0014896718,0.54997,8.99943e-05,0.0021126105
3476,ravdess,21,03-01-07-01-02-01-21.wav,Disgust,180,Disgust,Neutral,False,0.9687845,0.011885665,0.015935455,0.00010343693,0.0011934296,0.9687845,5.000762e-05,0.0020475464
3477,ravdess,21,03-01-07-01-02-02-21.wav,Disgust,173,Disgust,Neutral,False,0.87914616,0.044708103,0.06329342,0.0012962065,0.005280091,0.87914616,0.00075290026,0.0055231354
3478,ravdess,21,03-01-07-02-01-01-21.wav,Disgust,218,Disgust,Neutral,False,0.8645035,0.011647336,0.123338416,1.0303415e-06,0.00036946332,0.8645035,1.984995e-05,0.000120329154
3479,ravdess,21,03-01-07-02-01-02-21.wav,Disgust,215,Disgust,Angry,False,0.6117321,0.6117321,0.17390226,7.729887e-06,0.004336238,0.20927888,8.857836e-05,0.00065426825
3480,ravdess,21,03-01-07-02-02-01-21.wav,Disgust,234,Disgust,Neutral,False,0.79151154,0.0029100066,0.20043124,1.2858071e-05,0.0001375999,0.79151154,0.004985328,1.1409677e-05
3481,ravdess,21,03-01-07-02-02-02-21.wav,Disgust,205,Disgust,Neutral,False,0.9963659,5.4691707e-05,0.00331978,4.6400824e-06,3.9165952e-05,0.9963659,0.00020172127,1.4079413e-05
3482,ravdess,21,03-01-08-01-01-01-21.wav,Surprise,157,Surprise,Surprise,True,0.57758594,0.23985791,0.01393441,0.049350765,0.054552667,0.064715356,2.999056e-06,0.57758594
3483,ravdess,21,03-01-08-01-01-02-21.wav,Surprise,157,Surprise,Surprise,True,0.95216143,0.011006229,0.007919139,0.004898886,0.022998745,0.0010150665,4.7994246e-07,0.95216143
3484,ravdess,21,03-01-08-01-02-01-21.wav,Surprise,151,Surprise,Angry,False,0.9449126,0.9449126,0.00052124454,0.024354124,0.024549074,0.0003328578,3.3913857e-06,0.0053267786
3485,ravdess,21,03-01-08-01-02-02-21.wav,Surprise,167,Surprise,Surprise,True,0.5828966,0.20612966,0.012690751,0.032942913,0.11700451,0.04831056,2.5077861e-05,0.5828966
3486,ravdess,21,03-01-08-02-01-01-21.wav,Surprise,173,Surprise,Angry,False,0.55674285,0.55674285,0.0063437605,0.00039906288,0.1887847,0.00023160326,1.4521156e-06,0.24749656
3487,ravdess,21,03-01-08-02-01-02-21.wav,Surprise,173,Surprise,Angry,False,0.86380446,0.86380446,0.04636607,0.00029192044,0.040287044,0.0012494215,8.266216e-06,0.047992796
3488,ravdess,21,03-01-08-02-02-01-21.wav,Surprise,154,Surprise,Angry,False,0.7622614,0.7622614,0.006459506,0.058956787,0.10127758,0.014638585,8.008327e-06,0.0563981
3489,ravdess,21,03-01-08-02-02-02-21.wav,Surprise,164,Surprise,Angry,False,0.65230656,0.65230656,0.003978198,0.053897712,0.16973086,0.054729816,1.869886e-05,0.065338194
3490,ravdess,22,03-01-01-01-01-01-22.wav,Neutral,177,Neutral,Happy,False,0.5987461,0.2590469,0.031423427,0.0016606548,0.5987461,0.010381231,0.0005254777,0.09821624
3491,ravdess,22,03-01-01-01-01-02-22.wav,Neutral,161,Neutral,Angry,False,0.897065,0.897065,0.0027121494,0.00030869784,0.09459768,5.6773588e-05,0.00036001296,0.004899691
3492,ravdess,22,03-01-01-01-02-01-22.wav,Neutral,173,Neutral,Angry,False,0.7197824,0.7197824,0.0032346635,0.00089126185,0.2227758,0.003325448,0.00014543539,0.049844943
3493,ravdess,22,03-01-01-01-02-02-22.wav,Neutral,170,Neutral,Happy,False,0.5085557,0.45458388,0.0031714682,0.0017737283,0.5085557,0.016739031,0.00029510068,0.014881024
3494,ravdess,22,03-01-03-01-01-01-22.wav,Happy,196,Happy,Happy,True,0.40670902,0.32881168,0.028223885,0.0013820406,0.40670902,0.20075268,0.023730833,0.010389804
3495,ravdess,22,03-01-03-01-01-02-22.wav,Happy,154,Happy,Happy,True,0.7914158,0.19455881,0.0015498279,0.0031612087,0.7914158,3.1480054e-06,0.0006027722,0.008708373
3496,ravdess,22,03-01-03-01-02-01-22.wav,Happy,161,Happy,Angry,False,0.5397072,0.5397072,0.007121495,0.0014121535,0.43307105,0.00034044049,7.892664e-05,0.018268736
3497,ravdess,22,03-01-03-01-02-02-22.wav,Happy,161,Happy,Happy,True,0.9953507,0.003605781,0.00026436205,1.3962202e-05,0.9953507,3.6447163e-05,1.8362606e-06,0.000726788
3498,ravdess,22,03-01-03-02-01-01-22.wav,Happy,177,Happy,Happy,True,0.9910342,0.0042649605,2.1907337e-05,0.003050691,0.9910342,2.9891453e-05,1.4199867e-07,0.0015981839
3499,ravdess,22,03-01-03-02-01-02-22.wav,Happy,189,Happy,Happy,True,0.9320658,0.0499263,0.00014414723,0.008017709,0.9320658,6.727902e-05,4.6081204e-06,0.00977405
3500,ravdess,22,03-01-03-02-02-01-22.wav,Happy,177,Happy,Happy,True,0.9457228,0.04067994,0.00015730983,0.006031139,0.9457228,0.00013241358,2.9143896e-06,0.0072735935
3501,ravdess,22,03-01-03-02-02-02-22.wav,Happy,202,Happy,Happy,True,0.87252325,0.020494841,9.763039e-05,0.093438774,0.87252325,0.00066802977,1.0183407e-05,0.012767343
3502,ravdess,22,03-01-04-01-01-01-22.wav,Sad,173,Sad,Happy,False,0.4168448,0.15461202,0.081984304,0.0007295193,0.4168448,0.0282599,0.0006540622,0.31691542
3503,ravdess,22,03-01-04-01-01-02-22.wav,Sad,183,Sad,Angry,False,0.78379107,0.78379107,0.013269242,0.0016063562,0.14032021,0.0035951657,0.0008602397,0.05655778
3504,ravdess,22,03-01-04-01-02-01-22.wav,Sad,183,Sad,Happy,False,0.79355454,0.04994194,0.003428381,0.0006327489,0.79355454,0.011372988,1.6259271e-05,0.14105308
3505,ravdess,22,03-01-04-01-02-02-22.wav,Sad,180,Sad,Happy,False,0.89602363,0.020105274,0.0017261491,0.0003983056,0.89602363,0.008771109,2.0913343e-05,0.07295455
3506,ravdess,22,03-01-04-02-01-01-22.wav,Sad,183,Sad,Angry,False,0.7500183,0.7500183,0.00077703985,0.004876065,0.20816906,0.032558993,0.0012911516,0.002309427
3507,ravdess,22,03-01-04-02-01-02-22.wav,Sad,177,Sad,Angry,False,0.938759,0.938759,0.0023716153,0.013181767,0.019464796,0.012557127,4.3565346e-05,0.013622127
3508,ravdess,22,03-01-04-02-02-01-22.wav,Sad,183,Sad,Neutral,False,0.72009355,0.21567419,0.0072675175,0.0013929197,0.00993541,0.72009355,3.1913023e-05,0.045604523
3509,ravdess,22,03-01-04-02-02-02-22.wav,Sad,196,Sad,Neutral,False,0.82095903,0.12467137,0.0011542205,0.0019885055,0.023974264,0.82095903,1.5388321e-05,0.027237266
3510,ravdess,22,03-01-05-01-01-01-22.wav,Angry,180,Angry,Angry,True,0.935173,0.935173,0.0010658168,0.00018321464,0.05569377,0.00012626164,1.3884694e-05,0.007744177
3511,ravdess,22,03-01-05-01-01-02-22.wav,Angry,183,Angry,Angry,True,0.71998626,0.71998626,0.0032817216,0.0005299424,0.24934216,0.0003225059,6.871695e-05,0.026468614
3512,ravdess,22,03-01-05-01-02-01-22.wav,Angry,196,Angry,Surprise,False,0.6478112,0.18815574,0.042093027,0.0013541492,0.115136854,0.00023589894,0.0052131503,0.6478112
3513,ravdess,22,03-01-05-01-02-02-22.wav,Angry,212,Angry,Angry,True,0.4181214,0.4181214,0.05426046,0.00012994622,0.34179655,0.0040897955,0.00016904016,0.18143283
3514,ravdess,22,03-01-05-02-01-01-22.wav,Angry,189,Angry,Happy,False,0.91700184,0.057642683,9.5897616e-05,0.0029482204,0.91700184,0.00035585294,8.122038e-07,0.021954713
3515,ravdess,22,03-01-05-02-01-02-22.wav,Angry,189,Angry,Angry,True,0.6240008,0.6240008,0.00064368034,0.0027322297,0.27892375,0.00016634847,2.887533e-06,0.09353032
3516,ravdess,22,03-01-05-02-02-01-22.wav,Angry,218,Angry,Angry,True,0.50764674,0.50764674,0.022524893,0.00065924565,0.41610992,0.00037394147,4.833475e-06,0.052680466
3517,ravdess,22,03-01-05-02-02-02-22.wav,Angry,221,Angry,Happy,False,0.914907,0.05990928,0.0030185494,0.004173501,0.914907,0.00017285453,5.702608e-06,0.017813237
3518,ravdess,22,03-01-06-01-01-01-22.wav,Fear,170,Fear,Angry,False,0.80329424,0.80329424,0.00059542153,0.014105501,0.15776418,0.0022617735,5.7833477e-06,0.021973075
3519,ravdess,22,03-01-06-01-01-02-22.wav,Fear,173,Fear,Angry,False,0.9753396,0.9753396,0.00043075468,0.008492245,0.008491747,0.0010989651,1.2720963e-05,0.0061340225
3520,ravdess,22,03-01-06-01-02-01-22.wav,Fear,186,Fear,Neutral,False,0.85350585,0.06343175,0.016518414,0.0011974268,0.015255618,0.85350585,2.5505176e-05,0.05006532
3521,ravdess,22,03-01-06-01-02-02-22.wav,Fear,167,Fear,Happy,False,0.70031494,0.27864203,0.00030242512,0.00088950346,0.70031494,0.0005266657,1.8386637e-06,0.019322475
3522,ravdess,22,03-01-06-02-01-01-22.wav,Fear,164,Fear,Happy,False,0.85317564,0.10340731,0.00035864953,0.0036563957,0.85317564,8.284914e-05,3.548437e-07,0.039318893
3523,ravdess,22,03-01-06-02-01-02-22.wav,Fear,164,Fear,Happy,False,0.9022979,0.0568586,0.00014599066,0.030893,0.9022979,0.00011007831,2.347765e-07,0.009694226
3524,ravdess,22,03-01-06-02-02-01-22.wav,Fear,173,Fear,Angry,False,0.63049525,0.63049525,0.0004216341,0.10460768,0.2573208,0.0039017065,6.4843402e-06,0.003246412
3525,ravdess,22,03-01-06-02-02-02-22.wav,Fear,170,Fear,Happy,False,0.6354917,0.10589429,0.0004327793,0.13798724,0.6354917,0.0058033383,9.774709e-07,0.11438964
3526,ravdess,22,03-01-07-01-01-01-22.wav,Disgust,180,Disgust,Happy,False,0.7126273,0.09718138,0.12555407,0.00062711403,0.7126273,0.0009549926,4.4111348e-05,0.06301102
3527,ravdess,22,03-01-07-01-01-02-22.wav,Disgust,199,Disgust,Happy,False,0.7069883,0.12101323,0.11116512,0.00049794733,0.7069883,0.00035628138,7.6087694e-05,0.059903156
3528,ravdess,22,03-01-07-01-02-01-22.wav,Disgust,189,Disgust,Happy,False,0.65664643,0.09059186,0.03786539,0.0022017208,0.65664643,0.020963145,1.0308703e-05,0.19172113
3529,ravdess,22,03-01-07-01-02-02-22.wav,Disgust,189,Disgust,Happy,False,0.48554143,0.10862127,0.1639969,0.00033761223,0.48554143,0.15723251,7.271219e-05,0.08419756
3530,ravdess,22,03-01-07-02-01-01-22.wav,Disgust,234,Disgust,Disgust,True,0.75273985,0.17036021,0.75273985,4.0098403e-05,0.022344586,0.00085633906,0.00018512673,0.0534738
3531,ravdess,22,03-01-07-02-01-02-22.wav,Disgust,218,Disgust,Happy,False,0.8332405,0.16035835,0.002713718,7.4731375e-05,0.8332405,7.519363e-05,0.00010124161,0.0034363205
3532,ravdess,22,03-01-07-02-02-01-22.wav,Disgust,228,Disgust,Disgust,True,0.6041456,0.029693602,0.6041456,6.820542e-05,0.35153672,0.00010091919,0.00013253944,0.014322372
3533,ravdess,22,03-01-07-02-02-02-22.wav,Disgust,269,Disgust,Surprise,False,0.94657093,0.027217286,0.0020537672,0.00017236256,0.023782803,4.263228e-06,0.0001986736,0.94657093
3534,ravdess,22,03-01-08-01-01-01-22.wav,Surprise,167,Surprise,Happy,False,0.99737155,4.9101403e-05,1.6493741e-06,4.4069697e-05,0.99737155,3.0086454e-08,8.491444e-08,0.0025334675
3535,ravdess,22,03-01-08-01-01-02-22.wav,Surprise,170,Surprise,Happy,False,0.98542124,0.001462258,1.3764523e-05,7.061264e-05,0.98542124,2.9105097e-06,3.7825825e-07,0.013028864
3536,ravdess,22,03-01-08-01-02-01-22.wav,Surprise,157,Surprise,Happy,False,0.99542713,0.0038372832,1.8052955e-05,0.00017610147,0.99542713,3.780682e-06,1.8826023e-06,0.00053584465
3537,ravdess,22,03-01-08-01-02-02-22.wav,Surprise,170,Surprise,Happy,False,0.9987349,0.00066306896,4.6500677e-06,2.472634e-05,0.9987349,1.2079668e-06,3.454276e-08,0.00057140086
3538,ravdess,22,03-01-08-02-01-01-22.wav,Surprise,167,Surprise,Happy,False,0.99814904,5.0382238e-05,2.506141e-06,1.2588811e-05,0.99814904,5.276668e-08,3.662543e-08,0.0017854178
3539,ravdess,22,03-01-08-02-01-02-22.wav,Surprise,180,Surprise,Happy,False,0.9993363,0.00022924301,1.62494e-05,5.1036013e-06,0.9993363,4.883943e-07,9.470177e-08,0.00041241592
3540,ravdess,22,03-01-08-02-02-01-22.wav,Surprise,180,Surprise,Happy,False,0.9997187,0.00011589686,5.6049803e-06,7.4453606e-06,0.9997187,9.3066646e-08,1.47010635e-08,0.00015220515
3541,ravdess,22,03-01-08-02-02-02-22.wav,Surprise,170,Surprise,Happy,False,0.99891794,7.1271206e-05,3.954072e-06,0.0008264633,0.99891794,2.1664242e-07,6.884997e-08,0.00018017854
3542,ravdess,23,03-01-01-01-01-01-23.wav,Neutral,189,Neutral,Neutral,True,0.68683225,0.12190977,0.16906078,0.00010589542,0.016997762,0.68683225,0.0001876516,0.0049058823
3543,ravdess,23,03-01-01-01-01-02-23.wav,Neutral,183,Neutral,Neutral,True,0.6464452,0.054193713,0.25515252,0.00012945638,0.0016955757,0.6464452,1.7292487e-05,0.042366195
3544,ravdess,23,03-01-01-01-02-01-23.wav,Neutral,173,Neutral,Neutral,True,0.95399296,0.0013360122,0.008527008,0.0011329912,0.0001847264,0.95399296,1.0602144e-05,0.034815665
3545,ravdess,23,03-01-01-01-02-02-23.wav,Neutral,189,Neutral,Neutral,True,0.97062004,0.0003528379,0.028197682,4.5237135e-05,3.4983095e-05,0.97062004,4.4927452e-05,0.0007043584
3546,ravdess,23,03-01-03-01-01-01-23.wav,Happy,141,Happy,Fear,False,0.50082517,0.3027774,0.0006881071,0.50082517,0.16998605,0.00061394426,2.8415145e-05,0.025080949
3547,ravdess,23,03-01-03-01-01-02-23.wav,Happy,132,Happy,Angry,False,0.5165177,0.5165177,0.0008539289,0.016373236,0.45854157,0.00018542857,9.189654e-06,0.007518955
3548,ravdess,23,03-01-03-01-02-01-23.wav,Happy,135,Happy,Angry,False,0.67447984,0.67447984,0.0063559506,0.16972283,0.020494957,0.022092806,1.6684646e-05,0.10683694
3549,ravdess,23,03-01-03-01-02-02-23.wav,Happy,135,Happy,Angry,False,0.96143603,0.96143603,0.0038153993,0.0075886454,0.0025802155,0.0068924287,1.4632503e-06,0.017685786
3550,ravdess,23,03-01-03-02-01-01-23.wav,Happy,125,Happy,Angry,False,0.8454784,0.8454784,0.00010851903,0.10939688,0.044332445,0.00016446816,1.0162245e-05,0.0005089773
3551,ravdess,23,03-01-03-02-01-02-23.wav,Happy,125,Happy,Angry,False,0.86015797,0.86015797,0.00013751329,0.07900424,0.05867891,8.325979e-05,9.035089e-06,0.0019291003
3552,ravdess,23,03-01-03-02-02-01-23.wav,Happy,125,Happy,Angry,False,0.9110429,0.9110429,4.3653243e-05,0.08214417,0.005170903,8.765174e-05,3.152871e-06,0.0015074788
3553,ravdess,23,03-01-03-02-02-02-23.wav,Happy,129,Happy,Angry,False,0.9477853,0.9477853,4.045499e-05,0.047104724,0.0048669907,1.5543068e-05,2.2405925e-06,0.00018474236
3554,ravdess,23,03-01-04-01-01-01-23.wav,Sad,173,Sad,Angry,False,0.70071656,0.70071656,0.017343331,0.00017361483,0.025483944,0.25484324,4.071883e-05,0.0013985711
3555,ravdess,23,03-01-04-01-01-02-23.wav,Sad,199,Sad,Neutral,False,0.9334956,0.022311177,0.043942824,1.5890297e-05,0.00017997528,0.9334956,1.4841319e-05,3.9677827e-05
3556,ravdess,23,03-01-04-01-02-01-23.wav,Sad,167,Sad,Angry,False,0.9272922,0.9272922,0.010021505,0.0074287443,0.0333569,0.018434677,3.0116367e-05,0.003435852
3557,ravdess,23,03-01-04-01-02-02-23.wav,Sad,173,Sad,Angry,False,0.9739803,0.9739803,0.0016509468,0.0027851323,0.0016386256,0.019454094,3.762683e-06,0.00048713826
3558,ravdess,23,03-01-04-02-01-01-23.wav,Sad,301,Sad,Angry,False,0.8350331,0.8350331,0.08917275,0.0002921871,0.03303863,0.003815502,0.00026537472,0.038382445
3559,ravdess,23,03-01-04-02-01-02-23.wav,Sad,305,Sad,Angry,False,0.64612216,0.64612216,0.26904958,0.0018353992,0.03928573,0.013046063,0.0056484127,0.025012657
3560,ravdess,23,03-01-04-02-02-01-23.wav,Sad,205,Sad,Neutral,False,0.9126034,0.01750361,0.029418426,0.001170523,0.014826603,0.9126034,8.990237e-05,0.024387665
3561,ravdess,23,03-01-04-02-02-02-23.wav,Sad,333,Sad,Sad,True,0.52573067,0.14096163,0.14250301,0.0018301506,0.0023635386,0.18206778,0.52573067,0.0045432136
3562,ravdess,23,03-01-05-01-01-01-23.wav,Angry,129,Angry,Angry,True,0.9973743,0.9973743,3.8899638e-05,0.0003131622,0.0022131861,3.2372911e-06,5.5027357e-07,5.676394e-05
3563,ravdess,23,03-01-05-01-01-02-23.wav,Angry,138,Angry,Angry,True,0.95410514,0.95410514,5.607033e-05,0.026537506,0.018596679,5.6238703e-05,6.7665786e-07,0.0006476403
3564,ravdess,23,03-01-05-01-02-01-23.wav,Angry,135,Angry,Angry,True,0.99502784,0.99502784,2.1367818e-05,0.00242377,0.002169164,8.3003515e-06,3.0421882e-07,0.0003493069
3565,ravdess,23,03-01-05-01-02-02-23.wav,Angry,138,Angry,Angry,True,0.92968065,0.92968065,3.8122915e-05,0.0572446,0.011325721,0.00010272486,5.043537e-06,0.0016032105
3566,ravdess,23,03-01-05-02-01-01-23.wav,Angry,145,Angry,Fear,False,0.50139725,0.28923246,8.705689e-05,0.50139725,0.20610486,4.671816e-05,1.7130645e-06,0.0031299172
3567,ravdess,23,03-01-05-02-01-02-23.wav,Angry,132,Angry,Happy,False,0.9694463,0.027701164,1.6790998e-05,0.0021896586,0.9694463,5.6316817e-06,9.353457e-07,0.0006396155
3568,ravdess,23,03-01-05-02-02-01-23.wav,Angry,125,Angry,Happy,False,0.49953687,0.30149496,0.00023386556,0.026020655,0.49953687,9.0965514e-05,5.1813367e-06,0.17261745
3569,ravdess,23,03-01-05-02-02-02-23.wav,Angry,132,Angry,Angry,True,0.51768965,0.51768965,0.000115436014,0.008333784,0.4627874,5.454783e-05,9.516022e-07,0.01101825
3570,ravdess,23,03-01-06-01-01-01-23.wav,Fear,151,Fear,Angry,False,0.6074874,0.6074874,0.0063640517,0.0029361367,0.37341964,0.005985353,7.0290916e-06,0.0038004024
3571,ravdess,23,03-01-06-01-01-02-23.wav,Fear,132,Fear,Angry,False,0.928558,0.928558,0.0015250643,0.00060242263,0.067900494,0.0013190611,1.1687186e-05,8.33687e-05
3572,ravdess,23,03-01-06-01-02-01-23.wav,Fear,125,Fear,Angry,False,0.95465076,0.95465076,0.002059566,0.014520151,0.017267628,0.010170153,1.4587835e-05,0.0013171264
3573,ravdess,23,03-01-06-01-02-02-23.wav,Fear,122,Fear,Angry,False,0.9912838,0.9912838,0.0012880068,0.0015236168,0.0026044059,0.002811467,2.292079e-06,0.0004863379
3574,ravdess,23,03-01-06-02-01-01-23.wav,Fear,164,Fear,Happy,False,0.7350705,0.11072042,0.04606783,0.0018152961,0.7350705,0.0916608,1.4794095e-05,0.014650325
3575,ravdess,23,03-01-06-02-01-02-23.wav,Fear,151,Fear,Happy,False,0.48728526,0.40940455,0.002734374,0.029774137,0.48728526,0.005313672,4.1305875e-06,0.065483876
3576,ravdess,23,03-01-06-02-02-01-23.wav,Fear,154,Fear,Angry,False,0.77724177,0.77724177,0.005189707,0.015891755,0.13760227,0.015432787,4.7987214e-06,0.04863695
3577,ravdess,23,03-01-06-02-02-02-23.wav,Fear,161,Fear,Angry,False,0.7849405,0.7849405,0.010241519,0.014972492,0.049602948,0.07134057,6.5896975e-06,0.06889537
3578,ravdess,23,03-01-07-01-01-01-23.wav,Disgust,167,Disgust,Angry,False,0.9202173,0.9202173,0.006622945,0.00014012954,0.066348605,0.0063522453,3.1206373e-06,0.0003156593
3579,ravdess,23,03-01-07-01-01-02-23.wav,Disgust,167,Disgust,Angry,False,0.7290893,0.7290893,0.044753954,0.0040312796,0.15954106,0.059657324,2.0900214e-05,0.0029062051
3580,ravdess,23,03-01-07-01-02-01-23.wav,Disgust,154,Disgust,Angry,False,0.9782225,0.9782225,0.010534655,7.7445104e-05,0.005473055,0.0024286453,1.9649403e-06,0.003261693
3581,ravdess,23,03-01-07-01-02-02-23.wav,Disgust,145,Disgust,Angry,False,0.99821055,0.99821055,0.00044351604,5.9581198e-05,0.0009607724,0.0002523415,2.6538652e-07,7.296276e-05
3582,ravdess,23,03-01-07-02-01-01-23.wav,Disgust,215,Disgust,Happy,False,0.539547,0.1696652,0.2450874,4.9455975e-05,0.539547,0.04247465,0.00010089567,0.003075334
3583,ravdess,23,03-01-07-02-01-02-23.wav,Disgust,196,Disgust,Angry,False,0.67611563,0.67611563,0.04192892,0.0005643328,0.1683559,0.10252257,5.490978e-06,0.010507085
3584,ravdess,23,03-01-07-02-02-01-23.wav,Disgust,183,Disgust,Neutral,False,0.75831014,0.08714751,0.11190499,0.0047813524,0.0063849324,0.75831014,2.1756177e-05,0.03144935
3585,ravdess,23,03-01-07-02-02-02-23.wav,Disgust,189,Disgust,Neutral,False,0.34735605,0.22268577,0.27759737,0.0010022412,0.111692324,0.34735605,8.60821e-05,0.03958018
3586,ravdess,23,03-01-08-01-01-01-23.wav,Surprise,132,Surprise,Angry,False,0.7639017,0.7639017,0.0005821328,0.06832511,0.16171606,0.00013722313,5.7815037e-06,0.0053319805
3587,ravdess,23,03-01-08-01-01-02-23.wav,Surprise,132,Surprise,Angry,False,0.9695338,0.9695338,5.4247914e-05,0.0018586363,0.025794035,1.0629601e-05,2.680864e-06,0.0027460062
3588,ravdess,23,03-01-08-01-02-01-23.wav,Surprise,132,Surprise,Angry,False,0.83597225,0.83597225,0.00017636151,0.006043439,0.12453894,8.276768e-05,1.3260969e-06,0.03318489
3589,ravdess,23,03-01-08-01-02-02-23.wav,Surprise,132,Surprise,Angry,False,0.8534045,0.8534045,0.00011737166,0.006469829,0.11345712,6.808834e-05,5.639093e-07,0.026482394
3590,ravdess,23,03-01-08-02-01-01-23.wav,Surprise,154,Surprise,Happy,False,0.87609714,0.021382552,9.056694e-05,0.08970158,0.87609714,0.0001599755,6.2635416e-07,0.01256762
3591,ravdess,23,03-01-08-02-01-02-23.wav,Surprise,141,Surprise,Angry,False,0.8527614,0.8527614,9.221357e-05,0.01646988,0.12453137,3.3004297e-05,1.2234442e-06,0.0061109364
3592,ravdess,23,03-01-08-02-02-01-23.wav,Surprise,135,Surprise,Angry,False,0.8858387,0.8858387,1.5485402e-05,0.09640592,0.015813926,6.498405e-05,2.4526722e-07,0.0018607407
3593,ravdess,23,03-01-08-02-02-02-23.wav,Surprise,135,Surprise,Fear,False,0.7823463,0.2137185,4.2261243e-05,0.7823463,0.0026790171,4.5769397e-05,2.8421182e-06,0.0011652773
3594,ravdess,24,03-01-01-01-01-01-24.wav,Neutral,180,Neutral,Angry,False,0.63305235,0.63305235,0.011979141,0.008938654,0.32502228,0.016751869,0.00024492719,0.004010857
3595,ravdess,24,03-01-01-01-01-02-24.wav,Neutral,177,Neutral,Angry,False,0.58305067,0.58305067,0.00013229299,0.024814073,0.3913222,0.00016353228,4.824136e-05,0.00046898006
3596,ravdess,24,03-01-01-01-02-01-24.wav,Neutral,173,Neutral,Angry,False,0.9998797,0.9998797,1.2741166e-06,5.5823184e-06,0.00010148934,1.7704907e-07,4.096803e-07,1.1365784e-05
3597,ravdess,24,03-01-01-01-02-02-24.wav,Neutral,170,Neutral,Angry,False,0.9976162,0.9976162,1.8263961e-06,0.00021619006,0.0019456374,6.858156e-05,5.044464e-07,0.00015117362
3598,ravdess,24,03-01-03-01-01-01-24.wav,Happy,170,Happy,Angry,False,0.99269706,0.99269706,4.6792204e-05,9.3898685e-05,0.007073843,2.9195132e-06,7.04181e-06,7.844279e-05
3599,ravdess,24,03-01-03-01-01-02-24.wav,Happy,196,Happy,Angry,False,0.8917757,0.8917757,0.016610939,0.0006024126,0.08389858,0.0021072617,0.004859522,0.00014555456
3600,ravdess,24,03-01-03-01-02-01-24.wav,Happy,161,Happy,Angry,False,0.9689762,0.9689762,0.00013070721,0.00030702856,0.027101062,2.3014542e-05,2.7733791e-05,0.003434218
3601,ravdess,24,03-01-03-01-02-02-24.wav,Happy,180,Happy,Angry,False,0.7058065,0.7058065,0.0005240113,0.0002915333,0.2897495,0.00091482623,2.0021165e-05,0.0026936298
3602,ravdess,24,03-01-03-02-01-01-24.wav,Happy,205,Happy,Happy,True,0.6559066,0.33254525,0.0016607323,0.006054871,0.6559066,0.0005235558,0.00015060342,0.0031583114
3603,ravdess,24,03-01-03-02-01-02-24.wav,Happy,180,Happy,Angry,False,0.8568798,0.8568798,0.00011926665,0.0045099235,0.13696818,0.0002653701,1.2142411e-05,0.0012453564
3604,ravdess,24,03-01-03-02-02-01-24.wav,Happy,189,Happy,Angry,False,0.686646,0.686646,0.0007043674,0.0061239377,0.3053671,0.00025239136,4.9495825e-06,0.0009012179
3605,ravdess,24,03-01-03-02-02-02-24.wav,Happy,193,Happy,Happy,True,0.7769467,0.004981474,0.00061650627,0.02369851,0.7769467,0.0020763646,5.058364e-07,0.19167998
3606,ravdess,24,03-01-04-01-01-01-24.wav,Sad,218,Sad,Angry,False,0.56327254,0.56327254,0.3871989,1.443877e-05,0.00019524415,0.0026631858,0.04662164,3.40538e-05
3607,ravdess,24,03-01-04-01-01-02-24.wav,Sad,209,Sad,Neutral,False,0.7131988,0.27170855,0.0065583885,0.0008769805,0.004421465,0.7131988,0.00023119454,0.0030045968
3608,ravdess,24,03-01-04-01-02-01-24.wav,Sad,161,Sad,Angry,False,0.99191064,0.99191064,3.1205065e-05,1.3402112e-05,0.007306747,4.2586908e-05,2.9064176e-06,0.0006924807
3609,ravdess,24,03-01-04-01-02-02-24.wav,Sad,186,Sad,Angry,False,0.9070158,0.9070158,0.03683603,0.00031092108,0.026236461,0.0019329793,1.3518327e-05,0.02765425
3610,ravdess,24,03-01-04-02-01-01-24.wav,Sad,250,Sad,Happy,False,0.63509226,0.2063585,0.0010098252,0.0151474895,0.63509226,2.248161e-05,2.7631606e-05,0.14234182
3611,ravdess,24,03-01-04-02-01-02-24.wav,Sad,263,Sad,Happy,False,0.6663525,0.18085507,0.0014169858,0.00041056133,0.6663525,5.1342827e-06,7.1864147e-06,0.15095264
3612,ravdess,24,03-01-04-02-02-01-24.wav,Sad,276,Sad,Angry,False,0.94111186,0.94111186,0.0033094278,0.00043337114,0.0063002417,6.0777315e-06,2.4032463e-05,0.048814926
3613,ravdess,24,03-01-04-02-02-02-24.wav,Sad,282,Sad,Angry,False,0.9574786,0.9574786,0.014052411,0.0038862978,0.013760107,0.001181138,0.0035939345,0.0060474756
3614,ravdess,24,03-01-05-01-01-01-24.wav,Angry,215,Angry,Angry,True,0.83993053,0.83993053,0.00011983216,0.0006646548,0.1571755,0.00016743549,3.1231345e-06,0.0019389507
3615,ravdess,24,03-01-05-01-01-02-24.wav,Angry,180,Angry,Angry,True,0.97927594,0.97927594,4.0183342e-05,0.00096098264,0.01895908,0.0002675549,1.2593694e-05,0.0004836479
3616,ravdess,24,03-01-05-01-02-01-24.wav,Angry,177,Angry,Angry,True,0.89094937,0.89094937,6.0510603e-05,0.00010933861,0.108247794,0.00015569862,5.2128286e-07,0.00047683416
3617,ravdess,24,03-01-05-01-02-02-24.wav,Angry,221,Angry,Happy,False,0.5722905,0.4224989,0.00079277804,0.0009395189,0.5722905,0.0015560421,2.464453e-05,0.0018976142
3618,ravdess,24,03-01-05-02-01-01-24.wav,Angry,234,Angry,Angry,True,0.8576335,0.8576335,0.0032283543,0.008459659,0.11858734,0.0007607735,8.394406e-06,0.01132202
3619,ravdess,24,03-01-05-02-01-02-24.wav,Angry,234,Angry,Angry,True,0.5517839,0.5517839,0.03324725,0.012812823,0.32142437,0.0036957506,0.0001127487,0.076923154
3620,ravdess,24,03-01-05-02-02-01-24.wav,Angry,225,Angry,Angry,True,0.6601247,0.6601247,0.008258786,0.016807925,0.31235686,0.0013049922,1.390688e-05,0.0011328784
3621,ravdess,24,03-01-05-02-02-02-24.wav,Angry,314,Angry,Happy,False,0.36864454,0.109329954,0.05007873,0.12092647,0.36864454,0.00034019796,0.004223132,0.34645697
3622,ravdess,24,03-01-06-01-01-01-24.wav,Fear,202,Fear,Happy,False,0.960111,0.0007419166,3.1434425e-05,0.0048394357,0.960111,2.2283759e-05,2.560332e-06,0.034251317
3623,ravdess,24,03-01-06-01-01-02-24.wav,Fear,218,Fear,Happy,False,0.52550524,0.054869596,0.0026574633,0.031508144,0.52550524,0.00033185454,2.3664294e-05,0.385104
3624,ravdess,24,03-01-06-01-02-01-24.wav,Fear,193,Fear,Happy,False,0.82850826,0.023174938,0.0044849273,0.11160331,0.82850826,0.00078196335,5.8639503e-06,0.031440765
3625,ravdess,24,03-01-06-01-02-02-24.wav,Fear,205,Fear,Fear,True,0.49395257,0.046652928,0.0007477156,0.49395257,0.44646522,0.0008837115,1.9830826e-05,0.0112780025
3626,ravdess,24,03-01-06-02-01-01-24.wav,Fear,180,Fear,Angry,False,0.91736937,0.91736937,0.00014709092,0.002368271,0.028640425,0.00014542774,2.1045732e-07,0.051329147
3627,ravdess,24,03-01-06-02-01-02-24.wav,Fear,193,Fear,Surprise,False,0.4634931,0.15117535,0.0005999456,0.2940954,0.04734844,0.043283455,4.3081895e-06,0.4634931
3628,ravdess,24,03-01-06-02-02-01-24.wav,Fear,157,Fear,Happy,False,0.94932795,0.048705846,3.6019912e-05,0.0017246446,0.94932795,7.089766e-06,1.061659e-07,0.00019836437
3629,ravdess,24,03-01-06-02-02-02-24.wav,Fear,189,Fear,Angry,False,0.75127196,0.75127196,0.0005125758,0.0016635124,0.1851641,0.0011755081,1.037772e-06,0.060211357
3630,ravdess,24,03-01-07-01-01-01-24.wav,Disgust,237,Disgust,Angry,False,0.9467739,0.9467739,0.0012907813,0.0012007,0.03481961,0.0011226947,0.0007641126,0.014028179
3631,ravdess,24,03-01-07-01-01-02-24.wav,Disgust,218,Disgust,Angry,False,0.8056721,0.8056721,0.001852914,0.004474306,0.17743576,0.002551662,8.995201e-05,0.00792333
3632,ravdess,24,03-01-07-01-02-01-24.wav,Disgust,205,Disgust,Happy,False,0.6653838,0.28798208,0.0012674002,0.0090406835,0.6653838,0.020647967,7.12983e-05,0.015606764
3633,ravdess,24,03-01-07-01-02-02-24.wav,Disgust,218,Disgust,Neutral,False,0.39604333,0.24485654,0.034525365,0.0055623422,0.04594603,0.39604333,6.290891e-05,0.27300352
3634,ravdess,24,03-01-07-02-01-01-24.wav,Disgust,247,Disgust,Angry,False,0.88003474,0.88003474,0.050827738,6.739164e-05,0.003809106,0.06488731,6.4013686e-05,0.0003096917
3635,ravdess,24,03-01-07-02-01-02-24.wav,Disgust,263,Disgust,Happy,False,0.57971096,0.28634548,0.0003761908,0.01654916,0.57971096,0.00034517422,0.00034064386,0.11633231
3636,ravdess,24,03-01-07-02-02-01-24.wav,Disgust,218,Disgust,Angry,False,0.8951031,0.8951031,0.0027384625,0.02074214,0.07932401,0.0012058041,0.00015681944,0.0007296604
3637,ravdess,24,03-01-07-02-02-02-24.wav,Disgust,250,Disgust,Angry,False,0.721068,0.721068,0.0012394898,0.17576098,0.07301862,0.00017662317,0.0001891788,0.028547019
3638,ravdess,24,03-01-08-01-01-01-24.wav,Surprise,145,Surprise,Happy,False,0.90828454,0.08377094,4.1580326e-05,0.006898782,0.90828454,3.227474e-06,5.2269997e-06,0.0009956938
3639,ravdess,24,03-01-08-01-01-02-24.wav,Surprise,170,Surprise,Happy,False,0.85361224,0.060363226,5.9633687e-05,0.053480227,0.85361224,1.0399977e-05,6.956641e-07,0.032473575
3640,ravdess,24,03-01-08-01-02-01-24.wav,Surprise,145,Surprise,Happy,False,0.7441401,0.23758854,0.00020605781,0.011360013,0.7441401,3.5740883e-05,1.0017227e-05,0.006659508
3641,ravdess,24,03-01-08-01-02-02-24.wav,Surprise,148,Surprise,Happy,False,0.6824853,0.24860817,0.00034460024,0.06345887,0.6824853,0.000113242124,1.069797e-05,0.004979105
3642,ravdess,24,03-01-08-02-01-01-24.wav,Surprise,202,Surprise,Happy,False,0.91307706,0.024780631,0.00083668757,0.030956922,0.91307706,0.0058677085,0.00010372125,0.024377253
3643,ravdess,24,03-01-08-02-01-02-24.wav,Surprise,199,Surprise,Happy,False,0.97820365,0.0036240784,0.000318612,0.011980835,0.97820365,0.00016230905,1.7852608e-05,0.0056926445
3644,ravdess,24,03-01-08-02-02-01-24.wav,Surprise,202,Surprise,Happy,False,0.93789124,0.00083237654,0.00031520048,0.008286962,0.93789124,0.0002686387,2.014178e-06,0.052403558
3645,ravdess,24,03-01-08-02-02-02-24.wav,Surprise,186,Surprise,Happy,False,0.9993616,0.00021692466,5.0927465e-06,0.00012224539,0.9993616,1.1922576e-07,9.193585e-08,0.00029397724
