row_index,dataset,speaker,filename,emotion,real_frames,true_label,predicted_label,correct,confidence,prob_Angry,prob_Disgust,prob_Fear,prob_Happy,prob_Neutral,prob_Sad,prob_Surprise
2398,ravdess,01,03-01-01-01-01-01-01.wav,Neutral,138,Neutral,Angry,False,0.90496796,0.90496796,0.0005082749,0.024761716,0.06613006,0.0033727593,1.7777373e-05,0.00024150251
2399,ravdess,01,03-01-01-01-01-02-01.wav,Neutral,138,Neutral,Angry,False,0.9459387,0.9459387,0.00089473743,0.0120433625,0.03866414,0.0023738714,3.3935165e-05,5.12923e-05
2400,ravdess,01,03-01-01-01-02-01-01.wav,Neutral,135,Neutral,Angry,False,0.9906356,0.9906356,0.0006891545,0.0016092971,0.00097558455,0.0059870984,3.957194e-06,9.9217665e-05
2401,ravdess,01,03-01-01-01-02-02-01.wav,Neutral,129,Neutral,Angry,False,0.9248709,0.9248709,0.012969341,0.0010856217,0.025448108,0.027427556,8.285904e-05,0.008115623
2402,ravdess,01,03-01-03-01-01-01-01.wav,Happy,161,Happy,Angry,False,0.5854667,0.5854667,0.0011029106,0.10217771,0.1823438,0.12787792,0.00045845794,0.0005725518
2403,ravdess,01,03-01-03-01-01-02-01.wav,Happy,180,Happy,Happy,True,0.64934784,0.2379782,0.00055264484,0.0875541,0.64934784,0.0140541615,0.00022801198,0.01028504
2404,ravdess,01,03-01-03-01-02-01-01.wav,Happy,157,Happy,Angry,False,0.8786501,0.8786501,0.0014807296,0.0165078,0.012201956,0.0909436,3.925199e-05,0.00017653873
2405,ravdess,01,03-01-03-01-02-02-01.wav,Happy,180,Happy,Neutral,False,0.5896986,0.40224597,0.002614302,0.0010439034,0.0027332224,0.5896986,3.3114946e-05,0.001630834
2406,ravdess,01,03-01-03-02-01-01-01.wav,Happy,170,Happy,Happy,True,0.95109206,0.008009563,2.2012877e-05,0.040153116,0.95109206,0.00018749422,9.530127e-06,0.00052635407
2407,ravdess,01,03-01-03-02-01-02-01.wav,Happy,189,Happy,Happy,True,0.86715484,0.10493562,0.00022351326,0.020993326,0.86715484,0.00029044342,4.09066e-05,0.0063614612
2408,ravdess,01,03-01-03-02-02-01-01.wav,Happy,199,Happy,Angry,False,0.71900594,0.71900594,0.0045841867,0.061999436,0.028423036,0.16593425,0.000305775,0.019747408
2409,ravdess,01,03-01-03-02-02-02-01.wav,Happy,202,Happy,Angry,False,0.94876486,0.94876486,0.0024484007,0.0024837118,0.0076248953,0.031601343,6.6840315e-05,0.0070099514
2410,ravdess,01,03-01-04-01-01-01-01.wav,Sad,186,Sad,Angry,False,0.920006,0.920006,0.009551598,0.0035345445,0.03875543,0.02767804,0.00025292335,0.00022150931
2411,ravdess,01,03-01-04-01-01-02-01.wav,Sad,167,Sad,Angry,False,0.81744957,0.81744957,0.01419031,0.0028942297,0.01495727,0.15004925,0.00013758206,0.00032173214
2412,ravdess,01,03-01-04-01-02-01-01.wav,Sad,154,Sad,Angry,False,0.8529831,0.8529831,0.008777688,0.0010941986,0.0020844722,0.13458359,5.397956e-05,0.00042291632
2413,ravdess,01,03-01-04-01-02-02-01.wav,Sad,148,Sad,Angry,False,0.9614645,0.9614645,0.0016427516,0.003091961,0.0009469579,0.032029316,1.47130995e-05,0.00080972764
2414,ravdess,01,03-01-04-02-01-01-01.wav,Sad,189,Sad,Neutral,False,0.62411094,0.32650664,0.008766958,0.0012924463,0.038754772,0.62411094,0.00048047712,8.7680986e-05
2415,ravdess,01,03-01-04-02-01-02-01.wav,Sad,173,Sad,Angry,False,0.85773975,0.85773975,0.00041743834,0.011334626,0.118916206,0.010234129,1.0621383e-05,0.0013472132
2416,ravdess,01,03-01-04-02-02-01-01.wav,Sad,180,Sad,Angry,False,0.48729908,0.48729908,0.0061354716,0.0037044438,0.016930098,0.47192582,0.00011031016,0.013894736
2417,ravdess,01,03-01-04-02-02-02-01.wav,Sad,180,Sad,Angry,False,0.90949047,0.90949047,0.0008570447,0.016425367,0.02362117,0.036039855,5.243505e-05,0.013513612
2418,ravdess,01,03-01-05-01-01-01-01.wav,Angry,193,Angry,Happy,False,0.96785384,0.023701476,0.00027987274,0.0048249806,0.96785384,0.00024244977,9.806208e-06,0.0030876016
2419,ravdess,01,03-01-05-01-01-02-01.wav,Angry,205,Angry,Happy,False,0.97789234,0.014663035,0.000120523706,0.0016480646,0.97789234,0.00016450496,8.597875e-06,0.0055028587
2420,ravdess,01,03-01-05-01-02-01-01.wav,Angry,157,Angry,Angry,True,0.51374006,0.51374006,0.0005077908,0.009677645,0.47326428,0.0005195111,1.7094797e-05,0.0022736217
2421,ravdess,01,03-01-05-01-02-02-01.wav,Angry,180,Angry,Angry,True,0.5577143,0.5577143,0.00407352,0.031718455,0.24604724,0.011395514,0.0003272995,0.14872369
2422,ravdess,01,03-01-05-02-01-01-01.wav,Angry,209,Angry,Happy,False,0.74171716,0.0067075533,3.78468e-05,0.087638766,0.74171716,6.4058295e-05,2.6507261e-05,0.1638081
2423,ravdess,01,03-01-05-02-01-02-01.wav,Angry,321,Angry,Surprise,False,0.8754647,0.0024838406,6.549727e-05,0.0911602,0.03080911,8.557963e-07,1.5807469e-05,0.8754647
2424,ravdess,01,03-01-05-02-02-01-01.wav,Angry,212,Angry,Happy,False,0.496616,0.0007111609,1.5355245e-05,0.38871622,0.496616,1.5137671e-05,8.455874e-06,0.11391765
2425,ravdess,01,03-01-05-02-02-02-01.wav,Angry,241,Angry,Surprise,False,0.8853534,0.020786704,0.00016284418,0.010193145,0.08349749,2.0686057e-06,4.379455e-06,0.8853534
2426,ravdess,01,03-01-06-01-01-01-01.wav,Fear,173,Fear,Angry,False,0.58354264,0.58354264,0.0013963002,0.006983452,0.0154845165,0.3913816,0.0003782988,0.00083324575
2427,ravdess,01,03-01-06-01-01-02-01.wav,Fear,177,Fear,Happy,False,0.7439119,0.23166482,0.0001432819,0.02002065,0.7439119,0.0016910958,3.7566537e-05,0.002530714
2428,ravdess,01,03-01-06-01-02-01-01.wav,Fear,341,Fear,Neutral,False,0.74497145,0.011986912,0.21296404,0.0042841127,0.0040920987,0.74497145,0.019180438,0.0025208632
2429,ravdess,01,03-01-06-01-02-02-01.wav,Fear,196,Fear,Neutral,False,0.8280057,0.15268993,0.003942189,0.0056460793,0.006905632,0.8280057,0.0026343765,0.00017621397
2430,ravdess,01,03-01-06-02-01-01-01.wav,Fear,289,Fear,Surprise,False,0.9672331,0.00495631,0.00023553251,0.013717675,0.013849036,2.8007757e-06,5.5404457e-06,0.9672331
2431,ravdess,01,03-01-06-02-01-02-01.wav,Fear,231,Fear,Angry,False,0.94565856,0.94565856,0.010987667,0.0006414956,0.017061599,0.00026819232,4.872902e-06,0.025377547
2432,ravdess,01,03-01-06-02-02-01-01.wav,Fear,183,Fear,Angry,False,0.8573962,0.8573962,0.00033286985,0.033158652,0.10435936,0.0013845274,0.000383518,0.002984858
2433,ravdess,01,03-01-06-02-02-02-01.wav,Fear,183,Fear,Happy,False,0.9922633,0.000378814,3.5365306e-06,0.0022475626,0.9922633,1.1937708e-06,1.4745406e-06,0.005104106
2434,ravdess,01,03-01-07-01-01-01-01.wav,Disgust,205,Disgust,Happy,False,0.8916109,0.053475693,0.008557774,0.0050034495,0.8916109,0.031526286,0.0011006916,0.008725259
2435,ravdess,01,03-01-07-01-01-02-01.wav,Disgust,202,Disgust,Happy,False,0.9431466,0.036384348,0.0062090615,0.0022641667,0.9431466,0.005023684,0.000268044,0.0067041274
2436,ravdess,01,03-01-07-01-02-01-01.wav,Disgust,202,Disgust,Neutral,False,0.58098274,0.36789364,0.05047828,3.7717502e-05,0.00047661143,0.58098274,7.43888e-05,5.6550904e-05
2437,ravdess,01,03-01-07-01-02-02-01.wav,Disgust,193,Disgust,Neutral,False,0.96013826,0.035084877,0.0032286628,0.0001480809,0.0011873964,0.96013826,0.00015306484,5.962418e-05
2438,ravdess,01,03-01-07-02-01-01-01.wav,Disgust,234,Disgust,Happy,False,0.96975636,0.016345376,2.73312e-05,0.005611887,0.96975636,0.00013323459,1.315549e-05,0.008112604
2439,ravdess,01,03-01-07-02-01-02-01.wav,Disgust,209,Disgust,Happy,False,0.9999888,2.5104011e-08,6.186114e-09,7.636694e-06,0.9999888,7.7713247e-10,3.824057e-09,3.5222802e-06
2440,ravdess,01,03-01-07-02-02-01-01.wav,Disgust,244,Disgust,Angry,False,0.38045058,0.38045058,0.016422423,0.0002920605,0.23288493,9.814311e-05,8.8294146e-05,0.36976355
2441,ravdess,01,03-01-07-02-02-02-01.wav,Disgust,237,Disgust,Surprise,False,0.78197175,0.007720905,0.0055173426,0.078361616,0.12562217,0.00024031539,0.00056592165,0.78197175
2442,ravdess,01,03-01-08-01-01-01-01.wav,Surprise,148,Surprise,Happy,False,0.88015735,0.0915585,0.005892203,0.013242926,0.88015735,0.008240449,0.00023715704,0.0006713278
2443,ravdess,01,03-01-08-01-01-02-01.wav,Surprise,135,Surprise,Angry,False,0.87149704,0.87149704,0.0008527544,0.031138886,0.08916836,0.0069866693,2.527359e-05,0.00033106335
2444,ravdess,01,03-01-08-01-02-01-01.wav,Surprise,161,Surprise,Angry,False,0.6645036,0.6645036,0.0025101956,0.0015297806,0.0035949298,0.32753006,0.00024073481,9.072514e-05
2445,ravdess,01,03-01-08-01-02-02-01.wav,Surprise,141,Surprise,Angry,False,0.9612658,0.9612658,0.00010439506,0.02519195,0.009132223,0.003972638,5.0155195e-06,0.0003279789
2446,ravdess,01,03-01-08-02-01-01-01.wav,Surprise,148,Surprise,Happy,False,0.9778625,0.014807459,2.8426903e-05,0.0072188303,0.9778625,2.7923239e-05,1.9303266e-06,5.28851e-05
2447,ravdess,01,03-01-08-02-01-02-01.wav,Surprise,164,Surprise,Happy,False,0.9738506,0.011874976,5.387605e-05,0.013820835,0.9738506,4.5551136e-05,1.0019425e-05,0.00034413015
2448,ravdess,01,03-01-08-02-02-01-01.wav,Surprise,161,Surprise,Angry,False,0.774752,0.774752,0.0033747167,0.010530785,0.012366418,0.19529413,0.00012789211,0.0035540073
2449,ravdess,01,03-01-08-02-02-02-01.wav,Surprise,135,Surprise,Fear,False,0.4870825,0.37225732,0.00014299584,0.4870825,0.10780348,0.00029130367,1.7947561e-05,0.032404464
2450,ravdess,02,03-01-01-01-01-01-02.wav,Neutral,170,Neutral,Happy,False,0.73631406,0.15577957,0.00030068264,0.005269347,0.73631406,0.00013034354,0.0016199186,0.100586094
2451,ravdess,02,03-01-01-01-01-02-02.wav,Neutral,170,Neutral,Happy,False,0.91455597,0.038735416,5.1764342e-05,0.0003088428,0.91455597,4.176993e-06,0.00067765784,0.04566615
2452,ravdess,02,03-01-01-01-02-01-02.wav,Neutral,180,Neutral,Angry,False,0.68758076,0.68758076,0.00030269887,0.0008137568,0.2915632,0.00046032976,0.011062491,0.008216768
2453,ravdess,02,03-01-01-01-02-02-02.wav,Neutral,167,Neutral,Angry,False,0.93133533,0.93133533,0.0001100204,0.0002053093,0.06404249,0.0010468034,0.00071817415,0.002541854
2454,ravdess,02,03-01-03-01-01-01-02.wav,Happy,164,Happy,Happy,True,0.99515355,0.0029575783,0.00032685668,0.00022251585,0.99515355,1.0243805e-05,9.952834e-05,0.0012296822
2455,ravdess,02,03-01-03-01-01-02-02.wav,Happy,177,Happy,Happy,True,0.98813105,0.008659146,0.00091710733,0.00027265897,0.98813105,7.464525e-05,0.0003987834,0.0015466443
2456,ravdess,02,03-01-03-01-02-01-02.wav,Happy,183,Happy,Angry,False,0.9565124,0.9565124,9.708296e-05,0.0019067582,0.037500422,0.00067509734,0.0006829398,0.002625333
2457,ravdess,02,03-01-03-01-02-02-02.wav,Happy,180,Happy,Angry,False,0.5159105,0.5159105,0.0001973794,0.00054563524,0.4565511,0.0002844284,0.0055622454,0.0209487
2458,ravdess,02,03-01-03-02-01-01-02.wav,Happy,164,Happy,Happy,True,0.9999193,4.2125455e-05,4.933636e-06,1.7111225e-06,0.9999193,1.3450743e-07,1.8626804e-07,3.1567666e-05
2459,ravdess,02,03-01-03-02-01-02-02.wav,Happy,167,Happy,Happy,True,0.9999695,1.1440256e-05,3.2624353e-06,3.297967e-07,0.9999695,1.4605361e-07,2.7431054e-07,1.5133288e-05
2460,ravdess,02,03-01-03-02-02-01-02.wav,Happy,173,Happy,Happy,True,0.48668236,0.4553422,7.885234e-05,0.0034392665,0.48668236,6.314141e-05,3.316961e-05,0.054361105
2461,ravdess,02,03-01-03-02-02-02-02.wav,Happy,189,Happy,Happy,True,0.69632876,0.29154858,0.00017369786,0.00018539181,0.69632876,0.00016434705,8.627638e-05,0.011512968
2462,ravdess,02,03-01-04-01-01-01-02.wav,Sad,193,Sad,Angry,False,0.9413805,0.9413805,0.003603929,0.0014144718,0.035078194,0.014688528,0.0021034405,0.0017308866
2463,ravdess,02,03-01-04-01-01-02-02.wav,Sad,186,Sad,Angry,False,0.67684036,0.67684036,0.0016762386,0.015726613,0.2943232,0.0062690456,0.0025749393,0.0025895573
2464,ravdess,02,03-01-04-01-02-01-02.wav,Sad,180,Sad,Angry,False,0.6309092,0.6309092,0.0006666319,0.028487094,0.29913375,0.033626,0.0012415391,0.0059357523
2465,ravdess,02,03-01-04-01-02-02-02.wav,Sad,186,Sad,Angry,False,0.72301966,0.72301966,0.001173562,0.08090783,0.15039673,0.039054383,0.00019445625,0.0052533695
2466,ravdess,02,03-01-04-02-01-01-02.wav,Sad,173,Sad,Happy,False,0.725089,0.07625175,0.0002136409,0.19348627,0.725089,0.0026124683,0.00022803852,0.0021187395
2467,ravdess,02,03-01-04-02-01-02-02.wav,Sad,186,Sad,Angry,False,0.5348697,0.5348697,0.0015327253,0.15103795,0.3010369,0.0086156335,0.00021238292,0.0026948287
2468,ravdess,02,03-01-04-02-02-01-02.wav,Sad,177,Sad,Angry,False,0.67302513,0.67302513,0.00018389578,0.04600967,0.27045932,0.0015419308,0.00042336367,0.008356728
2469,ravdess,02,03-01-04-02-02-02-02.wav,Sad,177,Sad,Fear,False,0.46085486,0.21015263,0.00020507639,0.46085486,0.28168878,0.002416567,8.477985e-05,0.04459725
2470,ravdess,02,03-01-05-01-01-01-02.wav,Angry,173,Angry,Happy,False,0.9935632,0.003996178,1.8113135e-05,5.3415613e-05,0.9935632,1.4733693e-06,2.6005532e-06,0.0023651598
2471,ravdess,02,03-01-05-01-01-02-02.wav,Angry,196,Angry,Happy,False,0.90561926,0.07640002,0.00012689522,0.00043509988,0.90561926,5.4537824e-05,0.00014732321,0.017216906
2472,ravdess,02,03-01-05-01-02-01-02.wav,Angry,186,Angry,Angry,True,0.57571924,0.57571924,0.00049686525,0.024072308,0.3744363,0.00024563982,0.0003339615,0.024695745
2473,ravdess,02,03-01-05-01-02-02-02.wav,Angry,186,Angry,Angry,True,0.9569627,0.9569627,0.00016381453,0.0017305994,0.039382532,6.8493966e-05,0.00054410356,0.0011478083
2474,ravdess,02,03-01-05-02-01-01-02.wav,Angry,193,Angry,Happy,False,0.99616516,1.4187169e-05,2.4157953e-06,0.0020090633,0.99616516,3.834514e-08,8.030659e-07,0.0018083716
2475,ravdess,02,03-01-05-02-01-02-02.wav,Angry,199,Angry,Happy,False,0.99982697,1.0486717e-05,2.0894286e-07,3.971332e-05,0.99982697,1.8111775e-08,6.188514e-08,0.00012257941
2476,ravdess,02,03-01-05-02-02-01-02.wav,Angry,196,Angry,Happy,False,0.9460394,0.018309385,0.0008276916,0.020155935,0.9460394,0.00013777714,3.2178283e-05,0.014497624
2477,ravdess,02,03-01-05-02-02-02-02.wav,Angry,205,Angry,Angry,True,0.30744085,0.30744085,0.0012844028,0.27371436,0.12576464,0.00081647607,0.00014313697,0.29083616
2478,ravdess,02,03-01-06-01-01-01-02.wav,Fear,170,Fear,Happy,False,0.5128402,0.012160199,1.4008215e-05,0.45501903,0.5128402,0.00014589948,5.983288e-06,0.019814702
2479,ravdess,02,03-01-06-01-01-02-02.wav,Fear,177,Fear,Happy,False,0.92760825,0.002052748,3.1867377e-05,0.060552355,0.92760825,8.985354e-05,1.2760568e-05,0.0096521955
2480,ravdess,02,03-01-06-01-02-01-02.wav,Fear,177,Fear,Happy,False,0.51652896,0.22466148,0.00010755442,0.15993214,0.51652896,0.002744319,3.391067e-05,0.09599157
2481,ravdess,02,03-01-06-01-02-02-02.wav,Fear,180,Fear,Angry,False,0.5044865,0.5044865,0.00046271773,0.30980176,0.14110051,0.015070404,3.462711e-05,0.029043458
2482,ravdess,02,03-01-06-02-01-01-02.wav,Fear,177,Fear,Fear,True,0.72785586,0.027754353,2.8648985e-05,0.72785586,0.23827559,0.0011334391,1.4713549e-05,0.0049373102
2483,ravdess,02,03-01-06-02-01-02-02.wav,Fear,164,Fear,Fear,True,0.90387666,0.01994985,1.7492393e-05,0.90387666,0.06274462,4.3393793e-05,7.347087e-06,0.013360647
2484,ravdess,02,03-01-06-02-02-01-02.wav,Fear,161,Fear,Happy,False,0.97260845,0.0058070123,2.4826159e-05,0.018024884,0.97260845,8.9263565e-05,2.5084402e-05,0.0034204142
2485,ravdess,02,03-01-06-02-02-02-02.wav,Fear,161,Fear,Happy,False,0.8373574,0.052637924,3.2695174e-05,0.092025116,0.8373574,0.0007892868,3.830361e-05,0.017119322
2486,ravdess,02,03-01-07-01-01-01-02.wav,Disgust,186,Disgust,Happy,False,0.45659724,0.42913008,0.016509961,0.058776584,0.45659724,0.006875525,0.0046386984,0.027471943
2487,ravdess,02,03-01-07-01-01-02-02.wav,Disgust,173,Disgust,Happy,False,0.7825908,0.17274992,0.007912745,0.02044566,0.7825908,0.004314024,0.0010340691,0.0109528005
2488,ravdess,02,03-01-07-01-02-01-02.wav,Disgust,199,Disgust,Angry,False,0.5666761,0.5666761,0.006468506,0.0068356786,0.039367277,0.3464826,0.029779525,0.004390369
2489,ravdess,02,03-01-07-01-02-02-02.wav,Disgust,189,Disgust,Happy,False,0.92760944,0.056714132,0.0016361541,0.0036458583,0.92760944,0.005053929,0.00029977228,0.005040747
2490,ravdess,02,03-01-07-02-01-01-02.wav,Disgust,221,Disgust,Angry,False,0.73880225,0.73880225,0.08283644,0.015149083,0.14868477,0.0025408973,0.005174241,0.0068123885
2491,ravdess,02,03-01-07-02-01-02-02.wav,Disgust,209,Disgust,Happy,False,0.8277071,0.100502916,0.0028764769,0.058363676,0.8277071,0.006985051,0.0013236179,0.002241091
2492,ravdess,02,03-01-07-02-02-01-02.wav,Disgust,212,Disgust,Angry,False,0.9367355,0.9367355,0.0017451465,0.0015265828,0.03951608,0.019654967,0.00029563537,0.0005260915
2493,ravdess,02,03-01-07-02-02-02-02.wav,Disgust,209,Disgust,Angry,False,0.53709936,0.53709936,0.004566374,0.0051318062,0.4341959,0.0092295995,0.0005358185,0.009241111
2494,ravdess,02,03-01-08-01-01-01-02.wav,Surprise,154,Surprise,Surprise,True,0.47083685,0.063010186,0.0010398233,0.16811773,0.29696426,7.0846886e-06,2.4148972e-05,0.47083685
2495,ravdess,02,03-01-08-01-01-02-02.wav,Surprise,164,Surprise,Surprise,True,0.58409166,0.115024135,0.0033202302,0.03820146,0.25934616,2.9701625e-06,1.3402052e-05,0.58409166
2496,ravdess,02,03-01-08-01-02-01-02.wav,Surprise,164,Surprise,Angry,False,0.48135898,0.48135898,0.00043486513,0.035454463,0.12771966,0.00087930996,0.00010798058,0.3540448
2497,ravdess,02,03-01-08-01-02-02-02.wav,Surprise,161,Surprise,Happy,False,0.56434083,0.34325147,0.0012190848,0.030510716,0.56434083,3.3205954e-05,1.3874377e-05,0.060630795
2498,ravdess,02,03-01-08-02-01-01-02.wav,Surprise,180,Surprise,Happy,False,0.9014368,0.022492914,9.55354e-05,0.045342114,0.9014368,4.0471045e-06,2.0601403e-05,0.030607935
2499,ravdess,02,03-01-08-02-01-02-02.wav,Surprise,183,Surprise,Happy,False,0.49176812,0.15903094,0.000354481,0.044031516,0.49176812,2.2967126e-05,0.00020646218,0.30458552
2500,ravdess,02,03-01-08-02-02-01-02.wav,Surprise,180,Surprise,Happy,False,0.76965934,0.18575144,0.0027331912,0.010333841,0.76965934,0.0006306068,0.00017304506,0.030718574
2501,ravdess,02,03-01-08-02-02-02-02.wav,Surprise,186,Surprise,Fear,False,0.47416037,0.2615397,0.00017792216,0.47416037,0.10705984,4.928776e-05,0.00030236368,0.15671054
2502,ravdess,03,03-01-01-01-01-01-03.wav,Neutral,157,Neutral,Happy,False,0.9995584,0.00026861893,9.398662e-05,1.8388924e-05,0.9995584,8.820376e-06,9.171439e-07,5.0896102e-05
2503,ravdess,03,03-01-01-01-01-02-03.wav,Neutral,164,Neutral,Happy,False,0.83348554,0.16042224,0.0014054462,0.0029876828,0.83348554,0.0004148564,3.4390392e-05,0.0012497664
2504,ravdess,03,03-01-01-01-02-01-03.wav,Neutral,164,Neutral,Angry,False,0.427887,0.427887,0.0008269782,0.3960533,0.08316461,0.068631366,3.2840788e-05,0.023403859
2505,ravdess,03,03-01-01-01-02-02-03.wav,Neutral,157,Neutral,Angry,False,0.9827528,0.9827528,0.00024644204,0.008190801,0.0039249966,0.003659853,4.3859654e-06,0.0012207493
2506,ravdess,03,03-01-03-01-01-01-03.wav,Happy,189,Happy,Angry,False,0.59331083,0.59331083,0.0013625146,0.112113304,0.2771308,0.0029201624,4.9861435e-05,0.013112508
2507,ravdess,03,03-01-03-01-01-02-03.wav,Happy,183,Happy,Happy,True,0.97977704,0.006572898,8.8270666e-05,0.008515105,0.97977704,4.5917808e-05,1.4147166e-05,0.004986632
2508,ravdess,03,03-01-03-01-02-01-03.wav,Happy,170,Happy,Happy,True,0.9985018,0.00015727719,1.5671601e-06,0.00024681096,0.9985018,4.4199587e-06,1.0720524e-06,0.0010870625
2509,ravdess,03,03-01-03-01-02-02-03.wav,Happy,167,Happy,Fear,False,0.5780452,0.249246,0.0002359965,0.5780452,0.11259755,0.027124567,8.8902234e-05,0.032661732
2510,ravdess,03,03-01-03-02-01-01-03.wav,Happy,241,Happy,Surprise,False,0.53719276,0.12159029,0.0005598552,0.031249857,0.3093562,1.9313264e-05,3.1645686e-05,0.53719276
2511,ravdess,03,03-01-03-02-01-02-03.wav,Happy,253,Happy,Angry,False,0.38877168,0.38877168,0.0012104473,0.15199487,0.1924051,1.8278202e-05,4.4800847e-05,0.26555488
2512,ravdess,03,03-01-03-02-02-01-03.wav,Happy,285,Happy,Surprise,False,0.91286415,0.001318769,2.2332071e-05,0.042389113,0.043403417,8.86559e-08,2.190889e-06,0.91286415
2513,ravdess,03,03-01-03-02-02-02-03.wav,Happy,228,Happy,Happy,True,0.5320725,0.0011256924,0.0009798848,0.13964126,0.5320725,6.4634933e-06,0.00048276805,0.32569146
2514,ravdess,03,03-01-04-01-01-01-03.wav,Sad,189,Sad,Angry,False,0.7801503,0.7801503,0.0062595494,0.004770325,0.13471451,0.067361124,0.00030300926,0.006441247
2515,ravdess,03,03-01-04-01-01-02-03.wav,Sad,260,Sad,Angry,False,0.241204,0.241204,0.17557181,0.17268577,0.054647375,0.21430862,0.018409455,0.12317296
2516,ravdess,03,03-01-04-01-02-01-03.wav,Sad,234,Sad,Neutral,False,0.7611971,0.039212245,0.18248662,0.004577364,0.003570765,0.7611971,0.005215485,0.0037404364
2517,ravdess,03,03-01-04-01-02-02-03.wav,Sad,247,Sad,Neutral,False,0.2959421,0.20946714,0.2297157,0.1157479,0.042183507,0.2959421,0.014394635,0.092549056
2518,ravdess,03,03-01-04-02-01-01-03.wav,Sad,260,Sad,Surprise,False,0.8686311,0.017592724,0.0011428763,0.057718895,0.054479256,5.263055e-05,0.00038251327,0.8686311
2519,ravdess,03,03-01-04-02-01-02-03.wav,Sad,285,Sad,Surprise,False,0.9278019,0.008022391,0.00053869316,0.055370674,0.008030073,8.078971e-06,0.00022813206,0.9278019
2520,ravdess,03,03-01-04-02-02-01-03.wav,Sad,322,Sad,Surprise,False,0.56236714,0.0022911374,0.005397648,0.37801462,0.05060181,4.3828113e-05,0.0012837929,0.56236714
2521,ravdess,03,03-01-04-02-02-02-03.wav,Sad,260,Sad,Surprise,False,0.8431586,0.037026178,0.0012785149,0.012328216,0.10228367,0.00011157005,0.0038132034,0.8431586
2522,ravdess,03,03-01-05-01-01-01-03.wav,Angry,212,Angry,Angry,True,0.7764859,0.7764859,0.04012808,0.00014022471,0.014773018,0.16504414,0.00031355798,0.0031150158
2523,ravdess,03,03-01-05-01-01-02-03.wav,Angry,218,Angry,Angry,True,0.8182995,0.8182995,0.054548692,0.0008682093,0.07277075,0.051456977,0.00036164475,0.0016942521
2524,ravdess,03,03-01-05-01-02-01-03.wav,Angry,199,Angry,Angry,True,0.84279156,0.84279156,0.0048924647,0.00011244117,0.0014799439,0.15021326,8.2343315e-05,0.00042794112
2525,ravdess,03,03-01-05-01-02-02-03.wav,Angry,288,Angry,Neutral,False,0.50179535,0.14598136,0.24009968,0.017317826,0.055227574,0.50179535,0.024062023,0.015516241
2526,ravdess,03,03-01-05-02-01-01-03.wav,Angry,250,Angry,Surprise,False,0.5910907,0.26426163,0.0021498876,0.012400845,0.12905335,0.00054379273,0.0004998748,0.5910907
2527,ravdess,03,03-01-05-02-01-02-03.wav,Angry,253,Angry,Surprise,False,0.8038719,0.07394592,0.017300893,0.029933749,0.07413872,0.00068531086,0.00012352235,0.8038719
2528,ravdess,03,03-01-05-02-02-01-03.wav,Angry,237,Angry,Happy,False,0.5518952,0.36552832,0.011011429,0.0029046247,0.5518952,0.0019030597,0.0001524529,0.06660496
2529,ravdess,03,03-01-05-02-02-02-03.wav,Angry,266,Angry,Angry,True,0.9194964,0.9194964,0.0010515874,0.0008869999,0.05567657,0.00012031544,1.4333428e-05,0.022753732
2530,ravdess,03,03-01-06-01-01-01-03.wav,Fear,218,Fear,Angry,False,0.5597489,0.5597489,0.17016986,0.0026217992,0.028339416,0.23596025,0.000159298,0.003000523
2531,ravdess,03,03-01-06-01-01-02-03.wav,Fear,225,Fear,Angry,False,0.74660414,0.74660414,0.031232886,0.0010869046,0.005947663,0.21205111,5.0891784e-05,0.003026408
2532,ravdess,03,03-01-06-01-02-01-03.wav,Fear,167,Fear,Angry,False,0.9285099,0.9285099,0.00045613069,0.0012236318,0.0035448568,0.06546173,4.43251e-05,0.0007594319
2533,ravdess,03,03-01-06-01-02-02-03.wav,Fear,209,Fear,Angry,False,0.6108605,0.6108605,0.34376806,0.016069576,0.003970976,0.021625668,3.2788434e-05,0.0036723707
2534,ravdess,03,03-01-06-02-01-01-03.wav,Fear,289,Fear,Surprise,False,0.500906,0.13281555,0.13953757,0.13558385,0.06846206,0.005568508,0.017126465,0.500906
2535,ravdess,03,03-01-06-02-01-02-03.wav,Fear,260,Fear,Angry,False,0.6514352,0.6514352,0.004308204,0.0073199947,0.06628886,5.904103e-05,3.7907605e-05,0.27055085
2536,ravdess,03,03-01-06-02-02-01-03.wav,Fear,202,Fear,Fear,True,0.5457098,0.18020523,0.0010943466,0.5457098,0.08861261,0.00068284565,8.0448015e-05,0.18361479
2537,ravdess,03,03-01-06-02-02-02-03.wav,Fear,257,Fear,Surprise,False,0.6805024,0.0084482785,0.00010089547,0.11594828,0.19488691,4.1984153e-05,7.121409e-05,0.6805024
2538,ravdess,03,03-01-07-01-01-01-03.wav,Disgust,330,Disgust,Happy,False,0.47920522,0.17632712,0.030042626,0.024905214,0.47920522,0.0073726503,0.016610991,0.26553616
2539,ravdess,03,03-01-07-01-01-02-03.wav,Disgust,212,Disgust,Angry,False,0.684384,0.684384,0.03387893,0.0010058378,0.15700655,0.11161732,0.00045764583,0.011649709
2540,ravdess,03,03-01-07-01-02-01-03.wav,Disgust,193,Disgust,Neutral,False,0.6087292,0.29635674,0.08463356,0.00055598427,0.0072986707,0.6087292,0.00021871435,0.0022071772
2541,ravdess,03,03-01-07-01-02-02-03.wav,Disgust,215,Disgust,Angry,False,0.47701204,0.47701204,0.0670471,0.002248111,0.020593561,0.42925137,0.00069636456,0.0031514259
2542,ravdess,03,03-01-07-02-01-01-03.wav,Disgust,250,Disgust,Angry,False,0.5939808,0.5939808,0.044575803,0.0033004407,0.09173489,0.25502366,0.002353058,0.009031305
2543,ravdess,03,03-01-07-02-01-02-03.wav,Disgust,362,Disgust,Angry,False,0.4807303,0.4807303,0.047203675,0.010241436,0.14785783,0.19948933,0.03593113,0.07854627
2544,ravdess,03,03-01-07-02-02-01-03.wav,Disgust,308,Disgust,Angry,False,0.9653507,0.9653507,0.023458604,0.00024948164,0.0027298152,0.006622712,0.0005069496,0.0010817866
2545,ravdess,03,03-01-07-02-02-02-03.wav,Disgust,263,Disgust,Angry,False,0.6855399,0.6855399,0.01448952,0.034483653,0.07428931,0.0005935193,0.0015534715,0.18905064
2546,ravdess,03,03-01-08-01-01-01-03.wav,Surprise,154,Surprise,Happy,False,0.98871607,0.0014783709,1.3787344e-05,0.0094498405,0.98871607,1.2448121e-05,5.059505e-06,0.00032437057
2547,ravdess,03,03-01-08-01-01-02-03.wav,Surprise,161,Surprise,Happy,False,0.999353,0.00012010547,3.031461e-05,0.000427496,0.999353,3.1015054e-06,1.921201e-06,6.408979e-05
2548,ravdess,03,03-01-08-01-02-01-03.wav,Surprise,138,Surprise,Angry,False,0.8795568,0.8795568,0.00028710603,0.024430547,0.054857045,0.0011025828,1.7776507e-05,0.039748196
2549,ravdess,03,03-01-08-01-02-02-03.wav,Surprise,177,Surprise,Happy,False,0.7471568,0.12073363,5.715411e-05,0.03422105,0.7471568,0.00017839116,1.3608732e-05,0.097639434
2550,ravdess,03,03-01-08-02-01-01-03.wav,Surprise,148,Surprise,Angry,False,0.449453,0.449453,0.0027996309,0.22536835,0.30360866,0.0006827607,4.8881826e-05,0.018038658
2551,ravdess,03,03-01-08-02-01-02-03.wav,Surprise,173,Surprise,Happy,False,0.863807,0.009469138,3.1358435e-05,0.122805394,0.863807,4.362e-05,2.9329615e-06,0.0038406157
2552,ravdess,03,03-01-08-02-02-01-03.wav,Surprise,164,Surprise,Happy,False,0.9985274,0.00025981964,1.05445835e-07,0.0006413445,0.9985274,1.5924822e-07,2.405762e-07,0.0005707999
2553,ravdess,03,03-01-08-02-02-02-03.wav,Surprise,138,Surprise,Fear,False,0.85708624,0.044344444,3.6871043e-05,0.85708624,0.062862605,5.8838395e-05,3.9878373e-06,0.03560695
2554,ravdess,04,03-01-01-01-01-01-04.wav,Neutral,145,Neutral,Happy,False,0.99989927,1.9998992e-05,9.575241e-07,4.7682825e-06,0.99989927,2.2613877e-07,4.121397e-06,7.059115e-05
2555,ravdess,04,03-01-01-01-01-02-04.wav,Neutral,148,Neutral,Happy,False,0.972924,0.0264223,1.1890634e-05,0.00019689734,0.972924,1.690543e-05,4.1825628e-05,0.00038616845
2556,ravdess,04,03-01-01-01-02-01-04.wav,Neutral,135,Neutral,Happy,False,0.85696507,0.10548588,0.0001529936,0.0009830212,0.85696507,3.4798304e-05,0.0011397457,0.035238564
2557,ravdess,04,03-01-01-01-02-02-04.wav,Neutral,132,Neutral,Happy,False,0.836962,0.074826576,9.64685e-05,0.0007537917,0.836962,2.8817964e-05,0.0003900636,0.086942345
2558,ravdess,04,03-01-03-01-01-01-04.wav,Happy,161,Happy,Happy,True,0.99999714,7.3223674e-07,1.1319656e-06,3.4113668e-07,0.99999714,2.6739355e-09,5.7031084e-08,5.534428e-07
2559,ravdess,04,03-01-03-01-01-02-04.wav,Happy,161,Happy,Happy,True,0.99998045,5.51297e-07,1.6918538e-08,1.0126505e-05,0.99998045,3.2999112e-10,2.980677e-09,8.817153e-06
2560,ravdess,04,03-01-03-01-02-01-04.wav,Happy,161,Happy,Happy,True,0.9078933,0.087295644,0.00016710309,0.0028748196,0.9078933,1.4850774e-05,0.0008197811,0.00093464216
2561,ravdess,04,03-01-03-01-02-02-04.wav,Happy,154,Happy,Happy,True,0.9993197,0.0005667141,1.0970685e-05,1.1474285e-05,0.9993197,1.2288176e-07,4.285142e-06,8.679796e-05
2562,ravdess,04,03-01-03-02-01-01-04.wav,Happy,189,Happy,Happy,True,0.72033066,0.022505477,0.0007292857,0.1429431,0.72033066,5.973755e-05,4.1196687e-05,0.11339063
2563,ravdess,04,03-01-03-02-01-02-04.wav,Happy,161,Happy,Surprise,False,0.34602696,0.2842882,0.00013509234,0.343132,0.026323589,6.432194e-05,2.99185e-05,0.34602696
2564,ravdess,04,03-01-03-02-02-01-04.wav,Happy,167,Happy,Happy,True,0.9995209,1.832481e-05,1.5728274e-07,0.0003067305,0.9995209,2.8072552e-07,1.5278539e-07,0.0001535405
2565,ravdess,04,03-01-03-02-02-02-04.wav,Happy,180,Happy,Happy,True,0.9511618,0.0014441356,1.707987e-05,0.0297622,0.9511618,6.2991307e-06,5.4151565e-06,0.017603043
2566,ravdess,04,03-01-04-01-01-01-04.wav,Sad,151,Sad,Angry,False,0.94740725,0.94740725,0.00033446925,0.027240867,0.005177492,0.017892038,0.0016542318,0.00029368946
2567,ravdess,04,03-01-04-01-01-02-04.wav,Sad,151,Sad,Happy,False,0.99959785,0.00013528284,5.241152e-07,0.00013440363,0.99959785,6.424001e-07,1.269595e-06,0.0001300149
2568,ravdess,04,03-01-04-01-02-01-04.wav,Sad,154,Sad,Happy,False,0.7382015,0.060843706,7.399198e-05,0.06983951,0.7382015,0.0002877139,0.00028992508,0.1304637
2569,ravdess,04,03-01-04-01-02-02-04.wav,Sad,157,Sad,Happy,False,0.9786404,0.004554135,8.022297e-06,0.001819908,0.9786404,1.28076435e-05,9.246932e-06,0.014955437
2570,ravdess,04,03-01-04-02-01-01-04.wav,Sad,173,Sad,Happy,False,0.97620434,0.0008116383,1.60372e-06,0.015438064,0.97620434,1.0991356e-06,4.1179887e-06,0.0075391205
2571,ravdess,04,03-01-04-02-01-02-04.wav,Sad,177,Sad,Happy,False,0.83863485,0.028483849,7.1919574e-05,0.12116683,0.83863485,1.2328408e-05,2.8410166e-05,0.011601693
2572,ravdess,04,03-01-04-02-02-01-04.wav,Sad,183,Sad,Angry,False,0.9174867,0.9174867,3.7608e-05,0.013664763,0.064485416,0.000328129,7.140189e-05,0.00392596
2573,ravdess,04,03-01-04-02-02-02-04.wav,Sad,209,Sad,Happy,False,0.47595248,0.11825408,6.3455205e-05,0.026696661,0.47595248,0.00015443876,0.00011231406,0.3787666
2574,ravdess,04,03-01-05-01-01-01-04.wav,Angry,177,Angry,Happy,False,0.9955153,0.0034812435,8.77713e-06,0.00061902194,0.9955153,1.475399e-05,4.045363e-06,0.00035688595
2575,ravdess,04,03-01-05-01-01-02-04.wav,Angry,164,Angry,Happy,False,0.9997708,9.069412e-05,1.878457e-06,1.4845131e-06,0.9997708,3.304765e-08,2.7696038e-07,0.00013483454
2576,ravdess,04,03-01-05-01-02-01-04.wav,Angry,154,Angry,Happy,False,0.50504297,0.07945861,2.5012503e-05,0.20619138,0.50504297,1.8511539e-05,0.00015613968,0.20910738
2577,ravdess,04,03-01-05-01-02-02-04.wav,Angry,183,Angry,Happy,False,0.63204867,0.31487596,0.0009023573,0.016595917,0.63204867,0.00040657265,0.00021091547,0.03495956
2578,ravdess,04,03-01-05-02-01-01-04.wav,Angry,173,Angry,Surprise,False,0.9290057,0.0014436007,6.691472e-05,0.0087726945,0.060686734,1.8303917e-05,6.0893576e-06,0.9290057
2579,ravdess,04,03-01-05-02-01-02-04.wav,Angry,186,Angry,Surprise,False,0.4736566,0.21962996,0.00017135729,0.004760638,0.3016474,9.77528e-05,3.6228226e-05,0.4736566
2580,ravdess,04,03-01-05-02-02-01-04.wav,Angry,173,Angry,Happy,False,0.9989662,8.1792736e-05,1.1684255e-06,0.00046371255,0.9989662,2.0685451e-07,1.4342706e-07,0.00048666183
2581,ravdess,04,03-01-05-02-02-02-04.wav,Angry,189,Angry,Happy,False,0.52389014,0.44972074,0.00021738758,0.0008507984,0.52389014,0.001049047,7.113559e-05,0.024200805
2582,ravdess,04,03-01-06-01-01-01-04.wav,Fear,138,Fear,Happy,False,0.97613305,0.0010480295,1.9726062e-06,0.0123099275,0.97613305,9.412505e-07,2.9981309e-06,0.010503204
2583,ravdess,04,03-01-06-01-01-02-04.wav,Fear,151,Fear,Fear,True,0.5514518,0.037397474,2.0820811e-05,0.5514518,0.030377958,2.4327699e-05,8.199444e-06,0.38071942
2584,ravdess,04,03-01-06-01-02-01-04.wav,Fear,148,Fear,Fear,True,0.75680274,0.014010932,2.3698342e-06,0.75680274,0.21732357,8.243959e-05,1.3059228e-06,0.011776694
2585,ravdess,04,03-01-06-01-02-02-04.wav,Fear,148,Fear,Fear,True,0.6523123,0.028058007,9.593221e-06,0.6523123,0.118539326,1.043789e-05,1.8611162e-06,0.2010685
2586,ravdess,04,03-01-06-02-01-01-04.wav,Fear,218,Fear,Fear,True,0.87902755,0.024454985,6.766206e-05,0.87902755,0.009196654,3.1932273e-06,1.2664375e-05,0.08723736
2587,ravdess,04,03-01-06-02-01-02-04.wav,Fear,141,Fear,Angry,False,0.9942333,0.9942333,7.4870404e-06,0.003539975,0.0007317357,8.18809e-06,1.6216138e-06,0.0014776471
2588,ravdess,04,03-01-06-02-02-01-04.wav,Fear,157,Fear,Happy,False,0.8198817,0.15210834,5.8791768e-05,0.0061992877,0.8198817,8.7023196e-05,2.2653498e-05,0.021642234
2589,ravdess,04,03-01-06-02-02-02-04.wav,Fear,157,Fear,Happy,False,0.80646455,0.101198524,9.935583e-06,0.08935525,0.80646455,3.768787e-05,1.7560986e-05,0.0029164327
2590,ravdess,04,03-01-07-01-01-01-04.wav,Disgust,196,Disgust,Happy,False,0.81291074,0.10393767,0.0016417699,0.060505167,0.81291074,0.0041735736,0.0038563444,0.012974739
2591,ravdess,04,03-01-07-01-01-02-04.wav,Disgust,196,Disgust,Happy,False,0.97475886,0.0008890549,0.00049097877,0.01555291,0.97475886,1.278034e-06,1.1692749e-05,0.00829526
2592,ravdess,04,03-01-07-01-02-01-04.wav,Disgust,186,Disgust,Happy,False,0.5300082,0.09125972,0.0016572488,0.026620355,0.5300082,0.00033159426,0.000180144,0.3499427
2593,ravdess,04,03-01-07-01-02-02-04.wav,Disgust,183,Disgust,Fear,False,0.88229126,0.020072019,5.7089645e-05,0.88229126,0.045059618,1.9090203e-05,7.003106e-07,0.05250017
2594,ravdess,04,03-01-07-02-01-01-04.wav,Disgust,202,Disgust,Happy,False,0.95269454,0.027617997,0.00039823307,0.01354548,0.95269454,0.00069894287,9.882845e-05,0.0049458854
2595,ravdess,04,03-01-07-02-01-02-04.wav,Disgust,202,Disgust,Happy,False,0.5354672,0.23062362,0.084818184,0.020347526,0.5354672,0.013792651,0.0009717872,0.11397901
2596,ravdess,04,03-01-07-02-02-01-04.wav,Disgust,193,Disgust,Angry,False,0.48680803,0.48680803,0.0011088621,0.15422566,0.2539809,0.0021091606,4.91936e-05,0.10171815
2597,ravdess,04,03-01-07-02-02-02-04.wav,Disgust,218,Disgust,Happy,False,0.53937113,0.0038400348,0.0006337149,0.1009894,0.53937113,2.2711704e-06,4.280797e-05,0.35512063
2598,ravdess,04,03-01-08-01-01-01-04.wav,Surprise,135,Surprise,Happy,False,0.36524364,0.3329763,6.90965e-05,0.25596666,0.36524364,9.568735e-06,0.00021758411,0.045517165
2599,ravdess,04,03-01-08-01-01-02-04.wav,Surprise,145,Surprise,Angry,False,0.40623498,0.40623498,4.2287902e-05,0.120937414,0.39631692,2.2716242e-05,0.00010082525,0.076344796
2600,ravdess,04,03-01-08-01-02-01-04.wav,Surprise,170,Surprise,Happy,False,0.9999416,3.4783872e-05,3.0202742e-07,7.4003783e-06,0.9999416,2.003805e-08,1.6810358e-07,1.5768335e-05
2601,ravdess,04,03-01-08-01-02-02-04.wav,Surprise,148,Surprise,Happy,False,0.93197334,0.06416596,4.3635796e-06,0.003452306,0.93197334,7.843051e-08,1.5677772e-06,0.00040245752
2602,ravdess,04,03-01-08-02-01-01-04.wav,Surprise,186,Surprise,Surprise,True,0.8755824,0.0060422174,1.5854526e-05,0.08454373,0.033813268,1.2471442e-06,1.3666628e-06,0.8755824
2603,ravdess,04,03-01-08-02-01-02-04.wav,Surprise,161,Surprise,Surprise,True,0.66650033,0.049514137,0.00023198663,0.0027906485,0.28087738,5.667713e-05,2.879509e-05,0.66650033
2604,ravdess,04,03-01-08-02-02-01-04.wav,Surprise,154,Surprise,Angry,False,0.7258969,0.7258969,0.00010717332,0.0040417872,0.24115966,0.00014474505,1.6454365e-05,0.028633181
2605,ravdess,04,03-01-08-02-02-02-04.wav,Surprise,164,Surprise,Happy,False,0.9320775,0.05093323,2.4249066e-05,0.004441965,0.9320775,6.1369624e-06,3.3496162e-06,0.0125136785
2606,ravdess,05,03-01-01-01-01-01-05.wav,Neutral,170,Neutral,Angry,False,0.73376316,0.73376316,0.005752187,0.04249276,0.18392572,0.03303905,0.00010374981,0.0009233857
2607,ravdess,05,03-01-01-01-01-02-05.wav,Neutral,177,Neutral,Happy,False,0.45819622,0.4072765,0.07942914,0.001607736,0.45819622,0.04718049,0.00044663163,0.0058633257
2608,ravdess,05,03-01-01-01-02-01-05.wav,Neutral,141,Neutral,Angry,False,0.9971323,0.9971323,2.1666827e-05,0.00086451566,0.0007294859,0.0002914324,3.4221075e-06,0.0009571355
2609,ravdess,05,03-01-01-01-02-02-05.wav,Neutral,164,Neutral,Angry,False,0.93988353,0.93988353,0.00087537285,0.00067155424,0.00063143315,0.056760013,2.9254894e-05,0.0011488801
2610,ravdess,05,03-01-03-01-01-01-05.wav,Happy,215,Happy,Angry,False,0.82731575,0.82731575,0.0064634075,0.0009572081,0.025235228,0.1362033,0.00014833087,0.00367675
2611,ravdess,05,03-01-03-01-01-02-05.wav,Happy,154,Happy,Happy,True,0.8986727,0.06325632,0.00047395777,0.03522201,0.8986727,0.0011912434,0.00012050044,0.0010632074
2612,ravdess,05,03-01-03-01-02-01-05.wav,Happy,148,Happy,Angry,False,0.98052603,0.98052603,0.0002586228,0.00879054,0.0034367808,0.0060051237,6.723111e-05,0.00091564975
2613,ravdess,05,03-01-03-01-02-02-05.wav,Happy,205,Happy,Surprise,False,0.5391065,0.21892051,0.024885809,0.012939962,0.010018657,0.19332537,0.00080325047,0.5391065
2614,ravdess,05,03-01-03-02-01-01-05.wav,Happy,237,Happy,Happy,True,0.51445013,0.15292916,0.0061319815,0.095617965,0.51445013,0.00996611,0.00019354532,0.2207111
2615,ravdess,05,03-01-03-02-01-02-05.wav,Happy,209,Happy,Fear,False,0.5999385,0.053446956,9.436232e-05,0.5999385,0.08341313,2.4325944e-05,6.6065613e-06,0.26307607
2616,ravdess,05,03-01-03-02-02-01-05.wav,Happy,199,Happy,Surprise,False,0.6144418,0.2814897,0.0002667176,0.0060298396,0.0934671,0.0042481674,5.6749665e-05,0.6144418
2617,ravdess,05,03-01-03-02-02-02-05.wav,Happy,161,Happy,Happy,True,0.6180684,0.33976355,5.6797413e-05,0.0022748169,0.6180684,2.212783e-05,2.5995357e-06,0.03981172
2618,ravdess,05,03-01-04-01-01-01-05.wav,Sad,212,Sad,Neutral,False,0.5555334,0.101542056,0.31504604,0.004850585,0.0017472534,0.5555334,0.0016184668,0.019662198
2619,ravdess,05,03-01-04-01-01-02-05.wav,Sad,189,Sad,Angry,False,0.9227515,0.9227515,0.004822751,0.0011125604,0.027856873,0.04211534,4.0146515e-05,0.0013008654
2620,ravdess,05,03-01-04-01-02-01-05.wav,Sad,196,Sad,Neutral,False,0.83462244,0.042044375,0.11449491,0.0012945519,0.0011457407,0.83462244,0.0060929935,0.00030503952
2621,ravdess,05,03-01-04-01-02-02-05.wav,Sad,263,Sad,Angry,False,0.57445437,0.57445437,0.03761452,0.0033113174,0.04413441,0.1905222,0.0024781236,0.14748505
2622,ravdess,05,03-01-04-02-01-01-05.wav,Sad,173,Sad,Angry,False,0.970696,0.970696,0.009192823,0.00015243776,0.011971319,0.007477808,6.488151e-05,0.0004446809
2623,ravdess,05,03-01-04-02-01-02-05.wav,Sad,148,Sad,Angry,False,0.59182477,0.59182477,0.023193397,0.053462755,0.30517706,0.024074156,0.0003456509,0.0019222238
2624,ravdess,05,03-01-04-02-02-01-05.wav,Sad,141,Sad,Angry,False,0.9954631,0.9954631,0.00031428615,0.0016982956,0.0011472058,0.0008399604,2.0978443e-06,0.0005351064
2625,ravdess,05,03-01-04-02-02-02-05.wav,Sad,129,Sad,Angry,False,0.98376125,0.98376125,0.0005158523,0.0043297266,0.008168,0.0023567616,1.3674521e-05,0.00085474236
2626,ravdess,05,03-01-05-01-01-01-05.wav,Angry,202,Angry,Angry,True,0.5836945,0.5836945,0.00133035,0.020126449,0.38868967,0.0049028597,1.6495274e-05,0.0012396878
2627,ravdess,05,03-01-05-01-01-02-05.wav,Angry,196,Angry,Happy,False,0.7495436,0.24069715,0.0059573664,0.00062601804,0.7495436,0.0017317146,1.7558492e-05,0.001426606
2628,ravdess,05,03-01-05-01-02-01-05.wav,Angry,244,Angry,Angry,True,0.9719221,0.9719221,0.015732137,0.000113340226,0.0021232706,0.008862549,0.00012468126,0.0011220163
2629,ravdess,05,03-01-05-01-02-02-05.wav,Angry,253,Angry,Angry,True,0.95767874,0.95767874,0.040025704,1.1063227e-05,0.00067607337,0.0011473035,7.080577e-05,0.00039027535
2630,ravdess,05,03-01-05-02-01-01-05.wav,Angry,161,Angry,Happy,False,0.7266438,0.029766299,9.67007e-05,0.2346502,0.7266438,4.2628668e-05,2.4556673e-05,0.00877577
2631,ravdess,05,03-01-05-02-01-02-05.wav,Angry,170,Angry,Happy,False,0.92154354,0.012065067,2.7506785e-05,0.057677962,0.92154354,2.7692455e-05,1.0816622e-05,0.008647445
2632,ravdess,05,03-01-05-02-02-01-05.wav,Angry,170,Angry,Happy,False,0.9575632,0.009180398,1.2816292e-05,0.0074428865,0.9575632,1.2165227e-05,1.6093394e-05,0.02577242
2633,ravdess,05,03-01-05-02-02-02-05.wav,Angry,170,Angry,Happy,False,0.94555134,0.019166268,9.118048e-06,0.02462554,0.94555134,5.0918745e-05,1.2687037e-05,0.010584216
2634,ravdess,05,03-01-06-01-01-01-05.wav,Fear,141,Fear,Angry,False,0.5427378,0.5427378,0.00021804309,0.40956336,0.04564445,0.0015315857,3.4691577e-05,0.0002701238
2635,ravdess,05,03-01-06-01-01-02-05.wav,Fear,154,Fear,Angry,False,0.5872602,0.5872602,0.006026717,0.121808074,0.26826784,0.013746732,0.0001625974,0.0027278936
2636,ravdess,05,03-01-06-01-02-01-05.wav,Fear,132,Fear,Angry,False,0.9894084,0.9894084,9.471896e-05,0.006289737,0.003340384,0.00065919897,4.5779143e-06,0.00020303701
2637,ravdess,05,03-01-06-01-02-02-05.wav,Fear,122,Fear,Angry,False,0.9906268,0.9906268,0.0009612601,0.0034367908,0.0032466117,0.0009850252,1.9710576e-05,0.00072380307
2638,ravdess,05,03-01-06-02-01-01-05.wav,Fear,145,Fear,Fear,True,0.51894814,0.33818707,7.757752e-06,0.51894814,0.13432929,7.59734e-05,3.322698e-06,0.008448468
2639,ravdess,05,03-01-06-02-01-02-05.wav,Fear,180,Fear,Fear,True,0.7038025,0.21042745,6.432342e-05,0.7038025,0.06754904,1.47938645e-05,6.8819386e-06,0.018134985
2640,ravdess,05,03-01-06-02-02-01-05.wav,Fear,141,Fear,Angry,False,0.94877195,0.94877195,5.551102e-06,0.021227937,0.022481825,3.854075e-06,1.0325703e-05,0.007498585
2641,ravdess,05,03-01-06-02-02-02-05.wav,Fear,173,Fear,Fear,True,0.970769,0.000748714,3.8619214e-06,0.970769,0.0052324873,1.000102e-06,1.7052089e-06,0.023243265
2642,ravdess,05,03-01-07-01-01-01-05.wav,Disgust,225,Disgust,Happy,False,0.43030113,0.10722438,0.28296602,0.0010083932,0.43030113,0.17461105,0.002130343,0.001758679
2643,ravdess,05,03-01-07-01-01-02-05.wav,Disgust,215,Disgust,Neutral,False,0.47256175,0.14188215,0.15774176,0.06368697,0.13812532,0.47256175,0.013810004,0.012192064
2644,ravdess,05,03-01-07-01-02-01-05.wav,Disgust,205,Disgust,Angry,False,0.6707389,0.6707389,0.024716172,0.0004126763,0.0042495257,0.2971909,0.0008193519,0.0018725011
2645,ravdess,05,03-01-07-01-02-02-05.wav,Disgust,173,Disgust,Angry,False,0.61814326,0.61814326,0.004413735,0.008507681,0.19886231,0.00889237,0.00043160003,0.16074908
2646,ravdess,05,03-01-07-02-01-01-05.wav,Disgust,247,Disgust,Angry,False,0.5560581,0.5560581,0.15220137,0.00043673455,0.15568493,0.097550176,0.00038174528,0.037686873
2647,ravdess,05,03-01-07-02-01-02-05.wav,Disgust,205,Disgust,Angry,False,0.6495248,0.6495248,0.059509158,0.001015154,0.28285375,0.0031815683,0.00010054128,0.003815054
2648,ravdess,05,03-01-07-02-02-01-05.wav,Disgust,250,Disgust,Angry,False,0.45919263,0.45919263,0.014623472,0.08705914,0.14050187,0.009278673,0.002662867,0.28668138
2649,ravdess,05,03-01-07-02-02-02-05.wav,Disgust,330,Disgust,Angry,False,0.78814465,0.78814465,0.021682635,0.0016045193,0.074603595,0.07320816,0.019350898,0.021405514
2650,ravdess,05,03-01-08-01-01-01-05.wav,Surprise,193,Surprise,Angry,False,0.6322578,0.6322578,0.0003422614,0.26573378,0.09440837,0.0011899422,1.7460468e-05,0.0060503
2651,ravdess,05,03-01-08-01-01-02-05.wav,Surprise,189,Surprise,Happy,False,0.82965267,0.09436291,0.0019109026,0.04915277,0.82965267,0.0019796428,6.269879e-05,0.02287847
2652,ravdess,05,03-01-08-01-02-01-05.wav,Surprise,129,Surprise,Angry,False,0.9890288,0.9890288,6.817179e-05,0.0067167897,0.0037311479,0.00019703653,1.2608941e-06,0.00025674427
2653,ravdess,05,03-01-08-01-02-02-05.wav,Surprise,189,Surprise,Fear,False,0.67113,0.020190304,0.0005331239,0.67113,0.2943826,0.0005538533,3.508221e-05,0.0131750265
2654,ravdess,05,03-01-08-02-01-01-05.wav,Surprise,228,Surprise,Happy,False,0.7730601,0.024703695,0.010082229,0.0003933639,0.7730601,0.00031202487,1.7731578e-05,0.1914309
2655,ravdess,05,03-01-08-02-01-02-05.wav,Surprise,231,Surprise,Surprise,True,0.5100379,0.015088389,0.0017150537,0.011266346,0.4616437,0.00024232204,6.2060653e-06,0.5100379
2656,ravdess,05,03-01-08-02-02-01-05.wav,Surprise,173,Surprise,Angry,False,0.93715346,0.93715346,7.006228e-05,0.00043220675,0.03835074,8.597835e-05,2.903851e-06,0.023904625
2657,ravdess,05,03-01-08-02-02-02-05.wav,Surprise,196,Surprise,Fear,False,0.48775735,0.26930386,0.00027037133,0.48775735,0.13103504,0.0024298613,2.9022505e-05,0.10917443
2658,ravdess,06,03-01-01-01-01-01-06.wav,Neutral,148,Neutral,Angry,False,0.94059396,0.94059396,0.00094488735,0.018353166,0.03546521,0.00028198594,0.0033193869,0.0010413714
2659,ravdess,06,03-01-01-01-01-02-06.wav,Neutral,180,Neutral,Happy,False,0.643857,0.3430786,0.0003690972,0.005979084,0.643857,0.0003409991,0.0006654552,0.005709705
2660,ravdess,06,03-01-01-01-02-01-06.wav,Neutral,157,Neutral,Angry,False,0.86437625,0.86437625,0.00040230647,0.008581073,0.1217512,0.0016359766,0.0016263591,0.0016269005
2661,ravdess,06,03-01-01-01-02-02-06.wav,Neutral,161,Neutral,Angry,False,0.75582266,0.75582266,8.591621e-05,0.00075598655,0.23841056,0.00043695478,0.00086597196,0.0036219487
2662,ravdess,06,03-01-03-01-01-01-06.wav,Happy,180,Happy,Happy,True,0.8986812,0.055386543,0.0015735349,0.003615806,0.8986812,0.039004017,0.0010604701,0.0006784148
2663,ravdess,06,03-01-03-01-01-02-06.wav,Happy,202,Happy,Happy,True,0.7046499,0.23493408,0.0019012224,0.02001877,0.7046499,0.03494793,0.00039587804,0.003152255
2664,ravdess,06,03-01-03-01-02-01-06.wav,Happy,164,Happy,Angry,False,0.7354075,0.7354075,0.000525854,0.035113715,0.22343355,0.0033776823,0.00024221036,0.0018994601
2665,ravdess,06,03-01-03-01-02-02-06.wav,Happy,161,Happy,Happy,True,0.9216217,0.07226578,3.7787868e-05,0.0054639955,0.9216217,8.025896e-05,3.3993274e-05,0.00049652864
2666,ravdess,06,03-01-03-02-01-01-06.wav,Happy,196,Happy,Angry,False,0.8230999,0.8230999,0.0011067583,0.0036543915,0.027230173,0.0044680415,0.00031153546,0.14012915
2667,ravdess,06,03-01-03-02-01-02-06.wav,Happy,196,Happy,Angry,False,0.9751355,0.9751355,9.5914795e-05,0.0052050957,0.0067546656,4.3605178e-05,3.83549e-06,0.012761411
2668,ravdess,06,03-01-03-02-02-01-06.wav,Happy,186,Happy,Angry,False,0.96750915,0.96750915,9.615126e-05,0.0069793914,0.01190987,0.000279601,7.2603914e-05,0.013153148
2669,ravdess,06,03-01-03-02-02-02-06.wav,Happy,177,Happy,Angry,False,0.968815,0.968815,0.0003312094,0.001034645,0.024865085,0.0005086884,1.8335386e-05,0.004427015
2670,ravdess,06,03-01-04-01-01-01-06.wav,Sad,183,Sad,Angry,False,0.46401942,0.46401942,0.0012369443,0.24347389,0.17884241,0.10757275,0.0012541547,0.0036003776
2671,ravdess,06,03-01-04-01-01-02-06.wav,Sad,234,Sad,Fear,False,0.7872902,0.19289997,0.004356217,0.7872902,0.0039380486,0.0031191814,0.0010568168,0.0073396075
2672,ravdess,06,03-01-04-01-02-01-06.wav,Sad,170,Sad,Angry,False,0.5246439,0.5246439,0.00056787743,0.0027964627,0.4607413,0.008683479,0.0020474035,0.000519552
2673,ravdess,06,03-01-04-01-02-02-06.wav,Sad,170,Sad,Angry,False,0.94355255,0.94355255,2.328917e-05,0.00014831542,0.055729374,3.404848e-05,1.7211774e-05,0.0004951241
2674,ravdess,06,03-01-04-02-01-01-06.wav,Sad,279,Sad,Surprise,False,0.3785234,0.36452872,0.017014284,0.010426333,0.20941502,0.018507533,0.001584708,0.3785234
2675,ravdess,06,03-01-04-02-01-02-06.wav,Sad,333,Sad,Surprise,False,0.64183176,0.0001433487,4.1864714e-05,0.3566259,0.0013540885,1.08215644e-07,2.9677683e-06,0.64183176
2676,ravdess,06,03-01-04-02-02-01-06.wav,Sad,311,Sad,Happy,False,0.8104883,0.058235403,0.000996705,0.017049005,0.8104883,4.398021e-05,0.00024251829,0.11294419
2677,ravdess,06,03-01-04-02-02-02-06.wav,Sad,292,Sad,Surprise,False,0.69884545,0.040392306,0.0014230161,0.10384018,0.14436217,3.766294e-05,0.011099204,0.69884545
2678,ravdess,06,03-01-05-01-01-01-06.wav,Angry,189,Angry,Happy,False,0.8782714,0.11049663,0.0017558268,0.0028861812,0.8782714,0.00591221,0.00034471718,0.0003330137
2679,ravdess,06,03-01-05-01-01-02-06.wav,Angry,231,Angry,Angry,True,0.9334641,0.9334641,0.0054238243,0.0012253531,0.04816986,0.0023147047,0.0014468774,0.00795525
2680,ravdess,06,03-01-05-01-02-01-06.wav,Angry,234,Angry,Happy,False,0.8816334,0.09511821,0.000510089,0.021012615,0.8816334,0.000311823,0.00013195084,0.0012818597
2681,ravdess,06,03-01-05-01-02-02-06.wav,Angry,209,Angry,Angry,True,0.8181365,0.8181365,0.00019829882,0.06626097,0.11291209,0.0018801766,6.203348e-05,0.00054991624
2682,ravdess,06,03-01-05-02-01-01-06.wav,Angry,221,Angry,Angry,True,0.8180949,0.8180949,0.010269496,0.03596146,0.025702026,0.05601829,0.0003850055,0.05356871
2683,ravdess,06,03-01-05-02-01-02-06.wav,Angry,231,Angry,Angry,True,0.91751343,0.91751343,0.0059991106,0.04095674,0.01038566,0.009667777,9.834398e-05,0.015379012
2684,ravdess,06,03-01-05-02-02-01-06.wav,Angry,260,Angry,Angry,True,0.8086356,0.8086356,0.010411579,0.039504834,0.028724492,0.0020915554,0.0030495636,0.10758238
2685,ravdess,06,03-01-05-02-02-02-06.wav,Angry,257,Angry,Angry,True,0.9619479,0.9619479,0.00068807096,0.015713928,0.011557319,0.0001613047,0.00013623995,0.009795332
2686,ravdess,06,03-01-06-01-01-01-06.wav,Fear,189,Fear,Angry,False,0.51781875,0.51781875,0.0005378917,0.23292707,0.24148248,0.0033003434,0.00016015023,0.003773313
2687,ravdess,06,03-01-06-01-01-02-06.wav,Fear,170,Fear,Happy,False,0.8824181,0.017535858,0.00025346025,0.09762974,0.8824181,0.00019846512,2.5773797e-05,0.0019386333
2688,ravdess,06,03-01-06-01-02-01-06.wav,Fear,180,Fear,Fear,True,0.52455735,0.161987,0.000112446534,0.52455735,0.2979443,7.32765e-05,8.031525e-05,0.015245283
2689,ravdess,06,03-01-06-01-02-02-06.wav,Fear,177,Fear,Happy,False,0.6863387,0.19198602,8.790954e-05,0.10122435,0.6863387,0.0001440553,3.0835738e-05,0.02018816
2690,ravdess,06,03-01-06-02-01-01-06.wav,Fear,183,Fear,Angry,False,0.96877956,0.96877956,2.2215154e-05,0.000997298,0.018314768,0.0014669737,1.1107026e-06,0.010418152
2691,ravdess,06,03-01-06-02-01-02-06.wav,Fear,205,Fear,Surprise,False,0.9709824,0.018644687,9.289482e-05,4.347948e-06,0.00035630635,0.009918732,7.303771e-07,0.9709824
2692,ravdess,06,03-01-06-02-02-01-06.wav,Fear,189,Fear,Surprise,False,0.5435061,0.199466,0.0004587252,0.0024506734,0.24909462,0.005010199,1.37108555e-05,0.5435061
2693,ravdess,06,03-01-06-02-02-02-06.wav,Fear,193,Fear,Angry,False,0.9652195,0.9652195,7.37442e-05,0.00010658573,0.0049403966,0.012038717,1.42691e-06,0.017619593
2694,ravdess,06,03-01-07-01-01-01-06.wav,Disgust,247,Disgust,Angry,False,0.95559263,0.95559263,0.008221905,0.006038601,0.018207727,0.005719572,0.0015974962,0.0046220217
2695,ravdess,06,03-01-07-01-01-02-06.wav,Disgust,247,Disgust,Angry,False,0.900682,0.900682,0.007604369,0.0005153095,0.041782778,0.00063787197,0.047671787,0.0011059021
2696,ravdess,06,03-01-07-01-02-01-06.wav,Disgust,193,Disgust,Angry,False,0.4870301,0.4870301,0.00039821814,0.018989298,0.48339897,0.007097371,0.00038524217,0.00270085
2697,ravdess,06,03-01-07-01-02-02-06.wav,Disgust,234,Disgust,Happy,False,0.77047044,0.085068606,0.069204,0.018923193,0.77047044,0.032428075,0.004101398,0.01980432
2698,ravdess,06,03-01-07-02-01-01-06.wav,Disgust,244,Disgust,Happy,False,0.88600194,0.0037718532,0.0002255305,0.005675668,0.88600194,4.7154235e-06,2.1875649e-05,0.104298346
2699,ravdess,06,03-01-07-02-01-02-06.wav,Disgust,209,Disgust,Angry,False,0.49008515,0.49008515,0.0005293934,0.11132738,0.3844674,0.0014830526,3.4404766e-05,0.0120732365
2700,ravdess,06,03-01-07-02-02-01-06.wav,Disgust,221,Disgust,Happy,False,0.50230855,0.048691798,0.007284657,0.28217995,0.50230855,0.0004323714,0.00042021292,0.1586825
2701,ravdess,06,03-01-07-02-02-02-06.wav,Disgust,273,Disgust,Surprise,False,0.67548466,0.0015361612,0.00012424192,0.016275818,0.30642506,7.1597236e-07,0.00015329603,0.67548466
2702,ravdess,06,03-01-08-01-01-01-06.wav,Surprise,148,Surprise,Angry,False,0.93050575,0.93050575,2.8130704e-05,0.047996435,0.021212474,2.7197044e-05,3.8153365e-05,0.00019177976
2703,ravdess,06,03-01-08-01-01-02-06.wav,Surprise,138,Surprise,Angry,False,0.96327287,0.96327287,3.791114e-05,0.028478635,0.0070825582,3.553805e-05,4.047715e-05,0.0010519811
2704,ravdess,06,03-01-08-01-02-01-06.wav,Surprise,141,Surprise,Happy,False,0.94579864,0.0023028783,1.5243561e-06,0.05126679,0.94579864,5.565893e-07,6.731312e-06,0.0006228062
2705,ravdess,06,03-01-08-01-02-02-06.wav,Surprise,141,Surprise,Happy,False,0.7424615,0.098746434,4.45586e-06,0.15581624,0.7424615,1.5163165e-06,8.657452e-05,0.0028832825
2706,ravdess,06,03-01-08-02-01-01-06.wav,Surprise,186,Surprise,Fear,False,0.9401889,0.0014650584,1.5352229e-05,0.9401889,0.054933272,9.21469e-06,1.0423037e-05,0.003377681
2707,ravdess,06,03-01-08-02-01-02-06.wav,Surprise,154,Surprise,Happy,False,0.96645,0.0052984697,2.1019821e-05,0.018705133,0.96645,1.0344222e-05,3.1069903e-05,0.009483996
2708,ravdess,06,03-01-08-02-02-01-06.wav,Surprise,154,Surprise,Angry,False,0.76066905,0.76066905,0.00016315418,0.012439242,0.22205746,0.00019041669,5.951844e-05,0.004421194
2709,ravdess,06,03-01-08-02-02-02-06.wav,Surprise,148,Surprise,Happy,False,0.91225994,0.074830614,9.423264e-05,0.003755909,0.91225994,2.456415e-05,2.8837727e-05,0.00900585
2710,ravdess,07,03-01-01-01-01-01-07.wav,Neutral,209,Neutral,Neutral,True,0.624879,0.28574082,0.083601624,0.0008214831,0.0022059716,0.624879,0.0025509533,0.00020017686
2711,ravdess,07,03-01-01-01-01-02-07.wav,Neutral,202,Neutral,Neutral,True,0.6262248,0.33048436,0.022849504,0.002216231,0.016328726,0.6262248,0.0012500093,0.00064631307
2712,ravdess,07,03-01-01-01-02-01-07.wav,Neutral,205,Neutral,Neutral,True,0.97415155,0.020721883,0.0024429667,0.0005705005,0.0010852215,0.97415155,0.0009408215,8.697215e-05
2713,ravdess,07,03-01-01-01-02-02-07.wav,Neutral,202,Neutral,Neutral,True,0.9496429,0.04499854,0.0038002508,5.928889e-05,0.0008043861,0.9496429,0.00042253488,0.00027220373
2714,ravdess,07,03-01-03-01-01-01-07.wav,Happy,173,Happy,Neutral,False,0.81694436,0.07032798,0.02262922,0.008284959,0.07773426,0.81694436,0.0030034208,0.0010757581
2715,ravdess,07,03-01-03-01-01-02-07.wav,Happy,170,Happy,Angry,False,0.484841,0.484841,0.0060259756,0.115220256,0.14190833,0.24118873,0.000817969,0.009997742
2716,ravdess,07,03-01-03-01-02-01-07.wav,Happy,157,Happy,Fear,False,0.6092888,0.19022083,0.0017310628,0.6092888,0.13830289,0.05322521,9.132022e-05,0.0071398956
2717,ravdess,07,03-01-03-01-02-02-07.wav,Happy,157,Happy,Fear,False,0.6092888,0.19022083,0.0017310628,0.6092888,0.13830289,0.05322521,9.132022e-05,0.0071398956
2718,ravdess,07,03-01-03-02-01-01-07.wav,Happy,285,Happy,Happy,True,0.33490223,0.25132784,0.021392724,0.18602905,0.33490223,0.065756604,0.008568334,0.13202319
2719,ravdess,07,03-01-03-02-01-02-07.wav,Happy,237,Happy,Surprise,False,0.35855126,0.07861543,0.002980576,0.20909634,0.34763938,0.0027238757,0.0003930951,0.35855126
2720,ravdess,07,03-01-03-02-02-01-07.wav,Happy,289,Happy,Fear,False,0.6339615,0.034235325,0.03245103,0.6339615,0.031338524,0.0051244525,0.030881329,0.23200779
2721,ravdess,07,03-01-03-02-02-02-07.wav,Happy,231,Happy,Fear,False,0.9095256,0.0044420743,0.0017537273,0.9095256,0.02649093,0.00025750912,0.0013122766,0.05621801
2722,ravdess,07,03-01-04-01-01-01-07.wav,Sad,170,Sad,Angry,False,0.7217761,0.7217761,0.007970182,0.009331547,0.07463954,0.17965613,0.00014640945,0.0064799655
2723,ravdess,07,03-01-04-01-01-02-07.wav,Sad,173,Sad,Neutral,False,0.8113546,0.07159479,0.011456351,0.011112601,0.09237856,0.8113546,0.0014623901,0.0006407191
2724,ravdess,07,03-01-04-01-02-01-07.wav,Sad,177,Sad,Angry,False,0.899126,0.899126,0.00068740465,0.00092248817,0.003686718,0.09536507,1.1570129e-05,0.00020077916
2725,ravdess,07,03-01-04-01-02-02-07.wav,Sad,205,Sad,Neutral,False,0.96741164,0.028391348,0.002809749,0.0006839842,0.0003496334,0.96741164,4.7290352e-05,0.00030637588
2726,ravdess,07,03-01-04-02-01-01-07.wav,Sad,250,Sad,Disgust,False,0.90299124,0.062550314,0.90299124,2.7676479e-05,0.0043195826,0.02039045,0.0014015209,0.00831924
2727,ravdess,07,03-01-04-02-01-02-07.wav,Sad,288,Sad,Happy,False,0.5983967,0.12733461,0.014199837,0.03143088,0.5983967,0.0030988564,0.0032743218,0.22226468
2728,ravdess,07,03-01-04-02-02-01-07.wav,Sad,268,Sad,Surprise,False,0.52297723,0.10098122,0.009170897,0.07995815,0.28576452,0.00026488578,0.0008831,0.52297723
2729,ravdess,07,03-01-04-02-02-02-07.wav,Sad,199,Sad,Happy,False,0.6792755,0.14642753,0.0010524512,0.00065315847,0.6792755,0.01566799,0.000630925,0.15629245
2730,ravdess,07,03-01-05-01-01-01-07.wav,Angry,215,Angry,Angry,True,0.6299782,0.6299782,0.16255035,0.0034488102,0.17215449,0.007250652,0.0005376233,0.024079848
2731,ravdess,07,03-01-05-01-01-02-07.wav,Angry,215,Angry,Angry,True,0.76220447,0.76220447,0.01591383,0.05313847,0.12344267,0.008623263,0.0004854849,0.036191788
2732,ravdess,07,03-01-05-01-02-01-07.wav,Angry,215,Angry,Neutral,False,0.9209714,0.058005154,0.020484375,3.347928e-05,0.00021346346,0.9209714,8.315586e-05,0.00020899899
2733,ravdess,07,03-01-05-01-02-02-07.wav,Angry,215,Angry,Angry,True,0.5808673,0.5808673,0.032823313,0.003136447,0.20530516,0.051239252,0.0002351824,0.12639332
2734,ravdess,07,03-01-05-02-01-01-07.wav,Angry,170,Angry,Angry,True,0.7850094,0.7850094,0.0016707437,0.04450862,0.15766586,0.007011928,3.8314527e-05,0.004095121
2735,ravdess,07,03-01-05-02-01-02-07.wav,Angry,212,Angry,Surprise,False,0.62566996,0.21362862,0.0051453565,0.0954821,0.05906395,0.0009881727,2.1896698e-05,0.62566996
2736,ravdess,07,03-01-05-02-02-01-07.wav,Angry,193,Angry,Fear,False,0.7639313,0.029233137,0.00020204409,0.7639313,0.17739369,0.0015742655,1.6100028e-05,0.0276495
2737,ravdess,07,03-01-05-02-02-02-07.wav,Angry,244,Angry,Angry,True,0.40859717,0.40859717,0.018695077,0.008031853,0.23916288,0.0012020264,0.0009468398,0.32336414
2738,ravdess,07,03-01-06-01-01-01-07.wav,Fear,324,Fear,Fear,True,0.49399656,0.016614221,0.031069675,0.49399656,0.19868776,0.0017827719,0.020760182,0.23708887
2739,ravdess,07,03-01-06-01-01-02-07.wav,Fear,167,Fear,Angry,False,0.7226759,0.7226759,0.009040007,0.14519754,0.10629683,0.008534991,0.00033419984,0.007920554
2740,ravdess,07,03-01-06-01-02-01-07.wav,Fear,161,Fear,Angry,False,0.47993416,0.47993416,0.0017478057,0.014446281,0.46083444,0.025931092,5.681851e-05,0.017049428
2741,ravdess,07,03-01-06-01-02-02-07.wav,Fear,154,Fear,Angry,False,0.6892727,0.6892727,0.00882843,0.20475139,0.03325921,0.039299794,6.4148764e-05,0.02452431
2742,ravdess,07,03-01-06-02-01-01-07.wav,Fear,180,Fear,Fear,True,0.9091956,0.0046044514,2.4573588e-05,0.9091956,0.08533888,0.00015024406,3.2822074e-06,0.0006829484
2743,ravdess,07,03-01-06-02-01-02-07.wav,Fear,170,Fear,Fear,True,0.9921163,0.002570327,4.487794e-06,0.9921163,0.0025408238,2.6488204e-05,1.2123874e-07,0.0027414297
2744,ravdess,07,03-01-06-02-02-01-07.wav,Fear,157,Fear,Fear,True,0.45064104,0.30095038,0.0005992849,0.45064104,0.21149917,0.0032857228,0.00011072628,0.03291366
2745,ravdess,07,03-01-06-02-02-02-07.wav,Fear,164,Fear,Happy,False,0.39688748,0.19539766,0.00018673486,0.32263133,0.39688748,0.0012936713,4.9860846e-05,0.083553284
2746,ravdess,07,03-01-07-01-01-01-07.wav,Disgust,170,Disgust,Neutral,False,0.45062834,0.4458504,0.025761617,0.004756793,0.067376435,0.45062834,0.00062149763,0.0050049117
2747,ravdess,07,03-01-07-01-01-02-07.wav,Disgust,167,Disgust,Angry,False,0.6204179,0.6204179,0.02014068,0.005544248,0.20803155,0.14337523,0.00023442923,0.002255954
2748,ravdess,07,03-01-07-01-02-01-07.wav,Disgust,167,Disgust,Angry,False,0.92400837,0.92400837,0.0060986583,0.000702621,0.049213164,0.019714091,0.00013333309,0.0001297275
2749,ravdess,07,03-01-07-01-02-02-07.wav,Disgust,177,Disgust,Angry,False,0.7361662,0.7361662,0.00053048815,0.0014719988,0.0021358114,0.25894508,6.051135e-06,0.00074435276
2750,ravdess,07,03-01-07-02-01-01-07.wav,Disgust,231,Disgust,Angry,False,0.72630805,0.72630805,0.001526789,0.002207677,0.2544336,0.010601131,0.00015109043,0.0047715916
2751,ravdess,07,03-01-07-02-01-02-07.wav,Disgust,257,Disgust,Angry,False,0.7568468,0.7568468,0.04275916,0.00024121128,0.15598384,0.0062541203,0.00011860585,0.03779628
2752,ravdess,07,03-01-07-02-02-01-07.wav,Disgust,234,Disgust,Angry,False,0.43725038,0.43725038,0.05470445,0.0011076812,0.079408936,0.3966231,0.0035248124,0.027380634
2753,ravdess,07,03-01-07-02-02-02-07.wav,Disgust,295,Disgust,Angry,False,0.95784473,0.95784473,0.00663785,8.6769076e-05,0.010166895,0.004213339,0.019093895,0.0019565446
2754,ravdess,07,03-01-08-01-01-01-07.wav,Surprise,170,Surprise,Happy,False,0.9320353,0.058860425,0.0005226546,0.0043024453,0.9320353,0.0029664813,0.00013172164,0.0011809586
2755,ravdess,07,03-01-08-01-01-02-07.wav,Surprise,177,Surprise,Angry,False,0.51139957,0.51139957,0.004614601,0.005726625,0.012260747,0.46498904,0.00044689426,0.000562566
2756,ravdess,07,03-01-08-01-02-01-07.wav,Surprise,167,Surprise,Angry,False,0.8570394,0.8570394,0.00066066417,0.03213572,0.08097638,0.02688829,0.00011820522,0.002181318
2757,ravdess,07,03-01-08-01-02-02-07.wav,Surprise,164,Surprise,Angry,False,0.65994364,0.65994364,0.0015727472,0.019103082,0.024430236,0.29345077,0.00021238993,0.0012872436
2758,ravdess,07,03-01-08-02-01-01-07.wav,Surprise,202,Surprise,Happy,False,0.5841979,0.3444381,0.015347928,0.019296888,0.5841979,0.01381056,0.0013619747,0.02154657
2759,ravdess,07,03-01-08-02-01-02-07.wav,Surprise,183,Surprise,Angry,False,0.65510935,0.65510935,0.050292123,0.012156971,0.14275332,0.07371572,1.773084e-05,0.065954775
2760,ravdess,07,03-01-08-02-02-01-07.wav,Surprise,157,Surprise,Happy,False,0.90733194,0.0040171286,1.9352821e-05,0.06946248,0.90733194,1.9791448e-06,5.5306127e-06,0.01916157
2761,ravdess,07,03-01-08-02-02-02-07.wav,Surprise,167,Surprise,Angry,False,0.43173388,0.43173388,0.0024471518,0.3640633,0.070760906,0.01760866,3.9855997e-05,0.113346204
2762,ravdess,08,03-01-01-01-01-01-08.wav,Neutral,161,Neutral,Angry,False,0.95476127,0.95476127,0.00073960656,0.031306494,0.0043290225,0.006361327,0.00022957959,0.0022728262
2763,ravdess,08,03-01-01-01-01-02-08.wav,Neutral,177,Neutral,Angry,False,0.81908727,0.81908727,0.019812109,0.02160895,0.06439526,0.05681916,0.006898897,0.011378323
2764,ravdess,08,03-01-01-01-02-01-08.wav,Neutral,167,Neutral,Angry,False,0.7798912,0.7798912,0.0004748396,0.0036146967,0.10325245,0.074053735,0.003127949,0.035585072
2765,ravdess,08,03-01-01-01-02-02-08.wav,Neutral,157,Neutral,Happy,False,0.52563584,0.38919523,0.00035769027,0.025468716,0.52563584,0.0182577,0.0005266697,0.040558025
2766,ravdess,08,03-01-03-01-01-01-08.wav,Happy,164,Happy,Angry,False,0.8787673,0.8787673,0.0003031763,0.0053427513,0.11084881,0.00087872613,0.0022502115,0.0016089957
2767,ravdess,08,03-01-03-01-01-02-08.wav,Happy,161,Happy,Happy,True,0.6217168,0.3493424,0.002499558,0.013092983,0.6217168,0.0012035588,0.0028963187,0.009248331
2768,ravdess,08,03-01-03-01-02-01-08.wav,Happy,157,Happy,Angry,False,0.91927564,0.91927564,0.00083762716,0.003999083,0.06555903,0.0041602445,0.00051238463,0.005655933
2769,ravdess,08,03-01-03-01-02-02-08.wav,Happy,154,Happy,Happy,True,0.61455154,0.3415915,0.00015848773,0.0038804489,0.61455154,0.0003483385,0.0016153919,0.03785429
2770,ravdess,08,03-01-03-02-01-01-08.wav,Happy,183,Happy,Fear,False,0.7928875,0.16271552,0.00022443655,0.7928875,0.03103978,0.0018213477,0.00023618774,0.011075229
2771,ravdess,08,03-01-03-02-01-02-08.wav,Happy,193,Happy,Angry,False,0.60966945,0.60966945,0.0014656254,0.28792927,0.045492817,0.027350074,0.0010989072,0.02699383
2772,ravdess,08,03-01-03-02-02-01-08.wav,Happy,193,Happy,Angry,False,0.82094437,0.82094437,0.0005114955,0.017913379,0.15772532,0.0018670773,0.000579303,0.00045905556
2773,ravdess,08,03-01-03-02-02-02-08.wav,Happy,253,Happy,Angry,False,0.45641235,0.45641235,0.08894959,0.17529722,0.1419994,0.0842535,0.039764255,0.013323665
2774,ravdess,08,03-01-04-01-01-01-08.wav,Sad,218,Sad,Disgust,False,0.59375846,0.04844963,0.59375846,0.03641749,0.15164149,0.11105003,0.04015123,0.018531619
2775,ravdess,08,03-01-04-01-01-02-08.wav,Sad,186,Sad,Angry,False,0.29806608,0.29806608,0.07366059,0.0042908536,0.25525215,0.24360478,0.04883531,0.076290205
2776,ravdess,08,03-01-04-01-02-01-08.wav,Sad,157,Sad,Angry,False,0.47006765,0.47006765,0.00010732458,0.29568022,0.20639987,0.023504565,0.0008106454,0.0034296897
2777,ravdess,08,03-01-04-01-02-02-08.wav,Sad,231,Sad,Angry,False,0.32459298,0.32459298,0.25538146,0.010947342,0.07850018,0.1665697,0.16111504,0.002893351
2778,ravdess,08,03-01-04-02-01-01-08.wav,Sad,157,Sad,Happy,False,0.99962556,0.00019558916,1.256825e-05,0.00013939828,0.99962556,1.1610585e-06,1.052687e-06,2.460805e-05
2779,ravdess,08,03-01-04-02-01-02-08.wav,Sad,289,Sad,Angry,False,0.42319816,0.42319816,0.09304127,0.25522292,0.025252085,0.0068733613,0.014839441,0.18157274
2780,ravdess,08,03-01-04-02-02-01-08.wav,Sad,161,Sad,Happy,False,0.72278,0.21687423,0.00010029323,0.057519022,0.72278,0.0018648563,0.00048600615,0.00037554733
2781,ravdess,08,03-01-04-02-02-02-08.wav,Sad,275,Sad,Fear,False,0.7547701,0.0027368255,0.0014614718,0.7547701,0.0027081382,3.173895e-05,0.0094621405,0.22882953
2782,ravdess,08,03-01-05-01-01-01-08.wav,Angry,164,Angry,Fear,False,0.39728862,0.24877298,0.0003031576,0.39728862,0.34136835,0.0023249364,0.00089101883,0.009050959
2783,ravdess,08,03-01-05-01-01-02-08.wav,Angry,263,Angry,Angry,True,0.6307959,0.6307959,0.1742937,0.0048698913,0.12610532,0.004147898,0.0068324986,0.052954827
2784,ravdess,08,03-01-05-01-02-01-08.wav,Angry,145,Angry,Angry,True,0.7366393,0.7366393,2.0169215e-05,0.06329565,0.04589063,0.0004718017,5.116726e-05,0.15363115
2785,ravdess,08,03-01-05-01-02-02-08.wav,Angry,154,Angry,Happy,False,0.9092606,0.037484832,3.4619936e-06,0.023047183,0.9092606,1.6809958e-05,3.163941e-05,0.030155648
2786,ravdess,08,03-01-05-02-01-01-08.wav,Angry,266,Angry,Happy,False,0.5422234,0.034497384,0.012226273,0.22924964,0.5422234,0.00065608125,0.004107396,0.17703986
2787,ravdess,08,03-01-05-02-01-02-08.wav,Angry,170,Angry,Happy,False,0.93958706,0.02281587,6.1008686e-05,0.031151317,0.93958706,1.1773305e-05,6.442041e-06,0.0063665006
2788,ravdess,08,03-01-05-02-02-01-08.wav,Angry,157,Angry,Happy,False,0.61938137,0.21653299,1.5782634e-05,0.14428782,0.61938137,2.6787015e-05,8.5743544e-05,0.019669546
2789,ravdess,08,03-01-05-02-02-02-08.wav,Angry,164,Angry,Angry,True,0.505758,0.505758,0.00010074123,0.2477122,0.21893814,0.00012885172,4.5244065e-05,0.027316784
2790,ravdess,08,03-01-06-01-01-01-08.wav,Fear,215,Fear,Surprise,False,0.3541892,0.17928003,0.025700675,0.25556627,0.14788893,0.012991922,0.024382958,0.3541892
2791,ravdess,08,03-01-06-01-01-02-08.wav,Fear,241,Fear,Disgust,False,0.48377392,0.044663753,0.48377392,0.009047353,0.28657922,0.0033088538,0.012542156,0.16008477
2792,ravdess,08,03-01-06-01-02-01-08.wav,Fear,170,Fear,Happy,False,0.6291148,0.2669458,0.00010268405,0.09599218,0.6291148,0.000120930126,0.0002936864,0.007429893
2793,ravdess,08,03-01-06-01-02-02-08.wav,Fear,167,Fear,Happy,False,0.8001175,0.15980591,5.888038e-05,0.039169516,0.8001175,0.0002452987,8.125276e-05,0.0005216227
2794,ravdess,08,03-01-06-02-01-01-08.wav,Fear,161,Fear,Angry,False,0.37956524,0.37956524,8.0428545e-05,0.33301264,0.27604532,0.0003293141,2.409244e-05,0.010942926
2795,ravdess,08,03-01-06-02-01-02-08.wav,Fear,157,Fear,Fear,True,0.9834404,0.008598138,1.0042662e-05,0.9834404,0.002866215,1.8200075e-05,2.9663472e-06,0.005064077
2796,ravdess,08,03-01-06-02-02-01-08.wav,Fear,167,Fear,Happy,False,0.77184,0.0049686073,2.939956e-06,0.026453475,0.77184,2.2823944e-05,5.8050136e-06,0.19670637
2797,ravdess,08,03-01-06-02-02-02-08.wav,Fear,295,Fear,Surprise,False,0.44769403,0.005696483,0.009170401,0.13379873,0.40272284,2.5205109e-05,0.00089238473,0.44769403
2798,ravdess,08,03-01-07-01-01-01-08.wav,Disgust,199,Disgust,Angry,False,0.81144816,0.81144816,0.0046288767,0.004971943,0.12963207,0.035951734,0.005146974,0.008220207
2799,ravdess,08,03-01-07-01-01-02-08.wav,Disgust,237,Disgust,Angry,False,0.4461935,0.4461935,0.12129232,0.0009574553,0.418678,0.003530411,0.00025210663,0.00909625
2800,ravdess,08,03-01-07-01-02-01-08.wav,Disgust,196,Disgust,Happy,False,0.63837725,0.22623608,0.0061710225,0.010161778,0.63837725,0.07203725,0.016488729,0.030527882
2801,ravdess,08,03-01-07-01-02-02-08.wav,Disgust,180,Disgust,Angry,False,0.62819934,0.62819934,0.0025992275,0.01176802,0.031419717,0.21835662,0.012332155,0.09532487
2802,ravdess,08,03-01-07-02-01-01-08.wav,Disgust,209,Disgust,Angry,False,0.8020622,0.8020622,0.01886979,0.0039432487,0.028342735,0.1179256,0.003115216,0.025741253
2803,ravdess,08,03-01-07-02-01-02-08.wav,Disgust,263,Disgust,Disgust,True,0.3964269,0.16208701,0.3964269,0.04297187,0.26708242,0.095105276,0.023826048,0.012500469
2804,ravdess,08,03-01-07-02-02-01-08.wav,Disgust,173,Disgust,Angry,False,0.77664775,0.77664775,0.0007595286,0.007435187,0.03305035,0.1479201,0.0005656613,0.033621445
2805,ravdess,08,03-01-07-02-02-02-08.wav,Disgust,189,Disgust,Angry,False,0.900527,0.900527,0.00086369575,0.022418844,0.032696232,0.005005192,0.017625032,0.020863924
2806,ravdess,08,03-01-08-01-01-01-08.wav,Surprise,167,Surprise,Happy,False,0.99587786,0.00016289235,3.1834277e-06,0.0036088554,0.99587786,1.0309836e-06,1.5963924e-06,0.0003445425
2807,ravdess,08,03-01-08-01-01-02-08.wav,Surprise,183,Surprise,Happy,False,0.9938751,0.0010499315,2.9993769e-06,0.0025843538,0.9938751,1.238195e-05,3.1944526e-06,0.0024720284
2808,ravdess,08,03-01-08-01-02-01-08.wav,Surprise,167,Surprise,Happy,False,0.9889237,0.0039109015,2.5875624e-05,0.0047564474,0.9889237,3.845311e-05,4.021689e-05,0.0023043149
2809,ravdess,08,03-01-08-01-02-02-08.wav,Surprise,164,Surprise,Angry,False,0.8515168,0.8515168,0.00011098206,0.013389355,0.09579937,2.7479051e-05,0.0004534894,0.038702466
2810,ravdess,08,03-01-08-02-01-01-08.wav,Surprise,288,Surprise,Surprise,True,0.48796636,0.116892815,0.07051255,0.18523115,0.101935804,0.0007198196,0.036741585,0.48796636
2811,ravdess,08,03-01-08-02-01-02-08.wav,Surprise,161,Surprise,Happy,False,0.9932249,0.0030315996,1.2614184e-05,0.0032928106,0.9932249,4.1461435e-06,5.6137674e-06,0.00042817363
2812,ravdess,08,03-01-08-02-02-01-08.wav,Surprise,164,Surprise,Happy,False,0.974064,0.0003469864,1.7125874e-05,0.012966387,0.974064,1.9203158e-06,9.394826e-06,0.012594221
2813,ravdess,08,03-01-08-02-02-02-08.wav,Surprise,177,Surprise,Happy,False,0.6235332,0.010074539,1.3046079e-05,0.17745359,0.6235332,1.20767245e-05,1.4599688e-05,0.18889894
2814,ravdess,09,03-01-01-01-01-01-09.wav,Neutral,244,Neutral,Surprise,False,0.39756572,0.07984427,0.13312009,0.3131168,0.0407687,0.020099211,0.015485144,0.39756572
2815,ravdess,09,03-01-01-01-01-02-09.wav,Neutral,148,Neutral,Angry,False,0.74902076,0.74902076,0.04624608,0.0039272723,0.10932849,0.08432348,0.0060508684,0.0011030075
2816,ravdess,09,03-01-01-01-02-01-09.wav,Neutral,151,Neutral,Angry,False,0.6553997,0.6553997,0.0063137156,0.048789278,0.2710588,0.005931441,0.0005859943,0.011921092
2817,ravdess,09,03-01-01-01-02-02-09.wav,Neutral,145,Neutral,Angry,False,0.9540484,0.9540484,0.014413925,0.0019569136,0.011515924,0.015222832,0.0003203013,0.002521627
2818,ravdess,09,03-01-03-01-01-01-09.wav,Happy,234,Happy,Neutral,False,0.6178753,0.2187656,0.13021892,0.00036493895,0.025087701,0.6178753,0.0071369987,0.00055051246
2819,ravdess,09,03-01-03-01-01-02-09.wav,Happy,170,Happy,Angry,False,0.93471813,0.93471813,0.0045658643,0.0044472353,0.04472632,0.009364315,6.214391e-05,0.0021160266
2820,ravdess,09,03-01-03-01-02-01-09.wav,Happy,151,Happy,Angry,False,0.85491854,0.85491854,0.0018252746,0.027917357,0.09520957,0.015331375,0.0004350139,0.004362832
2821,ravdess,09,03-01-03-01-02-02-09.wav,Happy,161,Happy,Fear,False,0.55055916,0.18838944,0.00058976276,0.55055916,0.24062553,0.015796222,6.606986e-05,0.003973834
2822,ravdess,09,03-01-03-02-01-01-09.wav,Happy,196,Happy,Fear,False,0.4940131,0.1651797,0.00050213345,0.4940131,0.20287535,0.0026707228,1.4940148e-05,0.13474406
2823,ravdess,09,03-01-03-02-01-02-09.wav,Happy,321,Happy,Surprise,False,0.9171511,0.004959374,0.00037884488,0.06804667,0.009408529,6.0102902e-06,4.9406233e-05,0.9171511
2824,ravdess,09,03-01-03-02-02-01-09.wav,Happy,167,Happy,Happy,True,0.7804043,0.101423495,1.615416e-05,0.11615106,0.7804043,0.00015689906,1.6556967e-05,0.0018315818
2825,ravdess,09,03-01-03-02-02-02-09.wav,Happy,167,Happy,Fear,False,0.7879088,0.09782488,3.648814e-05,0.7879088,0.06548916,0.0001312969,4.331709e-06,0.04860502
2826,ravdess,09,03-01-04-01-01-01-09.wav,Sad,218,Sad,Neutral,False,0.92745787,0.018054876,0.052714854,0.0003343127,0.00011032356,0.92745787,0.00035490014,0.000972821
2827,ravdess,09,03-01-04-01-01-02-09.wav,Sad,138,Sad,Happy,False,0.91478723,0.06478305,0.008639046,0.003611877,0.91478723,0.0018583521,0.00015100812,0.006169466
2828,ravdess,09,03-01-04-01-02-01-09.wav,Sad,148,Sad,Angry,False,0.6280078,0.6280078,0.025972992,0.007100357,0.32877418,0.0065709013,0.00041974252,0.0031540084
2829,ravdess,09,03-01-04-01-02-02-09.wav,Sad,173,Sad,Angry,False,0.5203603,0.5203603,0.044928055,0.0026450295,0.10689036,0.3102451,0.006892957,0.0080381585
2830,ravdess,09,03-01-04-02-01-01-09.wav,Sad,266,Sad,Happy,False,0.84810764,0.13473202,0.0032160187,0.0016423607,0.84810764,0.00036649237,8.7389686e-05,0.011848065
2831,ravdess,09,03-01-04-02-01-02-09.wav,Sad,273,Sad,Angry,False,0.7106376,0.7106376,0.01128084,0.004853004,0.19670117,0.00096450065,0.0031669308,0.07239595
2832,ravdess,09,03-01-04-02-02-01-09.wav,Sad,228,Sad,Happy,False,0.8051384,0.08925939,0.0055651236,0.017086761,0.8051384,0.008396925,0.00022889253,0.07432451
2833,ravdess,09,03-01-04-02-02-02-09.wav,Sad,228,Sad,Happy,False,0.53605074,0.45274982,0.0026650052,0.0043358947,0.53605074,0.0015953665,2.612181e-05,0.0025770967
2834,ravdess,09,03-01-05-01-01-01-09.wav,Angry,186,Angry,Angry,True,0.5208752,0.5208752,0.27621284,0.0009156176,0.14996381,0.039674327,0.0004013667,0.011956788
2835,ravdess,09,03-01-05-01-01-02-09.wav,Angry,173,Angry,Angry,True,0.93197465,0.93197465,0.006249688,0.000113524264,0.054505553,0.006634897,3.0916104e-05,0.0004907296
2836,ravdess,09,03-01-05-01-02-01-09.wav,Angry,186,Angry,Angry,True,0.9643561,0.9643561,0.0034763864,0.0009334281,0.00084842334,0.029951466,6.4073785e-05,0.00037005288
2837,ravdess,09,03-01-05-01-02-02-09.wav,Angry,170,Angry,Angry,True,0.9773845,0.9773845,0.00068104203,0.01036326,0.0050770636,0.006191651,1.4170248e-05,0.000288236
2838,ravdess,09,03-01-05-02-01-01-09.wav,Angry,196,Angry,Fear,False,0.7508277,0.0033517776,0.00013049129,0.7508277,0.06373318,1.0789273e-05,4.7258573e-06,0.18194126
2839,ravdess,09,03-01-05-02-01-02-09.wav,Angry,189,Angry,Happy,False,0.7523249,0.012102445,5.1615774e-05,0.21930848,0.7523249,9.272516e-05,6.7885485e-06,0.016113034
2840,ravdess,09,03-01-05-02-02-01-09.wav,Angry,247,Angry,Surprise,False,0.98606014,0.00046528125,0.00042168138,0.012239335,0.0008079729,1.7283643e-06,3.7915688e-06,0.98606014
2841,ravdess,09,03-01-05-02-02-02-09.wav,Angry,209,Angry,Happy,False,0.48575538,0.0009845805,4.4520948e-05,0.25503844,0.48575538,3.1771249e-06,5.59521e-06,0.25816834
2842,ravdess,09,03-01-06-01-01-01-09.wav,Fear,141,Fear,Angry,False,0.96543914,0.96543914,0.01007237,0.0027632213,0.016059984,0.0048469785,0.00018581146,0.00063245726
2843,ravdess,09,03-01-06-01-01-02-09.wav,Fear,145,Fear,Happy,False,0.993582,0.0038320646,0.0003445469,0.0020312783,0.993582,8.801053e-05,2.904076e-05,9.304563e-05
2844,ravdess,09,03-01-06-01-02-01-09.wav,Fear,234,Fear,Neutral,False,0.52218443,0.17024525,0.07906705,0.028294437,0.022897007,0.52218443,0.016962122,0.16034973
2845,ravdess,09,03-01-06-01-02-02-09.wav,Fear,135,Fear,Angry,False,0.92679197,0.92679197,0.004131495,0.011923946,0.009507442,0.044746708,0.00013187376,0.0027666625
2846,ravdess,09,03-01-06-02-01-01-09.wav,Fear,253,Fear,Happy,False,0.92055213,0.05640757,0.0011430421,0.009400786,0.92055213,0.00054399716,9.257914e-05,0.011859932
2847,ravdess,09,03-01-06-02-01-02-09.wav,Fear,145,Fear,Happy,False,0.958043,0.038565792,0.0008846918,0.002173077,0.958043,6.5631604e-05,2.7785212e-05,0.00024010842
2848,ravdess,09,03-01-06-02-02-01-09.wav,Fear,138,Fear,Happy,False,0.6097508,0.25307864,0.00018799621,0.12460693,0.6097508,0.00015085633,2.4807512e-05,0.01219999
2849,ravdess,09,03-01-06-02-02-02-09.wav,Fear,138,Fear,Surprise,False,0.36011147,0.14305833,6.915416e-05,0.2778922,0.21868095,0.0001756767,1.2140687e-05,0.36011147
2850,ravdess,09,03-01-07-01-01-01-09.wav,Disgust,196,Disgust,Neutral,False,0.80628246,0.16876127,0.013581474,0.0005254944,0.006665906,0.80628246,0.0035705483,0.0006128111
2851,ravdess,09,03-01-07-01-01-02-09.wav,Disgust,167,Disgust,Happy,False,0.53526497,0.30087322,0.019497594,0.03690715,0.53526497,0.10545116,0.0011752996,0.00083063944
2852,ravdess,09,03-01-07-01-02-01-09.wav,Disgust,164,Disgust,Angry,False,0.7410577,0.7410577,0.035038244,0.014468413,0.054497905,0.14932749,0.00027830014,0.005332006
2853,ravdess,09,03-01-07-01-02-02-09.wav,Disgust,202,Disgust,Neutral,False,0.82504255,0.16265652,0.01053933,0.00013370565,7.520656e-05,0.82504255,0.00014598595,0.0014067438
2854,ravdess,09,03-01-07-02-01-01-09.wav,Disgust,186,Disgust,Neutral,False,0.56545806,0.40128332,0.027983705,0.00024916697,0.0036119958,0.56545806,0.00034026505,0.0010734592
2855,ravdess,09,03-01-07-02-01-02-09.wav,Disgust,231,Disgust,Neutral,False,0.81293786,0.090965785,0.052133348,0.0052898466,0.023152359,0.81293786,0.0037244072,0.011796296
2856,ravdess,09,03-01-07-02-02-01-09.wav,Disgust,231,Disgust,Neutral,False,0.82175577,0.07409706,0.09940138,0.000207738,0.00056916603,0.82175577,0.0025728294,0.0013959998
2857,ravdess,09,03-01-07-02-02-02-09.wav,Disgust,269,Disgust,Angry,False,0.50296146,0.50296146,0.1308516,0.0015804445,0.022279946,0.2971776,0.02228386,0.022865072
2858,ravdess,09,03-01-08-01-01-01-09.wav,Surprise,196,Surprise,Surprise,True,0.35233602,0.13818611,0.094559126,0.22688164,0.058951154,0.12009464,0.008991322,0.35233602
2859,ravdess,09,03-01-08-01-01-02-09.wav,Surprise,151,Surprise,Angry,False,0.5449076,0.5449076,0.013465509,0.094281316,0.318852,0.02525746,0.0015307802,0.001705352
2860,ravdess,09,03-01-08-01-02-01-09.wav,Surprise,234,Surprise,Neutral,False,0.44896019,0.106083564,0.2598276,0.026864102,0.006605489,0.44896019,0.008363449,0.1432956
2861,ravdess,09,03-01-08-01-02-02-09.wav,Surprise,157,Surprise,Angry,False,0.8562364,0.8562364,0.009705335,0.020974727,0.016329978,0.08897088,6.055803e-05,0.0077221096
2862,ravdess,09,03-01-08-02-01-01-09.wav,Surprise,145,Surprise,Angry,False,0.9594163,0.9594163,0.00051488134,0.0053997077,0.034012686,0.00033711144,3.451328e-06,0.00031593762
2863,ravdess,09,03-01-08-02-01-02-09.wav,Surprise,234,Surprise,Surprise,True,0.41365927,0.24260828,0.025836384,0.22360426,0.027048819,0.06469771,0.0025452503,0.41365927
2864,ravdess,09,03-01-08-02-02-01-09.wav,Surprise,151,Surprise,Angry,False,0.9584594,0.9584594,0.00094449514,0.027071958,0.00075025746,0.012353698,9.0484245e-06,0.00041117813
2865,ravdess,09,03-01-08-02-02-02-09.wav,Surprise,161,Surprise,Angry,False,0.95262414,0.95262414,0.0018950577,0.02205256,0.0010068535,0.021374006,5.6860674e-05,0.0009906857
2866,ravdess,10,03-01-01-01-01-01-10.wav,Neutral,167,Neutral,Angry,False,0.58861405,0.58861405,0.00015460291,0.035503916,0.36185515,0.00049515313,0.010077325,0.003299877
2867,ravdess,10,03-01-01-01-01-02-10.wav,Neutral,196,Neutral,Happy,False,0.9007557,0.08052525,0.0058977446,0.0012371796,0.9007557,0.0079728095,0.00079922675,0.0028120254
2868,ravdess,10,03-01-01-01-02-01-10.wav,Neutral,183,Neutral,Happy,False,0.9220367,0.042235743,3.698595e-05,0.033924382,0.9220367,0.000334957,0.00031927472,0.0011119196
2869,ravdess,10,03-01-01-01-02-02-10.wav,Neutral,170,Neutral,Happy,False,0.7241233,0.25316656,4.6280595e-05,0.000536591,0.7241233,0.013946684,0.004413435,0.003767106
2870,ravdess,10,03-01-03-01-01-01-10.wav,Happy,157,Happy,Happy,True,0.9918934,0.0046895496,5.1174553e-05,0.0032541498,0.9918934,3.496394e-05,5.9342296e-05,1.7385597e-05
2871,ravdess,10,03-01-03-01-01-02-10.wav,Happy,161,Happy,Fear,False,0.8077339,0.12729225,1.9057601e-05,0.8077339,0.06178433,1.723761e-05,4.9364477e-05,0.0031038297
2872,ravdess,10,03-01-03-01-02-01-10.wav,Happy,135,Happy,Fear,False,0.59946215,0.034471404,2.0584746e-05,0.59946215,0.16758919,3.610476e-05,1.3016383e-05,0.19840755
2873,ravdess,10,03-01-03-01-02-02-10.wav,Happy,145,Happy,Fear,False,0.45806593,0.42386854,2.1523563e-05,0.45806593,0.09338789,4.9074075e-05,4.1500498e-05,0.024565546
2874,ravdess,10,03-01-03-02-01-01-10.wav,Happy,193,Happy,Happy,True,0.9659433,0.0112078255,3.8598264e-05,0.0016165078,0.9659433,4.017839e-05,2.8053397e-05,0.021125581
2875,ravdess,10,03-01-03-02-01-02-10.wav,Happy,154,Happy,Fear,False,0.5243756,0.3566697,5.011707e-05,0.5243756,0.11104367,0.00026484788,0.00015484504,0.0074411756
2876,ravdess,10,03-01-03-02-02-01-10.wav,Happy,173,Happy,Happy,True,0.57324517,0.00824782,2.567423e-06,0.40045074,0.57324517,1.5348303e-05,1.3065188e-05,0.018025316
2877,ravdess,10,03-01-03-02-02-02-10.wav,Happy,205,Happy,Fear,False,0.87327075,0.0064278934,4.9699574e-06,0.87327075,0.047768123,0.00089659874,2.5506874e-06,0.07162908
2878,ravdess,10,03-01-04-01-01-01-10.wav,Sad,151,Sad,Angry,False,0.92323476,0.92323476,0.0015434775,0.0121069085,0.053968977,0.0065830206,0.00030229983,0.0022605795
2879,ravdess,10,03-01-04-01-01-02-10.wav,Sad,161,Sad,Happy,False,0.9879581,0.002551091,0.00035705674,0.0022001131,0.9879581,0.0022959881,0.0029915716,0.0016460496
2880,ravdess,10,03-01-04-01-02-01-10.wav,Sad,167,Sad,Happy,False,0.48016003,0.4293442,0.00034973436,0.060123023,0.48016003,0.018384743,0.0016196277,0.010018519
2881,ravdess,10,03-01-04-01-02-02-10.wav,Sad,196,Sad,Neutral,False,0.7628492,0.20579568,0.0010593056,0.00090499903,0.022782415,0.7628492,0.0001273627,0.006481055
2882,ravdess,10,03-01-04-02-01-01-10.wav,Sad,196,Sad,Angry,False,0.8509311,0.8509311,6.1225524e-05,0.13681689,0.00996854,0.0001955355,0.0018430204,0.00018363903
2883,ravdess,10,03-01-04-02-01-02-10.wav,Sad,173,Sad,Happy,False,0.91966957,0.065356605,0.00034439637,0.0100624245,0.91966957,0.0010068029,0.00032217926,0.0032380505
2884,ravdess,10,03-01-04-02-02-01-10.wav,Sad,177,Sad,Happy,False,0.8793405,0.095974155,0.00093845616,0.0041029095,0.8793405,0.006823472,0.0005069331,0.012313577
2885,ravdess,10,03-01-04-02-02-02-10.wav,Sad,164,Sad,Happy,False,0.8539819,0.061618064,0.0002220263,0.014132853,0.8539819,0.00050954765,0.0002477048,0.06928796
2886,ravdess,10,03-01-05-01-01-01-10.wav,Angry,196,Angry,Happy,False,0.9964976,0.0027464537,9.310291e-05,9.027907e-05,0.9964976,0.00011989692,2.544565e-06,0.00045012162
2887,ravdess,10,03-01-05-01-01-02-10.wav,Angry,205,Angry,Happy,False,0.99918777,4.4832163e-05,1.1163733e-06,0.0001693753,0.99918777,9.4861093e-07,1.243308e-07,0.00059584924
2888,ravdess,10,03-01-05-01-02-01-10.wav,Angry,221,Angry,Angry,True,0.61099285,0.61099285,0.023880677,0.015450617,0.24890028,0.0048385714,0.00025824978,0.09567873
2889,ravdess,10,03-01-05-01-02-02-10.wav,Angry,221,Angry,Angry,True,0.85533804,0.85533804,0.036502846,0.0005457849,0.03732795,0.01856729,0.00033041835,0.05138772
2890,ravdess,10,03-01-05-02-01-01-10.wav,Angry,218,Angry,Happy,False,0.90049416,0.009692743,8.6596854e-05,0.01909633,0.90049416,7.3988325e-05,1.5186768e-05,0.07054105
2891,ravdess,10,03-01-05-02-01-02-10.wav,Angry,247,Angry,Surprise,False,0.96565807,0.00028640602,1.9238872e-05,0.024790859,0.0092435945,1.4657533e-07,1.6730436e-06,0.96565807
2892,ravdess,10,03-01-05-02-02-01-10.wav,Angry,186,Angry,Happy,False,0.99115163,0.00021832019,4.589551e-06,0.0054989066,0.99115163,1.097449e-06,4.6821388e-06,0.0031206978
2893,ravdess,10,03-01-05-02-02-02-10.wav,Angry,221,Angry,Fear,False,0.6428605,0.06322073,0.0021591012,0.6428605,0.082560115,0.0010317598,0.003029373,0.20513844
2894,ravdess,10,03-01-06-01-01-01-10.wav,Fear,148,Fear,Angry,False,0.49757263,0.49757263,2.2166236e-05,0.010302184,0.49180156,1.0775889e-05,4.139421e-05,0.0002492351
2895,ravdess,10,03-01-06-01-01-02-10.wav,Fear,145,Fear,Angry,False,0.6347205,0.6347205,0.00033371616,0.026740972,0.33391097,0.00027882206,0.0005065321,0.0035085136
2896,ravdess,10,03-01-06-01-02-01-10.wav,Fear,167,Fear,Happy,False,0.9861574,0.0005888783,5.3273016e-07,0.013014379,0.9861574,5.1310417e-06,1.0590831e-05,0.00022308888
2897,ravdess,10,03-01-06-01-02-02-10.wav,Fear,157,Fear,Angry,False,0.98509616,0.98509616,1.1792501e-05,0.0031866212,0.007596633,0.0035540382,0.00036067626,0.00019413634
2898,ravdess,10,03-01-06-02-01-01-10.wav,Fear,154,Fear,Happy,False,0.97113794,0.0006204495,9.766488e-06,0.027743867,0.97113794,1.5908274e-05,8.897713e-06,0.00046320274
2899,ravdess,10,03-01-06-02-01-02-10.wav,Fear,170,Fear,Fear,True,0.66850346,0.12649497,8.229526e-05,0.66850346,0.19642377,0.0059000114,0.00010187355,0.0024936888
2900,ravdess,10,03-01-06-02-02-01-10.wav,Fear,189,Fear,Fear,True,0.6901783,0.13737774,0.00010135147,0.6901783,0.1457059,0.012649466,0.0002593817,0.013727924
2901,ravdess,10,03-01-06-02-02-02-10.wav,Fear,196,Fear,Fear,True,0.66463566,0.022432566,2.1700882e-05,0.66463566,0.3082524,0.0003569422,0.0001597105,0.0041410425
2902,ravdess,10,03-01-07-01-01-01-10.wav,Disgust,180,Disgust,Angry,False,0.71712935,0.71712935,0.0019548822,0.0057787537,0.24326056,0.02522167,0.0005746275,0.0060801124
2903,ravdess,10,03-01-07-01-01-02-10.wav,Disgust,231,Disgust,Angry,False,0.77730954,0.77730954,0.04348441,0.004265471,0.10783035,0.014879121,0.048825793,0.0034054068
2904,ravdess,10,03-01-07-01-02-01-10.wav,Disgust,199,Disgust,Angry,False,0.5279366,0.5279366,0.00064430386,0.12608266,0.09397898,0.12132022,0.0014711992,0.12856603
2905,ravdess,10,03-01-07-01-02-02-10.wav,Disgust,237,Disgust,Happy,False,0.9776904,0.013677314,0.00038640274,0.00068287057,0.9776904,0.00012910781,0.00037112707,0.0070628216
2906,ravdess,10,03-01-07-02-01-01-10.wav,Disgust,273,Disgust,Surprise,False,0.90453297,0.008146583,0.0004839928,0.010813753,0.075931445,5.878741e-06,8.532461e-05,0.90453297
2907,ravdess,10,03-01-07-02-01-02-10.wav,Disgust,266,Disgust,Surprise,False,0.6361299,0.009589939,1.06124e-05,0.24387535,0.11033555,1.9781576e-06,5.6667384e-05,0.6361299
2908,ravdess,10,03-01-07-02-02-01-10.wav,Disgust,231,Disgust,Happy,False,0.7799253,0.07723853,0.012267408,0.04966597,0.7799253,0.0036376864,0.0053738193,0.07189131
2909,ravdess,10,03-01-07-02-02-02-10.wav,Disgust,292,Disgust,Surprise,False,0.7802564,0.00929627,6.968645e-05,0.020730274,0.18948115,4.799303e-06,0.00016151828,0.7802564
2910,ravdess,10,03-01-08-01-01-01-10.wav,Surprise,132,Surprise,Angry,False,0.51039195,0.51039195,0.00026169783,0.3656626,0.09341805,0.0002872073,0.00028276417,0.029695753
2911,ravdess,10,03-01-08-01-01-02-10.wav,Surprise,151,Surprise,Happy,False,0.49600887,0.47417402,0.00022658307,0.015555283,0.49600887,0.000110520166,0.00067740626,0.013247353
2912,ravdess,10,03-01-08-01-02-01-10.wav,Surprise,161,Surprise,Happy,False,0.3970799,0.01815617,3.8227754e-05,0.24350297,0.3970799,1.7276376e-05,1.717048e-05,0.3411883
2913,ravdess,10,03-01-08-01-02-02-10.wav,Surprise,161,Surprise,Surprise,True,0.85714865,0.00865047,1.2390437e-05,0.00166179,0.1325074,3.7985296e-06,1.5557152e-05,0.85714865
2914,ravdess,10,03-01-08-02-01-01-10.wav,Surprise,161,Surprise,Happy,False,0.81774294,0.13723426,0.00046247526,0.034671392,0.81774294,0.0009838388,0.00010744035,0.008797657
2915,ravdess,10,03-01-08-02-01-02-10.wav,Surprise,145,Surprise,Happy,False,0.6479602,0.014168667,3.7896814e-05,0.31440318,0.6479602,3.6496053e-06,2.648651e-05,0.023399869
2916,ravdess,10,03-01-08-02-02-01-10.wav,Surprise,170,Surprise,Happy,False,0.97638357,1.1901524e-05,1.269712e-07,0.022287011,0.97638357,6.9668886e-08,4.2413555e-07,0.0013169819
2917,ravdess,10,03-01-08-02-02-02-10.wav,Surprise,157,Surprise,Fear,False,0.6244655,0.0022413933,4.9637642e-06,0.6244655,0.35139334,3.412509e-06,1.1801477e-05,0.02187964
2918,ravdess,11,03-01-01-01-01-01-11.wav,Neutral,135,Neutral,Happy,False,0.75232035,0.21915004,0.00077564456,0.019685548,0.75232035,0.004102992,0.0021548665,0.0018106156
2919,ravdess,11,03-01-01-01-01-02-11.wav,Neutral,135,Neutral,Angry,False,0.9500442,0.9500442,0.00011256861,0.02282745,0.025392067,0.0010786523,4.1033763e-05,0.0005040248
2920,ravdess,11,03-01-01-01-02-01-11.wav,Neutral,141,Neutral,Angry,False,0.99757415,0.99757415,2.647337e-05,0.00087780616,0.0010496109,0.00028482787,6.392345e-05,0.00012308483
2921,ravdess,11,03-01-01-01-02-02-11.wav,Neutral,221,Neutral,Disgust,False,0.85474336,0.019407798,0.85474336,0.00499798,0.00528698,0.09973241,0.00947343,0.0063580372
2922,ravdess,11,03-01-03-01-01-01-11.wav,Happy,122,Happy,Happy,True,0.5836149,0.3281081,0.0012937956,0.073973164,0.5836149,0.0024497854,0.00012070185,0.010439551
2923,ravdess,11,03-01-03-01-01-02-11.wav,Happy,145,Happy,Happy,True,0.7947935,0.16492876,3.8420614e-05,0.03881689,0.7947935,0.00094738236,4.5276116e-05,0.000429794
2924,ravdess,11,03-01-03-01-02-01-11.wav,Happy,132,Happy,Angry,False,0.98913866,0.98913866,0.0001584971,0.0048934496,0.0051146834,0.00059476536,8.084944e-06,9.18752e-05
2925,ravdess,11,03-01-03-01-02-02-11.wav,Happy,138,Happy,Angry,False,0.98732126,0.98732126,0.00021822358,0.001644165,0.008630935,0.0006923263,6.282372e-06,0.0014868272
2926,ravdess,11,03-01-03-02-01-01-11.wav,Happy,215,Happy,Happy,True,0.6760043,0.079867154,0.0013582504,0.14300472,0.6760043,0.00059301616,0.00014745096,0.09902515
2927,ravdess,11,03-01-03-02-01-02-11.wav,Happy,177,Happy,Fear,False,0.4663854,0.08490289,0.0004971903,0.4663854,0.4095134,0.004145946,0.00013875072,0.03441651
2928,ravdess,11,03-01-03-02-02-01-11.wav,Happy,196,Happy,Happy,True,0.8173223,0.08132938,0.000379524,0.033145856,0.8173223,0.040753588,0.00044198835,0.026627433
2929,ravdess,11,03-01-03-02-02-02-11.wav,Happy,157,Happy,Surprise,False,0.5117125,0.04645844,6.623049e-05,0.0017721611,0.43992314,4.826787e-05,1.9330371e-05,0.5117125
2930,ravdess,11,03-01-04-01-01-01-11.wav,Sad,151,Sad,Angry,False,0.7035809,0.7035809,0.0008952964,0.0062185396,0.28423002,0.0041600107,0.00016247484,0.00075274194
2931,ravdess,11,03-01-04-01-01-02-11.wav,Sad,209,Sad,Angry,False,0.5162138,0.5162138,0.038957138,0.023477234,0.0763365,0.1473642,0.014263429,0.18338771
2932,ravdess,11,03-01-04-01-02-01-11.wav,Sad,173,Sad,Angry,False,0.80512476,0.80512476,0.002566526,0.004842337,0.04168508,0.14096943,0.00010516078,0.0047066957
2933,ravdess,11,03-01-04-01-02-02-11.wav,Sad,157,Sad,Angry,False,0.8546653,0.8546653,0.0014109274,0.025316617,0.047335725,0.070068695,0.00010591031,0.0010969044
2934,ravdess,11,03-01-04-02-01-01-11.wav,Sad,151,Sad,Happy,False,0.5726341,0.3589458,0.00037486415,0.048791125,0.5726341,0.00423222,6.538888e-05,0.014956523
2935,ravdess,11,03-01-04-02-01-02-11.wav,Sad,218,Sad,Happy,False,0.56838375,0.24681316,0.0070241205,0.071365,0.56838375,0.008859781,0.0016241359,0.09593001
2936,ravdess,11,03-01-04-02-02-01-11.wav,Sad,151,Sad,Happy,False,0.5851222,0.16128306,0.0001104006,0.03745532,0.5851222,9.704614e-05,2.9739294e-05,0.21590222
2937,ravdess,11,03-01-04-02-02-02-11.wav,Sad,202,Sad,Happy,False,0.70981634,0.20899984,0.0015291955,9.922969e-05,0.70981634,0.0009593995,6.47524e-05,0.07853118
2938,ravdess,11,03-01-05-01-01-01-11.wav,Angry,173,Angry,Happy,False,0.94502234,0.04765232,0.00015427014,0.0007061206,0.94502234,0.00016989875,1.8393093e-05,0.006276616
2939,ravdess,11,03-01-05-01-01-02-11.wav,Angry,167,Angry,Happy,False,0.90355957,0.08995926,0.00013356342,0.0009164315,0.90355957,0.0003635375,1.7779454e-05,0.005049929
2940,ravdess,11,03-01-05-01-02-01-11.wav,Angry,161,Angry,Happy,False,0.4942481,0.108123556,7.259269e-05,0.0008765632,0.4942481,1.7920207e-05,1.1636948e-05,0.39664972
2941,ravdess,11,03-01-05-01-02-02-11.wav,Angry,193,Angry,Angry,True,0.41048977,0.41048977,0.00048845983,0.0021405136,0.23357691,0.00927908,0.00019240992,0.34383285
2942,ravdess,11,03-01-05-02-01-01-11.wav,Angry,167,Angry,Happy,False,0.6942325,0.15232098,0.00074445223,0.096963994,0.6942325,0.0009236055,0.00019920932,0.054615248
2943,ravdess,11,03-01-05-02-01-02-11.wav,Angry,205,Angry,Happy,False,0.9906917,0.0013854095,2.2905671e-05,0.0056726756,0.9906917,2.1426844e-05,1.0449035e-05,0.0021953434
2944,ravdess,11,03-01-05-02-02-01-11.wav,Angry,205,Angry,Angry,True,0.87054044,0.87054044,0.0015097056,0.0036313427,0.09905325,0.0013039341,2.5838326e-05,0.023935463
2945,ravdess,11,03-01-05-02-02-02-11.wav,Angry,186,Angry,Angry,True,0.4638653,0.4638653,7.976145e-05,0.16626148,0.24752448,0.00019020615,8.1891805e-05,0.12199689
2946,ravdess,11,03-01-06-01-01-01-11.wav,Fear,161,Fear,Angry,False,0.8384441,0.8384441,0.0060809534,0.0015894772,0.115059465,0.002234969,0.00013847143,0.03645257
2947,ravdess,11,03-01-06-01-01-02-11.wav,Fear,167,Fear,Angry,False,0.81222653,0.81222653,0.0047963494,0.002236624,0.1263573,0.011633564,0.00012212047,0.04262758
2948,ravdess,11,03-01-06-01-02-01-11.wav,Fear,138,Fear,Angry,False,0.99582005,0.99582005,2.29568e-05,0.0005106403,0.0032292136,7.100235e-05,1.2908699e-06,0.00034485993
2949,ravdess,11,03-01-06-01-02-02-11.wav,Fear,138,Fear,Angry,False,0.9745354,0.9745354,0.00011594545,0.012933425,0.0032853247,0.008833159,3.0204323e-05,0.00026652237
2950,ravdess,11,03-01-06-02-01-01-11.wav,Fear,138,Fear,Fear,True,0.900022,0.03595629,1.176952e-05,0.900022,0.061526515,0.00013961762,5.1701973e-06,0.0023386606
2951,ravdess,11,03-01-06-02-01-02-11.wav,Fear,138,Fear,Fear,True,0.46321797,0.44703844,2.0487692e-05,0.46321797,0.08848723,0.00032578837,0.00014632408,0.0007637679
2952,ravdess,11,03-01-06-02-02-01-11.wav,Fear,125,Fear,Angry,False,0.5567515,0.5567515,4.902025e-05,0.06616728,0.34025982,8.079221e-05,0.00027901065,0.036412567
2953,ravdess,11,03-01-06-02-02-02-11.wav,Fear,154,Fear,Happy,False,0.94714516,0.0006611095,1.7428141e-06,0.043215603,0.94714516,4.6691476e-08,6.0685536e-05,0.008915646
2954,ravdess,11,03-01-07-01-01-01-11.wav,Disgust,186,Disgust,Happy,False,0.9244347,0.032910395,0.017260972,0.00069868815,0.9244347,0.014793457,0.00039426633,0.009507434
2955,ravdess,11,03-01-07-01-01-02-11.wav,Disgust,177,Disgust,Happy,False,0.37618294,0.124730766,0.34356016,0.0025466266,0.37618294,0.14613584,0.00049200625,0.006351615
2956,ravdess,11,03-01-07-01-02-01-11.wav,Disgust,157,Disgust,Angry,False,0.9046914,0.9046914,0.0026974792,0.004437791,0.035728343,0.04252001,4.3869048e-05,0.009881093
2957,ravdess,11,03-01-07-01-02-02-11.wav,Disgust,196,Disgust,Angry,False,0.8760813,0.8760813,0.00095285225,0.0013581382,0.015159762,0.09101237,3.0658757e-05,0.015404876
2958,ravdess,11,03-01-07-02-01-01-11.wav,Disgust,196,Disgust,Happy,False,0.45959374,0.2584215,0.16306384,0.004554146,0.45959374,0.07210813,0.00390025,0.03835844
2959,ravdess,11,03-01-07-02-01-02-11.wav,Disgust,285,Disgust,Surprise,False,0.6748448,0.21156606,0.02136485,0.021445183,0.06682724,0.0027279963,0.0012239459,0.6748448
2960,ravdess,11,03-01-07-02-02-01-11.wav,Disgust,209,Disgust,Angry,False,0.9549179,0.9549179,0.0010378769,0.00011197548,0.0013986902,0.041901324,4.959522e-05,0.0005826961
2961,ravdess,11,03-01-07-02-02-02-11.wav,Disgust,202,Disgust,Angry,False,0.8799462,0.8799462,0.0017827596,0.00032419586,0.00204682,0.10420697,6.649877e-05,0.0116266105
2962,ravdess,11,03-01-08-01-01-01-11.wav,Surprise,122,Surprise,Happy,False,0.6462731,0.24287564,0.00033028092,0.097036175,0.6462731,0.00019314895,0.00023049099,0.0130611975
2963,ravdess,11,03-01-08-01-01-02-11.wav,Surprise,125,Surprise,Happy,False,0.5025971,0.37123558,8.197378e-05,0.12163233,0.5025971,0.00017954333,0.00032185463,0.0039516417
2964,ravdess,11,03-01-08-01-02-01-11.wav,Surprise,129,Surprise,Angry,False,0.92231923,0.92231923,8.239468e-05,0.019176494,0.05276693,0.00049550657,5.444395e-06,0.0051540085
2965,ravdess,11,03-01-08-01-02-02-11.wav,Surprise,116,Surprise,Angry,False,0.9430323,0.9430323,4.6731948e-05,0.028023502,0.008567871,1.1577142e-05,0.00013520053,0.020182783
2966,ravdess,11,03-01-08-02-01-01-11.wav,Surprise,119,Surprise,Happy,False,0.7744518,0.19441459,9.759467e-05,0.025311334,0.7744518,0.00012175286,0.000113628994,0.005489308
2967,ravdess,11,03-01-08-02-01-02-11.wav,Surprise,151,Surprise,Fear,False,0.83356565,0.012152216,1.0048541e-05,0.83356565,0.15219463,9.69716e-05,2.7573748e-05,0.0019530035
2968,ravdess,11,03-01-08-02-02-01-11.wav,Surprise,119,Surprise,Fear,False,0.46028352,0.23498088,7.429614e-05,0.46028352,0.26699927,3.799231e-05,0.00014150524,0.03748257
2969,ravdess,11,03-01-08-02-02-02-11.wav,Surprise,119,Surprise,Happy,False,0.62028146,0.2992657,1.7390343e-05,0.058976743,0.62028146,1.4273494e-05,0.00012488966,0.021319473
2970,ravdess,12,03-01-01-01-01-01-12.wav,Neutral,177,Neutral,Angry,False,0.9906343,0.9906343,0.00048021332,0.0017028939,0.0034277104,0.0010212058,0.00036726124,0.0023664332
2971,ravdess,12,03-01-01-01-01-02-12.wav,Neutral,167,Neutral,Angry,False,0.9382332,0.9382332,0.0007814618,0.009250946,0.046568677,0.0026460674,0.0013070084,0.0012126635
2972,ravdess,12,03-01-01-01-02-01-12.wav,Neutral,173,Neutral,Happy,False,0.91336745,0.012814584,0.0010656682,0.0025220192,0.91336745,0.00024013018,0.0004195416,0.069570564
2973,ravdess,12,03-01-01-01-02-02-12.wav,Neutral,180,Neutral,Happy,False,0.5287041,0.3736585,0.0006968788,0.008276636,0.5287041,0.0030386879,0.0022833722,0.08334181
2974,ravdess,12,03-01-03-01-01-01-12.wav,Happy,180,Happy,Fear,False,0.45932648,0.24894683,0.002172477,0.45932648,0.2675318,0.010349273,0.0027941405,0.008878994
2975,ravdess,12,03-01-03-01-01-02-12.wav,Happy,183,Happy,Happy,True,0.4319855,0.41061676,0.002316117,0.13174781,0.4319855,0.0070569646,0.0028796366,0.013397124
2976,ravdess,12,03-01-03-01-02-01-12.wav,Happy,157,Happy,Angry,False,0.44795713,0.44795713,0.0010255595,0.14602143,0.31270438,0.0008526026,0.0012949718,0.090143934
2977,ravdess,12,03-01-03-01-02-02-12.wav,Happy,183,Happy,Happy,True,0.6122403,0.17173192,0.0006513896,0.09714243,0.6122403,0.0010950248,0.009408616,0.10773027
2978,ravdess,12,03-01-03-02-01-01-12.wav,Happy,186,Happy,Happy,True,0.9532599,0.0075758263,1.0746901e-05,0.03472726,0.9532599,1.9478988e-05,3.377927e-06,0.004403448
2979,ravdess,12,03-01-03-02-01-02-12.wav,Happy,193,Happy,Happy,True,0.9410396,0.01060973,9.789832e-06,0.04711091,0.9410396,1.287151e-05,1.1876516e-06,0.0012159378
2980,ravdess,12,03-01-03-02-02-01-12.wav,Happy,189,Happy,Fear,False,0.87086326,0.091585234,7.016407e-05,0.87086326,0.034065247,0.00021915013,0.00036643352,0.002830511
2981,ravdess,12,03-01-03-02-02-02-12.wav,Happy,202,Happy,Surprise,False,0.5284223,0.26623133,3.2347303e-05,0.13647687,0.06769399,0.0003311775,0.0008119391,0.5284223
2982,ravdess,12,03-01-04-01-01-01-12.wav,Sad,173,Sad,Angry,False,0.7163829,0.7163829,0.001095795,0.042756967,0.18313804,0.053247653,0.0017663955,0.0016123111
2983,ravdess,12,03-01-04-01-01-02-12.wav,Sad,258,Sad,Angry,False,0.5196411,0.5196411,0.2995428,0.019158948,0.04948722,0.0028799225,0.067094095,0.042195868
2984,ravdess,12,03-01-04-01-02-01-12.wav,Sad,170,Sad,Happy,False,0.9103661,0.078035615,9.1043374e-05,0.0101751555,0.9103661,0.00029465638,0.0002718271,0.0007656001
2985,ravdess,12,03-01-04-01-02-02-12.wav,Sad,170,Sad,Angry,False,0.53582174,0.53582174,0.00022248135,0.06353987,0.398603,0.0011027851,0.00014190898,0.0005681767
2986,ravdess,12,03-01-04-02-01-01-12.wav,Sad,180,Sad,Happy,False,0.9563816,0.0148346545,0.00012430319,0.011011566,0.9563816,3.985727e-05,3.8009061e-06,0.017604105
2987,ravdess,12,03-01-04-02-01-02-12.wav,Sad,177,Sad,Happy,False,0.9967853,0.0011888945,3.902408e-06,0.0015928802,0.9967853,4.697027e-06,9.537941e-07,0.00042340913
2988,ravdess,12,03-01-04-02-02-01-12.wav,Sad,278,Sad,Surprise,False,0.9363219,0.0042263623,0.00020585716,0.04332101,0.015001994,2.5616623e-06,0.0009202609,0.9363219
2989,ravdess,12,03-01-04-02-02-02-12.wav,Sad,193,Sad,Happy,False,0.9829748,0.005267057,1.2130427e-05,0.0001029262,0.9829748,8.813623e-05,3.3478813e-05,0.011521439
2990,ravdess,12,03-01-05-01-01-01-12.wav,Angry,237,Angry,Disgust,False,0.67619425,0.1143987,0.67619425,0.0003067756,0.13635449,0.0004764265,0.0010643492,0.07120499
2991,ravdess,12,03-01-05-01-01-02-12.wav,Angry,202,Angry,Happy,False,0.92962956,0.05934077,0.0039073713,0.0021536683,0.92962956,0.000515256,0.00015026849,0.0043031303
2992,ravdess,12,03-01-05-01-02-01-12.wav,Angry,193,Angry,Happy,False,0.6137229,0.031874903,0.001746693,0.018028878,0.6137229,0.0010639483,0.00087831717,0.3326844
2993,ravdess,12,03-01-05-01-02-02-12.wav,Angry,196,Angry,Happy,False,0.9033958,0.039730765,0.0017182074,0.01255962,0.9033958,0.0032532916,0.00021327705,0.039129116
2994,ravdess,12,03-01-05-02-01-01-12.wav,Angry,170,Angry,Happy,False,0.82843405,0.035751015,2.5356716e-05,0.10661449,0.82843405,4.56195e-05,3.492775e-05,0.029094433
2995,ravdess,12,03-01-05-02-01-02-12.wav,Angry,205,Angry,Happy,False,0.8138126,0.0003559477,0.00046525119,0.1381677,0.8138126,2.8185744e-07,2.4697101e-05,0.04717348
2996,ravdess,12,03-01-05-02-02-01-12.wav,Angry,183,Angry,Happy,False,0.99990463,5.1890594e-05,3.1174998e-06,1.24952485e-05,0.99990463,1.831533e-07,2.724345e-07,2.7390932e-05
2997,ravdess,12,03-01-05-02-02-02-12.wav,Angry,247,Angry,Surprise,False,0.88486904,0.0024651706,0.00080845744,0.0018436485,0.10989567,2.7230574e-06,0.000115325274,0.88486904
2998,ravdess,12,03-01-06-01-01-01-12.wav,Fear,244,Fear,Happy,False,0.66309637,0.022347692,0.22825941,0.00030599668,0.66309637,4.5758377e-05,0.0033973265,0.08254746
2999,ravdess,12,03-01-06-01-01-02-12.wav,Fear,164,Fear,Happy,False,0.9706434,0.026569977,8.591258e-05,0.0007176507,0.9706434,8.489892e-06,9.534024e-06,0.0019650045
3000,ravdess,12,03-01-06-01-02-01-12.wav,Fear,151,Fear,Happy,False,0.5487737,0.34148985,6.231552e-05,0.093882695,0.5487737,1.9893849e-05,0.00022263393,0.015548911
3001,ravdess,12,03-01-06-01-02-02-12.wav,Fear,138,Fear,Happy,False,0.8807807,0.10163523,3.322334e-05,0.0025706831,0.8807807,1.6928147e-06,6.2886065e-05,0.014915591
3002,ravdess,12,03-01-06-02-01-01-12.wav,Fear,218,Fear,Fear,True,0.5886304,0.0011570918,0.00016300971,0.5886304,0.3147715,4.933549e-06,0.00019736183,0.095075764
3003,ravdess,12,03-01-06-02-01-02-12.wav,Fear,218,Fear,Fear,True,0.4937045,0.010992903,0.0010995107,0.4937045,0.29621196,0.00011942049,0.0016495208,0.19622222
3004,ravdess,12,03-01-06-02-02-01-12.wav,Fear,161,Fear,Happy,False,0.802002,0.10590046,0.00010129353,0.03236937,0.802002,3.1466385e-05,0.00011737274,0.05947809
3005,ravdess,12,03-01-06-02-02-02-12.wav,Fear,231,Fear,Surprise,False,0.69180536,0.029240137,0.0013876529,0.14553538,0.1269186,0.00048597247,0.0046268865,0.69180536
3006,ravdess,12,03-01-07-01-01-01-12.wav,Disgust,186,Disgust,Happy,False,0.566321,0.33453152,0.0084266225,0.027295772,0.566321,0.0112119,0.042581797,0.009631359
3007,ravdess,12,03-01-07-01-01-02-12.wav,Disgust,282,Disgust,Surprise,False,0.6249449,0.013888075,0.0060840384,0.21649085,0.13575833,0.00016032677,0.0026735126,0.6249449
3008,ravdess,12,03-01-07-01-02-01-12.wav,Disgust,177,Disgust,Happy,False,0.53603375,0.20171556,0.0037332035,0.00095007627,0.53603375,0.0003500915,0.0006347992,0.25658256
3009,ravdess,12,03-01-07-01-02-02-12.wav,Disgust,189,Disgust,Happy,False,0.9998696,2.1477425e-05,6.650053e-06,8.7985834e-05,0.9998696,2.302536e-06,9.735892e-07,1.0968978e-05
3010,ravdess,12,03-01-07-02-01-01-12.wav,Disgust,237,Disgust,Happy,False,0.945892,0.0071629817,0.033333845,0.00057213724,0.945892,2.803046e-05,5.5086846e-05,0.012955922
3011,ravdess,12,03-01-07-02-01-02-12.wav,Disgust,266,Disgust,Happy,False,0.8074903,0.027136248,0.00038925852,0.006519314,0.8074903,4.2135225e-06,2.198383e-05,0.15843862
3012,ravdess,12,03-01-07-02-02-01-12.wav,Disgust,314,Disgust,Surprise,False,0.79863924,0.15430807,0.029535806,0.0018433982,0.010407079,4.6667137e-05,0.00521969,0.79863924
3013,ravdess,12,03-01-07-02-02-02-12.wav,Disgust,205,Disgust,Happy,False,0.9656692,0.00160342,0.00070684537,0.023409,0.9656692,0.000109284796,0.00032546467,0.008176815
3014,ravdess,12,03-01-08-01-01-01-12.wav,Surprise,167,Surprise,Happy,False,0.5872162,0.070855625,0.0070470045,0.28675517,0.5872162,0.00032720974,0.00023650913,0.04756224
3015,ravdess,12,03-01-08-01-01-02-12.wav,Surprise,167,Surprise,Happy,False,0.99998105,9.311344e-08,2.2817899e-07,1.1310138e-06,0.99998105,1.7656097e-09,1.2827604e-07,1.7388966e-05
3016,ravdess,12,03-01-08-01-02-01-12.wav,Surprise,151,Surprise,Fear,False,0.8572671,0.004578461,9.588852e-06,0.8572671,0.12964843,1.5179271e-05,2.7473568e-06,0.00847847
3017,ravdess,12,03-01-08-01-02-02-12.wav,Surprise,164,Surprise,Happy,False,0.4185733,0.3943312,7.4328476e-05,0.1787026,0.4185733,0.00013347228,1.0421635e-05,0.008174755
3018,ravdess,12,03-01-08-02-01-01-12.wav,Surprise,173,Surprise,Happy,False,0.9969982,4.0541814e-05,9.137737e-07,0.00048345912,0.9969982,2.0289047e-08,1.19081804e-07,0.002476738
3019,ravdess,12,03-01-08-02-01-02-12.wav,Surprise,180,Surprise,Happy,False,0.99675757,0.00036938512,2.2373465e-06,0.001922378,0.99675757,3.49249e-07,1.3005885e-06,0.0009466355
3020,ravdess,12,03-01-08-02-02-01-12.wav,Surprise,180,Surprise,Surprise,True,0.4909599,0.26425424,0.0005502364,0.00065189414,0.24342611,3.455606e-05,0.00012304487,0.4909599
3021,ravdess,12,03-01-08-02-02-02-12.wav,Surprise,170,Surprise,Happy,False,0.6558218,0.01390633,0.0002990618,0.098562226,0.6558218,4.0749717e-05,7.369981e-05,0.23129612
3022,ravdess,13,03-01-01-01-01-01-13.wav,Neutral,129,Neutral,Angry,False,0.7673446,0.7673446,0.007339531,0.010587981,0.20520724,0.0064339805,0.00038124635,0.0027054702
3023,ravdess,13,03-01-01-01-01-02-13.wav,Neutral,132,Neutral,Angry,False,0.9576757,0.9576757,0.0011701091,0.0034941332,0.03644983,0.00087393285,3.510414e-05,0.00030118064
3024,ravdess,13,03-01-01-01-02-01-13.wav,Neutral,122,Neutral,Angry,False,0.99445623,0.99445623,0.00027694867,0.00043962532,0.00448698,0.00012880613,4.1646827e-06,0.00020726284
3025,ravdess,13,03-01-01-01-02-02-13.wav,Neutral,125,Neutral,Angry,False,0.9333852,0.9333852,0.0003757261,0.003100867,0.057944242,0.00052088517,2.4345924e-05,0.004648753
3026,ravdess,13,03-01-03-01-01-01-13.wav,Happy,135,Happy,Angry,False,0.9697701,0.9697701,0.00092770567,0.01049008,0.016885312,0.001756509,3.1222728e-05,0.00013901808
3027,ravdess,13,03-01-03-01-01-02-13.wav,Happy,135,Happy,Angry,False,0.98466414,0.98466414,0.00020999195,0.0054617156,0.008093028,0.0014297657,7.663552e-06,0.00013370845
3028,ravdess,13,03-01-03-01-02-01-13.wav,Happy,125,Happy,Angry,False,0.96859074,0.96859074,0.00058435387,0.0027261744,0.023394898,0.003921711,2.2836548e-05,0.00075922126
3029,ravdess,13,03-01-03-01-02-02-13.wav,Happy,141,Happy,Angry,False,0.9246978,0.9246978,0.00013369485,0.00311304,0.060868785,0.001754988,1.896981e-05,0.009412669
3030,ravdess,13,03-01-03-02-01-01-13.wav,Happy,164,Happy,Happy,True,0.96257573,0.01918418,0.0002098138,0.015812105,0.96257573,0.0011408299,1.5915895e-05,0.0010613177
3031,ravdess,13,03-01-03-02-01-02-13.wav,Happy,205,Happy,Angry,False,0.64192593,0.64192593,0.01013664,0.096996166,0.23207004,0.008870899,0.00084884936,0.009151501
3032,ravdess,13,03-01-03-02-02-01-13.wav,Happy,154,Happy,Happy,True,0.5411423,0.029438093,1.560786e-05,0.2946642,0.5411423,1.1639244e-05,8.454455e-06,0.13471973
3033,ravdess,13,03-01-03-02-02-02-13.wav,Happy,148,Happy,Happy,True,0.5508518,0.30961,2.8545644e-05,0.081981935,0.5508518,0.000244832,1.1275672e-05,0.057271656
3034,ravdess,13,03-01-04-01-01-01-13.wav,Sad,173,Sad,Angry,False,0.7169099,0.7169099,0.0019923546,0.003688063,0.25462863,0.021341288,0.00029565353,0.0011440623
3035,ravdess,13,03-01-04-01-01-02-13.wav,Sad,170,Sad,Angry,False,0.94236517,0.94236517,0.001698572,0.001603219,0.028803123,0.025192954,0.000112300026,0.00022456203
3036,ravdess,13,03-01-04-01-02-01-13.wav,Sad,157,Sad,Angry,False,0.9624768,0.9624768,0.0007168749,0.0032531891,0.008393986,0.025035087,8.6386666e-05,3.7595815e-05
3037,ravdess,13,03-01-04-01-02-02-13.wav,Sad,151,Sad,Angry,False,0.8980531,0.8980531,0.0010476434,0.021137917,0.072788365,0.0061998614,0.00020405535,0.0005691057
3038,ravdess,13,03-01-04-02-01-01-13.wav,Sad,141,Sad,Angry,False,0.9864352,0.9864352,0.0001715216,0.0013023191,0.009504872,0.00077555573,8.262462e-06,0.0018023178
3039,ravdess,13,03-01-04-02-01-02-13.wav,Sad,145,Sad,Happy,False,0.9629312,0.03521703,0.000116817304,0.0013874522,0.9629312,0.000117012976,1.4179144e-05,0.00021627366
3040,ravdess,13,03-01-04-02-02-01-13.wav,Sad,161,Sad,Angry,False,0.98782897,0.98782897,0.00020351465,0.0034221068,0.0073902956,0.000985884,7.01769e-06,0.00016216846
3041,ravdess,13,03-01-04-02-02-02-13.wav,Sad,145,Sad,Angry,False,0.9701995,0.9701995,0.0001199995,0.0076947035,0.016098758,0.002142427,0.0001680383,0.0035764936
3042,ravdess,13,03-01-05-01-01-01-13.wav,Angry,157,Angry,Angry,True,0.97843987,0.97843987,0.00022306517,0.0061530513,0.013694138,0.0012047129,4.378472e-06,0.0002808046
3043,ravdess,13,03-01-05-01-01-02-13.wav,Angry,167,Angry,Happy,False,0.7508666,0.2067043,4.7709593e-05,0.037753712,0.7508666,0.0026745284,9.757854e-06,0.0019434257
3044,ravdess,13,03-01-05-01-02-01-13.wav,Angry,170,Angry,Angry,True,0.9805742,0.9805742,0.00025046285,0.0011197131,0.0129116345,0.0012375816,7.991539e-06,0.0038983994
3045,ravdess,13,03-01-05-01-02-02-13.wav,Angry,151,Angry,Angry,True,0.7351597,0.7351597,0.00064381235,0.014502725,0.12775359,0.0015153337,1.5856438e-05,0.12040898
3046,ravdess,13,03-01-05-02-01-01-13.wav,Angry,170,Angry,Fear,False,0.89607644,0.01140292,3.2033724e-05,0.89607644,0.05886962,2.3103568e-05,2.8958516e-06,0.03359303
3047,ravdess,13,03-01-05-02-01-02-13.wav,Angry,234,Angry,Surprise,False,0.8716645,0.0700335,0.0050270325,0.036480587,0.016285507,0.0004950405,1.3809777e-05,0.8716645
3048,ravdess,13,03-01-05-02-02-01-13.wav,Angry,177,Angry,Fear,False,0.3538766,0.31576547,1.4644664e-05,0.3538766,0.2481323,0.00011823028,3.0459205e-05,0.08206231
3049,ravdess,13,03-01-05-02-02-02-13.wav,Angry,225,Angry,Surprise,False,0.908756,0.010056609,0.00039534402,0.022137143,0.058516003,0.000100039164,3.8888567e-05,0.908756
3050,ravdess,13,03-01-06-01-01-01-13.wav,Fear,129,Fear,Angry,False,0.97664535,0.97664535,0.00020163028,0.004786523,0.012529406,0.004903938,9.031488e-06,0.00092413626
3051,ravdess,13,03-01-06-01-01-02-13.wav,Fear,132,Fear,Happy,False,0.6848678,0.29556838,0.0038636546,0.0013951004,0.6848678,0.006474595,0.00022367376,0.0076067653
3052,ravdess,13,03-01-06-01-02-01-13.wav,Fear,135,Fear,Angry,False,0.97654915,0.97654915,0.00013338236,0.0110379625,0.010293439,0.0008122824,6.5772033e-06,0.0011671922
3053,ravdess,13,03-01-06-01-02-02-13.wav,Fear,138,Fear,Angry,False,0.9886537,0.9886537,0.00020149171,0.0045431247,0.0039850813,0.0006085074,5.3873046e-06,0.002002654
3054,ravdess,13,03-01-06-02-01-01-13.wav,Fear,151,Fear,Happy,False,0.872181,0.09768888,0.00014479712,0.02677936,0.872181,0.0006034778,2.9402678e-05,0.002573086
3055,ravdess,13,03-01-06-02-01-02-13.wav,Fear,145,Fear,Happy,False,0.9661065,0.002678915,1.3417394e-06,0.030764861,0.9661065,8.92337e-06,1.1109227e-06,0.00043840468
3056,ravdess,13,03-01-06-02-02-01-13.wav,Fear,164,Fear,Happy,False,0.9700266,0.0004483732,1.3431978e-06,0.019750908,0.9700266,5.7234564e-07,1.1465219e-06,0.009771097
3057,ravdess,13,03-01-06-02-02-02-13.wav,Fear,138,Fear,Angry,False,0.99419445,0.99419445,6.788135e-05,0.0017138391,0.0022835338,0.0015960081,4.716454e-06,0.00013962277
3058,ravdess,13,03-01-07-01-01-01-13.wav,Disgust,135,Disgust,Angry,False,0.8877331,0.8877331,0.002803702,0.0025855948,0.10353486,0.0021420345,0.00022761038,0.0009730978
3059,ravdess,13,03-01-07-01-01-02-13.wav,Disgust,135,Disgust,Angry,False,0.9889852,0.9889852,0.00025129688,0.0014152561,0.007865107,0.00028418587,6.2244458e-06,0.001192752
3060,ravdess,13,03-01-07-01-02-01-13.wav,Disgust,145,Disgust,Angry,False,0.9595228,0.9595228,0.0025230672,0.0018220223,0.013411734,0.011029268,4.002179e-05,0.011651022
3061,ravdess,13,03-01-07-01-02-02-13.wav,Disgust,141,Disgust,Angry,False,0.96258914,0.96258914,0.0024612462,0.003099431,0.0055905515,0.025635714,0.000112252405,0.00051172054
3062,ravdess,13,03-01-07-02-01-01-13.wav,Disgust,161,Disgust,Happy,False,0.84969896,0.12894222,0.01032025,0.0015466318,0.84969896,0.0043067993,0.00019838633,0.0049867947
3063,ravdess,13,03-01-07-02-01-02-13.wav,Disgust,202,Disgust,Happy,False,0.5307091,0.3632178,0.00090200367,0.05432898,0.5307091,0.003437729,0.00023953771,0.04716491
3064,ravdess,13,03-01-07-02-02-01-13.wav,Disgust,154,Disgust,Angry,False,0.9570471,0.9570471,0.00434887,0.002370028,0.022126967,0.006274077,1.8275947e-05,0.007814701
3065,ravdess,13,03-01-07-02-02-02-13.wav,Disgust,157,Disgust,Angry,False,0.69607675,0.69607675,0.0029620228,0.009495948,0.07707406,0.18337178,0.00021134652,0.030808117
3066,ravdess,13,03-01-08-01-01-01-13.wav,Surprise,151,Surprise,Happy,False,0.93492407,0.0051814136,1.97134e-05,0.058806527,0.93492407,1.0751876e-05,5.3023396e-06,0.0010522525
3067,ravdess,13,03-01-08-01-01-02-13.wav,Surprise,129,Surprise,Fear,False,0.6024295,0.37219632,0.0003421093,0.6024295,0.02084482,0.00039308946,3.5766363e-05,0.003758409
3068,ravdess,13,03-01-08-01-02-01-13.wav,Surprise,129,Surprise,Angry,False,0.89626086,0.89626086,0.0006296725,0.028648252,0.045974985,0.005416783,1.4747917e-05,0.023054777
3069,ravdess,13,03-01-08-01-02-02-13.wav,Surprise,119,Surprise,Fear,False,0.5371899,0.20074897,0.0005988361,0.5371899,0.111455746,0.0019885933,2.2824122e-05,0.14799517
3070,ravdess,13,03-01-08-02-01-01-13.wav,Surprise,145,Surprise,Angry,False,0.7938783,0.7938783,0.000792138,0.0169411,0.18138997,0.000617481,1.028978e-05,0.00637082
3071,ravdess,13,03-01-08-02-01-02-13.wav,Surprise,148,Surprise,Angry,False,0.91177803,0.91177803,0.00092148763,0.006700339,0.07641424,0.003592283,0.00011075377,0.00048285752
3072,ravdess,13,03-01-08-02-02-01-13.wav,Surprise,148,Surprise,Surprise,True,0.54682076,0.36140445,8.280285e-05,0.0028881873,0.08874725,4.3179596e-05,1.3311004e-05,0.54682076
3073,ravdess,13,03-01-08-02-02-02-13.wav,Surprise,145,Surprise,Surprise,True,0.9023891,0.08238836,0.0001487178,0.0028735776,0.012151678,3.629741e-05,1.23116015e-05,0.9023891
3074,ravdess,14,03-01-01-01-01-01-14.wav,Neutral,157,Neutral,Angry,False,0.40625364,0.40625364,0.011419064,0.023456719,0.32146952,0.0003075216,0.21135952,0.025733989
3075,ravdess,14,03-01-01-01-01-02-14.wav,Neutral,145,Neutral,Angry,False,0.9929604,0.9929604,0.000101664235,0.0018556117,0.003986164,2.604756e-05,0.00050519005,0.00056488754
3076,ravdess,14,03-01-01-01-02-01-14.wav,Neutral,154,Neutral,Angry,False,0.60290927,0.60290927,0.00015004384,0.118341595,0.19354291,0.0005549984,0.00042830486,0.08407281
3077,ravdess,14,03-01-01-01-02-02-14.wav,Neutral,164,Neutral,Happy,False,0.5435677,0.08886331,1.2848515e-05,0.34416273,0.5435677,7.026203e-05,1.697305e-05,0.023306217
3078,ravdess,14,03-01-03-01-01-01-14.wav,Happy,186,Happy,Fear,False,0.45446318,0.023166062,2.2488033e-05,0.45446318,0.39541677,6.038219e-05,1.1222843e-05,0.12685989
3079,ravdess,14,03-01-03-01-01-02-14.wav,Happy,177,Happy,Happy,True,0.46609718,0.014636074,6.0071117e-05,0.4603102,0.46609718,0.00016772895,9.650045e-06,0.058719244
3080,ravdess,14,03-01-03-01-02-01-14.wav,Happy,141,Happy,Happy,True,0.98574847,0.00016844228,1.833864e-07,0.013729221,0.98574847,1.0780134e-07,3.526582e-07,0.00035329314
3081,ravdess,14,03-01-03-01-02-02-14.wav,Happy,157,Happy,Angry,False,0.44232833,0.44232833,0.000113912225,0.26003715,0.2881595,0.00016510853,1.1575514e-05,0.009184426
3082,ravdess,14,03-01-03-02-01-01-14.wav,Happy,199,Happy,Surprise,False,0.7207578,0.11785958,0.00033216,0.13407847,0.02564622,0.0013065315,1.92305e-05,0.7207578
3083,ravdess,14,03-01-03-02-01-02-14.wav,Happy,186,Happy,Angry,False,0.7471879,0.7471879,0.0017185224,0.042968705,0.060546495,0.0028217852,3.6319892e-05,0.14472024
3084,ravdess,14,03-01-03-02-02-01-14.wav,Happy,183,Happy,Happy,True,0.6961008,0.2892393,0.0023987,0.0007163081,0.6961008,0.0065591102,0.0002112734,0.00477449
3085,ravdess,14,03-01-03-02-02-02-14.wav,Happy,199,Happy,Happy,True,0.6352405,0.06093422,9.426679e-05,0.17994446,0.6352405,0.0003895656,8.350078e-05,0.12331346
3086,ravdess,14,03-01-04-01-01-01-14.wav,Sad,202,Sad,Happy,False,0.953806,0.010784017,0.0064311023,0.007446519,0.953806,0.0010127492,0.003697695,0.016821919
3087,ravdess,14,03-01-04-01-01-02-14.wav,Sad,170,Sad,Happy,False,0.9441356,0.05359862,0.00019562588,0.00080854644,0.9441356,0.00020012697,0.0005771233,0.00048431166
3088,ravdess,14,03-01-04-01-02-01-14.wav,Sad,183,Sad,Happy,False,0.7095154,0.15486415,0.00040679722,0.117684074,0.7095154,0.002948935,0.0005218358,0.014058818
3089,ravdess,14,03-01-04-01-02-02-14.wav,Sad,157,Sad,Happy,False,0.9977869,0.0020920224,7.186867e-06,1.3753269e-05,0.9977869,1.0559804e-06,1.6626252e-06,9.731684e-05
3090,ravdess,14,03-01-04-02-01-01-14.wav,Sad,193,Sad,Happy,False,0.9989573,0.00044320853,2.2881879e-05,0.00011163926,0.9989573,1.4885035e-05,1.5292609e-06,0.00044866005
3091,ravdess,14,03-01-04-02-01-02-14.wav,Sad,173,Sad,Happy,False,0.9638647,0.021147642,0.0016697161,0.006256762,0.9638647,0.00026133528,8.626302e-05,0.0067135855
3092,ravdess,14,03-01-04-02-02-01-14.wav,Sad,173,Sad,Happy,False,0.9826056,0.014592367,5.407617e-05,0.0017542465,0.9826056,1.634767e-05,8.56482e-06,0.00096885307
3093,ravdess,14,03-01-04-02-02-02-14.wav,Sad,196,Sad,Happy,False,0.6019954,0.36820847,0.0004271097,0.021638973,0.6019954,0.00049048226,6.431411e-05,0.007175233
3094,ravdess,14,03-01-05-01-01-01-14.wav,Angry,157,Angry,Happy,False,0.9999654,1.0644448e-05,2.9087246e-07,3.175067e-07,0.9999654,1.1824841e-08,6.18576e-08,2.3181441e-05
3095,ravdess,14,03-01-05-01-01-02-14.wav,Angry,173,Angry,Happy,False,0.99977,3.1807893e-05,1.1905997e-06,1.6661274e-05,0.99977,1.0446573e-07,2.6560957e-07,0.00017998776
3096,ravdess,14,03-01-05-01-02-01-14.wav,Angry,170,Angry,Happy,False,0.9999474,5.450623e-06,1.2000082e-07,1.6114538e-05,0.9999474,2.5748367e-08,2.8664559e-08,3.078009e-05
3097,ravdess,14,03-01-05-01-02-02-14.wav,Angry,193,Angry,Happy,False,0.9843461,0.0034713142,4.254546e-06,0.006709114,0.9843461,2.5583051e-06,4.2467755e-06,0.005462428
3098,ravdess,14,03-01-05-02-01-01-14.wav,Angry,225,Angry,Angry,True,0.98714113,0.98714113,0.0021410743,0.0023228622,0.0019967067,0.0018320434,7.936891e-06,0.004558258
3099,ravdess,14,03-01-05-02-01-02-14.wav,Angry,234,Angry,Surprise,False,0.48304278,0.18792461,0.0017910223,0.012307256,0.31309846,0.001685595,0.00015025133,0.48304278
3100,ravdess,14,03-01-05-02-02-01-14.wav,Angry,212,Angry,Happy,False,0.5166284,0.38905892,0.0024527537,0.014033705,0.5166284,0.007551106,8.547699e-05,0.07018966
3101,ravdess,14,03-01-05-02-02-02-14.wav,Angry,237,Angry,Happy,False,0.9546534,0.02152926,0.00045655508,0.002760619,0.9546534,0.0001758861,1.17202335e-05,0.020412542
3102,ravdess,14,03-01-06-01-01-01-14.wav,Fear,180,Fear,Angry,False,0.9674914,0.9674914,6.795399e-05,0.023851365,0.0067816284,0.00024621337,0.00072393887,0.0008374365
3103,ravdess,14,03-01-06-01-01-02-14.wav,Fear,202,Fear,Angry,False,0.7018433,0.7018433,0.00021676799,0.1562062,0.13449518,0.0030265937,0.0004560407,0.0037559187
3104,ravdess,14,03-01-06-01-02-01-14.wav,Fear,145,Fear,Angry,False,0.9773536,0.9773536,1.3191718e-05,0.012868546,0.009655277,5.8238566e-05,1.6668833e-05,3.4516004e-05
3105,ravdess,14,03-01-06-01-02-02-14.wav,Fear,141,Fear,Happy,False,0.4883302,0.40634355,3.8183607e-05,0.10474015,0.4883302,0.00014714335,2.9154184e-05,0.00037159075
3106,ravdess,14,03-01-06-02-01-01-14.wav,Fear,141,Fear,Angry,False,0.8625663,0.8625663,4.924804e-05,0.018403115,0.118684046,2.7219015e-05,5.2586875e-06,0.00026479617
3107,ravdess,14,03-01-06-02-01-02-14.wav,Fear,138,Fear,Happy,False,0.97713417,0.017834393,1.0321552e-05,0.00449125,0.97713417,4.737531e-06,2.6170742e-06,0.00052256574
3108,ravdess,14,03-01-06-02-02-01-14.wav,Fear,148,Fear,Happy,False,0.9100914,0.06710623,2.7279833e-05,0.021977916,0.9100914,5.7827576e-05,1.4833755e-05,0.0007245442
3109,ravdess,14,03-01-06-02-02-02-14.wav,Fear,151,Fear,Angry,False,0.50154835,0.50154835,5.2206462e-05,0.14556871,0.3506074,0.0005712001,0.00013701861,0.0015150757
3110,ravdess,14,03-01-07-01-01-01-14.wav,Disgust,212,Disgust,Happy,False,0.9414041,0.03788009,0.0005729194,0.01628626,0.9414041,0.0023151115,3.9333816e-05,0.0015021315
3111,ravdess,14,03-01-07-01-01-02-14.wav,Disgust,177,Disgust,Angry,False,0.9771913,0.9771913,7.601929e-05,0.01356765,0.008389765,0.00020190545,2.9289551e-05,0.0005440649
3112,ravdess,14,03-01-07-01-02-01-14.wav,Disgust,186,Disgust,Angry,False,0.8465034,0.8465034,4.280634e-05,0.00517876,0.14689225,0.00014923008,0.00014489154,0.001088806
3113,ravdess,14,03-01-07-01-02-02-14.wav,Disgust,186,Disgust,Happy,False,0.9096011,0.014104093,0.0012348149,0.036723685,0.9096011,3.387643e-05,1.2285153e-05,0.03829003
3114,ravdess,14,03-01-07-02-01-01-14.wav,Disgust,205,Disgust,Angry,False,0.86925894,0.86925894,0.00042892765,0.09538387,0.030554626,0.002898515,4.6906862e-05,0.0014282584
3115,ravdess,14,03-01-07-02-01-02-14.wav,Disgust,186,Disgust,Angry,False,0.50313824,0.50313824,0.0038977035,0.016589103,0.47357818,0.0006888259,5.5292025e-05,0.0020525556
3116,ravdess,14,03-01-07-02-02-01-14.wav,Disgust,177,Disgust,Happy,False,0.3850765,0.33872288,0.0004591816,0.25530759,0.3850765,0.014256568,0.00025903317,0.005918191
3117,ravdess,14,03-01-07-02-02-02-14.wav,Disgust,186,Disgust,Angry,False,0.9809553,0.9809553,5.923841e-05,0.0073772627,0.011353937,0.0001804294,1.4742117e-05,5.8996706e-05
3118,ravdess,14,03-01-08-01-01-01-14.wav,Surprise,173,Surprise,Fear,False,0.9476287,0.0032602628,0.0011780642,0.9476287,0.031065632,3.497119e-05,8.382379e-05,0.016748521
3119,ravdess,14,03-01-08-01-01-02-14.wav,Surprise,167,Surprise,Surprise,True,0.578543,0.017842256,0.00090586126,0.12346264,0.27912846,1.0921271e-05,0.00010687837,0.578543
3120,ravdess,14,03-01-08-01-02-01-14.wav,Surprise,129,Surprise,Angry,False,0.8227489,0.8227489,0.00037653587,0.1592826,0.003513466,0.00013278385,3.0844694e-05,0.01391488
3121,ravdess,14,03-01-08-01-02-02-14.wav,Surprise,141,Surprise,Angry,False,0.9066346,0.9066346,0.00029815675,0.07392224,0.01144196,3.549856e-05,2.5503914e-06,0.007664828
3122,ravdess,14,03-01-08-02-01-01-14.wav,Surprise,205,Surprise,Happy,False,0.92038965,0.0013898223,0.00013219967,0.028592175,0.92038965,2.4040199e-05,4.7189107e-05,0.04942485
3123,ravdess,14,03-01-08-02-01-02-14.wav,Surprise,173,Surprise,Happy,False,0.95637566,0.0022601944,2.0276177e-05,0.03198898,0.95637566,2.1057936e-06,3.6164452e-06,0.00934919
3124,ravdess,14,03-01-08-02-02-01-14.wav,Surprise,177,Surprise,Happy,False,0.79816407,0.14830287,0.00027982544,0.00261198,0.79816407,0.00015014037,9.446878e-06,0.050481588
3125,ravdess,14,03-01-08-02-02-02-14.wav,Surprise,180,Surprise,Happy,False,0.9365799,0.017867016,0.00052623294,0.006841909,0.9365799,2.2440794e-05,5.8859037e-05,0.038103566
3126,ravdess,15,03-01-01-01-01-01-15.wav,Neutral,141,Neutral,Angry,False,0.98315054,0.98315054,0.0013699229,0.0031742067,0.008418142,0.0031508328,7.5741887e-06,0.0007288425
3127,ravdess,15,03-01-01-01-01-02-15.wav,Neutral,151,Neutral,Angry,False,0.7317376,0.7317376,0.001232777,0.009165468,0.2532905,0.003613231,4.9395298e-05,0.00091095094
3128,ravdess,15,03-01-01-01-02-01-15.wav,Neutral,154,Neutral,Angry,False,0.9206426,0.9206426,0.0072937254,0.010675445,0.023406768,0.029147103,0.00012837464,0.0087060165
3129,ravdess,15,03-01-01-01-02-02-15.wav,Neutral,148,Neutral,Angry,False,0.9986532,0.9986532,0.000112417765,0.00027207006,0.0003084552,0.00049442454,5.765595e-07,0.0001589241
3130,ravdess,15,03-01-03-01-01-01-15.wav,Happy,145,Happy,Happy,True,0.82244843,0.13578878,0.024220344,0.012052153,0.82244843,0.0045107086,0.0001103896,0.0008690974
3131,ravdess,15,03-01-03-01-01-02-15.wav,Happy,235,Happy,Neutral,False,0.49856344,0.08217595,0.39524776,0.008225038,0.008660607,0.49856344,0.0032890015,0.0038382069
3132,ravdess,15,03-01-03-01-02-01-15.wav,Happy,161,Happy,Angry,False,0.93052125,0.93052125,0.0015372814,0.0030136611,0.06250987,0.00079489703,2.8270915e-05,0.0015946669
3133,ravdess,15,03-01-03-01-02-02-15.wav,Happy,145,Happy,Angry,False,0.9757867,0.9757867,0.0005645909,0.0028439139,0.016022926,0.001481875,1.1576612e-05,0.0032882914
3134,ravdess,15,03-01-03-02-01-01-15.wav,Happy,183,Happy,Happy,True,0.9752069,0.0010660358,4.8667633e-05,0.022537954,0.9752069,3.3033055e-05,2.1628264e-05,0.0010856675
3135,ravdess,15,03-01-03-02-01-02-15.wav,Happy,154,Happy,Happy,True,0.90152866,0.06585065,0.0017321022,0.027741693,0.90152866,0.002237244,6.666844e-05,0.00084291876
3136,ravdess,15,03-01-03-02-02-01-15.wav,Happy,199,Happy,Angry,False,0.7462124,0.7462124,0.019605381,0.0042657205,0.031197133,0.16546614,0.00040467747,0.032848448
3137,ravdess,15,03-01-03-02-02-02-15.wav,Happy,145,Happy,Angry,False,0.9949616,0.9949616,5.5180833e-05,0.0015237733,0.002514298,0.0006052519,4.491249e-06,0.0003354516
3138,ravdess,15,03-01-04-01-01-01-15.wav,Sad,215,Sad,Happy,False,0.4305797,0.33136725,0.063864075,0.01042626,0.4305797,0.12777506,0.0044315304,0.031556148
3139,ravdess,15,03-01-04-01-01-02-15.wav,Sad,231,Sad,Disgust,False,0.5839778,0.1834394,0.5839778,0.0014614895,0.015118462,0.19307159,0.019415712,0.0035155332
3140,ravdess,15,03-01-04-01-02-01-15.wav,Sad,141,Sad,Angry,False,0.9188547,0.9188547,0.0006918508,0.0034734984,0.0743592,0.00065314263,3.0206149e-05,0.0019374125
3141,ravdess,15,03-01-04-01-02-02-15.wav,Sad,257,Sad,Angry,False,0.84578156,0.84578156,0.02921454,0.0070803417,0.07638912,0.02288336,0.002175725,0.016475324
3142,ravdess,15,03-01-04-02-01-01-15.wav,Sad,180,Sad,Neutral,False,0.30497536,0.28141713,0.036522966,0.034067377,0.29882887,0.30497536,0.030629296,0.013559017
3143,ravdess,15,03-01-04-02-01-02-15.wav,Sad,199,Sad,Angry,False,0.48891136,0.48891136,0.013646994,0.15927655,0.20447123,0.07154469,0.007063626,0.05508557
3144,ravdess,15,03-01-04-02-02-01-15.wav,Sad,164,Sad,Fear,False,0.41743186,0.3262341,0.00040495917,0.41743186,0.22536333,0.025992569,9.883669e-05,0.004474351
3145,ravdess,15,03-01-04-02-02-02-15.wav,Sad,247,Sad,Neutral,False,0.19268925,0.1417504,0.17661789,0.13566399,0.10398497,0.19268925,0.09357871,0.15571475
3146,ravdess,15,03-01-05-01-01-01-15.wav,Angry,164,Angry,Happy,False,0.95136386,0.035841182,0.00069876644,0.0017165391,0.95136386,0.00066137884,1.0238264e-05,0.009707973
3147,ravdess,15,03-01-05-01-01-02-15.wav,Angry,164,Angry,Happy,False,0.6327532,0.32901898,0.0012521052,0.022881588,0.6327532,0.000867855,9.926657e-05,0.013127021
3148,ravdess,15,03-01-05-01-02-01-15.wav,Angry,244,Angry,Angry,True,0.3501809,0.3501809,0.13877478,0.29491067,0.025511213,0.13026907,0.012534073,0.047819328
3149,ravdess,15,03-01-05-01-02-02-15.wav,Angry,157,Angry,Angry,True,0.49138677,0.49138677,0.00076961826,0.11032657,0.19245642,0.002889139,0.00019219313,0.20197925
3150,ravdess,15,03-01-05-02-01-01-15.wav,Angry,157,Angry,Happy,False,0.9622064,0.011180646,2.4389017e-05,0.025469128,0.9622064,1.5550311e-05,2.2728686e-05,0.0010811357
3151,ravdess,15,03-01-05-02-01-02-15.wav,Angry,180,Angry,Happy,False,0.9971921,0.0006276359,3.092307e-05,0.000116266,0.9971921,1.3176291e-05,1.6315101e-06,0.0020183232
3152,ravdess,15,03-01-05-02-02-01-15.wav,Angry,151,Angry,Angry,True,0.8950278,0.8950278,0.0009851016,0.010182736,0.07129284,0.004233475,2.9934647e-05,0.018248055
3153,ravdess,15,03-01-05-02-02-02-15.wav,Angry,167,Angry,Happy,False,0.78682977,0.02702751,1.9435158e-05,0.095574565,0.78682977,1.4641061e-05,3.1564035e-05,0.090502486
3154,ravdess,15,03-01-06-01-01-01-15.wav,Fear,218,Fear,Happy,False,0.33840343,0.07579449,0.12049599,0.22808763,0.33840343,0.028980022,0.016157566,0.19208086
3155,ravdess,15,03-01-06-01-01-02-15.wav,Fear,186,Fear,Happy,False,0.8356651,0.111202486,0.0029163223,0.019921875,0.8356651,0.021557627,0.0012911208,0.007445378
3156,ravdess,15,03-01-06-01-02-01-15.wav,Fear,186,Fear,Angry,False,0.51485574,0.51485574,0.033525538,0.0045683426,0.010781066,0.42733598,0.007468853,0.001464463
3157,ravdess,15,03-01-06-01-02-02-15.wav,Fear,282,Fear,Surprise,False,0.54092395,0.11619017,0.120191455,0.022459794,0.18678053,0.01070243,0.0027516426,0.54092395
3158,ravdess,15,03-01-06-02-01-01-15.wav,Fear,196,Fear,Happy,False,0.93328017,0.01681358,0.0018363676,0.028571855,0.93328017,0.0034266075,0.0012149275,0.014856439
3159,ravdess,15,03-01-06-02-01-02-15.wav,Fear,183,Fear,Happy,False,0.99852765,1.5289115e-05,0.00017071824,0.0001292346,0.99852765,2.0683005e-06,5.2386375e-05,0.0011025452
3160,ravdess,15,03-01-06-02-02-01-15.wav,Fear,231,Fear,Happy,False,0.57911134,0.04829611,0.22679973,0.022470567,0.57911134,0.0185704,0.01222004,0.09253189
3161,ravdess,15,03-01-06-02-02-02-15.wav,Fear,157,Fear,Happy,False,0.7404308,0.20986488,0.00193003,0.0298278,0.7404308,0.0010079955,5.391183e-05,0.016884664
3162,ravdess,15,03-01-07-01-01-01-15.wav,Disgust,250,Disgust,Angry,False,0.70863986,0.70863986,0.07223121,0.016201833,0.08836613,0.08288812,0.00091239274,0.030760415
3163,ravdess,15,03-01-07-01-01-02-15.wav,Disgust,183,Disgust,Angry,False,0.9229346,0.9229346,0.0005521676,0.0023856722,0.06662528,0.0030489303,3.9612232e-06,0.004449306
3164,ravdess,15,03-01-07-01-02-01-15.wav,Disgust,199,Disgust,Angry,False,0.5808817,0.5808817,0.030698534,0.01234878,0.027148668,0.32296062,2.6650836e-05,0.02593505
3165,ravdess,15,03-01-07-01-02-02-15.wav,Disgust,237,Disgust,Angry,False,0.7347556,0.7347556,0.041816536,0.0011693025,0.020681705,0.15318511,0.00041104783,0.047980707
3166,ravdess,15,03-01-07-02-01-01-15.wav,Disgust,183,Disgust,Happy,False,0.8678936,0.079098605,0.023517247,0.0030960797,0.8678936,0.00445767,9.984992e-05,0.021837
3167,ravdess,15,03-01-07-02-01-02-15.wav,Disgust,276,Disgust,Happy,False,0.5285481,0.035968132,0.0756475,0.21066836,0.5285481,0.013118576,0.012368599,0.12368078
3168,ravdess,15,03-01-07-02-02-01-15.wav,Disgust,228,Disgust,Surprise,False,0.47427112,0.025439803,0.010503506,0.15380435,0.32513997,0.0059695123,0.004871786,0.47427112
3169,ravdess,15,03-01-07-02-02-02-15.wav,Disgust,253,Disgust,Happy,False,0.49007708,0.39079767,0.06714739,0.0068192147,0.49007708,0.03533553,0.0015881638,0.008234965
3170,ravdess,15,03-01-08-01-01-01-15.wav,Surprise,269,Surprise,Angry,False,0.33535308,0.33535308,0.17331406,0.09294086,0.09847062,0.22653988,0.01281501,0.060566504
3171,ravdess,15,03-01-08-01-01-02-15.wav,Surprise,154,Surprise,Happy,False,0.59754944,0.29550165,0.0053822906,0.089219764,0.59754944,0.0023415908,0.00033907857,0.009666237
3172,ravdess,15,03-01-08-01-02-01-15.wav,Surprise,180,Surprise,Angry,False,0.74563193,0.74563193,0.0015791659,0.0024233118,0.07486841,0.17189093,8.3527346e-05,0.0035227705
3173,ravdess,15,03-01-08-01-02-02-15.wav,Surprise,177,Surprise,Angry,False,0.52211356,0.52211356,0.009588843,0.17092073,0.017222838,0.005640784,0.00021250822,0.27430078
3174,ravdess,15,03-01-08-02-01-01-15.wav,Surprise,145,Surprise,Angry,False,0.55939335,0.55939335,0.0064305705,0.1614741,0.11649673,0.037913598,0.00037104863,0.11792066
3175,ravdess,15,03-01-08-02-01-02-15.wav,Surprise,170,Surprise,Happy,False,0.8828093,0.057511367,0.007009992,0.035270233,0.8828093,0.013507882,0.0013408003,0.002550468
3176,ravdess,15,03-01-08-02-02-01-15.wav,Surprise,129,Surprise,Angry,False,0.9271485,0.9271485,0.00052772614,0.014036388,0.053688567,0.0011905339,1.6206212e-05,0.003391918
3177,ravdess,15,03-01-08-02-02-02-15.wav,Surprise,186,Surprise,Happy,False,0.87872833,0.07485598,0.013252164,0.0031259735,0.87872833,0.017993785,0.00024252284,0.011801289
3178,ravdess,16,03-01-01-01-01-01-16.wav,Neutral,189,Neutral,Happy,False,0.7895468,0.1472652,0.0016175816,0.0017593201,0.7895468,0.033772353,0.016531123,0.009507626
3179,ravdess,16,03-01-01-01-01-02-16.wav,Neutral,189,Neutral,Angry,False,0.7001025,0.7001025,0.0009168514,0.0039538364,0.27260932,0.004654894,0.0076386505,0.010123926
3180,ravdess,16,03-01-01-01-02-01-16.wav,Neutral,177,Neutral,Angry,False,0.98729557,0.98729557,4.2069318e-05,0.00024572856,0.007907306,0.0002906556,0.0008386483,0.0033801086
3181,ravdess,16,03-01-01-01-02-02-16.wav,Neutral,170,Neutral,Angry,False,0.90958446,0.90958446,0.00020429182,0.00054505933,0.07430758,0.0044626486,0.0015122102,0.0093837045
3182,ravdess,16,03-01-03-01-01-01-16.wav,Happy,173,Happy,Angry,False,0.5643502,0.5643502,0.0006897968,0.29526553,0.08866777,0.00137594,0.0023933274,0.04725755
3183,ravdess,16,03-01-03-01-01-02-16.wav,Happy,177,Happy,Happy,True,0.9915085,0.0047015958,1.4712194e-05,0.0016511971,0.9915085,8.988899e-06,2.1595642e-05,0.0020934667
3184,ravdess,16,03-01-03-01-02-01-16.wav,Happy,180,Happy,Angry,False,0.4840628,0.4840628,0.0006549896,0.12246881,0.13540335,0.00041505668,0.003823761,0.25317124
3185,ravdess,16,03-01-03-01-02-02-16.wav,Happy,173,Happy,Angry,False,0.7175384,0.7175384,0.00052803487,0.06632251,0.20396484,0.0018024252,0.00024959733,0.009594255
3186,ravdess,16,03-01-03-02-01-01-16.wav,Happy,186,Happy,Happy,True,0.89405835,0.06460027,5.5515353e-05,0.03731915,0.89405835,0.00011754013,7.245388e-05,0.00377665
3187,ravdess,16,03-01-03-02-01-02-16.wav,Happy,164,Happy,Happy,True,0.99925464,8.148261e-05,3.081777e-06,0.00042733736,0.99925464,1.3519221e-07,7.9006156e-07,0.00023249589
3188,ravdess,16,03-01-03-02-02-01-16.wav,Happy,180,Happy,Happy,True,0.8421691,0.10875752,4.7532707e-05,0.04170475,0.8421691,3.8762446e-05,0.000413515,0.006868901
3189,ravdess,16,03-01-03-02-02-02-16.wav,Happy,183,Happy,Angry,False,0.96883774,0.96883774,9.1785456e-05,0.002170018,0.027827015,0.00020475175,0.000120090765,0.00074851804
3190,ravdess,16,03-01-04-01-01-01-16.wav,Sad,173,Sad,Happy,False,0.6517424,0.24713345,0.00047401723,0.08002739,0.6517424,0.002994904,0.00164565,0.015982177
3191,ravdess,16,03-01-04-01-01-02-16.wav,Sad,173,Sad,Angry,False,0.49152997,0.49152997,0.0015545273,0.042497948,0.41565767,0.00054782827,0.0039849672,0.04422713
3192,ravdess,16,03-01-04-01-02-01-16.wav,Sad,157,Sad,Angry,False,0.9364513,0.9364513,8.244787e-05,0.00649924,0.04537611,0.00073238654,0.001314354,0.009544098
3193,ravdess,16,03-01-04-01-02-02-16.wav,Sad,170,Sad,Happy,False,0.8908415,0.05692725,0.00013701453,0.014172433,0.8908415,0.010275274,0.0027029158,0.024943503
3194,ravdess,16,03-01-04-02-01-01-16.wav,Sad,218,Sad,Angry,False,0.76445097,0.76445097,0.0061901985,0.20365544,0.016980033,0.0047975453,0.0013192357,0.002606586
3195,ravdess,16,03-01-04-02-01-02-16.wav,Sad,228,Sad,Fear,False,0.48185694,0.13681294,0.00061142986,0.48185694,0.37062892,0.00022718318,0.00039793557,0.009464649
3196,ravdess,16,03-01-04-02-02-01-16.wav,Sad,193,Sad,Angry,False,0.9041784,0.9041784,0.00014228302,9.9010744e-05,0.095393315,7.1186505e-06,6.648728e-06,0.00017320277
3197,ravdess,16,03-01-04-02-02-02-16.wav,Sad,212,Sad,Angry,False,0.65984434,0.65984434,0.00012073075,0.17329259,0.16357662,0.00012678032,0.00019152954,0.0028473565
3198,ravdess,16,03-01-05-01-01-01-16.wav,Angry,209,Angry,Angry,True,0.9033173,0.9033173,0.012650643,0.030669156,0.029067175,0.0029912856,0.0075811944,0.013723292
3199,ravdess,16,03-01-05-01-01-02-16.wav,Angry,205,Angry,Angry,True,0.98182,0.98182,0.005142431,0.0012334497,0.010147339,0.00012296822,4.5273915e-05,0.001488497
3200,ravdess,16,03-01-05-01-02-01-16.wav,Angry,199,Angry,Happy,False,0.99907196,0.0002599167,0.000100834724,3.3257093e-05,0.99907196,1.3231683e-05,9.603194e-06,0.0005111495
3201,ravdess,16,03-01-05-01-02-02-16.wav,Angry,199,Angry,Angry,True,0.952806,0.952806,0.00036569865,0.00052661455,0.038189776,0.0034300867,0.00033748473,0.0043442934
3202,ravdess,16,03-01-05-02-01-01-16.wav,Angry,199,Angry,Happy,False,0.83860874,0.019674866,0.0002531203,0.11935601,0.83860874,1.7690076e-05,4.0915016e-05,0.022048656
3203,ravdess,16,03-01-05-02-01-02-16.wav,Angry,177,Angry,Happy,False,0.95351714,0.00776824,4.8005118e-06,0.032506637,0.95351714,2.8995e-05,1.7578466e-06,0.0061723944
3204,ravdess,16,03-01-05-02-02-01-16.wav,Angry,180,Angry,Happy,False,0.9646865,0.005907333,1.2234846e-05,0.013392905,0.9646865,7.0965743e-06,6.9045172e-06,0.015987096
3205,ravdess,16,03-01-05-02-02-02-16.wav,Angry,215,Angry,Happy,False,0.8453647,0.028875487,0.0011145408,0.06305286,0.8453647,1.5592283e-05,5.974489e-05,0.061517064
3206,ravdess,16,03-01-06-01-01-01-16.wav,Fear,164,Fear,Happy,False,0.6567419,0.28221467,6.1224644e-05,0.057283737,0.6567419,7.1746916e-05,0.00013057582,0.003496069
3207,ravdess,16,03-01-06-01-01-02-16.wav,Fear,157,Fear,Angry,False,0.754509,0.754509,4.3324617e-05,0.22916953,0.012788293,8.92144e-05,0.0005070785,0.00289352
3208,ravdess,16,03-01-06-01-02-01-16.wav,Fear,170,Fear,Angry,False,0.9143235,0.9143235,2.09603e-05,0.0042826533,0.07662558,0.0001679733,0.000466194,0.004113169
3209,ravdess,16,03-01-06-01-02-02-16.wav,Fear,164,Fear,Happy,False,0.97286224,0.02389673,1.13388905e-05,0.002483323,0.97286224,1.2107193e-05,0.00019849263,0.00053572445
3210,ravdess,16,03-01-06-02-01-01-16.wav,Fear,199,Fear,Fear,True,0.692658,0.048063084,0.00038432784,0.692658,0.048571013,9.142876e-05,9.94888e-05,0.21013258
3211,ravdess,16,03-01-06-02-01-02-16.wav,Fear,205,Fear,Surprise,False,0.5644681,0.0036253638,0.0001640791,0.34734148,0.08429115,1.2430324e-05,9.73999e-05,0.5644681
3212,ravdess,16,03-01-06-02-02-01-16.wav,Fear,180,Fear,Happy,False,0.8983038,0.041869324,0.00031866983,0.025831709,0.8983038,0.00031266318,0.00047173398,0.032892022
3213,ravdess,16,03-01-06-02-02-02-16.wav,Fear,180,Fear,Happy,False,0.7263691,0.028059816,5.8295576e-05,0.09355078,0.7263691,2.4492041e-05,6.518163e-05,0.15187243
3214,ravdess,16,03-01-07-01-01-01-16.wav,Disgust,189,Disgust,Happy,False,0.7958501,0.09386685,0.00061353366,0.050679132,0.7958501,0.0007378545,0.0026659546,0.055586595
3215,ravdess,16,03-01-07-01-01-02-16.wav,Disgust,186,Disgust,Happy,False,0.5141429,0.39661485,0.0022403111,0.020686373,0.5141429,0.0042358274,0.0014512427,0.060628515
3216,ravdess,16,03-01-07-01-02-01-16.wav,Disgust,161,Disgust,Angry,False,0.8319519,0.8319519,0.00080943457,0.014265184,0.019489728,0.00083246373,0.00851275,0.12413849
3217,ravdess,16,03-01-07-01-02-02-16.wav,Disgust,170,Disgust,Happy,False,0.9980421,0.0003611464,4.467171e-06,0.00012311815,0.9980421,4.88149e-07,2.5858837e-06,0.0014659927
3218,ravdess,16,03-01-07-02-01-01-16.wav,Disgust,234,Disgust,Happy,False,0.38606787,0.19481659,0.025645323,0.002054654,0.38606787,0.23288184,0.14804536,0.010488379
3219,ravdess,16,03-01-07-02-01-02-16.wav,Disgust,231,Disgust,Angry,False,0.725197,0.725197,0.003850857,0.022489682,0.21668433,0.0020106446,0.008455666,0.021311715
3220,ravdess,16,03-01-07-02-02-01-16.wav,Disgust,231,Disgust,Angry,False,0.7518271,0.7518271,0.022718146,0.0036830802,0.10914654,0.0021663639,0.0067619476,0.10369679
3221,ravdess,16,03-01-07-02-02-02-16.wav,Disgust,221,Disgust,Angry,False,0.78120154,0.78120154,0.023593586,0.0065145213,0.050175525,0.009306036,0.12753475,0.001674049
3222,ravdess,16,03-01-08-01-01-01-16.wav,Surprise,161,Surprise,Happy,False,0.9956565,0.0024776002,5.2166793e-05,0.0010659379,0.9956565,8.002349e-06,1.1101265e-05,0.00072868133
3223,ravdess,16,03-01-08-01-01-02-16.wav,Surprise,154,Surprise,Happy,False,0.99972576,2.097322e-05,6.0279467e-07,8.173667e-05,0.99972576,3.958073e-08,1.55441e-07,0.00017073003
3224,ravdess,16,03-01-08-01-02-01-16.wav,Surprise,157,Surprise,Happy,False,0.57307214,0.008310491,7.369677e-05,0.38841304,0.57307214,1.8039848e-06,4.6223366e-05,0.03008258
3225,ravdess,16,03-01-08-01-02-02-16.wav,Surprise,154,Surprise,Happy,False,0.5408638,0.37382534,0.00013340982,0.004817681,0.5408638,9.831035e-06,3.8328595e-05,0.08031163
3226,ravdess,16,03-01-08-02-01-01-16.wav,Surprise,164,Surprise,Happy,False,0.9998079,9.802869e-06,5.159076e-07,0.00011886039,0.9998079,7.975271e-08,1.2838979e-07,6.2693885e-05
3227,ravdess,16,03-01-08-02-01-02-16.wav,Surprise,167,Surprise,Happy,False,0.9996836,2.0651622e-05,3.7637366e-07,0.0001478237,0.9996836,2.7021738e-08,1.16543426e-07,0.00014747855
3228,ravdess,16,03-01-08-02-02-01-16.wav,Surprise,167,Surprise,Happy,False,0.9984669,0.0005129259,3.1511038e-06,0.00028648993,0.9984669,8.299178e-08,1.3228626e-07,0.0007302011
3229,ravdess,16,03-01-08-02-02-02-16.wav,Surprise,167,Surprise,Happy,False,0.99469393,0.0031557088,1.2209131e-05,0.00024817252,0.99469393,1.0573233e-06,1.2302254e-06,0.0018877375
3230,ravdess,17,03-01-01-01-01-01-17.wav,Neutral,186,Neutral,Neutral,True,0.77484244,0.1281929,0.026875062,0.0036293285,0.06418865,0.77484244,0.0020223153,0.00024931153
3231,ravdess,17,03-01-01-01-01-02-17.wav,Neutral,151,Neutral,Angry,False,0.88990635,0.88990635,0.003719051,0.024912395,0.07586038,0.003842251,6.382439e-05,0.0016957471
3232,ravdess,17,03-01-01-01-02-01-17.wav,Neutral,161,Neutral,Angry,False,0.75122494,0.75122494,0.0017354037,0.09500333,0.1099266,0.01953632,0.0003258709,0.022247484
3233,ravdess,17,03-01-01-01-02-02-17.wav,Neutral,154,Neutral,Angry,False,0.8416013,0.8416013,0.00052452483,0.004453584,0.09431485,0.003713988,3.573317e-05,0.055356037
3234,ravdess,17,03-01-03-01-01-01-17.wav,Happy,148,Happy,Happy,True,0.9856059,0.008772934,7.593898e-05,0.0021958202,0.9856059,7.0086084e-05,1.6326714e-05,0.0032629585
3235,ravdess,17,03-01-03-01-01-02-17.wav,Happy,151,Happy,Happy,True,0.88298285,0.08060942,0.00031663664,0.030165857,0.88298285,0.00011978974,1.6657055e-05,0.0057888706
3236,ravdess,17,03-01-03-01-02-01-17.wav,Happy,141,Happy,Angry,False,0.9366302,0.9366302,0.00036257433,0.046456974,0.009388382,0.0021620372,2.1690736e-05,0.0049781473
3237,ravdess,17,03-01-03-01-02-02-17.wav,Happy,154,Happy,Fear,False,0.5336804,0.15532501,0.0005112683,0.5336804,0.29595423,0.0014736764,5.2741096e-05,0.013002722
3238,ravdess,17,03-01-03-02-01-01-17.wav,Happy,154,Happy,Fear,False,0.8251641,0.028499098,0.00011979713,0.8251641,0.105398625,1.5219156e-05,8.154938e-05,0.040721707
3239,ravdess,17,03-01-03-02-01-02-17.wav,Happy,180,Happy,Happy,True,0.75216305,0.0038525912,0.0010498272,0.12863688,0.75216305,4.2012958e-05,5.437171e-05,0.11420126
3240,ravdess,17,03-01-03-02-02-01-17.wav,Happy,205,Happy,Happy,True,0.5215613,0.01485794,0.013465252,0.3963376,0.5215613,0.00013784097,0.0021149367,0.05152515
3241,ravdess,17,03-01-03-02-02-02-17.wav,Happy,173,Happy,Surprise,False,0.7315277,0.0028675655,0.00025975748,0.030902263,0.23407294,5.2664614e-06,0.00036444416,0.7315277
3242,ravdess,17,03-01-04-01-01-01-17.wav,Sad,151,Sad,Happy,False,0.49895018,0.46687967,0.0043458655,0.017484091,0.49895018,0.010444863,0.00011219164,0.001783116
3243,ravdess,17,03-01-04-01-01-02-17.wav,Sad,138,Sad,Angry,False,0.9027682,0.9027682,0.0005350747,0.0012436981,0.09140119,0.00032836196,1.6199452e-05,0.0037072573
3244,ravdess,17,03-01-04-01-02-01-17.wav,Sad,151,Sad,Angry,False,0.9836818,0.9836818,0.00042781417,0.0017507356,0.012495965,0.0010970549,7.295069e-06,0.00053930696
3245,ravdess,17,03-01-04-01-02-02-17.wav,Sad,151,Sad,Angry,False,0.9592494,0.9592494,0.00034130734,0.0022302747,0.03480173,0.00032886327,6.747987e-06,0.0030416565
3246,ravdess,17,03-01-04-02-01-01-17.wav,Sad,209,Sad,Happy,False,0.5335402,0.05044434,0.018037274,0.058693573,0.5335402,0.007871182,0.014542296,0.31687117
3247,ravdess,17,03-01-04-02-01-02-17.wav,Sad,205,Sad,Happy,False,0.6542634,0.10852214,0.01292104,0.08343411,0.6542634,0.020951936,0.0036057914,0.11630155
3248,ravdess,17,03-01-04-02-02-01-17.wav,Sad,225,Sad,Fear,False,0.44097206,0.064304024,0.077418365,0.44097206,0.024363132,0.053274386,0.018915042,0.32075295
3249,ravdess,17,03-01-04-02-02-02-17.wav,Sad,138,Sad,Angry,False,0.8219116,0.8219116,3.917336e-05,0.012468463,0.16462077,0.00021192312,6.8893905e-06,0.0007411602
3250,ravdess,17,03-01-05-01-01-01-17.wav,Angry,145,Angry,Angry,True,0.72907144,0.72907144,0.0038388786,0.020896928,0.23583998,0.00049618573,5.459472e-05,0.0098019
3251,ravdess,17,03-01-05-01-01-02-17.wav,Angry,161,Angry,Angry,True,0.8985973,0.8985973,0.0018708978,0.004236453,0.090146884,0.0013518183,1.7322325e-05,0.0037793373
3252,ravdess,17,03-01-05-01-02-01-17.wav,Angry,151,Angry,Angry,True,0.97667366,0.97667366,0.0007318293,0.0021421819,0.015423185,0.0026263874,5.456208e-06,0.0023973137
3253,ravdess,17,03-01-05-01-02-02-17.wav,Angry,151,Angry,Angry,True,0.9971455,0.9971455,0.00016560369,0.0001562906,0.0020785574,0.00016612552,6.0867427e-07,0.00028736648
3254,ravdess,17,03-01-05-02-01-01-17.wav,Angry,145,Angry,Happy,False,0.99226564,0.0040431535,0.00015276422,0.0026016356,0.99226564,4.5407913e-05,1.9811348e-05,0.0008716063
3255,ravdess,17,03-01-05-02-01-02-17.wav,Angry,164,Angry,Happy,False,0.8496357,0.12273792,0.0006676684,0.01632139,0.8496357,0.00014302728,2.4685163e-05,0.0104696015
3256,ravdess,17,03-01-05-02-02-01-17.wav,Angry,157,Angry,Angry,True,0.43783355,0.43783355,0.0005714525,0.021221673,0.34551185,0.002423028,4.2213873e-05,0.19239624
3257,ravdess,17,03-01-05-02-02-02-17.wav,Angry,167,Angry,Happy,False,0.6722819,0.26107088,0.00018656482,0.008305564,0.6722819,0.0010672202,6.6270855e-05,0.057021677
3258,ravdess,17,03-01-06-01-01-01-17.wav,Fear,148,Fear,Happy,False,0.8803133,0.11042934,0.000153468,0.0061219735,0.8803133,0.00047156223,3.985715e-05,0.0024704868
3259,ravdess,17,03-01-06-01-01-02-17.wav,Fear,189,Fear,Happy,False,0.7324916,0.04278407,0.0012931833,0.13601121,0.7324916,0.00086866936,0.00043554086,0.08611567
3260,ravdess,17,03-01-06-01-02-01-17.wav,Fear,324,Fear,Fear,True,0.5763294,0.014817797,0.036374565,0.5763294,0.12983917,0.0030960997,0.006284172,0.23325877
3261,ravdess,17,03-01-06-01-02-02-17.wav,Fear,186,Fear,Happy,False,0.9546865,4.534931e-05,3.5854726e-05,0.032297857,0.9546865,7.695704e-07,2.4959336e-05,0.012908583
3262,ravdess,17,03-01-06-02-01-01-17.wav,Fear,167,Fear,Fear,True,0.94191265,0.00011712122,3.5777022e-05,0.94191265,0.041912574,1.618706e-07,1.3452578e-05,0.016008345
3263,ravdess,17,03-01-06-02-01-02-17.wav,Fear,186,Fear,Happy,False,0.9659358,9.920084e-05,4.4870347e-05,0.026437428,0.9659358,4.6540407e-07,2.895172e-05,0.0074532824
3264,ravdess,17,03-01-06-02-02-01-17.wav,Fear,170,Fear,Happy,False,0.9906212,9.715297e-06,8.0817824e-07,0.009244221,0.9906212,9.5748966e-08,4.7842803e-07,0.00012358498
3265,ravdess,17,03-01-06-02-02-02-17.wav,Fear,193,Fear,Happy,False,0.8916346,0.0006436234,0.0016521004,0.008759504,0.8916346,1.751438e-05,0.000282429,0.097010374
3266,ravdess,17,03-01-07-01-01-01-17.wav,Disgust,167,Disgust,Angry,False,0.87088686,0.87088686,0.010994033,0.0015324627,0.025043173,0.053488377,1.2684161e-05,0.038042463
3267,ravdess,17,03-01-07-01-01-02-17.wav,Disgust,167,Disgust,Happy,False,0.77851194,0.16341424,0.0394656,0.0004086937,0.77851194,0.0022023271,1.6780266e-05,0.015980402
3268,ravdess,17,03-01-07-01-02-01-17.wav,Disgust,151,Disgust,Angry,False,0.9926044,0.9926044,0.00015532061,0.0008321661,0.006036243,9.868542e-05,1.6123837e-06,0.00027146115
3269,ravdess,17,03-01-07-01-02-02-17.wav,Disgust,177,Disgust,Angry,False,0.7738951,0.7738951,0.029381573,0.00076735526,0.034037694,0.15900712,9.0576e-05,0.0028206282
3270,ravdess,17,03-01-07-02-01-01-17.wav,Disgust,205,Disgust,Happy,False,0.863728,0.0020500051,0.0046565463,0.0005320121,0.863728,4.117706e-05,4.2470692e-06,0.12898798
3271,ravdess,17,03-01-07-02-01-02-17.wav,Disgust,209,Disgust,Happy,False,0.6267025,0.0027416067,0.0021087117,0.00083473587,0.6267025,2.3308046e-05,2.971056e-06,0.3675862
3272,ravdess,17,03-01-07-02-02-01-17.wav,Disgust,279,Disgust,Surprise,False,0.8588378,0.00052916375,0.0021964994,0.058065407,0.08013777,2.2397744e-06,0.00023113373,0.8588378
3273,ravdess,17,03-01-07-02-02-02-17.wav,Disgust,228,Disgust,Happy,False,0.9431417,0.0060940543,0.0014942271,0.000835204,0.9431417,2.456257e-05,1.9007764e-05,0.04839109
3274,ravdess,17,03-01-08-01-01-01-17.wav,Surprise,132,Surprise,Angry,False,0.4618083,0.4618083,0.00013502908,0.41918766,0.10551572,0.00048512663,0.0014680001,0.011400115
3275,ravdess,17,03-01-08-01-01-02-17.wav,Surprise,189,Surprise,Happy,False,0.99903166,0.00017735087,1.9146551e-05,0.00059926027,0.99903166,3.496763e-06,2.6180753e-06,0.00016646771
3276,ravdess,17,03-01-08-01-02-01-17.wav,Surprise,177,Surprise,Surprise,True,0.7444304,0.03937213,0.00067865726,0.096268386,0.11843047,0.00043779064,0.00038208437,0.7444304
3277,ravdess,17,03-01-08-01-02-02-17.wav,Surprise,151,Surprise,Happy,False,0.7616519,0.05858742,0.000389951,0.0929679,0.7616519,9.615407e-05,7.550646e-05,0.08623124
3278,ravdess,17,03-01-08-02-01-01-17.wav,Surprise,196,Surprise,Happy,False,0.60893273,0.060896832,0.0005023431,0.038479976,0.60893273,0.0002606768,6.521975e-05,0.2908622
3279,ravdess,17,03-01-08-02-01-02-17.wav,Surprise,231,Surprise,Happy,False,0.5055697,0.017750705,0.070099965,0.06899593,0.5055697,0.004189618,0.0014681044,0.33192596
3280,ravdess,17,03-01-08-02-02-01-17.wav,Surprise,161,Surprise,Happy,False,0.690442,0.079797156,0.00043910084,0.154739,0.690442,6.056526e-05,3.1296346e-05,0.07449087
3281,ravdess,17,03-01-08-02-02-02-17.wav,Surprise,212,Surprise,Surprise,True,0.7289147,0.0016138214,0.00014524149,0.018703774,0.25044093,4.7576955e-06,0.00017677296,0.7289147
3282,ravdess,18,03-01-01-01-01-01-18.wav,Neutral,170,Neutral,Neutral,True,0.87456876,0.037231617,0.002680002,0.005218522,0.0782803,0.87456876,0.0010737483,0.00094710715
3283,ravdess,18,03-01-01-01-01-02-18.wav,Neutral,173,Neutral,Neutral,True,0.5084071,0.07923776,0.009182863,0.002131829,0.39525238,0.5084071,0.0037457768,0.002042241
3284,ravdess,18,03-01-01-01-02-01-18.wav,Neutral,167,Neutral,Happy,False,0.95221925,0.01637719,0.00073959556,0.00237505,0.95221925,0.02237743,0.0024443655,0.003467127
3285,ravdess,18,03-01-01-01-02-02-18.wav,Neutral,161,Neutral,Happy,False,0.38635436,0.16058035,0.0031692747,0.06337428,0.38635436,0.3825679,0.0011857016,0.0027681051
3286,ravdess,18,03-01-03-01-01-01-18.wav,Happy,154,Happy,Angry,False,0.93438387,0.93438387,0.0001373133,0.024021737,0.040034395,3.7792284e-05,0.00036268742,0.00102216
3287,ravdess,18,03-01-03-01-01-02-18.wav,Happy,154,Happy,Angry,False,0.7253025,0.7253025,0.00017089213,0.24821387,0.02482376,0.0001811532,0.0001038493,0.0012040914
3288,ravdess,18,03-01-03-01-02-01-18.wav,Happy,164,Happy,Angry,False,0.467758,0.467758,0.0039905277,0.09028495,0.39430943,0.0010686483,0.005643675,0.03694466
3289,ravdess,18,03-01-03-01-02-02-18.wav,Happy,167,Happy,Happy,True,0.78068495,0.044013303,0.00019882854,0.16997465,0.78068495,4.4086744e-05,0.0006881204,0.004396039
3290,ravdess,18,03-01-03-02-01-01-18.wav,Happy,164,Happy,Happy,True,0.94984615,0.047279775,2.7036735e-05,0.0025856195,0.94984615,0.000102861835,6.3768275e-06,0.00015225382
3291,ravdess,18,03-01-03-02-01-02-18.wav,Happy,183,Happy,Happy,True,0.8864492,0.00075647334,4.4702424e-06,0.11209615,0.8864492,9.678228e-06,2.8153215e-06,0.0006811735
3292,ravdess,18,03-01-03-02-02-01-18.wav,Happy,170,Happy,Angry,False,0.92095137,0.92095137,1.866745e-05,0.0014480889,0.07570944,0.00020382451,3.621994e-05,0.0016323457
3293,ravdess,18,03-01-03-02-02-02-18.wav,Happy,173,Happy,Angry,False,0.95420563,0.95420563,3.151994e-05,0.014710763,0.02598851,0.00045326728,0.00010813473,0.0045021367
3294,ravdess,18,03-01-04-01-01-01-18.wav,Sad,164,Sad,Angry,False,0.96407795,0.96407795,0.0006010765,0.029270396,0.0049946182,0.00051842304,0.00034928625,0.0001882119
3295,ravdess,18,03-01-04-01-01-02-18.wav,Sad,180,Sad,Angry,False,0.85809237,0.85809237,0.00064706977,0.045852534,0.08619694,0.0054393806,0.0025333345,0.0012382887
3296,ravdess,18,03-01-04-01-02-01-18.wav,Sad,170,Sad,Happy,False,0.9385756,0.019794792,0.0004920008,0.008871724,0.9385756,0.021633327,0.0054560318,0.00517645
3297,ravdess,18,03-01-04-01-02-02-18.wav,Sad,177,Sad,Angry,False,0.55078655,0.55078655,0.001960769,0.32764205,0.06522585,0.045680895,0.0013816571,0.007322232
3298,ravdess,18,03-01-04-02-01-01-18.wav,Sad,186,Sad,Angry,False,0.372559,0.372559,0.00058683264,0.3147915,0.24514012,0.0013089373,0.00047135298,0.065142326
3299,ravdess,18,03-01-04-02-01-02-18.wav,Sad,180,Sad,Surprise,False,0.50005585,0.08952361,0.001753257,0.24985246,0.14522924,0.008824729,0.0047608907,0.50005585
3300,ravdess,18,03-01-04-02-02-01-18.wav,Sad,218,Sad,Happy,False,0.7066719,0.046163842,0.00041823147,0.13850854,0.7066719,0.0004089429,0.0002080553,0.10762057
3301,ravdess,18,03-01-04-02-02-02-18.wav,Sad,228,Sad,Surprise,False,0.45288825,0.05185219,0.0006610561,0.39438856,0.1001118,4.8299986e-05,4.9885595e-05,0.45288825
3302,ravdess,18,03-01-05-01-01-01-18.wav,Angry,196,Angry,Happy,False,0.5717573,0.35748002,0.00057044066,0.021521349,0.5717573,0.002770313,0.0009304433,0.04497016
3303,ravdess,18,03-01-05-01-01-02-18.wav,Angry,225,Angry,Angry,True,0.7574499,0.7574499,0.018039025,0.004416502,0.17394839,0.024097767,0.0022933597,0.019755013
3304,ravdess,18,03-01-05-01-02-01-18.wav,Angry,164,Angry,Happy,False,0.94679046,0.017565155,1.5438693e-05,0.026436765,0.94679046,1.2984871e-05,1.5063231e-05,0.0091641545
3305,ravdess,18,03-01-05-01-02-02-18.wav,Angry,177,Angry,Angry,True,0.5089969,0.5089969,0.00010810996,0.0098728305,0.44834986,0.0007265057,0.00038701083,0.031558678
3306,ravdess,18,03-01-05-02-01-01-18.wav,Angry,164,Angry,Angry,True,0.7425275,0.7425275,0.0020521106,0.021410186,0.07624433,0.007519941,5.719609e-05,0.1501888
3307,ravdess,18,03-01-05-02-01-02-18.wav,Angry,173,Angry,Angry,True,0.90630317,0.90630317,0.00015619525,0.06659667,0.026126204,0.00022108782,5.2601576e-05,0.00054401474
3308,ravdess,18,03-01-05-02-02-01-18.wav,Angry,186,Angry,Angry,True,0.8213691,0.8213691,3.1599262e-05,0.008500537,0.16798967,0.00017369652,3.7347666e-06,0.0019316674
3309,ravdess,18,03-01-05-02-02-02-18.wav,Angry,221,Angry,Angry,True,0.8019086,0.8019086,0.00043923262,0.010795769,0.16952486,0.0006263839,4.8950055e-06,0.016700156
3310,ravdess,18,03-01-06-01-01-01-18.wav,Fear,151,Fear,Fear,True,0.8803368,0.11111026,3.7598842e-05,0.8803368,0.008130719,0.00010327103,3.7960246e-05,0.00024333873
3311,ravdess,18,03-01-06-01-01-02-18.wav,Fear,151,Fear,Fear,True,0.36564046,0.35743055,1.9405315e-05,0.36564046,0.27603707,0.00019373752,1.9523039e-05,0.0006592719
3312,ravdess,18,03-01-06-01-02-01-18.wav,Fear,173,Fear,Happy,False,0.80083203,0.021433722,2.085452e-05,0.17662634,0.80083203,0.0002082603,0.00026130292,0.0006175017
3313,ravdess,18,03-01-06-01-02-02-18.wav,Fear,193,Fear,Happy,False,0.84338397,0.0074450593,0.00048116333,0.13843423,0.84338397,4.8304886e-05,0.0019068813,0.0083004525
3314,ravdess,18,03-01-06-02-01-01-18.wav,Fear,173,Fear,Happy,False,0.9109053,0.00025514732,5.860258e-06,0.07363389,0.9109053,3.8737676e-06,2.0655857e-06,0.015193777
3315,ravdess,18,03-01-06-02-01-02-18.wav,Fear,218,Fear,Surprise,False,0.9971944,4.5312363e-06,0.0007629159,2.4495117e-05,0.002004385,2.8796082e-06,6.4210444e-06,0.9971944
3316,ravdess,18,03-01-06-02-02-01-18.wav,Fear,193,Fear,Happy,False,0.73248816,0.015990376,9.2660004e-05,0.21787174,0.73248816,0.0003196668,2.6461317e-05,0.033210933
3317,ravdess,18,03-01-06-02-02-02-18.wav,Fear,170,Fear,Happy,False,0.66978335,0.21060841,4.016958e-05,0.028444143,0.66978335,0.00077624794,4.1462805e-05,0.09030611
3318,ravdess,18,03-01-07-01-01-01-18.wav,Disgust,244,Disgust,Surprise,False,0.67092687,0.06499067,0.2459341,0.00013569764,0.01460784,8.6298525e-05,0.0033184492,0.67092687
3319,ravdess,18,03-01-07-01-01-02-18.wav,Disgust,212,Disgust,Angry,False,0.5953462,0.5953462,0.2636302,0.0017659899,0.06986956,0.023319678,0.009192494,0.036875837
3320,ravdess,18,03-01-07-01-02-01-18.wav,Disgust,180,Disgust,Happy,False,0.9923375,0.00040995667,2.1947344e-05,0.0064018145,0.9923375,1.3342607e-05,1.518043e-05,0.00080026576
3321,ravdess,18,03-01-07-01-02-02-18.wav,Disgust,247,Disgust,Happy,False,0.6085909,0.017578777,0.3385521,0.00037246043,0.6085909,0.00015135802,0.0034655107,0.0312889
3322,ravdess,18,03-01-07-02-01-01-18.wav,Disgust,279,Disgust,Happy,False,0.58363205,0.0012628768,5.3002304e-06,0.03634346,0.58363205,8.069236e-07,3.1394259e-06,0.37875235
3323,ravdess,18,03-01-07-02-01-02-18.wav,Disgust,247,Disgust,Surprise,False,0.9779791,0.0014118655,0.0013927537,0.002561675,0.016449383,1.1471533e-06,0.00020406852,0.9779791
3324,ravdess,18,03-01-07-02-02-01-18.wav,Disgust,263,Disgust,Happy,False,0.4900214,0.013535908,3.745383e-05,0.1851668,0.4900214,2.323343e-06,8.9652254e-05,0.31114635
3325,ravdess,18,03-01-07-02-02-02-18.wav,Disgust,253,Disgust,Surprise,False,0.6193385,0.029984623,0.051127505,0.013419498,0.2847892,4.1723735e-05,0.0012990064,0.6193385
3326,ravdess,18,03-01-08-01-01-01-18.wav,Surprise,170,Surprise,Fear,False,0.99090284,0.0016573155,2.3313147e-05,0.99090284,0.004776463,5.7202386e-05,7.987886e-07,0.0025819286
3327,ravdess,18,03-01-08-01-01-02-18.wav,Surprise,164,Surprise,Angry,False,0.34064856,0.34064856,0.0015426225,0.30337745,0.13142115,0.001571009,0.0001673824,0.22127184
3328,ravdess,18,03-01-08-01-02-01-18.wav,Surprise,164,Surprise,Surprise,True,0.723024,0.08170569,0.0002922245,0.010164927,0.18478267,1.4386489e-05,1.6045968e-05,0.723024
3329,ravdess,18,03-01-08-01-02-02-18.wav,Surprise,167,Surprise,Happy,False,0.48658293,0.47252366,0.0008706994,0.035012577,0.48658293,0.00028621528,9.830013e-05,0.004625613
3330,ravdess,18,03-01-08-02-01-01-18.wav,Surprise,173,Surprise,Happy,False,0.97583425,0.0036941143,0.00017109347,0.012320728,0.97583425,3.5865327e-05,2.8868059e-05,0.0079150135
3331,ravdess,18,03-01-08-02-01-02-18.wav,Surprise,164,Surprise,Happy,False,0.9011855,0.013416578,0.0001700596,0.0700823,0.9011855,2.9649475e-06,4.2622854e-05,0.015099993
3332,ravdess,18,03-01-08-02-02-01-18.wav,Surprise,196,Surprise,Happy,False,0.9634481,0.00025961248,0.0004332059,0.002632896,0.9634481,2.4598834e-05,0.000104810235,0.033096757
3333,ravdess,18,03-01-08-02-02-02-18.wav,Surprise,177,Surprise,Fear,False,0.5114377,0.10824869,0.00015354597,0.5114377,0.26747683,0.00014059515,0.0005376767,0.11200496
3334,ravdess,19,03-01-01-01-01-01-19.wav,Neutral,151,Neutral,Angry,False,0.9623807,0.9623807,0.0007416004,0.011401795,0.017340496,0.007829384,0.00014162587,0.00016434437
3335,ravdess,19,03-01-01-01-01-02-19.wav,Neutral,148,Neutral,Angry,False,0.9929103,0.9929103,5.2982035e-05,0.002988841,0.0019108892,0.0020815935,1.9011279e-05,3.6338424e-05
3336,ravdess,19,03-01-01-01-02-01-19.wav,Neutral,157,Neutral,Angry,False,0.9518064,0.9518064,0.00031165875,0.020379517,0.015010474,0.01115586,9.272076e-05,0.0012432917
3337,ravdess,19,03-01-01-01-02-02-19.wav,Neutral,145,Neutral,Angry,False,0.99954337,0.99954337,3.0134883e-05,3.434895e-05,0.00029665948,3.7970236e-05,5.10749e-07,5.6971978e-05
3338,ravdess,19,03-01-03-01-01-01-19.wav,Happy,278,Happy,Angry,False,0.93631333,0.93631333,0.021289358,0.005501641,0.0074696015,0.002984699,0.009787212,0.016654206
3339,ravdess,19,03-01-03-01-01-02-19.wav,Happy,228,Happy,Happy,True,0.7303046,0.11470263,0.0059330235,0.02903199,0.7303046,0.002491299,0.0025002128,0.11503629
3340,ravdess,19,03-01-03-01-02-01-19.wav,Happy,199,Happy,Happy,True,0.46074706,0.4087993,0.05937651,0.011659018,0.46074706,0.0011105962,0.0016476219,0.056659915
3341,ravdess,19,03-01-03-01-02-02-19.wav,Happy,231,Happy,Neutral,False,0.6700157,0.16485219,0.12400789,0.010075821,0.007893566,0.6700157,0.017998898,0.0051559377
3342,ravdess,19,03-01-03-02-01-01-19.wav,Happy,186,Happy,Angry,False,0.9287072,0.9287072,0.0007963955,0.00064400834,0.06665854,6.735932e-05,0.0002940855,0.0028324062
3343,ravdess,19,03-01-03-02-01-02-19.wav,Happy,260,Happy,Angry,False,0.7186417,0.7186417,0.005958456,0.17096984,0.017421713,0.004043046,0.054396044,0.028569223
3344,ravdess,19,03-01-03-02-02-01-19.wav,Happy,355,Happy,Fear,False,0.6145418,0.008481522,0.036141507,0.6145418,0.032418642,0.0001985317,0.07483623,0.23338184
3345,ravdess,19,03-01-03-02-02-02-19.wav,Happy,215,Happy,Happy,True,0.6704974,0.10664215,0.001120784,0.17911527,0.6704974,0.014701325,0.00073577184,0.027187353
3346,ravdess,19,03-01-04-01-01-01-19.wav,Sad,164,Sad,Angry,False,0.9060622,0.9060622,0.0015230698,0.013306805,0.024227284,0.053292386,0.0014498341,0.00013848815
3347,ravdess,19,03-01-04-01-01-02-19.wav,Sad,189,Sad,Happy,False,0.45955664,0.28095475,0.005937431,0.0058998447,0.45955664,0.24147967,0.0019464847,0.0042252
3348,ravdess,19,03-01-04-01-02-01-19.wav,Sad,145,Sad,Angry,False,0.994076,0.994076,4.0960334e-05,0.0023486454,0.0013363882,0.0020122763,3.927522e-05,0.00014631393
3349,ravdess,19,03-01-04-01-02-02-19.wav,Sad,189,Sad,Angry,False,0.95184976,0.95184976,0.0033912684,0.0006627489,0.025670962,0.012626675,0.0028796406,0.002918915
3350,ravdess,19,03-01-04-02-01-01-19.wav,Sad,244,Sad,Surprise,False,0.5954933,0.055792477,0.0031590776,0.055818822,0.2882132,0.0007308375,0.00079231104,0.5954933
3351,ravdess,19,03-01-04-02-01-02-19.wav,Sad,282,Sad,Surprise,False,0.7944034,0.07423716,0.0079361275,0.08265515,0.03876688,0.000911098,0.0010902091,0.7944034
3352,ravdess,19,03-01-04-02-02-01-19.wav,Sad,157,Sad,Happy,False,0.9160107,0.027691519,0.00011150767,0.055273496,0.9160107,0.0003735185,2.452137e-05,0.00051460357
3353,ravdess,19,03-01-04-02-02-02-19.wav,Sad,237,Sad,Surprise,False,0.9757106,0.0026983502,0.0004391698,0.017178081,0.003821052,0.0001482379,4.6523905e-06,0.9757106
3354,ravdess,19,03-01-05-01-01-01-19.wav,Angry,189,Angry,Angry,True,0.54616463,0.54616463,0.0077266986,0.0008335369,0.4420682,0.00065634475,7.946162e-05,0.0024711466
3355,ravdess,19,03-01-05-01-01-02-19.wav,Angry,180,Angry,Happy,False,0.950882,0.044182803,0.0015642319,0.00044688472,0.950882,0.0015112307,2.2349457e-05,0.0013905504
3356,ravdess,19,03-01-05-01-02-01-19.wav,Angry,145,Angry,Happy,False,0.9055177,0.07350541,9.635085e-05,0.00016243871,0.9055177,2.9368748e-06,2.4643339e-06,0.020712674
3357,ravdess,19,03-01-05-01-02-02-19.wav,Angry,263,Angry,Surprise,False,0.8549378,0.036764465,0.003098595,0.03826357,0.0657674,0.00024321718,0.00092494814,0.8549378
3358,ravdess,19,03-01-05-02-01-01-19.wav,Angry,196,Angry,Happy,False,0.9971284,0.0006167602,1.3919014e-06,0.0020034944,0.9971284,6.2442746e-07,1.1853737e-07,0.00024920542
3359,ravdess,19,03-01-05-02-01-02-19.wav,Angry,282,Angry,Angry,True,0.4590735,0.4590735,0.0007344307,0.05809836,0.14491813,1.696621e-05,2.4976154e-05,0.33713362
3360,ravdess,19,03-01-05-02-02-01-19.wav,Angry,244,Angry,Angry,True,0.38577873,0.38577873,0.003743884,0.038387958,0.3299491,0.00045504828,0.00013280849,0.24155255
3361,ravdess,19,03-01-05-02-02-02-19.wav,Angry,221,Angry,Happy,False,0.78811693,0.01075637,0.00028400266,0.006494169,0.78811693,0.00010326773,4.801791e-05,0.19419728
3362,ravdess,19,03-01-06-01-01-01-19.wav,Fear,199,Fear,Happy,False,0.9717995,0.01455199,0.00011368,0.011258008,0.9717995,0.0003181285,3.6388232e-05,0.0019222471
3363,ravdess,19,03-01-06-01-01-02-19.wav,Fear,228,Fear,Fear,True,0.4441581,0.011869202,0.01900422,0.4441581,0.4115048,0.009525257,0.015857127,0.08808136
3364,ravdess,19,03-01-06-01-02-01-19.wav,Fear,228,Fear,Happy,False,0.66621697,0.017179033,0.0004980756,0.2487193,0.66621697,0.0010628956,0.00051585963,0.065807804
3365,ravdess,19,03-01-06-01-02-02-19.wav,Fear,170,Fear,Happy,False,0.5476023,0.06831826,0.00040002028,0.19239332,0.5476023,0.0009470678,0.0001466799,0.19019233
3366,ravdess,19,03-01-06-02-01-01-19.wav,Fear,196,Fear,Surprise,False,0.8086171,0.03309287,0.00022317862,0.011720559,0.14474554,0.0014985447,0.00010220454,0.8086171
3367,ravdess,19,03-01-06-02-01-02-19.wav,Fear,247,Fear,Surprise,False,0.69720143,0.07225266,0.0059475033,0.15204416,0.07128286,0.00059655297,0.00067485333,0.69720143
3368,ravdess,19,03-01-06-02-02-01-19.wav,Fear,170,Fear,Angry,False,0.57977366,0.57977366,0.00048714745,0.021614498,0.17272794,0.016641827,0.0007202601,0.20803474
3369,ravdess,19,03-01-06-02-02-02-19.wav,Fear,308,Fear,Surprise,False,0.99251854,5.599702e-05,3.3136364e-06,0.0066456874,0.0007763604,1.1165316e-08,1.147733e-07,0.99251854
3370,ravdess,19,03-01-07-01-01-01-19.wav,Disgust,327,Disgust,Happy,False,0.61696297,0.091155544,0.0065835337,0.025434552,0.61696297,0.00073089974,0.0056534577,0.253479
3371,ravdess,19,03-01-07-01-01-02-19.wav,Disgust,301,Disgust,Angry,False,0.97969705,0.97969705,0.0056719226,2.2303178e-05,0.010219835,2.2314689e-05,0.00012841608,0.0042381026
3372,ravdess,19,03-01-07-01-02-01-19.wav,Disgust,333,Disgust,Surprise,False,0.46844962,0.248487,0.011690866,0.018196601,0.2411744,0.0005338652,0.011467716,0.46844962
3373,ravdess,19,03-01-07-01-02-02-19.wav,Disgust,276,Disgust,Happy,False,0.8541632,0.034069322,0.00025777385,0.0007685629,0.8541632,7.0720052e-06,6.810203e-05,0.11066601
3374,ravdess,19,03-01-07-02-01-01-19.wav,Disgust,292,Disgust,Surprise,False,0.8193173,0.10702163,0.017769326,0.0012996917,0.054440722,3.6949354e-05,0.0001143763,0.8193173
3375,ravdess,19,03-01-07-02-01-02-19.wav,Disgust,401,Disgust,Surprise,False,0.6505396,0.07089892,0.019396137,0.056629557,0.20017073,0.000115495284,0.002249572,0.6505396
3376,ravdess,19,03-01-07-02-02-01-19.wav,Disgust,301,Disgust,Surprise,False,0.34386984,0.19964968,0.0027823148,0.22984283,0.2022029,0.00024561828,0.021406833,0.34386984
3377,ravdess,19,03-01-07-02-02-02-19.wav,Disgust,308,Disgust,Surprise,False,0.58893615,0.18644801,0.017655695,0.038066007,0.16766956,0.00023509581,0.0009894945,0.58893615
3378,ravdess,19,03-01-08-01-01-01-19.wav,Surprise,196,Surprise,Angry,False,0.6380865,0.6380865,0.0005560194,0.0034528775,0.0052037174,0.3520956,0.00015409733,0.0004511304
3379,ravdess,19,03-01-08-01-01-02-19.wav,Surprise,205,Surprise,Angry,False,0.58445984,0.58445984,0.0040760995,0.13610074,0.26969758,0.003162145,0.0006565524,0.0018470504
3380,ravdess,19,03-01-08-01-02-01-19.wav,Surprise,279,Surprise,Happy,False,0.64148736,0.02451761,0.00473184,0.057964575,0.64148736,0.00094877713,0.0015976267,0.26875216
3381,ravdess,19,03-01-08-01-02-02-19.wav,Surprise,119,Surprise,Angry,False,0.7009177,0.7009177,0.0001597197,0.21093808,0.06726513,0.0008049246,5.4168777e-06,0.019908965
3382,ravdess,19,03-01-08-02-01-01-19.wav,Surprise,231,Surprise,Angry,False,0.71831894,0.71831894,0.0023741887,0.008224162,0.2410195,0.004175499,1.4450416e-05,0.025873296
3383,ravdess,19,03-01-08-02-01-02-19.wav,Surprise,276,Surprise,Angry,False,0.77785635,0.77785635,0.0015995576,0.00016182211,0.059278812,3.5254725e-05,1.6638865e-05,0.16105153
3384,ravdess,19,03-01-08-02-02-01-19.wav,Surprise,218,Surprise,Angry,False,0.51230997,0.51230997,0.038685452,0.2703596,0.1394009,0.010085346,0.004654006,0.02450475
3385,ravdess,19,03-01-08-02-02-02-19.wav,Surprise,148,Surprise,Angry,False,0.49368745,0.49368745,0.00027309195,0.38864323,0.036941353,0.0075470307,8.5315805e-06,0.07289926
3386,ravdess,20,03-01-01-01-01-01-20.wav,Neutral,161,Neutral,Happy,False,0.7467854,0.2281125,0.00072331406,0.0051426934,0.7467854,0.0001272603,0.011136927,0.007971904
3387,ravdess,20,03-01-01-01-01-02-20.wav,Neutral,170,Neutral,Happy,False,0.9998323,8.546466e-05,7.048356e-07,3.995263e-05,0.9998323,6.8518784e-07,2.4217627e-06,3.8532886e-05
3388,ravdess,20,03-01-01-01-02-01-20.wav,Neutral,154,Neutral,Happy,False,0.99867934,0.00019661775,2.891734e-06,6.52402e-05,0.99867934,2.0294351e-07,1.3243763e-05,0.0010424644
3389,ravdess,20,03-01-01-01-02-02-20.wav,Neutral,164,Neutral,Angry,False,0.7580872,0.7580872,0.00028016808,0.0025215829,0.2087416,8.210176e-05,0.011599353,0.01868805
3390,ravdess,20,03-01-03-01-01-01-20.wav,Happy,161,Happy,Happy,True,0.9598937,0.0314885,9.5569914e-05,0.004684168,0.9598937,1.8633247e-05,0.00010396101,0.0037155051
3391,ravdess,20,03-01-03-01-01-02-20.wav,Happy,177,Happy,Angry,False,0.7406481,0.7406481,3.7005408e-05,0.037736945,0.16535932,6.932007e-05,0.00051981333,0.05562948
3392,ravdess,20,03-01-03-01-02-01-20.wav,Happy,170,Happy,Angry,False,0.51058006,0.51058006,0.00037754216,0.00045960836,0.022171816,2.1470129e-05,0.00032763742,0.46606192
3393,ravdess,20,03-01-03-01-02-02-20.wav,Happy,148,Happy,Happy,True,0.9839914,0.0031537127,1.4005202e-05,0.00091748824,0.9839914,6.4624896e-07,1.056512e-05,0.01191223
3394,ravdess,20,03-01-03-02-01-01-20.wav,Happy,177,Happy,Happy,True,0.8529311,0.073915556,0.00030706465,0.058135178,0.8529311,0.00029555985,4.4648914e-05,0.014370884
3395,ravdess,20,03-01-03-02-01-02-20.wav,Happy,273,Happy,Angry,False,0.9073789,0.9073789,0.00042469607,0.005762505,0.023808636,1.5205787e-05,1.2335202e-05,0.06259769
3396,ravdess,20,03-01-03-02-02-01-20.wav,Happy,161,Happy,Happy,True,0.49098626,0.4142745,2.4009814e-05,0.0007469487,0.49098626,2.6378424e-05,2.3126064e-05,0.09391882
3397,ravdess,20,03-01-03-02-02-02-20.wav,Happy,189,Happy,Angry,False,0.8114884,0.8114884,0.0007150656,0.0017639782,0.110543706,0.0035594704,1.8205135e-05,0.071911216
3398,ravdess,20,03-01-04-01-01-01-20.wav,Sad,212,Sad,Neutral,False,0.63679844,0.15562014,0.026729254,0.00014335972,0.16016574,0.63679844,0.0014110599,0.01913202
3399,ravdess,20,03-01-04-01-01-02-20.wav,Sad,157,Sad,Neutral,False,0.67288804,0.16182409,0.017065575,0.039404284,0.060880553,0.67288804,0.0044485745,0.043488916
3400,ravdess,20,03-01-04-01-02-01-20.wav,Sad,161,Sad,Angry,False,0.39873824,0.39873824,0.0030487012,0.17452224,0.2721329,0.12080617,0.0018232398,0.028928543
3401,ravdess,20,03-01-04-01-02-02-20.wav,Sad,154,Sad,Angry,False,0.6966309,0.6966309,0.00910284,0.008271024,0.09089352,0.17476119,0.00096085883,0.019379571
3402,ravdess,20,03-01-04-02-01-01-20.wav,Sad,186,Sad,Fear,False,0.4785572,0.04177356,0.0057162344,0.4785572,0.09063448,0.004685012,2.4916499e-05,0.37860855
3403,ravdess,20,03-01-04-02-01-02-20.wav,Sad,351,Sad,Surprise,False,0.8652505,0.00021528597,0.00015205196,0.07577239,0.057341598,6.077376e-06,0.0012620725,0.8652505
3404,ravdess,20,03-01-04-02-02-01-20.wav,Sad,177,Sad,Fear,False,0.67367226,0.034006387,0.00015406751,0.67367226,0.06584324,6.6471206e-05,5.255355e-06,0.22625235
3405,ravdess,20,03-01-04-02-02-02-20.wav,Sad,247,Sad,Surprise,False,0.9906747,0.001549446,0.0001103728,0.0073209247,0.00032822203,2.8735915e-06,1.3524518e-05,0.9906747
3406,ravdess,20,03-01-05-01-01-01-20.wav,Angry,132,Angry,Angry,True,0.88010454,0.88010454,0.00022341506,0.085872926,0.02915934,0.0020804533,0.00011783839,0.0024414947
3407,ravdess,20,03-01-05-01-01-02-20.wav,Angry,173,Angry,Fear,False,0.8343224,0.0100533115,3.7757482e-06,0.8343224,0.14168872,3.5667426e-06,3.1111524e-06,0.013925153
3408,ravdess,20,03-01-05-01-02-01-20.wav,Angry,157,Angry,Angry,True,0.843251,0.843251,0.00035291913,0.09542523,0.031986542,0.004499876,2.0228517e-06,0.024482401
3409,ravdess,20,03-01-05-01-02-02-20.wav,Angry,260,Angry,Surprise,False,0.9276326,0.0032727185,0.0001717584,0.028225383,0.04044322,4.7616345e-06,0.00024952786,0.9276326
3410,ravdess,20,03-01-05-02-01-01-20.wav,Angry,218,Angry,Happy,False,0.9335754,0.035577096,0.0034167662,0.010761749,0.9335754,0.0001664816,4.4530123e-05,0.016458033
3411,ravdess,20,03-01-05-02-01-02-20.wav,Angry,212,Angry,Surprise,False,0.7283961,0.17037034,0.0019013573,0.0006300491,0.080004595,0.018399274,0.00029827032,0.7283961
3412,ravdess,20,03-01-05-02-02-01-20.wav,Angry,234,Angry,Surprise,False,0.86265373,0.020112261,0.00026786237,0.00518894,0.111586526,0.0001615376,2.9086406e-05,0.86265373
3413,ravdess,20,03-01-05-02-02-02-20.wav,Angry,154,Angry,Happy,False,0.9663627,0.0008737713,9.609491e-06,0.0013547956,0.9663627,2.5088807e-06,4.134465e-06,0.03139258
3414,ravdess,20,03-01-06-01-01-01-20.wav,Fear,177,Fear,Happy,False,0.9909259,0.0003906038,3.419874e-05,0.008424974,0.9909259,2.0507166e-05,1.5299525e-05,0.00018850504
3415,ravdess,20,03-01-06-01-01-02-20.wav,Fear,241,Fear,Happy,False,0.761111,0.0011570188,0.00017056931,0.12881462,0.761111,3.629179e-05,0.0001964949,0.10851405
3416,ravdess,20,03-01-06-01-02-01-20.wav,Fear,199,Fear,Happy,False,0.89111406,0.006138055,0.0018548754,0.083252005,0.89111406,0.00221368,0.0113596115,0.0040677967
3417,ravdess,20,03-01-06-01-02-02-20.wav,Fear,151,Fear,Fear,True,0.8465294,0.084290504,0.00010315194,0.8465294,0.019778451,0.000109734945,6.077609e-06,0.049182657
3418,ravdess,20,03-01-06-02-01-01-20.wav,Fear,212,Fear,Angry,False,0.49912986,0.49912986,0.00095060526,0.05378866,0.00318911,0.0008133816,4.0194486e-06,0.44212443
3419,ravdess,20,03-01-06-02-01-02-20.wav,Fear,205,Fear,Angry,False,0.9573515,0.9573515,0.00025609962,0.0013733929,0.03124959,9.813694e-05,3.3866074e-06,0.009667857
3420,ravdess,20,03-01-06-02-02-01-20.wav,Fear,180,Fear,Angry,False,0.983108,0.983108,0.0005950192,0.0018433037,0.006200307,0.0040409826,1.1914719e-05,0.0042004683
3421,ravdess,20,03-01-06-02-02-02-20.wav,Fear,177,Fear,Surprise,False,0.54926586,0.23937188,0.0001948615,0.12121822,0.08942046,0.00052627304,2.4354456e-06,0.54926586
3422,ravdess,20,03-01-07-01-01-01-20.wav,Disgust,199,Disgust,Happy,False,0.9996295,8.335617e-05,4.4691613e-05,8.4093546e-05,0.9996295,4.0929413e-06,8.851957e-06,0.00014526126
3423,ravdess,20,03-01-07-01-01-02-20.wav,Disgust,218,Disgust,Angry,False,0.45072892,0.45072892,0.030313807,0.023080928,0.38138705,0.0010277226,0.0018971708,0.11156442
3424,ravdess,20,03-01-07-01-02-01-20.wav,Disgust,183,Disgust,Happy,False,0.7502431,0.17255446,0.0005383827,0.0035163355,0.7502431,0.0035962693,0.0066107386,0.062940665
3425,ravdess,20,03-01-07-01-02-02-20.wav,Disgust,215,Disgust,Angry,False,0.95454246,0.95454246,0.002111911,0.0024124556,0.020148726,0.00025352734,0.016296117,0.0042347643
3426,ravdess,20,03-01-07-02-01-01-20.wav,Disgust,218,Disgust,Happy,False,0.91683763,0.0007027516,0.0035604786,0.0004831973,0.91683763,1.8798636e-06,7.6514116e-05,0.07833761
3427,ravdess,20,03-01-07-02-01-02-20.wav,Disgust,212,Disgust,Happy,False,0.98838836,1.472376e-05,2.6401067e-06,0.010738091,0.98838836,1.5453143e-06,4.0117507e-06,0.00085070706
3428,ravdess,20,03-01-07-02-02-01-20.wav,Disgust,279,Disgust,Surprise,False,0.8510271,5.38745e-06,7.361351e-07,0.1012228,0.04774305,1.0204699e-10,8.893909e-07,0.8510271
3429,ravdess,20,03-01-07-02-02-02-20.wav,Disgust,241,Disgust,Surprise,False,0.87631255,7.863039e-05,1.599815e-05,0.010002345,0.11358326,9.9173946e-08,7.118322e-06,0.87631255
3430,ravdess,20,03-01-08-01-01-01-20.wav,Surprise,135,Surprise,Happy,False,0.89329386,0.076342985,0.00012390949,0.026825152,0.89329386,8.907068e-05,0.0005292679,0.0027956741
3431,ravdess,20,03-01-08-01-01-02-20.wav,Surprise,164,Surprise,Happy,False,0.9994093,1.9451523e-05,1.9954082e-06,0.00035243476,0.9994093,2.4349833e-07,5.773263e-07,0.00021595949
3432,ravdess,20,03-01-08-01-02-01-20.wav,Surprise,125,Surprise,Angry,False,0.63651943,0.63651943,0.00022987419,0.00010249401,0.049808815,2.605842e-06,7.55489e-05,0.31326127
3433,ravdess,20,03-01-08-01-02-02-20.wav,Surprise,129,Surprise,Angry,False,0.94257647,0.94257647,5.535406e-05,3.3704884e-05,0.056928243,3.9294955e-06,0.000112948444,0.00028935127
3434,ravdess,20,03-01-08-02-01-01-20.wav,Surprise,180,Surprise,Happy,False,0.7843669,0.1079386,5.731992e-05,0.07306335,0.7843669,3.0402602e-05,4.6047182e-05,0.034497444
3435,ravdess,20,03-01-08-02-01-02-20.wav,Surprise,132,Surprise,Fear,False,0.47824746,0.32213143,6.037507e-05,0.47824746,0.1832356,8.673001e-05,2.3721974e-05,0.016214717
3436,ravdess,20,03-01-08-02-02-01-20.wav,Surprise,221,Surprise,Surprise,True,0.8249807,0.0013358302,9.827064e-05,0.13811643,0.03534787,1.151876e-05,0.0001094169,0.8249807
3437,ravdess,20,03-01-08-02-02-02-20.wav,Surprise,154,Surprise,Happy,False,0.7044743,0.14511286,4.1107298e-05,0.121819966,0.7044743,2.9164285e-05,4.23745e-05,0.028480312
3438,ravdess,21,03-01-01-01-01-01-21.wav,Neutral,189,Neutral,Neutral,True,0.968627,0.026399307,0.00359438,0.00015018361,0.00038245576,0.968627,0.000115254144,0.00073148817
3439,ravdess,21,03-01-01-01-01-02-21.wav,Neutral,205,Neutral,Neutral,True,0.994789,0.00021438212,0.0046734335,6.989035e-07,3.001299e-06,0.994789,0.00018080801,0.00013868479
3440,ravdess,21,03-01-01-01-02-01-21.wav,Neutral,173,Neutral,Neutral,True,0.97970414,0.0126707945,0.0054255845,0.0001585631,0.0009192289,0.97970414,0.00047329624,0.00064828474
3441,ravdess,21,03-01-01-01-02-02-21.wav,Neutral,173,Neutral,Neutral,True,0.67032075,0.15816776,0.09970449,0.0008599233,0.0064270445,0.67032075,0.0013601797,0.06315978
3442,ravdess,21,03-01-03-01-01-01-21.wav,Happy,193,Happy,Neutral,False,0.93210495,0.051580638,0.011640505,0.00015580711,0.0035200021,0.93210495,0.00044625506,0.0005519503
3443,ravdess,21,03-01-03-01-01-02-21.wav,Happy,183,Happy,Angry,False,0.76475877,0.76475877,0.005050202,0.0068454174,0.16018566,0.048399758,0.00023725812,0.014523064
3444,ravdess,21,03-01-03-01-02-01-21.wav,Happy,177,Happy,Neutral,False,0.9832403,0.013884098,0.00045443777,8.258255e-05,0.0005223087,0.9832403,0.00017716951,0.0016390971
3445,ravdess,21,03-01-03-01-02-02-21.wav,Happy,189,Happy,Neutral,False,0.63295114,0.3562457,0.0055477624,0.00020503979,0.003218279,0.63295114,0.00079806877,0.0010339967
3446,ravdess,21,03-01-03-02-01-01-21.wav,Happy,189,Happy,Happy,True,0.68320376,0.25753656,0.0010986851,0.030617556,0.68320376,0.0030988678,2.110633e-05,0.02442346
3447,ravdess,21,03-01-03-02-01-02-21.wav,Happy,202,Happy,Happy,True,0.5900252,0.14857903,0.03210323,0.039814204,0.5900252,0.05826192,0.00028355204,0.1309329
3448,ravdess,21,03-01-03-02-02-01-21.wav,Happy,173,Happy,Neutral,False,0.8384585,0.13791299,0.0009547579,0.0038983687,0.010114608,0.8384585,3.5372956e-05,0.0086253425
3449,ravdess,21,03-01-03-02-02-02-21.wav,Happy,183,Happy,Surprise,False,0.61536705,0.02467978,0.0037662003,0.05599341,0.27463236,0.025374027,0.00018718182,0.61536705
3450,ravdess,21,03-01-04-01-01-01-21.wav,Sad,257,Sad,Disgust,False,0.8622322,0.0019910873,0.8622322,9.2565324e-07,1.250334e-05,0.109466426,0.025932334,0.00036452236
3451,ravdess,21,03-01-04-01-01-02-21.wav,Sad,285,Sad,Angry,False,0.5880782,0.5880782,0.32987434,0.00014822386,0.0040659397,0.035029717,0.022180205,0.020623317
3452,ravdess,21,03-01-04-01-02-01-21.wav,Sad,225,Sad,Neutral,False,0.9676183,0.00018632838,0.031591244,1.9411355e-06,1.4662725e-05,0.9676183,0.00046801244,0.000119602315
3453,ravdess,21,03-01-04-01-02-02-21.wav,Sad,234,Sad,Neutral,False,0.9794717,7.3083625e-05,0.018019164,2.4302221e-06,1.2835404e-05,0.9794717,0.0023349621,8.579272e-05
3454,ravdess,21,03-01-04-02-01-01-21.wav,Sad,228,Sad,Angry,False,0.6390587,0.6390587,0.109737076,0.0013893401,0.13612133,0.08359284,0.00022486971,0.029875815
3455,ravdess,21,03-01-04-02-01-02-21.wav,Sad,244,Sad,Angry,False,0.44435522,0.44435522,0.09425977,0.008486468,0.35229713,0.023984887,0.0026591318,0.07395745
3456,ravdess,21,03-01-04-02-02-01-21.wav,Sad,237,Sad,Neutral,False,0.86143047,0.011791471,0.11971591,5.0244584e-05,0.0011885398,0.86143047,0.005653047,0.00017032654
3457,ravdess,21,03-01-04-02-02-02-21.wav,Sad,225,Sad,Neutral,False,0.93056595,0.006811425,0.060592722,0.00011459437,0.00039307773,0.93056595,0.000109936336,0.0014123262
3458,ravdess,21,03-01-05-01-01-01-21.wav,Angry,221,Angry,Angry,True,0.6196231,0.6196231,0.14545391,0.00048811347,0.010084513,0.21117765,0.005165058,0.008007633
3459,ravdess,21,03-01-05-01-01-02-21.wav,Angry,212,Angry,Angry,True,0.84307635,0.84307635,0.015510036,0.002236876,0.018078381,0.11365334,0.00012741587,0.0073175123
3460,ravdess,21,03-01-05-01-02-01-21.wav,Angry,212,Angry,Neutral,False,0.6358328,0.1119333,0.17703976,0.0018756378,0.057486344,0.6358328,0.013501508,0.0023306222
3461,ravdess,21,03-01-05-01-02-02-21.wav,Angry,202,Angry,Neutral,False,0.75182474,0.13310902,0.034392864,0.0004297461,0.068488866,0.75182474,0.001916397,0.009838381
3462,ravdess,21,03-01-05-02-01-01-21.wav,Angry,237,Angry,Surprise,False,0.9106579,0.014711456,0.027167128,0.007831547,0.038588833,0.00093853445,0.00010465066,0.9106579
3463,ravdess,21,03-01-05-02-01-02-21.wav,Angry,250,Angry,Surprise,False,0.9633633,0.00394864,0.015756745,0.002030835,0.014633243,3.622907e-05,0.00023099061,0.9633633
3464,ravdess,21,03-01-05-02-02-01-21.wav,Angry,215,Angry,Disgust,False,0.31068304,0.08317729,0.31068304,0.07077036,0.24974732,0.19276279,0.010421051,0.08243812
3465,ravdess,21,03-01-05-02-02-02-21.wav,Angry,225,Angry,Surprise,False,0.38833553,0.039511994,0.2987651,0.052478816,0.08530441,0.13329789,0.0023062928,0.38833553
3466,ravdess,21,03-01-06-01-01-01-21.wav,Fear,202,Fear,Happy,False,0.45823008,0.33195996,0.11583621,0.0021947655,0.45823008,0.070153,0.0030486647,0.01857731
3467,ravdess,21,03-01-06-01-01-02-21.wav,Fear,199,Fear,Neutral,False,0.91441137,0.04131241,0.03409728,0.00017377417,0.0074796746,0.91441137,0.002263046,0.00026233713
3468,ravdess,21,03-01-06-01-02-01-21.wav,Fear,231,Fear,Neutral,False,0.8809316,0.014641275,0.0713493,0.0016007147,0.0025913273,0.8809316,0.027766401,0.001119227
3469,ravdess,21,03-01-06-01-02-02-21.wav,Fear,221,Fear,Neutral,False,0.9647916,6.538454e-05,0.027910346,5.35385e-06,2.5604615e-05,0.9647916,0.0070046075,0.00019716706
3470,ravdess,21,03-01-06-02-01-01-21.wav,Fear,202,Fear,Neutral,False,0.6875205,0.2514152,0.023015998,0.0077501484,0.020327764,0.6875205,0.0010774941,0.008892977
3471,ravdess,21,03-01-06-02-01-02-21.wav,Fear,193,Fear,Angry,False,0.7303704,0.7303704,0.007515693,0.008530186,0.17286228,0.06632778,0.001495146,0.012898487
3472,ravdess,21,03-01-06-02-02-01-21.wav,Fear,186,Fear,Angry,False,0.7026136,0.7026136,0.010876404,0.0062376205,0.007652703,0.26524663,0.00014921228,0.0072238278
3473,ravdess,21,03-01-06-02-02-02-21.wav,Fear,173,Fear,Angry,False,0.8742315,0.8742315,0.0036334682,0.0048616636,0.017263612,0.08825464,0.00018849842,0.011566524
3474,ravdess,21,03-01-07-01-01-01-21.wav,Disgust,205,Disgust,Neutral,False,0.41521338,0.14798927,0.2576826,0.000120437806,0.17665218,0.41521338,0.0008867947,0.0014552955
3475,ravdess,21,03-01-07-01-01-02-21.wav,Disgust,218,Disgust,Neutral,False,0.501394,0.23703478,0.2541924,0.00030260626,0.003646604,0.501394,0.0020777513,0.0013518279
3476,ravdess,21,03-01-07-01-02-01-21.wav,Disgust,180,Disgust,Neutral,False,0.9088548,0.05221897,0.03375581,0.00010225488,0.00088896824,0.9088548,0.0002516383,0.0039274995
3477,ravdess,21,03-01-07-01-02-02-21.wav,Disgust,173,Disgust,Angry,False,0.49806288,0.49806288,0.027188247,0.00037856543,0.009605001,0.45240954,0.0005855831,0.011770241
3478,ravdess,21,03-01-07-02-01-01-21.wav,Disgust,218,Disgust,Disgust,True,0.65673333,0.26377985,0.65673333,5.0772378e-05,0.015048621,0.06340029,0.0005827967,0.00040428014
3479,ravdess,21,03-01-07-02-01-02-21.wav,Disgust,215,Disgust,Angry,False,0.76043826,0.76043826,0.058656868,0.00033935794,0.0065295403,0.16749217,0.006409385,0.00013441137
3480,ravdess,21,03-01-07-02-02-01-21.wav,Disgust,234,Disgust,Neutral,False,0.57565975,0.04024889,0.36793774,2.8116321e-05,0.0042848317,0.57565975,0.011495974,0.00034477955
3481,ravdess,21,03-01-07-02-02-02-21.wav,Disgust,205,Disgust,Neutral,False,0.9956612,0.00061630545,0.0031052812,2.402008e-06,4.2336178e-05,0.9956612,0.0005571996,1.5313348e-05
3482,ravdess,21,03-01-08-01-01-01-21.wav,Surprise,157,Surprise,Surprise,True,0.41364703,0.1645486,0.0018336126,0.2635225,0.15239508,0.004047811,5.318091e-06,0.41364703
3483,ravdess,21,03-01-08-01-01-02-21.wav,Surprise,157,Surprise,Happy,False,0.84536666,0.04301638,0.0013805291,0.015795026,0.84536666,0.00021721072,5.4111065e-06,0.09421882
3484,ravdess,21,03-01-08-01-02-01-21.wav,Surprise,151,Surprise,Angry,False,0.7252441,0.7252441,0.00041756412,0.064543374,0.20367508,0.00021865727,1.1806991e-05,0.0058894237
3485,ravdess,21,03-01-08-01-02-02-21.wav,Surprise,167,Surprise,Happy,False,0.59971523,0.2743163,0.0069589186,0.0061197993,0.59971523,0.011565301,4.749542e-05,0.101276934
3486,ravdess,21,03-01-08-02-01-01-21.wav,Surprise,173,Surprise,Happy,False,0.6344129,0.2481785,0.0078107156,0.0111000845,0.6344129,0.0007360111,8.531467e-06,0.097753346
3487,ravdess,21,03-01-08-02-01-02-21.wav,Surprise,173,Surprise,Happy,False,0.5258224,0.44108573,0.012270936,0.003374448,0.5258224,0.0009360456,2.4081548e-05,0.016486272
3488,ravdess,21,03-01-08-02-02-01-21.wav,Surprise,154,Surprise,Angry,False,0.6133054,0.6133054,0.0022964124,0.08382311,0.26157323,0.0029929667,3.356536e-05,0.035975248
3489,ravdess,21,03-01-08-02-02-02-21.wav,Surprise,164,Surprise,Angry,False,0.5478444,0.5478444,0.0024418377,0.03596804,0.3392121,0.0028460931,2.0946285e-05,0.071666606
3490,ravdess,22,03-01-01-01-01-01-22.wav,Neutral,177,Neutral,Happy,False,0.7384611,0.21525297,0.0036818022,0.008100239,0.7384611,0.0037280633,0.0044663115,0.026309563
3491,ravdess,22,03-01-01-01-01-02-22.wav,Neutral,161,Neutral,Happy,False,0.6118602,0.37177294,0.0015841518,0.0033770895,0.6118602,0.0002139969,0.002441283,0.008750324
3492,ravdess,22,03-01-01-01-02-01-22.wav,Neutral,173,Neutral,Angry,False,0.56434715,0.56434715,0.0007682695,0.002106415,0.35039514,0.0009790561,0.0034959663,0.077908
3493,ravdess,22,03-01-01-01-02-02-22.wav,Neutral,170,Neutral,Happy,False,0.71423423,0.2112678,0.0006064075,0.006997337,0.71423423,0.0012363914,0.0022488998,0.06340897
3494,ravdess,22,03-01-03-01-01-01-22.wav,Happy,196,Happy,Happy,True,0.47820288,0.3619582,0.038759246,0.023151305,0.47820288,0.01623272,0.014774055,0.06692155
3495,ravdess,22,03-01-03-01-01-02-22.wav,Happy,154,Happy,Happy,True,0.4847101,0.4762625,0.0016647693,0.027338443,0.4847101,0.00011302265,0.0033182444,0.0065929494
3496,ravdess,22,03-01-03-01-02-01-22.wav,Happy,161,Happy,Angry,False,0.7456088,0.7456088,0.00072389515,0.0013206251,0.21964918,0.00031653198,0.00052426243,0.03185682
3497,ravdess,22,03-01-03-01-02-02-22.wav,Happy,161,Happy,Happy,True,0.99878615,0.00010554929,4.995764e-06,1.6029862e-05,0.99878615,3.5613405e-06,1.7464879e-06,0.0010819394
3498,ravdess,22,03-01-03-02-01-01-22.wav,Happy,177,Happy,Happy,True,0.9660502,0.0063035367,3.9075135e-06,0.024015184,0.9660502,1.6848774e-06,2.666091e-06,0.0036227864
3499,ravdess,22,03-01-03-02-01-02-22.wav,Happy,189,Happy,Happy,True,0.920883,0.009388089,4.6367873e-05,0.06033682,0.920883,1.5608206e-05,3.3502605e-05,0.009296607
3500,ravdess,22,03-01-03-02-02-01-22.wav,Happy,177,Happy,Happy,True,0.95267326,0.007208327,1.7145132e-05,0.028909065,0.95267326,2.6104488e-05,1.1955986e-05,0.01115411
3501,ravdess,22,03-01-03-02-02-02-22.wav,Happy,202,Happy,Happy,True,0.8483386,0.0076587005,2.8432938e-05,0.10747809,0.8483386,1.18507705e-05,1.284349e-05,0.03647142
3502,ravdess,22,03-01-04-01-01-01-22.wav,Sad,173,Sad,Happy,False,0.47107688,0.37779632,0.008148304,0.003473496,0.47107688,0.06231945,0.004656304,0.0725293
3503,ravdess,22,03-01-04-01-01-02-22.wav,Sad,183,Sad,Angry,False,0.7927497,0.7927497,0.0030055598,0.052367102,0.11782569,0.015844205,0.013572369,0.004635329
3504,ravdess,22,03-01-04-01-02-01-22.wav,Sad,183,Sad,Happy,False,0.8290276,0.014635042,6.975541e-05,0.0016656958,0.8290276,0.00039694982,0.0001499212,0.15405497
3505,ravdess,22,03-01-04-01-02-02-22.wav,Sad,180,Sad,Happy,False,0.9890717,0.0024965305,1.9951187e-05,0.00017619165,0.9890717,5.5342796e-05,8.502567e-06,0.008171768
3506,ravdess,22,03-01-04-02-01-01-22.wav,Sad,183,Sad,Happy,False,0.5223513,0.3726519,0.002575384,0.008427087,0.5223513,0.08273059,0.010374137,0.0008895699
3507,ravdess,22,03-01-04-02-01-02-22.wav,Sad,177,Sad,Angry,False,0.6617046,0.6617046,0.001183438,0.19294609,0.05698647,0.08403086,0.0004435102,0.0027049785
3508,ravdess,22,03-01-04-02-02-01-22.wav,Sad,183,Sad,Neutral,False,0.50235415,0.44497177,0.0014629547,0.0053254594,0.031825922,0.50235415,0.0005152823,0.013544409
3509,ravdess,22,03-01-04-02-02-02-22.wav,Sad,196,Sad,Neutral,False,0.48119792,0.24517497,0.0013809525,0.04820587,0.21631204,0.48119792,0.00020029214,0.0075278366
3510,ravdess,22,03-01-05-01-01-01-22.wav,Angry,180,Angry,Angry,True,0.9665004,0.9665004,0.00092432305,0.001962912,0.026250804,0.0007747972,0.0007344082,0.002852294
3511,ravdess,22,03-01-05-01-01-02-22.wav,Angry,183,Angry,Angry,True,0.8471369,0.8471369,0.0014561242,0.0060608257,0.11659249,0.002043655,0.0011828071,0.025527192
3512,ravdess,22,03-01-05-01-02-01-22.wav,Angry,196,Angry,Surprise,False,0.42314976,0.38204747,0.0013447177,0.0038792759,0.18415757,0.0008035214,0.0046176976,0.42314976
3513,ravdess,22,03-01-05-01-02-02-22.wav,Angry,212,Angry,Surprise,False,0.41401067,0.33412123,0.0047870856,0.0058972975,0.22585167,0.0056325477,0.009699494,0.41401067
3514,ravdess,22,03-01-05-02-01-01-22.wav,Angry,189,Angry,Happy,False,0.9928934,0.0035895405,2.5084732e-06,0.0012392327,0.9928934,1.4907716e-05,2.3516031e-06,0.002258032
3515,ravdess,22,03-01-05-02-01-02-22.wav,Angry,189,Angry,Angry,True,0.63635105,0.63635105,0.0001453239,0.014235764,0.25979665,2.9675082e-05,9.655888e-06,0.08943183
3516,ravdess,22,03-01-05-02-02-01-22.wav,Angry,218,Angry,Happy,False,0.90627927,0.05754193,0.0009953178,0.018072698,0.90627927,0.00015896537,8.9360394e-05,0.016862411
3517,ravdess,22,03-01-05-02-02-02-22.wav,Angry,221,Angry,Happy,False,0.94600034,0.02832851,0.00025733476,0.01590067,0.94600034,0.00033345714,0.00016594179,0.009013847
3518,ravdess,22,03-01-06-01-01-01-22.wav,Fear,170,Fear,Angry,False,0.5837879,0.5837879,0.00056126027,0.043675873,0.3539288,0.0036230811,0.00014717717,0.014275914
3519,ravdess,22,03-01-06-01-01-02-22.wav,Fear,173,Fear,Angry,False,0.8055322,0.8055322,0.0038020574,0.072864465,0.050892524,0.051519815,0.0013503872,0.014038532
3520,ravdess,22,03-01-06-01-02-01-22.wav,Fear,186,Fear,Angry,False,0.51669884,0.51669884,0.008401387,0.012035333,0.109960735,0.29717326,0.00031379695,0.055416595
3521,ravdess,22,03-01-06-01-02-02-22.wav,Fear,167,Fear,Happy,False,0.96506184,0.024081387,1.9482673e-05,0.0014710769,0.96506184,5.6570487e-05,1.238381e-05,0.009297307
3522,ravdess,22,03-01-06-02-01-01-22.wav,Fear,164,Fear,Happy,False,0.8307758,0.101371124,5.752689e-05,0.06131335,0.8307758,0.000494947,1.9903431e-05,0.0059674717
3523,ravdess,22,03-01-06-02-01-02-22.wav,Fear,164,Fear,Happy,False,0.91718453,0.018313838,3.3353637e-05,0.058330186,0.91718453,1.776206e-05,2.5527665e-06,0.006117896
3524,ravdess,22,03-01-06-02-02-01-22.wav,Fear,173,Fear,Happy,False,0.5191024,0.015928578,2.9866565e-05,0.45886377,0.5191024,0.0004908502,2.808421e-05,0.00555646
3525,ravdess,22,03-01-06-02-02-02-22.wav,Fear,170,Fear,Happy,False,0.73924893,0.015979229,1.3737888e-05,0.1674487,0.73924893,0.00041622683,8.028493e-06,0.076885104
3526,ravdess,22,03-01-07-01-01-01-22.wav,Disgust,180,Disgust,Happy,False,0.64125097,0.26255015,0.011336128,0.028351134,0.64125097,0.009726682,0.0020045822,0.044780377
3527,ravdess,22,03-01-07-01-01-02-22.wav,Disgust,199,Disgust,Happy,False,0.7446532,0.18306488,0.04764593,0.0031045997,0.7446532,0.001470522,0.0003460734,0.019714694
3528,ravdess,22,03-01-07-01-02-01-22.wav,Disgust,189,Disgust,Happy,False,0.6382837,0.019364396,0.0013204813,0.028023364,0.6382837,0.003361848,8.7491324e-05,0.3095587
3529,ravdess,22,03-01-07-01-02-02-22.wav,Disgust,189,Disgust,Happy,False,0.9546288,0.02406326,0.001079244,0.0034619137,0.9546288,0.0025915904,7.765133e-05,0.014097424
3530,ravdess,22,03-01-07-02-01-01-22.wav,Disgust,234,Disgust,Angry,False,0.561864,0.561864,0.13352191,0.00083058106,0.2722064,0.0009671042,0.0007639487,0.029846052
3531,ravdess,22,03-01-07-02-01-02-22.wav,Disgust,218,Disgust,Happy,False,0.43818405,0.36044958,0.04912556,0.03339637,0.43818405,0.013123867,0.027461605,0.0782589
3532,ravdess,22,03-01-07-02-02-01-22.wav,Disgust,228,Disgust,Happy,False,0.6826179,0.005712716,0.14246331,0.0033563164,0.6826179,0.00017957727,0.0016419366,0.16402833
3533,ravdess,22,03-01-07-02-02-02-22.wav,Disgust,269,Disgust,Surprise,False,0.95192665,0.003805131,0.0005545106,0.0015021887,0.042147037,2.6673185e-06,6.1733444e-05,0.95192665
3534,ravdess,22,03-01-08-01-01-01-22.wav,Surprise,167,Surprise,Happy,False,0.9989735,1.1781086e-05,1.1384786e-06,0.00011848991,0.9989735,3.543992e-08,3.538813e-07,0.00089472916
3535,ravdess,22,03-01-08-01-01-02-22.wav,Surprise,170,Surprise,Happy,False,0.9981375,0.00015681969,3.8786893e-06,0.00030184863,0.9981375,1.2726414e-06,3.3765486e-06,0.0013951997
3536,ravdess,22,03-01-08-01-02-01-22.wav,Surprise,157,Surprise,Happy,False,0.9971614,0.00022148617,1.0404715e-06,0.0007607113,0.9971614,4.1895242e-07,3.714055e-06,0.0018513498
3537,ravdess,22,03-01-08-01-02-02-22.wav,Surprise,170,Surprise,Happy,False,0.9993544,0.00020369024,7.178856e-07,5.2770112e-05,0.9993544,5.5972737e-07,2.7066568e-07,0.00038750577
3538,ravdess,22,03-01-08-02-01-01-22.wav,Surprise,167,Surprise,Happy,False,0.999826,2.092686e-06,1.1313147e-07,4.628872e-05,0.999826,7.3430066e-09,5.3493878e-08,0.00012543867
3539,ravdess,22,03-01-08-02-01-02-22.wav,Surprise,180,Surprise,Happy,False,0.9999908,3.348166e-07,7.957948e-08,2.0877403e-06,0.9999908,2.9666924e-09,7.779324e-09,6.665304e-06
3540,ravdess,22,03-01-08-02-02-01-22.wav,Surprise,180,Surprise,Happy,False,0.99982685,5.7384914e-06,3.189804e-07,1.322685e-05,0.99982685,1.533764e-08,3.9008288e-08,0.00015386532
3541,ravdess,22,03-01-08-02-02-02-22.wav,Surprise,170,Surprise,Happy,False,0.99920875,1.0992196e-06,4.6413057e-08,0.00053292984,0.99920875,7.353101e-09,2.2249697e-08,0.00025709823
3542,ravdess,23,03-01-01-01-01-01-23.wav,Neutral,189,Neutral,Angry,False,0.6774925,0.6774925,0.16651025,0.00032450922,0.018182317,0.13398601,0.00043502345,0.003069358
3543,ravdess,23,03-01-01-01-01-02-23.wav,Neutral,183,Neutral,Neutral,True,0.49281025,0.35639644,0.12201855,0.0007895317,0.009986257,0.49281025,0.0007638113,0.017235126
3544,ravdess,23,03-01-01-01-02-01-23.wav,Neutral,173,Neutral,Neutral,True,0.99044776,0.002708942,0.0037771869,5.579068e-05,0.00018003614,0.99044776,0.00014441856,0.0026858891
3545,ravdess,23,03-01-01-01-02-02-23.wav,Neutral,189,Neutral,Neutral,True,0.9874878,0.0004011499,0.0101690125,2.750079e-05,0.0002258184,0.9874878,0.0012530785,0.0004357195
3546,ravdess,23,03-01-03-01-01-01-23.wav,Happy,141,Happy,Happy,True,0.40209255,0.22162642,0.001243424,0.3600745,0.40209255,0.00024934212,0.00023197907,0.014481765
3547,ravdess,23,03-01-03-01-01-02-23.wav,Happy,132,Happy,Happy,True,0.5482628,0.36921406,0.00076732103,0.053524226,0.5482628,1.5582911e-05,3.6215013e-05,0.028179763
3548,ravdess,23,03-01-03-01-02-01-23.wav,Happy,135,Happy,Angry,False,0.8921037,0.8921037,0.0023617684,0.06871064,0.013650336,0.0064022974,5.6443823e-05,0.016714785
3549,ravdess,23,03-01-03-01-02-02-23.wav,Happy,135,Happy,Angry,False,0.97952086,0.97952086,0.0023223595,0.0034568803,0.005181766,0.0054202047,9.87538e-06,0.0040880153
3550,ravdess,23,03-01-03-02-01-01-23.wav,Happy,125,Happy,Fear,False,0.5822276,0.39419138,3.354e-05,0.5822276,0.022084588,0.00013924408,0.000100196994,0.0012234423
3551,ravdess,23,03-01-03-02-01-02-23.wav,Happy,125,Happy,Fear,False,0.7948636,0.1404826,6.306252e-05,0.7948636,0.06119392,5.5666125e-05,8.0092046e-05,0.0032611135
3552,ravdess,23,03-01-03-02-02-01-23.wav,Happy,125,Happy,Angry,False,0.7633592,0.7633592,3.7121958e-05,0.21718906,0.01597475,0.0001572932,1.8113687e-05,0.0032644912
3553,ravdess,23,03-01-03-02-02-02-23.wav,Happy,129,Happy,Fear,False,0.40701604,0.4056559,0.00011931226,0.40701604,0.18333092,0.00027205382,6.227181e-05,0.0035435134
3554,ravdess,23,03-01-04-01-01-01-23.wav,Sad,173,Sad,Neutral,False,0.72599673,0.24512097,0.021717321,0.00021655808,0.0064289537,0.72599673,0.00032270598,0.0001967124
3555,ravdess,23,03-01-04-01-01-02-23.wav,Sad,199,Sad,Neutral,False,0.863876,0.03294006,0.10273778,1.1662435e-05,4.2850075e-05,0.863876,0.00037416548,1.7458618e-05
3556,ravdess,23,03-01-04-01-02-01-23.wav,Sad,167,Sad,Angry,False,0.885222,0.885222,0.004708672,0.0014333253,0.032349557,0.05308635,0.00038814347,0.02281186
3557,ravdess,23,03-01-04-01-02-02-23.wav,Sad,173,Sad,Angry,False,0.63957095,0.63957095,0.021936323,0.0035379017,0.003997307,0.32883906,0.0007530491,0.0013653635
3558,ravdess,23,03-01-04-02-01-01-23.wav,Sad,301,Sad,Angry,False,0.50243807,0.50243807,0.0040888493,0.005523844,0.38691324,0.0009572596,0.00016213422,0.09991656
3559,ravdess,23,03-01-04-02-01-02-23.wav,Sad,305,Sad,Angry,False,0.5302047,0.5302047,0.061448906,0.013552538,0.2065285,0.029656509,0.009432762,0.14917606
3560,ravdess,23,03-01-04-02-02-01-23.wav,Sad,205,Sad,Neutral,False,0.8879716,0.08272698,0.011976737,0.0002105571,0.002706291,0.8879716,0.0021380286,0.012269771
3561,ravdess,23,03-01-04-02-02-02-23.wav,Sad,333,Sad,Sad,True,0.5900028,0.10633465,0.052517638,0.029321974,0.02282479,0.10775732,0.5900028,0.09124087
3562,ravdess,23,03-01-05-01-01-01-23.wav,Angry,129,Angry,Angry,True,0.9409062,0.9409062,0.0003218086,0.03968415,0.018176535,0.00016232488,4.7242298e-05,0.0007017543
3563,ravdess,23,03-01-05-01-01-02-23.wav,Angry,138,Angry,Angry,True,0.9576339,0.9576339,5.2360032e-05,0.0319174,0.009145177,0.00024577155,1.0313045e-05,0.0009950037
3564,ravdess,23,03-01-05-01-02-01-23.wav,Angry,135,Angry,Angry,True,0.98906296,0.98906296,3.4246223e-05,0.0069403853,0.0020402411,3.3880864e-05,4.4182757e-06,0.0018838983
3565,ravdess,23,03-01-05-01-02-02-23.wav,Angry,138,Angry,Angry,True,0.99394774,0.99394774,6.1026076e-06,0.005496822,0.00036159923,3.1338797e-05,2.2442039e-06,0.00015407632
3566,ravdess,23,03-01-05-02-01-01-23.wav,Angry,145,Angry,Fear,False,0.48719794,0.019781502,3.894917e-06,0.48719794,0.4862239,4.9456035e-06,1.2029886e-05,0.006775817
3567,ravdess,23,03-01-05-02-01-02-23.wav,Angry,132,Angry,Happy,False,0.99957544,3.9681792e-05,6.260547e-07,0.00033421206,0.99957544,1.326876e-07,3.8485382e-07,4.954797e-05
3568,ravdess,23,03-01-05-02-02-01-23.wav,Angry,125,Angry,Happy,False,0.52695143,0.08128533,2.7778293e-05,0.14055832,0.52695143,8.677389e-06,1.906156e-05,0.2511494
3569,ravdess,23,03-01-05-02-02-02-23.wav,Angry,132,Angry,Happy,False,0.8546252,0.09777428,1.2713799e-05,0.026908316,0.8546252,9.043023e-06,7.767166e-06,0.02066263
3570,ravdess,23,03-01-06-01-01-01-23.wav,Fear,151,Fear,Happy,False,0.90784997,0.08459366,0.00212971,0.0020260056,0.90784997,0.0025922807,3.1013744e-05,0.0007774388
3571,ravdess,23,03-01-06-01-01-02-23.wav,Fear,132,Fear,Angry,False,0.8109044,0.8109044,0.0032926581,0.0025483796,0.17943035,0.0025421414,4.8356516e-05,0.001233654
3572,ravdess,23,03-01-06-01-02-01-23.wav,Fear,125,Fear,Angry,False,0.99159676,0.99159676,0.0004987897,0.00042587056,0.0041126204,0.0021146326,2.9317594e-06,0.0012483903
3573,ravdess,23,03-01-06-01-02-02-23.wav,Fear,122,Fear,Angry,False,0.9957801,0.9957801,0.0014997522,0.00014530885,0.0010135514,0.0011889666,1.3165359e-06,0.00037111662
3574,ravdess,23,03-01-06-02-01-01-23.wav,Fear,164,Fear,Happy,False,0.9966897,0.0012682385,0.00079440896,0.00022470923,0.9966897,0.00042102457,9.775009e-06,0.0005922502
3575,ravdess,23,03-01-06-02-01-02-23.wav,Fear,151,Fear,Happy,False,0.9881011,0.002258949,1.9085646e-05,0.008322601,0.9881011,2.4125577e-05,1.7595816e-06,0.0012723377
3576,ravdess,23,03-01-06-02-02-01-23.wav,Fear,154,Fear,Angry,False,0.5993139,0.5993139,0.0020925482,0.017287392,0.34261125,0.0050916593,5.3894004e-05,0.033549305
3577,ravdess,23,03-01-06-02-02-02-23.wav,Fear,161,Fear,Angry,False,0.5857758,0.5857758,0.0062834257,0.095761985,0.13852665,0.09585324,0.00016305318,0.077635795
3578,ravdess,23,03-01-07-01-01-01-23.wav,Disgust,167,Disgust,Angry,False,0.6648136,0.6648136,0.078994244,0.0009222406,0.088048,0.16311498,0.00010372625,0.0040032347
3579,ravdess,23,03-01-07-01-01-02-23.wav,Disgust,167,Disgust,Neutral,False,0.6018631,0.18525434,0.03951586,0.0026694513,0.16694689,0.6018631,0.00027114022,0.0034792756
3580,ravdess,23,03-01-07-01-02-01-23.wav,Disgust,154,Disgust,Angry,False,0.7306929,0.7306929,0.038634885,0.0024314502,0.104156174,0.11718767,0.0005252181,0.0063717053
3581,ravdess,23,03-01-07-01-02-02-23.wav,Disgust,145,Disgust,Angry,False,0.9973195,0.9973195,0.0011324483,6.4487154e-05,0.00014130874,0.0011861728,1.2217896e-06,0.00015487999
3582,ravdess,23,03-01-07-02-01-01-23.wav,Disgust,215,Disgust,Happy,False,0.8743189,0.0672875,0.024173535,0.0016519888,0.8743189,0.030092556,0.0011562204,0.0013192764
3583,ravdess,23,03-01-07-02-01-02-23.wav,Disgust,196,Disgust,Happy,False,0.50259435,0.47050735,0.0039546983,0.0022849021,0.50259435,0.017311959,7.360674e-05,0.0032731458
3584,ravdess,23,03-01-07-02-02-01-23.wav,Disgust,183,Disgust,Angry,False,0.3851372,0.3851372,0.01775455,0.03279728,0.24769396,0.17509103,0.00015465709,0.1413713
3585,ravdess,23,03-01-07-02-02-02-23.wav,Disgust,189,Disgust,Angry,False,0.7006796,0.7006796,0.055976856,0.00050742633,0.0577681,0.17526586,0.0003497856,0.009452308
3586,ravdess,23,03-01-08-01-01-01-23.wav,Surprise,132,Surprise,Angry,False,0.46684125,0.46684125,0.0002982581,0.3747937,0.14442036,0.00039946643,6.558644e-05,0.013181378
3587,ravdess,23,03-01-08-01-01-02-23.wav,Surprise,132,Surprise,Angry,False,0.92332613,0.92332613,0.00013507025,0.056361806,0.013619561,0.00030493436,4.109177e-05,0.00621144
3588,ravdess,23,03-01-08-01-02-01-23.wav,Surprise,132,Surprise,Happy,False,0.4406131,0.2763206,0.00017995811,0.081448734,0.4406131,2.3401966e-05,5.0450817e-05,0.20136377
3589,ravdess,23,03-01-08-01-02-02-23.wav,Surprise,132,Surprise,Angry,False,0.7875042,0.7875042,0.0004300502,0.025767148,0.102798,0.00012359946,2.8848053e-05,0.08334807
3590,ravdess,23,03-01-08-02-01-01-23.wav,Surprise,154,Surprise,Happy,False,0.9856009,0.0020987806,2.0552127e-06,0.0098577,0.9856009,2.221308e-06,1.2741831e-06,0.0024370707
3591,ravdess,23,03-01-08-02-01-02-23.wav,Surprise,141,Surprise,Happy,False,0.42539153,0.2910101,7.6427044e-05,0.278506,0.42539153,0.00019482075,7.517566e-05,0.004745984
3592,ravdess,23,03-01-08-02-02-01-23.wav,Surprise,135,Surprise,Angry,False,0.5965782,0.5965782,1.3701955e-05,0.2951093,0.08650637,5.9328624e-05,1.08697795e-05,0.021722263
3593,ravdess,23,03-01-08-02-02-02-23.wav,Surprise,135,Surprise,Angry,False,0.5259661,0.5259661,3.2474425e-05,0.44509235,0.021486333,2.748593e-05,4.2712727e-05,0.0073525454
3594,ravdess,24,03-01-01-01-01-01-24.wav,Neutral,180,Neutral,Angry,False,0.6641814,0.6641814,0.0031524359,0.047618967,0.27518842,0.0040025497,0.00091807224,0.004938157
3595,ravdess,24,03-01-01-01-01-02-24.wav,Neutral,177,Neutral,Angry,False,0.44636658,0.44636658,0.00032177154,0.17637609,0.37218994,0.003261899,0.00052743737,0.0009561994
3596,ravdess,24,03-01-01-01-02-01-24.wav,Neutral,173,Neutral,Angry,False,0.99960464,0.99960464,5.869267e-06,1.213588e-05,0.00025985469,4.151122e-05,2.61802e-05,4.9794748e-05
3597,ravdess,24,03-01-01-01-02-02-24.wav,Neutral,170,Neutral,Angry,False,0.97531974,0.97531974,5.5990804e-05,0.0008366903,0.021930981,0.0010313584,1.6641208e-05,0.00080859347
3598,ravdess,24,03-01-03-01-01-01-24.wav,Happy,170,Happy,Angry,False,0.8785547,0.8785547,0.0005043361,0.035404664,0.082487054,0.0005039034,0.0011018872,0.0014435155
3599,ravdess,24,03-01-03-01-01-02-24.wav,Happy,196,Happy,Angry,False,0.973436,0.973436,0.0012540052,0.001206848,0.013489234,0.0074769356,0.002960017,0.00017696613
3600,ravdess,24,03-01-03-01-02-01-24.wav,Happy,161,Happy,Angry,False,0.9889492,0.9889492,4.4435918e-05,0.00072231964,0.007868102,2.8680543e-05,3.9058654e-05,0.0023481885
3601,ravdess,24,03-01-03-01-02-02-24.wav,Happy,180,Happy,Happy,True,0.8922304,0.093088135,0.00021342098,0.0024948968,0.8922304,0.0014186788,0.00083908055,0.009715453
3602,ravdess,24,03-01-03-02-01-01-24.wav,Happy,205,Happy,Happy,True,0.84395075,0.13336334,0.0022721775,0.016425231,0.84395075,0.0019361392,0.00022874455,0.0018235586
3603,ravdess,24,03-01-03-02-01-02-24.wav,Happy,180,Happy,Angry,False,0.64242893,0.64242893,0.0001918575,0.08376664,0.26798376,0.0029607979,0.0006142131,0.0020538236
3604,ravdess,24,03-01-03-02-02-01-24.wav,Happy,189,Happy,Happy,True,0.5698033,0.4021789,0.00065725105,0.016933385,0.5698033,0.0037853473,0.00012417822,0.006517727
3605,ravdess,24,03-01-03-02-02-02-24.wav,Happy,193,Happy,Happy,True,0.75740504,0.0028615477,4.474818e-05,0.03403915,0.75740504,0.00012038853,3.1657228e-06,0.20552588
3606,ravdess,24,03-01-04-01-01-01-24.wav,Sad,218,Sad,Disgust,False,0.48226598,0.013177294,0.48226598,0.00025017554,9.544023e-05,0.034389727,0.4697931,2.8241286e-05
3607,ravdess,24,03-01-04-01-01-02-24.wav,Sad,209,Sad,Angry,False,0.5243979,0.5243979,0.0024373026,0.00361375,0.021577679,0.44482765,0.001216791,0.0019288578
3608,ravdess,24,03-01-04-01-02-01-24.wav,Sad,161,Sad,Angry,False,0.98458683,0.98458683,4.6012796e-05,0.00014654092,0.014561793,0.00011293101,5.406834e-05,0.00049180584
3609,ravdess,24,03-01-04-01-02-02-24.wav,Sad,186,Sad,Angry,False,0.81495833,0.81495833,0.009418136,0.0005259245,0.16448694,0.0050661736,0.00046213655,0.0050823414
3610,ravdess,24,03-01-04-02-01-01-24.wav,Sad,250,Sad,Happy,False,0.8517864,0.007710425,4.1990893e-06,0.028821444,0.8517864,1.5279591e-06,4.323026e-06,0.11167158
3611,ravdess,24,03-01-04-02-01-02-24.wav,Sad,263,Sad,Happy,False,0.71414924,0.15497568,0.0017304305,0.0045359833,0.71414924,0.00023964737,7.839012e-05,0.12429067
3612,ravdess,24,03-01-04-02-02-01-24.wav,Sad,276,Sad,Angry,False,0.7814153,0.7814153,0.0010481887,0.0018592286,0.019038942,5.2028463e-05,4.9690858e-05,0.19653666
3613,ravdess,24,03-01-04-02-02-02-24.wav,Sad,282,Sad,Angry,False,0.80428976,0.80428976,0.0154963685,0.0027094036,0.15719624,0.0027746498,0.00035945646,0.01717411
3614,ravdess,24,03-01-05-01-01-01-24.wav,Angry,215,Angry,Happy,False,0.5553655,0.4321901,0.0010753706,0.0033987197,0.5553655,0.0011987855,0.00014744482,0.0066240546
3615,ravdess,24,03-01-05-01-01-02-24.wav,Angry,180,Angry,Angry,True,0.6592872,0.6592872,8.516851e-05,0.15852429,0.16635923,0.0036021494,0.0009531729,0.011188686
3616,ravdess,24,03-01-05-01-02-01-24.wav,Angry,177,Angry,Angry,True,0.837801,0.837801,0.00020609418,0.004283793,0.15023881,0.0032203186,9.1390706e-05,0.004158497
3617,ravdess,24,03-01-05-01-02-02-24.wav,Angry,221,Angry,Happy,False,0.9127433,0.06340418,0.0016337092,0.008320923,0.9127433,0.00558959,0.0005675337,0.0077407234
3618,ravdess,24,03-01-05-02-01-01-24.wav,Angry,234,Angry,Angry,True,0.65814036,0.65814036,0.0018782291,0.01655477,0.30795693,0.0017000181,0.0001008085,0.013668826
3619,ravdess,24,03-01-05-02-01-02-24.wav,Angry,234,Angry,Happy,False,0.8221463,0.058968056,0.0010380392,0.019540606,0.8221463,0.0004631014,0.00014725032,0.0976966
3620,ravdess,24,03-01-05-02-02-01-24.wav,Angry,225,Angry,Happy,False,0.5825751,0.1709,0.0017439515,0.2297317,0.5825751,0.0020919505,0.00017858838,0.012778732
3621,ravdess,24,03-01-05-02-02-02-24.wav,Angry,314,Angry,Surprise,False,0.52047217,0.016218226,0.0012385438,0.12544844,0.33557507,3.2424683e-05,0.0010151231,0.52047217
3622,ravdess,24,03-01-06-01-01-01-24.wav,Fear,202,Fear,Happy,False,0.9849835,0.0001564266,4.671042e-06,0.012275613,0.9849835,4.2920137e-06,3.7042967e-06,0.0025717947
3623,ravdess,24,03-01-06-01-01-02-24.wav,Fear,218,Fear,Happy,False,0.5942038,0.00071216066,3.392882e-05,0.1275837,0.5942038,1.0995764e-05,4.458254e-06,0.27745098
3624,ravdess,24,03-01-06-01-02-01-24.wav,Fear,193,Fear,Happy,False,0.96377057,0.00081364764,8.0838e-06,0.024091404,0.96377057,1.2151561e-05,6.464281e-07,0.011303572
3625,ravdess,24,03-01-06-01-02-02-24.wav,Fear,205,Fear,Happy,False,0.92215776,0.0032955983,1.4923731e-05,0.053702593,0.92215776,2.1839505e-05,5.7020675e-06,0.020801608
3626,ravdess,24,03-01-06-02-01-01-24.wav,Fear,180,Fear,Angry,False,0.8993186,0.8993186,0.00010567375,0.0067385784,0.053126175,0.00011459395,8.306825e-05,0.040513303
3627,ravdess,24,03-01-06-02-01-02-24.wav,Fear,193,Fear,Surprise,False,0.80275106,0.041615814,0.00017018338,0.038084414,0.115135625,0.0021627045,8.019651e-05,0.80275106
3628,ravdess,24,03-01-06-02-02-01-24.wav,Fear,157,Fear,Happy,False,0.9327868,0.037135217,4.413263e-05,0.023709638,0.9327868,2.1269747e-05,1.42320305e-05,0.0062886747
3629,ravdess,24,03-01-06-02-02-02-24.wav,Fear,189,Fear,Angry,False,0.962587,0.962587,4.7028265e-05,0.00025359602,0.026951762,0.0004047847,3.660253e-05,0.009719207
3630,ravdess,24,03-01-07-01-01-01-24.wav,Disgust,237,Disgust,Angry,False,0.9032099,0.9032099,0.015449077,0.010001217,0.031804133,0.005255685,0.007986214,0.02629385
3631,ravdess,24,03-01-07-01-01-02-24.wav,Disgust,218,Disgust,Happy,False,0.5216132,0.3746268,0.007397282,0.06848635,0.5216132,0.0040095393,0.0005391087,0.023327751
3632,ravdess,24,03-01-07-01-02-01-24.wav,Disgust,205,Disgust,Happy,False,0.69802326,0.26891956,0.00065196614,0.0064979545,0.69802326,0.013782511,0.0005853714,0.011539427
3633,ravdess,24,03-01-07-01-02-02-24.wav,Disgust,218,Disgust,Happy,False,0.6725514,0.1694306,0.008348629,0.0049616704,0.6725514,0.11491902,0.0014384794,0.028350193
3634,ravdess,24,03-01-07-02-01-01-24.wav,Disgust,247,Disgust,Angry,False,0.8621101,0.8621101,0.02136038,0.0005820889,0.07689063,0.012666337,5.7844234e-05,0.02633257
3635,ravdess,24,03-01-07-02-01-02-24.wav,Disgust,263,Disgust,Happy,False,0.794064,0.07540072,0.00027296573,0.020469368,0.794064,0.00053880725,0.00019516589,0.10905903
3636,ravdess,24,03-01-07-02-02-01-24.wav,Disgust,218,Disgust,Happy,False,0.48774347,0.31898993,0.0074274247,0.15733907,0.48774347,0.011369886,0.0011673318,0.015962947
3637,ravdess,24,03-01-07-02-02-02-24.wav,Disgust,250,Disgust,Angry,False,0.623409,0.623409,0.0019673104,0.17596234,0.14823073,0.0051524513,0.00025062403,0.045027602
3638,ravdess,24,03-01-08-01-01-01-24.wav,Surprise,145,Surprise,Happy,False,0.9996897,2.0842124e-05,5.597443e-07,0.00015623547,0.9996897,2.5184637e-08,2.6839004e-07,0.00013231892
3639,ravdess,24,03-01-08-01-01-02-24.wav,Surprise,170,Surprise,Happy,False,0.8984059,0.0015970333,5.5411465e-06,0.028425014,0.8984059,6.4192506e-07,3.0998915e-06,0.07156276
3640,ravdess,24,03-01-08-01-02-01-24.wav,Surprise,145,Surprise,Happy,False,0.9905413,0.0012670145,5.695742e-06,0.0014178588,0.9905413,1.5621328e-06,5.269589e-06,0.00676133
3641,ravdess,24,03-01-08-01-02-02-24.wav,Surprise,148,Surprise,Happy,False,0.9937158,0.002470144,8.2007153e-07,0.0032814285,0.9937158,1.1377099e-06,1.5316499e-06,0.0005290472
3642,ravdess,24,03-01-08-02-01-01-24.wav,Surprise,202,Surprise,Happy,False,0.966634,0.01228339,0.00014854045,0.017822562,0.966634,0.00022842079,0.00024437637,0.002638816
3643,ravdess,24,03-01-08-02-01-02-24.wav,Surprise,199,Surprise,Happy,False,0.990476,0.0042250534,5.9823047e-05,0.0029137607,0.990476,0.0002307036,6.35788e-05,0.0020310092
3644,ravdess,24,03-01-08-02-02-01-24.wav,Surprise,202,Surprise,Happy,False,0.95999676,0.0001290914,6.3490425e-06,0.0011615363,0.95999676,2.2095624e-06,1.5435959e-06,0.03870248
3645,ravdess,24,03-01-08-02-02-02-24.wav,Surprise,186,Surprise,Happy,False,0.99996305,1.4699309e-07,1.4528823e-08,3.2739965e-06,0.99996305,4.9722676e-10,5.1317803e-09,3.36078e-05
