filepath,expected_duration,actual_duration
ravdess/Audio_Speech_Actors_01-24_16k/Actor_01/03-01-01-01-01-01-01.wav,3.3033125,1.376
ravdess/Audio_Speech_Actors_01-24_16k/Actor_01/03-01-01-01-01-02-01.wav,3.3366875,1.376
ravdess/Audio_Speech_Actors_01-24_16k/Actor_01/03-01-01-01-02-01-01.wav,3.2699375,1.344
ravdess/Audio_Speech_Actors_01-24_16k/Actor_01/03-01-01-01-02-02-01.wav,3.169875,1.28
ravdess/Audio_Speech_Actors_01-24_16k/Actor_01/03-01-03-01-01-01-01.wav,3.4701875,1.6
ravdess/Audio_Speech_Actors_01-24_16k/Actor_01/03-01-03-01-01-02-01.wav,3.470125,1.792
ravdess/Audio_Speech_Actors_01-24_16k/Actor_01/03-01-03-01-02-01-01.wav,3.536875,1.568
ravdess/Audio_Speech_Actors_01-24_16k/Actor_01/03-01-03-01-02-02-01.wav,3.70375,1.792
ravdess/Audio_Speech_Actors_01-24_16k/Actor_01/03-01-03-02-01-01-01.wav,3.670375,1.696
ravdess/Audio_Speech_Actors_01-24_16k/Actor_01/03-01-03-02-01-02-01.wav,3.637,1.888
ravdess/Audio_Speech_Actors_01-24_16k/Actor_01/03-01-03-02-02-01-01.wav,3.93725,1.984
ravdess/Audio_Speech_Actors_01-24_16k/Actor_01/03-01-03-02-02-02-01.wav,3.9373125,2.016
ravdess/Audio_Speech_Actors_01-24_16k/Actor_01/03-01-04-01-01-01-01.wav,3.8371875,1.856
ravdess/Audio_Speech_Actors_01-24_16k/Actor_01/03-01-04-01-01-02-01.wav,3.57025,1.664
ravdess/Audio_Speech_Actors_01-24_16k/Actor_01/03-01-04-01-02-01-01.wav,3.5035,1.536
ravdess/Audio_Speech_Actors_01-24_16k/Actor_01/03-01-04-01-02-02-01.wav,3.3700625,1.472
ravdess/Audio_Speech_Actors_01-24_16k/Actor_01/03-01-04-02-01-01-01.wav,3.8038125,1.888
ravdess/Audio_Speech_Actors_01-24_16k/Actor_01/03-01-04-02-01-02-01.wav,3.70375,1.728
ravdess/Audio_Speech_Actors_01-24_16k/Actor_01/03-01-04-02-02-01-01.wav,3.737125,1.792
ravdess/Audio_Speech_Actors_01-24_16k/Actor_01/03-01-04-02-02-02-01.wav,3.7370625,1.792
ravdess/Audio_Speech_Actors_01-24_16k/Actor_01/03-01-05-01-01-01-01.wav,3.8705625,1.92
ravdess/Audio_Speech_Actors_01-24_16k/Actor_01/03-01-05-01-01-02-01.wav,3.9373125,2.048
ravdess/Audio_Speech_Actors_01-24_16k/Actor_01/03-01-05-01-02-01-01.wav,3.5035,1.568
ravdess/Audio_Speech_Actors_01-24_16k/Actor_01/03-01-05-01-02-02-01.wav,3.7370625,1.792
ravdess/Audio_Speech_Actors_01-24_16k/Actor_01/03-01-05-02-01-01-01.wav,4.104125,2.08
ravdess/Audio_Speech_Actors_01-24_16k/Actor_01/03-01-05-02-01-02-01.wav,4.3710625,3.2
ravdess/Audio_Speech_Actors_01-24_16k/Actor_01/03-01-05-02-02-01-01.wav,4.1375,2.112
ravdess/Audio_Speech_Actors_01-24_16k/Actor_01/03-01-05-02-02-02-01.wav,4.4378125,2.4
ravdess/Audio_Speech_Actors_01-24_16k/Actor_01/03-01-06-01-01-01-01.wav,3.670375,1.728
ravdess/Audio_Speech_Actors_01-24_16k/Actor_01/03-01-06-01-01-02-01.wav,3.637,1.76
ravdess/Audio_Speech_Actors_01-24_16k/Actor_01/03-01-06-01-02-01-01.wav,3.4368125,3.4048125
ravdess/Audio_Speech_Actors_01-24_16k/Actor_01/03-01-06-01-02-02-01.wav,3.7036875,1.952
ravdess/Audio_Speech_Actors_01-24_16k/Actor_01/03-01-06-02-01-01-01.wav,5.005,2.88
ravdess/Audio_Speech_Actors_01-24_16k/Actor_01/03-01-06-02-01-02-01.wav,4.2375625,2.304
ravdess/Audio_Speech_Actors_01-24_16k/Actor_01/03-01-06-02-02-01-01.wav,3.970625,1.824
ravdess/Audio_Speech_Actors_01-24_16k/Actor_01/03-01-06-02-02-02-01.wav,3.9039375,1.824
ravdess/Audio_Speech_Actors_01-24_16k/Actor_01/03-01-07-01-01-01-01.wav,3.8705625,2.048
ravdess/Audio_Speech_Actors_01-24_16k/Actor_01/03-01-07-01-01-02-01.wav,3.9039375,2.016
ravdess/Audio_Speech_Actors_01-24_16k/Actor_01/03-01-07-01-02-01-01.wav,3.9039375,2.016
ravdess/Audio_Speech_Actors_01-24_16k/Actor_01/03-01-07-01-02-02-01.wav,3.8371875,1.92
ravdess/Audio_Speech_Actors_01-24_16k/Actor_01/03-01-07-02-01-01-01.wav,4.3043125,2.336
ravdess/Audio_Speech_Actors_01-24_16k/Actor_01/03-01-07-02-01-02-01.wav,4.104125,2.08
ravdess/Audio_Speech_Actors_01-24_16k/Actor_01/03-01-07-02-02-01-01.wav,4.037375,2.432
ravdess/Audio_Speech_Actors_01-24_16k/Actor_01/03-01-07-02-02-02-01.wav,4.3710625,2.368
ravdess/Audio_Speech_Actors_01-24_16k/Actor_01/03-01-08-01-01-01-01.wav,3.4034375,1.472
ravdess/Audio_Speech_Actors_01-24_16k/Actor_01/03-01-08-01-01-02-01.wav,3.2699375,1.344
ravdess/Audio_Speech_Actors_01-24_16k/Actor_01/03-01-08-01-02-01-01.wav,3.536875,1.6
ravdess/Audio_Speech_Actors_01-24_16k/Actor_01/03-01-08-01-02-02-01.wav,3.2699375,1.408
ravdess/Audio_Speech_Actors_01-24_16k/Actor_01/03-01-08-02-01-01-01.wav,3.43675,1.472
ravdess/Audio_Speech_Actors_01-24_16k/Actor_01/03-01-08-02-01-02-01.wav,3.57025,1.632
ravdess/Audio_Speech_Actors_01-24_16k/Actor_01/03-01-08-02-02-01-01.wav,3.5035,1.6
ravdess/Audio_Speech_Actors_01-24_16k/Actor_01/03-01-08-02-02-02-01.wav,3.2699375,1.344
ravdess/Audio_Speech_Actors_01-24_16k/Actor_02/03-01-01-01-01-01-02.wav,3.637,1.696
ravdess/Audio_Speech_Actors_01-24_16k/Actor_02/03-01-01-01-01-02-02.wav,3.603625,1.696
ravdess/Audio_Speech_Actors_01-24_16k/Actor_02/03-01-01-01-02-01-02.wav,3.7704375,1.792
ravdess/Audio_Speech_Actors_01-24_16k/Actor_02/03-01-01-01-02-02-02.wav,3.603625,1.664
ravdess/Audio_Speech_Actors_01-24_16k/Actor_02/03-01-03-01-01-01-02.wav,3.603625,1.632
ravdess/Audio_Speech_Actors_01-24_16k/Actor_02/03-01-03-01-01-02-02.wav,3.7036875,1.76
ravdess/Audio_Speech_Actors_01-24_16k/Actor_02/03-01-03-01-02-01-02.wav,3.7704375,1.824
ravdess/Audio_Speech_Actors_01-24_16k/Actor_02/03-01-03-01-02-02-02.wav,3.737125,1.792
ravdess/Audio_Speech_Actors_01-24_16k/Actor_02/03-01-03-02-01-01-02.wav,3.70375,1.632
ravdess/Audio_Speech_Actors_01-24_16k/Actor_02/03-01-03-02-01-02-02.wav,3.670375,1.664
ravdess/Audio_Speech_Actors_01-24_16k/Actor_02/03-01-03-02-02-01-02.wav,3.70375,1.728
ravdess/Audio_Speech_Actors_01-24_16k/Actor_02/03-01-03-02-02-02-02.wav,3.8705625,1.888
ravdess/Audio_Speech_Actors_01-24_16k/Actor_02/03-01-04-01-01-01-02.wav,3.8371875,1.92
ravdess/Audio_Speech_Actors_01-24_16k/Actor_02/03-01-04-01-01-02-02.wav,3.7704375,1.856
ravdess/Audio_Speech_Actors_01-24_16k/Actor_02/03-01-04-01-02-01-02.wav,3.7370625,1.792
ravdess/Audio_Speech_Actors_01-24_16k/Actor_02/03-01-04-01-02-02-02.wav,3.7704375,1.856
ravdess/Audio_Speech_Actors_01-24_16k/Actor_02/03-01-04-02-01-01-02.wav,3.737125,1.728
ravdess/Audio_Speech_Actors_01-24_16k/Actor_02/03-01-04-02-01-02-02.wav,3.7704375,1.856
ravdess/Audio_Speech_Actors_01-24_16k/Actor_02/03-01-04-02-02-01-02.wav,3.7036875,1.76
ravdess/Audio_Speech_Actors_01-24_16k/Actor_02/03-01-04-02-02-02-02.wav,3.670375,1.76
ravdess/Audio_Speech_Actors_01-24_16k/Actor_02/03-01-05-01-01-01-02.wav,3.670375,1.728
ravdess/Audio_Speech_Actors_01-24_16k/Actor_02/03-01-05-01-01-02-02.wav,3.670375,1.952
ravdess/Audio_Speech_Actors_01-24_16k/Actor_02/03-01-05-01-02-01-02.wav,3.7704375,1.856
ravdess/Audio_Speech_Actors_01-24_16k/Actor_02/03-01-05-01-02-02-02.wav,3.8038125,1.856
ravdess/Audio_Speech_Actors_01-24_16k/Actor_02/03-01-05-02-01-01-02.wav,3.9039375,1.92
ravdess/Audio_Speech_Actors_01-24_16k/Actor_02/03-01-05-02-01-02-02.wav,4.004,1.984
ravdess/Audio_Speech_Actors_01-24_16k/Actor_02/03-01-05-02-02-01-02.wav,4.004,1.952
ravdess/Audio_Speech_Actors_01-24_16k/Actor_02/03-01-05-02-02-02-02.wav,4.004,2.048
ravdess/Audio_Speech_Actors_01-24_16k/Actor_02/03-01-06-01-01-01-02.wav,3.637,1.696
ravdess/Audio_Speech_Actors_01-24_16k/Actor_02/03-01-06-01-01-02-02.wav,3.7370625,1.76
ravdess/Audio_Speech_Actors_01-24_16k/Actor_02/03-01-06-01-02-01-02.wav,3.670375,1.76
ravdess/Audio_Speech_Actors_01-24_16k/Actor_02/03-01-06-01-02-02-02.wav,3.7370625,1.792
ravdess/Audio_Speech_Actors_01-24_16k/Actor_02/03-01-06-02-01-01-02.wav,3.8038125,1.76
ravdess/Audio_Speech_Actors_01-24_16k/Actor_02/03-01-06-02-01-02-02.wav,3.637,1.632
ravdess/Audio_Speech_Actors_01-24_16k/Actor_02/03-01-06-02-02-01-02.wav,3.603625,1.6
ravdess/Audio_Speech_Actors_01-24_16k/Actor_02/03-01-06-02-02-02-02.wav,3.603625,1.6
ravdess/Audio_Speech_Actors_01-24_16k/Actor_02/03-01-07-01-01-01-02.wav,3.670375,1.856
ravdess/Audio_Speech_Actors_01-24_16k/Actor_02/03-01-07-01-01-02-02.wav,3.637,1.728
ravdess/Audio_Speech_Actors_01-24_16k/Actor_02/03-01-07-01-02-01-02.wav,3.8705625,1.984
ravdess/Audio_Speech_Actors_01-24_16k/Actor_02/03-01-07-01-02-02-02.wav,3.8371875,1.888
ravdess/Audio_Speech_Actors_01-24_16k/Actor_02/03-01-07-02-01-01-02.wav,4.1375,2.208
ravdess/Audio_Speech_Actors_01-24_16k/Actor_02/03-01-07-02-01-02-02.wav,4.1375,2.08
ravdess/Audio_Speech_Actors_01-24_16k/Actor_02/03-01-07-02-02-01-02.wav,4.004,2.112
ravdess/Audio_Speech_Actors_01-24_16k/Actor_02/03-01-07-02-02-02-02.wav,4.037375,2.08
ravdess/Audio_Speech_Actors_01-24_16k/Actor_02/03-01-08-01-01-01-02.wav,3.536875,1.536
ravdess/Audio_Speech_Actors_01-24_16k/Actor_02/03-01-08-01-01-02-02.wav,3.536875,1.632
ravdess/Audio_Speech_Actors_01-24_16k/Actor_02/03-01-08-01-02-01-02.wav,3.603625,1.632
ravdess/Audio_Speech_Actors_01-24_16k/Actor_02/03-01-08-01-02-02-02.wav,3.536875,1.6
ravdess/Audio_Speech_Actors_01-24_16k/Actor_02/03-01-08-02-01-01-02.wav,3.7370625,1.792
ravdess/Audio_Speech_Actors_01-24_16k/Actor_02/03-01-08-02-01-02-02.wav,3.7704375,1.824
ravdess/Audio_Speech_Actors_01-24_16k/Actor_02/03-01-08-02-02-01-02.wav,3.737125,1.792
ravdess/Audio_Speech_Actors_01-24_16k/Actor_02/03-01-08-02-02-02-02.wav,3.8038125,1.856
ravdess/Audio_Speech_Actors_01-24_16k/Actor_03/03-01-01-01-01-01-03.wav,3.4368125,1.568
ravdess/Audio_Speech_Actors_01-24_16k/Actor_03/03-01-01-01-01-02-03.wav,3.5035,1.632
ravdess/Audio_Speech_Actors_01-24_16k/Actor_03/03-01-01-01-02-01-03.wav,3.5035,1.632
ravdess/Audio_Speech_Actors_01-24_16k/Actor_03/03-01-01-01-02-02-03.wav,3.4701875,1.568
ravdess/Audio_Speech_Actors_01-24_16k/Actor_03/03-01-03-01-01-01-03.wav,3.7704375,1.888
ravdess/Audio_Speech_Actors_01-24_16k/Actor_03/03-01-03-01-01-02-03.wav,3.603625,1.824
ravdess/Audio_Speech_Actors_01-24_16k/Actor_03/03-01-03-01-02-01-03.wav,3.5035,1.696
ravdess/Audio_Speech_Actors_01-24_16k/Actor_03/03-01-03-01-02-02-03.wav,3.5035,1.664
ravdess/Audio_Speech_Actors_01-24_16k/Actor_03/03-01-03-02-01-01-03.wav,4.3043125,2.4
ravdess/Audio_Speech_Actors_01-24_16k/Actor_03/03-01-03-02-01-02-03.wav,4.4044375,2.528
ravdess/Audio_Speech_Actors_01-24_16k/Actor_03/03-01-03-02-02-01-03.wav,4.1375,2.848
ravdess/Audio_Speech_Actors_01-24_16k/Actor_03/03-01-03-02-02-02-03.wav,3.8371875,2.272
ravdess/Audio_Speech_Actors_01-24_16k/Actor_03/03-01-04-01-01-01-03.wav,3.603625,1.888
ravdess/Audio_Speech_Actors_01-24_16k/Actor_03/03-01-04-01-01-02-03.wav,3.57025,2.592
ravdess/Audio_Speech_Actors_01-24_16k/Actor_03/03-01-04-01-02-01-03.wav,3.57025,2.336
ravdess/Audio_Speech_Actors_01-24_16k/Actor_03/03-01-04-01-02-02-03.wav,3.536875,2.464
ravdess/Audio_Speech_Actors_01-24_16k/Actor_03/03-01-04-02-01-01-03.wav,3.7704375,2.592
ravdess/Audio_Speech_Actors_01-24_16k/Actor_03/03-01-04-02-01-02-03.wav,3.8371875,2.848
ravdess/Audio_Speech_Actors_01-24_16k/Actor_03/03-01-04-02-02-01-03.wav,3.470125,3.214125
ravdess/Audio_Speech_Actors_01-24_16k/Actor_03/03-01-04-02-02-02-03.wav,3.7036875,2.592
ravdess/Audio_Speech_Actors_01-24_16k/Actor_03/03-01-05-01-01-01-03.wav,4.004,2.112
ravdess/Audio_Speech_Actors_01-24_16k/Actor_03/03-01-05-01-01-02-03.wav,4.07075,2.176
ravdess/Audio_Speech_Actors_01-24_16k/Actor_03/03-01-05-01-02-01-03.wav,3.8038125,1.984
ravdess/Audio_Speech_Actors_01-24_16k/Actor_03/03-01-05-01-02-02-03.wav,3.8371875,2.8771875
ravdess/Audio_Speech_Actors_01-24_16k/Actor_03/03-01-05-02-01-01-03.wav,4.4044375,2.496
ravdess/Audio_Speech_Actors_01-24_16k/Actor_03/03-01-05-02-01-02-03.wav,4.4044375,2.528
ravdess/Audio_Speech_Actors_01-24_16k/Actor_03/03-01-05-02-02-01-03.wav,4.2375625,2.368
ravdess/Audio_Speech_Actors_01-24_16k/Actor_03/03-01-05-02-02-02-03.wav,4.5045,2.656
ravdess/Audio_Speech_Actors_01-24_16k/Actor_03/03-01-06-01-01-01-03.wav,3.737125,2.176
ravdess/Audio_Speech_Actors_01-24_16k/Actor_03/03-01-06-01-01-02-03.wav,3.8371875,2.24
ravdess/Audio_Speech_Actors_01-24_16k/Actor_03/03-01-06-01-02-01-03.wav,3.5035,1.664
ravdess/Audio_Speech_Actors_01-24_16k/Actor_03/03-01-06-01-02-02-03.wav,3.20325,2.08
ravdess/Audio_Speech_Actors_01-24_16k/Actor_03/03-01-06-02-01-01-03.wav,3.3033125,2.88
ravdess/Audio_Speech_Actors_01-24_16k/Actor_03/03-01-06-02-01-02-03.wav,3.9039375,2.592
ravdess/Audio_Speech_Actors_01-24_16k/Actor_03/03-01-06-02-02-01-03.wav,3.3033125,2.016
ravdess/Audio_Speech_Actors_01-24_16k/Actor_03/03-01-06-02-02-02-03.wav,3.4368125,2.56
ravdess/Audio_Speech_Actors_01-24_16k/Actor_03/03-01-07-01-01-01-03.wav,4.037375,3.296
ravdess/Audio_Speech_Actors_01-24_16k/Actor_03/03-01-07-01-01-02-03.wav,3.9706875,2.112
ravdess/Audio_Speech_Actors_01-24_16k/Actor_03/03-01-07-01-02-01-03.wav,3.603625,1.92
ravdess/Audio_Speech_Actors_01-24_16k/Actor_03/03-01-07-01-02-02-03.wav,3.7704375,2.144
ravdess/Audio_Speech_Actors_01-24_16k/Actor_03/03-01-07-02-01-01-03.wav,4.104125,2.496
ravdess/Audio_Speech_Actors_01-24_16k/Actor_03/03-01-07-02-01-02-03.wav,4.104125,3.616
ravdess/Audio_Speech_Actors_01-24_16k/Actor_03/03-01-07-02-02-01-03.wav,3.8371875,3.072
ravdess/Audio_Speech_Actors_01-24_16k/Actor_03/03-01-07-02-02-02-03.wav,3.9373125,2.624
ravdess/Audio_Speech_Actors_01-24_16k/Actor_03/03-01-08-01-01-01-03.wav,3.2365625,1.536
ravdess/Audio_Speech_Actors_01-24_16k/Actor_03/03-01-08-01-01-02-03.wav,3.3700625,1.6
ravdess/Audio_Speech_Actors_01-24_16k/Actor_03/03-01-08-01-02-01-03.wav,3.20325,1.376
ravdess/Audio_Speech_Actors_01-24_16k/Actor_03/03-01-08-01-02-02-03.wav,3.57025,1.76
ravdess/Audio_Speech_Actors_01-24_16k/Actor_03/03-01-08-02-01-01-03.wav,3.2699375,1.472
ravdess/Audio_Speech_Actors_01-24_16k/Actor_03/03-01-08-02-01-02-03.wav,3.603625,1.728
ravdess/Audio_Speech_Actors_01-24_16k/Actor_03/03-01-08-02-02-01-03.wav,3.5035,1.632
ravdess/Audio_Speech_Actors_01-24_16k/Actor_03/03-01-08-02-02-02-03.wav,3.2365625,1.376
ravdess/Audio_Speech_Actors_01-24_16k/Actor_04/03-01-01-01-01-01-04.wav,3.3033125,1.44
ravdess/Audio_Speech_Actors_01-24_16k/Actor_04/03-01-01-01-01-02-04.wav,3.3700625,1.472
ravdess/Audio_Speech_Actors_01-24_16k/Actor_04/03-01-01-01-02-01-04.wav,3.2699375,1.344
ravdess/Audio_Speech_Actors_01-24_16k/Actor_04/03-01-01-01-02-02-04.wav,3.2365625,1.312
ravdess/Audio_Speech_Actors_01-24_16k/Actor_04/03-01-03-01-01-01-04.wav,3.5035,1.6
ravdess/Audio_Speech_Actors_01-24_16k/Actor_04/03-01-03-01-01-02-04.wav,3.536875,1.6
ravdess/Audio_Speech_Actors_01-24_16k/Actor_04/03-01-03-01-02-01-04.wav,3.5035,1.6
ravdess/Audio_Speech_Actors_01-24_16k/Actor_04/03-01-03-01-02-02-04.wav,3.4368125,1.536
ravdess/Audio_Speech_Actors_01-24_16k/Actor_04/03-01-03-02-01-01-04.wav,3.8705625,1.888
ravdess/Audio_Speech_Actors_01-24_16k/Actor_04/03-01-03-02-01-02-04.wav,3.57025,1.6
ravdess/Audio_Speech_Actors_01-24_16k/Actor_04/03-01-03-02-02-01-04.wav,3.603625,1.664
ravdess/Audio_Speech_Actors_01-24_16k/Actor_04/03-01-03-02-02-02-04.wav,3.7704375,1.792
ravdess/Audio_Speech_Actors_01-24_16k/Actor_04/03-01-04-01-01-01-04.wav,3.3700625,1.504
ravdess/Audio_Speech_Actors_01-24_16k/Actor_04/03-01-04-01-01-02-04.wav,3.4034375,1.504
ravdess/Audio_Speech_Actors_01-24_16k/Actor_04/03-01-04-01-02-01-04.wav,3.4368125,1.536
ravdess/Audio_Speech_Actors_01-24_16k/Actor_04/03-01-04-01-02-02-04.wav,3.470125,1.568
ravdess/Audio_Speech_Actors_01-24_16k/Actor_04/03-01-04-02-01-01-04.wav,3.670375,1.728
ravdess/Audio_Speech_Actors_01-24_16k/Actor_04/03-01-04-02-01-02-04.wav,3.7704375,1.76
ravdess/Audio_Speech_Actors_01-24_16k/Actor_04/03-01-04-02-02-01-04.wav,3.7704375,1.824
ravdess/Audio_Speech_Actors_01-24_16k/Actor_04/03-01-04-02-02-02-04.wav,3.7704375,2.08
ravdess/Audio_Speech_Actors_01-24_16k/Actor_04/03-01-05-01-01-01-04.wav,3.70375,1.76
ravdess/Audio_Speech_Actors_01-24_16k/Actor_04/03-01-05-01-01-02-04.wav,3.603625,1.632
ravdess/Audio_Speech_Actors_01-24_16k/Actor_04/03-01-05-01-02-01-04.wav,3.470125,1.536
ravdess/Audio_Speech_Actors_01-24_16k/Actor_04/03-01-05-01-02-02-04.wav,3.7370625,1.824
ravdess/Audio_Speech_Actors_01-24_16k/Actor_04/03-01-05-02-01-01-04.wav,3.7704375,1.728
ravdess/Audio_Speech_Actors_01-24_16k/Actor_04/03-01-05-02-01-02-04.wav,3.8705625,1.856
ravdess/Audio_Speech_Actors_01-24_16k/Actor_04/03-01-05-02-02-01-04.wav,3.7036875,1.728
ravdess/Audio_Speech_Actors_01-24_16k/Actor_04/03-01-05-02-02-02-04.wav,3.8371875,1.888
ravdess/Audio_Speech_Actors_01-24_16k/Actor_04/03-01-06-01-01-01-04.wav,3.3033125,1.376
ravdess/Audio_Speech_Actors_01-24_16k/Actor_04/03-01-06-01-01-02-04.wav,3.236625,1.504
ravdess/Audio_Speech_Actors_01-24_16k/Actor_04/03-01-06-01-02-01-04.wav,3.470125,1.472
ravdess/Audio_Speech_Actors_01-24_16k/Actor_04/03-01-06-01-02-02-04.wav,3.470125,1.472
ravdess/Audio_Speech_Actors_01-24_16k/Actor_04/03-01-06-02-01-01-04.wav,3.9373125,2.176
ravdess/Audio_Speech_Actors_01-24_16k/Actor_04/03-01-06-02-01-02-04.wav,3.4034375,1.408
ravdess/Audio_Speech_Actors_01-24_16k/Actor_04/03-01-06-02-02-01-04.wav,3.603625,1.568
ravdess/Audio_Speech_Actors_01-24_16k/Actor_04/03-01-06-02-02-02-04.wav,3.57025,1.568
ravdess/Audio_Speech_Actors_01-24_16k/Actor_04/03-01-07-01-01-01-04.wav,3.9039375,1.952
ravdess/Audio_Speech_Actors_01-24_16k/Actor_04/03-01-07-01-01-02-04.wav,3.9039375,1.952
ravdess/Audio_Speech_Actors_01-24_16k/Actor_04/03-01-07-01-02-01-04.wav,3.7704375,1.856
ravdess/Audio_Speech_Actors_01-24_16k/Actor_04/03-01-07-01-02-02-04.wav,3.8038125,1.824
ravdess/Audio_Speech_Actors_01-24_16k/Actor_04/03-01-07-02-01-01-04.wav,4.004,2.016
ravdess/Audio_Speech_Actors_01-24_16k/Actor_04/03-01-07-02-01-02-04.wav,4.037375,2.016
ravdess/Audio_Speech_Actors_01-24_16k/Actor_04/03-01-07-02-02-01-04.wav,3.8705625,1.92
ravdess/Audio_Speech_Actors_01-24_16k/Actor_04/03-01-07-02-02-02-04.wav,3.9373125,2.176
ravdess/Audio_Speech_Actors_01-24_16k/Actor_04/03-01-08-01-01-01-04.wav,3.236625,1.344
ravdess/Audio_Speech_Actors_01-24_16k/Actor_04/03-01-08-01-01-02-04.wav,3.3366875,1.44
ravdess/Audio_Speech_Actors_01-24_16k/Actor_04/03-01-08-01-02-01-04.wav,3.637,1.696
ravdess/Audio_Speech_Actors_01-24_16k/Actor_04/03-01-08-01-02-02-04.wav,3.43675,1.472
ravdess/Audio_Speech_Actors_01-24_16k/Actor_04/03-01-08-02-01-01-04.wav,3.670375,1.856
ravdess/Audio_Speech_Actors_01-24_16k/Actor_04/03-01-08-02-01-02-04.wav,3.57025,1.6
ravdess/Audio_Speech_Actors_01-24_16k/Actor_04/03-01-08-02-02-01-04.wav,3.470125,1.536
ravdess/Audio_Speech_Actors_01-24_16k/Actor_04/03-01-08-02-02-02-04.wav,3.536875,1.632
ravdess/Audio_Speech_Actors_01-24_16k/Actor_05/03-01-01-01-01-01-05.wav,3.603625,1.696
ravdess/Audio_Speech_Actors_01-24_16k/Actor_05/03-01-01-01-01-02-05.wav,3.637,1.76
ravdess/Audio_Speech_Actors_01-24_16k/Actor_05/03-01-01-01-02-01-05.wav,3.103125,1.408
ravdess/Audio_Speech_Actors_01-24_16k/Actor_05/03-01-01-01-02-02-05.wav,3.603625,1.632
ravdess/Audio_Speech_Actors_01-24_16k/Actor_05/03-01-03-01-01-01-05.wav,4.004,2.144
ravdess/Audio_Speech_Actors_01-24_16k/Actor_05/03-01-03-01-01-02-05.wav,3.2365625,1.536
ravdess/Audio_Speech_Actors_01-24_16k/Actor_05/03-01-03-01-02-01-05.wav,3.3700625,1.472
ravdess/Audio_Speech_Actors_01-24_16k/Actor_05/03-01-03-01-02-02-05.wav,3.7704375,2.048
ravdess/Audio_Speech_Actors_01-24_16k/Actor_05/03-01-03-02-01-01-05.wav,4.1375,2.368
ravdess/Audio_Speech_Actors_01-24_16k/Actor_05/03-01-03-02-01-02-05.wav,3.8705625,2.08
ravdess/Audio_Speech_Actors_01-24_16k/Actor_05/03-01-03-02-02-01-05.wav,3.603625,1.984
ravdess/Audio_Speech_Actors_01-24_16k/Actor_05/03-01-03-02-02-02-05.wav,3.4034375,1.6
ravdess/Audio_Speech_Actors_01-24_16k/Actor_05/03-01-04-01-01-01-05.wav,3.2699375,2.112
ravdess/Audio_Speech_Actors_01-24_16k/Actor_05/03-01-04-01-01-02-05.wav,3.637,1.888
ravdess/Audio_Speech_Actors_01-24_16k/Actor_05/03-01-04-01-02-01-05.wav,3.103125,1.952
ravdess/Audio_Speech_Actors_01-24_16k/Actor_05/03-01-04-01-02-02-05.wav,3.7036875,2.624
ravdess/Audio_Speech_Actors_01-24_16k/Actor_05/03-01-04-02-01-01-05.wav,3.536875,1.728
ravdess/Audio_Speech_Actors_01-24_16k/Actor_05/03-01-04-02-01-02-05.wav,3.2699375,1.472
ravdess/Audio_Speech_Actors_01-24_16k/Actor_05/03-01-04-02-02-01-05.wav,3.2699375,1.408
ravdess/Audio_Speech_Actors_01-24_16k/Actor_05/03-01-04-02-02-02-05.wav,3.1365,1.28
ravdess/Audio_Speech_Actors_01-24_16k/Actor_05/03-01-05-01-01-01-05.wav,3.8705625,2.016
ravdess/Audio_Speech_Actors_01-24_16k/Actor_05/03-01-05-01-01-02-05.wav,3.8038125,1.952
ravdess/Audio_Speech_Actors_01-24_16k/Actor_05/03-01-05-01-02-01-05.wav,4.07075,2.432
ravdess/Audio_Speech_Actors_01-24_16k/Actor_05/03-01-05-01-02-02-05.wav,4.4044375,2.528
ravdess/Audio_Speech_Actors_01-24_16k/Actor_05/03-01-05-02-01-01-05.wav,3.4034375,1.6
ravdess/Audio_Speech_Actors_01-24_16k/Actor_05/03-01-05-02-01-02-05.wav,3.57025,1.696
ravdess/Audio_Speech_Actors_01-24_16k/Actor_05/03-01-05-02-02-01-05.wav,3.637,1.696
ravdess/Audio_Speech_Actors_01-24_16k/Actor_05/03-01-05-02-02-02-05.wav,3.637,1.696
ravdess/Audio_Speech_Actors_01-24_16k/Actor_05/03-01-06-01-01-01-05.wav,3.1365,1.408
ravdess/Audio_Speech_Actors_01-24_16k/Actor_05/03-01-06-01-01-02-05.wav,3.3700625,1.536
ravdess/Audio_Speech_Actors_01-24_16k/Actor_05/03-01-06-01-02-01-05.wav,3.1365,1.312
ravdess/Audio_Speech_Actors_01-24_16k/Actor_05/03-01-06-01-02-02-05.wav,3.06975,1.216
ravdess/Audio_Speech_Actors_01-24_16k/Actor_05/03-01-06-02-01-01-05.wav,3.2365625,1.44
ravdess/Audio_Speech_Actors_01-24_16k/Actor_05/03-01-06-02-01-02-05.wav,3.57025,1.792
ravdess/Audio_Speech_Actors_01-24_16k/Actor_05/03-01-06-02-02-01-05.wav,3.2365625,1.408
ravdess/Audio_Speech_Actors_01-24_16k/Actor_05/03-01-06-02-02-02-05.wav,3.103125,1.728
ravdess/Audio_Speech_Actors_01-24_16k/Actor_05/03-01-07-01-01-01-05.wav,4.3376875,2.24
ravdess/Audio_Speech_Actors_01-24_16k/Actor_05/03-01-07-01-01-02-05.wav,4.104125,2.144
ravdess/Audio_Speech_Actors_01-24_16k/Actor_05/03-01-07-01-02-01-05.wav,3.9039375,2.048
ravdess/Audio_Speech_Actors_01-24_16k/Actor_05/03-01-07-01-02-02-05.wav,3.7370625,1.728
ravdess/Audio_Speech_Actors_01-24_16k/Actor_05/03-01-07-02-01-01-05.wav,4.3376875,2.464
ravdess/Audio_Speech_Actors_01-24_16k/Actor_05/03-01-07-02-01-02-05.wav,3.9039375,2.048
ravdess/Audio_Speech_Actors_01-24_16k/Actor_05/03-01-07-02-02-01-05.wav,4.2709375,2.496
ravdess/Audio_Speech_Actors_01-24_16k/Actor_05/03-01-07-02-02-02-05.wav,4.537875,3.296
ravdess/Audio_Speech_Actors_01-24_16k/Actor_05/03-01-08-01-01-01-05.wav,3.7370625,1.92
ravdess/Audio_Speech_Actors_01-24_16k/Actor_05/03-01-08-01-01-02-05.wav,3.670375,1.888
ravdess/Audio_Speech_Actors_01-24_16k/Actor_05/03-01-08-01-02-01-05.wav,3.06975,1.28
ravdess/Audio_Speech_Actors_01-24_16k/Actor_05/03-01-08-01-02-02-05.wav,3.7036875,1.888
ravdess/Audio_Speech_Actors_01-24_16k/Actor_05/03-01-08-02-01-01-05.wav,4.1375,2.272
ravdess/Audio_Speech_Actors_01-24_16k/Actor_05/03-01-08-02-01-02-05.wav,4.104125,2.304
ravdess/Audio_Speech_Actors_01-24_16k/Actor_05/03-01-08-02-02-01-05.wav,3.670375,1.728
ravdess/Audio_Speech_Actors_01-24_16k/Actor_05/03-01-08-02-02-02-05.wav,3.536875,1.952
ravdess/Audio_Speech_Actors_01-24_16k/Actor_06/03-01-01-01-01-01-06.wav,3.3366875,1.472
ravdess/Audio_Speech_Actors_01-24_16k/Actor_06/03-01-01-01-01-02-06.wav,3.603625,1.792
ravdess/Audio_Speech_Actors_01-24_16k/Actor_06/03-01-01-01-02-01-06.wav,3.4034375,1.568
ravdess/Audio_Speech_Actors_01-24_16k/Actor_06/03-01-01-01-02-02-06.wav,3.4368125,1.6
ravdess/Audio_Speech_Actors_01-24_16k/Actor_06/03-01-03-01-01-01-06.wav,3.536875,1.792
ravdess/Audio_Speech_Actors_01-24_16k/Actor_06/03-01-03-01-01-02-06.wav,3.603625,2.016
ravdess/Audio_Speech_Actors_01-24_16k/Actor_06/03-01-03-01-02-01-06.wav,3.470125,1.632
ravdess/Audio_Speech_Actors_01-24_16k/Actor_06/03-01-03-01-02-02-06.wav,3.4368125,1.6
ravdess/Audio_Speech_Actors_01-24_16k/Actor_06/03-01-03-02-01-01-06.wav,3.5035,1.952
ravdess/Audio_Speech_Actors_01-24_16k/Actor_06/03-01-03-02-01-02-06.wav,3.470125,1.952
ravdess/Audio_Speech_Actors_01-24_16k/Actor_06/03-01-03-02-02-01-06.wav,3.57025,1.856
ravdess/Audio_Speech_Actors_01-24_16k/Actor_06/03-01-03-02-02-02-06.wav,3.603625,1.76
ravdess/Audio_Speech_Actors_01-24_16k/Actor_06/03-01-04-01-01-01-06.wav,3.57025,1.824
ravdess/Audio_Speech_Actors_01-24_16k/Actor_06/03-01-04-01-01-02-06.wav,3.603625,2.336
ravdess/Audio_Speech_Actors_01-24_16k/Actor_06/03-01-04-01-02-01-06.wav,3.4701875,1.696
ravdess/Audio_Speech_Actors_01-24_16k/Actor_06/03-01-04-01-02-02-06.wav,3.4368125,1.696
ravdess/Audio_Speech_Actors_01-24_16k/Actor_06/03-01-04-02-01-01-06.wav,4.2041875,2.784
ravdess/Audio_Speech_Actors_01-24_16k/Actor_06/03-01-04-02-01-02-06.wav,4.104125,3.328
ravdess/Audio_Speech_Actors_01-24_16k/Actor_06/03-01-04-02-02-01-06.wav,4.604625,3.104
ravdess/Audio_Speech_Actors_01-24_16k/Actor_06/03-01-04-02-02-02-06.wav,4.037375,2.912
ravdess/Audio_Speech_Actors_01-24_16k/Actor_06/03-01-05-01-01-01-06.wav,3.7704375,1.888
ravdess/Audio_Speech_Actors_01-24_16k/Actor_06/03-01-05-01-01-02-06.wav,3.970625,2.304
ravdess/Audio_Speech_Actors_01-24_16k/Actor_06/03-01-05-01-02-01-06.wav,4.2041875,2.336
ravdess/Audio_Speech_Actors_01-24_16k/Actor_06/03-01-05-01-02-02-06.wav,3.9039375,2.08
ravdess/Audio_Speech_Actors_01-24_16k/Actor_06/03-01-05-02-01-01-06.wav,4.104125,2.208
ravdess/Audio_Speech_Actors_01-24_16k/Actor_06/03-01-05-02-01-02-06.wav,4.2041875,2.304
ravdess/Audio_Speech_Actors_01-24_16k/Actor_06/03-01-05-02-02-01-06.wav,4.4378125,2.592
ravdess/Audio_Speech_Actors_01-24_16k/Actor_06/03-01-05-02-02-02-06.wav,4.471125,2.56
ravdess/Audio_Speech_Actors_01-24_16k/Actor_06/03-01-06-01-01-01-06.wav,3.637,1.888
ravdess/Audio_Speech_Actors_01-24_16k/Actor_06/03-01-06-01-01-02-06.wav,3.4368125,1.696
ravdess/Audio_Speech_Actors_01-24_16k/Actor_06/03-01-06-01-02-01-06.wav,3.57025,1.792
ravdess/Audio_Speech_Actors_01-24_16k/Actor_06/03-01-06-01-02-02-06.wav,3.5035,1.76
ravdess/Audio_Speech_Actors_01-24_16k/Actor_06/03-01-06-02-01-01-06.wav,3.637,1.824
ravdess/Audio_Speech_Actors_01-24_16k/Actor_06/03-01-06-02-01-02-06.wav,3.603625,2.048
ravdess/Audio_Speech_Actors_01-24_16k/Actor_06/03-01-06-02-02-01-06.wav,3.7370625,1.888
ravdess/Audio_Speech_Actors_01-24_16k/Actor_06/03-01-06-02-02-02-06.wav,3.7370625,1.92
ravdess/Audio_Speech_Actors_01-24_16k/Actor_06/03-01-07-01-01-01-06.wav,3.5035,2.464
ravdess/Audio_Speech_Actors_01-24_16k/Actor_06/03-01-07-01-01-02-06.wav,4.2709375,2.464
ravdess/Audio_Speech_Actors_01-24_16k/Actor_06/03-01-07-01-02-01-06.wav,3.7370625,1.92
ravdess/Audio_Speech_Actors_01-24_16k/Actor_06/03-01-07-01-02-02-06.wav,3.9373125,2.336
ravdess/Audio_Speech_Actors_01-24_16k/Actor_06/03-01-07-02-01-01-06.wav,4.3043125,2.432
ravdess/Audio_Speech_Actors_01-24_16k/Actor_06/03-01-07-02-01-02-06.wav,3.9373125,2.08
ravdess/Audio_Speech_Actors_01-24_16k/Actor_06/03-01-07-02-02-01-06.wav,4.037375,2.208
ravdess/Audio_Speech_Actors_01-24_16k/Actor_06/03-01-07-02-02-02-06.wav,3.970625,2.72
ravdess/Audio_Speech_Actors_01-24_16k/Actor_06/03-01-08-01-01-01-06.wav,3.2365625,1.472
ravdess/Audio_Speech_Actors_01-24_16k/Actor_06/03-01-08-01-01-02-06.wav,3.2365625,1.376
ravdess/Audio_Speech_Actors_01-24_16k/Actor_06/03-01-08-01-02-01-06.wav,3.20325,1.408
ravdess/Audio_Speech_Actors_01-24_16k/Actor_06/03-01-08-01-02-02-06.wav,3.1365,1.408
ravdess/Audio_Speech_Actors_01-24_16k/Actor_06/03-01-08-02-01-01-06.wav,3.2365625,1.856
ravdess/Audio_Speech_Actors_01-24_16k/Actor_06/03-01-08-02-01-02-06.wav,3.3700625,1.536
ravdess/Audio_Speech_Actors_01-24_16k/Actor_06/03-01-08-02-02-01-06.wav,3.3033125,1.536
ravdess/Audio_Speech_Actors_01-24_16k/Actor_06/03-01-08-02-02-02-06.wav,3.20325,1.472
ravdess/Audio_Speech_Actors_01-24_16k/Actor_07/03-01-01-01-01-01-07.wav,3.9039375,2.08
ravdess/Audio_Speech_Actors_01-24_16k/Actor_07/03-01-01-01-01-02-07.wav,3.8038125,2.016
ravdess/Audio_Speech_Actors_01-24_16k/Actor_07/03-01-01-01-02-01-07.wav,4.1375,2.048
ravdess/Audio_Speech_Actors_01-24_16k/Actor_07/03-01-01-01-02-02-07.wav,3.7370625,2.016
ravdess/Audio_Speech_Actors_01-24_16k/Actor_07/03-01-03-01-01-01-07.wav,3.5035,1.728
ravdess/Audio_Speech_Actors_01-24_16k/Actor_07/03-01-03-01-01-02-07.wav,3.470125,1.696
ravdess/Audio_Speech_Actors_01-24_16k/Actor_07/03-01-03-01-02-01-07.wav,3.4034375,1.568
ravdess/Audio_Speech_Actors_01-24_16k/Actor_07/03-01-03-01-02-02-07.wav,3.4034375,1.568
ravdess/Audio_Speech_Actors_01-24_16k/Actor_07/03-01-03-02-01-01-07.wav,4.104125,2.848
ravdess/Audio_Speech_Actors_01-24_16k/Actor_07/03-01-03-02-01-02-07.wav,4.037375,2.368
ravdess/Audio_Speech_Actors_01-24_16k/Actor_07/03-01-03-02-02-01-07.wav,4.037375,2.88
ravdess/Audio_Speech_Actors_01-24_16k/Actor_07/03-01-03-02-02-02-07.wav,3.8371875,2.304
ravdess/Audio_Speech_Actors_01-24_16k/Actor_07/03-01-04-01-01-01-07.wav,3.536875,1.696
ravdess/Audio_Speech_Actors_01-24_16k/Actor_07/03-01-04-01-01-02-07.wav,3.603625,1.728
ravdess/Audio_Speech_Actors_01-24_16k/Actor_07/03-01-04-01-02-01-07.wav,3.536875,1.76
ravdess/Audio_Speech_Actors_01-24_16k/Actor_07/03-01-04-01-02-02-07.wav,3.8705625,2.048
ravdess/Audio_Speech_Actors_01-24_16k/Actor_07/03-01-04-02-01-01-07.wav,3.93725,2.496
ravdess/Audio_Speech_Actors_01-24_16k/Actor_07/03-01-04-02-01-02-07.wav,3.8371875,2.8771875
ravdess/Audio_Speech_Actors_01-24_16k/Actor_07/03-01-04-02-02-01-07.wav,3.637,2.677
ravdess/Audio_Speech_Actors_01-24_16k/Actor_07/03-01-04-02-02-02-07.wav,3.8371875,1.984
ravdess/Audio_Speech_Actors_01-24_16k/Actor_07/03-01-05-01-01-01-07.wav,4.004,2.144
ravdess/Audio_Speech_Actors_01-24_16k/Actor_07/03-01-05-01-01-02-07.wav,3.9706875,2.144
ravdess/Audio_Speech_Actors_01-24_16k/Actor_07/03-01-05-01-02-01-07.wav,4.004,2.144
ravdess/Audio_Speech_Actors_01-24_16k/Actor_07/03-01-05-01-02-02-07.wav,4.004,2.144
ravdess/Audio_Speech_Actors_01-24_16k/Actor_07/03-01-05-02-01-01-07.wav,3.603625,1.696
ravdess/Audio_Speech_Actors_01-24_16k/Actor_07/03-01-05-02-01-02-07.wav,4.004,2.112
ravdess/Audio_Speech_Actors_01-24_16k/Actor_07/03-01-05-02-02-01-07.wav,3.8371875,1.92
ravdess/Audio_Speech_Actors_01-24_16k/Actor_07/03-01-05-02-02-02-07.wav,4.3376875,2.432
ravdess/Audio_Speech_Actors_01-24_16k/Actor_07/03-01-06-01-01-01-07.wav,3.4368125,3.232
ravdess/Audio_Speech_Actors_01-24_16k/Actor_07/03-01-06-01-01-02-07.wav,3.5035,1.664
ravdess/Audio_Speech_Actors_01-24_16k/Actor_07/03-01-06-01-02-01-07.wav,3.4368125,1.6
ravdess/Audio_Speech_Actors_01-24_16k/Actor_07/03-01-06-01-02-02-07.wav,3.3700625,1.536
ravdess/Audio_Speech_Actors_01-24_16k/Actor_07/03-01-06-02-01-01-07.wav,3.637,1.792
ravdess/Audio_Speech_Actors_01-24_16k/Actor_07/03-01-06-02-01-02-07.wav,3.470125,1.696
ravdess/Audio_Speech_Actors_01-24_16k/Actor_07/03-01-06-02-02-01-07.wav,3.4034375,1.568
ravdess/Audio_Speech_Actors_01-24_16k/Actor_07/03-01-06-02-02-02-07.wav,3.5035,1.632
ravdess/Audio_Speech_Actors_01-24_16k/Actor_07/03-01-07-01-01-01-07.wav,3.536875,1.696
ravdess/Audio_Speech_Actors_01-24_16k/Actor_07/03-01-07-01-01-02-07.wav,3.5035,1.664
ravdess/Audio_Speech_Actors_01-24_16k/Actor_07/03-01-07-01-02-01-07.wav,3.4368125,1.664
ravdess/Audio_Speech_Actors_01-24_16k/Actor_07/03-01-07-01-02-02-07.wav,3.536875,1.76
ravdess/Audio_Speech_Actors_01-24_16k/Actor_07/03-01-07-02-01-01-07.wav,4.1375,2.304
ravdess/Audio_Speech_Actors_01-24_16k/Actor_07/03-01-07-02-01-02-07.wav,4.4044375,2.56
ravdess/Audio_Speech_Actors_01-24_16k/Actor_07/03-01-07-02-02-01-07.wav,4.1375,2.336
ravdess/Audio_Speech_Actors_01-24_16k/Actor_07/03-01-07-02-02-02-07.wav,4.7714375,2.944
ravdess/Audio_Speech_Actors_01-24_16k/Actor_07/03-01-08-01-01-01-07.wav,3.470125,1.696
ravdess/Audio_Speech_Actors_01-24_16k/Actor_07/03-01-08-01-01-02-07.wav,3.536875,1.76
ravdess/Audio_Speech_Actors_01-24_16k/Actor_07/03-01-08-01-02-01-07.wav,3.4368125,1.664
ravdess/Audio_Speech_Actors_01-24_16k/Actor_07/03-01-08-01-02-02-07.wav,3.4368125,1.632
ravdess/Audio_Speech_Actors_01-24_16k/Actor_07/03-01-08-02-01-01-07.wav,3.8705625,2.016
ravdess/Audio_Speech_Actors_01-24_16k/Actor_07/03-01-08-02-01-02-07.wav,3.637,1.824
ravdess/Audio_Speech_Actors_01-24_16k/Actor_07/03-01-08-02-02-01-07.wav,3.4368125,1.568
ravdess/Audio_Speech_Actors_01-24_16k/Actor_07/03-01-08-02-02-02-07.wav,3.470125,1.664
ravdess/Audio_Speech_Actors_01-24_16k/Actor_08/03-01-01-01-01-01-08.wav,3.5035,1.6
ravdess/Audio_Speech_Actors_01-24_16k/Actor_08/03-01-01-01-01-02-08.wav,3.637,1.76
ravdess/Audio_Speech_Actors_01-24_16k/Actor_08/03-01-01-01-02-01-08.wav,3.536875,1.664
ravdess/Audio_Speech_Actors_01-24_16k/Actor_08/03-01-01-01-02-02-08.wav,3.5035,1.568
ravdess/Audio_Speech_Actors_01-24_16k/Actor_08/03-01-03-01-01-01-08.wav,3.5035,1.632
ravdess/Audio_Speech_Actors_01-24_16k/Actor_08/03-01-03-01-01-02-08.wav,3.43675,1.6
ravdess/Audio_Speech_Actors_01-24_16k/Actor_08/03-01-03-01-02-01-08.wav,3.470125,1.568
ravdess/Audio_Speech_Actors_01-24_16k/Actor_08/03-01-03-01-02-02-08.wav,3.4368125,1.536
ravdess/Audio_Speech_Actors_01-24_16k/Actor_08/03-01-03-02-01-01-08.wav,3.7704375,1.824
ravdess/Audio_Speech_Actors_01-24_16k/Actor_08/03-01-03-02-01-02-08.wav,3.9039375,1.92
ravdess/Audio_Speech_Actors_01-24_16k/Actor_08/03-01-03-02-02-01-08.wav,3.8371875,1.92
ravdess/Audio_Speech_Actors_01-24_16k/Actor_08/03-01-03-02-02-02-08.wav,3.9373125,2.528
ravdess/Audio_Speech_Actors_01-24_16k/Actor_08/03-01-04-01-01-01-08.wav,4.20425,2.176
ravdess/Audio_Speech_Actors_01-24_16k/Actor_08/03-01-04-01-01-02-08.wav,3.8705625,1.856
ravdess/Audio_Speech_Actors_01-24_16k/Actor_08/03-01-04-01-02-01-08.wav,3.57025,1.568
ravdess/Audio_Speech_Actors_01-24_16k/Actor_08/03-01-04-01-02-02-08.wav,3.603625,2.304
ravdess/Audio_Speech_Actors_01-24_16k/Actor_08/03-01-04-02-01-01-08.wav,3.7704375,1.568
ravdess/Audio_Speech_Actors_01-24_16k/Actor_08/03-01-04-02-01-02-08.wav,3.9373125,2.88
ravdess/Audio_Speech_Actors_01-24_16k/Actor_08/03-01-04-02-02-01-08.wav,3.670375,1.6
ravdess/Audio_Speech_Actors_01-24_16k/Actor_08/03-01-04-02-02-02-08.wav,3.70375,2.74375
ravdess/Audio_Speech_Actors_01-24_16k/Actor_08/03-01-05-01-01-01-08.wav,3.70375,1.632
ravdess/Audio_Speech_Actors_01-24_16k/Actor_08/03-01-05-01-01-02-08.wav,3.603625,2.624
ravdess/Audio_Speech_Actors_01-24_16k/Actor_08/03-01-05-01-02-01-08.wav,3.536875,1.44
ravdess/Audio_Speech_Actors_01-24_16k/Actor_08/03-01-05-01-02-02-08.wav,3.57025,1.536
ravdess/Audio_Speech_Actors_01-24_16k/Actor_08/03-01-05-02-01-01-08.wav,3.970625,2.656
ravdess/Audio_Speech_Actors_01-24_16k/Actor_08/03-01-05-02-01-02-08.wav,3.7704375,1.696
ravdess/Audio_Speech_Actors_01-24_16k/Actor_08/03-01-05-02-02-01-08.wav,3.603625,1.568
ravdess/Audio_Speech_Actors_01-24_16k/Actor_08/03-01-05-02-02-02-08.wav,3.637,1.632
ravdess/Audio_Speech_Actors_01-24_16k/Actor_08/03-01-06-01-01-01-08.wav,3.9706875,2.144
ravdess/Audio_Speech_Actors_01-24_16k/Actor_08/03-01-06-01-01-02-08.wav,3.670375,2.4
ravdess/Audio_Speech_Actors_01-24_16k/Actor_08/03-01-06-01-02-01-08.wav,3.7704375,1.696
ravdess/Audio_Speech_Actors_01-24_16k/Actor_08/03-01-06-01-02-02-08.wav,3.670375,1.664
ravdess/Audio_Speech_Actors_01-24_16k/Actor_08/03-01-06-02-01-01-08.wav,3.970625,1.6
ravdess/Audio_Speech_Actors_01-24_16k/Actor_08/03-01-06-02-01-02-08.wav,3.9039375,1.568
ravdess/Audio_Speech_Actors_01-24_16k/Actor_08/03-01-06-02-02-01-08.wav,3.8705625,1.664
ravdess/Audio_Speech_Actors_01-24_16k/Actor_08/03-01-06-02-02-02-08.wav,3.9373125,2.9453125
ravdess/Audio_Speech_Actors_01-24_16k/Actor_08/03-01-07-01-01-01-08.wav,3.9039375,1.984
ravdess/Audio_Speech_Actors_01-24_16k/Actor_08/03-01-07-01-01-02-08.wav,3.670375,2.368
ravdess/Audio_Speech_Actors_01-24_16k/Actor_08/03-01-07-01-02-01-08.wav,3.9373125,1.952
ravdess/Audio_Speech_Actors_01-24_16k/Actor_08/03-01-07-01-02-02-08.wav,3.8371875,1.792
ravdess/Audio_Speech_Actors_01-24_16k/Actor_08/03-01-07-02-01-01-08.wav,4.07075,2.08
ravdess/Audio_Speech_Actors_01-24_16k/Actor_08/03-01-07-02-01-02-08.wav,3.7704375,2.624
ravdess/Audio_Speech_Actors_01-24_16k/Actor_08/03-01-07-02-02-01-08.wav,3.737125,1.728
ravdess/Audio_Speech_Actors_01-24_16k/Actor_08/03-01-07-02-02-02-08.wav,3.8705625,1.888
ravdess/Audio_Speech_Actors_01-24_16k/Actor_08/03-01-08-01-01-01-08.wav,3.70375,1.664
ravdess/Audio_Speech_Actors_01-24_16k/Actor_08/03-01-08-01-01-02-08.wav,3.8038125,1.824
ravdess/Audio_Speech_Actors_01-24_16k/Actor_08/03-01-08-01-02-01-08.wav,3.7704375,1.664
ravdess/Audio_Speech_Actors_01-24_16k/Actor_08/03-01-08-01-02-02-08.wav,3.536875,1.632
ravdess/Audio_Speech_Actors_01-24_16k/Actor_08/03-01-08-02-01-01-08.wav,3.8371875,2.8771875
ravdess/Audio_Speech_Actors_01-24_16k/Actor_08/03-01-08-02-01-02-08.wav,3.7036875,1.6
ravdess/Audio_Speech_Actors_01-24_16k/Actor_08/03-01-08-02-02-01-08.wav,3.8038125,1.632
ravdess/Audio_Speech_Actors_01-24_16k/Actor_08/03-01-08-02-02-02-08.wav,3.8705625,1.76
ravdess/Audio_Speech_Actors_01-24_16k/Actor_09/03-01-01-01-01-01-09.wav,3.2699375,2.432
ravdess/Audio_Speech_Actors_01-24_16k/Actor_09/03-01-01-01-01-02-09.wav,3.20325,1.472
ravdess/Audio_Speech_Actors_01-24_16k/Actor_09/03-01-01-01-02-01-09.wav,3.3366875,1.504
ravdess/Audio_Speech_Actors_01-24_16k/Actor_09/03-01-01-01-02-02-09.wav,3.236625,1.44
ravdess/Audio_Speech_Actors_01-24_16k/Actor_09/03-01-03-01-01-01-09.wav,3.3366875,2.336
ravdess/Audio_Speech_Actors_01-24_16k/Actor_09/03-01-03-01-01-02-09.wav,3.536875,1.696
ravdess/Audio_Speech_Actors_01-24_16k/Actor_09/03-01-03-01-02-01-09.wav,3.3033125,1.504
ravdess/Audio_Speech_Actors_01-24_16k/Actor_09/03-01-03-01-02-02-09.wav,3.4701875,1.6
ravdess/Audio_Speech_Actors_01-24_16k/Actor_09/03-01-03-02-01-01-09.wav,3.7704375,1.952
ravdess/Audio_Speech_Actors_01-24_16k/Actor_09/03-01-03-02-01-02-09.wav,4.170875,3.2
ravdess/Audio_Speech_Actors_01-24_16k/Actor_09/03-01-03-02-02-01-09.wav,3.57025,1.664
ravdess/Audio_Speech_Actors_01-24_16k/Actor_09/03-01-03-02-02-02-09.wav,3.57025,1.664
ravdess/Audio_Speech_Actors_01-24_16k/Actor_09/03-01-04-01-01-01-09.wav,3.2699375,2.176
ravdess/Audio_Speech_Actors_01-24_16k/Actor_09/03-01-04-01-01-02-09.wav,3.43675,1.376
ravdess/Audio_Speech_Actors_01-24_16k/Actor_09/03-01-04-01-02-01-09.wav,3.4034375,1.472
ravdess/Audio_Speech_Actors_01-24_16k/Actor_09/03-01-04-01-02-02-09.wav,3.4034375,1.728
ravdess/Audio_Speech_Actors_01-24_16k/Actor_09/03-01-04-02-01-01-09.wav,3.9373125,2.656
ravdess/Audio_Speech_Actors_01-24_16k/Actor_09/03-01-04-02-01-02-09.wav,3.9039375,2.72
ravdess/Audio_Speech_Actors_01-24_16k/Actor_09/03-01-04-02-02-01-09.wav,3.637,2.272
ravdess/Audio_Speech_Actors_01-24_16k/Actor_09/03-01-04-02-02-02-09.wav,3.8705625,2.272
ravdess/Audio_Speech_Actors_01-24_16k/Actor_09/03-01-05-01-01-01-09.wav,3.57025,1.856
ravdess/Audio_Speech_Actors_01-24_16k/Actor_09/03-01-05-01-01-02-09.wav,3.57025,1.728
ravdess/Audio_Speech_Actors_01-24_16k/Actor_09/03-01-05-01-02-01-09.wav,3.7370625,1.856
ravdess/Audio_Speech_Actors_01-24_16k/Actor_09/03-01-05-01-02-02-09.wav,3.536875,1.696
ravdess/Audio_Speech_Actors_01-24_16k/Actor_09/03-01-05-02-01-01-09.wav,3.8038125,1.952
ravdess/Audio_Speech_Actors_01-24_16k/Actor_09/03-01-05-02-01-02-09.wav,3.7704375,1.888
ravdess/Audio_Speech_Actors_01-24_16k/Actor_09/03-01-05-02-02-01-09.wav,4.3710625,2.464
ravdess/Audio_Speech_Actors_01-24_16k/Actor_09/03-01-05-02-02-02-09.wav,3.9706875,2.08
ravdess/Audio_Speech_Actors_01-24_16k/Actor_09/03-01-06-01-01-01-09.wav,3.169875,1.408
ravdess/Audio_Speech_Actors_01-24_16k/Actor_09/03-01-06-01-01-02-09.wav,3.169875,1.44
ravdess/Audio_Speech_Actors_01-24_16k/Actor_09/03-01-06-01-02-01-09.wav,3.1365,2.336
ravdess/Audio_Speech_Actors_01-24_16k/Actor_09/03-01-06-01-02-02-09.wav,3.1365,1.344
ravdess/Audio_Speech_Actors_01-24_16k/Actor_09/03-01-06-02-01-01-09.wav,3.2365625,2.528
ravdess/Audio_Speech_Actors_01-24_16k/Actor_09/03-01-06-02-01-02-09.wav,3.2699375,1.44
ravdess/Audio_Speech_Actors_01-24_16k/Actor_09/03-01-06-02-02-01-09.wav,3.2365625,1.376
ravdess/Audio_Speech_Actors_01-24_16k/Actor_09/03-01-06-02-02-02-09.wav,3.2365625,1.376
ravdess/Audio_Speech_Actors_01-24_16k/Actor_09/03-01-07-01-01-01-09.wav,3.4034375,1.952
ravdess/Audio_Speech_Actors_01-24_16k/Actor_09/03-01-07-01-01-02-09.wav,3.5035,1.664
ravdess/Audio_Speech_Actors_01-24_16k/Actor_09/03-01-07-01-02-01-09.wav,3.470125,1.632
ravdess/Audio_Speech_Actors_01-24_16k/Actor_09/03-01-07-01-02-02-09.wav,3.4034375,2.016
ravdess/Audio_Speech_Actors_01-24_16k/Actor_09/03-01-07-02-01-01-09.wav,3.637,1.856
ravdess/Audio_Speech_Actors_01-24_16k/Actor_09/03-01-07-02-01-02-09.wav,3.536875,2.304
ravdess/Audio_Speech_Actors_01-24_16k/Actor_09/03-01-07-02-02-01-09.wav,3.57025,2.304
ravdess/Audio_Speech_Actors_01-24_16k/Actor_09/03-01-07-02-02-02-09.wav,3.603625,2.688
ravdess/Audio_Speech_Actors_01-24_16k/Actor_09/03-01-08-01-01-01-09.wav,3.06975,1.952
ravdess/Audio_Speech_Actors_01-24_16k/Actor_09/03-01-08-01-01-02-09.wav,3.3366875,1.504
ravdess/Audio_Speech_Actors_01-24_16k/Actor_09/03-01-08-01-02-01-09.wav,3.4368125,2.336
ravdess/Audio_Speech_Actors_01-24_16k/Actor_09/03-01-08-01-02-02-09.wav,3.43675,1.568
ravdess/Audio_Speech_Actors_01-24_16k/Actor_09/03-01-08-02-01-01-09.wav,3.3033125,1.44
ravdess/Audio_Speech_Actors_01-24_16k/Actor_09/03-01-08-02-01-02-09.wav,3.2699375,2.336
ravdess/Audio_Speech_Actors_01-24_16k/Actor_09/03-01-08-02-02-01-09.wav,3.4034375,1.504
ravdess/Audio_Speech_Actors_01-24_16k/Actor_09/03-01-08-02-02-02-09.wav,3.43675,1.6
ravdess/Audio_Speech_Actors_01-24_16k/Actor_10/03-01-01-01-01-01-10.wav,3.536875,1.664
ravdess/Audio_Speech_Actors_01-24_16k/Actor_10/03-01-01-01-01-02-10.wav,3.8371875,1.952
ravdess/Audio_Speech_Actors_01-24_16k/Actor_10/03-01-01-01-02-01-10.wav,3.7370625,1.824
ravdess/Audio_Speech_Actors_01-24_16k/Actor_10/03-01-01-01-02-02-10.wav,3.670375,1.696
ravdess/Audio_Speech_Actors_01-24_16k/Actor_10/03-01-03-01-01-01-10.wav,3.5035,1.568
ravdess/Audio_Speech_Actors_01-24_16k/Actor_10/03-01-03-01-01-02-10.wav,3.470125,1.6
ravdess/Audio_Speech_Actors_01-24_16k/Actor_10/03-01-03-01-02-01-10.wav,3.3033125,1.344
ravdess/Audio_Speech_Actors_01-24_16k/Actor_10/03-01-03-01-02-02-10.wav,3.3366875,1.44
ravdess/Audio_Speech_Actors_01-24_16k/Actor_10/03-01-03-02-01-01-10.wav,3.8371875,1.92
ravdess/Audio_Speech_Actors_01-24_16k/Actor_10/03-01-03-02-01-02-10.wav,3.5035,1.536
ravdess/Audio_Speech_Actors_01-24_16k/Actor_10/03-01-03-02-02-01-10.wav,3.7370625,1.728
ravdess/Audio_Speech_Actors_01-24_16k/Actor_10/03-01-03-02-02-02-10.wav,3.9706875,2.048
ravdess/Audio_Speech_Actors_01-24_16k/Actor_10/03-01-04-01-01-01-10.wav,3.3033125,1.504
ravdess/Audio_Speech_Actors_01-24_16k/Actor_10/03-01-04-01-01-02-10.wav,3.470125,1.6
ravdess/Audio_Speech_Actors_01-24_16k/Actor_10/03-01-04-01-02-01-10.wav,3.536875,1.664
ravdess/Audio_Speech_Actors_01-24_16k/Actor_10/03-01-04-01-02-02-10.wav,3.8038125,1.952
ravdess/Audio_Speech_Actors_01-24_16k/Actor_10/03-01-04-02-01-01-10.wav,3.5035,1.952
ravdess/Audio_Speech_Actors_01-24_16k/Actor_10/03-01-04-02-01-02-10.wav,3.57025,1.728
ravdess/Audio_Speech_Actors_01-24_16k/Actor_10/03-01-04-02-02-01-10.wav,3.670375,1.76
ravdess/Audio_Speech_Actors_01-24_16k/Actor_10/03-01-04-02-02-02-10.wav,3.57025,1.632
ravdess/Audio_Speech_Actors_01-24_16k/Actor_10/03-01-05-01-01-01-10.wav,3.9039375,1.952
ravdess/Audio_Speech_Actors_01-24_16k/Actor_10/03-01-05-01-01-02-10.wav,4.004,2.048
ravdess/Audio_Speech_Actors_01-24_16k/Actor_10/03-01-05-01-02-01-10.wav,4.104125,2.208
ravdess/Audio_Speech_Actors_01-24_16k/Actor_10/03-01-05-01-02-02-10.wav,4.1375,2.208
ravdess/Audio_Speech_Actors_01-24_16k/Actor_10/03-01-05-02-01-01-10.wav,4.170875,2.176
ravdess/Audio_Speech_Actors_01-24_16k/Actor_10/03-01-05-02-01-02-10.wav,4.471125,2.464
ravdess/Audio_Speech_Actors_01-24_16k/Actor_10/03-01-05-02-02-01-10.wav,3.8705625,1.856
ravdess/Audio_Speech_Actors_01-24_16k/Actor_10/03-01-05-02-02-02-10.wav,4.1375,2.208
ravdess/Audio_Speech_Actors_01-24_16k/Actor_10/03-01-06-01-01-01-10.wav,3.4034375,1.472
ravdess/Audio_Speech_Actors_01-24_16k/Actor_10/03-01-06-01-01-02-10.wav,3.3033125,1.44
ravdess/Audio_Speech_Actors_01-24_16k/Actor_10/03-01-06-01-02-01-10.wav,3.536875,1.664
ravdess/Audio_Speech_Actors_01-24_16k/Actor_10/03-01-06-01-02-02-10.wav,3.4368125,1.568
ravdess/Audio_Speech_Actors_01-24_16k/Actor_10/03-01-06-02-01-01-10.wav,3.5035,1.536
ravdess/Audio_Speech_Actors_01-24_16k/Actor_10/03-01-06-02-01-02-10.wav,3.70375,1.696
ravdess/Audio_Speech_Actors_01-24_16k/Actor_10/03-01-06-02-02-01-10.wav,3.8038125,1.888
ravdess/Audio_Speech_Actors_01-24_16k/Actor_10/03-01-06-02-02-02-10.wav,3.8705625,1.952
ravdess/Audio_Speech_Actors_01-24_16k/Actor_10/03-01-07-01-01-01-10.wav,3.70375,1.792
ravdess/Audio_Speech_Actors_01-24_16k/Actor_10/03-01-07-01-01-02-10.wav,4.2041875,2.304
ravdess/Audio_Speech_Actors_01-24_16k/Actor_10/03-01-07-01-02-01-10.wav,3.8705625,1.984
ravdess/Audio_Speech_Actors_01-24_16k/Actor_10/03-01-07-01-02-02-10.wav,4.2709375,2.368
ravdess/Audio_Speech_Actors_01-24_16k/Actor_10/03-01-07-02-01-01-10.wav,4.671375,2.72
ravdess/Audio_Speech_Actors_01-24_16k/Actor_10/03-01-07-02-01-02-10.wav,4.537875,2.656
ravdess/Audio_Speech_Actors_01-24_16k/Actor_10/03-01-07-02-02-01-10.wav,4.2041875,2.304
ravdess/Audio_Speech_Actors_01-24_16k/Actor_10/03-01-07-02-02-02-10.wav,4.8715625,2.912
ravdess/Audio_Speech_Actors_01-24_16k/Actor_10/03-01-08-01-01-01-10.wav,3.2365625,1.312
ravdess/Audio_Speech_Actors_01-24_16k/Actor_10/03-01-08-01-01-02-10.wav,3.4034375,1.504
ravdess/Audio_Speech_Actors_01-24_16k/Actor_10/03-01-08-01-02-01-10.wav,3.5035,1.6
ravdess/Audio_Speech_Actors_01-24_16k/Actor_10/03-01-08-01-02-02-10.wav,3.470125,1.6
ravdess/Audio_Speech_Actors_01-24_16k/Actor_10/03-01-08-02-01-01-10.wav,3.5035,1.6
ravdess/Audio_Speech_Actors_01-24_16k/Actor_10/03-01-08-02-01-02-10.wav,3.4034375,1.44
ravdess/Audio_Speech_Actors_01-24_16k/Actor_10/03-01-08-02-02-01-10.wav,3.637,1.696
ravdess/Audio_Speech_Actors_01-24_16k/Actor_10/03-01-08-02-02-02-10.wav,3.5035,1.568
ravdess/Audio_Speech_Actors_01-24_16k/Actor_11/03-01-01-01-01-01-11.wav,3.1365,1.344
ravdess/Audio_Speech_Actors_01-24_16k/Actor_11/03-01-01-01-01-02-11.wav,3.103125,1.344
ravdess/Audio_Speech_Actors_01-24_16k/Actor_11/03-01-01-01-02-01-11.wav,3.20325,1.408
ravdess/Audio_Speech_Actors_01-24_16k/Actor_11/03-01-01-01-02-02-11.wav,3.169875,2.208
ravdess/Audio_Speech_Actors_01-24_16k/Actor_11/03-01-03-01-01-01-11.wav,3.103125,1.216
ravdess/Audio_Speech_Actors_01-24_16k/Actor_11/03-01-03-01-01-02-11.wav,3.20325,1.44
ravdess/Audio_Speech_Actors_01-24_16k/Actor_11/03-01-03-01-02-01-11.wav,3.169875,1.312
ravdess/Audio_Speech_Actors_01-24_16k/Actor_11/03-01-03-01-02-02-11.wav,3.236625,1.376
ravdess/Audio_Speech_Actors_01-24_16k/Actor_11/03-01-03-02-01-01-11.wav,4.037375,2.144
ravdess/Audio_Speech_Actors_01-24_16k/Actor_11/03-01-03-02-01-02-11.wav,3.637,1.76
ravdess/Audio_Speech_Actors_01-24_16k/Actor_11/03-01-03-02-02-01-11.wav,3.8705625,1.952
ravdess/Audio_Speech_Actors_01-24_16k/Actor_11/03-01-03-02-02-02-11.wav,3.5035,1.568
ravdess/Audio_Speech_Actors_01-24_16k/Actor_11/03-01-04-01-01-01-11.wav,3.3366875,1.504
ravdess/Audio_Speech_Actors_01-24_16k/Actor_11/03-01-04-01-01-02-11.wav,3.603625,2.08
ravdess/Audio_Speech_Actors_01-24_16k/Actor_11/03-01-04-01-02-01-11.wav,3.536875,1.728
ravdess/Audio_Speech_Actors_01-24_16k/Actor_11/03-01-04-01-02-02-11.wav,3.4368125,1.568
ravdess/Audio_Speech_Actors_01-24_16k/Actor_11/03-01-04-02-01-01-11.wav,3.3366875,1.504
ravdess/Audio_Speech_Actors_01-24_16k/Actor_11/03-01-04-02-01-02-11.wav,3.603625,2.176
ravdess/Audio_Speech_Actors_01-24_16k/Actor_11/03-01-04-02-02-01-11.wav,3.3700625,1.504
ravdess/Audio_Speech_Actors_01-24_16k/Actor_11/03-01-04-02-02-02-11.wav,3.3366875,2.016
ravdess/Audio_Speech_Actors_01-24_16k/Actor_11/03-01-05-01-01-01-11.wav,3.603625,1.728
ravdess/Audio_Speech_Actors_01-24_16k/Actor_11/03-01-05-01-01-02-11.wav,3.4701875,1.664
ravdess/Audio_Speech_Actors_01-24_16k/Actor_11/03-01-05-01-02-01-11.wav,3.470125,1.6
ravdess/Audio_Speech_Actors_01-24_16k/Actor_11/03-01-05-01-02-02-11.wav,3.737125,1.92
ravdess/Audio_Speech_Actors_01-24_16k/Actor_11/03-01-05-02-01-01-11.wav,3.536875,1.664
ravdess/Audio_Speech_Actors_01-24_16k/Actor_11/03-01-05-02-01-02-11.wav,3.970625,2.048
ravdess/Audio_Speech_Actors_01-24_16k/Actor_11/03-01-05-02-02-01-11.wav,3.9373125,2.048
ravdess/Audio_Speech_Actors_01-24_16k/Actor_11/03-01-05-02-02-02-11.wav,3.7704375,1.856
ravdess/Audio_Speech_Actors_01-24_16k/Actor_11/03-01-06-01-01-01-11.wav,3.470125,1.6
ravdess/Audio_Speech_Actors_01-24_16k/Actor_11/03-01-06-01-01-02-11.wav,3.5035,1.664
ravdess/Audio_Speech_Actors_01-24_16k/Actor_11/03-01-06-01-02-01-11.wav,3.169875,1.376
ravdess/Audio_Speech_Actors_01-24_16k/Actor_11/03-01-06-01-02-02-11.wav,3.20325,1.376
ravdess/Audio_Speech_Actors_01-24_16k/Actor_11/03-01-06-02-01-01-11.wav,3.20325,1.376
ravdess/Audio_Speech_Actors_01-24_16k/Actor_11/03-01-06-02-01-02-11.wav,3.20325,1.376
ravdess/Audio_Speech_Actors_01-24_16k/Actor_11/03-01-06-02-02-01-11.wav,3.06975,1.248
ravdess/Audio_Speech_Actors_01-24_16k/Actor_11/03-01-06-02-02-02-11.wav,3.1365,1.536
ravdess/Audio_Speech_Actors_01-24_16k/Actor_11/03-01-07-01-01-01-11.wav,3.670375,1.856
ravdess/Audio_Speech_Actors_01-24_16k/Actor_11/03-01-07-01-01-02-11.wav,3.603625,1.76
ravdess/Audio_Speech_Actors_01-24_16k/Actor_11/03-01-07-01-02-01-11.wav,3.470125,1.568
ravdess/Audio_Speech_Actors_01-24_16k/Actor_11/03-01-07-01-02-02-11.wav,3.670375,1.952
ravdess/Audio_Speech_Actors_01-24_16k/Actor_11/03-01-07-02-01-01-11.wav,3.8038125,1.952
ravdess/Audio_Speech_Actors_01-24_16k/Actor_11/03-01-07-02-01-02-11.wav,3.8038125,2.8438125
ravdess/Audio_Speech_Actors_01-24_16k/Actor_11/03-01-07-02-02-01-11.wav,3.7370625,2.08
ravdess/Audio_Speech_Actors_01-24_16k/Actor_11/03-01-07-02-02-02-11.wav,3.7370625,2.016
ravdess/Audio_Speech_Actors_01-24_16k/Actor_11/03-01-08-01-01-01-11.wav,3.06975,1.216
ravdess/Audio_Speech_Actors_01-24_16k/Actor_11/03-01-08-01-01-02-11.wav,3.1365,1.248
ravdess/Audio_Speech_Actors_01-24_16k/Actor_11/03-01-08-01-02-01-11.wav,3.169875,1.28
ravdess/Audio_Speech_Actors_01-24_16k/Actor_11/03-01-08-01-02-02-11.wav,2.969625,1.152
ravdess/Audio_Speech_Actors_01-24_16k/Actor_11/03-01-08-02-01-01-11.wav,3.06975,1.184
ravdess/Audio_Speech_Actors_01-24_16k/Actor_11/03-01-08-02-01-02-11.wav,3.103125,1.504
ravdess/Audio_Speech_Actors_01-24_16k/Actor_11/03-01-08-02-02-01-11.wav,3.06975,1.184
ravdess/Audio_Speech_Actors_01-24_16k/Actor_11/03-01-08-02-02-02-11.wav,3.06975,1.184
ravdess/Audio_Speech_Actors_01-24_16k/Actor_12/03-01-01-01-01-01-12.wav,3.637,1.76
ravdess/Audio_Speech_Actors_01-24_16k/Actor_12/03-01-01-01-01-02-12.wav,3.536875,1.664
ravdess/Audio_Speech_Actors_01-24_16k/Actor_12/03-01-01-01-02-01-12.wav,3.603625,1.728
ravdess/Audio_Speech_Actors_01-24_16k/Actor_12/03-01-01-01-02-02-12.wav,3.637,1.792
ravdess/Audio_Speech_Actors_01-24_16k/Actor_12/03-01-03-01-01-01-12.wav,3.70375,1.792
ravdess/Audio_Speech_Actors_01-24_16k/Actor_12/03-01-03-01-01-02-12.wav,3.7370625,1.824
ravdess/Audio_Speech_Actors_01-24_16k/Actor_12/03-01-03-01-02-01-12.wav,3.5035,1.568
ravdess/Audio_Speech_Actors_01-24_16k/Actor_12/03-01-03-01-02-02-12.wav,3.737125,1.824
ravdess/Audio_Speech_Actors_01-24_16k/Actor_12/03-01-03-02-01-01-12.wav,4.20425,1.856
ravdess/Audio_Speech_Actors_01-24_16k/Actor_12/03-01-03-02-01-02-12.wav,4.1375,1.92
ravdess/Audio_Speech_Actors_01-24_16k/Actor_12/03-01-03-02-02-01-12.wav,3.9039375,1.888
ravdess/Audio_Speech_Actors_01-24_16k/Actor_12/03-01-03-02-02-02-12.wav,3.970625,2.016
ravdess/Audio_Speech_Actors_01-24_16k/Actor_12/03-01-04-01-01-01-12.wav,3.670375,1.728
ravdess/Audio_Speech_Actors_01-24_16k/Actor_12/03-01-04-01-01-02-12.wav,3.603625,2.579625
ravdess/Audio_Speech_Actors_01-24_16k/Actor_12/03-01-04-01-02-01-12.wav,3.670375,1.696
ravdess/Audio_Speech_Actors_01-24_16k/Actor_12/03-01-04-01-02-02-12.wav,3.57025,1.696
ravdess/Audio_Speech_Actors_01-24_16k/Actor_12/03-01-04-02-01-01-12.wav,3.8705625,1.792
ravdess/Audio_Speech_Actors_01-24_16k/Actor_12/03-01-04-02-01-02-12.wav,3.7704375,1.76
ravdess/Audio_Speech_Actors_01-24_16k/Actor_12/03-01-04-02-02-01-12.wav,3.8038125,2.7798125
ravdess/Audio_Speech_Actors_01-24_16k/Actor_12/03-01-04-02-02-02-12.wav,3.8705625,1.92
ravdess/Audio_Speech_Actors_01-24_16k/Actor_12/03-01-05-01-01-01-12.wav,4.2709375,2.368
ravdess/Audio_Speech_Actors_01-24_16k/Actor_12/03-01-05-01-01-02-12.wav,3.970625,2.016
ravdess/Audio_Speech_Actors_01-24_16k/Actor_12/03-01-05-01-02-01-12.wav,3.737125,1.92
ravdess/Audio_Speech_Actors_01-24_16k/Actor_12/03-01-05-01-02-02-12.wav,4.1375,1.952
ravdess/Audio_Speech_Actors_01-24_16k/Actor_12/03-01-05-02-01-01-12.wav,3.637,1.696
ravdess/Audio_Speech_Actors_01-24_16k/Actor_12/03-01-05-02-01-02-12.wav,3.670375,2.048
ravdess/Audio_Speech_Actors_01-24_16k/Actor_12/03-01-05-02-02-01-12.wav,3.8038125,1.824
ravdess/Audio_Speech_Actors_01-24_16k/Actor_12/03-01-05-02-02-02-12.wav,3.8371875,2.464
ravdess/Audio_Speech_Actors_01-24_16k/Actor_12/03-01-06-01-01-01-12.wav,3.4034375,2.432
ravdess/Audio_Speech_Actors_01-24_16k/Actor_12/03-01-06-01-01-02-12.wav,3.5035,1.632
ravdess/Audio_Speech_Actors_01-24_16k/Actor_12/03-01-06-01-02-01-12.wav,3.3700625,1.504
ravdess/Audio_Speech_Actors_01-24_16k/Actor_12/03-01-06-01-02-02-12.wav,3.20325,1.376
ravdess/Audio_Speech_Actors_01-24_16k/Actor_12/03-01-06-02-01-01-12.wav,3.737125,2.176
ravdess/Audio_Speech_Actors_01-24_16k/Actor_12/03-01-06-02-01-02-12.wav,3.70375,2.176
ravdess/Audio_Speech_Actors_01-24_16k/Actor_12/03-01-06-02-02-01-12.wav,3.4701875,1.6
ravdess/Audio_Speech_Actors_01-24_16k/Actor_12/03-01-06-02-02-02-12.wav,3.670375,2.304
ravdess/Audio_Speech_Actors_01-24_16k/Actor_12/03-01-07-01-01-01-12.wav,3.7370625,1.856
ravdess/Audio_Speech_Actors_01-24_16k/Actor_12/03-01-07-01-01-02-12.wav,3.70375,2.816
ravdess/Audio_Speech_Actors_01-24_16k/Actor_12/03-01-07-01-02-01-12.wav,3.603625,1.76
ravdess/Audio_Speech_Actors_01-24_16k/Actor_12/03-01-07-01-02-02-12.wav,3.70375,1.888
ravdess/Audio_Speech_Actors_01-24_16k/Actor_12/03-01-07-02-01-01-12.wav,3.9706875,2.368
ravdess/Audio_Speech_Actors_01-24_16k/Actor_12/03-01-07-02-01-02-12.wav,4.537875,2.656
ravdess/Audio_Speech_Actors_01-24_16k/Actor_12/03-01-07-02-02-01-12.wav,4.20425,3.136
ravdess/Audio_Speech_Actors_01-24_16k/Actor_12/03-01-07-02-02-02-12.wav,3.9706875,2.048
ravdess/Audio_Speech_Actors_01-24_16k/Actor_12/03-01-08-01-01-01-12.wav,3.536875,1.664
ravdess/Audio_Speech_Actors_01-24_16k/Actor_12/03-01-08-01-01-02-12.wav,3.637,1.664
ravdess/Audio_Speech_Actors_01-24_16k/Actor_12/03-01-08-01-02-01-12.wav,3.5035,1.504
ravdess/Audio_Speech_Actors_01-24_16k/Actor_12/03-01-08-01-02-02-12.wav,3.603625,1.632
ravdess/Audio_Speech_Actors_01-24_16k/Actor_12/03-01-08-02-01-01-12.wav,3.7036875,1.728
ravdess/Audio_Speech_Actors_01-24_16k/Actor_12/03-01-08-02-01-02-12.wav,3.7370625,1.792
ravdess/Audio_Speech_Actors_01-24_16k/Actor_12/03-01-08-02-02-01-12.wav,3.7370625,1.792
ravdess/Audio_Speech_Actors_01-24_16k/Actor_12/03-01-08-02-02-02-12.wav,3.670375,1.696
ravdess/Audio_Speech_Actors_01-24_16k/Actor_13/03-01-01-01-01-01-13.wav,3.169875,1.28
ravdess/Audio_Speech_Actors_01-24_16k/Actor_13/03-01-01-01-01-02-13.wav,3.2031875,1.312
ravdess/Audio_Speech_Actors_01-24_16k/Actor_13/03-01-01-01-02-01-13.wav,3.06975,1.216
ravdess/Audio_Speech_Actors_01-24_16k/Actor_13/03-01-01-01-02-02-13.wav,3.1365,1.248
ravdess/Audio_Speech_Actors_01-24_16k/Actor_13/03-01-03-01-01-01-13.wav,3.2365625,1.344
ravdess/Audio_Speech_Actors_01-24_16k/Actor_13/03-01-03-01-01-02-13.wav,3.20325,1.344
ravdess/Audio_Speech_Actors_01-24_16k/Actor_13/03-01-03-01-02-01-13.wav,3.1365,1.248
ravdess/Audio_Speech_Actors_01-24_16k/Actor_13/03-01-03-01-02-02-13.wav,3.20325,1.408
ravdess/Audio_Speech_Actors_01-24_16k/Actor_13/03-01-03-02-01-01-13.wav,3.4368125,1.632
ravdess/Audio_Speech_Actors_01-24_16k/Actor_13/03-01-03-02-01-02-13.wav,3.603625,2.048
ravdess/Audio_Speech_Actors_01-24_16k/Actor_13/03-01-03-02-02-01-13.wav,3.3700625,1.536
ravdess/Audio_Speech_Actors_01-24_16k/Actor_13/03-01-03-02-02-02-13.wav,3.3366875,1.472
ravdess/Audio_Speech_Actors_01-24_16k/Actor_13/03-01-04-01-01-01-13.wav,3.57025,1.728
ravdess/Audio_Speech_Actors_01-24_16k/Actor_13/03-01-04-01-01-02-13.wav,3.536875,1.696
ravdess/Audio_Speech_Actors_01-24_16k/Actor_13/03-01-04-01-02-01-13.wav,3.4368125,1.568
ravdess/Audio_Speech_Actors_01-24_16k/Actor_13/03-01-04-01-02-02-13.wav,3.3700625,1.504
ravdess/Audio_Speech_Actors_01-24_16k/Actor_13/03-01-04-02-01-01-13.wav,3.3366875,1.408
ravdess/Audio_Speech_Actors_01-24_16k/Actor_13/03-01-04-02-01-02-13.wav,3.3033125,1.44
ravdess/Audio_Speech_Actors_01-24_16k/Actor_13/03-01-04-02-02-01-13.wav,3.4368125,1.6
ravdess/Audio_Speech_Actors_01-24_16k/Actor_13/03-01-04-02-02-02-13.wav,3.2031875,1.44
ravdess/Audio_Speech_Actors_01-24_16k/Actor_13/03-01-05-01-01-01-13.wav,3.4368125,1.568
ravdess/Audio_Speech_Actors_01-24_16k/Actor_13/03-01-05-01-01-02-13.wav,3.536875,1.664
ravdess/Audio_Speech_Actors_01-24_16k/Actor_13/03-01-05-01-02-01-13.wav,3.603625,1.696
ravdess/Audio_Speech_Actors_01-24_16k/Actor_13/03-01-05-01-02-02-13.wav,3.3700625,1.504
ravdess/Audio_Speech_Actors_01-24_16k/Actor_13/03-01-05-02-01-01-13.wav,3.670375,1.696
ravdess/Audio_Speech_Actors_01-24_16k/Actor_13/03-01-05-02-01-02-13.wav,4.2709375,2.336
ravdess/Audio_Speech_Actors_01-24_16k/Actor_13/03-01-05-02-02-01-13.wav,3.57025,1.76
ravdess/Audio_Speech_Actors_01-24_16k/Actor_13/03-01-05-02-02-02-13.wav,4.170875,2.24
ravdess/Audio_Speech_Actors_01-24_16k/Actor_13/03-01-06-01-01-01-13.wav,3.1365,1.28
ravdess/Audio_Speech_Actors_01-24_16k/Actor_13/03-01-06-01-01-02-13.wav,3.169875,1.312
ravdess/Audio_Speech_Actors_01-24_16k/Actor_13/03-01-06-01-02-01-13.wav,3.20325,1.344
ravdess/Audio_Speech_Actors_01-24_16k/Actor_13/03-01-06-01-02-02-13.wav,3.2365625,1.376
ravdess/Audio_Speech_Actors_01-24_16k/Actor_13/03-01-06-02-01-01-13.wav,3.3700625,1.504
ravdess/Audio_Speech_Actors_01-24_16k/Actor_13/03-01-06-02-01-02-13.wav,3.2699375,1.44
ravdess/Audio_Speech_Actors_01-24_16k/Actor_13/03-01-06-02-02-01-13.wav,3.5035,1.632
ravdess/Audio_Speech_Actors_01-24_16k/Actor_13/03-01-06-02-02-02-13.wav,3.20325,1.376
ravdess/Audio_Speech_Actors_01-24_16k/Actor_13/03-01-07-01-01-01-13.wav,3.1365,1.344
ravdess/Audio_Speech_Actors_01-24_16k/Actor_13/03-01-07-01-01-02-13.wav,3.169875,1.344
ravdess/Audio_Speech_Actors_01-24_16k/Actor_13/03-01-07-01-02-01-13.wav,3.2699375,1.44
ravdess/Audio_Speech_Actors_01-24_16k/Actor_13/03-01-07-01-02-02-13.wav,3.2365625,1.408
ravdess/Audio_Speech_Actors_01-24_16k/Actor_13/03-01-07-02-01-01-13.wav,3.4034375,1.6
ravdess/Audio_Speech_Actors_01-24_16k/Actor_13/03-01-07-02-01-02-13.wav,3.70375,2.016
ravdess/Audio_Speech_Actors_01-24_16k/Actor_13/03-01-07-02-02-01-13.wav,3.4034375,1.536
ravdess/Audio_Speech_Actors_01-24_16k/Actor_13/03-01-07-02-02-02-13.wav,3.4368125,1.568
ravdess/Audio_Speech_Actors_01-24_16k/Actor_13/03-01-08-01-01-01-13.wav,3.4034375,1.504
ravdess/Audio_Speech_Actors_01-24_16k/Actor_13/03-01-08-01-01-02-13.wav,3.1365,1.28
ravdess/Audio_Speech_Actors_01-24_16k/Actor_13/03-01-08-01-02-01-13.wav,3.1365,1.28
ravdess/Audio_Speech_Actors_01-24_16k/Actor_13/03-01-08-01-02-02-13.wav,3.036375,1.184
ravdess/Audio_Speech_Actors_01-24_16k/Actor_13/03-01-08-02-01-01-13.wav,3.3366875,1.44
ravdess/Audio_Speech_Actors_01-24_16k/Actor_13/03-01-08-02-01-02-13.wav,3.3033125,1.472
ravdess/Audio_Speech_Actors_01-24_16k/Actor_13/03-01-08-02-02-01-13.wav,3.3366875,1.472
ravdess/Audio_Speech_Actors_01-24_16k/Actor_13/03-01-08-02-02-02-13.wav,3.3033125,1.44
ravdess/Audio_Speech_Actors_01-24_16k/Actor_14/03-01-01-01-01-01-14.wav,3.470125,1.568
ravdess/Audio_Speech_Actors_01-24_16k/Actor_14/03-01-01-01-01-02-14.wav,3.3366875,1.44
ravdess/Audio_Speech_Actors_01-24_16k/Actor_14/03-01-01-01-02-01-14.wav,3.4701875,1.536
ravdess/Audio_Speech_Actors_01-24_16k/Actor_14/03-01-01-01-02-02-14.wav,3.57025,1.632
ravdess/Audio_Speech_Actors_01-24_16k/Actor_14/03-01-03-01-01-01-14.wav,3.70375,1.856
ravdess/Audio_Speech_Actors_01-24_16k/Actor_14/03-01-03-01-01-02-14.wav,3.670375,1.76
ravdess/Audio_Speech_Actors_01-24_16k/Actor_14/03-01-03-01-02-01-14.wav,3.4034375,1.408
ravdess/Audio_Speech_Actors_01-24_16k/Actor_14/03-01-03-01-02-02-14.wav,3.470125,1.568
ravdess/Audio_Speech_Actors_01-24_16k/Actor_14/03-01-03-02-01-01-14.wav,3.7704375,1.984
ravdess/Audio_Speech_Actors_01-24_16k/Actor_14/03-01-03-02-01-02-14.wav,3.7370625,1.856
ravdess/Audio_Speech_Actors_01-24_16k/Actor_14/03-01-03-02-02-01-14.wav,3.8371875,1.824
ravdess/Audio_Speech_Actors_01-24_16k/Actor_14/03-01-03-02-02-02-14.wav,3.7370625,1.984
ravdess/Audio_Speech_Actors_01-24_16k/Actor_14/03-01-04-01-01-01-14.wav,3.7370625,2.016
ravdess/Audio_Speech_Actors_01-24_16k/Actor_14/03-01-04-01-01-02-14.wav,3.603625,1.696
ravdess/Audio_Speech_Actors_01-24_16k/Actor_14/03-01-04-01-02-01-14.wav,3.603625,1.824
ravdess/Audio_Speech_Actors_01-24_16k/Actor_14/03-01-04-01-02-02-14.wav,3.536875,1.568
ravdess/Audio_Speech_Actors_01-24_16k/Actor_14/03-01-04-02-01-01-14.wav,3.8705625,1.92
ravdess/Audio_Speech_Actors_01-24_16k/Actor_14/03-01-04-02-01-02-14.wav,3.670375,1.728
ravdess/Audio_Speech_Actors_01-24_16k/Actor_14/03-01-04-02-02-01-14.wav,3.670375,1.728
ravdess/Audio_Speech_Actors_01-24_16k/Actor_14/03-01-04-02-02-02-14.wav,3.9039375,1.952
ravdess/Audio_Speech_Actors_01-24_16k/Actor_14/03-01-05-01-01-01-14.wav,3.603625,1.568
ravdess/Audio_Speech_Actors_01-24_16k/Actor_14/03-01-05-01-01-02-14.wav,3.70375,1.728
ravdess/Audio_Speech_Actors_01-24_16k/Actor_14/03-01-05-01-02-01-14.wav,3.7370625,1.696
ravdess/Audio_Speech_Actors_01-24_16k/Actor_14/03-01-05-01-02-02-14.wav,3.9039375,1.92
ravdess/Audio_Speech_Actors_01-24_16k/Actor_14/03-01-05-02-01-01-14.wav,4.2709375,2.24
ravdess/Audio_Speech_Actors_01-24_16k/Actor_14/03-01-05-02-01-02-14.wav,4.3710625,2.336
ravdess/Audio_Speech_Actors_01-24_16k/Actor_14/03-01-05-02-02-01-14.wav,4.170875,2.112
ravdess/Audio_Speech_Actors_01-24_16k/Actor_14/03-01-05-02-02-02-14.wav,4.4044375,2.368
ravdess/Audio_Speech_Actors_01-24_16k/Actor_14/03-01-06-01-01-01-14.wav,3.3700625,1.792
ravdess/Audio_Speech_Actors_01-24_16k/Actor_14/03-01-06-01-01-02-14.wav,3.57025,2.016
ravdess/Audio_Speech_Actors_01-24_16k/Actor_14/03-01-06-01-02-01-14.wav,3.3700625,1.44
ravdess/Audio_Speech_Actors_01-24_16k/Actor_14/03-01-06-01-02-02-14.wav,3.3700625,1.408
ravdess/Audio_Speech_Actors_01-24_16k/Actor_14/03-01-06-02-01-01-14.wav,3.3700625,1.408
ravdess/Audio_Speech_Actors_01-24_16k/Actor_14/03-01-06-02-01-02-14.wav,3.4034375,1.376
ravdess/Audio_Speech_Actors_01-24_16k/Actor_14/03-01-06-02-02-01-14.wav,3.5035,1.472
ravdess/Audio_Speech_Actors_01-24_16k/Actor_14/03-01-06-02-02-02-14.wav,3.470125,1.504
ravdess/Audio_Speech_Actors_01-24_16k/Actor_14/03-01-07-01-01-01-14.wav,3.7704375,2.112
ravdess/Audio_Speech_Actors_01-24_16k/Actor_14/03-01-07-01-01-02-14.wav,3.637,1.76
ravdess/Audio_Speech_Actors_01-24_16k/Actor_14/03-01-07-01-02-01-14.wav,3.7370625,1.856
ravdess/Audio_Speech_Actors_01-24_16k/Actor_14/03-01-07-01-02-02-14.wav,3.7704375,1.856
ravdess/Audio_Speech_Actors_01-24_16k/Actor_14/03-01-07-02-01-01-14.wav,3.93725,2.048
ravdess/Audio_Speech_Actors_01-24_16k/Actor_14/03-01-07-02-01-02-14.wav,3.7370625,1.856
ravdess/Audio_Speech_Actors_01-24_16k/Actor_14/03-01-07-02-02-01-14.wav,3.670375,1.76
ravdess/Audio_Speech_Actors_01-24_16k/Actor_14/03-01-07-02-02-02-14.wav,3.8038125,1.856
ravdess/Audio_Speech_Actors_01-24_16k/Actor_14/03-01-08-01-01-01-14.wav,3.637,1.728
ravdess/Audio_Speech_Actors_01-24_16k/Actor_14/03-01-08-01-01-02-14.wav,3.57025,1.664
ravdess/Audio_Speech_Actors_01-24_16k/Actor_14/03-01-08-01-02-01-14.wav,3.20325,1.28
ravdess/Audio_Speech_Actors_01-24_16k/Actor_14/03-01-08-01-02-02-14.wav,3.3033125,1.408
ravdess/Audio_Speech_Actors_01-24_16k/Actor_14/03-01-08-02-01-01-14.wav,3.970625,2.048
ravdess/Audio_Speech_Actors_01-24_16k/Actor_14/03-01-08-02-01-02-14.wav,3.70375,1.728
ravdess/Audio_Speech_Actors_01-24_16k/Actor_14/03-01-08-02-02-01-14.wav,3.70375,1.76
ravdess/Audio_Speech_Actors_01-24_16k/Actor_14/03-01-08-02-02-02-14.wav,3.7370625,1.792
ravdess/Audio_Speech_Actors_01-24_16k/Actor_15/03-01-01-01-01-01-15.wav,3.3700625,1.408
ravdess/Audio_Speech_Actors_01-24_16k/Actor_15/03-01-01-01-01-02-15.wav,3.4368125,1.504
ravdess/Audio_Speech_Actors_01-24_16k/Actor_15/03-01-01-01-02-01-15.wav,3.43675,1.536
ravdess/Audio_Speech_Actors_01-24_16k/Actor_15/03-01-01-01-02-02-15.wav,3.4034375,1.472
ravdess/Audio_Speech_Actors_01-24_16k/Actor_15/03-01-03-01-01-01-15.wav,3.4034375,1.44
ravdess/Audio_Speech_Actors_01-24_16k/Actor_15/03-01-03-01-01-02-15.wav,3.3366875,2.3446875
ravdess/Audio_Speech_Actors_01-24_16k/Actor_15/03-01-03-01-02-01-15.wav,3.3366875,1.6
ravdess/Audio_Speech_Actors_01-24_16k/Actor_15/03-01-03-01-02-02-15.wav,3.4368125,1.44
ravdess/Audio_Speech_Actors_01-24_16k/Actor_15/03-01-03-02-01-01-15.wav,3.57025,1.824
ravdess/Audio_Speech_Actors_01-24_16k/Actor_15/03-01-03-02-01-02-15.wav,3.470125,1.536
ravdess/Audio_Speech_Actors_01-24_16k/Actor_15/03-01-03-02-02-01-15.wav,3.8038125,1.984
ravdess/Audio_Speech_Actors_01-24_16k/Actor_15/03-01-03-02-02-02-15.wav,3.3700625,1.44
ravdess/Audio_Speech_Actors_01-24_16k/Actor_15/03-01-04-01-01-01-15.wav,3.5035,2.144
ravdess/Audio_Speech_Actors_01-24_16k/Actor_15/03-01-04-01-01-02-15.wav,3.3033125,2.304
ravdess/Audio_Speech_Actors_01-24_16k/Actor_15/03-01-04-01-02-01-15.wav,3.3033125,1.408
ravdess/Audio_Speech_Actors_01-24_16k/Actor_15/03-01-04-01-02-02-15.wav,3.3700625,2.56
ravdess/Audio_Speech_Actors_01-24_16k/Actor_15/03-01-04-02-01-01-15.wav,3.2699375,1.792
ravdess/Audio_Speech_Actors_01-24_16k/Actor_15/03-01-04-02-01-02-15.wav,3.4034375,1.984
ravdess/Audio_Speech_Actors_01-24_16k/Actor_15/03-01-04-02-02-01-15.wav,3.536875,1.632
ravdess/Audio_Speech_Actors_01-24_16k/Actor_15/03-01-04-02-02-02-15.wav,3.4368125,2.464
ravdess/Audio_Speech_Actors_01-24_16k/Actor_15/03-01-05-01-01-01-15.wav,3.637,1.632
ravdess/Audio_Speech_Actors_01-24_16k/Actor_15/03-01-05-01-01-02-15.wav,3.603625,1.632
ravdess/Audio_Speech_Actors_01-24_16k/Actor_15/03-01-05-01-02-01-15.wav,3.70375,2.432
ravdess/Audio_Speech_Actors_01-24_16k/Actor_15/03-01-05-01-02-02-15.wav,3.536875,1.568
ravdess/Audio_Speech_Actors_01-24_16k/Actor_15/03-01-05-02-01-01-15.wav,3.536875,1.568
ravdess/Audio_Speech_Actors_01-24_16k/Actor_15/03-01-05-02-01-02-15.wav,3.737125,1.792
ravdess/Audio_Speech_Actors_01-24_16k/Actor_15/03-01-05-02-02-01-15.wav,3.4701875,1.504
ravdess/Audio_Speech_Actors_01-24_16k/Actor_15/03-01-05-02-02-02-15.wav,3.603625,1.664
ravdess/Audio_Speech_Actors_01-24_16k/Actor_15/03-01-06-01-01-01-15.wav,3.3033125,2.176
ravdess/Audio_Speech_Actors_01-24_16k/Actor_15/03-01-06-01-01-02-15.wav,3.3033125,1.856
ravdess/Audio_Speech_Actors_01-24_16k/Actor_15/03-01-06-01-02-01-15.wav,3.2699375,1.856
ravdess/Audio_Speech_Actors_01-24_16k/Actor_15/03-01-06-01-02-02-15.wav,3.3033125,2.816
ravdess/Audio_Speech_Actors_01-24_16k/Actor_15/03-01-06-02-01-01-15.wav,3.3366875,1.952
ravdess/Audio_Speech_Actors_01-24_16k/Actor_15/03-01-06-02-01-02-15.wav,3.4701875,1.824
ravdess/Audio_Speech_Actors_01-24_16k/Actor_15/03-01-06-02-02-01-15.wav,3.3700625,2.304
ravdess/Audio_Speech_Actors_01-24_16k/Actor_15/03-01-06-02-02-02-15.wav,3.5035,1.568
ravdess/Audio_Speech_Actors_01-24_16k/Actor_15/03-01-07-01-01-01-15.wav,3.7370625,2.496
ravdess/Audio_Speech_Actors_01-24_16k/Actor_15/03-01-07-01-01-02-15.wav,3.637,1.824
ravdess/Audio_Speech_Actors_01-24_16k/Actor_15/03-01-07-01-02-01-15.wav,3.670375,1.984
ravdess/Audio_Speech_Actors_01-24_16k/Actor_15/03-01-07-01-02-02-15.wav,4.07075,2.368
ravdess/Audio_Speech_Actors_01-24_16k/Actor_15/03-01-07-02-01-01-15.wav,3.7036875,1.824
ravdess/Audio_Speech_Actors_01-24_16k/Actor_15/03-01-07-02-01-02-15.wav,3.3700625,2.752
ravdess/Audio_Speech_Actors_01-24_16k/Actor_15/03-01-07-02-02-01-15.wav,3.3033125,2.272
ravdess/Audio_Speech_Actors_01-24_16k/Actor_15/03-01-07-02-02-02-15.wav,3.4701875,2.528
ravdess/Audio_Speech_Actors_01-24_16k/Actor_15/03-01-08-01-01-01-15.wav,3.637,2.688
ravdess/Audio_Speech_Actors_01-24_16k/Actor_15/03-01-08-01-01-02-15.wav,3.4368125,1.536
ravdess/Audio_Speech_Actors_01-24_16k/Actor_15/03-01-08-01-02-01-15.wav,3.70375,1.792
ravdess/Audio_Speech_Actors_01-24_16k/Actor_15/03-01-08-01-02-02-15.wav,3.3700625,1.76
ravdess/Audio_Speech_Actors_01-24_16k/Actor_15/03-01-08-02-01-01-15.wav,3.3700625,1.44
ravdess/Audio_Speech_Actors_01-24_16k/Actor_15/03-01-08-02-01-02-15.wav,3.3033125,1.696
ravdess/Audio_Speech_Actors_01-24_16k/Actor_15/03-01-08-02-02-01-15.wav,3.20325,1.28
ravdess/Audio_Speech_Actors_01-24_16k/Actor_15/03-01-08-02-02-02-15.wav,3.3366875,1.856
ravdess/Audio_Speech_Actors_01-24_16k/Actor_16/03-01-01-01-01-01-16.wav,3.7370625,1.888
ravdess/Audio_Speech_Actors_01-24_16k/Actor_16/03-01-01-01-01-02-16.wav,3.737125,1.888
ravdess/Audio_Speech_Actors_01-24_16k/Actor_16/03-01-01-01-02-01-16.wav,3.603625,1.76
ravdess/Audio_Speech_Actors_01-24_16k/Actor_16/03-01-01-01-02-02-16.wav,3.57025,1.696
ravdess/Audio_Speech_Actors_01-24_16k/Actor_16/03-01-03-01-01-01-16.wav,3.70375,1.728
ravdess/Audio_Speech_Actors_01-24_16k/Actor_16/03-01-03-01-01-02-16.wav,3.670375,1.76
ravdess/Audio_Speech_Actors_01-24_16k/Actor_16/03-01-03-01-02-01-16.wav,3.7370625,1.792
ravdess/Audio_Speech_Actors_01-24_16k/Actor_16/03-01-03-01-02-02-16.wav,3.670375,1.728
ravdess/Audio_Speech_Actors_01-24_16k/Actor_16/03-01-03-02-01-01-16.wav,3.7704375,1.856
ravdess/Audio_Speech_Actors_01-24_16k/Actor_16/03-01-03-02-01-02-16.wav,3.57025,1.632
ravdess/Audio_Speech_Actors_01-24_16k/Actor_16/03-01-03-02-02-01-16.wav,3.7704375,1.792
ravdess/Audio_Speech_Actors_01-24_16k/Actor_16/03-01-03-02-02-02-16.wav,3.8038125,1.824
ravdess/Audio_Speech_Actors_01-24_16k/Actor_16/03-01-04-01-01-01-16.wav,3.57025,1.728
ravdess/Audio_Speech_Actors_01-24_16k/Actor_16/03-01-04-01-01-02-16.wav,3.637,1.728
ravdess/Audio_Speech_Actors_01-24_16k/Actor_16/03-01-04-01-02-01-16.wav,3.4034375,1.568
ravdess/Audio_Speech_Actors_01-24_16k/Actor_16/03-01-04-01-02-02-16.wav,3.5035,1.696
ravdess/Audio_Speech_Actors_01-24_16k/Actor_16/03-01-04-02-01-01-16.wav,3.7370625,2.176
ravdess/Audio_Speech_Actors_01-24_16k/Actor_16/03-01-04-02-01-02-16.wav,3.8038125,2.272
ravdess/Audio_Speech_Actors_01-24_16k/Actor_16/03-01-04-02-02-01-16.wav,3.8705625,1.92
ravdess/Audio_Speech_Actors_01-24_16k/Actor_16/03-01-04-02-02-02-16.wav,3.7370625,2.112
ravdess/Audio_Speech_Actors_01-24_16k/Actor_16/03-01-05-01-01-01-16.wav,3.9706875,2.08
ravdess/Audio_Speech_Actors_01-24_16k/Actor_16/03-01-05-01-01-02-16.wav,4.004,2.048
ravdess/Audio_Speech_Actors_01-24_16k/Actor_16/03-01-05-01-02-01-16.wav,3.9039375,1.984
ravdess/Audio_Speech_Actors_01-24_16k/Actor_16/03-01-05-01-02-02-16.wav,3.9039375,1.984
ravdess/Audio_Speech_Actors_01-24_16k/Actor_16/03-01-05-02-01-01-16.wav,3.9706875,1.984
ravdess/Audio_Speech_Actors_01-24_16k/Actor_16/03-01-05-02-01-02-16.wav,3.7370625,1.76
ravdess/Audio_Speech_Actors_01-24_16k/Actor_16/03-01-05-02-02-01-16.wav,3.8038125,1.792
ravdess/Audio_Speech_Actors_01-24_16k/Actor_16/03-01-05-02-02-02-16.wav,4.07075,2.144
ravdess/Audio_Speech_Actors_01-24_16k/Actor_16/03-01-06-01-01-01-16.wav,3.7036875,1.632
ravdess/Audio_Speech_Actors_01-24_16k/Actor_16/03-01-06-01-01-02-16.wav,3.5035,1.568
ravdess/Audio_Speech_Actors_01-24_16k/Actor_16/03-01-06-01-02-01-16.wav,3.637,1.696
ravdess/Audio_Speech_Actors_01-24_16k/Actor_16/03-01-06-01-02-02-16.wav,3.57025,1.632
ravdess/Audio_Speech_Actors_01-24_16k/Actor_16/03-01-06-02-01-01-16.wav,3.7370625,1.984
ravdess/Audio_Speech_Actors_01-24_16k/Actor_16/03-01-06-02-01-02-16.wav,3.7370625,2.048
ravdess/Audio_Speech_Actors_01-24_16k/Actor_16/03-01-06-02-02-01-16.wav,3.536875,1.792
ravdess/Audio_Speech_Actors_01-24_16k/Actor_16/03-01-06-02-02-02-16.wav,3.5035,1.792
ravdess/Audio_Speech_Actors_01-24_16k/Actor_16/03-01-07-01-01-01-16.wav,3.7704375,1.888
ravdess/Audio_Speech_Actors_01-24_16k/Actor_16/03-01-07-01-01-02-16.wav,3.7370625,1.856
ravdess/Audio_Speech_Actors_01-24_16k/Actor_16/03-01-07-01-02-01-16.wav,3.470125,1.6
ravdess/Audio_Speech_Actors_01-24_16k/Actor_16/03-01-07-01-02-02-16.wav,3.57025,1.696
ravdess/Audio_Speech_Actors_01-24_16k/Actor_16/03-01-07-02-01-01-16.wav,4.2709375,2.336
ravdess/Audio_Speech_Actors_01-24_16k/Actor_16/03-01-07-02-01-02-16.wav,4.237625,2.304
ravdess/Audio_Speech_Actors_01-24_16k/Actor_16/03-01-07-02-02-01-16.wav,4.1375,2.304
ravdess/Audio_Speech_Actors_01-24_16k/Actor_16/03-01-07-02-02-02-16.wav,4.1375,2.208
ravdess/Audio_Speech_Actors_01-24_16k/Actor_16/03-01-08-01-01-01-16.wav,3.536875,1.6
ravdess/Audio_Speech_Actors_01-24_16k/Actor_16/03-01-08-01-01-02-16.wav,3.43675,1.536
ravdess/Audio_Speech_Actors_01-24_16k/Actor_16/03-01-08-01-02-01-16.wav,3.5035,1.568
ravdess/Audio_Speech_Actors_01-24_16k/Actor_16/03-01-08-01-02-02-16.wav,3.4368125,1.536
ravdess/Audio_Speech_Actors_01-24_16k/Actor_16/03-01-08-02-01-01-16.wav,3.536875,1.632
ravdess/Audio_Speech_Actors_01-24_16k/Actor_16/03-01-08-02-01-02-16.wav,3.536875,1.664
ravdess/Audio_Speech_Actors_01-24_16k/Actor_16/03-01-08-02-02-01-16.wav,3.57025,1.664
ravdess/Audio_Speech_Actors_01-24_16k/Actor_16/03-01-08-02-02-02-16.wav,3.57025,1.664
ravdess/Audio_Speech_Actors_01-24_16k/Actor_17/03-01-01-01-01-01-17.wav,3.8371875,1.856
ravdess/Audio_Speech_Actors_01-24_16k/Actor_17/03-01-01-01-01-02-17.wav,3.5035,1.504
ravdess/Audio_Speech_Actors_01-24_16k/Actor_17/03-01-01-01-02-01-17.wav,3.5035,1.6
ravdess/Audio_Speech_Actors_01-24_16k/Actor_17/03-01-01-01-02-02-17.wav,3.470125,1.536
ravdess/Audio_Speech_Actors_01-24_16k/Actor_17/03-01-03-01-01-01-17.wav,3.470125,1.472
ravdess/Audio_Speech_Actors_01-24_16k/Actor_17/03-01-03-01-01-02-17.wav,3.536875,1.504
ravdess/Audio_Speech_Actors_01-24_16k/Actor_17/03-01-03-01-02-01-17.wav,3.4701875,1.408
ravdess/Audio_Speech_Actors_01-24_16k/Actor_17/03-01-03-01-02-02-17.wav,3.536875,1.536
ravdess/Audio_Speech_Actors_01-24_16k/Actor_17/03-01-03-02-01-01-17.wav,3.7370625,1.536
ravdess/Audio_Speech_Actors_01-24_16k/Actor_17/03-01-03-02-01-02-17.wav,4.104125,1.792
ravdess/Audio_Speech_Actors_01-24_16k/Actor_17/03-01-03-02-02-01-17.wav,3.7370625,2.048
ravdess/Audio_Speech_Actors_01-24_16k/Actor_17/03-01-03-02-02-02-17.wav,3.8038125,1.728
ravdess/Audio_Speech_Actors_01-24_16k/Actor_17/03-01-04-01-01-01-17.wav,3.670375,1.504
ravdess/Audio_Speech_Actors_01-24_16k/Actor_17/03-01-04-01-01-02-17.wav,3.5035,1.376
ravdess/Audio_Speech_Actors_01-24_16k/Actor_17/03-01-04-01-02-01-17.wav,3.57025,1.504
ravdess/Audio_Speech_Actors_01-24_16k/Actor_17/03-01-04-01-02-02-17.wav,3.603625,1.504
ravdess/Audio_Speech_Actors_01-24_16k/Actor_17/03-01-04-02-01-01-17.wav,3.670375,2.08
ravdess/Audio_Speech_Actors_01-24_16k/Actor_17/03-01-04-02-01-02-17.wav,3.70375,2.048
ravdess/Audio_Speech_Actors_01-24_16k/Actor_17/03-01-04-02-02-01-17.wav,3.603625,2.24
ravdess/Audio_Speech_Actors_01-24_16k/Actor_17/03-01-04-02-02-02-17.wav,3.57025,1.376
ravdess/Audio_Speech_Actors_01-24_16k/Actor_17/03-01-05-01-01-01-17.wav,3.4701875,1.44
ravdess/Audio_Speech_Actors_01-24_16k/Actor_17/03-01-05-01-01-02-17.wav,3.70375,1.6
ravdess/Audio_Speech_Actors_01-24_16k/Actor_17/03-01-05-01-02-01-17.wav,3.603625,1.504
ravdess/Audio_Speech_Actors_01-24_16k/Actor_17/03-01-05-01-02-02-17.wav,3.536875,1.504
ravdess/Audio_Speech_Actors_01-24_16k/Actor_17/03-01-05-02-01-01-17.wav,3.5035,1.44
ravdess/Audio_Speech_Actors_01-24_16k/Actor_17/03-01-05-02-01-02-17.wav,3.7370625,1.632
ravdess/Audio_Speech_Actors_01-24_16k/Actor_17/03-01-05-02-02-01-17.wav,3.637,1.568
ravdess/Audio_Speech_Actors_01-24_16k/Actor_17/03-01-05-02-02-02-17.wav,3.8038125,1.664
ravdess/Audio_Speech_Actors_01-24_16k/Actor_17/03-01-06-01-01-01-17.wav,3.470125,1.472
ravdess/Audio_Speech_Actors_01-24_16k/Actor_17/03-01-06-01-01-02-17.wav,3.5035,1.888
ravdess/Audio_Speech_Actors_01-24_16k/Actor_17/03-01-06-01-02-01-17.wav,3.536875,3.232
ravdess/Audio_Speech_Actors_01-24_16k/Actor_17/03-01-06-01-02-02-17.wav,3.637,1.856
ravdess/Audio_Speech_Actors_01-24_16k/Actor_17/03-01-06-02-01-01-17.wav,3.70375,1.664
ravdess/Audio_Speech_Actors_01-24_16k/Actor_17/03-01-06-02-01-02-17.wav,3.7370625,1.856
ravdess/Audio_Speech_Actors_01-24_16k/Actor_17/03-01-06-02-02-01-17.wav,3.670375,1.696
ravdess/Audio_Speech_Actors_01-24_16k/Actor_17/03-01-06-02-02-02-17.wav,3.8371875,1.92
ravdess/Audio_Speech_Actors_01-24_16k/Actor_17/03-01-07-01-01-01-17.wav,3.8371875,1.664
ravdess/Audio_Speech_Actors_01-24_16k/Actor_17/03-01-07-01-01-02-17.wav,3.70375,1.664
ravdess/Audio_Speech_Actors_01-24_16k/Actor_17/03-01-07-01-02-01-17.wav,3.57025,1.504
ravdess/Audio_Speech_Actors_01-24_16k/Actor_17/03-01-07-01-02-02-17.wav,3.5035,1.76
ravdess/Audio_Speech_Actors_01-24_16k/Actor_17/03-01-07-02-01-01-17.wav,4.20425,2.048
ravdess/Audio_Speech_Actors_01-24_16k/Actor_17/03-01-07-02-01-02-17.wav,4.170875,2.08
ravdess/Audio_Speech_Actors_01-24_16k/Actor_17/03-01-07-02-02-01-17.wav,4.4711875,2.784
ravdess/Audio_Speech_Actors_01-24_16k/Actor_17/03-01-07-02-02-02-17.wav,4.604625,2.272
ravdess/Audio_Speech_Actors_01-24_16k/Actor_17/03-01-08-01-01-01-17.wav,3.4034375,1.312
ravdess/Audio_Speech_Actors_01-24_16k/Actor_17/03-01-08-01-01-02-17.wav,3.637,1.888
ravdess/Audio_Speech_Actors_01-24_16k/Actor_17/03-01-08-01-02-01-17.wav,3.3700625,1.76
ravdess/Audio_Speech_Actors_01-24_16k/Actor_17/03-01-08-01-02-02-17.wav,3.4368125,1.504
ravdess/Audio_Speech_Actors_01-24_16k/Actor_17/03-01-08-02-01-01-17.wav,3.536875,1.952
ravdess/Audio_Speech_Actors_01-24_16k/Actor_17/03-01-08-02-01-02-17.wav,3.670375,2.304
ravdess/Audio_Speech_Actors_01-24_16k/Actor_17/03-01-08-02-02-01-17.wav,3.4368125,1.6
ravdess/Audio_Speech_Actors_01-24_16k/Actor_17/03-01-08-02-02-02-17.wav,3.536875,2.112
ravdess/Audio_Speech_Actors_01-24_16k/Actor_18/03-01-01-01-01-01-18.wav,3.4701875,1.696
ravdess/Audio_Speech_Actors_01-24_16k/Actor_18/03-01-01-01-01-02-18.wav,3.536875,1.728
ravdess/Audio_Speech_Actors_01-24_16k/Actor_18/03-01-01-01-02-01-18.wav,3.470125,1.664
ravdess/Audio_Speech_Actors_01-24_16k/Actor_18/03-01-01-01-02-02-18.wav,3.4701875,1.6
ravdess/Audio_Speech_Actors_01-24_16k/Actor_18/03-01-03-01-01-01-18.wav,3.4034375,1.536
ravdess/Audio_Speech_Actors_01-24_16k/Actor_18/03-01-03-01-01-02-18.wav,3.3700625,1.536
ravdess/Audio_Speech_Actors_01-24_16k/Actor_18/03-01-03-01-02-01-18.wav,3.43675,1.632
ravdess/Audio_Speech_Actors_01-24_16k/Actor_18/03-01-03-01-02-02-18.wav,3.5035,1.664
ravdess/Audio_Speech_Actors_01-24_16k/Actor_18/03-01-03-02-01-01-18.wav,3.7704375,1.632
ravdess/Audio_Speech_Actors_01-24_16k/Actor_18/03-01-03-02-01-02-18.wav,3.93725,1.824
ravdess/Audio_Speech_Actors_01-24_16k/Actor_18/03-01-03-02-02-01-18.wav,3.7704375,1.696
ravdess/Audio_Speech_Actors_01-24_16k/Actor_18/03-01-03-02-02-02-18.wav,3.8371875,1.728
ravdess/Audio_Speech_Actors_01-24_16k/Actor_18/03-01-04-01-01-01-18.wav,3.57025,1.632
ravdess/Audio_Speech_Actors_01-24_16k/Actor_18/03-01-04-01-01-02-18.wav,3.637,1.792
ravdess/Audio_Speech_Actors_01-24_16k/Actor_18/03-01-04-01-02-01-18.wav,3.536875,1.696
ravdess/Audio_Speech_Actors_01-24_16k/Actor_18/03-01-04-01-02-02-18.wav,3.637,1.76
ravdess/Audio_Speech_Actors_01-24_16k/Actor_18/03-01-04-02-01-01-18.wav,3.8038125,1.856
ravdess/Audio_Speech_Actors_01-24_16k/Actor_18/03-01-04-02-01-02-18.wav,3.8371875,1.792
ravdess/Audio_Speech_Actors_01-24_16k/Actor_18/03-01-04-02-02-01-18.wav,4.1375,2.176
ravdess/Audio_Speech_Actors_01-24_16k/Actor_18/03-01-04-02-02-02-18.wav,3.8371875,2.272
ravdess/Audio_Speech_Actors_01-24_16k/Actor_18/03-01-05-01-01-01-18.wav,3.9039375,1.952
ravdess/Audio_Speech_Actors_01-24_16k/Actor_18/03-01-05-01-01-02-18.wav,4.170875,2.24
ravdess/Audio_Speech_Actors_01-24_16k/Actor_18/03-01-05-01-02-01-18.wav,3.57025,1.632
ravdess/Audio_Speech_Actors_01-24_16k/Actor_18/03-01-05-01-02-02-18.wav,3.637,1.76
ravdess/Audio_Speech_Actors_01-24_16k/Actor_18/03-01-05-02-01-01-18.wav,3.70375,1.632
ravdess/Audio_Speech_Actors_01-24_16k/Actor_18/03-01-05-02-01-02-18.wav,3.7704375,1.728
ravdess/Audio_Speech_Actors_01-24_16k/Actor_18/03-01-05-02-02-01-18.wav,3.8371875,1.856
ravdess/Audio_Speech_Actors_01-24_16k/Actor_18/03-01-05-02-02-02-18.wav,4.2375625,2.208
ravdess/Audio_Speech_Actors_01-24_16k/Actor_18/03-01-06-01-01-01-18.wav,3.4368125,1.504
ravdess/Audio_Speech_Actors_01-24_16k/Actor_18/03-01-06-01-01-02-18.wav,3.4034375,1.504
ravdess/Audio_Speech_Actors_01-24_16k/Actor_18/03-01-06-01-02-01-18.wav,3.470125,1.728
ravdess/Audio_Speech_Actors_01-24_16k/Actor_18/03-01-06-01-02-02-18.wav,3.4701875,1.92
ravdess/Audio_Speech_Actors_01-24_16k/Actor_18/03-01-06-02-01-01-18.wav,3.737125,1.728
ravdess/Audio_Speech_Actors_01-24_16k/Actor_18/03-01-06-02-01-02-18.wav,4.170875,2.176
ravdess/Audio_Speech_Actors_01-24_16k/Actor_18/03-01-06-02-02-01-18.wav,3.8038125,1.92
ravdess/Audio_Speech_Actors_01-24_16k/Actor_18/03-01-06-02-02-02-18.wav,3.8038125,1.696
ravdess/Audio_Speech_Actors_01-24_16k/Actor_18/03-01-07-01-01-01-18.wav,4.3043125,2.432
ravdess/Audio_Speech_Actors_01-24_16k/Actor_18/03-01-07-01-01-02-18.wav,4.07075,2.112
ravdess/Audio_Speech_Actors_01-24_16k/Actor_18/03-01-07-01-02-01-18.wav,3.670375,1.792
ravdess/Audio_Speech_Actors_01-24_16k/Actor_18/03-01-07-01-02-02-18.wav,4.3710625,2.464
ravdess/Audio_Speech_Actors_01-24_16k/Actor_18/03-01-07-02-01-01-18.wav,4.7714375,2.784
ravdess/Audio_Speech_Actors_01-24_16k/Actor_18/03-01-07-02-01-02-18.wav,4.4711875,2.464
ravdess/Audio_Speech_Actors_01-24_16k/Actor_18/03-01-07-02-02-01-18.wav,4.638,2.624
ravdess/Audio_Speech_Actors_01-24_16k/Actor_18/03-01-07-02-02-02-18.wav,4.57125,2.528
ravdess/Audio_Speech_Actors_01-24_16k/Actor_18/03-01-08-01-01-01-18.wav,3.3700625,1.696
ravdess/Audio_Speech_Actors_01-24_16k/Actor_18/03-01-08-01-01-02-18.wav,3.5035,1.632
ravdess/Audio_Speech_Actors_01-24_16k/Actor_18/03-01-08-01-02-01-18.wav,3.5035,1.632
ravdess/Audio_Speech_Actors_01-24_16k/Actor_18/03-01-08-01-02-02-18.wav,3.5035,1.664
ravdess/Audio_Speech_Actors_01-24_16k/Actor_18/03-01-08-02-01-01-18.wav,3.637,1.728
ravdess/Audio_Speech_Actors_01-24_16k/Actor_18/03-01-08-02-01-02-18.wav,3.536875,1.632
ravdess/Audio_Speech_Actors_01-24_16k/Actor_18/03-01-08-02-02-01-18.wav,3.8705625,1.952
ravdess/Audio_Speech_Actors_01-24_16k/Actor_18/03-01-08-02-02-02-18.wav,3.637,1.76
ravdess/Audio_Speech_Actors_01-24_16k/Actor_19/03-01-01-01-01-01-19.wav,3.3700625,1.504
ravdess/Audio_Speech_Actors_01-24_16k/Actor_19/03-01-01-01-01-02-19.wav,3.2365625,1.472
ravdess/Audio_Speech_Actors_01-24_16k/Actor_19/03-01-01-01-02-01-19.wav,3.3366875,1.568
ravdess/Audio_Speech_Actors_01-24_16k/Actor_19/03-01-01-01-02-02-19.wav,3.3033125,1.44
ravdess/Audio_Speech_Actors_01-24_16k/Actor_19/03-01-03-01-01-01-19.wav,3.637,2.773
ravdess/Audio_Speech_Actors_01-24_16k/Actor_19/03-01-03-01-01-02-19.wav,3.70375,2.272
ravdess/Audio_Speech_Actors_01-24_16k/Actor_19/03-01-03-01-02-01-19.wav,3.2699375,1.984
ravdess/Audio_Speech_Actors_01-24_16k/Actor_19/03-01-03-01-02-02-19.wav,3.3033125,2.304
ravdess/Audio_Speech_Actors_01-24_16k/Actor_19/03-01-03-02-01-01-19.wav,3.7704375,1.856
ravdess/Audio_Speech_Actors_01-24_16k/Actor_19/03-01-03-02-01-02-19.wav,3.8038125,2.592
ravdess/Audio_Speech_Actors_01-24_16k/Actor_19/03-01-03-02-02-01-19.wav,4.4044375,3.5404375
ravdess/Audio_Speech_Actors_01-24_16k/Actor_19/03-01-03-02-02-02-19.wav,4.004,2.144
ravdess/Audio_Speech_Actors_01-24_16k/Actor_19/03-01-04-01-01-01-19.wav,3.4368125,1.632
ravdess/Audio_Speech_Actors_01-24_16k/Actor_19/03-01-04-01-01-02-19.wav,3.670375,1.888
ravdess/Audio_Speech_Actors_01-24_16k/Actor_19/03-01-04-01-02-01-19.wav,3.169875,1.44
ravdess/Audio_Speech_Actors_01-24_16k/Actor_19/03-01-04-01-02-02-19.wav,3.670375,1.888
ravdess/Audio_Speech_Actors_01-24_16k/Actor_19/03-01-04-02-01-01-19.wav,4.004,2.432
ravdess/Audio_Speech_Actors_01-24_16k/Actor_19/03-01-04-02-01-02-19.wav,3.70375,2.816
ravdess/Audio_Speech_Actors_01-24_16k/Actor_19/03-01-04-02-02-01-19.wav,3.4034375,1.568
ravdess/Audio_Speech_Actors_01-24_16k/Actor_19/03-01-04-02-02-02-19.wav,3.737125,2.368
ravdess/Audio_Speech_Actors_01-24_16k/Actor_19/03-01-05-01-01-01-19.wav,3.7704375,1.888
ravdess/Audio_Speech_Actors_01-24_16k/Actor_19/03-01-05-01-01-02-19.wav,3.70375,1.792
ravdess/Audio_Speech_Actors_01-24_16k/Actor_19/03-01-05-01-02-01-19.wav,3.3033125,1.44
ravdess/Audio_Speech_Actors_01-24_16k/Actor_19/03-01-05-01-02-02-19.wav,3.57025,2.624
ravdess/Audio_Speech_Actors_01-24_16k/Actor_19/03-01-05-02-01-01-19.wav,3.9706875,1.952
ravdess/Audio_Speech_Actors_01-24_16k/Actor_19/03-01-05-02-01-02-19.wav,4.8048125,2.816
ravdess/Audio_Speech_Actors_01-24_16k/Actor_19/03-01-05-02-02-01-19.wav,4.3376875,2.432
ravdess/Audio_Speech_Actors_01-24_16k/Actor_19/03-01-05-02-02-02-19.wav,4.104125,2.208
ravdess/Audio_Speech_Actors_01-24_16k/Actor_19/03-01-06-01-01-01-19.wav,3.7036875,1.984
ravdess/Audio_Speech_Actors_01-24_16k/Actor_19/03-01-06-01-01-02-19.wav,3.5035,2.272
ravdess/Audio_Speech_Actors_01-24_16k/Actor_19/03-01-06-01-02-01-19.wav,3.7704375,2.272
ravdess/Audio_Speech_Actors_01-24_16k/Actor_19/03-01-06-01-02-02-19.wav,3.536875,1.696
ravdess/Audio_Speech_Actors_01-24_16k/Actor_19/03-01-06-02-01-01-19.wav,3.8371875,1.952
ravdess/Audio_Speech_Actors_01-24_16k/Actor_19/03-01-06-02-01-02-19.wav,4.3710625,2.464
ravdess/Audio_Speech_Actors_01-24_16k/Actor_19/03-01-06-02-02-01-19.wav,3.57025,1.696
ravdess/Audio_Speech_Actors_01-24_16k/Actor_19/03-01-06-02-02-02-19.wav,4.037375,3.072
ravdess/Audio_Speech_Actors_01-24_16k/Actor_19/03-01-07-01-01-01-19.wav,4.3043125,3.264
ravdess/Audio_Speech_Actors_01-24_16k/Actor_19/03-01-07-01-01-02-19.wav,4.8381875,3.008
ravdess/Audio_Speech_Actors_01-24_16k/Actor_19/03-01-07-01-02-01-19.wav,4.170875,3.328
ravdess/Audio_Speech_Actors_01-24_16k/Actor_19/03-01-07-01-02-02-19.wav,3.9373125,2.752
ravdess/Audio_Speech_Actors_01-24_16k/Actor_19/03-01-07-02-01-01-19.wav,4.8048125,2.912
ravdess/Audio_Speech_Actors_01-24_16k/Actor_19/03-01-07-02-01-02-19.wav,5.2719375,4.2479375
ravdess/Audio_Speech_Actors_01-24_16k/Actor_19/03-01-07-02-02-01-19.wav,4.9049375,3.008
ravdess/Audio_Speech_Actors_01-24_16k/Actor_19/03-01-07-02-02-02-19.wav,4.9383125,3.072
ravdess/Audio_Speech_Actors_01-24_16k/Actor_19/03-01-08-01-01-01-19.wav,3.7370625,1.952
ravdess/Audio_Speech_Actors_01-24_16k/Actor_19/03-01-08-01-01-02-19.wav,3.536875,2.048
ravdess/Audio_Speech_Actors_01-24_16k/Actor_19/03-01-08-01-02-01-19.wav,4.104125,2.784
ravdess/Audio_Speech_Actors_01-24_16k/Actor_19/03-01-08-01-02-02-19.wav,3.06975,1.184
ravdess/Audio_Speech_Actors_01-24_16k/Actor_19/03-01-08-02-01-01-19.wav,4.104125,2.304
ravdess/Audio_Speech_Actors_01-24_16k/Actor_19/03-01-08-02-01-02-19.wav,4.638,2.752
ravdess/Audio_Speech_Actors_01-24_16k/Actor_19/03-01-08-02-02-01-19.wav,3.236625,2.176
ravdess/Audio_Speech_Actors_01-24_16k/Actor_19/03-01-08-02-02-02-19.wav,3.2699375,1.472
ravdess/Audio_Speech_Actors_01-24_16k/Actor_20/03-01-01-01-01-01-20.wav,3.470125,1.6
ravdess/Audio_Speech_Actors_01-24_16k/Actor_20/03-01-01-01-01-02-20.wav,3.57025,1.696
ravdess/Audio_Speech_Actors_01-24_16k/Actor_20/03-01-01-01-02-01-20.wav,3.4368125,1.536
ravdess/Audio_Speech_Actors_01-24_16k/Actor_20/03-01-01-01-02-02-20.wav,3.536875,1.632
ravdess/Audio_Speech_Actors_01-24_16k/Actor_20/03-01-03-01-01-01-20.wav,3.536875,1.6
ravdess/Audio_Speech_Actors_01-24_16k/Actor_20/03-01-03-01-01-02-20.wav,3.7036875,1.76
ravdess/Audio_Speech_Actors_01-24_16k/Actor_20/03-01-03-01-02-01-20.wav,3.470125,1.696
ravdess/Audio_Speech_Actors_01-24_16k/Actor_20/03-01-03-01-02-02-20.wav,3.4034375,1.472
ravdess/Audio_Speech_Actors_01-24_16k/Actor_20/03-01-03-02-01-01-20.wav,3.670375,1.76
ravdess/Audio_Speech_Actors_01-24_16k/Actor_20/03-01-03-02-01-02-20.wav,4.3043125,2.72
ravdess/Audio_Speech_Actors_01-24_16k/Actor_20/03-01-03-02-02-01-20.wav,3.57025,1.6
ravdess/Audio_Speech_Actors_01-24_16k/Actor_20/03-01-03-02-02-02-20.wav,3.70375,1.888
ravdess/Audio_Speech_Actors_01-24_16k/Actor_20/03-01-04-01-01-01-20.wav,3.603625,2.112
ravdess/Audio_Speech_Actors_01-24_16k/Actor_20/03-01-04-01-01-02-20.wav,3.5035,1.568
ravdess/Audio_Speech_Actors_01-24_16k/Actor_20/03-01-04-01-02-01-20.wav,3.470125,1.6
ravdess/Audio_Speech_Actors_01-24_16k/Actor_20/03-01-04-01-02-02-20.wav,3.3700625,1.536
ravdess/Audio_Speech_Actors_01-24_16k/Actor_20/03-01-04-02-01-01-20.wav,3.7704375,1.856
ravdess/Audio_Speech_Actors_01-24_16k/Actor_20/03-01-04-02-01-02-20.wav,4.2375625,3.5015625
ravdess/Audio_Speech_Actors_01-24_16k/Actor_20/03-01-04-02-02-01-20.wav,3.8038125,1.76
ravdess/Audio_Speech_Actors_01-24_16k/Actor_20/03-01-04-02-02-02-20.wav,3.970625,2.464
ravdess/Audio_Speech_Actors_01-24_16k/Actor_20/03-01-05-01-01-01-20.wav,3.236625,1.312
ravdess/Audio_Speech_Actors_01-24_16k/Actor_20/03-01-05-01-01-02-20.wav,3.7370625,1.728
ravdess/Audio_Speech_Actors_01-24_16k/Actor_20/03-01-05-01-02-01-20.wav,3.670375,1.568
ravdess/Audio_Speech_Actors_01-24_16k/Actor_20/03-01-05-01-02-02-20.wav,3.8038125,2.592
ravdess/Audio_Speech_Actors_01-24_16k/Actor_20/03-01-05-02-01-01-20.wav,4.1375,2.176
ravdess/Audio_Speech_Actors_01-24_16k/Actor_20/03-01-05-02-01-02-20.wav,4.07075,2.112
ravdess/Audio_Speech_Actors_01-24_16k/Actor_20/03-01-05-02-02-01-20.wav,4.4044375,2.336
ravdess/Audio_Speech_Actors_01-24_16k/Actor_20/03-01-05-02-02-02-20.wav,3.536875,1.536
ravdess/Audio_Speech_Actors_01-24_16k/Actor_20/03-01-06-01-01-01-20.wav,3.8038125,1.76
ravdess/Audio_Speech_Actors_01-24_16k/Actor_20/03-01-06-01-01-02-20.wav,4.3710625,2.4
ravdess/Audio_Speech_Actors_01-24_16k/Actor_20/03-01-06-01-02-01-20.wav,3.9373125,1.984
ravdess/Audio_Speech_Actors_01-24_16k/Actor_20/03-01-06-01-02-02-20.wav,3.3033125,1.504
ravdess/Audio_Speech_Actors_01-24_16k/Actor_20/03-01-06-02-01-01-20.wav,4.2375625,2.112
ravdess/Audio_Speech_Actors_01-24_16k/Actor_20/03-01-06-02-01-02-20.wav,4.170875,2.048
ravdess/Audio_Speech_Actors_01-24_16k/Actor_20/03-01-06-02-02-01-20.wav,3.8705625,1.792
ravdess/Audio_Speech_Actors_01-24_16k/Actor_20/03-01-06-02-02-02-20.wav,3.9039375,1.76
ravdess/Audio_Speech_Actors_01-24_16k/Actor_20/03-01-07-01-01-01-20.wav,3.8705625,1.984
ravdess/Audio_Speech_Actors_01-24_16k/Actor_20/03-01-07-01-01-02-20.wav,3.7370625,2.176
ravdess/Audio_Speech_Actors_01-24_16k/Actor_20/03-01-07-01-02-01-20.wav,3.637,1.824
ravdess/Audio_Speech_Actors_01-24_16k/Actor_20/03-01-07-01-02-02-20.wav,3.8371875,2.144
ravdess/Audio_Speech_Actors_01-24_16k/Actor_20/03-01-07-02-01-01-20.wav,4.104125,2.176
ravdess/Audio_Speech_Actors_01-24_16k/Actor_20/03-01-07-02-01-02-20.wav,4.104125,2.112
ravdess/Audio_Speech_Actors_01-24_16k/Actor_20/03-01-07-02-02-01-20.wav,4.7380625,2.784
ravdess/Audio_Speech_Actors_01-24_16k/Actor_20/03-01-07-02-02-02-20.wav,3.8705625,2.4
ravdess/Audio_Speech_Actors_01-24_16k/Actor_20/03-01-08-01-01-01-20.wav,3.236625,1.344
ravdess/Audio_Speech_Actors_01-24_16k/Actor_20/03-01-08-01-01-02-20.wav,3.57025,1.632
ravdess/Audio_Speech_Actors_01-24_16k/Actor_20/03-01-08-01-02-01-20.wav,3.1365,1.248
ravdess/Audio_Speech_Actors_01-24_16k/Actor_20/03-01-08-01-02-02-20.wav,3.2031875,1.28
ravdess/Audio_Speech_Actors_01-24_16k/Actor_20/03-01-08-02-01-01-20.wav,3.7370625,1.792
ravdess/Audio_Speech_Actors_01-24_16k/Actor_20/03-01-08-02-01-02-20.wav,3.236625,1.312
ravdess/Audio_Speech_Actors_01-24_16k/Actor_20/03-01-08-02-02-01-20.wav,3.536875,2.208
ravdess/Audio_Speech_Actors_01-24_16k/Actor_20/03-01-08-02-02-02-20.wav,3.4368125,1.536
ravdess/Audio_Speech_Actors_01-24_16k/Actor_21/03-01-01-01-01-01-21.wav,3.8371875,1.888
ravdess/Audio_Speech_Actors_01-24_16k/Actor_21/03-01-01-01-01-02-21.wav,3.970625,2.048
ravdess/Audio_Speech_Actors_01-24_16k/Actor_21/03-01-01-01-02-01-21.wav,3.603625,1.728
ravdess/Audio_Speech_Actors_01-24_16k/Actor_21/03-01-01-01-02-02-21.wav,3.670375,1.728
ravdess/Audio_Speech_Actors_01-24_16k/Actor_21/03-01-03-01-01-01-21.wav,3.8371875,1.92
ravdess/Audio_Speech_Actors_01-24_16k/Actor_21/03-01-03-01-01-02-21.wav,3.8038125,1.824
ravdess/Audio_Speech_Actors_01-24_16k/Actor_21/03-01-03-01-02-01-21.wav,3.70375,1.76
ravdess/Audio_Speech_Actors_01-24_16k/Actor_21/03-01-03-01-02-02-21.wav,3.8371875,1.888
ravdess/Audio_Speech_Actors_01-24_16k/Actor_21/03-01-03-02-01-01-21.wav,3.8038125,1.888
ravdess/Audio_Speech_Actors_01-24_16k/Actor_21/03-01-03-02-01-02-21.wav,3.9373125,2.016
ravdess/Audio_Speech_Actors_01-24_16k/Actor_21/03-01-03-02-02-01-21.wav,3.670375,1.728
ravdess/Audio_Speech_Actors_01-24_16k/Actor_21/03-01-03-02-02-02-21.wav,3.8038125,1.824
ravdess/Audio_Speech_Actors_01-24_16k/Actor_21/03-01-04-01-01-01-21.wav,4.3043125,2.56
ravdess/Audio_Speech_Actors_01-24_16k/Actor_21/03-01-04-01-01-02-21.wav,4.604625,2.848
ravdess/Audio_Speech_Actors_01-24_16k/Actor_21/03-01-04-01-02-01-21.wav,4.07075,2.24
ravdess/Audio_Speech_Actors_01-24_16k/Actor_21/03-01-04-01-02-02-21.wav,4.2041875,2.336
ravdess/Audio_Speech_Actors_01-24_16k/Actor_21/03-01-04-02-01-01-21.wav,4.170875,2.272
ravdess/Audio_Speech_Actors_01-24_16k/Actor_21/03-01-04-02-01-02-21.wav,4.2709375,2.432
ravdess/Audio_Speech_Actors_01-24_16k/Actor_21/03-01-04-02-02-01-21.wav,4.2709375,2.368
ravdess/Audio_Speech_Actors_01-24_16k/Actor_21/03-01-04-02-02-02-21.wav,4.1375,2.24
ravdess/Audio_Speech_Actors_01-24_16k/Actor_21/03-01-05-01-01-01-21.wav,4.1375,2.208
ravdess/Audio_Speech_Actors_01-24_16k/Actor_21/03-01-05-01-01-02-21.wav,4.004,2.112
ravdess/Audio_Speech_Actors_01-24_16k/Actor_21/03-01-05-01-02-01-21.wav,4.07075,2.112
ravdess/Audio_Speech_Actors_01-24_16k/Actor_21/03-01-05-01-02-02-21.wav,3.9373125,2.016
ravdess/Audio_Speech_Actors_01-24_16k/Actor_21/03-01-05-02-01-01-21.wav,4.3710625,2.368
ravdess/Audio_Speech_Actors_01-24_16k/Actor_21/03-01-05-02-01-02-21.wav,4.471125,2.496
ravdess/Audio_Speech_Actors_01-24_16k/Actor_21/03-01-05-02-02-01-21.wav,4.104125,2.144
ravdess/Audio_Speech_Actors_01-24_16k/Actor_21/03-01-05-02-02-02-21.wav,4.2375625,2.24
ravdess/Audio_Speech_Actors_01-24_16k/Actor_21/03-01-06-01-01-01-21.wav,3.670375,2.016
ravdess/Audio_Speech_Actors_01-24_16k/Actor_21/03-01-06-01-01-02-21.wav,3.7704375,1.984
ravdess/Audio_Speech_Actors_01-24_16k/Actor_21/03-01-06-01-02-01-21.wav,3.970625,2.304
ravdess/Audio_Speech_Actors_01-24_16k/Actor_21/03-01-06-01-02-02-21.wav,4.07075,2.208
ravdess/Audio_Speech_Actors_01-24_16k/Actor_21/03-01-06-02-01-01-21.wav,3.970625,2.016
ravdess/Audio_Speech_Actors_01-24_16k/Actor_21/03-01-06-02-01-02-21.wav,3.8371875,1.92
ravdess/Audio_Speech_Actors_01-24_16k/Actor_21/03-01-06-02-02-01-21.wav,3.7704375,1.856
ravdess/Audio_Speech_Actors_01-24_16k/Actor_21/03-01-06-02-02-02-21.wav,3.637,1.728
ravdess/Audio_Speech_Actors_01-24_16k/Actor_21/03-01-07-01-01-01-21.wav,3.8038125,2.048
ravdess/Audio_Speech_Actors_01-24_16k/Actor_21/03-01-07-01-01-02-21.wav,4.07075,2.176
ravdess/Audio_Speech_Actors_01-24_16k/Actor_21/03-01-07-01-02-01-21.wav,3.637,1.792
ravdess/Audio_Speech_Actors_01-24_16k/Actor_21/03-01-07-01-02-02-21.wav,3.603625,1.728
ravdess/Audio_Speech_Actors_01-24_16k/Actor_21/03-01-07-02-01-01-21.wav,4.07075,2.176
ravdess/Audio_Speech_Actors_01-24_16k/Actor_21/03-01-07-02-01-02-21.wav,4.037375,2.144
ravdess/Audio_Speech_Actors_01-24_16k/Actor_21/03-01-07-02-02-01-21.wav,4.170875,2.336
ravdess/Audio_Speech_Actors_01-24_16k/Actor_21/03-01-07-02-02-02-21.wav,3.970625,2.048
ravdess/Audio_Speech_Actors_01-24_16k/Actor_21/03-01-08-01-01-01-21.wav,3.5035,1.568
ravdess/Audio_Speech_Actors_01-24_16k/Actor_21/03-01-08-01-01-02-21.wav,3.470125,1.568
ravdess/Audio_Speech_Actors_01-24_16k/Actor_21/03-01-08-01-02-01-21.wav,3.4701875,1.504
ravdess/Audio_Speech_Actors_01-24_16k/Actor_21/03-01-08-01-02-02-21.wav,3.57025,1.664
ravdess/Audio_Speech_Actors_01-24_16k/Actor_21/03-01-08-02-01-01-21.wav,3.637,1.728
ravdess/Audio_Speech_Actors_01-24_16k/Actor_21/03-01-08-02-01-02-21.wav,3.637,1.728
ravdess/Audio_Speech_Actors_01-24_16k/Actor_21/03-01-08-02-02-01-21.wav,3.4701875,1.536
ravdess/Audio_Speech_Actors_01-24_16k/Actor_21/03-01-08-02-02-02-21.wav,3.536875,1.632
ravdess/Audio_Speech_Actors_01-24_16k/Actor_22/03-01-01-01-01-01-22.wav,3.637,1.76
ravdess/Audio_Speech_Actors_01-24_16k/Actor_22/03-01-01-01-01-02-22.wav,3.4368125,1.6
ravdess/Audio_Speech_Actors_01-24_16k/Actor_22/03-01-01-01-02-01-22.wav,3.603625,1.728
ravdess/Audio_Speech_Actors_01-24_16k/Actor_22/03-01-01-01-02-02-22.wav,3.536875,1.696
ravdess/Audio_Speech_Actors_01-24_16k/Actor_22/03-01-03-01-01-01-22.wav,3.536875,1.952
ravdess/Audio_Speech_Actors_01-24_16k/Actor_22/03-01-03-01-01-02-22.wav,3.4368125,1.536
ravdess/Audio_Speech_Actors_01-24_16k/Actor_22/03-01-03-01-02-01-22.wav,3.5035,1.6
ravdess/Audio_Speech_Actors_01-24_16k/Actor_22/03-01-03-01-02-02-22.wav,3.5035,1.6
ravdess/Audio_Speech_Actors_01-24_16k/Actor_22/03-01-03-02-01-01-22.wav,3.737125,1.76
ravdess/Audio_Speech_Actors_01-24_16k/Actor_22/03-01-03-02-01-02-22.wav,3.8371875,1.888
ravdess/Audio_Speech_Actors_01-24_16k/Actor_22/03-01-03-02-02-01-22.wav,3.670375,1.76
ravdess/Audio_Speech_Actors_01-24_16k/Actor_22/03-01-03-02-02-02-22.wav,3.9373125,2.016
ravdess/Audio_Speech_Actors_01-24_16k/Actor_22/03-01-04-01-01-01-22.wav,3.603625,1.728
ravdess/Audio_Speech_Actors_01-24_16k/Actor_22/03-01-04-01-01-02-22.wav,3.70375,1.824
ravdess/Audio_Speech_Actors_01-24_16k/Actor_22/03-01-04-01-02-01-22.wav,3.670375,1.824
ravdess/Audio_Speech_Actors_01-24_16k/Actor_22/03-01-04-01-02-02-22.wav,3.70375,1.792
ravdess/Audio_Speech_Actors_01-24_16k/Actor_22/03-01-04-02-01-01-22.wav,3.7370625,1.824
ravdess/Audio_Speech_Actors_01-24_16k/Actor_22/03-01-04-02-01-02-22.wav,3.637,1.76
ravdess/Audio_Speech_Actors_01-24_16k/Actor_22/03-01-04-02-02-01-22.wav,3.737125,1.824
ravdess/Audio_Speech_Actors_01-24_16k/Actor_22/03-01-04-02-02-02-22.wav,3.8371875,1.952
ravdess/Audio_Speech_Actors_01-24_16k/Actor_22/03-01-05-01-01-01-22.wav,3.70375,1.792
ravdess/Audio_Speech_Actors_01-24_16k/Actor_22/03-01-05-01-01-02-22.wav,3.7370625,1.824
ravdess/Audio_Speech_Actors_01-24_16k/Actor_22/03-01-05-01-02-01-22.wav,3.8705625,1.952
ravdess/Audio_Speech_Actors_01-24_16k/Actor_22/03-01-05-01-02-02-22.wav,4.037375,2.112
ravdess/Audio_Speech_Actors_01-24_16k/Actor_22/03-01-05-02-01-01-22.wav,3.8705625,1.888
ravdess/Audio_Speech_Actors_01-24_16k/Actor_22/03-01-05-02-01-02-22.wav,3.9039375,1.888
ravdess/Audio_Speech_Actors_01-24_16k/Actor_22/03-01-05-02-02-01-22.wav,4.237625,2.176
ravdess/Audio_Speech_Actors_01-24_16k/Actor_22/03-01-05-02-02-02-22.wav,4.20425,2.208
ravdess/Audio_Speech_Actors_01-24_16k/Actor_22/03-01-06-01-01-01-22.wav,3.57025,1.696
ravdess/Audio_Speech_Actors_01-24_16k/Actor_22/03-01-06-01-01-02-22.wav,3.603625,1.728
ravdess/Audio_Speech_Actors_01-24_16k/Actor_22/03-01-06-01-02-01-22.wav,3.670375,1.856
ravdess/Audio_Speech_Actors_01-24_16k/Actor_22/03-01-06-01-02-02-22.wav,3.536875,1.664
ravdess/Audio_Speech_Actors_01-24_16k/Actor_22/03-01-06-02-01-01-22.wav,3.57025,1.632
ravdess/Audio_Speech_Actors_01-24_16k/Actor_22/03-01-06-02-01-02-22.wav,3.57025,1.632
ravdess/Audio_Speech_Actors_01-24_16k/Actor_22/03-01-06-02-02-01-22.wav,3.670375,1.728
ravdess/Audio_Speech_Actors_01-24_16k/Actor_22/03-01-06-02-02-02-22.wav,3.603625,1.696
ravdess/Audio_Speech_Actors_01-24_16k/Actor_22/03-01-07-01-01-01-22.wav,3.7036875,1.792
ravdess/Audio_Speech_Actors_01-24_16k/Actor_22/03-01-07-01-01-02-22.wav,3.9039375,1.984
ravdess/Audio_Speech_Actors_01-24_16k/Actor_22/03-01-07-01-02-01-22.wav,3.8038125,1.888
ravdess/Audio_Speech_Actors_01-24_16k/Actor_22/03-01-07-01-02-02-22.wav,3.8371875,1.888
ravdess/Audio_Speech_Actors_01-24_16k/Actor_22/03-01-07-02-01-01-22.wav,4.2375625,2.336
ravdess/Audio_Speech_Actors_01-24_16k/Actor_22/03-01-07-02-01-02-22.wav,4.170875,2.176
ravdess/Audio_Speech_Actors_01-24_16k/Actor_22/03-01-07-02-02-01-22.wav,4.20425,2.272
ravdess/Audio_Speech_Actors_01-24_16k/Actor_22/03-01-07-02-02-02-22.wav,4.104125,2.688
ravdess/Audio_Speech_Actors_01-24_16k/Actor_22/03-01-08-01-01-01-22.wav,3.536875,1.664
ravdess/Audio_Speech_Actors_01-24_16k/Actor_22/03-01-08-01-01-02-22.wav,3.57025,1.696
ravdess/Audio_Speech_Actors_01-24_16k/Actor_22/03-01-08-01-02-01-22.wav,3.4368125,1.568
ravdess/Audio_Speech_Actors_01-24_16k/Actor_22/03-01-08-01-02-02-22.wav,3.603625,1.696
ravdess/Audio_Speech_Actors_01-24_16k/Actor_22/03-01-08-02-01-01-22.wav,3.57025,1.664
ravdess/Audio_Speech_Actors_01-24_16k/Actor_22/03-01-08-02-01-02-22.wav,3.737125,1.792
ravdess/Audio_Speech_Actors_01-24_16k/Actor_22/03-01-08-02-02-01-22.wav,3.70375,1.792
ravdess/Audio_Speech_Actors_01-24_16k/Actor_22/03-01-08-02-02-02-22.wav,3.637,1.696
ravdess/Audio_Speech_Actors_01-24_16k/Actor_23/03-01-01-01-01-01-23.wav,3.8038125,1.888
ravdess/Audio_Speech_Actors_01-24_16k/Actor_23/03-01-01-01-01-02-23.wav,3.7370625,1.824
ravdess/Audio_Speech_Actors_01-24_16k/Actor_23/03-01-01-01-02-01-23.wav,3.670375,1.728
ravdess/Audio_Speech_Actors_01-24_16k/Actor_23/03-01-01-01-02-02-23.wav,3.8371875,1.888
ravdess/Audio_Speech_Actors_01-24_16k/Actor_23/03-01-03-01-01-01-23.wav,3.3366875,1.408
ravdess/Audio_Speech_Actors_01-24_16k/Actor_23/03-01-03-01-01-02-23.wav,3.2699375,1.312
ravdess/Audio_Speech_Actors_01-24_16k/Actor_23/03-01-03-01-02-01-23.wav,3.2365625,1.344
ravdess/Audio_Speech_Actors_01-24_16k/Actor_23/03-01-03-01-02-02-23.wav,3.2699375,1.344
ravdess/Audio_Speech_Actors_01-24_16k/Actor_23/03-01-03-02-01-01-23.wav,3.236625,1.248
ravdess/Audio_Speech_Actors_01-24_16k/Actor_23/03-01-03-02-01-02-23.wav,3.2031875,1.248
ravdess/Audio_Speech_Actors_01-24_16k/Actor_23/03-01-03-02-02-01-23.wav,3.2365625,1.248
ravdess/Audio_Speech_Actors_01-24_16k/Actor_23/03-01-03-02-02-02-23.wav,3.2365625,1.28
ravdess/Audio_Speech_Actors_01-24_16k/Actor_23/03-01-04-01-01-01-23.wav,3.603625,1.728
ravdess/Audio_Speech_Actors_01-24_16k/Actor_23/03-01-04-01-01-02-23.wav,3.8705625,1.984
ravdess/Audio_Speech_Actors_01-24_16k/Actor_23/03-01-04-01-02-01-23.wav,3.57025,1.664
ravdess/Audio_Speech_Actors_01-24_16k/Actor_23/03-01-04-01-02-02-23.wav,3.670375,1.728
ravdess/Audio_Speech_Actors_01-24_16k/Actor_23/03-01-04-02-01-01-23.wav,4.2709375,3.008
ravdess/Audio_Speech_Actors_01-24_16k/Actor_23/03-01-04-02-01-02-23.wav,4.3710625,3.04
ravdess/Audio_Speech_Actors_01-24_16k/Actor_23/03-01-04-02-02-01-23.wav,3.9373125,2.048
ravdess/Audio_Speech_Actors_01-24_16k/Actor_23/03-01-04-02-02-02-23.wav,4.7380625,3.328
ravdess/Audio_Speech_Actors_01-24_16k/Actor_23/03-01-05-01-01-01-23.wav,3.3033125,1.28
ravdess/Audio_Speech_Actors_01-24_16k/Actor_23/03-01-05-01-01-02-23.wav,3.3033125,1.376
ravdess/Audio_Speech_Actors_01-24_16k/Actor_23/03-01-05-01-02-01-23.wav,3.2699375,1.344
ravdess/Audio_Speech_Actors_01-24_16k/Actor_23/03-01-05-01-02-02-23.wav,3.3366875,1.376
ravdess/Audio_Speech_Actors_01-24_16k/Actor_23/03-01-05-02-01-01-23.wav,3.4034375,1.44
ravdess/Audio_Speech_Actors_01-24_16k/Actor_23/03-01-05-02-01-02-23.wav,3.3366875,1.312
ravdess/Audio_Speech_Actors_01-24_16k/Actor_23/03-01-05-02-02-01-23.wav,3.2365625,1.248
ravdess/Audio_Speech_Actors_01-24_16k/Actor_23/03-01-05-02-02-02-23.wav,3.3033125,1.312
ravdess/Audio_Speech_Actors_01-24_16k/Actor_23/03-01-06-01-01-01-23.wav,3.4368125,1.504
ravdess/Audio_Speech_Actors_01-24_16k/Actor_23/03-01-06-01-01-02-23.wav,3.2365625,1.312
ravdess/Audio_Speech_Actors_01-24_16k/Actor_23/03-01-06-01-02-01-23.wav,3.1365,1.248
ravdess/Audio_Speech_Actors_01-24_16k/Actor_23/03-01-06-01-02-02-23.wav,3.103125,1.216
ravdess/Audio_Speech_Actors_01-24_16k/Actor_23/03-01-06-02-01-01-23.wav,3.57025,1.632
ravdess/Audio_Speech_Actors_01-24_16k/Actor_23/03-01-06-02-01-02-23.wav,3.4368125,1.504
ravdess/Audio_Speech_Actors_01-24_16k/Actor_23/03-01-06-02-02-01-23.wav,3.57025,1.536
ravdess/Audio_Speech_Actors_01-24_16k/Actor_23/03-01-06-02-02-02-23.wav,3.536875,1.6
ravdess/Audio_Speech_Actors_01-24_16k/Actor_23/03-01-07-01-01-01-23.wav,3.57025,1.664
ravdess/Audio_Speech_Actors_01-24_16k/Actor_23/03-01-07-01-01-02-23.wav,3.57025,1.664
ravdess/Audio_Speech_Actors_01-24_16k/Actor_23/03-01-07-01-02-01-23.wav,3.470125,1.536
ravdess/Audio_Speech_Actors_01-24_16k/Actor_23/03-01-07-01-02-02-23.wav,3.3366875,1.44
ravdess/Audio_Speech_Actors_01-24_16k/Actor_23/03-01-07-02-01-01-23.wav,4.07075,2.144
ravdess/Audio_Speech_Actors_01-24_16k/Actor_23/03-01-07-02-01-02-23.wav,3.8705625,1.952
ravdess/Audio_Speech_Actors_01-24_16k/Actor_23/03-01-07-02-02-01-23.wav,3.7370625,1.824
ravdess/Audio_Speech_Actors_01-24_16k/Actor_23/03-01-07-02-02-02-23.wav,3.8705625,1.888
ravdess/Audio_Speech_Actors_01-24_16k/Actor_23/03-01-08-01-01-01-23.wav,3.2699375,1.312
ravdess/Audio_Speech_Actors_01-24_16k/Actor_23/03-01-08-01-01-02-23.wav,3.2365625,1.312
ravdess/Audio_Speech_Actors_01-24_16k/Actor_23/03-01-08-01-02-01-23.wav,3.3033125,1.312
ravdess/Audio_Speech_Actors_01-24_16k/Actor_23/03-01-08-01-02-02-23.wav,3.3033125,1.312
ravdess/Audio_Speech_Actors_01-24_16k/Actor_23/03-01-08-02-01-01-23.wav,3.5035,1.536
ravdess/Audio_Speech_Actors_01-24_16k/Actor_23/03-01-08-02-01-02-23.wav,3.3700625,1.408
ravdess/Audio_Speech_Actors_01-24_16k/Actor_23/03-01-08-02-02-01-23.wav,3.3366875,1.344
ravdess/Audio_Speech_Actors_01-24_16k/Actor_23/03-01-08-02-02-02-23.wav,3.3033125,1.344
ravdess/Audio_Speech_Actors_01-24_16k/Actor_24/03-01-01-01-01-01-24.wav,3.70375,1.792
ravdess/Audio_Speech_Actors_01-24_16k/Actor_24/03-01-01-01-01-02-24.wav,3.637,1.76
ravdess/Audio_Speech_Actors_01-24_16k/Actor_24/03-01-01-01-02-01-24.wav,3.637,1.728
ravdess/Audio_Speech_Actors_01-24_16k/Actor_24/03-01-01-01-02-02-24.wav,3.603625,1.696
ravdess/Audio_Speech_Actors_01-24_16k/Actor_24/03-01-03-01-01-01-24.wav,3.603625,1.696
ravdess/Audio_Speech_Actors_01-24_16k/Actor_24/03-01-03-01-01-02-24.wav,3.9039375,1.952
ravdess/Audio_Speech_Actors_01-24_16k/Actor_24/03-01-03-01-02-01-24.wav,3.5035,1.6
ravdess/Audio_Speech_Actors_01-24_16k/Actor_24/03-01-03-01-02-02-24.wav,3.7370625,1.792
ravdess/Audio_Speech_Actors_01-24_16k/Actor_24/03-01-03-02-01-01-24.wav,4.004,2.048
ravdess/Audio_Speech_Actors_01-24_16k/Actor_24/03-01-03-02-01-02-24.wav,3.7704375,1.792
ravdess/Audio_Speech_Actors_01-24_16k/Actor_24/03-01-03-02-02-01-24.wav,3.8705625,1.888
ravdess/Audio_Speech_Actors_01-24_16k/Actor_24/03-01-03-02-02-02-24.wav,3.8705625,1.92
ravdess/Audio_Speech_Actors_01-24_16k/Actor_24/03-01-04-01-01-01-24.wav,4.104125,2.176
ravdess/Audio_Speech_Actors_01-24_16k/Actor_24/03-01-04-01-01-02-24.wav,3.970625,2.08
ravdess/Audio_Speech_Actors_01-24_16k/Actor_24/03-01-04-01-02-01-24.wav,3.536875,1.6
ravdess/Audio_Speech_Actors_01-24_16k/Actor_24/03-01-04-01-02-02-24.wav,3.8371875,1.856
ravdess/Audio_Speech_Actors_01-24_16k/Actor_24/03-01-04-02-01-01-24.wav,4.4044375,2.496
ravdess/Audio_Speech_Actors_01-24_16k/Actor_24/03-01-04-02-01-02-24.wav,4.57125,2.624
ravdess/Audio_Speech_Actors_01-24_16k/Actor_24/03-01-04-02-02-01-24.wav,4.20425,2.752
ravdess/Audio_Speech_Actors_01-24_16k/Actor_24/03-01-04-02-02-02-24.wav,4.671375,2.816
ravdess/Audio_Speech_Actors_01-24_16k/Actor_24/03-01-05-01-01-01-24.wav,4.104125,2.144
ravdess/Audio_Speech_Actors_01-24_16k/Actor_24/03-01-05-01-01-02-24.wav,3.7370625,1.792
ravdess/Audio_Speech_Actors_01-24_16k/Actor_24/03-01-05-01-02-01-24.wav,3.670375,1.76
ravdess/Audio_Speech_Actors_01-24_16k/Actor_24/03-01-05-01-02-02-24.wav,4.2041875,2.208
ravdess/Audio_Speech_Actors_01-24_16k/Actor_24/03-01-05-02-01-01-24.wav,4.3710625,2.336
ravdess/Audio_Speech_Actors_01-24_16k/Actor_24/03-01-05-02-01-02-24.wav,4.3710625,2.336
ravdess/Audio_Speech_Actors_01-24_16k/Actor_24/03-01-05-02-02-01-24.wav,4.170875,2.24
ravdess/Audio_Speech_Actors_01-24_16k/Actor_24/03-01-05-02-02-02-24.wav,5.105125,3.136
ravdess/Audio_Speech_Actors_01-24_16k/Actor_24/03-01-06-01-01-01-24.wav,4.104125,2.016
ravdess/Audio_Speech_Actors_01-24_16k/Actor_24/03-01-06-01-01-02-24.wav,4.07075,2.176
ravdess/Audio_Speech_Actors_01-24_16k/Actor_24/03-01-06-01-02-01-24.wav,3.93725,1.92
ravdess/Audio_Speech_Actors_01-24_16k/Actor_24/03-01-06-01-02-02-24.wav,4.004,2.048
ravdess/Audio_Speech_Actors_01-24_16k/Actor_24/03-01-06-02-01-01-24.wav,3.8371875,1.792
ravdess/Audio_Speech_Actors_01-24_16k/Actor_24/03-01-06-02-01-02-24.wav,4.07075,1.92
ravdess/Audio_Speech_Actors_01-24_16k/Actor_24/03-01-06-02-02-01-24.wav,3.603625,1.568
ravdess/Audio_Speech_Actors_01-24_16k/Actor_24/03-01-06-02-02-02-24.wav,3.8371875,1.888
ravdess/Audio_Speech_Actors_01-24_16k/Actor_24/03-01-07-01-01-01-24.wav,4.3043125,2.368
ravdess/Audio_Speech_Actors_01-24_16k/Actor_24/03-01-07-01-01-02-24.wav,4.104125,2.176
ravdess/Audio_Speech_Actors_01-24_16k/Actor_24/03-01-07-01-02-01-24.wav,4.004,2.048
ravdess/Audio_Speech_Actors_01-24_16k/Actor_24/03-01-07-01-02-02-24.wav,4.07075,2.176
ravdess/Audio_Speech_Actors_01-24_16k/Actor_24/03-01-07-02-01-01-24.wav,4.3376875,2.464
ravdess/Audio_Speech_Actors_01-24_16k/Actor_24/03-01-07-02-01-02-24.wav,4.638,2.624
ravdess/Audio_Speech_Actors_01-24_16k/Actor_24/03-01-07-02-02-01-24.wav,4.2375625,2.176
ravdess/Audio_Speech_Actors_01-24_16k/Actor_24/03-01-07-02-02-02-24.wav,4.4378125,2.496
ravdess/Audio_Speech_Actors_01-24_16k/Actor_24/03-01-08-01-01-01-24.wav,3.3033125,1.44
ravdess/Audio_Speech_Actors_01-24_16k/Actor_24/03-01-08-01-01-02-24.wav,3.4701875,1.696
ravdess/Audio_Speech_Actors_01-24_16k/Actor_24/03-01-08-01-02-01-24.wav,3.3700625,1.44
ravdess/Audio_Speech_Actors_01-24_16k/Actor_24/03-01-08-01-02-02-24.wav,3.4034375,1.472
ravdess/Audio_Speech_Actors_01-24_16k/Actor_24/03-01-08-02-01-01-24.wav,3.9373125,2.016
ravdess/Audio_Speech_Actors_01-24_16k/Actor_24/03-01-08-02-01-02-24.wav,3.970625,1.984
ravdess/Audio_Speech_Actors_01-24_16k/Actor_24/03-01-08-02-02-01-24.wav,3.670375,2.016
ravdess/Audio_Speech_Actors_01-24_16k/Actor_24/03-01-08-02-02-02-24.wav,3.637,1.856
savee/ALL/DC_a04.wav,2.7253514739229026,2.304
savee/ALL/DC_a05.wav,2.9979138321995467,2.112
savee/ALL/DC_a07.wav,2.6836507936507936,2.144
savee/ALL/DC_a08.wav,3.47297052154195,2.272
savee/ALL/DC_a09.wav,4.02546485260771,3.9935
savee/ALL/DC_a10.wav,4.604285714285714,3.616
savee/ALL/DC_a13.wav,4.683242630385488,4.224
savee/ALL/DC_a14.wav,5.393605442176871,5.312
savee/ALL/DC_a15.wav,4.920022675736962,3.872
savee/ALL/DC_f10.wav,2.6729478458049885,2.496
savee/ALL/DC_h08.wav,2.5157142857142856,2.048
savee/ALL/DC_h09.wav,3.333356009070295,2.432
savee/ALL/DC_h10.wav,3.312358276643991,2.432
savee/ALL/DC_h15.wav,5.849047619047619,5.248
savee/ALL/JE_a02.wav,3.0939002267573694,2.592
savee/ALL/JE_a03.wav,2.201111111111111,1.056
savee/ALL/JE_a04.wav,3.2797732426303856,2.112
savee/ALL/JE_a05.wav,3.203764172335601,2.272
savee/ALL/JE_a06.wav,4.139546485260771,3.392
savee/ALL/JE_a07.wav,3.086961451247165,1.6
savee/ALL/JE_a08.wav,4.223786848072562,2.688
savee/ALL/JE_a09.wav,4.869024943310658,3.52
savee/ALL/JE_a10.wav,5.1539002267573695,3.52
savee/ALL/JE_a13.wav,5.330907029478458,3.968
savee/ALL/JE_a15.wav,6.106916099773243,4.96
savee/ALL/JE_d05.wav,3.530861678004535,3.498875
savee/ALL/JE_f01.wav,4.2,4.192
savee/ALL/JE_f02.wav,3.908571428571429,3.84
savee/ALL/JE_f03.wav,2.9314285714285715,2.8994375
savee/ALL/JE_f05.wav,3.9771655328798174,3.904
savee/ALL/JE_f13.wav,3.1695238095238096,3.072
savee/ALL/JE_h03.wav,2.560453514739229,2.528
savee/ALL/JE_h05.wav,4.305351473922903,3.104
savee/ALL/JE_h06.wav,4.517052154195011,4.48
savee/ALL/JE_h07.wav,4.048299319727891,2.688
savee/ALL/JE_h08.wav,3.494308390022676,3.328
savee/ALL/JE_h09.wav,4.048299319727891,4.0
savee/ALL/JE_h10.wav,3.664761904761905,3.6328125
savee/ALL/JE_h13.wav,2.868888888888889,1.568
savee/ALL/JE_h14.wav,5.32,5.28
savee/ALL/JE_h15.wav,5.021292517006803,4.704
savee/ALL/JE_su01.wav,4.259750566893424,4.256
savee/ALL/JE_su02.wav,3.809523809523809,3.488
savee/ALL/JE_su03.wav,2.909092970521542,2.816
savee/ALL/JE_su04.wav,4.190476190476191,4.096
savee/ALL/JE_su05.wav,3.740249433106576,3.70825
savee/ALL/JE_su06.wav,3.414988662131519,3.008
savee/ALL/JE_su07.wav,4.409206349206349,4.352
savee/ALL/JE_su08.wav,4.8415192743764175,3.168
savee/ALL/JE_su09.wav,3.933718820861678,2.368
savee/ALL/JE_su10.wav,4.193083900226758,4.096
savee/ALL/JE_su11.wav,3.636394557823129,3.616
savee/ALL/JE_su12.wav,5.669365079365079,5.632
savee/ALL/JE_su13.wav,4.924875283446712,3.392
savee/ALL/JE_su15.wav,6.129501133786848,5.984
savee/ALL/JK_a02.wav,3.6478004535147392,2.912
savee/ALL/JK_a03.wav,2.515736961451247,1.472
savee/ALL/JK_a04.wav,3.522018140589569,2.368
savee/ALL/JK_a05.wav,3.5219954648526075,2.688
savee/ALL/JK_a06.wav,3.794557823129252,3.36
savee/ALL/JK_a07.wav,2.788253968253968,1.856
savee/ALL/JK_a08.wav,3.5848979591836736,2.72
savee/ALL/JK_a09.wav,4.004195011337869,3.168
savee/ALL/JK_a10.wav,4.276734693877551,3.52
savee/ALL/JK_a11.wav,2.890544217687075,2.432
savee/ALL/JK_a12.wav,3.2424489795918365,2.592
savee/ALL/JK_a13.wav,4.976780045351474,4.288
savee/ALL/JK_a14.wav,5.9570748299319725,5.216
savee/ALL/JK_a15.wav,5.177845804988662,4.064
savee/ALL/JK_d04.wav,4.444444444444445,3.968
savee/ALL/JK_d08.wav,4.444444444444445,3.968
savee/ALL/JK_d09.wav,4.444444444444445,4.4125
savee/ALL/JK_f01.wav,4.140453514739229,3.776
savee/ALL/JK_f02.wav,3.5901360544217686,2.656
savee/ALL/JK_f03.wav,2.38469387755102,1.376
savee/ALL/JK_f04.wav,3.144671201814059,2.304
savee/ALL/JK_f05.wav,3.7997732426303856,2.848
savee/ALL/JK_f11.wav,4.528299319727891,4.16
savee/ALL/JK_f12.wav,5.503151927437642,4.704
savee/ALL/JK_f13.wav,3.1131972789115645,2.08
savee/ALL/JK_f14.wav,4.8113378684807255,3.936
savee/ALL/JK_f15.wav,5.911950113378685,4.768
savee/ALL/JK_h01.wav,3.920340136054422,3.552
savee/ALL/JK_h02.wav,3.2515873015873016,2.368
savee/ALL/JK_h03.wav,2.58281179138322,1.568
savee/ALL/JK_h04.wav,3.505238095238095,2.336
savee/ALL/JK_h05.wav,4.173990929705216,3.008
savee/ALL/JK_h07.wav,3.459092970521542,3.072
savee/ALL/JK_h08.wav,2.58281179138322,1.792
savee/ALL/JK_h09.wav,3.274648526077097,2.272
savee/ALL/JK_h10.wav,3.412993197278912,2.336
savee/ALL/JK_h14.wav,5.005238095238095,4.544
savee/ALL/JK_h15.wav,5.083854875283447,4.16
savee/ALL/JK_n05.wav,3.354308390022676,3.3223125
savee/ALL/JK_sa03.wav,3.218231292517007,2.4
savee/ALL/JK_sa04.wav,5.647709750566894,4.288
savee/ALL/JK_sa05.wav,5.868548752834467,4.352
savee/ALL/JK_su01.wav,4.612176870748299,4.096
savee/ALL/JK_su02.wav,3.878390022675737,2.592
savee/ALL/JK_su03.wav,2.6415192743764173,1.344
savee/ALL/JK_su05.wav,2.9537868480725624,2.656
savee/ALL/JK_su06.wav,2.882607709750567,2.56
savee/ALL/JK_su07.wav,3.574421768707483,2.72
savee/ALL/JK_su08.wav,3.805034013605442,3.008
savee/ALL/JK_su09.wav,3.412993197278912,2.464
savee/ALL/JK_su10.wav,3.851156462585034,2.848
savee/ALL/JK_su11.wav,3.0817687074829934,2.496
savee/ALL/JK_su12.wav,4.842766439909297,3.68
savee/ALL/JK_su13.wav,4.308163265306122,3.136
savee/ALL/JK_su14.wav,5.2201360544217685,3.872
savee/ALL/JK_su15.wav,6.289297052154195,4.832
savee/ALL/KL_a01.wav,3.962267573696145,3.936
savee/ALL/KL_a04.wav,2.7672789115646257,2.016
savee/ALL/KL_a06.wav,3.0455102040816326,3.04
savee/ALL/KL_a07.wav,1.877369614512472,1.589375
savee/ALL/KL_a08.wav,3.128934240362812,2.592
savee/ALL/KL_a09.wav,3.316666666666667,3.2
savee/ALL/KL_a10.wav,3.8173015873015874,3.136
savee/ALL/KL_a12.wav,3.085963718820861,3.04
savee/ALL/KL_a13.wav,4.580702947845805,4.512
savee/ALL/KL_d08.wav,3.290045351473923,3.2
savee/ALL/KL_f07.wav,3.185079365079365,2.464
savee/ALL/KL_f10.wav,2.381655328798186,1.504
savee/ALL/KL_f15.wav,4.790839002267574,4.758875
savee/ALL/KL_h02.wav,2.403424036281179,2.304
savee/ALL/KL_h04.wav,2.689569160997733,2.656
savee/ALL/KL_h05.wav,3.376235827664399,3.328
savee/ALL/KL_h07.wav,2.9428798185941045,2.9109375
savee/ALL/KL_h08.wav,2.1142857142857143,1.28
savee/ALL/KL_h09.wav,3.057142857142857,2.368
savee/ALL/KL_h10.wav,2.771428571428572,2.688
savee/ALL/KL_h11.wav,5.527823129251701,5.504
savee/ALL/KL_h14.wav,4.63625850340136,4.6043125
savee/ALL/KL_h15.wav,5.349478458049886,5.28
savee/ALL/KL_n15.wav,4.234807256235828,4.128
savee/ALL/KL_su01.wav,3.5296598639455783,3.52
savee/ALL/KL_su02.wav,2.713265306122449,2.6813125
savee/ALL/KL_su10.wav,3.0183219954648526,2.784
savee/ALL/KL_su14.wav,5.267619047619047,5.216
savee/ALL/KL_su15.wav,5.856326530612245,5.824
tess/TESS Toronto emotional speech set data/OAF_neutral/OA_bite_neutral.wav,2.113090849512574,2.081125
tess/TESS Toronto emotional speech set data/OAF_angry/OAF_back_angry.wav,1.5390349799295486,1.344
tess/TESS Toronto emotional speech set data/OAF_Fear/OAF_back_fear.wav,1.7271237814368805,1.536
tess/TESS Toronto emotional speech set data/OAF_happy/OAF_back_happy.wav,2.000942082411731,1.856
tess/TESS Toronto emotional speech set data/OAF_Pleasant_surprise/OAF_back_ps.wav,2.032399442942574,2.0004375
tess/TESS Toronto emotional speech set data/OAF_angry/OAF_bar_angry.wav,1.6166134185303511,1.568
tess/TESS Toronto emotional speech set data/OAF_disgust/OAF_bar_disgust.wav,2.2729581387728355,2.241
tess/TESS Toronto emotional speech set data/OAF_Fear/OAF_bar_fear.wav,1.6896862455967887,1.632
tess/TESS Toronto emotional speech set data/OAF_happy/OAF_bar_happy.wav,2.000327680838863,1.92
tess/TESS Toronto emotional speech set data/OAF_Pleasant_surprise/OAF_bar_ps.wav,1.9344228721225527,1.792
tess/TESS Toronto emotional speech set data/OAF_Sad/OAF_bar_sad.wav,2.501761284508888,2.496
tess/TESS Toronto emotional speech set data/OAF_angry/OAF_base_angry.wav,1.5420250675841731,1.472
tess/TESS Toronto emotional speech set data/OAF_Fear/OAF_base_fear.wav,1.8691324649791103,1.696
tess/TESS Toronto emotional speech set data/OAF_happy/OAF_base_happy.wav,2.0331367248300154,2.016
tess/TESS Toronto emotional speech set data/OAF_Pleasant_surprise/OAF_base_ps.wav,2.1642909805849104,2.048
tess/TESS Toronto emotional speech set data/OAF_Sad/OAF_base_sad.wav,2.5695912181535183,2.528
tess/TESS Toronto emotional speech set data/OAF_angry/OAF_bath_angry.wav,1.6068649135741788,1.408
tess/TESS Toronto emotional speech set data/OAF_disgust/OAF_bath_disgust.wav,2.3139592037355614,2.272
tess/TESS Toronto emotional speech set data/OAF_Fear/OAF_bath_fear.wav,1.77516998443516,1.632
tess/TESS Toronto emotional speech set data/OAF_Pleasant_surprise/OAF_bath_ps.wav,2.0750798722044728,2.043125
tess/TESS Toronto emotional speech set data/OAF_disgust/OAF_bean_disgust.wav,2.3463586466781354,2.314375
tess/TESS Toronto emotional speech set data/OAF_Fear/OAF_bean_fear.wav,1.6051855492750062,1.5731875
tess/TESS Toronto emotional speech set data/OAF_happy/OAF_bean_happy.wav,1.8741295977717705,1.8421875
tess/TESS Toronto emotional speech set data/OAF_Sad/OAF_bean_sad.wav,2.428729417547309,2.36475
tess/TESS Toronto emotional speech set data/OAF_angry/OAF_beg_angry.wav,1.5461620381748178,1.536
tess/TESS Toronto emotional speech set data/OAF_disgust/OAF_beg_disgust.wav,2.3899401982469075,2.272
tess/TESS Toronto emotional speech set data/OAF_Fear/OAF_beg_fear.wav,1.6635536986974686,1.568
tess/TESS Toronto emotional speech set data/OAF_happy/OAF_beg_happy.wav,2.0116326697796345,1.9796875
tess/TESS Toronto emotional speech set data/OAF_Pleasant_surprise/OAF_beg_ps.wav,2.0610715163430817,2.029125
tess/TESS Toronto emotional speech set data/OAF_angry/OAF_bite_angry.wav,1.4306135823707709,1.408
tess/TESS Toronto emotional speech set data/OAF_disgust/OAF_bite_disgust.wav,2.3955107725075777,2.3635625
tess/TESS Toronto emotional speech set data/OAF_happy/OAF_bite_happy.wav,1.7423609404440077,1.710375
tess/TESS Toronto emotional speech set data/OAF_Pleasant_surprise/OAF_bite_ps.wav,1.6766199721471289,1.568
tess/TESS Toronto emotional speech set data/OAF_Sad/OAF_bite_sad.wav,2.7779143114606373,2.7139375
tess/TESS Toronto emotional speech set data/OAF_angry/OAF_boat_angry.wav,1.326574916031785,1.294625
tess/TESS Toronto emotional speech set data/OAF_disgust/OAF_boat_disgust.wav,2.2053330056524945,2.173375
tess/TESS Toronto emotional speech set data/OAF_Fear/OAF_boat_fear.wav,1.514950438273122,1.44
tess/TESS Toronto emotional speech set data/OAF_happy/OAF_boat_happy.wav,1.6309904153354633,1.599
tess/TESS Toronto emotional speech set data/OAF_neutral/OAF_boat_neutral.wav,1.937412959777177,1.9054375
tess/TESS Toronto emotional speech set data/OAF_Pleasant_surprise/OAF_boat_ps.wav,1.8656508560661915,1.792
tess/TESS Toronto emotional speech set data/OAF_angry/OAF_bone_angry.wav,1.6654378635209306,1.568
tess/TESS Toronto emotional speech set data/OAF_disgust/OAF_bone_disgust.wav,2.214876710084378,2.1829375
tess/TESS Toronto emotional speech set data/OAF_Fear/OAF_bone_fear.wav,1.3869091504874254,1.3549375
tess/TESS Toronto emotional speech set data/OAF_Pleasant_surprise/OAF_bone_ps.wav,2.06496272630458,2.033
tess/TESS Toronto emotional speech set data/OAF_angry/OAF_book_angry.wav,1.5300647169656754,1.408
tess/TESS Toronto emotional speech set data/OAF_Fear/OAF_book_fear.wav,1.4480625870402228,1.376
tess/TESS Toronto emotional speech set data/OAF_happy/OAF_book_happy.wav,1.8975997378553289,1.856
tess/TESS Toronto emotional speech set data/OAF_Pleasant_surprise/OAF_book_ps.wav,1.7748423035962972,1.696
tess/TESS Toronto emotional speech set data/OAF_Sad/OAF_book_sad.wav,2.5153190792168427,2.483375
tess/TESS Toronto emotional speech set data/OAF_angry/OAF_bought_angry.wav,1.4338084705496843,1.4018125
tess/TESS Toronto emotional speech set data/OAF_disgust/OAF_bought_disgust.wav,2.399811583517654,2.336
tess/TESS Toronto emotional speech set data/OAF_Pleasant_surprise/OAF_bought_ps.wav,2.060702875399361,1.93275
tess/TESS Toronto emotional speech set data/OAF_Sad/OAF_bought_sad.wav,2.528713033505366,2.46475
tess/TESS Toronto emotional speech set data/OAF_angry/OAF_burn_angry.wav,1.686614237732449,1.622625
tess/TESS Toronto emotional speech set data/OAF_happy/OAF_burn_happy.wav,1.8984189399524865,1.8344375
tess/TESS Toronto emotional speech set data/OAF_Fear/OAF_cab_fear.wav,1.6577783239125092,1.5938125
tess/TESS Toronto emotional speech set data/OAF_Pleasant_surprise/OAF_cab_ps.wav,1.894077168837552,1.862125
tess/TESS Toronto emotional speech set data/OAF_Sad/OAF_cab_sad.wav,2.328745801589252,2.29675
tess/TESS Toronto emotional speech set data/OAF_angry/OAF_calm_angry.wav,1.490906856721553,1.4589375
tess/TESS Toronto emotional speech set data/OAF_disgust/OAF_calm_disgust.wav,2.4497009912345376,2.35375
tess/TESS Toronto emotional speech set data/OAF_Pleasant_surprise/OAF_calm_ps.wav,2.2318751536003933,2.1359375
tess/TESS Toronto emotional speech set data/OAF_angry/OAF_came_angry.wav,1.6347177848775294,1.504
tess/TESS Toronto emotional speech set data/OAF_Fear/OAF_came_fear.wav,1.573482428115016,1.5095
tess/TESS Toronto emotional speech set data/OAF_Pleasant_surprise/OAF_came_ps.wav,2.164659621528631,2.112
tess/TESS Toronto emotional speech set data/OAF_angry/OAF_cause_angry.wav,1.695830261325469,1.664
tess/TESS Toronto emotional speech set data/OAF_disgust/OAF_cause_disgust.wav,2.5178995658228884,2.4859375
tess/TESS Toronto emotional speech set data/OAF_Fear/OAF_cause_fear.wav,1.6944376177603016,1.6625
tess/TESS Toronto emotional speech set data/OAF_happy/OAF_cause_happy.wav,2.151265667240108,2.08
tess/TESS Toronto emotional speech set data/OAF_Pleasant_surprise/OAF_cause_ps.wav,1.95772917178668,1.92
tess/TESS Toronto emotional speech set data/OAF_Sad/OAF_cause_sad.wav,2.4687474399934466,2.464
tess/TESS Toronto emotional speech set data/OAF_angry/OAF_chain_angry.wav,1.6010485786843611,1.504
tess/TESS Toronto emotional speech set data/OAF_disgust/OAF_chain_disgust.wav,2.3499221758007702,2.3179375
tess/TESS Toronto emotional speech set data/OAF_happy/OAF_chain_happy.wav,2.01921028917834,1.98725
tess/TESS Toronto emotional speech set data/OAF_Sad/OAF_chain_sad.wav,2.54784140247399,2.515875
tess/TESS Toronto emotional speech set data/OAF_angry/OAF_chair_angry.wav,1.6135004505611534,1.5815625
tess/TESS Toronto emotional speech set data/OAF_Fear/OAF_chair_fear.wav,1.6869419185713117,1.664
tess/TESS Toronto emotional speech set data/OAF_happy/OAF_chair_happy.wav,2.0848283771606457,2.052875
tess/TESS Toronto emotional speech set data/OAF_neutral/OAF_chair_neutral.wav,2.325837634144343,2.293875
tess/TESS Toronto emotional speech set data/OAF_Pleasant_surprise/OAF_chair_ps.wav,1.991398377979848,1.9594375
tess/TESS Toronto emotional speech set data/OAF_Sad/OAF_chair_sad.wav,2.5885967068075693,2.524625
tess/TESS Toronto emotional speech set data/OAF_angry/OAF_chalk_angry.wav,1.3952240517735726,1.344
tess/TESS Toronto emotional speech set data/OAF_disgust/OAF_chalk_disgust.wav,2.3386581469648564,2.24
tess/TESS Toronto emotional speech set data/OAF_happy/OAF_chalk_happy.wav,1.8414843942000487,1.8095
tess/TESS Toronto emotional speech set data/OAF_Pleasant_surprise/OAF_chalk_ps.wav,2.010608667158188,1.978625
tess/TESS Toronto emotional speech set data/OAF_Sad/OAF_chalk_sad.wav,2.4805029900876545,2.4485625
tess/TESS Toronto emotional speech set data/OAF_disgust/OAF_chat_disgust.wav,2.4431473744572787,2.4111875
tess/TESS Toronto emotional speech set data/OAF_Fear/OAF_chat_fear.wav,1.6822315065126567,1.61825
tess/TESS Toronto emotional speech set data/OAF_Sad/OAF_chat_sad.wav,2.406733841238633,2.37475
tess/TESS Toronto emotional speech set data/OAF_angry/OAF_check_angry.wav,1.6461866142377324,1.472
tess/TESS Toronto emotional speech set data/OAF_disgust/OAF_check_disgust.wav,2.434013271073974,2.368
tess/TESS Toronto emotional speech set data/OAF_Fear/OAF_check_fear.wav,1.4512574752191365,1.28
tess/TESS Toronto emotional speech set data/OAF_Pleasant_surprise/OAF_check_ps.wav,2.161505693454575,2.112
tess/TESS Toronto emotional speech set data/OAF_Sad/OAF_check_sad.wav,2.3795772917178666,2.347625
tess/TESS Toronto emotional speech set data/OAF_angry/OAF_cheek_angry.wav,1.681821905464078,1.472
tess/TESS Toronto emotional speech set data/OAF_disgust/OAF_cheek_disgust.wav,2.5592692717293355,2.432
tess/TESS Toronto emotional speech set data/OAF_Fear/OAF_cheek_fear.wav,1.7091013352994184,1.504
tess/TESS Toronto emotional speech set data/OAF_happy/OAF_cheek_happy.wav,2.023961661341853,1.824
tess/TESS Toronto emotional speech set data/OAF_neutral/OAF_cheek_neutral.wav,2.008069140657,1.976125
tess/TESS Toronto emotional speech set data/OAF_Pleasant_surprise/OAF_cheek_ps.wav,2.022077496518391,1.990125
tess/TESS Toronto emotional speech set data/OAF_Sad/OAF_cheek_sad.wav,2.538994019824691,2.4
tess/TESS Toronto emotional speech set data/OAF_angry/OAF_chief_angry.wav,1.6238223969853365,1.472
tess/TESS Toronto emotional speech set data/OAF_disgust/OAF_chief_disgust.wav,2.4757925780289995,2.4438125
tess/TESS Toronto emotional speech set data/OAF_Fear/OAF_chief_fear.wav,1.7299500286720737,1.696
tess/TESS Toronto emotional speech set data/OAF_neutral/OAF_chief_neutral.wav,2.036413533218645,2.0044375
tess/TESS Toronto emotional speech set data/OAF_Sad/OAF_chief_sad.wav,2.928033095764725,2.8960625
tess/TESS Toronto emotional speech set data/OAF_angry/OAF_choice_angry.wav,1.5256819857458834,1.44
tess/TESS Toronto emotional speech set data/OAF_disgust/OAF_choice_disgust.wav,2.417219628082248,2.368
tess/TESS Toronto emotional speech set data/OAF_happy/OAF_choice_happy.wav,1.943024494142705,1.9110625
tess/TESS Toronto emotional speech set data/OAF_Sad/OAF_choice_sad.wav,2.876095682804948,2.816
tess/TESS Toronto emotional speech set data/OAF_angry/OAF_cool_angry.wav,1.4862374047677562,1.42225
tess/TESS Toronto emotional speech set data/OAF_disgust/OAF_cool_disgust.wav,2.4210698779388875,2.357125
tess/TESS Toronto emotional speech set data/OAF_Fear/OAF_cool_fear.wav,1.6046940280167117,1.568
tess/TESS Toronto emotional speech set data/OAF_happy/OAF_cool_happy.wav,2.066724010813468,1.984
tess/TESS Toronto emotional speech set data/OAF_Pleasant_surprise/OAF_cool_ps.wav,1.7358073236667486,1.7038125
tess/TESS Toronto emotional speech set data/OAF_Sad/OAF_cool_sad.wav,2.562382239698534,2.5304375
tess/TESS Toronto emotional speech set data/OAF_angry/OAF_dab_angry.wav,1.567174571966904,1.5351875
tess/TESS Toronto emotional speech set data/OAF_disgust/OAF_dab_disgust.wav,2.40910952732039,2.377125
tess/TESS Toronto emotional speech set data/OAF_Fear/OAF_dab_fear.wav,1.4963955107725075,1.4644375
tess/TESS Toronto emotional speech set data/OAF_Pleasant_surprise/OAF_dab_ps.wav,2.0615630376013763,2.029625
tess/TESS Toronto emotional speech set data/OAF_Sad/OAF_dab_sad.wav,2.87683296469239,2.780875
tess/TESS Toronto emotional speech set data/OAF_angry/OAF_date_angry.wav,1.4569099696895225,1.44
tess/TESS Toronto emotional speech set data/OAF_disgust/OAF_date_disgust.wav,2.5356352912263453,2.4
tess/TESS Toronto emotional speech set data/OAF_Fear/OAF_date_fear.wav,1.5777422790202342,1.54575
tess/TESS Toronto emotional speech set data/OAF_happy/OAF_date_happy.wav,2.130744654706316,2.112
tess/TESS Toronto emotional speech set data/OAF_neutral/OAF_date_neutral.wav,1.9424510526746948,1.92
tess/TESS Toronto emotional speech set data/OAF_Pleasant_surprise/OAF_date_ps.wav,1.9614565413287457,1.952
tess/TESS Toronto emotional speech set data/OAF_angry/OAF_dead_angry.wav,1.4826329155402638,1.4186875
tess/TESS Toronto emotional speech set data/OAF_disgust/OAF_dead_disgust.wav,2.410051609732121,2.3460625
tess/TESS Toronto emotional speech set data/OAF_Fear/OAF_dead_fear.wav,1.5021299254526093,1.4701875
tess/TESS Toronto emotional speech set data/OAF_neutral/OAF_dead_neutral.wav,1.979110346522487,1.947125
tess/TESS Toronto emotional speech set data/OAF_Pleasant_surprise/OAF_dead_ps.wav,2.0330548046203,1.952
tess/TESS Toronto emotional speech set data/OAF_Sad/OAF_dead_sad.wav,2.696157942164332,2.6641875
tess/TESS Toronto emotional speech set data/OAF_angry/OAF_death_angry.wav,1.6462275743425905,1.6
tess/TESS Toronto emotional speech set data/OAF_disgust/OAF_death_disgust.wav,2.4007946260342425,2.304
tess/TESS Toronto emotional speech set data/OAF_Fear/OAF_death_fear.wav,1.4556811665437863,1.376
tess/TESS Toronto emotional speech set data/OAF_neutral/OAF_death_neutral.wav,2.0667649709183253,2.048
tess/TESS Toronto emotional speech set data/OAF_Pleasant_surprise/OAF_death_ps.wav,1.860735643483248,1.792
tess/TESS Toronto emotional speech set data/OAF_angry/OAF_deep_angry.wav,1.612066846891128,1.44
tess/TESS Toronto emotional speech set data/OAF_Fear/OAF_deep_fear.wav,1.615548455804047,1.472
tess/TESS Toronto emotional speech set data/OAF_happy/OAF_deep_happy.wav,1.8660194970099124,1.8340625
tess/TESS Toronto emotional speech set data/OAF_neutral/OAF_deep_neutral.wav,1.8766281641681,1.8126875
tess/TESS Toronto emotional speech set data/OAF_Pleasant_surprise/OAF_deep_ps.wav,2.1215695912181536,2.057625
tess/TESS Toronto emotional speech set data/OAF_Sad/OAF_deep_sad.wav,2.5914639141476203,2.5595
tess/TESS Toronto emotional speech set data/OAF_angry/OAF_dime_angry.wav,1.6754730892111085,1.6435
tess/TESS Toronto emotional speech set data/OAF_angry/OAF_dip_angry.wav,1.4326206275088065,1.336625
tess/TESS Toronto emotional speech set data/OAF_disgust/OAF_dip_disgust.wav,2.220447284345048,2.1245
tess/TESS Toronto emotional speech set data/OAF_Fear/OAF_dip_fear.wav,1.3964118948144508,1.3644375
tess/TESS Toronto emotional speech set data/OAF_Pleasant_surprise/OAF_dip_ps.wav,2.2942573932989268,2.2623125
tess/TESS Toronto emotional speech set data/OAF_Sad/OAF_dip_sad.wav,2.615548455804047,2.5835625
tess/TESS Toronto emotional speech set data/OAF_angry/OAF_ditch_angry.wav,1.5464487589088227,1.5145
tess/TESS Toronto emotional speech set data/OAF_disgust/OAF_ditch_disgust.wav,2.6940689768165806,2.56
tess/TESS Toronto emotional speech set data/OAF_Fear/OAF_ditch_fear.wav,1.803309576472516,1.7393125
tess/TESS Toronto emotional speech set data/OAF_happy/OAF_ditch_happy.wav,2.053821577783239,2.016
tess/TESS Toronto emotional speech set data/OAF_Sad/OAF_ditch_sad.wav,2.565945768821168,2.528
tess/TESS Toronto emotional speech set data/OAF_angry/OAF_dodge_angry.wav,1.6458589333988696,1.6
tess/TESS Toronto emotional speech set data/OAF_disgust/OAF_dodge_disgust.wav,2.4091914475301057,2.368
tess/TESS Toronto emotional speech set data/OAF_Fear/OAF_dodge_fear.wav,1.836364381092816,1.708375
tess/TESS Toronto emotional speech set data/OAF_happy/OAF_dodge_happy.wav,2.159416728106824,2.0954375
tess/TESS Toronto emotional speech set data/OAF_Sad/OAF_dodge_sad.wav,2.4882854100106497,2.4563125
tess/TESS Toronto emotional speech set data/OAF_angry/OAF_dog_angry.wav,1.6904235274842303,1.504
tess/TESS Toronto emotional speech set data/OAF_Fear/OAF_dog_fear.wav,1.4802572294585077,1.4163125
tess/TESS Toronto emotional speech set data/OAF_happy/OAF_dog_happy.wav,2.053289096420087,2.0213125
tess/TESS Toronto emotional speech set data/OAF_Pleasant_surprise/OAF_dog_ps.wav,2.194232817236012,2.144
tess/TESS Toronto emotional speech set data/OAF_angry/OAF_doll_angry.wav,1.63258785942492,1.504
tess/TESS Toronto emotional speech set data/OAF_disgust/OAF_doll_disgust.wav,2.322929466699435,2.24
tess/TESS Toronto emotional speech set data/OAF_Fear/OAF_doll_fear.wav,1.674940607847956,1.504
tess/TESS Toronto emotional speech set data/OAF_happy/OAF_doll_happy.wav,1.9660031129679687,1.9340625
tess/TESS Toronto emotional speech set data/OAF_Pleasant_surprise/OAF_doll_ps.wav,2.1966494634226263,2.1646875
tess/TESS Toronto emotional speech set data/OAF_disgust/OAF_door_disgust.wav,2.422380601294339,2.3904375
tess/TESS Toronto emotional speech set data/OAF_Pleasant_surprise/OAF_door_ps.wav,1.7544032112722208,1.7224375
tess/TESS Toronto emotional speech set data/OAF_Sad/OAF_door_sad.wav,2.3697059064471206,2.33775
tess/TESS Toronto emotional speech set data/OAF_angry/OAF_fail_angry.wav,1.5534529368395182,1.4255
tess/TESS Toronto emotional speech set data/OAF_disgust/OAF_fail_disgust.wav,2.509134103383305,2.4771875
tess/TESS Toronto emotional speech set data/OAF_Fear/OAF_fail_fear.wav,1.5561972638649957,1.49225
tess/TESS Toronto emotional speech set data/OAF_happy/OAF_fail_happy.wav,1.975178176456132,1.9431875
tess/TESS Toronto emotional speech set data/OAF_Sad/OAF_fail_sad.wav,2.746907512083231,2.7149375
tess/TESS Toronto emotional speech set data/OAF_angry/OAF_fall_angry.wav,1.4274186941918572,1.3954375
tess/TESS Toronto emotional speech set data/OAF_happy/OAF_fall_happy.wav,1.9789055459981977,1.9469375
tess/TESS Toronto emotional speech set data/OAF_angry/OAF_far_angry.wav,1.509297943802736,1.4773125
tess/TESS Toronto emotional speech set data/OAF_disgust/OAF_far_disgust.wav,2.5335872859834523,2.501625
tess/TESS Toronto emotional speech set data/OAF_Fear/OAF_far_fear.wav,1.5957237650528386,1.56375
tess/TESS Toronto emotional speech set data/OAF_Pleasant_surprise/OAF_far_ps.wav,2.0484148439420005,2.0164375
tess/TESS Toronto emotional speech set data/OAF_Sad/OAF_far_sad.wav,2.66064553125256,2.624
tess/TESS Toronto emotional speech set data/OAF_angry/OAF_fat_angry.wav,1.564102564102564,1.44
tess/TESS Toronto emotional speech set data/OAF_disgust/OAF_fat_disgust.wav,2.3457442451052675,2.176
tess/TESS Toronto emotional speech set data/OAF_Pleasant_surprise/OAF_fat_ps.wav,1.9830425165888423,1.888
tess/TESS Toronto emotional speech set data/OAF_angry/OAF_fit_angry.wav,1.6016220201523717,1.44
tess/TESS Toronto emotional speech set data/OAF_Fear/OAF_fit_fear.wav,1.5835995740149096,1.44
tess/TESS Toronto emotional speech set data/OAF_happy/OAF_fit_happy.wav,1.858032276562628,1.8260625
tess/TESS Toronto emotional speech set data/OAF_disgust/OAF_five_disgust.wav,2.449741951339395,2.38575
tess/TESS Toronto emotional speech set data/OAF_Fear/OAF_five_fear.wav,1.7106168591791595,1.568
tess/TESS Toronto emotional speech set data/OAF_happy/OAF_five_happy.wav,2.0926107970836405,2.048
tess/TESS Toronto emotional speech set data/OAF_Pleasant_surprise/OAF_five_ps.wav,2.217375276480708,2.1854375
tess/TESS Toronto emotional speech set data/OAF_angry/OAF_food_angry.wav,1.5340378471368887,1.4700625
tess/TESS Toronto emotional speech set data/OAF_disgust/OAF_food_disgust.wav,2.191857131154256,2.063875
tess/TESS Toronto emotional speech set data/OAF_Fear/OAF_food_fear.wav,1.5122083333333334,1.376
tess/TESS Toronto emotional speech set data/OAF_happy/OAF_food_happy.wav,2.085237978209224,2.05325
tess/TESS Toronto emotional speech set data/OAF_neutral/OAF_food_neutral.wav,1.9213975587777503,1.8574375
tess/TESS Toronto emotional speech set data/OAF_Pleasant_surprise/OAF_food_ps.wav,2.113336610141722,2.081375
tess/TESS Toronto emotional speech set data/OAF_angry/OAF_gap_angry.wav,1.5921192758253462,1.536
tess/TESS Toronto emotional speech set data/OAF_neutral/OAF_gap_neutral.wav,1.968501679364299,1.9365625
tess/TESS Toronto emotional speech set data/OAF_angry/OAF_gas_angry.wav,1.6492176619972148,1.44
tess/TESS Toronto emotional speech set data/OAF_disgust/OAF_gas_disgust.wav,2.406570000819202,2.272
tess/TESS Toronto emotional speech set data/OAF_Fear/OAF_gas_fear.wav,1.556975505857295,1.408
tess/TESS Toronto emotional speech set data/OAF_Sad/OAF_gas_sad.wav,2.704759564184484,2.6728125
tess/TESS Toronto emotional speech set data/OAF_angry/OAF_gaze_angry.wav,1.6900139264356515,1.632
tess/TESS Toronto emotional speech set data/OAF_disgust/OAF_gaze_disgust.wav,2.634472024248382,2.6025
tess/TESS Toronto emotional speech set data/OAF_Fear/OAF_gaze_fear.wav,1.6834193495535348,1.664
tess/TESS Toronto emotional speech set data/OAF_neutral/OAF_gaze_neutral.wav,2.214221348406652,2.18225
tess/TESS Toronto emotional speech set data/OAF_Pleasant_surprise/OAF_gaze_ps.wav,2.135905627918408,2.048
tess/TESS Toronto emotional speech set data/OAF_Sad/OAF_gaze_sad.wav,2.9758335381338576,2.943875
tess/TESS Toronto emotional speech set data/OAF_angry/OAF_germ_angry.wav,1.4823052347014007,1.4183125
tess/TESS Toronto emotional speech set data/OAF_disgust/OAF_germ_disgust.wav,2.570615220774965,2.432
tess/TESS Toronto emotional speech set data/OAF_Fear/OAF_germ_fear.wav,1.6567133611862046,1.62475
tess/TESS Toronto emotional speech set data/OAF_happy/OAF_germ_happy.wav,2.192676333251413,2.144
tess/TESS Toronto emotional speech set data/OAF_Pleasant_surprise/OAF_germ_ps.wav,2.1483984599000574,2.1164375
tess/TESS Toronto emotional speech set data/OAF_angry/OAF_get_angry.wav,1.6449578110919965,1.6
tess/TESS Toronto emotional speech set data/OAF_disgust/OAF_get_disgust.wav,2.179937740640616,2.148
tess/TESS Toronto emotional speech set data/OAF_Fear/OAF_get_fear.wav,1.2978618825264192,1.248
tess/TESS Toronto emotional speech set data/OAF_neutral/OAF_get_neutral.wav,1.8955107725075773,1.8635625
tess/TESS Toronto emotional speech set data/OAF_Pleasant_surprise/OAF_get_ps.wav,1.937822560825756,1.856
tess/TESS Toronto emotional speech set data/OAF_Sad/OAF_get_sad.wav,2.3976816580650446,2.3656875
tess/TESS Toronto emotional speech set data/OAF_Fear/OAF_gin_fear.wav,1.5630376013762597,1.5310625
tess/TESS Toronto emotional speech set data/OAF_Pleasant_surprise/OAF_gin_ps.wav,2.0552961415581223,2.016
tess/TESS Toronto emotional speech set data/OAF_Sad/OAF_gin_sad.wav,2.709142295404276,2.6771875
tess/TESS Toronto emotional speech set data/OAF_angry/OAF_goal_angry.wav,1.519906610960924,1.4879375
tess/TESS Toronto emotional speech set data/OAF_disgust/OAF_goal_disgust.wav,2.4182436307036945,2.38625
tess/TESS Toronto emotional speech set data/OAF_Fear/OAF_goal_fear.wav,1.593348078971082,1.561375
tess/TESS Toronto emotional speech set data/OAF_Sad/OAF_goal_sad.wav,2.6311542557548946,2.5671875
tess/TESS Toronto emotional speech set data/OAF_disgust/OAF_good_disgust.wav,2.4325387072990905,2.304
tess/TESS Toronto emotional speech set data/OAF_Fear/OAF_good_fear.wav,1.4809125911362333,1.4169375
tess/TESS Toronto emotional speech set data/OAF_happy/OAF_good_happy.wav,1.909068567215532,1.877125
tess/TESS Toronto emotional speech set data/OAF_Pleasant_surprise/OAF_good_ps.wav,1.8022446137462111,1.77025
tess/TESS Toronto emotional speech set data/OAF_Sad/OAF_good_sad.wav,2.417834029655116,2.353875
tess/TESS Toronto emotional speech set data/OAF_angry/OAF_goose_angry.wav,1.5305971983288278,1.44
tess/TESS Toronto emotional speech set data/OAF_disgust/OAF_goose_disgust.wav,2.3391496682231505,2.3071875
tess/TESS Toronto emotional speech set data/OAF_Fear/OAF_goose_fear.wav,1.597157368722864,1.536
tess/TESS Toronto emotional speech set data/OAF_neutral/OAF_goose_neutral.wav,2.248341115753256,2.24
tess/TESS Toronto emotional speech set data/OAF_angry/OAF_gun_angry.wav,1.5410420250675845,1.5090625
tess/TESS Toronto emotional speech set data/OAF_disgust/OAF_gun_disgust.wav,2.4765298599164414,2.3485625
tess/TESS Toronto emotional speech set data/OAF_Fear/OAF_gun_fear.wav,1.6813303842057836,1.585375
tess/TESS Toronto emotional speech set data/OAF_neutral/OAF_gun_neutral.wav,1.970181043663472,1.9381875
tess/TESS Toronto emotional speech set data/OAF_angry/OAF_half_angry.wav,1.6955435405914638,1.664
tess/TESS Toronto emotional speech set data/OAF_happy/OAF_half_happy.wav,2.1556074383550423,2.059625
tess/TESS Toronto emotional speech set data/OAF_Pleasant_surprise/OAF_half_ps.wav,1.9836978782665684,1.95175
tess/TESS Toronto emotional speech set data/OAF_angry/OAF_hall_angry.wav,1.5029491275497666,1.471
tess/TESS Toronto emotional speech set data/OAF_disgust/OAF_hall_disgust.wav,2.29458507413779,2.102625
tess/TESS Toronto emotional speech set data/OAF_Fear/OAF_hall_fear.wav,1.391291881707217,1.3273125
tess/TESS Toronto emotional speech set data/OAF_happy/OAF_hall_happy.wav,2.0359629720652084,1.984
tess/TESS Toronto emotional speech set data/OAF_Pleasant_surprise/OAF_hall_ps.wav,2.1107970836405343,2.048
tess/TESS Toronto emotional speech set data/OAF_angry/OAF_hash_angry.wav,1.6957073810108954,1.632
tess/TESS Toronto emotional speech set data/OAF_disgust/OAF_hash_disgust.wav,2.6082985172442044,2.592
tess/TESS Toronto emotional speech set data/OAF_Fear/OAF_hash_fear.wav,1.828909642008684,1.7969375
tess/TESS Toronto emotional speech set data/OAF_angry/OAF_hate_angry.wav,1.4840255591054312,1.408
tess/TESS Toronto emotional speech set data/OAF_disgust/OAF_hate_disgust.wav,2.387687392479725,2.368
tess/TESS Toronto emotional speech set data/OAF_Fear/OAF_hate_fear.wav,1.4971327926599491,1.44
tess/TESS Toronto emotional speech set data/OAF_happy/OAF_hate_happy.wav,1.7766035881051856,1.728
tess/TESS Toronto emotional speech set data/OAF_neutral/OAF_hate_neutral.wav,1.7866797739002211,1.7546875
tess/TESS Toronto emotional speech set data/OAF_angry/OAF_have_angry.wav,1.652535430490702,1.408
tess/TESS Toronto emotional speech set data/OAF_disgust/OAF_have_disgust.wav,2.462357663635619,2.398375
tess/TESS Toronto emotional speech set data/OAF_Fear/OAF_have_fear.wav,1.4927500614401572,1.4608125
tess/TESS Toronto emotional speech set data/OAF_happy/OAF_have_happy.wav,2.0801589252068484,2.048
tess/TESS Toronto emotional speech set data/OAF_Pleasant_surprise/OAF_have_ps.wav,2.159007127058245,2.1270625
tess/TESS Toronto emotional speech set data/OAF_angry/OAF_haze_angry.wav,1.5615630376013765,1.44
tess/TESS Toronto emotional speech set data/OAF_disgust/OAF_haze_disgust.wav,2.35856475792578,2.326625
tess/TESS Toronto emotional speech set data/OAF_Fear/OAF_haze_fear.wav,1.5838862947489143,1.536
tess/TESS Toronto emotional speech set data/OAF_happy/OAF_haze_happy.wav,2.0291226345539446,2.016
tess/TESS Toronto emotional speech set data/OAF_neutral/OAF_haze_neutral.wav,2.00577537478496,1.9738125
tess/TESS Toronto emotional speech set data/OAF_Pleasant_surprise/OAF_haze_ps.wav,2.1325059392152044,2.1005625
tess/TESS Toronto emotional speech set data/OAF_disgust/OAF_hire_disgust.wav,2.077414598181371,2.0454375
tess/TESS Toronto emotional speech set data/OAF_Fear/OAF_hire_fear.wav,1.6607684115671335,1.6288125
tess/TESS Toronto emotional speech set data/OAF_happy/OAF_hire_happy.wav,1.9619071024821824,1.952
tess/TESS Toronto emotional speech set data/OAF_Pleasant_surprise/OAF_hire_ps.wav,2.0814696485623,2.048
tess/TESS Toronto emotional speech set data/OAF_Sad/OAF_hire_sad.wav,2.5481281232079955,2.496
tess/TESS Toronto emotional speech set data/OAF_disgust/OAF_hit_disgust.wav,2.3697468665519783,2.144
tess/TESS Toronto emotional speech set data/OAF_Fear/OAF_hit_fear.wav,1.5951912836896862,1.56325
tess/TESS Toronto emotional speech set data/OAF_happy/OAF_hit_happy.wav,1.995985909723929,1.984
tess/TESS Toronto emotional speech set data/OAF_Pleasant_surprise/OAF_hit_ps.wav,1.8310395674612927,1.76
tess/TESS Toronto emotional speech set data/OAF_angry/OAF_hole_angry.wav,1.6704349963135905,1.472
tess/TESS Toronto emotional speech set data/OAF_disgust/OAF_hole_disgust.wav,2.3716310313754403,2.272
tess/TESS Toronto emotional speech set data/OAF_Fear/OAF_hole_fear.wav,1.446137462111903,1.4141875
tess/TESS Toronto emotional speech set data/OAF_happy/OAF_hole_happy.wav,2.029450315392808,1.9975
tess/TESS Toronto emotional speech set data/OAF_Pleasant_surprise/OAF_hole_ps.wav,2.188785123289916,2.1568125
tess/TESS Toronto emotional speech set data/OAF_Sad/OAF_hole_sad.wav,2.603997706234128,2.572
tess/TESS Toronto emotional speech set data/OAF_disgust/OAF_home_disgust.wav,2.367494060784796,2.3355
tess/TESS Toronto emotional speech set data/OAF_happy/OAF_home_happy.wav,1.8218645039731305,1.789875
tess/TESS Toronto emotional speech set data/OAF_Sad/OAF_home_sad.wav,2.246006389776358,2.2140625
tess/TESS Toronto emotional speech set data/OAF_angry/OAF_hurl_angry.wav,1.6019497009912345,1.57
tess/TESS Toronto emotional speech set data/OAF_happy/OAF_hurl_happy.wav,1.8890390759400344,1.8570625
tess/TESS Toronto emotional speech set data/OAF_angry/OAF_hush_angry.wav,1.5469402801671173,1.536
tess/TESS Toronto emotional speech set data/OAF_disgust/OAF_hush_disgust.wav,2.5540673384123864,2.522125
tess/TESS Toronto emotional speech set data/OAF_Fear/OAF_hush_fear.wav,1.543294830834767,1.536
tess/TESS Toronto emotional speech set data/OAF_neutral/OAF_hush_neutral.wav,2.0931432784467927,2.048
tess/TESS Toronto emotional speech set data/OAF_Pleasant_surprise/OAF_hush_ps.wav,2.0235520602932744,1.9595625
tess/TESS Toronto emotional speech set data/OAF_Fear/OAF_jail_fear.wav,1.7289669861554846,1.696
tess/TESS Toronto emotional speech set data/OAF_happy/OAF_jail_happy.wav,1.7905300237568609,1.7585625
tess/TESS Toronto emotional speech set data/OAF_neutral/OAF_jail_neutral.wav,2.169943475055296,2.138
tess/TESS Toronto emotional speech set data/OAF_Sad/OAF_jar_sad.wav,2.512206111247645,2.48025
tess/TESS Toronto emotional speech set data/OAF_angry/OAF_join_angry.wav,1.6129679691980012,1.581
tess/TESS Toronto emotional speech set data/OAF_disgust/OAF_join_disgust.wav,2.3621692471532727,2.2661875
tess/TESS Toronto emotional speech set data/OAF_Fear/OAF_join_fear.wav,1.5158515605799951,1.472
tess/TESS Toronto emotional speech set data/OAF_happy/OAF_join_happy.wav,2.0371917752109447,2.00525
tess/TESS Toronto emotional speech set data/OAF_Pleasant_surprise/OAF_join_ps.wav,2.113049889407717,2.0810625
tess/TESS Toronto emotional speech set data/OAF_Sad/OAF_join_sad.wav,2.5040140902760712,2.4720625
tess/TESS Toronto emotional speech set data/OAF_angry/OAF_judge_angry.wav,1.7258540181862865,1.472
tess/TESS Toronto emotional speech set data/OAF_disgust/OAF_judge_disgust.wav,2.3579503563529123,2.24
tess/TESS Toronto emotional speech set data/OAF_Fear/OAF_judge_fear.wav,1.423117883181781,1.376
tess/TESS Toronto emotional speech set data/OAF_neutral/OAF_judge_neutral.wav,2.128819529777996,2.096875
tess/TESS Toronto emotional speech set data/OAF_disgust/OAF_jug_disgust.wav,2.328254280330958,2.24
tess/TESS Toronto emotional speech set data/OAF_Fear/OAF_jug_fear.wav,1.8268616367657904,1.792
tess/TESS Toronto emotional speech set data/OAF_happy/OAF_jug_happy.wav,2.095191283689686,2.08
tess/TESS Toronto emotional speech set data/OAF_Pleasant_surprise/OAF_jug_ps.wav,2.2308921110838043,2.144
tess/TESS Toronto emotional speech set data/OAF_happy/OAF_juice_happy.wav,2.09203735561563,2.0280625
tess/TESS Toronto emotional speech set data/OAF_Pleasant_surprise/OAF_juice_ps.wav,2.219914802981896,2.176
tess/TESS Toronto emotional speech set data/OAF_angry/OAF_keen_angry.wav,1.7127877447366264,1.6808125
tess/TESS Toronto emotional speech set data/OAF_Fear/OAF_keen_fear.wav,1.599942655853199,1.568
tess/TESS Toronto emotional speech set data/OAF_Sad/OAF_keen_sad.wav,2.4911935774555585,2.45925
tess/TESS Toronto emotional speech set data/OAF_disgust/OAF_keep_disgust.wav,2.64200868354223,2.5460625
tess/TESS Toronto emotional speech set data/OAF_Fear/OAF_keep_fear.wav,1.675555009420824,1.664
tess/TESS Toronto emotional speech set data/OAF_happy/OAF_keep_happy.wav,1.9064471205046285,1.856
tess/TESS Toronto emotional speech set data/OAF_neutral/OAF_keep_neutral.wav,1.931473744572786,1.8995
tess/TESS Toronto emotional speech set data/OAF_Pleasant_surprise/OAF_keep_ps.wav,2.1237404767756205,2.09175
tess/TESS Toronto emotional speech set data/OAF_angry/OAF_keg_angry.wav,1.4403211272220855,1.408
tess/TESS Toronto emotional speech set data/OAF_Fear/OAF_keg_fear.wav,1.631359056279184,1.599375
tess/TESS Toronto emotional speech set data/OAF_Pleasant_surprise/OAF_keg_ps.wav,2.021299254526092,1.888
tess/TESS Toronto emotional speech set data/OAF_Sad/OAF_keg_sad.wav,2.461661341853035,2.4
tess/TESS Toronto emotional speech set data/OAF_angry/OAF_kick_angry.wav,1.6513885475546817,1.408
tess/TESS Toronto emotional speech set data/OAF_disgust/OAF_kick_disgust.wav,2.2723027770951094,2.208
tess/TESS Toronto emotional speech set data/OAF_Fear/OAF_kick_fear.wav,1.4254116490538216,1.312
tess/TESS Toronto emotional speech set data/OAF_happy/OAF_kick_happy.wav,2.195133939542885,2.176
tess/TESS Toronto emotional speech set data/OAF_Pleasant_surprise/OAF_kick_ps.wav,2.0937986401245188,2.0298125
tess/TESS Toronto emotional speech set data/OAF_angry/OAF_kill_angry.wav,1.5000819202097158,1.468125
tess/TESS Toronto emotional speech set data/OAF_disgust/OAF_kill_disgust.wav,2.318423855165069,2.176
tess/TESS Toronto emotional speech set data/OAF_Fear/OAF_kill_fear.wav,1.5065536167772589,1.472
tess/TESS Toronto emotional speech set data/OAF_happy/OAF_kill_happy.wav,2.241582698451708,2.209625
tess/TESS Toronto emotional speech set data/OAF_angry/OAF_king_angry.wav,1.662816416810027,1.598875
tess/TESS Toronto emotional speech set data/OAF_happy/OAF_king_happy.wav,1.9052183173588924,1.87325
tess/TESS Toronto emotional speech set data/OAF_disgust/OAF_kite_disgust.wav,2.19370033587286,2.144
tess/TESS Toronto emotional speech set data/OAF_Fear/OAF_kite_fear.wav,1.4605963791267305,1.408
tess/TESS Toronto emotional speech set data/OAF_Sad/OAF_kite_sad.wav,2.6806750225280576,2.6486875
tess/TESS Toronto emotional speech set data/OAF_angry/OAF_knock_angry.wav,1.804661259932825,1.664
tess/TESS Toronto emotional speech set data/OAF_disgust/OAF_knock_disgust.wav,2.4429016138281314,2.368
tess/TESS Toronto emotional speech set data/OAF_Fear/OAF_knock_fear.wav,1.5390759400344065,1.472
tess/TESS Toronto emotional speech set data/OAF_happy/OAF_knock_happy.wav,1.9778405832718933,1.856
tess/TESS Toronto emotional speech set data/OAF_angry/OAF_late_angry.wav,1.6733022036536414,1.44
tess/TESS Toronto emotional speech set data/OAF_disgust/OAF_late_disgust.wav,2.3493896944376176,2.3174375
tess/TESS Toronto emotional speech set data/OAF_Fear/OAF_late_fear.wav,1.8246088309986075,1.568
tess/TESS Toronto emotional speech set data/OAF_Pleasant_surprise/OAF_late_ps.wav,1.958220693044974,1.92625
tess/TESS Toronto emotional speech set data/OAF_disgust/OAF_laud_disgust.wav,2.274105021708856,2.242125
tess/TESS Toronto emotional speech set data/OAF_Sad/OAF_laud_sad.wav,2.3917834029655114,2.3598125
tess/TESS Toronto emotional speech set data/OAF_angry/OAF_lean_angry.wav,1.6228803145736053,1.5589375
tess/TESS Toronto emotional speech set data/OAF_disgust/OAF_lean_disgust.wav,2.2618579503563527,2.165875
tess/TESS Toronto emotional speech set data/OAF_Fear/OAF_lean_fear.wav,1.487220447284345,1.42325
tess/TESS Toronto emotional speech set data/OAF_Pleasant_surprise/OAF_lean_ps.wav,2.0688948963709346,2.0369375
tess/TESS Toronto emotional speech set data/OAF_Sad/OAF_lean_sad.wav,2.4652658310805275,2.4333125
tess/TESS Toronto emotional speech set data/OAF_angry/OAF_learn_angry.wav,1.5158515605799951,1.408
tess/TESS Toronto emotional speech set data/OAF_disgust/OAF_learn_disgust.wav,2.305111821086262,2.273125
tess/TESS Toronto emotional speech set data/OAF_Fear/OAF_learn_fear.wav,1.6991480298189563,1.5711875
tess/TESS Toronto emotional speech set data/OAF_Pleasant_surprise/OAF_learn_ps.wav,2.06590480871631,2.0019375
tess/TESS Toronto emotional speech set data/OAF_angry/OAF_lease_angry.wav,1.6813303842057836,1.536
tess/TESS Toronto emotional speech set data/OAF_disgust/OAF_lease_disgust.wav,2.3075284672728764,2.208
tess/TESS Toronto emotional speech set data/OAF_Fear/OAF_lease_fear.wav,1.5940444007536658,1.536
tess/TESS Toronto emotional speech set data/OAF_happy/OAF_lease_happy.wav,2.2475628737609568,2.24
tess/TESS Toronto emotional speech set data/OAF_angry/OAF_lid_angry.wav,1.4135741787498977,1.376
tess/TESS Toronto emotional speech set data/OAF_disgust/OAF_lid_disgust.wav,2.072622265913001,2.008625
tess/TESS Toronto emotional speech set data/OAF_Fear/OAF_lid_fear.wav,1.5826165314983207,1.518625
tess/TESS Toronto emotional speech set data/OAF_Pleasant_surprise/OAF_lid_ps.wav,2.003973130171213,1.94
tess/TESS Toronto emotional speech set data/OAF_angry/OAF_life_angry.wav,1.6250102400262143,1.376
tess/TESS Toronto emotional speech set data/OAF_disgust/OAF_life_disgust.wav,2.4375768001966085,2.405625
tess/TESS Toronto emotional speech set data/OAF_Fear/OAF_life_fear.wav,1.8087982305234704,1.76
tess/TESS Toronto emotional speech set data/OAF_neutral/OAF_life_neutral.wav,1.980871631031376,1.948875
tess/TESS Toronto emotional speech set data/OAF_Sad/OAF_life_sad.wav,2.56496272630458,2.533
tess/TESS Toronto emotional speech set data/OAF_disgust/OAF_limb_disgust.wav,2.481158351765381,2.4491875
tess/TESS Toronto emotional speech set data/OAF_Fear/OAF_limb_fear.wav,1.465142950765954,1.4331875
tess/TESS Toronto emotional speech set data/OAF_Sad/OAF_limb_sad.wav,2.26173507004178,2.22975
tess/TESS Toronto emotional speech set data/OAF_angry/OAF_live_angry.wav,1.5974031293520112,1.504
tess/TESS Toronto emotional speech set data/OAF_disgust/OAF_live_disgust.wav,2.426271811255837,2.3943125
tess/TESS Toronto emotional speech set data/OAF_Fear/OAF_live_fear.wav,1.621200950274433,1.58925
tess/TESS Toronto emotional speech set data/OAF_happy/OAF_live_happy.wav,2.031416400425985,1.9994375
tess/TESS Toronto emotional speech set data/OAF_Pleasant_surprise/OAF_live_ps.wav,2.0151961989022693,1.98325
tess/TESS Toronto emotional speech set data/OAF_angry/OAF_loaf_angry.wav,1.679651019906611,1.6
tess/TESS Toronto emotional speech set data/OAF_disgust/OAF_loaf_disgust.wav,2.6100598017530925,2.528
tess/TESS Toronto emotional speech set data/OAF_Fear/OAF_loaf_fear.wav,1.7091013352994184,1.6
tess/TESS Toronto emotional speech set data/OAF_happy/OAF_loaf_happy.wav,2.005857294994675,1.973875
tess/TESS Toronto emotional speech set data/OAF_Pleasant_surprise/OAF_loaf_ps.wav,2.054231178831818,2.02225
tess/TESS Toronto emotional speech set data/OAF_angry/OAF_long_angry.wav,1.7242565740968296,1.5323125
tess/TESS Toronto emotional speech set data/OAF_disgust/OAF_long_disgust.wav,2.2579257802899977,2.2259375
tess/TESS Toronto emotional speech set data/OAF_Fear/OAF_long_fear.wav,1.496231670353076,1.44
tess/TESS Toronto emotional speech set data/OAF_Pleasant_surprise/OAF_long_ps.wav,2.159334807897108,2.095375
tess/TESS Toronto emotional speech set data/OAF_Sad/OAF_long_sad.wav,2.629597771770296,2.597625
tess/TESS Toronto emotional speech set data/OAF_angry/OAF_lore_angry.wav,1.7023838781027278,1.6064375
tess/TESS Toronto emotional speech set data/OAF_Fear/OAF_lore_fear.wav,1.674367166379946,1.546375
tess/TESS Toronto emotional speech set data/OAF_happy/OAF_lore_happy.wav,2.086835422298681,2.016
tess/TESS Toronto emotional speech set data/OAF_Pleasant_surprise/OAF_lore_ps.wav,2.094372081592529,2.062375
tess/TESS Toronto emotional speech set data/OAF_angry/OAF_lose_angry.wav,1.6754730892111085,1.472
tess/TESS Toronto emotional speech set data/OAF_disgust/OAF_lose_disgust.wav,2.372327353158024,2.24
tess/TESS Toronto emotional speech set data/OAF_Fear/OAF_lose_fear.wav,1.446424182845908,1.376
tess/TESS Toronto emotional speech set data/OAF_happy/OAF_lose_happy.wav,2.1078889161956256,2.016
tess/TESS Toronto emotional speech set data/OAF_Pleasant_surprise/OAF_lose_ps.wav,2.3947325305152782,2.33075
tess/TESS Toronto emotional speech set data/OAF_angry/OAF_lot_angry.wav,1.6126402883591382,1.472
tess/TESS Toronto emotional speech set data/OAF_Fear/OAF_lot_fear.wav,1.5453428360776604,1.472
tess/TESS Toronto emotional speech set data/OAF_happy/OAF_lot_happy.wav,1.925575489473253,1.888
tess/TESS Toronto emotional speech set data/OAF_Pleasant_surprise/OAF_lot_ps.wav,1.9701400835586136,1.9381875
tess/TESS Toronto emotional speech set data/OAF_angry/OAF_love_angry.wav,1.5624231998033915,1.5304375
tess/TESS Toronto emotional speech set data/OAF_disgust/OAF_love_disgust.wav,2.3737609568280496,2.3418125
tess/TESS Toronto emotional speech set data/OAF_happy/OAF_love_happy.wav,2.0658638486114524,2.016
tess/TESS Toronto emotional speech set data/OAF_neutral/OAF_love_neutral.wav,1.9325387072990907,1.92
tess/TESS Toronto emotional speech set data/OAF_Pleasant_surprise/OAF_love_ps.wav,1.935037273695421,1.824
tess/TESS Toronto emotional speech set data/OAF_Sad/OAF_love_sad.wav,2.575653313672483,2.5436875
tess/TESS Toronto emotional speech set data/OAF_angry/OAF_luck_angry.wav,1.6131318096174323,1.6
tess/TESS Toronto emotional speech set data/OAF_disgust/OAF_luck_disgust.wav,2.221348406651921,2.144
tess/TESS Toronto emotional speech set data/OAF_Fear/OAF_luck_fear.wav,1.620176947652986,1.5561875
tess/TESS Toronto emotional speech set data/OAF_happy/OAF_luck_happy.wav,1.9684607192594408,1.9365
tess/TESS Toronto emotional speech set data/OAF_Pleasant_surprise/OAF_luck_ps.wav,2.2034898009338906,2.048
tess/TESS Toronto emotional speech set data/OAF_angry/OAF_make_angry.wav,1.6333251413123615,1.408
tess/TESS Toronto emotional speech set data/OAF_disgust/OAF_make_disgust.wav,2.4997542393708527,2.368
tess/TESS Toronto emotional speech set data/OAF_Fear/OAF_make_fear.wav,1.5601703940362088,1.408
tess/TESS Toronto emotional speech set data/OAF_happy/OAF_make_happy.wav,1.939174244286065,1.76
tess/TESS Toronto emotional speech set data/OAF_Pleasant_surprise/OAF_make_ps.wav,2.076923076923077,2.048
tess/TESS Toronto emotional speech set data/OAF_Sad/OAF_make_sad.wav,2.5098713852707464,2.477875
tess/TESS Toronto emotional speech set data/OAF_angry/OAF_match_angry.wav,1.6846891128041288,1.376
tess/TESS Toronto emotional speech set data/OAF_disgust/OAF_match_disgust.wav,2.461661341853035,2.3656875
tess/TESS Toronto emotional speech set data/OAF_Fear/OAF_match_fear.wav,1.6424182845908086,1.536
tess/TESS Toronto emotional speech set data/OAF_angry/OAF_merge_angry.wav,1.6236585565659047,1.536
tess/TESS Toronto emotional speech set data/OAF_disgust/OAF_merge_disgust.wav,2.45273203899402,2.38875
tess/TESS Toronto emotional speech set data/OAF_Fear/OAF_merge_fear.wav,1.683665110182682,1.632
tess/TESS Toronto emotional speech set data/OAF_Sad/OAF_merge_sad.wav,2.616531498320636,2.5845625
tess/TESS Toronto emotional speech set data/OAF_disgust/OAF_mess_disgust.wav,2.495248627836488,2.46325
tess/TESS Toronto emotional speech set data/OAF_Fear/OAF_mess_fear.wav,1.70176947652986,1.6698125
tess/TESS Toronto emotional speech set data/OAF_happy/OAF_mess_happy.wav,2.083681494224625,2.048
tess/TESS Toronto emotional speech set data/OAF_Sad/OAF_mess_sad.wav,2.601785860571803,2.5698125
tess/TESS Toronto emotional speech set data/OAF_disgust/OAF_met_disgust.wav,2.412877856967314,2.368
tess/TESS Toronto emotional speech set data/OAF_Fear/OAF_met_fear.wav,1.4827557958548374,1.44
tess/TESS Toronto emotional speech set data/OAF_happy/OAF_met_happy.wav,1.882362578848202,1.850375
tess/TESS Toronto emotional speech set data/OAF_angry/OAF_mill_angry.wav,1.5349799295486195,1.471
tess/TESS Toronto emotional speech set data/OAF_disgust/OAF_mill_disgust.wav,2.276849348734333,2.244875
tess/TESS Toronto emotional speech set data/OAF_happy/OAF_mill_happy.wav,1.904726796100598,1.84075
tess/TESS Toronto emotional speech set data/OAF_neutral/OAF_mill_neutral.wav,1.874784959449496,1.8428125
tess/TESS Toronto emotional speech set data/OAF_Pleasant_surprise/OAF_mill_ps.wav,2.1112886048988284,2.0793125
tess/TESS Toronto emotional speech set data/OAF_Sad/OAF_mill_sad.wav,2.742197100024576,2.67825
tess/TESS Toronto emotional speech set data/OAF_angry/OAF_mob_angry.wav,1.53055623822397,1.4665625
tess/TESS Toronto emotional speech set data/OAF_disgust/OAF_mob_disgust.wav,2.157245842549357,2.112
tess/TESS Toronto emotional speech set data/OAF_Fear/OAF_mob_fear.wav,1.5682804947980666,1.5363125
tess/TESS Toronto emotional speech set data/OAF_Pleasant_surprise/OAF_mob_ps.wav,2.125174080445646,2.0931875
tess/TESS Toronto emotional speech set data/OAF_Fear/OAF_mode_fear.wav,1.5643483247317114,1.532375
tess/TESS Toronto emotional speech set data/OAF_neutral/OAF_mode_neutral.wav,2.004628491848939,1.9726875
tess/TESS Toronto emotional speech set data/OAF_Sad/OAF_mode_sad.wav,2.594945523060539,2.563
tess/TESS Toronto emotional speech set data/OAF_angry/OAF_mood_angry.wav,1.5651265667240108,1.5331875
tess/TESS Toronto emotional speech set data/OAF_disgust/OAF_mood_disgust.wav,2.347628409928729,2.3156875
tess/TESS Toronto emotional speech set data/OAF_Fear/OAF_mood_fear.wav,1.3869091504874254,1.3549375
tess/TESS Toronto emotional speech set data/OAF_happy/OAF_mood_happy.wav,1.939747685754076,1.90775
tess/TESS Toronto emotional speech set data/OAF_Pleasant_surprise/OAF_mood_ps.wav,2.123986237404768,2.08
tess/TESS Toronto emotional speech set data/OAF_disgust/OAF_moon_disgust.wav,2.333128532809044,2.3011875
tess/TESS Toronto emotional speech set data/OAF_happy/OAF_moon_happy.wav,1.8572949946751864,1.8253125
tess/TESS Toronto emotional speech set data/OAF_neutral/OAF_moon_neutral.wav,2.079626443843696,2.0476875
tess/TESS Toronto emotional speech set data/OAF_disgust/OAF_mop_disgust.wav,2.151142786925534,2.0871875
tess/TESS Toronto emotional speech set data/OAF_Fear/OAF_mop_fear.wav,1.5765134758744983,1.5445625
tess/TESS Toronto emotional speech set data/OAF_happy/OAF_mop_happy.wav,2.181330384205784,2.117375
tess/TESS Toronto emotional speech set data/OAF_neutral/OAF_mop_neutral.wav,1.7995412468255918,1.7675625
tess/TESS Toronto emotional speech set data/OAF_Sad/OAF_mop_sad.wav,2.5189645285491933,2.487
tess/TESS Toronto emotional speech set data/OAF_angry/OAF_mouse_angry.wav,1.648767100843778,1.344
tess/TESS Toronto emotional speech set data/OAF_disgust/OAF_mouse_disgust.wav,2.347382649299582,2.208
tess/TESS Toronto emotional speech set data/OAF_Fear/OAF_mouse_fear.wav,1.594290161382813,1.568
tess/TESS Toronto emotional speech set data/OAF_happy/OAF_mouse_happy.wav,2.1736708445973623,2.112
tess/TESS Toronto emotional speech set data/OAF_Pleasant_surprise/OAF_mouse_ps.wav,2.10416154665356,2.0721875
tess/TESS Toronto emotional speech set data/OAF_angry/OAF_nag_angry.wav,1.4602686982878677,1.4283125
tess/TESS Toronto emotional speech set data/OAF_Fear/OAF_nag_fear.wav,1.713238305890063,1.632
tess/TESS Toronto emotional speech set data/OAF_happy/OAF_nag_happy.wav,2.027443270254772,1.888
tess/TESS Toronto emotional speech set data/OAF_Pleasant_surprise/OAF_nag_ps.wav,2.1458998935037275,2.144
tess/TESS Toronto emotional speech set data/OAF_Sad/OAF_nag_sad.wav,2.360203162120095,2.304
tess/TESS Toronto emotional speech set data/OAF_angry/OAF_name_angry.wav,1.5427213893667568,1.376
tess/TESS Toronto emotional speech set data/OAF_disgust/OAF_name_disgust.wav,2.381871057589908,2.253875
tess/TESS Toronto emotional speech set data/OAF_Fear/OAF_name_fear.wav,1.5325223232571474,1.5005625
tess/TESS Toronto emotional speech set data/OAF_happy/OAF_name_happy.wav,2.143974768575408,2.112
tess/TESS Toronto emotional speech set data/OAF_Pleasant_surprise/OAF_name_ps.wav,1.8454575243712623,1.8135
tess/TESS Toronto emotional speech set data/OAF_angry/OAF_near_angry.wav,1.519947571065782,1.44
tess/TESS Toronto emotional speech set data/OAF_disgust/OAF_near_disgust.wav,2.1356598672892604,2.1036875
tess/TESS Toronto emotional speech set data/OAF_Fear/OAF_near_fear.wav,1.4054640779880396,1.3735
tess/TESS Toronto emotional speech set data/OAF_Pleasant_surprise/OAF_near_ps.wav,2.212664864422053,2.1806875
tess/TESS Toronto emotional speech set data/OAF_Sad/OAF_near_sad.wav,2.508110100761858,2.476125
tess/TESS Toronto emotional speech set data/OAF_angry/OAF_neat_angry.wav,1.677398214139428,1.28
tess/TESS Toronto emotional speech set data/OAF_disgust/OAF_neat_disgust.wav,2.385639387236832,2.304
tess/TESS Toronto emotional speech set data/OAF_Fear/OAF_neat_fear.wav,1.4994675186368478,1.4675
tess/TESS Toronto emotional speech set data/OAF_happy/OAF_neat_happy.wav,1.9525681985745884,1.92
tess/TESS Toronto emotional speech set data/OAF_Pleasant_surprise/OAF_neat_ps.wav,2.088473826492996,2.0565
tess/TESS Toronto emotional speech set data/OAF_angry/OAF_nice_angry.wav,1.6225116736298846,1.6
tess/TESS Toronto emotional speech set data/OAF_disgust/OAF_nice_disgust.wav,2.50135168346031,2.464
tess/TESS Toronto emotional speech set data/OAF_Fear/OAF_nice_fear.wav,1.7718112558368149,1.7398125
tess/TESS Toronto emotional speech set data/OAF_happy/OAF_nice_happy.wav,2.152125829442124,2.112
tess/TESS Toronto emotional speech set data/OAF_Pleasant_surprise/OAF_nice_ps.wav,2.1281232079954124,2.096125
tess/TESS Toronto emotional speech set data/OAF_Sad/OAF_nice_sad.wav,2.6984926681412302,2.6665
tess/TESS Toronto emotional speech set data/OAF_angry/OAF_note_angry.wav,1.4273367739821414,1.312
tess/TESS Toronto emotional speech set data/OAF_disgust/OAF_note_disgust.wav,2.313836323420988,2.249875
tess/TESS Toronto emotional speech set data/OAF_Fear/OAF_note_fear.wav,1.4740722536249693,1.344
tess/TESS Toronto emotional speech set data/OAF_Pleasant_surprise/OAF_note_ps.wav,2.039813221921848,2.007875
tess/TESS Toronto emotional speech set data/OAF_angry/OAF_numb_angry.wav,1.5760219546162038,1.472
tess/TESS Toronto emotional speech set data/OAF_disgust/OAF_numb_disgust.wav,2.275497665274023,2.2115
tess/TESS Toronto emotional speech set data/OAF_neutral/OAF_numb_neutral.wav,1.9381912017694765,1.90625
tess/TESS Toronto emotional speech set data/OAF_Pleasant_surprise/OAF_numb_ps.wav,2.004300811010076,1.9403125
tess/TESS Toronto emotional speech set data/OAF_disgust/OAF_pad_disgust.wav,2.141312361759646,2.1093125
tess/TESS Toronto emotional speech set data/OAF_happy/OAF_pad_happy.wav,1.932415826984517,1.856
tess/TESS Toronto emotional speech set data/OAF_neutral/OAF_pad_neutral.wav,1.886991070697141,1.855
tess/TESS Toronto emotional speech set data/OAF_Pleasant_surprise/OAF_pad_ps.wav,1.865405095437044,1.728
tess/TESS Toronto emotional speech set data/OAF_Sad/OAF_pad_sad.wav,2.447120504628492,2.383125
tess/TESS Toronto emotional speech set data/OAF_angry/OAF_page_angry.wav,1.5063078561481118,1.44
tess/TESS Toronto emotional speech set data/OAF_Fear/OAF_page_fear.wav,1.6916932907348243,1.632
tess/TESS Toronto emotional speech set data/OAF_happy/OAF_page_happy.wav,2.112394527729991,1.952
tess/TESS Toronto emotional speech set data/OAF_Sad/OAF_page_sad.wav,2.9170967477676744,2.592
tess/TESS Toronto emotional speech set data/OAF_angry/OAF_pain_angry.wav,1.5461620381748178,1.4501875
tess/TESS Toronto emotional speech set data/OAF_Fear/OAF_pain_fear.wav,1.7378143688047842,1.673875
tess/TESS Toronto emotional speech set data/OAF_happy/OAF_pain_happy.wav,2.0994920946997624,1.952
tess/TESS Toronto emotional speech set data/OAF_Pleasant_surprise/OAF_pain_ps.wav,2.032358482837716,1.968375
tess/TESS Toronto emotional speech set data/OAF_angry/OAF_pass_angry.wav,1.6294748914557222,1.5975
tess/TESS Toronto emotional speech set data/OAF_happy/OAF_pass_happy.wav,2.308388629474892,2.2764375
tess/TESS Toronto emotional speech set data/OAF_angry/OAF_pearl_angry.wav,1.4948799868927665,1.44
tess/TESS Toronto emotional speech set data/OAF_disgust/OAF_pearl_disgust.wav,2.4383140820840503,2.336
tess/TESS Toronto emotional speech set data/OAF_Fear/OAF_pearl_fear.wav,1.5483329237322847,1.516375
tess/TESS Toronto emotional speech set data/OAF_happy/OAF_pearl_happy.wav,2.03727369542066,1.92
tess/TESS Toronto emotional speech set data/OAF_Pleasant_surprise/OAF_pearl_ps.wav,2.1125993282542805,2.048
tess/TESS Toronto emotional speech set data/OAF_Sad/OAF_pearl_sad.wav,2.39719013680675,2.36525
tess/TESS Toronto emotional speech set data/OAF_angry/OAF_peg_angry.wav,1.57725075776194,1.376
tess/TESS Toronto emotional speech set data/OAF_disgust/OAF_peg_disgust.wav,2.275907266322602,2.208
tess/TESS Toronto emotional speech set data/OAF_Fear/OAF_peg_fear.wav,1.5119603506184975,1.472
tess/TESS Toronto emotional speech set data/OAF_happy/OAF_peg_happy.wav,2.1637584992217582,2.08
tess/TESS Toronto emotional speech set data/OAF_Pleasant_surprise/OAF_peg_ps.wav,2.0750798722044728,2.043125
tess/TESS Toronto emotional speech set data/OAF_Sad/OAF_peg_sad.wav,2.596952568198575,2.592
tess/TESS Toronto emotional speech set data/OAF_angry/OAF_perch_angry.wav,1.6798558204309002,1.44
tess/TESS Toronto emotional speech set data/OAF_disgust/OAF_perch_disgust.wav,2.570942901613828,2.496
tess/TESS Toronto emotional speech set data/OAF_Fear/OAF_perch_fear.wav,1.5814286884574424,1.5494375
tess/TESS Toronto emotional speech set data/OAF_happy/OAF_perch_happy.wav,1.9736626525763905,1.92
tess/TESS Toronto emotional speech set data/OAF_Pleasant_surprise/OAF_perch_ps.wav,2.370934709592857,2.272
tess/TESS Toronto emotional speech set data/OAF_Sad/OAF_perch_sad.wav,2.804538379618252,2.784
tess/TESS Toronto emotional speech set data/OAF_angry/OAF_phone_angry.wav,1.5764725157696404,1.4805
tess/TESS Toronto emotional speech set data/OAF_disgust/OAF_phone_disgust.wav,2.2985172442041453,2.1385625
tess/TESS Toronto emotional speech set data/OAF_Fear/OAF_phone_fear.wav,1.5583681494224626,1.462375
tess/TESS Toronto emotional speech set data/OAF_happy/OAF_phone_happy.wav,2.0571803063815843,2.0251875
tess/TESS Toronto emotional speech set data/OAF_neutral/OAF_phone_neutral.wav,2.149586302940936,2.053625
tess/TESS Toronto emotional speech set data/OAF_Pleasant_surprise/OAF_phone_ps.wav,1.9460555419021872,1.9140625
tess/TESS Toronto emotional speech set data/OAF_disgust/OAF_pick_disgust.wav,2.255918735151962,2.016
tess/TESS Toronto emotional speech set data/OAF_Fear/OAF_pick_fear.wav,1.5410420250675845,1.376
tess/TESS Toronto emotional speech set data/OAF_happy/OAF_pick_happy.wav,2.085934299991808,1.92
tess/TESS Toronto emotional speech set data/OAF_Pleasant_surprise/OAF_pick_ps.wav,1.8218645039731305,1.76
tess/TESS Toronto emotional speech set data/OAF_Sad/OAF_pick_sad.wav,2.439829605963791,2.407875
tess/TESS Toronto emotional speech set data/OAF_angry/OAF_pike_angry.wav,1.612476447939707,1.536
tess/TESS Toronto emotional speech set data/OAF_disgust/OAF_pike_disgust.wav,2.4217661997214712,2.3578125
tess/TESS Toronto emotional speech set data/OAF_Fear/OAF_pike_fear.wav,1.560702875399361,1.504
tess/TESS Toronto emotional speech set data/OAF_happy/OAF_pike_happy.wav,2.0525927746375032,2.020625
tess/TESS Toronto emotional speech set data/OAF_neutral/OAF_pike_neutral.wav,1.8891209961497504,1.824
tess/TESS Toronto emotional speech set data/OAF_Pleasant_surprise/OAF_pike_ps.wav,1.8316130089293028,1.664
tess/TESS Toronto emotional speech set data/OAF_angry/OAF_pole_angry.wav,1.577209797657082,1.54525
tess/TESS Toronto emotional speech set data/OAF_disgust/OAF_pole_disgust.wav,2.277791431146064,2.144
tess/TESS Toronto emotional speech set data/OAF_Fear/OAF_pole_fear.wav,1.9860326042434668,1.6
tess/TESS Toronto emotional speech set data/OAF_Pleasant_surprise/OAF_pole_ps.wav,1.9416318505775367,1.8456875
tess/TESS Toronto emotional speech set data/OAF_angry/OAF_pool_angry.wav,1.3765462439583844,1.3445625
tess/TESS Toronto emotional speech set data/OAF_happy/OAF_pool_happy.wav,1.996559351191939,1.9325625
tess/TESS Toronto emotional speech set data/OAF_Pleasant_surprise/OAF_pool_ps.wav,2.1020316212009504,2.0700625
tess/TESS Toronto emotional speech set data/OAF_Sad/OAF_pool_sad.wav,2.536823134267224,2.504875
tess/TESS Toronto emotional speech set data/OAF_angry/OAF_puff_angry.wav,1.4820594740722537,1.344
tess/TESS Toronto emotional speech set data/OAF_disgust/OAF_puff_disgust.wav,2.37683296469239,2.344875
tess/TESS Toronto emotional speech set data/OAF_Fear/OAF_puff_fear.wav,1.5811829278282952,1.504
tess/TESS Toronto emotional speech set data/OAF_neutral/OAF_puff_neutral.wav,2.0527566150569347,2.048
tess/TESS Toronto emotional speech set data/OAF_Sad/OAF_puff_sad.wav,2.347177848775293,2.2511875
tess/TESS Toronto emotional speech set data/OAF_angry/OAF_rag_angry.wav,1.6037929057098386,1.6
tess/TESS Toronto emotional speech set data/OAF_Fear/OAF_rag_fear.wav,1.5729089866470058,1.472
tess/TESS Toronto emotional speech set data/OAF_Sad/OAF_rag_sad.wav,2.853895305971984,2.816
tess/TESS Toronto emotional speech set data/OAF_angry/OAF_raid_angry.wav,1.5679937740640617,1.536
tess/TESS Toronto emotional speech set data/OAF_disgust/OAF_raid_disgust.wav,2.441754730892112,2.4098125
tess/TESS Toronto emotional speech set data/OAF_Fear/OAF_raid_fear.wav,1.559433112148767,1.5274375
tess/TESS Toronto emotional speech set data/OAF_Sad/OAF_raid_sad.wav,2.511182108626198,2.4791875
tess/TESS Toronto emotional speech set data/OAF_disgust/OAF_rain_disgust.wav,2.317563692963054,2.285625
tess/TESS Toronto emotional speech set data/OAF_Fear/OAF_rain_fear.wav,1.6148111739166051,1.5508125
tess/TESS Toronto emotional speech set data/OAF_happy/OAF_rain_happy.wav,2.097771770295732,2.0658125
tess/TESS Toronto emotional speech set data/OAF_Pleasant_surprise/OAF_rain_ps.wav,1.9168100270336688,1.8528125
tess/TESS Toronto emotional speech set data/OAF_angry/OAF_raise_angry.wav,1.6311952158597527,1.6
tess/TESS Toronto emotional speech set data/OAF_disgust/OAF_raise_disgust.wav,2.7108626198083066,2.646875
tess/TESS Toronto emotional speech set data/OAF_Fear/OAF_raise_fear.wav,1.5830670926517572,1.568
tess/TESS Toronto emotional speech set data/OAF_neutral/OAF_raise_neutral.wav,2.326902596870648,2.2949375
tess/TESS Toronto emotional speech set data/OAF_Pleasant_surprise/OAF_raise_ps.wav,2.102195461620382,2.048
tess/TESS Toronto emotional speech set data/OAF_angry/OAF_rat_angry.wav,1.5362496927992135,1.408
tess/TESS Toronto emotional speech set data/OAF_disgust/OAF_rat_disgust.wav,2.234250839682149,2.144
tess/TESS Toronto emotional speech set data/OAF_Fear/OAF_rat_fear.wav,1.6504874252478086,1.472
tess/TESS Toronto emotional speech set data/OAF_happy/OAF_rat_happy.wav,2.1632260178586056,2.13125
tess/TESS Toronto emotional speech set data/OAF_Pleasant_surprise/OAF_rat_ps.wav,1.840747112312608,1.792
tess/TESS Toronto emotional speech set data/OAF_angry/OAF_reach_angry.wav,1.608912918817072,1.5769375
tess/TESS Toronto emotional speech set data/OAF_disgust/OAF_reach_disgust.wav,2.67948717948718,2.6155
tess/TESS Toronto emotional speech set data/OAF_Fear/OAF_reach_fear.wav,1.706397968378799,1.664
tess/TESS Toronto emotional speech set data/OAF_happy/OAF_reach_happy.wav,2.020275251904645,1.984
tess/TESS Toronto emotional speech set data/OAF_Pleasant_surprise/OAF_reach_ps.wav,2.1835422298681086,2.176
tess/TESS Toronto emotional speech set data/OAF_disgust/OAF_read_disgust.wav,2.175145408372245,2.1431875
tess/TESS Toronto emotional speech set data/OAF_Fear/OAF_read_fear.wav,1.7286393053166216,1.632
tess/TESS Toronto emotional speech set data/OAF_happy/OAF_read_happy.wav,1.935364954534284,1.92
tess/TESS Toronto emotional speech set data/OAF_angry/OAF_red_angry.wav,1.6897272057016466,1.536
tess/TESS Toronto emotional speech set data/OAF_disgust/OAF_red_disgust.wav,2.2448595068403376,2.212875
tess/TESS Toronto emotional speech set data/OAF_Fear/OAF_red_fear.wav,1.4539608421397558,1.344
tess/TESS Toronto emotional speech set data/OAF_angry/OAF_ring_angry.wav,1.5287539936102237,1.4328125
tess/TESS Toronto emotional speech set data/OAF_disgust/OAF_ring_disgust.wav,2.299254526091586,2.2673125
tess/TESS Toronto emotional speech set data/OAF_Fear/OAF_ring_fear.wav,1.6241910379290572,1.56025
tess/TESS Toronto emotional speech set data/OAF_happy/OAF_ring_happy.wav,2.1185385434586714,2.08
tess/TESS Toronto emotional speech set data/OAF_angry/OAF_ripe_angry.wav,1.7383468501679364,1.504
tess/TESS Toronto emotional speech set data/OAF_Fear/OAF_ripe_fear.wav,1.5562382239698531,1.46025
tess/TESS Toronto emotional speech set data/OAF_happy/OAF_ripe_happy.wav,1.9690751208323087,1.856
tess/TESS Toronto emotional speech set data/OAF_angry/OAF_road_angry.wav,1.5683214549029243,1.504375
tess/TESS Toronto emotional speech set data/OAF_disgust/OAF_road_disgust.wav,2.173957565331367,2.142
tess/TESS Toronto emotional speech set data/OAF_Fear/OAF_road_fear.wav,1.671172278201032,1.632
tess/TESS Toronto emotional speech set data/OAF_happy/OAF_road_happy.wav,2.078643401327108,2.0466875
tess/TESS Toronto emotional speech set data/OAF_neutral/OAF_road_neutral.wav,2.0894978291144426,2.0575
tess/TESS Toronto emotional speech set data/OAF_Pleasant_surprise/OAF_road_ps.wav,1.917506348816253,1.8855625
tess/TESS Toronto emotional speech set data/OAF_disgust/OAF_room_disgust.wav,2.316539690341607,2.2525625
tess/TESS Toronto emotional speech set data/OAF_Fear/OAF_room_fear.wav,1.5856475792578029,1.5536875
tess/TESS Toronto emotional speech set data/OAF_happy/OAF_room_happy.wav,1.9722290489063647,1.94025
tess/TESS Toronto emotional speech set data/OAF_Pleasant_surprise/OAF_room_ps.wav,1.822683706070288,1.7906875
tess/TESS Toronto emotional speech set data/OAF_Sad/OAF_room_sad.wav,2.428115015974441,2.396125
tess/TESS Toronto emotional speech set data/OAF_angry/OAF_rose_angry.wav,1.8602850823298107,1.568
tess/TESS Toronto emotional speech set data/OAF_disgust/OAF_rose_disgust.wav,2.6661341853035143,2.56
tess/TESS Toronto emotional speech set data/OAF_Fear/OAF_rose_fear.wav,1.570983861718686,1.472
tess/TESS Toronto emotional speech set data/OAF_happy/OAF_rose_happy.wav,2.2068075694273777,2.1748125
tess/TESS Toronto emotional speech set data/OAF_Pleasant_surprise/OAF_rose_ps.wav,2.1773572540345705,2.08
tess/TESS Toronto emotional speech set data/OAF_angry/OAF_rot_angry.wav,1.371712951585156,1.33975
tess/TESS Toronto emotional speech set data/OAF_disgust/OAF_rot_disgust.wav,2.1298025722945853,2.0978125
tess/TESS Toronto emotional speech set data/OAF_Fear/OAF_rot_fear.wav,1.729786188252642,1.6
tess/TESS Toronto emotional speech set data/OAF_Pleasant_surprise/OAF_rot_ps.wav,1.8186696157942164,1.792
tess/TESS Toronto emotional speech set data/OAF_Sad/OAF_rot_sad.wav,2.30593102318342,2.2739375
tess/TESS Toronto emotional speech set data/OAF_angry/OAF_rough_angry.wav,1.7206520848693372,1.6
tess/TESS Toronto emotional speech set data/OAF_disgust/OAF_rough_disgust.wav,2.5607438355042187,2.52875
tess/TESS Toronto emotional speech set data/OAF_Fear/OAF_rough_fear.wav,1.6198492668141231,1.536
tess/TESS Toronto emotional speech set data/OAF_neutral/OAF_rough_neutral.wav,1.999549438846564,1.9675625
tess/TESS Toronto emotional speech set data/OAF_Pleasant_surprise/OAF_rough_ps.wav,2.22368313262882,2.176
tess/TESS Toronto emotional speech set data/OAF_angry/OAF_rush_angry.wav,1.6526173507004178,1.472
tess/TESS Toronto emotional speech set data/OAF_disgust/OAF_rush_disgust.wav,2.311051036290653,2.24
tess/TESS Toronto emotional speech set data/OAF_Fear/OAF_rush_fear.wav,1.633570901941509,1.568
tess/TESS Toronto emotional speech set data/OAF_happy/OAF_rush_happy.wav,2.08839190628328,2.0564375
tess/TESS Toronto emotional speech set data/OAF_Pleasant_surprise/OAF_rush_ps.wav,1.925002048005243,1.856
tess/TESS Toronto emotional speech set data/OAF_Sad/OAF_rush_sad.wav,2.440525927746375,2.4085625
tess/TESS Toronto emotional speech set data/OAF_Fear/OAF_said_fear.wav,1.587122143032686,1.555125
tess/TESS Toronto emotional speech set data/OAF_happy/OAF_said_happy.wav,1.9779225034816088,1.9459375
tess/TESS Toronto emotional speech set data/OAF_angry/OAF_sail_angry.wav,1.667772589497829,1.568
tess/TESS Toronto emotional speech set data/OAF_disgust/OAF_sail_disgust.wav,2.6094044400753664,2.496
tess/TESS Toronto emotional speech set data/OAF_Fear/OAF_sail_fear.wav,1.5565249447038585,1.4925625
tess/TESS Toronto emotional speech set data/OAF_Pleasant_surprise/OAF_sail_ps.wav,2.184893913328418,2.08
tess/TESS Toronto emotional speech set data/OAF_angry/OAF_search_angry.wav,1.696116982059474,1.568
tess/TESS Toronto emotional speech set data/OAF_disgust/OAF_search_disgust.wav,2.311665437863521,2.272
tess/TESS Toronto emotional speech set data/OAF_Fear/OAF_search_fear.wav,1.895387892193004,1.824
tess/TESS Toronto emotional speech set data/OAF_happy/OAF_search_happy.wav,2.068731055951503,2.03675
tess/TESS Toronto emotional speech set data/OAF_Pleasant_surprise/OAF_search_ps.wav,2.2931105103629066,2.261125
tess/TESS Toronto emotional speech set data/OAF_angry/OAF_seize_angry.wav,1.759072663226018,1.6
tess/TESS Toronto emotional speech set data/OAF_disgust/OAF_seize_disgust.wav,2.5242074219710005,2.46025
tess/TESS Toronto emotional speech set data/OAF_Fear/OAF_seize_fear.wav,1.7304415499303678,1.664
tess/TESS Toronto emotional speech set data/OAF_Pleasant_surprise/OAF_seize_ps.wav,2.0530023756860816,2.048
tess/TESS Toronto emotional speech set data/OAF_angry/OAF_sell_angry.wav,1.41468010158106,1.3826875
tess/TESS Toronto emotional speech set data/OAF_disgust/OAF_sell_disgust.wav,2.508028180552142,2.4760625
tess/TESS Toronto emotional speech set data/OAF_angry/OAF_shack_angry.wav,1.4904153354632588,1.408
tess/TESS Toronto emotional speech set data/OAF_disgust/OAF_shack_disgust.wav,2.387687392479725,2.304
tess/TESS Toronto emotional speech set data/OAF_Fear/OAF_shack_fear.wav,1.6601949700991234,1.6
tess/TESS Toronto emotional speech set data/OAF_happy/OAF_shack_happy.wav,1.982550995330548,1.92
tess/TESS Toronto emotional speech set data/OAF_Pleasant_surprise/OAF_shack_ps.wav,1.88969443761776,1.792
tess/TESS Toronto emotional speech set data/OAF_angry/OAF_shall_angry.wav,1.6786270172851645,1.568
tess/TESS Toronto emotional speech set data/OAF_disgust/OAF_shall_disgust.wav,2.305971983288277,2.274
tess/TESS Toronto emotional speech set data/OAF_Fear/OAF_shall_fear.wav,1.883017940525928,1.728
tess/TESS Toronto emotional speech set data/OAF_happy/OAF_shall_happy.wav,2.069140657000082,2.0371875
tess/TESS Toronto emotional speech set data/OAF_Pleasant_surprise/OAF_shall_ps.wav,2.1916113705251083,2.159625
tess/TESS Toronto emotional speech set data/OAF_disgust/OAF_shawl_disgust.wav,2.3968624559678875,2.332875
tess/TESS Toronto emotional speech set data/OAF_Fear/OAF_shawl_fear.wav,1.634185303514377,1.6021875
tess/TESS Toronto emotional speech set data/OAF_happy/OAF_shawl_happy.wav,1.973826492995822,1.941875
tess/TESS Toronto emotional speech set data/OAF_Pleasant_surprise/OAF_shawl_ps.wav,2.0185549275006145,1.984
tess/TESS Toronto emotional speech set data/OAF_Sad/OAF_shawl_sad.wav,2.6343081838289506,2.6023125
tess/TESS Toronto emotional speech set data/OAF_angry/OAF_sheep_angry.wav,1.6750634881625297,1.408
tess/TESS Toronto emotional speech set data/OAF_disgust/OAF_sheep_disgust.wav,2.2068075694273777,2.1748125
tess/TESS Toronto emotional speech set data/OAF_Fear/OAF_sheep_fear.wav,1.7700499713279263,1.7060625
tess/TESS Toronto emotional speech set data/OAF_happy/OAF_sheep_happy.wav,2.0250266240681576,1.9930625
tess/TESS Toronto emotional speech set data/OAF_Pleasant_surprise/OAF_sheep_ps.wav,2.1038338658146967,2.071875
tess/TESS Toronto emotional speech set data/OAF_Sad/OAF_sheep_sad.wav,2.703899401982469,2.6719375
tess/TESS Toronto emotional speech set data/OAF_angry/OAF_shirt_angry.wav,1.6577783239125092,1.504
tess/TESS Toronto emotional speech set data/OAF_disgust/OAF_shirt_disgust.wav,2.5191283689686244,2.4871875
tess/TESS Toronto emotional speech set data/OAF_Pleasant_surprise/OAF_shirt_ps.wav,1.940894568690096,1.92
tess/TESS Toronto emotional speech set data/OAF_angry/OAF_should_angry.wav,1.599614975014336,1.503625
tess/TESS Toronto emotional speech set data/OAF_Fear/OAF_should_fear.wav,1.4877529286474973,1.4238125
tess/TESS Toronto emotional speech set data/OAF_happy/OAF_should_happy.wav,2.0079872204472844,1.976
tess/TESS Toronto emotional speech set data/OAF_Pleasant_surprise/OAF_should_ps.wav,2.0505857294994674,1.952
tess/TESS Toronto emotional speech set data/OAF_angry/OAF_shout_angry.wav,1.3981322192184813,1.376
tess/TESS Toronto emotional speech set data/OAF_Fear/OAF_shout_fear.wav,1.6393053166216105,1.6
tess/TESS Toronto emotional speech set data/OAF_happy/OAF_shout_happy.wav,2.098754812812321,2.016
tess/TESS Toronto emotional speech set data/OAF_neutral/OAF_shout_neutral.wav,2.0705333005652493,2.0385625
tess/TESS Toronto emotional speech set data/OAF_Pleasant_surprise/OAF_shout_ps.wav,2.098058491029737,2.08
tess/TESS Toronto emotional speech set data/OAF_Sad/OAF_shout_sad.wav,2.686286556893586,2.6223125
tess/TESS Toronto emotional speech set data/OAF_angry/OAF_size_angry.wav,1.5860162202015238,1.536
tess/TESS Toronto emotional speech set data/OAF_disgust/OAF_size_disgust.wav,2.5048332923732284,2.464
tess/TESS Toronto emotional speech set data/OAF_happy/OAF_size_happy.wav,2.161259932825428,2.144
tess/TESS Toronto emotional speech set data/OAF_Pleasant_surprise/OAF_size_ps.wav,2.369951667076268,2.338
tess/TESS Toronto emotional speech set data/OAF_Sad/OAF_size_sad.wav,2.5758990743016303,2.432
tess/TESS Toronto emotional speech set data/OAF_angry/OAF_soap_angry.wav,1.6960350618497584,1.408
tess/TESS Toronto emotional speech set data/OAF_disgust/OAF_soap_disgust.wav,2.414393380847055,2.3824375
tess/TESS Toronto emotional speech set data/OAF_Fear/OAF_soap_fear.wav,1.71041205865487,1.568
tess/TESS Toronto emotional speech set data/OAF_Sad/OAF_soap_sad.wav,2.7514131236175965,2.7194375
tess/TESS Toronto emotional speech set data/OAF_angry/OAF_soup_angry.wav,1.5933071188662242,1.376
tess/TESS Toronto emotional speech set data/OAF_disgust/OAF_soup_disgust.wav,2.369951667076268,2.338
tess/TESS Toronto emotional speech set data/OAF_Fear/OAF_soup_fear.wav,1.7912263455394446,1.75925
tess/TESS Toronto emotional speech set data/OAF_happy/OAF_soup_happy.wav,2.1204227082821334,2.0884375
tess/TESS Toronto emotional speech set data/OAF_Pleasant_surprise/OAF_soup_ps.wav,2.2424428606537234,2.2105
tess/TESS Toronto emotional speech set data/OAF_angry/OAF_sour_angry.wav,1.7386335709019416,1.6
tess/TESS Toronto emotional speech set data/OAF_Fear/OAF_sour_fear.wav,1.5657409682968788,1.504
tess/TESS Toronto emotional speech set data/OAF_Pleasant_surprise/OAF_sour_ps.wav,2.1470877365446057,2.112
tess/TESS Toronto emotional speech set data/OAF_Sad/OAF_sour_sad.wav,2.737240927336774,2.70525
tess/TESS Toronto emotional speech set data/OAF_angry/OAF_south_angry.wav,1.5181453264520357,1.472
tess/TESS Toronto emotional speech set data/OAF_disgust/OAF_south_disgust.wav,2.75346112886049,2.6895
tess/TESS Toronto emotional speech set data/OAF_Fear/OAF_south_fear.wav,1.73846973048251,1.632
tess/TESS Toronto emotional speech set data/OAF_happy/OAF_south_happy.wav,2.056033423445564,2.016
tess/TESS Toronto emotional speech set data/OAF_neutral/OAF_south_neutral.wav,2.3109691160809374,2.279
tess/TESS Toronto emotional speech set data/OAF_angry/OAF_sub_angry.wav,1.3749078397640695,1.3429375
tess/TESS Toronto emotional speech set data/OAF_Fear/OAF_sub_fear.wav,1.6069058736790367,1.5749375
tess/TESS Toronto emotional speech set data/OAF_happy/OAF_sub_happy.wav,1.9370443188334563,1.9050625
tess/TESS Toronto emotional speech set data/OAF_neutral/OAF_sub_neutral.wav,2.0514458917014826,2.0195
tess/TESS Toronto emotional speech set data/OAF_Pleasant_surprise/OAF_sub_ps.wav,1.8597116408618009,1.82775
tess/TESS Toronto emotional speech set data/OAF_Sad/OAF_sub_sad.wav,2.541984107479315,2.51
tess/TESS Toronto emotional speech set data/OAF_angry/OAF_such_angry.wav,1.672483001556484,1.408
tess/TESS Toronto emotional speech set data/OAF_disgust/OAF_such_disgust.wav,2.436266076841157,2.3723125
tess/TESS Toronto emotional speech set data/OAF_Fear/OAF_such_fear.wav,1.4682149586302942,1.43625
tess/TESS Toronto emotional speech set data/OAF_neutral/OAF_such_neutral.wav,2.038748259195544,2.00675
tess/TESS Toronto emotional speech set data/OAF_angry/OAF_sure_angry.wav,1.427787335135578,1.3958125
tess/TESS Toronto emotional speech set data/OAF_Fear/OAF_sure_fear.wav,1.5403866633898582,1.5084375
tess/TESS Toronto emotional speech set data/OAF_happy/OAF_sure_happy.wav,1.939993446383223,1.876
tess/TESS Toronto emotional speech set data/OAF_Sad/OAF_sure_sad.wav,2.3405013516834603,2.3085625
tess/TESS Toronto emotional speech set data/OAF_angry/OAF_take_angry.wav,1.459777177029573,1.248
tess/TESS Toronto emotional speech set data/OAF_disgust/OAF_take_disgust.wav,2.35549275006144,2.304
tess/TESS Toronto emotional speech set data/OAF_Fear/OAF_take_fear.wav,1.6050217088555747,1.536
tess/TESS Toronto emotional speech set data/OAF_happy/OAF_take_happy.wav,2.013967395756533,1.982
tess/TESS Toronto emotional speech set data/OAF_neutral/OAF_take_neutral.wav,2.166871467190956,2.112
tess/TESS Toronto emotional speech set data/OAF_Pleasant_surprise/OAF_take_ps.wav,2.056320144179569,2.016
tess/TESS Toronto emotional speech set data/OAF_Sad/OAF_take_sad.wav,2.5266650282624723,2.464
tess/TESS Toronto emotional speech set data/OAF_angry/OAF_talk_angry.wav,1.52056197263865,1.408
tess/TESS Toronto emotional speech set data/OAF_disgust/OAF_talk_disgust.wav,2.189645285491931,2.1576875
tess/TESS Toronto emotional speech set data/OAF_Fear/OAF_talk_fear.wav,1.69484721880888,1.6
tess/TESS Toronto emotional speech set data/OAF_happy/OAF_talk_happy.wav,2.224911935774556,2.1929375
tess/TESS Toronto emotional speech set data/OAF_Pleasant_surprise/OAF_talk_ps.wav,2.1707217170475954,1.984
tess/TESS Toronto emotional speech set data/OAF_Sad/OAF_talk_sad.wav,2.6314409764889,2.592
tess/TESS Toronto emotional speech set data/OAF_angry/OAF_tape_angry.wav,1.6835831899729663,1.408
tess/TESS Toronto emotional speech set data/OAF_disgust/OAF_tape_disgust.wav,2.393626607684116,2.3296875
tess/TESS Toronto emotional speech set data/OAF_Fear/OAF_tape_fear.wav,1.5399361022364215,1.5079375
tess/TESS Toronto emotional speech set data/OAF_Pleasant_surprise/OAF_tape_ps.wav,2.1654378635209306,2.144
tess/TESS Toronto emotional speech set data/OAF_angry/OAF_team_angry.wav,1.6066191529450315,1.568
tess/TESS Toronto emotional speech set data/OAF_disgust/OAF_team_disgust.wav,2.45043827312198,2.4185
tess/TESS Toronto emotional speech set data/OAF_Pleasant_surprise/OAF_team_ps.wav,2.0702465798312444,2.03825
tess/TESS Toronto emotional speech set data/OAF_angry/OAF_tell_angry.wav,1.6309494552306054,1.504
tess/TESS Toronto emotional speech set data/OAF_disgust/OAF_tell_disgust.wav,2.16121897272057,2.08
tess/TESS Toronto emotional speech set data/OAF_Fear/OAF_tell_fear.wav,1.7084869337265502,1.696
tess/TESS Toronto emotional speech set data/OAF_Pleasant_surprise/OAF_tell_ps.wav,2.2190956008847382,2.187125
tess/TESS Toronto emotional speech set data/OAF_angry/OAF_thin_angry.wav,1.5652084869337266,1.472
tess/TESS Toronto emotional speech set data/OAF_disgust/OAF_thin_disgust.wav,2.209551896452855,2.1775625
tess/TESS Toronto emotional speech set data/OAF_happy/OAF_thin_happy.wav,2.1188252641926764,2.086875
tess/TESS Toronto emotional speech set data/OAF_Pleasant_surprise/OAF_thin_ps.wav,2.2043909232407635,2.1084375
tess/TESS Toronto emotional speech set data/OAF_disgust/OAF_third_disgust.wav,2.3055623822396987,2.2735625
tess/TESS Toronto emotional speech set data/OAF_happy/OAF_third_happy.wav,2.2045957237650526,2.048
tess/TESS Toronto emotional speech set data/OAF_Pleasant_surprise/OAF_third_ps.wav,1.9973375931842383,1.965375
tess/TESS Toronto emotional speech set data/OAF_Sad/OAF_third_sad.wav,2.524535102809863,2.4925625
tess/TESS Toronto emotional speech set data/OAF_angry/OAF_thought_angry.wav,1.506840337511264,1.408
tess/TESS Toronto emotional speech set data/OAF_disgust/OAF_thought_disgust.wav,2.230523470140084,2.1665625
tess/TESS Toronto emotional speech set data/OAF_Fear/OAF_thought_fear.wav,1.6508970262963871,1.5869375
tess/TESS Toronto emotional speech set data/OAF_happy/OAF_thought_happy.wav,1.9135741787498977,1.849625
tess/TESS Toronto emotional speech set data/OAF_Sad/OAF_thought_sad.wav,2.2744327025477187,2.2424375
tess/TESS Toronto emotional speech set data/OAF_angry/OAF_thumb_angry.wav,1.5925288768739247,1.472
tess/TESS Toronto emotional speech set data/OAF_disgust/OAF_thumb_disgust.wav,2.1861227164741543,2.154125
tess/TESS Toronto emotional speech set data/OAF_Fear/OAF_thumb_fear.wav,1.4617432620627508,1.39775
tess/TESS Toronto emotional speech set data/OAF_Pleasant_surprise/OAF_thumb_ps.wav,2.1559351191939053,2.1239375
tess/TESS Toronto emotional speech set data/OAF_angry/OAF_time_angry.wav,1.631359056279184,1.536
tess/TESS Toronto emotional speech set data/OAF_disgust/OAF_time_disgust.wav,2.2284345047923324,2.1964375
tess/TESS Toronto emotional speech set data/OAF_Fear/OAF_time_fear.wav,1.5138445154419595,1.481875
tess/TESS Toronto emotional speech set data/OAF_Pleasant_surprise/OAF_time_ps.wav,2.174162365855657,2.1421875
tess/TESS Toronto emotional speech set data/OAF_Sad/OAF_time_sad.wav,2.4835749979519948,2.451625
tess/TESS Toronto emotional speech set data/OAF_disgust/OAF_tip_disgust.wav,2.3255099533054806,2.2935625
tess/TESS Toronto emotional speech set data/OAF_Fear/OAF_tip_fear.wav,1.715777832391251,1.6518125
tess/TESS Toronto emotional speech set data/OAF_happy/OAF_tip_happy.wav,1.6922667322028344,1.6603125
tess/TESS Toronto emotional speech set data/OAF_neutral/OAF_tip_neutral.wav,1.9689112804128777,1.9369375
tess/TESS Toronto emotional speech set data/OAF_angry/OAF_tire_angry.wav,1.6540099942655853,1.6
tess/TESS Toronto emotional speech set data/OAF_disgust/OAF_tire_disgust.wav,2.5124928319816497,2.4485
tess/TESS Toronto emotional speech set data/OAF_Fear/OAF_tire_fear.wav,1.547964282788564,1.484
tess/TESS Toronto emotional speech set data/OAF_neutral/OAF_tire_neutral.wav,1.99385598427132,1.961875
tess/TESS Toronto emotional speech set data/OAF_Pleasant_surprise/OAF_tire_ps.wav,2.2745146227574344,2.24
tess/TESS Toronto emotional speech set data/OAF_angry/OAF_ton_angry.wav,1.4978700745473907,1.465875
tess/TESS Toronto emotional speech set data/OAF_disgust/OAF_ton_disgust.wav,2.267428524617023,2.2354375
tess/TESS Toronto emotional speech set data/OAF_Fear/OAF_ton_fear.wav,1.6673220283443926,1.603375
tess/TESS Toronto emotional speech set data/OAF_happy/OAF_ton_happy.wav,1.921684279511756,1.888
tess/TESS Toronto emotional speech set data/OAF_Pleasant_surprise/OAF_ton_ps.wav,2.047513721635128,1.8875625
tess/TESS Toronto emotional speech set data/OAF_angry/OAF_tool_angry.wav,1.5092160235930203,1.47725
tess/TESS Toronto emotional speech set data/OAF_Fear/OAF_tool_fear.wav,1.6935774555582863,1.632
tess/TESS Toronto emotional speech set data/OAF_happy/OAF_tool_happy.wav,1.825591873515196,1.793625
tess/TESS Toronto emotional speech set data/OAF_neutral/OAF_tool_neutral.wav,1.9216433194068976,1.8576875
tess/TESS Toronto emotional speech set data/OAF_Pleasant_surprise/OAF_tool_ps.wav,1.927664454821004,1.8956875
tess/TESS Toronto emotional speech set data/OAF_Sad/OAF_tool_sad.wav,2.555050380928975,2.5230625
tess/TESS Toronto emotional speech set data/OAF_angry/OAF_tough_angry.wav,1.4664536741214058,1.376
tess/TESS Toronto emotional speech set data/OAF_Fear/OAF_tough_fear.wav,1.664209060375195,1.6
tess/TESS Toronto emotional speech set data/OAF_happy/OAF_tough_happy.wav,1.964733349717376,1.93275
tess/TESS Toronto emotional speech set data/OAF_Sad/OAF_tough_sad.wav,2.3778160072089785,2.336
tess/TESS Toronto emotional speech set data/OAF_disgust/OAF_turn_disgust.wav,2.325673793724912,2.2936875
tess/TESS Toronto emotional speech set data/OAF_Fear/OAF_turn_fear.wav,1.771770295731957,1.7078125
tess/TESS Toronto emotional speech set data/OAF_happy/OAF_turn_happy.wav,2.009953305480462,1.978
tess/TESS Toronto emotional speech set data/OAF_happy/OAF_vine_happy.wav,1.8603260424346688,1.824
tess/TESS Toronto emotional speech set data/OAF_neutral/OAF_vine_neutral.wav,1.975751617924142,1.9118125
tess/TESS Toronto emotional speech set data/OAF_Sad/OAF_vine_sad.wav,2.5416154665355943,2.509625
tess/TESS Toronto emotional speech set data/OAF_angry/OAF_voice_angry.wav,1.5890882280658638,1.504
tess/TESS Toronto emotional speech set data/OAF_disgust/OAF_voice_disgust.wav,2.492545260915868,2.4605625
tess/TESS Toronto emotional speech set data/OAF_Fear/OAF_voice_fear.wav,1.8035143769968047,1.76
tess/TESS Toronto emotional speech set data/OAF_neutral/OAF_voice_neutral.wav,2.114565413287458,2.082625
tess/TESS Toronto emotional speech set data/OAF_Pleasant_surprise/OAF_voice_ps.wav,2.068853936266077,2.016
tess/TESS Toronto emotional speech set data/OAF_Sad/OAF_voice_sad.wav,2.621692471532727,2.55775
tess/TESS Toronto emotional speech set data/OAF_angry/OAF_void_angry.wav,1.54419595314164,1.472
tess/TESS Toronto emotional speech set data/OAF_disgust/OAF_void_disgust.wav,2.2358073236667484,2.2038125
tess/TESS Toronto emotional speech set data/OAF_Fear/OAF_void_fear.wav,1.7212664864422054,1.6893125
tess/TESS Toronto emotional speech set data/OAF_happy/OAF_void_happy.wav,2.128000327680839,2.0960625
tess/TESS Toronto emotional speech set data/OAF_Pleasant_surprise/OAF_void_ps.wav,2.4565413287458018,2.3925625
tess/TESS Toronto emotional speech set data/OAF_Sad/OAF_void_sad.wav,2.5723765052838536,2.5404375
tess/TESS Toronto emotional speech set data/OAF_angry/OAF_vote_angry.wav,1.547308921110838,1.408
tess/TESS Toronto emotional speech set data/OAF_disgust/OAF_vote_disgust.wav,2.4842713197345785,2.368
tess/TESS Toronto emotional speech set data/OAF_Fear/OAF_vote_fear.wav,1.5867125419841075,1.408
tess/TESS Toronto emotional speech set data/OAF_happy/OAF_vote_happy.wav,1.9826738756451217,1.856
tess/TESS Toronto emotional speech set data/OAF_Pleasant_surprise/OAF_vote_ps.wav,2.3426312771360696,2.2466875
tess/TESS Toronto emotional speech set data/OAF_angry/OAF_wag_angry.wav,1.576267715245351,1.5443125
tess/TESS Toronto emotional speech set data/OAF_disgust/OAF_wag_disgust.wav,2.351232899156222,2.272
tess/TESS Toronto emotional speech set data/OAF_Fear/OAF_wag_fear.wav,1.6717047595641843,1.63975
tess/TESS Toronto emotional speech set data/OAF_Pleasant_surprise/OAF_wag_ps.wav,1.927131973457852,1.856
tess/TESS Toronto emotional speech set data/OAF_angry/OAF_walk_angry.wav,1.585606619152945,1.376
tess/TESS Toronto emotional speech set data/OAF_disgust/OAF_walk_disgust.wav,2.387564512165151,2.176
tess/TESS Toronto emotional speech set data/OAF_Fear/OAF_walk_fear.wav,2.0179405259277465,1.6
tess/TESS Toronto emotional speech set data/OAF_happy/OAF_walk_happy.wav,2.0178176456131727,1.824
tess/TESS Toronto emotional speech set data/OAF_Pleasant_surprise/OAF_walk_ps.wav,2.285123289915622,2.144
tess/TESS Toronto emotional speech set data/OAF_Sad/OAF_walk_sad.wav,2.5732776275907265,2.368
tess/TESS Toronto emotional speech set data/OAF_angry/OAF_wash_angry.wav,1.8023674940607848,1.568
tess/TESS Toronto emotional speech set data/OAF_disgust/OAF_wash_disgust.wav,2.4151306627344966,2.368
tess/TESS Toronto emotional speech set data/OAF_Fear/OAF_wash_fear.wav,1.5405914639141476,1.504
tess/TESS Toronto emotional speech set data/OAF_happy/OAF_wash_happy.wav,2.1884984025559104,2.1565
tess/TESS Toronto emotional speech set data/OAF_Pleasant_surprise/OAF_wash_ps.wav,2.338453346440567,2.3065
tess/TESS Toronto emotional speech set data/OAF_angry/OAF_week_angry.wav,1.56033423445564,1.504
tess/TESS Toronto emotional speech set data/OAF_disgust/OAF_week_disgust.wav,2.4666175145408373,2.4
tess/TESS Toronto emotional speech set data/OAF_Fear/OAF_week_fear.wav,1.583722454329483,1.504
tess/TESS Toronto emotional speech set data/OAF_happy/OAF_week_happy.wav,1.987138527074629,1.952
tess/TESS Toronto emotional speech set data/OAF_neutral/OAF_week_neutral.wav,2.1812075038912098,2.176
tess/TESS Toronto emotional speech set data/OAF_Pleasant_surprise/OAF_week_ps.wav,1.8622102072581304,1.83025
tess/TESS Toronto emotional speech set data/OAF_Sad/OAF_week_sad.wav,2.6274678463176864,2.592
tess/TESS Toronto emotional speech set data/OAF_angry/OAF_wheat_angry.wav,1.5331367248300156,1.44
tess/TESS Toronto emotional speech set data/OAF_disgust/OAF_wheat_disgust.wav,2.017653805193741,1.888
tess/TESS Toronto emotional speech set data/OAF_Fear/OAF_wheat_fear.wav,1.3667158187924962,1.28
tess/TESS Toronto emotional speech set data/OAF_Pleasant_surprise/OAF_wheat_ps.wav,2.1262390431719504,1.952
tess/TESS Toronto emotional speech set data/OAF_angry/OAF_when_angry.wav,1.6378717129515852,1.504
tess/TESS Toronto emotional speech set data/OAF_disgust/OAF_when_disgust.wav,2.427295813877284,2.3633125
tess/TESS Toronto emotional speech set data/OAF_Pleasant_surprise/OAF_when_ps.wav,1.8316949291390183,1.79975
tess/TESS Toronto emotional speech set data/OAF_angry/OAF_which_angry.wav,1.4251658884246745,1.408
tess/TESS Toronto emotional speech set data/OAF_disgust/OAF_which_disgust.wav,2.439829605963791,2.304
tess/TESS Toronto emotional speech set data/OAF_Fear/OAF_which_fear.wav,1.7106987793888753,1.632
tess/TESS Toronto emotional speech set data/OAF_happy/OAF_which_happy.wav,2.1204227082821334,2.0564375
tess/TESS Toronto emotional speech set data/OAF_angry/OAF_whip_angry.wav,1.288031457360531,1.2560625
tess/TESS Toronto emotional speech set data/OAF_disgust/OAF_whip_disgust.wav,2.400016384041943,2.3680625
tess/TESS Toronto emotional speech set data/OAF_Fear/OAF_whip_fear.wav,1.5743016302121733,1.5423125
tess/TESS Toronto emotional speech set data/OAF_happy/OAF_whip_happy.wav,1.950192512492832,1.91825
tess/TESS Toronto emotional speech set data/OAF_angry/OAF_white_angry.wav,1.4768985008601625,1.376
tess/TESS Toronto emotional speech set data/OAF_disgust/OAF_white_disgust.wav,2.403866633898583,2.304
tess/TESS Toronto emotional speech set data/OAF_Fear/OAF_white_fear.wav,1.6019497009912345,1.504
tess/TESS Toronto emotional speech set data/OAF_happy/OAF_white_happy.wav,1.939583845334644,1.888
tess/TESS Toronto emotional speech set data/OAF_neutral/OAF_white_neutral.wav,2.017981486032604,1.954
tess/TESS Toronto emotional speech set data/OAF_Pleasant_surprise/OAF_white_ps.wav,1.96964856230032,1.888
tess/TESS Toronto emotional speech set data/OAF_Sad/OAF_white_sad.wav,2.3781027279429834,2.368
tess/TESS Toronto emotional speech set data/OAF_angry/OAF_wife_angry.wav,1.7041451626116162,1.408
tess/TESS Toronto emotional speech set data/OAF_disgust/OAF_wife_disgust.wav,2.483206357008274,2.45125
tess/TESS Toronto emotional speech set data/OAF_Fear/OAF_wife_fear.wav,1.5316212009502743,1.44
tess/TESS Toronto emotional speech set data/OAF_happy/OAF_wife_happy.wav,2.149422462521504,2.048
tess/TESS Toronto emotional speech set data/OAF_Pleasant_surprise/OAF_wife_ps.wav,2.2027934791513064,2.1708125
tess/TESS Toronto emotional speech set data/OAF_angry/OAF_wire_angry.wav,1.5955599246334071,1.536
tess/TESS Toronto emotional speech set data/OAF_disgust/OAF_wire_disgust.wav,2.2598509052183173,2.195875
tess/TESS Toronto emotional speech set data/OAF_Fear/OAF_wire_fear.wav,1.7034078807241746,1.6394375
tess/TESS Toronto emotional speech set data/OAF_Pleasant_surprise/OAF_wire_ps.wav,1.92852461702302,1.8965625
tess/TESS Toronto emotional speech set data/OAF_angry/OAF_witch_angry.wav,1.5129024330302283,1.472
tess/TESS Toronto emotional speech set data/OAF_disgust/OAF_witch_disgust.wav,2.449946751863685,2.29
tess/TESS Toronto emotional speech set data/OAF_Fear/OAF_witch_fear.wav,1.7816007208978455,1.749625
tess/TESS Toronto emotional speech set data/OAF_happy/OAF_witch_happy.wav,1.9798885885147863,1.9479375
tess/TESS Toronto emotional speech set data/OAF_neutral/OAF_witch_neutral.wav,1.936798558204309,1.9048125
tess/TESS Toronto emotional speech set data/OAF_Pleasant_surprise/OAF_witch_ps.wav,2.0683624150077824,2.004375
tess/TESS Toronto emotional speech set data/OAF_angry/OAF_yearn_angry.wav,1.627672646841976,1.5956875
tess/TESS Toronto emotional speech set data/OAF_disgust/OAF_yearn_disgust.wav,2.38854755468174,2.3245625
tess/TESS Toronto emotional speech set data/OAF_happy/OAF_yearn_happy.wav,2.1619972147128697,2.098
tess/TESS Toronto emotional speech set data/OAF_Pleasant_surprise/OAF_yearn_ps.wav,2.1178831817809454,2.112
tess/TESS Toronto emotional speech set data/OAF_Sad/OAF_yearn_sad.wav,2.5953551241091177,2.592
tess/TESS Toronto emotional speech set data/OAF_angry/OAF_yes_angry.wav,1.5469402801671173,1.536
tess/TESS Toronto emotional speech set data/OAF_disgust/OAF_yes_disgust.wav,2.5808142868845745,2.548875
tess/TESS Toronto emotional speech set data/OAF_Fear/OAF_yes_fear.wav,1.5885967068075697,1.556625
tess/TESS Toronto emotional speech set data/OAF_happy/OAF_yes_happy.wav,1.9777586630621773,1.9458125
tess/TESS Toronto emotional speech set data/OAF_neutral/OAF_yes_neutral.wav,2.123904317195052,2.112
tess/TESS Toronto emotional speech set data/OAF_Pleasant_surprise/OAF_yes_ps.wav,2.003686409437208,1.9716875
tess/TESS Toronto emotional speech set data/OAF_Sad/OAF_yes_sad.wav,2.5893749487998687,2.557375
tess/TESS Toronto emotional speech set data/OAF_angry/OAF_young_angry.wav,1.5371098550012288,1.408
tess/TESS Toronto emotional speech set data/OAF_disgust/OAF_young_disgust.wav,2.16314409764889,2.0991875
tess/TESS Toronto emotional speech set data/OAF_Fear/OAF_young_fear.wav,1.5571803063815843,1.5251875
tess/TESS Toronto emotional speech set data/OAF_happy/OAF_young_happy.wav,1.9768575407553044,1.912875
tess/TESS Toronto emotional speech set data/OAF_angry/OAF_youth_angry.wav,1.58282133202261,1.376
tess/TESS Toronto emotional speech set data/OAF_disgust/OAF_youth_disgust.wav,2.21176374211518,2.112
tess/TESS Toronto emotional speech set data/OAF_Fear/OAF_youth_fear.wav,1.7557548947325303,1.728
tess/TESS Toronto emotional speech set data/OAF_happy/OAF_youth_happy.wav,2.065044646514295,1.856
tess/TESS Toronto emotional speech set data/YAF_angry/YAF_back_angry.wav,2.0267059883673304,1.984
tess/TESS Toronto emotional speech set data/YAF_disgust/YAF_back_disgust.wav,2.361309084951257,2.112
tess/TESS Toronto emotional speech set data/YAF_fear/YAF_back_fear.wav,1.651306627344966,1.504
tess/TESS Toronto emotional speech set data/YAF_happy/YAF_back_happy.wav,1.906651921028918,1.472
tess/TESS Toronto emotional speech set data/YAF_neutral/YAF_back_neutral.wav,2.09781273040059,1.824
tess/TESS Toronto emotional speech set data/YAF_pleasant_surprised/YAF_back_ps.wav,1.8500860162202013,1.6
tess/TESS Toronto emotional speech set data/YAF_sad/YAF_back_sad.wav,2.144712050462849,1.984
tess/TESS Toronto emotional speech set data/YAF_angry/YAF_bar_angry.wav,2.111165724584255,2.0791875
tess/TESS Toronto emotional speech set data/YAF_disgust/YAF_bar_disgust.wav,2.70176947652986,2.464
tess/TESS Toronto emotional speech set data/YAF_fear/YAF_bar_fear.wav,1.6644138608994838,1.6
tess/TESS Toronto emotional speech set data/YAF_happy/YAF_bar_happy.wav,1.945154419595314,1.7531875
tess/TESS Toronto emotional speech set data/YAF_neutral/YAF_bar_neutral.wav,1.989473253051528,1.9575
tess/TESS Toronto emotional speech set data/YAF_sad/YAF_bar_sad.wav,2.190792168427951,2.08
tess/TESS Toronto emotional speech set data/YAF_angry/YAF_base_angry.wav,2.0648398459900057,1.984
tess/TESS Toronto emotional speech set data/YAF_disgust/YAF_base_disgust.wav,2.7146309494552305,2.624
tess/TESS Toronto emotional speech set data/YAF_fear/YAF_base_fear.wav,1.88240353895306,1.696
tess/TESS Toronto emotional speech set data/YAF_happy/YAF_base_happy.wav,1.882854100106496,1.472
tess/TESS Toronto emotional speech set data/YAF_neutral/YAF_base_neutral.wav,2.115794216433194,2.016
tess/TESS Toronto emotional speech set data/YAF_pleasant_surprised/YAF_base_ps.wav,1.988490210534939,1.888
tess/TESS Toronto emotional speech set data/YAF_sad/YAF_base_sad.wav,2.286106332432211,2.24
tess/TESS Toronto emotional speech set data/YAF_angry/YAF_bath_angry.wav,2.243589743589744,2.016
tess/TESS Toronto emotional speech set data/YAF_disgust/YAF_bath_disgust.wav,2.460514458917015,2.112
tess/TESS Toronto emotional speech set data/YAF_fear/YAF_bath_fear.wav,1.6716228393544688,1.568
tess/TESS Toronto emotional speech set data/YAF_happy/YAF_bath_happy.wav,1.8743753584009173,1.536
tess/TESS Toronto emotional speech set data/YAF_neutral/YAF_bath_neutral.wav,1.9854591627754568,1.856
tess/TESS Toronto emotional speech set data/YAF_pleasant_surprised/YAF_bath_ps.wav,1.976325059392152,1.696
tess/TESS Toronto emotional speech set data/YAF_sad/YAF_bath_sad.wav,2.2973703612681247,2.112
tess/TESS Toronto emotional speech set data/YAF_angry/YAF_bean_angry.wav,1.707954452363398,1.664
tess/TESS Toronto emotional speech set data/YAF_fear/YAF_bean_fear.wav,1.4877529286474973,1.376
tess/TESS Toronto emotional speech set data/YAF_happy/YAF_bean_happy.wav,1.8878102727942985,1.6958125
tess/TESS Toronto emotional speech set data/YAF_pleasant_surprised/YAF_bean_ps.wav,2.2567379372491194,1.856
tess/TESS Toronto emotional speech set data/YAF_angry/YAF_beg_angry.wav,2.131400016384042,2.048
tess/TESS Toronto emotional speech set data/YAF_disgust/YAF_beg_disgust.wav,2.5816744490865897,2.464
tess/TESS Toronto emotional speech set data/YAF_fear/YAF_beg_fear.wav,1.5969935283034324,1.536
tess/TESS Toronto emotional speech set data/YAF_happy/YAF_beg_happy.wav,1.8961251740804457,1.568
tess/TESS Toronto emotional speech set data/YAF_neutral/YAF_beg_neutral.wav,2.0540673384123864,1.990125
tess/TESS Toronto emotional speech set data/YAF_pleasant_surprised/YAF_beg_ps.wav,1.7847136888670434,1.696
tess/TESS Toronto emotional speech set data/YAF_sad/YAF_beg_sad.wav,2.14700581633489,1.984
tess/TESS Toronto emotional speech set data/YAF_angry/YAF_bite_angry.wav,1.977676742852461,1.952
tess/TESS Toronto emotional speech set data/YAF_disgust/YAF_bite_disgust.wav,2.3522569017776687,2.144
tess/TESS Toronto emotional speech set data/YAF_fear/YAF_bite_fear.wav,1.5183091668714672,1.44
tess/TESS Toronto emotional speech set data/YAF_happy/YAF_bite_happy.wav,1.898009338903908,1.696
tess/TESS Toronto emotional speech set data/YAF_neutral/YAF_bite_neutral.wav,2.040263783075285,1.984
tess/TESS Toronto emotional speech set data/YAF_sad/YAF_bite_sad.wav,2.042025067584173,1.92
tess/TESS Toronto emotional speech set data/YAF_angry/YAF_boat_angry.wav,1.6912017694765298,1.664
tess/TESS Toronto emotional speech set data/YAF_disgust/YAF_boat_disgust.wav,2.3183828950602114,2.208
tess/TESS Toronto emotional speech set data/YAF_fear/YAF_boat_fear.wav,1.3188744163185058,1.184
tess/TESS Toronto emotional speech set data/YAF_happy/YAF_boat_happy.wav,1.8728598345211764,1.568
tess/TESS Toronto emotional speech set data/YAF_pleasant_surprised/YAF_boat_ps.wav,2.179364299172606,1.952
tess/TESS Toronto emotional speech set data/YAF_angry/YAF_bone_angry.wav,2.161587613664291,2.048
tess/TESS Toronto emotional speech set data/YAF_disgust/YAF_bone_disgust.wav,2.535717211436061,2.496
tess/TESS Toronto emotional speech set data/YAF_fear/YAF_bone_fear.wav,1.7735725403457032,1.632
tess/TESS Toronto emotional speech set data/YAF_happy/YAF_bone_happy.wav,1.876013762595232,1.6840625
tess/TESS Toronto emotional speech set data/YAF_neutral/YAF_bone_neutral.wav,2.055787662816417,2.0238125
tess/TESS Toronto emotional speech set data/YAF_pleasant_surprised/YAF_bone_ps.wav,1.876423363643811,1.7804375
tess/TESS Toronto emotional speech set data/YAF_sad/YAF_bone_sad.wav,2.1940689768165806,2.098125
tess/TESS Toronto emotional speech set data/YAF_angry/YAF_book_angry.wav,2.018718767920046,1.984
tess/TESS Toronto emotional speech set data/YAF_disgust/YAF_book_disgust.wav,2.3090439911526173,1.888
tess/TESS Toronto emotional speech set data/YAF_fear/YAF_book_fear.wav,1.636683869910707,1.6
tess/TESS Toronto emotional speech set data/YAF_happy/YAF_book_happy.wav,2.00614401572868,1.472
tess/TESS Toronto emotional speech set data/YAF_neutral/YAF_book_neutral.wav,2.0275661505693456,1.92
tess/TESS Toronto emotional speech set data/YAF_pleasant_surprised/YAF_book_ps.wav,1.841197673466044,1.824
tess/TESS Toronto emotional speech set data/YAF_sad/YAF_book_sad.wav,2.054231178831818,2.016
tess/TESS Toronto emotional speech set data/YAF_angry/YAF_bought_angry.wav,2.026869828786761,2.016
tess/TESS Toronto emotional speech set data/YAF_disgust/YAF_bought_disgust.wav,2.3525436225116736,2.24
tess/TESS Toronto emotional speech set data/YAF_fear/YAF_bought_fear.wav,1.7159007127058246,1.536
tess/TESS Toronto emotional speech set data/YAF_happy/YAF_bought_happy.wav,1.9695256819857456,1.696
tess/TESS Toronto emotional speech set data/YAF_neutral/YAF_bought_neutral.wav,2.0540673384123864,2.016
tess/TESS Toronto emotional speech set data/YAF_pleasant_surprised/YAF_bought_ps.wav,1.9424100925698369,1.9104375
tess/TESS Toronto emotional speech set data/YAF_angry/YAF_burn_angry.wav,1.634062423199803,1.632
tess/TESS Toronto emotional speech set data/YAF_disgust/YAF_burn_disgust.wav,2.241910379290571,2.208
tess/TESS Toronto emotional speech set data/YAF_fear/YAF_burn_fear.wav,1.6377488326370115,1.504
tess/TESS Toronto emotional speech set data/YAF_happy/YAF_burn_happy.wav,1.7868845744245103,1.5949375
tess/TESS Toronto emotional speech set data/YAF_pleasant_surprised/YAF_burn_ps.wav,2.209142295404276,2.08
tess/TESS Toronto emotional speech set data/YAF_sad/YAF_burn_sad.wav,2.19177521094454,2.1598125
tess/TESS Toronto emotional speech set data/YAF_angry/YAF_cab_angry.wav,2.164331940689768,2.048
tess/TESS Toronto emotional speech set data/YAF_disgust/YAF_cab_disgust.wav,2.582534611288605,2.496
tess/TESS Toronto emotional speech set data/YAF_fear/YAF_cab_fear.wav,1.897313017121324,1.856
tess/TESS Toronto emotional speech set data/YAF_happy/YAF_cab_happy.wav,1.880068812976161,1.720125
tess/TESS Toronto emotional speech set data/YAF_neutral/YAF_cab_neutral.wav,2.1169410993692144,2.085
tess/TESS Toronto emotional speech set data/YAF_pleasant_surprised/YAF_cab_ps.wav,1.802285573851069,1.728
tess/TESS Toronto emotional speech set data/YAF_sad/YAF_cab_sad.wav,2.4022691898091257,2.4
tess/TESS Toronto emotional speech set data/YAF_angry/YAF_calm_angry.wav,2.104571147702138,2.040625
tess/TESS Toronto emotional speech set data/YAF_disgust/YAF_calm_disgust.wav,2.3093716719914803,2.213375
tess/TESS Toronto emotional speech set data/YAF_fear/YAF_calm_fear.wav,1.7075858114196771,1.6
tess/TESS Toronto emotional speech set data/YAF_happy/YAF_calm_happy.wav,1.9821823543868275,1.7261875
tess/TESS Toronto emotional speech set data/YAF_neutral/YAF_calm_neutral.wav,2.056320144179569,2.024375
tess/TESS Toronto emotional speech set data/YAF_angry/YAF_came_angry.wav,2.215532071762104,2.176
tess/TESS Toronto emotional speech set data/YAF_fear/YAF_came_fear.wav,2.033177684934873,1.984
tess/TESS Toronto emotional speech set data/YAF_happy/YAF_came_happy.wav,2.217825837634144,2.08
tess/TESS Toronto emotional speech set data/YAF_pleasant_surprised/YAF_came_ps.wav,2.1875563201441794,2.112
tess/TESS Toronto emotional speech set data/YAF_sad/YAF_came_sad.wav,2.4804210698779388,2.464
tess/TESS Toronto emotional speech set data/YAF_angry/YAF_cause_angry.wav,2.3734332759891865,2.144
tess/TESS Toronto emotional speech set data/YAF_disgust/YAF_cause_disgust.wav,2.731096911608094,2.4
tess/TESS Toronto emotional speech set data/YAF_fear/YAF_cause_fear.wav,1.80822478905546,1.6
tess/TESS Toronto emotional speech set data/YAF_happy/YAF_cause_happy.wav,2.0067174571966904,1.664
tess/TESS Toronto emotional speech set data/YAF_neutral/YAF_cause_neutral.wav,2.2903661833374294,2.208
tess/TESS Toronto emotional speech set data/YAF_pleasant_surprised/YAF_cause_ps.wav,1.93966576554436,1.76
tess/TESS Toronto emotional speech set data/YAF_sad/YAF_cause_sad.wav,2.5203162120095026,2.304
tess/TESS Toronto emotional speech set data/YAF_disgust/YAF_chain_disgust.wav,2.763578274760383,2.656
tess/TESS Toronto emotional speech set data/YAF_fear/YAF_chain_fear.wav,1.838699107069714,1.728
tess/TESS Toronto emotional speech set data/YAF_happy/YAF_chain_happy.wav,1.9207421971000245,1.76
tess/TESS Toronto emotional speech set data/YAF_neutral/YAF_chain_neutral.wav,2.1764151716228395,2.1124375
tess/TESS Toronto emotional speech set data/YAF_pleasant_surprised/YAF_chain_ps.wav,1.8869091504874247,1.8549375
tess/TESS Toronto emotional speech set data/YAF_sad/YAF_chain_sad.wav,2.206438928483657,2.1745
tess/TESS Toronto emotional speech set data/YAF_disgust/YAF_chair_disgust.wav,2.4730072908986647,2.336
tess/TESS Toronto emotional speech set data/YAF_fear/YAF_chair_fear.wav,1.7657491603178503,1.728
tess/TESS Toronto emotional speech set data/YAF_angry/YAF_chalk_angry.wav,1.8327598918653232,1.504
tess/TESS Toronto emotional speech set data/YAF_disgust/YAF_chalk_disgust.wav,2.558122388793316,2.24
tess/TESS Toronto emotional speech set data/YAF_fear/YAF_chalk_fear.wav,1.3337019742770542,1.184
tess/TESS Toronto emotional speech set data/YAF_happy/YAF_chalk_happy.wav,1.941795690996969,1.568
tess/TESS Toronto emotional speech set data/YAF_neutral/YAF_chalk_neutral.wav,2.0353895305971985,2.016
tess/TESS Toronto emotional speech set data/YAF_pleasant_surprised/YAF_chalk_ps.wav,2.290530023756861,2.048
tess/TESS Toronto emotional speech set data/YAF_sad/YAF_chalk_sad.wav,2.1878840009830425,2.112
tess/TESS Toronto emotional speech set data/YAF_angry/YAF_chat_angry.wav,2.3722044728434506,2.368
tess/TESS Toronto emotional speech set data/YAF_disgust/YAF_chat_disgust.wav,2.6549930367821744,2.56
tess/TESS Toronto emotional speech set data/YAF_fear/YAF_chat_fear.wav,1.7480953551241092,1.632
tess/TESS Toronto emotional speech set data/YAF_happy/YAF_chat_happy.wav,1.9344228721225527,1.504
tess/TESS Toronto emotional speech set data/YAF_neutral/YAF_chat_neutral.wav,2.2002129925452607,2.13625
tess/TESS Toronto emotional speech set data/YAF_sad/YAF_chat_sad.wav,2.286024412222495,2.208
tess/TESS Toronto emotional speech set data/YAF_angry/YAF_check_angry.wav,2.250471041205865,2.176
tess/TESS Toronto emotional speech set data/YAF_disgust/YAF_check_disgust.wav,2.7022200376832965,2.304
tess/TESS Toronto emotional speech set data/YAF_fear/YAF_check_fear.wav,1.9173834685016795,1.696
tess/TESS Toronto emotional speech set data/YAF_happy/YAF_check_happy.wav,1.99885311706398,1.536
tess/TESS Toronto emotional speech set data/YAF_neutral/YAF_check_neutral.wav,2.254362251167363,2.048
tess/TESS Toronto emotional speech set data/YAF_pleasant_surprised/YAF_check_ps.wav,1.948717948717949,1.728
tess/TESS Toronto emotional speech set data/YAF_sad/YAF_check_sad.wav,2.3482428115015974,2.048
tess/TESS Toronto emotional speech set data/YAF_angry/YAF_cheek_angry.wav,2.2183173588924388,2.176
tess/TESS Toronto emotional speech set data/YAF_disgust/YAF_cheek_disgust.wav,2.5804866060457115,2.144
tess/TESS Toronto emotional speech set data/YAF_fear/YAF_cheek_fear.wav,1.773613500450561,1.728
tess/TESS Toronto emotional speech set data/YAF_happy/YAF_cheek_happy.wav,1.9770623412795936,1.6
tess/TESS Toronto emotional speech set data/YAF_neutral/YAF_cheek_neutral.wav,2.269353649545343,2.176
tess/TESS Toronto emotional speech set data/YAF_pleasant_surprised/YAF_cheek_ps.wav,1.8362824608831,1.6
tess/TESS Toronto emotional speech set data/YAF_sad/YAF_cheek_sad.wav,2.4301630212173344,2.144
tess/TESS Toronto emotional speech set data/YAF_angry/YAF_chief_angry.wav,2.2564512165151145,1.92
tess/TESS Toronto emotional speech set data/YAF_disgust/YAF_chief_disgust.wav,2.526624068157614,2.176
tess/TESS Toronto emotional speech set data/YAF_fear/YAF_chief_fear.wav,1.7350290816744491,1.6
tess/TESS Toronto emotional speech set data/YAF_happy/YAF_chief_happy.wav,1.792045547636602,1.44
tess/TESS Toronto emotional speech set data/YAF_neutral/YAF_chief_neutral.wav,2.075980994511346,1.888
tess/TESS Toronto emotional speech set data/YAF_pleasant_surprised/YAF_chief_ps.wav,1.92545260915868,1.696
tess/TESS Toronto emotional speech set data/YAF_sad/YAF_chief_sad.wav,2.11010076185795,2.08
tess/TESS Toronto emotional speech set data/YAF_angry/YAF_choice_angry.wav,1.8671254198410747,1.664
tess/TESS Toronto emotional speech set data/YAF_disgust/YAF_choice_disgust.wav,2.530392397804538,2.24
tess/TESS Toronto emotional speech set data/YAF_fear/YAF_choice_fear.wav,1.254075530433358,1.056
tess/TESS Toronto emotional speech set data/YAF_happy/YAF_choice_happy.wav,1.8928074055869584,1.44
tess/TESS Toronto emotional speech set data/YAF_neutral/YAF_choice_neutral.wav,1.975710657819284,1.92
tess/TESS Toronto emotional speech set data/YAF_pleasant_surprised/YAF_choice_ps.wav,2.4191037929057098,2.144
tess/TESS Toronto emotional speech set data/YAF_sad/YAF_choice_sad.wav,2.395346932088146,2.304
tess/TESS Toronto emotional speech set data/YAF_angry/YAF_cool_angry.wav,2.092365036454493,2.048
tess/TESS Toronto emotional speech set data/YAF_disgust/YAF_cool_disgust.wav,2.502703366920619,2.47075
tess/TESS Toronto emotional speech set data/YAF_fear/YAF_cool_fear.wav,1.8796592119275823,1.792
tess/TESS Toronto emotional speech set data/YAF_neutral/YAF_cool_neutral.wav,2.139469157041042,2.1075
tess/TESS Toronto emotional speech set data/YAF_pleasant_surprised/YAF_cool_ps.wav,1.8721635127385927,1.856
tess/TESS Toronto emotional speech set data/YAF_sad/YAF_cool_sad.wav,2.333701974277054,2.24
tess/TESS Toronto emotional speech set data/YAF_angry/YAF_dab_angry.wav,2.221798967805358,1.856
tess/TESS Toronto emotional speech set data/YAF_disgust/YAF_dab_disgust.wav,2.4487998689276647,2.336
tess/TESS Toronto emotional speech set data/YAF_fear/YAF_dab_fear.wav,1.5326042434668632,1.500625
tess/TESS Toronto emotional speech set data/YAF_happy/YAF_dab_happy.wav,1.818300974850496,1.5623125
tess/TESS Toronto emotional speech set data/YAF_neutral/YAF_dab_neutral.wav,2.0673793724911937,2.0354375
tess/TESS Toronto emotional speech set data/YAF_pleasant_surprised/YAF_dab_ps.wav,1.82378962890145,1.792
tess/TESS Toronto emotional speech set data/YAF_sad/YAF_dab_sad.wav,2.212050462849185,2.112
tess/TESS Toronto emotional speech set data/YAF_angry/YAF_date_angry.wav,2.2016056361104286,2.176
tess/TESS Toronto emotional speech set data/YAF_disgust/YAF_date_disgust.wav,2.380765134758745,2.272
tess/TESS Toronto emotional speech set data/YAF_fear/YAF_date_fear.wav,1.90718440239207,1.76
tess/TESS Toronto emotional speech set data/YAF_happy/YAF_date_happy.wav,1.8230113869091504,1.6
tess/TESS Toronto emotional speech set data/YAF_neutral/YAF_date_neutral.wav,2.0941672810682395,2.0621875
tess/TESS Toronto emotional speech set data/YAF_pleasant_surprised/YAF_date_ps.wav,1.8501679364299173,1.7861875
tess/TESS Toronto emotional speech set data/YAF_sad/YAF_date_sad.wav,2.3837552224133693,2.176
tess/TESS Toronto emotional speech set data/YAF_disgust/YAF_dead_disgust.wav,2.4279921356598675,2.304
tess/TESS Toronto emotional speech set data/YAF_fear/YAF_dead_fear.wav,1.6502007045138036,1.61825
tess/TESS Toronto emotional speech set data/YAF_happy/YAF_dead_happy.wav,1.8416072745146228,1.568
tess/TESS Toronto emotional speech set data/YAF_neutral/YAF_dead_neutral.wav,1.9427377734087,1.91075
tess/TESS Toronto emotional speech set data/YAF_sad/YAF_dead_sad.wav,2.324076349635455,2.048
tess/TESS Toronto emotional speech set data/YAF_angry/YAF_death_angry.wav,1.894773490620136,1.568
tess/TESS Toronto emotional speech set data/YAF_disgust/YAF_death_disgust.wav,2.683337429343819,2.336
tess/TESS Toronto emotional speech set data/YAF_fear/YAF_death_fear.wav,1.311911198492668,1.184
tess/TESS Toronto emotional speech set data/YAF_happy/YAF_death_happy.wav,1.808183828950602,1.408
tess/TESS Toronto emotional speech set data/YAF_neutral/YAF_death_neutral.wav,1.949537150815106,1.792
tess/TESS Toronto emotional speech set data/YAF_pleasant_surprised/YAF_death_ps.wav,2.394241009256984,2.13825
tess/TESS Toronto emotional speech set data/YAF_sad/YAF_death_sad.wav,2.296100598017531,2.176
tess/TESS Toronto emotional speech set data/YAF_disgust/YAF_deep_disgust.wav,2.4490456295568115,2.4170625
tess/TESS Toronto emotional speech set data/YAF_fear/YAF_deep_fear.wav,1.770541492586221,1.728
tess/TESS Toronto emotional speech set data/YAF_happy/YAF_deep_happy.wav,1.86356189071844,1.792
tess/TESS Toronto emotional speech set data/YAF_pleasant_surprised/YAF_deep_ps.wav,1.9275415745064308,1.728
tess/TESS Toronto emotional speech set data/YAF_sad/YAF_deep_sad.wav,2.1828868681903826,2.176
tess/TESS Toronto emotional speech set data/YAF_disgust/YAF_dime_disgust.wav,2.581633488981732,2.464
tess/TESS Toronto emotional speech set data/YAF_fear/YAF_dime_fear.wav,1.3124027197509625,1.248
tess/TESS Toronto emotional speech set data/YAF_happy/YAF_dime_happy.wav,1.8379618251822725,1.664
tess/TESS Toronto emotional speech set data/YAF_neutral/YAF_dime_neutral.wav,1.979560907675924,1.9475625
tess/TESS Toronto emotional speech set data/YAF_pleasant_surprised/YAF_dime_ps.wav,2.333906774801344,2.048
tess/TESS Toronto emotional speech set data/YAF_sad/YAF_dime_sad.wav,2.12066846891128,2.0886875
tess/TESS Toronto emotional speech set data/YAF_disgust/YAF_dip_disgust.wav,2.6278364872614075,2.464
tess/TESS Toronto emotional speech set data/YAF_happy/YAF_dip_happy.wav,1.8237077086917344,1.44
tess/TESS Toronto emotional speech set data/YAF_neutral/YAF_dip_neutral.wav,2.098918653231752,2.0349375
tess/TESS Toronto emotional speech set data/YAF_pleasant_surprised/YAF_dip_ps.wav,1.9603915786024413,1.9284375
tess/TESS Toronto emotional speech set data/YAF_disgust/YAF_ditch_disgust.wav,2.542434668632752,2.496
tess/TESS Toronto emotional speech set data/YAF_fear/YAF_ditch_fear.wav,1.85127385926108,1.792
tess/TESS Toronto emotional speech set data/YAF_happy/YAF_ditch_happy.wav,1.9021463094945523,1.696
tess/TESS Toronto emotional speech set data/YAF_pleasant_surprised/YAF_ditch_ps.wav,1.9543704431883344,1.952
tess/TESS Toronto emotional speech set data/YAF_sad/YAF_ditch_sad.wav,2.543991152617351,2.304
tess/TESS Toronto emotional speech set data/YAF_angry/YAF_dodge_angry.wav,2.381010895387892,2.336
tess/TESS Toronto emotional speech set data/YAF_disgust/YAF_dodge_disgust.wav,2.6125993282542805,2.304
tess/TESS Toronto emotional speech set data/YAF_fear/YAF_dodge_fear.wav,1.843163758499221,1.568
tess/TESS Toronto emotional speech set data/YAF_happy/YAF_dodge_happy.wav,1.9836159580568529,1.76
tess/TESS Toronto emotional speech set data/YAF_neutral/YAF_dodge_neutral.wav,2.176579012042271,2.112
tess/TESS Toronto emotional speech set data/YAF_sad/YAF_dodge_sad.wav,2.4257802899975425,2.336
tess/TESS Toronto emotional speech set data/YAF_angry/YAF_dog_angry.wav,2.1733431637584992,2.048
tess/TESS Toronto emotional speech set data/YAF_disgust/YAF_dog_disgust.wav,2.601540099942656,2.496
tess/TESS Toronto emotional speech set data/YAF_fear/YAF_dog_fear.wav,1.7287212255263371,1.568
tess/TESS Toronto emotional speech set data/YAF_happy/YAF_dog_happy.wav,1.9593266158761369,1.728
tess/TESS Toronto emotional speech set data/YAF_neutral/YAF_dog_neutral.wav,2.203080199885312,2.139125
tess/TESS Toronto emotional speech set data/YAF_pleasant_surprised/YAF_dog_ps.wav,1.8332514131236173,1.8013125
tess/TESS Toronto emotional speech set data/YAF_sad/YAF_dog_sad.wav,2.3482428115015974,2.144
tess/TESS Toronto emotional speech set data/YAF_disgust/YAF_doll_disgust.wav,2.7106578192840174,2.656
tess/TESS Toronto emotional speech set data/YAF_fear/YAF_doll_fear.wav,1.845293683951831,1.8133125
tess/TESS Toronto emotional speech set data/YAF_happy/YAF_doll_happy.wav,2.056934545752437,1.7689375
tess/TESS Toronto emotional speech set data/YAF_neutral/YAF_doll_neutral.wav,1.9867289260260503,1.89075
tess/TESS Toronto emotional speech set data/YAF_pleasant_surprised/YAF_doll_ps.wav,1.8364053411976733,1.7724375
tess/TESS Toronto emotional speech set data/YAF_sad/YAF_doll_sad.wav,2.223560252314246,2.1915625
tess/TESS Toronto emotional speech set data/YAF_disgust/YAF_door_disgust.wav,2.4487589088228066,2.304
tess/TESS Toronto emotional speech set data/YAF_fear/YAF_door_fear.wav,1.432784467928238,1.376
tess/TESS Toronto emotional speech set data/YAF_happy/YAF_door_happy.wav,1.8133448021626928,1.589375
tess/TESS Toronto emotional speech set data/YAF_pleasant_surprised/YAF_door_ps.wav,2.454575243712624,2.336
tess/TESS Toronto emotional speech set data/YAF_sad/YAF_door_sad.wav,2.2476857540755306,2.24
tess/TESS Toronto emotional speech set data/YAF_angry/YAF_fail_angry.wav,1.8734332759891863,1.8414375
tess/TESS Toronto emotional speech set data/YAF_disgust/YAF_fail_disgust.wav,2.2987630048332925,2.2668125
tess/TESS Toronto emotional speech set data/YAF_fear/YAF_fail_fear.wav,1.7026296387318751,1.696
tess/TESS Toronto emotional speech set data/YAF_happy/YAF_fail_happy.wav,1.874825919554354,1.682875
tess/TESS Toronto emotional speech set data/YAF_neutral/YAF_fail_neutral.wav,2.091832555091341,2.059875
tess/TESS Toronto emotional speech set data/YAF_sad/YAF_fail_sad.wav,2.269353649545343,2.237375
tess/TESS Toronto emotional speech set data/YAF_angry/YAF_fall_angry.wav,1.7796755959695256,1.7476875
tess/TESS Toronto emotional speech set data/YAF_disgust/YAF_fall_disgust.wav,2.4767346604407305,2.368
tess/TESS Toronto emotional speech set data/YAF_fear/YAF_fall_fear.wav,1.3597116408618006,1.216
tess/TESS Toronto emotional speech set data/YAF_happy/YAF_fall_happy.wav,1.7932333906774802,1.632
tess/TESS Toronto emotional speech set data/YAF_pleasant_surprised/YAF_fall_ps.wav,2.309453592201196,1.92
tess/TESS Toronto emotional speech set data/YAF_angry/YAF_far_angry.wav,2.1418448431227985,1.952
tess/TESS Toronto emotional speech set data/YAF_disgust/YAF_far_disgust.wav,2.486606045711477,2.368
tess/TESS Toronto emotional speech set data/YAF_fear/YAF_far_fear.wav,1.6655607438355042,1.472
tess/TESS Toronto emotional speech set data/YAF_happy/YAF_far_happy.wav,1.9381502416646184,1.7141875
tess/TESS Toronto emotional speech set data/YAF_neutral/YAF_far_neutral.wav,2.1567952813959206,2.1248125
tess/TESS Toronto emotional speech set data/YAF_sad/YAF_far_sad.wav,2.365855656590481,2.333875
tess/TESS Toronto emotional speech set data/YAF_angry/YAF_fat_angry.wav,1.8416072745146228,1.809625
tess/TESS Toronto emotional speech set data/YAF_disgust/YAF_fat_disgust.wav,2.338371426230851,2.208
tess/TESS Toronto emotional speech set data/YAF_fear/YAF_fat_fear.wav,1.4771033013844517,1.408
tess/TESS Toronto emotional speech set data/YAF_happy/YAF_fat_happy.wav,1.964815269927091,1.664
tess/TESS Toronto emotional speech set data/YAF_neutral/YAF_fat_neutral.wav,2.1592528876873924,2.08
tess/TESS Toronto emotional speech set data/YAF_pleasant_surprised/YAF_fat_ps.wav,2.353977226181699,2.048
tess/TESS Toronto emotional speech set data/YAF_sad/YAF_fat_sad.wav,2.026501187843041,2.016
tess/TESS Toronto emotional speech set data/YAF_angry/YAF_fit_angry.wav,2.1477021381174737,2.144
tess/TESS Toronto emotional speech set data/YAF_disgust/YAF_fit_disgust.wav,2.540673384123864,2.4
tess/TESS Toronto emotional speech set data/YAF_fear/YAF_fit_fear.wav,1.8071188662242976,1.696
tess/TESS Toronto emotional speech set data/YAF_happy/YAF_fit_happy.wav,2.134267223724093,1.792
tess/TESS Toronto emotional speech set data/YAF_neutral/YAF_fit_neutral.wav,1.9696076021954616,1.905625
tess/TESS Toronto emotional speech set data/YAF_pleasant_surprised/YAF_fit_ps.wav,1.9264356516752683,1.888
tess/TESS Toronto emotional speech set data/YAF_sad/YAF_fit_sad.wav,2.421315638568035,2.304
tess/TESS Toronto emotional speech set data/YAF_angry/YAF_five_angry.wav,2.503399688703204,2.208
tess/TESS Toronto emotional speech set data/YAF_disgust/YAF_five_disgust.wav,2.542598509052183,2.272
tess/TESS Toronto emotional speech set data/YAF_happy/YAF_five_happy.wav,1.9394200049152128,1.664
tess/TESS Toronto emotional speech set data/YAF_neutral/YAF_five_neutral.wav,2.2019742770541493,2.112
tess/TESS Toronto emotional speech set data/YAF_pleasant_surprised/YAF_five_ps.wav,1.9145981813713444,1.824
tess/TESS Toronto emotional speech set data/YAF_sad/YAF_five_sad.wav,2.4260260506266897,2.208
tess/TESS Toronto emotional speech set data/YAF_angry/YAF_food_angry.wav,2.133325141312362,2.016
tess/TESS Toronto emotional speech set data/YAF_disgust/YAF_food_disgust.wav,2.492258540181863,2.368
tess/TESS Toronto emotional speech set data/YAF_fear/YAF_food_fear.wav,1.7591545834357336,1.696
tess/TESS Toronto emotional speech set data/YAF_happy/YAF_food_happy.wav,1.9477758663062177,1.7878125
tess/TESS Toronto emotional speech set data/YAF_neutral/YAF_food_neutral.wav,1.9835749979519948,1.887625
tess/TESS Toronto emotional speech set data/YAF_pleasant_surprised/YAF_food_ps.wav,1.8295650036864093,1.637625
tess/TESS Toronto emotional speech set data/YAF_sad/YAF_food_sad.wav,2.314245924469567,2.304
tess/TESS Toronto emotional speech set data/YAF_angry/YAF_gap_angry.wav,1.9062013598754808,1.824
tess/TESS Toronto emotional speech set data/YAF_disgust/YAF_gap_disgust.wav,2.270295731957074,2.2063125
tess/TESS Toronto emotional speech set data/YAF_fear/YAF_gap_fear.wav,1.486687965921193,1.408
tess/TESS Toronto emotional speech set data/YAF_happy/YAF_gap_happy.wav,1.755017612845089,1.44
tess/TESS Toronto emotional speech set data/YAF_pleasant_surprised/YAF_gap_ps.wav,2.342672237240927,1.856
tess/TESS Toronto emotional speech set data/YAF_sad/YAF_gap_sad.wav,2.233390677480134,2.112
tess/TESS Toronto emotional speech set data/YAF_disgust/YAF_gas_disgust.wav,2.7318341934955352,2.528
tess/TESS Toronto emotional speech set data/YAF_fear/YAF_gas_fear.wav,1.6979601867780785,1.632
tess/TESS Toronto emotional speech set data/YAF_happy/YAF_gas_happy.wav,2.150815106086672,1.568
tess/TESS Toronto emotional speech set data/YAF_neutral/YAF_gas_neutral.wav,2.2482591955435405,2.176
tess/TESS Toronto emotional speech set data/YAF_pleasant_surprised/YAF_gas_ps.wav,2.065495207667732,1.92
tess/TESS Toronto emotional speech set data/YAF_sad/YAF_gas_sad.wav,2.3893257966740395,2.304
tess/TESS Toronto emotional speech set data/YAF_angry/YAF_gaze_angry.wav,2.3170312115999017,2.24
tess/TESS Toronto emotional speech set data/YAF_disgust/YAF_gaze_disgust.wav,2.509625624641599,2.432
tess/TESS Toronto emotional speech set data/YAF_fear/YAF_gaze_fear.wav,2.046489719013681,1.792
tess/TESS Toronto emotional speech set data/YAF_happy/YAF_gaze_happy.wav,2.2046366838699107,1.92
tess/TESS Toronto emotional speech set data/YAF_neutral/YAF_gaze_neutral.wav,2.2738592610797084,2.272
tess/TESS Toronto emotional speech set data/YAF_pleasant_surprised/YAF_gaze_ps.wav,2.0223232571475385,1.952
tess/TESS Toronto emotional speech set data/YAF_sad/YAF_gaze_sad.wav,2.53690505447694,2.5049375
tess/TESS Toronto emotional speech set data/YAF_angry/YAF_germ_angry.wav,2.2055787662816417,2.176
tess/TESS Toronto emotional speech set data/YAF_disgust/YAF_germ_disgust.wav,2.6238633570901944,2.528
tess/TESS Toronto emotional speech set data/YAF_happy/YAF_germ_happy.wav,1.925370688948964,1.728
tess/TESS Toronto emotional speech set data/YAF_neutral/YAF_germ_neutral.wav,2.175104448267388,2.143125
tess/TESS Toronto emotional speech set data/YAF_sad/YAF_germ_sad.wav,2.2818874416318504,2.2499375
tess/TESS Toronto emotional speech set data/YAF_angry/YAF_get_angry.wav,2.333906774801344,2.272
tess/TESS Toronto emotional speech set data/YAF_disgust/YAF_get_disgust.wav,2.687392479724748,2.528
tess/TESS Toronto emotional speech set data/YAF_fear/YAF_get_fear.wav,1.6785860571803064,1.632
tess/TESS Toronto emotional speech set data/YAF_happy/YAF_get_happy.wav,1.9721471286966488,1.728
tess/TESS Toronto emotional speech set data/YAF_neutral/YAF_get_neutral.wav,1.8893257966740395,1.825375
tess/TESS Toronto emotional speech set data/YAF_sad/YAF_get_sad.wav,2.3140001638404195,2.176
tess/TESS Toronto emotional speech set data/YAF_disgust/YAF_gin_disgust.wav,2.43737199967232,2.368
tess/TESS Toronto emotional speech set data/YAF_fear/YAF_gin_fear.wav,1.702670598836733,1.632
tess/TESS Toronto emotional speech set data/YAF_happy/YAF_gin_happy.wav,1.919963955107725,1.696
tess/TESS Toronto emotional speech set data/YAF_sad/YAF_gin_sad.wav,2.140411239452773,2.1084375
tess/TESS Toronto emotional speech set data/YAF_angry/YAF_goal_angry.wav,2.027361350045056,1.984
tess/TESS Toronto emotional speech set data/YAF_disgust/YAF_goal_disgust.wav,2.372040632424019,2.3400625
tess/TESS Toronto emotional speech set data/YAF_happy/YAF_goal_happy.wav,1.840747112312608,1.64875
tess/TESS Toronto emotional speech set data/YAF_neutral/YAF_goal_neutral.wav,2.216187433439829,2.1841875
tess/TESS Toronto emotional speech set data/YAF_sad/YAF_goal_sad.wav,2.2632915540263783,2.208
tess/TESS Toronto emotional speech set data/YAF_angry/YAF_good_angry.wav,2.119234865241255,2.016
tess/TESS Toronto emotional speech set data/YAF_disgust/YAF_good_disgust.wav,2.454902924551487,2.368
tess/TESS Toronto emotional speech set data/YAF_neutral/YAF_good_neutral.wav,2.062300319488818,2.0303125
tess/TESS Toronto emotional speech set data/YAF_pleasant_surprised/YAF_good_ps.wav,1.8665110182682068,1.8025625
tess/TESS Toronto emotional speech set data/YAF_sad/YAF_good_sad.wav,2.253502088965348,2.176
tess/TESS Toronto emotional speech set data/YAF_angry/YAF_goose_angry.wav,1.9902105349389687,1.824
tess/TESS Toronto emotional speech set data/YAF_disgust/YAF_goose_disgust.wav,2.590071270582453,2.432
tess/TESS Toronto emotional speech set data/YAF_fear/YAF_goose_fear.wav,1.479765708200213,1.408
tess/TESS Toronto emotional speech set data/YAF_happy/YAF_goose_happy.wav,1.9628491848939127,1.44
tess/TESS Toronto emotional speech set data/YAF_pleasant_surprised/YAF_goose_ps.wav,2.2821332022609977,1.952
tess/TESS Toronto emotional speech set data/YAF_sad/YAF_goose_sad.wav,2.384492504300811,2.336
tess/TESS Toronto emotional speech set data/YAF_disgust/YAF_gun_disgust.wav,2.3731875153600392,2.368
tess/TESS Toronto emotional speech set data/YAF_fear/YAF_gun_fear.wav,1.7000081920209715,1.6
tess/TESS Toronto emotional speech set data/YAF_happy/YAF_gun_happy.wav,1.8520111411485207,1.6600625
tess/TESS Toronto emotional speech set data/YAF_neutral/YAF_gun_neutral.wav,2.08839190628328,2.0564375
tess/TESS Toronto emotional speech set data/YAF_sad/YAF_gun_sad.wav,2.288973539772262,2.24
tess/TESS Toronto emotional speech set data/YAF_angry/YAF_half_angry.wav,2.2221266486442204,1.984
tess/TESS Toronto emotional speech set data/YAF_disgust/YAF_half_disgust.wav,2.4406488080609487,2.144
tess/TESS Toronto emotional speech set data/YAF_fear/YAF_half_fear.wav,1.659048087163103,1.472
tess/TESS Toronto emotional speech set data/YAF_happy/YAF_half_happy.wav,1.7610797083640537,1.472
tess/TESS Toronto emotional speech set data/YAF_neutral/YAF_half_neutral.wav,2.1997214712869666,1.984
tess/TESS Toronto emotional speech set data/YAF_pleasant_surprised/YAF_half_ps.wav,1.91218153518473,1.728
tess/TESS Toronto emotional speech set data/YAF_sad/YAF_half_sad.wav,2.3952650118784304,2.144
tess/TESS Toronto emotional speech set data/YAF_angry/YAF_hall_angry.wav,2.101744900466945,2.08
tess/TESS Toronto emotional speech set data/YAF_disgust/YAF_hall_disgust.wav,2.4855410829851725,2.4215625
tess/TESS Toronto emotional speech set data/YAF_fear/YAF_hall_fear.wav,1.6731793233390675,1.568
tess/TESS Toronto emotional speech set data/YAF_happy/YAF_hall_happy.wav,1.925903170312116,1.7019375
tess/TESS Toronto emotional speech set data/YAF_neutral/YAF_hall_neutral.wav,1.9780863439010403,1.946125
tess/TESS Toronto emotional speech set data/YAF_angry/YAF_hash_angry.wav,2.053780617678381,2.048
tess/TESS Toronto emotional speech set data/YAF_fear/YAF_hash_fear.wav,1.5822888506594577,1.536
tess/TESS Toronto emotional speech set data/YAF_happy/YAF_hash_happy.wav,1.9775129024330305,1.76
tess/TESS Toronto emotional speech set data/YAF_neutral/YAF_hash_neutral.wav,2.020070451380356,1.988125
tess/TESS Toronto emotional speech set data/YAF_pleasant_surprised/YAF_hash_ps.wav,2.3734332759891865,2.08
tess/TESS Toronto emotional speech set data/YAF_sad/YAF_hash_sad.wav,2.1948062587040225,2.112
tess/TESS Toronto emotional speech set data/YAF_disgust/YAF_hate_disgust.wav,2.4161137052510853,2.352125
tess/TESS Toronto emotional speech set data/YAF_fear/YAF_hate_fear.wav,1.8417711149340543,1.696
tess/TESS Toronto emotional speech set data/YAF_happy/YAF_hate_happy.wav,1.922298681084624,1.76
tess/TESS Toronto emotional speech set data/YAF_neutral/YAF_hate_neutral.wav,2.1701482755795856,2.1381875
tess/TESS Toronto emotional speech set data/YAF_sad/YAF_hate_sad.wav,2.076595396084214,2.016
tess/TESS Toronto emotional speech set data/YAF_angry/YAF_have_angry.wav,2.445523060539035,2.176
tess/TESS Toronto emotional speech set data/YAF_disgust/YAF_have_disgust.wav,2.615835176538052,2.496
tess/TESS Toronto emotional speech set data/YAF_happy/YAF_have_happy.wav,2.0115507495699188,1.696
tess/TESS Toronto emotional speech set data/YAF_neutral/YAF_have_neutral.wav,2.108011796510199,2.016
tess/TESS Toronto emotional speech set data/YAF_pleasant_surprised/YAF_have_ps.wav,1.822192184811993,1.76
tess/TESS Toronto emotional speech set data/YAF_sad/YAF_have_sad.wav,2.200172032440403,2.08
tess/TESS Toronto emotional speech set data/YAF_disgust/YAF_haze_disgust.wav,2.472556729745228,2.24
tess/TESS Toronto emotional speech set data/YAF_fear/YAF_haze_fear.wav,2.061440157286803,1.888
tess/TESS Toronto emotional speech set data/YAF_happy/YAF_haze_happy.wav,2.111534365527976,1.76
tess/TESS Toronto emotional speech set data/YAF_neutral/YAF_haze_neutral.wav,2.294666994347505,2.272
tess/TESS Toronto emotional speech set data/YAF_pleasant_surprised/YAF_haze_ps.wav,1.918776112066847,1.8868125
tess/TESS Toronto emotional speech set data/YAF_sad/YAF_haze_sad.wav,2.293274350782338,2.24
tess/TESS Toronto emotional speech set data/YAF_disgust/YAF_hire_disgust.wav,2.3484885721307447,2.304
tess/TESS Toronto emotional speech set data/YAF_fear/YAF_hire_fear.wav,1.6773572540345705,1.6
tess/TESS Toronto emotional speech set data/YAF_happy/YAF_hire_happy.wav,1.844392561644958,1.6204375
tess/TESS Toronto emotional speech set data/YAF_neutral/YAF_hire_neutral.wav,2.04534283607766,1.981375
tess/TESS Toronto emotional speech set data/YAF_sad/YAF_hire_sad.wav,2.244081264848038,2.176
tess/TESS Toronto emotional speech set data/YAF_angry/YAF_hit_angry.wav,2.1169410993692144,2.08
tess/TESS Toronto emotional speech set data/YAF_disgust/YAF_hit_disgust.wav,2.454902924551487,2.432
tess/TESS Toronto emotional speech set data/YAF_fear/YAF_hit_fear.wav,1.5782747603833869,1.568
tess/TESS Toronto emotional speech set data/YAF_happy/YAF_hit_happy.wav,1.8452527238469727,1.6
tess/TESS Toronto emotional speech set data/YAF_neutral/YAF_hit_neutral.wav,2.0851150978946507,2.048
tess/TESS Toronto emotional speech set data/YAF_sad/YAF_hit_sad.wav,2.382116818219054,2.176
tess/TESS Toronto emotional speech set data/YAF_angry/YAF_hole_angry.wav,2.0004505611534364,1.984
tess/TESS Toronto emotional speech set data/YAF_fear/YAF_hole_fear.wav,1.8467272876218563,1.76
tess/TESS Toronto emotional speech set data/YAF_happy/YAF_hole_happy.wav,1.8370607028754,1.6770625
tess/TESS Toronto emotional speech set data/YAF_neutral/YAF_hole_neutral.wav,2.104775948226428,2.0728125
tess/TESS Toronto emotional speech set data/YAF_sad/YAF_hole_sad.wav,2.264520357172114,2.2325625
tess/TESS Toronto emotional speech set data/YAF_disgust/YAF_home_disgust.wav,2.282624723519292,2.250625
tess/TESS Toronto emotional speech set data/YAF_happy/YAF_home_happy.wav,1.769394609650201,1.568
tess/TESS Toronto emotional speech set data/YAF_pleasant_surprised/YAF_home_ps.wav,2.13529122634554,2.0713125
tess/TESS Toronto emotional speech set data/YAF_sad/YAF_home_sad.wav,2.102359302039813,2.070375
tess/TESS Toronto emotional speech set data/YAF_disgust/YAF_hurl_disgust.wav,2.273490620135988,2.272
tess/TESS Toronto emotional speech set data/YAF_fear/YAF_hurl_fear.wav,1.3824854591627755,1.344
tess/TESS Toronto emotional speech set data/YAF_happy/YAF_hurl_happy.wav,1.8294830834766933,1.632
tess/TESS Toronto emotional speech set data/YAF_pleasant_surprised/YAF_hurl_ps.wav,2.1626935364954534,1.90675
tess/TESS Toronto emotional speech set data/YAF_disgust/YAF_hush_disgust.wav,2.387277791431146,2.3233125
tess/TESS Toronto emotional speech set data/YAF_happy/YAF_hush_happy.wav,1.9717375276480709,1.728
tess/TESS Toronto emotional speech set data/YAF_neutral/YAF_hush_neutral.wav,2.249406078479561,2.208
tess/TESS Toronto emotional speech set data/YAF_pleasant_surprised/YAF_hush_ps.wav,1.8094126320963384,1.7774375
tess/TESS Toronto emotional speech set data/YAF_disgust/YAF_jail_disgust.wav,2.363275169984435,2.2033125
tess/TESS Toronto emotional speech set data/YAF_happy/YAF_jail_happy.wav,1.8582780371917755,1.6663125
tess/TESS Toronto emotional speech set data/YAF_neutral/YAF_jail_neutral.wav,2.1244777586630623,2.0925
tess/TESS Toronto emotional speech set data/YAF_pleasant_surprised/YAF_jail_ps.wav,2.3861718685999835,2.3541875
tess/TESS Toronto emotional speech set data/YAF_sad/YAF_jail_sad.wav,2.252805767182764,2.2208125
tess/TESS Toronto emotional speech set data/YAF_angry/YAF_jar_angry.wav,2.006594576882117,1.952
tess/TESS Toronto emotional speech set data/YAF_disgust/YAF_jar_disgust.wav,2.514090276071107,2.464
tess/TESS Toronto emotional speech set data/YAF_fear/YAF_jar_fear.wav,1.516834603096584,1.344
tess/TESS Toronto emotional speech set data/YAF_happy/YAF_jar_happy.wav,1.8385352666502823,1.6465625
tess/TESS Toronto emotional speech set data/YAF_pleasant_surprised/YAF_jar_ps.wav,2.281600720897845,2.025625
tess/TESS Toronto emotional speech set data/YAF_sad/YAF_jar_sad.wav,2.050135168346031,2.016
tess/TESS Toronto emotional speech set data/YAF_angry/YAF_join_angry.wav,2.145121651511428,2.08
tess/TESS Toronto emotional speech set data/YAF_disgust/YAF_join_disgust.wav,2.8441058409109528,2.784
tess/TESS Toronto emotional speech set data/YAF_fear/YAF_join_fear.wav,1.9256983697878267,1.792
tess/TESS Toronto emotional speech set data/YAF_neutral/YAF_join_neutral.wav,2.1095273203899403,2.0775625
tess/TESS Toronto emotional speech set data/YAF_pleasant_surprised/YAF_join_ps.wav,1.8896534775129024,1.8256875
tess/TESS Toronto emotional speech set data/YAF_angry/YAF_judge_angry.wav,2.343737199967232,2.336
tess/TESS Toronto emotional speech set data/YAF_disgust/YAF_judge_disgust.wav,2.6893585647579257,2.624
tess/TESS Toronto emotional speech set data/YAF_fear/YAF_judge_fear.wav,2.0396903416072747,1.888
tess/TESS Toronto emotional speech set data/YAF_happy/YAF_judge_happy.wav,2.157327762759073,1.888
tess/TESS Toronto emotional speech set data/YAF_neutral/YAF_judge_neutral.wav,2.089661669533874,2.016
tess/TESS Toronto emotional speech set data/YAF_pleasant_surprised/YAF_judge_ps.wav,2.0511591709674777,2.016
tess/TESS Toronto emotional speech set data/YAF_sad/YAF_judge_sad.wav,2.3735151961989023,2.336
tess/TESS Toronto emotional speech set data/YAF_angry/YAF_jug_angry.wav,2.078684361431965,1.984
tess/TESS Toronto emotional speech set data/YAF_disgust/YAF_jug_disgust.wav,2.587941345129844,2.464
tess/TESS Toronto emotional speech set data/YAF_fear/YAF_jug_fear.wav,1.6655607438355042,1.664
tess/TESS Toronto emotional speech set data/YAF_happy/YAF_jug_happy.wav,1.8127304005898253,1.536
tess/TESS Toronto emotional speech set data/YAF_neutral/YAF_jug_neutral.wav,2.000245760629148,1.96825
tess/TESS Toronto emotional speech set data/YAF_pleasant_surprised/YAF_jug_ps.wav,1.8981322192184813,1.76
tess/TESS Toronto emotional speech set data/YAF_sad/YAF_jug_sad.wav,2.4311051036290654,2.144
tess/TESS Toronto emotional speech set data/YAF_angry/YAF_juice_angry.wav,2.2075038912099614,2.016
tess/TESS Toronto emotional speech set data/YAF_disgust/YAF_juice_disgust.wav,2.6909150487425246,2.592
tess/TESS Toronto emotional speech set data/YAF_fear/YAF_juice_fear.wav,1.816621610551323,1.664
tess/TESS Toronto emotional speech set data/YAF_happy/YAF_juice_happy.wav,1.9618251822724664,1.504
tess/TESS Toronto emotional speech set data/YAF_neutral/YAF_juice_neutral.wav,2.2969607602195463,2.265
tess/TESS Toronto emotional speech set data/YAF_pleasant_surprised/YAF_juice_ps.wav,2.029900876546244,1.952
tess/TESS Toronto emotional speech set data/YAF_sad/YAF_juice_sad.wav,2.3808880150733187,2.304
tess/TESS Toronto emotional speech set data/YAF_disgust/YAF_keen_disgust.wav,2.4805439501925126,2.432
tess/TESS Toronto emotional speech set data/YAF_fear/YAF_keen_fear.wav,1.5375194560498076,1.536
tess/TESS Toronto emotional speech set data/YAF_happy/YAF_keen_happy.wav,1.825755713934628,1.7938125
tess/TESS Toronto emotional speech set data/YAF_neutral/YAF_keen_neutral.wav,2.0029900876546245,1.939
tess/TESS Toronto emotional speech set data/YAF_pleasant_surprised/YAF_keen_ps.wav,2.3227656262800034,2.24
tess/TESS Toronto emotional speech set data/YAF_angry/YAF_keep_angry.wav,2.2215122470713524,2.1895625
tess/TESS Toronto emotional speech set data/YAF_disgust/YAF_keep_disgust.wav,2.548578684361432,2.484625
tess/TESS Toronto emotional speech set data/YAF_happy/YAF_keep_happy.wav,1.9680511182108624,1.568
tess/TESS Toronto emotional speech set data/YAF_sad/YAF_keep_sad.wav,2.690218726959941,2.24
tess/TESS Toronto emotional speech set data/YAF_angry/YAF_keg_angry.wav,2.25845826165315,2.24
tess/TESS Toronto emotional speech set data/YAF_disgust/YAF_keg_disgust.wav,2.6446710903579915,2.464
tess/TESS Toronto emotional speech set data/YAF_fear/YAF_keg_fear.wav,1.8513557794707955,1.76
tess/TESS Toronto emotional speech set data/YAF_happy/YAF_keg_happy.wav,1.874211517981486,1.536
tess/TESS Toronto emotional speech set data/YAF_pleasant_surprised/YAF_keg_ps.wav,1.7809453592201197,1.664
tess/TESS Toronto emotional speech set data/YAF_sad/YAF_keg_sad.wav,2.20369460145818,2.048
tess/TESS Toronto emotional speech set data/YAF_angry/YAF_kick_angry.wav,2.119030064716965,2.08
tess/TESS Toronto emotional speech set data/YAF_disgust/YAF_kick_disgust.wav,2.7507987220447285,2.432
tess/TESS Toronto emotional speech set data/YAF_fear/YAF_kick_fear.wav,1.9269271729335624,1.728
tess/TESS Toronto emotional speech set data/YAF_happy/YAF_kick_happy.wav,1.9096829687884,1.472
tess/TESS Toronto emotional speech set data/YAF_neutral/YAF_kick_neutral.wav,2.0322356025231425,1.952
tess/TESS Toronto emotional speech set data/YAF_pleasant_surprised/YAF_kick_ps.wav,1.972106168591792,1.952
tess/TESS Toronto emotional speech set data/YAF_sad/YAF_kick_sad.wav,2.4169738674531005,2.144
tess/TESS Toronto emotional speech set data/YAF_disgust/YAF_kill_disgust.wav,2.5210534938969444,2.4890625
tess/TESS Toronto emotional speech set data/YAF_fear/YAF_kill_fear.wav,1.734127959367576,1.632
tess/TESS Toronto emotional speech set data/YAF_happy/YAF_kill_happy.wav,1.9924633407061525,1.8005
tess/TESS Toronto emotional speech set data/YAF_neutral/YAF_kill_neutral.wav,2.000942082411731,1.969
tess/TESS Toronto emotional speech set data/YAF_sad/YAF_kill_sad.wav,2.165110182682068,2.112
tess/TESS Toronto emotional speech set data/YAF_disgust/YAF_king_disgust.wav,2.4997542393708527,2.464
tess/TESS Toronto emotional speech set data/YAF_fear/YAF_king_fear.wav,1.4915622183992792,1.472
tess/TESS Toronto emotional speech set data/YAF_happy/YAF_king_happy.wav,1.826984517080364,1.795
tess/TESS Toronto emotional speech set data/YAF_neutral/YAF_king_neutral.wav,2.1560579995084788,2.1240625
tess/TESS Toronto emotional speech set data/YAF_pleasant_surprised/YAF_king_ps.wav,2.3217006635536985,2.176
tess/TESS Toronto emotional speech set data/YAF_angry/YAF_kite_angry.wav,1.9968051118210863,1.984
tess/TESS Toronto emotional speech set data/YAF_disgust/YAF_kite_disgust.wav,2.540591463914148,2.496
tess/TESS Toronto emotional speech set data/YAF_fear/YAF_kite_fear.wav,1.7060293274350782,1.568
tess/TESS Toronto emotional speech set data/YAF_happy/YAF_kite_happy.wav,1.7749651839108709,1.568
tess/TESS Toronto emotional speech set data/YAF_neutral/YAF_kite_neutral.wav,2.0292045547636604,2.016
tess/TESS Toronto emotional speech set data/YAF_pleasant_surprised/YAF_kite_ps.wav,2.277832391250921,2.016
tess/TESS Toronto emotional speech set data/YAF_sad/YAF_kite_sad.wav,2.269107888916196,2.08
tess/TESS Toronto emotional speech set data/YAF_angry/YAF_knock_angry.wav,2.0079462603424263,1.952
tess/TESS Toronto emotional speech set data/YAF_disgust/YAF_knock_disgust.wav,2.3709756696977142,2.048
tess/TESS Toronto emotional speech set data/YAF_fear/YAF_knock_fear.wav,1.6280822478905546,1.344
tess/TESS Toronto emotional speech set data/YAF_happy/YAF_knock_happy.wav,1.8797001720324404,1.504
tess/TESS Toronto emotional speech set data/YAF_pleasant_surprised/YAF_knock_ps.wav,2.308306709265176,1.952
tess/TESS Toronto emotional speech set data/YAF_sad/YAF_knock_sad.wav,2.107192594413042,1.92
tess/TESS Toronto emotional speech set data/YAF_disgust/YAF_late_disgust.wav,2.541984107479315,2.432
tess/TESS Toronto emotional speech set data/YAF_fear/YAF_late_fear.wav,1.7912673056443025,1.664
tess/TESS Toronto emotional speech set data/YAF_happy/YAF_late_happy.wav,1.8259195543540592,1.664
tess/TESS Toronto emotional speech set data/YAF_neutral/YAF_late_neutral.wav,2.081715409191448,2.08
tess/TESS Toronto emotional speech set data/YAF_pleasant_surprised/YAF_late_ps.wav,1.9270500532481365,1.8950625
tess/TESS Toronto emotional speech set data/YAF_sad/YAF_late_sad.wav,2.266199721471287,2.112
tess/TESS Toronto emotional speech set data/YAF_disgust/YAF_laud_disgust.wav,2.506021135414106,2.368
tess/TESS Toronto emotional speech set data/YAF_fear/YAF_laud_fear.wav,1.5135577947079544,1.408
tess/TESS Toronto emotional speech set data/YAF_happy/YAF_laud_happy.wav,1.810395674612927,1.5864375
tess/TESS Toronto emotional speech set data/YAF_neutral/YAF_laud_neutral.wav,2.032358482837716,1.968375
tess/TESS Toronto emotional speech set data/YAF_pleasant_surprised/YAF_laud_ps.wav,2.333046612599328,2.2370625
tess/TESS Toronto emotional speech set data/YAF_sad/YAF_laud_sad.wav,2.192676333251413,2.144
tess/TESS Toronto emotional speech set data/YAF_angry/YAF_lean_angry.wav,2.256819857458835,2.176
tess/TESS Toronto emotional speech set data/YAF_disgust/YAF_lean_disgust.wav,2.6630212173343164,2.528
tess/TESS Toronto emotional speech set data/YAF_fear/YAF_lean_fear.wav,1.875440321127222,1.728
tess/TESS Toronto emotional speech set data/YAF_happy/YAF_lean_happy.wav,1.9668632751699844,1.774875
tess/TESS Toronto emotional speech set data/YAF_neutral/YAF_lean_neutral.wav,2.1113295650036865,2.079375
tess/TESS Toronto emotional speech set data/YAF_pleasant_surprised/YAF_lean_ps.wav,1.8519292209388056,1.8199375
tess/TESS Toronto emotional speech set data/YAF_sad/YAF_lean_sad.wav,2.3100270336692064,2.208
tess/TESS Toronto emotional speech set data/YAF_disgust/YAF_learn_disgust.wav,2.4454001802244614,2.432
tess/TESS Toronto emotional speech set data/YAF_happy/YAF_learn_happy.wav,2.081264848038011,2.0173125
tess/TESS Toronto emotional speech set data/YAF_neutral/YAF_learn_neutral.wav,2.117350700417793,2.085375
tess/TESS Toronto emotional speech set data/YAF_pleasant_surprised/YAF_learn_ps.wav,1.701441795690997,1.5415
tess/TESS Toronto emotional speech set data/YAF_sad/YAF_learn_sad.wav,2.1943556975505856,2.162375
tess/TESS Toronto emotional speech set data/YAF_angry/YAF_lease_angry.wav,2.269722290489064,2.24
tess/TESS Toronto emotional speech set data/YAF_disgust/YAF_lease_disgust.wav,2.768042926189891,2.592
tess/TESS Toronto emotional speech set data/YAF_fear/YAF_lease_fear.wav,1.7955271565495208,1.76
tess/TESS Toronto emotional speech set data/YAF_happy/YAF_lease_happy.wav,2.0216678954698124,1.568
tess/TESS Toronto emotional speech set data/YAF_neutral/YAF_lease_neutral.wav,2.1556483984599,2.1236875
tess/TESS Toronto emotional speech set data/YAF_pleasant_surprised/YAF_lease_ps.wav,1.9200868354222984,1.824
tess/TESS Toronto emotional speech set data/YAF_sad/YAF_lease_sad.wav,2.323420987957729,2.272
tess/TESS Toronto emotional speech set data/YAF_angry/YAF_lid_angry.wav,2.123986237404768,2.112
tess/TESS Toronto emotional speech set data/YAF_disgust/YAF_lid_disgust.wav,2.4644056688785123,2.4
tess/TESS Toronto emotional speech set data/YAF_fear/YAF_lid_fear.wav,1.726959941017449,1.664
tess/TESS Toronto emotional speech set data/YAF_happy/YAF_lid_happy.wav,1.75845826165315,1.5665
tess/TESS Toronto emotional speech set data/YAF_neutral/YAF_lid_neutral.wav,2.0487015646760054,2.01675
tess/TESS Toronto emotional speech set data/YAF_sad/YAF_lid_sad.wav,2.3205128205128207,1.984
tess/TESS Toronto emotional speech set data/YAF_angry/YAF_life_angry.wav,2.040509543704432,1.888
tess/TESS Toronto emotional speech set data/YAF_disgust/YAF_life_disgust.wav,2.6368886704349963,2.208
tess/TESS Toronto emotional speech set data/YAF_fear/YAF_life_fear.wav,1.6729745228147783,1.408
tess/TESS Toronto emotional speech set data/YAF_happy/YAF_life_happy.wav,2.0040140902760712,1.504
tess/TESS Toronto emotional speech set data/YAF_neutral/YAF_life_neutral.wav,2.1684689112804127,1.952
tess/TESS Toronto emotional speech set data/YAF_pleasant_surprised/YAF_life_ps.wav,1.9644056688785123,1.728
tess/TESS Toronto emotional speech set data/YAF_sad/YAF_life_sad.wav,2.515851560579995,2.048
tess/TESS Toronto emotional speech set data/YAF_angry/YAF_limb_angry.wav,1.888260833947735,1.792
tess/TESS Toronto emotional speech set data/YAF_disgust/YAF_limb_disgust.wav,2.230482510035226,2.176
tess/TESS Toronto emotional speech set data/YAF_fear/YAF_limb_fear.wav,1.4283607766035882,1.408
tess/TESS Toronto emotional speech set data/YAF_happy/YAF_limb_happy.wav,1.822929466699435,1.6309375
tess/TESS Toronto emotional speech set data/YAF_neutral/YAF_limb_neutral.wav,1.9549438846563447,1.923
tess/TESS Toronto emotional speech set data/YAF_pleasant_surprised/YAF_limb_ps.wav,2.214467109035799,2.144
tess/TESS Toronto emotional speech set data/YAF_sad/YAF_limb_sad.wav,2.2775047104120585,2.112
tess/TESS Toronto emotional speech set data/YAF_angry/YAF_live_angry.wav,2.00692225772098,1.888
tess/TESS Toronto emotional speech set data/YAF_disgust/YAF_live_disgust.wav,2.487220447284345,2.208
tess/TESS Toronto emotional speech set data/YAF_fear/YAF_live_fear.wav,1.8766281641681,1.76
tess/TESS Toronto emotional speech set data/YAF_happy/YAF_live_happy.wav,2.0465306791185385,1.696
tess/TESS Toronto emotional speech set data/YAF_neutral/YAF_live_neutral.wav,2.1093634799705088,2.048
tess/TESS Toronto emotional speech set data/YAF_pleasant_surprised/YAF_live_ps.wav,1.7363398050299008,1.664
tess/TESS Toronto emotional speech set data/YAF_sad/YAF_live_sad.wav,2.207708691734251,1.984
tess/TESS Toronto emotional speech set data/YAF_angry/YAF_loaf_angry.wav,2.164045219955763,1.856
tess/TESS Toronto emotional speech set data/YAF_disgust/YAF_loaf_disgust.wav,2.434832473171132,1.984
tess/TESS Toronto emotional speech set data/YAF_fear/YAF_loaf_fear.wav,1.874211517981486,1.664
tess/TESS Toronto emotional speech set data/YAF_happy/YAF_loaf_happy.wav,1.9866470058163348,1.76
tess/TESS Toronto emotional speech set data/YAF_neutral/YAF_loaf_neutral.wav,2.2445318260014746,1.984
tess/TESS Toronto emotional speech set data/YAF_pleasant_surprised/YAF_loaf_ps.wav,1.839968870320308,1.76
tess/TESS Toronto emotional speech set data/YAF_sad/YAF_loaf_sad.wav,2.2420332596051447,2.08
tess/TESS Toronto emotional speech set data/YAF_angry/YAF_long_angry.wav,2.1585975260096664,2.144
tess/TESS Toronto emotional speech set data/YAF_disgust/YAF_long_disgust.wav,2.5396493815024166,2.5076875
tess/TESS Toronto emotional speech set data/YAF_happy/YAF_long_happy.wav,2.025190464487589,1.83325
tess/TESS Toronto emotional speech set data/YAF_neutral/YAF_long_neutral.wav,2.19120176947653,2.09525
tess/TESS Toronto emotional speech set data/YAF_angry/YAF_lore_angry.wav,2.2145490292455148,2.144
tess/TESS Toronto emotional speech set data/YAF_fear/YAF_lore_fear.wav,1.9756287376095685,1.92
tess/TESS Toronto emotional speech set data/YAF_happy/YAF_lore_happy.wav,2.0222003768329646,1.76625
tess/TESS Toronto emotional speech set data/YAF_pleasant_surprised/YAF_lore_ps.wav,1.7648480380109772,1.728
tess/TESS Toronto emotional speech set data/YAF_sad/YAF_lore_sad.wav,2.114688293602032,2.048
tess/TESS Toronto emotional speech set data/YAF_angry/YAF_lose_angry.wav,2.3562709920537395,2.304
tess/TESS Toronto emotional speech set data/YAF_disgust/YAF_lose_disgust.wav,2.826574916031785,2.794625
tess/TESS Toronto emotional speech set data/YAF_fear/YAF_lose_fear.wav,1.9277873351355777,1.696
tess/TESS Toronto emotional speech set data/YAF_happy/YAF_lose_happy.wav,2.195748341115753,1.76
tess/TESS Toronto emotional speech set data/YAF_neutral/YAF_lose_neutral.wav,2.0825755713934626,2.050625
tess/TESS Toronto emotional speech set data/YAF_pleasant_surprised/YAF_lose_ps.wav,1.968952240517736,1.792
tess/TESS Toronto emotional speech set data/YAF_sad/YAF_lose_sad.wav,2.36798558204309,2.304
tess/TESS Toronto emotional speech set data/YAF_angry/YAF_lot_angry.wav,1.992217580077005,1.888
tess/TESS Toronto emotional speech set data/YAF_disgust/YAF_lot_disgust.wav,2.4839436388957155,2.368
tess/TESS Toronto emotional speech set data/YAF_fear/YAF_lot_fear.wav,1.4690751208323094,1.437125
tess/TESS Toronto emotional speech set data/YAF_happy/YAF_lot_happy.wav,1.8707299090685672,1.376
tess/TESS Toronto emotional speech set data/YAF_neutral/YAF_lot_neutral.wav,2.018145326452036,1.984
tess/TESS Toronto emotional speech set data/YAF_pleasant_surprised/YAF_lot_ps.wav,2.2445318260014746,2.208
tess/TESS Toronto emotional speech set data/YAF_sad/YAF_lot_sad.wav,2.03497992954862,2.016
tess/TESS Toronto emotional speech set data/YAF_angry/YAF_love_angry.wav,1.9859097239288928,1.664
tess/TESS Toronto emotional speech set data/YAF_disgust/YAF_love_disgust.wav,2.601130498894077,2.432
tess/TESS Toronto emotional speech set data/YAF_fear/YAF_love_fear.wav,1.494388465634472,1.44
tess/TESS Toronto emotional speech set data/YAF_happy/YAF_love_happy.wav,1.7885639387236831,1.408
tess/TESS Toronto emotional speech set data/YAF_neutral/YAF_love_neutral.wav,1.9749324158269843,1.92
tess/TESS Toronto emotional speech set data/YAF_pleasant_surprised/YAF_love_ps.wav,2.3604489227492422,1.952
tess/TESS Toronto emotional speech set data/YAF_angry/YAF_luck_angry.wav,2.0381748177275334,2.016
tess/TESS Toronto emotional speech set data/YAF_disgust/YAF_luck_disgust.wav,2.487875808962071,2.24
tess/TESS Toronto emotional speech set data/YAF_fear/YAF_luck_fear.wav,1.80380109773081,1.664
tess/TESS Toronto emotional speech set data/YAF_happy/YAF_luck_happy.wav,1.8738838371426232,1.6
tess/TESS Toronto emotional speech set data/YAF_neutral/YAF_luck_neutral.wav,2.094658802326534,1.984
tess/TESS Toronto emotional speech set data/YAF_pleasant_surprised/YAF_luck_ps.wav,1.9544523633980504,1.824
tess/TESS Toronto emotional speech set data/YAF_sad/YAF_luck_sad.wav,2.2795117555500943,2.08
tess/TESS Toronto emotional speech set data/YAF_angry/YAF_make_angry.wav,2.172278201032195,2.08
tess/TESS Toronto emotional speech set data/YAF_disgust/YAF_make_disgust.wav,2.608749078397641,2.496
tess/TESS Toronto emotional speech set data/YAF_fear/YAF_make_fear.wav,1.899729663307938,1.76
tess/TESS Toronto emotional speech set data/YAF_happy/YAF_make_happy.wav,1.9774309822233145,1.632
tess/TESS Toronto emotional speech set data/YAF_neutral/YAF_make_neutral.wav,2.110428442696813,2.016
tess/TESS Toronto emotional speech set data/YAF_pleasant_surprised/YAF_make_ps.wav,1.8730646350454656,1.856
tess/TESS Toronto emotional speech set data/YAF_sad/YAF_make_sad.wav,2.4114032931924307,2.272
tess/TESS Toronto emotional speech set data/YAF_disgust/YAF_match_disgust.wav,2.796100598017531,2.688
tess/TESS Toronto emotional speech set data/YAF_fear/YAF_match_fear.wav,1.9392152043909232,1.888
tess/TESS Toronto emotional speech set data/YAF_happy/YAF_match_happy.wav,2.0741787498976,1.792
tess/TESS Toronto emotional speech set data/YAF_neutral/YAF_match_neutral.wav,2.3112558368149423,2.304
tess/TESS Toronto emotional speech set data/YAF_sad/YAF_match_sad.wav,2.2569427377734086,2.176
tess/TESS Toronto emotional speech set data/YAF_disgust/YAF_merge_disgust.wav,2.7140165478823626,2.592
tess/TESS Toronto emotional speech set data/YAF_fear/YAF_merge_fear.wav,1.8846153846153848,1.824
tess/TESS Toronto emotional speech set data/YAF_happy/YAF_merge_happy.wav,2.0044236913246496,1.76
tess/TESS Toronto emotional speech set data/YAF_neutral/YAF_merge_neutral.wav,2.254075530433358,2.222125
tess/TESS Toronto emotional speech set data/YAF_sad/YAF_merge_sad.wav,2.403170312115999,2.368
tess/TESS Toronto emotional speech set data/YAF_disgust/YAF_mess_disgust.wav,2.6247235192922096,2.496
tess/TESS Toronto emotional speech set data/YAF_fear/YAF_mess_fear.wav,1.8061767838125664,1.728
tess/TESS Toronto emotional speech set data/YAF_happy/YAF_mess_happy.wav,2.2355206029327435,1.632
tess/TESS Toronto emotional speech set data/YAF_neutral/YAF_mess_neutral.wav,2.2019742770541493,2.112
tess/TESS Toronto emotional speech set data/YAF_pleasant_surprised/YAF_mess_ps.wav,1.904931596624888,1.824
tess/TESS Toronto emotional speech set data/YAF_sad/YAF_mess_sad.wav,2.468665519783731,2.272
tess/TESS Toronto emotional speech set data/YAF_angry/YAF_met_angry.wav,1.8473826492995824,1.824
tess/TESS Toronto emotional speech set data/YAF_disgust/YAF_met_disgust.wav,2.4964364708773656,2.4
tess/TESS Toronto emotional speech set data/YAF_fear/YAF_met_fear.wav,1.4245105267469484,1.408
tess/TESS Toronto emotional speech set data/YAF_happy/YAF_met_happy.wav,1.814778405832719,1.6
tess/TESS Toronto emotional speech set data/YAF_pleasant_surprised/YAF_met_ps.wav,2.15257639059556,2.048
tess/TESS Toronto emotional speech set data/YAF_sad/YAF_met_sad.wav,2.1944376177603013,2.1625
tess/TESS Toronto emotional speech set data/YAF_angry/YAF_mill_angry.wav,2.089129188170722,2.048
tess/TESS Toronto emotional speech set data/YAF_disgust/YAF_mill_disgust.wav,2.3996477430982224,2.272
tess/TESS Toronto emotional speech set data/YAF_happy/YAF_mill_happy.wav,1.7723027770951094,1.6123125
tess/TESS Toronto emotional speech set data/YAF_pleasant_surprised/YAF_mill_ps.wav,1.68120750389121,1.664
tess/TESS Toronto emotional speech set data/YAF_sad/YAF_mill_sad.wav,2.1667485868763823,2.112
tess/TESS Toronto emotional speech set data/YAF_angry/YAF_mob_angry.wav,2.129474891455722,2.112
tess/TESS Toronto emotional speech set data/YAF_disgust/YAF_mob_disgust.wav,2.544523633980503,2.304
tess/TESS Toronto emotional speech set data/YAF_happy/YAF_mob_happy.wav,1.8660604571147703,1.664
tess/TESS Toronto emotional speech set data/YAF_neutral/YAF_mob_neutral.wav,2.145408372245433,2.08
tess/TESS Toronto emotional speech set data/YAF_pleasant_surprised/YAF_mob_ps.wav,1.854263946915704,1.792
tess/TESS Toronto emotional speech set data/YAF_sad/YAF_mob_sad.wav,2.341730154829196,2.30975
tess/TESS Toronto emotional speech set data/YAF_angry/YAF_mode_angry.wav,1.9242238060129435,1.92
tess/TESS Toronto emotional speech set data/YAF_disgust/YAF_mode_disgust.wav,2.4787417055787664,2.336
tess/TESS Toronto emotional speech set data/YAF_fear/YAF_mode_fear.wav,1.6091177193413615,1.472
tess/TESS Toronto emotional speech set data/YAF_happy/YAF_mode_happy.wav,1.7578438600802817,1.597875
tess/TESS Toronto emotional speech set data/YAF_pleasant_surprised/YAF_mode_ps.wav,2.1538461538461537,1.856
tess/TESS Toronto emotional speech set data/YAF_sad/YAF_mode_sad.wav,2.2444089456869007,2.176
tess/TESS Toronto emotional speech set data/YAF_angry/YAF_mood_angry.wav,2.009093143278447,1.984
tess/TESS Toronto emotional speech set data/YAF_disgust/YAF_mood_disgust.wav,2.53399688703203,2.4
tess/TESS Toronto emotional speech set data/YAF_happy/YAF_mood_happy.wav,1.81436880478414,1.686375
tess/TESS Toronto emotional speech set data/YAF_neutral/YAF_mood_neutral.wav,2.1350454657163924,2.1030625
tess/TESS Toronto emotional speech set data/YAF_pleasant_surprised/YAF_mood_ps.wav,1.82628819529778,1.7623125
tess/TESS Toronto emotional speech set data/YAF_sad/YAF_mood_sad.wav,2.3012206111247644,2.176
tess/TESS Toronto emotional speech set data/YAF_disgust/YAF_moon_disgust.wav,2.510526746948472,2.496
tess/TESS Toronto emotional speech set data/YAF_fear/YAF_moon_fear.wav,1.540796264438437,1.344
tess/TESS Toronto emotional speech set data/YAF_happy/YAF_moon_happy.wav,1.783321045301876,1.591375
tess/TESS Toronto emotional speech set data/YAF_neutral/YAF_moon_neutral.wav,1.9478987466207915,1.9159375
tess/TESS Toronto emotional speech set data/YAF_pleasant_surprised/YAF_moon_ps.wav,2.3130580814286885,2.08
tess/TESS Toronto emotional speech set data/YAF_sad/YAF_moon_sad.wav,2.08781846481527,2.048
tess/TESS Toronto emotional speech set data/YAF_disgust/YAF_mop_disgust.wav,2.673629884492504,2.6096875
tess/TESS Toronto emotional speech set data/YAF_happy/YAF_mop_happy.wav,2.0129024330302285,1.536
tess/TESS Toronto emotional speech set data/YAF_neutral/YAF_mop_neutral.wav,1.9518718767920047,1.887875
tess/TESS Toronto emotional speech set data/YAF_pleasant_surprised/YAF_mop_ps.wav,1.907471123126076,1.8755
tess/TESS Toronto emotional speech set data/YAF_sad/YAF_mop_sad.wav,2.31322192184812,2.28125
tess/TESS Toronto emotional speech set data/YAF_angry/YAF_mouse_angry.wav,2.282297042680429,2.24
tess/TESS Toronto emotional speech set data/YAF_disgust/YAF_mouse_disgust.wav,2.634472024248382,2.464
tess/TESS Toronto emotional speech set data/YAF_happy/YAF_mouse_happy.wav,2.1070287539936103,1.568
tess/TESS Toronto emotional speech set data/YAF_neutral/YAF_mouse_neutral.wav,2.1439338084705497,2.1119375
tess/TESS Toronto emotional speech set data/YAF_pleasant_surprised/YAF_mouse_ps.wav,1.970754485131482,1.92
tess/TESS Toronto emotional speech set data/YAF_angry/YAF_nag_angry.wav,2.0894978291144426,2.048
tess/TESS Toronto emotional speech set data/YAF_disgust/YAF_nag_disgust.wav,2.6938641762922915,2.56
tess/TESS Toronto emotional speech set data/YAF_fear/YAF_nag_fear.wav,1.599287294175473,1.5673125
tess/TESS Toronto emotional speech set data/YAF_happy/YAF_nag_happy.wav,1.814532645203572,1.6
tess/TESS Toronto emotional speech set data/YAF_neutral/YAF_nag_neutral.wav,1.952281477840584,1.92
tess/TESS Toronto emotional speech set data/YAF_pleasant_surprised/YAF_nag_ps.wav,2.2377324485950685,2.208
tess/TESS Toronto emotional speech set data/YAF_sad/YAF_nag_sad.wav,2.311542557548947,2.176
tess/TESS Toronto emotional speech set data/YAF_angry/YAF_name_angry.wav,2.207381010895388,2.176
tess/TESS Toronto emotional speech set data/YAF_fear/YAF_name_fear.wav,1.6608093716719914,1.6
tess/TESS Toronto emotional speech set data/YAF_happy/YAF_name_happy.wav,2.036986974686655,1.973
tess/TESS Toronto emotional speech set data/YAF_neutral/YAF_name_neutral.wav,2.1586384861145245,2.0946875
tess/TESS Toronto emotional speech set data/YAF_sad/YAF_name_sad.wav,2.28323912509216,2.25125
tess/TESS Toronto emotional speech set data/YAF_angry/YAF_near_angry.wav,2.0360039321700665,1.92
tess/TESS Toronto emotional speech set data/YAF_disgust/YAF_near_disgust.wav,2.556074383550422,2.368
tess/TESS Toronto emotional speech set data/YAF_fear/YAF_near_fear.wav,1.6440976488899812,1.6
tess/TESS Toronto emotional speech set data/YAF_happy/YAF_near_happy.wav,1.8959613336610144,1.736
tess/TESS Toronto emotional speech set data/YAF_sad/YAF_near_sad.wav,2.236339805029901,2.144
tess/TESS Toronto emotional speech set data/YAF_angry/YAF_neat_angry.wav,2.0654542475628737,2.048
tess/TESS Toronto emotional speech set data/YAF_disgust/YAF_neat_disgust.wav,2.5266650282624723,2.432
tess/TESS Toronto emotional speech set data/YAF_fear/YAF_neat_fear.wav,1.644793970672565,1.536
tess/TESS Toronto emotional speech set data/YAF_happy/YAF_neat_happy.wav,1.9542885229786189,1.696
tess/TESS Toronto emotional speech set data/YAF_pleasant_surprised/YAF_neat_ps.wav,1.834398296059638,1.8024375
tess/TESS Toronto emotional speech set data/YAF_sad/YAF_neat_sad.wav,2.213074465470632,2.144
tess/TESS Toronto emotional speech set data/YAF_angry/YAF_nice_angry.wav,2.112722208568854,1.92
tess/TESS Toronto emotional speech set data/YAF_disgust/YAF_nice_disgust.wav,2.6095273203899403,2.496
tess/TESS Toronto emotional speech set data/YAF_fear/YAF_nice_fear.wav,1.7164741541738346,1.504
tess/TESS Toronto emotional speech set data/YAF_happy/YAF_nice_happy.wav,2.035717211436061,1.76
tess/TESS Toronto emotional speech set data/YAF_neutral/YAF_nice_neutral.wav,2.318874416318506,2.24
tess/TESS Toronto emotional speech set data/YAF_pleasant_surprised/YAF_nice_ps.wav,1.8697059064471204,1.792
tess/TESS Toronto emotional speech set data/YAF_sad/YAF_nice_sad.wav,2.252478086343901,2.2205
tess/TESS Toronto emotional speech set data/YAF_angry/YAF_note_angry.wav,2.251454083722454,2.208
tess/TESS Toronto emotional speech set data/YAF_disgust/YAF_note_disgust.wav,2.493774064061604,2.432
tess/TESS Toronto emotional speech set data/YAF_fear/YAF_note_fear.wav,1.672032440403047,1.664
tess/TESS Toronto emotional speech set data/YAF_happy/YAF_note_happy.wav,2.09203735561563,1.728
tess/TESS Toronto emotional speech set data/YAF_neutral/YAF_note_neutral.wav,2.170803637257311,2.1388125
tess/TESS Toronto emotional speech set data/YAF_pleasant_surprised/YAF_note_ps.wav,1.8129352011141149,1.7169375
tess/TESS Toronto emotional speech set data/YAF_sad/YAF_note_sad.wav,2.4231588432866387,2.368
tess/TESS Toronto emotional speech set data/YAF_angry/YAF_numb_angry.wav,2.135414106660113,2.112
tess/TESS Toronto emotional speech set data/YAF_fear/YAF_numb_fear.wav,1.6991070697140984,1.696
tess/TESS Toronto emotional speech set data/YAF_happy/YAF_numb_happy.wav,1.9351191939051364,1.711125
tess/TESS Toronto emotional speech set data/YAF_neutral/YAF_numb_neutral.wav,2.1763742115179814,2.144375
tess/TESS Toronto emotional speech set data/YAF_sad/YAF_numb_sad.wav,2.2066027689030885,2.174625
tess/TESS Toronto emotional speech set data/YAF_disgust/YAF_pad_disgust.wav,2.639755877775047,2.592
tess/TESS Toronto emotional speech set data/YAF_fear/YAF_pad_fear.wav,1.7541984107479316,1.696
tess/TESS Toronto emotional speech set data/YAF_happy/YAF_pad_happy.wav,1.889243876464324,1.664
tess/TESS Toronto emotional speech set data/YAF_neutral/YAF_pad_neutral.wav,2.211845662324896,2.179875
tess/TESS Toronto emotional speech set data/YAF_pleasant_surprised/YAF_pad_ps.wav,1.864544933235029,1.792
tess/TESS Toronto emotional speech set data/YAF_sad/YAF_pad_sad.wav,2.298885885147866,2.144
tess/TESS Toronto emotional speech set data/YAF_angry/YAF_page_angry.wav,1.9562546080117964,1.952
tess/TESS Toronto emotional speech set data/YAF_disgust/YAF_page_disgust.wav,2.696239862374048,2.528
tess/TESS Toronto emotional speech set data/YAF_fear/YAF_page_fear.wav,1.7436307036946015,1.6
tess/TESS Toronto emotional speech set data/YAF_happy/YAF_page_happy.wav,1.9572786106332432,1.792
tess/TESS Toronto emotional speech set data/YAF_neutral/YAF_page_neutral.wav,2.1007208978454983,2.06875
tess/TESS Toronto emotional speech set data/YAF_pleasant_surprised/YAF_page_ps.wav,2.25960514458917,2.227625
tess/TESS Toronto emotional speech set data/YAF_sad/YAF_page_sad.wav,2.345252723846973,2.176
tess/TESS Toronto emotional speech set data/YAF_angry/YAF_pain_angry.wav,2.184402392070124,2.112
tess/TESS Toronto emotional speech set data/YAF_disgust/YAF_pain_disgust.wav,2.59723928893258,2.53325
tess/TESS Toronto emotional speech set data/YAF_fear/YAF_pain_fear.wav,1.6368477103301384,1.6
tess/TESS Toronto emotional speech set data/YAF_happy/YAF_pain_happy.wav,1.8968214958630287,1.832875
tess/TESS Toronto emotional speech set data/YAF_neutral/YAF_pain_neutral.wav,2.102154501515524,2.0381875
tess/TESS Toronto emotional speech set data/YAF_pleasant_surprised/YAF_pain_ps.wav,1.9424920127795529,1.8785
tess/TESS Toronto emotional speech set data/YAF_sad/YAF_pain_sad.wav,2.198779388875236,2.112
tess/TESS Toronto emotional speech set data/YAF_angry/YAF_pass_angry.wav,2.251085442778733,2.144
tess/TESS Toronto emotional speech set data/YAF_disgust/YAF_pass_disgust.wav,2.7818464815269928,2.624
tess/TESS Toronto emotional speech set data/YAF_fear/YAF_pass_fear.wav,1.661833374293438,1.536
tess/TESS Toronto emotional speech set data/YAF_happy/YAF_pass_happy.wav,2.0721307446547064,1.536
tess/TESS Toronto emotional speech set data/YAF_neutral/YAF_pass_neutral.wav,2.260547227000901,2.2285625
tess/TESS Toronto emotional speech set data/YAF_pleasant_surprised/YAF_pass_ps.wav,2.0290816744490865,1.92
tess/TESS Toronto emotional speech set data/YAF_sad/YAF_pass_sad.wav,2.505038092897518,2.368
tess/TESS Toronto emotional speech set data/YAF_fear/YAF_pearl_fear.wav,1.6043663471778489,1.536
tess/TESS Toronto emotional speech set data/YAF_happy/YAF_pearl_happy.wav,1.8749897599737853,1.811
tess/TESS Toronto emotional speech set data/YAF_neutral/YAF_pearl_neutral.wav,2.200376832964692,2.1684375
tess/TESS Toronto emotional speech set data/YAF_sad/YAF_pearl_sad.wav,2.304743180142541,2.272
tess/TESS Toronto emotional speech set data/YAF_angry/YAF_peg_angry.wav,1.976284099287294,1.92
tess/TESS Toronto emotional speech set data/YAF_disgust/YAF_peg_disgust.wav,2.840869992627181,2.688
tess/TESS Toronto emotional speech set data/YAF_fear/YAF_peg_fear.wav,1.556361104284427,1.44
tess/TESS Toronto emotional speech set data/YAF_happy/YAF_peg_happy.wav,1.9086999262718112,1.696
tess/TESS Toronto emotional speech set data/YAF_pleasant_surprised/YAF_peg_ps.wav,1.875768001966085,1.728
tess/TESS Toronto emotional speech set data/YAF_sad/YAF_peg_sad.wav,2.361186204636684,2.272
tess/TESS Toronto emotional speech set data/YAF_disgust/YAF_perch_disgust.wav,2.550135168346031,2.432
tess/TESS Toronto emotional speech set data/YAF_fear/YAF_perch_fear.wav,1.6685917915949864,1.536
tess/TESS Toronto emotional speech set data/YAF_happy/YAF_perch_happy.wav,2.1439338084705497,1.888
tess/TESS Toronto emotional speech set data/YAF_neutral/YAF_perch_neutral.wav,2.20791349225854,2.1759375
tess/TESS Toronto emotional speech set data/YAF_pleasant_surprised/YAF_perch_ps.wav,2.14565413287458,1.856
tess/TESS Toronto emotional speech set data/YAF_sad/YAF_perch_sad.wav,2.556770705333005,2.432
tess/TESS Toronto emotional speech set data/YAF_angry/YAF_phone_angry.wav,2.271729335627099,2.08
tess/TESS Toronto emotional speech set data/YAF_disgust/YAF_phone_disgust.wav,2.4392561644957813,2.4073125
tess/TESS Toronto emotional speech set data/YAF_fear/YAF_phone_fear.wav,1.825796674039485,1.664
tess/TESS Toronto emotional speech set data/YAF_happy/YAF_phone_happy.wav,1.9827557958548367,1.9188125
tess/TESS Toronto emotional speech set data/YAF_neutral/YAF_phone_neutral.wav,2.152289669861555,2.1203125
tess/TESS Toronto emotional speech set data/YAF_sad/YAF_phone_sad.wav,2.224420414516261,2.1924375
tess/TESS Toronto emotional speech set data/YAF_angry/YAF_pick_angry.wav,2.047104120586549,2.016
tess/TESS Toronto emotional speech set data/YAF_disgust/YAF_pick_disgust.wav,2.46157942164332,2.048
tess/TESS Toronto emotional speech set data/YAF_fear/YAF_pick_fear.wav,1.7747603833865817,1.696
tess/TESS Toronto emotional speech set data/YAF_happy/YAF_pick_happy.wav,1.933972310969116,1.44
tess/TESS Toronto emotional speech set data/YAF_neutral/YAF_pick_neutral.wav,2.197427705414926,2.08
tess/TESS Toronto emotional speech set data/YAF_pleasant_surprised/YAF_pick_ps.wav,1.804456459408536,1.664
tess/TESS Toronto emotional speech set data/YAF_sad/YAF_pick_sad.wav,2.459818137134431,1.856
tess/TESS Toronto emotional speech set data/YAF_angry/YAF_pike_angry.wav,2.06496272630458,2.048
tess/TESS Toronto emotional speech set data/YAF_disgust/YAF_pike_disgust.wav,2.595600884738265,2.304
tess/TESS Toronto emotional speech set data/YAF_fear/YAF_pike_fear.wav,1.6685917915949864,1.6
tess/TESS Toronto emotional speech set data/YAF_happy/YAF_pike_happy.wav,2.001269763250594,1.504
tess/TESS Toronto emotional speech set data/YAF_neutral/YAF_pike_neutral.wav,2.25903170312116,2.208
tess/TESS Toronto emotional speech set data/YAF_pleasant_surprised/YAF_pike_ps.wav,1.919390513639715,1.696
tess/TESS Toronto emotional speech set data/YAF_sad/YAF_pike_sad.wav,2.218849840255591,1.952
tess/TESS Toronto emotional speech set data/YAF_disgust/YAF_pole_disgust.wav,2.4148029818956336,2.3508125
tess/TESS Toronto emotional speech set data/YAF_fear/YAF_pole_fear.wav,1.7224133693782255,1.6904375
tess/TESS Toronto emotional speech set data/YAF_happy/YAF_pole_happy.wav,1.906283280085197,1.7143125
tess/TESS Toronto emotional speech set data/YAF_neutral/YAF_pole_neutral.wav,2.142950765953961,2.111
tess/TESS Toronto emotional speech set data/YAF_pleasant_surprised/YAF_pole_ps.wav,1.6605226509379865,1.6285625
tess/TESS Toronto emotional speech set data/YAF_sad/YAF_pole_sad.wav,2.3392725485377244,2.144
tess/TESS Toronto emotional speech set data/YAF_angry/YAF_pool_angry.wav,2.023224379454412,1.984
tess/TESS Toronto emotional speech set data/YAF_disgust/YAF_pool_disgust.wav,2.417506348816253,2.3535625
tess/TESS Toronto emotional speech set data/YAF_fear/YAF_pool_fear.wav,1.4214794789874663,1.376
tess/TESS Toronto emotional speech set data/YAF_happy/YAF_pool_happy.wav,1.7663226017858606,1.568
tess/TESS Toronto emotional speech set data/YAF_angry/YAF_puff_angry.wav,1.921807159826329,1.664
tess/TESS Toronto emotional speech set data/YAF_disgust/YAF_puff_disgust.wav,2.4472433849430653,2.112
tess/TESS Toronto emotional speech set data/YAF_fear/YAF_puff_fear.wav,1.5422298681084623,1.344
tess/TESS Toronto emotional speech set data/YAF_happy/YAF_puff_happy.wav,1.7553862537888096,1.408
tess/TESS Toronto emotional speech set data/YAF_neutral/YAF_puff_neutral.wav,2.0325223232571474,1.664
tess/TESS Toronto emotional speech set data/YAF_pleasant_surprised/YAF_puff_ps.wav,2.211722782010322,1.728
tess/TESS Toronto emotional speech set data/YAF_sad/YAF_puff_sad.wav,2.052920455476366,1.76
tess/TESS Toronto emotional speech set data/YAF_angry/YAF_rag_angry.wav,2.014008355861391,1.888
tess/TESS Toronto emotional speech set data/YAF_disgust/YAF_rag_disgust.wav,2.3217416236585566,2.304
tess/TESS Toronto emotional speech set data/YAF_fear/YAF_rag_fear.wav,1.7161464733349718,1.472
tess/TESS Toronto emotional speech set data/YAF_happy/YAF_rag_happy.wav,1.7775866306217745,1.6
tess/TESS Toronto emotional speech set data/YAF_pleasant_surprised/YAF_rag_ps.wav,2.157204882444499,2.016
tess/TESS Toronto emotional speech set data/YAF_sad/YAF_rag_sad.wav,2.171540919144753,2.112
tess/TESS Toronto emotional speech set data/YAF_angry/YAF_raid_angry.wav,2.100925698369788,2.08
tess/TESS Toronto emotional speech set data/YAF_disgust/YAF_raid_disgust.wav,2.5661915294503155,2.464
tess/TESS Toronto emotional speech set data/YAF_fear/YAF_raid_fear.wav,1.6802244613746211,1.504
tess/TESS Toronto emotional speech set data/YAF_happy/YAF_raid_happy.wav,1.8180552142213484,1.6
tess/TESS Toronto emotional speech set data/YAF_neutral/YAF_raid_neutral.wav,1.885721307446547,1.85375
tess/TESS Toronto emotional speech set data/YAF_pleasant_surprised/YAF_raid_ps.wav,2.007208978454985,1.92
tess/TESS Toronto emotional speech set data/YAF_sad/YAF_raid_sad.wav,2.142623085115098,2.08
tess/TESS Toronto emotional speech set data/YAF_angry/YAF_rain_angry.wav,2.312812320799541,2.272
tess/TESS Toronto emotional speech set data/YAF_disgust/YAF_rain_disgust.wav,2.5633243221102644,2.432
tess/TESS Toronto emotional speech set data/YAF_fear/YAF_rain_fear.wav,1.7170885557467026,1.568
tess/TESS Toronto emotional speech set data/YAF_happy/YAF_rain_happy.wav,2.005980175309249,1.782
tess/TESS Toronto emotional speech set data/YAF_neutral/YAF_rain_neutral.wav,2.2566969771442613,2.22475
tess/TESS Toronto emotional speech set data/YAF_sad/YAF_rain_sad.wav,2.141558122388793,2.08
tess/TESS Toronto emotional speech set data/YAF_angry/YAF_raise_angry.wav,2.050749569918899,1.984
tess/TESS Toronto emotional speech set data/YAF_disgust/YAF_raise_disgust.wav,2.646063733923159,2.432
tess/TESS Toronto emotional speech set data/YAF_fear/YAF_raise_fear.wav,1.8419759154583435,1.536
tess/TESS Toronto emotional speech set data/YAF_happy/YAF_raise_happy.wav,1.9664536741214056,1.696
tess/TESS Toronto emotional speech set data/YAF_neutral/YAF_raise_neutral.wav,2.084091095273204,2.08
tess/TESS Toronto emotional speech set data/YAF_pleasant_surprised/YAF_raise_ps.wav,2.3338658146964857,2.176
tess/TESS Toronto emotional speech set data/YAF_sad/YAF_raise_sad.wav,2.536823134267224,2.464
tess/TESS Toronto emotional speech set data/YAF_angry/YAF_rat_angry.wav,2.350905218317359,2.336
tess/TESS Toronto emotional speech set data/YAF_disgust/YAF_rat_disgust.wav,2.616695338740067,2.464
tess/TESS Toronto emotional speech set data/YAF_fear/YAF_rat_fear.wav,1.7797165560743835,1.76
tess/TESS Toronto emotional speech set data/YAF_happy/YAF_rat_happy.wav,1.9970099123453755,1.696
tess/TESS Toronto emotional speech set data/YAF_neutral/YAF_rat_neutral.wav,2.1267715245351027,2.0948125
tess/TESS Toronto emotional speech set data/YAF_pleasant_surprised/YAF_rat_ps.wav,1.7940116326697797,1.728
tess/TESS Toronto emotional speech set data/YAF_sad/YAF_rat_sad.wav,2.3638076513475874,2.24
tess/TESS Toronto emotional speech set data/YAF_angry/YAF_reach_angry.wav,2.057958548373884,2.016
tess/TESS Toronto emotional speech set data/YAF_disgust/YAF_reach_disgust.wav,2.502416646186614,2.4
tess/TESS Toronto emotional speech set data/YAF_fear/YAF_reach_fear.wav,1.736012124191038,1.504
tess/TESS Toronto emotional speech set data/YAF_happy/YAF_reach_happy.wav,2.0387892193004014,1.792
tess/TESS Toronto emotional speech set data/YAF_pleasant_surprised/YAF_reach_ps.wav,2.234209879577292,2.17025
tess/TESS Toronto emotional speech set data/YAF_angry/YAF_read_angry.wav,2.24846399606783,2.144
tess/TESS Toronto emotional speech set data/YAF_disgust/YAF_read_disgust.wav,2.364217252396166,2.24
tess/TESS Toronto emotional speech set data/YAF_fear/YAF_read_fear.wav,1.833824854591628,1.728
tess/TESS Toronto emotional speech set data/YAF_happy/YAF_read_happy.wav,1.752150405505038,1.536
tess/TESS Toronto emotional speech set data/YAF_neutral/YAF_read_neutral.wav,2.122962234783321,2.059
tess/TESS Toronto emotional speech set data/YAF_pleasant_surprised/YAF_read_ps.wav,1.7193823216187434,1.696
tess/TESS Toronto emotional speech set data/YAF_sad/YAF_read_sad.wav,2.261653149832064,2.08
tess/TESS Toronto emotional speech set data/YAF_angry/YAF_red_angry.wav,2.095559924633407,1.984
tess/TESS Toronto emotional speech set data/YAF_disgust/YAF_red_disgust.wav,2.395756533136725,2.24
tess/TESS Toronto emotional speech set data/YAF_fear/YAF_red_fear.wav,1.6421725239616614,1.44
tess/TESS Toronto emotional speech set data/YAF_happy/YAF_red_happy.wav,1.960719259441304,1.728
tess/TESS Toronto emotional speech set data/YAF_neutral/YAF_red_neutral.wav,1.943679855820431,1.9116875
tess/TESS Toronto emotional speech set data/YAF_pleasant_surprised/YAF_red_ps.wav,1.8598345211763745,1.792
tess/TESS Toronto emotional speech set data/YAF_sad/YAF_red_sad.wav,2.2051282051282053,2.016
tess/TESS Toronto emotional speech set data/YAF_angry/YAF_ring_angry.wav,2.201441795690997,2.144
tess/TESS Toronto emotional speech set data/YAF_disgust/YAF_ring_disgust.wav,2.378921930040141,2.272
tess/TESS Toronto emotional speech set data/YAF_fear/YAF_ring_fear.wav,1.699475710657819,1.632
tess/TESS Toronto emotional speech set data/YAF_happy/YAF_ring_happy.wav,1.9118128942410093,1.719875
tess/TESS Toronto emotional speech set data/YAF_neutral/YAF_ring_neutral.wav,2.044810354714508,2.0128125
tess/TESS Toronto emotional speech set data/YAF_pleasant_surprised/YAF_ring_ps.wav,1.752150405505038,1.7201875
tess/TESS Toronto emotional speech set data/YAF_sad/YAF_ring_sad.wav,2.2828295240435814,2.144
tess/TESS Toronto emotional speech set data/YAF_disgust/YAF_ripe_disgust.wav,2.5508724502334728,2.432
tess/TESS Toronto emotional speech set data/YAF_happy/YAF_ripe_happy.wav,1.95772917178668,1.568
tess/TESS Toronto emotional speech set data/YAF_pleasant_surprised/YAF_ripe_ps.wav,1.874416318505776,1.8104375
tess/TESS Toronto emotional speech set data/YAF_angry/YAF_road_angry.wav,2.2514131236175965,2.176
tess/TESS Toronto emotional speech set data/YAF_disgust/YAF_road_disgust.wav,2.3921110838043744,2.304
tess/TESS Toronto emotional speech set data/YAF_fear/YAF_road_fear.wav,1.8429179978700745,1.792
tess/TESS Toronto emotional speech set data/YAF_happy/YAF_road_happy.wav,2.022650937986401,1.728
tess/TESS Toronto emotional speech set data/YAF_neutral/YAF_road_neutral.wav,2.159007127058245,2.1270625
tess/TESS Toronto emotional speech set data/YAF_pleasant_surprised/YAF_road_ps.wav,1.7494470385844187,1.7175
tess/TESS Toronto emotional speech set data/YAF_sad/YAF_road_sad.wav,2.3567215532071764,2.24
tess/TESS Toronto emotional speech set data/YAF_angry/YAF_room_angry.wav,2.119562546080118,2.048
tess/TESS Toronto emotional speech set data/YAF_disgust/YAF_room_disgust.wav,2.431146063733923,2.2071875
tess/TESS Toronto emotional speech set data/YAF_happy/YAF_room_happy.wav,2.068853936266077,1.824
tess/TESS Toronto emotional speech set data/YAF_neutral/YAF_room_neutral.wav,2.091709674776768,2.05975
tess/TESS Toronto emotional speech set data/YAF_sad/YAF_room_sad.wav,2.345867125419841,2.304
tess/TESS Toronto emotional speech set data/YAF_angry/YAF_rose_angry.wav,2.2149176701892355,2.176
tess/TESS Toronto emotional speech set data/YAF_disgust/YAF_rose_disgust.wav,2.6707217170475954,2.56
tess/TESS Toronto emotional speech set data/YAF_fear/YAF_rose_fear.wav,1.7480543950192513,1.664
tess/TESS Toronto emotional speech set data/YAF_happy/YAF_rose_happy.wav,2.0279347915130663,1.696
tess/TESS Toronto emotional speech set data/YAF_neutral/YAF_rose_neutral.wav,2.187720160563611,2.15575
tess/TESS Toronto emotional speech set data/YAF_pleasant_surprised/YAF_rose_ps.wav,2.05668878512329,1.888
tess/TESS Toronto emotional speech set data/YAF_sad/YAF_rose_sad.wav,2.301056770705333,2.272
tess/TESS Toronto emotional speech set data/YAF_angry/YAF_rot_angry.wav,2.039936102236421,2.016
tess/TESS Toronto emotional speech set data/YAF_disgust/YAF_rot_disgust.wav,2.482673875645121,2.336
tess/TESS Toronto emotional speech set data/YAF_fear/YAF_rot_fear.wav,1.748750716801835,1.568
tess/TESS Toronto emotional speech set data/YAF_happy/YAF_rot_happy.wav,1.873801916932908,1.472
tess/TESS Toronto emotional speech set data/YAF_neutral/YAF_rot_neutral.wav,2.1726468419759155,2.1406875
tess/TESS Toronto emotional speech set data/YAF_sad/YAF_rot_sad.wav,2.229704268042926,2.176
tess/TESS Toronto emotional speech set data/YAF_angry/YAF_rough_angry.wav,2.14565413287458,1.856
tess/TESS Toronto emotional speech set data/YAF_disgust/YAF_rough_disgust.wav,2.718358318997297,2.208
tess/TESS Toronto emotional speech set data/YAF_fear/YAF_rough_fear.wav,1.897845498484476,1.824
tess/TESS Toronto emotional speech set data/YAF_happy/YAF_rough_happy.wav,1.874866879659212,1.472
tess/TESS Toronto emotional speech set data/YAF_neutral/YAF_rough_neutral.wav,1.957893012206112,1.792
tess/TESS Toronto emotional speech set data/YAF_pleasant_surprised/YAF_rough_ps.wav,2.032809043991153,1.728
tess/TESS Toronto emotional speech set data/YAF_sad/YAF_rough_sad.wav,2.285860571803064,2.144
tess/TESS Toronto emotional speech set data/YAF_angry/YAF_rush_angry.wav,2.2613254689932005,2.24
tess/TESS Toronto emotional speech set data/YAF_disgust/YAF_rush_disgust.wav,2.749160317850414,2.656
tess/TESS Toronto emotional speech set data/YAF_fear/YAF_rush_fear.wav,1.7812730400589825,1.632
tess/TESS Toronto emotional speech set data/YAF_happy/YAF_rush_happy.wav,2.081551568772016,1.952
tess/TESS Toronto emotional speech set data/YAF_neutral/YAF_rush_neutral.wav,2.255918735151962,2.1599375
tess/TESS Toronto emotional speech set data/YAF_pleasant_surprised/YAF_rush_ps.wav,1.9616203817481768,1.865625
tess/TESS Toronto emotional speech set data/YAF_sad/YAF_rush_sad.wav,2.4157860244122227,2.368
tess/TESS Toronto emotional speech set data/YAF_angry/YAF_said_angry.wav,2.050790530023757,1.92
tess/TESS Toronto emotional speech set data/YAF_disgust/YAF_said_disgust.wav,2.4955763086753504,2.368
tess/TESS Toronto emotional speech set data/YAF_fear/YAF_said_fear.wav,1.6644138608994838,1.536
tess/TESS Toronto emotional speech set data/YAF_happy/YAF_said_happy.wav,1.8884656344720243,1.6965
tess/TESS Toronto emotional speech set data/YAF_neutral/YAF_said_neutral.wav,2.0533710166298027,2.021375
tess/TESS Toronto emotional speech set data/YAF_pleasant_surprised/YAF_said_ps.wav,1.8077332677971656,1.76
tess/TESS Toronto emotional speech set data/YAF_sad/YAF_said_sad.wav,2.2495289587941345,2.112
tess/TESS Toronto emotional speech set data/YAF_angry/YAF_sail_angry.wav,2.0883099860735643,2.048
tess/TESS Toronto emotional speech set data/YAF_disgust/YAF_sail_disgust.wav,2.531211599901696,2.464
tess/TESS Toronto emotional speech set data/YAF_fear/YAF_sail_fear.wav,1.7787744736626523,1.632
tess/TESS Toronto emotional speech set data/YAF_happy/YAF_sail_happy.wav,1.9211108380437447,1.697125
tess/TESS Toronto emotional speech set data/YAF_neutral/YAF_sail_neutral.wav,2.017449004669452,1.9535
tess/TESS Toronto emotional speech set data/YAF_sad/YAF_sail_sad.wav,2.126320963381666,2.094375
tess/TESS Toronto emotional speech set data/YAF_angry/YAF_search_angry.wav,2.212091422954043,2.208
tess/TESS Toronto emotional speech set data/YAF_disgust/YAF_search_disgust.wav,2.7803309576472515,2.592
tess/TESS Toronto emotional speech set data/YAF_happy/YAF_search_happy.wav,2.092979438027361,1.792
tess/TESS Toronto emotional speech set data/YAF_neutral/YAF_search_neutral.wav,2.1498730236749406,2.08
tess/TESS Toronto emotional speech set data/YAF_sad/YAF_search_sad.wav,2.3834275415745063,2.336
tess/TESS Toronto emotional speech set data/YAF_angry/YAF_seize_angry.wav,2.369828786761694,2.144
tess/TESS Toronto emotional speech set data/YAF_disgust/YAF_seize_disgust.wav,2.8556565904808715,2.56
tess/TESS Toronto emotional speech set data/YAF_fear/YAF_seize_fear.wav,1.950479233226837,1.824
tess/TESS Toronto emotional speech set data/YAF_happy/YAF_seize_happy.wav,2.2212255263373475,1.792
tess/TESS Toronto emotional speech set data/YAF_neutral/YAF_seize_neutral.wav,2.262800032768084,2.2308125
tess/TESS Toronto emotional speech set data/YAF_pleasant_surprised/YAF_seize_ps.wav,1.9861145244531824,1.92
tess/TESS Toronto emotional speech set data/YAF_sad/YAF_seize_sad.wav,2.353936266076841,2.24
tess/TESS Toronto emotional speech set data/YAF_fear/YAF_sell_fear.wav,1.6906692881133776,1.6
tess/TESS Toronto emotional speech set data/YAF_happy/YAF_sell_happy.wav,1.855533710166298,1.6635625
tess/TESS Toronto emotional speech set data/YAF_neutral/YAF_sell_neutral.wav,1.7990906856721554,1.767125
tess/TESS Toronto emotional speech set data/YAF_pleasant_surprised/YAF_sell_ps.wav,2.066846891128041,1.810875
tess/TESS Toronto emotional speech set data/YAF_angry/YAF_shack_angry.wav,2.0349389694437616,1.824
tess/TESS Toronto emotional speech set data/YAF_disgust/YAF_shack_disgust.wav,2.592365036454493,2.208
tess/TESS Toronto emotional speech set data/YAF_fear/YAF_shack_fear.wav,1.7973703612681249,1.664
tess/TESS Toronto emotional speech set data/YAF_happy/YAF_shack_happy.wav,1.9456459408536089,1.568
tess/TESS Toronto emotional speech set data/YAF_neutral/YAF_shack_neutral.wav,2.17850413697059,2.144
tess/TESS Toronto emotional speech set data/YAF_pleasant_surprised/YAF_shack_ps.wav,1.8062587040222824,1.792
tess/TESS Toronto emotional speech set data/YAF_sad/YAF_shack_sad.wav,2.250102400262145,2.176
tess/TESS Toronto emotional speech set data/YAF_disgust/YAF_shall_disgust.wav,2.585033177684935,2.496
tess/TESS Toronto emotional speech set data/YAF_fear/YAF_shall_fear.wav,1.8084295895797493,1.664
tess/TESS Toronto emotional speech set data/YAF_happy/YAF_shall_happy.wav,1.9536741214057507,1.7296875
tess/TESS Toronto emotional speech set data/YAF_neutral/YAF_shall_neutral.wav,2.1425411649053823,2.1105625
tess/TESS Toronto emotional speech set data/YAF_pleasant_surprised/YAF_shall_ps.wav,1.814450724993856,1.6225
tess/TESS Toronto emotional speech set data/YAF_sad/YAF_shall_sad.wav,2.198615548455804,2.144
tess/TESS Toronto emotional speech set data/YAF_angry/YAF_shawl_angry.wav,2.1794052592774635,2.176
tess/TESS Toronto emotional speech set data/YAF_disgust/YAF_shawl_disgust.wav,2.45445236339805,2.336
tess/TESS Toronto emotional speech set data/YAF_fear/YAF_shawl_fear.wav,1.6225935938396003,1.536
tess/TESS Toronto emotional speech set data/YAF_happy/YAF_shawl_happy.wav,2.0003686409437207,1.936375
tess/TESS Toronto emotional speech set data/YAF_neutral/YAF_shawl_neutral.wav,2.2801261571229623,2.2481875
tess/TESS Toronto emotional speech set data/YAF_pleasant_surprised/YAF_shawl_ps.wav,1.8792905709838617,1.8473125
tess/TESS Toronto emotional speech set data/YAF_sad/YAF_shawl_sad.wav,2.177684934873433,2.1456875
tess/TESS Toronto emotional speech set data/YAF_angry/YAF_sheep_angry.wav,2.0926927172933563,2.08
tess/TESS Toronto emotional speech set data/YAF_disgust/YAF_sheep_disgust.wav,2.205373965757352,1.888
tess/TESS Toronto emotional speech set data/YAF_fear/YAF_sheep_fear.wav,1.543294830834767,1.5113125
tess/TESS Toronto emotional speech set data/YAF_happy/YAF_sheep_happy.wav,2.023961661341853,1.568
tess/TESS Toronto emotional speech set data/YAF_neutral/YAF_sheep_neutral.wav,2.14815269927091,2.08
tess/TESS Toronto emotional speech set data/YAF_pleasant_surprised/YAF_sheep_ps.wav,1.923609404440076,1.891625
tess/TESS Toronto emotional speech set data/YAF_sad/YAF_sheep_sad.wav,2.342795117555501,2.272
tess/TESS Toronto emotional speech set data/YAF_angry/YAF_shirt_angry.wav,2.1212419103792906,2.112
tess/TESS Toronto emotional speech set data/YAF_disgust/YAF_shirt_disgust.wav,2.654214794789875,2.496
tess/TESS Toronto emotional speech set data/YAF_fear/YAF_shirt_fear.wav,1.7353977226181698,1.632
tess/TESS Toronto emotional speech set data/YAF_happy/YAF_shirt_happy.wav,2.07282706643729,1.856
tess/TESS Toronto emotional speech set data/YAF_neutral/YAF_shirt_neutral.wav,2.025927746375031,1.9939375
tess/TESS Toronto emotional speech set data/YAF_pleasant_surprised/YAF_shirt_ps.wav,2.0276480707790614,1.9956875
tess/TESS Toronto emotional speech set data/YAF_sad/YAF_shirt_sad.wav,2.200172032440403,2.176
tess/TESS Toronto emotional speech set data/YAF_angry/YAF_should_angry.wav,2.1296387318751537,2.112
tess/TESS Toronto emotional speech set data/YAF_disgust/YAF_should_disgust.wav,2.7051282051282053,2.496
tess/TESS Toronto emotional speech set data/YAF_fear/YAF_should_fear.wav,1.7057835668059311,1.632
tess/TESS Toronto emotional speech set data/YAF_happy/YAF_should_happy.wav,1.9759154583435727,1.728
tess/TESS Toronto emotional speech set data/YAF_neutral/YAF_should_neutral.wav,1.956336528221512,1.92
tess/TESS Toronto emotional speech set data/YAF_sad/YAF_should_sad.wav,2.0962972065208487,2.016
tess/TESS Toronto emotional speech set data/YAF_angry/YAF_shout_angry.wav,2.092160235930204,2.0601875
tess/TESS Toronto emotional speech set data/YAF_disgust/YAF_shout_disgust.wav,2.4662079134922585,2.336
tess/TESS Toronto emotional speech set data/YAF_fear/YAF_shout_fear.wav,1.86491357417875,1.728
tess/TESS Toronto emotional speech set data/YAF_happy/YAF_shout_happy.wav,1.953960842139756,1.728
tess/TESS Toronto emotional speech set data/YAF_pleasant_surprised/YAF_shout_ps.wav,2.3742934381912018,2.304
tess/TESS Toronto emotional speech set data/YAF_sad/YAF_shout_sad.wav,2.279470795445236,2.144
tess/TESS Toronto emotional speech set data/YAF_angry/YAF_size_angry.wav,2.236339805029901,2.112
tess/TESS Toronto emotional speech set data/YAF_disgust/YAF_size_disgust.wav,2.668182190546408,2.432
tess/TESS Toronto emotional speech set data/YAF_fear/YAF_size_fear.wav,1.7395346932088147,1.312
tess/TESS Toronto emotional speech set data/YAF_happy/YAF_size_happy.wav,1.97771770295732,1.632
tess/TESS Toronto emotional speech set data/YAF_neutral/YAF_size_neutral.wav,2.0814696485623,2.048
tess/TESS Toronto emotional speech set data/YAF_pleasant_surprised/YAF_size_ps.wav,2.4507249938559843,1.92
tess/TESS Toronto emotional speech set data/YAF_sad/YAF_size_sad.wav,2.349307774227902,2.304
tess/TESS Toronto emotional speech set data/YAF_angry/YAF_soap_angry.wav,2.225731137871713,2.176
tess/TESS Toronto emotional speech set data/YAF_disgust/YAF_soap_disgust.wav,2.585033177684935,2.464
tess/TESS Toronto emotional speech set data/YAF_happy/YAF_soap_happy.wav,2.0832718931760463,1.792
tess/TESS Toronto emotional speech set data/YAF_neutral/YAF_soap_neutral.wav,2.1058818710575897,2.0419375
tess/TESS Toronto emotional speech set data/YAF_pleasant_surprised/YAF_soap_ps.wav,1.9541656426640448,1.9221875
tess/TESS Toronto emotional speech set data/YAF_sad/YAF_soap_sad.wav,2.0825755713934626,2.050625
tess/TESS Toronto emotional speech set data/YAF_disgust/YAF_soup_disgust.wav,2.354304907020562,2.3223125
tess/TESS Toronto emotional speech set data/YAF_happy/YAF_soup_happy.wav,1.9010403866633896,1.504
tess/TESS Toronto emotional speech set data/YAF_neutral/YAF_soup_neutral.wav,2.1873515196198903,2.08
tess/TESS Toronto emotional speech set data/YAF_pleasant_surprised/YAF_soup_ps.wav,1.9846399606783,1.9206875
tess/TESS Toronto emotional speech set data/YAF_sad/YAF_soup_sad.wav,2.4415499303678216,2.176
tess/TESS Toronto emotional speech set data/YAF_angry/YAF_sour_angry.wav,2.134144343409519,2.08
tess/TESS Toronto emotional speech set data/YAF_disgust/YAF_sour_disgust.wav,2.7039813221921847,2.56
tess/TESS Toronto emotional speech set data/YAF_fear/YAF_sour_fear.wav,1.7239698533628247,1.504
tess/TESS Toronto emotional speech set data/YAF_happy/YAF_sour_happy.wav,2.0175718849840254,1.793625
tess/TESS Toronto emotional speech set data/YAF_neutral/YAF_sour_neutral.wav,2.025804866060457,1.9618125
tess/TESS Toronto emotional speech set data/YAF_pleasant_surprised/YAF_sour_ps.wav,1.9075940034406489,1.875625
tess/TESS Toronto emotional speech set data/YAF_sad/YAF_sour_sad.wav,2.295977717702957,2.208
tess/TESS Toronto emotional speech set data/YAF_angry/YAF_south_angry.wav,2.2215122470713524,2.048
tess/TESS Toronto emotional speech set data/YAF_disgust/YAF_south_disgust.wav,2.611698205947407,2.272
tess/TESS Toronto emotional speech set data/YAF_fear/YAF_south_fear.wav,1.815679528139592,1.696
tess/TESS Toronto emotional speech set data/YAF_happy/YAF_south_happy.wav,2.085524698943229,1.664
tess/TESS Toronto emotional speech set data/YAF_neutral/YAF_south_neutral.wav,2.206152207749652,1.952
tess/TESS Toronto emotional speech set data/YAF_pleasant_surprised/YAF_south_ps.wav,1.959203735561563,1.76
tess/TESS Toronto emotional speech set data/YAF_sad/YAF_south_sad.wav,2.274391742442861,2.176
tess/TESS Toronto emotional speech set data/YAF_angry/YAF_sub_angry.wav,2.024944703858442,1.984
tess/TESS Toronto emotional speech set data/YAF_disgust/YAF_sub_disgust.wav,2.507618579503564,2.464
tess/TESS Toronto emotional speech set data/YAF_fear/YAF_sub_fear.wav,1.775825346112886,1.696
tess/TESS Toronto emotional speech set data/YAF_happy/YAF_sub_happy.wav,1.81686737118047,1.624875
tess/TESS Toronto emotional speech set data/YAF_pleasant_surprised/YAF_sub_ps.wav,2.215532071762104,2.1835625
tess/TESS Toronto emotional speech set data/YAF_sad/YAF_sub_sad.wav,2.282706643729008,2.208
tess/TESS Toronto emotional speech set data/YAF_disgust/YAF_such_disgust.wav,2.660973212091423,2.464
tess/TESS Toronto emotional speech set data/YAF_happy/YAF_such_happy.wav,2.0949045629556813,1.76
tess/TESS Toronto emotional speech set data/YAF_neutral/YAF_such_neutral.wav,2.058900630785615,1.9949375
tess/TESS Toronto emotional speech set data/YAF_pleasant_surprised/YAF_such_ps.wav,1.9879986892766448,1.984
tess/TESS Toronto emotional speech set data/YAF_sad/YAF_such_sad.wav,2.3031457360530845,2.2711875
tess/TESS Toronto emotional speech set data/YAF_angry/YAF_sure_angry.wav,2.032276562628,1.9043125
tess/TESS Toronto emotional speech set data/YAF_disgust/YAF_sure_disgust.wav,2.3717539116900137,2.2758125
tess/TESS Toronto emotional speech set data/YAF_fear/YAF_sure_fear.wav,1.5573441468010158,1.472
tess/TESS Toronto emotional speech set data/YAF_happy/YAF_sure_happy.wav,1.7522732858196115,1.5603125
tess/TESS Toronto emotional speech set data/YAF_pleasant_surprised/YAF_sure_ps.wav,2.2311378717129515,2.112
tess/TESS Toronto emotional speech set data/YAF_sad/YAF_sure_sad.wav,2.253420168755632,2.08
tess/TESS Toronto emotional speech set data/YAF_angry/YAF_take_angry.wav,2.1461046940280166,2.08
tess/TESS Toronto emotional speech set data/YAF_disgust/YAF_take_disgust.wav,2.467805357581716,1.984
tess/TESS Toronto emotional speech set data/YAF_happy/YAF_take_happy.wav,2.0009830425165887,1.44
tess/TESS Toronto emotional speech set data/YAF_neutral/YAF_take_neutral.wav,1.9186941918571312,1.856
tess/TESS Toronto emotional speech set data/YAF_pleasant_surprised/YAF_take_ps.wav,2.373924797247481,2.112
tess/TESS Toronto emotional speech set data/YAF_sad/YAF_take_sad.wav,2.184771033013845,1.888
tess/TESS Toronto emotional speech set data/YAF_angry/YAF_talk_angry.wav,2.2713197345785203,2.016
tess/TESS Toronto emotional speech set data/YAF_disgust/YAF_talk_disgust.wav,2.5162611616285737,2.208
tess/TESS Toronto emotional speech set data/YAF_fear/YAF_talk_fear.wav,1.8391087081182929,1.696
tess/TESS Toronto emotional speech set data/YAF_happy/YAF_talk_happy.wav,2.0563611042844268,1.568
tess/TESS Toronto emotional speech set data/YAF_neutral/YAF_talk_neutral.wav,2.151060866715819,2.048
tess/TESS Toronto emotional speech set data/YAF_pleasant_surprised/YAF_talk_ps.wav,1.9873023674940609,1.824
tess/TESS Toronto emotional speech set data/YAF_sad/YAF_talk_sad.wav,2.289137380191693,2.08
tess/TESS Toronto emotional speech set data/YAF_disgust/YAF_tape_disgust.wav,2.599369214385189,2.496
tess/TESS Toronto emotional speech set data/YAF_fear/YAF_tape_fear.wav,1.88125665601704,1.824
tess/TESS Toronto emotional speech set data/YAF_happy/YAF_tape_happy.wav,1.9546162038174817,1.536
tess/TESS Toronto emotional speech set data/YAF_neutral/YAF_tape_neutral.wav,2.0048742524780865,1.972875
tess/TESS Toronto emotional speech set data/YAF_pleasant_surprised/YAF_tape_ps.wav,1.9761202588678628,1.944125
tess/TESS Toronto emotional speech set data/YAF_sad/YAF_tape_sad.wav,2.322601785860572,2.290625
tess/TESS Toronto emotional speech set data/YAF_disgust/YAF_team_disgust.wav,2.5288768739247973,2.496
tess/TESS Toronto emotional speech set data/YAF_fear/YAF_team_fear.wav,1.7952813959203735,1.76
tess/TESS Toronto emotional speech set data/YAF_happy/YAF_team_happy.wav,2.125747521913656,1.90175
tess/TESS Toronto emotional speech set data/YAF_neutral/YAF_team_neutral.wav,2.2230277709510937,2.1590625
tess/TESS Toronto emotional speech set data/YAF_pleasant_surprised/YAF_team_ps.wav,1.8797411321372983,1.84775
tess/TESS Toronto emotional speech set data/YAF_sad/YAF_team_sad.wav,2.3653641353321864,2.24
tess/TESS Toronto emotional speech set data/YAF_disgust/YAF_tell_disgust.wav,2.3556565904808715,2.3236875
tess/TESS Toronto emotional speech set data/YAF_fear/YAF_tell_fear.wav,1.7168837552224134,1.664
tess/TESS Toronto emotional speech set data/YAF_happy/YAF_tell_happy.wav,1.9758744982387155,1.751875
tess/TESS Toronto emotional speech set data/YAF_neutral/YAF_tell_neutral.wav,2.252805767182764,2.2208125
tess/TESS Toronto emotional speech set data/YAF_pleasant_surprised/YAF_tell_ps.wav,1.874416318505776,1.8424375
tess/TESS Toronto emotional speech set data/YAF_sad/YAF_tell_sad.wav,2.30593102318342,2.208
tess/TESS Toronto emotional speech set data/YAF_happy/YAF_thin_happy.wav,1.9659621528631115,1.774
tess/TESS Toronto emotional speech set data/YAF_neutral/YAF_thin_neutral.wav,2.206725649217662,2.14275
tess/TESS Toronto emotional speech set data/YAF_pleasant_surprised/YAF_thin_ps.wav,1.8729007946260343,1.8409375
tess/TESS Toronto emotional speech set data/YAF_sad/YAF_thin_sad.wav,2.2924551486851805,2.2605
tess/TESS Toronto emotional speech set data/YAF_angry/YAF_third_angry.wav,2.2084459736216924,2.08
tess/TESS Toronto emotional speech set data/YAF_disgust/YAF_third_disgust.wav,2.4815269927091013,2.4
tess/TESS Toronto emotional speech set data/YAF_neutral/YAF_third_neutral.wav,1.8597116408618009,1.82775
tess/TESS Toronto emotional speech set data/YAF_pleasant_surprised/YAF_third_ps.wav,2.3420168755632016,2.176
tess/TESS Toronto emotional speech set data/YAF_sad/YAF_third_sad.wav,2.2902842631277136,2.208
tess/TESS Toronto emotional speech set data/YAF_angry/YAF_thought_angry.wav,2.139182436307037,2.08
tess/TESS Toronto emotional speech set data/YAF_disgust/YAF_thought_disgust.wav,2.5384205783566807,2.432
tess/TESS Toronto emotional speech set data/YAF_fear/YAF_thought_fear.wav,2.003686409437208,1.792
tess/TESS Toronto emotional speech set data/YAF_happy/YAF_thought_happy.wav,1.907553043335791,1.504
tess/TESS Toronto emotional speech set data/YAF_neutral/YAF_thought_neutral.wav,2.185713115425576,2.15375
tess/TESS Toronto emotional speech set data/YAF_pleasant_surprised/YAF_thought_ps.wav,1.908126484803801,1.824
tess/TESS Toronto emotional speech set data/YAF_sad/YAF_thought_sad.wav,2.19427377734087,2.112
tess/TESS Toronto emotional speech set data/YAF_angry/YAF_thumb_angry.wav,2.102727942983534,2.016
tess/TESS Toronto emotional speech set data/YAF_disgust/YAF_thumb_disgust.wav,2.386540509543704,2.272
tess/TESS Toronto emotional speech set data/YAF_fear/YAF_thumb_fear.wav,1.701441795690997,1.504
tess/TESS Toronto emotional speech set data/YAF_happy/YAF_thumb_happy.wav,1.9709183255509133,1.7149375
tess/TESS Toronto emotional speech set data/YAF_neutral/YAF_thumb_neutral.wav,2.11010076185795,1.982125
tess/TESS Toronto emotional speech set data/YAF_angry/YAF_time_angry.wav,2.17621037109855,2.016
tess/TESS Toronto emotional speech set data/YAF_disgust/YAF_time_disgust.wav,2.558900630785615,2.496
tess/TESS Toronto emotional speech set data/YAF_fear/YAF_time_fear.wav,1.9260260506266893,1.792
tess/TESS Toronto emotional speech set data/YAF_happy/YAF_time_happy.wav,2.00942082411731,1.7854375
tess/TESS Toronto emotional speech set data/YAF_neutral/YAF_time_neutral.wav,2.1728516425002047,2.076875
tess/TESS Toronto emotional speech set data/YAF_pleasant_surprised/YAF_time_ps.wav,1.952363398050299,1.920375
tess/TESS Toronto emotional speech set data/YAF_angry/YAF_tip_angry.wav,2.071065781928401,1.888
tess/TESS Toronto emotional speech set data/YAF_disgust/YAF_tip_disgust.wav,2.353977226181699,2.322
tess/TESS Toronto emotional speech set data/YAF_fear/YAF_tip_fear.wav,1.6109199639551075,1.568
tess/TESS Toronto emotional speech set data/YAF_happy/YAF_tip_happy.wav,1.827885639387237,1.792
tess/TESS Toronto emotional speech set data/YAF_neutral/YAF_tip_neutral.wav,2.006512656672401,1.9745625
tess/TESS Toronto emotional speech set data/YAF_pleasant_surprised/YAF_tip_ps.wav,2.23232571475383,2.008375
tess/TESS Toronto emotional speech set data/YAF_sad/YAF_tip_sad.wav,2.1511837470303923,2.048
tess/TESS Toronto emotional speech set data/YAF_disgust/YAF_tire_disgust.wav,2.508069140657,2.496
tess/TESS Toronto emotional speech set data/YAF_fear/YAF_tire_fear.wav,1.800770049971328,1.728
tess/TESS Toronto emotional speech set data/YAF_happy/YAF_tire_happy.wav,2.0347341689194725,1.81075
tess/TESS Toronto emotional speech set data/YAF_neutral/YAF_tire_neutral.wav,2.0197018104366347,1.92375
tess/TESS Toronto emotional speech set data/YAF_angry/YAF_ton_angry.wav,2.175186368477103,2.048
tess/TESS Toronto emotional speech set data/YAF_disgust/YAF_ton_disgust.wav,2.2629638731875152,2.231
tess/TESS Toronto emotional speech set data/YAF_fear/YAF_ton_fear.wav,1.9006307856148112,1.76
tess/TESS Toronto emotional speech set data/YAF_happy/YAF_ton_happy.wav,1.821209142295404,1.66125
tess/TESS Toronto emotional speech set data/YAF_neutral/YAF_ton_neutral.wav,2.1022773818300973,2.0703125
tess/TESS Toronto emotional speech set data/YAF_disgust/YAF_tool_disgust.wav,2.5005734414680103,2.468625
tess/TESS Toronto emotional speech set data/YAF_happy/YAF_tool_happy.wav,1.7896698615548456,1.5976875
tess/TESS Toronto emotional speech set data/YAF_neutral/YAF_tool_neutral.wav,2.1355369869746865,2.1035625
tess/TESS Toronto emotional speech set data/YAF_pleasant_surprised/YAF_tool_ps.wav,1.7164741541738346,1.6845
tess/TESS Toronto emotional speech set data/YAF_sad/YAF_tool_sad.wav,2.246948472188089,2.176
tess/TESS Toronto emotional speech set data/YAF_angry/YAF_tough_angry.wav,2.256860817563693,1.984
tess/TESS Toronto emotional speech set data/YAF_disgust/YAF_tough_disgust.wav,2.5229376587204064,2.24
tess/TESS Toronto emotional speech set data/YAF_fear/YAF_tough_fear.wav,1.639469157041042,1.6
tess/TESS Toronto emotional speech set data/YAF_happy/YAF_tough_happy.wav,1.728844105840911,1.376
tess/TESS Toronto emotional speech set data/YAF_neutral/YAF_tough_neutral.wav,1.9357335954780044,1.728
tess/TESS Toronto emotional speech set data/YAF_pleasant_surprised/YAF_tough_ps.wav,2.2893831408208407,2.048
tess/TESS Toronto emotional speech set data/YAF_sad/YAF_tough_sad.wav,2.1778487752928646,1.92
tess/TESS Toronto emotional speech set data/YAF_angry/YAF_turn_angry.wav,2.223806012943393,2.016
tess/TESS Toronto emotional speech set data/YAF_disgust/YAF_turn_disgust.wav,2.5866715818792496,2.5546875
tess/TESS Toronto emotional speech set data/YAF_fear/YAF_turn_fear.wav,1.946137462111903,1.824
tess/TESS Toronto emotional speech set data/YAF_happy/YAF_turn_happy.wav,1.8590562791840748,1.6350625
tess/TESS Toronto emotional speech set data/YAF_neutral/YAF_turn_neutral.wav,2.110510362906529,2.0785625
tess/TESS Toronto emotional speech set data/YAF_disgust/YAF_vine_disgust.wav,2.4764479397067256,2.4445
tess/TESS Toronto emotional speech set data/YAF_fear/YAF_vine_fear.wav,1.6822724666175146,1.568
tess/TESS Toronto emotional speech set data/YAF_happy/YAF_vine_happy.wav,1.9334807897108213,1.7735
tess/TESS Toronto emotional speech set data/YAF_neutral/YAF_vine_neutral.wav,1.9941427050053249,1.9621875
tess/TESS Toronto emotional speech set data/YAF_pleasant_surprised/YAF_vine_ps.wav,2.4500286720734006,2.304
tess/TESS Toronto emotional speech set data/YAF_sad/YAF_vine_sad.wav,2.1872286393053164,2.15525
tess/TESS Toronto emotional speech set data/YAF_angry/YAF_voice_angry.wav,2.443638895715573,2.368
tess/TESS Toronto emotional speech set data/YAF_disgust/YAF_voice_disgust.wav,2.711026460227738,2.592
tess/TESS Toronto emotional speech set data/YAF_fear/YAF_voice_fear.wav,1.7790202342917998,1.632
tess/TESS Toronto emotional speech set data/YAF_happy/YAF_voice_happy.wav,1.9817727533382483,1.6
tess/TESS Toronto emotional speech set data/YAF_neutral/YAF_voice_neutral.wav,2.3221102646022773,2.304
tess/TESS Toronto emotional speech set data/YAF_pleasant_surprised/YAF_voice_ps.wav,1.9008355861391004,1.76
tess/TESS Toronto emotional speech set data/YAF_sad/YAF_voice_sad.wav,2.231383632342099,2.176
tess/TESS Toronto emotional speech set data/YAF_angry/YAF_void_angry.wav,2.177766855083149,2.112
tess/TESS Toronto emotional speech set data/YAF_disgust/YAF_void_disgust.wav,2.5608257557139344,2.432
tess/TESS Toronto emotional speech set data/YAF_fear/YAF_void_fear.wav,1.946506103055624,1.792
tess/TESS Toronto emotional speech set data/YAF_happy/YAF_void_happy.wav,2.144466289833702,1.792
tess/TESS Toronto emotional speech set data/YAF_neutral/YAF_void_neutral.wav,2.197018104366347,2.1650625
tess/TESS Toronto emotional speech set data/YAF_pleasant_surprised/YAF_void_ps.wav,1.828049479806668,1.824
tess/TESS Toronto emotional speech set data/YAF_sad/YAF_void_sad.wav,2.491930859343,2.176
tess/TESS Toronto emotional speech set data/YAF_angry/YAF_vote_angry.wav,2.113582370770869,2.112
tess/TESS Toronto emotional speech set data/YAF_disgust/YAF_vote_disgust.wav,2.417588269025969,2.336
tess/TESS Toronto emotional speech set data/YAF_fear/YAF_vote_fear.wav,1.781477840583272,1.664
tess/TESS Toronto emotional speech set data/YAF_happy/YAF_vote_happy.wav,2.002416646186614,1.76
tess/TESS Toronto emotional speech set data/YAF_neutral/YAF_vote_neutral.wav,2.094617842221676,2.030625
tess/TESS Toronto emotional speech set data/YAF_pleasant_surprised/YAF_vote_ps.wav,2.015360039321701,1.983375
tess/TESS Toronto emotional speech set data/YAF_sad/YAF_vote_sad.wav,2.1913246497911034,2.144
tess/TESS Toronto emotional speech set data/YAF_angry/YAF_wag_angry.wav,2.3416482346194805,2.208
tess/TESS Toronto emotional speech set data/YAF_disgust/YAF_wag_disgust.wav,2.554558859670681,2.496
tess/TESS Toronto emotional speech set data/YAF_fear/YAF_wag_fear.wav,2.0384615384615383,1.856
tess/TESS Toronto emotional speech set data/YAF_happy/YAF_wag_happy.wav,1.9574014909478168,1.728
tess/TESS Toronto emotional speech set data/YAF_neutral/YAF_wag_neutral.wav,2.122634553944458,2.0906875
tess/TESS Toronto emotional speech set data/YAF_pleasant_surprised/YAF_wag_ps.wav,1.805685262554272,1.6
tess/TESS Toronto emotional speech set data/YAF_sad/YAF_wag_sad.wav,2.21483574997952,2.112
tess/TESS Toronto emotional speech set data/YAF_angry/YAF_walk_angry.wav,2.3323502908167444,2.048
tess/TESS Toronto emotional speech set data/YAF_disgust/YAF_walk_disgust.wav,2.590276071106742,2.24
tess/TESS Toronto emotional speech set data/YAF_fear/YAF_walk_fear.wav,1.835299418366511,1.44
tess/TESS Toronto emotional speech set data/YAF_happy/YAF_walk_happy.wav,2.134267223724093,1.696
tess/TESS Toronto emotional speech set data/YAF_neutral/YAF_walk_neutral.wav,2.258581141967724,1.984
tess/TESS Toronto emotional speech set data/YAF_pleasant_surprised/YAF_walk_ps.wav,1.918653231752273,1.728
tess/TESS Toronto emotional speech set data/YAF_sad/YAF_walk_sad.wav,2.408699926271811,2.144
tess/TESS Toronto emotional speech set data/YAF_disgust/YAF_wash_disgust.wav,2.7014827557958547,2.496
tess/TESS Toronto emotional speech set data/YAF_fear/YAF_wash_fear.wav,1.975382976980421,1.728
tess/TESS Toronto emotional speech set data/YAF_happy/YAF_wash_happy.wav,2.1199721471286965,1.792
tess/TESS Toronto emotional speech set data/YAF_neutral/YAF_wash_neutral.wav,2.082452691078889,2.016
tess/TESS Toronto emotional speech set data/YAF_pleasant_surprised/YAF_wash_ps.wav,2.0136397149176704,1.952
tess/TESS Toronto emotional speech set data/YAF_sad/YAF_wash_sad.wav,2.4238961251740805,2.368
tess/TESS Toronto emotional speech set data/YAF_angry/YAF_week_angry.wav,1.9622757434259035,1.92
tess/TESS Toronto emotional speech set data/YAF_disgust/YAF_week_disgust.wav,2.499016957483412,2.144
tess/TESS Toronto emotional speech set data/YAF_fear/YAF_week_fear.wav,1.6934955353485706,1.568
tess/TESS Toronto emotional speech set data/YAF_happy/YAF_week_happy.wav,1.756205455885967,1.44
tess/TESS Toronto emotional speech set data/YAF_neutral/YAF_week_neutral.wav,2.011223068731056,1.76
tess/TESS Toronto emotional speech set data/YAF_pleasant_surprised/YAF_week_ps.wav,2.3574588350946177,2.048
tess/TESS Toronto emotional speech set data/YAF_sad/YAF_week_sad.wav,2.3245269107888915,2.048
tess/TESS Toronto emotional speech set data/YAF_disgust/YAF_wheat_disgust.wav,2.496231670353076,2.368
tess/TESS Toronto emotional speech set data/YAF_fear/YAF_wheat_fear.wav,1.8714671909560088,1.728
tess/TESS Toronto emotional speech set data/YAF_happy/YAF_wheat_happy.wav,2.0814696485623,1.792
tess/TESS Toronto emotional speech set data/YAF_neutral/YAF_wheat_neutral.wav,2.1393462767264686,2.011375
tess/TESS Toronto emotional speech set data/YAF_pleasant_surprised/YAF_wheat_ps.wav,1.8618825264192675,1.8299375
tess/TESS Toronto emotional speech set data/YAF_sad/YAF_wheat_sad.wav,2.422339641189481,2.336
tess/TESS Toronto emotional speech set data/YAF_disgust/YAF_when_disgust.wav,2.553944458097813,2.522
tess/TESS Toronto emotional speech set data/YAF_fear/YAF_when_fear.wav,1.7315884328663882,1.696
tess/TESS Toronto emotional speech set data/YAF_happy/YAF_when_happy.wav,1.946465142950766,1.7225
tess/TESS Toronto emotional speech set data/YAF_neutral/YAF_when_neutral.wav,2.2287212255263373,2.16475
tess/TESS Toronto emotional speech set data/YAF_pleasant_surprised/YAF_when_ps.wav,1.881707217170476,1.81775
tess/TESS Toronto emotional speech set data/YAF_angry/YAF_which_angry.wav,2.147865978536905,2.144
tess/TESS Toronto emotional speech set data/YAF_disgust/YAF_which_disgust.wav,2.5939624805439503,2.432
tess/TESS Toronto emotional speech set data/YAF_fear/YAF_which_fear.wav,1.7050872450233472,1.664
tess/TESS Toronto emotional speech set data/YAF_happy/YAF_which_happy.wav,2.081141967723437,1.76
tess/TESS Toronto emotional speech set data/YAF_neutral/YAF_which_neutral.wav,2.0209715736872287,2.016
tess/TESS Toronto emotional speech set data/YAF_pleasant_surprised/YAF_which_ps.wav,2.3027361350045057,2.176
tess/TESS Toronto emotional speech set data/YAF_sad/YAF_which_sad.wav,2.3563529122634552,2.304
tess/TESS Toronto emotional speech set data/YAF_angry/YAF_whip_angry.wav,2.0054886540509544,1.9735
tess/TESS Toronto emotional speech set data/YAF_disgust/YAF_whip_disgust.wav,2.341730154829196,2.24
tess/TESS Toronto emotional speech set data/YAF_fear/YAF_whip_fear.wav,1.5095846645367412,1.472
tess/TESS Toronto emotional speech set data/YAF_happy/YAF_whip_happy.wav,1.9273777340869995,1.44
tess/TESS Toronto emotional speech set data/YAF_pleasant_surprised/YAF_whip_ps.wav,2.0377652166789546,1.9738125
tess/TESS Toronto emotional speech set data/YAF_sad/YAF_whip_sad.wav,2.2523142459244694,2.208
tess/TESS Toronto emotional speech set data/YAF_angry/YAF_white_angry.wav,2.2377324485950685,2.208
tess/TESS Toronto emotional speech set data/YAF_disgust/YAF_white_disgust.wav,2.693167854509708,2.56
tess/TESS Toronto emotional speech set data/YAF_fear/YAF_white_fear.wav,1.7430572622265914,1.664
tess/TESS Toronto emotional speech set data/YAF_happy/YAF_white_happy.wav,2.035430490702056,1.568
tess/TESS Toronto emotional speech set data/YAF_neutral/YAF_white_neutral.wav,2.161300892930286,2.08
tess/TESS Toronto emotional speech set data/YAF_sad/YAF_white_sad.wav,2.282256082575572,2.24
tess/TESS Toronto emotional speech set data/YAF_angry/YAF_wife_angry.wav,2.192143851888261,1.856
tess/TESS Toronto emotional speech set data/YAF_disgust/YAF_wife_disgust.wav,2.675514049315966,2.208
tess/TESS Toronto emotional speech set data/YAF_fear/YAF_wife_fear.wav,1.677889735397723,1.6139375
tess/TESS Toronto emotional speech set data/YAF_happy/YAF_wife_happy.wav,2.0636110428442698,1.568
tess/TESS Toronto emotional speech set data/YAF_neutral/YAF_wife_neutral.wav,1.9272958138772835,1.696
tess/TESS Toronto emotional speech set data/YAF_pleasant_surprised/YAF_wife_ps.wav,1.944908658966167,1.696
tess/TESS Toronto emotional speech set data/YAF_sad/YAF_wife_sad.wav,2.2968378799049725,2.144
tess/TESS Toronto emotional speech set data/YAF_fear/YAF_wire_fear.wav,1.7044728434504792,1.568
tess/TESS Toronto emotional speech set data/YAF_happy/YAF_wire_happy.wav,2.075571393462768,1.883625
tess/TESS Toronto emotional speech set data/YAF_neutral/YAF_wire_neutral.wav,2.228516425002048,2.1325625
tess/TESS Toronto emotional speech set data/YAF_sad/YAF_wire_sad.wav,2.459490456295568,2.368
tess/TESS Toronto emotional speech set data/YAF_disgust/YAF_witch_disgust.wav,2.7523142459244694,2.592
tess/TESS Toronto emotional speech set data/YAF_fear/YAF_witch_fear.wav,1.8978045383796185,1.792
tess/TESS Toronto emotional speech set data/YAF_happy/YAF_witch_happy.wav,2.077168837552224,1.792
tess/TESS Toronto emotional speech set data/YAF_neutral/YAF_witch_neutral.wav,2.1457770131891536,2.112
tess/TESS Toronto emotional speech set data/YAF_pleasant_surprised/YAF_witch_ps.wav,1.841648234619481,1.7456875
tess/TESS Toronto emotional speech set data/YAF_disgust/YAF_yearn_disgust.wav,2.5919963955107725,2.464
tess/TESS Toronto emotional speech set data/YAF_fear/YAF_yearn_fear.wav,1.7592774637503072,1.664
tess/TESS Toronto emotional speech set data/YAF_happy/YAF_yearn_happy.wav,2.0857704595723767,1.824
tess/TESS Toronto emotional speech set data/YAF_neutral/YAF_yearn_neutral.wav,1.8989923814204963,1.867
tess/TESS Toronto emotional speech set data/YAF_angry/YAF_yes_angry.wav,1.9948390267879088,1.952
tess/TESS Toronto emotional speech set data/YAF_disgust/YAF_yes_disgust.wav,2.448676988613091,2.272
tess/TESS Toronto emotional speech set data/YAF_fear/YAF_yes_fear.wav,1.627959367575981,1.536
tess/TESS Toronto emotional speech set data/YAF_happy/YAF_yes_happy.wav,2.178872777914312,1.568
tess/TESS Toronto emotional speech set data/YAF_neutral/YAF_yes_neutral.wav,1.980093389039076,1.92
tess/TESS Toronto emotional speech set data/YAF_pleasant_surprised/YAF_yes_ps.wav,2.297616121897272,2.016
tess/TESS Toronto emotional speech set data/YAF_sad/YAF_yes_sad.wav,2.218890800360449,2.176
tess/TESS Toronto emotional speech set data/YAF_disgust/YAF_young_disgust.wav,2.60915867944622,2.464
tess/TESS Toronto emotional speech set data/YAF_fear/YAF_young_fear.wav,1.886704349963136,1.536
tess/TESS Toronto emotional speech set data/YAF_happy/YAF_young_happy.wav,1.8323093307118867,1.6403125
tess/TESS Toronto emotional speech set data/YAF_sad/YAF_young_sad.wav,2.329605963791267,2.176
tess/TESS Toronto emotional speech set data/YAF_angry/YAF_youth_angry.wav,2.4092324076349634,1.984
tess/TESS Toronto emotional speech set data/YAF_disgust/YAF_youth_disgust.wav,2.6742033259605145,2.432
tess/TESS Toronto emotional speech set data/YAF_fear/YAF_youth_fear.wav,1.7450643073646268,1.344
tess/TESS Toronto emotional speech set data/YAF_happy/YAF_youth_happy.wav,2.1112066846891127,1.664
tess/TESS Toronto emotional speech set data/YAF_neutral/YAF_youth_neutral.wav,2.153805193741296,1.952
tess/TESS Toronto emotional speech set data/YAF_pleasant_surprised/YAF_youth_ps.wav,1.7759482264274598,1.664
tess/TESS Toronto emotional speech set data/YAF_sad/YAF_youth_sad.wav,2.375358400917506,2.272
