row_index,dataset,speaker,filename,emotion,real_frames,true_label,predicted_label,correct,confidence,prob_Angry,prob_Disgust,prob_Fear,prob_Happy,prob_Neutral,prob_Sad,prob_Surprise
2398,ravdess,01,03-01-01-01-01-01-01.wav,Neutral,138,Neutral,Neutral,True,0.4723577,0.0017280877,0.0030070585,0.01806377,0.10491486,0.4723577,0.39947328,0.00045524683
2399,ravdess,01,03-01-01-01-01-02-01.wav,Neutral,138,Neutral,Neutral,True,0.6207393,0.0022240723,0.002112665,0.009342065,0.2253294,0.6207393,0.13965786,0.0005946258
2400,ravdess,01,03-01-01-01-02-01-01.wav,Neutral,135,Neutral,Neutral,True,0.52963674,0.00023732119,0.002756292,0.001619652,0.054634552,0.52963674,0.41103524,8.0188955e-05
2401,ravdess,01,03-01-01-01-02-02-01.wav,Neutral,129,Neutral,Neutral,True,0.88447523,0.00049833854,0.0017870365,0.00044559687,0.022718089,0.88447523,0.0899888,8.689666e-05
2402,ravdess,01,03-01-03-01-01-01-01.wav,Happy,161,Happy,Neutral,False,0.46241605,0.00021527764,0.0004935161,0.02378771,0.18004881,0.46241605,0.33278203,0.00025663993
2403,ravdess,01,03-01-03-01-01-02-01.wav,Happy,180,Happy,Fear,False,0.53241193,0.0013771134,0.0005034971,0.53241193,0.2579357,0.11788514,0.08529255,0.0045940564
2404,ravdess,01,03-01-03-01-02-01-01.wav,Happy,157,Happy,Neutral,False,0.50109434,3.862184e-05,0.00017659592,0.0002788616,0.0024731609,0.50109434,0.49593747,9.799008e-07
2405,ravdess,01,03-01-03-01-02-02-01.wav,Happy,180,Happy,Sad,False,0.63969463,0.0006955046,0.0017294195,0.009352694,0.0028565333,0.34552407,0.63969463,0.00014719565
2406,ravdess,01,03-01-03-02-01-01-01.wav,Happy,170,Happy,Happy,True,0.6298498,0.04125456,0.0076077273,0.089481615,0.6298498,0.0047887526,0.055161487,0.17185603
2407,ravdess,01,03-01-03-02-01-02-01.wav,Happy,189,Happy,Happy,True,0.8108182,0.005429843,0.0014739532,0.07758589,0.8108182,0.033584423,0.06736159,0.0037461198
2408,ravdess,01,03-01-03-02-02-01-01.wav,Happy,199,Happy,Sad,False,0.6710764,0.11612323,0.0413939,0.07726464,0.017172953,0.066768914,0.6710764,0.010199878
2409,ravdess,01,03-01-03-02-02-02-01.wav,Happy,202,Happy,Sad,False,0.8279863,0.04276828,0.015760753,0.06435026,0.0023069473,0.044779714,0.8279863,0.002047835
2410,ravdess,01,03-01-04-01-01-01-01.wav,Sad,186,Sad,Neutral,False,0.82763433,0.0010920205,0.00070370187,0.0007260619,0.02478207,0.82763433,0.14505894,2.8543839e-06
2411,ravdess,01,03-01-04-01-01-02-01.wav,Sad,167,Sad,Neutral,False,0.9783045,1.7699866e-05,1.7818387e-05,1.553042e-05,0.00017354467,0.9783045,0.0214705,3.5770296e-07
2412,ravdess,01,03-01-04-01-02-01-01.wav,Sad,154,Sad,Neutral,False,0.5952516,9.2926406e-05,0.0003570316,2.6961854e-05,0.0006144351,0.5952516,0.40365624,7.73012e-07
2413,ravdess,01,03-01-04-01-02-02-01.wav,Sad,148,Sad,Neutral,False,0.79539824,0.00043568702,0.00026481735,6.965928e-05,0.002084991,0.79539824,0.20174131,5.20187e-06
2414,ravdess,01,03-01-04-02-01-01-01.wav,Sad,189,Sad,Neutral,False,0.74216706,4.9075723e-05,4.5655215e-05,0.00015002683,0.00056952616,0.74216706,0.25701815,5.410193e-07
2415,ravdess,01,03-01-04-02-01-02-01.wav,Sad,173,Sad,Sad,True,0.39778894,0.0072950483,0.00058450416,0.17684849,0.04082329,0.3761102,0.39778894,0.0005496105
2416,ravdess,01,03-01-04-02-02-01-01.wav,Sad,180,Sad,Sad,True,0.88289064,0.000746668,0.0023981708,0.028198838,0.0033284721,0.081958055,0.88289064,0.00047920694
2417,ravdess,01,03-01-04-02-02-02-01.wav,Sad,180,Sad,Sad,True,0.8400613,0.0030835003,0.00012416662,0.03442225,0.008970166,0.113295846,0.8400613,4.2761523e-05
2418,ravdess,01,03-01-05-01-01-01-01.wav,Angry,193,Angry,Fear,False,0.45356262,0.16473264,0.06012645,0.45356262,0.056665204,0.016804246,0.23469491,0.01341391
2419,ravdess,01,03-01-05-01-01-02-01.wav,Angry,205,Angry,Angry,True,0.9837112,0.9837112,0.0014565709,0.0003404215,0.012567448,0.00019716455,0.00085093733,0.00087629945
2420,ravdess,01,03-01-05-01-02-01-01.wav,Angry,157,Angry,Sad,False,0.45376006,0.03304252,0.011956285,0.097169556,0.31299368,0.08640628,0.45376006,0.0046715997
2421,ravdess,01,03-01-05-01-02-02-01.wav,Angry,180,Angry,Sad,False,0.722153,0.021984488,0.0017211724,0.03579185,0.042951755,0.17403956,0.722153,0.0013581915
2422,ravdess,01,03-01-05-02-01-01-01.wav,Angry,209,Angry,Angry,True,0.89740086,0.89740086,8.520503e-05,0.010181842,0.086998425,0.00032987658,0.0013974657,0.0036064268
2423,ravdess,01,03-01-05-02-01-02-01.wav,Angry,321,Angry,Surprise,False,0.47292742,0.34070492,0.00017298783,0.17443429,0.011125303,3.222061e-06,0.0006318225,0.47292742
2424,ravdess,01,03-01-05-02-02-01-01.wav,Angry,212,Angry,Fear,False,0.57110393,0.36821982,0.00024178486,0.57110393,0.0044430345,1.8546934e-05,0.0007146568,0.05525822
2425,ravdess,01,03-01-05-02-02-02-01.wav,Angry,241,Angry,Angry,True,0.95198846,0.95198846,0.02157153,0.0028365897,0.00051856186,1.4208757e-05,0.0106788855,0.012391812
2426,ravdess,01,03-01-06-01-01-01-01.wav,Fear,173,Fear,Sad,False,0.6437441,0.00052407716,0.0008748178,0.14785913,0.06537081,0.14116248,0.6437441,0.00046458322
2427,ravdess,01,03-01-06-01-01-02-01.wav,Fear,177,Fear,Fear,True,0.70813644,0.0042226203,0.0009259929,0.70813644,0.18360001,0.0627335,0.039231386,0.0011500278
2428,ravdess,01,03-01-06-01-02-01-01.wav,Fear,341,Fear,Sad,False,0.51208353,9.334889e-06,0.00057083747,6.753249e-06,2.4992492e-05,0.4873035,0.51208353,1.0639068e-06
2429,ravdess,01,03-01-06-01-02-02-01.wav,Fear,196,Fear,Sad,False,0.9539603,7.780796e-06,5.916634e-05,0.0004640064,0.0003925796,0.045111146,0.9539603,5.028568e-06
2430,ravdess,01,03-01-06-02-01-01-01.wav,Fear,289,Fear,Surprise,False,0.7050672,0.022743104,0.09714826,0.16400328,0.0035490354,0.0007450471,0.0067439866,0.7050672
2431,ravdess,01,03-01-06-02-01-02-01.wav,Fear,231,Fear,Angry,False,0.76455027,0.76455027,0.011958398,0.14566073,0.0076257316,0.00043905198,0.0008181422,0.06894776
2432,ravdess,01,03-01-06-02-02-01-01.wav,Fear,183,Fear,Fear,True,0.70270884,0.01712354,0.00014971476,0.70270884,0.19765712,0.0077912365,0.07312709,0.0014424198
2433,ravdess,01,03-01-06-02-02-02-01.wav,Fear,183,Fear,Fear,True,0.48984715,0.24185055,0.00023673648,0.48984715,0.16919552,3.450412e-05,0.0053809904,0.09345456
2434,ravdess,01,03-01-07-01-01-01-01.wav,Disgust,205,Disgust,Disgust,True,0.8657067,0.0012573879,0.8657067,0.000266063,0.00035058477,0.00089650677,0.13085155,0.000671282
2435,ravdess,01,03-01-07-01-01-02-01.wav,Disgust,202,Disgust,Disgust,True,0.9645473,0.0120106945,0.9645473,0.0003457744,0.00049551297,4.524412e-05,0.020839328,0.0017161894
2436,ravdess,01,03-01-07-01-02-01-01.wav,Disgust,202,Disgust,Disgust,True,0.80443287,0.009247427,0.80443287,6.254183e-05,4.4348464e-05,0.003365843,0.18284078,6.238162e-06
2437,ravdess,01,03-01-07-01-02-02-01.wav,Disgust,193,Disgust,Sad,False,0.84517074,0.0003550041,0.03987673,0.00035060896,6.927155e-05,0.1141743,0.84517074,3.2853495e-06
2438,ravdess,01,03-01-07-02-01-01-01.wav,Disgust,234,Disgust,Disgust,True,0.5606787,0.41500288,0.5606787,0.0004763842,0.001748677,1.062219e-06,0.021329116,0.00076312566
2439,ravdess,01,03-01-07-02-01-02-01.wav,Disgust,209,Disgust,Fear,False,0.68236786,0.0035814792,0.021270376,0.68236786,0.10561703,0.00025474172,0.10574235,0.08116621
2440,ravdess,01,03-01-07-02-02-01-01.wav,Disgust,244,Disgust,Disgust,True,0.88298607,0.08573197,0.88298607,0.00018583357,0.00073421816,0.00036680864,0.025437899,0.00455718
2441,ravdess,01,03-01-07-02-02-02-01.wav,Disgust,237,Disgust,Angry,False,0.8405841,0.8405841,0.12331197,0.00064452796,0.00017243026,9.996371e-06,0.0026257369,0.032651167
2442,ravdess,01,03-01-08-01-01-01-01.wav,Surprise,148,Surprise,Neutral,False,0.52697396,0.001940114,0.0017309528,0.0020593512,0.010988437,0.52697396,0.4561641,0.00014308115
2443,ravdess,01,03-01-08-01-01-02-01.wav,Surprise,135,Surprise,Neutral,False,0.5036051,0.0023578042,0.002366556,0.017851394,0.3396064,0.5036051,0.13136615,0.0028465304
2444,ravdess,01,03-01-08-01-02-01-01.wav,Surprise,161,Surprise,Neutral,False,0.6327708,0.00015734702,0.00050032564,0.00017998132,0.0002962626,0.6327708,0.36609447,8.935308e-07
2445,ravdess,01,03-01-08-01-02-02-01.wav,Surprise,141,Surprise,Sad,False,0.44065452,0.0017381083,0.004481136,0.10608597,0.10204879,0.34328288,0.44065452,0.0017085557
2446,ravdess,01,03-01-08-02-01-01-01.wav,Surprise,148,Surprise,Fear,False,0.46711233,0.006595282,0.0027342963,0.46711233,0.45698136,0.006784632,0.01975064,0.04004143
2447,ravdess,01,03-01-08-02-01-02-01.wav,Surprise,164,Surprise,Happy,False,0.5969264,0.06530491,0.0031849465,0.21101533,0.5969264,0.0030064117,0.056252938,0.06430909
2448,ravdess,01,03-01-08-02-02-01-01.wav,Surprise,161,Surprise,Fear,False,0.43432224,0.0070763044,0.0012095248,0.43432224,0.067311205,0.30704004,0.17984006,0.0032006332
2449,ravdess,01,03-01-08-02-02-02-01.wav,Surprise,135,Surprise,Surprise,True,0.43693808,0.0006878738,5.453424e-05,0.20275335,0.35705668,0.0016217373,0.0008877341,0.43693808
2554,ravdess,04,03-01-01-01-01-01-04.wav,Neutral,145,Neutral,Happy,False,0.90304303,0.015589351,8.806429e-05,0.0051635914,0.90304303,0.005598564,0.0036310437,0.066886336
2555,ravdess,04,03-01-01-01-01-02-04.wav,Neutral,148,Neutral,Happy,False,0.8244029,0.040135145,6.642456e-05,0.019665716,0.8244029,0.030689096,0.00979054,0.0752502
2556,ravdess,04,03-01-01-01-02-01-04.wav,Neutral,135,Neutral,Happy,False,0.7545828,0.005025361,0.0004827425,0.0010895799,0.7545828,0.11711564,0.02722776,0.09447612
2557,ravdess,04,03-01-01-01-02-02-04.wav,Neutral,132,Neutral,Surprise,False,0.5622523,0.0008459799,0.0011692204,0.0027425827,0.3972308,0.021527555,0.014231615,0.5622523
2558,ravdess,04,03-01-03-01-01-01-04.wav,Happy,161,Happy,Happy,True,0.71975785,0.0010858203,0.0018722131,0.0018504646,0.71975785,0.0872906,0.1844233,0.0037197077
2559,ravdess,04,03-01-03-01-01-02-04.wav,Happy,161,Happy,Surprise,False,0.9762393,2.019477e-05,7.851447e-06,0.00042602845,0.023304649,5.8973852e-09,1.926729e-06,0.9762393
2560,ravdess,04,03-01-03-01-02-01-04.wav,Happy,161,Happy,Happy,True,0.86812717,0.00019868709,4.329471e-05,0.0010415886,0.86812717,0.06341749,0.06681076,0.0003609894
2561,ravdess,04,03-01-03-01-02-02-04.wav,Happy,154,Happy,Happy,True,0.92836946,0.000900218,8.450586e-05,0.001740179,0.92836946,8.939712e-05,0.0008772541,0.06793893
2562,ravdess,04,03-01-03-02-01-01-04.wav,Happy,189,Happy,Surprise,False,0.6269373,0.00083866954,0.002661205,0.014569828,0.35363573,1.355404e-06,0.001355936,0.6269373
2563,ravdess,04,03-01-03-02-01-02-04.wav,Happy,161,Happy,Fear,False,0.6102479,0.007828335,8.72429e-05,0.6102479,0.148923,4.0301315e-05,0.0010384191,0.23183486
2564,ravdess,04,03-01-03-02-02-01-04.wav,Happy,167,Happy,Happy,True,0.67214334,0.0027848966,0.00067965937,0.28536084,0.67214334,0.0031702768,0.0048810733,0.030979924
2565,ravdess,04,03-01-03-02-02-02-04.wav,Happy,180,Happy,Surprise,False,0.43890837,0.005276873,0.00071095827,0.39760572,0.15147778,0.000992736,0.005027516,0.43890837
2566,ravdess,04,03-01-04-01-01-01-04.wav,Sad,151,Sad,Sad,True,0.5053904,0.0008199098,3.1307045e-05,0.019601272,0.000625579,0.47347578,0.5053904,5.573095e-05
2567,ravdess,04,03-01-04-01-01-02-04.wav,Sad,151,Sad,Happy,False,0.8599078,0.033537474,0.00044106995,0.016918996,0.8599078,0.04671137,0.015984058,0.026499197
2568,ravdess,04,03-01-04-01-02-01-04.wav,Sad,154,Sad,Happy,False,0.93773985,0.0062583033,7.0179965e-05,0.022598311,0.93773985,0.015364461,0.0039822445,0.0139865745
2569,ravdess,04,03-01-04-01-02-02-04.wav,Sad,157,Sad,Fear,False,0.4568127,0.010865886,0.0002682531,0.4568127,0.4553836,0.011828649,0.03349886,0.031342037
2570,ravdess,04,03-01-04-02-01-01-04.wav,Sad,173,Sad,Sad,True,0.59892416,0.00084347336,9.966454e-05,0.09835515,0.24325095,0.043383513,0.59892416,0.015143106
2571,ravdess,04,03-01-04-02-01-02-04.wav,Sad,177,Sad,Fear,False,0.6894478,0.00269162,0.0022944754,0.6894478,0.21086133,0.00027833143,0.061591797,0.032834668
2572,ravdess,04,03-01-04-02-02-01-04.wav,Sad,183,Sad,Fear,False,0.37458095,0.10751439,0.0021024053,0.37458095,0.3040072,0.021796854,0.18019724,0.0098009445
2573,ravdess,04,03-01-04-02-02-02-04.wav,Sad,209,Sad,Surprise,False,0.40528792,0.074870005,0.0012359144,0.070287846,0.23229612,0.0033102161,0.212712,0.40528792
2574,ravdess,04,03-01-05-01-01-01-04.wav,Angry,177,Angry,Happy,False,0.8571557,0.12724118,0.00033791573,0.000107272666,0.8571557,0.010754073,0.0040884377,0.00031540674
2575,ravdess,04,03-01-05-01-01-02-04.wav,Angry,164,Angry,Angry,True,0.8991315,0.8991315,0.00038174927,4.790938e-05,0.008291039,4.7514627e-06,3.468213e-05,0.09210831
2576,ravdess,04,03-01-05-01-02-01-04.wav,Angry,154,Angry,Surprise,False,0.7082136,0.24938303,4.5233646e-05,0.0021544532,0.04012261,4.031421e-05,4.067704e-05,0.7082136
2577,ravdess,04,03-01-05-01-02-02-04.wav,Angry,183,Angry,Angry,True,0.93241036,0.93241036,0.013551187,9.994482e-05,0.026723342,0.00010571942,0.0011970222,0.025912382
2578,ravdess,04,03-01-05-02-01-01-04.wav,Angry,173,Angry,Surprise,False,0.620222,0.0176574,0.0038505723,0.31394765,0.02866538,4.668835e-05,0.015610292,0.620222
2579,ravdess,04,03-01-05-02-01-02-04.wav,Angry,186,Angry,Angry,True,0.6838795,0.6838795,0.0013451515,0.20046723,0.06005297,0.00028057,0.004441329,0.049533237
2580,ravdess,04,03-01-05-02-02-01-04.wav,Angry,173,Angry,Surprise,False,0.47988924,0.074559174,0.0003454688,0.39511183,0.04918698,1.497203e-05,0.0008923091,0.47988924
2581,ravdess,04,03-01-05-02-02-02-04.wav,Angry,189,Angry,Angry,True,0.6454238,0.6454238,0.00042453108,0.07469171,0.23646106,0.0002268166,0.005443243,0.03732873
2582,ravdess,04,03-01-06-01-01-01-04.wav,Fear,138,Fear,Surprise,False,0.7491684,0.00016211152,2.2418984e-05,0.24782777,0.002801721,5.739719e-07,1.6997383e-05,0.7491684
2583,ravdess,04,03-01-06-01-01-02-04.wav,Fear,151,Fear,Surprise,False,0.60395974,0.00017004066,1.1270412e-05,0.39511818,0.00071295997,1.4093222e-06,2.6456099e-05,0.60395974
2584,ravdess,04,03-01-06-01-02-01-04.wav,Fear,148,Fear,Fear,True,0.996276,7.841777e-07,2.5901e-07,0.996276,0.00047497966,2.392305e-07,8.2712563e-07,0.0032468953
2585,ravdess,04,03-01-06-01-02-02-04.wav,Fear,148,Fear,Fear,True,0.5620273,1.9378882e-05,3.99543e-06,0.5620273,0.00016227287,4.749131e-08,4.0131158e-07,0.4377866
2586,ravdess,04,03-01-06-02-01-01-04.wav,Fear,218,Fear,Fear,True,0.7397455,0.001184308,0.00017488704,0.7397455,0.0695826,1.6920323e-05,0.0056588473,0.18363693
2587,ravdess,04,03-01-06-02-01-02-04.wav,Fear,141,Fear,Fear,True,0.9911295,0.0019878037,1.10515075e-05,0.9911295,0.0027908955,3.358314e-06,0.00011609433,0.0039612236
2588,ravdess,04,03-01-06-02-02-01-04.wav,Fear,157,Fear,Happy,False,0.8297764,0.029012395,5.0207145e-05,0.0560713,0.8297764,0.00045129715,0.00047812462,0.08416017
2589,ravdess,04,03-01-06-02-02-02-04.wav,Fear,157,Fear,Fear,True,0.768422,0.006241754,0.00013105798,0.768422,0.14055866,0.009451184,0.056327734,0.018867608
2590,ravdess,04,03-01-07-01-01-01-04.wav,Disgust,196,Disgust,Disgust,True,0.69987017,0.1425116,0.69987017,0.0077803447,0.002485217,0.0011163529,0.14031404,0.0059222407
2591,ravdess,04,03-01-07-01-01-02-04.wav,Disgust,196,Disgust,Disgust,True,0.8204364,0.0703374,0.8204364,0.0026439682,0.0055679986,1.5400516e-06,0.011708926,0.0893037
2592,ravdess,04,03-01-07-01-02-01-04.wav,Disgust,186,Disgust,Disgust,True,0.652861,0.07519034,0.652861,0.1277755,0.0038157129,0.00010497559,0.021589477,0.11866306
2593,ravdess,04,03-01-07-01-02-02-04.wav,Disgust,183,Disgust,Surprise,False,0.6457746,0.0004982194,0.05059122,0.29625532,0.00673141,4.1360063e-06,0.00014516906,0.6457746
2594,ravdess,04,03-01-07-02-01-01-04.wav,Disgust,202,Disgust,Fear,False,0.6575974,0.209597,0.044575807,0.6575974,0.05571449,0.0028676759,0.014762419,0.014885177
2595,ravdess,04,03-01-07-02-01-02-04.wav,Disgust,202,Disgust,Disgust,True,0.9907452,0.0046063582,0.9907452,0.0002177733,0.00024807054,2.5589155e-05,0.00018219202,0.0039748107
2596,ravdess,04,03-01-07-02-02-01-04.wav,Disgust,193,Disgust,Disgust,True,0.8748441,0.098928586,0.8748441,0.012160187,0.0018808381,6.427373e-05,0.005794201,0.00632791
2597,ravdess,04,03-01-07-02-02-02-04.wav,Disgust,218,Disgust,Disgust,True,0.745279,0.07990023,0.745279,0.004073504,0.015504494,7.725802e-07,0.020645102,0.13459693
2598,ravdess,04,03-01-08-01-01-01-04.wav,Surprise,135,Surprise,Surprise,True,0.99326575,0.0001835424,7.1474375e-07,0.00062250847,0.0059271986,1.05820535e-08,1.9654462e-07,0.99326575
2599,ravdess,04,03-01-08-01-01-02-04.wav,Surprise,145,Surprise,Surprise,True,0.99543023,0.00063055294,2.1325737e-05,0.0009650782,0.002951029,4.5151555e-08,1.677671e-06,0.99543023
2600,ravdess,04,03-01-08-01-02-01-04.wav,Surprise,170,Surprise,Happy,False,0.78906214,0.09504323,0.001211589,0.00053199835,0.78906214,0.0027519325,0.0010982538,0.11030081
2601,ravdess,04,03-01-08-01-02-02-04.wav,Surprise,148,Surprise,Surprise,True,0.99337715,0.0014043594,2.6034584e-06,0.0003119812,0.004903332,2.441736e-09,5.9421257e-07,0.99337715
2602,ravdess,04,03-01-08-02-01-01-04.wav,Surprise,186,Surprise,Surprise,True,0.9737889,0.0024666926,0.0007729133,0.0006960755,0.022236655,8.9697345e-08,3.8650804e-05,0.9737889
2603,ravdess,04,03-01-08-02-01-02-04.wav,Surprise,161,Surprise,Fear,False,0.721828,0.0031314092,0.00031284406,0.721828,0.014341793,4.26504e-05,0.00055328663,0.25978997
2604,ravdess,04,03-01-08-02-02-01-04.wav,Surprise,154,Surprise,Surprise,True,0.9749697,0.001961601,1.0406639e-05,0.0059419475,0.01710921,9.25384e-07,6.1669293e-06,0.9749697
2605,ravdess,04,03-01-08-02-02-02-04.wav,Surprise,164,Surprise,Surprise,True,0.6938384,0.07813488,0.00017147952,0.034851383,0.19267997,1.3224367e-05,0.0003106805,0.6938384
3438,ravdess,21,03-01-01-01-01-01-21.wav,Neutral,189,Neutral,Neutral,True,0.99828005,1.0477194e-05,1.0701945e-06,2.0140158e-07,1.4869738e-05,0.99828005,0.0016933405,1.8879058e-08
3439,ravdess,21,03-01-01-01-01-02-21.wav,Neutral,205,Neutral,Neutral,True,0.9993554,9.1169176e-07,5.8807777e-06,5.7072236e-09,3.616873e-08,0.9993554,0.000637674,6.013402e-08
3440,ravdess,21,03-01-01-01-02-01-21.wav,Neutral,173,Neutral,Neutral,True,0.99896705,8.158685e-08,1.870742e-08,2.096467e-08,4.050211e-07,0.99896705,0.0010324528,9.1785596e-10
3441,ravdess,21,03-01-01-01-02-02-21.wav,Neutral,173,Neutral,Neutral,True,0.99569654,8.1302727e-07,4.1530257e-08,9.124958e-08,2.260066e-06,0.99569654,0.0043001967,5.1264224e-09
3442,ravdess,21,03-01-03-01-01-01-21.wav,Happy,193,Happy,Neutral,False,0.99923396,1.1718743e-05,1.1787872e-06,4.2670578e-07,3.4969227e-05,0.99923396,0.0007176698,9.144844e-08
3443,ravdess,21,03-01-03-01-01-02-21.wav,Happy,183,Happy,Neutral,False,0.99248344,0.00020995409,5.799258e-06,4.7640133e-05,0.00086553686,0.99248344,0.006383155,4.458376e-06
3444,ravdess,21,03-01-03-01-02-01-21.wav,Happy,177,Happy,Neutral,False,0.99869555,2.0734792e-08,1.5186421e-09,1.1163459e-08,1.9139297e-06,0.99869555,0.0013025817,8.043464e-10
3445,ravdess,21,03-01-03-01-02-02-21.wav,Happy,189,Happy,Neutral,False,0.9914648,0.0008764368,1.4301551e-06,7.032787e-06,0.00021977587,0.9914648,0.007430477,1.5055421e-07
3446,ravdess,21,03-01-03-02-01-01-21.wav,Happy,189,Happy,Happy,True,0.8626178,0.08925836,0.001026438,0.0026278866,0.8626178,0.03634901,0.00018203593,0.007938452
3447,ravdess,21,03-01-03-02-01-02-21.wav,Happy,202,Happy,Happy,True,0.7598747,0.06538665,0.0035524243,0.000920571,0.7598747,0.15000792,0.000326698,0.019930972
3448,ravdess,21,03-01-03-02-02-01-21.wav,Happy,173,Happy,Neutral,False,0.74687195,0.0044174925,0.0006109345,0.010540847,0.15695319,0.74687195,0.07798995,0.002615636
3449,ravdess,21,03-01-03-02-02-02-21.wav,Happy,183,Happy,Happy,True,0.44875243,0.4136847,0.0016866623,0.0013838552,0.44875243,0.0027198177,0.00046226627,0.13131027
3450,ravdess,21,03-01-04-01-01-01-21.wav,Sad,257,Sad,Sad,True,0.8370349,0.00031277467,0.11366859,1.7794046e-06,1.1726477e-05,0.04896643,0.8370349,3.8537282e-06
3451,ravdess,21,03-01-04-01-01-02-21.wav,Sad,285,Sad,Sad,True,0.7347139,0.009606595,0.2451271,1.7533574e-05,9.9594276e-05,0.010422184,0.7347139,1.31609895e-05
3452,ravdess,21,03-01-04-01-02-01-21.wav,Sad,225,Sad,Neutral,False,0.94614726,0.000115591414,0.00077484973,1.9012945e-06,8.552285e-07,0.94614726,0.052959204,3.4062236e-07
3453,ravdess,21,03-01-04-01-02-02-21.wav,Sad,234,Sad,Neutral,False,0.79204994,0.00038550235,0.010460604,2.4891315e-05,4.3414393e-06,0.79204994,0.19707073,3.9205624e-06
3454,ravdess,21,03-01-04-02-01-01-21.wav,Sad,228,Sad,Neutral,False,0.9107532,0.00037202533,0.0018928616,0.0011478256,0.0023626767,0.9107532,0.08343576,3.5632012e-05
3455,ravdess,21,03-01-04-02-01-02-21.wav,Sad,244,Sad,Sad,True,0.89778185,0.0052282317,0.014605432,0.0005640352,0.0010333045,0.080759615,0.89778185,2.7477348e-05
3456,ravdess,21,03-01-04-02-02-01-21.wav,Sad,237,Sad,Sad,True,0.9585736,0.00106064,0.017260093,3.327249e-05,4.815434e-05,0.023023458,0.9585736,8.3104504e-07
3457,ravdess,21,03-01-04-02-02-02-21.wav,Sad,225,Sad,Neutral,False,0.8710257,0.00069988973,0.00615723,0.0018795637,0.00018905665,0.8710257,0.12002027,2.8352051e-05
3458,ravdess,21,03-01-05-01-01-01-21.wav,Angry,221,Angry,Angry,True,0.9795498,0.9795498,0.016832208,4.692295e-05,0.00028227488,0.0030190346,0.00010146701,0.00016820541
3459,ravdess,21,03-01-05-01-01-02-21.wav,Angry,212,Angry,Angry,True,0.9750549,0.9750549,0.013193889,8.717425e-05,0.0023953018,0.007716839,0.0013273163,0.00022459531
3460,ravdess,21,03-01-05-01-02-01-21.wav,Angry,212,Angry,Angry,True,0.97996086,0.97996086,0.0168861,0.00015039032,0.00039653794,0.0010748234,0.0015181375,1.3162194e-05
3461,ravdess,21,03-01-05-01-02-02-21.wav,Angry,202,Angry,Angry,True,0.9872678,0.9872678,0.0035684453,2.2475058e-05,0.002574403,0.0051299166,0.0014123856,2.4663646e-05
3462,ravdess,21,03-01-05-02-01-01-21.wav,Angry,237,Angry,Angry,True,0.60362136,0.60362136,0.38900614,0.00041278423,0.0038294645,0.0006153213,0.00044943928,0.0020654905
3463,ravdess,21,03-01-05-02-01-02-21.wav,Angry,250,Angry,Disgust,False,0.40718552,0.3468747,0.40718552,0.0024279328,0.1755622,0.001717944,0.056023646,0.010208005
3464,ravdess,21,03-01-05-02-02-01-21.wav,Angry,215,Angry,Angry,True,0.96752876,0.96752876,0.006758847,0.0015858242,0.021514207,0.0013519381,0.0010466804,0.00021381752
3465,ravdess,21,03-01-05-02-02-02-21.wav,Angry,225,Angry,Angry,True,0.99716043,0.99716043,0.0021558658,6.21672e-05,0.0005378987,4.267676e-05,2.3391225e-05,1.7621247e-05
3466,ravdess,21,03-01-06-01-01-01-21.wav,Fear,202,Fear,Neutral,False,0.9556716,0.013617734,0.0047372268,7.708106e-05,0.0027873043,0.9556716,0.022936277,0.00017279676
3467,ravdess,21,03-01-06-01-01-02-21.wav,Fear,199,Fear,Neutral,False,0.9863635,0.00093404873,0.006659855,1.4002608e-05,0.00025533937,0.9863635,0.0057552643,1.7972949e-05
3468,ravdess,21,03-01-06-01-02-01-21.wav,Fear,231,Fear,Sad,False,0.8585015,0.0013763495,0.091345884,0.008459327,0.008006571,0.032154527,0.8585015,0.00015585264
3469,ravdess,21,03-01-06-01-02-02-21.wav,Fear,221,Fear,Neutral,False,0.8390263,0.0056080925,0.05054914,1.6859924e-05,3.628546e-05,0.8390263,0.1047547,8.684956e-06
3470,ravdess,21,03-01-06-02-01-01-21.wav,Fear,202,Fear,Neutral,False,0.49176183,0.068827905,0.13095644,0.0029943672,0.008837113,0.49176183,0.2962287,0.00039367046
3471,ravdess,21,03-01-06-02-01-02-21.wav,Fear,193,Fear,Neutral,False,0.61859727,0.08158709,0.0025014798,0.0030200507,0.25386137,0.61859727,0.039338294,0.0010944024
3472,ravdess,21,03-01-06-02-02-01-21.wav,Fear,186,Fear,Neutral,False,0.7678249,0.0123761855,0.0050121187,0.031397343,0.13020885,0.7678249,0.051219463,0.001961146
3473,ravdess,21,03-01-06-02-02-02-21.wav,Fear,173,Fear,Neutral,False,0.9695496,0.0022139663,0.00015332887,0.0013916078,0.0043834257,0.9695496,0.022270996,3.715541e-05
3474,ravdess,21,03-01-07-01-01-01-21.wav,Disgust,205,Disgust,Disgust,True,0.91482097,0.016335499,0.91482097,1.7316686e-05,0.00033602232,0.06496657,0.003504503,1.9199731e-05
3475,ravdess,21,03-01-07-01-01-02-21.wav,Disgust,218,Disgust,Angry,False,0.4152278,0.4152278,0.18740462,6.233696e-06,0.00019255148,0.34847116,0.04868368,1.3936123e-05
3476,ravdess,21,03-01-07-01-02-01-21.wav,Disgust,180,Disgust,Neutral,False,0.7694006,0.22085808,0.002466033,5.8806178e-05,0.0037251406,0.7694006,0.0034135547,7.782265e-05
3477,ravdess,21,03-01-07-01-02-02-21.wav,Disgust,173,Disgust,Angry,False,0.77363306,0.77363306,0.044186074,0.001387045,0.0029577143,0.13676618,0.03843584,0.002634036
3478,ravdess,21,03-01-07-02-01-01-21.wav,Disgust,218,Disgust,Angry,False,0.67692155,0.67692155,0.2659415,2.5964175e-06,0.0007601736,0.045962207,0.0104087,3.327291e-06
3479,ravdess,21,03-01-07-02-01-02-21.wav,Disgust,215,Disgust,Angry,False,0.5510874,0.5510874,0.10949931,2.4506542e-06,0.00017446255,0.26029631,0.07893608,3.9473566e-06
3480,ravdess,21,03-01-07-02-02-01-21.wav,Disgust,234,Disgust,Disgust,True,0.9931612,0.0057981974,0.9931612,1.0125456e-06,9.776954e-07,0.00011196898,0.0009261072,5.089743e-07
3481,ravdess,21,03-01-07-02-02-02-21.wav,Disgust,205,Disgust,Neutral,False,0.8055713,0.0043977117,0.00587122,6.7191363e-06,2.1400423e-05,0.8055713,0.18412982,1.82949e-06
3482,ravdess,21,03-01-08-01-01-01-21.wav,Surprise,157,Surprise,Surprise,True,0.9805557,5.5093376e-05,1.9488154e-05,0.00461357,0.01475151,4.407859e-06,3.1602787e-07,0.9805557
3483,ravdess,21,03-01-08-01-01-02-21.wav,Surprise,157,Surprise,Surprise,True,0.99467176,1.9976704e-05,1.32873665e-05,0.0020501004,0.0032438845,6.6357995e-07,2.528632e-07,0.99467176
3484,ravdess,21,03-01-08-01-02-01-21.wav,Surprise,151,Surprise,Surprise,True,0.69936585,0.18438852,0.0014188235,0.04910588,0.06523919,3.6846675e-05,0.0004448898,0.69936585
3485,ravdess,21,03-01-08-01-02-02-21.wav,Surprise,167,Surprise,Surprise,True,0.5721493,0.06276801,0.0013541098,0.06940401,0.2806417,0.012308176,0.0013747305,0.5721493
3486,ravdess,21,03-01-08-02-01-01-21.wav,Surprise,173,Surprise,Surprise,True,0.92924017,0.053097118,0.0028520022,0.006883687,0.007911945,8.476103e-06,6.5932054e-06,0.92924017
3487,ravdess,21,03-01-08-02-01-02-21.wav,Surprise,173,Surprise,Angry,False,0.8928944,0.8928944,0.0017616195,0.00030979203,0.0030754704,7.5318235e-06,3.0536878e-06,0.10194811
3488,ravdess,21,03-01-08-02-02-01-21.wav,Surprise,154,Surprise,Surprise,True,0.83371925,0.10073275,0.0012965611,0.046806853,0.017258786,8.462791e-05,0.00010120612,0.83371925
3489,ravdess,21,03-01-08-02-02-02-21.wav,Surprise,164,Surprise,Surprise,True,0.7516046,0.13923275,0.0007121212,0.063165896,0.045135964,0.00013979716,8.872325e-06,0.7516046
3646,savee,DC,DC_a01.wav,Angry,365,Angry,Surprise,False,0.29178876,0.020034056,0.083422266,0.29014778,0.064246014,0.16180865,0.088552475,0.29178876
3647,savee,DC,DC_a02.wav,Angry,344,Angry,Neutral,False,0.7879113,0.024691291,0.06867876,0.037588228,0.02215072,0.7879113,0.05492758,0.0040521235
3648,savee,DC,DC_a03.wav,Angry,208,Angry,Angry,True,0.35802975,0.35802975,0.0030755803,0.20595759,0.008699716,0.06632976,0.043280154,0.31462744
3649,savee,DC,DC_a04.wav,Angry,231,Angry,Angry,True,0.8330346,0.8330346,0.0075142896,0.014998605,0.018528135,0.0024011536,0.013518635,0.11000473
3650,savee,DC,DC_a05.wav,Angry,212,Angry,Happy,False,0.6031961,0.15814838,0.008333617,0.10758383,0.6031961,0.011636897,0.10813758,0.0029636757
3651,savee,DC,DC_a06.wav,Angry,374,Angry,Disgust,False,0.3925124,0.029709186,0.3925124,0.20216544,0.058711734,0.05143596,0.073671386,0.19179389
3652,savee,DC,DC_a07.wav,Angry,215,Angry,Fear,False,0.88121885,0.02785075,0.0023309924,0.88121885,0.00036252837,0.0671193,0.011461359,0.009656219
3653,savee,DC,DC_a08.wav,Angry,228,Angry,Angry,True,0.48058516,0.48058516,0.024947532,0.14354986,0.0068392456,0.038881417,0.13935873,0.165838
3654,savee,DC,DC_a09.wav,Angry,400,Angry,Neutral,False,0.7043899,0.14697345,0.06422885,0.009570813,0.0026923006,0.7043899,0.07000878,0.002135927
3655,savee,DC,DC_a10.wav,Angry,362,Angry,Angry,True,0.4500658,0.4500658,0.15967155,0.04089657,0.108722635,0.007501271,0.026928158,0.20621409
3656,savee,DC,DC_a11.wav,Angry,266,Angry,Neutral,False,0.5065097,0.046293855,0.026043411,0.019134944,0.031635173,0.5065097,0.3594292,0.010953701
3657,savee,DC,DC_a12.wav,Angry,332,Angry,Neutral,False,0.3395971,0.08889627,0.013958113,0.16598682,0.28717697,0.3395971,0.098850764,0.005533948
3658,savee,DC,DC_a13.wav,Angry,401,Angry,Sad,False,0.75114304,0.009184302,0.033602152,0.07676363,0.053118467,0.07441896,0.75114304,0.0017694546
3659,savee,DC,DC_a14.wav,Angry,401,Angry,Angry,True,0.8206207,0.8206207,0.06709381,0.0019133345,0.05898712,0.015426848,0.0057557435,0.030202452
3660,savee,DC,DC_a15.wav,Angry,388,Angry,Angry,True,0.40747356,0.40747356,0.025938187,0.0043294905,0.10285073,0.15124004,0.3046572,0.0035107664
3661,savee,DC,DC_d01.wav,Disgust,401,Disgust,Disgust,True,0.28457502,0.0728875,0.28457502,0.10017422,0.047099765,0.2323337,0.21424915,0.04868059
3662,savee,DC,DC_d02.wav,Disgust,393,Disgust,Neutral,False,0.7525986,0.011738646,0.0077850763,0.0044457125,0.0046693706,0.7525986,0.2182036,0.0005590411
3663,savee,DC,DC_d03.wav,Disgust,235,Disgust,Neutral,False,0.8527045,0.057535343,0.008449858,0.007278611,0.023618855,0.8527045,0.046504635,0.0039081713
3664,savee,DC,DC_d04.wav,Disgust,401,Disgust,Neutral,False,0.9795154,0.0007201986,0.0012497923,5.55607e-05,0.00017854528,0.9795154,0.01827851,1.9598704e-06
3665,savee,DC,DC_d05.wav,Disgust,311,Disgust,Neutral,False,0.37100917,0.103703074,0.36833027,0.058180735,0.010069764,0.37100917,0.046380658,0.042326346
3666,savee,DC,DC_d06.wav,Disgust,331,Disgust,Neutral,False,0.5211336,0.18030666,0.09961566,0.054602195,0.06369751,0.5211336,0.056653254,0.023991117
3667,savee,DC,DC_d07.wav,Disgust,270,Disgust,Neutral,False,0.5344831,0.0068433303,0.06124875,0.08403597,0.011206809,0.5344831,0.28679833,0.015383733
3668,savee,DC,DC_d08.wav,Disgust,401,Disgust,Neutral,False,0.73921967,0.005193167,0.090939924,0.0011747469,0.0005223699,0.73921967,0.1628601,8.994702e-05
3669,savee,DC,DC_d09.wav,Disgust,401,Disgust,Neutral,False,0.4006635,0.19355987,0.1991993,0.0016074562,0.005031834,0.4006635,0.19941118,0.0005268971
3670,savee,DC,DC_d10.wav,Disgust,401,Disgust,Disgust,True,0.4932187,0.0023794256,0.4932187,0.00020139608,2.0073674e-05,0.078397214,0.42577088,1.2314342e-05
3671,savee,DC,DC_d11.wav,Disgust,357,Disgust,Neutral,False,0.84268826,0.0013259364,0.052008294,0.0029046638,0.0029832458,0.84268826,0.09768785,0.00040158874
3672,savee,DC,DC_d12.wav,Disgust,373,Disgust,Neutral,False,0.80867517,0.099771895,0.031835247,0.0030759089,0.008510779,0.80867517,0.047635645,0.0004952899
3673,savee,DC,DC_d13.wav,Disgust,401,Disgust,Disgust,True,0.30900577,0.056112226,0.30900577,0.021687068,0.04041112,0.26181388,0.3084717,0.0024982009
3674,savee,DC,DC_d14.wav,Disgust,401,Disgust,Disgust,True,0.4317246,0.15142661,0.4317246,0.010971072,0.005774544,0.17455873,0.22439204,0.0011524035
3675,savee,DC,DC_d15.wav,Disgust,401,Disgust,Neutral,False,0.7071209,0.047553476,0.0050691217,0.0017280488,0.022188291,0.7071209,0.2162501,9.000014e-05
3676,savee,DC,DC_f01.wav,Fear,332,Fear,Fear,True,0.51184773,0.01061283,0.0131099885,0.51184773,0.09761128,0.015225391,0.092999436,0.25859332
3677,savee,DC,DC_f02.wav,Fear,340,Fear,Sad,False,0.48404336,0.006928696,0.0027160244,0.19065282,0.25233996,0.042815488,0.48404336,0.02050373
3678,savee,DC,DC_f03.wav,Fear,229,Fear,Sad,False,0.6260779,0.077071935,0.0030717002,0.013803828,0.022113573,0.2341768,0.6260779,0.023684338
3679,savee,DC,DC_f04.wav,Fear,302,Fear,Angry,False,0.53408253,0.53408253,0.0012162281,0.19107524,0.011683861,0.013970494,0.043327197,0.20464452
3680,savee,DC,DC_f05.wav,Fear,330,Fear,Sad,False,0.7362947,0.06374588,0.00825828,0.06110085,0.043910265,0.05439634,0.7362947,0.03229369
3681,savee,DC,DC_f06.wav,Fear,299,Fear,Neutral,False,0.35500795,0.07125336,0.107329614,0.022924446,0.105098225,0.35500795,0.31386343,0.024522964
3682,savee,DC,DC_f07.wav,Fear,362,Fear,Neutral,False,0.6168203,0.008773642,0.03454593,0.0038259737,0.006375596,0.6168203,0.3288011,0.00085751945
3683,savee,DC,DC_f08.wav,Fear,391,Fear,Sad,False,0.5435123,0.009464579,0.02291959,0.15119722,0.04889351,0.16787665,0.5435123,0.056136183
3684,savee,DC,DC_f09.wav,Fear,388,Fear,Neutral,False,0.52383643,0.09614866,0.15498133,0.024300214,0.033954684,0.52383643,0.16074382,0.0060348
3685,savee,DC,DC_f10.wav,Fear,250,Fear,Neutral,False,0.73487836,0.028771995,0.00085821963,0.07262769,0.006411624,0.73487836,0.15410526,0.0023468498
3686,savee,DC,DC_f11.wav,Fear,401,Fear,Fear,True,0.6589945,0.0024839884,0.20220016,0.6589945,0.019625247,0.008948178,0.042513825,0.065234035
3687,savee,DC,DC_f12.wav,Fear,401,Fear,Neutral,False,0.5487929,0.023537016,0.04004611,0.2890493,0.011641138,0.5487929,0.08264239,0.004291163
3688,savee,DC,DC_f13.wav,Fear,247,Fear,Fear,True,0.62273103,0.0032944586,0.048528828,0.62273103,0.099190764,0.0231559,0.031995676,0.1711033
3689,savee,DC,DC_f14.wav,Fear,401,Fear,Sad,False,0.6710179,0.00018744037,0.005489648,0.0005961282,7.086982e-05,0.3225906,0.6710179,4.7449288e-05
3690,savee,DC,DC_f15.wav,Fear,401,Fear,Neutral,False,0.47834963,0.045904092,0.20129952,0.060993385,0.14446852,0.47834963,0.065429494,0.003555389
3691,savee,DC,DC_h01.wav,Happy,384,Happy,Fear,False,0.43933362,0.011546275,0.0076518394,0.43933362,0.10446967,0.0745461,0.2545075,0.10794494
3692,savee,DC,DC_h02.wav,Happy,340,Happy,Sad,False,0.5215053,0.016262809,0.0049208268,0.17512459,0.06786515,0.17822269,0.5215053,0.036098644
3693,savee,DC,DC_h03.wav,Happy,227,Happy,Surprise,False,0.36682433,0.16285229,0.011008378,0.11902742,0.05941442,0.030532653,0.2503405,0.36682433
3694,savee,DC,DC_h04.wav,Happy,323,Happy,Fear,False,0.44978505,0.027917275,0.0017734756,0.44978505,0.31590703,0.047499787,0.14462046,0.012496955
3695,savee,DC,DC_h05.wav,Happy,401,Happy,Happy,True,0.33819735,0.003489492,0.026889592,0.20418264,0.33819735,0.0012110751,0.15092547,0.2751044
3696,savee,DC,DC_h06.wav,Happy,346,Happy,Fear,False,0.66761744,0.002919752,0.0022433233,0.66761744,0.16212553,0.06516267,0.093150586,0.006780678
3697,savee,DC,DC_h07.wav,Happy,361,Happy,Fear,False,0.44790697,0.027152244,0.01565028,0.44790697,0.06058052,0.005039045,0.094174296,0.3494967
3698,savee,DC,DC_h08.wav,Happy,205,Happy,Sad,False,0.7159923,0.015643228,0.015276811,0.07221951,0.027108932,0.019402023,0.7159923,0.13435718
3699,savee,DC,DC_h09.wav,Happy,244,Happy,Sad,False,0.8315983,0.0018514615,0.00016827109,0.012422446,0.15036556,0.0034484898,0.8315983,0.0001454888
3700,savee,DC,DC_h10.wav,Happy,244,Happy,Angry,False,0.4681383,0.4681383,0.032902114,0.043990213,0.10943712,0.2606018,0.080340676,0.0045897686
3701,savee,DC,DC_h11.wav,Happy,401,Happy,Sad,False,0.43344086,0.16035107,0.0119181005,0.035152428,0.23526151,0.12022652,0.43344086,0.003649553
3702,savee,DC,DC_h12.wav,Happy,401,Happy,Sad,False,0.8548964,0.0012419508,0.014376584,0.009878709,0.089168034,0.008591182,0.8548964,0.02184708
3703,savee,DC,DC_h13.wav,Happy,277,Happy,Sad,False,0.48738244,0.07403106,0.0031453264,0.028070146,0.087336086,0.30842653,0.48738244,0.011608369
3704,savee,DC,DC_h14.wav,Happy,401,Happy,Happy,True,0.42136937,0.28847134,0.08587313,0.08995046,0.42136937,0.017653033,0.0484218,0.048260894
3705,savee,DC,DC_h15.wav,Happy,401,Happy,Happy,True,0.7272919,0.16825177,0.0075103366,0.03265735,0.7272919,0.00031584373,0.0076720137,0.056300726
3706,savee,DC,DC_n01.wav,Neutral,378,Neutral,Neutral,True,0.90654147,0.007389121,0.02884236,0.002203818,0.0006659173,0.90654147,0.053861722,0.0004955988
3707,savee,DC,DC_n02.wav,Neutral,378,Neutral,Neutral,True,0.9579056,0.00018865902,0.0022830237,1.8417182e-05,3.502778e-05,0.9579056,0.039565526,3.8093162e-06
3708,savee,DC,DC_n03.wav,Neutral,206,Neutral,Neutral,True,0.69946337,0.06744453,0.024785904,0.030717712,0.0010167533,0.69946337,0.16104876,0.015523012
3709,savee,DC,DC_n04.wav,Neutral,361,Neutral,Neutral,True,0.921969,0.000380472,0.008204453,4.2505988e-05,0.00019412086,0.921969,0.06919808,1.1273357e-05
3710,savee,DC,DC_n05.wav,Neutral,284,Neutral,Neutral,True,0.7071445,0.032340094,0.06243389,0.006888528,0.0018336273,0.7071445,0.18616344,0.003195938
3711,savee,DC,DC_n06.wav,Neutral,401,Neutral,Neutral,True,0.796269,0.00874341,0.058860797,0.007776098,0.004346318,0.796269,0.1234078,0.0005966325
3712,savee,DC,DC_n07.wav,Neutral,401,Neutral,Neutral,True,0.8314542,0.00021979812,0.026504371,4.9899118e-05,4.2812328e-05,0.8314542,0.14172252,6.363521e-06
3713,savee,DC,DC_n08.wav,Neutral,350,Neutral,Neutral,True,0.785801,0.010604141,0.18436415,0.0003108282,0.0005695022,0.785801,0.018285496,6.4817796e-05
3714,savee,DC,DC_n09.wav,Neutral,379,Neutral,Neutral,True,0.9421149,0.00025535928,0.00088226417,7.533651e-06,0.00010224775,0.9421149,0.05663739,3.6641666e-07
3715,savee,DC,DC_n10.wav,Neutral,401,Neutral,Neutral,True,0.757285,0.0015468285,0.046716325,0.00015003783,0.00034389296,0.757285,0.19393466,2.3184179e-05
3716,savee,DC,DC_n11.wav,Neutral,401,Neutral,Neutral,True,0.6804368,7.2476476e-05,0.0012171976,1.6244087e-05,0.00015558783,0.6804368,0.31810117,4.7035795e-07
3717,savee,DC,DC_n12.wav,Neutral,298,Neutral,Neutral,True,0.9857696,0.00035985137,0.0008413088,4.0996324e-06,6.11198e-05,0.9857696,0.012962308,1.6085717e-06
3718,savee,DC,DC_n13.wav,Neutral,279,Neutral,Disgust,False,0.587294,0.018405767,0.587294,0.008161771,0.009098096,0.339579,0.029364701,0.008096669
3719,savee,DC,DC_n14.wav,Neutral,401,Neutral,Neutral,True,0.57589906,0.0053026737,0.016703837,0.0017015014,0.0008110065,0.57589906,0.3994197,0.00016224323
3720,savee,DC,DC_n15.wav,Neutral,401,Neutral,Neutral,True,0.61476225,0.0006961214,0.011067468,1.3615331e-05,6.48452e-05,0.61476225,0.37339365,2.06396e-06
3721,savee,DC,DC_n16.wav,Neutral,382,Neutral,Neutral,True,0.8450789,0.012818905,0.027703108,0.0040685963,0.0033838227,0.8450789,0.10640057,0.0005461502
3722,savee,DC,DC_n17.wav,Neutral,346,Neutral,Neutral,True,0.93323785,0.0004760493,0.0014914711,2.8384076e-05,0.00051173725,0.93323785,0.06424907,5.5598102e-06
3723,savee,DC,DC_n18.wav,Neutral,189,Neutral,Neutral,True,0.92265344,0.0025293746,0.0009517776,0.00088069885,0.000500784,0.92265344,0.072358936,0.00012503253
3724,savee,DC,DC_n19.wav,Neutral,325,Neutral,Neutral,True,0.46751845,0.23293233,0.06590538,0.0032217526,0.050700534,0.46751845,0.17829697,0.0014245206
3725,savee,DC,DC_n20.wav,Neutral,330,Neutral,Neutral,True,0.9163952,0.009620647,0.0072679995,0.00021248909,0.00014372522,0.9163952,0.066287994,7.193841e-05
3726,savee,DC,DC_n21.wav,Neutral,401,Neutral,Neutral,True,0.95982844,0.00018540563,0.005772896,4.9560866e-05,7.053855e-05,0.95982844,0.034091298,1.8836323e-06
3727,savee,DC,DC_n22.wav,Neutral,306,Neutral,Neutral,True,0.91696304,0.017909717,0.010683193,0.0017502147,0.0008627928,0.91696304,0.051695116,0.00013587577
3728,savee,DC,DC_n23.wav,Neutral,332,Neutral,Neutral,True,0.89869195,0.0040648677,0.0026014184,0.0005697846,0.0003259246,0.89869195,0.09369046,5.561828e-05
3729,savee,DC,DC_n24.wav,Neutral,387,Neutral,Neutral,True,0.9471927,0.0034670664,0.004955762,3.6527912e-05,0.00017842282,0.9471927,0.044166833,2.6032712e-06
3730,savee,DC,DC_n25.wav,Neutral,401,Neutral,Neutral,True,0.86361414,0.0004917523,0.015730994,0.0003070629,0.0001909372,0.86361414,0.1195442,0.00012089216
3731,savee,DC,DC_n26.wav,Neutral,314,Neutral,Neutral,True,0.9401058,0.00063783984,0.001798073,2.731416e-05,0.00017800608,0.9401058,0.057246033,6.9839966e-06
3732,savee,DC,DC_n27.wav,Neutral,401,Neutral,Neutral,True,0.6028084,0.00019221206,0.00827466,5.018969e-05,6.0711805e-05,0.6028084,0.3886112,2.602559e-06
3733,savee,DC,DC_n28.wav,Neutral,401,Neutral,Sad,False,0.7628449,0.00019144148,0.034513474,0.00018324004,0.0032950575,0.19896543,0.7628449,6.417353e-06
3734,savee,DC,DC_n29.wav,Neutral,329,Neutral,Neutral,True,0.9422713,0.003539259,0.0030181536,0.0001811475,0.00079380686,0.9422713,0.050174803,2.1535658e-05
3735,savee,DC,DC_n30.wav,Neutral,401,Neutral,Neutral,True,0.88355416,0.0021360712,0.023534954,0.00015419672,0.00030076725,0.88355416,0.09027021,4.9691716e-05
3736,savee,DC,DC_sa01.wav,Sad,401,Sad,Neutral,False,0.6025553,0.008264289,0.027670873,0.0072289743,0.008237305,0.6025553,0.34103927,0.0050040223
3737,savee,DC,DC_sa02.wav,Sad,394,Sad,Neutral,False,0.6176686,0.0010482551,0.016869532,0.00045203415,0.00017603612,0.6176686,0.36295763,0.0008278765
3738,savee,DC,DC_sa03.wav,Sad,243,Sad,Neutral,False,0.7244882,0.018513002,0.009269946,0.007678202,0.0021814425,0.7244882,0.23112309,0.0067461133
3739,savee,DC,DC_sa04.wav,Sad,401,Sad,Sad,True,0.5384,0.042471644,0.015005673,0.0026973886,0.004374348,0.3941412,0.5384,0.0029097898
3740,savee,DC,DC_sa05.wav,Sad,401,Sad,Sad,True,0.70577586,0.0010631889,0.03308657,0.002599749,0.0048720106,0.25179526,0.70577586,0.00080733903
3741,savee,DC,DC_sa06.wav,Sad,401,Sad,Sad,True,0.47886038,0.0060355524,0.13932034,0.10043716,0.0018818404,0.24607366,0.47886038,0.027391043
3742,savee,DC,DC_sa07.wav,Sad,292,Sad,Neutral,False,0.6490147,0.01965405,0.00085485127,0.027378958,0.0018770767,0.6490147,0.29963323,0.0015871401
3743,savee,DC,DC_sa08.wav,Sad,307,Sad,Neutral,False,0.6157849,0.017521314,0.0049219206,0.010991448,0.010367914,0.6157849,0.33859542,0.0018170832
3744,savee,DC,DC_sa09.wav,Sad,275,Sad,Neutral,False,0.6781104,0.037089016,0.03394699,0.0059155175,0.0068482775,0.6781104,0.235163,0.0029267366
3745,savee,DC,DC_sa10.wav,Sad,401,Sad,Sad,True,0.59840167,0.00084756705,0.0008406513,0.0006256414,0.0091064405,0.39011163,0.59840167,6.643541e-05
3746,savee,DC,DC_sa11.wav,Sad,401,Sad,Neutral,False,0.43648106,0.072010584,0.10857793,0.013895667,0.010338483,0.43648106,0.35509813,0.0035981417
3747,savee,DC,DC_sa12.wav,Sad,401,Sad,Happy,False,0.4721759,0.20694397,0.03725913,0.10963611,0.4721759,0.015816782,0.121328026,0.036840037
3748,savee,DC,DC_sa13.wav,Sad,401,Sad,Sad,True,0.87754613,0.010881004,0.04221682,0.00221378,0.004890532,0.06150759,0.87754613,0.00074420526
3749,savee,DC,DC_sa14.wav,Sad,401,Sad,Neutral,False,0.51546186,0.016731422,0.004521839,0.001991627,0.01104254,0.51546186,0.44960165,0.000649087
3750,savee,DC,DC_sa15.wav,Sad,401,Sad,Sad,True,0.54348713,0.025778456,0.06277518,0.005604238,0.014398833,0.34738943,0.54348713,0.0005667263
3751,savee,DC,DC_su01.wav,Surprise,325,Surprise,Fear,False,0.5177873,0.0063851057,0.0107842,0.5177873,0.099744834,0.009517545,0.024534896,0.3312461
3752,savee,DC,DC_su02.wav,Surprise,323,Surprise,Neutral,False,0.8161555,0.010744615,0.0029201265,0.0054548304,0.000752758,0.8161555,0.16190936,0.0020627673
3753,savee,DC,DC_su03.wav,Surprise,187,Surprise,Angry,False,0.2990997,0.2990997,0.0012227305,0.14535141,0.054061025,0.15710093,0.08583948,0.25732473
3754,savee,DC,DC_su04.wav,Surprise,336,Surprise,Neutral,False,0.39819053,0.022453813,0.016748898,0.20072153,0.063094385,0.39819053,0.17044076,0.12835011
3755,savee,DC,DC_su05.wav,Surprise,284,Surprise,Sad,False,0.31005645,0.14164701,0.029454995,0.09270567,0.051969726,0.19126691,0.31005645,0.18289931
3756,savee,DC,DC_su06.wav,Surprise,243,Surprise,Fear,False,0.31559372,0.26564413,0.002356065,0.31559372,0.020462498,0.24451786,0.055891916,0.095533825
3757,savee,DC,DC_su07.wav,Surprise,346,Surprise,Disgust,False,0.54488087,0.014470693,0.54488087,0.01601758,0.025477747,0.34049448,0.046772145,0.011886526
3758,savee,DC,DC_su08.wav,Surprise,381,Surprise,Sad,False,0.3420029,0.11602272,0.10076024,0.05543073,0.11123486,0.15018618,0.3420029,0.12436239
3759,savee,DC,DC_su09.wav,Surprise,344,Surprise,Neutral,False,0.3869443,0.09405714,0.14397663,0.23808897,0.04001701,0.3869443,0.02156794,0.075348035
3760,savee,DC,DC_su10.wav,Surprise,401,Surprise,Neutral,False,0.55921155,0.009883796,0.025637459,0.03457348,0.022987364,0.55921155,0.3414571,0.006249299
3761,savee,DC,DC_su11.wav,Surprise,268,Surprise,Fear,False,0.39242718,0.059441548,0.024348367,0.39242718,0.015725441,0.0130469,0.29385027,0.20116025
3762,savee,DC,DC_su12.wav,Surprise,401,Surprise,Fear,False,0.3825319,0.049872607,0.004273777,0.3825319,0.2538024,0.13258113,0.12084915,0.056089133
3763,savee,DC,DC_su13.wav,Surprise,401,Surprise,Surprise,True,0.715498,0.0046267007,0.0035898052,0.09363576,0.17701761,0.00044225925,0.005189848,0.715498
3764,savee,DC,DC_su14.wav,Surprise,401,Surprise,Surprise,True,0.75595766,0.024648188,0.0336551,0.12841475,0.0084997965,0.0026789946,0.046145484,0.75595766
3765,savee,DC,DC_su15.wav,Surprise,401,Surprise,Fear,False,0.4225427,0.012645795,0.07745935,0.4225427,0.06697556,0.004206177,0.095034696,0.32113582
4143,tess,OAF,OAF_base_fear.wav,Fear,170,Fear,Fear,True,0.9999988,7.784536e-07,2.4182684e-11,0.9999988,2.69481e-08,3.8053997e-07,1.1164475e-08,1.9361478e-08
4145,tess,OAF,OAF_base_neutral.wav,Neutral,215,Neutral,Neutral,True,0.9999629,1.2805468e-07,7.530287e-08,2.8215737e-07,1.0799823e-09,0.9999629,3.643912e-05,1.1135625e-07
4147,tess,OAF,OAF_base_sad.wav,Sad,253,Sad,Sad,True,0.99999666,1.6094972e-08,3.4374354e-09,9.478875e-08,1.2188091e-08,3.2144103e-06,0.99999666,2.3380011e-09
4149,tess,OAF,OAF_bath_disgust.wav,Disgust,228,Disgust,Disgust,True,0.9998348,7.70932e-05,0.9998348,1.980426e-06,2.1504077e-07,4.703247e-05,1.9893638e-05,1.9007783e-05
4150,tess,OAF,OAF_bath_fear.wav,Fear,164,Fear,Fear,True,0.9998586,6.3272964e-06,4.9413316e-08,0.9998586,1.0329791e-05,1.7480448e-06,3.5183555e-07,0.00012261955
4164,tess,OAF,OAF_beg_fear.wav,Fear,157,Fear,Fear,True,0.9999969,1.7845153e-06,1.7876606e-09,0.9999969,4.5562393e-07,5.811524e-07,4.6244672e-08,2.1573649e-07
4166,tess,OAF,OAF_beg_neutral.wav,Neutral,198,Neutral,Neutral,True,0.9994356,5.6606353e-07,1.914748e-07,5.609721e-05,2.2021511e-07,0.9994356,0.00050277973,4.5390816e-06
4171,tess,OAF,OAF_bite_fear.wav,Fear,131,Fear,Fear,True,0.99991465,7.013887e-05,7.842103e-09,0.99991465,9.538057e-07,1.2476678e-05,1.7390655e-06,1.4282064e-07
4178,tess,OAF,OAF_boat_happy.wav,Happy,160,Happy,Happy,True,0.853456,0.004756014,1.8922461e-05,0.00016763134,0.853456,1.3868301e-06,4.929313e-06,0.14159505
4182,tess,OAF,OAF_bone_angry.wav,Angry,157,Angry,Angry,True,0.99996936,0.99996936,3.8245826e-08,2.1753312e-05,8.319241e-06,3.477384e-08,2.1507729e-07,3.8936776e-07
4185,tess,OAF,OAF_bone_happy.wav,Happy,209,Happy,Happy,True,0.99714845,2.0812978e-08,1.8466325e-06,5.8158104e-05,0.99714845,4.3460266e-09,3.233801e-07,0.0027912268
4188,tess,OAF,OAF_bone_sad.wav,Sad,247,Sad,Sad,True,0.9994254,1.5232079e-06,3.1463053e-06,3.8903647e-07,2.0844752e-08,0.0005694926,0.9994254,5.5974443e-08
4194,tess,OAF,OAF_book_ps.wav,Surprise,170,Surprise,Surprise,True,0.9960091,8.345173e-05,3.2462901e-06,0.0029207047,0.0002828728,0.00069726707,3.4125298e-06,0.9960091
4195,tess,OAF,OAF_book_sad.wav,Sad,249,Sad,Sad,True,0.99999416,1.0926527e-06,1.5391308e-06,1.305697e-07,2.3564054e-08,3.0685615e-06,0.99999416,1.3991603e-08
4200,tess,OAF,OAF_bought_neutral.wav,Neutral,196,Neutral,Neutral,True,0.99999654,4.2973065e-09,1.8940534e-09,4.2042574e-09,1.6875998e-09,0.99999654,3.4353918e-06,4.4658073e-09
4201,tess,OAF,OAF_bought_ps.wav,Surprise,194,Surprise,Surprise,True,0.9999579,7.932773e-06,6.299997e-06,1.11087775e-05,1.2738516e-06,1.5401993e-05,8.782755e-08,0.9999579
4204,tess,OAF,OAF_burn_disgust.wav,Disgust,221,Disgust,Disgust,True,0.9998134,0.00018368715,0.9998134,8.111112e-08,3.4910238e-07,9.5704706e-08,2.097803e-06,2.729677e-07
4207,tess,OAF,OAF_burn_neutral.wav,Neutral,214,Neutral,Neutral,True,0.99987006,1.5426208e-06,1.3195199e-06,2.1056401e-05,1.1286333e-08,0.99987006,0.00010092865,5.039007e-06
4232,tess,OAF,OAF_cause_disgust.wav,Disgust,249,Disgust,Disgust,True,0.9995229,0.00035086586,0.9995229,5.9764767e-07,1.2376918e-07,2.0075817e-05,9.984319e-05,5.5688006e-06
4242,tess,OAF,OAF_chain_neutral.wav,Neutral,212,Neutral,Neutral,True,0.999881,3.336315e-05,1.2834213e-05,2.4976314e-05,6.610791e-08,0.999881,2.627452e-05,2.1509115e-05
4250,tess,OAF,OAF_chair_ps.wav,Surprise,196,Surprise,Surprise,True,0.99997306,1.4095316e-06,1.2187009e-05,9.180035e-06,3.6505976e-06,4.9291054e-07,3.191325e-08,0.99997306
4258,tess,OAF,OAF_chalk_sad.wav,Sad,245,Sad,Sad,True,0.99858713,6.649943e-05,0.00010930254,8.740593e-07,1.02587725e-08,0.0012361836,0.99858713,3.2561793e-08
4262,tess,OAF,OAF_chat_happy.wav,Happy,180,Happy,Happy,True,0.99470735,2.0527708e-05,4.0111063e-06,2.3402768e-05,0.99470735,1.0306265e-06,3.0769516e-07,0.0052433345
4270,tess,OAF,OAF_check_neutral.wav,Neutral,184,Neutral,Neutral,True,0.99993503,2.6739147e-07,1.1667796e-07,5.0365936e-05,7.6734153e-07,0.99993503,1.0484111e-05,3.0132765e-06
4271,tess,OAF,OAF_check_ps.wav,Surprise,212,Surprise,Surprise,True,0.9999949,8.21673e-09,2.5541274e-07,4.043715e-06,8.426503e-07,2.5708907e-08,3.408923e-09,0.9999949
4281,tess,OAF,OAF_chief_disgust.wav,Disgust,245,Disgust,Disgust,True,0.9983809,0.0013803492,0.9983809,1.1452311e-06,1.0797895e-05,6.7801243e-06,7.471974e-05,0.00014532161
4291,tess,OAF,OAF_choice_neutral.wav,Neutral,207,Neutral,Neutral,True,0.9999964,2.1958917e-07,3.885359e-09,4.0572544e-07,1.5748082e-09,0.9999964,3.0161816e-06,3.2642344e-08
4296,tess,OAF,OAF_cool_fear.wav,Fear,157,Fear,Fear,True,0.99997866,1.6057467e-05,4.3194355e-08,0.99997866,2.2832971e-07,4.2031224e-06,6.148861e-07,1.8475758e-07
4303,tess,OAF,OAF_dab_fear.wav,Fear,147,Fear,Fear,True,0.9999927,8.765393e-07,2.313452e-09,0.9999927,6.102409e-08,5.5876103e-06,6.908907e-07,4.918832e-08
4305,tess,OAF,OAF_dab_neutral.wav,Neutral,199,Neutral,Neutral,True,0.9999989,4.1160095e-10,1.3727767e-09,1.9315078e-08,1.6880346e-10,0.9999989,1.0480096e-06,1.2953192e-08
4311,tess,OAF,OAF_date_happy.wav,Happy,212,Happy,Happy,True,0.99785197,7.945097e-07,9.200693e-07,3.398917e-05,0.99785197,1.8869605e-07,5.943717e-07,0.0021116177
4314,tess,OAF,OAF_date_sad.wav,Sad,245,Sad,Sad,True,0.9999572,1.11093826e-07,1.2951059e-06,1.5454617e-06,5.1037674e-08,3.971081e-05,0.9999572,8.351643e-08
4315,tess,OAF,OAF_dead_angry.wav,Angry,142,Angry,Angry,True,0.9999902,0.9999902,1.1283648e-07,4.30235e-06,3.2440398e-06,7.1883983e-09,6.8427305e-08,2.096268e-06
4320,tess,OAF,OAF_dead_ps.wav,Surprise,196,Surprise,Surprise,True,0.99994457,1.5829758e-06,9.734023e-07,5.091363e-05,1.6530079e-06,2.780259e-07,2.9591087e-08,0.99994457
4327,tess,OAF,OAF_death_ps.wav,Surprise,180,Surprise,Surprise,True,0.9996946,1.4589542e-05,4.047913e-06,0.00026548686,9.1764804e-08,2.1102775e-05,5.3091973e-08,0.9996946
4338,tess,OAF,OAF_dime_fear.wav,Fear,161,Fear,Fear,True,0.99999857,7.1890646e-08,6.2158496e-09,0.99999857,4.850937e-07,2.386655e-07,1.3402716e-07,4.067879e-07
4347,tess,OAF,OAF_dip_neutral.wav,Neutral,173,Neutral,Neutral,True,0.9996489,3.5747694e-06,8.991272e-08,9.167941e-05,1.1480999e-07,0.9996489,0.00025461428,9.033805e-07
4350,tess,OAF,OAF_ditch_angry.wav,Angry,152,Angry,Angry,True,0.99938715,0.99938715,5.6404792e-06,2.6362743e-05,0.00056750164,3.2591645e-06,5.136538e-06,4.892128e-06
4354,tess,OAF,OAF_ditch_neutral.wav,Neutral,199,Neutral,Neutral,True,0.9998771,5.031875e-05,1.4742905e-06,2.464433e-05,5.075327e-07,0.9998771,3.870536e-05,7.1901122e-06
4360,tess,OAF,OAF_dodge_happy.wav,Happy,210,Happy,Happy,True,0.9998235,7.807087e-07,5.2333642e-05,6.975004e-06,0.9998235,2.5097087e-08,1.1733e-06,0.000115154064
4373,tess,OAF,OAF_doll_fear.wav,Fear,151,Fear,Fear,True,0.99989927,9.295976e-05,2.6254406e-07,0.99989927,7.9766505e-07,1.6386533e-06,2.8971942e-06,2.1124727e-06
4393,tess,OAF,OAF_fall_disgust.wav,Disgust,240,Disgust,Disgust,True,0.99988616,1.5553966e-05,0.99988616,2.4943927e-07,9.976994e-08,4.48277e-07,9.729464e-05,2.7671143e-07
4394,tess,OAF,OAF_fall_fear.wav,Fear,159,Fear,Fear,True,0.99998665,7.3959145e-06,1.0944524e-07,0.99998665,3.466939e-07,5.953775e-07,9.6643e-07,3.9655833e-06
4397,tess,OAF,OAF_fall_ps.wav,Surprise,184,Surprise,Surprise,True,0.9999999,3.3499962e-08,1.0735698e-08,3.1215215e-08,8.406339e-08,3.7508214e-09,7.141654e-11,0.9999999
4402,tess,OAF,OAF_far_happy.wav,Happy,204,Happy,Happy,True,0.99954516,6.668057e-07,0.00016408984,1.4668888e-05,0.99954516,5.4014305e-07,7.159334e-06,0.0002676682
4406,tess,OAF,OAF_fat_angry.wav,Angry,145,Angry,Angry,True,0.999995,0.999995,1.3077096e-07,3.9316988e-06,5.623485e-07,2.967278e-08,2.0001583e-08,3.2925706e-07
4409,tess,OAF,OAF_fat_happy.wav,Happy,183,Happy,Happy,True,0.97902566,7.983005e-08,3.852777e-07,0.00021205416,0.97902566,6.2310925e-09,4.645058e-07,0.020761333
4410,tess,OAF,OAF_fat_neutral.wav,Neutral,197,Neutral,Neutral,True,0.9999286,1.05902e-05,5.244381e-07,2.5068664e-05,3.154385e-07,0.9999286,3.3137534e-05,1.8057304e-06
4416,tess,OAF,OAF_fit_happy.wav,Happy,183,Happy,Happy,True,0.951957,1.2322469e-06,4.838121e-06,0.0002991239,0.951957,2.177463e-05,1.3602764e-05,0.047702413
4418,tess,OAF,OAF_fit_ps.wav,Surprise,187,Surprise,Surprise,True,0.9922122,8.819952e-05,6.485043e-05,7.413523e-05,0.0075201923,3.7479756e-05,2.9350813e-06,0.9922122
4426,tess,OAF,OAF_five_sad.wav,Sad,255,Sad,Sad,True,0.99087596,9.410411e-07,7.3296396e-05,0.00016667576,3.822814e-06,0.008873396,0.99087596,5.921167e-06
4427,tess,OAF,OAF_food_angry.wav,Angry,148,Angry,Angry,True,0.99999666,0.99999666,2.4750667e-08,2.6827502e-06,6.8735505e-07,1.5664215e-08,1.3422612e-08,2.4771023e-08
4445,tess,OAF,OAF_gas_neutral.wav,Neutral,209,Neutral,Neutral,True,0.99998975,7.3992146e-07,1.8656751e-06,2.4950875e-06,1.2828834e-08,0.99998975,2.3962527e-06,2.780736e-06
4450,tess,OAF,OAF_gaze_fear.wav,Fear,167,Fear,Fear,True,0.9999976,2.0645e-06,1.4735143e-09,0.9999976,7.264553e-08,9.30729e-08,6.71746e-08,1.3267329e-07
4454,tess,OAF,OAF_gaze_sad.wav,Sad,295,Sad,Sad,True,0.9999627,1.4862535e-07,1.41593e-06,2.2727581e-06,2.470812e-07,3.3132186e-05,0.9999627,6.1507656e-08
4462,tess,OAF,OAF_get_angry.wav,Angry,161,Angry,Angry,True,0.99996793,0.99996793,3.79247e-08,7.1675895e-06,2.3553497e-05,5.715931e-07,3.3394795e-07,3.8591958e-07
4467,tess,OAF,OAF_get_ps.wav,Surprise,186,Surprise,Surprise,True,0.99973553,2.014777e-06,8.009252e-06,4.1721996e-06,0.00024902678,1.2200246e-06,2.679848e-08,0.99973553
4468,tess,OAF,OAF_get_sad.wav,Sad,237,Sad,Sad,True,0.99360716,1.3582669e-06,2.507097e-06,2.176868e-06,1.6102115e-07,0.006385956,0.99360716,6.592699e-07
4476,tess,OAF,OAF_goal_angry.wav,Angry,149,Angry,Angry,True,0.9996866,0.9996866,4.405528e-07,0.00029391499,1.4803511e-05,2.2766388e-07,2.8140432e-06,1.0913691e-06
4482,tess,OAF,OAF_goal_sad.wav,Sad,257,Sad,Sad,True,0.99999285,8.599246e-08,1.4898255e-06,1.7331464e-06,4.365995e-09,3.8006747e-06,0.99999285,1.0303277e-08
4489,tess,OAF,OAF_good_sad.wav,Sad,236,Sad,Sad,True,0.9999075,8.590753e-09,3.3426538e-08,2.9286675e-06,3.2791824e-08,8.9557805e-05,0.9999075,2.693146e-08
4493,tess,OAF,OAF_goose_happy.wav,Happy,183,Happy,Happy,True,0.99023527,1.0273966e-07,2.4918225e-07,7.945045e-06,0.99023527,2.4444288e-10,1.692543e-08,0.009756402
4507,tess,OAF,OAF_half_happy.wav,Happy,206,Happy,Happy,True,0.95226187,4.0131918e-06,6.0453367e-06,0.00027609162,0.95226187,3.8928675e-07,8.8572574e-07,0.047450673
4513,tess,OAF,OAF_hall_fear.wav,Fear,133,Fear,Fear,True,0.99996877,2.242136e-05,9.758062e-09,0.99996877,1.7563674e-06,4.3354835e-06,1.458313e-06,1.2770766e-06
4535,tess,OAF,OAF_have_happy.wav,Happy,205,Happy,Happy,True,0.99813193,4.771196e-07,2.8706963e-05,3.633139e-05,0.99813193,5.09187e-07,9.878716e-06,0.0017922862
4543,tess,OAF,OAF_haze_neutral.wav,Neutral,198,Neutral,Neutral,True,0.9997129,2.4394621e-08,1.533836e-07,1.3943192e-05,1.3802996e-08,0.9997129,0.00027264206,2.4175634e-07
4544,tess,OAF,OAF_haze_ps.wav,Surprise,211,Surprise,Surprise,True,0.9998845,5.9542685e-07,5.72288e-06,9.850118e-05,1.0353433e-05,1.6813004e-07,1.5338885e-07,0.9998845
4571,tess,OAF,OAF_home_neutral.wav,Neutral,202,Neutral,Neutral,True,0.9999738,1.9291166e-09,1.8123585e-09,1.2579211e-07,1.6146683e-09,0.9999738,2.6058917e-05,8.392817e-09
4591,tess,OAF,OAF_jail_happy.wav,Happy,176,Happy,Happy,True,0.9960263,4.388456e-05,1.5555512e-05,0.00012612944,0.9960263,5.131968e-08,5.9893165e-07,0.003787508
4597,tess,OAF,OAF_jar_fear.wav,Fear,166,Fear,Fear,True,0.99999714,5.4268288e-09,3.859915e-09,0.99999714,8.2050195e-07,1.3537502e-07,1.1966623e-07,1.7704681e-06
4622,tess,OAF,OAF_jug_sad.wav,Sad,242,Sad,Sad,True,0.9970981,8.851178e-07,2.887765e-07,1.0690915e-06,4.028503e-08,0.002899393,0.9970981,1.8111683e-07
4629,tess,OAF,OAF_juice_sad.wav,Sad,254,Sad,Sad,True,0.99996233,5.7838554e-07,2.1754734e-07,1.6608417e-06,9.4772844e-08,3.499061e-05,0.99996233,6.297405e-08
4636,tess,OAF,OAF_keen_sad.wav,Sad,246,Sad,Sad,True,0.99784505,0.000101372396,9.234015e-05,0.00010435398,4.831555e-08,0.0018521262,0.99784505,4.7193034e-06
4641,tess,OAF,OAF_keep_neutral.wav,Neutral,190,Neutral,Neutral,True,0.9999685,4.233341e-09,3.6915174e-10,9.469303e-08,1.0270222e-08,0.9999685,3.1334093e-05,4.0316557e-08
4654,tess,OAF,OAF_kick_happy.wav,Happy,218,Happy,Happy,True,0.99863535,4.955819e-07,1.2374376e-05,4.0499286e-05,0.99863535,4.5589664e-07,2.965466e-06,0.00130782
4664,tess,OAF,OAF_kill_sad.wav,Sad,260,Sad,Sad,True,0.9998672,1.5009769e-06,2.200972e-06,1.5812736e-06,4.815504e-08,0.00012710034,0.9998672,3.7048713e-07
4668,tess,OAF,OAF_king_happy.wav,Happy,188,Happy,Happy,True,0.9959245,2.3024601e-08,1.6549477e-06,2.7562573e-06,0.9959245,9.37184e-10,1.0486004e-08,0.004071075
4670,tess,OAF,OAF_king_ps.wav,Surprise,192,Surprise,Surprise,True,0.9999889,5.1889026e-07,2.1442776e-07,5.9784675e-06,1.0623071e-06,3.2517262e-06,3.297608e-08,0.9999889
4676,tess,OAF,OAF_kite_neutral.wav,Neutral,193,Neutral,Neutral,True,0.9999697,7.764988e-09,6.348205e-10,9.3623805e-07,2.715701e-08,0.9999697,2.926964e-05,5.6553237e-08
4686,tess,OAF,OAF_late_angry.wav,Angry,145,Angry,Angry,True,0.9999559,0.9999559,7.2598446e-08,3.3494896e-05,9.682327e-06,2.595619e-07,1.0763011e-07,4.9459913e-07
4689,tess,OAF,OAF_late_happy.wav,Happy,197,Happy,Happy,True,0.99724233,2.484479e-08,1.15749046e-07,5.4898745e-05,0.99724233,1.336056e-09,2.7761546e-08,0.002702577
4699,tess,OAF,OAF_laud_sad.wav,Sad,236,Sad,Sad,True,0.9986029,1.1634252e-05,1.4086888e-05,4.7347346e-08,1.6572933e-08,0.0013712489,0.9986029,1.0419694e-08
4717,tess,OAF,OAF_lease_happy.wav,Happy,225,Happy,Happy,True,0.85665244,6.5479355e-07,2.5486495e-05,0.062640145,0.85665244,3.593899e-06,0.00058594294,0.08009171
4722,tess,OAF,OAF_lid_disgust.wav,Disgust,201,Disgust,Disgust,True,0.92875737,0.012234661,0.92875737,0.0034454856,0.00036137606,0.027182221,0.010416181,0.017602783
4723,tess,OAF,OAF_lid_fear.wav,Fear,152,Fear,Fear,True,0.9999796,8.500116e-06,1.2290646e-08,0.9999796,6.0492703e-06,2.3594002e-06,2.5368543e-06,9.275768e-07
4735,tess,OAF,OAF_limb_angry.wav,Angry,163,Angry,Angry,True,0.99954,0.99954,6.3393713e-07,0.00021807756,0.00023148619,1.0836965e-06,1.026029e-06,7.749347e-06
4738,tess,OAF,OAF_limb_happy.wav,Happy,187,Happy,Happy,True,0.99980646,2.3800387e-06,1.0674194e-07,7.704092e-06,0.99980646,7.488406e-08,2.65083e-07,0.00018298563
4750,tess,OAF,OAF_loaf_disgust.wav,Disgust,253,Disgust,Disgust,True,0.9980749,0.0018540657,0.9980749,9.0014487e-07,4.868525e-07,1.2441976e-06,2.0799927e-05,4.7584363e-05
4755,tess,OAF,OAF_loaf_sad.wav,Sad,268,Sad,Sad,True,0.9999219,6.201698e-08,3.0072854e-08,3.921653e-06,7.5383994e-08,7.401013e-05,0.9999219,1.3134449e-08
4764,tess,OAF,OAF_lore_disgust.wav,Disgust,237,Disgust,Disgust,True,0.9958691,0.0037390492,0.9958691,3.1868506e-06,8.962184e-07,7.63236e-05,0.0002904338,2.0982627e-05
4765,tess,OAF,OAF_lore_fear.wav,Fear,155,Fear,Fear,True,0.9999558,2.9257564e-05,3.7756593e-07,0.9999558,4.5814386e-06,2.1052139e-07,6.667175e-06,3.1511952e-06
4771,tess,OAF,OAF_lose_disgust.wav,Disgust,225,Disgust,Neutral,False,0.40081325,0.0009238929,0.29943642,0.031559914,2.3449152e-06,0.40081325,0.2670809,0.00018330688
4772,tess,OAF,OAF_lose_fear.wav,Fear,138,Fear,Fear,True,0.99998486,2.1182812e-07,1.6751055e-09,0.99998486,3.9223705e-06,8.656156e-06,1.7186698e-06,6.3842714e-07
4776,tess,OAF,OAF_lose_sad.wav,Sad,248,Sad,Sad,True,0.99509877,2.0846926e-05,5.7004554e-06,1.9795957e-06,2.2363353e-07,0.004872546,0.99509877,5.0468426e-08
4785,tess,OAF,OAF_love_disgust.wav,Disgust,235,Disgust,Disgust,True,0.9846103,0.014164615,0.9846103,0.00021770202,6.4292726e-05,3.2313586e-05,0.0008399007,7.078961e-05
4786,tess,OAF,OAF_love_fear.wav,Fear,155,Fear,Fear,True,0.999998,3.1990635e-07,9.0538826e-11,0.999998,2.0732621e-07,1.2816186e-06,1.0278408e-07,7.790189e-09
4794,tess,OAF,OAF_luck_happy.wav,Happy,194,Happy,Happy,True,0.999925,3.8248033e-10,4.702261e-08,1.0230069e-06,0.999925,2.0594026e-10,2.7378544e-08,7.388293e-05
4801,tess,OAF,OAF_make_happy.wav,Happy,177,Happy,Happy,True,0.9979443,3.7805475e-07,2.683275e-07,4.0561248e-05,0.9979443,9.598997e-10,4.6543384e-08,0.0020144507
4811,tess,OAF,OAF_match_sad.wav,Sad,285,Sad,Sad,True,0.9986677,2.944234e-05,6.6717475e-05,3.2094053e-05,1.3556061e-06,0.0012020898,0.9986677,5.453918e-07
4816,tess,OAF,OAF_merge_neutral.wav,Neutral,206,Neutral,Neutral,True,0.99993885,1.8387031e-07,5.6196342e-08,8.421388e-07,2.5001636e-09,0.99993885,6.0032984e-05,2.6283338e-08
4819,tess,OAF,OAF_mess_angry.wav,Angry,170,Angry,Angry,True,0.99988735,0.99988735,2.5108243e-06,2.0586884e-05,8.10918e-05,1.4651795e-06,5.7275047e-06,1.2504837e-06
4826,tess,OAF,OAF_met_angry.wav,Angry,151,Angry,Angry,True,0.9955218,0.9955218,1.633384e-07,0.0044205636,3.2618293e-05,1.1408525e-05,6.5806835e-06,6.9859807e-06
4827,tess,OAF,OAF_met_disgust.wav,Disgust,237,Disgust,Disgust,True,0.9997702,8.268655e-05,0.9997702,4.36818e-07,1.8451432e-05,2.431213e-08,0.00012502537,3.1544887e-06
4831,tess,OAF,OAF_met_ps.wav,Surprise,222,Surprise,Surprise,True,0.99647236,5.555197e-05,2.1305474e-05,0.002890556,6.5412845e-05,0.00045250152,4.2352527e-05,0.99647236
4837,tess,OAF,OAF_mill_neutral.wav,Neutral,185,Neutral,Neutral,True,0.9986369,3.0999922e-06,1.5987546e-07,6.339648e-06,1.451771e-06,0.9986369,0.0013518664,1.1194877e-07
4839,tess,OAF,OAF_mill_sad.wav,Sad,268,Sad,Sad,True,0.99997044,6.8575223e-06,1.6363407e-05,8.218921e-07,1.4671657e-07,5.3485437e-06,0.99997044,1.2302565e-08
4859,tess,OAF,OAF_mood_ps.wav,Surprise,209,Surprise,Surprise,True,0.9998066,5.2367072e-06,0.0001860641,4.5617543e-07,1.2138777e-06,8.398528e-08,4.060614e-07,0.9998066
4861,tess,OAF,OAF_moon_angry.wav,Angry,151,Angry,Angry,True,0.9940528,0.9940528,2.0586633e-07,0.005522868,0.00040164433,9.757576e-06,1.1299162e-05,1.3564937e-06
4874,tess,OAF,OAF_mop_sad.wav,Sad,249,Sad,Sad,True,0.9999211,2.476567e-07,2.8565646e-06,1.4077135e-06,1.13343546e-07,7.415158e-05,0.9999211,1.1342475e-07
4881,tess,OAF,OAF_mouse_sad.wav,Sad,266,Sad,Sad,True,0.99815315,5.2301596e-07,1.0690038e-06,1.1094179e-06,4.9948408e-08,0.0018440185,0.99815315,1.4190789e-07
4887,tess,OAF,OAF_nag_ps.wav,Surprise,215,Surprise,Surprise,True,0.9999856,6.1010763e-07,7.418083e-07,1.0429066e-05,2.2669587e-06,1.8152862e-07,1.4758115e-07,0.9999856
4895,tess,OAF,OAF_name_sad.wav,Sad,261,Sad,Sad,True,0.99999714,5.393635e-08,4.4517012e-07,9.17781e-07,6.475507e-09,1.425035e-06,0.99999714,1.7243063e-09
4898,tess,OAF,OAF_near_fear.wav,Fear,138,Fear,Fear,True,0.99991024,6.562882e-05,2.280272e-08,0.99991024,7.2885796e-06,1.4290625e-05,2.0458167e-06,4.66082e-07
4901,tess,OAF,OAF_near_ps.wav,Surprise,219,Surprise,Surprise,True,0.9878613,0.0001382745,0.011968437,5.5498685e-06,1.7782137e-05,1.6516651e-06,6.9037096e-06,0.9878613
4905,tess,OAF,OAF_neat_fear.wav,Fear,147,Fear,Fear,True,0.9998919,5.303605e-06,4.283682e-09,0.9998919,1.1057575e-05,6.7551744e-05,2.329262e-05,8.0374207e-07
4915,tess,OAF,OAF_nice_ps.wav,Surprise,210,Surprise,Surprise,True,0.99986947,2.356561e-08,9.342588e-07,9.0453335e-07,0.00012848877,8.0512335e-09,9.271072e-08,0.99986947
4922,tess,OAF,OAF_note_ps.wav,Surprise,201,Surprise,Surprise,True,0.9999876,6.395917e-07,1.3662975e-07,1.0036017e-06,9.736025e-06,6.6440253e-07,1.737068e-07,0.9999876
4939,tess,OAF,OAF_page_disgust.wav,Disgust,252,Disgust,Disgust,True,0.99951637,0.00027248188,0.99951637,5.9061317e-06,1.6160198e-05,3.486961e-06,0.000113643364,7.196994e-05
4944,tess,OAF,OAF_page_sad.wav,Sad,260,Sad,Sad,True,0.99999964,2.0641183e-10,6.9764217e-09,1.3465494e-07,1.2097033e-09,2.1673664e-07,0.99999964,9.7244074e-11
4946,tess,OAF,OAF_pain_disgust.wav,Disgust,232,Disgust,Disgust,True,0.67946404,0.034022346,0.67946404,0.018611692,0.0009548259,0.019519739,0.0017724792,0.24565487
4954,tess,OAF,OAF_pass_fear.wav,Fear,153,Fear,Fear,True,0.99999964,8.2791345e-08,1.8966927e-11,0.99999964,8.001304e-08,4.992307e-08,6.813293e-09,3.040192e-08
4955,tess,OAF,OAF_pass_happy.wav,Happy,228,Happy,Happy,True,0.99938285,6.1165593e-07,1.1026574e-05,0.000165253,0.99938285,9.59282e-09,2.6253776e-06,0.00043756232
4960,tess,OAF,OAF_pearl_disgust.wav,Disgust,234,Disgust,Disgust,True,0.9993612,0.00011667825,0.9993612,1.2223841e-05,9.265542e-05,1.336078e-06,2.7597758e-05,0.0003884217
4968,tess,OAF,OAF_peg_fear.wav,Fear,148,Fear,Fear,True,0.99992204,7.0377384e-05,3.3187394e-08,0.99992204,2.5050394e-06,1.4150896e-06,6.113618e-07,3.0166761e-06
4972,tess,OAF,OAF_peg_sad.wav,Sad,260,Sad,Sad,True,0.9999932,5.4773697e-08,5.8466026e-07,1.2560163e-06,1.3015486e-07,4.7896824e-06,0.9999932,4.0207354e-08
4973,tess,OAF,OAF_perch_angry.wav,Angry,145,Angry,Angry,True,0.99999785,0.99999785,1.2942116e-08,6.6673437e-07,1.3139269e-06,2.611304e-08,2.3999679e-08,4.7346433e-08
4976,tess,OAF,OAF_perch_happy.wav,Happy,193,Happy,Happy,True,0.99986696,4.9127287e-08,1.0529885e-06,3.2279775e-05,0.99986696,2.1491564e-09,9.2351335e-08,9.952091e-05
4978,tess,OAF,OAF_perch_ps.wav,Surprise,228,Surprise,Surprise,True,0.9989349,6.145807e-07,9.442237e-06,9.3149596e-05,0.00095875387,2.3592955e-07,2.8951565e-06,0.9989349
4992,tess,OAF,OAF_pick_ps.wav,Surprise,177,Surprise,Surprise,True,0.9999608,5.232817e-08,2.293696e-08,1.7413779e-06,3.7404305e-05,7.469358e-09,8.803102e-09,0.9999608
5003,tess,OAF,OAF_pole_fear.wav,Fear,161,Fear,Fear,True,0.99999964,1.6152475e-07,3.283487e-10,0.99999964,5.9455424e-08,5.8729217e-09,2.4423878e-08,1.660214e-07
5009,tess,OAF,OAF_pool_disgust.wav,Disgust,228,Disgust,Disgust,True,0.99995637,3.5008958e-05,0.99995637,4.0792918e-07,8.476589e-08,6.6843904e-07,6.546872e-06,8.7442675e-07
5010,tess,OAF,OAF_pool_fear.wav,Fear,152,Fear,Fear,True,0.9999987,1.0027651e-06,5.0186117e-09,0.9999987,1.03458e-07,1.1871046e-07,5.2333153e-08,8.657869e-08
5022,tess,OAF,OAF_rag_angry.wav,Angry,161,Angry,Angry,True,0.99900717,0.99900717,2.5198162e-06,0.0006972209,0.000261033,5.6013755e-06,8.139273e-06,1.8461293e-05
5023,tess,OAF,OAF_rag_disgust.wav,Disgust,237,Disgust,Disgust,True,0.9994276,7.0063004e-05,0.9994276,4.3182204e-06,3.859374e-05,3.248101e-06,0.00045489825,1.3115206e-06
5027,tess,OAF,OAF_rag_ps.wav,Surprise,194,Surprise,Surprise,True,0.99974483,2.8959928e-06,1.9057092e-07,5.0662734e-06,0.00024679536,1.4432938e-07,5.9324858e-08,0.99974483
5028,tess,OAF,OAF_rag_sad.wav,Sad,282,Sad,Sad,True,0.99999714,1.7005492e-08,1.2836719e-07,9.622698e-08,2.8732148e-09,2.5994084e-06,0.99999714,1.8737017e-10
5036,tess,OAF,OAF_rain_angry.wav,Angry,151,Angry,Angry,True,0.9981425,0.9981425,6.936761e-07,0.0012008493,0.0006430307,4.630004e-06,6.956043e-06,1.3864985e-06
5049,tess,OAF,OAF_raise_sad.wav,Sad,292,Sad,Sad,True,0.9999763,3.193716e-08,5.7762158e-08,2.766712e-07,2.6920306e-09,2.3382168e-05,0.9999763,4.6717545e-09
5052,tess,OAF,OAF_rat_fear.wav,Fear,148,Fear,Fear,True,0.99613535,8.518909e-05,1.011031e-08,0.99613535,4.055098e-05,0.0036415383,9.686793e-05,6.766136e-07
5055,tess,OAF,OAF_rat_ps.wav,Surprise,180,Surprise,Surprise,True,0.99988985,3.2345026e-06,6.1274886e-07,8.222692e-06,9.804024e-05,3.615158e-08,2.3189983e-08,0.99988985
5060,tess,OAF,OAF_reach_happy.wav,Happy,199,Happy,Happy,True,0.9755966,0.0007311725,5.981998e-05,0.00040281928,0.9755966,3.924196e-06,2.9596293e-07,0.023205396
5076,tess,OAF,OAF_red_ps.wav,Surprise,211,Surprise,Surprise,True,0.9990314,0.0001772198,0.00015575768,5.962621e-05,0.00057099515,4.053871e-06,9.849825e-07,0.9990314
5077,tess,OAF,OAF_red_sad.wav,Sad,244,Sad,Sad,True,0.9922726,2.1064172e-05,0.00010567462,2.0961732e-05,9.81219e-07,0.007577869,0.9922726,7.926922e-07
5097,tess,OAF,OAF_road_ps.wav,Surprise,189,Surprise,Surprise,True,0.99998665,1.7067558e-06,3.5424343e-08,4.67456e-06,4.1624166e-06,2.7605167e-06,2.0168633e-08,0.99998665
5104,tess,OAF,OAF_room_ps.wav,Surprise,180,Surprise,Surprise,True,0.9997453,1.0055411e-05,1.7160644e-07,9.860438e-05,0.00013936659,6.1280434e-06,2.6575552e-07,0.9997453
5112,tess,OAF,OAF_rose_sad.wav,Sad,266,Sad,Sad,True,0.9999795,4.1614757e-07,4.6327932e-07,4.1474564e-06,8.6655994e-08,1.540726e-05,0.9999795,1.8321392e-08
5133,tess,OAF,OAF_rush_sad.wav,Sad,241,Sad,Sad,True,0.9999372,1.9993266e-07,5.046126e-06,7.658645e-08,1.2639061e-08,5.7507543e-05,0.9999372,5.2866933e-09
5136,tess,OAF,OAF_said_fear.wav,Fear,156,Fear,Fear,True,0.99997616,1.2901411e-05,2.5713673e-08,0.99997616,1.5603242e-06,4.2119214e-07,1.2815961e-07,8.92434e-06
5138,tess,OAF,OAF_said_neutral.wav,Neutral,202,Neutral,Neutral,True,0.9991806,1.812352e-05,7.427382e-07,1.751199e-05,5.1340874e-07,0.9991806,0.0007713007,1.1254564e-05
5143,tess,OAF,OAF_sail_fear.wav,Fear,150,Fear,Fear,True,0.9999951,1.3948998e-06,1.3432451e-08,0.9999951,1.8744488e-06,3.550773e-07,3.2538605e-07,8.40167e-07
5152,tess,OAF,OAF_search_neutral.wav,Neutral,229,Neutral,Neutral,True,0.98857343,0.004510072,0.00048770785,0.006002031,1.8316194e-05,0.98857343,0.00030334786,0.00010510741
5165,tess,OAF,OAF_sell_happy.wav,Happy,199,Happy,Happy,True,0.9994562,1.2393205e-07,2.9548612e-06,1.9934354e-05,0.9994562,1.1853902e-08,7.502926e-07,0.00051999715
5169,tess,OAF,OAF_shack_angry.wav,Angry,141,Angry,Angry,True,0.9999192,0.9999192,3.1410573e-07,7.3885385e-05,4.268154e-06,2.2087497e-07,1.9738661e-07,1.8825075e-06
5171,tess,OAF,OAF_shack_fear.wav,Fear,161,Fear,Fear,True,0.9999924,1.0236438e-06,4.0664785e-10,0.9999924,4.0982472e-06,1.8456858e-06,6.529355e-08,5.688402e-07
5177,tess,OAF,OAF_shall_disgust.wav,Disgust,228,Disgust,Disgust,True,0.99935824,0.0005825989,0.99935824,5.231889e-06,1.1460953e-06,4.7192807e-06,4.4541554e-05,3.506948e-06
5179,tess,OAF,OAF_shall_happy.wav,Happy,204,Happy,Happy,True,0.99800843,2.0688562e-06,5.904917e-05,0.000108202476,0.99800843,3.2894388e-08,4.117183e-06,0.0018181392
5183,tess,OAF,OAF_shawl_angry.wav,Angry,153,Angry,Angry,True,0.9999944,0.9999944,8.0244774e-08,3.6370081e-06,1.5634764e-06,4.085434e-09,2.8283237e-08,1.8433789e-07
5184,tess,OAF,OAF_shawl_disgust.wav,Disgust,234,Disgust,Disgust,True,0.98534924,0.013993008,0.98534924,2.310962e-05,5.359892e-07,3.9147708e-05,0.00030907444,0.00028596356
5194,tess,OAF,OAF_sheep_neutral.wav,Neutral,184,Neutral,Neutral,True,0.99990904,2.4598849e-06,3.2087854e-07,5.870593e-05,5.34235e-07,0.99990904,5.6967087e-06,2.3216928e-05
5196,tess,OAF,OAF_sheep_sad.wav,Sad,268,Sad,Sad,True,0.99998593,1.6095854e-07,1.1529833e-05,1.6454416e-06,6.491935e-08,3.07512e-07,0.99998593,3.691147e-07
5199,tess,OAF,OAF_shirt_fear.wav,Fear,130,Fear,Fear,True,0.9999871,6.765666e-06,4.8155004e-09,0.9999871,2.4922417e-06,1.1491068e-06,1.6991487e-07,2.2185955e-06
5200,tess,OAF,OAF_shirt_happy.wav,Happy,181,Happy,Happy,True,0.99060917,5.6971294e-05,1.1940988e-05,0.00015601286,0.99060917,3.2041186e-07,2.1833162e-06,0.009163341
5224,tess,OAF,OAF_size_sad.wav,Sad,244,Sad,Sad,True,0.9999819,2.8344272e-07,1.0018277e-06,4.500757e-06,1.6734256e-07,1.216118e-05,0.9999819,9.993601e-09
5226,tess,OAF,OAF_soap_disgust.wav,Disgust,239,Disgust,Disgust,True,0.9998944,7.6263415e-05,0.9998944,2.2256645e-06,2.072571e-07,2.5494128e-07,4.991149e-06,2.1653968e-05
5228,tess,OAF,OAF_soap_happy.wav,Happy,190,Happy,Happy,True,0.9996352,9.743198e-10,1.2562025e-08,1.3904113e-06,0.9996352,5.299963e-10,3.3067993e-09,0.0003633271
5238,tess,OAF,OAF_soup_sad.wav,Sad,262,Sad,Sad,True,0.9998185,4.0667197e-05,4.7376085e-05,3.5045552e-05,4.1405133e-06,5.3081374e-05,0.9998185,1.339567e-06
5240,tess,OAF,OAF_sour_disgust.wav,Disgust,220,Disgust,Disgust,True,0.99396896,0.0059933932,0.99396896,4.4983594e-07,4.428809e-07,1.168768e-06,3.4837096e-05,6.9970525e-07
5244,tess,OAF,OAF_sour_ps.wav,Surprise,212,Surprise,Surprise,True,0.9994717,3.7884976e-05,0.00028856477,4.449401e-05,0.00014747093,3.804241e-06,6.105584e-06,0.9994717
5253,tess,OAF,OAF_sub_angry.wav,Angry,135,Angry,Angry,True,0.99999475,0.99999475,1.4132799e-08,3.462571e-06,1.412108e-06,7.92963e-08,8.538313e-09,2.9134296e-07
5256,tess,OAF,OAF_sub_happy.wav,Happy,191,Happy,Happy,True,0.99967587,1.599349e-08,6.3194705e-08,2.5305415e-06,0.99967587,5.869195e-09,2.1836671e-08,0.00032144797
5257,tess,OAF,OAF_sub_neutral.wav,Neutral,202,Neutral,Neutral,True,0.9997961,4.074348e-08,3.599275e-09,2.6995158e-06,5.1703766e-09,0.9997961,0.00020122665,1.8419177e-08
5271,tess,OAF,OAF_sure_neutral.wav,Neutral,193,Neutral,Neutral,True,0.999985,3.057926e-08,1.0291922e-08,1.3165027e-06,8.347751e-08,0.999985,1.2906988e-05,6.5998466e-07
5272,tess,OAF,OAF_sure_ps.wav,Surprise,194,Surprise,Surprise,True,0.999962,4.448341e-07,1.3382396e-06,2.1991065e-05,1.4173524e-05,4.0374935e-08,5.1304077e-08,0.999962
5277,tess,OAF,OAF_take_happy.wav,Happy,199,Happy,Happy,True,0.99953485,2.4706182e-08,2.778848e-06,3.512979e-05,0.99953485,2.4943865e-09,9.8550705e-09,0.0004271937
5285,tess,OAF,OAF_talk_neutral.wav,Neutral,197,Neutral,Neutral,True,0.99997807,3.950209e-08,4.4249866e-08,1.2901042e-07,1.797765e-09,0.99997807,2.1651465e-05,2.0073593e-08
5307,tess,OAF,OAF_tell_ps.wav,Surprise,219,Surprise,Surprise,True,0.9999964,4.155698e-08,3.474697e-06,1.2242538e-08,1.0607293e-07,5.747902e-11,1.6919886e-10,0.9999964
5309,tess,OAF,OAF_thin_angry.wav,Angry,148,Angry,Angry,True,0.99999654,0.99999654,7.34943e-09,1.3406944e-07,3.3407491e-06,2.6714866e-09,3.319871e-09,1.3299547e-08
5328,tess,OAF,OAF_thought_ps.wav,Surprise,178,Surprise,Surprise,True,0.997124,0.0026108732,0.0001338999,3.112567e-05,9.638923e-05,3.091989e-06,5.5765906e-07,0.997124
5333,tess,OAF,OAF_thumb_happy.wav,Happy,200,Happy,Happy,True,0.99912447,3.1600095e-08,2.1998056e-07,4.234799e-06,0.99912447,1.3490718e-08,3.5292095e-07,0.0008706182
5341,tess,OAF,OAF_time_neutral.wav,Neutral,205,Neutral,Neutral,True,0.9999541,2.513407e-06,5.0753188e-06,1.5950132e-05,5.1474125e-08,0.9999541,1.961529e-05,2.5699353e-06
5344,tess,OAF,OAF_tip_angry.wav,Angry,134,Angry,Angry,True,0.99999166,0.99999166,4.4084004e-08,6.227166e-06,1.9214115e-06,4.7085692e-08,3.22167e-08,1.5664801e-07
5359,tess,OAF,OAF_ton_disgust.wav,Disgust,224,Disgust,Disgust,True,0.999273,0.00071938115,0.999273,2.295876e-07,3.184005e-07,1.1426429e-06,3.752453e-06,2.1021672e-06
5368,tess,OAF,OAF_tool_happy.wav,Happy,180,Happy,Happy,True,0.9980792,6.3499783e-06,2.5492407e-06,5.232798e-06,0.9980792,2.08759e-06,3.9965976e-06,0.0019005976
5373,tess,OAF,OAF_tough_disgust.wav,Disgust,226,Disgust,Disgust,True,0.99765223,0.0007710744,0.99765223,1.9172683e-05,2.093483e-05,0.0010935571,0.0003965849,4.6498735e-05
5376,tess,OAF,OAF_tough_neutral.wav,Neutral,191,Neutral,Neutral,True,0.9999932,1.9492168e-08,8.151417e-10,4.6500134e-07,1.9378511e-08,0.9999932,6.3468233e-06,1.39257486e-08
5380,tess,OAF,OAF_turn_disgust.wav,Disgust,230,Disgust,Disgust,True,0.99993145,5.8888418e-05,0.99993145,1.7211194e-07,3.2521598e-08,1.1929306e-07,7.834409e-07,8.493808e-06
5389,tess,OAF,OAF_vine_happy.wav,Happy,183,Happy,Happy,True,0.99703515,1.17436464e-07,6.5649454e-07,1.6959667e-06,0.99703515,7.06328e-10,5.8695363e-08,0.002962317
5390,tess,OAF,OAF_vine_neutral.wav,Neutral,192,Neutral,Neutral,True,0.9999789,1.9756217e-06,7.1226594e-08,1.1047528e-06,1.2780856e-07,0.9999789,1.7487697e-05,2.387446e-07
5396,tess,OAF,OAF_voice_happy.wav,Happy,213,Happy,Happy,True,0.9996581,5.0442575e-09,5.4508806e-08,8.6049846e-07,0.9996581,4.246107e-11,1.2560443e-08,0.00034099034
5405,tess,OAF,OAF_void_ps.wav,Surprise,240,Surprise,Surprise,True,0.9999682,7.9437555e-08,2.1331154e-05,5.3250638e-08,1.0132254e-05,9.699751e-09,2.4582562e-07,0.9999682
5415,tess,OAF,OAF_wag_disgust.wav,Disgust,228,Disgust,Disgust,True,0.9999236,5.7697598e-05,0.9999236,1.2417182e-06,3.4634124e-07,3.6816604e-07,7.260199e-06,9.484792e-06
5435,tess,OAF,OAF_week_angry.wav,Angry,151,Angry,Angry,True,0.9347109,0.9347109,2.1157175e-07,0.06514769,6.3483305e-05,1.281456e-05,2.5793517e-05,3.9010873e-05
5438,tess,OAF,OAF_week_happy.wav,Happy,196,Happy,Happy,True,0.9733459,2.6866646e-05,1.9257153e-05,0.00046425633,0.9733459,6.424811e-06,3.61707e-06,0.026133649
5443,tess,OAF,OAF_wheat_disgust.wav,Disgust,189,Disgust,Disgust,True,0.32255813,0.09617862,0.32255813,0.1440283,0.0047629327,0.16711734,0.001836176,0.2635185
5449,tess,OAF,OAF_when_angry.wav,Angry,151,Angry,Angry,True,0.9998517,0.9998517,4.043103e-07,0.00013347798,1.2291309e-05,3.3367994e-07,6.121245e-07,1.1873587e-06
5456,tess,OAF,OAF_which_angry.wav,Angry,141,Angry,Angry,True,0.9991479,0.9991479,2.4511382e-07,0.00074125454,9.949487e-05,2.076566e-06,1.9017809e-06,7.1148816e-06
5465,tess,OAF,OAF_whip_fear.wav,Fear,155,Fear,Fear,True,0.9999919,1.9499635e-06,2.9578406e-10,0.9999919,3.9544875e-07,4.8419456e-06,6.624712e-07,3.7296928e-07
5487,tess,OAF,OAF_wire_happy.wav,Happy,214,Happy,Happy,True,0.9969945,3.931346e-08,0.0021100596,3.0147623e-06,0.9969945,1.3669832e-08,4.355984e-06,0.00088802644
5488,tess,OAF,OAF_wire_neutral.wav,Neutral,215,Neutral,Neutral,True,0.9996389,1.0774473e-06,4.281882e-06,4.3487603e-06,9.260118e-08,0.9996389,0.00034987804,1.4639245e-06
5492,tess,OAF,OAF_witch_disgust.wav,Disgust,230,Disgust,Disgust,True,0.998387,0.0002005787,0.998387,2.5193965e-05,8.083147e-07,8.9334e-05,0.0012830134,1.4211939e-05
5496,tess,OAF,OAF_witch_ps.wav,Surprise,201,Surprise,Surprise,True,0.9997141,3.395632e-05,1.1466216e-06,7.3073286e-05,0.00017031888,6.8106892e-06,6.1489e-07,0.9997141
5501,tess,OAF,OAF_yearn_happy.wav,Happy,210,Happy,Happy,True,0.9999056,3.7512012e-07,4.5856654e-05,1.5600885e-05,0.9999056,1.4849522e-08,7.4748145e-06,2.5049449e-05
5516,tess,OAF,OAF_young_neutral.wav,Neutral,190,Neutral,Neutral,True,0.99991524,2.5472676e-08,8.716824e-09,5.0886985e-07,1.2467377e-08,0.99991524,8.401448e-05,7.4621006e-08
5518,tess,OAF,OAF_young_sad.wav,Sad,233,Sad,Sad,True,0.9998282,2.4199844e-06,1.3736661e-05,3.919356e-06,3.7423072e-07,0.00015116634,0.9998282,1.1227403e-07
5524,tess,OAF,OAF_youth_ps.wav,Surprise,190,Surprise,Surprise,True,0.9999856,6.453189e-09,2.1302219e-08,2.8751513e-08,1.4387812e-05,1.5705316e-09,2.6978883e-10,0.9999856
5526,tess,YAF,YAF_back_angry.wav,Angry,199,Angry,Angry,True,0.999987,0.999987,8.738891e-09,9.168754e-06,3.600021e-07,2.448612e-06,6.596493e-07,3.1755442e-07
5533,tess,YAF,YAF_bar_angry.wav,Angry,208,Angry,Angry,True,0.99999726,0.99999726,2.1041542e-06,1.6231562e-07,2.0370662e-08,1.3689245e-07,1.5084917e-07,2.3733547e-08
5548,tess,YAF,YAF_bath_disgust.wav,Disgust,212,Disgust,Disgust,True,0.9989458,0.0009991053,0.9989458,3.0315144e-07,1.1185702e-07,2.1358335e-05,3.245936e-05,9.767285e-07
5558,tess,YAF,YAF_bean_neutral.wav,Neutral,180,Neutral,Neutral,True,0.99997854,2.9333272e-11,2.2030583e-10,5.3048113e-09,8.811936e-11,0.99997854,2.1494374e-05,5.2715103e-11
5561,tess,YAF,YAF_beg_angry.wav,Angry,205,Angry,Angry,True,0.9999988,0.9999988,4.205831e-07,1.1917942e-07,1.2490516e-07,4.508258e-09,1.2060542e-07,3.0218501e-07
5565,tess,YAF,YAF_beg_neutral.wav,Neutral,200,Neutral,Neutral,True,0.9999871,3.3599616e-08,1.2373558e-08,4.28419e-08,2.4939174e-08,0.9999871,1.2767805e-05,3.521216e-08
5568,tess,YAF,YAF_bite_angry.wav,Angry,196,Angry,Angry,True,0.99997973,0.99997973,1.2136984e-07,4.592288e-06,1.4571342e-05,2.2625727e-07,1.591937e-07,5.9213113e-07
5570,tess,YAF,YAF_bite_fear.wav,Fear,145,Fear,Fear,True,0.9999417,3.5562139e-06,4.2849273e-08,0.9999417,1.1595903e-05,7.6447753e-07,4.2139456e-07,4.191225e-05
5579,tess,YAF,YAF_boat_neutral.wav,Neutral,192,Neutral,Neutral,True,0.99995756,9.465605e-08,5.939293e-09,1.935685e-07,1.5583174e-08,0.99995756,4.209474e-05,1.7450054e-09
5581,tess,YAF,YAF_boat_sad.wav,Sad,237,Sad,Sad,True,0.9997285,1.7998414e-05,7.4821725e-07,4.2632422e-05,1.4467594e-09,0.00020992341,0.9997285,2.3660364e-07
5585,tess,YAF,YAF_bone_happy.wav,Happy,169,Happy,Happy,True,0.9999913,6.38956e-06,7.2918227e-09,6.1919434e-07,0.9999913,1.1986293e-06,3.012439e-07,1.8222222e-07
5593,tess,YAF,YAF_book_neutral.wav,Neutral,193,Neutral,Neutral,True,0.9999746,3.5550795e-06,2.7902954e-07,1.3186991e-06,5.910589e-07,0.9999746,1.9727639e-05,1.9827478e-08
5601,tess,YAF,YAF_bought_ps.wav,Surprise,192,Surprise,Surprise,True,0.9999596,3.8667564e-05,3.600482e-07,2.2038247e-07,1.0560296e-06,6.2554406e-08,1.1692515e-08,0.9999596
5616,tess,YAF,YAF_cab_sad.wav,Sad,241,Sad,Sad,True,0.99998,2.9082565e-07,5.864504e-06,2.088511e-07,8.450245e-09,1.35345335e-05,0.99998,6.722007e-08
5617,tess,YAF,YAF_calm_angry.wav,Angry,205,Angry,Angry,True,0.9999881,0.9999881,8.279106e-07,2.5793138e-06,3.048478e-06,2.0653076e-06,3.196798e-06,2.645215e-07
5623,tess,YAF,YAF_calm_sad.wav,Sad,209,Sad,Sad,True,0.9910183,1.507078e-08,1.0332004e-07,5.6767604e-08,1.688752e-08,0.008981491,0.9910183,4.715603e-10
5624,tess,YAF,YAF_came_angry.wav,Angry,218,Angry,Angry,True,0.9932708,0.9932708,0.006656645,1.7486681e-07,7.4684124e-07,2.4590872e-07,7.098152e-05,4.4565442e-07
5631,tess,YAF,YAF_cause_angry.wav,Angry,215,Angry,Angry,True,0.999998,0.999998,6.415868e-07,7.973339e-07,9.272087e-08,4.175488e-08,4.0464914e-07,1.9509287e-07
5638,tess,YAF,YAF_chain_angry.wav,Angry,218,Angry,Angry,True,0.99999857,0.99999857,7.7244124e-07,2.1128265e-07,7.365966e-08,1.1524517e-08,1.2342309e-07,3.4562746e-07
5639,tess,YAF,YAF_chain_disgust.wav,Disgust,266,Disgust,Disgust,True,0.9993352,2.453855e-05,0.9993352,4.8321763e-08,9.511282e-07,1.3141387e-06,0.00063794316,1.47658055e-08
5642,tess,YAF,YAF_chain_neutral.wav,Neutral,212,Neutral,Neutral,True,0.9991615,1.8640018e-06,5.77215e-07,5.248651e-07,1.9854431e-09,0.9991615,0.000835494,8.472431e-09
5645,tess,YAF,YAF_chair_angry.wav,Angry,199,Angry,Angry,True,0.99999964,0.99999964,2.6839365e-07,4.1055966e-08,5.666582e-08,2.7723873e-10,1.8618417e-08,1.6533559e-08
5647,tess,YAF,YAF_chair_fear.wav,Fear,173,Fear,Fear,True,0.9999995,2.1268522e-09,1.0076414e-10,0.9999995,3.611562e-07,7.328455e-09,7.4480226e-09,1.1980102e-07
5656,tess,YAF,YAF_chalk_neutral.wav,Neutral,202,Neutral,Neutral,True,0.9997763,1.2897631e-08,4.2718405e-08,1.5120108e-07,1.6765147e-08,0.9997763,0.0002234557,3.1065452e-09
5672,tess,YAF,YAF_check_sad.wav,Sad,205,Sad,Sad,True,0.9973515,1.9493672e-07,7.039942e-08,2.3021857e-05,1.102581e-07,0.0026248046,0.9973515,2.1194371e-07
5676,tess,YAF,YAF_cheek_happy.wav,Happy,161,Happy,Happy,True,0.99999547,3.0737933e-08,4.808401e-09,3.6229917e-06,0.99999547,2.5204887e-08,2.3129755e-07,6.4813287e-07
5681,tess,YAF,YAF_chief_disgust.wav,Disgust,218,Disgust,Disgust,True,0.99963844,0.0003581396,0.99963844,1.019141e-07,3.730729e-07,1.2057644e-07,2.0266095e-06,8.4447584e-07
5682,tess,YAF,YAF_chief_fear.wav,Fear,161,Fear,Fear,True,0.9999881,7.065473e-07,1.0705185e-08,0.9999881,5.1716934e-06,1.6590212e-06,1.2562057e-07,4.3159803e-06
5690,tess,YAF,YAF_choice_happy.wav,Happy,145,Happy,Happy,True,0.99997485,8.799588e-08,5.30553e-09,1.881077e-05,0.99997485,4.498418e-09,3.807383e-08,6.21055e-06
5691,tess,YAF,YAF_choice_neutral.wav,Neutral,193,Neutral,Neutral,True,0.9999912,1.3478214e-07,2.7974812e-08,2.908726e-06,1.3442659e-07,0.9999912,5.6562058e-06,3.465672e-09
5704,tess,YAF,YAF_dab_happy.wav,Happy,157,Happy,Happy,True,0.9999862,8.562169e-06,2.3871024e-08,3.4139998e-06,0.9999862,6.538799e-08,1.3914214e-07,1.6347217e-06
5708,tess,YAF,YAF_date_angry.wav,Angry,218,Angry,Angry,True,0.99999845,0.99999845,1.01675624e-07,6.814117e-07,5.4756125e-08,5.145272e-09,5.9151983e-08,6.762282e-07
5710,tess,YAF,YAF_date_fear.wav,Fear,177,Fear,Fear,True,0.9999964,1.15207854e-07,7.381526e-10,0.9999964,2.8036416e-06,8.2797385e-08,9.999395e-08,4.338604e-07
5712,tess,YAF,YAF_date_neutral.wav,Neutral,207,Neutral,Neutral,True,0.9999918,3.7671327e-08,2.1085235e-08,2.7911364e-07,6.5108524e-10,0.9999918,7.905045e-06,2.913675e-08
5713,tess,YAF,YAF_date_ps.wav,Surprise,179,Surprise,Surprise,True,0.99995303,3.747146e-05,3.1752214e-07,5.853249e-06,2.8788083e-06,4.1904494e-07,7.0090564e-08,0.99995303
5717,tess,YAF,YAF_dead_fear.wav,Fear,162,Fear,Fear,True,0.9999982,1.6768239e-07,1.832287e-10,0.9999982,1.35442e-06,2.48191e-07,3.5255766e-08,1.0814089e-07
5719,tess,YAF,YAF_dead_neutral.wav,Neutral,192,Neutral,Neutral,True,0.99997675,3.14048e-07,4.226115e-07,5.698037e-07,4.3572152e-07,0.99997675,2.148075e-05,1.6397383e-08
5720,tess,YAF,YAF_dead_ps.wav,Surprise,184,Surprise,Surprise,True,0.9999988,3.9440178e-07,2.2546419e-07,4.856053e-07,1.2328618e-07,5.990166e-09,7.480991e-09,0.9999988
5725,tess,YAF,YAF_death_happy.wav,Happy,141,Happy,Happy,True,0.9999893,3.0577846e-06,3.9827395e-08,9.1137264e-07,0.9999893,1.458135e-07,2.9747994e-07,6.2214526e-06
5736,tess,YAF,YAF_dime_angry.wav,Angry,175,Angry,Angry,True,0.99936277,0.99936277,9.455587e-05,2.3573613e-05,0.00010663564,1.18599225e-07,1.5626907e-05,0.0003967405
5738,tess,YAF,YAF_dime_fear.wav,Fear,125,Fear,Fear,True,0.99926883,8.191924e-05,1.7206088e-07,0.99926883,0.00052280794,7.0200103e-06,5.834291e-06,0.00011340359
5760,tess,YAF,YAF_dodge_happy.wav,Happy,177,Happy,Happy,True,0.99976295,0.00019987735,2.807871e-07,2.5917301e-05,0.99976295,6.770225e-07,9.332514e-06,1.0925825e-06
5773,tess,YAF,YAF_doll_fear.wav,Fear,182,Fear,Fear,True,0.9999689,4.1302758e-07,2.6468863e-08,0.9999689,2.894252e-05,5.3688416e-07,7.896919e-07,3.8091235e-07
5787,tess,YAF,YAF_fail_fear.wav,Fear,170,Fear,Fear,True,0.9999993,1.4808253e-07,2.085877e-10,0.9999993,4.925284e-07,2.3590394e-08,1.3807319e-08,1.16514755e-07
5793,tess,YAF,YAF_fall_disgust.wav,Disgust,237,Disgust,Disgust,True,0.9999852,6.973884e-06,0.9999852,7.739941e-09,4.201837e-07,2.530202e-08,7.128169e-06,7.248518e-08
5795,tess,YAF,YAF_fall_happy.wav,Happy,164,Happy,Happy,True,0.9991014,5.6440556e-05,6.836821e-07,0.00079878455,0.9991014,2.5392133e-06,3.722408e-05,2.8929478e-06
5812,tess,YAF,YAF_fat_sad.wav,Sad,202,Sad,Sad,True,0.9996282,3.107651e-06,3.229819e-08,1.6205422e-05,4.070328e-06,0.00034843778,0.9996282,6.729014e-09
5813,tess,YAF,YAF_fit_angry.wav,Angry,215,Angry,Angry,True,0.9999932,0.9999932,4.9340567e-08,2.5060685e-06,5.3347964e-07,4.858805e-07,6.60846e-07,2.622473e-06
5814,tess,YAF,YAF_fit_disgust.wav,Disgust,241,Disgust,Disgust,True,0.9999821,1.7372475e-05,0.9999821,8.42143e-09,1.361001e-07,5.768683e-09,2.7186462e-07,1.2782873e-07
5817,tess,YAF,YAF_fit_neutral.wav,Neutral,191,Neutral,Neutral,True,0.9997855,1.557305e-06,6.7898336e-09,0.00013386225,6.0337566e-06,0.9997855,7.234293e-05,6.881057e-07
5818,tess,YAF,YAF_fit_ps.wav,Surprise,189,Surprise,Surprise,True,0.9999491,8.744318e-06,1.5730933e-07,1.7064476e-06,4.0147403e-05,2.484541e-08,1.17634436e-07,0.9999491
5853,tess,YAF,YAF_gaze_ps.wav,Surprise,196,Surprise,Surprise,True,0.9998441,2.9471006e-05,4.1308984e-05,4.8781185e-05,1.5302718e-05,4.492114e-06,1.6589953e-05,0.9998441
5864,tess,YAF,YAF_get_fear.wav,Fear,164,Fear,Fear,True,0.9998442,2.0678748e-05,6.7187386e-07,0.9998442,7.900831e-05,2.677894e-06,2.2692046e-05,3.0041843e-05
5883,tess,YAF,YAF_good_angry.wav,Angry,202,Angry,Angry,True,0.9999887,0.9999887,2.182819e-07,1.0711983e-06,6.5139006e-06,7.549425e-07,5.429346e-07,2.1333658e-06
5888,tess,YAF,YAF_good_ps.wav,Surprise,181,Surprise,Surprise,True,0.99999857,5.496979e-07,1.5437969e-07,5.8498543e-08,5.6477285e-07,1.2154959e-07,5.704365e-09,0.99999857
5890,tess,YAF,YAF_goose_angry.wav,Angry,183,Angry,Angry,True,0.9999982,0.9999982,2.3868214e-08,8.419888e-07,7.3738534e-07,5.22097e-08,9.635087e-08,5.518189e-08
5891,tess,YAF,YAF_goose_disgust.wav,Disgust,244,Disgust,Disgust,True,0.9999417,1.2838732e-06,0.9999417,2.244943e-08,2.2228858e-07,1.0006913e-08,5.6680674e-05,6.578751e-08
5892,tess,YAF,YAF_goose_fear.wav,Fear,141,Fear,Fear,True,0.9997969,6.558925e-06,2.5113764e-07,0.9997969,3.8428916e-05,3.077298e-06,1.9152806e-06,0.00015290028
5898,tess,YAF,YAF_gun_disgust.wav,Disgust,237,Disgust,Disgust,True,0.9999969,1.4105267e-06,0.9999969,1.3543218e-09,1.8665611e-09,1.3010506e-09,1.6388695e-06,1.265639e-08
5907,tess,YAF,YAF_half_happy.wav,Happy,148,Happy,Happy,True,0.999995,1.1933909e-07,5.367533e-09,3.3784993e-06,0.999995,7.077061e-07,5.507165e-07,3.162049e-07
5909,tess,YAF,YAF_half_ps.wav,Surprise,173,Surprise,Surprise,True,0.9999957,1.7520751e-06,6.498481e-07,9.985927e-07,8.915638e-07,8.99605e-09,5.590475e-09,0.9999957
5914,tess,YAF,YAF_hall_happy.wav,Happy,171,Happy,Happy,True,0.9999752,1.067087e-06,3.024812e-09,2.263536e-05,0.9999752,8.86296e-08,5.839632e-07,3.522194e-07
5916,tess,YAF,YAF_hall_ps.wav,Surprise,176,Surprise,Surprise,True,0.99996626,9.100554e-06,2.1830708e-06,2.1781507e-06,1.9716676e-05,4.967386e-07,1.4393339e-07,0.99996626
5918,tess,YAF,YAF_hash_angry.wav,Angry,205,Angry,Angry,True,0.99992096,0.99992096,1.1652352e-05,2.013206e-05,4.2533793e-06,1.7199709e-05,2.4940015e-05,8.0808724e-07
5920,tess,YAF,YAF_hash_fear.wav,Fear,154,Fear,Fear,True,0.99993503,1.7394683e-07,3.4219706e-08,0.99993503,2.0155165e-05,1.7252603e-07,3.8793115e-07,4.39933e-05
5926,tess,YAF,YAF_hate_disgust.wav,Disgust,236,Disgust,Disgust,True,0.9994968,0.00036929888,0.9994968,3.4129446e-06,8.313926e-05,1.4149566e-07,1.7223889e-05,3.0030174e-05
5930,tess,YAF,YAF_hate_ps.wav,Surprise,191,Surprise,Surprise,True,0.99996483,1.5110259e-05,5.4855974e-07,8.972413e-06,9.2746095e-06,9.692035e-07,3.7397996e-07,0.99996483
5946,tess,YAF,YAF_hire_angry.wav,Angry,208,Angry,Angry,True,0.9999969,0.9999969,2.965271e-07,1.7336098e-06,3.496503e-07,4.4290616e-09,5.459708e-07,2.3633763e-07
5967,tess,YAF,YAF_home_angry.wav,Angry,177,Angry,Angry,True,0.99998724,0.99998724,8.269637e-07,1.7058911e-06,8.727089e-06,1.3798393e-07,5.139355e-07,7.3961195e-07
5968,tess,YAF,YAF_home_disgust.wav,Disgust,226,Disgust,Disgust,True,0.9998957,1.1008878e-05,0.9998957,9.381587e-08,3.1801655e-06,1.0069985e-07,8.689149e-05,3.0872263e-06
5969,tess,YAF,YAF_home_fear.wav,Fear,140,Fear,Fear,True,0.9999945,4.896065e-07,1.7371394e-09,0.9999945,2.0182263e-06,5.051497e-07,6.490369e-08,2.3651803e-06
5970,tess,YAF,YAF_home_happy.wav,Happy,157,Happy,Happy,True,0.99992096,1.0029358e-06,5.4731625e-08,3.2999782e-05,0.99992096,1.7517687e-06,4.2873136e-05,3.2406564e-07
5974,tess,YAF,YAF_hurl_angry.wav,Angry,189,Angry,Angry,True,0.9999933,0.9999933,7.817355e-07,2.4562155e-07,5.077609e-06,6.427051e-09,1.3910147e-07,3.4291534e-07
5986,tess,YAF,YAF_hush_ps.wav,Surprise,178,Surprise,Surprise,True,0.9999751,1.6580309e-05,9.904602e-07,4.9507235e-06,1.4410367e-06,8.554862e-07,9.5094734e-08,0.9999751
5995,tess,YAF,YAF_jar_angry.wav,Angry,196,Angry,Angry,True,0.99996424,0.99996424,3.4248933e-05,1.2589982e-08,2.8853395e-07,3.2872576e-09,1.7201707e-08,1.1377031e-06
5998,tess,YAF,YAF_jar_happy.wav,Happy,165,Happy,Happy,True,0.9999658,3.4757109e-06,1.1738559e-07,2.15709e-05,0.9999658,1.1403542e-06,7.3913175e-06,4.793017e-07
6000,tess,YAF,YAF_jar_ps.wav,Surprise,203,Surprise,Surprise,True,0.9999814,1.2164178e-05,2.3198254e-06,3.4775555e-06,1.0837445e-07,3.8636594e-07,8.074285e-08,0.9999814
6007,tess,YAF,YAF_join_ps.wav,Surprise,183,Surprise,Surprise,True,0.99998546,3.9443626e-06,3.2117006e-07,1.2985165e-06,8.803904e-06,2.5951449e-08,5.9250016e-08,0.99998546
6008,tess,YAF,YAF_join_sad.wav,Sad,224,Sad,Sad,True,0.99717087,1.1054591e-06,4.9818418e-08,2.3775267e-05,2.8548172e-07,0.0028039627,0.99717087,3.4857155e-08
6009,tess,YAF,YAF_judge_angry.wav,Angry,234,Angry,Angry,True,0.9999994,0.9999994,1.0941658e-07,1.6496014e-07,1.0155473e-08,1.1392632e-08,1.7459593e-07,1.3295292e-07
6016,tess,YAF,YAF_jug_angry.wav,Angry,199,Angry,Angry,True,0.99999845,0.99999845,3.1502851e-09,4.731818e-07,5.180685e-07,3.9953965e-09,2.0732799e-08,5.507011e-07
6020,tess,YAF,YAF_jug_neutral.wav,Neutral,197,Neutral,Neutral,True,0.99999917,1.7743865e-08,2.717277e-09,1.398293e-07,2.1447077e-08,0.99999917,5.7866674e-07,1.6400003e-08
6032,tess,YAF,YAF_keen_fear.wav,Fear,154,Fear,Fear,True,0.9999871,3.737172e-08,5.9089382e-09,0.9999871,2.3480663e-06,6.9753435e-07,2.604448e-07,9.559882e-06
6039,tess,YAF,YAF_keep_fear.wav,Fear,195,Fear,Fear,True,0.9999912,6.0955324e-07,9.680895e-10,0.9999912,3.5385913e-06,3.0961546e-06,1.297317e-06,3.1178126e-07
6041,tess,YAF,YAF_keep_neutral.wav,Neutral,217,Neutral,Neutral,True,0.9999682,3.4558642e-08,5.3448552e-08,1.4714567e-06,1.7159143e-08,0.9999682,3.0329888e-05,4.8599883e-08
6045,tess,YAF,YAF_keg_disgust.wav,Disgust,247,Disgust,Disgust,True,0.99992526,1.7487175e-05,0.99992526,7.203168e-08,9.3852066e-07,6.5311934e-09,5.5788503e-05,4.2576443e-07
6058,tess,YAF,YAF_kill_angry.wav,Angry,202,Angry,Angry,True,0.99999845,0.99999845,1.0881743e-08,1.2541717e-07,4.913703e-08,1.29206645e-08,4.2045404e-08,1.390207e-06
6060,tess,YAF,YAF_kill_fear.wav,Fear,164,Fear,Fear,True,0.99999714,3.9502243e-08,1.1744021e-09,0.99999714,1.3772886e-06,7.7830835e-09,1.2981142e-08,1.3679748e-06
6063,tess,YAF,YAF_kill_ps.wav,Surprise,180,Surprise,Surprise,True,0.9999982,5.10694e-07,1.8656543e-07,2.2287898e-07,8.8138995e-07,1.0485821e-09,4.158502e-09,0.9999982
6066,tess,YAF,YAF_king_disgust.wav,Disgust,247,Disgust,Disgust,True,0.9999943,2.6109873e-07,0.9999943,3.8523797e-09,4.3944848e-08,4.3401197e-10,5.5077626e-06,1.0241984e-08
6070,tess,YAF,YAF_king_ps.wav,Surprise,218,Surprise,Surprise,True,0.999997,4.7875634e-08,8.2766334e-08,5.2291733e-07,2.2988843e-06,1.090558e-08,4.32437e-08,0.999997
6073,tess,YAF,YAF_kite_disgust.wav,Disgust,250,Disgust,Disgust,True,0.99995303,3.3440558e-06,0.99995303,5.2591194e-09,2.8331536e-07,3.2634084e-08,4.300551e-05,3.5500344e-07
6080,tess,YAF,YAF_knock_disgust.wav,Disgust,205,Disgust,Disgust,True,0.9987233,0.0012294814,0.9987233,6.9652195e-09,1.9060966e-05,3.1041466e-07,1.563579e-05,1.220102e-05
6083,tess,YAF,YAF_knock_neutral.wav,Neutral,196,Neutral,Neutral,True,0.99999106,3.7935393e-09,5.6674816e-09,1.0263457e-09,3.3922132e-10,0.99999106,8.886706e-06,2.2513326e-11
6091,tess,YAF,YAF_late_ps.wav,Surprise,190,Surprise,Surprise,True,0.9999862,7.679596e-06,1.3238069e-07,2.859738e-06,3.038198e-06,9.871795e-08,2.6663848e-08,0.9999862
6092,tess,YAF,YAF_late_sad.wav,Sad,212,Sad,Sad,True,0.9999857,1.02782955e-08,4.127752e-08,1.3933669e-06,1.3939761e-07,1.2745305e-05,0.9999857,4.2312685e-08
6096,tess,YAF,YAF_laud_happy.wav,Happy,159,Happy,Happy,True,0.9999982,1.0070543e-06,2.9729172e-09,9.8307446e-08,0.9999982,3.7491415e-07,3.1822586e-07,2.8646282e-08
6098,tess,YAF,YAF_laud_ps.wav,Surprise,224,Surprise,Surprise,True,0.99999106,3.1824804e-06,5.356025e-06,1.6478377e-07,6.759894e-08,4.0371024e-08,1.012924e-07,0.99999106
6099,tess,YAF,YAF_laud_sad.wav,Sad,215,Sad,Sad,True,0.9916482,3.4818353e-07,4.085022e-08,1.9432298e-05,3.1299603e-06,0.00832885,0.9916482,2.3412134e-08
6115,tess,YAF,YAF_lease_disgust.wav,Disgust,260,Disgust,Disgust,True,0.99993885,4.5203997e-05,0.99993885,2.665012e-07,2.7068484e-07,5.384946e-07,1.3138526e-05,1.66712e-06
6131,tess,YAF,YAF_life_happy.wav,Happy,151,Happy,Happy,True,0.99999297,2.998132e-06,1.2294633e-08,2.4667358e-07,0.99999297,2.7708455e-07,2.962092e-08,3.465895e-06
6139,tess,YAF,YAF_limb_neutral.wav,Neutral,193,Neutral,Neutral,True,0.9999981,2.1720617e-11,8.4937946e-11,1.3544345e-09,2.0958764e-10,0.9999981,1.9637616e-06,1.7068555e-11
6142,tess,YAF,YAF_live_angry.wav,Angry,189,Angry,Angry,True,0.99999905,0.99999905,1.0697281e-08,2.7888632e-07,6.2050736e-07,5.6062444e-09,9.3877786e-09,3.0296608e-08
6143,tess,YAF,YAF_live_disgust.wav,Disgust,221,Disgust,Disgust,True,0.99865377,0.0012629831,0.99865377,2.9484582e-07,2.2368717e-05,3.0128828e-07,1.819098e-05,4.211819e-05
6159,tess,YAF,YAF_long_happy.wav,Happy,184,Happy,Happy,True,0.99999917,6.379743e-07,6.5092154e-09,7.396056e-08,0.99999917,1.7486331e-09,9.55317e-08,2.6553405e-08
6162,tess,YAF,YAF_long_sad.wav,Sad,220,Sad,Sad,True,0.9997167,5.682431e-09,6.010625e-07,4.1693925e-06,3.982784e-07,0.00027807962,0.9997167,1.405791e-07
6168,tess,YAF,YAF_lore_ps.wav,Surprise,173,Surprise,Surprise,True,0.99816364,9.93203e-05,5.3085796e-06,0.00052548177,0.0011985144,3.010495e-08,7.703282e-06,0.99816364
6170,tess,YAF,YAF_lose_angry.wav,Angry,231,Angry,Angry,True,0.9999112,0.9999112,5.3393082e-06,7.720714e-06,8.999804e-09,4.159255e-07,2.0654797e-06,7.3153176e-05
6176,tess,YAF,YAF_lose_sad.wav,Sad,231,Sad,Sad,True,0.9999753,3.9477055e-08,4.2383974e-08,1.249308e-07,1.8830952e-09,2.4414334e-05,0.9999753,1.0481602e-09
6179,tess,YAF,YAF_lot_fear.wav,Fear,144,Fear,Fear,True,0.9999839,1.0066625e-06,1.6822053e-09,0.9999839,1.160137e-05,3.6622907e-08,1.482303e-07,3.4150275e-06
6225,tess,YAF,YAF_mess_sad.wav,Sad,228,Sad,Sad,True,0.99870515,8.54985e-07,6.943552e-07,1.8576999e-06,2.9876848e-08,0.0012912801,0.99870515,1.2419528e-07
6227,tess,YAF,YAF_met_disgust.wav,Disgust,241,Disgust,Disgust,True,0.9999033,1.9614754e-06,0.9999033,4.3296673e-08,1.6042536e-06,1.4752685e-08,9.261114e-05,4.785821e-07
6228,tess,YAF,YAF_met_fear.wav,Fear,141,Fear,Fear,True,0.99998,2.377244e-06,3.7113788e-09,0.99998,1.2919732e-05,2.0764967e-06,7.7922556e-07,1.8529911e-06
6234,tess,YAF,YAF_mill_disgust.wav,Disgust,228,Disgust,Disgust,True,0.9968051,0.0031288064,0.9968051,1.454272e-06,2.0423395e-05,1.3178375e-07,2.6384405e-05,1.7810644e-05
6239,tess,YAF,YAF_mill_sad.wav,Sad,212,Sad,Sad,True,0.9999026,4.2807423e-07,3.78886e-06,3.2824175e-06,3.698539e-07,8.941775e-05,0.9999026,9.977235e-08
6243,tess,YAF,YAF_mob_happy.wav,Happy,167,Happy,Happy,True,0.99999595,1.3358801e-06,8.6792234e-08,1.2188845e-07,0.99999595,3.6191273e-07,1.9445897e-06,2.1405823e-07
6244,tess,YAF,YAF_mob_neutral.wav,Neutral,209,Neutral,Neutral,True,0.99998116,5.940601e-09,3.332332e-08,1.0321031e-09,2.2599847e-10,0.99998116,1.8883415e-05,1.2813752e-09
6246,tess,YAF,YAF_mob_sad.wav,Sad,231,Sad,Sad,True,0.9999081,1.4015833e-07,1.604962e-06,5.5517336e-07,1.9364404e-07,8.907957e-05,0.9999081,3.362339e-07
6247,tess,YAF,YAF_mode_angry.wav,Angry,193,Angry,Angry,True,0.9965089,0.9965089,1.6301407e-06,0.00036865837,0.0015175735,0.0015203779,7.551656e-05,7.317344e-06
6253,tess,YAF,YAF_mode_sad.wav,Sad,218,Sad,Sad,True,0.9804293,6.341854e-07,7.999072e-08,2.0646335e-06,8.1631515e-06,0.019559745,0.9804293,3.4415528e-08
6259,tess,YAF,YAF_mood_ps.wav,Surprise,177,Surprise,Surprise,True,0.99996436,2.0461355e-05,5.67402e-07,6.676442e-07,1.1559739e-05,1.327136e-06,1.081581e-06,0.99996436
6265,tess,YAF,YAF_moon_neutral.wav,Neutral,192,Neutral,Neutral,True,0.9998504,5.469482e-07,6.779136e-08,4.5455326e-06,1.7280427e-06,0.9998504,0.00014265621,2.232356e-08
6266,tess,YAF,YAF_moon_ps.wav,Surprise,209,Surprise,Surprise,True,0.99997866,2.2050117e-06,1.0657748e-06,4.4181434e-07,1.9886909e-06,1.1350227e-05,4.315964e-06,0.99997866
6268,tess,YAF,YAF_mop_angry.wav,Angry,211,Angry,Angry,True,0.9999565,0.9999565,3.1707964e-07,5.7327725e-07,1.4090581e-06,3.841885e-05,1.6141639e-06,1.0528287e-06
6276,tess,YAF,YAF_mouse_disgust.wav,Disgust,247,Disgust,Disgust,True,0.9992587,0.0006994702,0.9992587,1.1577692e-06,6.8220044e-07,8.141237e-06,3.097508e-05,9.00776e-07
6282,tess,YAF,YAF_nag_angry.wav,Angry,205,Angry,Angry,True,0.9999943,0.9999943,1.3823101e-06,7.006342e-07,1.0955808e-06,5.7422557e-08,1.0436024e-06,1.3832305e-06
6286,tess,YAF,YAF_nag_neutral.wav,Neutral,193,Neutral,Neutral,True,0.9999963,1.3180469e-09,1.4369042e-09,5.916154e-09,2.4487827e-09,0.9999963,3.6852819e-06,6.596481e-10
6295,tess,YAF,YAF_name_sad.wav,Sad,226,Sad,Sad,True,0.99999774,5.8683497e-10,1.9044978e-07,8.436566e-08,1.17643015e-08,2.0000323e-06,0.99999774,4.340013e-09
6297,tess,YAF,YAF_near_disgust.wav,Disgust,237,Disgust,Disgust,True,0.9999696,2.760537e-05,0.9999696,3.0332417e-09,8.7042096e-08,5.4569456e-09,2.6356643e-06,6.766441e-09
6299,tess,YAF,YAF_near_happy.wav,Happy,174,Happy,Happy,True,0.9999893,1.2111009e-06,7.59563e-08,3.7187958e-06,0.9999893,1.6525985e-07,5.1035763e-06,3.994541e-07
6302,tess,YAF,YAF_near_sad.wav,Sad,215,Sad,Sad,True,0.999997,1.5163144e-09,5.7215294e-07,6.158705e-07,6.241373e-08,1.7151015e-06,0.999997,4.0464776e-08
6313,tess,YAF,YAF_nice_happy.wav,Happy,177,Happy,Happy,True,0.9994636,7.679789e-05,3.2904757e-07,0.00021160215,0.9994636,7.741344e-05,5.462019e-05,0.0001156219
6315,tess,YAF,YAF_nice_ps.wav,Surprise,180,Surprise,Surprise,True,0.9999852,1.0954743e-05,1.4988593e-06,9.0761245e-07,8.0567975e-07,5.618043e-07,9.109662e-08,0.9999852
6317,tess,YAF,YAF_note_angry.wav,Angry,221,Angry,Angry,True,0.9999145,0.9999145,4.854993e-08,3.3594442e-05,2.3141364e-07,1.2436708e-08,7.96193e-07,5.0831033e-05
6319,tess,YAF,YAF_note_fear.wav,Fear,167,Fear,Fear,True,0.9999087,4.3442e-06,6.04105e-09,0.9999087,5.002607e-05,1.06105915e-07,3.834103e-07,3.6409634e-05
6320,tess,YAF,YAF_note_happy.wav,Happy,173,Happy,Happy,True,0.9999894,9.06136e-06,3.1004466e-09,5.225494e-07,0.9999894,2.51289e-07,3.9215e-07,4.542768e-07
6322,tess,YAF,YAF_note_ps.wav,Surprise,172,Surprise,Surprise,True,0.9995584,0.000103748265,8.4449e-06,5.8423553e-05,0.0002624557,4.0701057e-06,4.4524627e-06,0.9995584
6334,tess,YAF,YAF_pad_happy.wav,Happy,167,Happy,Happy,True,0.9999993,2.3121552e-07,5.9037486e-09,2.6688278e-07,0.9999993,2.7422285e-08,1.5175752e-07,3.592114e-08
6343,tess,YAF,YAF_page_ps.wav,Surprise,223,Surprise,Surprise,True,0.99999857,2.2367564e-07,1.10321345e-07,1.3798457e-07,9.584031e-07,1.9426837e-08,1.5978463e-08,0.99999857
6346,tess,YAF,YAF_pain_disgust.wav,Disgust,254,Disgust,Disgust,True,0.99982613,0.00013328972,0.99982613,2.6741882e-08,1.3402213e-06,2.8405621e-08,3.918382e-05,1.427312e-07
6353,tess,YAF,YAF_pass_disgust.wav,Disgust,263,Disgust,Disgust,True,0.9999771,2.1860875e-05,0.9999771,1.8119056e-08,8.4534506e-08,5.2905385e-08,7.707469e-07,9.471786e-08
6356,tess,YAF,YAF_pass_neutral.wav,Neutral,223,Neutral,Neutral,True,0.99999666,5.4470714e-08,5.441305e-09,1.5941716e-07,1.7877044e-09,0.99999666,3.0778833e-06,2.7628788e-09
6359,tess,YAF,YAF_pearl_angry.wav,Angry,207,Angry,Angry,True,0.9999943,0.9999943,4.700333e-07,4.968932e-07,1.0388957e-06,2.4919384e-08,6.66322e-07,3.0092533e-06
6360,tess,YAF,YAF_pearl_disgust.wav,Disgust,249,Disgust,Disgust,True,0.9997998,5.2142048e-05,0.9997998,1.5071542e-07,7.215131e-07,3.155632e-08,0.00014711723,1.058522e-07
6383,tess,YAF,YAF_phone_happy.wav,Happy,192,Happy,Happy,True,0.9999865,2.149602e-09,4.144818e-09,1.0471121e-05,0.9999865,1.0839816e-07,2.9059927e-06,1.8636754e-08
6389,tess,YAF,YAF_pick_fear.wav,Fear,170,Fear,Fear,True,0.99996936,1.2524195e-06,1.6708771e-09,0.99996936,8.916181e-06,8.715554e-08,1.2301173e-07,2.020846e-05
6391,tess,YAF,YAF_pick_neutral.wav,Neutral,209,Neutral,Neutral,True,0.9999914,1.3948798e-08,1.17627454e-08,1.0390873e-07,2.9929083e-08,0.9999914,8.429588e-06,1.9499383e-08
6395,tess,YAF,YAF_pike_disgust.wav,Disgust,231,Disgust,Disgust,True,0.999966,1.7344086e-05,0.999966,2.8114184e-09,4.881845e-07,7.3569475e-09,1.614428e-05,8.383808e-09
6398,tess,YAF,YAF_pike_neutral.wav,Neutral,221,Neutral,Neutral,True,0.9999869,4.2051013e-08,2.3900471e-08,6.5823843e-07,5.315348e-09,0.9999869,1.2418082e-05,2.223897e-08
6403,tess,YAF,YAF_pole_fear.wav,Fear,170,Fear,Fear,True,0.99999857,1.5795383e-08,3.644509e-10,0.99999857,3.295975e-07,2.6610008e-09,4.539267e-09,1.0630978e-06
6405,tess,YAF,YAF_pole_neutral.wav,Neutral,212,Neutral,Neutral,True,0.9999691,3.8660794e-08,2.932533e-07,2.2921606e-06,1.1208458e-08,0.9999691,2.7897482e-05,3.7738053e-07
6407,tess,YAF,YAF_pole_sad.wav,Sad,215,Sad,Sad,True,0.99986494,3.1454042e-07,2.5013776e-08,1.5687938e-06,1.4051865e-08,0.00013308531,0.99986494,2.0005229e-09
6415,tess,YAF,YAF_puff_angry.wav,Angry,167,Angry,Angry,True,0.9999974,0.9999974,8.441859e-08,9.349812e-08,1.3381351e-06,1.1658217e-08,1.1217443e-07,9.978642e-07
6421,tess,YAF,YAF_puff_sad.wav,Sad,177,Sad,Sad,True,0.77454484,0.0058467016,8.627813e-08,0.0033090306,0.00022120665,0.21607201,0.77454484,6.048748e-06
6423,tess,YAF,YAF_rag_disgust.wav,Disgust,231,Disgust,Disgust,True,0.99992573,3.0163954e-05,0.99992573,5.655269e-08,1.5119325e-07,4.678389e-07,4.2650263e-05,7.357599e-07
6449,tess,YAF,YAF_raise_sad.wav,Sad,247,Sad,Sad,True,0.9999958,7.65395e-09,1.1359929e-07,3.9212696e-06,2.4967841e-09,6.2186814e-08,0.9999958,1.7241921e-09
6455,tess,YAF,YAF_rat_ps.wav,Surprise,173,Surprise,Surprise,True,0.9997979,8.578703e-05,3.4426634e-07,3.9086088e-05,7.533437e-05,1.0566234e-06,4.7124476e-07,0.9997979
6472,tess,YAF,YAF_red_disgust.wav,Disgust,225,Disgust,Disgust,True,0.9999708,2.5782032e-05,0.9999708,6.0838974e-09,4.8252457e-07,8.691811e-08,1.2890795e-06,1.6361221e-06
6480,tess,YAF,YAF_ring_fear.wav,Fear,164,Fear,Fear,True,0.9999933,1.4071212e-06,5.5745936e-10,0.9999933,4.18915e-06,1.9318628e-07,1.1674163e-07,7.826925e-07
6508,tess,YAF,YAF_rose_fear.wav,Fear,167,Fear,Fear,True,0.99998057,1.9011924e-06,4.412286e-09,0.99998057,2.8271518e-06,1.300217e-05,1.0008944e-06,6.050716e-07
6525,tess,YAF,YAF_rough_ps.wav,Surprise,173,Surprise,Surprise,True,0.99998176,1.4849245e-05,1.2299831e-06,1.4643623e-06,5.773668e-07,2.037695e-08,4.928592e-08,0.99998176
6526,tess,YAF,YAF_rough_sad.wav,Sad,215,Sad,Sad,True,0.999801,2.336546e-08,1.3465547e-08,1.4561236e-05,3.864987e-08,0.00018433644,0.999801,2.6104615e-08
6527,tess,YAF,YAF_rush_angry.wav,Angry,225,Angry,Angry,True,0.9999106,0.9999106,7.259807e-08,8.6026856e-05,1.1105412e-07,9.550174e-08,1.2423667e-06,1.7787919e-06
6528,tess,YAF,YAF_rush_disgust.wav,Disgust,266,Disgust,Disgust,True,0.99994564,4.3274235e-06,0.99994564,3.2796157e-07,4.5685192e-07,1.0699985e-06,4.7706984e-05,5.075932e-07
6530,tess,YAF,YAF_rush_happy.wav,Happy,196,Happy,Happy,True,0.9999565,5.16447e-07,2.9450167e-08,2.4143046e-05,0.9999565,3.0735596e-06,4.176287e-06,1.1426957e-05
6532,tess,YAF,YAF_rush_ps.wav,Surprise,187,Surprise,Surprise,True,0.9981267,0.00011796628,4.7747053e-06,0.0011490893,0.00058322545,1.4878006e-05,3.3240945e-06,0.9981267
6533,tess,YAF,YAF_rush_sad.wav,Sad,237,Sad,Sad,True,0.999979,4.4156913e-08,4.3646278e-07,9.816617e-06,5.5447646e-08,1.037051e-05,0.999979,1.8053935e-07
6542,tess,YAF,YAF_sail_disgust.wav,Disgust,247,Disgust,Disgust,True,0.99485457,0.004186028,0.99485457,2.9409314e-06,5.188823e-06,1.3463711e-05,0.0009368505,8.7810247e-07
6543,tess,YAF,YAF_sail_fear.wav,Fear,164,Fear,Fear,True,0.99999356,1.4831709e-06,1.3672904e-08,0.99999356,1.1308102e-06,5.804415e-07,2.1109227e-07,3.025899e-06
6552,tess,YAF,YAF_search_neutral.wav,Neutral,209,Neutral,Neutral,True,0.9964192,2.8879384e-05,1.5521542e-05,0.0032952544,5.3344996e-07,0.9964192,0.000115458395,0.00012521098
6566,tess,YAF,YAF_sell_neutral.wav,Neutral,177,Neutral,Neutral,True,0.9999851,2.2593247e-07,3.3821053e-08,2.9214115e-07,9.5308316e-08,0.9999851,1.435987e-05,1.10068425e-08
6571,tess,YAF,YAF_shack_fear.wav,Fear,167,Fear,Fear,True,0.9999933,1.0542519e-06,9.355015e-09,0.9999933,2.7972578e-06,3.814313e-07,2.7266765e-07,2.1935189e-06
6587,tess,YAF,YAF_shawl_neutral.wav,Neutral,225,Neutral,Neutral,True,0.9999206,2.2558766e-05,3.6642218e-06,5.4844522e-06,3.290039e-08,0.9999206,4.741998e-05,1.9282732e-07
6588,tess,YAF,YAF_shawl_ps.wav,Surprise,185,Surprise,Surprise,True,0.99999416,3.8624135e-06,7.787998e-07,2.3165886e-07,9.1117806e-07,8.585602e-09,7.744751e-09,0.99999416
6606,tess,YAF,YAF_should_fear.wav,Fear,164,Fear,Fear,True,0.99998736,1.1681478e-05,3.6540058e-09,0.99998736,4.002954e-07,5.2376198e-08,1.1942814e-07,4.5051596e-07
6615,tess,YAF,YAF_shout_neutral.wav,Neutral,192,Neutral,Neutral,True,0.9999397,3.1810443e-05,1.3124216e-08,1.7096037e-05,3.2655223e-06,0.9999397,8.118136e-06,5.123214e-08
6620,tess,YAF,YAF_size_fear.wav,Fear,132,Fear,Fear,True,0.9999521,1.0403161e-06,2.0359359e-09,0.9999521,7.547893e-06,4.3956928e-07,7.274121e-08,3.886299e-05
6631,tess,YAF,YAF_soap_sad.wav,Sad,206,Sad,Sad,True,0.9990004,1.0419459e-06,1.845154e-07,2.8242208e-05,4.512134e-08,0.0009695958,0.9990004,4.9231375e-07
6639,tess,YAF,YAF_sour_angry.wav,Angry,209,Angry,Angry,True,0.99999607,0.99999607,1.0063852e-07,3.0728752e-06,4.7023168e-08,4.399281e-08,3.792651e-07,2.875317e-07
6640,tess,YAF,YAF_sour_disgust.wav,Disgust,257,Disgust,Disgust,True,0.9965881,0.0033965441,0.9965881,3.254965e-08,3.3762703e-07,1.93453e-08,1.456675e-05,3.4492862e-07
6643,tess,YAF,YAF_sour_neutral.wav,Neutral,197,Neutral,Neutral,True,0.9999958,5.153268e-07,2.795882e-07,3.3764516e-07,2.430009e-08,0.9999958,3.0015108e-06,4.8228156e-08
6661,tess,YAF,YAF_such_disgust.wav,Disgust,247,Disgust,Disgust,True,0.9995254,0.00042928883,0.9995254,1.6878213e-06,2.0725383e-06,2.0123473e-06,3.0234112e-05,9.275027e-06
6664,tess,YAF,YAF_such_neutral.wav,Neutral,200,Neutral,Neutral,True,0.99999785,7.0585415e-08,3.9451256e-10,2.2836024e-07,1.6768352e-08,0.99999785,1.7556968e-06,8.68061e-09
6668,tess,YAF,YAF_sure_disgust.wav,Disgust,228,Disgust,Disgust,True,0.9999578,3.1845077e-05,0.9999578,1.42294585e-08,1.93459e-06,2.4779418e-08,4.8667694e-06,3.5390906e-06
6687,tess,YAF,YAF_talk_sad.wav,Sad,209,Sad,Sad,True,0.9999287,7.657164e-08,4.3968564e-07,6.699481e-06,2.265856e-07,6.390017e-05,0.9999287,5.03824e-08
6700,tess,YAF,YAF_team_ps.wav,Surprise,185,Surprise,Surprise,True,0.99993575,5.7488265e-05,1.837226e-06,1.8758736e-06,2.4715976e-06,3.366844e-07,2.947503e-07,0.99993575
6705,tess,YAF,YAF_tell_happy.wav,Happy,176,Happy,Happy,True,0.9999943,2.9234077e-06,3.674777e-08,2.219479e-06,0.9999943,1.07968505e-08,2.2513314e-07,2.4444896e-07
6709,tess,YAF,YAF_thin_angry.wav,Angry,221,Angry,Angry,True,0.99999714,0.99999714,5.958356e-08,1.5780184e-06,1.1494982e-07,5.149559e-08,6.1826506e-07,5.5853513e-07
6710,tess,YAF,YAF_thin_disgust.wav,Disgust,253,Disgust,Disgust,True,0.99996614,8.465249e-06,0.99996614,3.769573e-08,1.7307622e-07,8.930292e-09,2.509252e-05,1.6785355e-08
6711,tess,YAF,YAF_thin_fear.wav,Fear,162,Fear,Fear,True,0.9999863,1.2422367e-06,4.08881e-08,0.9999863,2.1617238e-06,8.350505e-07,8.204954e-07,8.59987e-06
6716,tess,YAF,YAF_third_angry.wav,Angry,209,Angry,Angry,True,0.99996233,0.99996233,1.4011609e-05,1.9853555e-06,1.724281e-07,8.633837e-07,2.013364e-05,4.3554115e-07
6718,tess,YAF,YAF_third_fear.wav,Fear,163,Fear,Fear,True,0.99999666,6.2261725e-09,7.8578616e-11,0.99999666,2.430593e-06,9.404626e-08,2.6135098e-07,6.5046754e-07
6719,tess,YAF,YAF_third_happy.wav,Happy,178,Happy,Happy,True,0.99935216,1.0240739e-08,6.984456e-09,0.0004527532,0.99935216,1.8505831e-06,0.00019298724,3.0655752e-07
6723,tess,YAF,YAF_thought_angry.wav,Angry,209,Angry,Angry,True,0.9999963,0.9999963,6.6585716e-07,9.811315e-07,3.7649104e-07,2.2332877e-07,6.2698047e-07,8.2015936e-07
6724,tess,YAF,YAF_thought_disgust.wav,Disgust,244,Disgust,Disgust,True,0.9999641,3.2932603e-05,0.9999641,3.3805897e-08,4.049099e-07,1.11972334e-07,1.2575475e-06,1.094828e-06
6730,tess,YAF,YAF_thumb_angry.wav,Angry,202,Angry,Angry,True,0.99998343,0.99998343,5.2796445e-08,1.1695238e-06,1.572968e-06,1.2524031e-05,7.19575e-07,5.499607e-07
6734,tess,YAF,YAF_thumb_neutral.wav,Neutral,199,Neutral,Neutral,True,0.9999981,8.2560785e-09,2.9847973e-09,2.4177018e-09,3.909115e-09,0.9999981,1.9463973e-06,1.8149582e-10
6760,tess,YAF,YAF_ton_fear.wav,Fear,177,Fear,Fear,True,0.9999939,2.1277273e-07,4.424514e-09,0.9999939,4.9209166e-06,2.0967305e-07,1.8112047e-07,5.094771e-07
6771,tess,YAF,YAF_tool_sad.wav,Sad,218,Sad,Sad,True,0.9999808,1.1053733e-08,2.876119e-08,1.6602041e-06,1.1856272e-09,1.7474444e-05,0.9999808,4.023689e-10
6777,tess,YAF,YAF_tough_ps.wav,Surprise,205,Surprise,Surprise,True,0.9999999,1.7195596e-08,1.5158367e-08,3.164647e-09,9.230672e-08,1.1180442e-09,3.4691594e-10,0.9999999
6782,tess,YAF,YAF_turn_happy.wav,Happy,164,Happy,Happy,True,0.9999982,1.7949232e-07,2.3679072e-09,1.0473145e-06,0.9999982,3.16503e-08,1.3046495e-07,3.5114147e-07
6795,tess,YAF,YAF_voice_fear.wav,Fear,164,Fear,Fear,True,0.99999976,6.5375376e-09,8.428159e-11,0.99999976,9.034713e-08,1.1068859e-08,3.936679e-09,7.1226054e-08
6798,tess,YAF,YAF_voice_ps.wav,Surprise,177,Surprise,Surprise,True,0.99976724,0.0001150127,1.1351913e-06,9.52618e-05,1.982801e-05,1.3342965e-06,1.7850103e-07,0.99976724
6815,tess,YAF,YAF_wag_disgust.wav,Disgust,250,Disgust,Disgust,True,0.9999906,8.9862e-06,0.9999906,2.7306113e-09,1.09862235e-08,7.024021e-10,3.5096505e-07,1.3488237e-07
6818,tess,YAF,YAF_wag_neutral.wav,Neutral,210,Neutral,Neutral,True,0.9999988,9.594271e-08,5.950416e-08,1.11036165e-07,1.5945359e-10,0.9999988,9.515419e-07,3.9640486e-09
6833,tess,YAF,YAF_wash_ps.wav,Surprise,196,Surprise,Surprise,True,0.999923,6.9557595e-05,9.2419555e-07,3.9917004e-06,2.415185e-06,6.675589e-08,2.5859212e-08,0.999923
6857,tess,YAF,YAF_which_disgust.wav,Disgust,244,Disgust,Disgust,True,0.99944514,0.00039397847,0.99944514,3.7301518e-06,4.6707348e-05,1.2949071e-06,8.867234e-05,2.0503085e-05
6859,tess,YAF,YAF_which_happy.wav,Happy,177,Happy,Happy,True,0.99923754,0.0002745149,1.293465e-07,0.00024516656,0.99923754,0.0001624337,6.420958e-05,1.6043346e-05
6862,tess,YAF,YAF_which_sad.wav,Sad,231,Sad,Sad,True,0.99996376,2.3652483e-07,2.027127e-07,2.32426e-06,3.344825e-08,3.3444412e-05,0.99996376,1.9096955e-08
6869,tess,YAF,YAF_whip_sad.wav,Sad,221,Sad,Sad,True,0.99983037,4.3692467e-07,3.9870315e-08,4.1297862e-05,3.001024e-07,0.00012732898,0.99983037,2.1122072e-07
6874,tess,YAF,YAF_white_neutral.wav,Neutral,209,Neutral,Neutral,True,0.99998486,2.403642e-07,9.494971e-09,2.5824759e-06,4.0812385e-08,0.99998486,1.2286885e-05,4.4923695e-08
6881,tess,YAF,YAF_wife_neutral.wav,Neutral,170,Neutral,Neutral,True,0.99999833,9.106788e-09,5.1208227e-10,3.3273146e-08,6.882486e-08,0.99999833,1.5573646e-06,1.10305e-09
6886,tess,YAF,YAF_wire_fear.wav,Fear,157,Fear,Fear,True,0.99998415,1.4702093e-06,5.6589844e-09,0.99998415,1.328262e-05,9.151951e-07,1.2078574e-07,2.130679e-07
6890,tess,YAF,YAF_wire_sad.wav,Sad,237,Sad,Sad,True,0.99999213,4.1214477e-07,2.7777025e-06,8.91258e-07,7.884678e-09,3.793618e-06,0.99999213,2.2891308e-08
6907,tess,YAF,YAF_yes_fear.wav,Fear,154,Fear,Fear,True,0.9999907,2.0780216e-07,8.832092e-09,0.9999907,4.0177247e-06,1.512459e-07,4.4896225e-07,4.349929e-06
6912,tess,YAF,YAF_young_angry.wav,Angry,211,Angry,Angry,True,0.9999852,0.9999852,4.254762e-07,3.371064e-06,2.270645e-06,6.730624e-08,8.269216e-06,3.3681926e-07
