row_index,dataset,speaker,filename,emotion,real_frames,true_label,pred_mode1,pred_mode2,correct_mode1,correct_mode2,outside_target,prob_Angry,prob_Disgust,prob_Fear,prob_Happy,prob_Neutral,prob_Sad,prob_Surprise
0,inesco,fcim,fcim_a212.wav,Angry,87,Angry,Fear,Happy,False,False,True,0.027465042,8.274132e-06,0.7504073,0.047720287,0.00015767606,6.771778e-05,0.17417364
1,inesco,fcim,fcim_a213.wav,Angry,164,Angry,Happy,Happy,False,False,False,0.13048626,1.8956853e-06,0.0005674655,0.6454859,3.3036943e-06,6.709673e-07,0.22345443
2,inesco,fcim,fcim_a214.wav,Angry,138,Angry,Fear,Happy,False,False,True,0.0048513887,7.93692e-08,0.95959073,0.032957014,7.030028e-05,0.00012857503,0.0024018611
3,inesco,fcim,fcim_a215.wav,Angry,260,Angry,Happy,Happy,False,False,False,0.038634036,5.843628e-05,0.0030032438,0.5070868,6.31914e-06,1.0607587e-05,0.45120054
4,inesco,fcim,fcim_a216.wav,Angry,202,Angry,Happy,Happy,False,False,False,9.3055045e-05,2.387928e-07,0.012169514,0.49967167,7.341527e-08,7.946591e-06,0.48805743
5,inesco,fcim,fcim_a217.wav,Angry,97,Angry,Angry,Angry,True,True,False,0.5099093,0.00056288904,0.011963153,0.05726808,0.05492871,0.0022084473,0.36315948
6,inesco,fcim,fcim_a218.wav,Angry,359,Angry,Surprise,Angry,False,True,True,0.025936967,2.4247096e-05,0.000101635495,0.0028436813,2.3915598e-08,6.385106e-06,0.97108716
7,inesco,fcim,fcim_a219.wav,Angry,401,Angry,Surprise,Angry,False,True,True,0.015507686,0.000117606054,0.0022081274,0.007664272,9.037249e-06,0.00037835786,0.9741149
8,inesco,fcim,fcim_a220.wav,Angry,215,Angry,Surprise,Happy,False,False,True,0.014181682,1.631706e-05,0.012257731,0.057715576,2.8752513e-07,0.0001535123,0.9156749
9,inesco,fcim,fcim_a221.wav,Angry,257,Angry,Angry,Angry,True,True,False,0.726659,0.00015080032,0.003229652,0.025941597,3.206507e-07,0.004480726,0.23953795
10,inesco,fcim,fcim_a222.wav,Angry,157,Angry,Surprise,Happy,False,False,True,0.00027412892,2.9888247e-07,0.0036239345,0.07583028,2.3181876e-06,6.80291e-06,0.9202622
11,inesco,fcim,fcim_a223.wav,Angry,225,Angry,Surprise,Happy,False,False,True,0.0007837645,3.482361e-05,0.08824945,0.4059931,7.279936e-05,0.00012713736,0.5047389
12,inesco,fcim,fcim_a224.wav,Angry,266,Angry,Surprise,Happy,False,False,True,0.0069742044,1.0838191e-05,0.0050633377,0.05353333,2.6139798e-08,0.0006666565,0.93375164
13,inesco,fcim,fcim_a225.wav,Angry,154,Angry,Surprise,Happy,False,False,True,0.0008537524,1.2399694e-06,0.0015591619,0.006850414,1.8802597e-05,9.66991e-06,0.9907069
14,inesco,fcim,fcim_a226.wav,Angry,154,Angry,Fear,Happy,False,False,True,0.013294352,9.99129e-07,0.77431995,0.05301522,4.9824987e-08,3.1466226e-07,0.15936922
15,inesco,fcim,fcim_a227.wav,Angry,401,Angry,Surprise,Angry,False,True,True,0.27229255,7.801114e-06,0.05924214,0.030001195,1.4016959e-07,1.69076e-05,0.63843924
16,inesco,fcim,fcim_a228.wav,Angry,113,Angry,Angry,Angry,True,True,False,0.98103493,2.533106e-07,0.0007073147,0.00944617,4.805911e-06,5.932847e-07,0.008805966
17,inesco,fcim,fcim_a229.wav,Angry,324,Angry,Surprise,Happy,False,False,True,0.00013858118,3.510254e-06,0.05226028,0.0047591673,6.246607e-08,2.5680307e-05,0.9428127
18,inesco,fcim,fcim_a230.wav,Angry,234,Angry,Fear,Happy,False,False,True,0.0057434007,0.00034618084,0.95430356,0.032859903,5.931225e-06,0.0006355546,0.0061055357
19,inesco,fcim,fcim_a231.wav,Angry,189,Angry,Angry,Angry,True,True,False,0.8304155,1.4243637e-06,0.0025895229,0.088864446,4.9913186e-08,8.029476e-06,0.078121014
20,inesco,fcim,fcim_a232.wav,Angry,241,Angry,Angry,Angry,True,True,False,0.9788673,3.6568696e-07,0.0038507734,0.0061892485,1.5026346e-08,5.313496e-06,0.011087049
21,inesco,fcim,fcim_a233.wav,Angry,266,Angry,Surprise,Angry,False,True,True,0.3072989,0.0002591125,0.23670445,0.12415789,2.900218e-05,0.02152457,0.31002602
22,inesco,fcim,fcim_a234.wav,Angry,81,Angry,Surprise,Angry,False,True,True,0.108031675,4.377507e-05,0.028350603,0.032220326,0.047126193,0.0015694249,0.782658
23,inesco,fcim,fcim_a235.wav,Angry,71,Angry,Fear,Angry,False,True,True,0.044090625,0.00012835008,0.8302678,0.031962987,0.025546301,0.0034529539,0.06455104
24,inesco,fcim,fcim_a236.wav,Angry,231,Angry,Surprise,Happy,False,False,True,0.102972776,0.0120856045,0.031315524,0.12961125,1.6179877e-06,0.00022548682,0.7237877
25,inesco,fcim,fcim_a237.wav,Angry,145,Angry,Surprise,Happy,False,False,True,0.0024017824,2.5843968e-07,0.00023339459,0.08107697,1.2858045e-05,8.5628665e-07,0.91627383
26,inesco,fcim,fcim_a238.wav,Angry,186,Angry,Surprise,Angry,False,True,True,0.01768518,6.6472e-07,0.12573102,0.017095413,8.391328e-08,2.844513e-06,0.8394848
27,inesco,fcim,fcim_a239.wav,Angry,209,Angry,Angry,Angry,True,True,False,0.6160172,9.078808e-05,0.032431576,0.3347259,9.387014e-07,8.402517e-05,0.0166496
28,inesco,fcim,fcim_a240.wav,Angry,167,Angry,Fear,Happy,False,False,True,0.0010648757,9.628542e-07,0.76539916,0.07122608,8.8269836e-08,1.408267e-05,0.16229482
29,inesco,fcim,fcim_a241.wav,Angry,109,Angry,Angry,Angry,True,True,False,0.51670384,6.7773647e-07,0.00057187484,0.009368172,0.00012526162,1.0735591e-06,0.4732291
30,inesco,fcim,fcim_a242.wav,Angry,401,Angry,Surprise,Angry,False,True,True,0.08421386,0.001033402,0.007023201,0.00071645324,4.6570435e-08,2.700146e-05,0.90698606
31,inesco,fcim,fcim_a243.wav,Angry,202,Angry,Fear,Happy,False,False,True,0.010782171,0.001228832,0.80682796,0.11281604,2.721472e-05,0.00017572512,0.068142
32,inesco,fcim,fcim_a244.wav,Angry,180,Angry,Angry,Angry,True,True,False,0.9527979,1.1660575e-07,0.03485439,0.004032875,6.677305e-08,2.0906718e-06,0.008312583
33,inesco,fcim,fcim_a245.wav,Angry,218,Angry,Angry,Angry,True,True,False,0.9726114,4.1106163e-05,0.0026775715,0.0047364687,1.1263727e-06,1.2882714e-05,0.019919321
34,inesco,fcim,fcim_a246.wav,Angry,87,Angry,Fear,Angry,False,True,True,0.2649601,1.6288113e-05,0.31231585,0.19714446,0.0073253782,0.00022607284,0.21801184
35,inesco,fcim,fcim_a247.wav,Angry,324,Angry,Angry,Angry,True,True,False,0.4013891,0.09496945,0.30386436,0.040149644,4.7909765e-05,0.010900579,0.148679
36,inesco,fcim,fcim_a248.wav,Angry,225,Angry,Angry,Angry,True,True,False,0.84495896,3.5227025e-05,1.0077274e-05,0.09029908,9.6645785e-09,1.3308817e-05,0.064683296
37,inesco,fcim,fcim_a249.wav,Angry,273,Angry,Angry,Angry,True,True,False,0.7512606,0.0021884558,0.004092186,0.16149692,3.1500017e-06,0.00022883556,0.080729924
38,inesco,fcim,fcim_a250.wav,Angry,317,Angry,Surprise,Happy,False,False,True,0.00041753156,7.41226e-05,0.08583605,0.0025649052,8.918792e-09,0.00021539014,0.91089195
39,inesco,fcim,fcim_a251.wav,Angry,295,Angry,Surprise,Happy,False,False,True,0.06845073,0.002065961,0.0067349933,0.1509704,1.5566143e-06,0.010177546,0.7615989
40,inesco,fcim,fcim_a252.wav,Angry,356,Angry,Surprise,Happy,False,False,True,0.0637632,0.004048782,0.25249127,0.10354413,7.853878e-06,0.0041213986,0.57202333
41,inesco,fcim,fcim_a253.wav,Angry,215,Angry,Happy,Happy,False,False,False,0.14133681,8.211704e-05,0.0010991781,0.7419379,7.3392634e-09,6.5673617e-06,0.11553735
42,inesco,fcim,fcim_a254.wav,Angry,209,Angry,Angry,Angry,True,True,False,0.6246752,1.330942e-06,0.08206107,0.066384904,2.347175e-08,1.6832948e-06,0.22687577
43,inesco,fcim,fcim_a255.wav,Angry,308,Angry,Fear,Angry,False,True,True,0.021185368,6.585901e-05,0.7694297,0.007713851,1.5236732e-07,2.1727672e-05,0.20158336
44,inesco,fcim,fcim_a256.wav,Angry,401,Angry,Angry,Angry,True,True,False,0.98176664,4.3972495e-06,7.914707e-05,0.002332407,2.7141999e-08,2.6516948e-06,0.015814679
45,inesco,fcim,fcim_a257.wav,Angry,237,Angry,Angry,Angry,True,True,False,0.99961936,7.160975e-07,2.3381906e-06,0.00033363377,7.4989986e-11,1.3116166e-07,4.3838714e-05
46,inesco,fcim,fcim_a258.wav,Angry,167,Angry,Fear,Happy,False,False,True,0.0008002668,6.8312445e-08,0.8199743,0.004342682,2.0841325e-07,1.8699413e-06,0.17488056
47,inesco,fcim,fcim_a259.wav,Angry,228,Angry,Happy,Happy,False,False,False,0.018325653,1.669485e-05,0.00201881,0.5626024,2.1963558e-09,1.0234929e-05,0.41702622
48,inesco,fcim,fcim_a260.wav,Angry,285,Angry,Angry,Angry,True,True,False,0.80591476,0.0039354907,0.003974876,0.001972818,6.82022e-07,0.0017441616,0.18245724
49,inesco,fcim,fcim_a261.wav,Angry,260,Angry,Angry,Angry,True,True,False,0.93902165,1.300127e-07,6.0653e-05,0.022372773,6.38822e-10,1.6653635e-07,0.038544625
50,inesco,fcim,fcim_a262.wav,Angry,186,Angry,Angry,Angry,True,True,False,0.7746217,7.549973e-07,0.023580508,0.12017215,1.9547035e-06,1.6997129e-06,0.08162119
51,inesco,fcim,fcim_a263.wav,Angry,173,Angry,Angry,Angry,True,True,False,0.79767543,7.464985e-07,0.00053739775,0.2006469,0.0001812469,1.8997118e-06,0.0009563159
52,inesco,fcim,fcim_a264.wav,Angry,100,Angry,Surprise,Happy,False,False,True,0.0037567946,4.88275e-06,0.109102316,0.12277262,0.00015570337,1.9138759e-05,0.7641886
53,inesco,fcim,fcim_a265.wav,Angry,122,Angry,Surprise,Happy,False,False,True,0.015814781,1.6639877e-05,0.08781381,0.03928389,1.4551282e-05,3.2820044e-05,0.85702354
54,inesco,fcim,fcim_a266.wav,Angry,375,Angry,Surprise,Happy,False,False,True,0.042400844,3.051542e-05,0.052379083,0.09918694,1.6402839e-06,9.3760085e-05,0.80590725
55,inesco,fcim,fcim_a267.wav,Angry,151,Angry,Fear,Happy,False,False,True,0.12687084,4.3184536e-06,0.66443956,0.19478129,5.8199694e-05,5.661195e-06,0.0138401175
56,inesco,fcim,fcim_a268.wav,Angry,90,Angry,Angry,Angry,True,True,False,0.9679883,5.8922665e-06,0.026380062,0.0018725897,0.000117774776,7.985293e-06,0.0036274055
57,inesco,fcim,fcim_a269.wav,Angry,154,Angry,Angry,Angry,True,True,False,0.9738428,1.0955866e-05,0.020575222,0.0054096594,7.6187243e-06,1.6200585e-05,0.00013753121
58,inesco,fcim,fcim_a270.wav,Angry,173,Angry,Angry,Angry,True,True,False,0.85612524,1.422014e-06,0.043819338,0.0722334,9.579148e-06,1.6724352e-06,0.027809363
59,inesco,fcim,fcim_a271.wav,Angry,343,Angry,Surprise,Happy,False,False,True,0.0015066938,4.631075e-05,0.10569077,0.042838093,6.7693605e-07,0.00022789538,0.8496895
60,inesco,fcim,fcim_a272.wav,Angry,324,Angry,Surprise,Happy,False,False,True,0.0014776542,3.7270413e-05,0.0006031091,0.005859339,3.6436808e-07,6.1708765e-06,0.9920161
61,inesco,fcim,fcim_a273.wav,Angry,247,Angry,Angry,Angry,True,True,False,0.95417756,1.0618131e-05,0.00052312866,0.03253268,3.7695048e-07,4.8604095e-05,0.0127070695
62,inesco,fcim,fcim_a274.wav,Angry,330,Angry,Surprise,Happy,False,False,True,0.01230551,1.5930921e-06,0.013678078,0.015289791,1.1240686e-07,2.6165257e-05,0.9586987
63,inesco,fcim,fcim_a275.wav,Angry,145,Angry,Fear,Happy,False,False,True,0.00029079698,3.921908e-09,0.9974113,0.0016562456,2.4217552e-08,4.1937363e-07,0.00064115244
64,inesco,fcim,fcim_a276.wav,Angry,244,Angry,Angry,Angry,True,True,False,0.8605643,0.0033899276,0.008562501,0.12460605,2.4773153e-06,0.001818663,0.0010561752
65,inesco,fcim,fcim_a277.wav,Angry,260,Angry,Surprise,Happy,False,False,True,0.120478146,0.00018677341,0.040352643,0.1970389,2.1512253e-06,0.0004315249,0.64150983
66,inesco,fcim,fcim_a278.wav,Angry,401,Angry,Surprise,Happy,False,False,True,0.005123269,3.183744e-06,0.04731071,0.0161706,1.4410257e-08,0.00030351698,0.9310887
67,inesco,fcim,fcim_a279.wav,Angry,289,Angry,Surprise,Happy,False,False,True,0.0016548363,3.610453e-05,0.033719026,0.06499953,3.6970332e-06,0.0005922024,0.8989946
68,inesco,fcim,fcim_a280.wav,Angry,282,Angry,Surprise,Happy,False,False,True,0.025579726,0.04652953,0.14238523,0.18595718,8.09857e-06,0.040899184,0.5586411
69,inesco,fcim,fcim_a281.wav,Angry,276,Angry,Angry,Angry,True,True,False,0.978209,2.0860663e-05,0.0010138849,0.0022197606,3.0398446e-08,5.8961123e-05,0.018477494
70,inesco,fcim,fcim_a282.wav,Angry,225,Angry,Surprise,Angry,False,True,True,0.4565091,0.0027316036,0.032177538,0.0013516668,5.2067623e-08,0.00026959134,0.5069604
71,inesco,fcim,fcim_a283.wav,Angry,359,Angry,Surprise,Angry,False,True,True,0.17828968,3.138939e-05,0.0015842816,0.029484054,2.3430577e-05,0.0017137169,0.78887343
72,inesco,fcim,fcim_a284.wav,Angry,263,Angry,Angry,Angry,True,True,False,0.8313441,0.00037591893,0.0016115786,0.15500706,1.2806372e-05,0.006316503,0.005332084
73,inesco,fcim,fcim_a285.wav,Angry,295,Angry,Angry,Angry,True,True,False,0.968493,0.01043478,1.99703e-05,0.019146463,0.00031951838,0.00043515398,0.0011511195
74,inesco,fcim,fcim_a286.wav,Angry,362,Angry,Surprise,Angry,False,True,True,0.086325504,3.864408e-05,0.001516214,0.0029422499,4.8117165e-08,1.0430733e-05,0.9091669
75,inesco,fcim,fcim_a287.wav,Angry,186,Angry,Angry,Angry,True,True,False,0.9980944,1.3973301e-09,6.7357964e-06,0.0018678581,8.429009e-08,6.7013213e-09,3.095005e-05
76,inesco,fcim,fcim_a288.wav,Angry,221,Angry,Angry,Angry,True,True,False,0.6320544,5.5729146e-05,0.21254261,0.083214894,3.944741e-08,0.000167199,0.07196516
77,inesco,fcim,fcim_a289.wav,Angry,135,Angry,Angry,Angry,True,True,False,0.70000184,6.02262e-08,0.1950887,0.094339974,4.2310043e-05,4.215791e-07,0.010526608
78,inesco,fcim,fcim_a290.wav,Angry,298,Angry,Surprise,Happy,False,False,True,0.033609826,0.0013005516,0.012075325,0.17932816,1.7912977e-06,0.00021552657,0.7734688
79,inesco,fcim,fcim_a291.wav,Angry,148,Angry,Happy,Happy,False,False,False,0.3661456,3.5926777e-07,0.0040815184,0.60729307,0.0001200426,3.6344067e-05,0.022323018
80,inesco,fcim,fcim_a292.wav,Angry,84,Angry,Angry,Angry,True,True,False,0.8085334,9.0566755e-06,0.061033238,0.030958964,0.0007147469,5.70119e-05,0.09869353
81,inesco,fcim,fcim_a293.wav,Angry,205,Angry,Angry,Angry,True,True,False,0.9737932,0.00017007596,0.0005135316,0.008928354,1.6023904e-07,3.6474914e-05,0.016558232
82,inesco,fcim,fcim_a294.wav,Angry,372,Angry,Surprise,Happy,False,False,True,0.011839794,1.2058857e-07,0.0008119665,0.030268403,8.287196e-10,2.910378e-06,0.9570767
83,inesco,fcim,fcim_a295.wav,Angry,301,Angry,Surprise,Angry,False,True,True,0.33906347,0.000100813595,0.03791113,0.14298408,1.7145771e-07,0.00031042084,0.47962996
84,inesco,fcim,fcim_a296.wav,Angry,154,Angry,Angry,Angry,True,True,False,0.58008736,1.9390477e-08,0.007327504,0.2956952,7.093581e-06,1.3522792e-07,0.11688276
85,inesco,fcim,fcim_a297.wav,Angry,77,Angry,Angry,Angry,True,True,False,0.67807543,4.776571e-06,0.06145308,0.017507581,9.486387e-05,4.6216603e-05,0.24281813
86,inesco,fcim,fcim_a298.wav,Angry,161,Angry,Surprise,Happy,False,False,True,0.00029671102,1.3119293e-06,0.0027357861,0.39377576,1.3353745e-05,1.4298551e-05,0.6031627
87,inesco,fcim,fcim_a299.wav,Angry,269,Angry,Angry,Angry,True,True,False,0.9389641,5.317065e-05,0.0017543237,0.03314919,1.8529463e-06,0.00031781395,0.025759557
88,inesco,fcim,fcim_a300.wav,Angry,401,Angry,Happy,Happy,False,False,False,0.000495911,2.8462484e-06,0.00094104226,0.8010998,1.3080417e-08,1.29792e-07,0.19746023
89,inesco,fcim,fcim_a301.wav,Angry,225,Angry,Angry,Angry,True,True,False,0.90637106,0.00023242405,0.040410697,0.00080717925,7.462862e-08,6.494985e-05,0.05211366
90,inesco,fcim,fcim_a302.wav,Angry,359,Angry,Surprise,Happy,False,False,True,0.008918193,3.30304e-07,0.007498386,0.03428102,4.869954e-10,2.4084861e-06,0.9492997
91,inesco,fcim,fcim_a303.wav,Angry,308,Angry,Surprise,Angry,False,True,True,0.034813706,9.395219e-07,0.00017562174,0.0049265893,3.385331e-09,1.1855168e-06,0.960082
92,inesco,fcim,fcim_a304.wav,Angry,132,Angry,Fear,Angry,False,True,True,0.089445814,7.5888266e-07,0.6210945,0.06504528,1.4490805e-06,4.3989485e-06,0.22440773
93,inesco,fcim,fcim_a305.wav,Angry,311,Angry,Angry,Angry,True,True,False,0.7218997,7.5598175e-05,0.010984322,0.018904813,1.1105145e-06,0.0005722202,0.24756227
94,inesco,fcim,fcim_a306.wav,Angry,314,Angry,Angry,Angry,True,True,False,0.6896114,0.0006979522,0.05108467,0.04319766,1.1238222e-05,0.00257166,0.21282546
95,inesco,fcim,fcim_a307.wav,Angry,189,Angry,Angry,Angry,True,True,False,0.99904615,2.3644933e-09,0.00012042616,4.6848778e-05,2.5976002e-10,2.8778189e-08,0.00078646134
96,inesco,fcim,fcim_a308.wav,Angry,337,Angry,Angry,Angry,True,True,False,0.58733696,2.5144448e-07,0.0146778105,0.033476274,6.815049e-08,4.625079e-06,0.36450398
97,inesco,fcim,fcim_a309.wav,Angry,58,Angry,Surprise,Angry,False,True,True,0.023820613,3.2765354e-05,0.06139647,0.004497675,0.0006614039,0.0002654795,0.90932554
98,inesco,fcim,fcim_a310.wav,Angry,97,Angry,Angry,Angry,True,True,False,0.58102775,4.3777345e-06,0.3942784,0.00460544,1.044937e-05,5.423681e-05,0.020019436
99,inesco,fcim,fcim_a311.wav,Angry,97,Angry,Angry,Angry,True,True,False,0.4267013,5.031103e-05,0.16868769,0.18858801,0.004501001,0.00046735987,0.21100438
100,inesco,fcim,fcim_a312.wav,Angry,193,Angry,Surprise,Happy,False,False,True,6.270411e-05,1.0695224e-08,0.00046007906,0.00453277,2.1886306e-09,4.4616847e-08,0.9949444
101,inesco,fcim,fcim_a313.wav,Angry,193,Angry,Angry,Angry,True,True,False,0.3934639,4.091476e-06,0.21688025,0.2899701,1.620478e-06,3.5718855e-05,0.09964433
102,inesco,fcim,fcim_a314.wav,Angry,244,Angry,Angry,Angry,True,True,False,0.9833018,7.781992e-07,0.0073440857,0.008956121,9.222903e-08,3.9997512e-06,0.00039299784
103,inesco,fcim,fcim_a315.wav,Angry,298,Angry,Fear,Angry,False,True,True,0.31152326,3.403323e-05,0.5989549,0.014610692,1.5501325e-06,0.0014228352,0.07345265
104,inesco,fcim,fcim_a316.wav,Angry,401,Angry,Happy,Happy,False,False,False,0.0298186,1.4921294e-06,0.0006548043,0.8427591,1.0981245e-06,2.3605473e-05,0.12674125
105,inesco,fcim,fcim_a317.wav,Angry,365,Angry,Surprise,Angry,False,True,True,0.053348776,3.3061955e-05,0.014186782,0.0026428988,2.8377076e-07,0.00037708133,0.9294111
106,inesco,fcim,fcim_a318.wav,Angry,247,Angry,Angry,Angry,True,True,False,0.90878606,0.00012516143,0.0037907455,0.086807825,9.4533124e-07,0.00024523603,0.00024404224
107,inesco,fcim,fcim_a319.wav,Angry,401,Angry,Happy,Happy,False,False,False,0.01224684,2.381145e-06,0.00090440456,0.5547811,3.9003388e-07,2.445887e-05,0.43204048
108,inesco,fcim,fcim_a320.wav,Angry,113,Angry,Angry,Angry,True,True,False,0.9731944,2.762088e-06,0.0076450086,0.0077783894,0.00012090042,2.7153905e-05,0.011231413
109,inesco,fcim,fcim_a321.wav,Angry,68,Angry,Angry,Angry,True,True,False,0.9336162,0.00012479922,0.0049801907,0.018302139,0.002053546,0.0007808042,0.040142424
110,inesco,fcim,fcim_a322.wav,Angry,58,Angry,Angry,Angry,True,True,False,0.6095488,5.3023803e-05,0.0032478697,0.0071392474,0.0008458159,0.00022685624,0.37893847
111,inesco,fcim,fcim_a323.wav,Angry,52,Angry,Surprise,Angry,False,True,True,0.18709593,0.00050159544,0.088820465,0.033548463,0.00332617,0.0027842892,0.68392307
112,inesco,fcim,fcim_a324.wav,Angry,154,Angry,Angry,Angry,True,True,False,0.5672993,1.3900085e-06,0.121303454,0.07396638,8.423892e-05,2.5865622e-05,0.23731934
113,inesco,fcim,fcim_a325.wav,Angry,145,Angry,Fear,Happy,False,False,True,0.087928355,8.086243e-05,0.41481045,0.21616949,0.00029789432,0.0002521305,0.2804608
114,inesco,fcim,fcim_a326.wav,Angry,215,Angry,Angry,Angry,True,True,False,0.59919417,1.6360402e-05,0.3411136,0.04692952,0.00028222054,0.003095257,0.009368889
115,inesco,fcim,fcim_a327.wav,Angry,241,Angry,Surprise,Happy,False,False,True,0.18639766,1.3250967e-05,1.2760052e-05,0.33574125,5.440696e-08,3.552074e-06,0.47783142
116,inesco,fcim,fcim_a328.wav,Angry,202,Angry,Happy,Happy,False,False,False,5.6366836e-05,2.4480258e-05,9.819456e-05,0.9946867,1.801489e-07,2.1752676e-06,0.0051318775
117,inesco,fcim,fcim_a329.wav,Angry,180,Angry,Fear,Angry,False,True,True,0.14688367,0.00048119912,0.7047567,0.06852688,4.777042e-05,0.0051093483,0.074194446
118,inesco,fcim,fcim_a330.wav,Angry,97,Angry,Angry,Angry,True,True,False,0.77437675,4.4421108e-07,0.18543468,0.015251432,2.3886249e-05,4.723196e-06,0.02490802
119,inesco,fcim,fcim_a331.wav,Angry,183,Angry,Angry,Angry,True,True,False,0.8590419,3.1337843e-06,0.0003999633,0.040138688,5.323634e-06,5.8848964e-06,0.10040502
120,inesco,fcim,fcim_a333.wav,Angry,84,Angry,Surprise,Happy,False,False,True,0.01044532,6.2652875e-06,0.11359706,0.02533665,0.0001687798,6.373746e-05,0.8503821
121,inesco,fcim,fcim_a334.wav,Angry,180,Angry,Happy,Happy,False,False,False,0.08444381,7.4619635e-07,0.094582334,0.4752572,1.2165242e-05,1.1211999e-05,0.34569255
122,inesco,fcim,fcim_a335.wav,Angry,180,Angry,Happy,Happy,False,False,False,0.02765167,2.6772737e-05,0.015308242,0.86847645,2.0623202e-07,4.9148017e-05,0.088487506
123,inesco,fcim,fcim_a336.wav,Angry,186,Angry,Happy,Happy,False,False,False,0.21528208,1.3487768e-07,0.012570403,0.7629124,3.4418548e-07,5.239146e-07,0.009234045
124,inesco,fcim,fcim_a337.wav,Angry,199,Angry,Angry,Angry,True,True,False,0.8749807,1.8868217e-05,0.050237264,0.004106022,2.0627047e-06,1.60697e-05,0.07063893
125,inesco,fcim,fcim_a338.wav,Angry,173,Angry,Happy,Happy,False,False,False,0.43873456,3.713059e-05,0.0004913877,0.5541652,8.0304555e-05,4.238118e-05,0.006449091
126,inesco,fcim,fcim_a339.wav,Angry,260,Angry,Angry,Angry,True,True,False,0.8375658,0.01791528,0.03635134,0.042353757,3.786125e-07,0.06488304,0.0009303783
127,inesco,fcim,fcim_a340.wav,Angry,93,Angry,Angry,Angry,True,True,False,0.87853324,1.9122732e-05,0.08998155,0.017433703,0.0009014992,5.2108582e-05,0.013078764
128,inesco,fcim,fcim_a341.wav,Angry,266,Angry,Surprise,Happy,False,False,True,0.023637505,1.6327376e-05,0.2518585,0.0934965,1.1207641e-07,0.007429385,0.6235617
129,inesco,fcim,fcim_a342.wav,Angry,209,Angry,Surprise,Happy,False,False,True,0.000117085314,1.5116827e-07,0.026362961,0.117663085,1.606119e-07,5.8657747e-07,0.85585594
130,inesco,fcim,fcim_a343.wav,Angry,183,Angry,Fear,Happy,False,False,True,5.1297222e-05,1.0187892e-08,0.98699653,0.012731621,8.084089e-07,6.670157e-06,0.0002129811
131,inesco,fcim,fcim_a344.wav,Angry,183,Angry,Angry,Angry,True,True,False,0.8430765,1.8633126e-06,0.0043230355,0.018529452,1.913196e-05,3.5875823e-06,0.13404633
132,inesco,fcim,fcim_a345.wav,Angry,202,Angry,Angry,Angry,True,True,False,0.7748914,6.372586e-05,0.04340211,0.16082552,1.6323002e-06,0.000309415,0.020506207
133,inesco,fcim,fcim_a346.wav,Angry,289,Angry,Angry,Angry,True,True,False,0.8848432,0.0002751481,0.019939212,0.0024480629,2.7172164e-06,0.00030018573,0.09219154
134,inesco,fcim,fcim_a347.wav,Angry,209,Angry,Angry,Angry,True,True,False,0.48239273,5.597184e-06,0.37485576,0.06692737,1.1598786e-07,4.7932797e-05,0.0757705
135,inesco,fcim,fcim_a348.wav,Angry,106,Angry,Angry,Angry,True,True,False,0.74468374,0.00016562246,0.046897832,0.019648137,0.029065138,0.000518342,0.15902108
136,inesco,fcim,fcim_a349.wav,Angry,253,Angry,Angry,Angry,True,True,False,0.99702364,2.9189138e-07,2.0883148e-05,0.0025952929,3.3673055e-09,1.5600332e-06,0.00035833628
137,inesco,fcim,fcim_a350.wav,Angry,401,Angry,Angry,Angry,True,True,False,0.71467793,1.0360386e-05,0.00031533005,0.0675894,4.0622147e-08,4.1812607e-05,0.21736507
138,inesco,fcim,fcim_a351.wav,Angry,257,Angry,Angry,Angry,True,True,False,0.5443738,7.40648e-06,0.009246366,0.36453682,1.12809055e-07,1.3238581e-05,0.081822306
139,inesco,fcim,fcim_a352.wav,Angry,109,Angry,Fear,Happy,False,False,True,0.037183758,2.8314641e-06,0.90472984,0.048595026,0.0014831625,5.573873e-05,0.007949604
140,inesco,fcim,fcim_a353.wav,Angry,253,Angry,Surprise,Happy,False,False,True,0.01909798,2.958262e-05,0.020277947,0.13749851,8.0259815e-07,5.1358005e-05,0.82304376
141,inesco,fcim,fcim_a354.wav,Angry,314,Angry,Surprise,Angry,False,True,True,0.022432102,0.00038827563,0.101939104,0.01448743,2.5160186e-06,0.0006068453,0.86014366
142,inesco,fcim,fcim_a355.wav,Angry,247,Angry,Angry,Angry,True,True,False,0.76788473,0.023800418,0.032600313,0.0063472223,3.6614684e-10,0.00048858154,0.16887872
143,inesco,fcim,fcim_a356.wav,Angry,324,Angry,Angry,Angry,True,True,False,0.6214213,7.67127e-06,0.067376494,0.008237037,1.4399436e-06,8.305975e-05,0.30287302
144,inesco,fcim,fcim_a357.wav,Angry,199,Angry,Fear,Angry,False,True,True,0.26189837,4.832831e-05,0.4260516,0.17804374,0.00022130716,0.0019502398,0.13178647
145,inesco,fcim,fcim_a358.wav,Angry,135,Angry,Angry,Angry,True,True,False,0.68003505,2.7811095e-07,0.020415634,0.0011091272,1.8909146e-06,2.757185e-06,0.2984353
146,inesco,fcim,fcim_a359.wav,Angry,218,Angry,Angry,Angry,True,True,False,0.9999833,2.6441342e-08,1.1775177e-06,8.2880325e-07,5.7106536e-10,8.403662e-09,1.4644127e-05
147,inesco,fcim,fcim_a360.wav,Angry,93,Angry,Fear,Happy,False,False,True,0.0002996909,1.6665977e-05,0.69436145,0.021858672,0.00028644787,0.000946841,0.28223023
148,inesco,fcim,fcim_a361.wav,Angry,145,Angry,Surprise,Angry,False,True,True,0.06721117,3.5379912e-08,0.08622595,0.0061861966,4.0717527e-08,9.619317e-07,0.84037566
149,inesco,fcim,fcim_a362.wav,Angry,81,Angry,Surprise,Angry,False,True,True,0.15953991,3.8914986e-06,0.0057569942,0.00706746,0.00038755397,3.2184078e-05,0.8272121
150,inesco,fcim,fcim_a363.wav,Angry,138,Angry,Angry,Angry,True,True,False,0.5920111,9.3181797e-07,0.007400823,0.18502764,1.7495398e-06,3.1828927e-07,0.21555749
151,inesco,fcim,fcim_a364.wav,Angry,151,Angry,Happy,Happy,False,False,False,0.1509848,1.331908e-07,0.0014360634,0.50280315,9.803474e-07,3.8032448e-07,0.34477443
152,inesco,fcim,fcim_a365.wav,Angry,141,Angry,Angry,Angry,True,True,False,0.85784465,4.8100272e-08,0.002490442,0.12505382,2.4461149e-06,2.2399531e-06,0.014606351
153,inesco,fcim,fcim_a366.wav,Angry,186,Angry,Angry,Angry,True,True,False,0.9938235,1.3429359e-08,0.0040652147,0.0019616855,8.125231e-07,6.3286095e-08,0.00014868291
154,inesco,fcim,fcim_a367.wav,Angry,68,Angry,Surprise,Angry,False,True,True,0.16830823,0.0005099848,0.10585134,0.08074213,0.27865288,0.0017735565,0.36416188
155,inesco,fcim,fcim_a368.wav,Angry,129,Angry,Angry,Angry,True,True,False,0.6229451,1.2582076e-07,0.015183014,0.042382706,4.6295654e-06,1.5345789e-06,0.31948286
156,inesco,fcim,fcim_a369.wav,Angry,145,Angry,Angry,Angry,True,True,False,0.996693,2.3492125e-07,0.00014255986,0.0026239485,2.2641745e-05,1.4356297e-07,0.0005174371
157,inesco,fcim,fcim_a370.wav,Angry,151,Angry,Fear,Happy,False,False,True,0.029373972,5.215054e-06,0.47515163,0.32783365,5.185929e-05,0.000247873,0.1673357
158,inesco,fcim,fcim_a371.wav,Angry,145,Angry,Fear,Happy,False,False,True,3.9491686e-05,5.5613117e-07,0.70991415,0.0052456995,7.210753e-06,7.082775e-05,0.2847221
159,inesco,fcim,fcim_a372.wav,Angry,157,Angry,Angry,Angry,True,True,False,0.8648056,3.840324e-06,0.049144786,0.081116274,8.619705e-05,2.1518645e-05,0.0048218584
160,inesco,fcim,fcim_a373.wav,Angry,189,Angry,Angry,Angry,True,True,False,0.8807284,4.1037097e-06,0.014240081,0.052495588,3.0794382e-07,0.00019108264,0.05234048
161,inesco,fcim,fcim_a374.wav,Angry,77,Angry,Angry,Angry,True,True,False,0.94087625,9.1830014e-05,0.0007794758,0.008718902,0.006720129,0.00027109083,0.04254229
162,inesco,fcim,fcim_a375.wav,Angry,244,Angry,Surprise,Happy,False,False,True,0.0012569154,1.363352e-06,2.5334515e-05,0.042812016,1.6934745e-08,2.9443032e-05,0.9558749
163,inesco,fcim,fcim_a376.wav,Angry,52,Angry,Angry,Angry,True,True,False,0.72123706,3.3018336e-05,0.23087549,0.021391375,0.018527137,0.001396151,0.006539764
164,inesco,fcim,fcim_a377.wav,Angry,74,Angry,Surprise,Angry,False,True,True,0.19306156,2.1595408e-05,0.28608492,0.12181148,0.0045630625,0.000971836,0.39348555
165,inesco,fcim,fcim_a378.wav,Angry,116,Angry,Surprise,Happy,False,False,True,0.008198953,1.5888651e-07,0.006163441,0.050944697,4.7372818e-05,1.2582541e-06,0.93464416
166,inesco,fcim,fcim_a379.wav,Angry,154,Angry,Angry,Angry,True,True,False,0.9385429,5.8593557e-08,0.0033117002,0.012751151,5.350705e-07,9.650353e-08,0.045393515
167,inesco,fcim,fcim_a380.wav,Angry,260,Angry,Angry,Angry,True,True,False,0.6639427,0.0003360027,0.0017369993,0.010196889,1.917314e-06,0.0033214109,0.32046413
168,inesco,fcim,fcim_a381.wav,Angry,186,Angry,Angry,Angry,True,True,False,0.9045261,2.0640327e-05,0.0018941697,0.07868201,6.987112e-06,4.306387e-05,0.01482709
169,inesco,fcim,fcim_a382.wav,Angry,132,Angry,Surprise,Happy,False,False,True,5.937028e-07,8.306588e-07,0.039065793,0.07948325,5.967593e-06,6.203694e-06,0.8814374
170,inesco,fcim,fcim_a383.wav,Angry,97,Angry,Fear,Happy,False,False,True,8.498721e-05,3.9096034e-05,0.675528,0.007810375,0.0012381809,0.0004974563,0.31480187
171,inesco,fcim,fcim_a384.wav,Angry,116,Angry,Angry,Angry,True,True,False,0.68039346,4.491759e-07,0.00411843,0.006738642,1.07089345e-05,3.503105e-06,0.30873477
172,inesco,fcim,fcim_a385.wav,Angry,109,Angry,Surprise,Angry,False,True,True,0.027721534,7.6333237e-07,0.0010331153,0.013194751,0.0024321605,1.3189283e-05,0.9556045
173,inesco,fcim,fcim_a386.wav,Angry,109,Angry,Surprise,Happy,False,False,True,0.03921435,2.190986e-06,0.046037685,0.046662938,7.362894e-05,1.6111568e-05,0.86799306
174,inesco,fcim,fcim_a387.wav,Angry,353,Angry,Surprise,Angry,False,True,True,0.18492408,6.547055e-05,0.0038861218,0.023748357,9.821873e-09,5.289033e-05,0.78732306
175,inesco,fcim,fcim_a388.wav,Angry,58,Angry,Angry,Angry,True,True,False,0.86017317,5.274772e-05,0.041047823,0.04669959,0.0041061733,0.0002965816,0.047624003
176,inesco,fcim,fcim_a389.wav,Angry,93,Angry,Surprise,Angry,False,True,True,0.03268114,2.9622076e-06,0.025615944,0.011190067,0.00032156272,2.7534279e-05,0.9301608
177,inesco,fcim,fcim_a390.wav,Angry,65,Angry,Fear,Angry,False,True,True,0.067414925,1.7728964e-05,0.5603229,0.033157878,0.0017205968,0.0013054144,0.33606067
178,inesco,fcim,fcim_a391.wav,Angry,55,Angry,Angry,Angry,True,True,False,0.6146825,8.83893e-06,0.042344205,0.004104712,0.00019419998,7.6321245e-05,0.33858913
179,inesco,fcim,fcim_a392.wav,Angry,39,Angry,Angry,Angry,True,True,False,0.6719062,2.0047963e-05,0.20761238,0.011019096,0.0016533713,0.00033361086,0.10745538
180,inesco,fcim,fcim_a393.wav,Angry,125,Angry,Angry,Angry,True,True,False,0.529942,1.439999e-07,0.0033464893,0.006551515,6.864687e-06,2.2169097e-07,0.4601529
181,inesco,fcim,fcim_a394.wav,Angry,129,Angry,Surprise,Angry,False,True,True,0.16891326,1.16959264e-07,0.0025725497,0.038356517,1.562975e-06,2.6748071e-07,0.79015577
182,inesco,fcim,fcim_a395.wav,Angry,164,Angry,Angry,Angry,True,True,False,0.9758337,8.2054584e-08,0.009825628,0.0023828938,1.5887661e-08,1.8585173e-06,0.011955707
183,inesco,fcim,fcim_a396.wav,Angry,218,Angry,Fear,Angry,False,True,True,0.025432415,2.8163775e-05,0.92896295,0.005928173,9.376553e-05,0.0008437147,0.03871074
184,inesco,fcim,fcim_a397.wav,Angry,52,Angry,Angry,Angry,True,True,False,0.49877018,3.1772102e-05,0.0109887775,0.08793588,0.027165316,0.00026284516,0.37484518
185,inesco,fcim,fcim_a398.wav,Angry,68,Angry,Fear,Happy,False,False,True,0.0015381511,1.1098979e-05,0.9306454,0.029997854,1.8524488e-05,0.00010438181,0.037684534
186,inesco,fcim,fcim_a399.wav,Angry,346,Angry,Angry,Angry,True,True,False,0.92234665,2.1782836e-07,0.0001900686,0.00034154303,5.8671645e-09,7.70455e-06,0.07711376
187,inesco,fcim,fcim_a400.wav,Angry,301,Angry,Surprise,Happy,False,False,True,0.19721942,0.00089933514,0.0026043088,0.23565127,2.978603e-06,0.002090033,0.5615327
188,inesco,fcim,fcim_a401.wav,Angry,215,Angry,Angry,Angry,True,True,False,0.9073032,2.4398678e-06,0.0019684606,0.08195996,2.2638199e-06,2.2096922e-06,0.008761408
189,inesco,fcim,fcim_h001.wav,Happy,199,Happy,Happy,Happy,True,True,False,0.0048578153,4.682127e-05,0.030320939,0.85684067,4.3383865e-05,8.082541e-05,0.1078096
190,inesco,fcim,fcim_h002.wav,Happy,113,Happy,Surprise,Angry,False,False,True,0.13375507,8.3758554e-05,0.1914595,0.06673498,0.0012662678,2.4534043e-05,0.6066759
191,inesco,fcim,fcim_h003.wav,Happy,228,Happy,Surprise,Happy,False,True,True,0.0010271042,2.3514931e-05,0.17158997,0.23977101,1.531071e-07,0.0007721894,0.58681613
192,inesco,fcim,fcim_h004.wav,Happy,81,Happy,Fear,Angry,False,False,True,0.040115647,0.000112151836,0.7990692,0.008319926,0.00011057904,0.00025568748,0.15201688
193,inesco,fcim,fcim_h005.wav,Happy,135,Happy,Surprise,Happy,False,True,True,6.805838e-06,1.7936824e-09,4.7787607e-06,0.0003344867,9.76955e-09,1.8735465e-08,0.99965394
194,inesco,fcim,fcim_h006.wav,Happy,196,Happy,Fear,Sad,False,False,True,1.734153e-05,0.009305472,0.4709083,0.14788814,0.0011871572,0.3293399,0.041353658
195,inesco,fcim,fcim_h007.wav,Happy,125,Happy,Surprise,Happy,False,True,True,0.14176361,0.0001708008,0.022998486,0.17758115,0.009603432,0.0013893485,0.64649326
196,inesco,fcim,fcim_h008.wav,Happy,266,Happy,Angry,Angry,False,False,False,0.544711,0.062464066,0.061795756,0.17846873,0.0008125436,0.0041107377,0.14763716
197,inesco,fcim,fcim_h009.wav,Happy,173,Happy,Fear,Happy,False,True,True,1.50595915e-05,1.2626822e-06,0.986808,0.0074972217,8.918629e-07,9.253887e-07,0.0056766435
198,inesco,fcim,fcim_h010.wav,Happy,244,Happy,Surprise,Angry,False,False,True,0.24984396,0.0035796796,0.0072717946,0.024503006,0.000101679776,0.0070599318,0.70763993
199,inesco,fcim,fcim_h011.wav,Happy,167,Happy,Fear,Happy,False,True,True,0.043620326,9.05509e-06,0.6544609,0.21435384,0.0001551876,3.4161305e-05,0.08736654
200,inesco,fcim,fcim_h012.wav,Happy,253,Happy,Surprise,Angry,False,False,True,0.24007271,0.0005792833,0.088391334,0.025235802,7.4851374e-07,0.033728536,0.6119916
201,inesco,fcim,fcim_h013.wav,Happy,311,Happy,Surprise,Happy,False,True,True,8.404224e-05,8.946561e-06,0.0005573524,0.00035119406,1.6221332e-08,4.490268e-06,0.99899393
202,inesco,fcim,fcim_h014.wav,Happy,340,Happy,Surprise,Happy,False,True,True,0.0017780634,1.0838858e-05,0.001074846,0.17283379,2.0209175e-07,7.994878e-06,0.82429427
203,inesco,fcim,fcim_h015.wav,Happy,157,Happy,Surprise,Happy,False,True,True,3.2720328e-07,5.228227e-10,6.3242014e-06,6.4177526e-05,1.04405304e-10,3.6282368e-09,0.9999292
204,inesco,fcim,fcim_h016.wav,Happy,193,Happy,Surprise,Happy,False,True,True,0.1700733,3.2852804e-05,0.012119229,0.2292613,6.3792254e-06,0.0007070675,0.5877999
205,inesco,fcim,fcim_h017.wav,Happy,228,Happy,Fear,Angry,False,False,True,0.10807722,0.00052100583,0.5809866,0.025050739,1.9901968e-06,0.0005176914,0.2848447
206,inesco,fcim,fcim_h018.wav,Happy,324,Happy,Surprise,Happy,False,True,True,0.008024591,0.0033112145,0.00061780005,0.10836211,1.0881552e-05,0.00014293569,0.8795305
207,inesco,fcim,fcim_h019.wav,Happy,234,Happy,Surprise,Happy,False,True,True,0.0015101011,0.00074925437,0.0017111572,0.029714564,4.8596075e-07,3.265282e-05,0.9662818
208,inesco,fcim,fcim_h020.wav,Happy,247,Happy,Surprise,Happy,False,True,True,0.0013310837,3.2689535e-05,0.007578297,0.11772181,2.115395e-09,2.401615e-05,0.8733121
209,inesco,fcim,fcim_h021.wav,Happy,365,Happy,Surprise,Happy,False,True,True,0.020718517,0.00017795483,0.020899793,0.13798106,9.116027e-08,2.5603693e-05,0.820197
210,inesco,fcim,fcim_h022.wav,Happy,279,Happy,Angry,Angry,False,False,False,0.65512705,0.0023572855,0.00026827768,0.047778096,1.7111894e-05,6.0671675e-05,0.29439157
211,inesco,fcim,fcim_h023.wav,Happy,205,Happy,Happy,Happy,True,True,False,0.0032759,1.8081484e-05,0.037631653,0.5283572,2.3576291e-05,0.00014026591,0.43055335
212,inesco,fcim,fcim_h024.wav,Happy,167,Happy,Surprise,Happy,False,True,True,5.2868295e-08,5.4962346e-09,0.009958497,0.004762932,1.1890121e-08,1.36808e-08,0.9852785
213,inesco,fcim,fcim_h025.wav,Happy,183,Happy,Happy,Happy,True,True,False,0.01490405,2.5156616e-05,0.00659554,0.96691006,3.825062e-05,0.00031403202,0.011212866
214,inesco,fcim,fcim_h026.wav,Happy,308,Happy,Surprise,Happy,False,True,True,0.0013938621,0.0001921411,0.005145593,0.27141,3.5657965e-07,8.049322e-05,0.7217775
215,inesco,fcim,fcim_h027.wav,Happy,231,Happy,Surprise,Happy,False,True,True,0.0015200183,0.00039166788,0.0013266032,0.056220286,3.424385e-06,9.464792e-06,0.9405286
216,inesco,fcim,fcim_h028.wav,Happy,193,Happy,Surprise,Happy,False,True,True,0.00020307039,1.0965982e-07,0.3836729,0.05293716,4.8889277e-08,1.2516042e-06,0.56318545
217,inesco,fcim,fcim_h029.wav,Happy,321,Happy,Surprise,Happy,False,True,True,0.002533226,6.6010925e-06,0.0029078082,0.0097523285,9.26096e-08,0.00032346242,0.9844765
218,inesco,fcim,fcim_h030.wav,Happy,250,Happy,Surprise,Angry,False,False,True,0.12841465,0.014156165,6.657808e-06,0.0076249833,0.00010203879,7.889754e-05,0.8496166
219,inesco,fcim,fcim_h031.wav,Happy,401,Happy,Happy,Happy,True,True,False,0.33553544,1.6076467e-05,4.4478886e-05,0.6596854,1.8965653e-06,2.9419729e-05,0.004687301
220,inesco,fcim,fcim_h032.wav,Happy,269,Happy,Surprise,Happy,False,True,True,0.00048640525,0.0054984395,2.2446557e-05,0.10619499,7.5794375e-08,3.0778597e-07,0.88779724
221,inesco,fcim,fcim_h033.wav,Happy,212,Happy,Surprise,Happy,False,True,True,4.266576e-06,5.5866275e-07,5.358168e-05,0.0040695034,6.4432615e-09,1.3471967e-07,0.99587196
222,inesco,fcim,fcim_h034.wav,Happy,231,Happy,Surprise,Happy,False,True,True,0.0031625736,1.1876979e-05,3.9815444e-05,0.0977711,3.157578e-08,2.6345654e-07,0.8990143
223,inesco,fcim,fcim_h035.wav,Happy,337,Happy,Surprise,Angry,False,False,True,0.28192022,0.0005483523,0.012975334,0.06774338,0.0015859331,0.009391443,0.62583536
224,inesco,fcim,fcim_h036.wav,Happy,401,Happy,Happy,Happy,True,True,False,0.011991956,6.758972e-05,0.0038357293,0.91548806,1.0179643e-06,0.00018817333,0.0684275
225,inesco,fcim,fcim_h037.wav,Happy,292,Happy,Surprise,Happy,False,True,True,0.0032916642,0.0002715272,0.004888178,0.003513991,1.5045549e-08,0.0014888066,0.9865458
226,inesco,fcim,fcim_h038.wav,Happy,401,Happy,Surprise,Happy,False,True,True,0.0073740976,0.000118812764,0.0017769187,0.19000365,7.3007286e-08,0.00013328904,0.80059314
227,inesco,fcim,fcim_h039.wav,Happy,266,Happy,Angry,Angry,False,False,False,0.4920911,8.7646775e-05,1.5387086e-05,0.25949243,2.2315387e-09,4.1477757e-05,0.24827191
228,inesco,fcim,fcim_h040.wav,Happy,401,Happy,Surprise,Happy,False,True,True,0.008573297,1.9491428e-05,0.002120812,0.08872885,1.6865505e-06,0.0033650398,0.89719087
229,inesco,fcim,fcim_h041.wav,Happy,97,Happy,Fear,Happy,False,True,True,0.0014412744,6.229013e-06,0.93031317,0.05496279,5.0561917e-05,1.0786094e-05,0.013215199
230,inesco,fcim,fcim_h042.wav,Happy,228,Happy,Surprise,Happy,False,True,True,3.7572237e-05,1.5254054e-06,0.0022425954,0.25001696,1.8584384e-08,1.1172649e-06,0.74770015
231,inesco,fcim,fcim_h043.wav,Happy,369,Happy,Surprise,Angry,False,False,True,0.07575048,0.0005743716,0.20593113,0.02414472,2.6626253e-07,9.012367e-05,0.6935089
232,inesco,fcim,fcim_h044.wav,Happy,365,Happy,Surprise,Happy,False,True,True,0.02867468,2.9200093e-05,1.420589e-05,0.34759656,2.0578811e-07,4.967972e-06,0.6236802
233,inesco,fcim,fcim_h045.wav,Happy,231,Happy,Surprise,Happy,False,True,True,0.00011771488,0.00059664994,0.0022846358,0.006106989,2.4185826e-07,0.00012450149,0.9907693
234,inesco,fcim,fcim_h046.wav,Happy,205,Happy,Happy,Happy,True,True,False,0.26521787,5.5740575e-06,0.00021899132,0.66031325,4.981119e-06,6.1001315e-06,0.07423326
235,inesco,fcim,fcim_h047.wav,Happy,241,Happy,Angry,Angry,False,False,False,0.7904064,0.0044071935,0.01629131,0.16495603,0.0011088516,0.0075315954,0.015298497
236,inesco,fcim,fcim_h048.wav,Happy,225,Happy,Surprise,Happy,False,True,True,0.025124637,0.00056057534,0.0011940978,0.06700074,1.6506513e-07,4.2482443e-06,0.9061155
237,inesco,fcim,fcim_h049.wav,Happy,193,Happy,Surprise,Happy,False,True,True,0.20574713,0.0009117086,0.01926626,0.37101516,0.019968254,0.0070479573,0.37604344
238,inesco,fcim,fcim_h050.wav,Happy,138,Happy,Surprise,Happy,False,True,True,1.0472621e-06,4.3881595e-08,0.02268559,0.00912781,4.748396e-09,1.9791523e-07,0.9681853
239,inesco,fcim,fcim_h051.wav,Happy,401,Happy,Surprise,Angry,False,False,True,0.13893944,6.31828e-07,0.00029154395,0.00046454737,2.300665e-08,4.1491594e-06,0.86029965
240,inesco,fcim,fcim_h052.wav,Happy,401,Happy,Surprise,Happy,False,True,True,0.0010601059,3.1566555e-07,0.000107785876,0.033949956,4.1968976e-10,1.3772008e-07,0.96488166
241,inesco,fcim,fcim_h053.wav,Happy,401,Happy,Surprise,Angry,False,False,True,0.33199623,0.0007709264,0.0019593153,0.21875952,3.5926623e-05,0.00037468062,0.44610336
242,inesco,fcim,fcim_h054.wav,Happy,369,Happy,Surprise,Happy,False,True,True,0.0008838133,4.2979013e-06,0.0007432028,0.060990676,5.27311e-08,7.142844e-06,0.9373709
243,inesco,fcim,fcim_h055.wav,Happy,401,Happy,Surprise,Angry,False,False,True,0.3151497,7.906437e-05,0.0009539153,0.05061756,1.5192872e-07,0.0004184909,0.6327811
244,inesco,fcim,fcim_h056.wav,Happy,321,Happy,Surprise,Angry,False,False,True,0.11875032,3.219756e-05,0.0012637784,0.030428624,1.6343374e-05,5.5739514e-05,0.849453
245,inesco,fcim,fcim_h057.wav,Happy,269,Happy,Surprise,Happy,False,True,True,0.05223232,0.0011895155,0.057123378,0.11317505,5.9365775e-05,0.008586724,0.7676337
246,inesco,fcim,fcim_h058.wav,Happy,362,Happy,Surprise,Angry,False,False,True,0.11089306,1.1711569e-05,0.0041174744,0.007507834,7.992516e-08,7.237027e-05,0.8773974
247,inesco,fcim,fcim_h059.wav,Happy,241,Happy,Surprise,Angry,False,False,True,0.005635327,7.3174e-05,0.43484458,0.0004411489,2.007333e-08,0.001071332,0.55793446
248,inesco,fcim,fcim_h060.wav,Happy,343,Happy,Angry,Angry,False,False,False,0.7802139,0.0014171791,0.0011390136,0.021937203,1.1555288e-05,0.0009431769,0.19433793
249,inesco,fcim,fcim_h061.wav,Happy,141,Happy,Fear,Happy,False,True,True,0.0025174606,5.954596e-05,0.6040114,0.010178238,0.0001461177,0.0012682651,0.38181904
250,inesco,fcim,fcim_h062.wav,Happy,266,Happy,Surprise,Happy,False,True,True,0.0061821514,0.0005403274,0.011192844,0.0655018,2.3105227e-07,0.00014356388,0.9164391
251,inesco,fcim,fcim_h063.wav,Happy,266,Happy,Angry,Angry,False,False,False,0.9175841,0.0002684776,0.00094292825,0.0024358337,9.006888e-07,0.00010237864,0.078665435
252,inesco,fcim,fcim_h064.wav,Happy,250,Happy,Angry,Angry,False,False,False,0.8875748,0.00022016071,0.0037733763,0.017034777,0.0004195296,0.00040207105,0.09057526
253,inesco,fcim,fcim_h065.wav,Happy,321,Happy,Angry,Angry,False,False,False,0.42519113,0.081865184,0.010309029,0.17110579,0.005733961,0.004100817,0.30169412
254,inesco,fcim,fcim_h066.wav,Happy,279,Happy,Surprise,Happy,False,True,True,0.0016885543,1.2982437e-05,0.0020573959,0.06359603,2.7740072e-08,7.401965e-05,0.93257105
255,inesco,fcim,fcim_h067.wav,Happy,401,Happy,Surprise,Happy,False,True,True,0.002382526,3.3954682e-05,0.018360963,0.33751792,3.2246105e-06,0.00061125396,0.64109015
256,inesco,fcim,fcim_h068.wav,Happy,340,Happy,Surprise,Angry,False,False,True,0.0012629109,6.1869774e-05,0.0064246776,0.0005685455,4.3916108e-07,9.046394e-06,0.9916726
257,inesco,fcim,fcim_h069.wav,Happy,276,Happy,Angry,Angry,False,False,False,0.8495287,0.005673839,0.02444706,0.005567242,3.206717e-06,0.0020082525,0.11277168
258,inesco,fcim,fcim_h070.wav,Happy,295,Happy,Happy,Happy,True,True,False,0.10427824,0.00020784429,0.0536721,0.4918253,9.4680627e-07,0.00022254886,0.34979296
259,inesco,fcim,fcim_h071.wav,Happy,289,Happy,Surprise,Happy,False,True,True,0.018591497,0.0007457504,0.0019772935,0.34514305,9.05986e-06,0.00011957698,0.63341373
260,inesco,fcim,fcim_h072.wav,Happy,237,Happy,Surprise,Happy,False,True,True,0.0022896857,0.000676744,0.059352618,0.049038395,7.250781e-07,5.23757e-05,0.88858944
261,inesco,fcim,fcim_h073.wav,Happy,122,Happy,Angry,Angry,False,False,False,0.8482867,7.782263e-06,0.028594613,0.010243202,1.0015406e-05,6.3253814e-05,0.11279438
262,inesco,fcim,fcim_h074.wav,Happy,257,Happy,Angry,Angry,False,False,False,0.7820307,0.0013889209,0.0004667134,0.043850422,1.2649693e-06,0.0007520984,0.1715098
263,inesco,fcim,fcim_h075.wav,Happy,205,Happy,Surprise,Happy,False,True,True,0.07091028,1.6830727e-05,0.30226815,0.29550168,0.0001280604,7.744146e-06,0.33116728
264,inesco,fcim,fcim_h076.wav,Happy,225,Happy,Angry,Angry,False,False,False,0.9994216,2.2020302e-05,0.0004107624,8.590118e-05,2.6715426e-07,4.9609102e-06,5.4459568e-05
265,inesco,fcim,fcim_h077.wav,Happy,237,Happy,Surprise,Happy,False,True,True,0.0011475595,5.1851417e-05,0.005810518,0.037290063,6.520006e-05,0.00018245641,0.9554524
266,inesco,fcim,fcim_h078.wav,Happy,221,Happy,Angry,Angry,False,False,False,0.6923439,0.0022927716,0.025226556,0.028916674,4.339557e-05,9.952063e-05,0.25107715
267,inesco,fcim,fcim_h079.wav,Happy,401,Happy,Happy,Happy,True,True,False,0.028622698,0.014845115,0.047956873,0.5863568,0.00048450663,0.01133845,0.31039566
268,inesco,fcim,fcim_h080.wav,Happy,349,Happy,Surprise,Happy,False,True,True,0.0024811001,2.45728e-05,0.09114014,0.016802019,2.9215466e-06,0.0003638803,0.8891854
269,inesco,fcim,fcim_h081.wav,Happy,285,Happy,Surprise,Angry,False,False,True,0.31127515,0.009660553,0.07877036,0.10313506,9.250317e-06,0.0003794994,0.4967701
270,inesco,fcim,fcim_h082.wav,Happy,401,Happy,Surprise,Happy,False,True,True,0.0016050016,3.489956e-06,0.0058744987,0.48498112,8.204052e-08,1.5168412e-05,0.5075206
271,inesco,fcim,fcim_h083.wav,Happy,394,Happy,Surprise,Happy,False,True,True,0.0011174177,5.6856134e-05,0.002494479,0.066347875,9.4792705e-07,4.2990425e-05,0.92993945
272,inesco,fcim,fcim_h084.wav,Happy,215,Happy,Surprise,Happy,False,True,True,2.8117556e-06,4.467123e-06,0.016275857,0.00036233492,1.2953925e-07,7.810448e-06,0.9833466
273,inesco,fcim,fcim_h085.wav,Happy,311,Happy,Surprise,Angry,False,False,True,0.08442544,4.5557616e-05,7.514792e-05,0.019543428,2.1135281e-07,1.709253e-05,0.8958931
274,inesco,fcim,fcim_h086.wav,Happy,221,Happy,Angry,Angry,False,False,False,0.5165248,0.014731119,0.017358763,0.0014102912,4.8598675e-05,0.0008518266,0.4490747
275,inesco,fcim,fcim_h087.wav,Happy,237,Happy,Surprise,Happy,False,True,True,0.009317202,0.007118865,0.028982712,0.1981813,3.297854e-06,0.000473264,0.7559234
276,inesco,fcim,fcim_h088.wav,Happy,247,Happy,Angry,Angry,False,False,False,0.6729936,0.0006216268,0.00016602543,0.0001584537,1.7727373e-07,9.255542e-05,0.32596758
277,inesco,fcim,fcim_h089.wav,Happy,401,Happy,Happy,Happy,True,True,False,0.063841835,4.5568875e-05,0.0026662971,0.7272316,1.3349325e-08,2.2183665e-05,0.20619254
278,inesco,fcim,fcim_h090.wav,Happy,145,Happy,Fear,Happy,False,True,True,0.00012354054,1.4213752e-07,0.9758529,0.00583043,2.0694246e-05,6.783312e-05,0.018104535
279,inesco,fcim,fcim_h091.wav,Happy,327,Happy,Surprise,Happy,False,True,True,0.014567976,0.0001821516,0.11096414,0.19546434,3.392397e-07,0.00012179395,0.67869925
280,inesco,fcim,fcim_h092.wav,Happy,199,Happy,Happy,Happy,True,True,False,0.001032756,1.3434561e-07,0.009415603,0.87936753,4.501425e-07,1.6036309e-07,0.11018333
281,inesco,fcim,fcim_h093.wav,Happy,273,Happy,Surprise,Happy,False,True,True,0.010624656,9.360421e-05,0.00090388715,0.14896435,3.3935032e-07,2.2824886e-06,0.83941096
282,inesco,fcim,fcim_h094.wav,Happy,369,Happy,Angry,Angry,False,False,False,0.5314356,0.0020794987,0.009150829,0.38372496,0.0001299962,0.00066314597,0.07281599
283,inesco,fcim,fcim_h095.wav,Happy,253,Happy,Surprise,Happy,False,True,True,0.00010670134,1.5798729e-06,1.5103234e-05,0.0024580404,2.4979008e-11,1.5737562e-07,0.9974184
284,inesco,fcim,fcim_h096.wav,Happy,228,Happy,Happy,Happy,True,True,False,0.013075834,0.00034065385,0.17767124,0.6499268,2.103333e-05,0.0007080423,0.1582564
285,inesco,fcim,fcim_h097.wav,Happy,202,Happy,Fear,Angry,False,False,True,0.423932,1.4536875e-05,0.53586847,0.031824484,1.2416409e-06,0.00089662924,0.0074626887
286,inesco,fcim,fcim_h098.wav,Happy,401,Happy,Surprise,Happy,False,True,True,0.0057742093,7.2935006e-07,0.00077339116,0.0141810905,3.5500714e-06,0.00019437748,0.97907263
287,inesco,fcim,fcim_h099.wav,Happy,109,Happy,Surprise,Happy,False,True,True,4.6033056e-05,1.2871651e-06,0.21779223,0.010124092,2.0035761e-06,3.536296e-05,0.77199906
288,inesco,fcim,fcim_h100.wav,Happy,228,Happy,Happy,Happy,True,True,False,0.15609494,0.0011712532,0.028861282,0.59214115,0.00040659535,2.0548881e-05,0.22130424
289,inesco,fcim,fcim_h101.wav,Happy,205,Happy,Angry,Angry,False,False,False,0.5674259,0.00012625949,0.011105891,0.27278203,3.051826e-06,0.00023014666,0.14832667
290,inesco,fcim,fcim_h102.wav,Happy,215,Happy,Surprise,Happy,False,True,True,0.0014739942,1.0252928e-06,0.0019042569,0.001935922,3.8374026e-08,1.9856183e-05,0.9946649
291,inesco,fcim,fcim_h103.wav,Happy,330,Happy,Happy,Happy,True,True,False,0.22656593,0.0019059472,0.028752226,0.37233418,2.323796e-05,4.4819903e-05,0.37037373
292,inesco,fcim,fcim_h104.wav,Happy,401,Happy,Surprise,Happy,False,True,True,4.4319785e-07,1.729533e-08,1.8389717e-05,0.044532333,5.5925994e-13,2.08347e-09,0.95544875
293,inesco,fcim,fcim_h105.wav,Happy,218,Happy,Angry,Angry,False,False,False,0.4035893,8.180964e-06,0.011792532,0.2879361,9.456981e-06,8.264648e-05,0.2965818
294,inesco,fcim,fcim_h106.wav,Happy,279,Happy,Surprise,Angry,False,False,True,0.28061748,0.0013142802,0.03650103,0.09244251,1.2518359e-05,0.0028993427,0.5862128
295,inesco,fcim,fcim_h107.wav,Happy,356,Happy,Surprise,Happy,False,True,True,2.7262347e-05,2.4342783e-06,1.4103301e-05,0.041665696,2.9431837e-09,6.53044e-08,0.9582904
296,inesco,fcim,fcim_h108.wav,Happy,401,Happy,Happy,Happy,True,True,False,0.13981006,9.171074e-06,0.0004275228,0.4386836,1.3213452e-07,1.4540634e-05,0.42105493
297,inesco,fcim,fcim_h109.wav,Happy,250,Happy,Angry,Angry,False,False,False,0.8132106,1.0228358e-06,0.07450229,0.081988156,9.513855e-08,6.091978e-05,0.030236878
298,inesco,fcim,fcim_h110.wav,Happy,346,Happy,Surprise,Angry,False,False,True,0.09603842,0.00015606875,0.0015314036,0.0724082,4.988485e-07,6.4291207e-06,0.82985896
299,inesco,fcim,fcim_h111.wav,Happy,388,Happy,Surprise,Angry,False,False,True,0.42652577,0.0004969394,0.00033637125,0.06836572,1.4632022e-05,2.5221349e-05,0.5042353
300,inesco,fcim,fcim_h112.wav,Happy,397,Happy,Surprise,Happy,False,True,True,0.0013378514,3.0460565e-06,0.00017138253,0.017257104,9.735251e-09,2.5027614e-06,0.9812282
301,inesco,fcim,fcim_h113.wav,Happy,401,Happy,Surprise,Happy,False,True,True,0.0002250466,2.0858086e-07,0.0016217625,0.18736914,1.5710963e-08,4.5416077e-06,0.8107793
302,inesco,fcim,fcim_h114.wav,Happy,234,Happy,Surprise,Angry,False,False,True,0.25511745,4.98727e-05,0.00145477,0.07029966,7.375667e-08,4.3416458e-06,0.6730738
303,inesco,fcim,fcim_h115.wav,Happy,314,Happy,Angry,Angry,False,False,False,0.5879236,0.00024323106,0.00061160704,0.04427022,1.7752845e-05,0.002033652,0.3648999
304,inesco,fcim,fcim_h116.wav,Happy,116,Happy,Fear,Angry,False,False,True,0.13232724,1.655971e-05,0.56644064,0.06591618,0.0019308357,7.798253e-06,0.23336077
305,inesco,fcim,fcim_h117.wav,Happy,177,Happy,Fear,Happy,False,True,True,0.0007632534,0.00023627088,0.9488843,0.0055858954,0.00024527058,0.0004389195,0.043846074
306,inesco,fcim,fcim_h118.wav,Happy,253,Happy,Surprise,Happy,False,True,True,0.00018708174,8.54113e-06,0.051315796,0.39703423,9.203072e-10,4.872378e-05,0.55140567
307,inesco,fcim,fcim_h119.wav,Happy,273,Happy,Angry,Angry,False,False,False,0.94259477,0.03599252,0.00017706885,0.004733243,0.0016840023,0.00087575434,0.013942637
308,inesco,fcim,fcim_h120.wav,Happy,381,Happy,Happy,Happy,True,True,False,0.0031903798,3.680775e-06,0.0003556834,0.4992084,2.9912565e-06,7.104897e-07,0.49723825
309,inesco,fcim,fcim_h121.wav,Happy,263,Happy,Surprise,Angry,False,False,True,0.07042969,3.373645e-05,1.7547843e-06,0.0021252553,1.06498995e-07,4.9875746e-07,0.927409
310,inesco,fcim,fcim_h122.wav,Happy,209,Happy,Surprise,Angry,False,False,True,0.025933418,0.000143028,0.0026257897,0.014236242,3.1690637e-05,2.7828886e-05,0.9570019
311,inesco,fcim,fcim_h123.wav,Happy,324,Happy,Surprise,Happy,False,True,True,4.589731e-06,3.000674e-07,0.0003408201,0.00771852,5.334634e-12,3.4992468e-08,0.99193573
312,inesco,fcim,fcim_h124.wav,Happy,314,Happy,Surprise,Happy,False,True,True,1.5441743e-05,6.101471e-07,0.030621273,0.005576638,4.919814e-10,5.0921954e-06,0.963781
313,inesco,fcim,fcim_h125.wav,Happy,132,Happy,Surprise,Angry,False,False,True,0.008632592,2.4492665e-05,0.3884022,0.0019147793,0.0001174421,3.2046435e-05,0.60087645
314,inesco,fcim,fcim_h126.wav,Happy,349,Happy,Surprise,Angry,False,False,True,0.09728129,1.2347968e-05,6.086021e-05,0.07705858,1.6862083e-05,0.00014215184,0.8254279
315,inesco,fcim,fcim_h127.wav,Happy,234,Happy,Surprise,Happy,False,True,True,3.3373726e-06,1.8314956e-06,0.00050589675,0.0019422774,2.6455946e-09,2.3219991e-07,0.9975464
316,inesco,fcim,fcim_h128.wav,Happy,257,Happy,Surprise,Angry,False,False,True,0.38564727,0.00017485832,0.0016011768,0.025866343,9.247976e-06,0.00012136063,0.58657974
317,inesco,fcim,fcim_h129.wav,Happy,193,Happy,Surprise,Angry,False,False,True,0.304129,2.582165e-05,0.044146232,0.093716115,2.38729e-05,3.7863588e-06,0.55795515
318,inesco,fcim,fcim_h130.wav,Happy,148,Happy,Fear,Happy,False,True,True,4.3749933e-06,5.1932356e-09,0.9997843,0.00012079567,2.2364699e-08,1.11278396e-07,9.0334426e-05
319,inesco,fcim,fcim_h131.wav,Happy,180,Happy,Angry,Angry,False,False,False,0.8992285,1.8012709e-06,0.0017782213,0.0635759,8.554099e-07,1.14963e-05,0.035403196
320,inesco,fcim,fcim_h132.wav,Happy,289,Happy,Surprise,Angry,False,False,True,0.07906862,0.0018784702,0.015219899,0.034172297,0.00011986896,0.0017786915,0.86776215
321,inesco,fcim,fcim_h133.wav,Happy,231,Happy,Surprise,Happy,False,True,True,0.00020744737,2.8362037e-05,0.0009911964,0.057715684,5.591366e-06,2.3847477e-05,0.94102794
322,inesco,fcim,fcim_h134.wav,Happy,401,Happy,Happy,Happy,True,True,False,0.025107596,0.00070559216,0.0019317245,0.6545653,2.9293244e-06,0.0018964313,0.3157905
323,inesco,fcim,fcim_h135.wav,Happy,263,Happy,Surprise,Angry,False,False,True,0.30653,0.00075005257,0.17218868,0.023753654,5.7428704e-05,0.006463928,0.49025625
324,inesco,fcim,fcim_h136.wav,Happy,289,Happy,Surprise,Angry,False,False,True,0.16317375,0.029942982,0.11162606,0.059874415,0.00034075588,0.0055149705,0.62952703
325,inesco,fcim,fcim_h137.wav,Happy,93,Happy,Fear,Happy,False,True,True,0.001050749,1.673789e-05,0.73865896,0.0077007175,0.000109131324,8.5947984e-05,0.25237778
326,inesco,fcim,fcim_h138.wav,Happy,177,Happy,Happy,Happy,True,True,False,0.38300723,2.9221676e-05,5.143945e-05,0.5870179,4.8292686e-06,1.1418294e-06,0.029888181
327,inesco,fcim,fcim_h139.wav,Happy,164,Happy,Surprise,Angry,False,False,True,0.034849767,1.1947944e-07,0.06005963,0.01239439,2.5122067e-06,1.4516837e-05,0.8926791
328,inesco,fcim,fcim_h140.wav,Happy,138,Happy,Fear,Happy,False,True,True,0.015084544,1.685851e-07,0.7853403,0.0902948,8.990005e-06,0.00015129877,0.109119944
329,inesco,fcim,fcim_h141.wav,Happy,221,Happy,Surprise,Happy,False,True,True,0.00022048,5.4481548e-06,0.0031381163,0.002238784,1.9027826e-09,4.769761e-07,0.9943967
330,inesco,fcim,fcim_h142.wav,Happy,180,Happy,Surprise,Angry,False,False,True,0.0060766023,7.366136e-05,0.006813719,0.0036126666,9.642472e-05,5.1591446e-06,0.98332167
331,inesco,fcim,fcim_h143.wav,Happy,276,Happy,Surprise,Happy,False,True,True,0.14452913,0.0043093455,0.045953378,0.19729625,5.395466e-05,0.010914353,0.59694356
332,inesco,fcim,fcim_h144.wav,Happy,221,Happy,Happy,Happy,True,True,False,0.008003925,5.8276404e-05,0.0006296394,0.50596136,5.390316e-06,8.679624e-05,0.4852546
333,inesco,fcim,fcim_h145.wav,Happy,170,Happy,Fear,Happy,False,True,True,0.004995365,1.7026365e-06,0.70358527,0.27210653,0.0007653506,0.0013710698,0.017174738
334,inesco,fcim,fcim_h146.wav,Happy,65,Happy,Surprise,Happy,False,True,True,0.0005068895,1.4850688e-05,0.13478056,0.008670599,1.2074064e-05,4.9866045e-05,0.8559652
335,inesco,fcim,fcim_h147.wav,Happy,157,Happy,Surprise,Happy,False,True,True,0.00079668796,9.210537e-07,0.3843968,0.16470672,0.00012494106,7.628743e-05,0.44989765
336,inesco,fcim,fcim_h148.wav,Happy,145,Happy,Angry,Angry,False,False,False,0.57339877,7.652439e-05,0.0012842002,0.2952893,0.012022094,0.00022112214,0.117707975
337,inesco,fcim,fcim_h149.wav,Happy,327,Happy,Surprise,Angry,False,False,True,0.00048902375,5.707172e-06,0.00056000456,0.00025966478,3.9490198e-09,2.8659695e-06,0.9986827
338,inesco,fcim,fcim_h150.wav,Happy,218,Happy,Surprise,Happy,False,True,True,0.047657188,9.700176e-05,0.06503248,0.3729834,2.7861886e-06,3.4473844e-06,0.5142237
339,inesco,fcim,fcim_h151.wav,Happy,273,Happy,Surprise,Happy,False,True,True,0.009303223,6.714099e-05,0.0022126478,0.013060354,7.257532e-07,0.00033284127,0.9750231
340,inesco,fcim,fcim_h152.wav,Happy,401,Happy,Surprise,Happy,False,True,True,0.00054755964,7.179693e-06,0.0070423973,0.2744949,1.4707489e-05,0.00016585374,0.7177274
341,inesco,fcim,fcim_h153.wav,Happy,388,Happy,Happy,Happy,True,True,False,0.00086082047,5.430693e-05,0.04480552,0.71760124,4.1418167e-07,2.2964232e-05,0.23665468
342,inesco,fcim,fcim_h154.wav,Happy,279,Happy,Surprise,Angry,False,False,True,0.16660298,1.3859133e-05,0.00012837476,0.10293627,1.3501308e-06,4.044232e-05,0.7302767
343,inesco,fcim,fcim_h155.wav,Happy,253,Happy,Angry,Angry,False,False,False,0.91803366,0.0287631,0.010305815,0.007977958,7.790625e-07,0.0028000565,0.032118686
344,inesco,fcim,fcim_h156.wav,Happy,305,Happy,Surprise,Angry,False,False,True,0.03859189,2.2054071e-05,0.001028889,0.010258692,1.9172012e-06,0.00043987812,0.94965667
345,inesco,fcim,fcim_h157.wav,Happy,356,Happy,Surprise,Happy,False,True,True,0.030634757,0.000855366,0.17363122,0.053365223,2.8583048e-07,0.00044108237,0.74107206
346,inesco,fcim,fcim_h158.wav,Happy,295,Happy,Angry,Angry,False,False,False,0.3622819,0.10661563,0.042057768,0.20768757,0.0020735878,0.08911914,0.1901645
347,inesco,fcim,fcim_h159.wav,Happy,273,Happy,Surprise,Angry,False,False,True,0.088303745,2.2054712e-06,0.00015094453,0.04245943,4.347967e-08,2.4532208e-06,0.8690812
348,inesco,fcim,fcim_h160.wav,Happy,298,Happy,Angry,Angry,False,False,False,0.51598406,0.014503401,0.0044745114,0.018991549,0.0017640898,0.012371128,0.4319113
349,inesco,fcim,fcim_h161.wav,Happy,138,Happy,Surprise,Happy,False,True,True,0.011881477,1.1253115e-06,0.33496907,0.19458455,8.6626e-05,4.156692e-06,0.458473
350,inesco,fcim,fcim_h162.wav,Happy,247,Happy,Fear,Sad,False,False,True,0.07818683,0.000112435955,0.7992949,0.033247616,0.0013734036,0.087595284,0.00018951207
351,inesco,fcim,fcim_h163.wav,Happy,289,Happy,Happy,Happy,True,True,False,0.0032673166,0.00010079685,0.0025042463,0.98103297,5.0249163e-08,2.2365051e-05,0.013072277
352,inesco,fcim,fcim_h164.wav,Happy,116,Happy,Fear,Happy,False,True,True,0.031100074,1.7748309e-06,0.55541074,0.074183516,0.0008331439,0.00030499938,0.33816567
353,inesco,fcim,fcim_h165.wav,Happy,162,Happy,Surprise,Happy,False,True,True,0.0004922941,2.7403203e-06,0.33374628,0.06762019,2.575285e-06,2.9266823e-05,0.5981066
354,inesco,fcim,fcim_h166.wav,Happy,68,Happy,Surprise,Happy,False,True,True,3.839261e-05,1.8824288e-05,0.3321126,0.0062006363,1.3566283e-05,0.00088142056,0.66073453
355,inesco,fcim,fcim_h167.wav,Happy,145,Happy,Angry,Angry,False,False,False,0.9861789,8.825872e-07,0.00014953599,0.012844233,4.74773e-05,3.254981e-06,0.0007757551
356,inesco,fcim,fcim_h168.wav,Happy,221,Happy,Surprise,Angry,False,False,True,0.03467396,0.009635317,0.042882156,0.00035990044,0.00022393384,0.00036259275,0.91186213
357,inesco,fcim,fcim_h169.wav,Happy,244,Happy,Angry,Angry,False,False,False,0.8790659,0.05459298,0.007337077,0.0019077094,0.00014450724,0.05657058,0.00038132435
358,inesco,fcim,fcim_h170.wav,Happy,125,Happy,Surprise,Happy,False,True,True,0.036638718,2.9153753e-07,0.29741803,0.25442258,9.72056e-05,3.3931904e-06,0.4114198
359,inesco,fcim,fcim_h171.wav,Happy,148,Happy,Surprise,Happy,False,True,True,0.00156636,6.184556e-08,0.00015251126,0.0030457866,1.742346e-08,1.3367985e-07,0.99523515
360,inesco,fcim,fcim_h172.wav,Happy,305,Happy,Surprise,Angry,False,False,True,0.12478609,1.1793671e-05,0.00045437424,0.0026566517,3.1798936e-07,7.0264764e-06,0.8720837
361,inesco,fcim,fcim_h173.wav,Happy,193,Happy,Surprise,Happy,False,True,True,0.0014923294,7.575617e-09,0.00587661,0.00739943,2.838951e-08,1.25538975e-08,0.98523164
362,inesco,fcim,fcim_h174.wav,Happy,87,Happy,Surprise,Happy,False,True,True,4.3341523e-05,2.300853e-06,0.013877332,0.0048502586,2.4584693e-05,3.0711297e-05,0.9811715
363,inesco,fcim,fcim_h175.wav,Happy,180,Happy,Fear,Happy,False,True,True,0.0004584025,6.054682e-06,0.98089236,0.0062922398,8.6915825e-05,0.0005870823,0.011677019
364,inesco,fcim,fcim_h176.wav,Happy,157,Happy,Angry,Angry,False,False,False,0.93383324,0.0003096785,0.012373433,0.0021321578,0.0017439928,3.1978176e-05,0.049575597
365,inesco,fcim,fcim_h177.wav,Happy,276,Happy,Surprise,Angry,False,False,True,0.06470371,0.00046850124,0.000417527,0.015534729,2.5475942e-05,1.8136685e-05,0.918832
366,inesco,fcim,fcim_h178.wav,Happy,353,Happy,Surprise,Happy,False,True,True,3.5376663e-05,1.6281972e-06,0.0028572443,0.0885597,2.082585e-10,1.6747029e-07,0.9085458
367,inesco,fcim,fcim_h179.wav,Happy,279,Happy,Surprise,Happy,False,True,True,0.01434292,6.0909988e-05,0.006938952,0.039928608,5.087006e-07,5.5290817e-05,0.9386728
368,inesco,fcim,fcim_h180.wav,Happy,231,Happy,Surprise,Happy,False,True,True,0.019761568,0.00015202945,0.015580507,0.19342624,0.00013805526,0.0043810406,0.76656055
369,inesco,fcim,fcim_h181.wav,Happy,132,Happy,Surprise,Angry,False,False,True,0.059416793,4.762354e-06,0.10654954,0.036759827,0.00012147193,2.4165493e-05,0.79712343
370,inesco,fcim,fcim_h182.wav,Happy,212,Happy,Surprise,Happy,False,True,True,3.7767848e-05,6.2071486e-08,0.0005418471,0.021075323,3.8755886e-07,3.7804584e-06,0.9783408
371,inesco,fcim,fcim_h183.wav,Happy,164,Happy,Fear,Happy,False,True,True,0.00010069412,2.6544183e-05,0.97754353,0.0037338743,0.004112467,0.00086434546,0.013618465
372,inesco,fcim,fcim_h184.wav,Happy,141,Happy,Surprise,Happy,False,True,True,0.0008537414,7.1863644e-07,0.043304272,0.004008764,5.3395763e-07,5.7437424e-05,0.9517746
373,inesco,fcim,fcim_h185.wav,Happy,321,Happy,Angry,Angry,False,False,False,0.9197905,0.0036908695,0.0016469135,0.035384197,0.00010527041,0.0017170908,0.03766511
374,inesco,fcim,fcim_h186.wav,Happy,401,Happy,Surprise,Happy,False,True,True,1.2412223e-05,1.6996978e-07,0.0028354588,0.050204903,6.086744e-08,5.824503e-06,0.94694114
375,inesco,fcim,fcim_h187.wav,Happy,401,Happy,Surprise,Angry,False,False,True,0.04204664,9.7445976e-05,0.00017601505,0.024056813,4.763741e-08,5.5931894e-05,0.93356705
376,inesco,fcim,fcim_h188.wav,Happy,308,Happy,Surprise,Happy,False,True,True,0.048246738,0.020554246,0.032919917,0.39302757,0.0002590671,0.006244196,0.49874833
377,inesco,fcim,fcim_h189.wav,Happy,349,Happy,Surprise,Angry,False,False,True,0.33188185,0.0025165004,0.0022602284,0.33090934,1.3698698e-06,3.699642e-05,0.3323937
378,inesco,fcim,fcim_h190.wav,Happy,333,Happy,Surprise,Angry,False,False,True,0.4793344,0.018465988,0.0010791777,0.00166224,6.350566e-05,0.0011106972,0.49828392
379,inesco,fcim,fcim_h191.wav,Happy,215,Happy,Surprise,Happy,False,True,True,0.00185173,2.7177759e-08,0.028369104,0.01824547,7.668384e-09,4.8926786e-06,0.9515287
380,inesco,fcim,fcim_h192.wav,Happy,391,Happy,Surprise,Happy,False,True,True,0.02463859,6.4644696e-06,0.0008290006,0.36288595,2.6093184e-07,8.2090355e-06,0.6116315
381,inesco,fcim,fcim_h193.wav,Happy,321,Happy,Happy,Happy,True,True,False,0.00041094737,3.3885215e-06,0.0009526565,0.6792748,2.0146233e-08,1.3647098e-05,0.31934446
382,inesco,fcim,fcim_h194.wav,Happy,401,Happy,Happy,Happy,True,True,False,0.17065932,0.0010591692,0.0011123124,0.6193849,1.6768194e-05,0.0010733557,0.20669414
383,inesco,fcim,fcim_h195.wav,Happy,311,Happy,Happy,Happy,True,True,False,0.009165251,0.0018008938,0.002803409,0.5025591,1.06927955e-05,8.2663115e-05,0.4835779
384,inesco,fcim,fcim_h196.wav,Happy,401,Happy,Surprise,Angry,False,False,True,0.30604014,5.968434e-06,0.0077584074,0.07918671,6.5725976e-07,1.4567233e-05,0.6069936
385,inesco,fcim,fcim_h197.wav,Happy,221,Happy,Surprise,Angry,False,False,True,0.0051388997,0.00051721116,0.08155844,0.00044574207,1.1102125e-06,0.00012364073,0.91221493
386,inesco,fcim,fcim_h198.wav,Happy,253,Happy,Fear,Happy,False,True,True,0.00023905495,1.9403897e-06,0.9911856,0.0022008056,4.468172e-07,4.0222283e-05,0.006331807
387,inesco,fcim,fcim_h199.wav,Happy,180,Happy,Fear,Happy,False,True,True,0.00016970371,4.904134e-07,0.977616,0.008972913,1.8999296e-08,1.7233859e-05,0.013223612
388,inesco,fcim,fcim_h200.wav,Happy,68,Happy,Fear,Happy,False,True,True,0.0015499947,6.990812e-05,0.46967053,0.09175963,0.00062088185,0.0016636892,0.43466535
389,inesco,fcim,fcim_h201.wav,Happy,298,Happy,Surprise,Angry,False,False,True,0.0013901227,4.815566e-06,0.012243241,0.0010366018,8.7178435e-08,0.00025282166,0.9850723
390,inesco,fcim,fcim_h202.wav,Happy,301,Happy,Fear,Happy,False,True,True,0.008229554,0.028696647,0.37879214,0.3075316,5.3540396e-07,0.019349605,0.25739995
391,inesco,fcim,fcim_h203.wav,Happy,250,Happy,Happy,Happy,True,True,False,0.0020161478,6.879044e-05,0.05044611,0.9286636,8.4921606e-07,0.00025605495,0.018548543
392,inesco,fcim,fcim_h204.wav,Happy,257,Happy,Surprise,Angry,False,False,True,0.22224781,0.0003265155,0.00019465027,0.03432712,1.899891e-06,0.0018022091,0.74109983
393,inesco,fcim,fcim_h205.wav,Happy,346,Happy,Happy,Happy,True,True,False,0.2629112,0.00010180185,0.005359051,0.3662421,2.7194526e-06,0.00014931727,0.36523375
394,inesco,fcim,fcim_h206.wav,Happy,359,Happy,Surprise,Angry,False,False,True,0.04417008,8.565508e-05,0.0005006548,0.0029032992,2.0089801e-07,4.891061e-05,0.95229113
395,inesco,fcim,fcim_h207.wav,Happy,401,Happy,Surprise,Happy,False,True,True,0.00036094268,8.381998e-06,0.0006124604,0.0021767628,1.1742026e-08,3.2752378e-05,0.9968086
396,inesco,fcim,fcim_h208.wav,Happy,311,Happy,Surprise,Angry,False,False,True,0.09737743,0.0002401571,0.0166041,0.016801897,7.31289e-05,0.0048437184,0.86405957
397,inesco,fcim,fcim_h209.wav,Happy,378,Happy,Surprise,Happy,False,True,True,0.0002222684,6.926225e-06,0.0006913265,0.0028454761,1.2381278e-07,1.4177936e-06,0.99623245
398,inesco,fcim,fcim_h210.wav,Happy,401,Happy,Surprise,Happy,False,True,True,0.06675043,0.00024530975,0.0032653832,0.25276354,9.809498e-06,0.0011400927,0.6758254
399,inesco,fcim,fcim_h211.wav,Happy,263,Happy,Surprise,Angry,False,False,True,0.045916274,0.0015802794,0.0025565233,0.008283949,8.7124994e-05,0.00030398768,0.94127184
400,inesco,fcim,fcim_s402.wav,Sad,343,Sad,Angry,Angry,False,False,False,0.9380843,0.0062986244,0.008530568,0.0018278058,0.00012910512,0.001821239,0.043308333
401,inesco,fcim,fcim_s403.wav,Sad,340,Sad,Surprise,Angry,False,False,True,0.20971009,0.0013956405,0.035778146,0.018376786,3.512946e-05,0.008250079,0.7264541
402,inesco,fcim,fcim_s404.wav,Sad,311,Sad,Surprise,Happy,False,False,True,0.00051811023,4.193272e-06,0.03209729,0.000676972,6.5553536e-09,0.0002120747,0.9664913
403,inesco,fcim,fcim_s405.wav,Sad,401,Sad,Surprise,Happy,False,False,True,0.012676728,0.00017212676,0.10205866,0.41993743,2.67144e-05,0.0009456708,0.46418267
404,inesco,fcim,fcim_s406.wav,Sad,327,Sad,Surprise,Angry,False,False,True,0.10112008,0.00033217148,0.38392946,0.0046529057,1.1933763e-07,0.0002892155,0.50967604
405,inesco,fcim,fcim_s407.wav,Sad,218,Sad,Surprise,Angry,False,False,True,0.00074867957,1.2714709e-05,0.045627672,0.00016254383,8.273382e-08,5.9583865e-05,0.9533887
406,inesco,fcim,fcim_s408.wav,Sad,228,Sad,Angry,Angry,False,False,False,0.97276086,9.782267e-06,0.00024181909,0.0067682257,6.1651605e-07,9.430762e-06,0.020209344
407,inesco,fcim,fcim_s409.wav,Sad,279,Sad,Surprise,Angry,False,False,True,0.0014478158,1.1028118e-05,0.027963772,0.00029266617,1.8742137e-08,0.0006627133,0.96962196
408,inesco,fcim,fcim_s410.wav,Sad,401,Sad,Surprise,Angry,False,False,True,0.0060703396,0.0005092206,0.005895072,0.0036279487,4.718711e-08,0.0015005475,0.98239684
409,inesco,fcim,fcim_s411.wav,Sad,253,Sad,Angry,Angry,False,False,False,0.60044086,4.9760347e-05,0.010110296,0.059278764,4.2419356e-07,0.0009111229,0.3292088
410,inesco,fcim,fcim_s412.wav,Sad,209,Sad,Surprise,Happy,False,False,True,0.00045488254,2.1269389e-05,0.2337149,0.05627731,1.444007e-06,0.00020824165,0.7093219
411,inesco,fcim,fcim_s413.wav,Sad,401,Sad,Surprise,Happy,False,False,True,0.00019082111,6.136509e-06,0.13671488,0.07494409,1.03468585e-08,1.08984295e-05,0.78813326
412,inesco,fcim,fcim_s414.wav,Sad,269,Sad,Surprise,Angry,False,False,True,0.30663407,0.0014462899,0.1471282,0.093262345,9.811146e-05,0.018194593,0.43323642
413,inesco,fcim,fcim_s415.wav,Sad,180,Sad,Fear,Angry,False,False,True,0.030302713,0.00015095845,0.95315063,0.0020473578,0.00010832856,0.00090229744,0.01333768
414,inesco,fcim,fcim_s416.wav,Sad,401,Sad,Fear,Angry,False,False,True,0.10904957,0.0052441237,0.70032805,0.033809613,4.453795e-06,0.0008348729,0.15072933
415,inesco,fcim,fcim_s417.wav,Sad,327,Sad,Surprise,Angry,False,False,True,0.0669393,1.9821779e-05,0.13585354,0.009996269,1.2164639e-05,0.0021304402,0.7850484
416,inesco,fcim,fcim_s418.wav,Sad,250,Sad,Angry,Angry,False,False,False,0.99411917,5.849472e-05,0.0011666192,4.126917e-05,2.2453733e-07,0.004602535,1.1680315e-05
417,inesco,fcim,fcim_s419.wav,Sad,292,Sad,Surprise,Angry,False,False,True,0.034334138,0.0014883641,0.08972034,0.0035833158,2.7917804e-05,0.015090058,0.8557559
418,inesco,fcim,fcim_s420.wav,Sad,106,Sad,Surprise,Happy,False,False,True,0.104446925,9.28697e-06,0.09447558,0.117871046,0.04864349,0.00072391937,0.6338298
419,inesco,fcim,fcim_s421.wav,Sad,317,Sad,Angry,Angry,False,False,False,0.6322521,0.01151606,0.016333966,0.1304115,0.0020487036,0.016238099,0.19119959
420,inesco,fcim,fcim_s422.wav,Sad,314,Sad,Fear,Angry,False,False,True,0.10682546,0.0018306393,0.6778869,0.0017684393,2.07393e-06,0.004888232,0.20679821
421,inesco,fcim,fcim_s423.wav,Sad,273,Sad,Angry,Angry,False,False,False,0.96163815,0.0005702134,0.02578276,0.0003305784,3.4786558e-07,0.002226818,0.009451142
422,inesco,fcim,fcim_s424.wav,Sad,372,Sad,Surprise,Angry,False,False,True,0.09579004,4.3037937e-05,0.37155518,0.03740156,1.202426e-06,0.00014475921,0.49506423
423,inesco,fcim,fcim_s425.wav,Sad,401,Sad,Angry,Angry,False,False,False,0.6556299,2.2496602e-05,0.22905761,0.08615499,4.737873e-07,0.00082627975,0.02830825
424,inesco,fcim,fcim_s426.wav,Sad,365,Sad,Fear,Angry,False,False,True,0.1673758,2.577807e-05,0.53962433,0.15101063,5.263199e-06,0.000117052434,0.14184105
425,inesco,fcim,fcim_s427.wav,Sad,241,Sad,Surprise,Happy,False,False,True,0.026493378,8.204998e-05,0.047614567,0.07514927,1.8896949e-06,0.0010336757,0.84962523
426,inesco,fcim,fcim_s428.wav,Sad,401,Sad,Surprise,Happy,False,False,True,0.011240163,1.9645763e-06,0.3426375,0.08355479,6.3668104e-08,3.8909257e-06,0.5625617
427,inesco,fcim,fcim_s429.wav,Sad,401,Sad,Surprise,Happy,False,False,True,0.0004293201,4.9188095e-08,0.13661505,0.0055532963,8.958923e-10,7.8160025e-07,0.85740143
428,inesco,fcim,fcim_s430.wav,Sad,401,Sad,Happy,Happy,False,False,False,0.05162391,0.0005052279,0.038061835,0.60630333,1.4231689e-06,0.00017805431,0.30332622
429,inesco,fcim,fcim_s431.wav,Sad,263,Sad,Angry,Angry,False,False,False,0.96150684,6.626757e-06,0.01478428,0.0021634118,1.0379931e-06,0.000527772,0.021010024
430,inesco,fcim,fcim_s432.wav,Sad,311,Sad,Surprise,Angry,False,False,True,0.31711516,4.269545e-05,0.15609801,0.0064721853,9.675349e-07,0.0002412967,0.52002966
431,inesco,fcim,fcim_s433.wav,Sad,381,Sad,Surprise,Angry,False,False,True,0.30705586,0.0018181296,0.13426466,0.12715612,9.183983e-06,0.0039790166,0.42571697
432,inesco,fcim,fcim_s434.wav,Sad,279,Sad,Fear,Angry,False,False,True,0.21686235,6.211812e-05,0.70091033,0.02258353,7.637118e-07,0.013900888,0.04568004
433,inesco,fcim,fcim_s435.wav,Sad,161,Sad,Fear,Angry,False,False,True,3.0118932e-05,1.5190457e-07,0.9999093,1.8756766e-05,4.6126786e-07,1.3166837e-05,2.8120316e-05
434,inesco,fcim,fcim_s436.wav,Sad,180,Sad,Fear,Happy,False,False,True,0.0074345362,1.5365636e-06,0.91575134,0.008852868,6.8567133e-06,4.4184042e-05,0.067908786
435,inesco,fcim,fcim_s437.wav,Sad,295,Sad,Surprise,Angry,False,False,True,0.059288334,0.00093991234,0.12453193,0.012083224,3.3192441e-06,0.0071800645,0.7959732
436,inesco,fcim,fcim_s438.wav,Sad,401,Sad,Surprise,Angry,False,False,True,0.27024904,0.00017556874,0.032099076,0.1839152,2.4753965e-06,4.8580976e-05,0.51351005
437,inesco,fcim,fcim_s439.wav,Sad,401,Sad,Surprise,Happy,False,False,True,0.0014147515,3.9753075e-05,0.35869217,0.020899372,3.4114342e-07,0.00057418656,0.61837935
438,inesco,fcim,fcim_s440.wav,Sad,372,Sad,Surprise,Happy,False,False,True,0.036238234,3.1976382e-05,0.009515827,0.073925905,8.9281724e-07,0.00033291936,0.87995434
439,inesco,fcim,fcim_s441.wav,Sad,343,Sad,Surprise,Happy,False,False,True,0.07099579,4.7891877e-05,0.09271253,0.23721084,2.4042663e-06,0.0004435588,0.5985869
440,inesco,fcim,fcim_s442.wav,Sad,314,Sad,Fear,Angry,False,False,True,0.16111211,7.778937e-06,0.4241443,0.016482735,9.758964e-08,1.5044757e-05,0.39823794
441,inesco,fcim,fcim_s443.wav,Sad,401,Sad,Surprise,Happy,False,False,True,0.0043499833,0.00013776009,0.1505474,0.12002651,3.1084874e-05,0.0029848008,0.7219225
442,inesco,fcim,fcim_s444.wav,Sad,401,Sad,Surprise,Happy,False,False,True,0.0044259583,1.2191697e-06,0.15898237,0.16189815,7.0313064e-07,4.8983886e-05,0.67464256
443,inesco,fcim,fcim_s445.wav,Sad,365,Sad,Surprise,Happy,False,False,True,0.0030988655,8.458405e-05,0.07512487,0.023324681,6.109638e-08,5.2440806e-05,0.8983145
444,inesco,fcim,fcim_s446.wav,Sad,298,Sad,Surprise,Angry,False,False,True,0.3422054,0.0012645886,0.0432306,0.06603091,2.4510317e-07,0.003228892,0.54403937
445,inesco,fcim,fcim_s447.wav,Sad,401,Sad,Surprise,Happy,False,False,True,0.025039736,8.145497e-06,0.009493355,0.13060181,1.3328149e-06,2.2186483e-05,0.8348335
446,inesco,fcim,fcim_s448.wav,Sad,276,Sad,Angry,Angry,False,False,False,0.9790046,0.0014144226,0.012218467,0.00037746955,1.3111838e-06,0.001184539,0.005799312
447,inesco,fcim,fcim_s449.wav,Sad,359,Sad,Surprise,Happy,False,False,True,0.028553875,7.48742e-07,0.029792793,0.19825102,2.4665272e-08,0.00016514379,0.7432364
448,inesco,fcim,fcim_s450.wav,Sad,289,Sad,Surprise,Angry,False,False,True,0.028029002,8.121395e-05,0.39357707,0.017131682,2.23864e-07,0.0007053491,0.56047547
449,inesco,fcim,fcim_s451.wav,Sad,311,Sad,Fear,Happy,False,False,True,3.9521427e-05,9.555707e-08,0.9428286,0.00057031284,3.3923775e-10,4.2911206e-06,0.05655731
450,inesco,fcim,fcim_s452.wav,Sad,372,Sad,Angry,Angry,False,False,False,0.9054592,0.00015948585,0.007638046,0.013803549,4.3577415e-06,0.0006424614,0.07229283
451,inesco,fcim,fcim_s453.wav,Sad,305,Sad,Surprise,Angry,False,False,True,0.07104524,8.112678e-06,0.0062249214,0.014135932,7.4096886e-07,0.00015143858,0.9084336
452,inesco,fcim,fcim_s454.wav,Sad,401,Sad,Fear,Angry,False,False,True,0.2529777,4.4639655e-05,0.7051501,0.02164338,2.7950596e-06,0.00024695633,0.019934412
453,inesco,fcim,fcim_s455.wav,Sad,333,Sad,Fear,Angry,False,False,True,0.08267237,2.2781003e-05,0.5757571,0.010015859,5.591663e-07,0.00035667428,0.33117464
454,inesco,fcim,fcim_s456.wav,Sad,401,Sad,Surprise,Angry,False,False,True,0.1469982,1.6808447e-06,0.002005553,0.017970884,8.2179645e-07,9.708604e-05,0.8329258
455,inesco,fcim,fcim_s457.wav,Sad,401,Sad,Surprise,Angry,False,False,True,0.44801447,7.4030568e-06,0.034979656,0.03762524,1.1776106e-06,0.0024145136,0.4769576
456,inesco,fcim,fcim_s458.wav,Sad,266,Sad,Surprise,Angry,False,False,True,0.27336943,4.9259042e-06,0.17808169,0.2143333,4.6414758e-07,0.00025724745,0.33395293
457,inesco,fcim,fcim_s459.wav,Sad,401,Sad,Surprise,Happy,False,False,True,0.005657936,0.001599947,0.13484089,0.33548766,2.5168658e-06,0.0016778482,0.52073324
458,inesco,fcim,fcim_s460.wav,Sad,250,Sad,Fear,Angry,False,False,True,0.090521604,0.020733515,0.82926446,0.025860688,2.1340668e-06,0.007117353,0.026500138
459,inesco,fcim,fcim_s461.wav,Sad,343,Sad,Fear,Angry,False,False,True,0.025016299,3.0528302e-06,0.85215396,0.0037237897,2.3304878e-07,2.198415e-05,0.11908066
460,inesco,fcim,fcim_s462.wav,Sad,375,Sad,Surprise,Happy,False,False,True,0.004794076,4.7287274e-05,0.018081013,0.007974345,3.2442654e-07,4.5172117e-05,0.9690578
461,inesco,fcim,fcim_s463.wav,Sad,343,Sad,Surprise,Angry,False,False,True,0.09909765,7.646164e-05,0.0040074196,0.0012671766,5.5894076e-09,6.166789e-05,0.8954896
462,inesco,fcim,fcim_s464.wav,Sad,330,Sad,Fear,Angry,False,False,True,0.0071375337,8.31683e-07,0.85315675,0.0028485595,3.269438e-10,1.8560915e-05,0.13683777
463,inesco,fcim,fcim_s465.wav,Sad,365,Sad,Surprise,Happy,False,False,True,0.0012739508,1.9933027e-06,0.030806277,0.004193231,3.711175e-09,9.72387e-05,0.9636272
464,inesco,fcim,fcim_s466.wav,Sad,321,Sad,Surprise,Happy,False,False,True,0.0034859541,0.00010382426,0.037514217,0.028306143,3.4410098e-06,0.0013607467,0.9292257
465,inesco,fcim,fcim_s467.wav,Sad,167,Sad,Fear,Angry,False,False,True,0.17373843,3.2753478e-06,0.82094043,0.0047438582,2.9289678e-05,0.00026405323,0.00028067912
466,inesco,fcim,fcim_s468.wav,Sad,253,Sad,Fear,Happy,False,False,True,0.0031153169,0.0001949204,0.66960526,0.050500553,0.0001014699,0.0004952797,0.27598718
467,inesco,fcim,fcim_s469.wav,Sad,154,Sad,Fear,Happy,False,False,True,0.0034755205,5.029121e-07,0.9766237,0.017485587,2.2185684e-05,0.000106189174,0.0022862763
468,inesco,fcim,fcim_s470.wav,Sad,253,Sad,Angry,Angry,False,False,False,0.9843529,0.001212948,0.012572726,0.00018365908,2.6902904e-07,0.001417691,0.0002598757
469,inesco,fcim,fcim_s471.wav,Sad,141,Sad,Surprise,Happy,False,False,True,9.000791e-05,2.257352e-06,0.21941699,0.073291965,0.0064041745,0.004006518,0.6967881
470,inesco,fcim,fcim_s472.wav,Sad,324,Sad,Surprise,Happy,False,False,True,0.019695098,0.00016697659,0.43856013,0.0485684,1.6992351e-05,0.011340046,0.48165226
471,inesco,fcim,fcim_s473.wav,Sad,305,Sad,Angry,Angry,False,False,False,0.8889902,4.3711225e-05,0.09007353,0.0023162425,3.5138098e-07,2.102293e-06,0.018573858
472,inesco,fcim,fcim_s474.wav,Sad,401,Sad,Fear,Happy,False,False,True,0.024711872,0.0003055553,0.38912666,0.23558824,5.4418855e-05,0.0046860212,0.3455272
473,inesco,fcim,fcim_s475.wav,Sad,401,Sad,Surprise,Angry,False,False,True,0.0006215483,1.1780468e-06,0.0012901849,0.00033862467,9.16085e-09,3.6625443e-06,0.9977448
474,inesco,fcim,fcim_s476.wav,Sad,330,Sad,Angry,Angry,False,False,False,0.56874615,0.0011094522,0.06796323,0.0016823618,2.4086482e-06,0.0004898593,0.3600065
475,inesco,fcim,fcim_s477.wav,Sad,401,Sad,Surprise,Happy,False,False,True,0.047571413,6.020607e-05,0.048280623,0.398302,3.839405e-06,0.00072620483,0.5050557
476,inesco,fcim,fcim_s478.wav,Sad,247,Sad,Angry,Angry,False,False,False,0.9951953,1.8264587e-05,0.0005668813,0.0007063398,2.754985e-08,4.900321e-06,0.0035082693
477,inesco,fcim,fcim_s479.wav,Sad,401,Sad,Surprise,Happy,False,False,True,0.009340252,3.1144089e-06,0.011364193,0.023511522,3.5298047e-08,9.0780064e-05,0.9556901
478,inesco,fcim,fcim_s480.wav,Sad,337,Sad,Surprise,Angry,False,False,True,0.054029595,1.9924251e-05,0.17647839,0.0038593486,3.6293324e-07,0.00055168953,0.7650607
479,inesco,fcim,fcim_s481.wav,Sad,401,Sad,Surprise,Angry,False,False,True,0.25177577,2.519925e-05,0.15482904,0.059187725,3.1184486e-06,8.8959234e-05,0.5340902
480,inesco,fcim,fcim_s482.wav,Sad,199,Sad,Fear,Happy,False,False,True,0.007003659,1.1859284e-08,0.56483555,0.4178187,3.266257e-06,1.2916142e-05,0.010325944
481,inesco,fcim,fcim_s483.wav,Sad,391,Sad,Surprise,Angry,False,False,True,0.2843266,6.954e-08,0.3298668,0.009148227,9.789318e-09,2.9380885e-06,0.37665537
482,inesco,fcim,fcim_s484.wav,Sad,250,Sad,Surprise,Angry,False,False,True,0.15065376,2.3599168e-05,0.016998323,0.025934417,4.448286e-06,0.000111286514,0.8062742
483,inesco,fcim,fcim_s485.wav,Sad,135,Sad,Surprise,Happy,False,False,True,0.015095146,1.8953051e-06,0.03832741,0.47172695,0.00038196682,1.4871052e-05,0.47445172
484,inesco,fcim,fcim_s486.wav,Sad,401,Sad,Surprise,Happy,False,False,True,0.038373068,4.0460372e-06,0.02827125,0.06904931,1.8891375e-06,1.4288689e-05,0.8642861
485,inesco,fcim,fcim_s487.wav,Sad,269,Sad,Fear,Angry,False,False,True,0.073331,0.0009486523,0.67462,0.002803689,2.015355e-06,0.032487918,0.21580675
486,inesco,fcim,fcim_s488.wav,Sad,193,Sad,Fear,Happy,False,False,True,0.007386349,6.3484677e-06,0.9572805,0.028051775,5.212404e-06,0.00028338,0.006986436
487,inesco,fcim,fcim_s489.wav,Sad,401,Sad,Happy,Happy,False,False,False,0.04574139,0.000322377,0.12803626,0.4957816,3.5693363e-05,0.0017645122,0.32831818
488,inesco,fcim,fcim_s490.wav,Sad,375,Sad,Happy,Happy,False,False,False,0.036857087,0.00048070645,0.005070041,0.88977414,1.8780497e-06,2.0507881e-05,0.067795716
489,inesco,fcim,fcim_s491.wav,Sad,401,Sad,Surprise,Happy,False,False,True,0.035674386,0.0015426464,0.023568794,0.2121913,7.0617693e-06,0.0001846431,0.72683114
490,inesco,fcim,fcim_s492.wav,Sad,346,Sad,Fear,Angry,False,False,True,0.06323909,2.9172563e-06,0.70284367,0.048326593,3.3640603e-07,0.0021544355,0.183433
491,inesco,fcim,fcim_s493.wav,Sad,401,Sad,Angry,Angry,False,False,False,0.82431275,3.0227004e-05,0.07687848,0.047018882,1.7810805e-08,5.5013898e-05,0.05170458
492,inesco,fcim,fcim_s494.wav,Sad,183,Sad,Fear,Angry,False,False,True,0.30898428,4.141701e-06,0.6762439,0.008425692,0.00012980333,0.0017869573,0.0044252365
493,inesco,fcim,fcim_s495.wav,Sad,401,Sad,Surprise,Happy,False,False,True,0.007273369,1.0235763e-05,0.057553276,0.012292554,2.585053e-08,0.00015269483,0.92271787
494,inesco,fcim,fcim_s496.wav,Sad,289,Sad,Angry,Angry,False,False,False,0.87937135,0.00010402794,0.06288039,0.0005064183,9.064314e-08,0.00017210818,0.05696568
495,inesco,fcim,fcim_s497.wav,Sad,263,Sad,Fear,Happy,False,False,True,5.2265113e-05,4.6405512e-07,0.9481136,0.008098964,7.979154e-08,1.0939597e-05,0.043723546
496,inesco,fcim,fcim_s498.wav,Sad,250,Sad,Angry,Angry,False,False,False,0.8450934,5.4690936e-06,0.0010975387,0.011760625,3.6390517e-08,6.4317405e-06,0.14203647
497,inesco,fcim,fcim_s499.wav,Sad,401,Sad,Surprise,Angry,False,False,True,0.004977472,1.2647718e-05,0.41833395,0.003486349,1.6252818e-07,0.00010828762,0.5730812
498,inesco,fcim,fcim_s500.wav,Sad,327,Sad,Surprise,Happy,False,False,True,0.026337788,0.000109775,0.10179159,0.42178738,1.8535206e-05,0.00117249,0.44878247
499,inesco,fcim,fcim_s501.wav,Sad,327,Sad,Surprise,Happy,False,False,True,0.016299874,3.8598322e-05,0.017023645,0.04460802,5.89986e-07,0.0005961234,0.9214332
500,inesco,fcim,fcim_s502.wav,Sad,196,Sad,Fear,Angry,False,False,True,0.10440315,5.8278283e-07,0.8870689,0.008019898,2.9364867e-07,0.00026536782,0.0002416835
501,inesco,fcim,fcim_s503.wav,Sad,362,Sad,Surprise,Angry,False,False,True,0.20513357,1.8367006e-06,0.015942937,0.19258465,6.6034374e-07,5.63434e-05,0.58628
502,inesco,fcim,fcim_s504.wav,Sad,276,Sad,Angry,Angry,False,False,False,0.8913753,5.0921088e-05,0.0038771247,0.00061920274,3.5731013e-08,4.9665854e-05,0.10402783
503,inesco,fcim,fcim_s505.wav,Sad,340,Sad,Fear,Angry,False,False,True,0.17656499,0.000100148936,0.58652216,0.016961476,3.267982e-07,0.048302926,0.17154798
504,inesco,fcim,fcim_s506.wav,Sad,308,Sad,Surprise,Happy,False,False,True,0.0047881827,6.5600257e-06,0.0025619676,0.004949244,5.2406403e-07,0.00010434482,0.9875892
505,inesco,fcim,fcim_s507.wav,Sad,237,Sad,Fear,Angry,False,False,True,0.20434582,1.1714703e-05,0.61858064,0.15685426,2.5643422e-07,0.000927394,0.019279893
506,inesco,fcim,fcim_s508.wav,Sad,340,Sad,Angry,Angry,False,False,False,0.85169363,1.0848203e-05,0.009345567,0.0013456704,4.247237e-06,0.0004961696,0.13710387
507,inesco,fcim,fcim_s509.wav,Sad,369,Sad,Surprise,Happy,False,False,True,0.029123304,2.2796428e-06,0.06347262,0.11427178,1.8261167e-07,0.000113397145,0.7930165
508,inesco,fcim,fcim_s510.wav,Sad,401,Sad,Surprise,Happy,False,False,True,4.258431e-05,5.824144e-07,0.05569445,0.018438252,1.8740356e-09,3.520336e-06,0.92582065
509,inesco,fcim,fcim_s511.wav,Sad,401,Sad,Fear,Happy,False,False,True,5.3618507e-05,7.432502e-07,0.9460743,0.005457571,3.6673235e-08,3.4540815e-05,0.04837919
510,inesco,fcim,fcim_s512.wav,Sad,401,Sad,Surprise,Angry,False,False,True,0.03643567,8.0128724e-05,0.060833104,0.020996576,1.0662296e-08,0.00010310174,0.88155144
511,inesco,fcim,fcim_s513.wav,Sad,378,Sad,Fear,Happy,False,False,True,0.008730845,8.551948e-05,0.71885633,0.06288344,1.7999793e-05,0.00054658455,0.2088793
512,inesco,fcim,fcim_s514.wav,Sad,401,Sad,Surprise,Angry,False,False,True,0.017114505,9.1933165e-05,0.3121995,0.0149209015,5.156692e-07,0.0033733607,0.6522993
513,inesco,fcim,fcim_s515.wav,Sad,212,Sad,Surprise,Happy,False,False,True,0.0014479313,3.103444e-07,0.13684137,0.07515602,1.5392266e-06,1.2415546e-05,0.7865404
514,inesco,fcim,fcim_s516.wav,Sad,215,Sad,Surprise,Angry,False,False,True,0.03101344,0.0043167467,0.10882888,0.0055545783,6.7540986e-07,0.0030728364,0.84721285
515,inesco,fcim,fcim_s517.wav,Sad,295,Sad,Angry,Angry,False,False,False,0.9163796,0.0006601261,0.022731151,0.0037246211,2.797007e-05,0.007812536,0.048664
516,inesco,fcim,fcim_s518.wav,Sad,401,Sad,Fear,Happy,False,False,True,0.05474807,0.0002854016,0.60646474,0.13132039,3.3662033e-07,0.0015294164,0.20565157
517,inesco,fcim,fcim_s519.wav,Sad,343,Sad,Fear,Happy,False,False,True,0.007912776,2.752762e-06,0.7484786,0.05911123,1.6554915e-06,0.00024911694,0.18424387
518,inesco,fcim,fcim_s520.wav,Sad,196,Sad,Angry,Angry,False,False,False,0.7504456,1.1413512e-06,0.17673087,0.072035246,3.367805e-06,6.560101e-05,0.00071814447
519,inesco,fcim,fcim_s521.wav,Sad,196,Sad,Angry,Angry,False,False,False,0.9442465,1.4404134e-06,0.029701577,0.017489314,3.251197e-07,5.7915266e-05,0.008502976
520,inesco,fcim,fcim_s522.wav,Sad,103,Sad,Surprise,Happy,False,False,True,0.00057092396,3.870141e-06,0.24481444,0.018120375,0.00036176245,2.3682831e-05,0.7361049
521,inesco,fcim,fcim_s523.wav,Sad,151,Sad,Fear,Happy,False,False,True,2.0838022e-05,7.923285e-06,0.8446461,0.030890824,0.00043282326,0.0013983704,0.122603096
522,inesco,fcim,fcim_s524.wav,Sad,253,Sad,Angry,Angry,False,False,False,0.8458767,8.5136366e-05,0.04339935,0.025158225,4.0134096e-06,0.00022827412,0.08524835
523,inesco,fcim,fcim_s525.wav,Sad,340,Sad,Fear,Angry,False,False,True,0.27273053,8.957929e-06,0.4897125,0.004142658,1.351016e-07,8.072842e-06,0.23339717
524,inesco,fcim,fcim_s526.wav,Sad,401,Sad,Surprise,Angry,False,False,True,0.3097244,9.278144e-06,0.031680983,0.24435003,2.1070414e-07,0.00054229185,0.41369274
525,inesco,fcim,fcim_s527.wav,Sad,401,Sad,Fear,Happy,False,False,True,0.021496013,2.5816043e-05,0.7105276,0.08152273,7.3143506e-06,0.00018926687,0.18623134
526,inesco,fcim,fcim_s528.wav,Sad,401,Sad,Fear,Angry,False,False,True,0.089494266,1.411775e-06,0.7873307,0.019936409,5.587356e-09,2.3652197e-05,0.10321358
527,inesco,fcim,fcim_s529.wav,Sad,295,Sad,Surprise,Happy,False,False,True,0.011087856,0.00038091847,0.027430285,0.04541731,8.270182e-07,2.9123883e-05,0.91565377
528,inesco,fcim,fcim_s530.wav,Sad,340,Sad,Surprise,Angry,False,False,True,0.38845903,6.958886e-07,0.00045010986,0.00034973148,1.07946025e-08,1.8338176e-06,0.6107386
529,inesco,fcim,fcim_s531.wav,Sad,193,Sad,Angry,Angry,False,False,False,0.77919805,1.9061701e-05,0.13235775,0.027068716,3.939021e-08,7.685203e-06,0.06134868
530,inesco,fcim,fcim_s532.wav,Sad,282,Sad,Surprise,Angry,False,False,True,0.07573023,0.00015136795,0.08229343,0.020839259,1.8831813e-06,0.0016221618,0.8193616
531,inesco,fcim,fcim_s533.wav,Sad,397,Sad,Fear,Happy,False,False,True,0.0003820316,1.5366982e-07,0.99385804,0.0017212578,1.233147e-08,2.4327155e-06,0.0040360857
532,inesco,fcim,fcim_s534.wav,Sad,401,Sad,Surprise,Angry,False,False,True,0.26395524,1.1202605e-05,0.0073651406,0.077760935,5.9148586e-08,4.964902e-05,0.65085775
533,inesco,fcim,fcim_s535.wav,Sad,205,Sad,Fear,Angry,False,False,True,0.086738616,0.00015956767,0.75714064,0.062427573,7.88691e-07,0.006902271,0.08663056
534,inesco,fcim,fcim_s536.wav,Sad,333,Sad,Angry,Angry,False,False,False,0.99956733,6.955354e-05,4.291384e-05,6.358691e-05,5.385502e-07,1.2330295e-05,0.00024361948
535,inesco,fcim,fcim_s537.wav,Sad,401,Sad,Happy,Happy,False,False,False,0.18899617,1.1530384e-05,0.05247762,0.4387015,5.432045e-07,1.9834488e-05,0.31979284
536,inesco,fcim,fcim_s538.wav,Sad,317,Sad,Surprise,Angry,False,False,True,0.15795794,1.0838078e-06,0.029000277,0.0013513824,3.098362e-08,0.0010646895,0.81062454
537,inesco,fcim,fcim_s539.wav,Sad,231,Sad,Fear,Angry,False,False,True,0.122552134,0.0007735413,0.557904,0.034094103,6.8933314e-06,0.00063926406,0.28403
538,inesco,fcim,fcim_s540.wav,Sad,401,Sad,Angry,Angry,False,False,False,0.89117396,1.9289022e-05,0.028259832,0.0007529664,5.7552693e-08,3.679775e-05,0.079757005
539,inesco,fcim,fcim_s541.wav,Sad,401,Sad,Surprise,Angry,False,False,True,0.08390358,2.0635964e-05,0.054990638,0.07650693,8.455476e-07,0.00022145863,0.7843558
540,inesco,fcim,fcim_s542.wav,Sad,401,Sad,Angry,Angry,False,False,False,0.5450142,0.0038744863,0.07954438,0.07142132,9.212428e-05,0.013269209,0.28678435
541,inesco,fcim,fcim_s543.wav,Sad,401,Sad,Surprise,Happy,False,False,True,0.0010959208,9.258924e-06,0.23051336,0.100295536,2.9867504e-08,1.3720995e-05,0.66807216
542,inesco,fcim,fcim_s544.wav,Sad,170,Sad,Fear,Happy,False,False,True,1.909576e-05,2.061761e-09,0.9958419,0.004120761,4.7546887e-06,6.6937755e-06,6.6773896e-06
543,inesco,fcim,fcim_s545.wav,Sad,372,Sad,Surprise,Happy,False,False,True,0.012851183,6.221292e-05,0.008594051,0.025452735,4.154032e-07,0.0001737772,0.95286554
544,inesco,fcim,fcim_s546.wav,Sad,401,Sad,Fear,Happy,False,False,True,0.09378877,1.8082554e-05,0.44517398,0.19480617,4.3389457e-07,3.858344e-05,0.26617396
545,inesco,fcim,fcim_s547.wav,Sad,401,Sad,Surprise,Happy,False,False,True,0.07784317,5.9495625e-05,0.08538107,0.3434475,3.8023618e-06,0.002310593,0.4909544
546,inesco,fcim,fcim_s548.wav,Sad,324,Sad,Angry,Angry,False,False,False,0.88688254,0.000106114145,0.07784413,0.0033882367,1.1367387e-06,5.98265e-05,0.031717956
547,inesco,fcim,fcim_s549.wav,Sad,359,Sad,Surprise,Happy,False,False,True,0.00028501367,8.6041916e-07,0.003160121,0.004650968,5.2642237e-09,6.804526e-06,0.9918962
548,inesco,fcim,fcim_s550.wav,Sad,305,Sad,Angry,Angry,False,False,False,0.96364456,3.3787944e-06,0.015916824,0.00074633246,4.25578e-07,1.2186202e-05,0.019676395
549,inesco,fcim,fcim_s551.wav,Sad,330,Sad,Surprise,Angry,False,False,True,0.4326529,7.4854295e-05,0.0074532684,0.001654677,1.2122666e-06,0.0036442024,0.5545189
550,inesco,fcim,fcim_s552.wav,Sad,205,Sad,Fear,Happy,False,False,True,0.0057802615,5.0821203e-05,0.9065443,0.0841739,1.637689e-05,0.0030295025,0.00040481024
551,inesco,fcim,fcim_s553.wav,Sad,161,Sad,Happy,Happy,False,False,False,2.8645949e-05,2.5784022e-05,0.0014472419,0.99805,1.9117406e-06,8.19869e-06,0.00043831393
552,inesco,fcim,fcim_s554.wav,Sad,148,Sad,Fear,Angry,False,False,True,0.00448433,1.9957154e-06,0.98492545,0.0012223781,0.0003140683,4.0647163e-05,0.00901109
553,inesco,fcim,fcim_s555.wav,Sad,311,Sad,Surprise,Angry,False,False,True,0.13030912,0.0001189931,0.2886931,0.0054352414,6.5795933e-07,0.0004905639,0.5749523
554,inesco,fcim,fcim_s556.wav,Sad,231,Sad,Angry,Angry,False,False,False,0.7835739,0.00010692926,0.21389362,6.586157e-05,9.5896986e-08,0.0021735646,0.00018596384
555,inesco,fcim,fcim_s557.wav,Sad,106,Sad,Angry,Angry,False,False,False,0.4836234,1.3764322e-05,0.47450474,0.031314615,0.0016851989,0.00010628704,0.008751928
556,inesco,fcim,fcim_s558.wav,Sad,221,Sad,Angry,Angry,False,False,False,0.8586997,1.089764e-06,0.13684958,0.0017340585,4.9258695e-09,2.9881458e-06,0.0027125033
557,inesco,fcim,fcim_s559.wav,Sad,292,Sad,Surprise,Happy,False,False,True,5.4178177e-05,5.4199365e-05,0.01527479,0.08092579,2.6993337e-06,0.00031840615,0.9033699
558,inesco,fcim,fcim_s560.wav,Sad,119,Sad,Angry,Angry,False,False,False,0.40444893,1.6163473e-06,0.34186798,0.19138546,0.0006739134,3.3360688e-05,0.06158872
559,inesco,fcim,fcim_s561.wav,Sad,292,Sad,Surprise,Happy,False,False,True,0.08337843,0.00018549319,0.25975746,0.14125358,1.6323518e-05,0.00062005443,0.5147887
560,inesco,fcim,fcim_s562.wav,Sad,125,Sad,Happy,Happy,False,False,False,0.43606502,6.0892644e-06,0.03166678,0.51541084,0.01648423,1.0724185e-05,0.0003562779
561,inesco,fcim,fcim_s563.wav,Sad,298,Sad,Angry,Angry,False,False,False,0.3281715,0.0119884685,0.21722484,0.1853985,0.0033852402,0.058134474,0.19569695
562,inesco,fcim,fcim_s564.wav,Sad,378,Sad,Fear,Angry,False,False,True,0.18257809,8.514352e-05,0.7584994,0.005350173,2.5325298e-06,0.0009441671,0.052540578
563,inesco,fcim,fcim_s565.wav,Sad,401,Sad,Fear,Angry,False,False,True,0.21716587,0.0002582876,0.47145948,0.17616639,4.5991465e-06,0.0023229173,0.13262238
564,inesco,fcim,fcim_s566.wav,Sad,109,Sad,Fear,Angry,False,False,True,0.3074311,5.7161583e-06,0.3426946,0.15961473,0.0122698145,3.30178e-05,0.17795105
565,inesco,fcim,fcim_s567.wav,Sad,183,Sad,Surprise,Happy,False,False,True,0.0023400753,1.4471561e-05,0.44890368,0.017933162,2.1799202e-05,0.00040166097,0.5303852
566,inesco,fcim,fcim_s568.wav,Sad,161,Sad,Fear,Angry,False,False,True,0.020753937,4.395029e-08,0.95931804,0.015650954,3.877573e-07,1.1492371e-05,0.00426512
567,inesco,fcim,fcim_s569.wav,Sad,401,Sad,Angry,Angry,False,False,False,0.5373974,5.448932e-07,0.0032627843,0.27874678,2.307687e-09,2.3418195e-06,0.18059011
568,inesco,fcim,fcim_s570.wav,Sad,375,Sad,Surprise,Angry,False,False,True,0.017356945,5.28162e-06,0.14983599,0.0023206044,9.4653466e-08,2.7704817e-05,0.8304534
569,inesco,fcim,fcim_s571.wav,Sad,324,Sad,Surprise,Angry,False,False,True,0.05041322,2.1340355e-05,0.015615641,0.0236821,3.4288963e-08,1.2804206e-05,0.9102549
570,inesco,fcim,fcim_s572.wav,Sad,228,Sad,Fear,Angry,False,False,True,0.19579236,6.812635e-06,0.64940727,0.026928458,2.9847268e-08,3.8532835e-05,0.12782653
571,inesco,fcim,fcim_s573.wav,Sad,237,Sad,Fear,Angry,False,False,True,0.172091,0.00059268356,0.7025835,0.04679056,0.00015767099,0.037747797,0.0400368
572,inesco,fcim,fcim_s574.wav,Sad,295,Sad,Surprise,Angry,False,False,True,0.111555,9.755581e-05,0.042586405,0.10742348,4.3489163e-05,0.0021666533,0.7361274
573,inesco,fcim,fcim_s575.wav,Sad,228,Sad,Angry,Angry,False,False,False,0.7375302,3.4221426e-05,0.012359642,0.24687743,5.8996502e-05,0.00015324609,0.0029863035
574,inesco,fcim,fcim_s576.wav,Sad,209,Sad,Fear,Happy,False,False,True,0.0011308364,3.1819303e-07,0.9344094,0.013174018,1.6867396e-06,6.2240804e-05,0.051221542
575,inesco,fcim,fcim_s577.wav,Sad,401,Sad,Fear,Happy,False,False,True,0.0056205494,2.962656e-06,0.9403139,0.00894063,5.0258294e-08,4.3610125e-05,0.045078315
576,inesco,fcim,fcim_s578.wav,Sad,196,Sad,Angry,Angry,False,False,False,0.58377546,1.6665934e-06,0.26536044,0.14985712,1.0296969e-05,1.6622404e-05,0.0009784014
577,inesco,fcim,fcim_s579.wav,Sad,196,Sad,Fear,Angry,False,False,True,0.017301507,9.877374e-07,0.97020185,0.011552399,8.311656e-06,6.699824e-05,0.00086786173
578,inesco,fcim,fcim_s580.wav,Sad,401,Sad,Fear,Happy,False,False,True,0.0018510508,5.467598e-05,0.576921,0.006814069,3.4329894e-08,1.0809776e-05,0.41434833
579,inesco,fcim,fcim_s581.wav,Sad,199,Sad,Angry,Angry,False,False,False,0.7206008,1.0442218e-06,0.124752924,0.15209591,6.303572e-05,2.7128186e-05,0.0024591624
580,inesco,fcim,fcim_s582.wav,Sad,401,Sad,Surprise,Angry,False,False,True,0.10626278,7.85964e-06,0.39340866,0.0887713,3.608349e-07,0.00019886268,0.41135025
581,inesco,fcim,fcim_s583.wav,Sad,58,Sad,Fear,Angry,False,False,True,0.15195455,7.154271e-05,0.7940239,0.03158319,0.012776724,0.001697437,0.0078926785
582,inesco,fcim,fcim_s584.wav,Sad,401,Sad,Surprise,Angry,False,False,True,0.20573796,2.325408e-05,0.20860672,0.033538867,4.7995496e-07,0.00010123244,0.55199146
583,inesco,fcim,fcim_s585.wav,Sad,353,Sad,Surprise,Happy,False,False,True,0.013972704,2.1115913e-05,0.027807174,0.10291508,1.2302241e-06,0.00048347027,0.8547992
584,inesco,fcim,fcim_s586.wav,Sad,388,Sad,Surprise,Angry,False,False,True,0.03220647,3.5380308e-05,0.094094515,0.0047767386,1.6529688e-08,8.712841e-06,0.8688782
585,inesco,fcim,fcim_s587.wav,Sad,308,Sad,Angry,Angry,False,False,False,0.9953283,1.8079349e-05,0.001772439,5.64019e-05,1.4320674e-06,1.9644365e-05,0.0028037708
586,inesco,fcim,fcim_s588.wav,Sad,401,Sad,Surprise,Happy,False,False,True,0.02613658,1.6014608e-06,0.0008995692,0.19082561,5.3799704e-07,9.287452e-05,0.7820432
587,inesco,fcim,fcim_s589.wav,Sad,269,Sad,Fear,Angry,False,False,True,0.19570309,0.0012759395,0.51479244,0.025311965,7.178258e-07,0.0017231945,0.26119262
588,inesco,fcim,fcim_s590.wav,Sad,247,Sad,Angry,Angry,False,False,False,0.94476753,2.381775e-06,0.018295517,0.022414647,2.4413973e-07,6.2893646e-06,0.014513462
589,inesco,fcim,fcim_s591.wav,Sad,401,Sad,Surprise,Angry,False,False,True,0.07753083,0.0005751208,0.22911775,0.0746027,1.6050825e-06,0.00017661686,0.61799544
590,inesco,fcim,fcim_s592.wav,Sad,401,Sad,Surprise,Happy,False,False,True,0.00034770768,1.2569178e-05,0.15167998,0.0046202512,4.4031017e-07,0.00013790035,0.84320116
591,inesco,fcim,fcim_s593.wav,Sad,353,Sad,Surprise,Happy,False,False,True,0.008789219,0.00011965248,0.14912745,0.20094049,4.941095e-07,0.00023424205,0.6407885
592,inesco,fcim,fcim_s594.wav,Sad,401,Sad,Surprise,Happy,False,False,True,0.0019024959,1.3992253e-07,0.0140619185,0.14307976,1.0985086e-07,2.5082509e-05,0.8409305
593,inesco,fcim,fcim_s595.wav,Sad,401,Sad,Surprise,Happy,False,False,True,0.006067103,1.0944462e-05,0.055453207,0.091574185,4.3308006e-08,0.0009618332,0.8459327
594,inesco,fcim,fcim_s596.wav,Sad,401,Sad,Surprise,Angry,False,False,True,0.19893526,6.872081e-06,0.005182985,0.0031197644,3.7141754e-09,8.53996e-05,0.7926697
595,inesco,fcim,fcim_s597.wav,Sad,401,Sad,Surprise,Happy,False,False,True,0.0023508116,2.2084998e-05,0.012454171,0.0058507896,2.6186717e-07,0.001538475,0.9777834
596,inesco,fcim,fcim_s598.wav,Sad,397,Sad,Angry,Angry,False,False,False,0.9003984,2.1326077e-06,0.0011148908,0.069196165,2.4687278e-08,3.035675e-06,0.029285355
597,inesco,fcim,fcim_s599.wav,Sad,401,Sad,Surprise,Happy,False,False,True,0.0036592307,1.1823202e-05,0.04995295,0.058719918,5.3171842e-08,5.445456e-05,0.88760155
598,inesco,fcim,fcim_s600.wav,Sad,401,Sad,Fear,Angry,False,False,True,0.3941504,4.6419562e-05,0.5473376,0.0044016065,2.1939085e-08,4.6273657e-05,0.054017663
599,inesco,fyat,fyat_a212.wav,Angry,189,Angry,Surprise,Happy,False,False,True,0.0003312281,5.1614137e-05,0.0004860025,0.28223452,6.5899553e-07,3.3933346e-05,0.7168621
600,inesco,fyat,fyat_a213.wav,Angry,173,Angry,Angry,Angry,True,True,False,0.9505857,2.244349e-08,0.002196902,0.026639884,7.529495e-07,9.516785e-07,0.020575838
601,inesco,fyat,fyat_a214.wav,Angry,225,Angry,Angry,Angry,True,True,False,0.5301134,0.0071840477,0.022710295,0.4003988,0.002175284,0.008652374,0.028765842
602,inesco,fyat,fyat_a215.wav,Angry,257,Angry,Happy,Happy,False,False,False,0.0024223733,0.00011228882,0.0088995835,0.61254966,2.3406825e-07,0.00013314754,0.37588274
603,inesco,fyat,fyat_a216.wav,Angry,228,Angry,Surprise,Happy,False,False,True,0.0030819494,8.959367e-05,0.19587669,0.071560755,1.1760092e-05,0.002321733,0.7270575
604,inesco,fyat,fyat_a217.wav,Angry,151,Angry,Fear,Happy,False,False,True,0.000125885,6.8919226e-06,0.6909221,0.29043886,9.914382e-05,0.0015436298,0.016863478
605,inesco,fyat,fyat_a218.wav,Angry,346,Angry,Surprise,Happy,False,False,True,0.00023765764,3.3701428e-05,0.00029255508,0.004855547,1.1072556e-07,5.911094e-06,0.9945745
606,inesco,fyat,fyat_a219.wav,Angry,369,Angry,Surprise,Happy,False,False,True,2.2002753e-06,5.0540955e-10,4.0431434e-05,0.0018139201,4.531978e-12,4.5002218e-07,0.99814296
607,inesco,fyat,fyat_a220.wav,Angry,241,Angry,Angry,Angry,True,True,False,0.96037734,0.0008644232,5.762508e-05,0.021700244,2.6701908e-08,0.002079417,0.014921031
608,inesco,fyat,fyat_a221.wav,Angry,401,Angry,Surprise,Angry,False,True,True,0.05538681,0.0005330121,0.0004120566,0.012108418,1.0908394e-05,0.015574399,0.9159744
609,inesco,fyat,fyat_a222.wav,Angry,148,Angry,Angry,Angry,True,True,False,0.5789771,3.3312794e-05,0.38055587,0.031828597,1.3293924e-05,0.000107241896,0.008484554
610,inesco,fyat,fyat_a223.wav,Angry,269,Angry,Surprise,Happy,False,False,True,0.026143575,0.009469014,0.016729329,0.08719714,3.1430245e-05,0.014979239,0.8454502
611,inesco,fyat,fyat_a224.wav,Angry,330,Angry,Surprise,Angry,False,True,True,0.117146604,0.003804415,0.00013958357,0.037779313,1.3243188e-06,0.00026073764,0.84086806
612,inesco,fyat,fyat_a225.wav,Angry,228,Angry,Angry,Angry,True,True,False,0.6933036,0.23884234,0.027944716,0.009568994,0.0023614338,0.027315302,0.0006636689
613,inesco,fyat,fyat_a226.wav,Angry,273,Angry,Surprise,Happy,False,False,True,0.0008652466,0.013874118,0.1754957,0.038838014,6.0213824e-06,0.012358069,0.7585628
614,inesco,fyat,fyat_a227.wav,Angry,401,Angry,Happy,Happy,False,False,False,0.02570539,0.00078588,0.28639734,0.39620817,0.0022977209,0.27304688,0.01555868
615,inesco,fyat,fyat_a228.wav,Angry,125,Angry,Surprise,Happy,False,False,True,0.0052732877,5.4901736e-08,0.44631615,0.03479056,2.0382845e-06,1.0642011e-06,0.51361686
616,inesco,fyat,fyat_a229.wav,Angry,401,Angry,Surprise,Happy,False,False,True,0.055159718,0.023865724,0.0012856335,0.34197965,6.453955e-05,0.006139501,0.57150525
617,inesco,fyat,fyat_a230.wav,Angry,401,Angry,Disgust,Happy,False,False,True,0.061622072,0.31939083,0.17067933,0.13488686,1.1730171e-05,0.0074384413,0.30597067
618,inesco,fyat,fyat_a231.wav,Angry,311,Angry,Surprise,Angry,False,True,True,0.21050549,0.00020473362,0.0005866155,0.07860878,1.00287416e-07,0.00041698397,0.70967734
619,inesco,fyat,fyat_a232.wav,Angry,221,Angry,Angry,Angry,True,True,False,0.47195354,3.1792015e-06,0.31846252,0.18752702,7.875701e-06,0.00028611248,0.021759717
620,inesco,fyat,fyat_a233.wav,Angry,349,Angry,Surprise,Sad,False,False,True,0.08624017,0.00482546,0.00282629,0.07963783,0.00045473585,0.2993705,0.52664506
621,inesco,fyat,fyat_a234.wav,Angry,84,Angry,Fear,Happy,False,False,True,0.02737244,3.4545583e-06,0.8462903,0.06153985,2.8320446e-05,6.972576e-05,0.06469592
622,inesco,fyat,fyat_a235.wav,Angry,135,Angry,Fear,Happy,False,False,True,3.0176943e-06,2.2746253e-08,0.9781925,0.005301075,3.0037174e-06,1.3369985e-06,0.016499043
623,inesco,fyat,fyat_a236.wav,Angry,228,Angry,Surprise,Happy,False,False,True,0.007019459,3.122617e-05,0.00077774574,0.009874216,1.4104318e-06,4.832291e-05,0.98224765
624,inesco,fyat,fyat_a237.wav,Angry,141,Angry,Surprise,Happy,False,False,True,1.0715388e-05,4.3534323e-09,0.17270648,0.17671393,4.4689885e-05,1.085972e-06,0.6505231
625,inesco,fyat,fyat_a238.wav,Angry,148,Angry,Angry,Angry,True,True,False,0.7802262,9.595259e-09,0.006136079,0.011941052,1.9522613e-06,8.342491e-08,0.20169464
626,inesco,fyat,fyat_a239.wav,Angry,161,Angry,Happy,Happy,False,False,False,0.08374632,1.9098254e-06,0.19120437,0.4744394,0.00015807785,0.00010980005,0.25034013
627,inesco,fyat,fyat_a240.wav,Angry,237,Angry,Happy,Happy,False,False,False,0.006357724,0.002319545,0.00018323999,0.8455436,4.4467528e-05,6.6824464e-06,0.14554471
628,inesco,fyat,fyat_a241.wav,Angry,119,Angry,Fear,Happy,False,False,True,0.062482752,4.960202e-06,0.55667543,0.11245525,0.0005660272,0.00044572545,0.26736984
629,inesco,fyat,fyat_a242.wav,Angry,401,Angry,Happy,Happy,False,False,False,0.0310527,0.0053262534,0.057019982,0.69096285,4.717062e-06,0.0014445969,0.2141889
630,inesco,fyat,fyat_a243.wav,Angry,228,Angry,Surprise,Angry,False,True,True,0.204446,0.0013330069,0.041813076,0.07594442,8.282402e-06,0.001424736,0.67503047
631,inesco,fyat,fyat_a244.wav,Angry,289,Angry,Angry,Angry,True,True,False,0.96482563,0.0002310901,9.343564e-05,0.0111954175,1.706801e-06,0.0003149399,0.023337789
632,inesco,fyat,fyat_a245.wav,Angry,349,Angry,Surprise,Angry,False,True,True,0.32580426,4.4319957e-05,0.00031793333,0.017024942,3.5508344e-07,0.00082138646,0.65598685
633,inesco,fyat,fyat_a246.wav,Angry,113,Angry,Happy,Happy,False,False,False,0.07594739,3.709594e-05,0.008966083,0.53149545,0.13662359,0.00069565437,0.24623479
634,inesco,fyat,fyat_a247.wav,Angry,385,Angry,Happy,Happy,False,False,False,0.002028631,6.9942864e-05,0.00039385224,0.7699823,1.7750159e-08,1.551196e-05,0.22750974
635,inesco,fyat,fyat_a248.wav,Angry,327,Angry,Angry,Angry,True,True,False,0.8058063,0.0007360838,0.0027418074,0.052543268,0.00022417902,0.0011816537,0.13676667
636,inesco,fyat,fyat_a249.wav,Angry,263,Angry,Angry,Angry,True,True,False,0.8761458,0.0009383052,0.00044842984,0.05630268,0.011962549,0.005032095,0.049170155
637,inesco,fyat,fyat_a250.wav,Angry,346,Angry,Surprise,Happy,False,False,True,0.03000731,1.0259491e-05,0.030275414,0.19682138,1.1892624e-06,0.00028083447,0.7426036
638,inesco,fyat,fyat_a251.wav,Angry,241,Angry,Angry,Angry,True,True,False,0.98357624,0.002739156,0.0006711841,0.007727445,7.7232914e-07,1.5827887e-05,0.00526943
639,inesco,fyat,fyat_a252.wav,Angry,314,Angry,Happy,Happy,False,False,False,0.0029344333,0.0013891413,0.2405222,0.44708464,0.0010800449,0.037238702,0.2697508
640,inesco,fyat,fyat_a253.wav,Angry,228,Angry,Fear,Happy,False,False,True,0.005692186,0.00037124098,0.58756626,0.18509656,7.5042884e-08,1.4527231e-05,0.22125916
641,inesco,fyat,fyat_a254.wav,Angry,231,Angry,Angry,Angry,True,True,False,0.9416017,0.0004978263,0.0014564539,0.05417245,1.412269e-06,4.0473416e-05,0.0022296638
642,inesco,fyat,fyat_a255.wav,Angry,269,Angry,Surprise,Angry,False,True,True,0.42428905,0.0012551156,0.03722778,0.0046693664,1.1010334e-06,0.0008242314,0.5317334
643,inesco,fyat,fyat_a256.wav,Angry,349,Angry,Angry,Angry,True,True,False,0.95057946,0.00010975829,0.0046793907,0.0047209314,5.2822605e-07,0.00018572574,0.039724186
644,inesco,fyat,fyat_a257.wav,Angry,282,Angry,Surprise,Angry,False,True,True,0.099214405,0.00012714257,0.00051449105,0.0077786767,6.0205124e-08,9.315522e-05,0.8922721
645,inesco,fyat,fyat_a258.wav,Angry,138,Angry,Surprise,Angry,False,True,True,0.080520935,3.21922e-07,0.15545069,0.024234358,2.6308269e-06,8.120475e-06,0.739783
646,inesco,fyat,fyat_a259.wav,Angry,292,Angry,Angry,Angry,True,True,False,0.7833983,0.003836739,0.13540782,0.054078944,8.037408e-05,0.0007701521,0.022427779
647,inesco,fyat,fyat_a260.wav,Angry,356,Angry,Angry,Angry,True,True,False,0.8170611,0.025769748,0.047080953,0.016190652,0.0020715455,0.063023604,0.028802453
648,inesco,fyat,fyat_a261.wav,Angry,247,Angry,Angry,Angry,True,True,False,0.9898268,5.847612e-07,0.0076959934,0.0005203388,1.3046791e-07,2.6119142e-05,0.0019300225
649,inesco,fyat,fyat_a262.wav,Angry,202,Angry,Angry,Angry,True,True,False,0.9991302,1.3395259e-08,0.00047160202,0.00032518138,1.1924403e-08,1.74311e-08,7.29953e-05
650,inesco,fyat,fyat_a263.wav,Angry,276,Angry,Angry,Angry,True,True,False,0.9256621,7.62841e-05,0.00022884346,0.06707238,1.8787787e-05,0.000101035635,0.0068406947
651,inesco,fyat,fyat_a264.wav,Angry,100,Angry,Surprise,Angry,False,True,True,0.039814617,9.843973e-06,0.0100601,0.008882435,9.2784976e-05,1.5219071e-05,0.9411249
652,inesco,fyat,fyat_a265.wav,Angry,93,Angry,Surprise,Happy,False,False,True,0.1981343,1.8964187e-05,0.005545151,0.24271975,0.00027568493,0.00033696543,0.55296916
653,inesco,fyat,fyat_a266.wav,Angry,372,Angry,Surprise,Happy,False,False,True,0.01020181,0.00052505475,0.00464349,0.06617186,6.2447657e-06,9.292565e-05,0.9183586
654,inesco,fyat,fyat_a267.wav,Angry,129,Angry,Surprise,Happy,False,False,True,0.0013847532,5.415019e-07,0.007361617,0.0027707058,7.453396e-05,5.494961e-05,0.98835295
655,inesco,fyat,fyat_a268.wav,Angry,87,Angry,Angry,Angry,True,True,False,0.6323254,5.3447126e-05,0.025506176,0.06744841,0.0048280507,0.00024585816,0.2695926
656,inesco,fyat,fyat_a269.wav,Angry,129,Angry,Fear,Happy,False,False,True,0.011935703,5.827227e-06,0.95578104,0.017458206,0.0006359564,6.6337794e-05,0.0141169755
657,inesco,fyat,fyat_a270.wav,Angry,170,Angry,Angry,Angry,True,True,False,0.8949965,1.1779958e-07,0.038832787,0.06548961,3.100056e-05,1.7792263e-05,0.0006322655
658,inesco,fyat,fyat_a271.wav,Angry,337,Angry,Surprise,Happy,False,False,True,0.026645923,0.00036091532,0.008762881,0.033043962,1.0274712e-06,0.0015559337,0.92962945
659,inesco,fyat,fyat_a272.wav,Angry,260,Angry,Happy,Happy,False,False,False,0.13385728,0.0014032223,0.031325236,0.5044781,0.0005746112,0.13788633,0.19047524
660,inesco,fyat,fyat_a273.wav,Angry,241,Angry,Happy,Happy,False,False,False,0.10781635,0.00019787469,0.00036311848,0.82303756,4.625179e-08,4.622679e-06,0.06858041
661,inesco,fyat,fyat_a274.wav,Angry,401,Angry,Fear,Angry,False,True,True,0.34888452,2.8592445e-05,0.48328257,0.017846107,6.8888045e-07,0.00074273156,0.14921482
662,inesco,fyat,fyat_a275.wav,Angry,151,Angry,Angry,Angry,True,True,False,0.45983985,3.5277148e-07,0.0027194973,0.1943199,5.8268365e-06,1.1985232e-05,0.34310266
663,inesco,fyat,fyat_a276.wav,Angry,218,Angry,Angry,Angry,True,True,False,0.982474,0.0016894891,0.0036223219,0.0072901854,0.0002987994,0.00013296829,0.004492139
664,inesco,fyat,fyat_a277.wav,Angry,308,Angry,Happy,Happy,False,False,False,0.003015358,0.0004559468,0.1437403,0.46314928,2.746858e-06,0.00018422742,0.3894522
665,inesco,fyat,fyat_a278.wav,Angry,401,Angry,Surprise,Happy,False,False,True,0.0578333,0.0009619407,0.005157299,0.120366804,4.4328444e-06,0.00024357675,0.81543267
666,inesco,fyat,fyat_a279.wav,Angry,385,Angry,Surprise,Happy,False,False,True,0.0005514417,8.704468e-06,0.007117587,0.0237808,1.1386172e-07,0.00038327082,0.968158
667,inesco,fyat,fyat_a280.wav,Angry,314,Angry,Surprise,Happy,False,False,True,0.0030160083,0.0068349033,0.018798754,0.016059473,8.286816e-06,0.015863296,0.9394193
668,inesco,fyat,fyat_a281.wav,Angry,279,Angry,Surprise,Angry,False,True,True,0.009261298,5.043637e-06,0.04799841,0.0020439527,6.6005925e-09,2.4246081e-05,0.94066715
669,inesco,fyat,fyat_a282.wav,Angry,260,Angry,Surprise,Angry,False,True,True,0.009515046,4.9280367e-05,0.0024294534,0.0036801824,7.6924124e-08,0.0006319035,0.98369414
670,inesco,fyat,fyat_a283.wav,Angry,378,Angry,Surprise,Happy,False,False,True,0.00019343391,1.741859e-08,3.335604e-05,0.005955568,1.2090685e-08,5.248697e-07,0.99381703
671,inesco,fyat,fyat_a284.wav,Angry,266,Angry,Happy,Happy,False,False,False,0.0013308786,0.00012874436,0.050683305,0.7472893,4.8117858e-08,0.0009918737,0.19957581
672,inesco,fyat,fyat_a285.wav,Angry,218,Angry,Angry,Angry,True,True,False,0.8318575,7.006265e-05,0.0035705974,0.12197617,0.0060324324,0.00015423626,0.036338992
673,inesco,fyat,fyat_a286.wav,Angry,359,Angry,Surprise,Happy,False,False,True,0.028430259,0.008492832,0.0012477054,0.12100612,5.6146528e-06,0.00022462929,0.84059286
674,inesco,fyat,fyat_a287.wav,Angry,273,Angry,Angry,Angry,True,True,False,0.7529075,0.00037899296,0.00472406,0.04006813,3.6408696e-06,0.027282614,0.17463508
675,inesco,fyat,fyat_a288.wav,Angry,289,Angry,Surprise,Angry,False,True,True,0.29258448,0.0010417729,0.16476288,0.028581366,3.6434596e-07,0.022313423,0.49071574
676,inesco,fyat,fyat_a289.wav,Angry,132,Angry,Angry,Angry,True,True,False,0.96178156,9.4713675e-07,0.030624555,0.0013225764,1.2661557e-05,1.5824448e-06,0.006256122
677,inesco,fyat,fyat_a290.wav,Angry,353,Angry,Surprise,Happy,False,False,True,0.0003084011,5.497726e-07,0.00018094986,0.002329437,1.4461837e-09,1.6665297e-05,0.99716395
678,inesco,fyat,fyat_a291.wav,Angry,161,Angry,Surprise,Angry,False,True,True,0.029687105,7.1763657e-09,0.004455823,0.00082998676,6.210891e-08,4.0789257e-07,0.9650266
679,inesco,fyat,fyat_a292.wav,Angry,71,Angry,Angry,Angry,True,True,False,0.49698544,6.3871075e-06,0.006897643,0.2617852,0.00037742997,0.00014192957,0.23380592
680,inesco,fyat,fyat_a293.wav,Angry,225,Angry,Surprise,Happy,False,False,True,0.026867207,0.035150148,0.07028328,0.08032702,7.69991e-06,0.0013344968,0.7860301
681,inesco,fyat,fyat_a294.wav,Angry,401,Angry,Happy,Happy,False,False,False,0.20872512,0.0020932758,0.0061273943,0.5090715,0.0018307942,0.11814747,0.1540044
682,inesco,fyat,fyat_a295.wav,Angry,333,Angry,Surprise,Happy,False,False,True,0.049119715,6.795485e-05,0.007028308,0.4264381,7.9176934e-05,0.019822344,0.49744436
683,inesco,fyat,fyat_a296.wav,Angry,141,Angry,Fear,Happy,False,False,True,0.027904099,9.47722e-09,0.6764028,0.14382347,3.521859e-08,2.9992037e-07,0.15186927
684,inesco,fyat,fyat_a297.wav,Angry,116,Angry,Surprise,Angry,False,True,True,0.03801353,2.1645829e-07,0.050392438,0.013264752,0.00029839485,1.4029735e-05,0.89801663
685,inesco,fyat,fyat_a298.wav,Angry,186,Angry,Happy,Happy,False,False,False,0.0022278538,1.8096379e-06,0.035081018,0.73899376,2.801439e-07,3.1119307e-05,0.2236642
686,inesco,fyat,fyat_a299.wav,Angry,250,Angry,Angry,Angry,True,True,False,0.83410877,1.4926446e-05,5.1688745e-05,0.03483453,3.0980777e-05,1.0004986e-05,0.13094902
687,inesco,fyat,fyat_a300.wav,Angry,401,Angry,Surprise,Happy,False,False,True,2.1873213e-06,2.4378642e-05,0.0075588785,0.09106116,2.3531364e-08,2.608152e-06,0.9013508
688,inesco,fyat,fyat_a301.wav,Angry,250,Angry,Angry,Angry,True,True,False,0.61552924,0.0059972084,0.20563857,0.16814572,1.7755714e-05,0.00014726415,0.0045242244
689,inesco,fyat,fyat_a302.wav,Angry,333,Angry,Angry,Angry,True,True,False,0.7378409,0.0006151181,0.005645225,0.04653466,1.519838e-05,0.0005579908,0.20879094
690,inesco,fyat,fyat_a303.wav,Angry,372,Angry,Surprise,Happy,False,False,True,0.034460835,2.5721525e-05,0.0007343586,0.28164914,8.688522e-06,9.907499e-05,0.6830222
691,inesco,fyat,fyat_a304.wav,Angry,196,Angry,Surprise,Happy,False,False,True,0.12221168,4.82704e-07,0.017399104,0.31227544,3.8552644e-06,1.1846299e-05,0.5480976
692,inesco,fyat,fyat_a305.wav,Angry,346,Angry,Angry,Angry,True,True,False,0.8422916,0.0036350752,0.05262679,0.024439111,1.3562642e-06,0.009810576,0.06719546
693,inesco,fyat,fyat_a306.wav,Angry,289,Angry,Angry,Angry,True,True,False,0.964116,0.00022402643,0.0031233674,0.026386134,8.4052745e-06,0.0002748748,0.0058673243
694,inesco,fyat,fyat_a307.wav,Angry,189,Angry,Angry,Angry,True,True,False,0.91636753,1.979072e-08,0.0005806215,0.081996605,2.0202085e-08,1.8595724e-06,0.0010534041
695,inesco,fyat,fyat_a308.wav,Angry,340,Angry,Surprise,Angry,False,True,True,0.41117218,7.792923e-06,6.4007574e-05,0.021214208,1.8925336e-08,3.3328837e-05,0.5675085
696,inesco,fyat,fyat_a309.wav,Angry,68,Angry,Surprise,Happy,False,False,True,0.01715858,3.921917e-05,0.45095307,0.058443185,0.0012627902,0.0003770788,0.4717661
697,inesco,fyat,fyat_a310.wav,Angry,109,Angry,Angry,Angry,True,True,False,0.57561785,1.6648287e-06,0.3124863,0.08973786,0.00026540965,8.095031e-05,0.021810055
698,inesco,fyat,fyat_a311.wav,Angry,145,Angry,Happy,Happy,False,False,False,0.0015296108,3.6211788e-06,0.28871128,0.4931931,0.0053119613,0.0010691672,0.21018125
699,inesco,fyat,fyat_a312.wav,Angry,202,Angry,Happy,Happy,False,False,False,0.0020569803,1.00946e-07,0.04125783,0.9452531,1.7149642e-07,1.3516584e-05,0.011418294
700,inesco,fyat,fyat_a313.wav,Angry,247,Angry,Happy,Happy,False,False,False,0.21282996,4.4299395e-05,0.0029308219,0.75867796,1.6184755e-06,4.3517766e-06,0.025511011
701,inesco,fyat,fyat_a314.wav,Angry,279,Angry,Angry,Angry,True,True,False,0.98653877,0.0002056735,0.007820286,0.0021012817,0.000104476065,0.00010769981,0.003121741
702,inesco,fyat,fyat_a315.wav,Angry,401,Angry,Happy,Happy,False,False,False,0.415342,0.0012313989,0.00010766362,0.5089163,5.355841e-06,0.00024207216,0.074155115
703,inesco,fyat,fyat_a316.wav,Angry,401,Angry,Happy,Happy,False,False,False,0.069773234,1.9055144e-05,0.014797218,0.47379047,1.8648626e-07,0.00023662788,0.44138318
704,inesco,fyat,fyat_a317.wav,Angry,362,Angry,Surprise,Happy,False,False,True,0.0031077282,0.09453006,0.3160205,0.088182904,2.0108917e-05,0.0059709707,0.4921677
705,inesco,fyat,fyat_a318.wav,Angry,199,Angry,Angry,Angry,True,True,False,0.9981358,7.475109e-08,0.0010345918,0.00056714955,1.9959116e-07,2.4438003e-07,0.00026192
706,inesco,fyat,fyat_a319.wav,Angry,401,Angry,Surprise,Happy,False,False,True,0.0056969672,2.2342367e-06,0.011095816,0.18343933,2.4154002e-07,6.290888e-05,0.7997026
707,inesco,fyat,fyat_a320.wav,Angry,177,Angry,Angry,Angry,True,True,False,0.9924061,4.5350607e-06,0.0001751404,0.006367436,0.00010773831,2.2990913e-05,0.0009161216
708,inesco,fyat,fyat_a321.wav,Angry,103,Angry,Angry,Angry,True,True,False,0.9395349,4.18302e-05,0.0211323,0.0025383898,0.021972353,5.9835224e-05,0.014720525
709,inesco,fyat,fyat_a322.wav,Angry,71,Angry,Angry,Angry,True,True,False,0.9540276,0.00027015325,0.013485013,0.022292458,0.0012771644,0.002139652,0.006508093
710,inesco,fyat,fyat_a323.wav,Angry,58,Angry,Angry,Angry,True,True,False,0.8807864,7.796982e-05,0.008508751,0.036579818,0.021534486,0.0006215315,0.05189101
711,inesco,fyat,fyat_a324.wav,Angry,173,Angry,Surprise,Happy,False,False,True,0.0005059127,1.2582453e-08,0.21787329,0.027033396,3.025204e-08,2.3249888e-07,0.7545872
712,inesco,fyat,fyat_a325.wav,Angry,113,Angry,Surprise,Happy,False,False,True,0.10701279,0.00018016166,0.011885858,0.11721616,0.0030117773,0.0007321495,0.7599611
713,inesco,fyat,fyat_a326.wav,Angry,317,Angry,Surprise,Angry,False,True,True,0.020571988,5.4301683e-05,0.016625935,0.0009604806,2.8090776e-07,2.494829e-05,0.9617621
714,inesco,fyat,fyat_a327.wav,Angry,285,Angry,Angry,Angry,True,True,False,0.9251065,0.00015003563,0.0011276995,0.036281984,1.16989195e-05,0.00015804677,0.037163947
715,inesco,fyat,fyat_a328.wav,Angry,330,Angry,Surprise,Happy,False,False,True,0.004336478,0.00088630675,0.048856594,0.0060216803,3.5690239e-06,0.0018429452,0.9380524
716,inesco,fyat,fyat_a329.wav,Angry,205,Angry,Happy,Happy,False,False,False,0.0076797833,4.253529e-06,0.27829033,0.6965763,0.00018723875,0.0073877596,0.009874339
717,inesco,fyat,fyat_a330.wav,Angry,135,Angry,Fear,Happy,False,False,True,0.02386064,7.8478354e-07,0.70835567,0.18253505,5.4450236e-05,6.9141524e-06,0.08518645
718,inesco,fyat,fyat_a331.wav,Angry,193,Angry,Surprise,Angry,False,True,True,0.30673292,9.08829e-06,0.00049158745,0.0009792298,3.353935e-07,3.0926672e-05,0.69175595
719,inesco,fyat,fyat_a332.wav,Angry,129,Angry,Fear,Happy,False,False,True,1.2915993e-05,2.9927612e-08,0.98398733,0.0018805156,9.270816e-07,6.8423574e-06,0.014111443
720,inesco,fyat,fyat_a333.wav,Angry,103,Angry,Angry,Angry,True,True,False,0.9988782,4.104257e-07,0.0006363337,0.00035080273,3.729688e-05,1.6837744e-06,9.5304335e-05
721,inesco,fyat,fyat_a334.wav,Angry,244,Angry,Angry,Angry,True,True,False,0.5832041,0.059605047,0.015259753,0.3288208,3.0190655e-05,0.010533079,0.0025469651
722,inesco,fyat,fyat_a335.wav,Angry,173,Angry,Angry,Angry,True,True,False,0.9755019,4.408995e-05,0.004838493,0.0039601526,3.1287927e-05,5.0711275e-05,0.015573369
723,inesco,fyat,fyat_a336.wav,Angry,205,Angry,Angry,Angry,True,True,False,0.8828794,7.2757284e-06,0.026432741,0.09024321,4.3140167e-06,0.00034176646,9.134154e-05
724,inesco,fyat,fyat_a337.wav,Angry,170,Angry,Angry,Angry,True,True,False,0.98581064,6.7845936e-06,0.0022195827,0.00045596657,2.2824584e-06,1.3921248e-06,0.0115033435
725,inesco,fyat,fyat_a338.wav,Angry,225,Angry,Angry,Angry,True,True,False,0.5525874,0.00085711497,0.04516464,0.13274167,7.469999e-07,0.00013097234,0.26851746
726,inesco,fyat,fyat_a339.wav,Angry,397,Angry,Surprise,Angry,False,True,True,0.021650916,0.0047792043,0.004821957,0.02038237,1.2609802e-07,0.00087786233,0.9474876
727,inesco,fyat,fyat_a340.wav,Angry,109,Angry,Angry,Angry,True,True,False,0.93425924,1.8735742e-06,0.057224143,0.0017121144,0.000119424636,3.0249032e-05,0.0066529247
728,inesco,fyat,fyat_a341.wav,Angry,289,Angry,Surprise,Happy,False,False,True,0.008095532,1.2764303e-06,0.0010720721,0.035571933,5.591893e-09,9.638508e-06,0.95524955
729,inesco,fyat,fyat_a342.wav,Angry,298,Angry,Surprise,Happy,False,False,True,0.013604054,6.471974e-05,0.002944946,0.086638935,2.8974546e-06,0.0002608631,0.89648366
730,inesco,fyat,fyat_a343.wav,Angry,205,Angry,Fear,Happy,False,False,True,0.00024430777,3.4076704e-06,0.9727666,0.020602219,1.7478565e-06,0.0012466203,0.005135189
731,inesco,fyat,fyat_a344.wav,Angry,164,Angry,Surprise,Happy,False,False,True,0.0785718,1.232227e-08,0.042407982,0.4306971,6.477263e-07,1.650078e-07,0.44832227
732,inesco,fyat,fyat_a345.wav,Angry,157,Angry,Fear,Happy,False,False,True,0.00015891819,7.638963e-08,0.7830666,0.17504676,5.278636e-07,4.636682e-06,0.041722536
733,inesco,fyat,fyat_a346.wav,Angry,337,Angry,Angry,Angry,True,True,False,0.8604804,0.01767542,0.037691813,0.0156180635,3.2029177e-05,0.01329934,0.055202898
734,inesco,fyat,fyat_a347.wav,Angry,225,Angry,Fear,Angry,False,True,True,0.16878453,5.8222075e-05,0.7084826,0.038923584,4.0692993e-07,0.0014966921,0.08225391
735,inesco,fyat,fyat_a348.wav,Angry,109,Angry,Fear,Angry,False,True,True,0.26321995,3.9867326e-05,0.42791557,0.05977818,3.7721373e-05,7.1697024e-05,0.24893697
736,inesco,fyat,fyat_a349.wav,Angry,186,Angry,Angry,Angry,True,True,False,0.47309956,4.1889993e-07,0.28986856,0.12160838,2.0386478e-06,2.7517965e-05,0.115393534
737,inesco,fyat,fyat_a350.wav,Angry,401,Angry,Fear,Happy,False,False,True,0.00795411,4.7730027e-06,0.5200538,0.33284092,6.0765274e-08,1.1319131e-05,0.13913505
738,inesco,fyat,fyat_a351.wav,Angry,244,Angry,Angry,Angry,True,True,False,0.9828194,7.6681545e-06,0.0049414877,0.0071046012,8.757365e-08,1.3577042e-05,0.0051133055
739,inesco,fyat,fyat_a352.wav,Angry,189,Angry,Fear,Angry,False,True,True,0.010711293,1.4101968e-05,0.98018974,0.007648419,2.5506792e-05,0.0013045056,0.000106389656
740,inesco,fyat,fyat_a353.wav,Angry,263,Angry,Surprise,Happy,False,False,True,0.0008791798,2.0053794e-05,0.00053936325,0.03337659,1.0172038e-07,0.0008750522,0.9643097
741,inesco,fyat,fyat_a354.wav,Angry,356,Angry,Surprise,Happy,False,False,True,0.011833555,3.9642223e-06,0.010837665,0.0145636285,3.1396112e-08,0.0005723626,0.9621888
742,inesco,fyat,fyat_a355.wav,Angry,266,Angry,Surprise,Angry,False,True,True,0.17693676,0.004052062,0.010137055,0.00038133652,6.9343913e-09,0.00015323357,0.80833954
743,inesco,fyat,fyat_a356.wav,Angry,308,Angry,Surprise,Happy,False,False,True,0.014252758,5.743797e-07,0.04604961,0.08708487,2.279545e-07,2.9886229e-05,0.8525821
744,inesco,fyat,fyat_a357.wav,Angry,205,Angry,Happy,Happy,False,False,False,0.031903885,0.00014539978,0.072441116,0.4673604,0.0013782452,0.025157621,0.40161327
745,inesco,fyat,fyat_a358.wav,Angry,119,Angry,Surprise,Angry,False,True,True,0.2528427,5.3788713e-06,0.011206347,0.003834552,1.945381e-05,0.00019207549,0.73189956
746,inesco,fyat,fyat_a359.wav,Angry,209,Angry,Angry,Angry,True,True,False,0.8994263,9.3015615e-06,0.020704543,0.052686587,0.0042817453,0.0028053161,0.020086251
747,inesco,fyat,fyat_a360.wav,Angry,116,Angry,Fear,Happy,False,False,True,0.01996032,2.5700607e-05,0.6054134,0.14930086,0.16715047,0.0008182033,0.05733112
748,inesco,fyat,fyat_a361.wav,Angry,125,Angry,Fear,Angry,False,True,True,0.031033458,2.231829e-08,0.74035233,0.0010841743,5.015671e-08,1.0864595e-06,0.22752886
749,inesco,fyat,fyat_a362.wav,Angry,71,Angry,Angry,Angry,True,True,False,0.98658526,6.1040564e-06,0.008975519,0.0005634127,7.5686534e-05,2.1455033e-05,0.003772632
750,inesco,fyat,fyat_a363.wav,Angry,141,Angry,Angry,Angry,True,True,False,0.8131016,5.5392277e-08,0.0037048,0.15830697,4.3362784e-06,1.162478e-06,0.024881136
751,inesco,fyat,fyat_a364.wav,Angry,122,Angry,Angry,Angry,True,True,False,0.9393866,3.7387473e-08,0.00014546963,0.00014737216,6.547591e-08,2.8807284e-07,0.06032017
752,inesco,fyat,fyat_a365.wav,Angry,145,Angry,Surprise,Happy,False,False,True,0.014955027,9.2221256e-07,0.18275574,0.08251031,0.0011819028,0.0001466547,0.71844953
753,inesco,fyat,fyat_a366.wav,Angry,205,Angry,Angry,Angry,True,True,False,0.95639986,3.8365194e-08,0.011496231,0.031734876,1.2113644e-07,1.4455321e-07,0.000368847
754,inesco,fyat,fyat_a367.wav,Angry,68,Angry,Angry,Angry,True,True,False,0.99085,3.5264802e-05,0.0008169968,0.0038791308,0.0007884424,0.00027259043,0.0033575783
755,inesco,fyat,fyat_a368.wav,Angry,167,Angry,Happy,Happy,False,False,False,0.051301382,3.540407e-08,0.09450189,0.82643175,6.4655796e-06,4.325124e-06,0.02775416
756,inesco,fyat,fyat_a369.wav,Angry,193,Angry,Angry,Angry,True,True,False,0.91105133,1.4621985e-07,0.0005998108,0.08777648,1.0803648e-06,3.2976157e-08,0.0005711801
757,inesco,fyat,fyat_a370.wav,Angry,161,Angry,Surprise,Happy,False,False,True,0.016890446,1.478622e-07,0.013705918,0.15300573,7.9053086e-07,6.1301733e-07,0.8163964
758,inesco,fyat,fyat_a371.wav,Angry,161,Angry,Fear,Happy,False,False,True,0.0037194702,2.2543434e-05,0.6057092,0.039906006,5.5554534e-05,0.0054567996,0.34513038
759,inesco,fyat,fyat_a372.wav,Angry,237,Angry,Angry,Angry,True,True,False,0.9575087,8.9278586e-08,0.008671895,0.009671946,1.0078917e-07,9.82133e-06,0.024137447
760,inesco,fyat,fyat_a373.wav,Angry,173,Angry,Angry,Angry,True,True,False,0.94711757,1.7952924e-07,0.022349099,0.0023879104,2.7268616e-08,2.1877196e-07,0.028144982
761,inesco,fyat,fyat_a374.wav,Angry,61,Angry,Angry,Angry,True,True,False,0.9963576,6.042084e-07,0.0013598438,0.0011714691,0.00043342396,1.8369044e-05,0.00065861054
762,inesco,fyat,fyat_a375.wav,Angry,260,Angry,Angry,Angry,True,True,False,0.9508263,0.00034117617,0.0010348787,0.03726365,1.0954567e-05,0.007486981,0.003036064
763,inesco,fyat,fyat_a376.wav,Angry,81,Angry,Angry,Angry,True,True,False,0.3345653,7.2987175e-05,0.22261794,0.09600623,0.07178278,0.0053386497,0.26961613
764,inesco,fyat,fyat_a377.wav,Angry,132,Angry,Surprise,Happy,False,False,True,0.0069934605,1.2896443e-07,0.00794022,0.009815127,2.5427805e-06,3.1999494e-07,0.97524816
765,inesco,fyat,fyat_a378.wav,Angry,167,Angry,Surprise,Happy,False,False,True,0.02457451,5.5362793e-06,0.0016805398,0.13070299,0.00033309692,7.1739574e-05,0.8426316
766,inesco,fyat,fyat_a379.wav,Angry,173,Angry,Happy,Happy,False,False,False,0.004772372,3.112123e-08,0.0053921817,0.6618034,4.0910958e-08,1.9740987e-09,0.32803196
767,inesco,fyat,fyat_a380.wav,Angry,305,Angry,Surprise,Happy,False,False,True,0.0002658435,1.4330237e-05,0.010934498,0.010047465,7.1295545e-08,0.00014202151,0.97859573
768,inesco,fyat,fyat_a381.wav,Angry,237,Angry,Angry,Angry,True,True,False,0.8653647,6.3511834e-05,0.0016352667,0.11872359,4.813627e-07,0.00012765861,0.014084732
769,inesco,fyat,fyat_a382.wav,Angry,113,Angry,Surprise,Happy,False,False,True,0.0497939,1.275983e-06,0.018478177,0.23620541,0.0030124518,1.0078547e-05,0.6924986
770,inesco,fyat,fyat_a383.wav,Angry,68,Angry,Neutral,Angry,False,True,True,0.38908616,0.00067775755,0.055056605,0.068764426,0.4388572,0.03654052,0.01101724
771,inesco,fyat,fyat_a384.wav,Angry,125,Angry,Surprise,Angry,False,True,True,0.09121619,3.9048294e-07,0.00604101,0.07823246,4.2105808e-06,1.8240939e-06,0.82450396
772,inesco,fyat,fyat_a385.wav,Angry,119,Angry,Surprise,Angry,False,True,True,0.09956075,3.4044388e-07,0.006678501,0.0047011604,0.00029090635,1.697166e-05,0.8887514
773,inesco,fyat,fyat_a386.wav,Angry,129,Angry,Surprise,Happy,False,False,True,0.0060025253,6.521945e-07,0.0805047,0.3517637,0.00012636709,6.371563e-05,0.56153834
774,inesco,fyat,fyat_a387.wav,Angry,401,Angry,Surprise,Angry,False,True,True,0.03146746,1.0668336e-05,0.038332034,0.019046808,2.680482e-07,7.979664e-05,0.911063
775,inesco,fyat,fyat_a388.wav,Angry,68,Angry,Angry,Angry,True,True,False,0.8596824,1.4912975e-05,0.023130322,0.038227823,0.0006500468,8.5026244e-05,0.07820951
776,inesco,fyat,fyat_a389.wav,Angry,77,Angry,Surprise,Angry,False,True,True,0.30069795,1.927045e-05,0.23620768,0.107193656,0.0016772022,0.00037294038,0.3538313
777,inesco,fyat,fyat_a390.wav,Angry,81,Angry,Angry,Angry,True,True,False,0.98576933,2.1565407e-05,0.0023187217,0.0018542496,4.804072e-05,0.00017314835,0.009814916
778,inesco,fyat,fyat_a391.wav,Angry,55,Angry,Angry,Angry,True,True,False,0.5532102,9.572064e-06,0.01488314,0.04721644,0.0022096564,0.00041338074,0.38205758
779,inesco,fyat,fyat_a392.wav,Angry,49,Angry,Angry,Angry,True,True,False,0.9020808,1.3511744e-05,0.014743038,0.023497233,0.0007248156,0.00015669422,0.058783885
780,inesco,fyat,fyat_a393.wav,Angry,106,Angry,Angry,Angry,True,True,False,0.49828357,1.1935105e-05,0.0035471548,0.018972445,0.0008876526,5.1091592e-05,0.47824615
781,inesco,fyat,fyat_a394.wav,Angry,157,Angry,Happy,Happy,False,False,False,0.20360996,1.2606316e-07,0.004657492,0.7751842,6.568586e-06,7.091046e-08,0.016541572
782,inesco,fyat,fyat_a395.wav,Angry,125,Angry,Surprise,Angry,False,True,True,0.34430552,4.9155665e-07,0.05941445,0.0057165246,3.0311874e-05,2.2339193e-05,0.59051037
783,inesco,fyat,fyat_a396.wav,Angry,234,Angry,Angry,Angry,True,True,False,0.91858166,8.568652e-06,0.0025102603,0.077320434,2.1467174e-06,0.00029989978,0.0012770653
784,inesco,fyat,fyat_a397.wav,Angry,61,Angry,Angry,Angry,True,True,False,0.6378284,0.00019059406,0.004258343,0.26026705,0.078806415,0.0060798633,0.012569226
785,inesco,fyat,fyat_a398.wav,Angry,65,Angry,Surprise,Angry,False,True,True,0.27112684,2.0262365e-05,0.14482757,0.14521606,0.002261561,0.0013764754,0.43517116
786,inesco,fyat,fyat_a399.wav,Angry,401,Angry,Angry,Angry,True,True,False,0.58988404,3.5153782e-05,0.2768545,0.060623854,3.3698243e-06,0.00032315362,0.0722759
787,inesco,fyat,fyat_a400.wav,Angry,241,Angry,Surprise,Happy,False,False,True,0.03519,0.00020835179,0.05055798,0.045648195,3.40891e-07,0.002946959,0.8654481
788,inesco,fyat,fyat_a401.wav,Angry,199,Angry,Angry,Angry,True,True,False,0.53529394,5.761546e-06,0.226412,0.13718857,4.9692673e-05,6.5835615e-05,0.10098423
789,inesco,fyat,fyat_h001.wav,Happy,231,Happy,Surprise,Angry,False,False,True,0.027250096,0.012935287,0.012459185,0.0015474905,5.7284018e-05,0.00060642423,0.9451442
790,inesco,fyat,fyat_h002.wav,Happy,148,Happy,Surprise,Happy,False,True,True,0.0033510667,1.8647928e-06,0.00026085207,0.112393744,1.3802837e-05,1.6163173e-06,0.88397706
791,inesco,fyat,fyat_h003.wav,Happy,237,Happy,Surprise,Happy,False,True,True,0.026593693,0.007452238,0.027593018,0.14953904,0.00014963474,0.025786262,0.7628861
792,inesco,fyat,fyat_h004.wav,Happy,84,Happy,Angry,Angry,False,False,False,0.8170571,5.387742e-05,0.14233686,0.034998994,0.0015469592,0.00017195042,0.0038342727
793,inesco,fyat,fyat_h005.wav,Happy,177,Happy,Surprise,Happy,False,True,True,0.0027084157,0.00021142412,1.8856503e-05,0.21313857,1.0200512e-07,7.888489e-06,0.7839146
794,inesco,fyat,fyat_h006.wav,Happy,234,Happy,Disgust,Sad,False,False,True,0.025563039,0.6741257,0.0055793487,0.0011902396,0.00034424284,0.029686049,0.26351142
795,inesco,fyat,fyat_h007.wav,Happy,157,Happy,Angry,Angry,False,False,False,0.9895928,2.2485918e-05,0.0003346552,0.0010533677,0.003077084,0.00013682921,0.0057827453
796,inesco,fyat,fyat_h008.wav,Happy,257,Happy,Angry,Angry,False,False,False,0.99374866,0.00067157013,0.00014738875,0.0048179245,7.68029e-06,0.000109216155,0.0004975277
797,inesco,fyat,fyat_h009.wav,Happy,209,Happy,Surprise,Happy,False,True,True,0.0006617199,0.00010870885,0.014807906,0.08893106,3.355501e-06,2.052569e-05,0.8954666
798,inesco,fyat,fyat_h010.wav,Happy,247,Happy,Happy,Happy,True,True,False,0.30851102,0.0016715246,0.004767301,0.5388774,0.024970034,0.04237595,0.07882675
799,inesco,fyat,fyat_h011.wav,Happy,237,Happy,Angry,Angry,False,False,False,0.79377395,0.06393823,0.00076025253,0.06971408,0.021805668,0.04694583,0.003061938
800,inesco,fyat,fyat_h012.wav,Happy,273,Happy,Surprise,Happy,False,True,True,0.06706514,3.1073156e-05,0.025228426,0.45223814,7.513256e-07,0.00010529673,0.45533112
801,inesco,fyat,fyat_h013.wav,Happy,337,Happy,Surprise,Happy,False,True,True,0.0007093322,6.084515e-07,1.559969e-05,0.0045639826,2.2769389e-09,2.038074e-06,0.9947084
802,inesco,fyat,fyat_h014.wav,Happy,401,Happy,Sad,Sad,False,False,False,0.003753902,0.010990825,0.004903693,0.093288176,0.24735619,0.63940793,0.00029933456
803,inesco,fyat,fyat_h015.wav,Happy,183,Happy,Surprise,Happy,False,True,True,0.00024174123,8.861994e-08,1.5689735e-05,0.024255613,1.5519508e-10,1.9674765e-08,0.97548693
804,inesco,fyat,fyat_h016.wav,Happy,257,Happy,Surprise,Angry,False,False,True,0.103682004,0.0010913986,0.01849948,0.0011653294,1.02730645e-07,0.0025584647,0.87300324
805,inesco,fyat,fyat_h017.wav,Happy,180,Happy,Angry,Angry,False,False,False,0.6325379,2.0147505e-05,0.19631995,0.094688356,0.0010111479,0.0041599553,0.07126257
806,inesco,fyat,fyat_h018.wav,Happy,401,Happy,Happy,Happy,True,True,False,0.09883538,0.006022772,0.00069443625,0.87909764,1.7612283e-06,0.0015997789,0.013748193
807,inesco,fyat,fyat_h019.wav,Happy,276,Happy,Surprise,Happy,False,True,True,0.0016635869,0.00028737503,0.00020114004,0.0018065128,6.119474e-08,4.751962e-05,0.99599373
808,inesco,fyat,fyat_h020.wav,Happy,266,Happy,Surprise,Angry,False,False,True,0.07997266,0.0019104689,0.012021493,0.02350578,6.573675e-06,0.0017565766,0.88082653
809,inesco,fyat,fyat_h021.wav,Happy,378,Happy,Surprise,Angry,False,False,True,0.0019729068,2.1167397e-08,5.824406e-05,0.0009898514,2.8851582e-10,6.073396e-08,0.9969789
810,inesco,fyat,fyat_h022.wav,Happy,372,Happy,Angry,Angry,False,False,False,0.4856451,0.048695546,0.0013156628,0.33857167,6.191741e-05,0.0053804787,0.12032958
811,inesco,fyat,fyat_h023.wav,Happy,228,Happy,Surprise,Angry,False,False,True,0.38243362,5.627285e-07,0.0055063167,0.17598826,4.2491216e-08,2.7401786e-06,0.43606848
812,inesco,fyat,fyat_h024.wav,Happy,145,Happy,Surprise,Happy,False,True,True,0.00012438624,3.0575875e-09,0.0002478436,0.0037983935,5.0872853e-07,3.7318964e-07,0.99582857
813,inesco,fyat,fyat_h025.wav,Happy,218,Happy,Angry,Angry,False,False,False,0.78314096,0.005490655,0.0006132712,0.13658251,0.001635198,0.0017051003,0.07083234
814,inesco,fyat,fyat_h026.wav,Happy,289,Happy,Happy,Happy,True,True,False,0.016375385,0.014054513,0.07360927,0.8241902,0.00045736774,0.0029063236,0.06840703
815,inesco,fyat,fyat_h027.wav,Happy,260,Happy,Surprise,Angry,False,False,True,0.14700222,0.018784959,0.0017721531,0.10887781,4.216285e-05,0.003788364,0.7197324
816,inesco,fyat,fyat_h028.wav,Happy,173,Happy,Happy,Happy,True,True,False,0.046772674,1.3707981e-06,0.3721421,0.5579565,7.078905e-05,0.00040012872,0.022656376
817,inesco,fyat,fyat_h029.wav,Happy,324,Happy,Happy,Happy,True,True,False,0.19403188,0.0015250875,0.0059193624,0.75222313,0.0012654408,0.010967773,0.034067426
818,inesco,fyat,fyat_h030.wav,Happy,218,Happy,Surprise,Happy,False,True,True,0.0056753512,2.2647677e-05,6.955286e-06,0.021551838,0.017202478,5.0533725e-07,0.9555402
819,inesco,fyat,fyat_h031.wav,Happy,401,Happy,Angry,Angry,False,False,False,0.32639992,0.03259972,0.10508615,0.15799844,0.054669928,0.12815802,0.19508785
820,inesco,fyat,fyat_h032.wav,Happy,285,Happy,Surprise,Angry,False,False,True,0.18668395,0.0024231956,0.0021935445,0.009709885,1.1016252e-05,0.00051518396,0.79846317
821,inesco,fyat,fyat_h033.wav,Happy,273,Happy,Happy,Happy,True,True,False,0.0186809,0.014370981,0.0022447847,0.8067662,3.0537383e-06,0.14693432,0.010999804
822,inesco,fyat,fyat_h034.wav,Happy,285,Happy,Angry,Angry,False,False,False,0.8505803,0.11709672,3.68333e-05,0.0007065731,0.00089840585,0.030209599,0.00047155208
823,inesco,fyat,fyat_h035.wav,Happy,346,Happy,Sad,Sad,False,False,False,0.10958809,0.032371704,0.00029287598,0.0030944857,0.0009983265,0.8526348,0.0010197245
824,inesco,fyat,fyat_h036.wav,Happy,401,Happy,Happy,Happy,True,True,False,0.009769277,2.13286e-05,0.07583678,0.7644406,3.5763042e-06,0.00013912053,0.14978932
825,inesco,fyat,fyat_h037.wav,Happy,401,Happy,Disgust,Happy,False,True,True,0.02893469,0.513284,0.104257286,0.21379982,0.0022885292,0.08196288,0.05547275
826,inesco,fyat,fyat_h038.wav,Happy,401,Happy,Sad,Sad,False,False,False,0.006782215,0.0081477985,0.002872817,0.029376186,0.001991917,0.9504862,0.00034288023
827,inesco,fyat,fyat_h039.wav,Happy,282,Happy,Angry,Angry,False,False,False,0.4838107,0.0061764326,0.0011412096,0.27922204,1.3289335e-05,0.00526127,0.224375
828,inesco,fyat,fyat_h040.wav,Happy,401,Happy,Surprise,Happy,False,True,True,0.0014165046,5.5757726e-05,0.015545631,0.022073809,6.102613e-07,0.0009626375,0.9599451
829,inesco,fyat,fyat_h041.wav,Happy,100,Happy,Surprise,Happy,False,True,True,0.046111967,9.657526e-06,0.023835456,0.09970004,0.024894997,0.00028276394,0.8051651
830,inesco,fyat,fyat_h042.wav,Happy,253,Happy,Sad,Sad,False,False,False,0.20562598,0.07328128,0.024149165,0.026060045,0.0015825374,0.6469305,0.0223705
831,inesco,fyat,fyat_h043.wav,Happy,401,Happy,Happy,Happy,True,True,False,0.0007684633,2.0145435e-05,0.07833926,0.903389,0.0002276545,0.002521039,0.014734394
832,inesco,fyat,fyat_h044.wav,Happy,372,Happy,Happy,Happy,True,True,False,0.072851546,0.000121999794,0.0002034128,0.8734912,1.52014245e-05,0.00070648245,0.052610196
833,inesco,fyat,fyat_h045.wav,Happy,276,Happy,Disgust,Angry,False,False,True,0.12157246,0.7818591,0.00050821615,0.0024821388,0.025631465,0.066541284,0.0014052748
834,inesco,fyat,fyat_h046.wav,Happy,269,Happy,Angry,Angry,False,False,False,0.98728776,0.00036276752,2.24547e-06,0.0019327769,7.5655857e-06,1.986341e-06,0.010404895
835,inesco,fyat,fyat_h047.wav,Happy,276,Happy,Neutral,Sad,False,False,True,0.1901009,0.000798525,5.268089e-05,0.015630148,0.56598073,0.22723535,0.0002017661
836,inesco,fyat,fyat_h048.wav,Happy,237,Happy,Angry,Angry,False,False,False,0.69217485,0.007394147,0.010777404,0.13190834,8.995553e-05,0.0033095034,0.15434583
837,inesco,fyat,fyat_h049.wav,Happy,253,Happy,Sad,Sad,False,False,False,0.00898209,0.0073548057,0.0014738102,0.08512487,0.110551454,0.7861735,0.00033941434
838,inesco,fyat,fyat_h050.wav,Happy,173,Happy,Happy,Happy,True,True,False,0.0075782873,3.3283637e-08,0.1789423,0.79569167,4.156937e-06,0.00018533264,0.017598132
839,inesco,fyat,fyat_h051.wav,Happy,401,Happy,Happy,Happy,True,True,False,0.024518557,0.003144845,0.03164708,0.8112356,3.2129246e-05,0.023385536,0.106036164
840,inesco,fyat,fyat_h052.wav,Happy,401,Happy,Happy,Happy,True,True,False,0.10373469,0.002854859,0.0026262433,0.7100792,0.0151774855,0.1494664,0.016061159
841,inesco,fyat,fyat_h053.wav,Happy,401,Happy,Happy,Happy,True,True,False,0.07105773,0.16470866,0.051769994,0.40513498,0.06051946,0.22814856,0.018660652
842,inesco,fyat,fyat_h054.wav,Happy,362,Happy,Happy,Happy,True,True,False,0.28103843,0.008905331,0.010533283,0.6162081,0.002605305,0.01591537,0.06479428
843,inesco,fyat,fyat_h055.wav,Happy,401,Happy,Happy,Happy,True,True,False,0.13603385,0.0019035495,0.0024738384,0.5790014,0.0003941533,0.26119414,0.01899907
844,inesco,fyat,fyat_h056.wav,Happy,359,Happy,Sad,Sad,False,False,False,0.24246448,0.022243405,0.00016559714,0.009622296,0.020091528,0.62865466,0.07675805
845,inesco,fyat,fyat_h057.wav,Happy,369,Happy,Sad,Sad,False,False,False,0.00056895026,0.00036226603,5.9379756e-05,0.002002706,0.108266704,0.8875118,0.0012281897
846,inesco,fyat,fyat_h058.wav,Happy,401,Happy,Angry,Angry,False,False,False,0.57018286,0.0054667694,0.0007461367,0.13123983,0.0024199558,0.25520507,0.034739375
847,inesco,fyat,fyat_h059.wav,Happy,298,Happy,Angry,Angry,False,False,False,0.97618246,0.00702616,5.6827594e-05,0.011321668,0.0022216102,0.0018010159,0.0013902633
848,inesco,fyat,fyat_h060.wav,Happy,401,Happy,Happy,Happy,True,True,False,0.0119025,0.00019555564,0.003341687,0.9151325,0.000411776,0.02868304,0.040332917
849,inesco,fyat,fyat_h061.wav,Happy,148,Happy,Surprise,Angry,False,False,True,0.002333886,1.705004e-06,0.02803407,0.0019452056,3.1775025e-06,1.7648441e-05,0.96766424
850,inesco,fyat,fyat_h062.wav,Happy,365,Happy,Neutral,Happy,False,True,True,0.06299422,0.016147325,0.00075277884,0.17414683,0.62393254,0.120933615,0.0010926587
851,inesco,fyat,fyat_h063.wav,Happy,301,Happy,Neutral,Angry,False,False,True,0.30289912,0.0019271416,2.5229736e-05,0.007799477,0.6699695,0.017364044,1.5473412e-05
852,inesco,fyat,fyat_h064.wav,Happy,276,Happy,Angry,Angry,False,False,False,0.45444113,0.009444091,0.0007465737,0.03825676,0.41892818,0.07784858,0.00033474882
853,inesco,fyat,fyat_h065.wav,Happy,375,Happy,Surprise,Happy,False,True,True,0.008879874,0.01333568,0.017556552,0.0300599,0.00059312483,0.014967178,0.9146077
854,inesco,fyat,fyat_h066.wav,Happy,311,Happy,Happy,Happy,True,True,False,0.19141814,0.004901376,0.13962819,0.6268651,6.514688e-06,0.003181633,0.03399915
855,inesco,fyat,fyat_h067.wav,Happy,401,Happy,Happy,Happy,True,True,False,0.22679113,0.011307157,0.025236145,0.5220915,0.0015932885,0.08222617,0.13075465
856,inesco,fyat,fyat_h068.wav,Happy,401,Happy,Angry,Angry,False,False,False,0.39960876,0.010478565,0.07202245,0.11549111,0.06180691,0.19247697,0.14811516
857,inesco,fyat,fyat_h069.wav,Happy,401,Happy,Sad,Sad,False,False,False,0.027477996,0.0031552913,0.0141175445,0.295297,0.017624592,0.6419611,0.00036647372
858,inesco,fyat,fyat_h070.wav,Happy,401,Happy,Happy,Happy,True,True,False,0.10948203,0.121008545,0.0011585371,0.67448723,0.040056318,0.052890252,0.0009170458
859,inesco,fyat,fyat_h071.wav,Happy,381,Happy,Sad,Sad,False,False,False,0.011649348,0.0008217863,0.00033080048,0.38176328,0.04853066,0.5527583,0.004145831
860,inesco,fyat,fyat_h072.wav,Happy,372,Happy,Sad,Sad,False,False,False,0.005747686,0.02317715,0.004711958,0.09257394,0.23633154,0.63704324,0.00041449888
861,inesco,fyat,fyat_h073.wav,Happy,202,Happy,Neutral,Angry,False,False,True,0.26567572,0.0017338744,0.000106801184,0.11267931,0.6177219,0.001534686,0.00054763904
862,inesco,fyat,fyat_h074.wav,Happy,353,Happy,Surprise,Angry,False,False,True,0.2258635,0.0032950437,0.004892347,0.18770118,0.00020290827,0.20242715,0.37561795
863,inesco,fyat,fyat_h075.wav,Happy,250,Happy,Surprise,Angry,False,False,True,0.40410712,0.0015068348,0.001193396,0.15859835,9.044656e-06,6.318147e-05,0.4345221
864,inesco,fyat,fyat_h076.wav,Happy,263,Happy,Angry,Angry,False,False,False,0.78932965,0.002736712,0.004701036,0.12404451,0.01558716,0.062293965,0.0013070045
865,inesco,fyat,fyat_h077.wav,Happy,308,Happy,Angry,Angry,False,False,False,0.92690194,0.003727273,6.887992e-05,0.0110095255,0.00030738817,0.0009776674,0.057007395
866,inesco,fyat,fyat_h078.wav,Happy,273,Happy,Angry,Angry,False,False,False,0.5838355,0.06387746,0.00013551491,0.0018683794,0.054470737,0.2953918,0.00042066592
867,inesco,fyat,fyat_h079.wav,Happy,401,Happy,Angry,Angry,False,False,False,0.6515397,0.11679816,0.0006581663,0.09648421,0.004564767,0.119747795,0.01020728
868,inesco,fyat,fyat_h080.wav,Happy,401,Happy,Surprise,Happy,False,True,True,0.0024180491,7.773981e-05,0.016778562,0.012480309,7.1323706e-07,0.00036746857,0.9678772
869,inesco,fyat,fyat_h081.wav,Happy,372,Happy,Happy,Happy,True,True,False,0.17012464,0.07539113,0.025792815,0.41606072,0.0034799445,0.047976725,0.26117408
870,inesco,fyat,fyat_h082.wav,Happy,391,Happy,Sad,Sad,False,False,False,0.004991438,0.00066418684,0.00054523494,0.06679812,0.0027346232,0.9233069,0.0009594287
871,inesco,fyat,fyat_h083.wav,Happy,401,Happy,Surprise,Sad,False,False,True,0.017475767,0.0067753857,0.00867838,0.0889875,0.1836213,0.13990541,0.55455625
872,inesco,fyat,fyat_h084.wav,Happy,244,Happy,Angry,Angry,False,False,False,0.933366,0.0036760552,0.0008583793,0.0074867606,3.3631322e-06,0.0027581167,0.051851362
873,inesco,fyat,fyat_h085.wav,Happy,401,Happy,Sad,Sad,False,False,False,0.10518541,0.04360599,0.0072263577,0.3440469,0.010778779,0.4181386,0.07101799
874,inesco,fyat,fyat_h086.wav,Happy,321,Happy,Happy,Happy,True,True,False,0.15474215,0.006628138,0.039706662,0.4317189,0.08421216,0.27229986,0.010692105
875,inesco,fyat,fyat_h087.wav,Happy,218,Happy,Surprise,Happy,False,True,True,0.001270431,0.0013302694,0.043590017,0.17860566,0.001116887,0.0001453295,0.77394134
876,inesco,fyat,fyat_h088.wav,Happy,321,Happy,Surprise,Angry,False,False,True,0.0042657205,0.05999072,0.002655513,0.0015005652,1.4057739e-05,0.0018173965,0.9297561
877,inesco,fyat,fyat_h089.wav,Happy,401,Happy,Sad,Sad,False,False,False,0.023209184,0.005164778,5.818307e-05,0.06247953,0.21637398,0.69258446,0.00012990888
878,inesco,fyat,fyat_h090.wav,Happy,113,Happy,Fear,Angry,False,False,True,0.09479813,0.00070830836,0.83599526,0.016499156,0.0047786697,0.0011464646,0.04607399
879,inesco,fyat,fyat_h091.wav,Happy,401,Happy,Sad,Sad,False,False,False,0.23070125,0.02361645,7.227205e-05,0.0080384305,0.058203243,0.6793231,4.5236528e-05
880,inesco,fyat,fyat_h092.wav,Happy,215,Happy,Happy,Happy,True,True,False,0.03789873,0.0006089084,0.0006115178,0.8659225,0.040594667,0.0030082613,0.051355388
881,inesco,fyat,fyat_h093.wav,Happy,378,Happy,Angry,Angry,False,False,False,0.73683107,0.04290611,0.00010569282,0.008183845,0.14840072,0.06283755,0.00073502166
882,inesco,fyat,fyat_h094.wav,Happy,375,Happy,Happy,Happy,True,True,False,0.3342114,0.00051081297,0.0007015659,0.54495394,3.5801102e-05,0.00054654124,0.11903993
883,inesco,fyat,fyat_h095.wav,Happy,301,Happy,Neutral,Angry,False,False,True,0.24695587,0.02945832,0.00039822963,0.004659881,0.6610198,0.057261262,0.00024660994
884,inesco,fyat,fyat_h096.wav,Happy,209,Happy,Neutral,Happy,False,True,True,0.0005849446,6.494354e-06,0.005085804,0.032828763,0.9501574,0.00977105,0.0015655663
885,inesco,fyat,fyat_h097.wav,Happy,225,Happy,Surprise,Happy,False,True,True,0.02201122,7.9702395e-06,0.0020210596,0.38396344,2.9291305e-06,4.2931668e-05,0.5919505
886,inesco,fyat,fyat_h098.wav,Happy,401,Happy,Surprise,Happy,False,True,True,0.00031734354,3.3666147e-05,0.07217251,0.2969409,2.9963576e-05,0.0013663694,0.6291393
887,inesco,fyat,fyat_h099.wav,Happy,109,Happy,Surprise,Happy,False,True,True,0.00084657356,6.8414994e-07,0.17986242,0.019844504,3.8893854e-06,2.1714632e-05,0.7994201
888,inesco,fyat,fyat_h100.wav,Happy,228,Happy,Surprise,Angry,False,False,True,0.3532446,0.0005541752,1.0149879e-05,0.003857666,8.6137e-05,9.059637e-07,0.6422463
889,inesco,fyat,fyat_h101.wav,Happy,273,Happy,Angry,Angry,False,False,False,0.9840995,0.0061437394,3.0157323e-06,0.007556117,0.0016706627,0.00051763235,9.368655e-06
890,inesco,fyat,fyat_h102.wav,Happy,234,Happy,Angry,Angry,False,False,False,0.5362738,0.047041804,0.005127059,0.108753964,0.19936758,0.095614925,0.007820907
891,inesco,fyat,fyat_h103.wav,Happy,401,Happy,Happy,Happy,True,True,False,0.006465529,0.0006812122,0.0082564205,0.562835,0.0013881112,0.26530978,0.15506396
892,inesco,fyat,fyat_h104.wav,Happy,401,Happy,Happy,Happy,True,True,False,0.030610502,0.000105069106,0.00079671893,0.9443869,5.0073228e-05,0.0054544155,0.01859635
893,inesco,fyat,fyat_h105.wav,Happy,263,Happy,Angry,Angry,False,False,False,0.73280114,0.0007259243,2.8551758e-05,0.25008106,0.004309847,0.010252666,0.0018008176
894,inesco,fyat,fyat_h106.wav,Happy,305,Happy,Angry,Angry,False,False,False,0.86545295,0.008522344,0.0032019834,0.10081511,0.0060452847,0.007424277,0.008538098
895,inesco,fyat,fyat_h107.wav,Happy,401,Happy,Sad,Sad,False,False,False,0.03431965,0.006426355,0.0040741153,0.33106878,0.10127202,0.38114363,0.14169545
896,inesco,fyat,fyat_h108.wav,Happy,401,Happy,Surprise,Happy,False,True,True,0.07204113,0.0012525768,0.0033544197,0.20005988,6.992908e-05,0.00081345055,0.7224086
897,inesco,fyat,fyat_h109.wav,Happy,276,Happy,Angry,Angry,False,False,False,0.77810556,0.005984056,0.0014744127,0.15016183,0.040573586,0.017379677,0.006320905
898,inesco,fyat,fyat_h110.wav,Happy,401,Happy,Happy,Happy,True,True,False,0.30623704,0.12824339,0.005933286,0.50003135,0.0026314892,0.04680898,0.010114477
899,inesco,fyat,fyat_h111.wav,Happy,327,Happy,Surprise,Happy,False,True,True,0.14381091,0.019057445,0.0044155368,0.25313973,0.00017288778,0.012543763,0.5668597
900,inesco,fyat,fyat_h112.wav,Happy,401,Happy,Angry,Angry,False,False,False,0.764889,0.009322561,0.00013147145,0.19748619,0.0019716606,0.022378553,0.0038206223
901,inesco,fyat,fyat_h113.wav,Happy,401,Happy,Happy,Happy,True,True,False,0.0077281613,7.612161e-05,0.05208029,0.6901021,2.2831266e-06,0.0044402783,0.24557076
902,inesco,fyat,fyat_h114.wav,Happy,228,Happy,Angry,Angry,False,False,False,0.8927565,0.00026032195,0.00012403847,0.044577718,7.964905e-05,3.0891358e-06,0.062198646
903,inesco,fyat,fyat_h115.wav,Happy,401,Happy,Angry,Angry,False,False,False,0.62449914,0.081750385,2.9530942e-05,0.030605609,0.015154326,0.2477421,0.00021884996
904,inesco,fyat,fyat_h116.wav,Happy,135,Happy,Surprise,Angry,False,False,True,0.35984,0.00013112108,0.0009988414,0.17298225,0.008247966,7.337137e-05,0.45772636
905,inesco,fyat,fyat_h117.wav,Happy,253,Happy,Disgust,Sad,False,False,True,0.059417706,0.45875067,0.0009929091,0.017620502,0.08071921,0.36676896,0.01573012
906,inesco,fyat,fyat_h118.wav,Happy,349,Happy,Happy,Happy,True,True,False,0.019671263,0.014768571,0.0029843163,0.5349863,0.0133678615,0.39496794,0.0192537
907,inesco,fyat,fyat_h119.wav,Happy,317,Happy,Angry,Angry,False,False,False,0.4146342,0.041203022,0.028416984,0.16892594,0.015676519,0.018574951,0.31256834
908,inesco,fyat,fyat_h120.wav,Happy,401,Happy,Happy,Happy,True,True,False,0.25549603,0.0013467869,1.1415663e-05,0.7302517,0.00024022984,0.011945686,0.0007081653
909,inesco,fyat,fyat_h121.wav,Happy,266,Happy,Surprise,Happy,False,True,True,0.019156799,0.0014173957,0.00046766028,0.028137568,4.0401162e-07,3.9781953e-06,0.95081615
910,inesco,fyat,fyat_h122.wav,Happy,276,Happy,Disgust,Angry,False,False,True,0.14897417,0.49827522,0.00090990105,0.0022810372,0.2563842,0.09216441,0.0010110585
911,inesco,fyat,fyat_h123.wav,Happy,337,Happy,Surprise,Happy,False,True,True,0.00012022631,0.00018303255,0.0072127706,0.019079352,4.3207915e-08,0.00023788698,0.97316664
912,inesco,fyat,fyat_h124.wav,Happy,321,Happy,Surprise,Angry,False,False,True,0.4180964,0.06164756,0.01279908,0.020244116,0.0005488565,0.0032095576,0.4834544
913,inesco,fyat,fyat_h125.wav,Happy,157,Happy,Fear,Happy,False,True,True,6.164411e-05,6.506446e-07,0.9975434,0.0005504704,0.00017089203,2.7528083e-06,0.0016702035
914,inesco,fyat,fyat_h126.wav,Happy,401,Happy,Surprise,Happy,False,True,True,0.008850194,0.0022881886,0.011017216,0.16821977,0.0004243893,0.015165636,0.79403466
915,inesco,fyat,fyat_h127.wav,Happy,260,Happy,Surprise,Angry,False,False,True,0.007599071,0.00018030271,0.00035664256,0.0032873335,4.0020865e-08,4.7749e-05,0.9885288
916,inesco,fyat,fyat_h128.wav,Happy,257,Happy,Surprise,Happy,False,True,True,0.19117562,2.0612113e-05,0.0010512605,0.38751,1.8415376e-07,9.827227e-05,0.42014402
917,inesco,fyat,fyat_h129.wav,Happy,212,Happy,Surprise,Angry,False,False,True,0.10426335,0.023957433,0.012987787,0.036441043,0.2413298,0.00052495673,0.58049566
918,inesco,fyat,fyat_h130.wav,Happy,183,Happy,Fear,Happy,False,True,True,5.074903e-05,4.6927842e-05,0.99906915,0.0003283666,7.3036695e-06,0.00022697443,0.00027061
919,inesco,fyat,fyat_h131.wav,Happy,202,Happy,Surprise,Happy,False,True,True,0.0036784664,0.00032997227,0.014349921,0.40980023,6.932262e-05,0.0013759445,0.5703961
920,inesco,fyat,fyat_h132.wav,Happy,372,Happy,Angry,Angry,False,False,False,0.5813231,0.009962536,0.0036490774,0.22921497,0.002654345,0.0059356783,0.16726033
921,inesco,fyat,fyat_h133.wav,Happy,241,Happy,Angry,Angry,False,False,False,0.73253524,0.0025888898,0.14861532,0.022132734,1.6761604e-05,0.021299187,0.072811805
922,inesco,fyat,fyat_h134.wav,Happy,401,Happy,Happy,Happy,True,True,False,0.39208516,0.010285354,2.3937448e-05,0.5957869,0.0006456747,0.000177013,0.0009959096
923,inesco,fyat,fyat_h135.wav,Happy,273,Happy,Surprise,Happy,False,True,True,0.10918876,0.00020735698,0.0014693517,0.19481301,5.7313602e-05,0.0008818944,0.69338226
924,inesco,fyat,fyat_h136.wav,Happy,266,Happy,Fear,Happy,False,True,True,0.00030927843,9.768695e-06,0.5259085,0.044965398,3.5068854e-07,0.00020706872,0.4285996
925,inesco,fyat,fyat_h137.wav,Happy,221,Happy,Disgust,Sad,False,False,True,0.019210568,0.7044241,0.050900336,0.04204678,0.04644803,0.13090676,0.0060634958
926,inesco,fyat,fyat_h138.wav,Happy,260,Happy,Angry,Angry,False,False,False,0.5569512,0.039547347,0.005726457,0.1749132,0.04461411,0.08568567,0.09256195
927,inesco,fyat,fyat_h139.wav,Happy,314,Happy,Neutral,Sad,False,False,True,0.0014152933,0.0047023655,3.9711224e-05,0.00014141246,0.987207,0.0064925565,1.6224899e-06
928,inesco,fyat,fyat_h140.wav,Happy,180,Happy,Neutral,Happy,False,True,True,0.0007996652,9.944764e-05,0.004632278,0.03763452,0.9241631,0.031451333,0.0012196411
929,inesco,fyat,fyat_h141.wav,Happy,237,Happy,Happy,Happy,True,True,False,0.28904974,0.0014359629,0.0037155242,0.46107414,9.3344e-06,1.3087633e-05,0.24470218
930,inesco,fyat,fyat_h142.wav,Happy,180,Happy,Angry,Angry,False,False,False,0.5853672,4.680305e-06,0.004488994,0.38031605,0.0043954533,0.00027167727,0.025155874
931,inesco,fyat,fyat_h143.wav,Happy,298,Happy,Angry,Angry,False,False,False,0.9513812,0.005873908,0.00090215215,0.009446736,0.0001322798,0.013784668,0.018479066
932,inesco,fyat,fyat_h144.wav,Happy,343,Happy,Surprise,Happy,False,True,True,0.010045866,0.00014093242,0.014971412,0.3900145,2.4290252e-05,0.0005554219,0.5842476
933,inesco,fyat,fyat_h145.wav,Happy,218,Happy,Neutral,Angry,False,False,True,0.066339836,0.32877615,0.00013176129,0.0018319746,0.5666772,0.03622603,1.7078299e-05
934,inesco,fyat,fyat_h146.wav,Happy,93,Happy,Surprise,Angry,False,False,True,0.28690857,0.001519148,0.19913764,0.042035263,0.03432235,0.0056954147,0.43038154
935,inesco,fyat,fyat_h147.wav,Happy,167,Happy,Angry,Angry,False,False,False,0.55908215,3.917345e-05,0.0020712372,0.065909244,0.0030368457,7.150311e-05,0.36978984
936,inesco,fyat,fyat_h148.wav,Happy,157,Happy,Neutral,Happy,False,True,True,4.396637e-05,8.826238e-05,0.053522117,0.027148345,0.908654,0.010502039,4.1238196e-05
937,inesco,fyat,fyat_h149.wav,Happy,346,Happy,Surprise,Happy,False,True,True,0.09226054,0.011639439,0.019920625,0.21199742,0.0003214392,0.013132162,0.65072834
938,inesco,fyat,fyat_h150.wav,Happy,237,Happy,Happy,Happy,True,True,False,0.37531674,0.022840085,0.008526711,0.5546934,0.0032405746,0.0019930946,0.033389412
939,inesco,fyat,fyat_h151.wav,Happy,305,Happy,Angry,Angry,False,False,False,0.4568254,0.01203607,0.021744255,0.17260312,9.576114e-05,0.014307093,0.32238838
940,inesco,fyat,fyat_h152.wav,Happy,401,Happy,Sad,Sad,False,False,False,0.05380731,0.11349669,0.10285581,0.05089833,0.013733258,0.5801433,0.085065246
941,inesco,fyat,fyat_h153.wav,Happy,401,Happy,Surprise,Happy,False,True,True,0.021292903,0.021026934,0.0073692887,0.10523047,4.1798107e-06,0.0011493312,0.8439269
942,inesco,fyat,fyat_h154.wav,Happy,285,Happy,Angry,Angry,False,False,False,0.7956311,0.07563256,0.0051654093,0.09036498,0.0022555136,0.025125667,0.005824687
943,inesco,fyat,fyat_h155.wav,Happy,247,Happy,Angry,Angry,False,False,False,0.8852915,0.00025413212,0.0027494421,0.010394505,9.9917976e-08,9.832416e-06,0.101300515
944,inesco,fyat,fyat_h156.wav,Happy,388,Happy,Surprise,Happy,False,True,True,0.00027578665,6.6945766e-05,0.012371618,0.0026041279,2.441485e-06,0.0021514585,0.98252755
945,inesco,fyat,fyat_h157.wav,Happy,381,Happy,Angry,Angry,False,False,False,0.8695021,0.10227142,0.0013244984,0.018020077,1.4623562e-05,0.0029400417,0.005927103
946,inesco,fyat,fyat_h158.wav,Happy,401,Happy,Sad,Sad,False,False,False,0.007625149,0.10094108,1.7686605e-05,0.0006862235,0.0029926824,0.88762814,0.00010899473
947,inesco,fyat,fyat_h159.wav,Happy,327,Happy,Angry,Angry,False,False,False,0.64946645,0.006655951,0.00014352605,0.006783391,0.3250013,0.01042548,0.0015239292
948,inesco,fyat,fyat_h160.wav,Happy,346,Happy,Neutral,Angry,False,False,True,0.36204377,0.07274502,9.51679e-05,0.0074243722,0.5229064,0.034539945,0.00024530332
949,inesco,fyat,fyat_h161.wav,Happy,247,Happy,Disgust,Angry,False,False,True,0.36021549,0.41045296,0.00037609876,0.07197119,0.14936307,0.0075144577,0.00010668414
950,inesco,fyat,fyat_h162.wav,Happy,343,Happy,Sad,Sad,False,False,False,0.028761106,0.1068306,0.0024937638,0.042058293,0.20026156,0.6190954,0.00049930334
951,inesco,fyat,fyat_h163.wav,Happy,308,Happy,Happy,Happy,True,True,False,0.23300116,0.00028649485,5.1119787e-05,0.45045605,0.00026330916,4.3149645e-05,0.31589872
952,inesco,fyat,fyat_h164.wav,Happy,106,Happy,Surprise,Happy,False,True,True,0.041601498,0.00026614664,0.27581766,0.16354898,0.18731222,0.0031534322,0.32830012
953,inesco,fyat,fyat_h165.wav,Happy,279,Happy,Sad,Sad,False,False,False,0.014200424,0.0028208788,0.0035557575,0.003657426,0.013491617,0.9619233,0.00035053576
954,inesco,fyat,fyat_h166.wav,Happy,141,Happy,Surprise,Happy,False,True,True,0.038367815,0.0005524642,0.18289812,0.07755323,0.055341013,0.009466249,0.6358212
955,inesco,fyat,fyat_h167.wav,Happy,157,Happy,Angry,Angry,False,False,False,0.6343887,5.5354344e-06,0.009151468,0.3338187,0.013226805,0.00016084976,0.009247985
956,inesco,fyat,fyat_h168.wav,Happy,228,Happy,Angry,Angry,False,False,False,0.8957514,0.00038286226,5.2289735e-05,0.0010403793,0.06705178,0.03544602,0.00027524092
957,inesco,fyat,fyat_h169.wav,Happy,218,Happy,Neutral,Sad,False,False,True,0.0075067156,0.002483911,0.0005068872,0.045612674,0.8701883,0.073567785,0.00013370889
958,inesco,fyat,fyat_h170.wav,Happy,186,Happy,Angry,Angry,False,False,False,0.9791733,2.9981778e-05,0.00016436863,0.0049857628,0.0152609665,2.2871274e-05,0.00036272712
959,inesco,fyat,fyat_h171.wav,Happy,157,Happy,Angry,Angry,False,False,False,0.562518,2.02386e-05,0.0033881804,0.026414609,0.083928764,0.00018781543,0.32354236
960,inesco,fyat,fyat_h172.wav,Happy,394,Happy,Happy,Happy,True,True,False,0.0007802263,0.00017926065,0.11958546,0.47976002,5.616486e-06,0.00013265637,0.39955667
961,inesco,fyat,fyat_h173.wav,Happy,186,Happy,Neutral,Happy,False,True,True,0.03430311,2.6335993e-05,0.09232745,0.09830283,0.70966285,0.0028313797,0.06254614
962,inesco,fyat,fyat_h174.wav,Happy,97,Happy,Fear,Happy,False,True,True,0.00014453326,1.1793777e-05,0.58334386,0.041137792,2.7506583e-05,5.6504203e-05,0.37527803
963,inesco,fyat,fyat_h175.wav,Happy,212,Happy,Neutral,Angry,False,False,True,0.005098987,6.005909e-05,1.3379107e-05,0.002149963,0.99115187,0.001510648,1.5136158e-05
964,inesco,fyat,fyat_h176.wav,Happy,183,Happy,Happy,Happy,True,True,False,0.17389923,0.00050741585,0.0011482546,0.7513692,0.0003339221,0.0020425704,0.07069931
965,inesco,fyat,fyat_h177.wav,Happy,324,Happy,Neutral,Sad,False,False,True,0.0024182466,0.009088303,0.0002432903,0.0019578936,0.9542417,0.032044753,5.790558e-06
966,inesco,fyat,fyat_h178.wav,Happy,401,Happy,Happy,Happy,True,True,False,0.07149268,0.05697343,0.061748568,0.45693424,0.0018119469,0.24656646,0.10447269
967,inesco,fyat,fyat_h179.wav,Happy,298,Happy,Happy,Happy,True,True,False,0.10390949,0.00071845367,0.003374049,0.5952173,0.00024962667,0.009961969,0.28656906
968,inesco,fyat,fyat_h180.wav,Happy,266,Happy,Sad,Sad,False,False,False,0.074818835,0.00085281447,1.3762264e-05,0.0086241765,0.005260723,0.909419,0.0010106105
969,inesco,fyat,fyat_h181.wav,Happy,167,Happy,Neutral,Sad,False,False,True,0.00321853,0.0075513115,0.04160823,0.01121856,0.91102195,0.022679918,0.0027015
970,inesco,fyat,fyat_h182.wav,Happy,247,Happy,Angry,Angry,False,False,False,0.72003514,0.03722588,9.883049e-05,0.18435332,0.003519725,0.047363304,0.0074038273
971,inesco,fyat,fyat_h183.wav,Happy,186,Happy,Neutral,Sad,False,False,True,0.011655236,0.000859504,0.00014767273,0.015781326,0.9492508,0.019901361,0.0024040951
972,inesco,fyat,fyat_h184.wav,Happy,164,Happy,Surprise,Happy,False,True,True,0.00812001,0.0017476457,0.20184454,0.017401746,0.0031465152,0.0029958477,0.7647437
973,inesco,fyat,fyat_h185.wav,Happy,301,Happy,Surprise,Sad,False,False,True,0.026258558,0.0020276865,0.010811832,0.12189691,0.008028077,0.18480557,0.64617133
974,inesco,fyat,fyat_h186.wav,Happy,401,Happy,Sad,Sad,False,False,False,0.008277832,0.0010918893,0.00046979246,0.058584254,0.09730698,0.8341471,0.00012223817
975,inesco,fyat,fyat_h187.wav,Happy,401,Happy,Angry,Angry,False,False,False,0.75219846,0.22096315,0.0001349982,0.0059132073,0.0005584543,0.018170908,0.002060883
976,inesco,fyat,fyat_h188.wav,Happy,330,Happy,Sad,Sad,False,False,False,0.1433337,0.117766805,0.0012403611,0.11173294,0.0021566018,0.62260675,0.0011628192
977,inesco,fyat,fyat_h189.wav,Happy,369,Happy,Surprise,Happy,False,True,True,0.049215607,0.0035647529,0.010291171,0.06706526,0.00018840033,0.001181248,0.8684936
978,inesco,fyat,fyat_h190.wav,Happy,340,Happy,Surprise,Happy,False,True,True,0.0006716779,6.610888e-07,3.5650228e-06,0.001593421,1.619104e-09,6.1719464e-07,0.9977301
979,inesco,fyat,fyat_h191.wav,Happy,225,Happy,Happy,Happy,True,True,False,0.009604133,0.0014671219,0.0002740614,0.8954915,0.08406832,0.008963864,0.00013101942
980,inesco,fyat,fyat_h192.wav,Happy,401,Happy,Sad,Sad,False,False,False,0.27971137,0.124246925,0.024206288,0.10589194,0.171109,0.2859264,0.008908071
981,inesco,fyat,fyat_h193.wav,Happy,378,Happy,Sad,Sad,False,False,False,0.008899343,0.028620197,0.00055022584,0.0028566762,0.0015767724,0.9451288,0.0123678995
982,inesco,fyat,fyat_h194.wav,Happy,401,Happy,Happy,Happy,True,True,False,0.0031884955,1.44668875e-05,0.0016312295,0.8576316,5.879436e-07,0.00034507268,0.13718848
983,inesco,fyat,fyat_h195.wav,Happy,359,Happy,Sad,Sad,False,False,False,0.1810593,0.020572005,0.008241286,0.30867055,3.246879e-05,0.3512619,0.13016258
984,inesco,fyat,fyat_h196.wav,Happy,401,Happy,Sad,Sad,False,False,False,0.011580965,0.022679472,0.21095599,0.048691697,0.009016857,0.6428215,0.05425357
985,inesco,fyat,fyat_h197.wav,Happy,372,Happy,Disgust,Sad,False,False,True,0.008414032,0.5632797,3.2954722e-05,0.0009644155,0.009477696,0.4178084,2.2805503e-05
986,inesco,fyat,fyat_h198.wav,Happy,378,Happy,Disgust,Angry,False,False,True,0.30587906,0.53893495,0.0055484595,0.022428138,9.5418094e-05,0.11049247,0.01662149
987,inesco,fyat,fyat_h199.wav,Happy,225,Happy,Neutral,Sad,False,False,True,0.0071817124,0.029114634,0.07603101,0.110133894,0.58658016,0.19001654,0.00094205193
988,inesco,fyat,fyat_h200.wav,Happy,100,Happy,Fear,Happy,False,True,True,0.070009276,1.12787975e-05,0.7220108,0.10223037,0.00902325,0.0010486582,0.09566633
989,inesco,fyat,fyat_h201.wav,Happy,372,Happy,Sad,Sad,False,False,False,0.0013068187,6.690649e-05,5.4097698e-05,0.0007315026,0.14636967,0.851207,0.00026389625
990,inesco,fyat,fyat_h202.wav,Happy,324,Happy,Surprise,Happy,False,True,True,0.002210307,5.1299554e-05,0.047966566,0.018712196,7.347797e-07,0.0040615113,0.9269974
991,inesco,fyat,fyat_h203.wav,Happy,324,Happy,Sad,Sad,False,False,False,0.017545603,0.0010226124,0.012945521,0.17790712,0.044584423,0.6500199,0.09597484
992,inesco,fyat,fyat_h204.wav,Happy,298,Happy,Angry,Angry,False,False,False,0.78750795,0.006315297,0.00041077923,0.011235582,0.0014502698,0.18162645,0.011453655
993,inesco,fyat,fyat_h205.wav,Happy,401,Happy,Angry,Angry,False,False,False,0.5242033,2.7271453e-05,2.1745373e-05,0.3470265,6.0053502e-05,0.036570113,0.09209102
994,inesco,fyat,fyat_h206.wav,Happy,401,Happy,Happy,Happy,True,True,False,0.0023195911,0.0013278702,0.06652244,0.4918214,0.00026184658,0.29016843,0.1475784
995,inesco,fyat,fyat_h207.wav,Happy,401,Happy,Disgust,Sad,False,False,True,0.023794672,0.45164207,0.053644262,0.07309987,0.007343154,0.3833455,0.007130517
996,inesco,fyat,fyat_h208.wav,Happy,311,Happy,Angry,Angry,False,False,False,0.5510303,0.00033682628,0.38864273,0.0077358047,0.00014457057,0.003293705,0.048816048
997,inesco,fyat,fyat_h209.wav,Happy,401,Happy,Sad,Sad,False,False,False,0.15900202,0.022323798,0.0048050396,0.27647436,0.18762925,0.34348357,0.0062820017
998,inesco,fyat,fyat_h210.wav,Happy,401,Happy,Sad,Sad,False,False,False,0.0013860529,0.0032432065,3.5889112e-05,0.0006535108,0.19609512,0.7985771,9.164041e-06
999,inesco,fyat,fyat_h211.wav,Happy,285,Happy,Happy,Happy,True,True,False,0.06551799,0.04890963,0.087159455,0.5205785,0.0016848183,0.07299342,0.2031562
1000,inesco,fyat,fyat_s402.wav,Sad,340,Sad,Angry,Angry,False,False,False,0.8934962,0.05943233,3.0548006e-05,0.0020579996,0.0005548661,0.044273727,0.0001543231
1001,inesco,fyat,fyat_s403.wav,Sad,285,Sad,Sad,Sad,True,True,False,0.021698795,0.020678304,0.02207836,0.0058992836,0.003176783,0.9262087,0.00025978047
1002,inesco,fyat,fyat_s404.wav,Sad,273,Sad,Angry,Angry,False,False,False,0.5385467,0.003428706,0.36093605,0.03176068,0.0007965798,0.06296727,0.0015640298
1003,inesco,fyat,fyat_s405.wav,Sad,401,Sad,Angry,Angry,False,False,False,0.41438287,3.07572e-06,0.13327916,0.34184927,9.704561e-07,3.4013658e-05,0.110450596
1004,inesco,fyat,fyat_s406.wav,Sad,273,Sad,Angry,Angry,False,False,False,0.8928619,1.2596516e-05,0.0837638,0.0016360674,5.026717e-07,9.0929e-05,0.021634238
1005,inesco,fyat,fyat_s407.wav,Sad,205,Sad,Fear,Happy,False,False,True,9.904532e-05,1.05302315e-05,0.95210916,0.03571625,2.2231567e-05,0.009615466,0.0024273777
1006,inesco,fyat,fyat_s408.wav,Sad,180,Sad,Angry,Angry,False,False,False,0.99418455,1.5841292e-07,0.0013828762,0.0038976436,8.1981227e-07,3.0482913e-06,0.00053099095
1007,inesco,fyat,fyat_s409.wav,Sad,273,Sad,Angry,Angry,False,False,False,0.40550706,0.002295012,0.31213248,0.06815474,1.4323531e-05,0.011078268,0.20081808
1008,inesco,fyat,fyat_s410.wav,Sad,401,Sad,Surprise,Happy,False,False,True,0.008975117,4.420063e-06,0.025818657,0.014070227,1.6562049e-07,7.678852e-05,0.95105463
1009,inesco,fyat,fyat_s411.wav,Sad,372,Sad,Sad,Sad,True,True,False,0.01736557,0.30038598,0.0040895366,0.009213255,3.1156178e-05,0.66023403,0.00868045
1010,inesco,fyat,fyat_s412.wav,Sad,167,Sad,Fear,Happy,False,False,True,1.3072874e-05,2.3658399e-07,0.98277897,0.0012130197,4.6531e-08,3.1303227e-06,0.015991496
1011,inesco,fyat,fyat_s413.wav,Sad,401,Sad,Happy,Happy,False,False,False,0.021279322,0.020479618,0.09716736,0.75520486,6.5609325e-05,0.0053807544,0.10042249
1012,inesco,fyat,fyat_s414.wav,Sad,308,Sad,Angry,Angry,False,False,False,0.68666446,0.15464087,0.014790278,0.06783442,0.030733705,0.022798873,0.022537405
1013,inesco,fyat,fyat_s415.wav,Sad,129,Sad,Angry,Angry,False,False,False,0.90425545,0.012362117,0.016249796,0.023652714,0.026852956,0.00035851827,0.01626845
1014,inesco,fyat,fyat_s416.wav,Sad,401,Sad,Sad,Sad,True,True,False,0.0042462694,0.17648832,0.00028977415,7.2064555e-05,0.00035121042,0.8184681,8.4248866e-05
1015,inesco,fyat,fyat_s417.wav,Sad,401,Sad,Neutral,Sad,False,True,True,0.00074605277,0.0020403205,0.00029427948,0.008039793,0.5294039,0.459448,2.7559932e-05
1016,inesco,fyat,fyat_s418.wav,Sad,359,Sad,Angry,Angry,False,False,False,0.8308847,8.158651e-05,0.15789406,0.0017275201,1.0781119e-05,0.008110163,0.0012911262
1017,inesco,fyat,fyat_s419.wav,Sad,346,Sad,Sad,Sad,True,True,False,0.026830059,0.00088788004,0.00016636253,0.0008631861,0.038837858,0.9138704,0.018544273
1018,inesco,fyat,fyat_s420.wav,Sad,106,Sad,Fear,Angry,False,False,True,0.21550763,4.914126e-05,0.6242629,0.08911635,0.028073361,0.00045924739,0.042531293
1019,inesco,fyat,fyat_s421.wav,Sad,372,Sad,Angry,Angry,False,False,False,0.4309565,0.034256414,0.32898054,0.01193407,0.002607819,0.17050591,0.020758769
1020,inesco,fyat,fyat_s422.wav,Sad,359,Sad,Happy,Happy,False,False,False,0.06576348,0.0016079214,0.31553313,0.5292473,7.247431e-05,0.017966187,0.06980949
1021,inesco,fyat,fyat_s423.wav,Sad,250,Sad,Angry,Angry,False,False,False,0.9976655,2.675982e-05,0.0020924052,8.763449e-06,4.860804e-09,0.00012509745,8.1516504e-05
1022,inesco,fyat,fyat_s424.wav,Sad,401,Sad,Fear,Happy,False,False,True,0.007400831,7.96758e-05,0.94870186,0.007967844,0.00013087077,0.00093699247,0.034781903
1023,inesco,fyat,fyat_s425.wav,Sad,401,Sad,Surprise,Happy,False,False,True,0.26925927,0.0016347964,0.00384006,0.36060378,5.9403583e-06,0.0002659385,0.36439013
1024,inesco,fyat,fyat_s426.wav,Sad,401,Sad,Angry,Angry,False,False,False,0.67349094,0.059955347,0.23095979,0.0009078697,0.0007626271,0.01493007,0.01899332
1025,inesco,fyat,fyat_s427.wav,Sad,247,Sad,Fear,Angry,False,False,True,0.0037210744,2.1013445e-06,0.99397004,0.00023918504,5.3462024e-10,0.0010121934,0.0010553446
1026,inesco,fyat,fyat_s428.wav,Sad,401,Sad,Surprise,Happy,False,False,True,0.0064627538,0.0008644224,0.015172099,0.27876714,1.7418874e-06,0.00020868055,0.69852316
1027,inesco,fyat,fyat_s429.wav,Sad,401,Sad,Fear,Angry,False,False,True,0.35958463,0.022669895,0.56317014,0.0109177,7.629987e-05,0.0046085687,0.03897277
1028,inesco,fyat,fyat_s430.wav,Sad,401,Sad,Fear,Happy,False,False,True,0.047365237,0.0008316208,0.40256402,0.15017416,2.5589218e-06,0.001946767,0.39711565
1029,inesco,fyat,fyat_s431.wav,Sad,266,Sad,Angry,Angry,False,False,False,0.8956637,1.5427839e-05,0.020986155,0.042968318,7.7571565e-07,0.0002059658,0.04015971
1030,inesco,fyat,fyat_s432.wav,Sad,401,Sad,Happy,Happy,False,False,False,0.18287227,0.0010808555,0.04163253,0.3764456,0.2534658,0.1356382,0.008864741
1031,inesco,fyat,fyat_s433.wav,Sad,401,Sad,Angry,Angry,False,False,False,0.8895921,0.035992302,0.016165888,0.03742386,1.1280549e-05,0.00039768688,0.020416839
1032,inesco,fyat,fyat_s434.wav,Sad,337,Sad,Fear,Angry,False,False,True,0.11848913,0.00048771384,0.78626823,0.012576585,8.623464e-06,0.0004846389,0.08168504
1033,inesco,fyat,fyat_s435.wav,Sad,212,Sad,Fear,Happy,False,False,True,1.6862264e-06,1.8423814e-06,0.99871814,0.0008661655,9.091306e-07,3.6633402e-05,0.00037468897
1034,inesco,fyat,fyat_s436.wav,Sad,231,Sad,Angry,Angry,False,False,False,0.5684094,0.00017128076,0.4282327,0.0012990661,3.2329866e-05,0.0018367309,1.8519433e-05
1035,inesco,fyat,fyat_s437.wav,Sad,321,Sad,Happy,Happy,False,False,False,0.01675155,0.0043187714,0.08779269,0.68697196,0.00038648694,0.02038901,0.18338953
1036,inesco,fyat,fyat_s438.wav,Sad,401,Sad,Angry,Angry,False,False,False,0.9294189,0.00040200565,0.0041825143,0.006643198,6.0565065e-07,0.00021329908,0.05913951
1037,inesco,fyat,fyat_s439.wav,Sad,401,Sad,Surprise,Happy,False,False,True,0.0066428096,0.00012420672,0.0072409157,0.4046911,2.282376e-07,0.00023263268,0.5810681
1038,inesco,fyat,fyat_s440.wav,Sad,365,Sad,Surprise,Angry,False,False,True,0.35947752,0.0031792026,0.16801716,0.06734059,5.599862e-05,0.006562136,0.39536738
1039,inesco,fyat,fyat_s441.wav,Sad,401,Sad,Disgust,Sad,False,True,True,0.0023085272,0.4632741,0.13027817,0.0020892075,5.9084818e-05,0.2201625,0.18182835
1040,inesco,fyat,fyat_s442.wav,Sad,324,Sad,Angry,Angry,False,False,False,0.9986785,0.00011566535,0.00021869046,3.806876e-05,2.3761e-08,8.6162174e-05,0.00086273224
1041,inesco,fyat,fyat_s443.wav,Sad,401,Sad,Happy,Happy,False,False,False,0.001012257,0.001098935,0.28566298,0.3462274,0.00026255386,0.036107063,0.32962883
1042,inesco,fyat,fyat_s444.wav,Sad,401,Sad,Fear,Happy,False,False,True,0.00080121186,5.853333e-06,0.89452726,0.09973816,6.800701e-05,0.0034048837,0.0014547197
1043,inesco,fyat,fyat_s445.wav,Sad,401,Sad,Sad,Sad,True,True,False,0.010638057,0.0024050344,0.25392067,0.24342339,0.00029370753,0.3961943,0.093124785
1044,inesco,fyat,fyat_s446.wav,Sad,401,Sad,Surprise,Happy,False,False,True,0.2153621,0.070138685,0.016599314,0.22899914,0.00036929717,0.038378026,0.43015343
1045,inesco,fyat,fyat_s447.wav,Sad,401,Sad,Happy,Happy,False,False,False,0.04050808,0.025580062,0.121336155,0.41933268,5.863396e-05,0.15688781,0.2362966
1046,inesco,fyat,fyat_s448.wav,Sad,260,Sad,Angry,Angry,False,False,False,0.9382281,6.7284265e-05,0.054157868,0.004431098,2.6935995e-06,0.0020183106,0.0010946362
1047,inesco,fyat,fyat_s449.wav,Sad,391,Sad,Angry,Angry,False,False,False,0.9702121,7.212637e-05,0.01178075,0.010910755,1.9156575e-06,6.256063e-05,0.006959776
1048,inesco,fyat,fyat_s450.wav,Sad,305,Sad,Angry,Angry,False,False,False,0.97832924,3.766899e-05,0.007018583,0.00020533791,6.1944763e-07,0.00034276574,0.014065702
1049,inesco,fyat,fyat_s451.wav,Sad,305,Sad,Surprise,Angry,False,False,True,0.2416582,0.000322754,0.0787368,0.20279634,1.6322081e-06,0.08053301,0.39595124
1050,inesco,fyat,fyat_s452.wav,Sad,401,Sad,Angry,Angry,False,False,False,0.50375247,0.0026425417,0.007830698,0.01778846,0.0023060166,0.45403764,0.011642255
1051,inesco,fyat,fyat_s453.wav,Sad,298,Sad,Angry,Angry,False,False,False,0.6240405,0.00074764295,0.21156514,0.017553357,9.3939096e-05,0.024489863,0.12150953
1052,inesco,fyat,fyat_s454.wav,Sad,401,Sad,Sad,Sad,True,True,False,0.0024125308,0.00010442154,0.020784106,0.02619911,0.0025046596,0.9479823,1.2936359e-05
1053,inesco,fyat,fyat_s455.wav,Sad,346,Sad,Angry,Angry,False,False,False,0.7566354,0.0781581,0.14097732,0.0038735555,0.0004865331,0.016211173,0.0036579445
1054,inesco,fyat,fyat_s456.wav,Sad,401,Sad,Angry,Angry,False,False,False,0.35229883,0.31106976,0.00055663835,0.08674433,0.0047600637,0.24363932,0.0009310602
1055,inesco,fyat,fyat_s457.wav,Sad,401,Sad,Fear,Happy,False,False,True,0.00760629,0.0043436363,0.8322954,0.06832291,0.00026097673,0.049108453,0.03806224
1056,inesco,fyat,fyat_s458.wav,Sad,340,Sad,Angry,Angry,False,False,False,0.6171569,0.0050059743,0.30003145,0.03324677,0.0021639157,0.0027943777,0.039600592
1057,inesco,fyat,fyat_s459.wav,Sad,401,Sad,Sad,Sad,True,True,False,0.012701267,0.028073385,0.13692416,0.010015431,8.8477864e-05,0.40896368,0.4032336
1058,inesco,fyat,fyat_s460.wav,Sad,269,Sad,Fear,Angry,False,False,True,0.021659939,0.002021602,0.76329905,0.009891502,1.6025622e-07,0.00033717862,0.20279053
1059,inesco,fyat,fyat_s461.wav,Sad,343,Sad,Happy,Happy,False,False,False,0.12132471,0.0017462431,0.027019849,0.7699549,0.00076174585,0.008401927,0.07079062
1060,inesco,fyat,fyat_s462.wav,Sad,401,Sad,Happy,Happy,False,False,False,0.06026506,0.09897328,0.049838793,0.35198158,0.13232537,0.29362792,0.012988044
1061,inesco,fyat,fyat_s463.wav,Sad,401,Sad,Surprise,Angry,False,False,True,0.20609333,0.0088967625,0.10781218,0.1621376,6.18683e-05,0.0052770874,0.5097211
1062,inesco,fyat,fyat_s464.wav,Sad,375,Sad,Fear,Angry,False,False,True,0.09376501,0.00027751565,0.89935017,0.0020458137,2.9281512e-08,0.00019550763,0.0043659275
1063,inesco,fyat,fyat_s465.wav,Sad,401,Sad,Surprise,Happy,False,False,True,0.0016621542,0.0003707715,0.05216223,0.31090498,3.3082292e-06,0.00018638025,0.6347102
1064,inesco,fyat,fyat_s466.wav,Sad,321,Sad,Surprise,Angry,False,False,True,0.40316847,0.00013280485,0.07859256,0.04506977,4.006974e-07,0.0002366393,0.47279933
1065,inesco,fyat,fyat_s467.wav,Sad,119,Sad,Surprise,Happy,False,False,True,0.00035761122,4.643489e-08,0.029737057,0.11618604,2.6792983e-07,2.7108622e-06,0.8537163
1066,inesco,fyat,fyat_s468.wav,Sad,234,Sad,Fear,Happy,False,False,True,0.0062732976,0.0014073764,0.470311,0.38580543,9.079887e-05,0.1360454,6.66659e-05
1067,inesco,fyat,fyat_s469.wav,Sad,221,Sad,Fear,Happy,False,False,True,0.0002423802,0.00038102604,0.9031927,0.03623282,0.00032526828,0.002146742,0.057479087
1068,inesco,fyat,fyat_s470.wav,Sad,241,Sad,Fear,Sad,False,True,True,0.01591775,0.000698787,0.79519206,0.020011373,3.2339568e-07,0.16808677,9.299875e-05
1069,inesco,fyat,fyat_s471.wav,Sad,157,Sad,Fear,Sad,False,True,True,0.002767716,5.828519e-05,0.4894737,0.06510927,0.00011490094,0.4418828,0.000593281
1070,inesco,fyat,fyat_s472.wav,Sad,401,Sad,Fear,Happy,False,False,True,0.000111978785,0.00030649683,0.81022656,0.011954974,5.1483835e-07,0.0004528924,0.17694655
1071,inesco,fyat,fyat_s473.wav,Sad,289,Sad,Fear,Angry,False,False,True,0.14015286,0.00073215977,0.6774785,0.023383696,4.264976e-06,0.015036833,0.14321172
1072,inesco,fyat,fyat_s474.wav,Sad,401,Sad,Happy,Happy,False,False,False,0.0008645278,8.5862994e-05,0.24610908,0.5535749,2.4702258e-05,0.00044116486,0.19889969
1073,inesco,fyat,fyat_s475.wav,Sad,401,Sad,Fear,Angry,False,False,True,0.009232022,3.218336e-05,0.9802767,0.0073878183,8.6277585e-05,0.0018670658,0.0011180792
1074,inesco,fyat,fyat_s476.wav,Sad,321,Sad,Fear,Sad,False,True,True,0.008938769,7.8031895e-05,0.77158856,0.09989733,4.9217713e-05,0.10405255,0.015395645
1075,inesco,fyat,fyat_s477.wav,Sad,401,Sad,Surprise,Happy,False,False,True,0.0018954806,5.671312e-07,0.032647636,0.31309047,9.373885e-09,5.0376748e-05,0.65231544
1076,inesco,fyat,fyat_s478.wav,Sad,273,Sad,Happy,Happy,False,False,False,0.25247306,0.005626977,0.0017740328,0.6772261,9.4311845e-06,0.003922219,0.058968157
1077,inesco,fyat,fyat_s479.wav,Sad,401,Sad,Happy,Happy,False,False,False,0.0017168502,0.0070751896,0.069144554,0.9069942,7.0051254e-05,0.0066143903,0.008384806
1078,inesco,fyat,fyat_s480.wav,Sad,385,Sad,Fear,Angry,False,False,True,0.06678845,0.0057249437,0.9099998,0.008044048,0.0029423248,0.0040607373,0.0024397264
1079,inesco,fyat,fyat_s481.wav,Sad,401,Sad,Happy,Happy,False,False,False,0.009793695,1.7787264e-05,0.14168133,0.7733845,0.001213578,0.07314141,0.00076771324
1080,inesco,fyat,fyat_s482.wav,Sad,311,Sad,Happy,Happy,False,False,False,0.008378063,0.00394874,0.0068582874,0.48037544,0.18559417,0.2931732,0.021672143
1081,inesco,fyat,fyat_s483.wav,Sad,401,Sad,Fear,Happy,False,False,True,0.0006562147,6.231742e-05,0.614223,0.3390236,0.00017229233,0.00033841818,0.04552423
1082,inesco,fyat,fyat_s484.wav,Sad,295,Sad,Fear,Happy,False,False,True,0.011276489,0.0036493426,0.8262095,0.071935,4.3479005e-05,0.059202038,0.02768419
1083,inesco,fyat,fyat_s485.wav,Sad,186,Sad,Happy,Happy,False,False,False,0.00015491439,2.3674611e-05,0.12910886,0.79046816,0.00075666764,2.6855418e-05,0.079460874
1084,inesco,fyat,fyat_s486.wav,Sad,401,Sad,Surprise,Happy,False,False,True,0.004131139,9.8140976e-05,0.23570623,0.1329425,7.812401e-07,0.00024388253,0.62687737
1085,inesco,fyat,fyat_s487.wav,Sad,305,Sad,Angry,Angry,False,False,False,0.99658597,0.0019142899,5.3872964e-06,7.744199e-05,1.9567267e-06,0.001042153,0.00037280787
1086,inesco,fyat,fyat_s488.wav,Sad,177,Sad,Fear,Happy,False,False,True,0.0037658366,1.6042563e-06,0.9833746,0.012660656,1.7059438e-05,0.00010127341,7.891989e-05
1087,inesco,fyat,fyat_s489.wav,Sad,401,Sad,Happy,Happy,False,False,False,0.12653843,0.05248525,0.22386171,0.3706261,0.0001816837,0.029406,0.19690086
1088,inesco,fyat,fyat_s490.wav,Sad,401,Sad,Surprise,Happy,False,False,True,0.00010801694,0.010185502,0.09812814,0.0012058639,2.2802246e-06,0.00030253362,0.89006764
1089,inesco,fyat,fyat_s491.wav,Sad,401,Sad,Happy,Happy,False,False,False,0.0006191955,0.0028096712,0.072916254,0.56194335,5.5163932e-06,0.0002834454,0.36142254
1090,inesco,fyat,fyat_s492.wav,Sad,349,Sad,Fear,Angry,False,False,True,0.047369502,2.4803361e-05,0.50445926,0.041660223,1.0530058e-06,0.0012093491,0.40527582
1091,inesco,fyat,fyat_s493.wav,Sad,401,Sad,Happy,Happy,False,False,False,0.35869858,0.004552954,0.03644448,0.5690341,1.2966355e-05,0.009688928,0.021567939
1092,inesco,fyat,fyat_s494.wav,Sad,269,Sad,Fear,Sad,False,True,True,0.0006853027,0.000246971,0.8020032,0.021502975,2.6014099e-05,0.08544378,0.090091705
1093,inesco,fyat,fyat_s495.wav,Sad,401,Sad,Angry,Angry,False,False,False,0.6400874,0.0010371116,0.012682833,0.0021736731,4.6374115e-07,7.338379e-05,0.34394506
1094,inesco,fyat,fyat_s496.wav,Sad,305,Sad,Fear,Angry,False,False,True,0.44525746,0.003472861,0.5167092,0.019552466,0.0003021079,0.0025992687,0.012106642
1095,inesco,fyat,fyat_s497.wav,Sad,308,Sad,Fear,Angry,False,False,True,0.21897407,0.00010904817,0.43411252,0.05429111,3.5243638e-06,0.00035585155,0.29215387
1096,inesco,fyat,fyat_s498.wav,Sad,311,Sad,Happy,Happy,False,False,False,0.1702291,0.026362661,0.16008331,0.40039575,0.00031035845,0.19717352,0.045445308
1097,inesco,fyat,fyat_s499.wav,Sad,401,Sad,Surprise,Sad,False,True,True,0.00020410435,9.629831e-05,0.01447098,0.0054181963,1.8876684e-05,0.007465688,0.97232586
1098,inesco,fyat,fyat_s500.wav,Sad,324,Sad,Fear,Happy,False,False,True,0.04058913,0.0058636917,0.4766293,0.29499868,0.000524355,0.013116328,0.16827847
1099,inesco,fyat,fyat_s501.wav,Sad,362,Sad,Happy,Happy,False,False,False,0.0050825137,0.019003114,0.13781136,0.4632972,9.624476e-06,0.04137412,0.33342206
1100,inesco,fyat,fyat_s502.wav,Sad,257,Sad,Fear,Sad,False,True,True,0.051751934,0.00039596914,0.8300724,0.0052915295,6.0014627e-06,0.08172388,0.030758247
1101,inesco,fyat,fyat_s503.wav,Sad,330,Sad,Fear,Angry,False,False,True,0.34105888,9.3120056e-05,0.6494545,0.0058546043,9.949776e-06,0.0015899114,0.0019390598
1102,inesco,fyat,fyat_s504.wav,Sad,186,Sad,Surprise,Happy,False,False,True,0.1831701,8.486561e-06,0.2453564,0.1859007,1.4183175e-05,2.9859193e-05,0.38552034
1103,inesco,fyat,fyat_s505.wav,Sad,330,Sad,Fear,Happy,False,False,True,0.00037313995,8.806993e-06,0.9844134,0.0113824,6.974869e-06,0.0015047188,0.0023105603
1104,inesco,fyat,fyat_s506.wav,Sad,333,Sad,Disgust,Happy,False,False,True,0.17524192,0.45474002,0.04015099,0.29054183,6.958526e-05,0.022941042,0.016314583
1105,inesco,fyat,fyat_s507.wav,Sad,301,Sad,Sad,Sad,True,True,False,0.16180925,0.122807905,0.086951725,0.16294116,0.0019313236,0.4454419,0.018116703
1106,inesco,fyat,fyat_s508.wav,Sad,369,Sad,Happy,Happy,False,False,False,0.044493284,0.29666156,0.16946627,0.34875318,7.263034e-05,0.033408985,0.10714401
1107,inesco,fyat,fyat_s509.wav,Sad,324,Sad,Sad,Sad,True,True,False,0.0037536812,0.0027841995,0.40527943,0.0162831,0.006352901,0.5625187,0.0030279655
1108,inesco,fyat,fyat_s510.wav,Sad,401,Sad,Surprise,Happy,False,False,True,0.003145215,0.005961183,0.31095457,0.017123155,2.960497e-06,0.0012902404,0.6615226
1109,inesco,fyat,fyat_s511.wav,Sad,401,Sad,Angry,Angry,False,False,False,0.31358653,0.08774292,0.0672442,0.2887678,0.015345027,0.22617093,0.0011426011
1110,inesco,fyat,fyat_s512.wav,Sad,401,Sad,Angry,Angry,False,False,False,0.77771735,0.011296943,0.00088704756,0.023412744,0.0004915695,0.16757153,0.0186228
1111,inesco,fyat,fyat_s513.wav,Sad,401,Sad,Surprise,Happy,False,False,True,0.007933634,0.0008576362,0.075481795,0.03872866,0.00017341744,0.016359258,0.8604655
1112,inesco,fyat,fyat_s514.wav,Sad,401,Sad,Fear,Happy,False,False,True,0.0040018843,9.155556e-06,0.69692236,0.13873154,0.000107396925,0.0013793333,0.15884842
1113,inesco,fyat,fyat_s515.wav,Sad,317,Sad,Angry,Angry,False,False,False,0.64755327,0.024673,0.0020793164,0.16922025,0.000761597,0.13102898,0.024683664
1114,inesco,fyat,fyat_s516.wav,Sad,260,Sad,Happy,Happy,False,False,False,0.32569236,0.08731692,0.020380173,0.419695,0.0007154283,0.06744728,0.07875287
1115,inesco,fyat,fyat_s517.wav,Sad,401,Sad,Fear,Sad,False,True,True,0.0040371246,0.008327286,0.74106133,0.047651343,0.0011461374,0.08151204,0.11626472
1116,inesco,fyat,fyat_s518.wav,Sad,401,Sad,Sad,Sad,True,True,False,0.002281165,0.0016070417,8.0775964e-05,0.011985689,0.006589323,0.9769215,0.0005344954
1117,inesco,fyat,fyat_s519.wav,Sad,394,Sad,Sad,Sad,True,True,False,0.008763593,0.014116279,0.076307334,0.06432492,0.0022865909,0.81424105,0.019960295
1118,inesco,fyat,fyat_s520.wav,Sad,257,Sad,Surprise,Angry,False,False,True,0.075458266,0.0004881025,8.734245e-05,0.0010600096,4.3031469e-07,6.272607e-05,0.9228431
1119,inesco,fyat,fyat_s521.wav,Sad,148,Sad,Fear,Happy,False,False,True,0.0006378833,2.0101444e-08,0.9896785,0.009642342,3.8623935e-07,2.3589115e-05,1.7323993e-05
1120,inesco,fyat,fyat_s522.wav,Sad,119,Sad,Fear,Happy,False,False,True,0.00023970603,1.6788263e-05,0.6883293,0.25465107,0.051692944,0.0018938717,0.0031762754
1121,inesco,fyat,fyat_s523.wav,Sad,119,Sad,Fear,Happy,False,False,True,0.0036003294,1.2667261e-05,0.9248342,0.010495307,4.0168732e-05,0.00044191422,0.060575366
1122,inesco,fyat,fyat_s524.wav,Sad,276,Sad,Surprise,Happy,False,False,True,0.016000926,0.012169816,0.2179904,0.2789543,0.0020532385,0.12563795,0.34719336
1123,inesco,fyat,fyat_s525.wav,Sad,349,Sad,Sad,Sad,True,True,False,0.16845721,0.10495453,0.039373692,0.15187113,0.12892091,0.39386424,0.012558314
1124,inesco,fyat,fyat_s526.wav,Sad,388,Sad,Fear,Happy,False,False,True,0.002168067,0.0001406331,0.9439932,0.047013767,9.668346e-07,0.0003810207,0.00630239
1125,inesco,fyat,fyat_s527.wav,Sad,401,Sad,Happy,Happy,False,False,False,0.00020348198,3.443606e-05,0.008365583,0.90640295,2.6137806e-05,0.00040394848,0.084563464
1126,inesco,fyat,fyat_s528.wav,Sad,388,Sad,Fear,Angry,False,False,True,0.0139086265,9.166115e-06,0.9607103,0.005201377,5.040796e-07,0.00020700441,0.019963011
1127,inesco,fyat,fyat_s529.wav,Sad,362,Sad,Fear,Happy,False,False,True,0.011138817,0.0006453428,0.8245029,0.01627241,0.00086626917,0.0028947217,0.14367951
1128,inesco,fyat,fyat_s530.wav,Sad,365,Sad,Surprise,Angry,False,False,True,0.024913123,0.00040372973,0.006292367,0.007703216,2.9639124e-05,0.007912365,0.9527455
1129,inesco,fyat,fyat_s531.wav,Sad,196,Sad,Fear,Sad,False,True,True,0.0017208111,0.00028309957,0.9754435,0.005834824,0.00033228277,0.016308866,7.669687e-05
1130,inesco,fyat,fyat_s532.wav,Sad,401,Sad,Sad,Sad,True,True,False,0.024529766,0.008699112,0.020304283,0.31169933,0.014933911,0.49540058,0.12443296
1131,inesco,fyat,fyat_s533.wav,Sad,401,Sad,Happy,Happy,False,False,False,0.025167318,0.00044339805,0.010261154,0.89497113,0.009685374,0.058662888,0.00080882467
1132,inesco,fyat,fyat_s534.wav,Sad,401,Sad,Fear,Angry,False,False,True,0.13827129,0.001191483,0.70066756,0.060924474,3.4472178e-06,0.00024231608,0.09869942
1133,inesco,fyat,fyat_s535.wav,Sad,215,Sad,Angry,Angry,False,False,False,0.8759479,0.058797717,0.0003760299,0.04279399,5.680593e-05,0.015356205,0.006671325
1134,inesco,fyat,fyat_s536.wav,Sad,401,Sad,Angry,Angry,False,False,False,0.8387846,0.0062213503,0.037130326,0.03748536,0.0004962338,0.051797625,0.028084569
1135,inesco,fyat,fyat_s537.wav,Sad,401,Sad,Sad,Sad,True,True,False,0.30066097,0.011097541,0.11561823,0.015139349,0.00074206584,0.50265694,0.054084994
1136,inesco,fyat,fyat_s538.wav,Sad,401,Sad,Sad,Sad,True,True,False,0.032795597,0.06193026,0.009678012,0.10750168,0.010834879,0.6820823,0.09517732
1137,inesco,fyat,fyat_s539.wav,Sad,273,Sad,Surprise,Angry,False,False,True,0.12021164,0.008007427,0.072772264,0.0062068417,0.0033505359,0.115257986,0.6741933
1138,inesco,fyat,fyat_s540.wav,Sad,401,Sad,Surprise,Angry,False,False,True,0.08268906,0.000983446,0.041535195,0.032490138,1.222888e-05,0.009971508,0.8323184
1139,inesco,fyat,fyat_s541.wav,Sad,401,Sad,Fear,Happy,False,False,True,0.00047511238,0.0001912908,0.834626,0.0038064143,1.5390947e-06,0.000941737,0.15995795
1140,inesco,fyat,fyat_s542.wav,Sad,401,Sad,Surprise,Angry,False,False,True,0.015725859,2.5682093e-05,0.00019532011,0.007826892,2.4046067e-05,0.0028182145,0.9733839
1141,inesco,fyat,fyat_s543.wav,Sad,401,Sad,Happy,Happy,False,False,False,0.0003980689,0.00016055154,0.0675,0.6066238,6.777233e-05,0.0019434688,0.32330632
1142,inesco,fyat,fyat_s544.wav,Sad,167,Sad,Fear,Angry,False,False,True,0.08788982,0.25413492,0.40344688,0.005460281,0.0020848392,0.07802299,0.16896027
1143,inesco,fyat,fyat_s545.wav,Sad,401,Sad,Disgust,Sad,False,True,True,0.011153443,0.32863238,0.032001995,0.03805651,0.022589976,0.28630367,0.281262
1144,inesco,fyat,fyat_s546.wav,Sad,401,Sad,Happy,Happy,False,False,False,0.0722939,0.011260796,0.24122056,0.38166603,0.0010739493,0.07620024,0.21628451
1145,inesco,fyat,fyat_s547.wav,Sad,401,Sad,Surprise,Angry,False,False,True,0.26795635,0.029600803,0.013229518,0.14351022,0.09881306,0.15223749,0.29465252
1146,inesco,fyat,fyat_s548.wav,Sad,394,Sad,Angry,Angry,False,False,False,0.5415018,0.0026939597,0.2092138,0.050516203,0.00022789814,0.15999267,0.03585368
1147,inesco,fyat,fyat_s549.wav,Sad,401,Sad,Surprise,Happy,False,False,True,0.0021493335,6.751846e-05,0.026117856,0.35148966,1.27420935e-05,0.00074642734,0.6194164
1148,inesco,fyat,fyat_s550.wav,Sad,273,Sad,Angry,Angry,False,False,False,0.9708438,0.0003558362,0.009386782,0.016768701,9.912904e-06,0.0005324759,0.0021025273
1149,inesco,fyat,fyat_s551.wav,Sad,401,Sad,Sad,Sad,True,True,False,0.00022754377,0.008710383,4.5608645e-05,6.6799825e-05,0.027949467,0.9629878,1.2345606e-05
1150,inesco,fyat,fyat_s552.wav,Sad,289,Sad,Fear,Sad,False,True,True,4.578131e-06,4.4738215e-05,0.93701446,2.8213239e-05,2.5068616e-09,0.00041196012,0.06249593
1151,inesco,fyat,fyat_s553.wav,Sad,132,Sad,Surprise,Angry,False,False,True,0.17433354,6.3797174e-06,0.00017477876,0.0012503157,2.5992496e-05,0.000140833,0.8240681
1152,inesco,fyat,fyat_s554.wav,Sad,298,Sad,Fear,Happy,False,False,True,0.0016423183,0.0010781429,0.7089489,0.06155828,0.00016444018,0.017253458,0.20935439
1153,inesco,fyat,fyat_s555.wav,Sad,298,Sad,Fear,Angry,False,False,True,0.007936879,0.00010102134,0.92916423,0.004571736,1.486267e-05,0.0033667246,0.054844573
1154,inesco,fyat,fyat_s556.wav,Sad,308,Sad,Sad,Sad,True,True,False,7.2670104e-05,0.00024575373,0.12341734,0.008871975,0.00064467697,0.84632444,0.020423079
1155,inesco,fyat,fyat_s557.wav,Sad,141,Sad,Fear,Happy,False,False,True,0.00036201623,2.0259782e-07,0.9895866,0.009840829,3.240933e-05,0.00013886306,3.9076785e-05
1156,inesco,fyat,fyat_s558.wav,Sad,231,Sad,Angry,Angry,False,False,False,0.36527798,0.08772605,0.008706762,0.027793594,0.27564323,0.16829658,0.06655577
1157,inesco,fyat,fyat_s559.wav,Sad,401,Sad,Surprise,Happy,False,False,True,0.00016539816,0.06304643,0.104622275,0.26458403,6.531024e-05,0.004773331,0.56274325
1158,inesco,fyat,fyat_s560.wav,Sad,298,Sad,Surprise,Happy,False,False,True,0.0009022041,0.0018780206,0.02751294,0.15099193,0.00022771451,0.0017870509,0.81670016
1159,inesco,fyat,fyat_s561.wav,Sad,298,Sad,Fear,Angry,False,False,True,0.08851975,0.00058505626,0.4666658,0.032063216,0.0012434638,0.017663728,0.393259
1160,inesco,fyat,fyat_s562.wav,Sad,173,Sad,Sad,Sad,True,True,False,0.022671271,0.01078908,0.19579563,0.1975274,0.21794905,0.2600206,0.09524696
1161,inesco,fyat,fyat_s563.wav,Sad,401,Sad,Sad,Sad,True,True,False,0.001964627,0.0033272482,0.0049741743,0.004746266,0.019894227,0.95931816,0.0057753045
1162,inesco,fyat,fyat_s564.wav,Sad,397,Sad,Fear,Angry,False,False,True,0.2724684,0.07722263,0.3924296,0.14931329,0.022337526,0.023484878,0.06274366
1163,inesco,fyat,fyat_s565.wav,Sad,401,Sad,Fear,Happy,False,False,True,0.0004844343,0.0069252085,0.7167882,0.030551346,1.8438932e-05,0.00837612,0.23685625
1164,inesco,fyat,fyat_s566.wav,Sad,135,Sad,Fear,Happy,False,False,True,0.0010212024,0.00014115991,0.9053787,0.054775503,0.00012502783,0.00017891057,0.03837942
1165,inesco,fyat,fyat_s567.wav,Sad,305,Sad,Surprise,Angry,False,False,True,0.124522954,0.068658486,0.022547547,0.11536114,0.00873972,0.0018893256,0.6582808
1166,inesco,fyat,fyat_s568.wav,Sad,189,Sad,Fear,Happy,False,False,True,0.007802833,1.6882956e-05,0.9576511,0.03383665,4.3775435e-05,0.00012071947,0.0005281023
1167,inesco,fyat,fyat_s569.wav,Sad,401,Sad,Fear,Happy,False,False,True,0.009540436,0.00012207383,0.93560505,0.041873034,0.00013632186,0.011977183,0.00074586493
1168,inesco,fyat,fyat_s570.wav,Sad,401,Sad,Sad,Sad,True,True,False,8.796387e-05,0.00039088287,0.012100393,0.12253372,0.040344547,0.82354265,0.0009998187
1169,inesco,fyat,fyat_s571.wav,Sad,401,Sad,Angry,Angry,False,False,False,0.45944545,0.011437398,0.008613693,0.014905084,6.816426e-05,0.067811176,0.4377191
1170,inesco,fyat,fyat_s572.wav,Sad,327,Sad,Surprise,Angry,False,False,True,0.32880008,0.0013753618,0.032663908,0.014819501,3.2715482e-07,0.0031058628,0.6192349
1171,inesco,fyat,fyat_s573.wav,Sad,234,Sad,Sad,Sad,True,True,False,0.00082293054,0.01607252,0.0001787126,0.0040007257,0.32462737,0.65419465,0.00010309038
1172,inesco,fyat,fyat_s574.wav,Sad,324,Sad,Fear,Happy,False,False,True,0.00542796,0.00095045916,0.7330902,0.15404099,2.0695474e-05,0.0012703269,0.1051993
1173,inesco,fyat,fyat_s575.wav,Sad,324,Sad,Happy,Happy,False,False,False,0.019359311,0.005006817,0.0310783,0.6392782,0.0006020079,0.01287408,0.29180142
1174,inesco,fyat,fyat_s576.wav,Sad,372,Sad,Angry,Angry,False,False,False,0.7015003,0.08337071,0.005678812,0.029261876,0.07985762,0.044012297,0.056318436
1175,inesco,fyat,fyat_s577.wav,Sad,401,Sad,Sad,Sad,True,True,False,0.093640916,0.20305693,0.0015795403,0.06244059,0.033237603,0.5943209,0.011723498
1176,inesco,fyat,fyat_s578.wav,Sad,202,Sad,Fear,Angry,False,False,True,0.061229702,9.038429e-07,0.9384947,0.00019748636,7.282177e-08,4.1237898e-05,3.6010755e-05
1177,inesco,fyat,fyat_s579.wav,Sad,266,Sad,Happy,Happy,False,False,False,0.012058177,0.0003185144,0.4296753,0.535815,0.00023478772,0.0083540045,0.013544144
1178,inesco,fyat,fyat_s580.wav,Sad,401,Sad,Sad,Sad,True,True,False,8.2469625e-05,0.002753439,4.454492e-06,3.1560305e-06,0.010165514,0.98699087,1.5000039e-07
1179,inesco,fyat,fyat_s581.wav,Sad,215,Sad,Fear,Angry,False,False,True,0.024557346,1.1273229e-05,0.9294803,0.017796075,1.0711721e-05,0.00023309016,0.027911233
1180,inesco,fyat,fyat_s582.wav,Sad,401,Sad,Happy,Happy,False,False,False,0.0077337553,0.0059874863,0.2771112,0.40569386,0.043164205,0.24210125,0.0182082
1181,inesco,fyat,fyat_s583.wav,Sad,186,Sad,Surprise,Sad,False,True,True,0.0065942635,0.1404456,0.32354927,0.006154674,0.03478692,0.11208091,0.37638828
1182,inesco,fyat,fyat_s584.wav,Sad,401,Sad,Surprise,Happy,False,False,True,0.0017765624,0.00075668434,0.30024472,0.2582503,8.475783e-05,0.004119838,0.43476707
1183,inesco,fyat,fyat_s585.wav,Sad,401,Sad,Sad,Sad,True,True,False,0.007763003,0.001055329,0.00013337714,0.0039269486,0.008074753,0.97876817,0.00027837048
1184,inesco,fyat,fyat_s586.wav,Sad,401,Sad,Sad,Sad,True,True,False,0.023327505,0.007414968,0.0009964898,0.10498237,0.0015419436,0.8580589,0.0036778727
1185,inesco,fyat,fyat_s587.wav,Sad,401,Sad,Sad,Sad,True,True,False,0.02116705,0.10617097,0.016240342,0.0066854605,0.00057740737,0.7691492,0.08000968
1186,inesco,fyat,fyat_s588.wav,Sad,401,Sad,Happy,Happy,False,False,False,0.033089954,3.654309e-05,0.0023743592,0.93293995,0.00020729902,0.0077329683,0.023618935
1187,inesco,fyat,fyat_s589.wav,Sad,317,Sad,Fear,Angry,False,False,True,0.012187112,1.8501793e-05,0.98439133,0.0014730609,1.8939039e-06,0.00043642355,0.0014915871
1188,inesco,fyat,fyat_s590.wav,Sad,289,Sad,Angry,Angry,False,False,False,0.6840425,0.0033383556,0.007153924,0.13513426,0.0014774408,0.0009995349,0.16785394
1189,inesco,fyat,fyat_s591.wav,Sad,401,Sad,Neutral,Sad,False,True,True,0.0046101753,0.012213256,5.4430293e-06,0.008616096,0.5490543,0.4254136,8.7136985e-05
1190,inesco,fyat,fyat_s592.wav,Sad,401,Sad,Surprise,Happy,False,False,True,0.02853349,0.008004668,0.30947092,0.07897192,4.2013497e-05,0.005359355,0.56961757
1191,inesco,fyat,fyat_s593.wav,Sad,401,Sad,Sad,Sad,True,True,False,0.06855125,0.11263641,0.012745523,0.16933793,0.14371109,0.4843268,0.008690953
1192,inesco,fyat,fyat_s594.wav,Sad,401,Sad,Happy,Happy,False,False,False,0.00033624517,0.00089521066,0.21533574,0.45498028,0.11787434,0.15606394,0.054514278
1193,inesco,fyat,fyat_s595.wav,Sad,401,Sad,Fear,Angry,False,False,True,0.13903616,0.0057836813,0.42378205,0.014857366,0.00051849056,0.023068003,0.3929542
1194,inesco,fyat,fyat_s596.wav,Sad,401,Sad,Sad,Sad,True,True,False,0.033264246,0.019076876,0.065615006,0.30914542,0.010611428,0.3609699,0.2013171
1195,inesco,fyat,fyat_s597.wav,Sad,401,Sad,Surprise,Happy,False,False,True,0.054734748,0.00020531908,0.36124,0.06910902,2.1177385e-07,0.0006389208,0.51407176
1196,inesco,fyat,fyat_s598.wav,Sad,401,Sad,Angry,Angry,False,False,False,0.3654523,0.009186115,0.0010228686,0.320426,0.02814154,0.2614318,0.014339392
1197,inesco,fyat,fyat_s599.wav,Sad,401,Sad,Neutral,Sad,False,True,True,0.0043477463,0.032500945,0.00015790835,0.003931887,0.54867554,0.41035488,3.1067142e-05
1198,inesco,fyat,fyat_s600.wav,Sad,401,Sad,Happy,Happy,False,False,False,0.051494416,0.015504161,0.039587937,0.4337913,0.001768801,0.10004154,0.35781187
1199,inesco,mbaz,mbaz_a212.wav,Angry,100,Angry,Surprise,Happy,False,False,True,0.0012839834,1.2705035e-05,0.0034696572,0.03255213,1.0446652e-05,3.5950286e-06,0.9626675
1200,inesco,mbaz,mbaz_a213.wav,Angry,177,Angry,Angry,Angry,True,True,False,0.90983254,2.0095653e-05,0.0014605462,0.071407,0.00076478446,1.5318497e-05,0.016499665
1201,inesco,mbaz,mbaz_a214.wav,Angry,225,Angry,Happy,Happy,False,False,False,0.022597577,0.0010976674,0.00017626364,0.9606861,0.00024781533,0.00011416873,0.01508046
1202,inesco,mbaz,mbaz_a215.wav,Angry,276,Angry,Happy,Happy,False,False,False,0.051097028,0.0026993628,0.006104631,0.755092,0.00011110272,0.00042026315,0.18447554
1203,inesco,mbaz,mbaz_a216.wav,Angry,231,Angry,Angry,Angry,True,True,False,0.81749636,0.0021977564,0.031332746,0.043034878,0.00032638133,0.00633202,0.09927985
1204,inesco,mbaz,mbaz_a217.wav,Angry,84,Angry,Happy,Happy,False,False,False,0.09396325,0.000434753,0.22965671,0.29572803,0.12783246,0.08368944,0.16869532
1205,inesco,mbaz,mbaz_a218.wav,Angry,317,Angry,Surprise,Happy,False,False,True,0.0033649837,2.5406285e-05,0.00019091056,0.0879557,1.1137146e-08,5.674823e-07,0.90846246
1206,inesco,mbaz,mbaz_a219.wav,Angry,391,Angry,Surprise,Happy,False,False,True,1.7530689e-05,3.4703647e-09,0.0011208069,0.10572556,1.0146873e-09,2.5915176e-07,0.89313585
1207,inesco,mbaz,mbaz_a220.wav,Angry,218,Angry,Happy,Happy,False,False,False,0.012362207,0.00070625736,0.21932566,0.6391134,0.0001750517,0.09436145,0.033955924
1208,inesco,mbaz,mbaz_a221.wav,Angry,289,Angry,Surprise,Happy,False,False,True,0.019955909,0.00024152904,0.0024947599,0.16631564,1.4377333e-05,0.0007043524,0.8102734
1209,inesco,mbaz,mbaz_a222.wav,Angry,135,Angry,Surprise,Angry,False,True,True,0.08128412,2.746846e-05,0.004396832,0.07637065,6.6097455e-05,0.00011670772,0.83773804
1210,inesco,mbaz,mbaz_a223.wav,Angry,164,Angry,Surprise,Happy,False,False,True,0.0029457372,9.6903605e-05,0.10677124,0.03550705,7.1295486e-05,0.0003541466,0.8542536
1211,inesco,mbaz,mbaz_a224.wav,Angry,308,Angry,Surprise,Happy,False,False,True,0.0863226,0.00012685433,0.011623047,0.22018798,2.1700209e-05,0.00020291824,0.6815149
1212,inesco,mbaz,mbaz_a225.wav,Angry,141,Angry,Angry,Angry,True,True,False,0.4837153,2.96778e-05,0.39062202,0.003225994,0.106680766,0.00045257728,0.015273646
1213,inesco,mbaz,mbaz_a226.wav,Angry,154,Angry,Fear,Happy,False,False,True,1.33134e-05,1.8825131e-06,0.9714526,0.019568583,4.7855323e-05,0.00029458653,0.008621181
1214,inesco,mbaz,mbaz_a227.wav,Angry,388,Angry,Happy,Happy,False,False,False,0.03642563,6.381763e-05,0.0023829015,0.64707303,4.1497724e-06,1.7826354e-05,0.31403258
1215,inesco,mbaz,mbaz_a228.wav,Angry,122,Angry,Angry,Angry,True,True,False,0.38893726,2.1400801e-05,0.029275425,0.28143406,0.0072459416,0.00021035403,0.2928756
1216,inesco,mbaz,mbaz_a229.wav,Angry,333,Angry,Surprise,Happy,False,False,True,0.0033927793,2.8274495e-05,0.003189208,0.0047744466,1.3529234e-07,8.771768e-06,0.9886064
1217,inesco,mbaz,mbaz_a230.wav,Angry,221,Angry,Happy,Happy,False,False,False,0.00011946392,3.6941303e-05,0.0001481414,0.9983565,4.0345878e-08,1.3930205e-06,0.0013374746
1218,inesco,mbaz,mbaz_a231.wav,Angry,215,Angry,Happy,Happy,False,False,False,0.069930434,3.27524e-05,0.0057610893,0.660802,3.2969212e-06,8.0164864e-05,0.26339015
1219,inesco,mbaz,mbaz_a232.wav,Angry,196,Angry,Fear,Angry,False,True,True,0.3193005,2.3457751e-05,0.37391374,0.25432298,8.432633e-05,0.00054465875,0.05181035
1220,inesco,mbaz,mbaz_a233.wav,Angry,228,Angry,Happy,Happy,False,False,False,0.30604908,0.00246656,0.07652812,0.4332686,0.00035133853,0.0030502777,0.17828605
1221,inesco,mbaz,mbaz_a234.wav,Angry,77,Angry,Angry,Angry,True,True,False,0.8291817,5.5250384e-06,0.08687429,0.03304151,0.0012429311,0.00015361147,0.049500402
1222,inesco,mbaz,mbaz_a235.wav,Angry,68,Angry,Fear,Happy,False,False,True,0.006010663,9.569427e-06,0.72063226,0.24202994,0.021177894,0.0038234675,0.006316181
1223,inesco,mbaz,mbaz_a236.wav,Angry,164,Angry,Happy,Happy,False,False,False,0.09810402,4.972002e-05,0.022788301,0.5123954,0.00012017343,6.550249e-05,0.36647695
1224,inesco,mbaz,mbaz_a237.wav,Angry,148,Angry,Angry,Angry,True,True,False,0.5701899,7.954481e-05,0.00092628953,0.2100668,0.0029128976,5.4591936e-05,0.21576999
1225,inesco,mbaz,mbaz_a238.wav,Angry,180,Angry,Fear,Happy,False,False,True,0.013132861,4.4245e-06,0.6743962,0.24965318,0.0007212401,0.060251094,0.0018409486
1226,inesco,mbaz,mbaz_a239.wav,Angry,193,Angry,Happy,Happy,False,False,False,0.008128007,4.1484445e-06,0.0047522485,0.9287904,5.477072e-07,7.6643283e-07,0.058323875
1227,inesco,mbaz,mbaz_a240.wav,Angry,164,Angry,Happy,Happy,False,False,False,0.00039721205,7.158494e-07,0.00357309,0.82921857,1.01624855e-05,2.3157003e-05,0.1667771
1228,inesco,mbaz,mbaz_a241.wav,Angry,154,Angry,Surprise,Angry,False,True,True,0.23280333,1.1383074e-06,0.00083939335,0.054980043,7.109555e-05,4.1895264e-06,0.7113008
1229,inesco,mbaz,mbaz_a242.wav,Angry,391,Angry,Surprise,Happy,False,False,True,0.00034995243,1.7942151e-05,0.0036027653,0.063566856,4.7847055e-07,9.019472e-06,0.9324531
1230,inesco,mbaz,mbaz_a243.wav,Angry,196,Angry,Happy,Happy,False,False,False,0.019342517,3.391639e-05,0.0018339066,0.8626809,1.8459673e-07,6.8800723e-06,0.11610165
1231,inesco,mbaz,mbaz_a244.wav,Angry,237,Angry,Angry,Angry,True,True,False,0.93110645,4.4310336e-06,5.4090006e-06,0.06159745,1.8694172e-07,1.909295e-06,0.0072841374
1232,inesco,mbaz,mbaz_a245.wav,Angry,225,Angry,Happy,Happy,False,False,False,0.4615696,8.8757815e-06,0.0052488768,0.49800718,1.7742346e-05,0.0001085886,0.035039213
1233,inesco,mbaz,mbaz_a246.wav,Angry,84,Angry,Fear,Happy,False,False,True,0.111001946,1.7410419e-05,0.44133323,0.12577663,0.0023897793,0.00028510502,0.31919593
1234,inesco,mbaz,mbaz_a247.wav,Angry,295,Angry,Surprise,Happy,False,False,True,0.04667104,0.0007026481,0.00047956296,0.11579344,1.4765812e-05,5.197506e-05,0.8362866
1235,inesco,mbaz,mbaz_a248.wav,Angry,231,Angry,Angry,Angry,True,True,False,0.6667139,0.00013812457,0.20138207,0.07596429,1.5831794e-05,0.0014178164,0.05436799
1236,inesco,mbaz,mbaz_a249.wav,Angry,218,Angry,Happy,Happy,False,False,False,0.032516785,0.0002725994,0.016837243,0.58500916,1.4235745e-05,0.00014133377,0.36520866
1237,inesco,mbaz,mbaz_a250.wav,Angry,285,Angry,Surprise,Happy,False,False,True,0.024233509,0.0025957366,0.3117683,0.11442512,5.004444e-07,0.0015396562,0.5454372
1238,inesco,mbaz,mbaz_a251.wav,Angry,257,Angry,Happy,Happy,False,False,False,0.008943854,0.002946269,0.005744894,0.9333963,6.4134524e-06,0.00057389523,0.04838838
1239,inesco,mbaz,mbaz_a252.wav,Angry,305,Angry,Surprise,Happy,False,False,True,0.0017218274,0.0010755173,0.13435078,0.20475355,4.6755e-06,0.00042573226,0.6576679
1240,inesco,mbaz,mbaz_a253.wav,Angry,193,Angry,Happy,Happy,False,False,False,0.003009908,9.545882e-07,0.15361324,0.78243107,5.523958e-07,7.469462e-07,0.060943536
1241,inesco,mbaz,mbaz_a254.wav,Angry,196,Angry,Angry,Angry,True,True,False,0.87923473,5.5429737e-05,0.008041294,0.09254891,5.4735083e-05,3.6570495e-05,0.020028228
1242,inesco,mbaz,mbaz_a255.wav,Angry,321,Angry,Surprise,Happy,False,False,True,0.0005767828,2.8319123e-06,0.0013608759,0.005374367,4.447016e-09,4.658937e-06,0.9926805
1243,inesco,mbaz,mbaz_a256.wav,Angry,372,Angry,Surprise,Angry,False,True,True,0.27732947,8.69667e-06,0.0039579966,0.015038607,1.340857e-07,5.4100117e-05,0.70361096
1244,inesco,mbaz,mbaz_a257.wav,Angry,253,Angry,Angry,Angry,True,True,False,0.9806898,0.00016708093,2.277274e-05,0.016600631,1.3339967e-07,2.0587802e-05,0.0024990006
1245,inesco,mbaz,mbaz_a258.wav,Angry,154,Angry,Angry,Angry,True,True,False,0.8421364,1.1175639e-06,0.00029365512,0.10989634,0.00020439307,1.2194198e-06,0.047466945
1246,inesco,mbaz,mbaz_a259.wav,Angry,193,Angry,Angry,Angry,True,True,False,0.8498799,4.4395438e-07,0.0038875581,0.13745214,6.815589e-08,8.0682537e-07,0.008779081
1247,inesco,mbaz,mbaz_a260.wav,Angry,266,Angry,Angry,Angry,True,True,False,0.88366866,0.0025068203,0.0021129523,0.006291969,1.01509855e-07,5.5144737e-05,0.10536448
1248,inesco,mbaz,mbaz_a261.wav,Angry,253,Angry,Angry,Angry,True,True,False,0.952144,7.833736e-05,0.00014862785,0.012532454,1.0060509e-06,9.332475e-06,0.035086237
1249,inesco,mbaz,mbaz_a262.wav,Angry,189,Angry,Surprise,Happy,False,False,True,0.014635695,2.7289621e-05,0.0055429065,0.24186413,0.00027286122,9.071404e-06,0.7376481
1250,inesco,mbaz,mbaz_a263.wav,Angry,183,Angry,Angry,Angry,True,True,False,0.9383666,5.529545e-05,0.0008735605,0.049014676,0.0038807495,1.6895776e-05,0.007792226
1251,inesco,mbaz,mbaz_a264.wav,Angry,87,Angry,Surprise,Angry,False,True,True,0.014286561,8.327053e-05,0.012816545,0.013668608,0.00074540963,0.00018459598,0.958215
1252,inesco,mbaz,mbaz_a265.wav,Angry,106,Angry,Surprise,Angry,False,True,True,0.028545706,6.114226e-06,0.027376987,0.010277087,0.00017866,0.00014838311,0.93346703
1253,inesco,mbaz,mbaz_a266.wav,Angry,388,Angry,Surprise,Happy,False,False,True,0.010387129,7.6089214e-07,9.003364e-05,0.17450424,2.0676346e-08,9.238071e-07,0.8150168
1254,inesco,mbaz,mbaz_a267.wav,Angry,129,Angry,Surprise,Happy,False,False,True,0.0021533181,9.677044e-07,0.0077226413,0.34088403,0.00031136684,1.36721765e-05,0.648914
1255,inesco,mbaz,mbaz_a268.wav,Angry,68,Angry,Neutral,Happy,False,False,True,0.15366526,6.896178e-05,0.01527565,0.20569392,0.60954756,0.0071562035,0.008592502
1256,inesco,mbaz,mbaz_a269.wav,Angry,113,Angry,Angry,Angry,True,True,False,0.82618755,2.192177e-05,0.0051916623,0.091344506,0.0062579573,0.000103914615,0.07089241
1257,inesco,mbaz,mbaz_a270.wav,Angry,167,Angry,Surprise,Happy,False,False,True,0.012714964,4.947728e-07,0.011203296,0.2798895,1.9572051e-05,3.3020548e-05,0.6961391
1258,inesco,mbaz,mbaz_a271.wav,Angry,266,Angry,Angry,Angry,True,True,False,0.43073136,0.022324909,0.17738734,0.03919315,1.7903538e-05,0.090657674,0.23968764
1259,inesco,mbaz,mbaz_a272.wav,Angry,330,Angry,Surprise,Happy,False,False,True,0.00028613777,7.141978e-05,6.992515e-05,0.0009519102,5.7471444e-10,5.244158e-05,0.99856806
1260,inesco,mbaz,mbaz_a273.wav,Angry,215,Angry,Angry,Angry,True,True,False,0.8980401,3.7581733e-06,0.00015376238,0.022682922,9.382952e-05,0.0002955318,0.07873003
1261,inesco,mbaz,mbaz_a274.wav,Angry,346,Angry,Surprise,Happy,False,False,True,0.00084689644,5.374862e-07,0.00031128403,0.012443521,1.7862703e-08,6.214466e-06,0.98639154
1262,inesco,mbaz,mbaz_a275.wav,Angry,132,Angry,Angry,Angry,True,True,False,0.53125274,2.357352e-05,0.028503073,0.30626476,0.0022298833,1.7423714e-05,0.1317086
1263,inesco,mbaz,mbaz_a276.wav,Angry,202,Angry,Happy,Happy,False,False,False,0.0023422216,1.1874577e-06,0.2770601,0.49958408,4.2003222e-08,1.065836e-06,0.22101127
1264,inesco,mbaz,mbaz_a277.wav,Angry,250,Angry,Happy,Happy,False,False,False,0.071497776,0.008628373,0.08972701,0.54791063,1.6429622e-05,0.0017762152,0.2804436
1265,inesco,mbaz,mbaz_a278.wav,Angry,401,Angry,Surprise,Angry,False,True,True,0.19285361,0.0031005254,0.05506364,0.16442604,0.00013643294,0.013606326,0.5708134
1266,inesco,mbaz,mbaz_a279.wav,Angry,289,Angry,Surprise,Happy,False,False,True,0.009144742,5.9492777e-06,0.0033985474,0.026619755,5.743612e-07,0.00016728668,0.9606631
1267,inesco,mbaz,mbaz_a280.wav,Angry,269,Angry,Happy,Happy,False,False,False,0.007992195,0.016000524,0.09736562,0.4704566,2.7166516e-05,0.005016631,0.4031412
1268,inesco,mbaz,mbaz_a281.wav,Angry,311,Angry,Surprise,Angry,False,True,True,0.088483766,0.00026353772,0.041463215,0.082535245,1.9933452e-06,0.00026863828,0.7869836
1269,inesco,mbaz,mbaz_a282.wav,Angry,218,Angry,Surprise,Angry,False,True,True,0.15328534,7.200488e-06,6.567293e-05,0.0006096011,2.9709621e-09,4.865529e-06,0.8460273
1270,inesco,mbaz,mbaz_a283.wav,Angry,330,Angry,Surprise,Angry,False,True,True,0.03595195,6.6243906e-06,0.00016479776,0.0025954046,1.3641421e-06,5.7724024e-05,0.96122205
1271,inesco,mbaz,mbaz_a284.wav,Angry,295,Angry,Surprise,Happy,False,False,True,0.0016646701,8.5731546e-07,6.7670157e-06,0.00878624,7.927571e-11,2.0278948e-08,0.9895415
1272,inesco,mbaz,mbaz_a285.wav,Angry,228,Angry,Angry,Angry,True,True,False,0.8789629,0.0022696436,7.059324e-05,0.11161446,4.086356e-05,0.00013245376,0.006909079
1273,inesco,mbaz,mbaz_a286.wav,Angry,401,Angry,Angry,Angry,True,True,False,0.731145,0.00081657805,0.00030961563,0.16414501,5.23407e-05,0.00013670442,0.10339467
1274,inesco,mbaz,mbaz_a287.wav,Angry,170,Angry,Happy,Happy,False,False,False,0.16040315,3.023772e-07,0.028639194,0.7748834,0.0005843487,0.00012091618,0.03536861
1275,inesco,mbaz,mbaz_a288.wav,Angry,241,Angry,Happy,Happy,False,False,False,0.1804935,0.0028433977,0.10439632,0.61712986,5.690928e-09,0.008102702,0.087034166
1276,inesco,mbaz,mbaz_a289.wav,Angry,122,Angry,Angry,Angry,True,True,False,0.7158437,4.2375217e-07,0.009592852,0.19635275,1.1566084e-05,1.6183174e-06,0.078197055
1277,inesco,mbaz,mbaz_a290.wav,Angry,308,Angry,Surprise,Happy,False,False,True,0.00606201,6.9631537e-06,0.00023844097,0.18742856,1.313334e-07,4.8962247e-06,0.806259
1278,inesco,mbaz,mbaz_a291.wav,Angry,148,Angry,Happy,Happy,False,False,False,0.06375091,7.425774e-06,0.16053006,0.7589272,2.2350858e-05,0.00010732034,0.016654762
1279,inesco,mbaz,mbaz_a292.wav,Angry,77,Angry,Angry,Angry,True,True,False,0.799548,6.832494e-05,0.0027703987,0.0881595,0.04990253,0.0003745264,0.05917677
1280,inesco,mbaz,mbaz_a293.wav,Angry,247,Angry,Surprise,Angry,False,True,True,0.12157339,0.016727718,0.24282303,0.019312391,6.939632e-06,0.009485743,0.5900708
1281,inesco,mbaz,mbaz_a294.wav,Angry,340,Angry,Surprise,Happy,False,False,True,0.04907111,0.06554519,0.06759955,0.18809423,0.00084843097,0.054271627,0.5745699
1282,inesco,mbaz,mbaz_a295.wav,Angry,308,Angry,Surprise,Happy,False,False,True,0.014246662,4.8158716e-05,0.012999239,0.06249318,1.3604765e-05,0.00038141792,0.90981776
1283,inesco,mbaz,mbaz_a296.wav,Angry,125,Angry,Surprise,Angry,False,True,True,0.3084429,5.6245693e-07,0.0006611165,0.010900588,7.2833725e-05,1.578533e-06,0.67992043
1284,inesco,mbaz,mbaz_a297.wav,Angry,84,Angry,Angry,Angry,True,True,False,0.5915444,1.532889e-05,0.06028541,0.01725651,0.0004465997,0.00014376015,0.330308
1285,inesco,mbaz,mbaz_a298.wav,Angry,154,Angry,Happy,Happy,False,False,False,6.627281e-05,2.3143489e-06,0.0007938129,0.5084324,2.6164703e-06,1.1839361e-05,0.49069074
1286,inesco,mbaz,mbaz_a299.wav,Angry,237,Angry,Angry,Angry,True,True,False,0.95572317,1.0406311e-06,0.00010890527,0.04107285,1.1362228e-08,1.4667779e-06,0.0030925795
1287,inesco,mbaz,mbaz_a300.wav,Angry,401,Angry,Surprise,Happy,False,False,True,0.005255452,0.0022395337,0.0025531035,0.04191578,2.36809e-08,5.3022777e-05,0.94798315
1288,inesco,mbaz,mbaz_a301.wav,Angry,215,Angry,Surprise,Happy,False,False,True,0.14380498,0.03244502,0.113878585,0.27264968,0.00041684654,0.023649076,0.41315585
1289,inesco,mbaz,mbaz_a302.wav,Angry,333,Angry,Surprise,Happy,False,False,True,0.07258245,0.00042827986,0.014433118,0.13132821,1.4239717e-05,0.00047512306,0.78073853
1290,inesco,mbaz,mbaz_a303.wav,Angry,282,Angry,Surprise,Angry,False,True,True,0.067332506,2.259516e-05,0.0034516994,0.03179524,2.9333955e-07,4.21034e-05,0.8973556
1291,inesco,mbaz,mbaz_a304.wav,Angry,125,Angry,Angry,Angry,True,True,False,0.610255,1.9955196e-06,0.0023439052,0.06560732,0.00027298575,9.0355425e-06,0.32150978
1292,inesco,mbaz,mbaz_a305.wav,Angry,282,Angry,Surprise,Angry,False,True,True,0.1251002,0.001016014,0.014821507,0.10929703,2.2419312e-05,0.0016373531,0.7481055
1293,inesco,mbaz,mbaz_a306.wav,Angry,276,Angry,Angry,Angry,True,True,False,0.5845768,0.00023428873,0.0231675,0.2041161,1.2903735e-05,0.0010050562,0.18688732
1294,inesco,mbaz,mbaz_a307.wav,Angry,193,Angry,Angry,Angry,True,True,False,0.9988444,1.1737562e-08,4.5443663e-05,0.00079947984,1.2227129e-08,1.8285279e-08,0.00031058068
1295,inesco,mbaz,mbaz_a308.wav,Angry,327,Angry,Surprise,Happy,False,False,True,0.00018759485,8.658628e-06,0.0056989365,0.32042184,3.888967e-09,1.0026683e-06,0.6736819
1296,inesco,mbaz,mbaz_a309.wav,Angry,61,Angry,Surprise,Angry,False,True,True,0.12443297,0.000325265,0.24200922,0.04389451,0.038597316,0.0039332956,0.54680747
1297,inesco,mbaz,mbaz_a310.wav,Angry,84,Angry,Angry,Angry,True,True,False,0.9906713,3.90334e-06,0.001182138,0.0043998873,9.1583395e-05,3.169366e-05,0.0036196127
1298,inesco,mbaz,mbaz_a311.wav,Angry,52,Angry,Surprise,Angry,False,True,True,0.32761982,2.2830343e-05,0.011554342,0.021912804,0.0010160182,4.47802e-05,0.6378295
1299,inesco,mbaz,mbaz_a312.wav,Angry,170,Angry,Happy,Happy,False,False,False,0.13466924,1.6019462e-06,0.007576595,0.7823177,3.515462e-06,1.3902995e-05,0.07541742
1300,inesco,mbaz,mbaz_a313.wav,Angry,173,Angry,Happy,Happy,False,False,False,0.019538017,4.3487955e-07,0.0010598176,0.85534006,1.7999244e-05,6.3831444e-06,0.1240373
1301,inesco,mbaz,mbaz_a314.wav,Angry,221,Angry,Angry,Angry,True,True,False,0.9937649,3.2369945e-07,0.00068654376,0.0051107137,2.0013096e-07,2.8432788e-07,0.00043705973
1302,inesco,mbaz,mbaz_a315.wav,Angry,301,Angry,Angry,Angry,True,True,False,0.6180745,0.0010806845,0.004405126,0.2826552,4.784905e-06,0.00013318971,0.09364659
1303,inesco,mbaz,mbaz_a316.wav,Angry,349,Angry,Angry,Angry,True,True,False,0.97185814,2.0638622e-07,0.00019846369,0.0028130645,1.3241586e-07,3.2560476e-06,0.025126679
1304,inesco,mbaz,mbaz_a317.wav,Angry,321,Angry,Surprise,Happy,False,False,True,0.038282614,0.02823018,0.13318862,0.24437903,3.5946753e-06,0.0040638084,0.5518521
1305,inesco,mbaz,mbaz_a318.wav,Angry,231,Angry,Surprise,Happy,False,False,True,0.00031518048,5.5297303e-05,0.0017816286,0.022423418,3.4817262e-08,2.3165765e-07,0.9754242
1306,inesco,mbaz,mbaz_a319.wav,Angry,401,Angry,Surprise,Happy,False,False,True,0.0005453469,1.4169747e-06,0.0027582163,0.0522168,3.0724877e-07,1.35043265e-05,0.9444644
1307,inesco,mbaz,mbaz_a320.wav,Angry,113,Angry,Angry,Angry,True,True,False,0.90353173,1.903041e-05,0.0015201304,0.04504786,0.01694713,1.0975915e-05,0.03292304
1308,inesco,mbaz,mbaz_a321.wav,Angry,52,Angry,Surprise,Happy,False,False,True,0.17029524,0.00033673734,0.07726298,0.2502699,0.13606682,0.0037988995,0.36196947
1309,inesco,mbaz,mbaz_a322.wav,Angry,49,Angry,Angry,Angry,True,True,False,0.8491993,0.00022360236,0.00968015,0.008026749,0.0069538993,0.00069536816,0.12522098
1310,inesco,mbaz,mbaz_a323.wav,Angry,52,Angry,Angry,Angry,True,True,False,0.86517644,2.6050018e-05,0.082824916,0.029380895,0.0065011093,0.00038797042,0.015702564
1311,inesco,mbaz,mbaz_a324.wav,Angry,173,Angry,Happy,Happy,False,False,False,0.0010886721,6.3284815e-06,0.13907407,0.82130545,0.0020414537,0.0006304143,0.0358536
1312,inesco,mbaz,mbaz_a325.wav,Angry,138,Angry,Surprise,Happy,False,False,True,0.13746193,4.6647197e-05,0.07830347,0.38901106,0.0025307236,0.0006557033,0.39199045
1313,inesco,mbaz,mbaz_a326.wav,Angry,202,Angry,Happy,Happy,False,False,False,0.047529772,0.00018006071,0.0053097126,0.5526195,0.0006970508,0.00025186012,0.39341208
1314,inesco,mbaz,mbaz_a327.wav,Angry,215,Angry,Angry,Angry,True,True,False,0.93209064,1.9786843e-05,0.00018458738,0.06526436,3.4286375e-06,7.3673937e-06,0.0024298346
1315,inesco,mbaz,mbaz_a328.wav,Angry,215,Angry,Happy,Happy,False,False,False,0.00021742278,0.009134957,0.0015525065,0.98066425,1.4440021e-06,0.00010654495,0.008322884
1316,inesco,mbaz,mbaz_a329.wav,Angry,154,Angry,Angry,Angry,True,True,False,0.65613616,5.559329e-06,0.29113725,0.00410447,2.1035285e-05,0.00015310306,0.048442435
1317,inesco,mbaz,mbaz_a330.wav,Angry,90,Angry,Surprise,Happy,False,False,True,0.049504343,7.9762714e-05,0.23515314,0.101959065,0.052939273,0.0047285887,0.5556358
1318,inesco,mbaz,mbaz_a331.wav,Angry,167,Angry,Surprise,Happy,False,False,True,0.0006498547,4.5654554e-07,0.004687871,0.10875305,8.347777e-06,3.1720203e-06,0.8858972
1319,inesco,mbaz,mbaz_a332.wav,Angry,119,Angry,Happy,Happy,False,False,False,0.05253249,6.5539505e-05,0.22877319,0.483036,0.051880088,0.0020357035,0.18167697
1320,inesco,mbaz,mbaz_a333.wav,Angry,84,Angry,Surprise,Happy,False,False,True,0.16541943,1.487455e-05,0.013951229,0.17241731,0.0018579043,0.00020837675,0.64613086
1321,inesco,mbaz,mbaz_a334.wav,Angry,161,Angry,Happy,Happy,False,False,False,0.0011449036,1.1428068e-06,0.10605422,0.8301818,1.5090828e-07,0.00012458165,0.062493198
1322,inesco,mbaz,mbaz_a335.wav,Angry,157,Angry,Angry,Angry,True,True,False,0.5835529,3.4524015e-07,0.083191276,0.09857937,1.1099891e-05,0.0001100369,0.23455493
1323,inesco,mbaz,mbaz_a336.wav,Angry,189,Angry,Happy,Happy,False,False,False,0.038978647,6.1072814e-07,0.004313867,0.92203236,6.411541e-06,1.2915873e-05,0.03465525
1324,inesco,mbaz,mbaz_a337.wav,Angry,157,Angry,Surprise,Happy,False,False,True,0.0030787531,1.2247349e-06,0.11631234,0.1389138,2.1403503e-05,1.8087225e-06,0.74167067
1325,inesco,mbaz,mbaz_a338.wav,Angry,193,Angry,Angry,Angry,True,True,False,0.97165203,0.00038206228,0.0007586703,0.022615306,0.0005718334,5.4602016e-05,0.0039655515
1326,inesco,mbaz,mbaz_a339.wav,Angry,237,Angry,Angry,Angry,True,True,False,0.9971482,1.4854621e-05,0.0001133993,0.00089696655,1.22097e-07,4.98428e-06,0.0018214129
1327,inesco,mbaz,mbaz_a340.wav,Angry,93,Angry,Angry,Angry,True,True,False,0.92979515,8.432846e-06,0.01244887,0.023726868,0.0046232655,0.00019543884,0.029202072
1328,inesco,mbaz,mbaz_a341.wav,Angry,273,Angry,Surprise,Happy,False,False,True,0.0077722785,4.28418e-06,6.580431e-05,0.36651263,3.6613795e-08,1.7238905e-05,0.6256277
1329,inesco,mbaz,mbaz_a342.wav,Angry,177,Angry,Surprise,Happy,False,False,True,0.0026281646,4.88089e-06,0.0016143239,0.33800304,0.0068580965,2.4102472e-05,0.6508674
1330,inesco,mbaz,mbaz_a343.wav,Angry,202,Angry,Happy,Happy,False,False,False,0.068906665,7.6823346e-07,0.003574872,0.9221977,0.0007881056,0.00014411043,0.004387858
1331,inesco,mbaz,mbaz_a344.wav,Angry,202,Angry,Angry,Angry,True,True,False,0.84244305,0.00014728535,0.0028775574,0.120380536,2.063943e-06,4.401997e-05,0.03410543
1332,inesco,mbaz,mbaz_a345.wav,Angry,177,Angry,Surprise,Angry,False,True,True,0.13317649,9.603819e-05,0.009987049,0.10747105,0.0001521004,0.0001795414,0.74893767
1333,inesco,mbaz,mbaz_a346.wav,Angry,257,Angry,Angry,Angry,True,True,False,0.65175015,0.0038255828,0.0011636395,0.0048241606,1.2110473e-07,0.0003083183,0.338128
1334,inesco,mbaz,mbaz_a347.wav,Angry,209,Angry,Happy,Happy,False,False,False,0.11085879,4.1716306e-05,0.001158489,0.57726896,2.4166754e-06,2.2837643e-05,0.3106468
1335,inesco,mbaz,mbaz_a348.wav,Angry,109,Angry,Fear,Angry,False,True,True,0.36705384,1.6378393e-05,0.37546122,0.094874576,0.005139004,0.00012268985,0.15733226
1336,inesco,mbaz,mbaz_a349.wav,Angry,212,Angry,Angry,Angry,True,True,False,0.9915814,9.0476576e-08,6.626214e-05,0.007931062,2.6266255e-06,9.16803e-07,0.0004176075
1337,inesco,mbaz,mbaz_a350.wav,Angry,401,Angry,Happy,Happy,False,False,False,0.008822521,5.291228e-07,0.0018641998,0.69919467,6.2467337e-10,8.019597e-08,0.29011798
1338,inesco,mbaz,mbaz_a351.wav,Angry,209,Angry,Happy,Happy,False,False,False,0.014194602,6.6440305e-07,0.0042742384,0.96188116,8.133472e-06,9.236123e-06,0.019631915
1339,inesco,mbaz,mbaz_a352.wav,Angry,109,Angry,Surprise,Happy,False,False,True,0.0100398045,4.6582682e-07,0.0055148723,0.010924311,0.0002855449,5.427414e-06,0.9732295
1340,inesco,mbaz,mbaz_a353.wav,Angry,212,Angry,Surprise,Happy,False,False,True,0.00046993513,6.5471963e-06,0.020076748,0.044529304,1.0706612e-08,5.9827844e-06,0.93491143
1341,inesco,mbaz,mbaz_a354.wav,Angry,321,Angry,Angry,Angry,True,True,False,0.60551,0.00060700194,0.013404592,0.017175697,7.221078e-05,0.0017535527,0.36147696
1342,inesco,mbaz,mbaz_a355.wav,Angry,212,Angry,Angry,Angry,True,True,False,0.73470026,0.0017381681,0.011593951,0.1614364,2.0932863e-05,0.004757272,0.08575295
1343,inesco,mbaz,mbaz_a356.wav,Angry,260,Angry,Angry,Angry,True,True,False,0.7351271,0.00013733549,0.010073259,0.2359961,1.4990406e-05,0.00024759423,0.018403599
1344,inesco,mbaz,mbaz_a357.wav,Angry,148,Angry,Surprise,Happy,False,False,True,0.00016493832,6.0464004e-06,0.047126595,0.18869397,4.4953517e-06,0.00017990834,0.7638241
1345,inesco,mbaz,mbaz_a358.wav,Angry,103,Angry,Angry,Angry,True,True,False,0.7500427,8.207741e-06,0.047252715,0.06664369,0.0024066998,2.5106083e-05,0.13362087
1346,inesco,mbaz,mbaz_a359.wav,Angry,177,Angry,Angry,Angry,True,True,False,0.99485356,9.358196e-09,5.452982e-06,0.005128611,5.0966296e-08,5.290201e-09,1.24478e-05
1347,inesco,mbaz,mbaz_a360.wav,Angry,84,Angry,Fear,Happy,False,False,True,0.013546112,2.3052138e-05,0.6932009,0.056785543,0.0017631389,0.0008067121,0.23387456
1348,inesco,mbaz,mbaz_a361.wav,Angry,119,Angry,Surprise,Angry,False,True,True,0.0482208,5.6763913e-08,0.03586081,0.014163042,5.207869e-07,2.3916523e-06,0.9017524
1349,inesco,mbaz,mbaz_a362.wav,Angry,77,Angry,Fear,Angry,False,True,True,0.13590623,1.4619562e-05,0.5799484,0.039344344,0.00028471294,0.00028454763,0.24421713
1350,inesco,mbaz,mbaz_a363.wav,Angry,141,Angry,Fear,Happy,False,False,True,0.1942983,6.503167e-07,0.5701314,0.22373095,2.931814e-05,1.7738346e-05,0.011791629
1351,inesco,mbaz,mbaz_a364.wav,Angry,138,Angry,Surprise,Angry,False,True,True,0.40812474,2.9824819e-06,0.0006024265,0.05047508,0.00030867627,2.4935803e-06,0.5404836
1352,inesco,mbaz,mbaz_a365.wav,Angry,157,Angry,Angry,Angry,True,True,False,0.70357966,1.3344612e-05,0.0049531227,0.17529266,0.00018344616,0.00015583045,0.11582198
1353,inesco,mbaz,mbaz_a366.wav,Angry,180,Angry,Angry,Angry,True,True,False,0.9475184,2.2202483e-08,0.017669745,0.03409846,4.7112835e-06,1.6084584e-06,0.00070706435
1354,inesco,mbaz,mbaz_a367.wav,Angry,49,Angry,Angry,Angry,True,True,False,0.94709694,3.6782178e-05,0.005088895,0.005999072,0.004306384,8.377388e-05,0.037388153
1355,inesco,mbaz,mbaz_a368.wav,Angry,119,Angry,Happy,Happy,False,False,False,0.3513654,6.706921e-07,0.009615542,0.36793122,0.00022425718,2.3521445e-05,0.27083942
1356,inesco,mbaz,mbaz_a369.wav,Angry,132,Angry,Angry,Angry,True,True,False,0.9863272,3.0900196e-08,0.005080965,0.0040111737,3.1148522e-06,9.5571885e-08,0.004577434
1357,inesco,mbaz,mbaz_a370.wav,Angry,148,Angry,Fear,Happy,False,False,True,0.004690285,5.434088e-07,0.96694887,0.02138176,6.9106645e-06,6.520875e-05,0.006906393
1358,inesco,mbaz,mbaz_a371.wav,Angry,132,Angry,Surprise,Happy,False,False,True,0.04173582,7.3688475e-06,0.040745866,0.10527919,0.0008496063,8.7613655e-05,0.8112945
1359,inesco,mbaz,mbaz_a372.wav,Angry,161,Angry,Fear,Angry,False,True,True,0.3545187,5.4329774e-07,0.42545712,0.21142969,2.5097395e-05,3.1614483e-05,0.008537264
1360,inesco,mbaz,mbaz_a373.wav,Angry,173,Angry,Angry,Angry,True,True,False,0.91182,1.841678e-07,0.0011225635,0.0071113175,4.437081e-08,3.4362677e-07,0.07994559
1361,inesco,mbaz,mbaz_a374.wav,Angry,65,Angry,Surprise,Angry,False,True,True,0.33402532,0.00022885478,0.025592584,0.03935657,0.018576117,0.0032763826,0.57894415
1362,inesco,mbaz,mbaz_a375.wav,Angry,244,Angry,Happy,Happy,False,False,False,0.01168128,1.7108494e-05,5.3888947e-05,0.78704256,2.7294e-08,1.7721194e-06,0.2012034
1363,inesco,mbaz,mbaz_a376.wav,Angry,42,Angry,Angry,Angry,True,True,False,0.9581769,1.2437401e-06,0.022164913,0.0018453972,0.00011068407,5.375103e-06,0.017695533
1364,inesco,mbaz,mbaz_a377.wav,Angry,87,Angry,Surprise,Happy,False,False,True,0.046663515,4.9779424e-06,0.037286293,0.39015338,0.002160271,0.0007302505,0.5230013
1365,inesco,mbaz,mbaz_a378.wav,Angry,103,Angry,Angry,Angry,True,True,False,0.58525324,6.285896e-05,0.089793436,0.089370616,0.0022027327,0.00056133186,0.23275581
1366,inesco,mbaz,mbaz_a379.wav,Angry,129,Angry,Surprise,Happy,False,False,True,0.01024062,6.332776e-07,0.011081614,0.10047908,2.6248404e-06,7.024906e-06,0.8781884
1367,inesco,mbaz,mbaz_a380.wav,Angry,199,Angry,Happy,Happy,False,False,False,0.008914454,1.1973677e-06,0.0083663,0.55127925,0.000110214154,2.490689e-05,0.43130368
1368,inesco,mbaz,mbaz_a381.wav,Angry,157,Angry,Happy,Happy,False,False,False,0.3369563,4.7059953e-06,0.0045635137,0.62652856,1.3929489e-05,4.4246954e-06,0.031928584
1369,inesco,mbaz,mbaz_a382.wav,Angry,125,Angry,Surprise,Happy,False,False,True,4.896035e-06,1.0570384e-07,0.00017429987,0.059916817,1.722964e-07,1.8033413e-07,0.93990356
1370,inesco,mbaz,mbaz_a383.wav,Angry,65,Angry,Angry,Angry,True,True,False,0.72170126,0.0051646964,0.07495851,0.027803192,0.040822618,0.005156266,0.12439351
1371,inesco,mbaz,mbaz_a384.wav,Angry,132,Angry,Surprise,Happy,False,False,True,0.057256777,3.8341605e-07,0.0009890973,0.17963079,7.70252e-06,2.6061005e-06,0.7621127
1372,inesco,mbaz,mbaz_a385.wav,Angry,97,Angry,Happy,Happy,False,False,False,0.09288079,1.2054205e-06,0.112974375,0.7185482,0.0024523821,0.00014987329,0.07299322
1373,inesco,mbaz,mbaz_a386.wav,Angry,93,Angry,Surprise,Angry,False,True,True,0.056933746,2.260701e-06,0.015961712,0.054696504,0.00014257968,4.5680506e-05,0.8722175
1374,inesco,mbaz,mbaz_a387.wav,Angry,378,Angry,Surprise,Happy,False,False,True,0.00021174729,1.3979707e-07,0.00075461844,0.0892549,8.927357e-08,1.2785563e-06,0.9097772
1375,inesco,mbaz,mbaz_a388.wav,Angry,52,Angry,Angry,Angry,True,True,False,0.9345587,3.940645e-05,0.006031309,0.030382847,0.0055034524,0.00016441918,0.02331984
1376,inesco,mbaz,mbaz_a389.wav,Angry,87,Angry,Surprise,Happy,False,False,True,0.05993201,1.528505e-05,0.037285917,0.06715725,0.0010239795,0.000204783,0.83438075
1377,inesco,mbaz,mbaz_a390.wav,Angry,49,Angry,Angry,Angry,True,True,False,0.9460347,2.101817e-05,0.0029930347,0.008607573,0.0022732022,6.009893e-05,0.040010456
1378,inesco,mbaz,mbaz_a391.wav,Angry,55,Angry,Angry,Angry,True,True,False,0.6271002,0.0005100314,0.004060344,0.012448051,0.0034437645,0.0010950217,0.35134253
1379,inesco,mbaz,mbaz_a392.wav,Angry,42,Angry,Angry,Angry,True,True,False,0.75117236,3.7031605e-05,0.1822094,0.02554395,0.009864534,0.00062558876,0.030547101
1380,inesco,mbaz,mbaz_a393.wav,Angry,103,Angry,Surprise,Happy,False,False,True,0.06193354,5.770041e-06,0.00032466234,0.39292675,0.0003054023,4.593833e-06,0.5444993
1381,inesco,mbaz,mbaz_a394.wav,Angry,138,Angry,Happy,Happy,False,False,False,0.34976324,5.1168496e-07,0.031682707,0.44361058,5.0538376e-05,1.0397703e-05,0.17488201
1382,inesco,mbaz,mbaz_a395.wav,Angry,129,Angry,Angry,Angry,True,True,False,0.4931506,1.0372977e-06,0.0039739064,0.030324852,6.7739593e-06,1.9730348e-06,0.4725409
1383,inesco,mbaz,mbaz_a396.wav,Angry,215,Angry,Fear,Happy,False,False,True,0.037621833,0.0006590334,0.7019588,0.20980194,0.017772542,0.019570189,0.012615697
1384,inesco,mbaz,mbaz_a397.wav,Angry,45,Angry,Angry,Angry,True,True,False,0.9907397,7.013269e-06,0.00045914645,0.0031542743,0.003165074,4.5354347e-05,0.0024294872
1385,inesco,mbaz,mbaz_a398.wav,Angry,45,Angry,Surprise,Angry,False,True,True,0.071440764,1.3920386e-05,0.022486085,0.0668745,0.00073902274,0.000138958,0.83830667
1386,inesco,mbaz,mbaz_a399.wav,Angry,388,Angry,Surprise,Happy,False,False,True,0.008366354,9.490605e-07,0.0030775778,0.06117798,1.1689969e-07,6.8443164e-06,0.92737013
1387,inesco,mbaz,mbaz_a400.wav,Angry,218,Angry,Happy,Happy,False,False,False,0.43792757,0.0022775535,0.028578652,0.5034556,0.000843145,0.0042800964,0.022637451
1388,inesco,mbaz,mbaz_a401.wav,Angry,212,Angry,Happy,Happy,False,False,False,0.2734596,6.403913e-05,0.092487186,0.50978464,0.00011802696,0.00034544282,0.12374102
1389,inesco,mbaz,mbaz_h001.wav,Happy,212,Happy,Surprise,Angry,False,False,True,0.44688025,0.00044113625,0.0035983294,0.03715737,0.0006917815,0.00012717997,0.511104
1390,inesco,mbaz,mbaz_h002.wav,Happy,113,Happy,Angry,Angry,False,False,False,0.76736397,8.188029e-05,0.0005436505,0.011401458,0.0057207495,6.175864e-05,0.21482646
1391,inesco,mbaz,mbaz_h003.wav,Happy,212,Happy,Happy,Happy,True,True,False,0.076140344,0.0013204773,0.0004099435,0.9058746,0.0002275588,0.0015673327,0.014459793
1392,inesco,mbaz,mbaz_h004.wav,Happy,90,Happy,Angry,Angry,False,False,False,0.9992316,5.456326e-05,0.00016019623,5.879761e-05,0.0002824434,4.274852e-05,0.00016975224
1393,inesco,mbaz,mbaz_h005.wav,Happy,145,Happy,Surprise,Happy,False,True,True,1.7941331e-05,1.0097255e-05,0.00776496,0.031528585,8.9479806e-07,1.8649058e-05,0.9606588
1394,inesco,mbaz,mbaz_h006.wav,Happy,180,Happy,Happy,Happy,True,True,False,0.002641777,0.008435784,0.12504074,0.51526946,0.03382971,0.110908605,0.20387396
1395,inesco,mbaz,mbaz_h007.wav,Happy,154,Happy,Angry,Angry,False,False,False,0.7473699,0.0053004543,0.041621584,0.0013910685,0.116651654,0.08744086,0.00022458105
1396,inesco,mbaz,mbaz_h008.wav,Happy,269,Happy,Angry,Angry,False,False,False,0.8295786,0.003902533,0.0016167714,0.12760922,0.0027238277,0.012050112,0.022519002
1397,inesco,mbaz,mbaz_h009.wav,Happy,209,Happy,Happy,Happy,True,True,False,0.20072637,8.823728e-05,0.0011616754,0.5325916,1.3691707e-05,0.00013448908,0.26528397
1398,inesco,mbaz,mbaz_h010.wav,Happy,212,Happy,Happy,Happy,True,True,False,0.00010787702,6.344651e-06,0.22227032,0.7263605,3.585944e-05,0.0002991921,0.050919916
1399,inesco,mbaz,mbaz_h011.wav,Happy,189,Happy,Happy,Happy,True,True,False,0.37600628,0.0010181742,0.014895618,0.52363217,0.0031054043,0.0031934925,0.07814895
1400,inesco,mbaz,mbaz_h012.wav,Happy,266,Happy,Surprise,Happy,False,True,True,0.02329673,0.00062682555,0.006552361,0.16992961,3.636845e-05,0.0021332372,0.7974249
1401,inesco,mbaz,mbaz_h013.wav,Happy,359,Happy,Surprise,Angry,False,False,True,0.013228342,1.3075067e-05,0.0001749041,0.0055259694,3.6236925e-06,0.0004640561,0.98059
1402,inesco,mbaz,mbaz_h014.wav,Happy,375,Happy,Happy,Happy,True,True,False,0.36751077,0.020900013,0.04014305,0.45377505,0.01002636,0.030612236,0.07703249
1403,inesco,mbaz,mbaz_h015.wav,Happy,164,Happy,Happy,Happy,True,True,False,0.2877452,0.00043470034,0.014464938,0.37571654,0.00066850125,0.000517713,0.32045245
1404,inesco,mbaz,mbaz_h016.wav,Happy,189,Happy,Surprise,Happy,False,True,True,0.006868268,3.3139338e-07,0.018671444,0.0071318843,8.237151e-07,4.3326236e-06,0.96732295
1405,inesco,mbaz,mbaz_h017.wav,Happy,257,Happy,Happy,Happy,True,True,False,0.12738548,0.008976134,0.0048372694,0.813563,0.00016853862,0.00042951124,0.044640064
1406,inesco,mbaz,mbaz_h018.wav,Happy,353,Happy,Angry,Angry,False,False,False,0.37517542,0.13044246,0.024656173,0.20674776,0.015692856,0.04049447,0.2067909
1407,inesco,mbaz,mbaz_h019.wav,Happy,215,Happy,Happy,Happy,True,True,False,0.22548547,0.04418513,0.0007134818,0.4069135,5.5479148e-05,0.29170907,0.030937877
1408,inesco,mbaz,mbaz_h020.wav,Happy,244,Happy,Happy,Happy,True,True,False,0.15894811,0.00095180917,0.013865515,0.5419675,8.986778e-06,0.00065005437,0.28360808
1409,inesco,mbaz,mbaz_h021.wav,Happy,401,Happy,Angry,Angry,False,False,False,0.4338198,0.0022792213,0.0061364714,0.41066107,0.00016565256,0.01933327,0.12760459
1410,inesco,mbaz,mbaz_h022.wav,Happy,295,Happy,Angry,Angry,False,False,False,0.9840973,0.0023234,7.801237e-05,0.011513276,0.00043723412,0.0013061917,0.0002445654
1411,inesco,mbaz,mbaz_h023.wav,Happy,298,Happy,Surprise,Happy,False,True,True,0.008465302,0.0016045708,0.0020954476,0.07213844,5.013787e-06,0.0003895322,0.9153017
1412,inesco,mbaz,mbaz_h024.wav,Happy,225,Happy,Angry,Angry,False,False,False,0.7825724,0.038591206,0.0077938046,0.03545437,0.00019992472,0.012925437,0.12246281
1413,inesco,mbaz,mbaz_h025.wav,Happy,209,Happy,Happy,Happy,True,True,False,0.01969203,0.00012664731,0.06937058,0.6757403,6.586669e-05,0.00011890256,0.23488565
1414,inesco,mbaz,mbaz_h026.wav,Happy,282,Happy,Happy,Happy,True,True,False,0.0018679635,0.00021714202,0.069745205,0.4988369,1.3803833e-06,0.00025136446,0.42908004
1415,inesco,mbaz,mbaz_h027.wav,Happy,314,Happy,Fear,Happy,False,True,True,0.02559897,0.019072969,0.46446642,0.2502016,0.0026856933,0.035422735,0.20255159
1416,inesco,mbaz,mbaz_h028.wav,Happy,218,Happy,Angry,Angry,False,False,False,0.9605011,4.433742e-05,0.0006990996,0.012510156,6.6342886e-07,0.0005315665,0.025713198
1417,inesco,mbaz,mbaz_h029.wav,Happy,372,Happy,Surprise,Happy,False,True,True,0.19395791,3.2826018e-05,0.004623636,0.22581294,2.60501e-06,0.0011967053,0.57437336
1418,inesco,mbaz,mbaz_h030.wav,Happy,228,Happy,Angry,Angry,False,False,False,0.8938077,0.0011705408,1.7939034e-05,0.04845369,0.043518648,0.000470343,0.012561088
1419,inesco,mbaz,mbaz_h031.wav,Happy,401,Happy,Angry,Angry,False,False,False,0.54238445,0.00021481843,0.0021520343,0.36514017,0.00013844461,0.0047251335,0.08524495
1420,inesco,mbaz,mbaz_h032.wav,Happy,285,Happy,Angry,Angry,False,False,False,0.8489256,0.07808994,0.001769095,0.05518785,0.00053365674,0.0070752027,0.008418642
1421,inesco,mbaz,mbaz_h033.wav,Happy,221,Happy,Happy,Happy,True,True,False,0.0051738983,0.0013552156,0.04078437,0.8402344,2.6252528e-06,0.003061848,0.109387614
1422,inesco,mbaz,mbaz_h034.wav,Happy,218,Happy,Angry,Angry,False,False,False,0.96696246,0.0030634888,0.00012283637,0.026760943,0.00019949533,0.00040569247,0.002485074
1423,inesco,mbaz,mbaz_h035.wav,Happy,333,Happy,Surprise,Angry,False,False,True,0.08313338,0.1311618,0.024904005,0.0063870605,6.4058268e-06,0.02938814,0.7250192
1424,inesco,mbaz,mbaz_h036.wav,Happy,401,Happy,Surprise,Happy,False,True,True,0.00086685177,1.6828824e-05,0.017825982,0.15574099,4.665011e-06,0.00016116761,0.8253836
1425,inesco,mbaz,mbaz_h037.wav,Happy,324,Happy,Surprise,Angry,False,False,True,0.080184095,0.00205042,0.009612972,0.014369873,0.000719678,0.019115126,0.8739478
1426,inesco,mbaz,mbaz_h038.wav,Happy,401,Happy,Happy,Happy,True,True,False,0.0138792945,0.00028966035,0.057203405,0.89737993,0.000110645204,0.015430934,0.01570607
1427,inesco,mbaz,mbaz_h039.wav,Happy,349,Happy,Surprise,Happy,False,True,True,0.04696238,0.008481199,0.022597857,0.36622795,0.00026713652,0.005688368,0.54977506
1428,inesco,mbaz,mbaz_h040.wav,Happy,401,Happy,Surprise,Happy,False,True,True,0.00066515594,4.1151936e-05,0.019961346,0.35046342,1.1635343e-05,0.00016953646,0.62868774
1429,inesco,mbaz,mbaz_h041.wav,Happy,141,Happy,Surprise,Happy,False,True,True,0.00466409,2.0148066e-07,0.011873771,0.10181321,8.95792e-07,1.0133965e-05,0.8816377
1430,inesco,mbaz,mbaz_h042.wav,Happy,317,Happy,Surprise,Angry,False,False,True,0.007516055,4.397752e-05,0.004046835,0.0012343515,1.3436693e-06,0.0005547996,0.98660254
1431,inesco,mbaz,mbaz_h043.wav,Happy,401,Happy,Fear,Happy,False,True,True,0.014358634,0.008256884,0.44179988,0.26533,0.0011583616,0.014770052,0.25432613
1432,inesco,mbaz,mbaz_h044.wav,Happy,365,Happy,Happy,Happy,True,True,False,0.35706314,0.00098758,0.00095546566,0.55361354,0.00011395326,0.000568503,0.08669776
1433,inesco,mbaz,mbaz_h045.wav,Happy,285,Happy,Disgust,Angry,False,False,True,0.2204016,0.4875711,0.004874981,0.0839556,0.00023978154,0.035853546,0.16710345
1434,inesco,mbaz,mbaz_h046.wav,Happy,221,Happy,Angry,Angry,False,False,False,0.89517653,0.0006488917,0.0041751633,0.084092505,2.5079531e-05,3.69497e-05,0.015844835
1435,inesco,mbaz,mbaz_h047.wav,Happy,234,Happy,Angry,Angry,False,False,False,0.62395436,0.006661199,0.0015806191,0.18222417,0.16592921,0.0142940385,0.0053563598
1436,inesco,mbaz,mbaz_h048.wav,Happy,279,Happy,Surprise,Happy,False,True,True,0.010506868,0.0007606599,0.04761731,0.17064294,0.00014377285,0.0007280494,0.7696004
1437,inesco,mbaz,mbaz_h049.wav,Happy,205,Happy,Happy,Happy,True,True,False,0.02430267,0.00073154335,0.0083035715,0.5694843,0.3523944,0.030930538,0.013852963
1438,inesco,mbaz,mbaz_h050.wav,Happy,167,Happy,Neutral,Happy,False,True,True,0.011521399,0.00033769457,0.05307017,0.2702972,0.6566499,0.0040083984,0.004115269
1439,inesco,mbaz,mbaz_h051.wav,Happy,401,Happy,Neutral,Sad,False,False,True,0.058720123,0.029639166,0.03582596,0.07649821,0.43805602,0.34477073,0.016489727
1440,inesco,mbaz,mbaz_h052.wav,Happy,401,Happy,Surprise,Happy,False,True,True,0.010569766,0.0009907812,0.13357915,0.1255169,0.00021633957,0.01177963,0.7173474
1441,inesco,mbaz,mbaz_h053.wav,Happy,401,Happy,Happy,Happy,True,True,False,0.121033214,0.0032217118,0.018945113,0.70016253,0.008942776,0.05388372,0.09381101
1442,inesco,mbaz,mbaz_h054.wav,Happy,346,Happy,Angry,Angry,False,False,False,0.42331123,0.0010671235,0.001311407,0.24148408,0.0010989363,0.15085895,0.18086831
1443,inesco,mbaz,mbaz_h055.wav,Happy,401,Happy,Happy,Happy,True,True,False,0.025289739,0.00032364333,0.0019153439,0.93853384,0.00016558863,0.0019512943,0.03182065
1444,inesco,mbaz,mbaz_h056.wav,Happy,292,Happy,Angry,Angry,False,False,False,0.9856075,0.00047283195,0.00014138845,0.003172162,0.00020312476,0.00025547555,0.010147584
1445,inesco,mbaz,mbaz_h057.wav,Happy,247,Happy,Happy,Happy,True,True,False,0.33788794,0.016609862,0.0010603155,0.6415813,0.0002881948,0.0006326753,0.0019396418
1446,inesco,mbaz,mbaz_h058.wav,Happy,372,Happy,Surprise,Angry,False,False,True,0.26221216,0.0007340441,0.0073648854,0.22105022,0.0003695923,0.0107705435,0.49749857
1447,inesco,mbaz,mbaz_h059.wav,Happy,221,Happy,Fear,Happy,False,True,True,0.0014977648,0.0021769046,0.49774417,0.30409384,0.012359243,0.03130919,0.15081894
1448,inesco,mbaz,mbaz_h060.wav,Happy,317,Happy,Sad,Sad,False,False,False,0.27027014,0.011351719,0.004499971,0.03517567,0.0023362236,0.6651154,0.011250899
1449,inesco,mbaz,mbaz_h061.wav,Happy,154,Happy,Fear,Happy,False,True,True,0.00035169907,0.0013959482,0.7260947,0.019479588,0.003378121,0.018354235,0.23094562
1450,inesco,mbaz,mbaz_h062.wav,Happy,279,Happy,Angry,Angry,False,False,False,0.9636188,0.00085448823,0.0002470489,0.030687744,1.5106731e-05,0.00019357206,0.004383253
1451,inesco,mbaz,mbaz_h063.wav,Happy,263,Happy,Happy,Happy,True,True,False,0.32472914,0.001152431,0.011498761,0.60452443,0.007647227,0.0019146731,0.04853331
1452,inesco,mbaz,mbaz_h064.wav,Happy,231,Happy,Angry,Angry,False,False,False,0.8629028,0.0005398211,0.00015481599,0.032922998,0.10144237,0.00046415374,0.001573016
1453,inesco,mbaz,mbaz_h065.wav,Happy,337,Happy,Surprise,Sad,False,False,True,0.14068238,0.11315866,0.057326093,0.14338419,0.001877379,0.26023424,0.283337
1454,inesco,mbaz,mbaz_h066.wav,Happy,273,Happy,Happy,Happy,True,True,False,0.00054051145,0.0009944794,0.014810385,0.79377306,1.2443304e-06,0.002848233,0.18703212
1455,inesco,mbaz,mbaz_h067.wav,Happy,401,Happy,Angry,Angry,False,False,False,0.55668205,0.0033781156,0.03179293,0.27786016,0.00027861798,0.057049397,0.07295873
1456,inesco,mbaz,mbaz_h068.wav,Happy,292,Happy,Surprise,Happy,False,True,True,0.06642703,0.0029570882,0.014223422,0.08173668,6.8869886e-05,0.0015535175,0.8330334
1457,inesco,mbaz,mbaz_h069.wav,Happy,340,Happy,Surprise,Happy,False,True,True,0.048883222,0.0002748312,0.0030349891,0.39087772,0.00013388414,0.013691298,0.5431041
1458,inesco,mbaz,mbaz_h070.wav,Happy,314,Happy,Angry,Angry,False,False,False,0.48954007,0.00013701877,0.000562285,0.4034275,0.0027279158,0.0122696925,0.09133552
1459,inesco,mbaz,mbaz_h071.wav,Happy,269,Happy,Happy,Happy,True,True,False,0.24740806,0.0005811157,0.018676698,0.66526234,0.030168539,0.030044314,0.007858994
1460,inesco,mbaz,mbaz_h072.wav,Happy,241,Happy,Surprise,Happy,False,True,True,0.022153538,0.00017528245,0.0003647414,0.093192786,3.0222557e-06,4.025176e-05,0.8840703
1461,inesco,mbaz,mbaz_h073.wav,Happy,138,Happy,Angry,Angry,False,False,False,0.96442264,2.3799326e-05,0.00074449467,0.003408587,0.00026985264,5.7778943e-06,0.031124854
1462,inesco,mbaz,mbaz_h074.wav,Happy,301,Happy,Surprise,Angry,False,False,True,0.34541142,0.046250865,0.0061062374,0.04192361,0.000624272,0.008308678,0.5513749
1463,inesco,mbaz,mbaz_h075.wav,Happy,218,Happy,Angry,Angry,False,False,False,0.86183137,0.0012100633,0.0057666213,0.0912195,0.005626772,0.0033652126,0.030980542
1464,inesco,mbaz,mbaz_h076.wav,Happy,241,Happy,Angry,Angry,False,False,False,0.98582166,0.00080449367,0.00021149324,0.009288711,0.0001250351,0.0010715622,0.002676917
1465,inesco,mbaz,mbaz_h077.wav,Happy,228,Happy,Happy,Happy,True,True,False,0.031367686,4.829687e-05,0.0045585097,0.95213765,0.0022158085,0.0026080087,0.0070640077
1466,inesco,mbaz,mbaz_h078.wav,Happy,209,Happy,Happy,Happy,True,True,False,0.018099038,0.00027959622,0.0018354021,0.94349295,0.00085816666,1.7476197e-05,0.03541732
1467,inesco,mbaz,mbaz_h079.wav,Happy,401,Happy,Sad,Sad,False,False,False,0.034443825,0.0035066921,2.8584188e-06,0.008877391,0.16558991,0.78754663,3.2711003e-05
1468,inesco,mbaz,mbaz_h080.wav,Happy,356,Happy,Angry,Angry,False,False,False,0.5081079,0.015399608,0.019198045,0.09352249,0.009251086,0.04743055,0.30709034
1469,inesco,mbaz,mbaz_h081.wav,Happy,266,Happy,Surprise,Happy,False,True,True,0.035665516,0.12155558,0.0015807075,0.035764795,0.00017418145,0.003153309,0.8021059
1470,inesco,mbaz,mbaz_h082.wav,Happy,388,Happy,Happy,Happy,True,True,False,0.19239008,0.0031379908,0.042815614,0.5641305,0.0017003767,0.016805435,0.17902008
1471,inesco,mbaz,mbaz_h083.wav,Happy,388,Happy,Surprise,Happy,False,True,True,0.059371263,0.0034609644,0.02120883,0.23637736,0.0024890634,0.064142376,0.61295015
1472,inesco,mbaz,mbaz_h084.wav,Happy,199,Happy,Happy,Happy,True,True,False,0.3045345,0.005238867,0.08466263,0.3300634,0.0066349157,0.015741765,0.2531239
1473,inesco,mbaz,mbaz_h085.wav,Happy,321,Happy,Angry,Angry,False,False,False,0.92071545,0.00856084,0.0013086047,0.020870818,0.00013536027,0.009226096,0.039182767
1474,inesco,mbaz,mbaz_h086.wav,Happy,225,Happy,Angry,Angry,False,False,False,0.59176236,0.008405611,0.003602282,0.17623028,0.00820639,0.036734145,0.17505892
1475,inesco,mbaz,mbaz_h087.wav,Happy,218,Happy,Angry,Angry,False,False,False,0.8991838,0.0019707137,0.0003635857,0.062453754,0.028880313,0.0069331294,0.00021481182
1476,inesco,mbaz,mbaz_h088.wav,Happy,263,Happy,Sad,Sad,False,False,False,0.11446772,0.03207291,0.0006938793,0.10106793,0.0020567104,0.7131413,0.03649948
1477,inesco,mbaz,mbaz_h089.wav,Happy,401,Happy,Surprise,Happy,False,True,True,0.030851256,0.002045849,0.055757757,0.44702566,0.00024673378,0.008402531,0.45567012
1478,inesco,mbaz,mbaz_h090.wav,Happy,141,Happy,Neutral,Happy,False,True,True,0.0018409573,4.525907e-05,0.01811026,0.10005922,0.8424367,0.025218291,0.012289376
1479,inesco,mbaz,mbaz_h091.wav,Happy,321,Happy,Angry,Angry,False,False,False,0.59401447,8.136003e-05,0.003089774,0.37288383,0.00023206975,0.0014324548,0.028266028
1480,inesco,mbaz,mbaz_h092.wav,Happy,193,Happy,Happy,Happy,True,True,False,0.0030808367,1.0435036e-06,0.21034624,0.77744395,0.000734951,0.00010443419,0.0082886
1481,inesco,mbaz,mbaz_h093.wav,Happy,308,Happy,Angry,Angry,False,False,False,0.9977755,0.00028984228,2.6253178e-06,0.00053309574,0.00026432355,4.4832246e-05,0.0010897965
1482,inesco,mbaz,mbaz_h094.wav,Happy,388,Happy,Surprise,Angry,False,False,True,0.13539326,0.005279835,0.06696816,0.10499079,0.0017535078,0.020622939,0.6649915
1483,inesco,mbaz,mbaz_h095.wav,Happy,215,Happy,Happy,Happy,True,True,False,0.11976553,0.0019281242,0.0050946386,0.78416586,0.00045956462,0.0005932449,0.08799301
1484,inesco,mbaz,mbaz_h096.wav,Happy,183,Happy,Neutral,Happy,False,True,True,0.00053428946,6.9427165e-07,0.00044671734,0.023036007,0.97560084,0.0002377306,0.00014375674
1485,inesco,mbaz,mbaz_h097.wav,Happy,228,Happy,Angry,Angry,False,False,False,0.94029504,0.014192927,0.0008312204,0.00015248758,0.0285387,0.0012976633,0.014691928
1486,inesco,mbaz,mbaz_h098.wav,Happy,401,Happy,Happy,Happy,True,True,False,0.0011020555,0.00014731818,0.014382098,0.8282935,0.0005975948,0.008154252,0.14732315
1487,inesco,mbaz,mbaz_h099.wav,Happy,109,Happy,Surprise,Happy,False,True,True,0.047620878,0.00044783758,0.3285196,0.08716023,0.013543459,0.0011235232,0.5215845
1488,inesco,mbaz,mbaz_h100.wav,Happy,199,Happy,Neutral,Angry,False,False,True,0.026784228,0.0190774,0.001921715,0.0008382415,0.93412286,0.00019236006,0.017063325
1489,inesco,mbaz,mbaz_h101.wav,Happy,202,Happy,Angry,Angry,False,False,False,0.5134164,0.0019034942,0.0075234347,0.04562524,0.0023858075,0.004164717,0.42498088
1490,inesco,mbaz,mbaz_h102.wav,Happy,170,Happy,Angry,Angry,False,False,False,0.8106313,0.000100572,0.021907724,0.10658484,0.008081019,0.02288516,0.029809387
1491,inesco,mbaz,mbaz_h103.wav,Happy,289,Happy,Angry,Angry,False,False,False,0.3623054,0.0035629093,0.045471508,0.33547053,0.007819721,0.1683919,0.07697798
1492,inesco,mbaz,mbaz_h104.wav,Happy,401,Happy,Happy,Happy,True,True,False,0.02115562,0.00030603283,0.0046709366,0.89458096,0.0041561625,0.047515787,0.027614497
1493,inesco,mbaz,mbaz_h105.wav,Happy,189,Happy,Neutral,Happy,False,True,True,0.17813313,0.0013479175,0.011608423,0.31521052,0.37944618,0.10808718,0.0061666067
1494,inesco,mbaz,mbaz_h106.wav,Happy,257,Happy,Happy,Happy,True,True,False,0.00092135405,0.04593097,0.017479181,0.8903416,0.00027945777,0.022561353,0.022486094
1495,inesco,mbaz,mbaz_h107.wav,Happy,321,Happy,Happy,Happy,True,True,False,0.0157094,0.013497426,0.08384141,0.70163715,0.079716526,0.060484983,0.045113124
1496,inesco,mbaz,mbaz_h108.wav,Happy,401,Happy,Happy,Happy,True,True,False,0.09345959,0.0908382,0.029765014,0.42025325,0.13347396,0.21036302,0.021846952
1497,inesco,mbaz,mbaz_h109.wav,Happy,260,Happy,Happy,Happy,True,True,False,0.00083362317,8.713493e-05,0.0014414078,0.8467521,2.1276667e-06,2.8114719e-05,0.1508554
1498,inesco,mbaz,mbaz_h110.wav,Happy,314,Happy,Happy,Happy,True,True,False,0.14876416,0.018348705,0.07424857,0.45874766,0.00027527977,0.0035747476,0.29604086
1499,inesco,mbaz,mbaz_h111.wav,Happy,330,Happy,Angry,Angry,False,False,False,0.55961496,0.0031833546,0.0007375404,0.06653639,0.0044096746,0.0015917569,0.36392635
1500,inesco,mbaz,mbaz_h112.wav,Happy,401,Happy,Happy,Happy,True,True,False,0.030318286,0.0008007347,0.022172665,0.51841235,0.0008572554,0.0017687936,0.4256699
1501,inesco,mbaz,mbaz_h113.wav,Happy,401,Happy,Happy,Happy,True,True,False,0.0036648822,3.1193133e-05,0.0023648608,0.93883276,0.0012801556,0.033118058,0.020708065
1502,inesco,mbaz,mbaz_h114.wav,Happy,205,Happy,Angry,Angry,False,False,False,0.7757922,0.000100816345,0.0031309074,0.15926653,0.028997647,0.00018035916,0.03253155
1503,inesco,mbaz,mbaz_h115.wav,Happy,285,Happy,Surprise,Happy,False,True,True,0.10285979,0.00053961534,0.0021223584,0.2837024,0.00022898134,0.002528794,0.60801804
1504,inesco,mbaz,mbaz_h116.wav,Happy,135,Happy,Happy,Happy,True,True,False,0.028396979,0.00040928915,0.18538485,0.65576386,0.115132876,0.0007292587,0.014182862
1505,inesco,mbaz,mbaz_h117.wav,Happy,177,Happy,Surprise,Angry,False,False,True,0.07710577,0.002116236,0.002008091,0.035507623,0.017281167,0.0003575667,0.86562353
1506,inesco,mbaz,mbaz_h118.wav,Happy,282,Happy,Angry,Angry,False,False,False,0.5988828,0.007765886,0.0076249316,0.18129872,0.00018987223,0.0021436193,0.20209423
1507,inesco,mbaz,mbaz_h119.wav,Happy,289,Happy,Surprise,Happy,False,True,True,0.0755368,0.0030560156,0.01700218,0.29296526,0.0004689011,0.0022530197,0.60871786
1508,inesco,mbaz,mbaz_h120.wav,Happy,292,Happy,Angry,Angry,False,False,False,0.932167,0.0026009514,0.00047930813,0.035036243,0.00019095693,0.00037686067,0.029148655
1509,inesco,mbaz,mbaz_h121.wav,Happy,221,Happy,Angry,Angry,False,False,False,0.842664,6.00424e-05,0.0010332528,0.11345839,6.997224e-05,1.8897397e-05,0.04269541
1510,inesco,mbaz,mbaz_h122.wav,Happy,183,Happy,Happy,Happy,True,True,False,0.18591812,0.0064612064,0.0022001183,0.5190785,0.107042685,0.0017711405,0.17752832
1511,inesco,mbaz,mbaz_h123.wav,Happy,279,Happy,Surprise,Angry,False,False,True,0.42274022,0.00030289873,0.00024700264,0.113584645,6.0184907e-06,0.0001736017,0.4629456
1512,inesco,mbaz,mbaz_h124.wav,Happy,282,Happy,Surprise,Angry,False,False,True,0.46319598,0.003046903,0.0034422735,0.051465925,0.0002434183,0.0033138988,0.4752916
1513,inesco,mbaz,mbaz_h125.wav,Happy,116,Happy,Angry,Angry,False,False,False,0.5098381,3.7262187e-05,0.0021402824,0.01474657,0.045927174,0.0002239346,0.4270867
1514,inesco,mbaz,mbaz_h126.wav,Happy,359,Happy,Surprise,Happy,False,True,True,0.0997706,0.000100465266,0.084203154,0.22721751,5.9275637e-05,0.0012610839,0.587388
1515,inesco,mbaz,mbaz_h127.wav,Happy,202,Happy,Surprise,Happy,False,True,True,0.0013639022,0.0002937793,0.013677676,0.12219199,6.298788e-05,0.00033842726,0.8620712
1516,inesco,mbaz,mbaz_h128.wav,Happy,199,Happy,Surprise,Happy,False,True,True,0.0136466,3.2744312e-05,0.001889413,0.16898686,7.2784187e-06,0.00056596583,0.81487113
1517,inesco,mbaz,mbaz_h129.wav,Happy,193,Happy,Happy,Happy,True,True,False,0.061250415,0.0012244463,0.15384881,0.51303935,0.015667459,0.00014934147,0.25482026
1518,inesco,mbaz,mbaz_h130.wav,Happy,122,Happy,Happy,Happy,True,True,False,0.18724167,0.00046095016,0.28041536,0.30306995,0.037437912,0.002082985,0.1892912
1519,inesco,mbaz,mbaz_h131.wav,Happy,205,Happy,Angry,Angry,False,False,False,0.6599154,0.0002359775,0.008273921,0.17020658,0.0040709805,0.0009742147,0.15632291
1520,inesco,mbaz,mbaz_h132.wav,Happy,279,Happy,Angry,Angry,False,False,False,0.8113003,0.0006328239,0.00076712796,0.03251864,0.13554217,0.0083940625,0.010844926
1521,inesco,mbaz,mbaz_h133.wav,Happy,237,Happy,Surprise,Happy,False,True,True,0.039835155,0.0044111297,0.1596448,0.22803716,0.00032863382,0.032936066,0.534807
1522,inesco,mbaz,mbaz_h134.wav,Happy,401,Happy,Happy,Happy,True,True,False,0.024758313,0.000160638,0.00059673167,0.946406,0.00085409416,0.01758364,0.009640502
1523,inesco,mbaz,mbaz_h135.wav,Happy,269,Happy,Happy,Happy,True,True,False,0.33537132,0.082001634,0.016509922,0.4741402,0.0119658625,0.020572962,0.05943806
1524,inesco,mbaz,mbaz_h136.wav,Happy,241,Happy,Happy,Happy,True,True,False,0.2694752,0.0012407351,0.008012572,0.6035801,0.00025448774,0.0015872028,0.115849786
1525,inesco,mbaz,mbaz_h137.wav,Happy,103,Happy,Fear,Angry,False,False,True,0.02727588,0.00024553813,0.8112223,0.01840816,0.009227864,0.00071690104,0.1329034
1526,inesco,mbaz,mbaz_h139.wav,Happy,138,Happy,Happy,Happy,True,True,False,0.0709094,7.854327e-07,0.016835866,0.7935363,0.0006378384,1.6538139e-05,0.11806321
1527,inesco,mbaz,mbaz_h140.wav,Happy,151,Happy,Fear,Happy,False,True,True,0.004272378,2.0306277e-05,0.9490466,0.037013277,0.0016955929,0.0008990102,0.0070528123
1528,inesco,mbaz,mbaz_h141.wav,Happy,298,Happy,Angry,Angry,False,False,False,0.8585198,0.04876653,0.0002948541,0.0022535708,3.2370866e-05,0.0011410096,0.08899185
1529,inesco,mbaz,mbaz_h142.wav,Happy,164,Happy,Surprise,Angry,False,False,True,0.0019922326,9.1852553e-07,0.0027907682,0.00016650806,5.00622e-07,4.1462217e-06,0.99504495
1530,inesco,mbaz,mbaz_h143.wav,Happy,237,Happy,Angry,Angry,False,False,False,0.8917161,0.01753178,0.010898799,0.01253087,0.03159787,0.033325788,0.0023987503
1531,inesco,mbaz,mbaz_h144.wav,Happy,170,Happy,Happy,Happy,True,True,False,0.026579613,6.8573775e-07,6.7381035e-05,0.6442052,0.0009817089,0.00014127152,0.32802415
1532,inesco,mbaz,mbaz_h145.wav,Happy,183,Happy,Neutral,Sad,False,False,True,0.0020434,0.0017076103,0.044453684,0.0423478,0.6551548,0.25246775,0.0018249301
1533,inesco,mbaz,mbaz_h146.wav,Happy,71,Happy,Surprise,Happy,False,True,True,0.0015931119,0.00029446234,0.20469558,0.12151265,0.0019016869,0.00074563833,0.6692569
1534,inesco,mbaz,mbaz_h147.wav,Happy,148,Happy,Neutral,Angry,False,False,True,0.3348922,0.0015096291,0.0017042386,0.119187005,0.40887943,0.0069652796,0.12686229
1535,inesco,mbaz,mbaz_h148.wav,Happy,125,Happy,Neutral,Happy,False,True,True,0.017441867,5.9839032e-05,0.0074324547,0.032302603,0.92241216,0.0035186177,0.016832497
1536,inesco,mbaz,mbaz_h149.wav,Happy,289,Happy,Happy,Happy,True,True,False,0.25026625,0.00076567935,0.0015000963,0.42314684,0.0017190638,0.00049813563,0.32210392
1537,inesco,mbaz,mbaz_h150.wav,Happy,196,Happy,Happy,Happy,True,True,False,0.0065821307,0.0030193487,0.23328778,0.6120115,0.00036084146,0.00013665833,0.14460175
1538,inesco,mbaz,mbaz_h151.wav,Happy,298,Happy,Angry,Angry,False,False,False,0.43680403,0.07230023,0.016564839,0.35948837,0.004042875,0.0077930237,0.10300673
1539,inesco,mbaz,mbaz_h152.wav,Happy,401,Happy,Happy,Happy,True,True,False,0.017564967,0.0047947653,0.019990318,0.82562107,0.008357444,0.0010045535,0.12266685
1540,inesco,mbaz,mbaz_h153.wav,Happy,356,Happy,Surprise,Happy,False,True,True,0.23278895,0.038768843,0.019060744,0.25828648,0.0057623684,0.009378191,0.4359544
1541,inesco,mbaz,mbaz_h154.wav,Happy,305,Happy,Surprise,Happy,False,True,True,0.008797479,0.00031770134,0.007130826,0.019097054,8.057448e-06,0.00049462117,0.9641542
1542,inesco,mbaz,mbaz_h155.wav,Happy,189,Happy,Surprise,Angry,False,False,True,0.3551318,9.044679e-05,9.712606e-05,0.0065581603,0.00025188044,3.0587613e-05,0.63784003
1543,inesco,mbaz,mbaz_h156.wav,Happy,279,Happy,Sad,Sad,False,False,False,0.014967968,0.0005225126,0.013949085,0.010028138,0.0006152307,0.8115916,0.1483254
1544,inesco,mbaz,mbaz_h157.wav,Happy,378,Happy,Angry,Angry,False,False,False,0.6613798,0.06560853,0.008182118,0.1543332,0.0005110574,0.012209231,0.09777607
1545,inesco,mbaz,mbaz_h158.wav,Happy,301,Happy,Happy,Happy,True,True,False,0.08494478,0.001516943,0.036173113,0.5736065,7.292521e-05,0.0064840624,0.29720172
1546,inesco,mbaz,mbaz_h159.wav,Happy,273,Happy,Happy,Happy,True,True,False,0.2359199,0.00016687607,0.0010126354,0.58053404,1.7473534e-05,3.3114127e-05,0.18231598
1547,inesco,mbaz,mbaz_h160.wav,Happy,285,Happy,Angry,Angry,False,False,False,0.9415842,0.006810927,4.344809e-05,0.01758006,0.015909666,0.0046010404,0.01347068
1548,inesco,mbaz,mbaz_h161.wav,Happy,177,Happy,Happy,Happy,True,True,False,0.047258507,0.0046952153,0.13750163,0.5339005,0.17243426,0.077638544,0.026571428
1549,inesco,mbaz,mbaz_h162.wav,Happy,205,Happy,Happy,Happy,True,True,False,0.00039821694,1.6113441e-05,0.16450417,0.7970449,0.011228697,0.00957612,0.017231729
1550,inesco,mbaz,mbaz_h163.wav,Happy,282,Happy,Angry,Angry,False,False,False,0.7946103,0.060572006,0.0011999229,0.077895775,0.013404772,0.02977203,0.022545129
1551,inesco,mbaz,mbaz_h164.wav,Happy,97,Happy,Sad,Sad,False,False,False,0.04688193,0.0071862764,0.16989315,0.17927931,0.050224204,0.5257231,0.020811994
1552,inesco,mbaz,mbaz_h165.wav,Happy,196,Happy,Neutral,Sad,False,False,True,4.587624e-05,0.00014309055,0.01038303,0.24756733,0.38046712,0.33962253,0.021771045
1553,inesco,mbaz,mbaz_h166.wav,Happy,84,Happy,Fear,Happy,False,True,True,0.00025706575,0.0003090973,0.62562317,0.20485432,0.0027986297,0.013671822,0.1524859
1554,inesco,mbaz,mbaz_h167.wav,Happy,125,Happy,Happy,Happy,True,True,False,0.024111725,1.22577985e-05,0.05428831,0.7419238,0.015085099,0.0015505332,0.1630283
1555,inesco,mbaz,mbaz_h168.wav,Happy,199,Happy,Neutral,Happy,False,True,True,0.02678567,0.0003032457,0.008807419,0.038530346,0.8603097,0.0028743534,0.062389296
1556,inesco,mbaz,mbaz_h169.wav,Happy,196,Happy,Surprise,Happy,False,True,True,1.6735958e-05,3.581574e-05,0.24914964,0.050615318,7.792988e-05,0.006718643,0.69338596
1557,inesco,mbaz,mbaz_h170.wav,Happy,125,Happy,Surprise,Angry,False,False,True,0.068183616,0.0010749327,0.018976822,0.05862157,0.00026161666,0.0028484783,0.8500329
1558,inesco,mbaz,mbaz_h171.wav,Happy,173,Happy,Surprise,Happy,False,True,True,0.000693544,9.660116e-06,0.0038720847,0.20222962,6.2658237e-06,1.9435205e-05,0.7931693
1559,inesco,mbaz,mbaz_h172.wav,Happy,273,Happy,Angry,Angry,False,False,False,0.71704584,0.014012924,0.008788923,0.18736908,0.001144767,0.009023516,0.062614955
1560,inesco,mbaz,mbaz_h173.wav,Happy,173,Happy,Surprise,Angry,False,False,True,0.20620224,7.108536e-06,0.0055480814,0.017609224,0.00025464015,4.361039e-05,0.7703351
1561,inesco,mbaz,mbaz_h174.wav,Happy,81,Happy,Surprise,Happy,False,True,True,0.08451466,0.00011640767,0.09685851,0.30722564,0.015958428,0.0014521203,0.4938742
1562,inesco,mbaz,mbaz_h175.wav,Happy,183,Happy,Fear,Sad,False,False,True,0.012970597,0.15504509,0.23173544,0.060366776,0.13152121,0.21361361,0.19474731
1563,inesco,mbaz,mbaz_h176.wav,Happy,164,Happy,Neutral,Happy,False,True,True,0.00012863506,4.0409323e-05,0.001307537,0.000632717,0.99783105,4.6117213e-05,1.3438396e-05
1564,inesco,mbaz,mbaz_h177.wav,Happy,250,Happy,Happy,Happy,True,True,False,0.00022736052,3.1465977e-05,0.0020839176,0.61506426,9.559928e-07,0.00038135814,0.38221067
1565,inesco,mbaz,mbaz_h178.wav,Happy,343,Happy,Happy,Happy,True,True,False,0.010250625,0.0005539183,0.017450405,0.5077452,5.356205e-06,0.00014177704,0.46385273
1566,inesco,mbaz,mbaz_h179.wav,Happy,241,Happy,Angry,Angry,False,False,False,0.9571252,0.00015211913,0.002091703,0.035802208,5.570469e-05,0.00046802178,0.0043049995
1567,inesco,mbaz,mbaz_h180.wav,Happy,196,Happy,Surprise,Happy,False,True,True,0.014867043,3.1627246e-06,0.039507437,0.09089659,3.8909955e-05,8.413901e-05,0.8546027
1568,inesco,mbaz,mbaz_h181.wav,Happy,132,Happy,Neutral,Angry,False,False,True,0.19129425,0.013150232,0.22946408,0.016091125,0.46293166,0.031440128,0.055628534
1569,inesco,mbaz,mbaz_h182.wav,Happy,193,Happy,Happy,Happy,True,True,False,0.0070657856,1.2756283e-05,0.05018143,0.49747497,0.3634357,0.0070044505,0.07482502
1570,inesco,mbaz,mbaz_h183.wav,Happy,161,Happy,Happy,Happy,True,True,False,0.0028452382,0.0033373786,0.03379647,0.40965864,0.29631144,0.010292357,0.24375848
1571,inesco,mbaz,mbaz_h184.wav,Happy,138,Happy,Fear,Happy,False,True,True,0.0026426606,0.0025451924,0.59266514,0.045610763,0.00088855816,0.007700706,0.34794694
1572,inesco,mbaz,mbaz_h185.wav,Happy,269,Happy,Angry,Angry,False,False,False,0.8793761,0.03149468,0.00052580377,0.0558228,0.0027185224,0.00044631763,0.029615782
1573,inesco,mbaz,mbaz_h186.wav,Happy,378,Happy,Angry,Angry,False,False,False,0.37905785,0.0007813357,0.029286977,0.22452268,0.029727738,0.22128287,0.11534052
1574,inesco,mbaz,mbaz_h187.wav,Happy,401,Happy,Surprise,Happy,False,True,True,0.05958957,0.009423715,0.018650478,0.3626358,0.00017191247,0.0005153016,0.54901326
1575,inesco,mbaz,mbaz_h188.wav,Happy,276,Happy,Happy,Happy,True,True,False,0.022083683,0.011459839,0.026368793,0.8444655,0.00048230466,0.013932345,0.081207536
1576,inesco,mbaz,mbaz_h189.wav,Happy,314,Happy,Angry,Angry,False,False,False,0.47464845,0.0011235034,0.0059039383,0.23951264,0.0004441769,0.00065086235,0.27771652
1577,inesco,mbaz,mbaz_h190.wav,Happy,253,Happy,Surprise,Happy,False,True,True,0.07815269,3.616325e-05,0.0003752793,0.08603868,8.852859e-06,0.000985107,0.83440316
1578,inesco,mbaz,mbaz_h191.wav,Happy,225,Happy,Happy,Happy,True,True,False,0.00015974227,0.0006192097,0.19145758,0.73165697,4.4563285e-07,0.001064625,0.07504148
1579,inesco,mbaz,mbaz_h192.wav,Happy,401,Happy,Surprise,Happy,False,True,True,0.010015134,0.0017574191,0.013749529,0.254327,0.0075073116,0.089212835,0.6234307
1580,inesco,mbaz,mbaz_h193.wav,Happy,349,Happy,Surprise,Happy,False,True,True,1.9559915e-05,0.00013683498,0.00027979474,0.03924116,6.042514e-09,4.5624233e-06,0.9603181
1581,inesco,mbaz,mbaz_h194.wav,Happy,401,Happy,Happy,Happy,True,True,False,0.0038830196,4.2613734e-05,0.0012452484,0.9611749,3.9138677e-06,0.00010982447,0.033540398
1582,inesco,mbaz,mbaz_h195.wav,Happy,321,Happy,Surprise,Happy,False,True,True,0.08239604,0.0010325261,0.02736067,0.10446216,9.0727655e-05,0.012855077,0.7718028
1583,inesco,mbaz,mbaz_h196.wav,Happy,401,Happy,Surprise,Happy,False,True,True,0.0013430399,7.163563e-05,0.062230222,0.15541488,9.316043e-05,0.0004965307,0.78035057
1584,inesco,mbaz,mbaz_h197.wav,Happy,193,Happy,Neutral,Sad,False,False,True,1.2089498e-06,5.008198e-07,8.741649e-06,0.009802739,0.9637339,0.026449963,2.8479565e-06
1585,inesco,mbaz,mbaz_h198.wav,Happy,263,Happy,Happy,Happy,True,True,False,0.034392573,0.026208501,0.007045719,0.82907695,0.0019745626,0.08726244,0.014039251
1586,inesco,mbaz,mbaz_h199.wav,Happy,167,Happy,Angry,Angry,False,False,False,0.5838139,0.000292903,0.0011742227,0.052479215,0.022602845,0.010899205,0.32873774
1587,inesco,mbaz,mbaz_h200.wav,Happy,71,Happy,Surprise,Happy,False,True,True,0.027117612,0.0007671441,0.27171004,0.17548738,0.036878634,0.05055402,0.43748525
1588,inesco,mbaz,mbaz_h201.wav,Happy,250,Happy,Angry,Angry,False,False,False,0.5665449,0.0012690051,0.09701401,0.12598667,0.0046925885,0.13149415,0.07299868
1589,inesco,mbaz,mbaz_h202.wav,Happy,250,Happy,Disgust,Sad,False,False,True,0.00027616814,0.44230753,0.16765057,0.09948016,0.0003197165,0.14357802,0.14638786
1590,inesco,mbaz,mbaz_h203.wav,Happy,189,Happy,Neutral,Happy,False,True,True,0.15022066,0.00023656417,0.0052274303,0.29614156,0.33885172,0.20879523,0.0005268176
1591,inesco,mbaz,mbaz_h204.wav,Happy,228,Happy,Happy,Happy,True,True,False,0.39101103,0.0007683852,0.0013287684,0.4610316,7.1465096e-05,0.0029419167,0.14284691
1592,inesco,mbaz,mbaz_h205.wav,Happy,305,Happy,Angry,Angry,False,False,False,0.76178527,0.0021802387,0.0008209246,0.09324166,0.004344872,0.0029676622,0.13465944
1593,inesco,mbaz,mbaz_h206.wav,Happy,369,Happy,Happy,Happy,True,True,False,0.11512838,0.005672003,0.07733328,0.5539106,0.00217385,0.11374765,0.13203429
1594,inesco,mbaz,mbaz_h207.wav,Happy,401,Happy,Happy,Happy,True,True,False,0.020342197,0.0013805418,0.087539814,0.823643,0.013954447,0.039485916,0.013654046
1595,inesco,mbaz,mbaz_h208.wav,Happy,285,Happy,Neutral,Sad,False,False,True,0.08246163,0.0007452328,0.0002501393,0.031487968,0.45872617,0.41747442,0.008854405
1596,inesco,mbaz,mbaz_h209.wav,Happy,356,Happy,Happy,Happy,True,True,False,0.044230796,0.0004175881,0.0021557272,0.7223321,5.8002715e-05,0.00015814752,0.23064762
1597,inesco,mbaz,mbaz_h210.wav,Happy,401,Happy,Surprise,Angry,False,False,True,0.25490296,0.0008291551,0.002104123,0.20080242,0.0005764298,0.00057247287,0.5402124
1598,inesco,mbaz,mbaz_h211.wav,Happy,189,Happy,Surprise,Happy,False,True,True,0.00038583286,0.00024008779,0.14037281,0.140118,0.038080182,0.015342008,0.6654611
1599,inesco,mbaz,mbaz_s402.wav,Sad,231,Sad,Neutral,Sad,False,True,True,0.0066399216,0.19957453,0.04096602,0.0058502904,0.6950288,0.0512296,0.00071090076
1600,inesco,mbaz,mbaz_s403.wav,Sad,311,Sad,Sad,Sad,True,True,False,0.08589468,0.025735045,0.001259003,0.0020937347,0.0067269946,0.86121714,0.017073432
1601,inesco,mbaz,mbaz_s404.wav,Sad,260,Sad,Happy,Happy,False,False,False,0.0029543801,0.09086833,0.23504882,0.41325456,0.00029764188,0.22294864,0.034627594
1602,inesco,mbaz,mbaz_s405.wav,Sad,401,Sad,Neutral,Angry,False,False,True,0.12314787,0.11589254,0.0008511684,0.0025919676,0.6743364,0.082347035,0.0008331371
1603,inesco,mbaz,mbaz_s406.wav,Sad,276,Sad,Angry,Angry,False,False,False,0.83761775,0.030033287,0.010579523,0.045351382,0.007649684,0.030662235,0.03810606
1604,inesco,mbaz,mbaz_s407.wav,Sad,180,Sad,Sad,Sad,True,True,False,0.0076276353,0.003667297,0.24974291,0.15922524,0.19397092,0.37327302,0.01249299
1605,inesco,mbaz,mbaz_s408.wav,Sad,154,Sad,Angry,Angry,False,False,False,0.9995708,8.4123014e-05,1.7674542e-05,0.00023971821,2.402752e-05,1.9220392e-06,6.180645e-05
1606,inesco,mbaz,mbaz_s409.wav,Sad,253,Sad,Angry,Angry,False,False,False,0.78493726,0.06898939,0.0073956633,0.10770945,0.00018902027,0.024495322,0.006283916
1607,inesco,mbaz,mbaz_s410.wav,Sad,282,Sad,Angry,Angry,False,False,False,0.36098194,0.0142095685,0.013780801,0.28862885,0.008184473,0.0106303,0.30358407
1608,inesco,mbaz,mbaz_s411.wav,Sad,209,Sad,Angry,Angry,False,False,False,0.5490165,0.004297523,0.04463302,0.35682184,0.0026182753,0.028015776,0.014597097
1609,inesco,mbaz,mbaz_s412.wav,Sad,170,Sad,Surprise,Angry,False,False,True,0.01767781,0.0011760297,0.058783043,0.009153348,0.00078880385,0.002511293,0.90990967
1610,inesco,mbaz,mbaz_s413.wav,Sad,401,Sad,Happy,Happy,False,False,False,0.00973588,0.011300191,0.017238833,0.80496705,0.0011046736,0.15407765,0.0015757894
1611,inesco,mbaz,mbaz_s414.wav,Sad,241,Sad,Happy,Happy,False,False,False,0.1374959,0.0043310896,0.014341285,0.81479365,0.00029493746,0.017873425,0.010869657
1612,inesco,mbaz,mbaz_s415.wav,Sad,132,Sad,Angry,Angry,False,False,False,0.8569967,3.1087773e-05,0.001090679,0.08199315,0.012777113,1.5631438e-05,0.047095593
1613,inesco,mbaz,mbaz_s416.wav,Sad,401,Sad,Neutral,Happy,False,False,True,0.024469396,0.17418705,0.13476603,0.15639086,0.4306924,0.07858591,0.0009084108
1614,inesco,mbaz,mbaz_s417.wav,Sad,265,Sad,Happy,Happy,False,False,False,0.2979706,0.0025795873,0.030778818,0.6030019,0.006915772,0.00526493,0.05348842
1615,inesco,mbaz,mbaz_s418.wav,Sad,244,Sad,Angry,Angry,False,False,False,0.9930274,0.0021074198,0.0001557586,0.0014193672,0.0001391731,0.0005438091,0.0026070566
1616,inesco,mbaz,mbaz_s419.wav,Sad,228,Sad,Happy,Happy,False,False,False,0.31684163,0.09228973,0.030265883,0.32993603,0.10170929,0.05567928,0.073278114
1617,inesco,mbaz,mbaz_s420.wav,Sad,97,Sad,Neutral,Angry,False,False,True,0.068967335,0.0005218749,0.0028702794,0.0373266,0.87297064,0.014876925,0.0024663396
1618,inesco,mbaz,mbaz_s421.wav,Sad,321,Sad,Angry,Angry,False,False,False,0.5998028,0.20921256,0.0024940402,0.051478744,0.046838615,0.07872365,0.011449604
1619,inesco,mbaz,mbaz_s422.wav,Sad,340,Sad,Neutral,Sad,False,True,True,0.1745947,0.14442872,0.0065327617,0.012716678,0.40223086,0.2540468,0.005449506
1620,inesco,mbaz,mbaz_s423.wav,Sad,253,Sad,Angry,Angry,False,False,False,0.9838508,0.0064674644,6.203104e-05,0.0071234643,7.379788e-06,0.00094845827,0.0015403273
1621,inesco,mbaz,mbaz_s424.wav,Sad,397,Sad,Angry,Angry,False,False,False,0.57228476,0.38600203,0.0029430697,0.010298031,0.0023014976,0.019354492,0.00681619
1622,inesco,mbaz,mbaz_s425.wav,Sad,324,Sad,Angry,Angry,False,False,False,0.964472,0.00518296,0.00013530273,0.00985906,3.2554854e-05,0.0020934695,0.018224725
1623,inesco,mbaz,mbaz_s426.wav,Sad,321,Sad,Surprise,Happy,False,False,True,0.0562885,0.00058768573,0.00865441,0.42368507,1.0700649e-05,0.00023039227,0.5105433
1624,inesco,mbaz,mbaz_s427.wav,Sad,186,Sad,Surprise,Angry,False,False,True,0.34771815,0.037479624,0.05185014,0.15351024,0.0001678271,0.0035631065,0.40571097
1625,inesco,mbaz,mbaz_s428.wav,Sad,401,Sad,Happy,Happy,False,False,False,0.0756713,0.008883803,0.096395634,0.40053478,0.0010662318,0.067276984,0.3501713
1626,inesco,mbaz,mbaz_s429.wav,Sad,401,Sad,Angry,Angry,False,False,False,0.37981895,0.0038918923,0.0026246246,0.2503304,0.00048124982,0.1649657,0.1978872
1627,inesco,mbaz,mbaz_s430.wav,Sad,401,Sad,Angry,Angry,False,False,False,0.8120401,0.03567002,0.005384314,0.018901693,0.023897847,0.103688024,0.00041804445
1628,inesco,mbaz,mbaz_s431.wav,Sad,234,Sad,Angry,Angry,False,False,False,0.8143404,0.014704914,0.013507389,0.14293106,0.0010224169,0.0053044744,0.008189299
1629,inesco,mbaz,mbaz_s432.wav,Sad,289,Sad,Angry,Angry,False,False,False,0.92409354,0.06749563,0.00030689783,0.0011687225,8.327393e-05,0.00661834,0.00023364261
1630,inesco,mbaz,mbaz_s433.wav,Sad,372,Sad,Angry,Angry,False,False,False,0.8132625,0.019311083,0.0040707123,0.08699662,0.02254774,0.0520961,0.0017152223
1631,inesco,mbaz,mbaz_s434.wav,Sad,253,Sad,Angry,Angry,False,False,False,0.38585472,0.006386092,0.012280629,0.17822129,0.0049026855,0.047714002,0.36464053
1632,inesco,mbaz,mbaz_s435.wav,Sad,145,Sad,Neutral,Sad,False,True,True,0.00063916575,5.2830033e-05,0.026258372,0.00024194356,0.9654038,0.0073263906,7.7419376e-05
1633,inesco,mbaz,mbaz_s436.wav,Sad,170,Sad,Fear,Sad,False,True,True,0.00074953854,0.00014250755,0.9106655,0.026331715,0.019327074,0.0401561,0.0026275832
1634,inesco,mbaz,mbaz_s437.wav,Sad,301,Sad,Angry,Angry,False,False,False,0.42224625,0.014875843,0.019321442,0.104888715,0.012858662,0.09310135,0.33270773
1635,inesco,mbaz,mbaz_s438.wav,Sad,391,Sad,Neutral,Angry,False,False,True,0.26554313,0.0027217567,0.0068437518,0.041106936,0.4556127,0.22692278,0.001248936
1636,inesco,mbaz,mbaz_s439.wav,Sad,401,Sad,Happy,Happy,False,False,False,0.09052805,0.012252246,0.014183269,0.6348352,0.06805538,0.0992357,0.08091021
1637,inesco,mbaz,mbaz_s440.wav,Sad,311,Sad,Angry,Angry,False,False,False,0.9678182,0.0010955062,0.0002300909,0.023652071,5.3763415e-05,0.0064750486,0.0006753332
1638,inesco,mbaz,mbaz_s441.wav,Sad,311,Sad,Angry,Angry,False,False,False,0.8254528,0.0030151561,0.0006866235,0.092626244,5.58346e-05,0.02502997,0.053133376
1639,inesco,mbaz,mbaz_s442.wav,Sad,257,Sad,Angry,Angry,False,False,False,0.97980803,0.00505549,0.0002495112,0.013560853,0.0006203941,0.00036643105,0.00033934592
1640,inesco,mbaz,mbaz_s443.wav,Sad,369,Sad,Sad,Sad,True,True,False,0.053952396,0.15003976,0.059336033,0.19417728,0.09347118,0.437093,0.011930373
1641,inesco,mbaz,mbaz_s444.wav,Sad,401,Sad,Happy,Happy,False,False,False,0.025105387,0.056545034,0.19526413,0.5078493,0.018929087,0.18538478,0.010922339
1642,inesco,mbaz,mbaz_s445.wav,Sad,301,Sad,Angry,Angry,False,False,False,0.922151,0.00015130018,3.9690352e-05,0.067462154,9.9501776e-05,3.101109e-05,0.010065317
1643,inesco,mbaz,mbaz_s446.wav,Sad,295,Sad,Disgust,Angry,False,False,True,0.2545576,0.46170098,0.03097896,0.111297995,0.0055604144,0.09808944,0.037814613
1644,inesco,mbaz,mbaz_s447.wav,Sad,401,Sad,Happy,Happy,False,False,False,0.07443427,0.014605695,0.042731453,0.6706848,0.014579911,0.06301327,0.11995055
1645,inesco,mbaz,mbaz_s448.wav,Sad,260,Sad,Happy,Happy,False,False,False,0.17807886,0.38914672,0.0018024673,0.40055004,0.0031992057,0.024873573,0.0023491853
1646,inesco,mbaz,mbaz_s449.wav,Sad,321,Sad,Angry,Angry,False,False,False,0.6011485,0.0024587333,0.007579599,0.25411505,0.001538923,0.0040872945,0.12907192
1647,inesco,mbaz,mbaz_s450.wav,Sad,257,Sad,Angry,Angry,False,False,False,0.4956644,0.05374921,0.0007806667,0.40185642,0.0005854401,0.045559634,0.0018042404
1648,inesco,mbaz,mbaz_s451.wav,Sad,292,Sad,Angry,Angry,False,False,False,0.3586173,0.0026133764,0.013306417,0.3414283,0.0006924768,0.0011407299,0.2822014
1649,inesco,mbaz,mbaz_s452.wav,Sad,349,Sad,Sad,Sad,True,True,False,0.08513962,0.007877734,0.0009571204,0.037694402,0.33262998,0.5330921,0.002609054
1650,inesco,mbaz,mbaz_s453.wav,Sad,269,Sad,Happy,Happy,False,False,False,0.21385756,0.009410857,0.0004621437,0.7532743,0.00023786623,0.00027582256,0.022481455
1651,inesco,mbaz,mbaz_s454.wav,Sad,401,Sad,Sad,Sad,True,True,False,0.012078556,0.00011263042,0.00055849575,0.056561958,0.00358235,0.92547476,0.0016311742
1652,inesco,mbaz,mbaz_s455.wav,Sad,356,Sad,Angry,Angry,False,False,False,0.3930751,0.023697471,0.16833152,0.032796722,0.033599243,0.31159595,0.03690407
1653,inesco,mbaz,mbaz_s456.wav,Sad,401,Sad,Sad,Sad,True,True,False,0.032641925,0.01900025,0.0033925774,0.24980325,0.3303411,0.3633337,0.0014871663
1654,inesco,mbaz,mbaz_s457.wav,Sad,401,Sad,Neutral,Sad,False,True,True,0.10546025,0.016546749,0.00028852065,0.012452181,0.7024626,0.16208903,0.00070067146
1655,inesco,mbaz,mbaz_s458.wav,Sad,257,Sad,Angry,Angry,False,False,False,0.6353868,0.056451984,0.0046711266,0.042323023,0.2074176,0.0492915,0.004457868
1656,inesco,mbaz,mbaz_s459.wav,Sad,385,Sad,Sad,Sad,True,True,False,0.08884411,0.057721023,0.0020838582,0.038028892,0.009866984,0.80294055,0.00051456917
1657,inesco,mbaz,mbaz_s460.wav,Sad,247,Sad,Angry,Angry,False,False,False,0.8343615,0.059719972,0.0059853997,0.03192515,0.0040876716,0.0380669,0.025853371
1658,inesco,mbaz,mbaz_s461.wav,Sad,314,Sad,Angry,Angry,False,False,False,0.9330664,0.005629327,0.0010315066,0.048309796,0.0029747023,0.00794391,0.0010443238
1659,inesco,mbaz,mbaz_s462.wav,Sad,372,Sad,Happy,Happy,False,False,False,0.30688876,0.034345005,0.003877493,0.32616213,0.18551502,0.14057812,0.002633476
1660,inesco,mbaz,mbaz_s463.wav,Sad,324,Sad,Angry,Angry,False,False,False,0.7643773,0.005991664,0.022081042,0.17486931,0.0048666303,0.004017125,0.023796955
1661,inesco,mbaz,mbaz_s464.wav,Sad,353,Sad,Happy,Happy,False,False,False,0.3473498,0.004351441,0.0022397002,0.42993283,1.8110497e-06,0.0004950906,0.21562926
1662,inesco,mbaz,mbaz_s465.wav,Sad,353,Sad,Angry,Angry,False,False,False,0.95348245,0.0025986265,0.005450948,0.0008857184,0.0006374859,0.03651903,0.00042575426
1663,inesco,mbaz,mbaz_s466.wav,Sad,285,Sad,Angry,Angry,False,False,False,0.6379161,0.032280438,0.0035207188,0.26057333,0.00806838,0.046016295,0.011624757
1664,inesco,mbaz,mbaz_s467.wav,Sad,122,Sad,Angry,Angry,False,False,False,0.93359095,0.00014531083,0.0028218795,0.05468352,0.0030603998,4.0249244e-05,0.0056576245
1665,inesco,mbaz,mbaz_s468.wav,Sad,183,Sad,Happy,Happy,False,False,False,0.00028582197,7.934802e-05,0.013290461,0.9279521,0.05432648,0.0027082188,0.001357552
1666,inesco,mbaz,mbaz_s469.wav,Sad,135,Sad,Angry,Angry,False,False,False,0.8190466,8.877152e-05,0.020260822,0.13714127,0.004412702,0.00017211286,0.018877765
1667,inesco,mbaz,mbaz_s470.wav,Sad,164,Sad,Happy,Happy,False,False,False,0.20641096,0.0022464017,0.022227919,0.6733752,0.049182814,0.0025712117,0.04398549
1668,inesco,mbaz,mbaz_s471.wav,Sad,109,Sad,Angry,Angry,False,False,False,0.90153533,0.0075152735,0.037620187,0.0064508365,0.041326165,0.0020791893,0.003473039
1669,inesco,mbaz,mbaz_s472.wav,Sad,269,Sad,Angry,Angry,False,False,False,0.86762655,0.007295481,0.0018983162,0.115625374,7.074084e-05,0.0014337267,0.006049882
1670,inesco,mbaz,mbaz_s473.wav,Sad,250,Sad,Angry,Angry,False,False,False,0.5148904,0.01729581,0.002327381,0.3688193,0.09577065,0.00055669434,0.0003397489
1671,inesco,mbaz,mbaz_s474.wav,Sad,401,Sad,Surprise,Angry,False,False,True,0.024695167,0.002173195,0.09867589,0.014549206,1.7892415e-05,0.0012844583,0.85860425
1672,inesco,mbaz,mbaz_s475.wav,Sad,349,Sad,Angry,Angry,False,False,False,0.87162375,0.0026502323,0.004361478,0.06882429,0.0034439275,0.03490514,0.014191193
1673,inesco,mbaz,mbaz_s476.wav,Sad,301,Sad,Angry,Angry,False,False,False,0.9838536,0.0050171646,0.00018130435,0.0034539092,0.0040132897,0.00046937025,0.0030113251
1674,inesco,mbaz,mbaz_s477.wav,Sad,401,Sad,Happy,Happy,False,False,False,0.22573319,0.01454049,0.092027076,0.546039,0.00050313876,0.01189481,0.10926232
1675,inesco,mbaz,mbaz_s478.wav,Sad,205,Sad,Angry,Angry,False,False,False,0.6525135,0.016189054,0.0011828542,0.08716706,0.23203248,0.010034834,0.00088017527
1676,inesco,mbaz,mbaz_s479.wav,Sad,369,Sad,Happy,Happy,False,False,False,0.003469578,0.0012855884,0.06543722,0.57986563,4.055255e-05,0.002929577,0.3469718
1677,inesco,mbaz,mbaz_s480.wav,Sad,311,Sad,Angry,Angry,False,False,False,0.96072483,0.0025920577,8.606659e-05,0.02932722,0.0010132495,0.0010337816,0.0052228468
1678,inesco,mbaz,mbaz_s481.wav,Sad,337,Sad,Angry,Angry,False,False,False,0.99432594,0.00043225026,9.709006e-05,0.0017581602,0.002146454,0.0008034562,0.00043660685
1679,inesco,mbaz,mbaz_s482.wav,Sad,173,Sad,Happy,Happy,False,False,False,0.00360596,4.6261075e-06,0.0035624118,0.97185045,0.0040353118,7.425932e-05,0.016866982
1680,inesco,mbaz,mbaz_s483.wav,Sad,401,Sad,Angry,Angry,False,False,False,0.99249375,0.0006150893,0.00027751972,0.002316442,7.3130504e-06,0.00028625515,0.004003602
1681,inesco,mbaz,mbaz_s484.wav,Sad,228,Sad,Happy,Happy,False,False,False,0.114942566,0.013610944,0.0029154231,0.6853311,0.033908535,0.14757825,0.0017132525
1682,inesco,mbaz,mbaz_s485.wav,Sad,113,Sad,Angry,Angry,False,False,False,0.4542298,0.0004434865,0.006449809,0.11313445,0.4046444,0.00035130212,0.020746684
1683,inesco,mbaz,mbaz_s486.wav,Sad,401,Sad,Happy,Happy,False,False,False,0.025244592,0.03678186,0.13917634,0.5506257,0.035122886,0.13146803,0.08158066
1684,inesco,mbaz,mbaz_s487.wav,Sad,257,Sad,Disgust,Happy,False,False,True,0.021606836,0.43758103,0.11631147,0.08029304,0.00021794283,0.017264307,0.3267254
1685,inesco,mbaz,mbaz_s488.wav,Sad,161,Sad,Fear,Happy,False,False,True,0.03702078,0.00032145358,0.8825099,0.074236,0.0010023372,0.0033794185,0.0015300326
1686,inesco,mbaz,mbaz_s489.wav,Sad,401,Sad,Happy,Happy,False,False,False,0.10662972,0.0007007978,0.007845256,0.8137725,0.00046350376,0.031528268,0.03905989
1687,inesco,mbaz,mbaz_s490.wav,Sad,340,Sad,Sad,Sad,True,True,False,0.28364223,0.0016662689,0.0026528556,0.21519981,0.10364745,0.3853832,0.007808286
1688,inesco,mbaz,mbaz_s491.wav,Sad,401,Sad,Angry,Angry,False,False,False,0.73730904,0.0008326389,0.0002968919,0.1352853,5.1543786e-05,0.00242755,0.123797126
1689,inesco,mbaz,mbaz_s492.wav,Sad,317,Sad,Angry,Angry,False,False,False,0.9678907,0.00044552275,0.00072892907,0.009918725,0.00026001985,0.0105115445,0.010244634
1690,inesco,mbaz,mbaz_s493.wav,Sad,401,Sad,Surprise,Happy,False,False,True,0.019815387,0.0032547922,0.06071724,0.4338407,0.0008868028,0.0052023972,0.4762827
1691,inesco,mbaz,mbaz_s494.wav,Sad,177,Sad,Angry,Angry,False,False,False,0.7865062,0.002259251,0.0033546584,0.10652473,0.03509562,0.00017989623,0.066079766
1692,inesco,mbaz,mbaz_s495.wav,Sad,401,Sad,Happy,Happy,False,False,False,0.19839635,0.006349072,0.0060519055,0.7275708,0.00054760114,0.0077566397,0.053327665
1693,inesco,mbaz,mbaz_s496.wav,Sad,250,Sad,Angry,Angry,False,False,False,0.4478426,0.020346971,0.18069853,0.12937418,0.051548615,0.16368656,0.006502554
1694,inesco,mbaz,mbaz_s497.wav,Sad,247,Sad,Happy,Happy,False,False,False,0.015637543,0.014416947,0.039602548,0.5045456,0.041246828,0.38435504,0.00019548305
1695,inesco,mbaz,mbaz_s498.wav,Sad,212,Sad,Angry,Angry,False,False,False,0.9501812,0.00020260768,0.0017733006,0.04240688,1.2778056e-05,8.68713e-05,0.0053363345
1696,inesco,mbaz,mbaz_s499.wav,Sad,401,Sad,Happy,Happy,False,False,False,0.008122751,0.014259236,0.13023683,0.5653703,0.02974597,0.069524825,0.18274006
1697,inesco,mbaz,mbaz_s500.wav,Sad,241,Sad,Happy,Happy,False,False,False,0.082736954,0.0032229216,0.00024824336,0.8988209,0.0045121517,0.009847428,0.00061142864
1698,inesco,mbaz,mbaz_s501.wav,Sad,282,Sad,Angry,Angry,False,False,False,0.7203696,0.096618555,0.003808152,0.0028314302,0.07292825,0.10195597,0.0014881156
1699,inesco,mbaz,mbaz_s502.wav,Sad,234,Sad,Angry,Angry,False,False,False,0.57543945,0.03234658,0.0015196955,0.17611305,0.021963635,0.16312176,0.029495846
1700,inesco,mbaz,mbaz_s503.wav,Sad,324,Sad,Angry,Angry,False,False,False,0.9795645,0.0035779653,0.00075527903,0.0105409855,0.00059596397,0.0018068877,0.00315851
1701,inesco,mbaz,mbaz_s504.wav,Sad,141,Sad,Angry,Angry,False,False,False,0.5006909,4.1185547e-05,0.07342083,0.38225305,0.03951278,0.0009836113,0.0030976585
1702,inesco,mbaz,mbaz_s505.wav,Sad,273,Sad,Angry,Angry,False,False,False,0.9609888,0.002359811,0.0013173566,0.005219857,0.0002615728,0.0024839654,0.0273687
1703,inesco,mbaz,mbaz_s506.wav,Sad,234,Sad,Angry,Angry,False,False,False,0.77578336,0.000451918,0.006769755,0.21170639,0.000102873426,0.0010101234,0.004175628
1704,inesco,mbaz,mbaz_s507.wav,Sad,180,Sad,Angry,Angry,False,False,False,0.5893157,1.5883648e-05,0.00038328068,0.4093214,0.0005581058,4.7334423e-05,0.00035826166
1705,inesco,mbaz,mbaz_s508.wav,Sad,266,Sad,Happy,Happy,False,False,False,0.08073926,0.022541426,0.04204508,0.62841094,0.0036993949,0.016829021,0.2057349
1706,inesco,mbaz,mbaz_s509.wav,Sad,234,Sad,Angry,Angry,False,False,False,0.97437924,0.0019133755,0.0002195793,0.02050215,0.0003492555,0.0015581185,0.0010782905
1707,inesco,mbaz,mbaz_s510.wav,Sad,401,Sad,Happy,Happy,False,False,False,0.0051446166,0.0007408343,0.015696345,0.77695477,0.00010849272,0.0071369587,0.19421794
1708,inesco,mbaz,mbaz_s511.wav,Sad,401,Sad,Sad,Sad,True,True,False,0.00041245174,0.0013179531,0.0005741237,0.027426269,0.018709771,0.9515576,1.8053614e-06
1709,inesco,mbaz,mbaz_s512.wav,Sad,397,Sad,Angry,Angry,False,False,False,0.961435,0.009063383,0.00023913379,0.008007471,0.009644029,0.0080895955,0.0035213453
1710,inesco,mbaz,mbaz_s513.wav,Sad,282,Sad,Angry,Angry,False,False,False,0.47297254,0.00088869454,0.20114943,0.13133779,0.07832791,0.097653344,0.017670292
1711,inesco,mbaz,mbaz_s514.wav,Sad,401,Sad,Happy,Happy,False,False,False,0.07256493,0.0064646862,0.11545321,0.5740376,0.027252408,0.11952748,0.08469963
1712,inesco,mbaz,mbaz_s515.wav,Sad,193,Sad,Happy,Happy,False,False,False,0.41359815,0.00027312787,0.077201694,0.45925206,0.029738508,0.016790373,0.0031461373
1713,inesco,mbaz,mbaz_s516.wav,Sad,170,Sad,Fear,Happy,False,False,True,0.00074021495,0.008425547,0.886888,0.027802179,0.0006209224,0.0016849262,0.07383826
1714,inesco,mbaz,mbaz_s517.wav,Sad,247,Sad,Angry,Angry,False,False,False,0.99133813,0.0040169414,0.00014675345,0.001490531,3.9188497e-05,5.980315e-05,0.0029086515
1715,inesco,mbaz,mbaz_s518.wav,Sad,388,Sad,Angry,Angry,False,False,False,0.63559514,0.18661435,0.021653673,0.008176276,0.0026858686,0.14430231,0.000972364
1716,inesco,mbaz,mbaz_s519.wav,Sad,289,Sad,Neutral,Sad,False,True,True,0.034258775,0.002471213,0.028876929,0.0017645659,0.48385045,0.44805303,0.0007250101
1717,inesco,mbaz,mbaz_s520.wav,Sad,167,Sad,Fear,Happy,False,False,True,0.049557596,7.327595e-06,0.43661308,0.3825001,0.11691088,0.00068837934,0.013722653
1718,inesco,mbaz,mbaz_s521.wav,Sad,116,Sad,Happy,Happy,False,False,False,0.32904217,0.0009151658,0.038939532,0.32946965,0.27628753,0.0014231716,0.023922792
1719,inesco,mbaz,mbaz_s522.wav,Sad,125,Sad,Happy,Happy,False,False,False,0.007801674,0.0005533283,0.089461386,0.6783767,0.207813,0.005209371,0.010784591
1720,inesco,mbaz,mbaz_s523.wav,Sad,113,Sad,Angry,Angry,False,False,False,0.81149596,0.018414214,0.0033995742,0.008637056,0.13946472,0.0012068576,0.017381588
1721,inesco,mbaz,mbaz_s524.wav,Sad,276,Sad,Angry,Angry,False,False,False,0.84492,0.01519107,0.0026510719,0.0015383343,0.03071664,0.07985194,0.025130987
1722,inesco,mbaz,mbaz_s525.wav,Sad,330,Sad,Happy,Happy,False,False,False,0.3176674,0.16545111,0.055205207,0.39694512,0.019372728,0.032040007,0.01331839
1723,inesco,mbaz,mbaz_s526.wav,Sad,337,Sad,Angry,Angry,False,False,False,0.72081286,0.0041912165,0.13736121,0.07589563,0.030037183,0.025229575,0.006472401
1724,inesco,mbaz,mbaz_s527.wav,Sad,349,Sad,Angry,Angry,False,False,False,0.43106148,0.016020734,0.02407892,0.17452274,0.010932861,0.057190545,0.28619274
1725,inesco,mbaz,mbaz_s528.wav,Sad,330,Sad,Angry,Angry,False,False,False,0.69690996,0.056586694,0.0043122377,0.07105468,0.113482006,0.05192557,0.00572887
1726,inesco,mbaz,mbaz_s529.wav,Sad,228,Sad,Neutral,Sad,False,True,True,0.007693808,0.02352596,0.0140982885,0.0075582475,0.7804117,0.1607504,0.0059615886
1727,inesco,mbaz,mbaz_s530.wav,Sad,282,Sad,Angry,Angry,False,False,False,0.73184127,0.023501646,0.012587954,0.20093048,0.0023958453,0.0041234456,0.024619402
1728,inesco,mbaz,mbaz_s531.wav,Sad,145,Sad,Happy,Happy,False,False,False,0.028810019,0.00084639544,0.01228777,0.53183246,0.41891986,0.006035556,0.0012679971
1729,inesco,mbaz,mbaz_s532.wav,Sad,276,Sad,Angry,Angry,False,False,False,0.96783787,0.021758065,0.00015852833,0.0035751497,9.609345e-05,0.00519564,0.0013787401
1730,inesco,mbaz,mbaz_s533.wav,Sad,362,Sad,Fear,Happy,False,False,True,0.040142056,0.0029878968,0.6795524,0.07830918,0.0077976063,0.002883606,0.18832721
1731,inesco,mbaz,mbaz_s534.wav,Sad,397,Sad,Angry,Angry,False,False,False,0.6762805,0.014882066,0.06069672,0.22594137,0.0039015447,0.0057062693,0.012591472
1732,inesco,mbaz,mbaz_s535.wav,Sad,167,Sad,Fear,Happy,False,False,True,0.00029237993,0.00024360475,0.81495655,0.08752038,0.059026703,0.0378001,0.00016032982
1733,inesco,mbaz,mbaz_s536.wav,Sad,321,Sad,Angry,Angry,False,False,False,0.76868457,0.20924382,0.0007679126,0.0032179172,0.008587506,0.0013910473,0.008107259
1734,inesco,mbaz,mbaz_s537.wav,Sad,401,Sad,Happy,Happy,False,False,False,0.008119584,0.002113989,0.10200094,0.4993908,0.045375913,0.3273764,0.015622391
1735,inesco,mbaz,mbaz_s538.wav,Sad,279,Sad,Sad,Sad,True,True,False,0.06256933,0.03747429,0.07084028,0.31478772,0.089581266,0.40329272,0.021454386
1736,inesco,mbaz,mbaz_s539.wav,Sad,180,Sad,Neutral,Happy,False,False,True,0.0015447919,4.029982e-05,0.0074491147,0.15618955,0.8250051,0.00956821,0.00020301636
1737,inesco,mbaz,mbaz_s540.wav,Sad,372,Sad,Surprise,Happy,False,False,True,0.03883983,0.0058817617,0.3955271,0.12737165,0.0007388686,0.016884154,0.4147566
1738,inesco,mbaz,mbaz_s541.wav,Sad,401,Sad,Happy,Happy,False,False,False,0.027909463,0.014062986,0.27126783,0.27987492,0.023117103,0.20973109,0.17403664
1739,inesco,mbaz,mbaz_s542.wav,Sad,401,Sad,Surprise,Angry,False,False,True,0.34100467,0.08259033,0.038882338,0.04321078,0.006241941,0.016088163,0.4719818
1740,inesco,mbaz,mbaz_s543.wav,Sad,401,Sad,Neutral,Sad,False,True,True,0.04466682,0.18325384,0.0067851315,0.09183171,0.36949506,0.30150625,0.0024611854
1741,inesco,mbaz,mbaz_s544.wav,Sad,129,Sad,Angry,Angry,False,False,False,0.30078924,0.00046896504,0.2917087,0.13162489,0.10111249,0.005558986,0.16873673
1742,inesco,mbaz,mbaz_s545.wav,Sad,305,Sad,Angry,Angry,False,False,False,0.95934844,0.018312726,0.00078006554,0.008941876,0.0048028026,0.0041188584,0.0036952663
1743,inesco,mbaz,mbaz_s546.wav,Sad,391,Sad,Sad,Sad,True,True,False,0.33803752,0.0043847375,0.055024438,0.015727757,0.049105786,0.53383356,0.0038861479
1744,inesco,mbaz,mbaz_s547.wav,Sad,369,Sad,Fear,Happy,False,False,True,0.103154466,0.00023562911,0.31635615,0.27697116,0.001076134,0.00040155396,0.30180496
1745,inesco,mbaz,mbaz_s548.wav,Sad,295,Sad,Angry,Angry,False,False,False,0.9498825,0.030999163,8.8606095e-05,0.01707088,0.0002494291,0.0013238292,0.00038561661
1746,inesco,mbaz,mbaz_s549.wav,Sad,333,Sad,Surprise,Happy,False,False,True,0.16211309,0.013580937,0.024649827,0.26955998,0.00783754,0.0083820475,0.5138766
1747,inesco,mbaz,mbaz_s550.wav,Sad,266,Sad,Angry,Angry,False,False,False,0.5669129,0.053055547,0.00025976542,0.34591183,0.021694474,0.011371816,0.0007936676
1748,inesco,mbaz,mbaz_s551.wav,Sad,292,Sad,Angry,Angry,False,False,False,0.93739563,0.017314738,0.004508272,0.0018198907,0.015386113,0.0138073405,0.009768021
1749,inesco,mbaz,mbaz_s552.wav,Sad,97,Sad,Angry,Angry,False,False,False,0.4108395,0.00040026038,0.17490135,0.07021415,0.33975452,0.0017334548,0.002156731
1750,inesco,mbaz,mbaz_s553.wav,Sad,74,Sad,Angry,Angry,False,False,False,0.78914297,0.0002899944,0.20456259,0.0036046705,0.0007799919,0.0002799508,0.0013397274
1751,inesco,mbaz,mbaz_s554.wav,Sad,135,Sad,Neutral,Angry,False,False,True,0.08771214,4.025705e-05,0.008686424,0.046921216,0.8524419,0.001171527,0.0030265325
1752,inesco,mbaz,mbaz_s555.wav,Sad,196,Sad,Happy,Happy,False,False,False,0.07846995,0.0010284277,0.056352198,0.82356447,0.028279202,0.0032281573,0.009077643
1753,inesco,mbaz,mbaz_s556.wav,Sad,180,Sad,Fear,Happy,False,False,True,0.00013457272,1.1593024e-05,0.93641,0.030898375,0.028872589,0.0035347864,0.00013811038
1754,inesco,mbaz,mbaz_s557.wav,Sad,87,Sad,Neutral,Angry,False,False,True,0.18199459,0.00030707053,0.045957483,0.16787185,0.54522604,0.02076734,0.037875667
1755,inesco,mbaz,mbaz_s558.wav,Sad,148,Sad,Angry,Angry,False,False,False,0.9448155,3.454144e-05,0.027515437,0.0033885757,0.0013322713,3.486465e-05,0.022878833
1756,inesco,mbaz,mbaz_s559.wav,Sad,205,Sad,Fear,Happy,False,False,True,0.025369804,0.0017898177,0.66063267,0.11234346,0.050716106,0.044290457,0.104857616
1757,inesco,mbaz,mbaz_s560.wav,Sad,116,Sad,Angry,Angry,False,False,False,0.5455874,2.6325175e-05,0.11685885,0.25158954,0.045288004,0.001467767,0.039182104
1758,inesco,mbaz,mbaz_s561.wav,Sad,276,Sad,Happy,Happy,False,False,False,0.4415884,0.005801353,0.0015196988,0.51338285,0.0015537431,0.0043075746,0.031846356
1759,inesco,mbaz,mbaz_s562.wav,Sad,103,Sad,Angry,Angry,False,False,False,0.5958049,0.00013241636,0.0016224788,0.18545227,0.21620199,0.0005374946,0.00024843842
1760,inesco,mbaz,mbaz_s563.wav,Sad,241,Sad,Neutral,Sad,False,True,True,0.018167464,0.063911,0.0381979,0.07433956,0.53609484,0.2688457,0.0004435014
1761,inesco,mbaz,mbaz_s564.wav,Sad,289,Sad,Angry,Angry,False,False,False,0.987966,0.0070863585,0.00020908935,0.0023820302,0.00024888155,0.001052998,0.0010545844
1762,inesco,mbaz,mbaz_s565.wav,Sad,401,Sad,Happy,Happy,False,False,False,0.0016865459,1.7676652e-05,0.0021246097,0.9788998,6.7121516e-07,0.0001692342,0.017101556
1763,inesco,mbaz,mbaz_s566.wav,Sad,109,Sad,Happy,Happy,False,False,False,0.068612754,0.00044599207,0.27272773,0.32321212,0.3208508,0.009636057,0.0045145913
1764,inesco,mbaz,mbaz_s567.wav,Sad,154,Sad,Happy,Happy,False,False,False,0.009795434,0.0013312626,0.33362457,0.33869055,0.30659452,0.00965296,0.0003106575
1765,inesco,mbaz,mbaz_s568.wav,Sad,148,Sad,Fear,Happy,False,False,True,0.0047488073,0.00076866546,0.95934725,0.005867767,0.014274982,0.004997367,0.009995216
1766,inesco,mbaz,mbaz_s569.wav,Sad,401,Sad,Fear,Happy,False,False,True,0.005162423,6.203545e-05,0.8479144,0.09883867,0.00012993462,0.0017628482,0.046129663
1767,inesco,mbaz,mbaz_s570.wav,Sad,327,Sad,Fear,Happy,False,False,True,0.029767727,0.006593911,0.645903,0.22284241,0.020591032,0.031457677,0.042844284
1768,inesco,mbaz,mbaz_s571.wav,Sad,292,Sad,Sad,Sad,True,True,False,0.04100939,0.031243253,0.0004537454,0.0018275913,0.46097317,0.46435443,0.00013845066
1769,inesco,mbaz,mbaz_s572.wav,Sad,193,Sad,Happy,Happy,False,False,False,0.025417982,0.00025136227,0.053446326,0.57596856,0.33068225,0.0012255845,0.013007966
1770,inesco,mbaz,mbaz_s573.wav,Sad,148,Sad,Angry,Angry,False,False,False,0.80538005,1.44646e-05,0.1923812,0.0009646516,0.00021237398,0.00058181345,0.00046541303
1771,inesco,mbaz,mbaz_s574.wav,Sad,234,Sad,Surprise,Sad,False,True,True,0.18783763,0.032376423,0.10915936,0.059949405,4.0923638e-05,0.19668722,0.41394904
1772,inesco,mbaz,mbaz_s575.wav,Sad,129,Sad,Neutral,Happy,False,False,True,0.0025788192,8.006088e-06,0.0024643654,0.0482345,0.9442214,0.00026528153,0.002227692
1773,inesco,mbaz,mbaz_s576.wav,Sad,199,Sad,Angry,Angry,False,False,False,0.7170074,9.8480064e-05,0.04607765,0.22239575,0.0063876733,0.00783725,0.00019583586
1774,inesco,mbaz,mbaz_s577.wav,Sad,401,Sad,Happy,Happy,False,False,False,0.15726486,0.011737933,0.003354158,0.7021488,0.0030731044,0.0028192825,0.119601935
1775,inesco,mbaz,mbaz_s578.wav,Sad,135,Sad,Neutral,Happy,False,False,True,0.025091728,0.0010157293,0.059966978,0.33052567,0.56863964,0.014184181,0.0005760716
1776,inesco,mbaz,mbaz_s579.wav,Sad,164,Sad,Neutral,Sad,False,True,True,0.0012931514,0.0004908443,0.0032767237,0.013196888,0.80847025,0.17324258,2.9619052e-05
1777,inesco,mbaz,mbaz_s580.wav,Sad,401,Sad,Disgust,Angry,False,False,True,0.28894407,0.30846453,0.13821658,0.0580178,0.0027832906,0.08126612,0.12230761
1778,inesco,mbaz,mbaz_s581.wav,Sad,205,Sad,Happy,Happy,False,False,False,0.05730097,0.00043733,0.05993047,0.47549728,0.3181797,0.08770866,0.0009456175
1779,inesco,mbaz,mbaz_s582.wav,Sad,381,Sad,Neutral,Sad,False,True,True,0.004196058,0.01303505,0.00080991123,0.0013577444,0.53552854,0.445068,4.7163394e-06
1780,inesco,mbaz,mbaz_s583.wav,Sad,45,Sad,Angry,Angry,False,False,False,0.3601708,0.00020323147,0.28774664,0.10559976,0.22097066,0.024497792,0.0008112105
1781,inesco,mbaz,mbaz_s584.wav,Sad,401,Sad,Sad,Sad,True,True,False,0.34927315,0.0040296116,0.0036288078,0.074137464,0.016860668,0.54829484,0.00377544
1782,inesco,mbaz,mbaz_s585.wav,Sad,314,Sad,Fear,Angry,False,False,True,0.22723965,0.020394936,0.45388323,0.062155392,0.038726408,0.15841092,0.03918948
1783,inesco,mbaz,mbaz_s586.wav,Sad,314,Sad,Angry,Angry,False,False,False,0.34081668,0.020987166,0.038318142,0.24389175,0.019705104,0.05694631,0.27933487
1784,inesco,mbaz,mbaz_s587.wav,Sad,237,Sad,Fear,Sad,False,True,True,0.054407217,0.00031301824,0.81815815,0.052476294,0.0044273413,0.063402906,0.006815056
1785,inesco,mbaz,mbaz_s588.wav,Sad,401,Sad,Happy,Happy,False,False,False,0.13632444,0.007844627,0.052628513,0.397282,0.033506297,0.34641567,0.025998445
1786,inesco,mbaz,mbaz_s589.wav,Sad,317,Sad,Angry,Angry,False,False,False,0.93296504,0.0010651193,0.0001225097,0.0018849664,0.0027622588,0.055906147,0.0052939104
1787,inesco,mbaz,mbaz_s590.wav,Sad,212,Sad,Angry,Angry,False,False,False,0.48828384,0.0009362183,0.016269183,0.44432604,0.04104933,0.0028694174,0.006265989
1788,inesco,mbaz,mbaz_s591.wav,Sad,401,Sad,Disgust,Angry,False,False,True,0.40035746,0.4099651,0.07723406,0.0633261,0.0032602097,0.030992068,0.014864974
1789,inesco,mbaz,mbaz_s592.wav,Sad,401,Sad,Fear,Happy,False,False,True,0.22278015,0.0665187,0.35206893,0.23553026,0.0023655856,0.11022175,0.010514666
1790,inesco,mbaz,mbaz_s593.wav,Sad,289,Sad,Sad,Sad,True,True,False,0.040462885,0.005444364,0.15357032,0.10675007,0.14664313,0.5313086,0.015820652
1791,inesco,mbaz,mbaz_s594.wav,Sad,401,Sad,Angry,Angry,False,False,False,0.31060472,0.0023469096,0.0019598955,0.15839311,0.23169596,0.29393306,0.0010663732
1792,inesco,mbaz,mbaz_s595.wav,Sad,401,Sad,Happy,Happy,False,False,False,0.07870357,0.008610502,0.037853353,0.71249044,0.0032537696,0.098188706,0.06089966
1793,inesco,mbaz,mbaz_s596.wav,Sad,349,Sad,Fear,Angry,False,False,True,0.33381057,0.1404402,0.42335314,0.018160898,0.007430189,0.025500046,0.051305007
1794,inesco,mbaz,mbaz_s597.wav,Sad,401,Sad,Happy,Happy,False,False,False,0.024686499,0.00016234172,0.0061734724,0.5336712,3.7070022e-06,0.0011896475,0.43411314
1795,inesco,mbaz,mbaz_s598.wav,Sad,317,Sad,Neutral,Angry,False,False,True,0.030302795,0.005209529,0.007451805,0.018955326,0.92107725,0.014543062,0.0024601487
1796,inesco,mbaz,mbaz_s599.wav,Sad,346,Sad,Angry,Angry,False,False,False,0.48564297,0.056688286,0.00017511085,0.001543493,0.40765095,0.04753626,0.00076293753
1797,inesco,mbaz,mbaz_s600.wav,Sad,401,Sad,Angry,Angry,False,False,False,0.5026847,0.00092319486,0.20097102,0.20980397,2.2923946e-06,0.00084840704,0.08476641
1798,inesco,mdpa,mdpa_a212.wav,Angry,167,Angry,Happy,Happy,False,False,False,0.014206381,0.0006640333,0.00021584996,0.9688261,7.792214e-07,0.0002560748,0.01583078
1799,inesco,mdpa,mdpa_a213.wav,Angry,132,Angry,Angry,Angry,True,True,False,0.7315612,1.4806618e-06,0.00019858469,0.018829517,1.55917e-06,2.593353e-07,0.2494074
1800,inesco,mdpa,mdpa_a214.wav,Angry,244,Angry,Angry,Angry,True,True,False,0.69687945,1.7623533e-05,0.00039132216,0.27969697,3.8689736e-06,6.910475e-05,0.022941649
1801,inesco,mdpa,mdpa_a215.wav,Angry,285,Angry,Surprise,Angry,False,True,True,0.00827204,6.2649483e-06,0.00018363088,0.0008278918,1.0132185e-08,2.5859026e-05,0.9906844
1802,inesco,mdpa,mdpa_a216.wav,Angry,263,Angry,Angry,Angry,True,True,False,0.8146496,0.0058963625,0.038376532,0.08439173,3.1426725e-06,0.048485797,0.008196886
1803,inesco,mdpa,mdpa_a217.wav,Angry,100,Angry,Angry,Angry,True,True,False,0.4599885,5.1048573e-05,0.06285008,0.046081968,0.00011562101,5.2675106e-05,0.43086013
1804,inesco,mdpa,mdpa_a218.wav,Angry,401,Angry,Surprise,Angry,False,True,True,0.44833678,0.0005482361,0.00021081767,0.057496637,8.8019266e-07,0.007926802,0.4854799
1805,inesco,mdpa,mdpa_a219.wav,Angry,401,Angry,Surprise,Happy,False,False,True,0.00096502266,2.3428892e-07,0.002819403,0.17328474,2.0685077e-07,1.7449147e-06,0.82292867
1806,inesco,mdpa,mdpa_a220.wav,Angry,346,Angry,Surprise,Happy,False,False,True,1.4114383e-05,7.029021e-07,0.43009657,0.0047939387,2.5210196e-09,4.3066348e-06,0.56509036
1807,inesco,mdpa,mdpa_a221.wav,Angry,353,Angry,Surprise,Happy,False,False,True,0.0032165216,7.141093e-06,0.003350887,0.014022009,6.365613e-07,5.3859843e-05,0.9793489
1808,inesco,mdpa,mdpa_a222.wav,Angry,401,Angry,Surprise,Happy,False,False,True,0.048216935,0.00070651213,0.0010793041,0.06717792,1.4109733e-07,0.0025235626,0.88029563
1809,inesco,mdpa,mdpa_a223.wav,Angry,257,Angry,Surprise,Happy,False,False,True,0.08674189,0.007037739,0.14942642,0.33283076,5.6263207e-06,0.0163753,0.40758222
1810,inesco,mdpa,mdpa_a224.wav,Angry,308,Angry,Surprise,Angry,False,True,True,0.11473916,4.8946553e-05,0.011925498,0.0100837005,2.4020264e-07,1.8058608e-05,0.8631844
1811,inesco,mdpa,mdpa_a225.wav,Angry,97,Angry,Angry,Angry,True,True,False,0.35368773,0.0003484496,0.0036001839,0.25554442,0.04579718,0.0017829164,0.33923912
1812,inesco,mdpa,mdpa_a226.wav,Angry,215,Angry,Angry,Angry,True,True,False,0.8904936,1.2429166e-05,0.08578582,0.008055648,2.153566e-07,3.7725306e-06,0.015648626
1813,inesco,mdpa,mdpa_a227.wav,Angry,401,Angry,Happy,Happy,False,False,False,0.173917,0.0005171657,0.033588804,0.49888468,8.4297363e-07,1.7535225e-05,0.293074
1814,inesco,mdpa,mdpa_a228.wav,Angry,132,Angry,Angry,Angry,True,True,False,0.5566762,9.886282e-06,0.0011631536,0.039051086,0.0006131552,8.2596314e-05,0.40240392
1815,inesco,mdpa,mdpa_a229.wav,Angry,353,Angry,Surprise,Happy,False,False,True,0.014582349,0.00010026,0.010932151,0.048702672,7.9969004e-07,0.00079253444,0.92488927
1816,inesco,mdpa,mdpa_a230.wav,Angry,260,Angry,Happy,Happy,False,False,False,0.04557225,0.0056937947,0.19783728,0.469432,3.0154613e-05,0.081051536,0.20038296
1817,inesco,mdpa,mdpa_a231.wav,Angry,183,Angry,Happy,Happy,False,False,False,0.2654643,5.761816e-06,0.0038026446,0.7104022,0.016747214,0.0020304197,0.0015475104
1818,inesco,mdpa,mdpa_a232.wav,Angry,186,Angry,Angry,Angry,True,True,False,0.64647955,9.170655e-06,0.0019880617,0.34717372,8.9363435e-05,0.00010793,0.004152199
1819,inesco,mdpa,mdpa_a233.wav,Angry,266,Angry,Happy,Happy,False,False,False,0.005864048,0.0029613057,0.005284029,0.69760996,2.4984428e-07,0.0006263263,0.2876541
1820,inesco,mdpa,mdpa_a234.wav,Angry,81,Angry,Surprise,Angry,False,True,True,0.062459487,8.118236e-05,0.09887169,0.015495185,0.0012457421,0.000476991,0.8213697
1821,inesco,mdpa,mdpa_a235.wav,Angry,90,Angry,Angry,Angry,True,True,False,0.8916853,7.1801965e-06,0.016865026,0.017340412,0.000120241486,3.2746066e-05,0.07394898
1822,inesco,mdpa,mdpa_a236.wav,Angry,234,Angry,Angry,Angry,True,True,False,0.9858063,2.0798623e-06,4.4545097e-05,0.012815928,1.318685e-10,1.714635e-07,0.001330985
1823,inesco,mdpa,mdpa_a237.wav,Angry,180,Angry,Angry,Angry,True,True,False,0.4284168,4.7080871e-07,0.045784015,0.39734745,3.4013328e-07,9.0869844e-07,0.12845007
1824,inesco,mdpa,mdpa_a238.wav,Angry,154,Angry,Fear,Angry,False,True,True,0.32771355,5.735945e-07,0.48562655,0.14979585,4.856566e-05,2.927923e-06,0.036811944
1825,inesco,mdpa,mdpa_a239.wav,Angry,193,Angry,Happy,Happy,False,False,False,0.38621333,5.354573e-06,0.1780098,0.39069408,1.5880563e-05,2.2668548e-05,0.045038953
1826,inesco,mdpa,mdpa_a240.wav,Angry,189,Angry,Angry,Angry,True,True,False,0.9211951,5.3198896e-06,3.6954305e-05,0.073886104,4.9777558e-05,1.15079274e-07,0.004826643
1827,inesco,mdpa,mdpa_a241.wav,Angry,138,Angry,Surprise,Angry,False,True,True,0.026025899,2.1923325e-09,0.0020629799,0.0018367886,1.1691727e-07,2.8585571e-08,0.9700742
1828,inesco,mdpa,mdpa_a242.wav,Angry,375,Angry,Surprise,Happy,False,False,True,0.0031273966,0.0031176412,0.015500633,0.09650509,4.7632693e-07,0.00027393005,0.8814749
1829,inesco,mdpa,mdpa_a243.wav,Angry,215,Angry,Happy,Happy,False,False,False,0.0044645015,2.3481696e-06,0.05795571,0.898172,7.98817e-09,8.583311e-06,0.03939679
1830,inesco,mdpa,mdpa_a244.wav,Angry,189,Angry,Surprise,Angry,False,True,True,0.41376573,6.7479486e-06,0.016892068,0.027719101,2.5030257e-08,2.4269124e-05,0.54159206
1831,inesco,mdpa,mdpa_a245.wav,Angry,196,Angry,Angry,Angry,True,True,False,0.9994271,4.853452e-07,3.2059423e-05,0.0004975787,9.3498464e-08,1.1794098e-06,4.162887e-05
1832,inesco,mdpa,mdpa_a246.wav,Angry,103,Angry,Angry,Angry,True,True,False,0.9108224,1.3145894e-06,0.032824155,0.0053252988,7.0092254e-05,9.849299e-06,0.050946843
1833,inesco,mdpa,mdpa_a247.wav,Angry,317,Angry,Angry,Angry,True,True,False,0.5015197,0.00031322375,0.00044438557,0.09927676,1.4145983e-05,0.0007175796,0.3977142
1834,inesco,mdpa,mdpa_a248.wav,Angry,231,Angry,Angry,Angry,True,True,False,0.99247617,3.7424052e-06,4.22125e-05,0.0061118095,1.02309805e-08,4.3378452e-07,0.0013655685
1835,inesco,mdpa,mdpa_a249.wav,Angry,253,Angry,Surprise,Angry,False,True,True,0.015451412,2.2245851e-05,0.00043446157,0.003103795,5.9150608e-08,2.4803154e-05,0.98096323
1836,inesco,mdpa,mdpa_a250.wav,Angry,333,Angry,Surprise,Angry,False,True,True,0.08213038,0.0011038801,0.041744452,0.07137324,2.7974027e-06,0.00015003451,0.8034952
1837,inesco,mdpa,mdpa_a251.wav,Angry,337,Angry,Surprise,Angry,False,True,True,0.027484355,0.00013653377,0.0015045903,0.021546427,2.5102741e-05,0.0034005865,0.9459024
1838,inesco,mdpa,mdpa_a252.wav,Angry,356,Angry,Surprise,Happy,False,False,True,0.0803043,7.761819e-06,0.0050600627,0.083988205,9.300938e-10,5.1679717e-06,0.83063453
1839,inesco,mdpa,mdpa_a253.wav,Angry,218,Angry,Surprise,Happy,False,False,True,0.007428104,5.3961245e-05,0.019214604,0.3212988,2.599139e-08,5.300157e-07,0.652004
1840,inesco,mdpa,mdpa_a254.wav,Angry,228,Angry,Angry,Angry,True,True,False,0.9997491,2.0363983e-07,6.1496344e-06,0.00017819801,4.0961562e-10,3.8845187e-08,6.622188e-05
1841,inesco,mdpa,mdpa_a255.wav,Angry,285,Angry,Angry,Angry,True,True,False,0.75104636,0.0003113631,0.0007975416,0.009010004,3.9227586e-09,5.107397e-06,0.23882958
1842,inesco,mdpa,mdpa_a256.wav,Angry,362,Angry,Surprise,Angry,False,True,True,0.048225466,1.9075729e-07,0.0025394862,0.0019247377,3.456605e-08,1.6651404e-05,0.9472934
1843,inesco,mdpa,mdpa_a257.wav,Angry,244,Angry,Angry,Angry,True,True,False,0.6812735,1.3138822e-05,0.0020528904,0.11337354,8.296438e-09,1.43767675e-05,0.20327252
1844,inesco,mdpa,mdpa_a258.wav,Angry,164,Angry,Angry,Angry,True,True,False,0.7137786,2.149332e-06,0.035145428,0.042538732,1.8724445e-07,2.0175398e-06,0.20853291
1845,inesco,mdpa,mdpa_a259.wav,Angry,218,Angry,Angry,Angry,True,True,False,0.9085057,5.290161e-07,0.0044931592,0.0804387,2.67279e-07,2.9408725e-06,0.0065587615
1846,inesco,mdpa,mdpa_a260.wav,Angry,250,Angry,Angry,Angry,True,True,False,0.67781144,0.00018555841,0.0021993052,0.1226609,2.2980366e-08,1.4781984e-05,0.19712807
1847,inesco,mdpa,mdpa_a261.wav,Angry,237,Angry,Angry,Angry,True,True,False,0.98228604,3.0432745e-06,0.002783024,0.00016038764,2.6914093e-09,1.9226108e-07,0.014767335
1848,inesco,mdpa,mdpa_a262.wav,Angry,244,Angry,Angry,Angry,True,True,False,0.97854793,9.183191e-06,0.00024996983,0.020542067,6.7238666e-08,2.0157207e-05,0.00063057663
1849,inesco,mdpa,mdpa_a263.wav,Angry,173,Angry,Angry,Angry,True,True,False,0.7787026,2.2902883e-08,0.0021989518,0.16587491,6.2561107e-06,2.2273422e-05,0.053195037
1850,inesco,mdpa,mdpa_a264.wav,Angry,113,Angry,Angry,Angry,True,True,False,0.49944943,4.1136278e-05,0.0055193743,0.021191573,0.0018883181,0.00017510809,0.47173506
1851,inesco,mdpa,mdpa_a265.wav,Angry,109,Angry,Angry,Angry,True,True,False,0.6733845,6.7507804e-05,0.0060091326,0.020032486,0.0012943879,4.1626583e-05,0.2991704
1852,inesco,mdpa,mdpa_a266.wav,Angry,401,Angry,Surprise,Happy,False,False,True,4.4430085e-06,2.2726036e-08,0.00052465196,0.009998448,3.836297e-10,6.678029e-07,0.98947173
1853,inesco,mdpa,mdpa_a267.wav,Angry,154,Angry,Happy,Happy,False,False,False,0.07843059,1.6203903e-07,0.048238695,0.7230347,8.201659e-06,3.5701937e-06,0.15028408
1854,inesco,mdpa,mdpa_a268.wav,Angry,84,Angry,Angry,Angry,True,True,False,0.76612455,4.5684686e-05,0.025763446,0.14212945,0.015583575,0.00026961218,0.050083697
1855,inesco,mdpa,mdpa_a269.wav,Angry,129,Angry,Happy,Happy,False,False,False,0.20532495,3.504707e-07,0.08001712,0.54834694,0.00025304212,1.03560515e-05,0.1660473
1856,inesco,mdpa,mdpa_a270.wav,Angry,189,Angry,Happy,Happy,False,False,False,0.012187862,8.026639e-08,0.07040866,0.675511,7.844688e-08,4.1900367e-07,0.24189194
1857,inesco,mdpa,mdpa_a271.wav,Angry,327,Angry,Surprise,Happy,False,False,True,0.0023787795,5.815271e-05,0.0439803,0.010957193,5.5147683e-07,0.0013911051,0.94123393
1858,inesco,mdpa,mdpa_a272.wav,Angry,308,Angry,Angry,Angry,True,True,False,0.39030552,0.1480223,0.020508396,0.010962976,7.881433e-05,0.10236737,0.3277546
1859,inesco,mdpa,mdpa_a273.wav,Angry,212,Angry,Angry,Angry,True,True,False,0.9993525,7.160698e-08,5.557266e-05,0.0002297131,1.3492357e-08,1.3314617e-06,0.00036069148
1860,inesco,mdpa,mdpa_a274.wav,Angry,305,Angry,Surprise,Angry,False,True,True,0.19845791,0.010075191,0.11871291,0.03260846,3.2710774e-05,0.0072152345,0.63289756
1861,inesco,mdpa,mdpa_a275.wav,Angry,148,Angry,Surprise,Happy,False,False,True,0.0051213275,1.0084226e-08,0.17205074,0.047182266,7.92106e-07,2.4504848e-06,0.77564245
1862,inesco,mdpa,mdpa_a276.wav,Angry,209,Angry,Fear,Happy,False,False,True,0.00034453176,2.3565765e-07,0.8692291,0.08092727,2.0960055e-08,3.845861e-06,0.049495045
1863,inesco,mdpa,mdpa_a277.wav,Angry,247,Angry,Angry,Angry,True,True,False,0.94325113,8.911906e-05,0.0013349222,0.04906974,5.4950306e-06,0.00018942008,0.0060601076
1864,inesco,mdpa,mdpa_a278.wav,Angry,401,Angry,Angry,Angry,True,True,False,0.4528742,0.0018965213,0.005238771,0.22101136,3.827262e-06,0.1935337,0.12544163
1865,inesco,mdpa,mdpa_a279.wav,Angry,186,Angry,Happy,Happy,False,False,False,0.21523625,2.0194982e-05,0.0012826024,0.77735555,8.913188e-09,1.37679335e-05,0.0060915654
1866,inesco,mdpa,mdpa_a280.wav,Angry,289,Angry,Fear,Happy,False,False,True,0.015206418,0.019940648,0.4629275,0.10583882,3.0755024e-07,0.0025285154,0.39355785
1867,inesco,mdpa,mdpa_a281.wav,Angry,292,Angry,Angry,Angry,True,True,False,0.870379,8.347668e-06,0.0065865577,0.010910008,2.957455e-08,0.00010870858,0.112007424
1868,inesco,mdpa,mdpa_a282.wav,Angry,365,Angry,Surprise,Happy,False,False,True,1.7894365e-05,2.2327576e-08,9.297052e-05,0.0010160948,4.841932e-12,3.5797705e-06,0.99886936
1869,inesco,mdpa,mdpa_a283.wav,Angry,401,Angry,Surprise,Happy,False,False,True,1.459196e-06,2.6608813e-08,0.016324697,0.02018813,2.6390805e-09,4.9742187e-07,0.9634852
1870,inesco,mdpa,mdpa_a284.wav,Angry,279,Angry,Angry,Angry,True,True,False,0.7557762,7.810199e-06,7.510355e-05,0.061316498,4.417883e-08,1.0317538e-05,0.18281397
1871,inesco,mdpa,mdpa_a285.wav,Angry,221,Angry,Angry,Angry,True,True,False,0.9977527,1.4256124e-08,8.696538e-05,0.002095356,5.2552793e-09,2.084355e-08,6.493231e-05
1872,inesco,mdpa,mdpa_a286.wav,Angry,401,Angry,Surprise,Happy,False,False,True,0.28186625,0.0003310217,0.00092625397,0.3185151,8.179858e-07,0.00566009,0.39270046
1873,inesco,mdpa,mdpa_a287.wav,Angry,177,Angry,Angry,Angry,True,True,False,0.8908576,1.9006933e-08,6.2944205e-06,0.108319275,3.97956e-08,5.283247e-07,0.0008163554
1874,inesco,mdpa,mdpa_a288.wav,Angry,225,Angry,Angry,Angry,True,True,False,0.9653017,0.0002009562,0.011397716,0.022089234,5.0838715e-09,0.0003057068,0.00070477714
1875,inesco,mdpa,mdpa_a289.wav,Angry,148,Angry,Surprise,Happy,False,False,True,0.00059265277,1.1060374e-08,0.000101045065,0.00716821,2.8313123e-08,9.0296775e-09,0.9921381
1876,inesco,mdpa,mdpa_a290.wav,Angry,375,Angry,Happy,Happy,False,False,False,0.1063495,1.6120212e-05,0.0009302642,0.47663516,4.2772788e-07,0.00013667425,0.41593185
1877,inesco,mdpa,mdpa_a291.wav,Angry,199,Angry,Angry,Angry,True,True,False,0.99075466,8.8635085e-07,0.0009645406,6.37454e-05,2.0407143e-10,7.051912e-08,0.008216042
1878,inesco,mdpa,mdpa_a292.wav,Angry,100,Angry,Angry,Angry,True,True,False,0.54690945,6.6281104e-06,0.08658988,0.059394736,0.002805185,4.3852506e-05,0.3042502
1879,inesco,mdpa,mdpa_a293.wav,Angry,199,Angry,Angry,Angry,True,True,False,0.95294553,8.023606e-06,0.0345216,0.003506177,6.1729247e-07,0.00016997909,0.008848019
1880,inesco,mdpa,mdpa_a294.wav,Angry,362,Angry,Happy,Happy,False,False,False,0.011288094,0.00051966944,0.03030755,0.6968302,3.0396097e-07,2.0997313e-05,0.26103312
1881,inesco,mdpa,mdpa_a295.wav,Angry,353,Angry,Surprise,Angry,False,True,True,0.381702,3.7485447e-07,0.010118027,0.021790337,2.1496295e-07,1.2050236e-05,0.586377
1882,inesco,mdpa,mdpa_a296.wav,Angry,129,Angry,Happy,Happy,False,False,False,0.024341011,1.5773908e-08,0.045014698,0.5822078,3.6956321e-06,1.2124336e-06,0.34843165
1883,inesco,mdpa,mdpa_a297.wav,Angry,93,Angry,Surprise,Angry,False,True,True,0.024576738,2.241054e-05,0.040316332,0.022983624,0.00074637035,0.00017602628,0.91117847
1884,inesco,mdpa,mdpa_a298.wav,Angry,186,Angry,Happy,Happy,False,False,False,0.09959819,1.3307221e-06,0.009139101,0.8836423,1.3224627e-07,2.9092873e-06,0.007616067
1885,inesco,mdpa,mdpa_a299.wav,Angry,237,Angry,Angry,Angry,True,True,False,0.99337995,1.5369436e-07,4.8569896e-06,0.0065696263,1.5814107e-09,3.983492e-07,4.5075645e-05
1886,inesco,mdpa,mdpa_a300.wav,Angry,401,Angry,Surprise,Angry,False,True,True,0.021824911,2.8219776e-05,0.0015485483,0.006058936,9.5298525e-09,4.7037294e-05,0.97049224
1887,inesco,mdpa,mdpa_a301.wav,Angry,247,Angry,Angry,Angry,True,True,False,0.9522948,0.00012558691,0.00031821235,0.030694868,2.3301144e-08,1.988153e-06,0.016564483
1888,inesco,mdpa,mdpa_a302.wav,Angry,353,Angry,Surprise,Happy,False,False,True,0.05463606,5.7214795e-05,0.0011952443,0.14048836,2.423574e-07,6.216669e-05,0.8035606
1889,inesco,mdpa,mdpa_a303.wav,Angry,285,Angry,Angry,Angry,True,True,False,0.9707089,6.13484e-06,0.0012472905,0.0080024665,4.6856226e-07,5.352498e-05,0.019981164
1890,inesco,mdpa,mdpa_a304.wav,Angry,154,Angry,Angry,Angry,True,True,False,0.82856506,2.6368805e-06,0.005247455,0.15525752,0.00027416082,5.6620054e-05,0.010596547
1891,inesco,mdpa,mdpa_a305.wav,Angry,317,Angry,Angry,Angry,True,True,False,0.39286932,0.0007220558,0.0039274497,0.24072133,5.60923e-07,0.005386572,0.35637274
1892,inesco,mdpa,mdpa_a306.wav,Angry,266,Angry,Angry,Angry,True,True,False,0.9968851,0.0004981916,0.000573392,0.0015284288,6.511796e-07,0.00049073057,2.3582386e-05
1893,inesco,mdpa,mdpa_a307.wav,Angry,173,Angry,Angry,Angry,True,True,False,0.99901867,2.3460116e-08,2.2548158e-05,0.0008354994,6.329694e-07,4.0033786e-08,0.00012259647
1894,inesco,mdpa,mdpa_a308.wav,Angry,247,Angry,Angry,Angry,True,True,False,0.95507216,2.231005e-05,0.00023060048,0.04263714,1.323316e-07,0.00021985761,0.0018177389
1895,inesco,mdpa,mdpa_a309.wav,Angry,55,Angry,Angry,Angry,True,True,False,0.55496705,0.00014898712,0.045393486,0.14475079,0.13162424,0.0031362693,0.11997921
1896,inesco,mdpa,mdpa_a310.wav,Angry,113,Angry,Angry,Angry,True,True,False,0.99682,1.2836465e-05,0.000315715,0.0015892506,8.885292e-05,1.2986093e-05,0.0011603856
1897,inesco,mdpa,mdpa_a311.wav,Angry,74,Angry,Angry,Angry,True,True,False,0.64361644,0.00014197602,0.0069753276,0.037721336,0.025396986,0.0004014979,0.28574648
1898,inesco,mdpa,mdpa_a312.wav,Angry,161,Angry,Angry,Angry,True,True,False,0.9064433,9.624779e-08,3.2033895e-05,0.08835067,2.0747237e-05,6.8843036e-07,0.005152415
1899,inesco,mdpa,mdpa_a313.wav,Angry,183,Angry,Angry,Angry,True,True,False,0.7858408,1.4169535e-07,4.0464483e-06,0.21390092,1.6219013e-07,1.566105e-07,0.00025367492
1900,inesco,mdpa,mdpa_a314.wav,Angry,269,Angry,Angry,Angry,True,True,False,0.93808085,2.8380518e-05,0.0469307,0.0054530986,2.7283568e-07,0.00039090074,0.009115732
1901,inesco,mdpa,mdpa_a315.wav,Angry,317,Angry,Angry,Angry,True,True,False,0.9704021,5.013506e-06,0.017253172,0.0022122506,4.9945367e-08,3.160949e-05,0.010095888
1902,inesco,mdpa,mdpa_a316.wav,Angry,375,Angry,Angry,Angry,True,True,False,0.5742842,9.759398e-06,0.0016413504,0.030954178,2.1411958e-07,9.670936e-06,0.3931006
1903,inesco,mdpa,mdpa_a317.wav,Angry,337,Angry,Surprise,Angry,False,True,True,0.03480001,2.5532594e-05,0.004997321,0.0016833049,5.9785594e-09,1.4150333e-05,0.95847964
1904,inesco,mdpa,mdpa_a318.wav,Angry,221,Angry,Angry,Angry,True,True,False,0.99912685,3.9536317e-06,0.00016246762,0.00059692824,1.9112441e-08,4.0048448e-07,0.00010943257
1905,inesco,mdpa,mdpa_a319.wav,Angry,401,Angry,Surprise,Happy,False,False,True,0.033333912,7.307917e-08,0.001610161,0.0662516,3.046132e-08,8.976355e-07,0.89880323
1906,inesco,mdpa,mdpa_a320.wav,Angry,116,Angry,Surprise,Angry,False,True,True,0.08860948,4.802798e-07,0.0022374955,0.030259112,0.00021387204,5.4678736e-07,0.87867904
1907,inesco,mdpa,mdpa_a321.wav,Angry,49,Angry,Angry,Angry,True,True,False,0.64244,5.144232e-05,0.01230882,0.01973983,0.018259607,0.00036715818,0.3068331
1908,inesco,mdpa,mdpa_a322.wav,Angry,65,Angry,Angry,Angry,True,True,False,0.7501789,0.001651861,0.020393858,0.030744074,0.013030429,0.0050983024,0.17890264
1909,inesco,mdpa,mdpa_a323.wav,Angry,77,Angry,Surprise,Happy,False,False,True,0.0010766066,1.7860349e-06,0.008154485,0.0077249273,2.0825724e-05,2.3927052e-05,0.9829974
1910,inesco,mdpa,mdpa_a324.wav,Angry,138,Angry,Surprise,Happy,False,False,True,0.10164644,1.8070936e-06,0.0023275604,0.1936213,8.066503e-06,9.447638e-06,0.70238537
1911,inesco,mdpa,mdpa_a325.wav,Angry,129,Angry,Angry,Angry,True,True,False,0.67767304,4.739357e-06,0.0013474893,0.3091738,2.9016304e-05,1.6097532e-06,0.011770307
1912,inesco,mdpa,mdpa_a326.wav,Angry,196,Angry,Angry,Angry,True,True,False,0.73133075,2.504816e-06,0.0023842796,0.058263853,8.754363e-08,3.69849e-06,0.20801482
1913,inesco,mdpa,mdpa_a327.wav,Angry,244,Angry,Surprise,Happy,False,False,True,0.15310481,0.00032985918,0.008464536,0.19448048,1.8607134e-08,1.0249173e-05,0.64361
1914,inesco,mdpa,mdpa_a328.wav,Angry,289,Angry,Surprise,Sad,False,False,True,0.038173165,0.06933756,0.16708665,0.076596886,1.4709352e-07,0.16275962,0.4860459
1915,inesco,mdpa,mdpa_a329.wav,Angry,161,Angry,Happy,Happy,False,False,False,0.0063420036,1.4021743e-06,0.114216655,0.8593281,9.119238e-06,7.5745076e-05,0.020026919
1916,inesco,mdpa,mdpa_a330.wav,Angry,84,Angry,Angry,Angry,True,True,False,0.9936917,2.123096e-06,0.0021565126,0.0016316617,0.00021358211,7.9612955e-06,0.0022964892
1917,inesco,mdpa,mdpa_a331.wav,Angry,145,Angry,Happy,Happy,False,False,False,0.003124953,1.014076e-08,0.00010567859,0.56187606,1.1234429e-06,1.2767022e-07,0.434892
1918,inesco,mdpa,mdpa_a332.wav,Angry,138,Angry,Fear,Angry,False,True,True,0.42221853,8.6425115e-07,0.4693716,0.070253566,1.5269036e-06,2.935629e-06,0.03815097
1919,inesco,mdpa,mdpa_a333.wav,Angry,103,Angry,Angry,Angry,True,True,False,0.6084512,1.0867787e-05,0.00085092045,0.058591697,0.020779526,8.726372e-05,0.31122848
1920,inesco,mdpa,mdpa_a334.wav,Angry,196,Angry,Happy,Happy,False,False,False,0.03089139,0.00013739863,0.22372587,0.47000012,7.790289e-06,0.0012562599,0.2739812
1921,inesco,mdpa,mdpa_a335.wav,Angry,151,Angry,Angry,Angry,True,True,False,0.76358575,3.5040955e-08,0.00012865782,0.086544745,3.3131798e-07,3.6016175e-08,0.14974047
1922,inesco,mdpa,mdpa_a336.wav,Angry,218,Angry,Angry,Angry,True,True,False,0.99907374,1.1415415e-08,0.00041087743,0.00040883807,4.864853e-09,2.4282812e-07,0.00010627986
1923,inesco,mdpa,mdpa_a337.wav,Angry,148,Angry,Surprise,Angry,False,True,True,0.33888754,0.00013778514,0.006989101,0.02393379,0.00408809,4.880547e-05,0.62591493
1924,inesco,mdpa,mdpa_a338.wav,Angry,186,Angry,Angry,Angry,True,True,False,0.99931836,1.06606436e-07,1.9433786e-05,0.00065452664,4.0915772e-08,3.9695993e-07,7.135953e-06
1925,inesco,mdpa,mdpa_a339.wav,Angry,221,Angry,Angry,Angry,True,True,False,0.99786925,0.00017589291,0.00024943886,0.0008164182,9.855609e-09,5.1154398e-06,0.0008838384
1926,inesco,mdpa,mdpa_a340.wav,Angry,125,Angry,Fear,Happy,False,False,True,0.013983701,3.1846437e-07,0.5416281,0.03968711,0.000102594924,1.0597218e-05,0.4045876
1927,inesco,mdpa,mdpa_a341.wav,Angry,221,Angry,Angry,Angry,True,True,False,0.44313693,6.832304e-06,0.3524201,0.20301183,1.9129003e-07,0.0002183317,0.0012058025
1928,inesco,mdpa,mdpa_a342.wav,Angry,250,Angry,Surprise,Happy,False,False,True,0.017088829,0.000129047,0.0025843773,0.2242932,7.488573e-07,0.00019279546,0.755711
1929,inesco,mdpa,mdpa_a343.wav,Angry,177,Angry,Happy,Happy,False,False,False,9.3848175e-05,1.9604207e-07,0.46780443,0.52209187,4.342383e-05,0.00018863397,0.009777587
1930,inesco,mdpa,mdpa_a344.wav,Angry,141,Angry,Angry,Angry,True,True,False,0.9081975,4.2476668e-08,0.010827592,0.078570284,3.39248e-06,1.2694181e-06,0.0023999198
1931,inesco,mdpa,mdpa_a345.wav,Angry,173,Angry,Happy,Happy,False,False,False,1.7325137e-05,2.5619864e-09,0.006038614,0.93029547,3.856715e-09,2.9781315e-08,0.06364865
1932,inesco,mdpa,mdpa_a346.wav,Angry,231,Angry,Angry,Angry,True,True,False,0.8015963,9.838155e-06,0.12310017,0.047933266,3.6526749e-06,0.00012581256,0.027230991
1933,inesco,mdpa,mdpa_a347.wav,Angry,205,Angry,Happy,Happy,False,False,False,0.089139745,2.8367234e-05,0.020643774,0.55311376,4.697945e-07,0.00087913225,0.33619475
1934,inesco,mdpa,mdpa_a348.wav,Angry,103,Angry,Angry,Angry,True,True,False,0.97605044,2.5574373e-05,0.0034324892,0.008164272,0.004593165,2.651489e-05,0.0077074957
1935,inesco,mdpa,mdpa_a349.wav,Angry,161,Angry,Angry,Angry,True,True,False,0.47467476,1.3128925e-05,0.1341786,0.17715143,0.0015388477,0.00024839092,0.21219487
1936,inesco,mdpa,mdpa_a350.wav,Angry,401,Angry,Surprise,Happy,False,False,True,0.07987994,3.4106026e-05,0.0012903183,0.39591432,6.6186885e-08,2.9621318e-05,0.52285165
1937,inesco,mdpa,mdpa_a351.wav,Angry,237,Angry,Angry,Angry,True,True,False,0.9366596,0.00034788944,0.00097074424,0.05043337,2.7824067e-06,0.00019196913,0.0113936085
1938,inesco,mdpa,mdpa_a352.wav,Angry,122,Angry,Fear,Happy,False,False,True,0.051564727,3.789577e-07,0.696798,0.24522421,0.0005176538,4.8047266e-05,0.005846923
1939,inesco,mdpa,mdpa_a353.wav,Angry,263,Angry,Surprise,Sad,False,False,True,0.028896632,0.020834967,0.039171364,0.058160342,1.6394686e-05,0.08965954,0.7632608
1940,inesco,mdpa,mdpa_a354.wav,Angry,295,Angry,Angry,Angry,True,True,False,0.9496604,0.0026704855,0.00045881228,0.010185085,2.4925214e-06,6.660338e-05,0.0369562
1941,inesco,mdpa,mdpa_a355.wav,Angry,260,Angry,Angry,Angry,True,True,False,0.82171214,0.0070469836,4.1880103e-05,0.00069121126,6.582551e-08,0.17031021,0.00019750684
1942,inesco,mdpa,mdpa_a356.wav,Angry,298,Angry,Angry,Angry,True,True,False,0.996221,6.5082706e-05,0.00010398561,0.0023582662,2.5566248e-08,7.904153e-06,0.0012437997
1943,inesco,mdpa,mdpa_a357.wav,Angry,202,Angry,Fear,Happy,False,False,True,0.0012144763,3.3536136e-05,0.73619086,0.076593764,4.4325492e-07,0.00028351913,0.1856833
1944,inesco,mdpa,mdpa_a358.wav,Angry,125,Angry,Surprise,Angry,False,True,True,0.32573783,3.3047857e-06,0.0012477908,0.0054157358,6.21338e-06,4.2377415e-05,0.6675467
1945,inesco,mdpa,mdpa_a359.wav,Angry,196,Angry,Angry,Angry,True,True,False,0.9662547,5.471282e-06,1.353513e-06,0.03355614,1.2930963e-06,1.2194502e-06,0.00017985646
1946,inesco,mdpa,mdpa_a360.wav,Angry,113,Angry,Angry,Angry,True,True,False,0.8250815,0.00010352374,0.014867495,0.025209201,0.09314118,0.0004936637,0.04110335
1947,inesco,mdpa,mdpa_a361.wav,Angry,170,Angry,Fear,Happy,False,False,True,0.00858288,1.7436396e-07,0.9339848,0.04094415,1.7679186e-07,3.652573e-05,0.016451275
1948,inesco,mdpa,mdpa_a362.wav,Angry,65,Angry,Fear,Happy,False,False,True,0.069206074,0.0011459837,0.46863005,0.1212753,0.01090443,0.029035615,0.29980257
1949,inesco,mdpa,mdpa_a363.wav,Angry,199,Angry,Surprise,Angry,False,True,True,0.017358147,1.0565417e-05,0.4748383,0.015487294,7.712009e-09,0.00023541642,0.49207032
1950,inesco,mdpa,mdpa_a364.wav,Angry,138,Angry,Surprise,Happy,False,False,True,0.000223115,3.0096343e-09,0.018796152,0.103708506,2.35135e-07,1.5149515e-08,0.87727195
1951,inesco,mdpa,mdpa_a365.wav,Angry,119,Angry,Happy,Happy,False,False,False,0.3827963,8.525051e-06,0.08417813,0.43278757,0.002980987,0.0009200564,0.09632844
1952,inesco,mdpa,mdpa_a366.wav,Angry,167,Angry,Happy,Happy,False,False,False,0.0035654854,5.832432e-09,0.0029088296,0.92027676,1.8068869e-08,2.9005616e-08,0.07324876
1953,inesco,mdpa,mdpa_a367.wav,Angry,81,Angry,Surprise,Angry,False,True,True,0.15661226,0.0007766765,0.03473119,0.030280787,0.20497143,0.0021280858,0.57049954
1954,inesco,mdpa,mdpa_a368.wav,Angry,170,Angry,Happy,Happy,False,False,False,0.027377164,1.8009299e-06,0.24061492,0.59810454,2.7752969e-05,0.0001122503,0.13376151
1955,inesco,mdpa,mdpa_a369.wav,Angry,173,Angry,Angry,Angry,True,True,False,0.86895883,7.0419055e-08,0.0016654233,0.12711798,4.726601e-05,9.073796e-07,0.0022095751
1956,inesco,mdpa,mdpa_a370.wav,Angry,129,Angry,Happy,Happy,False,False,False,0.0061915913,9.983515e-07,1.1752551e-05,0.96668094,1.8318042e-05,1.9133402e-06,0.027094482
1957,inesco,mdpa,mdpa_a371.wav,Angry,135,Angry,Surprise,Happy,False,False,True,0.013684158,1.5934333e-05,0.021340456,0.02663141,0.00037163586,4.4757737e-05,0.9379117
1958,inesco,mdpa,mdpa_a372.wav,Angry,218,Angry,Surprise,Happy,False,False,True,0.00012508215,8.148532e-07,0.00955005,0.21715693,7.305812e-08,2.3324712e-06,0.7731647
1959,inesco,mdpa,mdpa_a373.wav,Angry,177,Angry,Angry,Angry,True,True,False,0.96768904,3.0502434e-07,0.0016293927,0.027917743,3.266207e-07,0.00011226351,0.0026509052
1960,inesco,mdpa,mdpa_a374.wav,Angry,81,Angry,Surprise,Angry,False,True,True,0.26896918,2.5334177e-05,0.0010676937,0.023101036,0.0050985827,8.232121e-05,0.70165586
1961,inesco,mdpa,mdpa_a375.wav,Angry,253,Angry,Surprise,Happy,False,False,True,0.019885004,5.5786673e-05,0.0005983227,0.10335557,6.4310075e-07,9.763099e-05,0.876007
1962,inesco,mdpa,mdpa_a376.wav,Angry,58,Angry,Angry,Angry,True,True,False,0.6255894,6.954371e-05,0.08158313,0.19458626,0.026579553,0.00035014504,0.07124189
1963,inesco,mdpa,mdpa_a377.wav,Angry,74,Angry,Happy,Happy,False,False,False,0.24190828,0.00016929797,0.017047513,0.41143805,0.04422974,0.0030823748,0.2821248
1964,inesco,mdpa,mdpa_a378.wav,Angry,148,Angry,Surprise,Happy,False,False,True,0.07424875,3.8436235e-07,0.029798392,0.35733196,1.1984551e-05,1.3459779e-06,0.5386071
1965,inesco,mdpa,mdpa_a379.wav,Angry,113,Angry,Surprise,Happy,False,False,True,0.0037855434,8.954234e-08,0.005694462,0.07499703,5.56308e-07,5.1997813e-07,0.91552174
1966,inesco,mdpa,mdpa_a380.wav,Angry,276,Angry,Surprise,Angry,False,True,True,0.013438466,1.4082899e-05,0.0013807219,0.0023811935,8.191502e-07,0.00027382822,0.98251086
1967,inesco,mdpa,mdpa_a381.wav,Angry,132,Angry,Angry,Angry,True,True,False,0.62928206,1.1567502e-06,0.003254875,0.30773088,0.0019049984,8.074467e-06,0.057817917
1968,inesco,mdpa,mdpa_a382.wav,Angry,145,Angry,Surprise,Happy,False,False,True,0.0014738514,1.2539161e-06,0.20635378,0.24729352,8.085599e-05,1.1338337e-06,0.5447957
1969,inesco,mdpa,mdpa_a383.wav,Angry,103,Angry,Angry,Angry,True,True,False,0.9824437,1.9499867e-05,0.0005577,0.01324302,0.0016239688,6.242398e-05,0.0020497227
1970,inesco,mdpa,mdpa_a384.wav,Angry,106,Angry,Surprise,Happy,False,False,True,0.040658288,3.3335527e-06,0.0033572689,0.06105208,0.00071165315,8.022435e-06,0.8942094
1971,inesco,mdpa,mdpa_a385.wav,Angry,103,Angry,Happy,Happy,False,False,False,0.046327557,3.289084e-05,0.03374707,0.6921626,0.07672925,0.00082360406,0.15017703
1972,inesco,mdpa,mdpa_a386.wav,Angry,93,Angry,Angry,Angry,True,True,False,0.9693765,1.7164467e-06,0.0027187897,0.014172172,3.1757343e-05,3.3104392e-05,0.013665955
1973,inesco,mdpa,mdpa_a387.wav,Angry,362,Angry,Surprise,Happy,False,False,True,2.079922e-05,4.1530237e-07,0.009596137,0.041410487,2.4656375e-09,1.2926696e-06,0.9489709
1974,inesco,mdpa,mdpa_a388.wav,Angry,55,Angry,Angry,Angry,True,True,False,0.9634746,2.7086004e-05,0.0012128286,0.011431165,0.0132806515,7.893953e-05,0.010494805
1975,inesco,mdpa,mdpa_a389.wav,Angry,65,Angry,Angry,Angry,True,True,False,0.9760883,0.00013322967,0.00053679576,0.01493209,0.004486866,0.00013008334,0.0036927138
1976,inesco,mdpa,mdpa_a390.wav,Angry,49,Angry,Angry,Angry,True,True,False,0.97224253,4.920619e-05,0.0006380702,0.0020199989,0.00091872,2.3346594e-05,0.024108024
1977,inesco,mdpa,mdpa_a391.wav,Angry,39,Angry,Angry,Angry,True,True,False,0.92280066,0.00018572855,0.05513941,0.0028515283,0.0013769681,0.002570601,0.015075101
1978,inesco,mdpa,mdpa_a392.wav,Angry,39,Angry,Fear,Happy,False,False,True,0.20158798,0.00010828278,0.32511398,0.29997352,0.12889415,0.0033944612,0.04092761
1979,inesco,mdpa,mdpa_a393.wav,Angry,103,Angry,Surprise,Happy,False,False,True,0.10650013,1.797861e-06,0.007029145,0.33030698,0.0034984855,2.1400327e-05,0.55264205
1980,inesco,mdpa,mdpa_a394.wav,Angry,151,Angry,Angry,Angry,True,True,False,0.5957502,8.52721e-07,0.028270213,0.3504042,0.0002969769,2.5555382e-06,0.02527505
1981,inesco,mdpa,mdpa_a395.wav,Angry,97,Angry,Angry,Angry,True,True,False,0.9942445,1.6737943e-06,0.00028485674,0.0044767633,2.22745e-05,4.9527927e-07,0.00096935796
1982,inesco,mdpa,mdpa_a396.wav,Angry,173,Angry,Happy,Happy,False,False,False,0.08667527,1.2827685e-05,0.37542018,0.5095375,0.0064472295,0.009836116,0.012070901
1983,inesco,mdpa,mdpa_a397.wav,Angry,52,Angry,Angry,Angry,True,True,False,0.5205055,0.00010452792,0.0040787985,0.069436535,0.0027727692,0.00034230688,0.40275958
1984,inesco,mdpa,mdpa_a398.wav,Angry,52,Angry,Angry,Angry,True,True,False,0.9930006,4.8305865e-06,0.0019407403,0.0013695797,9.425797e-05,1.3088588e-05,0.0035768053
1985,inesco,mdpa,mdpa_a399.wav,Angry,401,Angry,Angry,Angry,True,True,False,0.71613085,1.966148e-06,0.181016,0.099801235,3.1522869e-09,9.711562e-05,0.002952778
1986,inesco,mdpa,mdpa_a400.wav,Angry,205,Angry,Fear,Happy,False,False,True,0.03557489,1.8691202e-05,0.822726,0.110248655,8.9659436e-05,0.0052344664,0.026107643
1987,inesco,mdpa,mdpa_a401.wav,Angry,157,Angry,Angry,Angry,True,True,False,0.97546387,1.00011384e-07,0.024024395,0.0004093561,5.0225356e-07,1.6650025e-06,0.00010003195
1988,inesco,mdpa,mdpa_h001.wav,Happy,196,Happy,Angry,Angry,False,False,False,0.4788532,9.3376024e-05,0.13626377,0.3017617,0.000748354,6.891829e-05,0.08221064
1989,inesco,mdpa,mdpa_h002.wav,Happy,167,Happy,Happy,Happy,True,True,False,0.01942795,4.8318793e-06,0.0006214261,0.54322064,5.9380445e-06,8.106578e-07,0.43671843
1990,inesco,mdpa,mdpa_h003.wav,Happy,289,Happy,Angry,Angry,False,False,False,0.6733403,0.05154864,0.0010732926,0.085239716,0.0002774483,0.18512194,0.0033985786
1991,inesco,mdpa,mdpa_h004.wav,Happy,129,Happy,Happy,Happy,True,True,False,0.04772304,7.23094e-05,0.015456778,0.76269287,0.12132604,0.0028781022,0.04985088
1992,inesco,mdpa,mdpa_h005.wav,Happy,167,Happy,Surprise,Happy,False,True,True,0.0033246505,0.00012523633,0.0078692855,0.006123544,4.6635894e-05,0.00010230316,0.98240834
1993,inesco,mdpa,mdpa_h006.wav,Happy,183,Happy,Surprise,Sad,False,False,True,0.0018731162,0.013200862,0.029988112,0.03857665,0.0026438157,0.21002722,0.70369023
1994,inesco,mdpa,mdpa_h007.wav,Happy,164,Happy,Surprise,Happy,False,True,True,0.0031234943,2.4924082e-05,0.19006588,0.21187837,0.031373326,0.00042638578,0.56310767
1995,inesco,mdpa,mdpa_h008.wav,Happy,279,Happy,Neutral,Sad,False,False,True,0.006750215,0.0028950402,5.106824e-06,0.00043177523,0.94746554,0.042451832,4.141811e-07
1996,inesco,mdpa,mdpa_h009.wav,Happy,157,Happy,Fear,Happy,False,True,True,5.2498704e-05,1.966639e-05,0.9885965,0.00014308034,3.2514225e-05,4.1687326e-06,0.011151614
1997,inesco,mdpa,mdpa_h010.wav,Happy,205,Happy,Angry,Angry,False,False,False,0.99455595,7.9448226e-05,6.5725595e-05,0.0015266445,0.0035414128,0.00012282717,0.00010799065
1998,inesco,mdpa,mdpa_h011.wav,Happy,180,Happy,Neutral,Angry,False,False,True,0.014798894,0.000817449,0.00425091,0.013726432,0.95170254,0.013991089,0.0007126607
1999,inesco,mdpa,mdpa_h012.wav,Happy,247,Happy,Angry,Angry,False,False,False,0.98873234,0.00023311595,1.70165e-05,0.010581471,7.5400916e-05,0.0002925745,6.800748e-05
2000,inesco,mdpa,mdpa_h013.wav,Happy,298,Happy,Angry,Angry,False,False,False,0.42541566,0.005873625,0.06693873,0.12110718,0.010650378,0.35965982,0.010354655
2001,inesco,mdpa,mdpa_h014.wav,Happy,301,Happy,Surprise,Angry,False,False,True,0.09893462,0.0005810976,0.003565619,0.04404466,2.348842e-05,0.0001625501,0.852688
2002,inesco,mdpa,mdpa_h015.wav,Happy,145,Happy,Surprise,Happy,False,True,True,0.008921872,0.0006780008,0.0778351,0.06065091,0.002089807,0.0035222336,0.8463021
2003,inesco,mdpa,mdpa_h016.wav,Happy,260,Happy,Angry,Angry,False,False,False,0.4429794,0.15141824,0.025776347,0.1279879,0.0013092603,0.1775382,0.0729906
2004,inesco,mdpa,mdpa_h017.wav,Happy,247,Happy,Sad,Sad,False,False,False,0.017153358,0.08015005,0.027547471,0.13989308,0.00022490442,0.73161316,0.0034179501
2005,inesco,mdpa,mdpa_h018.wav,Happy,324,Happy,Surprise,Happy,False,True,True,0.03990594,0.0011653085,0.010669061,0.17846909,1.0788844e-05,0.0025036584,0.7672762
2006,inesco,mdpa,mdpa_h019.wav,Happy,282,Happy,Disgust,Angry,False,False,True,0.40321648,0.43012688,2.5336192e-06,0.00075708964,0.0073986747,0.15847254,2.5788162e-05
2007,inesco,mdpa,mdpa_h020.wav,Happy,260,Happy,Happy,Happy,True,True,False,0.029463029,0.026740875,0.02166635,0.79828787,0.0020633924,0.09955315,0.022225304
2008,inesco,mdpa,mdpa_h021.wav,Happy,372,Happy,Angry,Angry,False,False,False,0.5255921,0.00039228666,0.007989593,0.39690602,3.3531775e-05,0.0050305035,0.06405599
2009,inesco,mdpa,mdpa_h022.wav,Happy,276,Happy,Angry,Angry,False,False,False,0.9164907,0.031565644,5.9496295e-05,0.016406491,0.023012493,0.01244446,2.071643e-05
2010,inesco,mdpa,mdpa_h023.wav,Happy,279,Happy,Sad,Sad,False,False,False,0.029600801,0.098547176,0.0009071883,0.015757462,0.00051546725,0.853388,0.0012838837
2011,inesco,mdpa,mdpa_h024.wav,Happy,218,Happy,Happy,Happy,True,True,False,0.0029440671,0.0154786175,0.2515199,0.4144749,5.178906e-05,0.064342394,0.2511883
2012,inesco,mdpa,mdpa_h025.wav,Happy,266,Happy,Disgust,Angry,False,False,True,0.3658527,0.38827562,0.00090316567,0.10829155,2.4837433e-05,0.13277951,0.003872531
2013,inesco,mdpa,mdpa_h026.wav,Happy,282,Happy,Angry,Angry,False,False,False,0.8220182,0.0038145767,0.015079347,0.14087668,0.0031260275,0.012673108,0.002412042
2014,inesco,mdpa,mdpa_h027.wav,Happy,228,Happy,Happy,Happy,True,True,False,0.4600579,0.0040243906,5.3307904e-05,0.52946156,2.9949486e-05,0.0062712072,0.00010169786
2015,inesco,mdpa,mdpa_h028.wav,Happy,196,Happy,Happy,Happy,True,True,False,0.002448336,0.036441512,0.082790256,0.7874902,0.008958897,0.07781051,0.004060276
2016,inesco,mdpa,mdpa_h029.wav,Happy,343,Happy,Angry,Angry,False,False,False,0.8031915,0.016820662,0.000512978,0.122154616,0.001099188,0.00018958391,0.056031495
2017,inesco,mdpa,mdpa_h030.wav,Happy,253,Happy,Happy,Happy,True,True,False,0.014588601,0.029015264,0.085693516,0.84011394,1.3807243e-06,0.000740617,0.029846739
2018,inesco,mdpa,mdpa_h031.wav,Happy,401,Happy,Sad,Sad,False,False,False,0.086332366,0.0004491457,0.000619299,0.11623619,0.3457831,0.45045838,0.00012146436
2019,inesco,mdpa,mdpa_h032.wav,Happy,324,Happy,Angry,Angry,False,False,False,0.76859766,0.0008660196,7.587971e-06,0.022156933,0.006033471,0.20126651,0.0010718363
2020,inesco,mdpa,mdpa_h033.wav,Happy,298,Happy,Surprise,Angry,False,False,True,0.28219244,0.08757151,0.017290294,0.15642637,3.6167887e-05,0.08491505,0.3715682
2021,inesco,mdpa,mdpa_h034.wav,Happy,295,Happy,Angry,Angry,False,False,False,0.75758195,0.11860499,2.4436333e-05,0.0010809578,0.0071851667,0.1154255,9.695036e-05
2022,inesco,mdpa,mdpa_h035.wav,Happy,330,Happy,Angry,Angry,False,False,False,0.42186067,0.015640916,0.00022924323,0.09159106,0.00024541537,0.31350553,0.15692714
2023,inesco,mdpa,mdpa_h036.wav,Happy,401,Happy,Happy,Happy,True,True,False,0.009888658,0.0001334186,0.013378001,0.9604688,0.001105058,0.0015467482,0.013479294
2024,inesco,mdpa,mdpa_h037.wav,Happy,391,Happy,Surprise,Sad,False,False,True,0.008219013,0.00025428156,0.063505225,0.0520978,2.7688171e-05,0.09919162,0.77670443
2025,inesco,mdpa,mdpa_h038.wav,Happy,401,Happy,Angry,Angry,False,False,False,0.76866555,0.04100085,0.006380725,0.15515414,0.00027107453,0.0043999827,0.024127599
2026,inesco,mdpa,mdpa_h039.wav,Happy,349,Happy,Surprise,Angry,False,False,True,0.06277185,3.35885e-06,0.00028072865,0.037688874,1.011955e-06,0.00018323683,0.899071
2027,inesco,mdpa,mdpa_h040.wav,Happy,401,Happy,Surprise,Happy,False,True,True,0.0009600111,4.916027e-05,0.29696032,0.0325152,4.0095176e-05,0.0028398435,0.6666353
2028,inesco,mdpa,mdpa_h041.wav,Happy,135,Happy,Surprise,Happy,False,True,True,1.978412e-05,1.1281061e-07,0.00837891,0.04886855,3.026895e-06,1.0658933e-06,0.9427286
2029,inesco,mdpa,mdpa_h042.wav,Happy,260,Happy,Angry,Angry,False,False,False,0.9260656,0.029111685,0.0024083862,0.022819422,0.00045259375,0.013207639,0.0059346813
2030,inesco,mdpa,mdpa_h043.wav,Happy,401,Happy,Angry,Angry,False,False,False,0.60272634,0.16441756,0.021516092,0.09009059,0.00085891393,0.0932974,0.0270932
2031,inesco,mdpa,mdpa_h044.wav,Happy,321,Happy,Angry,Angry,False,False,False,0.57718503,0.00087280886,0.0048675886,0.3412157,0.0033174453,0.00969555,0.062845804
2032,inesco,mdpa,mdpa_h045.wav,Happy,346,Happy,Surprise,Happy,False,True,True,0.017987259,0.0041534617,0.014690718,0.07941605,0.0032419255,0.042458657,0.8380519
2033,inesco,mdpa,mdpa_h046.wav,Happy,250,Happy,Angry,Angry,False,False,False,0.7681461,0.12382048,0.002211461,0.05215249,0.00376516,0.049599398,0.0003048615
2034,inesco,mdpa,mdpa_h047.wav,Happy,183,Happy,Surprise,Happy,False,True,True,0.00020572805,1.3807983e-05,0.069052994,0.24954042,0.0007262898,7.89996e-05,0.6803817
2035,inesco,mdpa,mdpa_h048.wav,Happy,209,Happy,Neutral,Happy,False,True,True,0.0064100227,0.0011618807,0.08208726,0.13581127,0.7369551,0.033106524,0.004468004
2036,inesco,mdpa,mdpa_h049.wav,Happy,215,Happy,Angry,Angry,False,False,False,0.95713,0.0006089672,0.0026050373,0.03330129,0.00015336841,0.001125462,0.0050759176
2037,inesco,mdpa,mdpa_h050.wav,Happy,164,Happy,Surprise,Happy,False,True,True,0.00071711285,4.1072504e-05,0.1720719,0.019866845,1.6912519e-06,6.173356e-05,0.8072396
2038,inesco,mdpa,mdpa_h051.wav,Happy,401,Happy,Neutral,Sad,False,False,True,0.19519664,0.00032915545,0.0010878105,0.08430254,0.39083368,0.30213872,0.026111448
2039,inesco,mdpa,mdpa_h052.wav,Happy,401,Happy,Happy,Happy,True,True,False,0.055155385,0.00029217164,0.020674182,0.76826894,0.0001004986,0.0036268104,0.15188202
2040,inesco,mdpa,mdpa_h053.wav,Happy,401,Happy,Angry,Angry,False,False,False,0.9425259,0.006578125,0.001042113,0.044329952,0.00011527756,0.0023539495,0.003054605
2041,inesco,mdpa,mdpa_h054.wav,Happy,289,Happy,Angry,Angry,False,False,False,0.9198532,0.05120201,0.00095934386,0.014635483,0.0038656287,0.00394283,0.0055415104
2042,inesco,mdpa,mdpa_h055.wav,Happy,401,Happy,Sad,Sad,False,False,False,0.018710092,0.002830516,0.0003454276,0.023259943,0.05921059,0.8953429,0.0003005287
2043,inesco,mdpa,mdpa_h056.wav,Happy,346,Happy,Angry,Angry,False,False,False,0.9220606,0.0113492645,0.00048109711,0.0059059253,0.017328463,0.023546325,0.01932826
2044,inesco,mdpa,mdpa_h057.wav,Happy,212,Happy,Angry,Angry,False,False,False,0.8154055,0.0047166357,0.0009962958,0.12347981,0.054119237,0.00024046318,0.0010420798
2045,inesco,mdpa,mdpa_h058.wav,Happy,340,Happy,Angry,Angry,False,False,False,0.9612515,0.00092460675,0.0009298443,0.0035684283,0.00019797697,0.0009527967,0.0321749
2046,inesco,mdpa,mdpa_h059.wav,Happy,282,Happy,Angry,Angry,False,False,False,0.58992654,0.03373534,0.025932062,0.22012408,0.060005255,0.053253323,0.017023379
2047,inesco,mdpa,mdpa_h060.wav,Happy,346,Happy,Sad,Sad,False,False,False,0.03423695,0.05328493,0.00093109795,0.16754526,0.05271676,0.6910117,0.00027323698
2048,inesco,mdpa,mdpa_h061.wav,Happy,125,Happy,Surprise,Happy,False,True,True,8.075814e-05,0.0001202368,0.13475706,0.22249277,0.103959225,0.0014623946,0.53712755
2049,inesco,mdpa,mdpa_h062.wav,Happy,282,Happy,Happy,Happy,True,True,False,0.24813639,0.035055675,0.043327413,0.57559794,0.032502472,0.010115304,0.055264764
2050,inesco,mdpa,mdpa_h063.wav,Happy,260,Happy,Angry,Angry,False,False,False,0.95373267,0.00024442133,0.00028409236,0.043746885,0.00030000068,0.00075470813,0.00093716837
2051,inesco,mdpa,mdpa_h064.wav,Happy,225,Happy,Angry,Angry,False,False,False,0.8523991,0.00041656374,0.0014722412,0.016102629,0.12784769,0.00088073243,0.0008810904
2052,inesco,mdpa,mdpa_h065.wav,Happy,308,Happy,Neutral,Happy,False,True,True,0.06458768,0.005053939,0.038965616,0.38621897,0.4241892,0.0014664326,0.07951811
2053,inesco,mdpa,mdpa_h066.wav,Happy,305,Happy,Happy,Happy,True,True,False,0.079042755,0.13858192,0.009993902,0.5965077,0.00018410211,0.16414474,0.011544881
2054,inesco,mdpa,mdpa_h067.wav,Happy,401,Happy,Angry,Angry,False,False,False,0.54177034,0.073896624,0.002288465,0.01603101,0.13169147,0.23204191,0.002280242
2055,inesco,mdpa,mdpa_h068.wav,Happy,346,Happy,Happy,Happy,True,True,False,0.0086571295,0.00090306415,0.018079495,0.9207869,0.0001933815,0.017609363,0.033770636
2056,inesco,mdpa,mdpa_h069.wav,Happy,324,Happy,Sad,Sad,False,False,False,0.13719563,0.0026659174,9.5427895e-05,0.05222407,0.0006260765,0.79873794,0.008454975
2057,inesco,mdpa,mdpa_h070.wav,Happy,359,Happy,Happy,Happy,True,True,False,0.061250634,0.00045523696,0.14402199,0.5870764,0.00018340582,0.0038156018,0.20319673
2058,inesco,mdpa,mdpa_h071.wav,Happy,276,Happy,Angry,Angry,False,False,False,0.5629701,0.012801601,0.0008795741,0.18039563,0.00646246,0.20887093,0.027619718
2059,inesco,mdpa,mdpa_h072.wav,Happy,244,Happy,Angry,Angry,False,False,False,0.5930671,0.0051064473,0.0033289788,0.085999966,0.007058917,0.28313228,0.02230625
2060,inesco,mdpa,mdpa_h073.wav,Happy,141,Happy,Fear,Happy,False,True,True,0.002198218,8.7560686e-05,0.7396386,0.01250203,0.010259165,0.00069518574,0.23461919
2061,inesco,mdpa,mdpa_h074.wav,Happy,244,Happy,Sad,Sad,False,False,False,0.021488529,0.0006196048,0.0038755878,0.20155655,0.017707976,0.74515885,0.009592899
2062,inesco,mdpa,mdpa_h075.wav,Happy,205,Happy,Happy,Happy,True,True,False,0.03378785,0.00011080819,0.0035644367,0.78252625,0.1769271,0.0018639792,0.0012196467
2063,inesco,mdpa,mdpa_h076.wav,Happy,225,Happy,Happy,Happy,True,True,False,0.36924255,0.00667718,0.024008375,0.4922383,0.10566117,0.00046614915,0.0017062991
2064,inesco,mdpa,mdpa_h077.wav,Happy,205,Happy,Angry,Angry,False,False,False,0.944353,0.0028913599,0.00091026805,0.0071890624,0.0075696143,0.00047959617,0.036607113
2065,inesco,mdpa,mdpa_h078.wav,Happy,199,Happy,Happy,Happy,True,True,False,0.00047707531,5.2172116e-05,0.21585393,0.61100185,0.00153627,3.5778634e-05,0.17104295
2066,inesco,mdpa,mdpa_h079.wav,Happy,401,Happy,Sad,Sad,False,False,False,0.0007850587,0.0007360287,1.5334429e-06,9.846517e-05,0.38887715,0.6095004,1.3974865e-06
2067,inesco,mdpa,mdpa_h080.wav,Happy,375,Happy,Happy,Happy,True,True,False,0.025198685,0.01353065,0.18844615,0.41851702,0.011306675,0.28091002,0.062090848
2068,inesco,mdpa,mdpa_h081.wav,Happy,308,Happy,Angry,Angry,False,False,False,0.9760014,0.002355929,0.00049218,0.012329192,0.00067700964,0.0025612533,0.00558305
2069,inesco,mdpa,mdpa_h082.wav,Happy,327,Happy,Neutral,Sad,False,False,True,0.09857991,0.0737785,0.000783915,0.00796601,0.676528,0.14182745,0.0005362191
2070,inesco,mdpa,mdpa_h083.wav,Happy,401,Happy,Neutral,Happy,False,True,True,0.112508826,0.04604649,0.008283971,0.15750402,0.5022703,0.11322645,0.060159963
2071,inesco,mdpa,mdpa_h084.wav,Happy,234,Happy,Happy,Happy,True,True,False,0.05071777,0.0015123226,0.0068478473,0.8535245,0.03725709,0.04893892,0.001201516
2072,inesco,mdpa,mdpa_h085.wav,Happy,337,Happy,Angry,Angry,False,False,False,0.47215968,0.0051503903,0.0055788136,0.42544267,0.009114446,0.049949057,0.032604907
2073,inesco,mdpa,mdpa_h086.wav,Happy,247,Happy,Angry,Angry,False,False,False,0.92769307,0.02284953,0.0008485059,0.0319164,0.0025707579,0.0038485758,0.010273219
2074,inesco,mdpa,mdpa_h087.wav,Happy,244,Happy,Happy,Happy,True,True,False,0.10418137,0.06783452,0.05163321,0.40813157,0.15647136,0.13907698,0.07267097
2075,inesco,mdpa,mdpa_h088.wav,Happy,285,Happy,Angry,Angry,False,False,False,0.801696,0.19161218,2.3564626e-05,0.002557694,0.00057547214,0.001916983,0.0016181287
2076,inesco,mdpa,mdpa_h089.wav,Happy,401,Happy,Angry,Angry,False,False,False,0.47561952,0.00012786196,0.00013536324,0.4602341,0.006661158,0.053371176,0.0038508172
2077,inesco,mdpa,mdpa_h090.wav,Happy,212,Happy,Neutral,Sad,False,False,True,0.00674261,0.00024722447,0.00093631604,0.0021030018,0.93429005,0.05530372,0.00037714702
2078,inesco,mdpa,mdpa_h091.wav,Happy,343,Happy,Angry,Angry,False,False,False,0.8291637,0.021736963,0.0040321858,0.088100314,2.7673848e-05,0.022322766,0.03461642
2079,inesco,mdpa,mdpa_h092.wav,Happy,186,Happy,Neutral,Happy,False,True,True,0.0071553853,1.5997488e-06,6.2903106e-05,0.034332704,0.95797414,0.0002992529,0.0001739909
2080,inesco,mdpa,mdpa_h093.wav,Happy,292,Happy,Angry,Angry,False,False,False,0.88901293,0.005574036,0.00018394389,0.038351875,0.049332812,0.016400868,0.001143484
2081,inesco,mdpa,mdpa_h094.wav,Happy,397,Happy,Angry,Angry,False,False,False,0.5253283,0.020086601,0.014283781,0.19755071,0.006132281,0.036591616,0.2000267
2082,inesco,mdpa,mdpa_h095.wav,Happy,253,Happy,Angry,Angry,False,False,False,0.9871767,0.00044870848,5.5472632e-05,0.012005572,8.995934e-05,0.00010442007,0.000119111086
2083,inesco,mdpa,mdpa_h096.wav,Happy,266,Happy,Angry,Angry,False,False,False,0.8611143,0.0014839913,0.00022986707,0.11798476,4.793133e-05,0.0008910523,0.018248202
2084,inesco,mdpa,mdpa_h097.wav,Happy,237,Happy,Angry,Angry,False,False,False,0.870043,0.043948654,0.0004674787,0.07111415,0.010608212,0.0019372131,0.0018813484
2085,inesco,mdpa,mdpa_h098.wav,Happy,401,Happy,Surprise,Happy,False,True,True,0.009893873,0.0001497661,0.0075441264,0.02051335,0.0002674362,0.01819275,0.9434387
2086,inesco,mdpa,mdpa_h099.wav,Happy,122,Happy,Happy,Happy,True,True,False,0.016461821,1.3711665e-06,0.009489257,0.8415719,0.0011180094,2.3407167e-05,0.13133416
2087,inesco,mdpa,mdpa_h100.wav,Happy,189,Happy,Surprise,Happy,False,True,True,0.16833949,0.0018622595,0.0029721495,0.3737614,0.014764921,0.0013779674,0.43692186
2088,inesco,mdpa,mdpa_h101.wav,Happy,212,Happy,Angry,Angry,False,False,False,0.87394726,0.0012044614,0.0009068078,0.0384039,0.077745415,0.0010944722,0.00669769
2089,inesco,mdpa,mdpa_h102.wav,Happy,199,Happy,Happy,Happy,True,True,False,0.21174747,0.00015997772,0.00086016516,0.40053868,0.38270256,0.0022563823,0.0017347551
2090,inesco,mdpa,mdpa_h103.wav,Happy,324,Happy,Angry,Angry,False,False,False,0.9093967,0.0036156813,9.9367106e-05,0.049039233,0.0022433754,0.002664901,0.032940812
2091,inesco,mdpa,mdpa_h104.wav,Happy,401,Happy,Happy,Happy,True,True,False,0.33559287,0.00015441433,0.0007997075,0.6273688,0.015940588,0.017783938,0.0023596582
2092,inesco,mdpa,mdpa_h105.wav,Happy,221,Happy,Angry,Angry,False,False,False,0.78971374,0.00067604345,0.00086644164,0.025169363,0.15150455,0.031004045,0.0010658827
2093,inesco,mdpa,mdpa_h106.wav,Happy,263,Happy,Happy,Happy,True,True,False,0.04991503,0.010165237,0.005907135,0.6380616,0.0050946786,0.28976074,0.001095657
2094,inesco,mdpa,mdpa_h107.wav,Happy,353,Happy,Neutral,Sad,False,False,True,0.08420175,0.008722935,0.013817599,0.14919537,0.3733104,0.33574486,0.03500708
2095,inesco,mdpa,mdpa_h108.wav,Happy,401,Happy,Happy,Happy,True,True,False,0.24657264,0.022330452,0.027369998,0.3729406,0.056944065,0.2646321,0.009210209
2096,inesco,mdpa,mdpa_h109.wav,Happy,247,Happy,Angry,Angry,False,False,False,0.7831433,0.005510524,0.0027209634,0.17162617,0.0009347605,0.0022299816,0.033834346
2097,inesco,mdpa,mdpa_h110.wav,Happy,308,Happy,Angry,Angry,False,False,False,0.98922276,0.007967678,3.372871e-05,0.0008284769,4.9531678e-05,0.0006937199,0.0012039964
2098,inesco,mdpa,mdpa_h111.wav,Happy,365,Happy,Angry,Angry,False,False,False,0.8638129,0.0038575442,0.0012583028,0.035394948,0.00427888,0.013132114,0.07826531
2099,inesco,mdpa,mdpa_h112.wav,Happy,401,Happy,Angry,Angry,False,False,False,0.83754545,0.0019322209,0.0012197015,0.14779368,0.0011261471,0.005791496,0.004591314
2100,inesco,mdpa,mdpa_h113.wav,Happy,401,Happy,Happy,Happy,True,True,False,0.2326591,4.0413546e-05,0.00039020923,0.67362696,0.0004076957,0.06840155,0.024474096
2101,inesco,mdpa,mdpa_h114.wav,Happy,231,Happy,Angry,Angry,False,False,False,0.85603476,0.105386995,0.009487892,0.019486492,0.0011886639,0.0069846334,0.0014305467
2102,inesco,mdpa,mdpa_h115.wav,Happy,369,Happy,Happy,Happy,True,True,False,0.0036388212,0.0040025334,0.036784347,0.7960004,0.0005321289,0.09240923,0.06663256
2103,inesco,mdpa,mdpa_h116.wav,Happy,138,Happy,Fear,Happy,False,True,True,0.082473524,0.00038499167,0.49933243,0.1562927,0.14148392,0.0059329886,0.114099406
2104,inesco,mdpa,mdpa_h117.wav,Happy,173,Happy,Surprise,Happy,False,True,True,0.00069242786,0.0001186032,0.32565674,0.20834832,0.015104554,0.00034573898,0.44973364
2105,inesco,mdpa,mdpa_h118.wav,Happy,247,Happy,Angry,Angry,False,False,False,0.6440832,0.004274065,0.006512455,0.2777313,0.013788031,0.04017836,0.013432567
2106,inesco,mdpa,mdpa_h119.wav,Happy,260,Happy,Surprise,Happy,False,True,True,0.0047548334,3.6735477e-05,0.024841325,0.2635543,7.7483695e-05,0.00032116863,0.7064141
2107,inesco,mdpa,mdpa_h120.wav,Happy,346,Happy,Angry,Angry,False,False,False,0.97210926,0.0006254796,8.441687e-06,0.014684544,0.00015192495,1.0496686e-05,0.012409927
2108,inesco,mdpa,mdpa_h121.wav,Happy,212,Happy,Angry,Angry,False,False,False,0.8059578,0.02442775,0.014051602,0.014163127,0.00026292147,5.0665934e-05,0.14108609
2109,inesco,mdpa,mdpa_h122.wav,Happy,209,Happy,Fear,Happy,False,True,True,0.019251924,0.033528313,0.5482953,0.11539751,0.2601547,0.006460291,0.016911902
2110,inesco,mdpa,mdpa_h123.wav,Happy,330,Happy,Angry,Angry,False,False,False,0.97162163,0.009009933,1.9944147e-05,0.0002821386,0.006156344,0.011793387,0.0011166309
2111,inesco,mdpa,mdpa_h124.wav,Happy,308,Happy,Angry,Angry,False,False,False,0.9617677,0.004432827,0.001463652,0.007015419,0.0023959158,0.00991464,0.013009868
2112,inesco,mdpa,mdpa_h125.wav,Happy,138,Happy,Fear,Angry,False,False,True,0.28087455,9.607172e-05,0.65725,0.03414958,0.00149397,0.00013743251,0.025998373
2113,inesco,mdpa,mdpa_h126.wav,Happy,343,Happy,Happy,Happy,True,True,False,0.3043898,0.0003478089,0.007952479,0.6095973,0.000417751,0.0021073206,0.07518749
2114,inesco,mdpa,mdpa_h127.wav,Happy,253,Happy,Happy,Happy,True,True,False,0.116740994,0.06153493,0.008188579,0.46534476,0.030908374,0.04782408,0.26945823
2115,inesco,mdpa,mdpa_h128.wav,Happy,276,Happy,Angry,Angry,False,False,False,0.8206951,0.002301649,0.0044006845,0.15504831,0.0001803489,0.00055679725,0.0168171
2116,inesco,mdpa,mdpa_h129.wav,Happy,189,Happy,Fear,Happy,False,True,True,0.018979771,0.0004912523,0.46735463,0.37896758,0.08188385,0.00026691263,0.052055992
2117,inesco,mdpa,mdpa_h130.wav,Happy,170,Happy,Angry,Angry,False,False,False,0.611439,0.0012259712,0.0029477188,0.041385546,0.29313847,0.0028490445,0.047014188
2118,inesco,mdpa,mdpa_h131.wav,Happy,164,Happy,Angry,Angry,False,False,False,0.8242316,0.00022289551,0.026050499,0.09365161,0.020661902,0.0013243273,0.033857144
2119,inesco,mdpa,mdpa_h132.wav,Happy,269,Happy,Angry,Angry,False,False,False,0.9215695,0.009580472,0.0034381505,0.02519786,0.025659379,0.013601392,0.00095320196
2120,inesco,mdpa,mdpa_h133.wav,Happy,221,Happy,Angry,Angry,False,False,False,0.6385962,0.0051243147,0.07758338,0.10534302,0.1323063,0.0043234536,0.036723357
2121,inesco,mdpa,mdpa_h134.wav,Happy,401,Happy,Happy,Happy,True,True,False,0.17548923,0.044661593,0.05156721,0.59092003,0.013211165,0.05220029,0.07195051
2122,inesco,mdpa,mdpa_h135.wav,Happy,301,Happy,Angry,Angry,False,False,False,0.44479907,0.040943976,0.009765629,0.06390105,0.09480774,0.10616031,0.23962224
2123,inesco,mdpa,mdpa_h136.wav,Happy,253,Happy,Angry,Angry,False,False,False,0.76454526,0.09877697,0.0016115241,0.088292666,0.004440586,0.00034095312,0.04199206
2124,inesco,mdpa,mdpa_h137.wav,Happy,97,Happy,Surprise,Angry,False,False,True,0.017137367,1.947122e-05,0.28193325,0.0033959623,7.572287e-05,3.990821e-05,0.6973983
2125,inesco,mdpa,mdpa_h138.wav,Happy,193,Happy,Angry,Angry,False,False,False,0.7747515,0.00012204684,1.6144566e-05,0.22396286,0.0009892118,1.1766071e-05,0.00014650133
2126,inesco,mdpa,mdpa_h139.wav,Happy,180,Happy,Happy,Happy,True,True,False,0.0044077234,0.011999949,0.015719678,0.9515047,0.0012189682,0.010851197,0.0042977855
2127,inesco,mdpa,mdpa_h140.wav,Happy,167,Happy,Happy,Happy,True,True,False,0.00029939195,2.1997419e-05,0.013034813,0.91316533,0.05473195,0.015657894,0.0030886224
2128,inesco,mdpa,mdpa_h141.wav,Happy,215,Happy,Fear,Happy,False,True,True,1.0815526e-05,1.6384889e-05,0.72045064,0.27579978,0.000310065,0.0008721714,0.0025401965
2129,inesco,mdpa,mdpa_h142.wav,Happy,189,Happy,Neutral,Happy,False,True,True,0.2168061,0.0043784254,0.02449724,0.23368812,0.49629274,0.0103272665,0.014010172
2130,inesco,mdpa,mdpa_h143.wav,Happy,276,Happy,Angry,Angry,False,False,False,0.8558102,0.024334082,8.3206716e-05,0.0014808616,0.08692288,0.03125248,0.00011632759
2131,inesco,mdpa,mdpa_h144.wav,Happy,205,Happy,Angry,Angry,False,False,False,0.9915393,0.00019295081,1.9020039e-05,0.008023609,4.8656134e-06,4.0957066e-06,0.00021619155
2132,inesco,mdpa,mdpa_h145.wav,Happy,170,Happy,Neutral,Happy,False,True,True,0.03383018,0.00016839922,0.15906526,0.33011526,0.4420945,0.002311626,0.032414746
2133,inesco,mdpa,mdpa_h146.wav,Happy,84,Happy,Angry,Angry,False,False,False,0.86285275,0.00057076756,0.001148151,0.0041899784,0.0108580785,0.0013196993,0.119060524
2134,inesco,mdpa,mdpa_h147.wav,Happy,164,Happy,Happy,Happy,True,True,False,0.007964107,2.9999363e-05,0.07316023,0.7040933,0.0027635922,0.00022948015,0.21175933
2135,inesco,mdpa,mdpa_h148.wav,Happy,148,Happy,Angry,Angry,False,False,False,0.653373,4.9763952e-05,0.023906242,0.03266437,0.28040865,0.0069857645,0.0026121973
2136,inesco,mdpa,mdpa_h149.wav,Happy,301,Happy,Happy,Happy,True,True,False,0.27152997,0.00799971,0.012787405,0.5443181,0.008282804,0.030230133,0.12485188
2137,inesco,mdpa,mdpa_h150.wav,Happy,253,Happy,Happy,Happy,True,True,False,0.15077825,0.000965695,0.01789984,0.6505416,5.363614e-05,0.00080930593,0.17895162
2138,inesco,mdpa,mdpa_h151.wav,Happy,250,Happy,Angry,Angry,False,False,False,0.9872802,0.00069865846,0.00024366652,0.010740572,1.5338488e-05,0.0007351674,0.0002863702
2139,inesco,mdpa,mdpa_h152.wav,Happy,401,Happy,Happy,Happy,True,True,False,0.19810097,0.00084504695,0.01680395,0.39819875,0.00010483967,0.038322054,0.3476244
2140,inesco,mdpa,mdpa_h153.wav,Happy,401,Happy,Surprise,Sad,False,False,True,0.0021055578,0.00083017006,0.023743186,0.0040883236,4.3923214e-06,0.020650068,0.9485783
2141,inesco,mdpa,mdpa_h154.wav,Happy,317,Happy,Surprise,Angry,False,False,True,0.42047617,0.0017362841,0.0033329837,0.10365235,3.232426e-05,0.0046630735,0.46610686
2142,inesco,mdpa,mdpa_h155.wav,Happy,221,Happy,Angry,Angry,False,False,False,0.9801963,0.005640107,0.0005764384,0.010339966,0.00093713345,0.002188403,0.00012156558
2143,inesco,mdpa,mdpa_h156.wav,Happy,314,Happy,Surprise,Sad,False,False,True,0.27339095,4.4659177e-05,0.000108582826,0.006403416,0.00021683765,0.27541646,0.44441906
2144,inesco,mdpa,mdpa_h157.wav,Happy,308,Happy,Angry,Angry,False,False,False,0.9021457,0.016556721,0.00019402693,0.0073391926,0.017566029,0.053782087,0.002416167
2145,inesco,mdpa,mdpa_h158.wav,Happy,257,Happy,Angry,Angry,False,False,False,0.6553168,0.0015859045,0.0017128128,0.16762492,0.000150733,0.0017343726,0.1718744
2146,inesco,mdpa,mdpa_h159.wav,Happy,253,Happy,Happy,Happy,True,True,False,0.0046249484,1.0287591e-05,6.9252266e-05,0.8950798,5.0933046e-08,2.1507802e-07,0.1002155
2147,inesco,mdpa,mdpa_h160.wav,Happy,250,Happy,Angry,Angry,False,False,False,0.4662357,0.3969488,0.013172827,0.035365287,0.004562844,0.083005145,0.000709309
2148,inesco,mdpa,mdpa_h161.wav,Happy,186,Happy,Happy,Happy,True,True,False,0.33162677,0.0033519669,0.0020339007,0.62937075,0.023090577,0.006046469,0.004479545
2149,inesco,mdpa,mdpa_h162.wav,Happy,260,Happy,Angry,Angry,False,False,False,0.44665533,0.015528812,0.11113686,0.15322576,0.0017642071,0.005940384,0.26574862
2150,inesco,mdpa,mdpa_h163.wav,Happy,301,Happy,Happy,Happy,True,True,False,0.23924044,0.21324866,0.056385927,0.30226654,0.000101429105,0.0947162,0.09404079
2151,inesco,mdpa,mdpa_h164.wav,Happy,167,Happy,Neutral,Sad,False,False,True,0.00026044916,0.0008981957,0.038409796,0.108125836,0.7164863,0.13576832,5.1098323e-05
2152,inesco,mdpa,mdpa_h165.wav,Happy,193,Happy,Happy,Happy,True,True,False,0.0005715647,0.019897627,0.1549617,0.6938034,0.002305045,0.051034473,0.077426165
2153,inesco,mdpa,mdpa_h166.wav,Happy,87,Happy,Surprise,Happy,False,True,True,0.0028811472,9.37156e-05,0.12831764,0.05099746,0.0017749149,0.003041943,0.8128933
2154,inesco,mdpa,mdpa_h167.wav,Happy,157,Happy,Angry,Angry,False,False,False,0.7695765,8.000375e-05,0.00032250094,0.2024825,0.023562461,0.00025250242,0.0037234449
2155,inesco,mdpa,mdpa_h168.wav,Happy,193,Happy,Surprise,Angry,False,False,True,0.009604244,0.012801293,0.027440198,0.0059147654,0.003295732,7.511796e-05,0.9408687
2156,inesco,mdpa,mdpa_h169.wav,Happy,189,Happy,Happy,Happy,True,True,False,0.0016313986,0.009458558,0.14171122,0.46748155,0.010952755,0.12941858,0.23934592
2157,inesco,mdpa,mdpa_h170.wav,Happy,180,Happy,Angry,Angry,False,False,False,0.85666233,1.0433336e-05,5.6674915e-05,0.016200203,0.12648879,3.2090506e-05,0.0005494109
2158,inesco,mdpa,mdpa_h171.wav,Happy,173,Happy,Angry,Angry,False,False,False,0.9486684,0.00036157505,0.0006880974,0.025070716,0.00035951307,0.00033374658,0.024517912
2159,inesco,mdpa,mdpa_h172.wav,Happy,295,Happy,Happy,Happy,True,True,False,0.38457853,0.06260574,0.0070067346,0.46443802,0.014259033,0.045024224,0.022087667
2160,inesco,mdpa,mdpa_h173.wav,Happy,212,Happy,Neutral,Happy,False,True,True,0.08754291,0.00057870627,0.00031537225,0.09814733,0.8100705,0.0022029858,0.0011421695
2161,inesco,mdpa,mdpa_h174.wav,Happy,103,Happy,Angry,Angry,False,False,False,0.7906534,2.1296833e-05,0.016444027,0.07386751,0.1115028,0.00042265808,0.0070882766
2162,inesco,mdpa,mdpa_h175.wav,Happy,218,Happy,Surprise,Happy,False,True,True,0.0002717769,0.008103695,0.17585325,0.037712865,0.0009822833,0.002027994,0.77504814
2163,inesco,mdpa,mdpa_h176.wav,Happy,196,Happy,Angry,Angry,False,False,False,0.5629582,0.0037846637,5.4668148e-05,0.4304428,0.00057791785,0.0019371648,0.00024458359
2164,inesco,mdpa,mdpa_h177.wav,Happy,285,Happy,Surprise,Happy,False,True,True,0.018435301,0.0018474458,0.00656683,0.4572584,0.0006472115,0.0018748896,0.51336986
2165,inesco,mdpa,mdpa_h178.wav,Happy,401,Happy,Angry,Angry,False,False,False,0.42683554,0.006455635,0.061523832,0.20337997,0.00039913002,0.0653067,0.23609918
2166,inesco,mdpa,mdpa_h179.wav,Happy,241,Happy,Angry,Angry,False,False,False,0.8461485,0.000607848,0.0015524531,0.1466688,0.00029700637,4.722352e-05,0.004678088
2167,inesco,mdpa,mdpa_h180.wav,Happy,221,Happy,Angry,Angry,False,False,False,0.82843345,0.0008027431,0.062476803,0.07954151,0.0018427206,0.026401246,0.0005015054
2168,inesco,mdpa,mdpa_h181.wav,Happy,138,Happy,Angry,Angry,False,False,False,0.9156334,0.00011779107,0.027612122,0.010690678,0.009639414,0.000810843,0.035495725
2169,inesco,mdpa,mdpa_h182.wav,Happy,205,Happy,Angry,Angry,False,False,False,0.97208554,6.2337913e-06,0.012794968,0.0060558114,2.5462567e-05,0.00029592143,0.008736038
2170,inesco,mdpa,mdpa_h183.wav,Happy,180,Happy,Fear,Happy,False,True,True,0.048067868,0.052322578,0.4898718,0.1335926,0.11922517,0.112956025,0.043963943
2171,inesco,mdpa,mdpa_h184.wav,Happy,141,Happy,Fear,Angry,False,False,True,0.22242764,0.00015558879,0.42061856,0.013224071,0.0006117915,9.7701646e-05,0.3428646
2172,inesco,mdpa,mdpa_h185.wav,Happy,269,Happy,Angry,Angry,False,False,False,0.8953316,0.043916173,0.00017740062,0.022395054,0.010303552,0.0265949,0.0012811885
2173,inesco,mdpa,mdpa_h186.wav,Happy,337,Happy,Angry,Angry,False,False,False,0.98046184,0.00013015668,1.7569559e-05,0.0001639564,3.936115e-06,9.6028554e-05,0.019126503
2174,inesco,mdpa,mdpa_h187.wav,Happy,401,Happy,Angry,Angry,False,False,False,0.75520027,0.07139514,0.0018806722,0.031656377,6.1031657e-05,0.004704522,0.13510199
2175,inesco,mdpa,mdpa_h188.wav,Happy,285,Happy,Angry,Angry,False,False,False,0.96187943,0.008889306,0.0018005138,0.00950985,0.0017036926,0.004073852,0.0121434415
2176,inesco,mdpa,mdpa_h189.wav,Happy,311,Happy,Angry,Angry,False,False,False,0.99761105,0.00050503475,4.5004394e-06,0.001249273,0.0002587828,4.2385644e-05,0.0003289218
2177,inesco,mdpa,mdpa_h190.wav,Happy,269,Happy,Angry,Angry,False,False,False,0.9968526,0.00022339691,0.00011196311,0.0011630304,1.7237036e-05,0.0014625203,0.00016931514
2178,inesco,mdpa,mdpa_h191.wav,Happy,244,Happy,Happy,Happy,True,True,False,0.05554806,0.0020725625,0.031956993,0.5633785,0.0027447422,0.019456817,0.32484227
2179,inesco,mdpa,mdpa_h192.wav,Happy,397,Happy,Angry,Angry,False,False,False,0.5352628,0.052454907,0.033794712,0.27071702,0.00024370277,0.0047696102,0.102757215
2180,inesco,mdpa,mdpa_h193.wav,Happy,343,Happy,Surprise,Happy,False,True,True,0.0020116067,0.00017607883,0.019663332,0.19836633,6.119822e-06,0.0005202067,0.77925634
2181,inesco,mdpa,mdpa_h194.wav,Happy,401,Happy,Angry,Angry,False,False,False,0.7294288,8.2227554e-05,0.0069791283,0.019688461,3.7586055e-06,0.00019436043,0.24362318
2182,inesco,mdpa,mdpa_h195.wav,Happy,276,Happy,Surprise,Angry,False,False,True,0.4162808,0.028478902,0.011212633,0.07307942,2.9906969e-05,0.008086776,0.46283156
2183,inesco,mdpa,mdpa_h196.wav,Happy,401,Happy,Angry,Angry,False,False,False,0.38952443,0.020311126,0.07842238,0.3534374,0.00052146125,0.01768045,0.14010274
2184,inesco,mdpa,mdpa_h197.wav,Happy,189,Happy,Angry,Angry,False,False,False,0.74784166,1.357051e-05,9.8692115e-05,0.25025037,0.0002565166,0.00054408866,0.0009951671
2185,inesco,mdpa,mdpa_h198.wav,Happy,292,Happy,Happy,Happy,True,True,False,0.053084925,0.18019015,0.006186984,0.4875754,2.2531272e-05,0.2568102,0.016129788
2186,inesco,mdpa,mdpa_h199.wav,Happy,199,Happy,Neutral,Happy,False,True,True,0.010002646,0.00078214344,0.051649146,0.37150082,0.5554713,0.005629068,0.004964926
2187,inesco,mdpa,mdpa_h200.wav,Happy,74,Happy,Surprise,Angry,False,False,True,0.42871478,3.83551e-05,0.015741121,0.044702232,0.016731974,0.0009209168,0.4931506
2188,inesco,mdpa,mdpa_h201.wav,Happy,266,Happy,Sad,Sad,False,False,False,0.22795688,0.02485671,0.0009056814,0.024246788,0.0016803625,0.718117,0.002236676
2189,inesco,mdpa,mdpa_h202.wav,Happy,282,Happy,Neutral,Angry,False,False,True,0.18935621,0.033759058,0.00039512131,0.014070623,0.57791746,0.18396243,0.0005390704
2190,inesco,mdpa,mdpa_h203.wav,Happy,209,Happy,Angry,Angry,False,False,False,0.99963534,2.1850226e-06,5.1755353e-05,0.0002066894,5.362971e-06,4.016521e-05,5.8503996e-05
2191,inesco,mdpa,mdpa_h204.wav,Happy,244,Happy,Angry,Angry,False,False,False,0.91469395,0.0056331027,0.0016622012,0.067099534,0.00032126097,0.0013278619,0.009262102
2192,inesco,mdpa,mdpa_h205.wav,Happy,388,Happy,Happy,Happy,True,True,False,0.25815347,0.031508233,0.006612294,0.467786,0.00012373581,0.009963771,0.2258525
2193,inesco,mdpa,mdpa_h206.wav,Happy,308,Happy,Angry,Angry,False,False,False,0.981289,0.0011086334,0.00011654127,0.007318401,0.00026858598,0.0076660314,0.002232805
2194,inesco,mdpa,mdpa_h207.wav,Happy,401,Happy,Sad,Sad,False,False,False,0.17730014,0.0028895389,0.0008303306,0.20965277,0.008113189,0.56696665,0.034247402
2195,inesco,mdpa,mdpa_h208.wav,Happy,257,Happy,Angry,Angry,False,False,False,0.98467153,0.0012838704,0.00019178622,0.011669268,0.00028918096,8.732012e-05,0.0018069786
2196,inesco,mdpa,mdpa_h209.wav,Happy,375,Happy,Angry,Angry,False,False,False,0.9093126,0.001492224,7.216024e-05,0.01029975,0.00038138343,0.011640804,0.06680104
2197,inesco,mdpa,mdpa_h210.wav,Happy,401,Happy,Happy,Happy,True,True,False,0.0003268924,3.941922e-05,0.02236547,0.8254611,1.4056911e-05,0.000735637,0.15105744
2198,inesco,mdpa,mdpa_h211.wav,Happy,260,Happy,Angry,Angry,False,False,False,0.6198353,0.044963762,0.0079282485,0.15137158,0.00012987862,0.12860744,0.0471637
2199,inesco,mdpa,mdpa_s402.wav,Sad,401,Sad,Surprise,Happy,False,False,True,0.008424784,0.0019524993,0.07724948,0.018181218,5.58845e-06,0.01470582,0.87948066
2200,inesco,mdpa,mdpa_s403.wav,Sad,391,Sad,Sad,Sad,True,True,False,0.0006893964,0.0027078178,0.019383548,0.10842136,0.076358706,0.79171294,0.000726224
2201,inesco,mdpa,mdpa_s404.wav,Sad,401,Sad,Disgust,Sad,False,True,True,0.004829996,0.6768112,0.04882316,0.008357913,0.00019243943,0.25070828,0.010277031
2202,inesco,mdpa,mdpa_s405.wav,Sad,401,Sad,Neutral,Sad,False,True,True,0.00088446995,0.16719323,0.06253579,0.031008396,0.64465845,0.09341083,0.00030880014
2203,inesco,mdpa,mdpa_s406.wav,Sad,401,Sad,Surprise,Happy,False,False,True,0.0005608285,1.2328545e-06,0.011475951,0.0020875456,4.0130395e-08,9.659803e-05,0.98577785
2204,inesco,mdpa,mdpa_s407.wav,Sad,401,Sad,Fear,Sad,False,True,True,0.015938954,0.22638834,0.3480436,0.110749535,0.00012440281,0.28240263,0.016352555
2205,inesco,mdpa,mdpa_s408.wav,Sad,269,Sad,Surprise,Angry,False,False,True,0.041535623,6.310954e-05,0.0032011748,0.004882568,1.3053151e-06,0.0003620903,0.94995415
2206,inesco,mdpa,mdpa_s409.wav,Sad,401,Sad,Angry,Angry,False,False,False,0.834873,0.0107249925,0.0029236018,0.120682836,0.0006029389,0.020893862,0.009298825
2207,inesco,mdpa,mdpa_s410.wav,Sad,401,Sad,Happy,Happy,False,False,False,0.0029179351,0.04153832,0.05893071,0.5974495,0.0015678423,0.1467709,0.15082484
2208,inesco,mdpa,mdpa_s411.wav,Sad,372,Sad,Sad,Sad,True,True,False,0.044367097,0.039109,0.0050684414,0.024184925,0.00027566965,0.82161194,0.065382816
2209,inesco,mdpa,mdpa_s412.wav,Sad,199,Sad,Angry,Angry,False,False,False,0.62282825,0.0031452223,0.020074189,0.15129496,0.0151943965,0.027682932,0.15977998
2210,inesco,mdpa,mdpa_s413.wav,Sad,401,Sad,Sad,Sad,True,True,False,0.0050275763,0.00048648377,0.0004668238,0.04942244,0.0028149337,0.94173306,4.8667196e-05
2211,inesco,mdpa,mdpa_s414.wav,Sad,356,Sad,Angry,Angry,False,False,False,0.9781406,0.0029125316,4.038546e-06,0.0044691064,0.0026900047,0.0075460956,0.004237601
2212,inesco,mdpa,mdpa_s415.wav,Sad,135,Sad,Happy,Happy,False,False,False,0.14449723,2.3345885e-05,0.07632981,0.738593,0.018427297,0.003671442,0.018457843
2213,inesco,mdpa,mdpa_s416.wav,Sad,401,Sad,Disgust,Sad,False,True,True,0.12747309,0.670118,0.018817395,0.00084498606,0.00012886617,0.13948558,0.043132074
2214,inesco,mdpa,mdpa_s417.wav,Sad,282,Sad,Angry,Angry,False,False,False,0.9988901,7.644091e-06,3.6721271e-06,0.0005583246,0.00037853993,1.0490939e-05,0.00015122138
2215,inesco,mdpa,mdpa_s418.wav,Sad,401,Sad,Fear,Sad,False,True,True,0.021514555,0.0021113663,0.521964,0.05422448,2.633199e-05,0.055819865,0.34433943
2216,inesco,mdpa,mdpa_s419.wav,Sad,401,Sad,Surprise,Sad,False,True,True,0.0007151467,0.00040781734,0.0011468178,0.037593406,2.6968603e-06,0.03909737,0.9210368
2217,inesco,mdpa,mdpa_s420.wav,Sad,132,Sad,Angry,Angry,False,False,False,0.3802081,5.856476e-06,0.35974756,0.23258331,0.009056427,5.6447683e-05,0.018342335
2218,inesco,mdpa,mdpa_s421.wav,Sad,401,Sad,Angry,Angry,False,False,False,0.9125912,0.00057091424,2.4767074e-05,0.027942877,0.000108377215,0.05809444,0.0006673734
2219,inesco,mdpa,mdpa_s422.wav,Sad,401,Sad,Angry,Angry,False,False,False,0.9025343,0.045222916,0.008827633,0.009303685,8.271349e-06,0.018013734,0.016089313
2220,inesco,mdpa,mdpa_s423.wav,Sad,305,Sad,Surprise,Angry,False,False,True,0.042615782,0.0022770767,0.0047834725,0.01396218,7.703695e-06,0.023193931,0.91315985
2221,inesco,mdpa,mdpa_s424.wav,Sad,340,Sad,Angry,Angry,False,False,False,0.8678126,0.00081334077,0.00096833135,0.04018187,4.956591e-05,0.00025773738,0.0899165
2222,inesco,mdpa,mdpa_s425.wav,Sad,401,Sad,Angry,Angry,False,False,False,0.43769953,0.24485952,0.025135005,0.01308435,0.00081612496,0.2663578,0.012047733
2223,inesco,mdpa,mdpa_s426.wav,Sad,401,Sad,Angry,Angry,False,False,False,0.9490609,9.226789e-05,0.00013104397,0.0012070391,7.5515636e-05,0.0038302597,0.045602877
2224,inesco,mdpa,mdpa_s427.wav,Sad,401,Sad,Surprise,Happy,False,False,True,2.1961943e-05,1.393193e-05,0.018299561,0.0841484,9.2128385e-09,9.432967e-06,0.8975068
2225,inesco,mdpa,mdpa_s428.wav,Sad,401,Sad,Fear,Happy,False,False,True,0.00011870867,0.00042690497,0.4405167,0.1998948,3.9216884e-05,0.0021764555,0.35682726
2226,inesco,mdpa,mdpa_s429.wav,Sad,401,Sad,Disgust,Sad,False,True,True,0.051200222,0.855053,0.0029626181,0.0019798765,4.2210095e-06,0.087364785,0.0014352446
2227,inesco,mdpa,mdpa_s430.wav,Sad,401,Sad,Sad,Sad,True,True,False,0.0056138807,0.015889695,0.0017555855,0.0015021196,0.00330242,0.97177356,0.00016274174
2228,inesco,mdpa,mdpa_s431.wav,Sad,234,Sad,Neutral,Sad,False,True,True,0.0023175846,0.045749564,0.0077314847,0.00717778,0.8267328,0.1101903,0.00010042694
2229,inesco,mdpa,mdpa_s432.wav,Sad,330,Sad,Angry,Angry,False,False,False,0.9968309,0.0006894531,3.125136e-05,0.0015483608,6.3712345e-05,1.791222e-05,0.0008183539
2230,inesco,mdpa,mdpa_s433.wav,Sad,330,Sad,Angry,Angry,False,False,False,0.74023247,0.025633432,0.0001349659,0.0065324185,0.22153515,0.0056930035,0.0002386507
2231,inesco,mdpa,mdpa_s434.wav,Sad,311,Sad,Angry,Angry,False,False,False,0.6215666,0.020446261,0.017743524,0.041406613,0.055325788,0.15065865,0.092852525
2232,inesco,mdpa,mdpa_s435.wav,Sad,202,Sad,Neutral,Sad,False,True,True,0.021467356,7.8344674e-05,0.0026296065,0.0231978,0.90885234,0.03878022,0.0049943686
2233,inesco,mdpa,mdpa_s436.wav,Sad,212,Sad,Angry,Angry,False,False,False,0.75583375,0.068069994,8.582026e-05,0.0002185851,0.16343741,0.00032389618,0.012030526
2234,inesco,mdpa,mdpa_s437.wav,Sad,295,Sad,Angry,Angry,False,False,False,0.5793949,0.009059587,0.005543005,0.027116083,0.0058862143,0.32467362,0.048326597
2235,inesco,mdpa,mdpa_s438.wav,Sad,401,Sad,Happy,Happy,False,False,False,0.14389585,0.17195952,0.07798484,0.41817108,0.004376433,0.13062175,0.052990574
2236,inesco,mdpa,mdpa_s439.wav,Sad,401,Sad,Sad,Sad,True,True,False,0.014257736,0.019409642,0.00079843984,0.055187717,0.012900743,0.89711154,0.00033416745
2237,inesco,mdpa,mdpa_s440.wav,Sad,401,Sad,Sad,Sad,True,True,False,0.2543303,0.032681506,0.06701311,0.27212662,0.00024610414,0.31083167,0.062770575
2238,inesco,mdpa,mdpa_s441.wav,Sad,401,Sad,Sad,Sad,True,True,False,0.069832124,0.07379311,0.0037803194,0.018289058,0.016238704,0.8151543,0.0029122657
2239,inesco,mdpa,mdpa_s442.wav,Sad,314,Sad,Angry,Angry,False,False,False,0.9089455,0.001538018,0.001715769,0.014547636,0.002765279,0.023216425,0.047271367
2240,inesco,mdpa,mdpa_s443.wav,Sad,401,Sad,Surprise,Sad,False,True,True,0.0028084428,0.35034505,0.11026001,0.0068151364,0.00010226796,0.17305645,0.3566126
2241,inesco,mdpa,mdpa_s444.wav,Sad,401,Sad,Angry,Angry,False,False,False,0.5455996,0.0020871032,0.02548373,0.14819646,0.0085003385,0.26021683,0.009916015
2242,inesco,mdpa,mdpa_s445.wav,Sad,401,Sad,Sad,Sad,True,True,False,0.0034155678,0.119726814,0.002963003,0.0015909008,4.414013e-05,0.83334357,0.03891601
2243,inesco,mdpa,mdpa_s446.wav,Sad,401,Sad,Sad,Sad,True,True,False,0.0090218745,0.0020665352,7.5693683e-06,0.0030267893,0.006884589,0.97892773,6.4828615e-05
2244,inesco,mdpa,mdpa_s447.wav,Sad,401,Sad,Angry,Angry,False,False,False,0.9135075,0.030230777,0.00012367584,0.003922915,0.01609687,0.03567188,0.00044643565
2245,inesco,mdpa,mdpa_s448.wav,Sad,301,Sad,Angry,Angry,False,False,False,0.4014173,0.26962546,0.004753501,0.013240955,0.151671,0.15854748,0.0007442552
2246,inesco,mdpa,mdpa_s449.wav,Sad,401,Sad,Angry,Angry,False,False,False,0.41709462,0.022179145,0.030031739,0.24682981,0.0036840674,0.084662646,0.19551799
2247,inesco,mdpa,mdpa_s450.wav,Sad,263,Sad,Angry,Angry,False,False,False,0.99643373,0.00053698,0.00020888148,0.0015280958,0.00027641543,0.00085227663,0.00016359669
2248,inesco,mdpa,mdpa_s451.wav,Sad,321,Sad,Angry,Angry,False,False,False,0.6989911,0.012595682,0.005905305,0.1971146,0.011980741,0.0137539655,0.059658542
2249,inesco,mdpa,mdpa_s452.wav,Sad,401,Sad,Disgust,Sad,False,True,True,0.08630961,0.6323344,0.002800254,0.0032879557,0.11490802,0.16012079,0.00023897798
2250,inesco,mdpa,mdpa_s453.wav,Sad,349,Sad,Surprise,Angry,False,False,True,0.09698742,0.0003187906,0.0016185154,0.096473776,4.1721723e-06,0.0029073106,0.80169
2251,inesco,mdpa,mdpa_s454.wav,Sad,388,Sad,Sad,Sad,True,True,False,0.09750224,0.0023664173,0.082136184,0.26882616,0.074845046,0.46848786,0.0058360775
2252,inesco,mdpa,mdpa_s455.wav,Sad,295,Sad,Angry,Angry,False,False,False,0.90127015,0.0031917044,0.0038491467,0.028818449,0.030284848,0.017603952,0.014981762
2253,inesco,mdpa,mdpa_s456.wav,Sad,401,Sad,Angry,Angry,False,False,False,0.5811681,0.051928636,5.3311298e-05,0.00096538675,0.11999938,0.24553816,0.0003470184
2254,inesco,mdpa,mdpa_s457.wav,Sad,401,Sad,Sad,Sad,True,True,False,0.0007816196,0.00029676923,0.00018529079,0.006748348,0.0023346993,0.98701674,0.0026365314
2255,inesco,mdpa,mdpa_s458.wav,Sad,276,Sad,Neutral,Angry,False,False,True,0.42327482,0.020086477,0.0068256776,0.022306297,0.45306778,0.06750762,0.0069313217
2256,inesco,mdpa,mdpa_s459.wav,Sad,401,Sad,Sad,Sad,True,True,False,0.0033290016,0.007000833,0.0001820516,0.00022274053,0.0071909865,0.9819217,0.00015275308
2257,inesco,mdpa,mdpa_s460.wav,Sad,257,Sad,Angry,Angry,False,False,False,0.71756506,0.008051732,0.0062657543,0.25964078,3.07117e-05,0.00070333946,0.0077427025
2258,inesco,mdpa,mdpa_s461.wav,Sad,346,Sad,Angry,Angry,False,False,False,0.91037405,0.00012002597,0.00019415958,0.08250665,6.147679e-05,0.0019428988,0.0048006913
2259,inesco,mdpa,mdpa_s462.wav,Sad,401,Sad,Sad,Sad,True,True,False,0.022543604,0.21111645,0.0075109317,0.01309841,0.00018031549,0.7178217,0.027728602
2260,inesco,mdpa,mdpa_s463.wav,Sad,356,Sad,Happy,Happy,False,False,False,0.08303846,5.1387207e-05,0.0023991491,0.85489786,0.00017499141,0.020186165,0.039252046
2261,inesco,mdpa,mdpa_s464.wav,Sad,276,Sad,Angry,Angry,False,False,False,0.99841595,4.2390482e-05,1.2217894e-05,0.0010927423,0.0001348285,0.00023207752,6.9810296e-05
2262,inesco,mdpa,mdpa_s465.wav,Sad,388,Sad,Angry,Angry,False,False,False,0.9651832,0.0003652428,0.0009999787,0.024275001,0.00034675075,0.0020794284,0.006750459
2263,inesco,mdpa,mdpa_s466.wav,Sad,301,Sad,Angry,Angry,False,False,False,0.9959138,0.0004003591,1.30976005e-05,0.00022252706,5.692765e-06,0.0016041688,0.0018402921
2264,inesco,mdpa,mdpa_s467.wav,Sad,106,Sad,Angry,Angry,False,False,False,0.9997973,1.0966589e-06,2.0641959e-05,6.4730906e-05,5.4304248e-05,1.0534965e-06,6.1018767e-05
2265,inesco,mdpa,mdpa_s468.wav,Sad,234,Sad,Angry,Angry,False,False,False,0.9998903,2.767151e-06,1.5778425e-06,6.0183807e-05,8.731083e-07,1.2830569e-06,4.2994125e-05
2266,inesco,mdpa,mdpa_s469.wav,Sad,186,Sad,Happy,Happy,False,False,False,0.12691927,0.002240836,0.019602917,0.7983853,0.028855547,0.015734367,0.008261755
2267,inesco,mdpa,mdpa_s470.wav,Sad,228,Sad,Angry,Angry,False,False,False,0.6390379,0.15129468,0.019208325,0.14578621,0.011639393,0.020345677,0.012687817
2268,inesco,mdpa,mdpa_s471.wav,Sad,215,Sad,Angry,Angry,False,False,False,0.7396235,0.05114128,0.023724644,0.00068213016,0.0012320757,0.1810702,0.0025261939
2269,inesco,mdpa,mdpa_s472.wav,Sad,353,Sad,Sad,Sad,True,True,False,0.10873779,0.00040301404,0.00064007135,0.11628921,0.005106219,0.7243348,0.044488907
2270,inesco,mdpa,mdpa_s473.wav,Sad,327,Sad,Neutral,Sad,False,True,True,0.009334504,0.0014678396,1.0482625e-05,0.00068475417,0.89363575,0.09484681,1.9874115e-05
2271,inesco,mdpa,mdpa_s474.wav,Sad,401,Sad,Sad,Sad,True,True,False,0.024764571,0.045702226,0.24052997,0.10673166,0.0025881284,0.5738234,0.005860066
2272,inesco,mdpa,mdpa_s475.wav,Sad,381,Sad,Angry,Angry,False,False,False,0.9747581,2.9085011e-05,0.00013642308,0.0025795517,7.619703e-05,0.0003972083,0.022023572
2273,inesco,mdpa,mdpa_s476.wav,Sad,305,Sad,Angry,Angry,False,False,False,0.9605392,0.001170971,5.8913687e-05,6.0029713e-05,0.003835228,0.03404269,0.00029291786
2274,inesco,mdpa,mdpa_s477.wav,Sad,401,Sad,Angry,Angry,False,False,False,0.27532837,0.18220465,0.09139045,0.2541053,0.026862048,0.071497604,0.09861157
2275,inesco,mdpa,mdpa_s478.wav,Sad,244,Sad,Angry,Angry,False,False,False,0.49713063,0.35594532,0.0030512256,0.017311543,0.0040599527,0.111736275,0.010765126
2276,inesco,mdpa,mdpa_s479.wav,Sad,401,Sad,Disgust,Angry,False,False,True,0.12767462,0.8049449,0.0007942232,0.00086268573,0.0063308435,0.058795504,0.00059733307
2277,inesco,mdpa,mdpa_s480.wav,Sad,324,Sad,Angry,Angry,False,False,False,0.8372716,0.0031941268,0.0006037929,0.00843225,0.0044671455,0.06590746,0.08012367
2278,inesco,mdpa,mdpa_s481.wav,Sad,394,Sad,Neutral,Angry,False,False,True,0.32261592,0.010834962,0.0039207623,0.06460447,0.32490703,0.26064742,0.012469429
2279,inesco,mdpa,mdpa_s482.wav,Sad,231,Sad,Angry,Angry,False,False,False,0.5352742,0.12906832,0.0055702142,0.2877455,0.030422127,0.0058795153,0.0060400963
2280,inesco,mdpa,mdpa_s483.wav,Sad,401,Sad,Angry,Angry,False,False,False,0.9735171,0.02149953,0.00024092295,0.00059164455,0.00037934465,0.0036371292,0.00013436956
2281,inesco,mdpa,mdpa_s484.wav,Sad,340,Sad,Angry,Angry,False,False,False,0.6256661,0.111949764,0.000912987,0.09013169,0.008818162,0.16062948,0.001891817
2282,inesco,mdpa,mdpa_s485.wav,Sad,116,Sad,Neutral,Happy,False,False,True,0.06817556,0.00078177446,0.059041347,0.169326,0.66846055,0.0020334148,0.032181244
2283,inesco,mdpa,mdpa_s486.wav,Sad,401,Sad,Surprise,Happy,False,False,True,0.004103173,0.028725559,0.3622096,0.17319389,0.00020756612,0.01261146,0.41894877
2284,inesco,mdpa,mdpa_s487.wav,Sad,292,Sad,Angry,Angry,False,False,False,0.9852084,0.011206135,0.00012331357,0.0003290125,0.0014637314,0.0013211939,0.00034829593
2285,inesco,mdpa,mdpa_s488.wav,Sad,263,Sad,Sad,Sad,True,True,False,0.29545102,0.0080318665,0.005244075,0.045895055,0.00025991042,0.6435775,0.0015405683
2286,inesco,mdpa,mdpa_s489.wav,Sad,401,Sad,Happy,Happy,False,False,False,0.041940954,0.008095714,0.030025145,0.8938423,0.002207725,0.014264392,0.009623815
2287,inesco,mdpa,mdpa_s490.wav,Sad,375,Sad,Happy,Happy,False,False,False,0.24750821,0.000588281,0.018016586,0.7077665,0.0011888109,0.016061507,0.0088701155
2288,inesco,mdpa,mdpa_s491.wav,Sad,401,Sad,Surprise,Happy,False,False,True,0.0613948,0.004001739,0.0016384651,0.23457165,7.391937e-05,0.13597043,0.56234896
2289,inesco,mdpa,mdpa_s492.wav,Sad,349,Sad,Happy,Happy,False,False,False,0.44371322,0.00019236481,0.023234142,0.5033189,0.0008357019,0.01670244,0.012003219
2290,inesco,mdpa,mdpa_s493.wav,Sad,401,Sad,Angry,Angry,False,False,False,0.52245885,4.7493264e-05,0.00035126385,0.46165568,0.00013326955,0.005190915,0.010162531
2291,inesco,mdpa,mdpa_s494.wav,Sad,180,Sad,Angry,Angry,False,False,False,0.9737728,0.0014358903,0.022264345,0.00042474782,8.7967e-05,0.00034287508,0.0016713052
2292,inesco,mdpa,mdpa_s495.wav,Sad,401,Sad,Angry,Angry,False,False,False,0.9555981,0.00075806386,0.0014836882,0.016095258,0.00018332186,0.00088460837,0.024996862
2293,inesco,mdpa,mdpa_s496.wav,Sad,298,Sad,Angry,Angry,False,False,False,0.8847186,0.04216187,0.021097755,0.011294893,0.009162576,0.027692236,0.0038720977
2294,inesco,mdpa,mdpa_s497.wav,Sad,237,Sad,Neutral,Sad,False,True,True,0.0085174255,0.017522838,0.0015287267,0.1424173,0.60570526,0.22419465,0.000113868504
2295,inesco,mdpa,mdpa_s498.wav,Sad,237,Sad,Angry,Angry,False,False,False,0.96337867,0.008653808,0.00019527468,0.026278773,1.2806944e-05,0.0013490391,0.00013169719
2296,inesco,mdpa,mdpa_s499.wav,Sad,401,Sad,Surprise,Happy,False,False,True,3.6785732e-05,0.00060677447,0.32850602,0.14475366,3.2254602e-06,0.00040390418,0.52568954
2297,inesco,mdpa,mdpa_s500.wav,Sad,266,Sad,Angry,Angry,False,False,False,0.76326513,0.0062141046,0.017555859,0.1861212,0.00076750154,0.0025736035,0.02350264
2298,inesco,mdpa,mdpa_s501.wav,Sad,397,Sad,Happy,Happy,False,False,False,0.02325084,0.007344289,0.008230333,0.78537273,0.01277348,0.16056904,0.0024592453
2299,inesco,mdpa,mdpa_s502.wav,Sad,173,Sad,Happy,Happy,False,False,False,0.16793676,0.00043831102,0.0010520151,0.66951483,0.14271635,0.017644813,0.0006968811
2300,inesco,mdpa,mdpa_s503.wav,Sad,295,Sad,Angry,Angry,False,False,False,0.9938985,0.00055429764,0.00012775023,0.0037439985,0.00042564387,0.00046560832,0.00078424416
2301,inesco,mdpa,mdpa_s504.wav,Sad,164,Sad,Angry,Angry,False,False,False,0.7205161,8.672387e-05,0.0032905242,0.24285142,0.011775126,0.0007671364,0.02071291
2302,inesco,mdpa,mdpa_s505.wav,Sad,257,Sad,Angry,Angry,False,False,False,0.8475823,0.012618993,0.0140720215,0.006153192,0.029711545,0.08918125,0.0006808378
2303,inesco,mdpa,mdpa_s506.wav,Sad,225,Sad,Angry,Angry,False,False,False,0.98087996,0.000454947,0.0011163336,0.016669163,0.00011148616,2.5183126e-05,0.00074282615
2304,inesco,mdpa,mdpa_s507.wav,Sad,215,Sad,Angry,Angry,False,False,False,0.8573832,3.6912323e-05,0.0019211101,0.12603535,0.0049524517,9.740007e-05,0.009573611
2305,inesco,mdpa,mdpa_s508.wav,Sad,266,Sad,Angry,Angry,False,False,False,0.99680424,9.442197e-05,2.8905095e-05,0.002336652,7.165414e-05,0.0005957184,6.844326e-05
2306,inesco,mdpa,mdpa_s509.wav,Sad,285,Sad,Angry,Angry,False,False,False,0.46458417,0.0016019357,0.0042543667,0.042614304,0.03635321,0.39959082,0.051001165
2307,inesco,mdpa,mdpa_s510.wav,Sad,401,Sad,Angry,Angry,False,False,False,0.34875628,0.017041394,0.06825183,0.2279703,1.9113857e-05,0.0009076147,0.33705348
2308,inesco,mdpa,mdpa_s511.wav,Sad,401,Sad,Angry,Angry,False,False,False,0.66513777,0.00039572097,0.008659929,0.10862322,6.9516835e-05,0.0070512067,0.21006255
2309,inesco,mdpa,mdpa_s512.wav,Sad,401,Sad,Sad,Sad,True,True,False,0.037241522,0.10164831,0.007303321,0.031347122,0.0006563994,0.81373537,0.008068008
2310,inesco,mdpa,mdpa_s513.wav,Sad,292,Sad,Sad,Sad,True,True,False,0.0670891,0.009298815,0.02460122,0.12393222,0.16710627,0.5989876,0.008984834
2311,inesco,mdpa,mdpa_s514.wav,Sad,381,Sad,Angry,Angry,False,False,False,0.5591917,0.00023044812,0.0005453812,0.42498222,0.0010367254,0.010204504,0.0038090688
2312,inesco,mdpa,mdpa_s515.wav,Sad,215,Sad,Angry,Angry,False,False,False,0.5728147,0.009780325,0.021895057,0.3460764,0.028321836,0.0027227812,0.018388942
2313,inesco,mdpa,mdpa_s516.wav,Sad,173,Sad,Happy,Happy,False,False,False,0.003759013,0.001649202,0.01471951,0.97254825,0.00090995186,0.0026375179,0.0037764704
2314,inesco,mdpa,mdpa_s517.wav,Sad,279,Sad,Angry,Angry,False,False,False,0.99197984,0.00047052238,0.00014573497,0.0018924999,0.000435991,0.004066874,0.001008564
2315,inesco,mdpa,mdpa_s518.wav,Sad,375,Sad,Angry,Angry,False,False,False,0.43557987,0.2797133,0.012077473,0.016359158,0.080695294,0.17028615,0.0052888044
2316,inesco,mdpa,mdpa_s519.wav,Sad,298,Sad,Angry,Angry,False,False,False,0.817049,0.0029640133,0.012543291,0.005249945,0.11876993,0.041844096,0.0015797747
2317,inesco,mdpa,mdpa_s520.wav,Sad,170,Sad,Neutral,Angry,False,False,True,0.31712523,0.00994893,0.014346932,0.08541723,0.4540607,0.11830191,0.0007990587
2318,inesco,mdpa,mdpa_s521.wav,Sad,154,Sad,Happy,Happy,False,False,False,0.2324424,0.02109749,0.004844443,0.7243162,0.008425461,0.002010939,0.006863079
2319,inesco,mdpa,mdpa_s522.wav,Sad,132,Sad,Angry,Angry,False,False,False,0.5413163,8.02908e-05,0.001407762,0.3362895,0.0097471215,0.00035409819,0.110804945
2320,inesco,mdpa,mdpa_s523.wav,Sad,135,Sad,Fear,Happy,False,False,True,0.014462088,0.0025305934,0.5742955,0.06669595,0.3056323,0.010000023,0.026383601
2321,inesco,mdpa,mdpa_s524.wav,Sad,253,Sad,Angry,Angry,False,False,False,0.98285574,0.0011966794,0.0022514102,0.010699533,0.00011320564,0.002167475,0.000715939
2322,inesco,mdpa,mdpa_s525.wav,Sad,292,Sad,Angry,Angry,False,False,False,0.9529069,0.0050424538,0.0027166924,0.012846772,0.020786922,0.0033627772,0.002337431
2323,inesco,mdpa,mdpa_s526.wav,Sad,356,Sad,Angry,Angry,False,False,False,0.9771627,0.0058059073,0.00018207588,0.009566839,0.0014209757,0.005133182,0.00072827854
2324,inesco,mdpa,mdpa_s527.wav,Sad,378,Sad,Surprise,Angry,False,False,True,0.040155265,0.00076734123,0.024009138,0.014239752,3.7776554e-05,0.030460201,0.89033055
2325,inesco,mdpa,mdpa_s528.wav,Sad,333,Sad,Angry,Angry,False,False,False,0.4458273,0.004503772,0.009739372,0.07458365,0.13668807,0.31419393,0.014463978
2326,inesco,mdpa,mdpa_s529.wav,Sad,228,Sad,Neutral,Angry,False,False,True,0.30582815,0.042693228,0.009232499,0.18132532,0.45719397,0.003031974,0.0006948155
2327,inesco,mdpa,mdpa_s530.wav,Sad,337,Sad,Angry,Angry,False,False,False,0.6952002,0.00041199144,0.0064328285,0.28900823,0.00081235473,0.0026249255,0.0055094967
2328,inesco,mdpa,mdpa_s531.wav,Sad,148,Sad,Angry,Angry,False,False,False,0.93430686,8.7306835e-05,0.003298241,0.01030983,0.00049005577,3.9940278e-05,0.051467706
2329,inesco,mdpa,mdpa_s532.wav,Sad,260,Sad,Angry,Angry,False,False,False,0.7901536,0.20652802,0.00037311914,0.0013011816,0.00023968238,0.0011133928,0.0002909948
2330,inesco,mdpa,mdpa_s533.wav,Sad,369,Sad,Angry,Angry,False,False,False,0.8406703,0.002261906,0.018851614,0.008764455,0.0067300326,0.10854939,0.014172403
2331,inesco,mdpa,mdpa_s534.wav,Sad,401,Sad,Sad,Sad,True,True,False,0.26871088,0.013907917,0.004705176,0.100060865,0.007449851,0.52662116,0.07854414
2332,inesco,mdpa,mdpa_s535.wav,Sad,170,Sad,Fear,Sad,False,True,True,0.012517695,0.00041583405,0.6222874,0.01912379,0.3179567,0.02117418,0.00652434
2333,inesco,mdpa,mdpa_s536.wav,Sad,263,Sad,Angry,Angry,False,False,False,0.7711144,0.017499894,0.024560338,0.10401852,0.014751367,0.039816547,0.028238866
2334,inesco,mdpa,mdpa_s537.wav,Sad,401,Sad,Disgust,Angry,False,False,True,0.12797402,0.6008822,0.16946991,0.04451828,0.012328072,0.040016923,0.0048105605
2335,inesco,mdpa,mdpa_s538.wav,Sad,276,Sad,Angry,Angry,False,False,False,0.8485685,0.009383933,0.012126589,0.10339758,0.002889446,0.0029861433,0.020647736
2336,inesco,mdpa,mdpa_s539.wav,Sad,234,Sad,Happy,Happy,False,False,False,0.022653265,0.0064546783,0.04533436,0.7724271,0.007908298,0.010435112,0.13478725
2337,inesco,mdpa,mdpa_s540.wav,Sad,401,Sad,Sad,Sad,True,True,False,0.42158294,0.010961374,0.0050093764,0.00028346461,0.00020628363,0.5590277,0.0029289387
2338,inesco,mdpa,mdpa_s541.wav,Sad,401,Sad,Fear,Sad,False,True,True,0.025655314,0.002895614,0.39440787,0.01994173,0.0026526705,0.16239999,0.3920468
2339,inesco,mdpa,mdpa_s542.wav,Sad,401,Sad,Sad,Sad,True,True,False,0.19317491,0.045590423,0.015359312,0.20676795,0.013366287,0.50400454,0.021736594
2340,inesco,mdpa,mdpa_s543.wav,Sad,401,Sad,Angry,Angry,False,False,False,0.5682319,0.019813593,0.204038,0.116047844,0.016710173,0.048075687,0.02708283
2341,inesco,mdpa,mdpa_s544.wav,Sad,116,Sad,Angry,Angry,False,False,False,0.6341121,2.150244e-05,0.10513487,0.19086514,0.056963548,0.0010372823,0.01186551
2342,inesco,mdpa,mdpa_s545.wav,Sad,401,Sad,Surprise,Happy,False,False,True,0.034256965,0.00032139744,0.015143852,0.4238734,3.859179e-06,0.0009213844,0.52547914
2343,inesco,mdpa,mdpa_s546.wav,Sad,340,Sad,Angry,Angry,False,False,False,0.9742482,0.0035746559,0.0015667764,0.008552388,0.004869789,0.0060677044,0.0011205296
2344,inesco,mdpa,mdpa_s547.wav,Sad,397,Sad,Angry,Angry,False,False,False,0.7817861,0.009284838,0.029189672,0.13140166,6.979911e-05,0.003273889,0.04499398
2345,inesco,mdpa,mdpa_s548.wav,Sad,314,Sad,Angry,Angry,False,False,False,0.953666,0.008917226,7.4494106e-05,0.008331109,0.024795908,0.0039113685,0.0003039491
2346,inesco,mdpa,mdpa_s549.wav,Sad,388,Sad,Surprise,Happy,False,False,True,0.009937698,7.3350475e-06,0.036788225,0.2549665,9.2287127e-07,0.0009528396,0.69734645
2347,inesco,mdpa,mdpa_s550.wav,Sad,273,Sad,Angry,Angry,False,False,False,0.97282344,0.003511962,7.7695055e-05,0.022334047,0.00016383964,0.0004163681,0.0006726916
2348,inesco,mdpa,mdpa_s551.wav,Sad,257,Sad,Angry,Angry,False,False,False,0.87739927,0.0049069887,0.0015088744,0.056977298,0.049570765,0.008564582,0.0010721211
2349,inesco,mdpa,mdpa_s552.wav,Sad,109,Sad,Surprise,Angry,False,False,True,0.0050712093,7.989731e-07,0.00011620834,0.0032683208,0.0016846512,3.1665117e-05,0.98982716
2350,inesco,mdpa,mdpa_s553.wav,Sad,125,Sad,Surprise,Happy,False,False,True,0.09750591,0.0008519574,0.017839292,0.12902369,0.18341026,0.0029721973,0.56839675
2351,inesco,mdpa,mdpa_s554.wav,Sad,138,Sad,Angry,Angry,False,False,False,0.94888806,2.3419747e-05,0.0009337061,0.0071955756,0.0022643611,7.460362e-05,0.04062022
2352,inesco,mdpa,mdpa_s555.wav,Sad,218,Sad,Angry,Angry,False,False,False,0.5937259,0.00080872595,0.008810253,0.36683485,0.026374632,0.00077088847,0.0026747363
2353,inesco,mdpa,mdpa_s556.wav,Sad,167,Sad,Angry,Angry,False,False,False,0.5795651,4.98036e-05,0.007808721,0.32450384,0.08034169,0.007292949,0.00043786914
2354,inesco,mdpa,mdpa_s557.wav,Sad,84,Sad,Angry,Angry,False,False,False,0.8782325,9.651044e-05,0.0003943276,0.0043383627,0.08305641,0.00057968486,0.033302218
2355,inesco,mdpa,mdpa_s558.wav,Sad,177,Sad,Angry,Angry,False,False,False,0.99902916,1.208794e-06,6.51968e-05,0.000803539,1.1479683e-05,2.2754703e-06,8.710388e-05
2356,inesco,mdpa,mdpa_s559.wav,Sad,292,Sad,Sad,Sad,True,True,False,0.10165868,0.08369548,0.026394501,0.094746865,0.0003010077,0.38560104,0.3076025
2357,inesco,mdpa,mdpa_s560.wav,Sad,116,Sad,Surprise,Angry,False,False,True,0.18159278,1.8937482e-05,0.076651014,0.101152964,0.13310994,0.00079119165,0.5066832
2358,inesco,mdpa,mdpa_s561.wav,Sad,250,Sad,Happy,Happy,False,False,False,0.02798896,0.008277615,0.042139348,0.89103824,0.015303112,0.013796505,0.0014561163
2359,inesco,mdpa,mdpa_s562.wav,Sad,132,Sad,Angry,Angry,False,False,False,0.4639227,1.1837595e-05,0.0012118188,0.16558343,0.27580482,7.873526e-05,0.093386695
2360,inesco,mdpa,mdpa_s563.wav,Sad,260,Sad,Happy,Happy,False,False,False,0.19613676,0.02431809,0.18856546,0.25894475,0.06573684,0.24080777,0.025490347
2361,inesco,mdpa,mdpa_s564.wav,Sad,301,Sad,Angry,Angry,False,False,False,0.96899027,0.009742112,0.0031620343,0.002710755,0.0054029212,0.007848073,0.0021438552
2362,inesco,mdpa,mdpa_s565.wav,Sad,401,Sad,Angry,Angry,False,False,False,0.9852503,0.0026821045,0.0006996942,0.0020412796,7.97128e-06,0.0028417301,0.0064769452
2363,inesco,mdpa,mdpa_s566.wav,Sad,100,Sad,Angry,Angry,False,False,False,0.9540596,7.3665105e-05,0.007455488,0.021032335,0.011952987,0.00051877403,0.0049071284
2364,inesco,mdpa,mdpa_s567.wav,Sad,199,Sad,Happy,Happy,False,False,False,0.0673058,0.00054754945,0.006235195,0.7482452,0.15810801,0.012436505,0.00712179
2365,inesco,mdpa,mdpa_s568.wav,Sad,157,Sad,Angry,Angry,False,False,False,0.45829365,0.0006100243,0.43736503,0.06105695,0.023399804,0.018136602,0.0011379101
2366,inesco,mdpa,mdpa_s569.wav,Sad,401,Sad,Angry,Angry,False,False,False,0.62133414,0.0023640243,0.0013401438,0.3662186,0.0036366046,0.004779449,0.0003270289
2367,inesco,mdpa,mdpa_s570.wav,Sad,375,Sad,Surprise,Angry,False,False,True,0.093736224,8.500493e-05,0.0068096584,0.0501881,5.0271043e-05,0.0009745654,0.84815615
2368,inesco,mdpa,mdpa_s571.wav,Sad,289,Sad,Sad,Sad,True,True,False,0.005874627,0.0018473763,0.15341288,0.3660704,0.024097813,0.42356652,0.025130345
2369,inesco,mdpa,mdpa_s572.wav,Sad,186,Sad,Happy,Happy,False,False,False,0.37029043,7.654628e-05,0.103624895,0.51831913,0.0016881822,0.00019676446,0.0058039846
2370,inesco,mdpa,mdpa_s573.wav,Sad,205,Sad,Angry,Angry,False,False,False,0.6816682,0.0039677564,0.0005616168,0.23956577,0.03729038,0.0076191276,0.029327162
2371,inesco,mdpa,mdpa_s574.wav,Sad,263,Sad,Angry,Angry,False,False,False,0.98625666,0.00054704654,0.0003095766,0.009624095,8.309668e-05,0.000495128,0.0026843552
2372,inesco,mdpa,mdpa_s575.wav,Sad,186,Sad,Happy,Happy,False,False,False,0.22078797,1.0210973e-05,0.00063158176,0.77764946,0.00031474998,0.0005340232,7.203922e-05
2373,inesco,mdpa,mdpa_s576.wav,Sad,209,Sad,Angry,Angry,False,False,False,0.962911,0.010070089,0.0008900227,0.022565536,0.0019667563,0.0013937182,0.00020289206
2374,inesco,mdpa,mdpa_s577.wav,Sad,391,Sad,Angry,Angry,False,False,False,0.43991208,0.011417565,0.00056012877,0.33175534,0.049591217,0.16474035,0.0020232974
2375,inesco,mdpa,mdpa_s578.wav,Sad,170,Sad,Fear,Angry,False,False,True,0.089219734,0.0012341177,0.76340765,0.034308393,0.10116182,0.0096056005,0.001062715
2376,inesco,mdpa,mdpa_s579.wav,Sad,212,Sad,Neutral,Angry,False,False,True,0.036497436,1.3681415e-05,5.249497e-05,0.009143754,0.9519419,0.0022288149,0.00012182838
2377,inesco,mdpa,mdpa_s580.wav,Sad,401,Sad,Angry,Angry,False,False,False,0.5659107,0.0053283344,0.051084317,0.24087471,6.947324e-05,0.018124996,0.11860752
2378,inesco,mdpa,mdpa_s581.wav,Sad,189,Sad,Angry,Angry,False,False,False,0.6449224,0.00017600828,0.0049983957,0.29227313,0.050721582,0.0046875114,0.0022210144
2379,inesco,mdpa,mdpa_s582.wav,Sad,401,Sad,Angry,Angry,False,False,False,0.7829025,0.0005311645,0.0002183201,0.16564319,7.404034e-05,0.018160148,0.03247079
2380,inesco,mdpa,mdpa_s583.wav,Sad,87,Sad,Angry,Angry,False,False,False,0.8582774,0.00013229037,0.026152624,0.047410473,0.013894788,0.0027550235,0.051377486
2381,inesco,mdpa,mdpa_s584.wav,Sad,401,Sad,Angry,Angry,False,False,False,0.80949587,3.1324627e-05,0.0004062848,0.039386753,2.8054106e-07,0.000502787,0.15017667
2382,inesco,mdpa,mdpa_s585.wav,Sad,301,Sad,Angry,Angry,False,False,False,0.71825254,0.20648958,0.0027165841,0.013519583,0.027491026,0.022208132,0.009322567
2383,inesco,mdpa,mdpa_s586.wav,Sad,273,Sad,Angry,Angry,False,False,False,0.4259464,0.0061040455,0.045047194,0.13111748,0.00025382574,0.012536803,0.37899426
2384,inesco,mdpa,mdpa_s587.wav,Sad,269,Sad,Angry,Angry,False,False,False,0.9224409,0.0020012052,0.0010524949,0.06443081,0.0011872845,0.001434883,0.007452481
2385,inesco,mdpa,mdpa_s588.wav,Sad,388,Sad,Happy,Happy,False,False,False,0.021130493,0.0009363968,0.13108091,0.4961359,0.00058556953,0.02840088,0.32172993
2386,inesco,mdpa,mdpa_s589.wav,Sad,276,Sad,Angry,Angry,False,False,False,0.9934568,0.0009701213,0.0006794485,0.0021353508,5.4757726e-05,0.00264405,5.9353864e-05
2387,inesco,mdpa,mdpa_s590.wav,Sad,231,Sad,Happy,Happy,False,False,False,0.17823237,0.00013953926,0.02119222,0.7683994,0.0023293723,0.00050215644,0.029204953
2388,inesco,mdpa,mdpa_s591.wav,Sad,346,Sad,Happy,Happy,False,False,False,0.29898658,0.0028728172,0.0040194336,0.5176138,0.063319325,0.112748995,0.0004390142
2389,inesco,mdpa,mdpa_s592.wav,Sad,401,Sad,Angry,Angry,False,False,False,0.79183567,0.011190008,0.00437721,0.03158225,6.16544e-05,0.023514794,0.13743837
2390,inesco,mdpa,mdpa_s593.wav,Sad,279,Sad,Angry,Angry,False,False,False,0.7381679,0.033891357,0.0034607844,0.06629773,0.029967574,0.08915203,0.03906271
2391,inesco,mdpa,mdpa_s594.wav,Sad,401,Sad,Sad,Sad,True,True,False,0.087586395,0.02322581,0.010097821,0.1854708,0.042131975,0.64211744,0.009369744
2392,inesco,mdpa,mdpa_s595.wav,Sad,401,Sad,Angry,Angry,False,False,False,0.8207536,0.015914505,0.0011148921,0.01340161,0.0020389403,0.14276433,0.0040120715
2393,inesco,mdpa,mdpa_s596.wav,Sad,343,Sad,Sad,Sad,True,True,False,0.15844116,0.02346736,0.029727753,0.17985699,0.011727476,0.59582824,0.00095099857
2394,inesco,mdpa,mdpa_s597.wav,Sad,401,Sad,Happy,Happy,False,False,False,0.21840009,0.015686704,0.14256604,0.5043344,0.0022354617,0.093926206,0.02285106
2395,inesco,mdpa,mdpa_s598.wav,Sad,321,Sad,Happy,Happy,False,False,False,0.09324372,0.0030243807,0.029435746,0.556859,0.0036406028,0.0020780596,0.3117185
2396,inesco,mdpa,mdpa_s599.wav,Sad,401,Sad,Angry,Angry,False,False,False,0.55751735,0.007834138,0.0040522707,0.10584175,0.0007089,0.31885824,0.0051873834
2397,inesco,mdpa,mdpa_s600.wav,Sad,401,Sad,Angry,Angry,False,False,False,0.7929982,0.00042772578,0.005218472,0.14758383,0.003026162,0.012218897,0.038526695
