row_index,dataset,speaker,filename,emotion,real_frames,true_label,predicted_label,correct,confidence,prob_Angry,prob_Disgust,prob_Fear,prob_Happy,prob_Neutral,prob_Sad,prob_Surprise
2398,ravdess,01,03-01-01-01-01-01-01.wav,Neutral,138,Neutral,Sad,False,0.7049246,0.00017200342,2.2135871e-05,0.008101199,0.032889735,0.25388613,0.7049246,4.171514e-06
2399,ravdess,01,03-01-01-01-01-02-01.wav,Neutral,138,Neutral,Neutral,True,0.7765198,0.00014956607,5.387131e-05,0.0017896099,0.009862089,0.7765198,0.21162365,1.4134806e-06
2400,ravdess,01,03-01-01-01-02-01-01.wav,Neutral,135,Neutral,Neutral,True,0.8736323,3.0490013e-05,8.523648e-05,0.002276178,0.0021900604,0.8736323,0.121780224,5.4881834e-06
2401,ravdess,01,03-01-01-01-02-02-01.wav,Neutral,129,Neutral,Neutral,True,0.9878853,0.0056158807,5.6683937e-05,0.0004974439,0.003688088,0.9878853,0.002200823,5.5872923e-05
2402,ravdess,01,03-01-03-01-01-01-01.wav,Happy,161,Happy,Sad,False,0.8570232,2.6481417e-05,2.0697793e-05,0.01531651,0.058569215,0.06880922,0.8570232,0.00023462943
2403,ravdess,01,03-01-03-01-01-02-01.wav,Happy,180,Happy,Happy,True,0.4568813,0.00016800335,6.986591e-06,0.2567602,0.4568813,0.0341047,0.25049752,0.0015812239
2404,ravdess,01,03-01-03-01-02-01-01.wav,Happy,157,Happy,Neutral,False,0.47411877,6.196578e-05,9.947199e-06,0.06278186,0.06634486,0.47411877,0.39668167,9.5257667e-07
2405,ravdess,01,03-01-03-01-02-02-01.wav,Happy,180,Happy,Sad,False,0.94750214,2.573023e-05,0.0004493361,0.013498318,0.00045601642,0.038002294,0.94750214,6.617444e-05
2406,ravdess,01,03-01-03-02-01-01-01.wav,Happy,170,Happy,Happy,True,0.9289969,0.018687902,0.00044967735,0.019304477,0.9289969,0.00018391383,0.0032661885,0.02911081
2407,ravdess,01,03-01-03-02-01-02-01.wav,Happy,189,Happy,Fear,False,0.73108834,2.2583525e-05,7.0920787e-06,0.73108834,0.26424322,0.000110922265,0.004407139,0.000120636825
2408,ravdess,01,03-01-03-02-02-01-01.wav,Happy,199,Happy,Sad,False,0.6139423,0.008957675,0.3237864,0.039316405,0.005874856,0.00068481354,0.6139423,0.0074374815
2409,ravdess,01,03-01-03-02-02-02-01.wav,Happy,202,Happy,Sad,False,0.9467598,0.015478935,0.0044784523,0.00951805,0.001883689,0.021804214,0.9467598,7.6914075e-05
2410,ravdess,01,03-01-04-01-01-01-01.wav,Sad,186,Sad,Neutral,False,0.90069735,0.0005787703,1.1549242e-06,0.005648904,0.023404429,0.90069735,0.06966938,1.7825116e-08
2411,ravdess,01,03-01-04-01-01-02-01.wav,Sad,167,Sad,Neutral,False,0.9913367,0.0006651128,0.00035472395,2.9337086e-06,2.1688957e-07,0.9913367,0.007640246,1.3964875e-07
2412,ravdess,01,03-01-04-01-02-01-01.wav,Sad,154,Sad,Neutral,False,0.9771648,2.9836633e-06,6.8571812e-06,8.491818e-07,8.176333e-06,0.9771648,0.022816308,8.222682e-09
2413,ravdess,01,03-01-04-01-02-02-01.wav,Sad,148,Sad,Neutral,False,0.9045399,0.0030758942,2.9418106e-05,0.0010332569,0.010370743,0.9045399,0.08094101,9.863656e-06
2414,ravdess,01,03-01-04-02-01-01-01.wav,Sad,189,Sad,Sad,True,0.68020004,5.9445306e-06,7.161106e-07,0.00155747,0.00015800846,0.31807783,0.68020004,8.818905e-10
2415,ravdess,01,03-01-04-02-01-02-01.wav,Sad,173,Sad,Fear,False,0.94685376,0.0005953032,3.3551748e-06,0.94685376,0.02075732,0.001420269,0.030123498,0.00024650208
2416,ravdess,01,03-01-04-02-02-01-01.wav,Sad,180,Sad,Sad,True,0.48333713,7.72411e-05,5.406814e-05,0.4773378,0.029743917,0.008858574,0.48333713,0.0005911751
2417,ravdess,01,03-01-04-02-02-02-01.wav,Sad,180,Sad,Fear,False,0.42221037,0.00015927396,1.8545708e-06,0.42221037,0.3058371,0.0010033472,0.27034056,0.00044749305
2418,ravdess,01,03-01-05-01-01-01-01.wav,Angry,193,Angry,Angry,True,0.50316876,0.50316876,0.0041691107,0.47369447,0.0145509625,0.00024373825,0.0034584093,0.0007145447
2419,ravdess,01,03-01-05-01-01-02-01.wav,Angry,205,Angry,Angry,True,0.9988689,0.9988689,1.2268767e-06,2.7828319e-06,0.0011248983,5.1842034e-07,1.3951683e-07,1.6200303e-06
2420,ravdess,01,03-01-05-01-02-01-01.wav,Angry,157,Angry,Happy,False,0.57886386,0.018965201,0.00036947022,0.31144497,0.57886386,0.0004149441,0.0558972,0.03404437
2421,ravdess,01,03-01-05-01-02-02-01.wav,Angry,180,Angry,Happy,False,0.65624934,0.0028528853,5.609492e-06,0.2941326,0.65624934,0.00483205,0.037435763,0.0044917017
2422,ravdess,01,03-01-05-02-01-01-01.wav,Angry,209,Angry,Angry,True,0.44862252,0.44862252,9.1553025e-05,0.19725049,0.3389626,0.000119439086,0.0043721744,0.010581135
2423,ravdess,01,03-01-05-02-01-02-01.wav,Angry,321,Angry,Surprise,False,0.5992046,0.07584206,6.9719994e-05,0.3177489,0.0070648007,7.5208345e-07,6.918621e-05,0.5992046
2424,ravdess,01,03-01-05-02-02-01-01.wav,Angry,212,Angry,Fear,False,0.76266414,0.12420223,0.00017444474,0.76266414,0.09137392,7.960348e-06,0.0026907716,0.018886385
2425,ravdess,01,03-01-05-02-02-02-01.wav,Angry,241,Angry,Angry,True,0.9964563,0.9964563,0.0004999773,0.00017033228,0.0019630298,6.7548e-07,0.0008031253,0.00010650951
2426,ravdess,01,03-01-06-01-01-01-01.wav,Fear,173,Fear,Sad,False,0.7085012,4.0584035e-07,6.071472e-08,0.21136856,0.011688136,0.068439014,0.7085012,2.626458e-06
2427,ravdess,01,03-01-06-01-01-02-01.wav,Fear,177,Fear,Neutral,False,0.353755,0.00012355614,4.2143262e-07,0.27290896,0.26479775,0.353755,0.10838872,2.5601461e-05
2428,ravdess,01,03-01-06-01-02-01-01.wav,Fear,341,Fear,Sad,False,0.9701844,1.0461814e-05,7.0172326e-05,0.02204814,0.00030310528,0.0073217466,0.9701844,6.201698e-05
2429,ravdess,01,03-01-06-01-02-02-01.wav,Fear,196,Fear,Sad,False,0.9929773,1.1375661e-08,3.3736407e-07,7.5052274e-05,7.519263e-05,0.006872051,0.9929773,4.095429e-09
2430,ravdess,01,03-01-06-02-01-01-01.wav,Fear,289,Fear,Surprise,False,0.5806392,0.0024691261,0.0036508322,0.075318895,0.33658773,7.243026e-05,0.0012617807,0.5806392
2431,ravdess,01,03-01-06-02-01-02-01.wav,Fear,231,Fear,Angry,False,0.7477008,0.7477008,0.000690174,0.08809166,0.036080204,0.00014443377,0.0009409741,0.12635177
2432,ravdess,01,03-01-06-02-02-01-01.wav,Fear,183,Fear,Happy,False,0.93224657,0.010655082,1.1091005e-05,0.039335717,0.93224657,0.00015661221,0.017591132,3.9343067e-06
2433,ravdess,01,03-01-06-02-02-02-01.wav,Fear,183,Fear,Happy,False,0.8663825,0.0019894855,3.142418e-06,0.121756494,0.8663825,8.5079456e-08,0.0017359875,0.008132268
2434,ravdess,01,03-01-07-01-01-01-01.wav,Disgust,205,Disgust,Disgust,True,0.7720836,2.0314286e-05,0.7720836,3.180327e-06,9.977599e-07,2.9016293e-05,0.22786266,2.3084944e-07
2435,ravdess,01,03-01-07-01-01-02-01.wav,Disgust,202,Disgust,Disgust,True,0.9954051,0.0009589606,0.9954051,4.1241174e-07,3.2056707e-06,1.743888e-07,0.0036127898,1.9466392e-05
2436,ravdess,01,03-01-07-01-02-01-01.wav,Disgust,202,Disgust,Disgust,True,0.59585893,0.0013773667,0.59585893,3.8060246e-06,4.566306e-06,0.0024071776,0.4003482,6.197286e-09
2437,ravdess,01,03-01-07-01-02-02-01.wav,Disgust,193,Disgust,Sad,False,0.77331066,4.962875e-07,0.22493283,9.073662e-05,5.394789e-09,0.0016652716,0.77331066,9.228274e-09
2438,ravdess,01,03-01-07-02-01-01-01.wav,Disgust,234,Disgust,Disgust,True,0.6928981,0.18527728,0.6928981,6.56057e-05,0.001270576,4.402998e-06,0.12038024,0.00010376515
2439,ravdess,01,03-01-07-02-01-02-01.wav,Disgust,209,Disgust,Happy,False,0.94746566,0.00015663865,0.0025497142,0.011502896,0.94746566,1.2042358e-06,0.03364724,0.004676592
2440,ravdess,01,03-01-07-02-02-01-01.wav,Disgust,244,Disgust,Disgust,True,0.9080176,0.07638172,0.9080176,2.6170412e-05,0.0050088093,2.6017901e-06,0.00032205833,0.010241032
2441,ravdess,01,03-01-07-02-02-02-01.wav,Disgust,237,Disgust,Disgust,True,0.54872113,0.027628623,0.54872113,0.00057594525,0.0043687443,8.9629606e-07,0.060524955,0.35817975
2442,ravdess,01,03-01-08-01-01-01-01.wav,Surprise,148,Surprise,Neutral,False,0.54474777,0.013724793,8.69347e-05,0.014005631,0.056159094,0.54474777,0.37100872,0.00026707767
2443,ravdess,01,03-01-08-01-01-02-01.wav,Surprise,135,Surprise,Sad,False,0.38011354,0.0008775468,9.250621e-05,0.3305878,0.11092917,0.17420106,0.38011354,0.0031983622
2444,ravdess,01,03-01-08-01-02-01-01.wav,Surprise,161,Surprise,Neutral,False,0.64310205,0.00021198527,2.687785e-05,0.00031917385,0.00020357204,0.64310205,0.35613635,1.0016344e-07
2445,ravdess,01,03-01-08-01-02-02-01.wav,Surprise,141,Surprise,Fear,False,0.9392372,5.6582798e-05,2.4952121e-06,0.9392372,0.02604388,0.004792988,0.02628309,0.0035837414
2446,ravdess,01,03-01-08-02-01-01-01.wav,Surprise,148,Surprise,Happy,False,0.6044859,5.766933e-05,2.591514e-07,0.39157388,0.6044859,0.0020573216,0.0010266381,0.000798351
2447,ravdess,01,03-01-08-02-01-02-01.wav,Surprise,164,Surprise,Angry,False,0.39363894,0.39363894,0.00026589332,0.34533432,0.24493372,0.0016929375,0.0032820313,0.010852237
2448,ravdess,01,03-01-08-02-02-01-01.wav,Surprise,161,Surprise,Fear,False,0.9834615,0.00012670332,2.2056688e-06,0.9834615,0.0014701769,0.0054427837,0.008815028,0.0006815413
2449,ravdess,01,03-01-08-02-02-02-01.wav,Surprise,135,Surprise,Happy,False,0.97506726,5.853073e-05,3.7889716e-08,0.0014278609,0.97506726,6.7088855e-05,1.4469408e-05,0.02336474
2554,ravdess,04,03-01-01-01-01-01-04.wav,Neutral,145,Neutral,Happy,False,0.72781295,0.0007398727,8.039311e-06,0.015300074,0.72781295,0.07040848,0.011156998,0.17457366
2555,ravdess,04,03-01-01-01-01-02-04.wav,Neutral,148,Neutral,Happy,False,0.6538505,0.07605128,8.175597e-06,0.011971584,0.6538505,0.24530825,0.0013410575,0.01146912
2556,ravdess,04,03-01-01-01-02-01-04.wav,Neutral,135,Neutral,Surprise,False,0.90485007,0.00018099355,1.6972595e-05,0.0006668056,0.079872616,0.013441049,0.0009715407,0.90485007
2557,ravdess,04,03-01-01-01-02-02-04.wav,Neutral,132,Neutral,Happy,False,0.6842666,0.00035255574,1.1505688e-05,0.0018536722,0.6842666,0.010021864,0.00011108904,0.30338264
2558,ravdess,04,03-01-03-01-01-01-04.wav,Happy,161,Happy,Happy,True,0.9984723,6.003444e-06,9.774935e-07,3.6884205e-06,0.9984723,0.0013906613,0.00011256871,1.3793199e-05
2559,ravdess,04,03-01-03-01-01-02-04.wav,Happy,161,Happy,Surprise,False,0.9939361,1.9003975e-08,6.8722765e-09,9.122727e-06,0.006054751,2.1063514e-11,2.2178468e-09,0.9939361
2560,ravdess,04,03-01-03-01-02-01-04.wav,Happy,161,Happy,Happy,True,0.73234326,0.0012280616,3.6804024e-05,0.0030848577,0.73234326,0.25333,0.009857302,0.00011977375
2561,ravdess,04,03-01-03-01-02-02-04.wav,Happy,154,Happy,Happy,True,0.97083336,0.003378198,5.949831e-06,0.0010793961,0.97083336,0.0003958137,1.9394827e-05,0.0242879
2562,ravdess,04,03-01-03-02-01-01-04.wav,Happy,189,Happy,Surprise,False,0.8970617,0.0005566225,4.3759253e-05,0.0029971746,0.09923603,1.1739884e-07,0.00010462758,0.8970617
2563,ravdess,04,03-01-03-02-01-02-04.wav,Happy,161,Happy,Surprise,False,0.6759594,0.0024139753,4.033391e-06,0.12320038,0.18687284,0.00026520411,0.011284172,0.6759594
2564,ravdess,04,03-01-03-02-02-01-04.wav,Happy,167,Happy,Happy,True,0.8953375,0.0006524664,2.30322e-05,0.08745918,0.8953375,0.0022607406,0.01291341,0.0013535802
2565,ravdess,04,03-01-03-02-02-02-04.wav,Happy,180,Happy,Happy,True,0.9512721,0.00064536545,2.5147228e-05,0.0022800846,0.9512721,0.00017208495,0.0007376447,0.04486769
2566,ravdess,04,03-01-04-01-01-01-04.wav,Sad,151,Sad,Sad,True,0.676978,1.9329007e-05,8.338493e-05,0.3121584,0.00043361777,0.010316343,0.676978,1.0935178e-05
2567,ravdess,04,03-01-04-01-01-02-04.wav,Sad,151,Sad,Happy,False,0.9659969,0.00054997945,4.994518e-06,0.0046752556,0.9659969,0.023988396,0.0030581905,0.001726322
2568,ravdess,04,03-01-04-01-02-01-04.wav,Sad,154,Sad,Happy,False,0.93481135,0.006013455,8.97547e-07,0.008584841,0.93481135,0.046607282,0.00039866054,0.0035835695
2569,ravdess,04,03-01-04-01-02-02-04.wav,Sad,157,Sad,Happy,False,0.8055423,0.0017567079,5.181362e-07,0.13241862,0.8055423,0.047078077,0.01076555,0.0024381788
2570,ravdess,04,03-01-04-02-01-01-04.wav,Sad,173,Sad,Happy,False,0.987976,0.00035047773,7.207153e-08,0.0031862569,0.987976,0.00020653942,0.0071134097,0.0011672335
2571,ravdess,04,03-01-04-02-01-02-04.wav,Sad,177,Sad,Happy,False,0.97395533,3.4402292e-05,4.054286e-06,0.022473771,0.97395533,1.7234059e-07,0.0016229879,0.0019093712
2572,ravdess,04,03-01-04-02-02-01-04.wav,Sad,183,Sad,Happy,False,0.9736789,0.0011228595,2.4690897e-07,0.024622008,0.9736789,0.00040677306,0.00013647182,3.2727567e-05
2573,ravdess,04,03-01-04-02-02-02-04.wav,Sad,209,Sad,Happy,False,0.43488815,0.0042573726,1.4518433e-06,0.11219711,0.43488815,0.00040515736,0.013893949,0.43435687
2574,ravdess,04,03-01-05-01-01-01-04.wav,Angry,177,Angry,Happy,False,0.64137965,0.35106,0.00011381152,3.5310328e-05,0.64137965,0.005125728,0.002265237,2.025309e-05
2575,ravdess,04,03-01-05-01-01-02-04.wav,Angry,164,Angry,Angry,True,0.9895733,0.9895733,7.0602323e-07,2.3179267e-07,0.0020190566,4.8033735e-07,2.9455154e-07,0.00840598
2576,ravdess,04,03-01-05-01-02-01-04.wav,Angry,154,Angry,Angry,True,0.6800301,0.6800301,3.263979e-06,6.12639e-06,0.022482198,1.386365e-07,1.9607392e-06,0.29747626
2577,ravdess,04,03-01-05-01-02-02-04.wav,Angry,183,Angry,Angry,True,0.9681245,0.9681245,0.00022702299,0.0001146665,0.03036671,0.00024700668,0.000529551,0.0003905627
2578,ravdess,04,03-01-05-02-01-01-04.wav,Angry,173,Angry,Surprise,False,0.72718006,0.012171233,3.127914e-05,0.003990868,0.25534624,4.2889437e-06,0.0012760399,0.72718006
2579,ravdess,04,03-01-05-02-01-02-04.wav,Angry,186,Angry,Angry,True,0.72503304,0.72503304,4.417422e-06,0.081650384,0.13329753,3.1221578e-05,0.0005881256,0.0593953
2580,ravdess,04,03-01-05-02-02-01-04.wav,Angry,173,Angry,Happy,False,0.7609169,0.097115435,1.484393e-05,0.010214829,0.7609169,4.2439413e-07,9.014902e-05,0.13164748
2581,ravdess,04,03-01-05-02-02-02-04.wav,Angry,189,Angry,Angry,True,0.9759245,0.9759245,3.3854576e-06,8.375844e-06,0.024004592,1.5419962e-06,1.1601691e-05,4.6013538e-05
2582,ravdess,04,03-01-06-01-01-01-04.wav,Fear,138,Fear,Surprise,False,0.9847112,1.4444412e-07,1.7086379e-08,0.015146837,0.0001418583,4.564011e-09,3.099123e-08,0.9847112
2583,ravdess,04,03-01-06-01-01-02-04.wav,Fear,151,Fear,Surprise,False,0.86905104,1.774341e-07,4.463393e-08,0.13093765,1.0376442e-05,3.757828e-09,7.412637e-07,0.86905104
2584,ravdess,04,03-01-06-01-02-01-04.wav,Fear,148,Fear,Fear,True,0.9105304,3.5633556e-09,2.5155258e-09,0.9105304,0.00012781768,1.667912e-08,4.3033726e-08,0.0893417
2585,ravdess,04,03-01-06-01-02-02-04.wav,Fear,148,Fear,Surprise,False,0.75764984,1.0733478e-07,7.2884694e-09,0.24233802,1.2061645e-05,7.655398e-10,2.7639226e-09,0.75764984
2586,ravdess,04,03-01-06-02-01-01-04.wav,Fear,218,Fear,Fear,True,0.9770114,0.0004810644,3.6368786e-07,0.9770114,0.018139044,2.453951e-06,3.1047326e-05,0.0043345066
2587,ravdess,04,03-01-06-02-01-02-04.wav,Fear,141,Fear,Fear,True,0.63419807,0.3213868,1.6514651e-06,0.63419807,0.014820816,5.749312e-06,4.2040756e-05,0.029544815
2588,ravdess,04,03-01-06-02-02-01-04.wav,Fear,157,Fear,Happy,False,0.5504585,0.42978925,3.6743415e-07,0.012195422,0.5504585,0.00034904265,8.0505276e-07,0.0072065652
2589,ravdess,04,03-01-06-02-02-02-04.wav,Fear,157,Fear,Fear,True,0.66074175,0.0003765649,2.9596137e-07,0.66074175,0.33587393,0.00079006585,0.0012363136,0.0009810405
2590,ravdess,04,03-01-07-01-01-01-04.wav,Disgust,196,Disgust,Sad,False,0.60806876,0.055105366,0.29902935,0.014473108,0.014316133,0.0010373143,0.60806876,0.007969989
2591,ravdess,04,03-01-07-01-01-02-04.wav,Disgust,196,Disgust,Disgust,True,0.61717916,0.0005114211,0.61717916,3.71897e-05,0.12036151,4.8206052e-09,0.0021987257,0.25971207
2592,ravdess,04,03-01-07-01-02-01-04.wav,Disgust,186,Disgust,Fear,False,0.6460047,0.008437483,0.30239108,0.6460047,0.0002370288,4.8624366e-07,0.03355089,0.009378351
2593,ravdess,04,03-01-07-01-02-02-04.wav,Disgust,183,Disgust,Surprise,False,0.98766565,1.0335505e-06,0.0019141448,0.009738747,0.00067949336,1.0460272e-09,9.3577825e-07,0.98766565
2594,ravdess,04,03-01-07-02-01-01-04.wav,Disgust,202,Disgust,Disgust,True,0.63600194,0.09458754,0.63600194,0.091294065,0.029683061,7.06011e-05,0.14544244,0.0029204013
2595,ravdess,04,03-01-07-02-01-02-04.wav,Disgust,202,Disgust,Disgust,True,0.99789304,0.0002190246,0.99789304,1.08823615e-05,0.0010013611,5.6833767e-07,0.00020550593,0.0006696396
2596,ravdess,04,03-01-07-02-02-01-04.wav,Disgust,193,Disgust,Angry,False,0.64492434,0.64492434,0.35144493,0.0030471769,0.00032383628,7.925781e-08,5.7814337e-05,0.00020179396
2597,ravdess,04,03-01-07-02-02-02-04.wav,Disgust,218,Disgust,Disgust,True,0.4477477,0.04646541,0.4477477,0.00028275783,0.30155298,3.698767e-07,0.04223105,0.16171978
2598,ravdess,04,03-01-08-01-01-01-04.wav,Surprise,135,Surprise,Surprise,True,0.9999045,1.0669792e-06,1.2866482e-08,3.1143525e-06,9.124451e-05,9.663634e-11,3.6673036e-09,0.9999045
2599,ravdess,04,03-01-08-01-01-02-04.wav,Surprise,145,Surprise,Surprise,True,0.99992573,5.537885e-06,8.763297e-08,2.68277e-06,6.5923414e-05,1.0448922e-10,1.8931507e-08,0.99992573
2600,ravdess,04,03-01-08-01-02-01-04.wav,Surprise,170,Surprise,Happy,False,0.7094304,0.19151548,0.00012113661,4.9551356e-05,0.7094304,6.49716e-05,7.830512e-05,0.09874017
2601,ravdess,04,03-01-08-01-02-02-04.wav,Surprise,148,Surprise,Surprise,True,0.99633884,0.00042720974,6.453569e-08,9.081162e-06,0.0032248453,1.1008439e-11,1.9219954e-08,0.99633884
2602,ravdess,04,03-01-08-02-01-01-04.wav,Surprise,186,Surprise,Surprise,True,0.9983156,1.4596786e-05,4.0612997e-07,8.140588e-05,0.0015876784,2.4962463e-10,3.5686884e-07,0.9983156
2603,ravdess,04,03-01-08-02-01-02-04.wav,Surprise,161,Surprise,Surprise,True,0.9838987,0.0014277907,1.151286e-06,0.009029441,0.0056364387,3.8484172e-06,2.5936145e-06,0.9838987
2604,ravdess,04,03-01-08-02-02-01-04.wav,Surprise,154,Surprise,Surprise,True,0.9943046,0.002586948,1.0471135e-06,0.00075005426,0.0023570226,1.783368e-07,1.6814272e-07,0.9943046
2605,ravdess,04,03-01-08-02-02-02-04.wav,Surprise,164,Surprise,Surprise,True,0.91259265,0.0029049271,5.238514e-07,0.00065546663,0.083845615,1.7367007e-07,6.743856e-07,0.91259265
3438,ravdess,21,03-01-01-01-01-01-21.wav,Neutral,189,Neutral,Neutral,True,0.9999695,2.4807325e-06,2.945003e-09,5.8450833e-10,2.1413822e-08,0.9999695,2.8008417e-05,8.8905816e-10
3439,ravdess,21,03-01-01-01-01-02-21.wav,Neutral,205,Neutral,Neutral,True,0.99999666,2.7282969e-08,1.0320369e-08,1.7034447e-11,5.816149e-10,0.99999666,3.3682454e-06,6.808177e-10
3440,ravdess,21,03-01-01-01-02-01-21.wav,Neutral,173,Neutral,Neutral,True,0.999913,1.2181455e-07,9.397607e-10,8.688332e-10,1.578726e-07,0.999913,8.681125e-05,2.6565625e-10
3441,ravdess,21,03-01-01-01-02-02-21.wav,Neutral,173,Neutral,Neutral,True,0.9996767,3.1785094e-05,4.116742e-09,9.3087715e-09,7.281279e-06,0.9996767,0.00028419695,5.464185e-10
3442,ravdess,21,03-01-03-01-01-01-21.wav,Happy,193,Happy,Neutral,False,0.99968445,1.031667e-05,1.0070157e-08,9.341602e-10,4.9616705e-08,0.99968445,0.00030519036,3.0619503e-11
3443,ravdess,21,03-01-03-01-01-02-21.wav,Happy,183,Happy,Neutral,False,0.98720676,0.00056476117,1.9866041e-08,1.491948e-07,0.012128916,0.98720676,9.92705e-05,4.470678e-08
3444,ravdess,21,03-01-03-01-02-01-21.wav,Happy,177,Happy,Neutral,False,0.99974936,5.642593e-08,1.6729678e-09,1.1415419e-09,3.6869094e-06,0.99974936,0.00024695514,1.2265021e-10
3445,ravdess,21,03-01-03-01-02-02-21.wav,Happy,189,Happy,Angry,False,0.86469585,0.86469585,2.928111e-06,9.584114e-07,0.008157875,0.12674598,0.00039637068,5.3782006e-09
3446,ravdess,21,03-01-03-02-01-01-21.wav,Happy,189,Happy,Happy,True,0.7201978,0.27862,1.3667315e-06,1.1582978e-05,0.7201978,0.0011420423,6.0124657e-06,2.1197371e-05
3447,ravdess,21,03-01-03-02-01-02-21.wav,Happy,202,Happy,Angry,False,0.8723702,0.8723702,0.0002701205,8.881383e-05,0.045874797,0.08076591,6.272624e-06,0.0006239095
3448,ravdess,21,03-01-03-02-02-01-21.wav,Happy,173,Happy,Neutral,False,0.5850147,0.00010591569,1.5456071e-07,0.00095114094,0.41297522,0.5850147,0.0006130851,0.00033974025
3449,ravdess,21,03-01-03-02-02-02-21.wav,Happy,183,Happy,Happy,True,0.9094617,0.083795406,5.019758e-06,1.0827426e-05,0.9094617,0.0066910456,1.6465967e-05,1.94795e-05
3450,ravdess,21,03-01-04-01-01-01-21.wav,Sad,257,Sad,Sad,True,0.98198247,1.0999605e-05,0.005628751,4.0337866e-08,2.3070555e-07,0.012377473,0.98198247,1.8330592e-08
3451,ravdess,21,03-01-04-01-01-02-21.wav,Sad,285,Sad,Sad,True,0.98700804,3.820153e-06,0.0040242127,5.539989e-10,4.956509e-08,0.00896376,0.98700804,7.111961e-08
3452,ravdess,21,03-01-04-01-02-01-21.wav,Sad,225,Sad,Neutral,False,0.9994019,6.7613646e-06,0.00020727549,7.066562e-08,8.825444e-09,0.9994019,0.00038401227,5.6174198e-08
3453,ravdess,21,03-01-04-01-02-02-21.wav,Sad,234,Sad,Neutral,False,0.56416476,2.2631491e-05,0.0047634738,3.9656368e-07,4.561145e-08,0.56416476,0.4310484,2.423715e-07
3454,ravdess,21,03-01-04-02-01-01-21.wav,Sad,228,Sad,Sad,True,0.41354924,0.00018145885,0.00077364495,0.19377397,0.054351907,0.33735397,0.41354924,1.5878251e-05
3455,ravdess,21,03-01-04-02-01-02-21.wav,Sad,244,Sad,Sad,True,0.88975656,0.02142819,0.069854945,0.01073797,0.0018446199,0.006377089,0.88975656,6.1151013e-07
3456,ravdess,21,03-01-04-02-02-01-21.wav,Sad,237,Sad,Sad,True,0.99895275,1.2014509e-08,8.060524e-05,1.2195602e-06,1.8182922e-06,0.00096366234,0.99895275,8.007369e-10
3457,ravdess,21,03-01-04-02-02-02-21.wav,Sad,225,Sad,Neutral,False,0.85222244,0.00042187987,0.13830636,0.004025103,0.00035626968,0.85222244,0.0045494833,0.00011842773
3458,ravdess,21,03-01-05-01-01-01-21.wav,Angry,221,Angry,Angry,True,0.99073213,0.99073213,0.0034649896,0.0006324497,6.431231e-05,0.0033597942,0.0016330967,0.000113197915
3459,ravdess,21,03-01-05-01-01-02-21.wav,Angry,212,Angry,Angry,True,0.99731284,0.99731284,6.462747e-05,7.091687e-05,8.354503e-05,0.0023805625,8.311091e-05,4.3970067e-06
3460,ravdess,21,03-01-05-01-02-01-21.wav,Angry,212,Angry,Angry,True,0.9780797,0.9780797,0.018805427,0.0001927025,0.0022692136,0.00048744367,0.00016370005,1.7650923e-06
3461,ravdess,21,03-01-05-01-02-02-21.wav,Angry,202,Angry,Neutral,False,0.8656058,0.11549579,0.00016494453,0.0020299884,0.011204095,0.8656058,0.005485992,1.3423337e-05
3462,ravdess,21,03-01-05-02-01-01-21.wav,Angry,237,Angry,Angry,True,0.99823475,0.99823475,0.0011499333,5.6185723e-07,0.0006018039,1.8388048e-06,6.507793e-06,4.6290097e-06
3463,ravdess,21,03-01-05-02-01-02-21.wav,Angry,250,Angry,Happy,False,0.5696714,0.33601925,0.08293743,2.2603617e-06,0.5696714,3.8578746e-06,3.2293243e-05,0.011333508
3464,ravdess,21,03-01-05-02-02-01-21.wav,Angry,215,Angry,Angry,True,0.65733874,0.65733874,0.00028575733,8.6999215e-05,0.34205213,0.00016919739,1.6961912e-05,5.0252514e-05
3465,ravdess,21,03-01-05-02-02-02-21.wav,Angry,225,Angry,Angry,True,0.9542298,0.9542298,0.002365881,0.0065995706,0.03646577,0.00018783563,2.2295335e-06,0.00014899335
3466,ravdess,21,03-01-06-01-01-01-21.wav,Fear,202,Fear,Neutral,False,0.52203476,0.0009269136,0.0035835307,0.00017795729,4.248508e-06,0.52203476,0.47323227,4.034118e-05
3467,ravdess,21,03-01-06-01-01-02-21.wav,Fear,199,Fear,Neutral,False,0.9667428,0.0026666566,0.0034079764,2.618534e-05,2.2295322e-05,0.9667428,0.027129214,5.0094072e-06
3468,ravdess,21,03-01-06-01-02-01-21.wav,Fear,231,Fear,Sad,False,0.6259846,3.3420292e-06,0.0195665,0.0005552311,0.010870804,0.3430073,0.6259846,1.22027595e-05
3469,ravdess,21,03-01-06-01-02-02-21.wav,Fear,221,Fear,Neutral,False,0.8731389,3.987001e-05,0.10764119,2.0037742e-06,6.14314e-07,0.8731389,0.019176824,4.7481961e-07
3470,ravdess,21,03-01-06-02-01-01-21.wav,Fear,202,Fear,Sad,False,0.8640656,4.5157045e-05,0.00856293,0.012142616,0.0018374267,0.113296434,0.8640656,4.9816445e-05
3471,ravdess,21,03-01-06-02-01-02-21.wav,Fear,193,Fear,Happy,False,0.70788807,0.0035449956,7.613101e-05,0.26690906,0.70788807,0.0029620137,0.013538304,0.0050814543
3472,ravdess,21,03-01-06-02-02-01-21.wav,Fear,186,Fear,Sad,False,0.6516561,0.0033498171,0.00015971049,0.23377314,0.03348078,0.07749,0.6516561,9.041465e-05
3473,ravdess,21,03-01-06-02-02-02-21.wav,Fear,173,Fear,Neutral,False,0.80753154,0.00016759319,9.473219e-06,0.007249965,0.008191265,0.80753154,0.17682338,2.6761796e-05
3474,ravdess,21,03-01-07-01-01-01-21.wav,Disgust,205,Disgust,Disgust,True,0.9985524,0.0005537185,0.9985524,2.0874416e-09,3.136532e-06,0.0008856049,5.3412725e-07,4.5721345e-06
3475,ravdess,21,03-01-07-01-01-02-21.wav,Disgust,218,Disgust,Angry,False,0.91882694,0.91882694,0.06432144,7.6379354e-07,1.562404e-05,0.016746858,7.619928e-05,1.2113388e-05
3476,ravdess,21,03-01-07-01-02-01-21.wav,Disgust,180,Disgust,Neutral,False,0.8896136,0.10855177,0.000745527,1.7579156e-06,0.00019180043,0.8896136,0.0008944792,1.0194577e-06
3477,ravdess,21,03-01-07-01-02-02-21.wav,Disgust,173,Disgust,Angry,False,0.9899899,0.9899899,0.0021170347,5.0578827e-05,0.0023658583,0.004767584,0.00011828045,0.0005906864
3478,ravdess,21,03-01-07-02-01-01-21.wav,Disgust,218,Disgust,Angry,False,0.70294154,0.70294154,0.2875308,6.200331e-07,4.1203188e-05,0.0028313647,0.0066544535,3.672627e-08
3479,ravdess,21,03-01-07-02-01-02-21.wav,Disgust,215,Disgust,Angry,False,0.5971391,0.5971391,0.40039152,1.3904045e-07,2.1568846e-06,0.0022077835,0.00025852435,8.332797e-07
3480,ravdess,21,03-01-07-02-02-01-21.wav,Disgust,234,Disgust,Disgust,True,0.9999901,1.2949102e-06,0.9999901,3.2031044e-09,1.2883446e-08,7.2752932e-06,1.2742754e-06,1.1996193e-08
3481,ravdess,21,03-01-07-02-02-02-21.wav,Disgust,205,Disgust,Disgust,True,0.9477275,0.00077720167,0.9477275,1.9668506e-07,1.0990506e-06,0.048095126,0.0033988347,1.400934e-07
3482,ravdess,21,03-01-08-01-01-01-21.wav,Surprise,157,Surprise,Surprise,True,0.8582699,1.2812535e-06,6.3904175e-09,0.00013858438,0.14156789,2.2342338e-05,4.2068753e-09,0.8582699
3483,ravdess,21,03-01-08-01-01-02-21.wav,Surprise,157,Surprise,Surprise,True,0.9909375,3.6638255e-07,6.1167476e-09,3.490212e-06,0.0090586785,3.8171933e-08,7.867725e-11,0.9909375
3484,ravdess,21,03-01-08-01-02-01-21.wav,Surprise,151,Surprise,Happy,False,0.8067976,0.0009053162,1.396482e-05,0.0036347706,0.8067976,1.0029809e-06,7.0550113e-06,0.1886403
3485,ravdess,21,03-01-08-01-02-02-21.wav,Surprise,167,Surprise,Happy,False,0.97635525,0.0007760326,6.28986e-07,0.00011802164,0.97635525,0.0027012036,2.4038213e-06,0.020046446
3486,ravdess,21,03-01-08-02-01-01-21.wav,Surprise,173,Surprise,Surprise,True,0.9168932,7.574095e-05,1.1856247e-06,1.9936174e-06,0.08302757,3.557383e-07,1.4848092e-10,0.9168932
3487,ravdess,21,03-01-08-02-01-02-21.wav,Surprise,173,Surprise,Angry,False,0.87683016,0.87683016,7.1337836e-06,1.3572471e-05,0.083571024,1.4785385e-06,1.2751524e-08,0.039576672
3488,ravdess,21,03-01-08-02-02-01-21.wav,Surprise,154,Surprise,Surprise,True,0.95107436,9.2233946e-05,1.4911672e-06,0.0033455775,0.045486122,1.8907271e-07,2.9209444e-08,0.95107436
3489,ravdess,21,03-01-08-02-02-02-21.wav,Surprise,164,Surprise,Surprise,True,0.61148083,5.280425e-05,9.0580095e-08,1.3535322e-05,0.38845256,2.125242e-07,1.3950088e-10,0.61148083
3646,savee,DC,DC_a01.wav,Angry,365,Angry,Fear,False,0.6194229,0.00048580937,0.00010492486,0.6194229,0.24035244,0.008834161,0.00070128555,0.13009849
3647,savee,DC,DC_a02.wav,Angry,344,Angry,Fear,False,0.9797466,0.00045739376,8.378405e-06,0.9797466,0.008110209,0.0029361746,0.0038438223,0.004897439
3648,savee,DC,DC_a03.wav,Angry,208,Angry,Happy,False,0.6081845,0.025684912,0.00016852705,0.08005624,0.6081845,0.002357425,0.0016301794,0.28191823
3649,savee,DC,DC_a04.wav,Angry,231,Angry,Angry,True,0.71895814,0.71895814,0.00043600754,0.1302405,0.09228393,0.00089620834,0.020092558,0.037092656
3650,savee,DC,DC_a05.wav,Angry,212,Angry,Happy,False,0.4467843,0.1757223,0.0062026572,0.3044523,0.4467843,0.04629301,0.020112226,0.00043321346
3651,savee,DC,DC_a06.wav,Angry,374,Angry,Neutral,False,0.3926525,0.033970065,0.20933731,0.1339782,0.063029744,0.3926525,0.011877396,0.15515478
3652,savee,DC,DC_a07.wav,Angry,215,Angry,Fear,False,0.9147161,0.00036008743,0.010312116,0.9147161,0.00041623943,0.021992717,0.0035982523,0.04860451
3653,savee,DC,DC_a08.wav,Angry,228,Angry,Surprise,False,0.8477708,0.037059076,0.00017635843,0.082335465,0.029844005,0.0012904647,0.001523811,0.8477708
3654,savee,DC,DC_a09.wav,Angry,400,Angry,Fear,False,0.9171721,0.0065480224,0.0015149374,0.9171721,0.0054200822,0.060198408,0.00857755,0.00056893623
3655,savee,DC,DC_a10.wav,Angry,362,Angry,Surprise,False,0.54581535,0.17069195,0.0016231902,0.040977057,0.24041684,0.00029131866,0.00018431073,0.54581535
3656,savee,DC,DC_a11.wav,Angry,266,Angry,Neutral,False,0.73695,0.006589466,0.0016423578,0.034420773,0.051900804,0.73695,0.16199523,0.0065014116
3657,savee,DC,DC_a12.wav,Angry,332,Angry,Fear,False,0.62204856,0.01673078,0.00011271365,0.62204856,0.237648,0.10370214,0.00481271,0.014945145
3658,savee,DC,DC_a13.wav,Angry,401,Angry,Happy,False,0.47786024,0.114883244,0.005222791,0.2961882,0.47786024,0.0004851834,0.09274397,0.012616388
3659,savee,DC,DC_a14.wav,Angry,401,Angry,Angry,True,0.9791083,0.9791083,0.00013603596,2.5109583e-05,0.019356878,0.0006218289,0.00028910837,0.00046270952
3660,savee,DC,DC_a15.wav,Angry,388,Angry,Angry,True,0.8756179,0.8756179,0.0052005253,0.00051940297,0.107014306,0.0019568498,0.009339261,0.0003517689
3661,savee,DC,DC_d01.wav,Disgust,401,Disgust,Fear,False,0.91093487,0.033500988,0.009512113,0.91093487,0.012677812,0.0057678726,0.002724828,0.024881514
3662,savee,DC,DC_d02.wav,Disgust,393,Disgust,Neutral,False,0.48394987,0.010539915,0.0057068467,0.26640296,0.0468088,0.48394987,0.18588433,0.0007073084
3663,savee,DC,DC_d03.wav,Disgust,235,Disgust,Neutral,False,0.88135046,0.006850149,0.0021025643,0.0067044483,0.048854638,0.88135046,0.054107394,3.038357e-05
3664,savee,DC,DC_d04.wav,Disgust,401,Disgust,Neutral,False,0.96322024,0.00507203,0.0016948374,0.011042631,0.004112264,0.96322024,0.014801292,5.6773002e-05
3665,savee,DC,DC_d05.wav,Disgust,311,Disgust,Neutral,False,0.7222015,0.1655574,0.080676004,0.013424524,0.0023351477,0.7222015,0.0055420995,0.0102633
3666,savee,DC,DC_d06.wav,Disgust,331,Disgust,Neutral,False,0.47656253,0.04544378,0.019489562,0.087100536,0.35795683,0.47656253,0.0036537622,0.009792923
3667,savee,DC,DC_d07.wav,Disgust,270,Disgust,Sad,False,0.6900785,8.20638e-05,0.020977931,0.12542914,0.004742555,0.15851232,0.6900785,0.00017746486
3668,savee,DC,DC_d08.wav,Disgust,401,Disgust,Neutral,False,0.9345747,0.0066700205,0.035746694,0.0013522032,0.000333606,0.9345747,0.0213212,1.6131946e-06
3669,savee,DC,DC_d09.wav,Disgust,401,Disgust,Neutral,False,0.56157285,0.14957659,0.018779818,0.007056005,0.0014836385,0.56157285,0.26143697,9.4144365e-05
3670,savee,DC,DC_d10.wav,Disgust,401,Disgust,Sad,False,0.4560144,0.00017969377,0.38025033,0.001494247,0.0002177748,0.16179419,0.4560144,4.9376173e-05
3671,savee,DC,DC_d11.wav,Disgust,357,Disgust,Neutral,False,0.9016907,0.00039109352,0.09029791,0.0018441833,0.0001652035,0.9016907,0.005560697,5.0151906e-05
3672,savee,DC,DC_d12.wav,Disgust,373,Disgust,Fear,False,0.4780883,0.05230285,0.009790175,0.4780883,0.029179625,0.29852226,0.06333657,0.06878024
3673,savee,DC,DC_d13.wav,Disgust,401,Disgust,Disgust,True,0.48706758,0.17364416,0.48706758,0.1624937,0.07375485,0.07356168,0.029202545,0.00027547058
3674,savee,DC,DC_d14.wav,Disgust,401,Disgust,Angry,False,0.6879481,0.6879481,0.027916182,0.024291517,0.00170608,0.056918874,0.20072433,0.00049491227
3675,savee,DC,DC_d15.wav,Disgust,401,Disgust,Neutral,False,0.7470532,0.0629297,0.0021313257,0.011053135,0.08876037,0.7470532,0.08783078,0.00024139538
3676,savee,DC,DC_f01.wav,Fear,332,Fear,Fear,True,0.64502746,0.00027434627,0.00015293235,0.64502746,0.15387312,0.0077630687,0.007301141,0.18560793
3677,savee,DC,DC_f02.wav,Fear,340,Fear,Happy,False,0.53710663,9.174834e-06,8.7852495e-06,0.1586754,0.53710663,0.009949654,0.2929681,0.0012821545
3678,savee,DC,DC_f03.wav,Fear,229,Fear,Happy,False,0.93982005,0.0006692565,3.772584e-05,0.00013235056,0.93982005,0.03343591,0.025783861,0.00012089747
3679,savee,DC,DC_f04.wav,Fear,302,Fear,Fear,True,0.8494631,0.010108922,2.2441807e-05,0.8494631,0.033194996,0.0050275293,0.007728042,0.09445496
3680,savee,DC,DC_f05.wav,Fear,330,Fear,Fear,True,0.73009926,0.0014955732,0.00019147423,0.73009926,0.2071414,0.0018530033,0.02079624,0.038423043
3681,savee,DC,DC_f06.wav,Fear,299,Fear,Neutral,False,0.505609,0.01811742,0.07527227,0.0027347237,0.004508337,0.505609,0.37273315,0.0210251
3682,savee,DC,DC_f07.wav,Fear,362,Fear,Neutral,False,0.98068917,0.0021027129,0.0010343305,0.0013221871,0.0022145899,0.98068917,0.012572744,6.432154e-05
3683,savee,DC,DC_f08.wav,Fear,391,Fear,Fear,True,0.8152082,1.9119792e-05,1.5937447e-05,0.8152082,0.15562776,0.00082575256,0.007550474,0.020752726
3684,savee,DC,DC_f09.wav,Fear,388,Fear,Neutral,False,0.72418845,0.15379892,0.015619826,0.025297638,0.067739435,0.72418845,0.009058142,0.004297636
3685,savee,DC,DC_f10.wav,Fear,250,Fear,Neutral,False,0.81571317,0.00040060424,3.356605e-05,0.00043971214,0.13890699,0.81571317,0.044498194,7.905721e-06
3686,savee,DC,DC_f11.wav,Fear,401,Fear,Fear,True,0.80049384,3.597122e-06,0.18669549,0.80049384,0.004011535,0.00039037294,0.00025892723,0.008146218
3687,savee,DC,DC_f12.wav,Fear,401,Fear,Fear,True,0.944966,0.03951668,0.0064454144,0.944966,0.0072402935,0.0015713922,0.00017667004,8.34964e-05
3688,savee,DC,DC_f13.wav,Fear,247,Fear,Fear,True,0.98708177,1.6079455e-06,1.7185426e-05,0.98708177,0.0007367559,7.661458e-06,0.0010392207,0.011115759
3689,savee,DC,DC_f14.wav,Fear,401,Fear,Sad,False,0.8262964,0.00034875504,0.029416157,0.0014104269,7.788675e-05,0.14212961,0.8262964,0.0003207688
3690,savee,DC,DC_f15.wav,Fear,401,Fear,Happy,False,0.8130561,0.012769984,0.00010708518,0.14335082,0.8130561,0.026221815,0.0040775733,0.00041656938
3691,savee,DC,DC_h01.wav,Happy,384,Happy,Fear,False,0.9628343,7.859518e-05,2.3468415e-06,0.9628343,0.0072691883,0.00017157239,0.0052939197,0.02435008
3692,savee,DC,DC_h02.wav,Happy,340,Happy,Fear,False,0.59183586,0.006807076,0.0001789613,0.59183586,0.081145704,0.20448418,0.10374351,0.011804723
3693,savee,DC,DC_h03.wav,Happy,227,Happy,Happy,True,0.9848942,0.0025456664,1.5808986e-05,0.0037905565,0.9848942,4.0034116e-05,0.0019719289,0.0067417524
3694,savee,DC,DC_h04.wav,Happy,323,Happy,Fear,False,0.6857532,0.002375721,1.959054e-05,0.6857532,0.3052957,0.0013439115,0.000902587,0.004309276
3695,savee,DC,DC_h05.wav,Happy,401,Happy,Fear,False,0.42107147,0.0005653853,0.006998379,0.42107147,0.22872455,0.0018372117,0.2028791,0.13792384
3696,savee,DC,DC_h06.wav,Happy,346,Happy,Fear,False,0.4960551,0.0056298603,0.00021724602,0.4960551,0.47799605,0.013170741,0.0022564726,0.0046745185
3697,savee,DC,DC_h07.wav,Happy,361,Happy,Fear,False,0.5176807,0.003114741,0.00026623873,0.5176807,0.44588876,4.104751e-05,0.00010779055,0.03290073
3698,savee,DC,DC_h08.wav,Happy,205,Happy,Surprise,False,0.8645252,0.0003199718,0.0010125571,0.022865469,0.05753953,0.00027912564,0.053458173,0.8645252
3699,savee,DC,DC_h09.wav,Happy,244,Happy,Happy,True,0.8910347,0.0004757492,5.7653397e-06,0.0017131792,0.8910347,0.00017691989,0.106567144,2.6496446e-05
3700,savee,DC,DC_h10.wav,Happy,244,Happy,Sad,False,0.28345755,0.17883524,0.12729543,0.017301347,0.12233976,0.27032983,0.28345755,0.00044084323
3701,savee,DC,DC_h11.wav,Happy,401,Happy,Angry,False,0.5578145,0.5578145,0.030124754,0.026888361,0.11300872,0.0020375757,0.26978078,0.00034528616
3702,savee,DC,DC_h12.wav,Happy,401,Happy,Sad,False,0.9751741,2.3115412e-05,0.0037241476,0.0075093326,0.009943437,0.00028787588,0.9751741,0.0033379954
3703,savee,DC,DC_h13.wav,Happy,277,Happy,Happy,True,0.35706264,0.0010354626,0.0002302479,0.29817328,0.35706264,0.027878303,0.21641421,0.09920582
3704,savee,DC,DC_h14.wav,Happy,401,Happy,Happy,True,0.77324635,0.037843265,0.0028987143,0.12639248,0.77324635,0.014112824,0.027861249,0.017645111
3705,savee,DC,DC_h15.wav,Happy,401,Happy,Happy,True,0.9810354,0.0004826408,2.7963167e-06,0.0008393717,0.9810354,4.1418716e-07,3.2632903e-05,0.017606728
3706,savee,DC,DC_n01.wav,Neutral,378,Neutral,Neutral,True,0.7850773,5.8379555e-05,0.0005932727,0.08733583,3.384128e-05,0.7850773,0.12689762,3.834509e-06
3707,savee,DC,DC_n02.wav,Neutral,378,Neutral,Neutral,True,0.99681914,2.9588928e-06,0.0005223187,2.8371053e-07,8.4120764e-08,0.99681914,0.0026551844,1.1776444e-08
3708,savee,DC,DC_n03.wav,Neutral,206,Neutral,Disgust,False,0.44549048,0.09695578,0.44549048,0.13501696,0.0021417164,0.29078916,0.028156284,0.0014495973
3709,savee,DC,DC_n04.wav,Neutral,361,Neutral,Neutral,True,0.99814487,3.3196911e-06,8.6127715e-05,1.1224487e-06,2.8823237e-07,0.99814487,0.0017641891,5.937716e-09
3710,savee,DC,DC_n05.wav,Neutral,284,Neutral,Neutral,True,0.7684507,4.5313987e-05,0.009942712,0.00013979686,8.1715065e-05,0.7684507,0.22133902,8.235556e-07
3711,savee,DC,DC_n06.wav,Neutral,401,Neutral,Sad,False,0.4990321,0.00013414209,0.005321605,0.21515553,0.0007580102,0.27959186,0.4990321,6.7613914e-06
3712,savee,DC,DC_n07.wav,Neutral,401,Neutral,Neutral,True,0.6841244,7.707174e-06,0.039957076,7.095947e-05,1.9127508e-08,0.6841244,0.2758398,6.109326e-08
3713,savee,DC,DC_n08.wav,Neutral,350,Neutral,Neutral,True,0.9909149,0.0060353023,0.00084659207,0.00013213615,3.966966e-05,0.9909149,0.0020099946,2.1430322e-05
3714,savee,DC,DC_n09.wav,Neutral,379,Neutral,Neutral,True,0.998494,1.02545955e-05,2.8037724e-05,1.7835745e-06,2.017398e-06,0.998494,0.0014638699,1.2094895e-08
3715,savee,DC,DC_n10.wav,Neutral,401,Neutral,Neutral,True,0.98373437,2.878086e-05,0.0010968815,2.780758e-05,4.7053433e-07,0.98373437,0.015111707,3.2981983e-08
3716,savee,DC,DC_n11.wav,Neutral,401,Neutral,Neutral,True,0.77073383,9.4757127e-07,5.0503266e-05,6.6093153e-06,7.5656744e-06,0.77073383,0.22920056,3.581759e-08
3717,savee,DC,DC_n12.wav,Neutral,298,Neutral,Neutral,True,0.99931204,3.0821245e-06,0.0002208747,7.1290515e-08,6.266886e-08,0.99931204,0.00046374302,8.053075e-08
3718,savee,DC,DC_n13.wav,Neutral,279,Neutral,Disgust,False,0.79151034,0.00062762364,0.79151034,0.0032409965,0.00073887245,0.19284582,0.010306901,0.00072936784
3719,savee,DC,DC_n14.wav,Neutral,401,Neutral,Sad,False,0.89214873,2.8171129e-05,0.00062107126,4.6754943e-05,6.7013384e-06,0.10714753,0.89214873,1.010505e-06
3720,savee,DC,DC_n15.wav,Neutral,401,Neutral,Sad,False,0.78740823,2.7102737e-06,0.0001160055,6.545952e-07,7.381768e-08,0.21247233,0.78740823,7.234502e-09
3721,savee,DC,DC_n16.wav,Neutral,382,Neutral,Neutral,True,0.95467025,3.172433e-05,6.0436898e-05,0.0033633246,1.6766451e-05,0.95467025,0.04185708,4.4256655e-07
3722,savee,DC,DC_n17.wav,Neutral,346,Neutral,Neutral,True,0.99941516,1.859283e-06,5.552772e-05,3.394736e-07,1.1530473e-07,0.99941516,0.0005271115,8.8508125e-09
3723,savee,DC,DC_n18.wav,Neutral,189,Neutral,Neutral,True,0.8370813,0.051988933,0.014841647,0.0019152805,0.008864866,0.8370813,0.085265175,4.2801003e-05
3724,savee,DC,DC_n19.wav,Neutral,325,Neutral,Neutral,True,0.8690162,0.02659573,0.01202973,0.002297433,0.0074061225,0.8690162,0.08235502,0.00029970633
3725,savee,DC,DC_n20.wav,Neutral,330,Neutral,Neutral,True,0.96292865,0.000597878,0.0024822084,2.3433555e-05,6.3317766e-06,0.96292865,0.03395329,8.180265e-06
3726,savee,DC,DC_n21.wav,Neutral,401,Neutral,Neutral,True,0.99747556,6.78291e-06,0.00027966007,5.1848106e-06,1.0002044e-06,0.99747556,0.0022318359,2.2635295e-10
3727,savee,DC,DC_n22.wav,Neutral,306,Neutral,Neutral,True,0.9159583,0.024953546,0.02312233,0.005284356,0.018826514,0.9159583,0.010709343,0.0011456129
3728,savee,DC,DC_n23.wav,Neutral,332,Neutral,Neutral,True,0.98324156,0.00052360765,0.00031024768,0.0007566155,0.00049129286,0.98324156,0.014672186,4.4638223e-06
3729,savee,DC,DC_n24.wav,Neutral,387,Neutral,Neutral,True,0.9520847,4.943589e-06,4.042475e-05,1.1325143e-05,9.3603795e-08,0.9520847,0.047858533,6.859174e-10
3730,savee,DC,DC_n25.wav,Neutral,401,Neutral,Neutral,True,0.7951991,5.9125114e-07,0.0036939373,0.0002379872,7.1628514e-05,0.7951991,0.20079166,5.123193e-06
3731,savee,DC,DC_n26.wav,Neutral,314,Neutral,Neutral,True,0.96688265,2.8206667e-05,0.0004912314,0.000116005314,1.5565409e-05,0.96688265,0.03246515,1.2273243e-06
3732,savee,DC,DC_n27.wav,Neutral,401,Neutral,Neutral,True,0.8460095,0.00014557451,0.00011945343,7.909181e-05,1.0080253e-05,0.8460095,0.15363489,1.4487221e-06
3733,savee,DC,DC_n28.wav,Neutral,401,Neutral,Sad,False,0.9992849,6.926541e-10,6.78374e-06,3.7444167e-07,1.5432021e-06,0.0007064136,0.9992849,4.7416563e-12
3734,savee,DC,DC_n29.wav,Neutral,329,Neutral,Neutral,True,0.99375904,0.00068772543,0.00019902045,0.00090450037,0.00085824623,0.99375904,0.0035906779,8.0501223e-07
3735,savee,DC,DC_n30.wav,Neutral,401,Neutral,Neutral,True,0.7531749,6.7857004e-06,0.0030566233,5.9495146e-06,9.771753e-08,0.7531749,0.24375549,1.8448313e-07
3736,savee,DC,DC_sa01.wav,Sad,401,Sad,Neutral,False,0.78847796,0.00031718286,0.00048598376,0.0015700845,0.00015825925,0.78847796,0.20894808,4.2501044e-05
3737,savee,DC,DC_sa02.wav,Sad,394,Sad,Sad,True,0.5439835,0.0038184128,0.018511273,0.015465333,0.003901986,0.41123706,0.5439835,0.0030824787
3738,savee,DC,DC_sa03.wav,Sad,243,Sad,Neutral,False,0.60552853,0.02059319,0.13413672,0.002268628,0.008753613,0.60552853,0.21851718,0.010202241
3739,savee,DC,DC_sa04.wav,Sad,401,Sad,Neutral,False,0.6766722,0.00012653455,0.00067758973,7.685197e-05,1.840311e-05,0.6766722,0.32240936,1.9131958e-05
3740,savee,DC,DC_sa05.wav,Sad,401,Sad,Sad,True,0.9677503,6.2559416e-06,0.005490899,0.00020769157,3.827145e-05,0.026505437,0.9677503,1.1845018e-06
3741,savee,DC,DC_sa06.wav,Sad,401,Sad,Sad,True,0.60761917,0.00012620995,0.047853492,0.022218823,0.0007822543,0.32119197,0.60761917,0.00020808475
3742,savee,DC,DC_sa07.wav,Sad,292,Sad,Sad,True,0.4109114,0.024250885,0.0024130172,0.081842326,0.047512632,0.37302557,0.4109114,0.060044196
3743,savee,DC,DC_sa08.wav,Sad,307,Sad,Neutral,False,0.5522814,0.014101192,0.004177789,0.046104643,0.0074478714,0.5522814,0.3282271,0.047660068
3744,savee,DC,DC_sa09.wav,Sad,275,Sad,Neutral,False,0.7025037,0.00057499396,0.060158968,0.00020940947,8.849451e-05,0.7025037,0.23632129,0.00014317903
3745,savee,DC,DC_sa10.wav,Sad,401,Sad,Sad,True,0.8721342,7.117078e-05,6.6511086e-05,0.012907013,0.038930293,0.075442344,0.8721342,0.00044841736
3746,savee,DC,DC_sa11.wav,Sad,401,Sad,Neutral,False,0.56600153,0.0059072655,0.003432213,0.004584092,0.00021204632,0.56600153,0.41982192,4.0984494e-05
3747,savee,DC,DC_sa12.wav,Sad,401,Sad,Happy,False,0.81171316,0.079583496,0.0032770755,0.07218917,0.81171316,0.0015992558,0.013393515,0.01824438
3748,savee,DC,DC_sa13.wav,Sad,401,Sad,Angry,False,0.33422664,0.33422664,0.12756412,0.001804082,0.10296781,0.016777746,0.30870745,0.10795216
3749,savee,DC,DC_sa14.wav,Sad,401,Sad,Sad,True,0.7669122,0.069006406,5.6033685e-05,0.029792262,0.074083455,0.059535436,0.7669122,0.0006141757
3750,savee,DC,DC_sa15.wav,Sad,401,Sad,Neutral,False,0.5270845,0.0057172314,0.004074469,0.0049083265,0.0003318691,0.5270845,0.4577928,9.087022e-05
3751,savee,DC,DC_su01.wav,Surprise,325,Surprise,Fear,False,0.920241,1.7809003e-05,7.802768e-07,0.920241,0.0056017623,0.00012124924,3.994945e-05,0.07397749
3752,savee,DC,DC_su02.wav,Surprise,323,Surprise,Fear,False,0.4180875,0.0036843151,0.0006175748,0.4180875,0.038375326,0.07812792,0.054060157,0.40704718
3753,savee,DC,DC_su03.wav,Surprise,187,Surprise,Happy,False,0.84586364,0.060330532,0.0001243786,0.019527039,0.84586364,0.045046847,0.007941714,0.021165853
3754,savee,DC,DC_su04.wav,Surprise,336,Surprise,Happy,False,0.52239686,0.0009899995,8.899872e-05,0.058013767,0.52239686,0.14408627,0.015549122,0.25887504
3755,savee,DC,DC_su05.wav,Surprise,284,Surprise,Surprise,True,0.9217513,0.001259819,0.0016246943,0.030653551,0.0026589506,0.002524664,0.03952698,0.9217513
3756,savee,DC,DC_su06.wav,Surprise,243,Surprise,Fear,False,0.42469385,0.0019028492,7.1517316e-05,0.42469385,0.13038069,0.010779661,0.03104226,0.40112916
3757,savee,DC,DC_su07.wav,Surprise,346,Surprise,Surprise,True,0.579813,0.0010271893,0.023659244,0.033984404,0.3117289,0.033541054,0.016246166,0.579813
3758,savee,DC,DC_su08.wav,Surprise,381,Surprise,Surprise,True,0.43626088,0.00012727876,0.00023065721,0.23478079,0.2957731,0.00066466694,0.032162644,0.43626088
3759,savee,DC,DC_su09.wav,Surprise,344,Surprise,Happy,False,0.5082439,0.0050697853,0.04532933,0.05518599,0.5082439,0.09386505,0.006211894,0.28609404
3760,savee,DC,DC_su10.wav,Surprise,401,Surprise,Sad,False,0.58161104,0.0011816393,0.0067652976,0.09993415,0.031710323,0.27849376,0.58161104,0.00030377018
3761,savee,DC,DC_su11.wav,Surprise,268,Surprise,Fear,False,0.76072305,0.000101481535,0.00014775393,0.76072305,0.0090248585,0.00067950477,0.08103173,0.14829168
3762,savee,DC,DC_su12.wav,Surprise,401,Surprise,Fear,False,0.67764556,8.8620445e-06,1.3721346e-06,0.67764556,0.11191066,0.0016968773,0.20680597,0.0019305835
3763,savee,DC,DC_su13.wav,Surprise,401,Surprise,Surprise,True,0.99332243,5.6642207e-06,1.8250792e-05,0.0010450438,0.0055977106,4.3083805e-08,1.0860903e-05,0.99332243
3764,savee,DC,DC_su14.wav,Surprise,401,Surprise,Happy,False,0.7526036,0.00039927402,0.0025613848,0.019633021,0.7526036,0.0015369175,0.2179974,0.0052683298
3765,savee,DC,DC_su15.wav,Surprise,401,Surprise,Fear,False,0.69017845,0.00016611906,9.354228e-05,0.69017845,0.17942576,0.00018394564,0.043325286,0.086626865
4143,tess,OAF,OAF_base_fear.wav,Fear,170,Fear,Fear,True,1.0,1.8117364e-08,1.03822844e-11,1.0,5.5474986e-10,7.0623907e-09,8.57629e-09,1.99251e-09
4145,tess,OAF,OAF_base_neutral.wav,Neutral,215,Neutral,Neutral,True,0.9999956,4.023315e-08,1.4975583e-07,1.0750183e-07,7.237072e-08,0.9999956,2.3146265e-07,3.87158e-06
4147,tess,OAF,OAF_base_sad.wav,Sad,253,Sad,Sad,True,0.99999845,4.3366977e-09,9.835087e-10,1.8831557e-10,5.282014e-10,1.5721129e-06,0.99999845,7.7113814e-13
4149,tess,OAF,OAF_bath_disgust.wav,Disgust,228,Disgust,Disgust,True,0.99993813,1.3647167e-07,0.99993813,1.4943379e-07,1.7315779e-08,1.0326053e-05,5.098444e-05,2.8694996e-07
4150,tess,OAF,OAF_bath_fear.wav,Fear,164,Fear,Fear,True,0.9999443,2.6194365e-07,4.842853e-09,0.9999443,1.2424618e-06,1.5377448e-07,1.0893054e-06,5.302592e-05
4164,tess,OAF,OAF_beg_fear.wav,Fear,157,Fear,Fear,True,1.0,9.366696e-10,4.3152548e-11,1.0,4.9961546e-09,8.9474e-10,4.1601264e-10,6.992318e-09
4166,tess,OAF,OAF_beg_neutral.wav,Neutral,198,Neutral,Neutral,True,0.9999461,2.4658513e-09,3.4440932e-09,3.9839397e-06,4.0641003e-06,0.9999461,3.958559e-05,6.153639e-06
4171,tess,OAF,OAF_bite_fear.wav,Fear,131,Fear,Fear,True,1.0,1.7140323e-08,1.3551676e-10,1.0,7.551515e-10,4.4511683e-10,2.341722e-09,1.3484422e-08
4178,tess,OAF,OAF_boat_happy.wav,Happy,160,Happy,Happy,True,0.99992764,3.5662015e-05,4.465099e-09,8.927547e-09,0.99992764,1.9902426e-09,5.5841026e-10,3.6758065e-05
4182,tess,OAF,OAF_bone_angry.wav,Angry,157,Angry,Angry,True,0.99999857,0.99999857,6.130919e-09,1.1090401e-06,3.269097e-07,1.6450605e-10,2.1385045e-09,1.9294157e-08
4185,tess,OAF,OAF_bone_happy.wav,Happy,209,Happy,Happy,True,0.99998045,5.811068e-09,8.897401e-09,1.0154137e-08,0.99998045,7.4445214e-11,5.8148982e-11,1.958657e-05
4188,tess,OAF,OAF_bone_sad.wav,Sad,247,Sad,Sad,True,0.99917644,2.7298486e-07,6.356186e-07,3.0811858e-08,2.270044e-08,0.00082259125,0.99917644,2.9802963e-10
4194,tess,OAF,OAF_book_ps.wav,Surprise,170,Surprise,Surprise,True,0.99990714,3.2244483e-07,8.905374e-09,8.079959e-07,8.76588e-05,3.8197195e-06,2.156254e-07,0.99990714
4195,tess,OAF,OAF_book_sad.wav,Sad,249,Sad,Sad,True,0.99999905,2.279425e-09,7.761369e-08,2.5937225e-10,4.1225548e-10,8.491414e-07,0.99999905,1.7867778e-13
4200,tess,OAF,OAF_bought_neutral.wav,Neutral,196,Neutral,Neutral,True,1.0,1.4730393e-10,4.2973797e-12,1.3230987e-10,4.897014e-10,1.0,1.35956e-08,1.3928911e-10
4201,tess,OAF,OAF_bought_ps.wav,Surprise,194,Surprise,Surprise,True,0.9999999,1.0092508e-08,6.109451e-08,1.7906629e-08,1.3634571e-09,5.5473954e-09,1.4106794e-09,0.9999999
4204,tess,OAF,OAF_burn_disgust.wav,Disgust,221,Disgust,Disgust,True,0.9999994,5.151361e-07,0.9999994,2.3073721e-10,6.639831e-08,1.73358e-09,1.0464202e-08,5.9248326e-09
4207,tess,OAF,OAF_burn_neutral.wav,Neutral,214,Neutral,Neutral,True,0.99999976,3.3844097e-10,6.0952327e-10,3.002997e-08,2.0870519e-10,0.99999976,1.1150084e-07,6.440324e-08
4232,tess,OAF,OAF_cause_disgust.wav,Disgust,249,Disgust,Disgust,True,0.9999951,2.3858583e-08,0.9999951,2.829738e-09,1.2863198e-09,1.6821707e-08,4.823866e-06,5.0382866e-08
4242,tess,OAF,OAF_chain_neutral.wav,Neutral,212,Neutral,Neutral,True,0.9999994,3.1179262e-08,2.2138018e-08,6.7684494e-09,1.5345226e-09,0.9999994,7.95219e-08,4.0449615e-07
4250,tess,OAF,OAF_chair_ps.wav,Surprise,196,Surprise,Surprise,True,0.9999938,3.3071164e-08,1.0142781e-07,5.785259e-06,1.5199699e-07,8.14102e-08,1.1234906e-09,0.9999938
4258,tess,OAF,OAF_chalk_sad.wav,Sad,245,Sad,Sad,True,0.9999714,1.4359282e-06,1.5863996e-05,1.02573114e-08,3.869653e-11,1.1295764e-05,0.9999714,1.0458252e-10
4262,tess,OAF,OAF_chat_happy.wav,Happy,180,Happy,Happy,True,0.99969125,2.0583627e-07,3.7209091e-09,1.8338366e-09,0.99969125,9.9127064e-08,9.2838653e-10,0.00030844088
4270,tess,OAF,OAF_check_neutral.wav,Neutral,184,Neutral,Neutral,True,0.99999154,7.5133644e-10,1.1914336e-10,8.159368e-06,1.8938255e-07,0.99999154,3.3836756e-08,1.2201154e-07
4271,tess,OAF,OAF_check_ps.wav,Surprise,212,Surprise,Surprise,True,0.99999774,2.008782e-11,9.204956e-10,6.05622e-08,2.1897642e-06,6.3298993e-09,1.464329e-11,0.99999774
4281,tess,OAF,OAF_chief_disgust.wav,Disgust,245,Disgust,Disgust,True,0.99993956,4.781031e-05,0.99993956,1.6810219e-08,3.5955154e-06,3.504916e-07,2.7233245e-06,6.0412913e-06
4291,tess,OAF,OAF_choice_neutral.wav,Neutral,207,Neutral,Neutral,True,1.0,2.503971e-10,2.4982558e-10,3.3594922e-08,6.4104155e-10,1.0,4.056412e-08,9.7566915e-09
4296,tess,OAF,OAF_cool_fear.wav,Fear,157,Fear,Fear,True,1.0,1.0032221e-09,1.5369738e-11,1.0,1.11907e-10,9.200923e-10,1.10503615e-08,2.0124924e-10
4303,tess,OAF,OAF_dab_fear.wav,Fear,147,Fear,Fear,True,1.0,3.417791e-11,1.0143209e-11,1.0,9.966393e-12,2.460434e-10,2.5046062e-10,1.069034e-11
4305,tess,OAF,OAF_dab_neutral.wav,Neutral,199,Neutral,Neutral,True,1.0,2.3968208e-12,1.03277525e-11,3.0455949e-09,1.8812954e-10,1.0,1.7558913e-08,1.0124554e-08
4311,tess,OAF,OAF_date_happy.wav,Happy,212,Happy,Happy,True,0.9999968,4.617343e-09,1.6531484e-09,6.611061e-09,0.9999968,1.9577964e-09,4.4749357e-11,3.157449e-06
4314,tess,OAF,OAF_date_sad.wav,Sad,245,Sad,Sad,True,0.99959177,2.9681074e-08,3.4704547e-07,6.486496e-07,1.876484e-08,0.0004071492,0.99959177,1.0227708e-09
4315,tess,OAF,OAF_dead_angry.wav,Angry,142,Angry,Angry,True,0.999998,0.999998,3.5028114e-09,1.9315723e-06,4.312488e-08,6.176779e-11,5.7051963e-10,3.0252803e-08
4320,tess,OAF,OAF_dead_ps.wav,Surprise,196,Surprise,Surprise,True,0.9999627,4.0420034e-08,5.8813475e-07,2.3288962e-05,7.885927e-07,3.194669e-06,9.422898e-06,0.9999627
4327,tess,OAF,OAF_death_ps.wav,Surprise,180,Surprise,Surprise,True,0.99965036,1.1096467e-07,5.815583e-08,0.0003494882,1.7775811e-08,2.019576e-08,3.048896e-08,0.99965036
4338,tess,OAF,OAF_dime_fear.wav,Fear,161,Fear,Fear,True,1.0,5.7269772e-11,1.43025e-11,1.0,4.2286055e-10,7.800838e-12,9.444554e-10,2.2916027e-09
4347,tess,OAF,OAF_dip_neutral.wav,Neutral,173,Neutral,Neutral,True,0.9999963,9.115841e-09,1.798669e-09,2.8426014e-06,3.3161303e-09,0.9999963,8.900106e-07,7.653764e-09
4350,tess,OAF,OAF_ditch_angry.wav,Angry,152,Angry,Angry,True,0.99999344,0.99999344,8.7865864e-08,4.6797304e-06,1.5118108e-06,2.8925278e-08,8.623061e-09,1.5254687e-07
4354,tess,OAF,OAF_ditch_neutral.wav,Neutral,199,Neutral,Neutral,True,0.99997556,1.5922895e-06,2.060774e-08,1.5458283e-05,3.7690265e-06,0.99997556,3.0701068e-07,3.2167586e-06
4360,tess,OAF,OAF_dodge_happy.wav,Happy,210,Happy,Happy,True,1.0,2.7573957e-10,1.9697848e-09,5.5914263e-13,1.0,9.797244e-14,2.211933e-12,4.2357033e-09
4373,tess,OAF,OAF_doll_fear.wav,Fear,151,Fear,Fear,True,0.9999553,4.0449915e-05,1.0575105e-06,0.9999553,7.0462454e-07,1.2516324e-07,2.026108e-06,4.0223028e-07
4393,tess,OAF,OAF_fall_disgust.wav,Disgust,240,Disgust,Disgust,True,0.9999982,1.3786593e-08,0.9999982,2.744977e-07,3.0628605e-10,2.428837e-07,1.3650885e-06,6.1391986e-10
4394,tess,OAF,OAF_fall_fear.wav,Fear,159,Fear,Fear,True,1.0,4.695062e-10,1.9509837e-10,1.0,2.2365236e-10,5.324504e-11,1.9809573e-08,9.42839e-10
4397,tess,OAF,OAF_fall_ps.wav,Surprise,184,Surprise,Surprise,True,1.0,7.980809e-11,2.7729213e-11,2.1561395e-09,1.1085526e-09,2.9093188e-11,6.54774e-11,1.0
4402,tess,OAF,OAF_far_happy.wav,Happy,204,Happy,Happy,True,0.9999999,2.6961897e-09,2.182984e-08,6.912752e-09,0.9999999,1.6167267e-08,4.2396247e-12,1.1441138e-07
4406,tess,OAF,OAF_fat_angry.wav,Angry,145,Angry,Angry,True,0.99999964,0.99999964,7.1910575e-09,3.3161507e-07,9.590725e-09,1.8127787e-09,1.15568326e-10,7.7453505e-10
4409,tess,OAF,OAF_fat_happy.wav,Happy,183,Happy,Happy,True,0.999926,1.2302722e-08,3.0953102e-09,4.3085603e-08,0.999926,4.042408e-09,1.0932436e-09,7.407087e-05
4410,tess,OAF,OAF_fat_neutral.wav,Neutral,197,Neutral,Neutral,True,0.99999833,1.4831716e-07,1.15945396e-08,7.3595925e-07,1.1047899e-08,0.99999833,7.647309e-07,2.7357949e-08
4416,tess,OAF,OAF_fit_happy.wav,Happy,183,Happy,Happy,True,0.999869,2.474496e-08,3.13113e-08,5.4566602e-08,0.999869,2.5436687e-08,2.3866076e-09,0.00013096472
4418,tess,OAF,OAF_fit_ps.wav,Surprise,187,Surprise,Surprise,True,0.98532724,3.3059231e-07,1.174955e-05,1.3069962e-05,0.014597696,4.975455e-05,1.1709839e-07,0.98532724
4426,tess,OAF,OAF_five_sad.wav,Sad,255,Sad,Sad,True,0.9999865,2.934012e-10,6.423089e-08,1.15883516e-07,3.4323822e-09,1.3263222e-05,0.9999865,1.29909425e-11
4427,tess,OAF,OAF_food_angry.wav,Angry,148,Angry,Angry,True,0.99999833,0.99999833,1.0621535e-09,1.6772855e-06,7.673865e-09,5.045799e-10,2.7259892e-10,2.556896e-10
4445,tess,OAF,OAF_gas_neutral.wav,Neutral,209,Neutral,Neutral,True,0.9999505,1.3901305e-07,3.9756524e-06,3.6840972e-06,1.7352926e-08,0.9999505,4.8193883e-08,4.155601e-05
4450,tess,OAF,OAF_gaze_fear.wav,Fear,167,Fear,Fear,True,0.99999976,2.2040352e-07,1.3638775e-10,0.99999976,3.4445868e-09,1.6371439e-09,6.509861e-10,3.2947625e-09
4454,tess,OAF,OAF_gaze_sad.wav,Sad,295,Sad,Sad,True,0.99999034,8.559946e-09,5.3160306e-07,2.8023495e-08,1.1568338e-06,7.939911e-06,0.99999034,4.9909415e-10
4462,tess,OAF,OAF_get_angry.wav,Angry,161,Angry,Angry,True,0.99999225,0.99999225,5.9425734e-08,6.7569763e-06,9.202814e-07,4.3623572e-08,7.5209154e-09,1.1398729e-07
4467,tess,OAF,OAF_get_ps.wav,Surprise,186,Surprise,Surprise,True,0.9996432,6.553384e-08,2.1619724e-07,2.076124e-08,0.00035568041,8.292486e-07,3.241522e-10,0.9996432
4468,tess,OAF,OAF_get_sad.wav,Sad,237,Sad,Sad,True,0.999951,2.1381886e-11,2.6549885e-09,4.7870913e-10,1.0829128e-09,4.8969454e-05,0.999951,2.366428e-12
4476,tess,OAF,OAF_goal_angry.wav,Angry,149,Angry,Angry,True,0.9998578,0.9998578,3.8839204e-07,0.00013857616,2.9467067e-06,2.0094543e-08,2.0946906e-07,1.4780088e-07
4482,tess,OAF,OAF_goal_sad.wav,Sad,257,Sad,Sad,True,0.99999976,1.3615538e-10,1.2367103e-07,6.380413e-08,9.944493e-09,3.7562135e-08,0.99999976,3.3535627e-12
4489,tess,OAF,OAF_good_sad.wav,Sad,236,Sad,Sad,True,0.9999975,5.3219828e-11,1.9074191e-08,8.553968e-09,3.829139e-10,2.5455054e-06,0.9999975,1.380982e-12
4493,tess,OAF,OAF_goose_happy.wav,Happy,183,Happy,Happy,True,0.99989784,4.0829e-08,8.098005e-09,1.8063871e-07,0.99989784,4.3867604e-11,1.1162144e-10,0.00010196977
4507,tess,OAF,OAF_half_happy.wav,Happy,206,Happy,Happy,True,0.9997986,6.351945e-08,1.8952548e-08,1.4325644e-06,0.9997986,3.5192027e-08,1.0528514e-09,0.0001998637
4513,tess,OAF,OAF_hall_fear.wav,Fear,133,Fear,Fear,True,0.99999964,1.7159539e-09,8.198837e-11,0.99999964,2.0970106e-07,9.3502575e-09,1.8655385e-08,5.5449952e-08
4535,tess,OAF,OAF_have_happy.wav,Happy,205,Happy,Happy,True,0.9999995,2.4822125e-08,1.2472609e-09,3.1366483e-09,0.9999995,1.3037898e-08,1.334213e-10,4.1702793e-07
4543,tess,OAF,OAF_haze_neutral.wav,Neutral,198,Neutral,Neutral,True,0.99999285,1.4025477e-10,4.843984e-09,5.7987813e-06,6.2551955e-08,0.99999285,1.1713062e-06,7.152997e-08
4544,tess,OAF,OAF_haze_ps.wav,Surprise,211,Surprise,Surprise,True,0.99998975,2.5679663e-08,1.0535536e-08,5.0941985e-06,5.0713966e-06,1.6055676e-08,2.6205373e-09,0.99998975
4571,tess,OAF,OAF_home_neutral.wav,Neutral,202,Neutral,Neutral,True,0.9999999,2.085175e-13,9.4114916e-12,2.0537954e-09,5.361813e-11,0.9999999,7.495715e-08,2.2599882e-10
4591,tess,OAF,OAF_jail_happy.wav,Happy,176,Happy,Happy,True,0.9999974,2.3294987e-07,3.6967975e-09,3.9669114e-08,0.9999974,1.7634576e-09,2.8156746e-10,2.3673083e-06
4597,tess,OAF,OAF_jar_fear.wav,Fear,166,Fear,Fear,True,1.0,8.4284733e-13,5.605778e-13,1.0,6.0396854e-10,2.1860892e-11,1.8347243e-10,2.2240492e-08
4622,tess,OAF,OAF_jug_sad.wav,Sad,242,Sad,Sad,True,0.9999907,2.0158362e-09,4.061298e-08,2.0885045e-08,1.0913441e-08,9.184506e-06,0.9999907,4.122731e-11
4629,tess,OAF,OAF_juice_sad.wav,Sad,254,Sad,Sad,True,0.9998635,1.17322884e-07,1.1219873e-08,1.6432323e-07,6.289545e-08,0.00013613724,0.9998635,3.267926e-11
4636,tess,OAF,OAF_keen_sad.wav,Sad,246,Sad,Sad,True,0.9999409,4.366245e-08,1.2904172e-06,1.7375304e-07,1.9840693e-08,5.7613757e-05,0.9999409,1.598966e-10
4641,tess,OAF,OAF_keep_neutral.wav,Neutral,190,Neutral,Neutral,True,0.9999751,4.2225923e-10,1.1747212e-09,2.1886895e-06,5.312202e-06,0.9999751,1.7343813e-05,8.7560274e-08
4654,tess,OAF,OAF_kick_happy.wav,Happy,218,Happy,Happy,True,0.99998343,1.9238662e-07,1.7255395e-07,4.7723574e-07,0.99998343,2.8151243e-07,2.5753224e-08,1.5486485e-05
4664,tess,OAF,OAF_kill_sad.wav,Sad,260,Sad,Sad,True,0.99999905,3.3098568e-10,9.907053e-10,4.8550375e-10,2.9172758e-09,1.0085217e-06,0.99999905,3.7493942e-13
4668,tess,OAF,OAF_king_happy.wav,Happy,188,Happy,Happy,True,0.9999498,2.4682412e-09,1.6101865e-08,5.2440075e-09,0.9999498,3.682986e-11,3.462682e-12,5.0193863e-05
4670,tess,OAF,OAF_king_ps.wav,Surprise,192,Surprise,Surprise,True,1.0,4.1524503e-11,8.81914e-10,7.602564e-09,1.3783608e-10,3.5049437e-09,9.930654e-10,1.0
4676,tess,OAF,OAF_kite_neutral.wav,Neutral,193,Neutral,Neutral,True,0.9999999,3.1577263e-12,1.4602313e-12,3.0888287e-08,1.9406938e-08,0.9999999,1.158466e-07,3.6664223e-09
4686,tess,OAF,OAF_late_angry.wav,Angry,145,Angry,Angry,True,0.99999905,0.99999905,7.990969e-09,8.618408e-07,6.723981e-08,6.2907396e-10,6.6407724e-10,1.3028868e-08
4689,tess,OAF,OAF_late_happy.wav,Happy,197,Happy,Happy,True,0.99999964,8.41406e-10,1.2110926e-10,4.20092e-09,0.99999964,1.364788e-10,1.41238184e-11,4.0060544e-07
4699,tess,OAF,OAF_laud_sad.wav,Sad,236,Sad,Sad,True,0.99994004,1.6390342e-08,8.666179e-09,1.9462508e-10,2.0901272e-09,5.9922146e-05,0.99994004,2.57212e-14
4717,tess,OAF,OAF_lease_happy.wav,Happy,225,Happy,Happy,True,0.9984244,1.0879317e-08,8.4845176e-08,4.474418e-06,0.9984244,3.5373287e-06,7.104097e-06,0.0015603126
4722,tess,OAF,OAF_lid_disgust.wav,Disgust,201,Disgust,Disgust,True,0.6801099,0.0007701331,0.6801099,0.0009549654,0.0002517723,0.3157061,0.0004954895,0.0017116714
4723,tess,OAF,OAF_lid_fear.wav,Fear,152,Fear,Fear,True,0.99999845,7.335667e-08,8.153944e-11,0.99999845,1.0086433e-06,6.468072e-09,4.031809e-07,3.6884646e-08
4735,tess,OAF,OAF_limb_angry.wav,Angry,163,Angry,Angry,True,0.9999846,0.9999846,6.298002e-08,9.021532e-06,5.9936215e-06,1.4586372e-07,1.05524016e-07,2.3381435e-08
4738,tess,OAF,OAF_limb_happy.wav,Happy,187,Happy,Happy,True,0.9999994,7.8187995e-08,1.8829886e-10,3.243648e-10,0.9999994,1.2220726e-10,9.7686624e-12,4.2927678e-07
4750,tess,OAF,OAF_loaf_disgust.wav,Disgust,253,Disgust,Disgust,True,0.99925154,0.00073321466,0.99925154,6.805629e-08,1.6322438e-06,1.6681928e-07,2.9478902e-06,1.0449095e-05
4755,tess,OAF,OAF_loaf_sad.wav,Sad,268,Sad,Sad,True,0.9999964,3.052761e-09,3.54038e-09,9.623419e-09,8.7160394e-08,3.3994475e-06,0.9999964,1.1219741e-11
4764,tess,OAF,OAF_lore_disgust.wav,Disgust,237,Disgust,Disgust,True,0.99994576,3.217818e-05,0.99994576,3.032789e-08,1.4121208e-06,4.568557e-06,1.2557584e-05,3.5554995e-06
4765,tess,OAF,OAF_lore_fear.wav,Fear,155,Fear,Fear,True,0.999998,8.762246e-07,4.0297525e-08,0.999998,2.2562058e-07,3.170066e-09,2.9106894e-07,5.141194e-07
4771,tess,OAF,OAF_lose_disgust.wav,Disgust,225,Disgust,Disgust,True,0.9287624,0.0006135218,0.9287624,0.00013969843,2.900892e-06,0.028137919,0.042240977,0.00010265706
4772,tess,OAF,OAF_lose_fear.wav,Fear,138,Fear,Fear,True,1.0,2.3021829e-09,6.022356e-12,1.0,3.871288e-09,2.4855573e-09,1.2123261e-08,1.6536339e-08
4776,tess,OAF,OAF_lose_sad.wav,Sad,248,Sad,Sad,True,0.9999945,9.757252e-09,1.8699687e-07,1.1406225e-09,5.57134e-09,5.298108e-06,0.9999945,4.501169e-12
4785,tess,OAF,OAF_love_disgust.wav,Disgust,235,Disgust,Disgust,True,0.99981445,0.00012693473,0.99981445,8.4761984e-07,4.3275057e-05,1.0176425e-06,1.3345409e-05,1.510764e-07
4786,tess,OAF,OAF_love_fear.wav,Fear,155,Fear,Fear,True,1.0,6.2268907e-10,6.3205543e-12,1.0,2.4456832e-09,1.0564993e-10,4.919297e-09,4.93316e-11
4794,tess,OAF,OAF_luck_happy.wav,Happy,194,Happy,Happy,True,0.9999999,2.8215404e-11,6.7227547e-12,1.8293268e-12,0.9999999,1.5426411e-12,5.2231036e-14,1.5553775e-07
4801,tess,OAF,OAF_make_happy.wav,Happy,177,Happy,Happy,True,0.9999958,1.4620001e-09,5.0079017e-11,1.1690592e-09,0.9999958,3.1388045e-12,5.652329e-13,4.173859e-06
4811,tess,OAF,OAF_match_sad.wav,Sad,285,Sad,Sad,True,0.9998807,4.7722943e-07,3.555271e-08,1.9112896e-08,1.8399325e-07,0.0001186138,0.9998807,3.7210376e-10
4816,tess,OAF,OAF_merge_neutral.wav,Neutral,206,Neutral,Neutral,True,0.9999999,7.3169587e-10,2.528202e-09,1.6078701e-08,3.1107666e-10,0.9999999,1.2520762e-07,2.7936503e-08
4819,tess,OAF,OAF_mess_angry.wav,Angry,170,Angry,Angry,True,0.9999838,0.9999838,5.4815285e-07,5.677966e-06,9.470089e-06,6.95791e-08,3.2507053e-08,3.3619523e-07
4826,tess,OAF,OAF_met_angry.wav,Angry,151,Angry,Angry,True,0.9998386,0.9998386,2.008795e-08,0.00015855061,2.3984671e-06,4.0958105e-07,6.51047e-08,5.2627243e-08
4827,tess,OAF,OAF_met_disgust.wav,Disgust,237,Disgust,Disgust,True,0.99999917,4.8846897e-07,0.99999917,1.4193005e-10,8.903362e-08,2.457876e-10,2.0025765e-07,1.4057156e-08
4831,tess,OAF,OAF_met_ps.wav,Surprise,222,Surprise,Surprise,True,0.9999968,1.5663648e-08,2.056279e-08,4.2975083e-07,2.8348884e-07,1.8993385e-06,6.28463e-07,0.9999968
4837,tess,OAF,OAF_mill_neutral.wav,Neutral,185,Neutral,Neutral,True,0.99999976,3.2131753e-10,7.606858e-12,1.2268713e-08,4.503804e-08,0.99999976,2.2257875e-07,4.3904554e-11
4839,tess,OAF,OAF_mill_sad.wav,Sad,268,Sad,Sad,True,0.99997306,1.7293454e-05,7.931789e-06,1.5673645e-08,3.951591e-08,1.6381227e-06,0.99997306,1.6418432e-10
4859,tess,OAF,OAF_mood_ps.wav,Surprise,209,Surprise,Surprise,True,0.9994092,1.7310457e-07,3.3791504e-05,3.9430404e-08,0.00054256595,1.3069436e-05,1.2401991e-06,0.9994092
4861,tess,OAF,OAF_moon_angry.wav,Angry,151,Angry,Angry,True,0.99961215,0.99961215,1.00525654e-07,0.00037816347,8.933191e-06,9.402677e-08,5.960508e-07,4.3063867e-08
4874,tess,OAF,OAF_mop_sad.wav,Sad,249,Sad,Sad,True,0.9999912,8.250937e-09,1.0003769e-07,2.7279699e-08,5.532279e-09,8.744343e-06,0.9999912,3.150573e-10
4881,tess,OAF,OAF_mouse_sad.wav,Sad,266,Sad,Sad,True,0.9996088,3.6192238e-09,3.921653e-09,1.4747122e-09,1.8219517e-08,0.0003911984,0.9996088,7.200425e-11
4887,tess,OAF,OAF_nag_ps.wav,Surprise,215,Surprise,Surprise,True,0.99999297,2.533531e-07,2.19949e-08,6.50342e-06,3.0990682e-07,6.129529e-09,1.2758426e-08,0.99999297
4895,tess,OAF,OAF_name_sad.wav,Sad,261,Sad,Sad,True,0.9999995,4.0470884e-09,4.6398583e-09,1.7113004e-08,2.4119386e-09,4.2656873e-07,0.9999995,1.8526769e-12
4898,tess,OAF,OAF_near_fear.wav,Fear,138,Fear,Fear,True,0.9999994,3.2633653e-07,4.1406754e-09,0.9999994,7.905245e-09,1.149625e-08,2.3742845e-07,8.741033e-09
4901,tess,OAF,OAF_near_ps.wav,Surprise,219,Surprise,Surprise,True,0.9998248,1.6397255e-06,0.00016872179,1.418826e-06,1.8443615e-06,3.0439378e-07,1.2310385e-06,0.9998248
4905,tess,OAF,OAF_neat_fear.wav,Fear,147,Fear,Fear,True,0.9999995,2.704802e-08,1.0014641e-10,0.9999995,1.1022107e-08,1.5909054e-08,4.120366e-07,6.2654586e-08
4915,tess,OAF,OAF_nice_ps.wav,Surprise,210,Surprise,Surprise,True,0.9999683,4.2503303e-09,1.6360687e-07,1.3991188e-08,3.0865125e-05,7.6612105e-07,8.1594426e-10,0.9999683
4922,tess,OAF,OAF_note_ps.wav,Surprise,201,Surprise,Surprise,True,0.999997,2.2512066e-09,2.138444e-09,2.9031725e-08,2.8113168e-06,6.685615e-08,2.0872275e-08,0.999997
4939,tess,OAF,OAF_page_disgust.wav,Disgust,252,Disgust,Disgust,True,0.9999982,3.649149e-09,0.9999982,3.543935e-08,8.779955e-09,2.5649152e-07,1.3422851e-06,1.4991126e-07
4944,tess,OAF,OAF_page_sad.wav,Sad,260,Sad,Sad,True,0.9999988,1.660682e-10,9.21553e-09,2.7130879e-08,7.549879e-10,1.2329107e-06,0.9999988,1.0363358e-11
4946,tess,OAF,OAF_pain_disgust.wav,Disgust,232,Disgust,Disgust,True,0.7121449,0.000498903,0.7121449,0.00884616,3.9438684e-05,0.06964117,0.015157778,0.19367154
4954,tess,OAF,OAF_pass_fear.wav,Fear,153,Fear,Fear,True,1.0,2.580102e-10,2.004239e-12,1.0,1.2369841e-09,4.784357e-11,2.2406654e-10,2.464517e-09
4955,tess,OAF,OAF_pass_happy.wav,Happy,228,Happy,Happy,True,0.99993396,8.51063e-08,3.402191e-07,5.1561035e-08,0.99993396,2.5209959e-09,7.095408e-09,6.551037e-05
4960,tess,OAF,OAF_pearl_disgust.wav,Disgust,234,Disgust,Disgust,True,0.99946326,1.0709342e-05,0.99946326,1.4409606e-07,4.5032684e-06,1.8262865e-07,3.989281e-07,0.0005207553
4968,tess,OAF,OAF_peg_fear.wav,Fear,148,Fear,Fear,True,0.9999993,6.3335864e-07,1.8757842e-09,0.9999993,3.611508e-08,8.246205e-09,2.9844266e-08,2.8610273e-08
4972,tess,OAF,OAF_peg_sad.wav,Sad,260,Sad,Sad,True,0.99999964,3.5118664e-10,6.160535e-09,3.532575e-08,2.5507548e-08,2.4924188e-07,0.99999964,6.58104e-12
4973,tess,OAF,OAF_perch_angry.wav,Angry,145,Angry,Angry,True,0.99999976,0.99999976,3.3941083e-09,8.592108e-08,1.1690025e-07,5.9805105e-10,2.3206136e-10,8.526422e-10
4976,tess,OAF,OAF_perch_happy.wav,Happy,193,Happy,Happy,True,0.999987,7.3285173e-09,3.215829e-08,3.8105117e-07,0.999987,1.7566748e-09,4.3400985e-09,1.26798905e-05
4978,tess,OAF,OAF_perch_ps.wav,Surprise,228,Surprise,Surprise,True,0.9900153,6.08269e-10,3.15158e-06,7.13722e-09,0.009981247,3.12541e-09,2.869408e-07,0.9900153
4992,tess,OAF,OAF_pick_ps.wav,Surprise,177,Surprise,Surprise,True,0.9999937,7.525916e-10,1.5714095e-10,2.8977247e-06,3.4760064e-06,2.4824465e-10,1.8507759e-09,0.9999937
5003,tess,OAF,OAF_pole_fear.wav,Fear,161,Fear,Fear,True,1.0,8.3665175e-10,1.4088739e-11,1.0,1.1479928e-09,4.6289746e-11,6.1081673e-09,1.5423678e-08
5009,tess,OAF,OAF_pool_disgust.wav,Disgust,228,Disgust,Disgust,True,0.9999989,8.1396486e-08,0.9999989,7.571865e-08,8.929635e-08,3.506147e-07,6.011333e-08,4.5998777e-07
5010,tess,OAF,OAF_pool_fear.wav,Fear,152,Fear,Fear,True,1.0,4.590281e-11,9.885854e-12,1.0,9.9784e-11,6.393854e-11,1.9809638e-09,1.0169217e-09
5022,tess,OAF,OAF_rag_angry.wav,Angry,161,Angry,Angry,True,0.9999862,0.9999862,7.59284e-08,1.2878183e-05,8.7437604e-07,9.657504e-09,1.6136107e-09,2.6979594e-08
5023,tess,OAF,OAF_rag_disgust.wav,Disgust,237,Disgust,Disgust,True,0.9999783,2.8393356e-07,0.9999783,1.5007404e-07,1.5058696e-06,7.7964796e-07,1.9010238e-05,7.772196e-09
5027,tess,OAF,OAF_rag_ps.wav,Surprise,194,Surprise,Surprise,True,0.99999523,3.0337546e-08,6.0572183e-09,1.9404675e-07,4.4007083e-06,7.263842e-08,1.2237481e-08,0.99999523
5028,tess,OAF,OAF_rag_sad.wav,Sad,282,Sad,Sad,True,0.9999999,3.7494743e-10,1.7329261e-09,7.495006e-10,2.8814959e-11,1.7215096e-07,0.9999999,1.4289777e-13
5036,tess,OAF,OAF_rain_angry.wav,Angry,151,Angry,Angry,True,0.99987936,0.99987936,9.343576e-08,7.894112e-05,4.1078034e-05,1.8789521e-07,7.935781e-08,2.6761688e-07
5049,tess,OAF,OAF_raise_sad.wav,Sad,292,Sad,Sad,True,0.99999046,4.0031223e-09,7.3420297e-09,3.263474e-08,4.9345297e-09,9.58309e-06,0.99999046,8.546154e-11
5052,tess,OAF,OAF_rat_fear.wav,Fear,148,Fear,Fear,True,0.9999976,2.5694968e-07,7.770297e-10,0.9999976,5.4676946e-07,5.9480965e-07,8.937048e-07,3.780132e-08
5055,tess,OAF,OAF_rat_ps.wav,Surprise,180,Surprise,Surprise,True,0.9999815,9.1332504e-07,6.353823e-08,2.645615e-06,1.0786315e-05,4.000028e-06,7.3214634e-09,0.9999815
5060,tess,OAF,OAF_reach_happy.wav,Happy,199,Happy,Happy,True,0.9996246,2.7816432e-06,8.5872756e-07,5.136394e-07,0.9996246,2.1211986e-09,5.9697816e-09,0.00037122922
5076,tess,OAF,OAF_red_ps.wav,Surprise,211,Surprise,Surprise,True,0.999915,8.134546e-07,3.983356e-06,4.6644305e-07,7.937499e-05,3.6780494e-07,4.8942123e-08,0.999915
5077,tess,OAF,OAF_red_sad.wav,Sad,244,Sad,Sad,True,0.99971336,5.8910646e-06,3.3028896e-06,1.3334219e-06,8.2963595e-07,0.00027532404,0.99971336,1.0447982e-09
5097,tess,OAF,OAF_road_ps.wav,Surprise,189,Surprise,Surprise,True,0.9999939,3.4525435e-10,1.9958916e-08,2.2593467e-09,1.3502361e-07,5.9096687e-06,6.2590297e-09,0.9999939
5104,tess,OAF,OAF_room_ps.wav,Surprise,180,Surprise,Surprise,True,0.99983,2.6947665e-08,1.5396422e-09,4.4815592e-06,7.3113966e-05,9.075798e-05,1.6119986e-06,0.99983
5112,tess,OAF,OAF_rose_sad.wav,Sad,266,Sad,Sad,True,0.9999925,9.6545314e-08,1.594779e-09,7.775005e-09,4.8088674e-07,6.866862e-06,0.9999925,4.1254105e-12
5133,tess,OAF,OAF_rush_sad.wav,Sad,241,Sad,Sad,True,0.9998085,5.765693e-08,2.5159483e-07,7.7316054e-10,5.0089387e-08,0.00019122346,0.9998085,2.2790732e-13
5136,tess,OAF,OAF_said_fear.wav,Fear,156,Fear,Fear,True,0.9999995,2.4650967e-07,2.5174118e-10,0.9999995,6.786083e-09,2.0018684e-09,5.1028226e-09,2.1355535e-07
5138,tess,OAF,OAF_said_neutral.wav,Neutral,202,Neutral,Neutral,True,0.99997103,6.970839e-08,1.396501e-09,1.5224784e-05,6.838169e-06,0.99997103,5.26774e-06,1.5848061e-06
5143,tess,OAF,OAF_sail_fear.wav,Fear,150,Fear,Fear,True,1.0,4.816031e-09,8.522534e-11,1.0,4.3144035e-09,2.1496802e-09,3.852505e-09,2.199602e-08
5152,tess,OAF,OAF_search_neutral.wav,Neutral,229,Neutral,Neutral,True,0.9999951,3.7318253e-07,3.9741445e-07,1.0527378e-06,7.6302005e-09,0.9999951,2.3271252e-06,7.2975763e-07
5165,tess,OAF,OAF_sell_happy.wav,Happy,199,Happy,Happy,True,0.99999666,5.2278346e-09,9.2011904e-10,5.7546012e-09,0.99999666,1.6701174e-08,4.4141815e-10,3.3612278e-06
5169,tess,OAF,OAF_shack_angry.wav,Angry,141,Angry,Angry,True,0.9999609,0.9999609,3.3005405e-09,3.832004e-05,7.809851e-07,1.8415118e-08,7.2446613e-09,3.1470936e-08
5171,tess,OAF,OAF_shack_fear.wav,Fear,161,Fear,Fear,True,1.0,1.0889998e-09,6.964382e-12,1.0,2.510246e-09,6.204235e-10,9.463908e-09,1.1551797e-09
5177,tess,OAF,OAF_shall_disgust.wav,Disgust,228,Disgust,Disgust,True,0.9995535,0.00020546113,0.9995535,1.5255889e-05,1.520353e-05,0.00017493575,3.0366647e-05,5.299157e-06
5179,tess,OAF,OAF_shall_happy.wav,Happy,204,Happy,Happy,True,0.99999905,1.8702241e-10,2.3375606e-09,1.7901898e-12,0.99999905,2.1356176e-11,1.4676014e-12,9.844916e-07
5183,tess,OAF,OAF_shawl_angry.wav,Angry,153,Angry,Angry,True,0.99999917,0.99999917,2.5944416e-09,8.2222374e-07,1.5893974e-08,1.8655182e-10,5.3513094e-10,2.2676043e-09
5184,tess,OAF,OAF_shawl_disgust.wav,Disgust,234,Disgust,Disgust,True,0.996243,0.0024011035,0.996243,1.71029e-06,0.0011846042,8.107e-07,1.3741249e-05,0.0001550036
5194,tess,OAF,OAF_sheep_neutral.wav,Neutral,184,Neutral,Neutral,True,0.9997205,5.258739e-09,4.794067e-09,0.00027341017,1.8624019e-06,0.9997205,9.014897e-07,3.195876e-06
5196,tess,OAF,OAF_sheep_sad.wav,Sad,268,Sad,Sad,True,0.9999999,1.3716964e-10,3.8743554e-08,8.0108e-09,1.6322996e-08,4.7498645e-09,0.9999999,3.983902e-10
5199,tess,OAF,OAF_shirt_fear.wav,Fear,130,Fear,Fear,True,0.9999999,9.219073e-09,4.2732554e-10,0.9999999,1.3173836e-08,7.4165833e-09,3.987112e-09,8.092226e-08
5200,tess,OAF,OAF_shirt_happy.wav,Happy,181,Happy,Happy,True,0.9999956,1.4242216e-08,1.1369204e-09,1.144344e-08,0.9999956,1.5983681e-09,1.5847396e-11,4.433098e-06
5224,tess,OAF,OAF_size_sad.wav,Sad,244,Sad,Sad,True,0.9999999,8.30005e-09,9.090459e-08,1.7132018e-08,2.007855e-08,2.8100834e-08,0.9999999,6.836833e-12
5226,tess,OAF,OAF_soap_disgust.wav,Disgust,239,Disgust,Disgust,True,0.9999292,8.057345e-07,0.9999292,4.2834886e-06,1.2392404e-05,4.9731288e-08,3.622377e-07,5.2869695e-05
5228,tess,OAF,OAF_soap_happy.wav,Happy,190,Happy,Happy,True,0.9999993,1.4555477e-12,1.0466735e-12,1.1308613e-11,0.9999993,1.5494816e-12,3.9386672e-13,7.09929e-07
5238,tess,OAF,OAF_soup_sad.wav,Sad,262,Sad,Sad,True,0.9999933,1.0455027e-07,1.4723231e-08,1.8874147e-06,1.3170956e-07,4.4715184e-06,0.9999933,1.5573628e-08
5240,tess,OAF,OAF_sour_disgust.wav,Disgust,220,Disgust,Disgust,True,0.9999416,5.078773e-05,0.9999416,5.9313793e-06,2.716126e-07,5.5928814e-07,2.498819e-07,5.669683e-07
5244,tess,OAF,OAF_sour_ps.wav,Surprise,212,Surprise,Surprise,True,0.99998045,3.303556e-07,2.4887977e-06,6.592607e-07,1.52207895e-05,4.846063e-07,3.4144867e-07,0.99998045
5253,tess,OAF,OAF_sub_angry.wav,Angry,135,Angry,Angry,True,0.999998,0.999998,2.1487175e-08,1.9027491e-06,6.7447566e-08,1.0613349e-09,6.4442374e-10,3.3155935e-08
5256,tess,OAF,OAF_sub_happy.wav,Happy,191,Happy,Happy,True,0.9999994,3.9613635e-11,4.2305937e-11,1.6263699e-11,0.9999994,9.706518e-12,4.137527e-12,6.552241e-07
5257,tess,OAF,OAF_sub_neutral.wav,Neutral,202,Neutral,Neutral,True,0.9999249,9.910462e-09,1.1673669e-10,6.0482816e-06,1.5564516e-06,0.9999249,6.7439396e-05,3.2021747e-09
5271,tess,OAF,OAF_sure_neutral.wav,Neutral,193,Neutral,Neutral,True,0.9999995,2.0041943e-10,2.1932843e-11,1.379468e-07,1.6406487e-08,0.9999995,3.7068565e-07,2.7516286e-08
5272,tess,OAF,OAF_sure_ps.wav,Surprise,194,Surprise,Surprise,True,1.0,2.9873e-11,8.3863444e-10,3.2511156e-09,1.4619385e-10,2.0406616e-11,6.480461e-11,1.0
5277,tess,OAF,OAF_take_happy.wav,Happy,199,Happy,Happy,True,0.99997807,1.9138096e-09,1.359958e-08,1.1148162e-07,0.99997807,1.7234143e-10,2.7480776e-11,2.1831436e-05
5285,tess,OAF,OAF_talk_neutral.wav,Neutral,197,Neutral,Neutral,True,0.9999995,1.8119514e-10,1.5399529e-09,1.2272713e-08,6.085207e-10,0.9999995,5.098737e-07,4.3209893e-09
5307,tess,OAF,OAF_tell_ps.wav,Surprise,219,Surprise,Surprise,True,0.9999995,1.458884e-11,2.1417824e-07,8.515401e-10,3.0166206e-07,2.9804436e-13,4.2058115e-12,0.9999995
5309,tess,OAF,OAF_thin_angry.wav,Angry,148,Angry,Angry,True,0.9999995,0.9999995,1.2775624e-09,4.5981565e-07,1.2602223e-08,9.786758e-11,2.2567483e-10,4.535565e-10
5328,tess,OAF,OAF_thought_ps.wav,Surprise,178,Surprise,Surprise,True,0.99992526,1.29986e-05,4.7324265e-06,1.9626543e-06,2.4528723e-05,3.036169e-05,1.306185e-07,0.99992526
5333,tess,OAF,OAF_thumb_happy.wav,Happy,200,Happy,Happy,True,0.9999769,2.9549274e-09,8.405916e-09,1.9698156e-08,0.9999769,5.731408e-09,6.6824396e-10,2.3087257e-05
5341,tess,OAF,OAF_time_neutral.wav,Neutral,205,Neutral,Neutral,True,0.99999547,5.1258457e-08,1.5393331e-07,4.4189406e-08,4.839887e-09,0.99999547,3.7563661e-06,4.6643967e-07
5344,tess,OAF,OAF_tip_angry.wav,Angry,134,Angry,Angry,True,0.9999994,0.9999994,7.027464e-09,5.645272e-07,6.4141005e-08,1.226318e-09,4.2225504e-10,5.952582e-10
5359,tess,OAF,OAF_ton_disgust.wav,Disgust,224,Disgust,Disgust,True,0.9999579,3.8800776e-05,0.9999579,3.9828045e-08,5.184817e-08,7.6775075e-07,1.9668707e-06,4.3942597e-07
5368,tess,OAF,OAF_tool_happy.wav,Happy,180,Happy,Happy,True,0.9999871,3.8701073e-06,4.3868513e-07,5.6775216e-09,0.9999871,1.10511735e-07,1.0065274e-08,8.405085e-06
5373,tess,OAF,OAF_tough_disgust.wav,Disgust,226,Disgust,Disgust,True,0.99995697,1.4600214e-06,0.99995697,4.183434e-07,1.635544e-06,3.1499323e-05,4.1420226e-06,3.877383e-06
5376,tess,OAF,OAF_tough_neutral.wav,Neutral,191,Neutral,Neutral,True,0.9999995,8.608008e-10,1.3079266e-12,3.7263473e-07,1.1347828e-08,0.9999995,8.289087e-08,5.932761e-09
5380,tess,OAF,OAF_turn_disgust.wav,Disgust,230,Disgust,Disgust,True,0.9999962,2.5227946e-06,0.9999962,5.3713904e-09,4.2769056e-08,1.5955191e-08,9.5258486e-08,1.1858689e-06
5389,tess,OAF,OAF_vine_happy.wav,Happy,183,Happy,Happy,True,0.9999802,2.3270616e-10,2.3265235e-11,7.1150234e-12,0.9999802,7.45052e-13,5.999865e-13,1.9774348e-05
5390,tess,OAF,OAF_vine_neutral.wav,Neutral,192,Neutral,Neutral,True,1.0,9.622384e-10,4.3606643e-10,2.4896094e-09,1.0061099e-09,1.0,4.837521e-08,6.5068746e-09
5396,tess,OAF,OAF_voice_happy.wav,Happy,213,Happy,Happy,True,0.9999999,1.5554254e-12,5.5672475e-13,2.0292938e-14,0.9999999,7.2136395e-14,4.4639033e-14,1.2314248e-07
5405,tess,OAF,OAF_void_ps.wav,Surprise,240,Surprise,Surprise,True,0.99999976,1.2041997e-12,1.1123547e-08,4.7426184e-14,2.4932655e-07,5.8346915e-13,3.8446604e-11,0.99999976
5415,tess,OAF,OAF_wag_disgust.wav,Disgust,228,Disgust,Disgust,True,0.9999653,2.6517144e-05,0.9999653,5.5168834e-07,6.556465e-06,5.954937e-07,3.608027e-07,1.5914875e-07
5435,tess,OAF,OAF_week_angry.wav,Angry,151,Angry,Angry,True,0.99842536,0.99842536,6.5120894e-08,0.0015699189,1.3688879e-06,1.644442e-07,7.280939e-07,2.280515e-06
5438,tess,OAF,OAF_week_happy.wav,Happy,196,Happy,Happy,True,0.99962866,9.611547e-07,1.0256964e-08,7.858939e-08,0.99962866,2.5747931e-07,1.2610821e-08,0.00036991955
5443,tess,OAF,OAF_wheat_disgust.wav,Disgust,189,Disgust,Disgust,True,0.52251154,0.004449665,0.52251154,0.0007646615,0.0015822157,0.07684899,0.0005628333,0.39328006
5449,tess,OAF,OAF_when_angry.wav,Angry,151,Angry,Angry,True,0.999713,0.999713,4.7796537e-08,0.00027470314,1.1352235e-05,7.538474e-07,6.195356e-08,1.1008788e-07
5456,tess,OAF,OAF_which_angry.wav,Angry,141,Angry,Angry,True,0.99982625,0.99982625,2.9368743e-09,0.00017295573,6.46699e-07,3.594165e-08,2.7291267e-09,7.100468e-08
5465,tess,OAF,OAF_whip_fear.wav,Fear,155,Fear,Fear,True,1.0,5.9597194e-10,2.8181186e-12,1.0,4.708792e-10,5.4696236e-10,3.2971899e-09,3.3587458e-10
5487,tess,OAF,OAF_wire_happy.wav,Happy,214,Happy,Happy,True,0.99999976,3.3235578e-12,9.197294e-09,6.1837856e-13,0.99999976,5.585371e-13,3.407759e-15,2.0184535e-07
5488,tess,OAF,OAF_wire_neutral.wav,Neutral,215,Neutral,Neutral,True,0.99999726,4.003476e-10,8.509184e-09,3.2806575e-09,1.5785716e-09,0.99999726,2.7325198e-06,7.572437e-10
5492,tess,OAF,OAF_witch_disgust.wav,Disgust,230,Disgust,Disgust,True,0.99998355,1.7304483e-06,0.99998355,1.8930221e-08,6.0261814e-06,3.972736e-06,4.0157574e-06,6.3278543e-07
5496,tess,OAF,OAF_witch_ps.wav,Surprise,201,Surprise,Surprise,True,0.99994624,1.5206653e-06,4.735191e-09,2.8343682e-06,3.3690092e-05,1.5407792e-05,3.7721898e-07,0.99994624
5501,tess,OAF,OAF_yearn_happy.wav,Happy,210,Happy,Happy,True,1.0,1.3939495e-09,1.2532548e-08,4.8829674e-10,1.0,1.2755293e-10,3.6633713e-11,2.7384463e-08
5516,tess,OAF,OAF_young_neutral.wav,Neutral,190,Neutral,Neutral,True,0.9999988,2.238558e-09,1.5768828e-09,9.337867e-08,6.5201475e-09,0.9999988,1.0074439e-06,1.0224119e-07
5518,tess,OAF,OAF_young_sad.wav,Sad,233,Sad,Sad,True,0.99997985,4.553927e-08,4.669629e-07,5.996652e-08,9.500902e-07,1.8632058e-05,0.99997985,4.5803406e-11
5524,tess,OAF,OAF_youth_ps.wav,Surprise,190,Surprise,Surprise,True,0.9999988,4.1147512e-11,1.8219343e-10,5.3304885e-09,1.1874338e-06,6.9788784e-09,2.3421157e-10,0.9999988
5526,tess,YAF,YAF_back_angry.wav,Angry,199,Angry,Angry,True,0.9999999,0.9999999,5.1186716e-10,1.262024e-07,4.283992e-08,2.6501914e-08,1.4922553e-09,1.9763055e-10
5533,tess,YAF,YAF_bar_angry.wav,Angry,208,Angry,Angry,True,0.9999999,0.9999999,1.5452969e-07,2.6741631e-08,1.5334972e-08,1.5673828e-08,1.3159873e-08,1.8342506e-11
5548,tess,YAF,YAF_bath_disgust.wav,Disgust,212,Disgust,Disgust,True,0.9999901,6.4703913e-06,0.9999901,1.5759317e-08,1.1834874e-07,2.6986731e-06,2.8040125e-07,3.707338e-07
5558,tess,YAF,YAF_bean_neutral.wav,Neutral,180,Neutral,Neutral,True,0.9999999,4.7594832e-14,3.12757e-12,1.5360007e-11,8.678926e-12,0.9999999,1.1019363e-07,1.8930094e-12
5561,tess,YAF,YAF_beg_angry.wav,Angry,205,Angry,Angry,True,0.9999999,0.9999999,3.8842165e-09,1.1352969e-07,2.2228193e-08,1.7801699e-09,1.8463026e-09,8.1940116e-10
5565,tess,YAF,YAF_beg_neutral.wav,Neutral,200,Neutral,Neutral,True,0.9999999,8.638369e-11,9.471952e-11,5.186802e-09,4.7583903e-08,0.9999999,7.7658925e-08,3.1524654e-09
5568,tess,YAF,YAF_bite_angry.wav,Angry,196,Angry,Angry,True,0.9999968,0.9999968,2.8442282e-09,2.9744604e-06,2.934735e-07,1.1961317e-08,1.0413934e-09,1.9096265e-09
5570,tess,YAF,YAF_bite_fear.wav,Fear,145,Fear,Fear,True,0.9999949,8.046793e-07,8.694639e-08,0.9999949,2.976523e-06,3.9400776e-09,2.7402557e-08,1.2416931e-06
5579,tess,YAF,YAF_boat_neutral.wav,Neutral,192,Neutral,Neutral,True,0.9999944,2.826436e-08,3.0304776e-09,3.0278905e-08,3.8279556e-08,0.9999944,5.4267603e-06,3.4648617e-10
5581,tess,YAF,YAF_boat_sad.wav,Sad,237,Sad,Sad,True,0.99999285,3.2805806e-07,3.0633676e-06,2.1701935e-07,6.1962946e-09,3.5350827e-06,0.99999285,3.727202e-10
5585,tess,YAF,YAF_bone_happy.wav,Happy,169,Happy,Happy,True,1.0,2.3385662e-09,1.2484414e-10,2.816117e-10,1.0,2.910347e-10,7.642916e-11,4.193538e-10
5593,tess,YAF,YAF_book_neutral.wav,Neutral,193,Neutral,Neutral,True,0.99999845,5.4780287e-07,7.492441e-09,9.1214355e-07,9.251572e-10,0.99999845,1.4250075e-07,6.6274564e-10
5601,tess,YAF,YAF_bought_ps.wav,Surprise,192,Surprise,Surprise,True,0.9999908,9.013461e-06,1.5833326e-08,1.687263e-08,4.8581796e-08,1.2200144e-07,1.3282741e-08,0.9999908
5616,tess,YAF,YAF_cab_sad.wav,Sad,241,Sad,Sad,True,0.9999987,1.0036361e-09,5.814468e-07,6.523663e-10,1.288346e-08,7.231978e-07,0.9999987,1.8539993e-10
5617,tess,YAF,YAF_calm_angry.wav,Angry,205,Angry,Angry,True,0.9999987,0.9999987,7.738308e-08,3.507718e-07,8.526206e-07,1.9736342e-08,1.5609338e-08,6.0811205e-09
5623,tess,YAF,YAF_calm_sad.wav,Sad,209,Sad,Sad,True,0.73182696,2.1247328e-07,5.9492555e-07,4.3060812e-08,1.1640171e-08,0.26817217,0.73182696,2.4442615e-10
5624,tess,YAF,YAF_came_angry.wav,Angry,218,Angry,Angry,True,0.9888719,0.9888719,0.0109185185,1.763136e-05,4.3763835e-06,3.0092158e-06,0.000184361,2.1469654e-07
5631,tess,YAF,YAF_cause_angry.wav,Angry,215,Angry,Angry,True,0.9999995,0.9999995,9.0229655e-08,3.1457316e-07,1.021364e-07,1.9479023e-08,1.0624774e-08,2.9481642e-10
5638,tess,YAF,YAF_chain_angry.wav,Angry,218,Angry,Angry,True,0.9999995,0.9999995,9.0599215e-08,6.4670836e-08,1.1940419e-07,9.268159e-08,3.0837064e-08,2.6442766e-09
5639,tess,YAF,YAF_chain_disgust.wav,Disgust,266,Disgust,Disgust,True,0.9999993,1.8909938e-09,0.9999993,7.4047013e-10,4.8871226e-07,1.15306335e-07,1.2328155e-07,5.90251e-09
5642,tess,YAF,YAF_chain_neutral.wav,Neutral,212,Neutral,Neutral,True,0.9999896,1.1130131e-06,1.9858102e-07,1.071395e-07,5.685894e-08,0.9999896,8.9439045e-06,2.419033e-09
5645,tess,YAF,YAF_chair_angry.wav,Angry,199,Angry,Angry,True,0.99999976,0.99999976,1.2459018e-08,2.472028e-07,3.7423313e-09,8.8572996e-11,5.1698007e-10,1.8654515e-10
5647,tess,YAF,YAF_chair_fear.wav,Fear,173,Fear,Fear,True,1.0,4.7464182e-11,9.620797e-12,1.0,1.3424826e-09,8.04592e-11,5.472399e-10,7.952342e-09
5656,tess,YAF,YAF_chalk_neutral.wav,Neutral,202,Neutral,Neutral,True,0.9999999,1.7450843e-11,4.1332247e-11,3.8549797e-10,2.393252e-09,0.9999999,8.975217e-08,1.602149e-11
5672,tess,YAF,YAF_check_sad.wav,Sad,205,Sad,Sad,True,0.9999995,8.527347e-10,1.1211771e-08,3.328906e-08,2.3258564e-09,5.1898536e-07,0.9999995,8.1657806e-11
5676,tess,YAF,YAF_cheek_happy.wav,Happy,161,Happy,Happy,True,0.99999964,8.041069e-11,5.0119915e-11,2.84783e-07,0.99999964,1.3895947e-10,3.2232847e-10,9.329152e-08
5681,tess,YAF,YAF_chief_disgust.wav,Disgust,218,Disgust,Disgust,True,0.99985373,8.6471795e-05,0.99985373,3.6780872e-07,5.8040852e-05,6.093771e-07,7.573246e-09,8.199783e-07
5682,tess,YAF,YAF_chief_fear.wav,Fear,161,Fear,Fear,True,0.99999976,3.1166845e-08,2.0636237e-09,0.99999976,1.18044746e-07,1.1840684e-08,1.9044933e-08,6.10952e-08
5690,tess,YAF,YAF_choice_happy.wav,Happy,145,Happy,Happy,True,1.0,1.00166e-09,1.7780374e-11,1.4310837e-09,1.0,2.1921936e-11,3.3725633e-12,5.1623057e-09
5691,tess,YAF,YAF_choice_neutral.wav,Neutral,193,Neutral,Neutral,True,0.9999987,1.3571932e-07,3.0049765e-08,8.7958585e-07,1.7993064e-07,0.9999987,1.4592143e-07,4.6763198e-08
5704,tess,YAF,YAF_dab_happy.wav,Happy,157,Happy,Happy,True,1.0,2.4375579e-08,5.1485437e-11,5.636958e-09,1.0,2.0343593e-10,1.08831555e-11,2.5463505e-09
5708,tess,YAF,YAF_date_angry.wav,Angry,218,Angry,Angry,True,0.99999785,0.99999785,1.4972554e-06,4.447058e-07,1.4010583e-07,2.3611233e-09,5.3430034e-09,8.936606e-09
5710,tess,YAF,YAF_date_fear.wav,Fear,177,Fear,Fear,True,0.9999988,5.032312e-08,1.4271508e-10,0.9999988,7.9304004e-07,1.26319355e-08,2.6102623e-07,2.7903722e-08
5712,tess,YAF,YAF_date_neutral.wav,Neutral,207,Neutral,Neutral,True,0.99999917,8.954227e-09,9.373793e-08,1.8777226e-07,7.1942914e-09,0.99999917,4.187864e-08,6.181897e-07
5713,tess,YAF,YAF_date_ps.wav,Surprise,179,Surprise,Surprise,True,0.9999994,3.61905e-07,1.9654192e-09,2.3135218e-08,1.16770895e-08,1.7928843e-07,2.2017204e-08,0.9999994
5717,tess,YAF,YAF_dead_fear.wav,Fear,162,Fear,Fear,True,1.0,1.3417255e-08,2.4400149e-11,1.0,3.1223735e-08,6.3324377e-09,5.3027596e-09,2.665119e-09
5719,tess,YAF,YAF_dead_neutral.wav,Neutral,192,Neutral,Neutral,True,0.9999958,1.6237785e-06,3.782173e-08,1.3786574e-06,8.3799506e-07,0.9999958,2.1051898e-07,1.2483731e-08
5720,tess,YAF,YAF_dead_ps.wav,Surprise,184,Surprise,Surprise,True,1.0,3.0331397e-11,2.394904e-10,9.554657e-11,1.3582541e-11,2.7370689e-11,1.8621034e-10,1.0
5725,tess,YAF,YAF_death_happy.wav,Happy,141,Happy,Happy,True,1.0,9.348682e-11,1.5928073e-11,1.6451498e-11,1.0,2.4501257e-11,8.449435e-12,4.7762587e-08
5736,tess,YAF,YAF_dime_angry.wav,Angry,175,Angry,Angry,True,0.9999809,0.9999809,2.082878e-07,1.5649044e-05,2.4107756e-06,2.661295e-08,6.8160574e-07,8.111652e-08
5738,tess,YAF,YAF_dime_fear.wav,Fear,125,Fear,Fear,True,0.9999994,4.179552e-07,2.2061404e-10,0.9999994,6.389557e-08,1.5011308e-08,1.927174e-08,1.2286459e-08
5760,tess,YAF,YAF_dodge_happy.wav,Happy,177,Happy,Happy,True,1.0,3.8280422e-08,2.5502228e-10,9.384167e-10,1.0,4.7073763e-09,5.750418e-09,1.233116e-09
5773,tess,YAF,YAF_doll_fear.wav,Fear,182,Fear,Fear,True,0.99999297,1.4803783e-07,7.4231515e-10,0.99999297,6.4691326e-06,1.2653588e-08,4.9919688e-08,4.6888434e-07
5787,tess,YAF,YAF_fail_fear.wav,Fear,170,Fear,Fear,True,1.0,1.03535065e-08,4.504202e-11,1.0,3.4364653e-08,1.7781342e-09,1.379295e-09,1.5486586e-08
5793,tess,YAF,YAF_fall_disgust.wav,Disgust,237,Disgust,Disgust,True,0.99999475,1.9042089e-07,0.99999475,1.1421386e-08,4.926739e-06,1.0307032e-08,3.848211e-09,9.5157205e-08
5795,tess,YAF,YAF_fall_happy.wav,Happy,164,Happy,Happy,True,0.99990094,1.5348708e-07,4.35548e-09,9.871627e-05,0.99990094,1.0969248e-07,1.0642026e-07,4.932037e-09
5812,tess,YAF,YAF_fat_sad.wav,Sad,202,Sad,Sad,True,0.99977356,1.0807478e-06,4.168802e-10,1.6156381e-06,0.00012687882,9.684528e-05,0.99977356,2.7683356e-11
5813,tess,YAF,YAF_fit_angry.wav,Angry,215,Angry,Angry,True,0.9999987,0.9999987,2.5552566e-08,8.8665324e-08,1.1447504e-06,1.0915844e-07,1.7448517e-08,1.7162513e-08
5814,tess,YAF,YAF_fit_disgust.wav,Disgust,241,Disgust,Disgust,True,0.9999994,1.6382445e-07,0.9999994,7.395518e-09,2.0755638e-07,1.3785821e-08,5.517364e-08,1.4969056e-07
5817,tess,YAF,YAF_fit_neutral.wav,Neutral,191,Neutral,Neutral,True,0.99328256,4.2449276e-08,1.6992873e-08,0.0002903925,0.0063821836,0.99328256,4.1700132e-05,3.1325994e-06
5818,tess,YAF,YAF_fit_ps.wav,Surprise,189,Surprise,Surprise,True,0.999998,9.932259e-07,8.3551616e-10,6.1708806e-07,2.538693e-07,2.1936273e-08,5.6885774e-08,0.999998
5853,tess,YAF,YAF_gaze_ps.wav,Surprise,196,Surprise,Surprise,True,0.99999976,9.454e-09,1.521783e-09,7.196441e-08,7.538609e-09,3.476694e-08,9.40166e-08,0.99999976
5864,tess,YAF,YAF_get_fear.wav,Fear,164,Fear,Fear,True,0.9999968,1.5329887e-07,5.8709557e-09,0.9999968,7.904338e-08,2.4097526e-09,2.962649e-06,3.670093e-08
5883,tess,YAF,YAF_good_angry.wav,Angry,202,Angry,Angry,True,0.999984,0.999984,2.432525e-09,1.3018022e-05,2.8422792e-06,3.2424015e-08,8.576267e-09,3.519285e-08
5888,tess,YAF,YAF_good_ps.wav,Surprise,181,Surprise,Surprise,True,1.0,1.9030867e-10,1.8152661e-10,7.862786e-12,3.4141376e-10,2.5200338e-08,8.8053576e-10,1.0
5890,tess,YAF,YAF_goose_angry.wav,Angry,183,Angry,Angry,True,0.99995077,0.99995077,1.08559604e-07,4.7227208e-05,1.5022422e-06,1.456593e-07,1.3571413e-07,2.0579972e-08
5891,tess,YAF,YAF_goose_disgust.wav,Disgust,244,Disgust,Disgust,True,0.9999989,4.717573e-09,0.9999989,1.3766488e-10,9.1914205e-07,4.621564e-09,7.667201e-08,6.7427015e-09
5892,tess,YAF,YAF_goose_fear.wav,Fear,141,Fear,Fear,True,0.9999876,8.96769e-06,1.9838602e-07,0.9999876,1.7160802e-06,2.9469135e-07,2.9903933e-07,9.237865e-07
5898,tess,YAF,YAF_gun_disgust.wav,Disgust,237,Disgust,Disgust,True,0.99999917,5.3783265e-07,0.99999917,5.861739e-09,1.5985485e-08,9.1684626e-08,1.3229659e-07,2.9266394e-09
5907,tess,YAF,YAF_half_happy.wav,Happy,148,Happy,Happy,True,1.0,1.887481e-10,2.258268e-11,1.9716653e-08,1.0,6.160123e-10,2.9012449e-11,2.7198318e-08
5909,tess,YAF,YAF_half_ps.wav,Surprise,173,Surprise,Surprise,True,0.9999995,1.8704044e-07,6.046374e-08,2.0083415e-07,5.2041194e-10,1.3120745e-08,6.4647985e-09,0.9999995
5914,tess,YAF,YAF_hall_happy.wav,Happy,171,Happy,Happy,True,0.99999964,2.3716757e-09,8.4965784e-11,3.0449405e-07,0.99999964,2.118265e-10,2.7966711e-09,8.2913737e-10
5916,tess,YAF,YAF_hall_ps.wav,Surprise,176,Surprise,Surprise,True,0.99999964,2.0837803e-08,5.712529e-08,5.2978375e-08,2.7143013e-08,1.5441667e-07,6.163959e-08,0.99999964
5918,tess,YAF,YAF_hash_angry.wav,Angry,205,Angry,Angry,True,0.99998784,0.99998784,3.056442e-06,5.548014e-06,2.5994711e-06,5.2134845e-07,4.5778796e-07,3.5862318e-09
5920,tess,YAF,YAF_hash_fear.wav,Fear,154,Fear,Fear,True,0.99999356,1.6737571e-08,7.474648e-09,0.99999356,4.938112e-06,3.5256122e-09,1.0557663e-08,1.5844065e-06
5926,tess,YAF,YAF_hate_disgust.wav,Disgust,236,Disgust,Disgust,True,0.9862894,2.5494155e-06,0.9862894,1.6657723e-06,0.013698535,6.6888073e-09,8.0507824e-08,7.748627e-06
5930,tess,YAF,YAF_hate_ps.wav,Surprise,191,Surprise,Surprise,True,0.99997914,2.6653746e-08,3.0522643e-10,1.4779696e-05,1.299154e-07,5.2916344e-06,6.178325e-07,0.99997914
5946,tess,YAF,YAF_hire_angry.wav,Angry,208,Angry,Angry,True,1.0,1.0,5.800241e-09,4.7480196e-08,4.075184e-09,9.78815e-10,5.395466e-10,7.272742e-10
5967,tess,YAF,YAF_home_angry.wav,Angry,177,Angry,Angry,True,0.99999547,0.99999547,1.7580147e-08,3.8431513e-06,6.123444e-07,2.5526909e-08,1.00194114e-07,1.090076e-08
5968,tess,YAF,YAF_home_disgust.wav,Disgust,226,Disgust,Disgust,True,0.99996924,9.3509453e-07,0.99996924,5.2188373e-08,2.7362386e-05,1.6331069e-07,2.222768e-06,2.76134e-08
5969,tess,YAF,YAF_home_fear.wav,Fear,140,Fear,Fear,True,0.99999976,7.785688e-09,1.6174403e-10,0.99999976,1.7726667e-07,1.1286241e-09,1.9728452e-09,1.5122795e-07
5970,tess,YAF,YAF_home_happy.wav,Happy,157,Happy,Happy,True,0.99999976,1.2656322e-09,1.7841188e-10,2.7590093e-07,0.99999976,2.9678398e-09,9.740865e-09,3.4686162e-10
5974,tess,YAF,YAF_hurl_angry.wav,Angry,189,Angry,Angry,True,0.99999976,0.99999976,6.7902137e-09,1.1156359e-07,9.349443e-08,1.3968716e-09,5.486228e-09,3.536698e-10
5986,tess,YAF,YAF_hush_ps.wav,Surprise,178,Surprise,Surprise,True,0.9999784,2.475639e-07,3.335916e-08,5.1665785e-07,2.1404947e-08,2.0278972e-05,4.6825372e-07,0.9999784
5995,tess,YAF,YAF_jar_angry.wav,Angry,196,Angry,Angry,True,0.9999981,0.9999981,1.6757166e-06,1.09265436e-07,1.8119724e-07,5.4489786e-09,5.491914e-09,1.2658988e-08
5998,tess,YAF,YAF_jar_happy.wav,Happy,165,Happy,Happy,True,0.99999976,1.2190455e-08,4.3486343e-11,1.4085407e-07,0.99999976,5.7413125e-08,5.3159943e-09,1.1635652e-08
6000,tess,YAF,YAF_jar_ps.wav,Surprise,203,Surprise,Surprise,True,0.99999833,6.187678e-07,7.957127e-08,1.100733e-07,3.7879218e-08,8.234127e-07,1.381044e-08,0.99999833
6007,tess,YAF,YAF_join_ps.wav,Surprise,183,Surprise,Surprise,True,1.0,7.1309014e-11,2.8138018e-11,3.772313e-11,1.2258605e-09,2.5911687e-10,1.8559443e-10,1.0
6008,tess,YAF,YAF_join_sad.wav,Sad,224,Sad,Sad,True,0.99999964,7.338807e-09,2.4700892e-08,9.02455e-08,3.052724e-09,2.561553e-07,0.99999964,2.6302651e-11
6009,tess,YAF,YAF_judge_angry.wav,Angry,234,Angry,Angry,True,0.9999999,0.9999999,2.1239112e-08,4.7093714e-08,1.6931683e-08,1.2585389e-08,2.2137014e-08,3.3086603e-10
6016,tess,YAF,YAF_jug_angry.wav,Angry,199,Angry,Angry,True,0.9999994,0.9999994,3.9909887e-10,2.527126e-07,2.858264e-07,1.3989702e-08,2.6020146e-09,1.3391112e-09
6020,tess,YAF,YAF_jug_neutral.wav,Neutral,197,Neutral,Neutral,True,0.99999917,2.1189612e-08,2.9059253e-09,7.713139e-07,2.757433e-08,0.99999917,1.9410107e-08,3.7857223e-08
6032,tess,YAF,YAF_keen_fear.wav,Fear,154,Fear,Fear,True,0.99999976,1.0170154e-11,7.5310265e-11,0.99999976,1.5682946e-08,5.026549e-09,1.4920289e-07,2.491591e-08
6039,tess,YAF,YAF_keep_fear.wav,Fear,195,Fear,Fear,True,0.99999833,8.998602e-08,2.5148172e-10,0.99999833,2.077988e-07,1.1685913e-06,1.643855e-07,1.4532598e-09
6041,tess,YAF,YAF_keep_neutral.wav,Neutral,217,Neutral,Neutral,True,0.9999956,7.0315295e-08,5.26519e-07,2.6159469e-06,1.5986626e-07,0.9999956,8.4279156e-07,2.646113e-07
6045,tess,YAF,YAF_keg_disgust.wav,Disgust,247,Disgust,Disgust,True,0.9999937,2.0579118e-07,0.9999937,4.6539263e-08,5.65854e-06,2.9235323e-09,2.9573934e-07,2.3335034e-09
6058,tess,YAF,YAF_kill_angry.wav,Angry,202,Angry,Angry,True,0.9999999,0.9999999,3.643598e-09,6.122399e-08,4.560572e-08,3.1173608e-09,6.448631e-09,4.8732836e-09
6060,tess,YAF,YAF_kill_fear.wav,Fear,164,Fear,Fear,True,1.0,2.3862406e-10,1.4061938e-12,1.0,2.1832734e-10,7.4314936e-13,1.7244378e-11,4.521818e-09
6063,tess,YAF,YAF_kill_ps.wav,Surprise,180,Surprise,Surprise,True,0.9999981,1.5557241e-06,1.00594015e-07,2.522882e-07,7.469124e-09,8.5056334e-10,1.2245595e-08,0.9999981
6066,tess,YAF,YAF_king_disgust.wav,Disgust,247,Disgust,Disgust,True,0.99999976,1.6044914e-11,0.99999976,1.3075517e-10,1.0267512e-07,3.8207393e-12,9.0558295e-08,9.0842256e-10
6070,tess,YAF,YAF_king_ps.wav,Surprise,218,Surprise,Surprise,True,1.0,3.2142242e-10,6.867079e-11,1.4296188e-09,2.5338906e-08,4.5500287e-10,1.5760607e-09,1.0
6073,tess,YAF,YAF_kite_disgust.wav,Disgust,250,Disgust,Disgust,True,0.9999999,9.13434e-09,0.9999999,2.565077e-10,1.3666074e-07,6.2529155e-11,5.3490634e-08,1.5250347e-09
6080,tess,YAF,YAF_knock_disgust.wav,Disgust,205,Disgust,Disgust,True,0.9999963,1.2583869e-06,0.9999963,8.709789e-12,2.423789e-06,6.1790106e-10,5.2917503e-08,5.3895963e-09
6083,tess,YAF,YAF_knock_neutral.wav,Neutral,196,Neutral,Neutral,True,0.9999999,5.932072e-09,1.3083534e-09,3.4424165e-11,2.4024618e-10,0.9999999,1.0899359e-07,6.5141e-13
6091,tess,YAF,YAF_late_ps.wav,Surprise,190,Surprise,Surprise,True,1.0,3.965944e-09,6.132138e-11,3.270148e-08,6.117585e-10,2.3259604e-08,8.71339e-09,1.0
6092,tess,YAF,YAF_late_sad.wav,Sad,212,Sad,Sad,True,0.99999666,2.7880414e-08,7.1031145e-08,7.2737e-07,3.1597486e-07,2.1633527e-06,0.99999666,4.018549e-08
6096,tess,YAF,YAF_laud_happy.wav,Happy,159,Happy,Happy,True,1.0,6.3623165e-09,1.860228e-11,1.8913622e-10,1.0,6.994501e-10,9.873597e-10,1.651277e-11
6098,tess,YAF,YAF_laud_ps.wav,Surprise,224,Surprise,Surprise,True,0.99999964,4.3665555e-10,1.00839e-09,1.8032781e-09,1.9844613e-09,4.0784295e-07,7.662904e-09,0.99999964
6099,tess,YAF,YAF_laud_sad.wav,Sad,215,Sad,Sad,True,0.9998079,4.718903e-09,8.770971e-09,3.8500133e-07,1.7610348e-07,0.00019152377,0.9998079,7.9904815e-12
6115,tess,YAF,YAF_lease_disgust.wav,Disgust,260,Disgust,Disgust,True,0.9999423,4.8471546e-05,0.9999423,4.8648705e-08,3.809455e-07,9.033487e-08,7.833508e-07,7.837353e-06
6131,tess,YAF,YAF_life_happy.wav,Happy,151,Happy,Happy,True,1.0,6.267316e-11,8.1754624e-11,4.133619e-11,1.0,2.912118e-10,1.37624e-11,2.9831995e-08
6139,tess,YAF,YAF_limb_neutral.wav,Neutral,193,Neutral,Neutral,True,1.0,4.8480083e-14,1.425272e-11,8.084493e-13,3.2900048e-12,1.0,6.46114e-09,5.790267e-14
6142,tess,YAF,YAF_live_angry.wav,Angry,189,Angry,Angry,True,0.99999845,0.99999845,4.452921e-09,1.8042032e-07,1.2563859e-06,1.0626876e-07,4.0400977e-08,4.523534e-10
6143,tess,YAF,YAF_live_disgust.wav,Disgust,221,Disgust,Disgust,True,0.9999615,3.6870853e-05,0.9999615,8.2479374e-09,1.0426054e-06,3.5142271e-09,5.665175e-07,1.2417547e-08
6159,tess,YAF,YAF_long_happy.wav,Happy,184,Happy,Happy,True,1.0,3.6641508e-09,2.3485064e-10,5.424562e-11,1.0,1.6827796e-11,1.0276525e-11,1.2577626e-10
6162,tess,YAF,YAF_long_sad.wav,Sad,220,Sad,Sad,True,0.9999994,5.7404474e-11,9.2706856e-08,2.6568623e-07,4.799797e-09,2.1183544e-07,0.9999994,4.025187e-12
6168,tess,YAF,YAF_lore_ps.wav,Surprise,173,Surprise,Surprise,True,0.99826497,1.4753692e-06,3.6729747e-07,0.0017132916,1.8542594e-05,1.4368604e-07,1.2954418e-06,0.99826497
6170,tess,YAF,YAF_lose_angry.wav,Angry,231,Angry,Angry,True,0.9999968,0.9999968,7.0815895e-07,1.0009269e-06,1.07357714e-07,4.0197992e-08,3.5391153e-07,1.075612e-06
6176,tess,YAF,YAF_lose_sad.wav,Sad,231,Sad,Sad,True,0.99999964,1.0357626e-09,3.331428e-08,2.704658e-08,1.2992868e-08,2.697506e-07,0.99999964,4.1583833e-12
6179,tess,YAF,YAF_lot_fear.wav,Fear,144,Fear,Fear,True,0.99999976,2.0225219e-08,2.2215493e-10,0.99999976,2.593951e-07,2.2061958e-10,5.7292954e-10,1.684956e-08
6225,tess,YAF,YAF_mess_sad.wav,Sad,228,Sad,Sad,True,0.9999987,5.784884e-10,9.474478e-09,7.529001e-09,2.0537351e-08,1.2882882e-06,0.9999987,4.591787e-12
6227,tess,YAF,YAF_met_disgust.wav,Disgust,241,Disgust,Disgust,True,0.99993503,7.477209e-08,0.99993503,1.2235944e-09,6.2386636e-05,1.4857553e-08,2.3926234e-06,6.796814e-08
6228,tess,YAF,YAF_met_fear.wav,Fear,141,Fear,Fear,True,1.0,4.4643773e-08,3.475458e-10,1.0,1.2204789e-08,5.500906e-10,1.5532016e-09,1.6537214e-09
6234,tess,YAF,YAF_mill_disgust.wav,Disgust,228,Disgust,Disgust,True,0.99999666,3.2753476e-07,0.99999666,5.6692326e-09,2.7032265e-06,2.9322083e-09,1.5438381e-07,9.847376e-08
6239,tess,YAF,YAF_mill_sad.wav,Sad,212,Sad,Sad,True,0.9999995,5.300196e-10,6.904951e-08,3.0065554e-08,7.629375e-09,3.2069894e-07,0.9999995,3.6799036e-11
6243,tess,YAF,YAF_mob_happy.wav,Happy,167,Happy,Happy,True,1.0,1.1859118e-10,5.29019e-10,4.1642623e-10,1.0,2.0475686e-09,8.715343e-11,7.633262e-10
6244,tess,YAF,YAF_mob_neutral.wav,Neutral,209,Neutral,Neutral,True,1.0,5.7696767e-13,2.9754055e-10,7.667014e-13,3.5848336e-12,1.0,1.0915805e-09,3.6673754e-12
6246,tess,YAF,YAF_mob_sad.wav,Sad,231,Sad,Sad,True,1.0,2.6222102e-12,5.5214308e-08,3.9962828e-11,2.06028e-10,4.3268827e-08,1.0,1.709771e-12
6247,tess,YAF,YAF_mode_angry.wav,Angry,193,Angry,Angry,True,0.99761295,0.99761295,2.1155647e-06,0.0012782846,0.0009811708,0.000120625766,4.613922e-06,2.765622e-07
6253,tess,YAF,YAF_mode_sad.wav,Sad,218,Sad,Sad,True,0.99851745,2.8792806e-07,1.6002382e-07,1.2713799e-06,5.9467598e-06,0.001474878,0.99851745,8.18339e-11
6259,tess,YAF,YAF_mood_ps.wav,Surprise,177,Surprise,Surprise,True,0.99999523,5.7352745e-09,1.2389877e-07,2.3481322e-10,5.5659375e-09,2.9076812e-06,1.7616411e-06,0.99999523
6265,tess,YAF,YAF_moon_neutral.wav,Neutral,192,Neutral,Neutral,True,0.9999924,2.1913776e-08,2.1629244e-08,1.5163054e-06,6.8957456e-07,0.9999924,5.4084126e-06,5.8350643e-08
6266,tess,YAF,YAF_moon_ps.wav,Surprise,209,Surprise,Surprise,True,0.9999908,2.40704e-10,3.1312832e-09,2.1718802e-11,4.901529e-10,8.647173e-06,5.187868e-07,0.9999908
6268,tess,YAF,YAF_mop_angry.wav,Angry,211,Angry,Angry,True,0.9999472,0.9999472,3.753619e-07,9.183292e-06,4.1957414e-06,3.815127e-05,3.741646e-07,5.2060983e-07
6276,tess,YAF,YAF_mouse_disgust.wav,Disgust,247,Disgust,Disgust,True,0.99763405,0.0023432064,0.99763405,1.6901977e-07,1.0481925e-05,8.2927545e-06,3.300984e-06,4.765979e-07
6282,tess,YAF,YAF_nag_angry.wav,Angry,205,Angry,Angry,True,0.99999464,0.99999464,6.546317e-08,3.6101497e-07,4.5071115e-06,6.011278e-10,6.854922e-08,3.042882e-07
6286,tess,YAF,YAF_nag_neutral.wav,Neutral,193,Neutral,Neutral,True,1.0,2.7643542e-16,4.575085e-13,6.608094e-13,4.177236e-14,1.0,6.660691e-11,9.705888e-13
6295,tess,YAF,YAF_name_sad.wav,Sad,226,Sad,Sad,True,0.99999964,3.0399132e-12,1.5537981e-07,1.7325236e-08,1.0392003e-08,7.32579e-08,0.99999964,4.081848e-10
6297,tess,YAF,YAF_near_disgust.wav,Disgust,237,Disgust,Disgust,True,0.99999857,9.655819e-07,0.99999857,3.9773526e-10,1.2999423e-08,1.4479681e-08,4.7813086e-07,1.6230814e-10
6299,tess,YAF,YAF_near_happy.wav,Happy,174,Happy,Happy,True,1.0,6.8027056e-11,3.3668318e-11,6.125022e-10,1.0,3.7796734e-11,8.270937e-10,2.2066762e-10
6302,tess,YAF,YAF_near_sad.wav,Sad,215,Sad,Sad,True,0.9999994,4.1681596e-11,5.808034e-08,1.5812368e-08,6.560797e-08,4.916363e-07,0.9999994,5.592047e-11
6313,tess,YAF,YAF_nice_happy.wav,Happy,177,Happy,Happy,True,0.999998,2.769462e-09,2.8362434e-11,1.8432573e-07,0.999998,2.262833e-08,9.370126e-10,1.8177972e-06
6315,tess,YAF,YAF_nice_ps.wav,Surprise,180,Surprise,Surprise,True,0.99999905,7.25743e-08,2.1515168e-08,1.09743e-07,3.836611e-09,6.6865505e-07,1.8329615e-08,0.99999905
6317,tess,YAF,YAF_note_angry.wav,Angry,221,Angry,Angry,True,0.999956,0.999956,3.748297e-09,4.2988213e-05,2.7679465e-07,8.540295e-09,3.593153e-07,3.548999e-07
6319,tess,YAF,YAF_note_fear.wav,Fear,167,Fear,Fear,True,0.9999994,7.791868e-08,2.5462796e-10,0.9999994,3.8031342e-07,8.257597e-10,1.7207323e-09,1.3781175e-07
6320,tess,YAF,YAF_note_happy.wav,Happy,173,Happy,Happy,True,1.0,2.3178051e-10,6.947638e-12,2.9746704e-12,1.0,2.2230419e-10,2.6869668e-11,2.7291294e-11
6322,tess,YAF,YAF_note_ps.wav,Surprise,172,Surprise,Surprise,True,0.9980708,0.00013033742,3.5014075e-08,4.7961144e-06,3.3539338e-05,0.0017589111,1.6015777e-06,0.9980708
6334,tess,YAF,YAF_pad_happy.wav,Happy,167,Happy,Happy,True,1.0,1.222297e-10,1.5447326e-11,7.623247e-11,1.0,3.4435396e-11,3.4888043e-12,6.600064e-11
6343,tess,YAF,YAF_page_ps.wav,Surprise,223,Surprise,Surprise,True,1.0,2.5506947e-10,1.7857806e-10,2.6121951e-09,5.8224314e-09,3.1209846e-09,3.1854206e-08,1.0
6346,tess,YAF,YAF_pain_disgust.wav,Disgust,254,Disgust,Disgust,True,0.99998856,2.6427804e-07,0.99998856,1.9650015e-08,2.1515416e-06,5.518985e-09,9.04375e-06,2.7810136e-08
6353,tess,YAF,YAF_pass_disgust.wav,Disgust,263,Disgust,Disgust,True,0.99997497,1.4874474e-05,0.99997497,1.9216843e-07,4.013694e-06,3.983986e-06,6.3037945e-08,1.9124982e-06
6356,tess,YAF,YAF_pass_neutral.wav,Neutral,223,Neutral,Neutral,True,1.0,6.41659e-11,4.967851e-11,8.634038e-11,1.1014767e-10,1.0,2.036006e-09,6.2041817e-12
6359,tess,YAF,YAF_pearl_angry.wav,Angry,207,Angry,Angry,True,0.99999917,0.99999917,3.1025785e-08,6.929162e-07,1.7496141e-07,9.390734e-09,1.5899674e-08,8.984181e-09
6360,tess,YAF,YAF_pearl_disgust.wav,Disgust,249,Disgust,Disgust,True,0.9999794,1.7343027e-05,0.9999794,1.07230605e-07,1.0869878e-08,1.8706693e-06,9.2498925e-07,4.4220837e-07
6383,tess,YAF,YAF_phone_happy.wav,Happy,192,Happy,Happy,True,1.0,6.580568e-11,8.308009e-11,1.5688725e-08,1.0,9.927902e-11,1.974631e-08,6.6409524e-11
6389,tess,YAF,YAF_pick_fear.wav,Fear,170,Fear,Fear,True,0.9999994,1.8343226e-08,8.4587705e-11,0.9999994,3.5444074e-07,1.1113316e-09,4.414213e-09,1.9632856e-07
6391,tess,YAF,YAF_pick_neutral.wav,Neutral,209,Neutral,Neutral,True,1.0,2.4006802e-10,3.7714087e-10,8.572053e-09,9.475702e-09,1.0,5.6994818e-08,5.674617e-09
6395,tess,YAF,YAF_pike_disgust.wav,Disgust,231,Disgust,Disgust,True,0.99999833,7.3128507e-07,0.99999833,4.8167124e-09,4.056887e-07,3.869219e-07,2.464882e-07,5.797787e-09
6398,tess,YAF,YAF_pike_neutral.wav,Neutral,221,Neutral,Neutral,True,0.9999987,3.0492295e-09,3.060757e-08,8.771282e-07,2.9640534e-08,0.9999987,3.425952e-07,1.9030317e-08
6403,tess,YAF,YAF_pole_fear.wav,Fear,170,Fear,Fear,True,0.9999999,4.6690006e-11,2.9090546e-13,0.9999999,2.136371e-09,1.710481e-13,1.1983509e-11,8.208505e-08
6405,tess,YAF,YAF_pole_neutral.wav,Neutral,212,Neutral,Neutral,True,0.9999988,4.4238213e-08,4.174116e-07,6.572592e-08,1.4029321e-08,0.9999988,3.3193405e-07,1.9521624e-07
6407,tess,YAF,YAF_pole_sad.wav,Sad,215,Sad,Sad,True,0.9999968,7.525887e-09,4.444304e-08,3.4121823e-07,1.0765868e-08,2.8206348e-06,0.9999968,5.4153747e-11
6415,tess,YAF,YAF_puff_angry.wav,Angry,167,Angry,Angry,True,0.9999999,0.9999999,7.7896345e-10,3.5627824e-08,6.520879e-08,1.1557195e-09,4.0199377e-10,4.52047e-10
6421,tess,YAF,YAF_puff_sad.wav,Sad,177,Sad,Sad,True,0.979802,0.002391733,4.5392074e-08,0.012846452,0.00041756564,0.00454223,0.979802,4.7139107e-08
6423,tess,YAF,YAF_rag_disgust.wav,Disgust,231,Disgust,Disgust,True,0.9999968,1.084477e-06,0.9999968,3.240018e-09,3.5234018e-07,3.616674e-07,1.0517059e-06,4.2711343e-07
6449,tess,YAF,YAF_raise_sad.wav,Sad,247,Sad,Sad,True,0.9999999,4.4334124e-12,8.4707835e-08,2.041669e-08,1.3359994e-09,5.3263854e-10,0.9999999,1.461044e-13
6455,tess,YAF,YAF_rat_ps.wav,Surprise,173,Surprise,Surprise,True,0.99999833,6.3187326e-07,2.3778373e-09,2.8443657e-07,5.0788e-07,2.1418495e-07,6.239429e-08,0.99999833
6472,tess,YAF,YAF_red_disgust.wav,Disgust,225,Disgust,Disgust,True,0.99999964,6.8334955e-08,0.99999964,3.9481342e-11,2.5366523e-07,1.5223983e-09,9.147641e-09,8.413358e-09
6480,tess,YAF,YAF_ring_fear.wav,Fear,164,Fear,Fear,True,1.0,5.2506266e-09,1.6269201e-11,1.0,1.6835517e-09,3.5671174e-10,1.04229345e-08,4.633184e-09
6508,tess,YAF,YAF_rose_fear.wav,Fear,167,Fear,Fear,True,0.9999974,2.6028051e-06,3.8184975e-10,0.9999974,6.0692122e-09,1.480283e-09,5.2657734e-10,8.98572e-10
6525,tess,YAF,YAF_rough_ps.wav,Surprise,173,Surprise,Surprise,True,1.0,3.553458e-08,3.2162908e-10,2.1384017e-09,1.4654813e-10,6.129802e-10,8.3461e-10,1.0
6526,tess,YAF,YAF_rough_sad.wav,Sad,215,Sad,Sad,True,0.99984527,3.059033e-08,2.4400414e-08,9.388198e-05,1.0275187e-08,6.0771854e-05,0.99984527,8.072038e-10
6527,tess,YAF,YAF_rush_angry.wav,Angry,225,Angry,Angry,True,0.9999974,0.9999974,2.8554723e-08,2.246651e-06,1.3628797e-08,2.514996e-07,5.042855e-08,6.4353567e-09
6528,tess,YAF,YAF_rush_disgust.wav,Disgust,266,Disgust,Disgust,True,0.9999995,3.753162e-08,0.9999995,7.0337194e-11,6.311457e-08,4.885334e-09,3.6203107e-07,9.036446e-09
6530,tess,YAF,YAF_rush_happy.wav,Happy,196,Happy,Happy,True,0.9999999,9.635529e-11,2.7364421e-11,1.97156e-08,0.9999999,1.1941681e-08,3.9519836e-08,6.365584e-08
6532,tess,YAF,YAF_rush_ps.wav,Surprise,187,Surprise,Surprise,True,0.9979602,0.0017210618,1.7466013e-07,0.00019091838,2.4556417e-05,0.000101715596,1.2909451e-06,0.9979602
6533,tess,YAF,YAF_rush_sad.wav,Sad,237,Sad,Sad,True,0.9999999,1.0486854e-10,5.9984733e-09,6.5984557e-10,1.0595459e-07,3.4350278e-09,0.9999999,3.5833016e-12
6542,tess,YAF,YAF_sail_disgust.wav,Disgust,247,Disgust,Disgust,True,0.9999672,1.899191e-05,0.9999672,5.1514483e-08,6.5136916e-08,6.2354466e-06,7.4801383e-06,2.435178e-08
6543,tess,YAF,YAF_sail_fear.wav,Fear,164,Fear,Fear,True,1.0,8.153808e-09,9.3543895e-11,1.0,1.2356134e-10,1.9780053e-11,7.6297973e-10,7.2747572e-09
6552,tess,YAF,YAF_search_neutral.wav,Neutral,209,Neutral,Neutral,True,0.9524261,0.00048377365,7.274526e-05,0.042915586,2.9238958e-05,0.9524261,0.00015576518,0.003916799
6566,tess,YAF,YAF_sell_neutral.wav,Neutral,177,Neutral,Neutral,True,1.0,3.9798925e-10,4.39649e-11,2.1649097e-08,1.6757491e-11,1.0,3.4906067e-09,4.170659e-11
6571,tess,YAF,YAF_shack_fear.wav,Fear,167,Fear,Fear,True,0.9999999,8.295053e-08,1.6398748e-10,0.9999999,6.472808e-09,1.5486368e-09,3.208988e-09,3.5103693e-09
6587,tess,YAF,YAF_shawl_neutral.wav,Neutral,225,Neutral,Neutral,True,0.9999924,1.4954704e-06,1.6186013e-06,3.730664e-06,7.673759e-09,0.9999924,6.6010597e-07,1.0976027e-07
6588,tess,YAF,YAF_shawl_ps.wav,Surprise,185,Surprise,Surprise,True,1.0,1.2999228e-10,1.1606562e-10,1.3060796e-09,2.4177516e-10,4.34214e-10,1.1668614e-08,1.0
6606,tess,YAF,YAF_should_fear.wav,Fear,164,Fear,Fear,True,0.99999976,2.9557452e-07,2.1083614e-10,0.99999976,1.4901355e-10,5.877477e-11,6.053654e-09,5.403704e-10
6615,tess,YAF,YAF_shout_neutral.wav,Neutral,192,Neutral,Neutral,True,0.9999881,9.687895e-06,1.6899017e-09,2.1231654e-06,4.9246204e-08,0.9999881,1.4112851e-08,4.0871022e-08
6620,tess,YAF,YAF_size_fear.wav,Fear,132,Fear,Fear,True,1.0,2.334582e-09,3.0503109e-12,1.0,2.4760997e-08,7.0573913e-10,3.2194147e-10,1.0714996e-08
6631,tess,YAF,YAF_soap_sad.wav,Sad,206,Sad,Sad,True,0.9999664,4.5745217e-09,1.7400561e-08,3.0487943e-05,1.0325904e-08,2.6910632e-06,0.9999664,2.9881178e-07
6639,tess,YAF,YAF_sour_angry.wav,Angry,209,Angry,Angry,True,0.99999845,0.99999845,9.784748e-08,1.1472212e-06,2.2112728e-07,3.3204493e-08,1.9638145e-08,3.5417735e-08
6640,tess,YAF,YAF_sour_disgust.wav,Disgust,257,Disgust,Disgust,True,0.999987,1.1091997e-06,0.999987,1.0756972e-09,5.2160637e-08,2.121479e-08,1.1855534e-05,1.4124846e-08
6643,tess,YAF,YAF_sour_neutral.wav,Neutral,197,Neutral,Neutral,True,0.9999999,8.243072e-11,2.5582183e-09,3.7747515e-08,2.7941246e-08,0.9999999,1.2822456e-08,1.8581942e-09
6661,tess,YAF,YAF_such_disgust.wav,Disgust,247,Disgust,Disgust,True,0.99998057,1.3952347e-06,0.99998057,1.3624702e-07,9.581733e-06,3.0004892e-06,2.2619913e-06,2.9069897e-06
6664,tess,YAF,YAF_such_neutral.wav,Neutral,200,Neutral,Neutral,True,1.0,1.5030848e-09,5.493993e-11,8.4717175e-09,1.5913634e-09,1.0,4.5065183e-09,2.3573787e-10
6668,tess,YAF,YAF_sure_disgust.wav,Disgust,228,Disgust,Disgust,True,0.9999993,8.624774e-09,0.9999993,1.4967383e-09,4.063981e-07,2.149452e-10,3.353541e-07,1.0313647e-08
6687,tess,YAF,YAF_talk_sad.wav,Sad,209,Sad,Sad,True,0.99999976,2.3003979e-11,2.64503e-08,9.375622e-08,1.8820783e-09,8.0103135e-08,0.99999976,7.750401e-11
6700,tess,YAF,YAF_team_ps.wav,Surprise,185,Surprise,Surprise,True,0.9999999,7.2304487e-09,4.0769466e-10,8.989009e-08,2.291808e-09,3.1798354e-08,7.1006823e-09,0.9999999
6705,tess,YAF,YAF_tell_happy.wav,Happy,176,Happy,Happy,True,1.0,1.3052361e-08,1.4301287e-09,3.4664446e-08,1.0,1.3146015e-10,1.009275e-10,2.178625e-08
6709,tess,YAF,YAF_thin_angry.wav,Angry,221,Angry,Angry,True,0.9999994,0.9999994,8.13594e-09,2.428775e-07,2.6939085e-07,2.4277753e-08,4.6794455e-08,1.0663713e-08
6710,tess,YAF,YAF_thin_disgust.wav,Disgust,253,Disgust,Disgust,True,0.9999962,7.066598e-08,0.9999962,2.4314101e-08,1.2276184e-06,9.483138e-08,2.2821193e-06,7.687663e-09
6711,tess,YAF,YAF_thin_fear.wav,Fear,162,Fear,Fear,True,1.0,4.2813325e-10,1.9277933e-11,1.0,1.7658645e-10,4.929539e-11,1.5385415e-09,1.0501593e-09
6716,tess,YAF,YAF_third_angry.wav,Angry,209,Angry,Angry,True,0.9996861,0.9996861,0.0002432957,6.7256924e-06,4.5117276e-06,2.7174037e-05,3.2184493e-05,1.7606952e-08
6718,tess,YAF,YAF_third_fear.wav,Fear,163,Fear,Fear,True,1.0,6.9817486e-13,1.669191e-14,1.0,2.2281274e-10,1.3089137e-11,6.3762142e-09,1.7503254e-10
6719,tess,YAF,YAF_third_happy.wav,Happy,178,Happy,Happy,True,0.99999845,2.419278e-11,2.0730829e-11,1.5681985e-06,0.99999845,1.6038116e-09,1.5728459e-08,1.5901332e-08
6723,tess,YAF,YAF_thought_angry.wav,Angry,209,Angry,Angry,True,0.99999666,0.99999666,1.1279574e-06,2.0794125e-06,1.1075039e-07,3.7216573e-08,8.138497e-08,3.081328e-08
6724,tess,YAF,YAF_thought_disgust.wav,Disgust,244,Disgust,Disgust,True,0.99999845,5.766885e-07,0.99999845,4.3308117e-09,8.6297774e-07,4.8240153e-08,2.7276931e-08,5.985656e-08
6730,tess,YAF,YAF_thumb_angry.wav,Angry,202,Angry,Angry,True,0.99999905,0.99999905,1.7713766e-08,1.4782513e-07,4.8443377e-07,3.1020738e-07,6.6504597e-09,2.0527635e-09
6734,tess,YAF,YAF_thumb_neutral.wav,Neutral,199,Neutral,Neutral,True,0.99999976,2.2087834e-08,2.8728017e-08,2.0447981e-08,3.821301e-08,0.99999976,1.38989e-07,6.826428e-10
6760,tess,YAF,YAF_ton_fear.wav,Fear,177,Fear,Fear,True,1.0,2.9138047e-08,8.408768e-10,1.0,2.2905509e-08,3.7154833e-09,5.4740523e-09,5.49204e-09
6771,tess,YAF,YAF_tool_sad.wav,Sad,218,Sad,Sad,True,0.99999976,6.923432e-11,3.1203424e-08,1.5682678e-08,2.5222427e-10,2.4610407e-07,0.99999976,2.1722051e-12
6777,tess,YAF,YAF_tough_ps.wav,Surprise,205,Surprise,Surprise,True,1.0,9.313834e-11,2.0724389e-10,1.1790807e-09,6.104041e-10,5.065648e-08,5.779697e-10,1.0
6782,tess,YAF,YAF_turn_happy.wav,Happy,164,Happy,Happy,True,1.0,4.098126e-12,3.9287905e-12,8.20253e-11,1.0,7.0613567e-12,6.3371725e-13,3.431615e-10
6795,tess,YAF,YAF_voice_fear.wav,Fear,164,Fear,Fear,True,1.0,6.860302e-10,1.567042e-12,1.0,1.2312634e-10,1.7455695e-12,2.3332097e-10,2.4716665e-10
6798,tess,YAF,YAF_voice_ps.wav,Surprise,177,Surprise,Surprise,True,0.9999995,8.110627e-08,2.9742369e-09,5.7223648e-08,3.0086305e-09,3.284315e-07,3.2313745e-09,0.9999995
6815,tess,YAF,YAF_wag_disgust.wav,Disgust,250,Disgust,Disgust,True,0.99997306,2.676249e-05,0.99997306,3.14542e-09,6.8386335e-08,3.8351597e-08,1.3083563e-08,6.013353e-09
6818,tess,YAF,YAF_wag_neutral.wav,Neutral,210,Neutral,Neutral,True,0.9999999,9.25741e-10,2.0122716e-08,8.633629e-10,1.09490784e-10,0.9999999,5.966947e-08,1.0584718e-10
6833,tess,YAF,YAF_wash_ps.wav,Surprise,196,Surprise,Surprise,True,0.9999987,9.129628e-07,8.217734e-09,2.7307323e-07,7.022866e-08,5.030735e-09,5.2020037e-09,0.9999987
6857,tess,YAF,YAF_which_disgust.wav,Disgust,244,Disgust,Disgust,True,0.9999994,1.2505315e-07,0.9999994,9.75329e-11,4.8298637e-07,6.8268036e-10,3.7147159e-09,4.5556142e-08
6859,tess,YAF,YAF_which_happy.wav,Happy,177,Happy,Happy,True,0.99997056,1.2466611e-05,9.860457e-09,9.034914e-06,0.99997056,4.9721493e-06,1.2783755e-06,1.6351482e-06
6862,tess,YAF,YAF_which_sad.wav,Sad,231,Sad,Sad,True,0.9999994,4.812481e-10,8.890157e-09,1.16263745e-08,4.451236e-09,6.342491e-07,0.9999994,2.0616052e-12
6869,tess,YAF,YAF_whip_sad.wav,Sad,221,Sad,Sad,True,0.9999987,1.1204809e-09,2.266035e-08,4.3251418e-07,6.2715725e-07,1.9741174e-07,0.9999987,2.8839533e-09
6874,tess,YAF,YAF_white_neutral.wav,Neutral,209,Neutral,Neutral,True,0.99998355,4.4086382e-06,2.2660387e-07,4.998148e-06,6.911934e-07,0.99998355,5.7060456e-06,3.7128757e-07
6881,tess,YAF,YAF_wife_neutral.wav,Neutral,170,Neutral,Neutral,True,0.999998,2.424528e-08,3.7478518e-10,5.373616e-08,1.7750326e-06,0.999998,1.2404406e-07,2.5771948e-10
6886,tess,YAF,YAF_wire_fear.wav,Fear,157,Fear,Fear,True,0.99999976,2.2743121e-08,6.6716527e-10,0.99999976,1.0760691e-07,7.529358e-08,3.0487737e-09,1.1425577e-09
6890,tess,YAF,YAF_wire_sad.wav,Sad,237,Sad,Sad,True,0.9999995,1.9475188e-09,1.6886354e-07,1.3486903e-09,6.0045463e-10,3.5029106e-07,0.9999995,6.926055e-12
6907,tess,YAF,YAF_yes_fear.wav,Fear,154,Fear,Fear,True,1.0,1.5093276e-09,3.8096834e-10,1.0,5.0971805e-10,3.951081e-11,1.0333654e-09,8.3947305e-10
6912,tess,YAF,YAF_young_angry.wav,Angry,211,Angry,Angry,True,0.9999981,0.9999981,5.2856166e-08,2.2896042e-07,7.773047e-07,8.5318953e-07,8.067523e-08,5.988734e-09
