row_index,dataset,speaker,filename,emotion,real_frames,true_label,predicted_label,correct,confidence,prob_Angry,prob_Disgust,prob_Fear,prob_Happy,prob_Neutral,prob_Sad,prob_Surprise
2398,ravdess,01,03-01-01-01-01-01-01.wav,Neutral,138,Neutral,Happy,False,0.4190721,0.0009440941,0.0007983823,0.016309954,0.4190721,0.34088063,0.22163182,0.0003630315
2399,ravdess,01,03-01-01-01-01-02-01.wav,Neutral,138,Neutral,Neutral,True,0.8171442,0.001215991,0.0004683105,0.0018758198,0.09426003,0.8171442,0.08497985,5.585485e-05
2400,ravdess,01,03-01-01-01-02-01-01.wav,Neutral,135,Neutral,Neutral,True,0.9176405,0.00011195936,0.00019764762,0.002196862,0.027306348,0.9176405,0.05249893,4.7742273e-05
2401,ravdess,01,03-01-01-01-02-02-01.wav,Neutral,129,Neutral,Neutral,True,0.9737153,0.002107032,0.00032216232,0.00048613062,0.012764962,0.9737153,0.010294835,0.00030955614
2402,ravdess,01,03-01-03-01-01-01-01.wav,Happy,161,Happy,Sad,False,0.4825566,2.180222e-05,9.1716305e-05,0.018047908,0.25238797,0.24663064,0.4825566,0.0002634206
2403,ravdess,01,03-01-03-01-01-02-01.wav,Happy,180,Happy,Happy,True,0.82981366,0.00011317679,1.7269575e-05,0.13611645,0.82981366,0.016634516,0.011486192,0.0058186213
2404,ravdess,01,03-01-03-01-02-01-01.wav,Happy,157,Happy,Neutral,False,0.69499856,7.623724e-05,0.00047694103,0.0018691231,0.0103139095,0.69499856,0.29225937,5.921712e-06
2405,ravdess,01,03-01-03-01-02-02-01.wav,Happy,180,Happy,Sad,False,0.6871977,0.00096535863,0.0015489436,0.013098595,0.055018116,0.24146985,0.6871977,0.0007014625
2406,ravdess,01,03-01-03-02-01-01-01.wav,Happy,170,Happy,Happy,True,0.80280036,0.041505437,0.00031847015,0.07094884,0.80280036,0.0011013537,0.010858273,0.0724673
2407,ravdess,01,03-01-03-02-01-02-01.wav,Happy,189,Happy,Fear,False,0.6008451,0.0017878612,1.1356386e-05,0.6008451,0.36740783,0.00069785444,0.0017171097,0.027532872
2408,ravdess,01,03-01-03-02-02-01-01.wav,Happy,199,Happy,Sad,False,0.4610043,0.11151427,0.01891457,0.09983094,0.2813729,0.009228164,0.4610043,0.018134885
2409,ravdess,01,03-01-03-02-02-02-01.wav,Happy,202,Happy,Sad,False,0.35684633,0.099831544,0.0061853807,0.23879182,0.0760909,0.18155268,0.35684633,0.040701296
2410,ravdess,01,03-01-04-01-01-01-01.wav,Sad,186,Sad,Neutral,False,0.8990326,0.00017689305,0.00012308033,1.820777e-05,0.018360248,0.8990326,0.082289,4.5324235e-08
2411,ravdess,01,03-01-04-01-01-02-01.wav,Sad,167,Sad,Neutral,False,0.9206031,7.393938e-05,0.001426925,5.185375e-05,0.0002491098,0.9206031,0.077593155,1.9527617e-06
2412,ravdess,01,03-01-04-01-02-01-01.wav,Sad,154,Sad,Neutral,False,0.5709909,0.00033721267,0.0029622263,7.427088e-05,0.0003115269,0.5709909,0.4253229,9.278142e-07
2413,ravdess,01,03-01-04-01-02-02-01.wav,Sad,148,Sad,Sad,True,0.5972826,0.0025100184,0.0034888259,0.0011764966,0.008571603,0.3869522,0.5972826,1.8250274e-05
2414,ravdess,01,03-01-04-02-01-01-01.wav,Sad,189,Sad,Neutral,False,0.828965,3.734405e-06,5.9634807e-05,6.627319e-05,0.00025270012,0.828965,0.17065264,2.8864704e-08
2415,ravdess,01,03-01-04-02-01-02-01.wav,Sad,173,Sad,Sad,True,0.5302896,0.00037665738,6.07262e-05,0.13457958,0.100210235,0.23407218,0.5302896,0.00041101145
2416,ravdess,01,03-01-04-02-02-01-01.wav,Sad,180,Sad,Fear,False,0.3532651,0.0023917237,0.001173553,0.3532651,0.3109548,0.040693868,0.28707,0.004450955
2417,ravdess,01,03-01-04-02-02-02-01.wav,Sad,180,Sad,Fear,False,0.6455672,0.0013878869,4.633166e-05,0.6455672,0.084876694,0.010821333,0.25710472,0.00019592866
2418,ravdess,01,03-01-05-01-01-01-01.wav,Angry,193,Angry,Angry,True,0.3663472,0.3663472,0.0069757802,0.36571255,0.014037658,0.000164702,0.1358623,0.11089981
2419,ravdess,01,03-01-05-01-01-02-01.wav,Angry,205,Angry,Angry,True,0.9905109,0.9905109,0.00038145095,0.00020647718,0.0053841253,2.8870886e-06,0.0010973975,0.002416734
2420,ravdess,01,03-01-05-01-02-01-01.wav,Angry,157,Angry,Sad,False,0.69401145,0.061347652,0.010534712,0.031780574,0.15215528,0.046009637,0.69401145,0.004160744
2421,ravdess,01,03-01-05-01-02-02-01.wav,Angry,180,Angry,Fear,False,0.45201308,0.05231249,0.00033223786,0.45201308,0.1040185,0.03246923,0.32594222,0.03291223
2422,ravdess,01,03-01-05-02-01-01-01.wav,Angry,209,Angry,Angry,True,0.96519744,0.96519744,1.2652516e-06,9.351079e-05,0.032652132,9.693177e-07,1.0881472e-05,0.0020438188
2423,ravdess,01,03-01-05-02-01-02-01.wav,Angry,321,Angry,Surprise,False,0.85791254,0.12606332,1.0369634e-05,0.0036875457,0.012281496,1.8178708e-08,4.4643817e-05,0.85791254
2424,ravdess,01,03-01-05-02-02-01-01.wav,Angry,212,Angry,Angry,True,0.96062577,0.96062577,3.959378e-05,0.019448116,0.006285031,3.573818e-07,0.000111120826,0.013490004
2425,ravdess,01,03-01-05-02-02-02-01.wav,Angry,241,Angry,Angry,True,0.9902148,0.9902148,4.060244e-06,1.8073091e-05,0.0030161105,4.84176e-09,7.0006217e-06,0.0067399265
2426,ravdess,01,03-01-06-01-01-01-01.wav,Fear,173,Fear,Sad,False,0.6747865,1.3754698e-06,3.4921562e-05,0.07872857,0.099708006,0.14671683,0.6747865,2.3845505e-05
2427,ravdess,01,03-01-06-01-01-02-01.wav,Fear,177,Fear,Happy,False,0.55327755,0.00026359846,8.061013e-06,0.42723447,0.55327755,0.015853215,0.002047155,0.0013159427
2428,ravdess,01,03-01-06-01-02-01-01.wav,Fear,341,Fear,Sad,False,0.91198546,0.00010389782,0.0018651087,0.0132388845,0.0052122134,0.06752182,0.91198546,7.26502e-05
2429,ravdess,01,03-01-06-01-02-02-01.wav,Fear,196,Fear,Sad,False,0.93346757,6.0504926e-06,3.282537e-05,0.0016544646,0.0051638507,0.059672337,0.93346757,2.9015357e-06
2430,ravdess,01,03-01-06-02-01-01-01.wav,Fear,289,Fear,Surprise,False,0.8952954,0.0012648079,0.00033716776,0.014911623,0.08805982,6.467477e-07,0.00013048401,0.8952954
2431,ravdess,01,03-01-06-02-01-02-01.wav,Fear,231,Fear,Angry,False,0.82194406,0.82194406,0.00072573766,0.00027508984,0.054617576,7.359094e-05,4.5352852e-05,0.12231867
2432,ravdess,01,03-01-06-02-02-01-01.wav,Fear,183,Fear,Fear,True,0.5368573,0.17399563,1.5774545e-05,0.5368573,0.2594653,0.00088184036,0.027441131,0.0013430446
2433,ravdess,01,03-01-06-02-02-02-01.wav,Fear,183,Fear,Surprise,False,0.38439205,0.28052184,2.7975343e-06,0.08107612,0.25382063,8.8648875e-07,0.00018561014,0.38439205
2434,ravdess,01,03-01-07-01-01-01-01.wav,Disgust,205,Disgust,Disgust,True,0.96536493,0.0001433733,0.96536493,0.00014710793,3.7392776e-05,8.082198e-06,0.034092993,0.00020614904
2435,ravdess,01,03-01-07-01-01-02-01.wav,Disgust,202,Disgust,Disgust,True,0.91689867,0.008550393,0.91689867,3.707885e-05,0.00022609685,1.6391885e-05,0.07187156,0.002399696
2436,ravdess,01,03-01-07-01-02-01-01.wav,Disgust,202,Disgust,Disgust,True,0.986822,0.0049666143,0.986822,2.619691e-06,5.356724e-07,8.149332e-05,0.008126667,9.524341e-08
2437,ravdess,01,03-01-07-01-02-02-01.wav,Disgust,193,Disgust,Disgust,True,0.8450842,0.00010581973,0.8450842,0.00018483064,5.5526823e-05,0.0044391924,0.15013026,1.8751591e-07
2438,ravdess,01,03-01-07-02-01-01-01.wav,Disgust,234,Disgust,Angry,False,0.6529772,0.6529772,0.28923687,7.463761e-06,0.00040060648,1.5252208e-08,0.05723344,0.00014431636
2439,ravdess,01,03-01-07-02-01-02-01.wav,Disgust,209,Disgust,Surprise,False,0.6398835,0.00014977045,0.00070050376,0.056656417,0.26803333,1.8851833e-07,0.034576356,0.6398835
2440,ravdess,01,03-01-07-02-02-01-01.wav,Disgust,244,Disgust,Angry,False,0.57839024,0.57839024,0.4080458,9.552876e-06,8.697283e-05,2.7175923e-07,0.013138702,0.00032847832
2441,ravdess,01,03-01-07-02-02-02-01.wav,Disgust,237,Disgust,Disgust,True,0.3949157,0.27944475,0.3949157,0.0040166527,0.035619758,1.4848997e-06,0.032383915,0.25361776
2442,ravdess,01,03-01-08-01-01-01-01.wav,Surprise,148,Surprise,Neutral,False,0.5731073,0.060431596,0.0010592282,0.00786356,0.06103851,0.5731073,0.29594257,0.00055728893
2443,ravdess,01,03-01-08-01-01-02-01.wav,Surprise,135,Surprise,Happy,False,0.5456685,0.0019038481,0.0004820858,0.15333793,0.5456685,0.25966546,0.03256203,0.006380168
2444,ravdess,01,03-01-08-01-02-01-01.wav,Surprise,161,Surprise,Sad,False,0.8255179,3.6383713e-05,0.0009147323,5.945505e-05,0.00011724371,0.17335424,0.8255179,8.836251e-08
2445,ravdess,01,03-01-08-01-02-02-01.wav,Surprise,141,Surprise,Fear,False,0.4910535,0.00028133273,0.00044971594,0.4910535,0.34785062,0.05632977,0.084272854,0.019762238
2446,ravdess,01,03-01-08-02-01-01-01.wav,Surprise,148,Surprise,Fear,False,0.5369264,0.00027233208,2.3530833e-06,0.5369264,0.44993094,0.007729487,0.00043152296,0.0047070137
2447,ravdess,01,03-01-08-02-01-02-01.wav,Surprise,164,Surprise,Fear,False,0.46872023,0.007993554,0.00012552863,0.46872023,0.20485708,0.00064772496,0.018582016,0.29907385
2448,ravdess,01,03-01-08-02-02-01-01.wav,Surprise,161,Surprise,Fear,False,0.40031368,0.0010154324,0.0014219616,0.40031368,0.08947263,0.2961584,0.18937084,0.02224704
2449,ravdess,01,03-01-08-02-02-02-01.wav,Surprise,135,Surprise,Surprise,True,0.9303631,4.70058e-06,1.5157156e-07,0.004110468,0.06550215,1.594281e-05,3.4673521e-06,0.9303631
2554,ravdess,04,03-01-01-01-01-01-04.wav,Neutral,145,Neutral,Happy,False,0.54151183,0.001671135,1.3463562e-06,0.00019333615,0.54151183,0.042259097,0.00033929027,0.41402394
2555,ravdess,04,03-01-01-01-01-02-04.wav,Neutral,148,Neutral,Happy,False,0.52011675,0.009547204,1.454578e-05,0.0019045384,0.52011675,0.44157952,0.00357243,0.02326503
2556,ravdess,04,03-01-01-01-02-01-04.wav,Neutral,135,Neutral,Happy,False,0.5732004,0.0026700753,7.693865e-05,0.00023757032,0.5732004,0.08924986,0.0006803914,0.33388475
2557,ravdess,04,03-01-01-01-02-02-04.wav,Neutral,132,Neutral,Happy,False,0.54897547,0.00048254005,5.9816986e-05,0.0008144639,0.54897547,0.035139352,0.0004013656,0.41412708
2558,ravdess,04,03-01-03-01-01-01-04.wav,Happy,161,Happy,Happy,True,0.98422676,5.2629326e-05,0.0007074494,0.00019346457,0.98422676,0.0054155807,0.0069578234,0.0024462568
2559,ravdess,04,03-01-03-01-01-02-04.wav,Happy,161,Happy,Surprise,False,0.9410106,2.0960247e-09,3.3046814e-09,3.3418797e-05,0.058955915,4.673693e-12,1.510376e-08,0.9410106
2560,ravdess,04,03-01-03-01-02-01-04.wav,Happy,161,Happy,Happy,True,0.9903656,6.936211e-06,1.6617854e-05,0.00080520485,0.9903656,0.004827554,0.0033793356,0.0005986909
2561,ravdess,04,03-01-03-01-02-02-04.wav,Happy,154,Happy,Happy,True,0.9582773,1.5179089e-05,1.96633e-06,1.0240854e-05,0.9582773,1.1147894e-05,3.030897e-06,0.041681077
2562,ravdess,04,03-01-03-02-01-01-04.wav,Happy,189,Happy,Surprise,False,0.91997457,0.00037591145,2.5322981e-05,0.006557228,0.07280607,1.5122713e-07,0.0002607682,0.91997457
2563,ravdess,04,03-01-03-02-01-02-04.wav,Happy,161,Happy,Fear,False,0.67491645,0.00082699076,1.5893536e-06,0.67491645,0.027177133,3.2090964e-05,0.00064980396,0.296396
2564,ravdess,04,03-01-03-02-02-01-04.wav,Happy,167,Happy,Happy,True,0.89730364,2.1709051e-05,9.198918e-06,0.05145653,0.89730364,0.00022425904,0.000673536,0.050311122
2565,ravdess,04,03-01-03-02-02-02-04.wav,Happy,180,Happy,Happy,True,0.58198965,0.00055384054,0.00013491871,0.16279544,0.58198965,4.20548e-05,0.0017557092,0.25272837
2566,ravdess,04,03-01-04-01-01-01-04.wav,Sad,151,Sad,Fear,False,0.81799763,0.00023684422,0.00031485452,0.81799763,0.0037181904,0.055151224,0.119766235,0.0028150007
2567,ravdess,04,03-01-04-01-01-02-04.wav,Sad,151,Sad,Happy,False,0.7611319,0.0039583426,2.9536102e-06,0.0023941342,0.7611319,0.023768727,0.0003512569,0.20839281
2568,ravdess,04,03-01-04-01-02-01-04.wav,Sad,154,Sad,Surprise,False,0.5842742,0.01584277,5.087308e-06,0.020549916,0.37266272,0.0064915945,0.00017377615,0.5842742
2569,ravdess,04,03-01-04-01-02-02-04.wav,Sad,157,Sad,Happy,False,0.614984,0.0014745904,2.4559891e-05,0.19920161,0.614984,0.13846257,0.0091356,0.03671705
2570,ravdess,04,03-01-04-02-01-01-04.wav,Sad,173,Sad,Happy,False,0.8310286,3.9914732e-05,8.111072e-06,0.06975017,0.8310286,0.00011332822,0.015320791,0.083739124
2571,ravdess,04,03-01-04-02-01-02-04.wav,Sad,177,Sad,Happy,False,0.87201977,1.2473623e-05,9.812926e-06,0.09175292,0.87201977,3.2578777e-07,0.0004310995,0.035773586
2572,ravdess,04,03-01-04-02-02-01-04.wav,Sad,183,Sad,Happy,False,0.92165196,0.0726517,8.505453e-07,0.0047534555,0.92165196,0.000723329,7.72033e-05,0.00014144757
2573,ravdess,04,03-01-04-02-02-02-04.wav,Sad,209,Sad,Surprise,False,0.69736284,0.017875766,1.5690894e-05,0.123839445,0.15708926,0.00010012149,0.0037168746,0.69736284
2574,ravdess,04,03-01-05-01-01-01-04.wav,Angry,177,Angry,Happy,False,0.90446126,0.09186004,2.9968869e-05,2.838494e-05,0.90446126,0.0026179191,0.0009177967,8.470009e-05
2575,ravdess,04,03-01-05-01-01-02-04.wav,Angry,164,Angry,Surprise,False,0.927801,0.06440799,7.3772276e-07,1.6053198e-05,0.007771965,3.8476176e-07,1.8319598e-06,0.927801
2576,ravdess,04,03-01-05-01-02-01-04.wav,Angry,154,Angry,Surprise,False,0.88672864,0.0075767906,3.9958092e-08,0.0002947528,0.10538565,1.0927608e-05,3.186062e-06,0.88672864
2577,ravdess,04,03-01-05-01-02-02-04.wav,Angry,183,Angry,Angry,True,0.9400469,0.9400469,0.00013044587,0.00017894038,0.0070117256,9.461772e-05,7.067022e-05,0.05246668
2578,ravdess,04,03-01-05-02-01-01-04.wav,Angry,173,Angry,Surprise,False,0.99562895,9.203707e-05,9.3740607e-07,0.0036741297,0.0005835118,1.3009047e-08,2.0364116e-05,0.99562895
2579,ravdess,04,03-01-05-02-01-02-04.wav,Angry,186,Angry,Fear,False,0.52120566,0.29789066,5.821062e-06,0.52120566,0.070506714,9.286626e-06,0.001339297,0.10904255
2580,ravdess,04,03-01-05-02-02-01-04.wav,Angry,173,Angry,Angry,True,0.9460951,0.9460951,5.083596e-07,0.014538459,0.010270803,1.6220065e-07,7.942547e-06,0.029086975
2581,ravdess,04,03-01-05-02-02-02-04.wav,Angry,189,Angry,Angry,True,0.9738152,0.9738152,9.252658e-06,0.00052447466,0.013625318,1.2190509e-06,7.602488e-05,0.0119484505
2582,ravdess,04,03-01-06-01-01-01-04.wav,Fear,138,Fear,Surprise,False,0.9447103,4.9169507e-06,1.3552838e-07,0.052602112,0.002679345,6.236154e-07,2.5121278e-06,0.9447103
2583,ravdess,04,03-01-06-01-01-02-04.wav,Fear,151,Fear,Surprise,False,0.9318701,1.1203622e-05,6.2232544e-08,0.06797471,0.00014251431,1.6227187e-07,1.2764963e-06,0.9318701
2584,ravdess,04,03-01-06-01-02-01-04.wav,Fear,148,Fear,Surprise,False,0.52274555,9.885354e-07,1.1364578e-08,0.4748576,0.0023954397,4.6325155e-08,3.7784852e-07,0.52274555
2585,ravdess,04,03-01-06-01-02-02-04.wav,Fear,148,Fear,Surprise,False,0.85235626,2.4918274e-06,4.1248256e-08,0.14512736,0.002513124,1.7593372e-07,5.5521554e-07,0.85235626
2586,ravdess,04,03-01-06-02-01-01-04.wav,Fear,218,Fear,Fear,True,0.7289808,0.0017047491,2.2368588e-06,0.7289808,0.19918813,1.8657465e-05,0.0007126897,0.06939268
2587,ravdess,04,03-01-06-02-01-02-04.wav,Fear,141,Fear,Fear,True,0.9877123,0.0016418174,2.6844253e-07,0.9877123,0.0031185113,7.967651e-07,1.11509435e-05,0.007515243
2588,ravdess,04,03-01-06-02-02-01-04.wav,Fear,157,Fear,Happy,False,0.7384177,0.15818551,1.0545606e-06,0.03172878,0.7384177,4.592852e-05,2.233166e-05,0.071598634
2589,ravdess,04,03-01-06-02-02-02-04.wav,Fear,157,Fear,Fear,True,0.91278774,0.00013784338,8.4121456e-07,0.91278774,0.07148152,0.00024512594,0.0019631276,0.013383794
2590,ravdess,04,03-01-07-01-01-01-04.wav,Disgust,196,Disgust,Sad,False,0.52491796,0.0224579,0.20178045,0.030722536,0.048626855,0.0048536696,0.52491796,0.16664061
2591,ravdess,04,03-01-07-01-01-02-04.wav,Disgust,196,Disgust,Disgust,True,0.8468153,0.004546642,0.8468153,0.0002939478,0.11666594,8.574744e-08,0.00530229,0.02637594
2592,ravdess,04,03-01-07-01-02-01-04.wav,Disgust,186,Disgust,Angry,False,0.4791918,0.4791918,0.29177165,0.005307557,0.00065385626,5.2317228e-06,0.0027277914,0.22034214
2593,ravdess,04,03-01-07-01-02-02-04.wav,Disgust,183,Disgust,Surprise,False,0.98064053,0.00031009485,0.00038871693,0.018392183,0.0002668284,1.08888925e-08,1.5854688e-06,0.98064053
2594,ravdess,04,03-01-07-02-01-01-04.wav,Disgust,202,Disgust,Angry,False,0.48094296,0.48094296,0.31516042,0.03558294,0.07272434,0.00025035796,0.061816283,0.033522733
2595,ravdess,04,03-01-07-02-01-02-04.wav,Disgust,202,Disgust,Surprise,False,0.58167887,0.009883421,0.4050728,0.00015695146,0.0029462648,3.157828e-05,0.0002301393,0.58167887
2596,ravdess,04,03-01-07-02-02-01-04.wav,Disgust,193,Disgust,Disgust,True,0.65819293,0.2169978,0.65819293,0.026946224,0.0012651647,1.7697932e-05,0.002268787,0.09431132
2597,ravdess,04,03-01-07-02-02-02-04.wav,Disgust,218,Disgust,Disgust,True,0.7726295,0.014312703,0.7726295,0.0057514883,0.14468493,9.287615e-07,0.03155065,0.031069797
2598,ravdess,04,03-01-08-01-01-01-04.wav,Surprise,135,Surprise,Surprise,True,0.99967015,3.4618595e-06,1.0373585e-09,0.00014234567,0.000184032,5.835548e-10,2.1735158e-08,0.99967015
2599,ravdess,04,03-01-08-01-01-02-04.wav,Surprise,145,Surprise,Surprise,True,0.99848133,6.4740125e-06,1.3203987e-07,0.0010922677,0.000418852,6.643495e-09,9.2138384e-07,0.99848133
2600,ravdess,04,03-01-08-01-02-01-04.wav,Surprise,170,Surprise,Surprise,True,0.9693564,0.0045709675,1.6958256e-06,7.134319e-05,0.02594011,3.6002886e-05,2.3361532e-05,0.9693564
2601,ravdess,04,03-01-08-01-02-02-04.wav,Surprise,148,Surprise,Surprise,True,0.9976157,9.5780866e-05,1.6777798e-09,0.00016487019,0.0021236045,2.5096103e-10,1.4289616e-07,0.9976157
2602,ravdess,04,03-01-08-02-01-01-04.wav,Surprise,186,Surprise,Surprise,True,0.99966073,1.2442382e-05,1.1856961e-08,0.00017853265,0.00014820101,5.6229105e-10,7.761171e-08,0.99966073
2603,ravdess,04,03-01-08-02-01-02-04.wav,Surprise,161,Surprise,Surprise,True,0.48153344,0.00046321712,4.140384e-06,0.47213933,0.045768406,2.0582625e-05,7.088438e-05,0.48153344
2604,ravdess,04,03-01-08-02-02-01-04.wav,Surprise,154,Surprise,Surprise,True,0.8788019,0.0024398977,1.0331211e-06,0.049312763,0.06940785,1.7521135e-06,3.47575e-05,0.8788019
2605,ravdess,04,03-01-08-02-02-02-04.wav,Surprise,164,Surprise,Surprise,True,0.79892176,0.04282653,6.087197e-07,0.013687466,0.14455639,5.0767244e-07,6.7495757e-06,0.79892176
3438,ravdess,21,03-01-01-01-01-01-21.wav,Neutral,189,Neutral,Neutral,True,0.9996978,1.4423988e-05,6.1654376e-08,7.319822e-08,0.00016135834,0.9996978,0.00012603866,1.8064631e-07
3439,ravdess,21,03-01-01-01-01-02-21.wav,Neutral,205,Neutral,Neutral,True,0.9999727,1.6744879e-07,8.695758e-08,1.2801642e-10,1.4280258e-06,0.9999727,2.5648866e-05,3.3859087e-09
3440,ravdess,21,03-01-01-01-02-01-21.wav,Neutral,173,Neutral,Neutral,True,0.99709296,3.311285e-06,1.0026065e-07,3.7982844e-07,0.0001892038,0.99709296,0.0027138581,1.4671984e-07
3441,ravdess,21,03-01-01-01-02-02-21.wav,Neutral,173,Neutral,Neutral,True,0.996259,0.00010348472,3.3817007e-06,5.2646453e-07,0.00053912535,0.996259,0.003092589,1.925483e-06
3442,ravdess,21,03-01-03-01-01-01-21.wav,Happy,193,Happy,Neutral,False,0.9992648,7.101434e-05,1.7001679e-06,3.961785e-07,0.00034968724,0.9992648,0.00031194804,4.9810683e-07
3443,ravdess,21,03-01-03-01-01-02-21.wav,Happy,183,Happy,Neutral,False,0.95158195,0.0024561004,4.1000017e-06,3.7900309e-06,0.045732792,0.95158195,0.0002035743,1.7626684e-05
3444,ravdess,21,03-01-03-01-02-01-21.wav,Happy,177,Happy,Neutral,False,0.99838006,5.796476e-07,4.070844e-08,2.3581445e-07,0.0001163154,0.99838006,0.0015025956,1.0677319e-07
3445,ravdess,21,03-01-03-01-02-02-21.wav,Happy,189,Happy,Neutral,False,0.97278565,0.015580252,3.1301424e-05,1.9966146e-06,0.0053331456,0.97278565,0.0062625753,5.1186744e-06
3446,ravdess,21,03-01-03-02-01-01-21.wav,Happy,189,Happy,Happy,True,0.94135433,0.05146729,8.116493e-06,0.0006964334,0.94135433,0.0010725443,8.5249985e-06,0.005392783
3447,ravdess,21,03-01-03-02-01-02-21.wav,Happy,202,Happy,Happy,True,0.9506342,0.0076395907,9.372946e-05,0.00013406985,0.9506342,0.0078394795,5.1679166e-05,0.033607196
3448,ravdess,21,03-01-03-02-02-01-21.wav,Happy,173,Happy,Neutral,False,0.49971578,0.0005001861,3.69511e-05,0.002750483,0.47759932,0.49971578,0.005710755,0.013686507
3449,ravdess,21,03-01-03-02-02-02-21.wav,Happy,183,Happy,Happy,True,0.8343259,0.022758437,1.250901e-05,5.337353e-05,0.8343259,2.484032e-05,8.644562e-07,0.1428241
3450,ravdess,21,03-01-04-01-01-01-21.wav,Sad,257,Sad,Sad,True,0.68771136,0.041581407,0.18507545,4.9272053e-06,0.0001278486,0.08524419,0.68771136,0.0002548049
3451,ravdess,21,03-01-04-01-01-02-21.wav,Sad,285,Sad,Sad,True,0.64345264,0.009028895,0.29218602,1.7610972e-07,4.0301e-05,0.055274386,0.64345264,1.7583838e-05
3452,ravdess,21,03-01-04-01-02-01-21.wav,Sad,225,Sad,Neutral,False,0.9897194,7.175348e-05,0.005098493,8.1033846e-07,1.5720594e-05,0.9897194,0.0050925836,1.3062412e-06
3453,ravdess,21,03-01-04-01-02-02-21.wav,Sad,234,Sad,Sad,True,0.50338185,0.0032073087,0.12456582,8.512348e-05,0.001854759,0.36682534,0.50338185,7.977888e-05
3454,ravdess,21,03-01-04-02-01-01-21.wav,Sad,228,Sad,Neutral,False,0.39769393,0.0046007396,0.0022107372,0.018364338,0.28978506,0.39769393,0.28647798,0.00086721417
3455,ravdess,21,03-01-04-02-01-02-21.wav,Sad,244,Sad,Angry,False,0.47824672,0.47824672,0.020832779,0.002341058,0.27737108,0.010815186,0.21025226,0.00014089304
3456,ravdess,21,03-01-04-02-02-01-21.wav,Sad,237,Sad,Sad,True,0.7084242,0.0029934382,0.27585375,0.00044802143,0.0092404615,0.0030358667,0.7084242,4.2795414e-06
3457,ravdess,21,03-01-04-02-02-02-21.wav,Sad,225,Sad,Neutral,False,0.924259,0.003168964,0.0015553726,0.018364018,0.03440987,0.924259,0.017958276,0.00028449853
3458,ravdess,21,03-01-05-01-01-01-21.wav,Angry,221,Angry,Angry,True,0.95300376,0.95300376,0.040637795,3.7140042e-05,0.00045065334,0.0018605405,0.00040365782,0.0036064195
3459,ravdess,21,03-01-05-01-01-02-21.wav,Angry,212,Angry,Angry,True,0.98458177,0.98458177,0.009025169,4.7078993e-06,0.0027591388,0.002343447,8.500577e-05,0.0012007593
3460,ravdess,21,03-01-05-01-02-01-21.wav,Angry,212,Angry,Angry,True,0.79375166,0.79375166,0.01566378,0.00029572207,0.17985599,0.0042721303,0.006098713,6.1983555e-05
3461,ravdess,21,03-01-05-01-02-02-21.wav,Angry,202,Angry,Angry,True,0.9973356,0.9973356,0.00062715233,4.8900215e-06,0.0018692375,3.0190758e-05,0.00010764605,2.5270323e-05
3462,ravdess,21,03-01-05-02-01-01-21.wav,Angry,237,Angry,Angry,True,0.9779448,0.9779448,0.006523568,4.730617e-06,0.014826659,1.1098862e-05,3.801069e-05,0.0006510296
3463,ravdess,21,03-01-05-02-01-02-21.wav,Angry,250,Angry,Angry,True,0.87408096,0.87408096,0.043918993,2.9944464e-05,0.07615657,2.0807782e-05,0.00025680914,0.0055359295
3464,ravdess,21,03-01-05-02-02-01-21.wav,Angry,215,Angry,Angry,True,0.52251333,0.52251333,0.0003688922,0.0011669082,0.47415376,7.960096e-06,4.6113128e-05,0.001743056
3465,ravdess,21,03-01-05-02-02-02-21.wav,Angry,225,Angry,Angry,True,0.99610704,0.99610704,0.00015228355,3.850118e-05,0.0036867422,6.402093e-07,7.4598194e-07,1.40884995e-05
3466,ravdess,21,03-01-06-01-01-01-21.wav,Fear,202,Fear,Neutral,False,0.9284288,0.0066036517,0.011519495,0.00016140268,0.032822806,0.9284288,0.015212216,0.0052514845
3467,ravdess,21,03-01-06-01-01-02-21.wav,Fear,199,Fear,Neutral,False,0.8835224,0.00093384617,0.0059821834,1.0630409e-05,0.00063321076,0.8835224,0.10889484,2.2809929e-05
3468,ravdess,21,03-01-06-01-02-01-21.wav,Fear,231,Fear,Happy,False,0.783171,0.00047415996,0.013034571,0.0036786874,0.783171,0.0045584603,0.1925009,0.0025822346
3469,ravdess,21,03-01-06-01-02-02-21.wav,Fear,221,Fear,Disgust,False,0.5635125,0.0013111337,0.5635125,9.709355e-06,0.0005187544,0.32766953,0.106935516,4.2852593e-05
3470,ravdess,21,03-01-06-02-01-01-21.wav,Fear,202,Fear,Neutral,False,0.52391696,0.055826686,0.15521859,0.0032369937,0.064627215,0.52391696,0.19549084,0.0016826617
3471,ravdess,21,03-01-06-02-01-02-21.wav,Fear,193,Fear,Happy,False,0.7542149,0.0028114014,0.001385523,0.012032279,0.7542149,0.16332464,0.061968625,0.0042626793
3472,ravdess,21,03-01-06-02-02-01-21.wav,Fear,186,Fear,Happy,False,0.45647022,0.012453373,0.0007739908,0.062381897,0.45647022,0.427439,0.027102452,0.013379033
3473,ravdess,21,03-01-06-02-02-02-21.wav,Fear,173,Fear,Neutral,False,0.65358144,0.012921656,0.0025621383,0.068614766,0.119504414,0.65358144,0.14048344,0.0023321349
3474,ravdess,21,03-01-07-01-01-01-21.wav,Disgust,205,Disgust,Disgust,True,0.9912253,0.0077061323,0.9912253,3.1965387e-06,0.00012949706,0.0005192535,0.00016290414,0.00025366267
3475,ravdess,21,03-01-07-01-01-02-21.wav,Disgust,218,Disgust,Angry,False,0.9297162,0.9297162,0.06621999,1.8087904e-07,6.2982894e-05,0.0038597304,7.973379e-05,6.12004e-05
3476,ravdess,21,03-01-07-01-02-01-21.wav,Disgust,180,Disgust,Angry,False,0.9170723,0.9170723,0.0015041919,3.8627413e-06,0.030123688,0.048454676,0.0026595802,0.0001817052
3477,ravdess,21,03-01-07-01-02-02-21.wav,Disgust,173,Disgust,Angry,False,0.8365467,0.8365467,0.04659273,0.00026331533,0.0063223047,0.08118395,0.0229959,0.0060951607
3478,ravdess,21,03-01-07-02-01-01-21.wav,Disgust,218,Disgust,Angry,False,0.5745334,0.5745334,0.42495978,5.476989e-07,2.9130988e-05,0.0001182839,0.00034357625,1.5252858e-05
3479,ravdess,21,03-01-07-02-01-02-21.wav,Disgust,215,Disgust,Angry,False,0.9376341,0.9376341,0.05246456,5.045383e-07,0.0009546716,0.0053366367,0.0036056824,3.77263e-06
3480,ravdess,21,03-01-07-02-02-01-21.wav,Disgust,234,Disgust,Disgust,True,0.9937854,0.0061308076,0.9937854,5.0702358e-08,5.910029e-07,4.866943e-06,7.823263e-05,1.10561565e-07
3481,ravdess,21,03-01-07-02-02-02-21.wav,Disgust,205,Disgust,Disgust,True,0.8318007,0.16467443,0.8318007,1.3077215e-06,1.4420435e-05,0.0009860672,0.00250962,1.3396917e-05
3482,ravdess,21,03-01-08-01-01-01-21.wav,Surprise,157,Surprise,Surprise,True,0.9736767,3.4826523e-06,2.0686382e-08,0.00013766561,0.026182033,5.179145e-08,2.346539e-08,0.9736767
3483,ravdess,21,03-01-08-01-01-02-21.wav,Surprise,157,Surprise,Surprise,True,0.99646914,7.776014e-07,3.3334013e-09,1.32627065e-05,0.0035167737,2.0406882e-10,8.9582186e-10,0.99646914
3484,ravdess,21,03-01-08-01-02-01-21.wav,Surprise,151,Surprise,Surprise,True,0.96490735,0.011407567,1.4590883e-06,0.01537623,0.008303651,1.1166575e-07,3.7131526e-06,0.96490735
3485,ravdess,21,03-01-08-01-02-02-21.wav,Surprise,167,Surprise,Surprise,True,0.9571834,0.00015447897,3.871769e-07,0.00036489527,0.042295586,8.5888536e-07,3.4850552e-07,0.9571834
3486,ravdess,21,03-01-08-02-01-01-21.wav,Surprise,173,Surprise,Surprise,True,0.74505407,0.076405585,6.358236e-06,1.1516814e-05,0.17852212,2.539431e-07,8.1865046e-08,0.74505407
3487,ravdess,21,03-01-08-02-01-02-21.wav,Surprise,173,Surprise,Angry,False,0.40465924,0.40465924,8.2034154e-07,7.2781195e-06,0.39456785,2.3486416e-07,1.7030548e-08,0.20076457
3488,ravdess,21,03-01-08-02-02-01-21.wav,Surprise,154,Surprise,Surprise,True,0.9551295,0.0011637856,4.9295187e-07,0.027699344,0.016006561,1.3794748e-07,2.2391727e-07,0.9551295
3489,ravdess,21,03-01-08-02-02-02-21.wav,Surprise,164,Surprise,Surprise,True,0.8612932,0.0009387294,9.8151345e-09,3.592894e-05,0.13773215,1.1289546e-08,7.8946094e-10,0.8612932
3646,savee,DC,DC_a01.wav,Angry,365,Angry,Fear,False,0.42606,0.07812116,0.07609702,0.42606,0.20582907,0.049686607,0.015525776,0.14868046
3647,savee,DC,DC_a02.wav,Angry,344,Angry,Fear,False,0.7243369,0.0017563743,0.020496607,0.7243369,0.1732041,0.022899382,0.019838056,0.037468486
3648,savee,DC,DC_a03.wav,Angry,208,Angry,Surprise,False,0.70322466,0.025490094,0.0094542075,0.046596568,0.1861588,0.014066397,0.015009287,0.70322466
3649,savee,DC,DC_a04.wav,Angry,231,Angry,Angry,True,0.87990385,0.87990385,0.0042664562,0.0061573344,0.03723528,0.0017550224,0.018154275,0.052527804
3650,savee,DC,DC_a05.wav,Angry,212,Angry,Happy,False,0.8383405,0.09678621,0.0004748652,0.022184204,0.8383405,0.027518393,0.0029153565,0.011780414
3651,savee,DC,DC_a06.wav,Angry,374,Angry,Surprise,False,0.46375704,0.032056756,0.057709023,0.17225257,0.24575768,0.012394447,0.016072458,0.46375704
3652,savee,DC,DC_a07.wav,Angry,215,Angry,Surprise,False,0.45800674,0.008248671,0.028644681,0.33857006,0.08809788,0.04910367,0.029328216,0.45800674
3653,savee,DC,DC_a08.wav,Angry,228,Angry,Angry,True,0.4619755,0.4619755,0.0013373077,0.013116124,0.18879837,0.0011142894,0.0011685517,0.33248982
3654,savee,DC,DC_a09.wav,Angry,400,Angry,Angry,True,0.37727246,0.37727246,0.19076271,0.07357973,0.038407102,0.2941126,0.024000056,0.0018653404
3655,savee,DC,DC_a10.wav,Angry,362,Angry,Angry,True,0.66856843,0.66856843,0.038406957,0.046497032,0.03719279,1.9582418e-05,0.0013400486,0.20797512
3656,savee,DC,DC_a11.wav,Angry,266,Angry,Happy,False,0.39667386,0.0506203,0.059697557,0.019839505,0.39667386,0.38771978,0.061549783,0.023899132
3657,savee,DC,DC_a12.wav,Angry,332,Angry,Happy,False,0.5486709,0.15848836,0.0018878375,0.17411883,0.5486709,0.0007657951,0.0011306019,0.114937715
3658,savee,DC,DC_a13.wav,Angry,401,Angry,Fear,False,0.5813699,0.024691846,0.010394362,0.5813699,0.26023877,0.00026804802,0.08375229,0.039284855
3659,savee,DC,DC_a14.wav,Angry,401,Angry,Angry,True,0.9738844,0.9738844,0.0037047626,7.7287994e-05,0.015774721,0.0005187562,0.00041129754,0.0056287446
3660,savee,DC,DC_a15.wav,Angry,388,Angry,Angry,True,0.7029926,0.7029926,0.0005070417,0.00052311044,0.28929284,3.158571e-05,0.0004090967,0.0062437383
3661,savee,DC,DC_d01.wav,Disgust,401,Disgust,Happy,False,0.29994243,0.112325475,0.23230214,0.18088442,0.29994243,0.06439864,0.06477917,0.04536766
3662,savee,DC,DC_d02.wav,Disgust,393,Disgust,Fear,False,0.48113367,0.027653722,0.0040104683,0.48113367,0.013473417,0.3589109,0.11460609,0.0002117295
3663,savee,DC,DC_d03.wav,Disgust,235,Disgust,Sad,False,0.42341462,0.033652652,0.03608217,0.060023718,0.11026964,0.33059227,0.42341462,0.005964916
3664,savee,DC,DC_d04.wav,Disgust,401,Disgust,Neutral,False,0.7207581,0.032108173,0.067063786,0.011286828,0.07457242,0.7207581,0.09362397,0.00058679725
3665,savee,DC,DC_d05.wav,Disgust,311,Disgust,Fear,False,0.6829217,0.0073608854,0.041777536,0.6829217,0.09780365,0.0023628313,0.01954441,0.14822908
3666,savee,DC,DC_d06.wav,Disgust,331,Disgust,Neutral,False,0.38282442,0.09995824,0.25487083,0.020772973,0.2157513,0.38282442,0.00972356,0.016098669
3667,savee,DC,DC_d07.wav,Disgust,270,Disgust,Sad,False,0.38209456,0.004185017,0.13298742,0.04682995,0.039022584,0.35772204,0.38209456,0.03715841
3668,savee,DC,DC_d08.wav,Disgust,401,Disgust,Neutral,False,0.88064265,0.0019794882,0.0078003937,0.00016279524,0.00032521298,0.88064265,0.10907685,1.2746672e-05
3669,savee,DC,DC_d09.wav,Disgust,401,Disgust,Angry,False,0.7003121,0.7003121,0.03581181,0.007993568,0.24125354,0.0028267328,0.008563162,0.0032390687
3670,savee,DC,DC_d10.wav,Disgust,401,Disgust,Disgust,True,0.83038586,0.068289,0.83038586,0.0055195526,0.005260705,0.040446308,0.04238431,0.0077141994
3671,savee,DC,DC_d11.wav,Disgust,357,Disgust,Neutral,False,0.6869869,0.0012182466,0.21128851,0.0152301015,0.005794736,0.6869869,0.078727245,0.0007541697
3672,savee,DC,DC_d12.wav,Disgust,373,Disgust,Disgust,True,0.2472712,0.23165022,0.2472712,0.07478859,0.11644061,0.21598095,0.023988139,0.08988028
3673,savee,DC,DC_d13.wav,Disgust,401,Disgust,Happy,False,0.4273086,0.028977085,0.15111135,0.07668134,0.4273086,0.108862154,0.20480832,0.0022510947
3674,savee,DC,DC_d14.wav,Disgust,401,Disgust,Angry,False,0.33936763,0.33936763,0.16748863,0.00664195,0.023244046,0.3208145,0.1405834,0.0018598471
3675,savee,DC,DC_d15.wav,Disgust,401,Disgust,Neutral,False,0.8313961,0.016459398,0.030156892,0.0003015446,0.0043565715,0.8313961,0.117315434,1.394582e-05
3676,savee,DC,DC_f01.wav,Fear,332,Fear,Fear,True,0.7551066,0.002089001,0.0007651749,0.7551066,0.080074295,0.00079417165,0.0033377416,0.15783289
3677,savee,DC,DC_f02.wav,Fear,340,Fear,Happy,False,0.3033565,0.004280291,0.009919753,0.14238144,0.3033565,0.24069752,0.29262656,0.006737884
3678,savee,DC,DC_f03.wav,Fear,229,Fear,Happy,False,0.50896156,0.040253248,0.029612135,0.05426037,0.50896156,0.029476129,0.20418961,0.13324696
3679,savee,DC,DC_f04.wav,Fear,302,Fear,Surprise,False,0.4466571,0.17509177,0.0010194824,0.039686725,0.3349846,0.0016050804,0.00095529814,0.4466571
3680,savee,DC,DC_f05.wav,Fear,330,Fear,Surprise,False,0.55303174,0.17925613,0.002121765,0.18091546,0.082834244,0.0001237008,0.0017169481,0.55303174
3681,savee,DC,DC_f06.wav,Fear,299,Fear,Disgust,False,0.57574856,0.091722034,0.57574856,0.0435918,0.07019536,0.061152957,0.06866927,0.08891999
3682,savee,DC,DC_f07.wav,Fear,362,Fear,Happy,False,0.5698047,0.040296912,0.06707916,0.09964394,0.5698047,0.0026387041,0.0021546953,0.21838188
3683,savee,DC,DC_f08.wav,Fear,391,Fear,Fear,True,0.3926561,0.041073784,0.016042313,0.3926561,0.37394005,0.011637916,0.027796835,0.13685296
3684,savee,DC,DC_f09.wav,Fear,388,Fear,Fear,True,0.33704537,0.05396154,0.30128172,0.33704537,0.10917009,0.023966653,0.10401835,0.07055634
3685,savee,DC,DC_f10.wav,Fear,250,Fear,Happy,False,0.48542562,0.0035303105,0.002139941,0.2887061,0.48542562,0.07223828,0.13890514,0.009054628
3686,savee,DC,DC_f11.wav,Fear,401,Fear,Fear,True,0.9068453,0.002078859,0.029209895,0.9068453,0.013942825,0.00044556058,0.00041878223,0.04705874
3687,savee,DC,DC_f12.wav,Fear,401,Fear,Fear,True,0.8506781,0.00398924,0.0028156298,0.8506781,0.10875123,0.00016215691,0.00123022,0.032373488
3688,savee,DC,DC_f13.wav,Fear,247,Fear,Fear,True,0.61387104,0.00036377728,0.0044906302,0.61387104,0.025145851,0.00036450464,0.010371787,0.3453924
3689,savee,DC,DC_f14.wav,Fear,401,Fear,Sad,False,0.7511169,0.0042668567,0.016156843,0.014402201,0.060536012,0.14869684,0.7511169,0.0048243264
3690,savee,DC,DC_f15.wav,Fear,401,Fear,Happy,False,0.719476,0.12577179,0.0005254337,0.020720195,0.719476,0.00061581575,0.020879973,0.11201078
3691,savee,DC,DC_h01.wav,Happy,384,Happy,Fear,False,0.877981,0.00062695984,0.00013406992,0.877981,0.062306758,0.00031211454,0.0025007976,0.056138318
3692,savee,DC,DC_h02.wav,Happy,340,Happy,Happy,True,0.53170794,0.0044951467,0.0010594098,0.39507067,0.53170794,0.010160281,0.03414233,0.023364266
3693,savee,DC,DC_h03.wav,Happy,227,Happy,Happy,True,0.5315551,0.054123946,0.0068844985,0.07458371,0.5315551,0.003927261,0.10522894,0.2236965
3694,savee,DC,DC_h04.wav,Happy,323,Happy,Happy,True,0.7617554,0.007213733,0.0010259056,0.14425509,0.7617554,0.0005883754,0.0018473251,0.083314165
3695,savee,DC,DC_h05.wav,Happy,401,Happy,Happy,True,0.3746037,0.0023438085,0.005721622,0.3099148,0.3746037,0.00018539793,0.008349698,0.298881
3696,savee,DC,DC_h06.wav,Happy,346,Happy,Happy,True,0.80424273,0.0004556958,0.00029945484,0.19077593,0.80424273,0.0005650807,0.0001553092,0.0035056926
3697,savee,DC,DC_h07.wav,Happy,361,Happy,Happy,True,0.8091723,0.010259411,0.0005064223,0.05749554,0.8091723,9.610275e-05,0.00022419331,0.12224614
3698,savee,DC,DC_h08.wav,Happy,205,Happy,Surprise,False,0.721535,0.0072851367,0.020268966,0.17116536,0.022328582,0.0003170019,0.057099856,0.721535
3699,savee,DC,DC_h09.wav,Happy,244,Happy,Happy,True,0.6017907,0.3809459,0.00034214804,0.004207395,0.6017907,0.00023926658,0.0026658042,0.00980869
3700,savee,DC,DC_h10.wav,Happy,244,Happy,Angry,False,0.77050966,0.77050966,0.00855409,0.0035194508,0.2090754,0.0027509036,0.0043544923,0.0012360151
3701,savee,DC,DC_h11.wav,Happy,401,Happy,Angry,False,0.60336083,0.60336083,0.06263559,0.01621521,0.20552652,0.00065928034,0.10915547,0.0024471318
3702,savee,DC,DC_h12.wav,Happy,401,Happy,Happy,True,0.617866,0.0056876307,0.00955059,0.05490082,0.617866,0.00033497054,0.034457196,0.27720284
3703,savee,DC,DC_h13.wav,Happy,277,Happy,Happy,True,0.8094791,0.010101683,0.0028648113,0.024835272,0.8094791,0.01192967,0.012292463,0.12849706
3704,savee,DC,DC_h14.wav,Happy,401,Happy,Happy,True,0.36536533,0.23474105,0.12129167,0.13041064,0.36536533,0.0014107516,0.0065221237,0.14025849
3705,savee,DC,DC_h15.wav,Happy,401,Happy,Happy,True,0.63242614,0.14601016,0.0002456299,0.010742983,0.63242614,5.9375924e-07,5.995049e-05,0.21051453
3706,savee,DC,DC_n01.wav,Neutral,378,Neutral,Neutral,True,0.95509666,0.0012028288,0.0034776055,0.0001235817,7.893592e-05,0.95509666,0.040015202,5.2806513e-06
3707,savee,DC,DC_n02.wav,Neutral,378,Neutral,Neutral,True,0.98314774,2.6446098e-05,0.00019533178,7.3562933e-06,5.2262026e-06,0.98314774,0.016617704,8.3321325e-08
3708,savee,DC,DC_n03.wav,Neutral,206,Neutral,Neutral,True,0.5467192,0.09330578,0.03449799,0.04521084,0.009077813,0.5467192,0.25158668,0.019601664
3709,savee,DC,DC_n04.wav,Neutral,361,Neutral,Neutral,True,0.9849557,0.00026298367,0.0015781985,1.1052193e-05,6.586233e-05,0.9849557,0.013125662,4.395908e-07
3710,savee,DC,DC_n05.wav,Neutral,284,Neutral,Neutral,True,0.8032588,0.023385778,0.120263495,0.001157193,0.0015757781,0.8032588,0.049246002,0.0011130117
3711,savee,DC,DC_n06.wav,Neutral,401,Neutral,Neutral,True,0.84537405,0.009304597,0.046463504,0.004450615,0.001520876,0.84537405,0.092761345,0.00012497201
3712,savee,DC,DC_n07.wav,Neutral,401,Neutral,Neutral,True,0.9539419,0.000199618,0.02012401,0.00018722963,4.1116895e-05,0.9539419,0.025504168,2.076374e-06
3713,savee,DC,DC_n08.wav,Neutral,350,Neutral,Neutral,True,0.9890075,0.004945056,0.004191403,2.417321e-05,1.9235269e-05,0.9890075,0.001811274,1.4450412e-06
3714,savee,DC,DC_n09.wav,Neutral,379,Neutral,Neutral,True,0.98700166,2.5170135e-05,0.00030566627,2.2623337e-05,1.5139018e-05,0.98700166,0.012629591,1.393273e-07
3715,savee,DC,DC_n10.wav,Neutral,401,Neutral,Neutral,True,0.9676088,0.00088835676,0.011495165,0.00020105265,4.8456553e-05,0.9676088,0.019756092,2.1227193e-06
3716,savee,DC,DC_n11.wav,Neutral,401,Neutral,Neutral,True,0.95464057,1.6195112e-05,0.0009513868,2.1618282e-05,1.9902818e-05,0.95464057,0.044350285,1.324321e-07
3717,savee,DC,DC_n12.wav,Neutral,298,Neutral,Neutral,True,0.9895817,0.00088902604,0.0032975094,7.018024e-06,0.00018310422,0.9895817,0.0060404516,1.1366782e-06
3718,savee,DC,DC_n13.wav,Neutral,279,Neutral,Neutral,True,0.5929229,0.013992641,0.3568387,0.004612099,0.013006092,0.5929229,0.013487697,0.005139869
3719,savee,DC,DC_n14.wav,Neutral,401,Neutral,Neutral,True,0.57572734,0.019284014,0.03001146,0.002085148,0.0012154792,0.57572734,0.37131664,0.00035988243
3720,savee,DC,DC_n15.wav,Neutral,401,Neutral,Neutral,True,0.84234434,8.3233295e-05,0.0012183945,2.616726e-06,6.99896e-05,0.84234434,0.15628116,1.9909194e-07
3721,savee,DC,DC_n16.wav,Neutral,382,Neutral,Neutral,True,0.9565627,0.0042074146,0.005605028,0.00029729947,0.0006278414,0.9565627,0.03267584,2.3863464e-05
3722,savee,DC,DC_n17.wav,Neutral,346,Neutral,Neutral,True,0.99057806,0.00021067151,0.0010893915,5.9657083e-05,0.00016749442,0.99057806,0.007893604,1.2102394e-06
3723,savee,DC,DC_n18.wav,Neutral,189,Neutral,Neutral,True,0.8250014,0.0057506617,0.015711376,0.0011425093,0.0014160671,0.8250014,0.15077925,0.00019879376
3724,savee,DC,DC_n19.wav,Neutral,325,Neutral,Neutral,True,0.78427553,0.04686028,0.05987598,0.0057884217,0.059329458,0.78427553,0.042532694,0.0013376169
3725,savee,DC,DC_n20.wav,Neutral,330,Neutral,Neutral,True,0.95778024,0.00045263476,0.001429611,6.359513e-05,0.000104878636,0.95778024,0.04016238,6.5892864e-06
3726,savee,DC,DC_n21.wav,Neutral,401,Neutral,Neutral,True,0.98270357,4.086458e-05,0.009824406,6.7304463e-06,5.8788755e-06,0.98270357,0.0074186204,4.7489102e-08
3727,savee,DC,DC_n22.wav,Neutral,306,Neutral,Neutral,True,0.95892084,0.002846845,0.008454323,0.00011567718,3.737506e-05,0.95892084,0.029620083,4.803922e-06
3728,savee,DC,DC_n23.wav,Neutral,332,Neutral,Neutral,True,0.41141295,0.010377726,0.036227375,0.2879583,0.12237578,0.41141295,0.12033055,0.0113172885
3729,savee,DC,DC_n24.wav,Neutral,387,Neutral,Neutral,True,0.9857082,1.2934756e-05,2.488598e-05,2.114714e-07,1.4838308e-06,0.9857082,0.01425234,9.617502e-10
3730,savee,DC,DC_n25.wav,Neutral,401,Neutral,Neutral,True,0.9790926,9.294847e-06,0.00051248266,7.524215e-05,2.958342e-05,0.9790926,0.020280594,1.6555133e-07
3731,savee,DC,DC_n26.wav,Neutral,314,Neutral,Neutral,True,0.98409146,4.3911168e-05,0.00016264009,2.1970602e-06,1.0455062e-05,0.98409146,0.015689328,3.1933546e-08
3732,savee,DC,DC_n27.wav,Neutral,401,Neutral,Neutral,True,0.8084344,0.00022285001,0.00054287724,4.710014e-05,0.00017734243,0.8084344,0.19056658,8.904195e-06
3733,savee,DC,DC_n28.wav,Neutral,401,Neutral,Sad,False,0.53433216,0.00036246117,0.0046898313,0.0007025763,0.0064173997,0.45345348,0.53433216,4.2182004e-05
3734,savee,DC,DC_n29.wav,Neutral,329,Neutral,Neutral,True,0.84945214,0.0002664946,0.01115573,0.014559164,0.0024312204,0.84945214,0.12201579,0.00011955215
3735,savee,DC,DC_n30.wav,Neutral,401,Neutral,Neutral,True,0.91629285,0.0007483173,0.019276515,0.000118993405,0.00010321834,0.91629285,0.06345504,5.1816696e-06
3736,savee,DC,DC_sa01.wav,Sad,401,Sad,Neutral,False,0.40437242,0.013274972,0.0179592,0.065313205,0.15955631,0.40437242,0.32297263,0.016551273
3737,savee,DC,DC_sa02.wav,Sad,394,Sad,Neutral,False,0.692296,0.0011208993,0.0030302608,0.0047200965,0.0011730501,0.692296,0.29751113,0.00014847769
3738,savee,DC,DC_sa03.wav,Sad,243,Sad,Sad,True,0.48755965,0.021749679,0.12900726,0.0056466283,0.023732353,0.31979078,0.48755965,0.012513604
3739,savee,DC,DC_sa04.wav,Sad,401,Sad,Happy,False,0.43082163,0.045520257,0.0027042194,0.023605602,0.43082163,0.03566886,0.38794714,0.0737323
3740,savee,DC,DC_sa05.wav,Sad,401,Sad,Sad,True,0.49548343,0.0012387594,0.016038734,0.029754214,0.36039203,0.02281745,0.49548343,0.074275374
3741,savee,DC,DC_sa06.wav,Sad,401,Sad,Sad,True,0.8441984,0.000740353,0.011306398,0.041004952,0.0046368893,0.09710689,0.8441984,0.0010062066
3742,savee,DC,DC_sa07.wav,Sad,292,Sad,Happy,False,0.46442676,0.00456719,0.0012460764,0.24030031,0.46442676,0.0015499038,0.01117312,0.2767367
3743,savee,DC,DC_sa08.wav,Sad,307,Sad,Fear,False,0.46428046,0.010106817,0.0063672117,0.46428046,0.065611795,0.0027843292,0.09693301,0.3539165
3744,savee,DC,DC_sa09.wav,Sad,275,Sad,Sad,True,0.4103622,0.032333,0.14087817,0.02090541,0.11407859,0.26126212,0.4103622,0.020180482
3745,savee,DC,DC_sa10.wav,Sad,401,Sad,Happy,False,0.9046273,0.020166948,0.0017737834,0.022497911,0.9046273,0.0016623549,0.025165698,0.024106093
3746,savee,DC,DC_sa11.wav,Sad,401,Sad,Happy,False,0.31155378,0.24716835,0.027627524,0.16985711,0.31155378,0.0074647903,0.048868496,0.18745993
3747,savee,DC,DC_sa12.wav,Sad,401,Sad,Happy,False,0.8028213,0.03931291,0.01368153,0.102786526,0.8028213,0.00034503712,0.0083250515,0.03272776
3748,savee,DC,DC_sa13.wav,Sad,401,Sad,Angry,False,0.62227935,0.62227935,0.079390906,0.0030953083,0.17963791,0.0018927782,0.06676102,0.04694264
3749,savee,DC,DC_sa14.wav,Sad,401,Sad,Happy,False,0.53643614,0.14429618,0.002382374,0.0069060377,0.53643614,0.004394423,0.27679488,0.028789988
3750,savee,DC,DC_sa15.wav,Sad,401,Sad,Happy,False,0.38960418,0.17032859,0.029692711,0.06335788,0.38960418,0.006964501,0.32346675,0.016585447
3751,savee,DC,DC_su01.wav,Surprise,325,Surprise,Fear,False,0.8440207,0.00024527745,3.9583436e-05,0.8440207,0.012135036,1.8391267e-05,0.00025797318,0.14328308
3752,savee,DC,DC_su02.wav,Surprise,323,Surprise,Neutral,False,0.48135763,0.0057892594,0.004126594,0.15721908,0.08856144,0.48135763,0.24623676,0.01670923
3753,savee,DC,DC_su03.wav,Surprise,187,Surprise,Surprise,True,0.49057472,0.0101925945,0.0057719434,0.051551353,0.40485978,0.015485497,0.02156409,0.49057472
3754,savee,DC,DC_su04.wav,Surprise,336,Surprise,Fear,False,0.8275577,0.0023554887,0.0014595118,0.8275577,0.0625464,0.0067921714,0.0095313545,0.08975743
3755,savee,DC,DC_su05.wav,Surprise,284,Surprise,Surprise,True,0.703804,0.10280727,0.0037954526,0.010703152,0.17596447,0.0009746669,0.0019509424,0.703804
3756,savee,DC,DC_su06.wav,Surprise,243,Surprise,Surprise,True,0.81791866,0.002214719,0.00017763322,0.05578389,0.12287049,0.00014150153,0.0008930597,0.81791866
3757,savee,DC,DC_su07.wav,Surprise,346,Surprise,Surprise,True,0.47172678,0.0064981,0.12839016,0.18035981,0.20471896,0.0049784733,0.0033277045,0.47172678
3758,savee,DC,DC_su08.wav,Surprise,381,Surprise,Surprise,True,0.84985393,0.007534345,0.0022004265,0.0458019,0.09366513,0.00016689327,0.00077739067,0.84985393
3759,savee,DC,DC_su09.wav,Surprise,344,Surprise,Surprise,True,0.4942199,0.007949141,0.16248211,0.06534595,0.22223873,0.029309344,0.01845485,0.4942199
3760,savee,DC,DC_su10.wav,Surprise,401,Surprise,Fear,False,0.8475749,0.0015240518,0.002182326,0.8475749,0.11944418,0.0006736993,0.004420487,0.024180302
3761,savee,DC,DC_su11.wav,Surprise,268,Surprise,Surprise,True,0.50048274,0.010604909,0.009028316,0.25663495,0.13766111,0.0012213708,0.084366664,0.50048274
3762,savee,DC,DC_su12.wav,Surprise,401,Surprise,Happy,False,0.50669813,0.0021895955,0.004541822,0.4147526,0.50669813,0.001056323,0.012453341,0.058308188
3763,savee,DC,DC_su13.wav,Surprise,401,Surprise,Surprise,True,0.94504714,0.0015431648,2.6186708e-05,0.010238988,0.04311494,3.1982952e-07,2.921717e-05,0.94504714
3764,savee,DC,DC_su14.wav,Surprise,401,Surprise,Happy,False,0.52196395,0.0020105625,0.012788202,0.12397935,0.52196395,0.00024878682,0.0004622708,0.33854687
3765,savee,DC,DC_su15.wav,Surprise,401,Surprise,Surprise,True,0.84159267,0.0057920087,0.00059748243,0.009821745,0.13975711,2.6271091e-05,0.002412605,0.84159267
4143,tess,OAF,OAF_base_fear.wav,Fear,170,Fear,Fear,True,0.9999995,1.672399e-07,9.0903945e-10,0.9999995,7.7851254e-08,1.039984e-07,4.570489e-08,1.0854627e-07
4145,tess,OAF,OAF_base_neutral.wav,Neutral,215,Neutral,Neutral,True,0.9999523,1.4352381e-06,1.0064814e-07,7.954216e-07,8.004199e-06,0.9999523,1.3410419e-05,2.3888722e-05
4147,tess,OAF,OAF_base_sad.wav,Sad,253,Sad,Sad,True,0.999574,1.3832301e-05,3.0117502e-07,1.9615943e-06,5.8244023e-06,0.00040269,0.999574,1.3880541e-06
4149,tess,OAF,OAF_bath_disgust.wav,Disgust,228,Disgust,Disgust,True,0.99994016,1.13679025e-05,0.99994016,6.628698e-07,2.0044577e-06,1.4005192e-05,7.548943e-07,3.1165746e-05
4150,tess,OAF,OAF_bath_fear.wav,Fear,164,Fear,Fear,True,0.9997671,5.0333663e-05,1.2788952e-07,0.9997671,4.420197e-05,7.2917983e-06,3.96584e-06,0.00012704957
4164,tess,OAF,OAF_beg_fear.wav,Fear,157,Fear,Fear,True,0.9999982,4.8085286e-07,4.504611e-09,0.9999982,2.9720016e-07,4.224372e-07,4.161305e-08,5.7564546e-07
4166,tess,OAF,OAF_beg_neutral.wav,Neutral,198,Neutral,Neutral,True,0.9993105,4.8858456e-06,2.2721498e-07,4.8028258e-05,3.943778e-05,0.9993105,0.00015899731,0.0004379185
4171,tess,OAF,OAF_bite_fear.wav,Fear,131,Fear,Fear,True,0.9999987,9.128722e-07,1.7316752e-09,0.9999987,9.226543e-08,4.94143e-08,1.1889145e-08,1.4726322e-07
4178,tess,OAF,OAF_boat_happy.wav,Happy,160,Happy,Happy,True,0.97653913,0.0004386305,3.4887508e-09,2.166058e-05,0.97653913,1.1353984e-08,2.1170357e-09,0.023000587
4182,tess,OAF,OAF_bone_angry.wav,Angry,157,Angry,Angry,True,0.9999888,0.9999888,6.9620526e-10,9.200426e-06,7.634585e-07,1.1330701e-09,9.95345e-10,1.1318913e-06
4185,tess,OAF,OAF_bone_happy.wav,Happy,209,Happy,Happy,True,0.9997979,5.8593663e-08,6.644507e-09,1.4125793e-05,0.9997979,2.9720608e-09,1.4666368e-09,0.00018787336
4188,tess,OAF,OAF_bone_sad.wav,Sad,247,Sad,Sad,True,0.9919328,0.00076082954,1.9506046e-05,1.8013721e-05,4.759951e-06,0.0071492954,0.9919328,0.00011480971
4194,tess,OAF,OAF_book_ps.wav,Surprise,170,Surprise,Surprise,True,0.99994266,2.5714382e-06,1.48738e-08,6.5443414e-06,3.6277186e-05,1.1862822e-05,7.3128234e-08,0.99994266
4195,tess,OAF,OAF_book_sad.wav,Sad,249,Sad,Sad,True,0.9998185,1.3005519e-05,5.690524e-06,1.1167499e-06,1.2397633e-06,0.0001603047,0.9998185,1.4919634e-07
4200,tess,OAF,OAF_bought_neutral.wav,Neutral,196,Neutral,Neutral,True,0.9999988,3.1196001e-09,6.1435834e-10,1.3360465e-09,4.780874e-08,0.9999988,1.2004847e-06,5.6101392e-08
4201,tess,OAF,OAF_bought_ps.wav,Surprise,194,Surprise,Surprise,True,0.9999933,8.9422525e-07,5.256325e-08,5.6567706e-07,5.25895e-07,4.6895184e-06,3.519524e-09,0.9999933
4204,tess,OAF,OAF_burn_disgust.wav,Disgust,221,Disgust,Disgust,True,0.9999552,3.7394395e-05,0.9999552,1.515798e-08,2.0934884e-07,6.297949e-08,7.0649817e-06,2.377042e-08
4207,tess,OAF,OAF_burn_neutral.wav,Neutral,214,Neutral,Neutral,True,0.9999645,3.108791e-08,3.9925666e-08,5.303174e-07,5.9418505e-07,0.9999645,2.7399703e-05,6.9534913e-06
4232,tess,OAF,OAF_cause_disgust.wav,Disgust,249,Disgust,Disgust,True,0.99997187,1.5369602e-05,0.99997187,2.6916004e-07,3.439377e-07,2.815496e-06,6.895555e-06,2.438294e-06
4242,tess,OAF,OAF_chain_neutral.wav,Neutral,212,Neutral,Neutral,True,0.99996114,4.959098e-06,5.165851e-06,9.303508e-06,4.358068e-06,0.99996114,1.2035782e-06,1.3823097e-05
4250,tess,OAF,OAF_chair_ps.wav,Surprise,196,Surprise,Surprise,True,0.9998927,2.3640287e-06,1.5622226e-07,1.2000123e-05,9.172284e-05,1.0675955e-06,9.282926e-09,0.9998927
4258,tess,OAF,OAF_chalk_sad.wav,Sad,245,Sad,Sad,True,0.9874921,0.0034325905,0.0038557248,6.21312e-05,2.3102522e-05,0.0049930084,0.9874921,0.0001413248
4262,tess,OAF,OAF_chat_happy.wav,Happy,180,Happy,Happy,True,0.99702376,4.2608144e-06,2.950399e-07,3.625025e-06,0.99702376,1.5107435e-06,5.1630895e-08,0.0029666058
4270,tess,OAF,OAF_check_neutral.wav,Neutral,184,Neutral,Neutral,True,0.99989307,1.7228038e-07,2.014591e-08,6.2216195e-06,5.5122177e-06,0.99989307,2.0212121e-07,9.476515e-05
4271,tess,OAF,OAF_check_ps.wav,Surprise,212,Surprise,Surprise,True,0.9999831,2.4292446e-09,4.0541988e-09,2.537474e-07,1.6634353e-05,5.4545635e-09,8.1792226e-11,0.9999831
4281,tess,OAF,OAF_chief_disgust.wav,Disgust,245,Disgust,Disgust,True,0.9792101,0.011532908,0.9792101,3.060358e-05,0.0059223454,0.0004484264,0.00020480668,0.0026507808
4291,tess,OAF,OAF_choice_neutral.wav,Neutral,207,Neutral,Neutral,True,0.9999989,5.0173115e-09,5.5988136e-10,1.8972226e-08,2.2282131e-07,0.9999989,4.410369e-07,3.3693595e-07
4296,tess,OAF,OAF_cool_fear.wav,Fear,157,Fear,Fear,True,0.99999845,4.5779544e-07,1.4938346e-08,0.99999845,4.0970747e-07,5.8227397e-07,5.4889448e-08,3.841143e-08
4303,tess,OAF,OAF_dab_fear.wav,Fear,147,Fear,Fear,True,0.9999999,5.5652766e-08,1.2707799e-09,0.9999999,4.2132726e-08,6.1906e-08,1.779828e-08,1.3770664e-08
4305,tess,OAF,OAF_dab_neutral.wav,Neutral,199,Neutral,Neutral,True,0.99999917,6.063076e-10,1.4040555e-10,1.0524187e-08,4.9496762e-08,0.99999917,6.904077e-07,4.6426834e-08
4311,tess,OAF,OAF_date_happy.wav,Happy,212,Happy,Happy,True,0.99954766,7.3191565e-08,1.4810871e-07,8.82919e-07,0.99954766,6.6299584e-09,1.8431987e-09,0.00045121164
4314,tess,OAF,OAF_date_sad.wav,Sad,245,Sad,Sad,True,0.9995409,7.0657563e-07,1.463222e-07,8.6241425e-07,1.717158e-06,0.00045476522,0.9995409,8.20033e-07
4315,tess,OAF,OAF_dead_angry.wav,Angry,142,Angry,Angry,True,1.0,1.0,9.7788146e-11,3.721045e-08,1.9149067e-09,1.500242e-11,3.1697503e-10,2.7104221e-08
4320,tess,OAF,OAF_dead_ps.wav,Surprise,196,Surprise,Surprise,True,0.99999917,1.4804191e-08,3.9415546e-08,6.655746e-07,9.6350036e-08,2.770543e-09,2.514087e-09,0.99999917
4327,tess,OAF,OAF_death_ps.wav,Surprise,180,Surprise,Surprise,True,0.9997961,2.957537e-07,1.0418728e-07,0.00020280412,6.394267e-08,6.877331e-07,1.1332672e-08,0.9997961
4338,tess,OAF,OAF_dime_fear.wav,Fear,161,Fear,Fear,True,1.0,1.3286181e-08,2.1000661e-10,1.0,4.499246e-08,2.371672e-09,1.1602717e-09,2.2355707e-08
4347,tess,OAF,OAF_dip_neutral.wav,Neutral,173,Neutral,Neutral,True,0.9999958,1.2259799e-08,1.4412541e-09,5.238386e-07,9.886663e-08,0.9999958,3.3850329e-06,1.974219e-07
4350,tess,OAF,OAF_ditch_angry.wav,Angry,152,Angry,Angry,True,0.99998426,0.99998426,1.2860418e-06,6.6107677e-06,4.94406e-06,5.164249e-07,2.2065754e-07,2.1740664e-06
4354,tess,OAF,OAF_ditch_neutral.wav,Neutral,199,Neutral,Neutral,True,0.9998987,8.250564e-06,8.3713485e-07,2.4557903e-06,2.8906602e-06,0.9998987,1.1508054e-05,7.53799e-05
4360,tess,OAF,OAF_dodge_happy.wav,Happy,210,Happy,Happy,True,0.9999875,2.4897863e-06,4.802778e-06,3.8993207e-08,0.9999875,4.435688e-10,1.4022955e-08,5.249222e-06
4373,tess,OAF,OAF_doll_fear.wav,Fear,151,Fear,Fear,True,0.9999311,2.0986334e-05,3.4131332e-07,0.9999311,1.9909447e-05,4.6648702e-07,3.976555e-07,2.6749705e-05
4393,tess,OAF,OAF_fall_disgust.wav,Disgust,240,Disgust,Disgust,True,0.99990964,2.9952691e-05,0.99990964,4.7600442e-06,6.720329e-06,1.7523013e-05,1.5139888e-05,1.6283986e-05
4394,tess,OAF,OAF_fall_fear.wav,Fear,159,Fear,Fear,True,0.999998,5.972342e-07,4.6073392e-08,0.999998,3.2379558e-07,6.670617e-08,2.695786e-07,7.7015096e-07
4397,tess,OAF,OAF_fall_ps.wav,Surprise,184,Surprise,Surprise,True,0.9999994,9.665224e-09,3.7651965e-10,3.6171404e-08,5.5375926e-07,1.0866628e-09,9.903556e-11,0.9999994
4402,tess,OAF,OAF_far_happy.wav,Happy,204,Happy,Happy,True,0.9999505,1.0123672e-07,2.3318935e-06,1.8223966e-05,0.9999505,4.968805e-07,4.5106404e-08,2.8361963e-05
4406,tess,OAF,OAF_fat_angry.wav,Angry,145,Angry,Angry,True,0.99999833,0.99999833,8.223564e-09,1.1981349e-06,2.4419514e-08,1.8762378e-08,4.3336295e-09,4.4834826e-07
4409,tess,OAF,OAF_fat_happy.wav,Happy,183,Happy,Happy,True,0.9997868,9.15463e-09,4.6677346e-09,1.326314e-05,0.9997868,1.0552837e-09,3.4695713e-10,0.00019998221
4410,tess,OAF,OAF_fat_neutral.wav,Neutral,197,Neutral,Neutral,True,0.999949,8.873625e-07,2.5124326e-08,4.088537e-06,4.7794097e-06,0.999949,1.0545068e-06,4.0163864e-05
4416,tess,OAF,OAF_fit_happy.wav,Happy,183,Happy,Happy,True,0.9986708,5.753234e-07,3.8793428e-07,5.7516434e-05,0.9986708,4.21131e-06,1.2605287e-06,0.0012652278
4418,tess,OAF,OAF_fit_ps.wav,Surprise,187,Surprise,Surprise,True,0.99846077,2.7001859e-05,9.084224e-05,1.9842704e-05,0.001109959,0.00028689392,4.752911e-06,0.99846077
4426,tess,OAF,OAF_five_sad.wav,Sad,255,Sad,Sad,True,0.9709779,1.6725199e-06,2.2505175e-05,0.0010565879,0.00068680686,0.027127665,0.9709779,0.00012690172
4427,tess,OAF,OAF_food_angry.wav,Angry,148,Angry,Angry,True,0.99999976,0.99999976,3.2385883e-09,2.4596187e-07,2.8409415e-08,7.6546924e-10,6.464389e-10,1.3630987e-08
4445,tess,OAF,OAF_gas_neutral.wav,Neutral,209,Neutral,Neutral,True,0.99956304,5.004489e-07,7.704814e-07,5.141868e-06,9.1474243e-07,0.99956304,6.8924567e-07,0.00042893607
4450,tess,OAF,OAF_gaze_fear.wav,Fear,167,Fear,Fear,True,0.99999905,9.2867694e-08,9.554385e-09,0.99999905,2.0717246e-07,7.218127e-08,4.9035567e-08,4.6751103e-07
4454,tess,OAF,OAF_gaze_sad.wav,Sad,295,Sad,Sad,True,0.9997309,1.3993518e-05,5.844737e-06,2.2476006e-05,3.8654962e-05,0.00014335198,0.9997309,4.4810655e-05
4462,tess,OAF,OAF_get_angry.wav,Angry,161,Angry,Angry,True,0.9999938,0.9999938,2.072107e-09,5.781887e-07,5.6778083e-07,2.6756112e-08,2.2336846e-09,4.9448568e-06
4467,tess,OAF,OAF_get_ps.wav,Surprise,186,Surprise,Surprise,True,0.99597675,9.207418e-06,1.1333491e-06,1.6616613e-06,0.0040028435,8.357115e-06,4.99077e-08,0.99597675
4468,tess,OAF,OAF_get_sad.wav,Sad,237,Sad,Sad,True,0.9982444,1.2321229e-06,2.261057e-06,1.945641e-06,2.0127009e-06,0.0017473404,0.9982444,6.8616635e-07
4476,tess,OAF,OAF_goal_angry.wav,Angry,149,Angry,Angry,True,0.9998627,0.9998627,1.2415081e-09,0.00012525429,3.8009086e-06,1.3222694e-09,1.7905334e-08,8.222978e-06
4482,tess,OAF,OAF_goal_sad.wav,Sad,257,Sad,Sad,True,0.99995315,2.9341466e-06,4.047736e-06,9.679679e-06,1.6020921e-06,2.5246463e-05,0.99995315,3.389621e-06
4489,tess,OAF,OAF_good_sad.wav,Sad,236,Sad,Sad,True,0.9996306,5.62556e-07,6.7019977e-07,9.531057e-07,1.3273232e-06,0.00036599606,0.9996306,4.2089862e-08
4493,tess,OAF,OAF_goose_happy.wav,Happy,183,Happy,Happy,True,0.9972644,2.3272003e-06,3.5979912e-08,4.3104705e-05,0.9972644,2.8754257e-09,5.674312e-09,0.002690042
4507,tess,OAF,OAF_half_happy.wav,Happy,206,Happy,Happy,True,0.99884003,1.3781374e-06,2.6697026e-07,6.936848e-06,0.99884003,1.3064078e-08,3.0347946e-09,0.0011513908
4513,tess,OAF,OAF_hall_fear.wav,Fear,133,Fear,Fear,True,0.99998987,2.7842376e-07,2.6326061e-09,0.99998987,6.634369e-06,3.546027e-07,1.5639964e-07,2.727394e-06
4535,tess,OAF,OAF_have_happy.wav,Happy,205,Happy,Happy,True,0.9999281,5.372493e-06,3.0518103e-07,5.1863805e-07,0.9999281,3.0692863e-08,9.263851e-09,6.567201e-05
4543,tess,OAF,OAF_haze_neutral.wav,Neutral,198,Neutral,Neutral,True,0.9998416,2.5836648e-08,5.176763e-08,3.662844e-05,1.3742374e-05,0.9998416,9.169655e-05,1.6310589e-05
4544,tess,OAF,OAF_haze_ps.wav,Surprise,211,Surprise,Surprise,True,0.99997914,1.0096694e-07,1.4739087e-09,7.8470833e-07,1.9965411e-05,4.0866737e-09,1.0432577e-09,0.99997914
4571,tess,OAF,OAF_home_neutral.wav,Neutral,202,Neutral,Neutral,True,0.9999951,5.3017196e-10,2.5563418e-10,1.6659209e-07,5.668689e-07,0.9999951,4.0487707e-06,1.6256762e-07
4591,tess,OAF,OAF_jail_happy.wav,Happy,176,Happy,Happy,True,0.9999541,1.9447996e-06,5.5498184e-09,2.6489256e-06,0.9999541,3.5838796e-10,4.7007426e-10,4.134597e-05
4597,tess,OAF,OAF_jar_fear.wav,Fear,166,Fear,Fear,True,0.9999871,7.767881e-08,1.925585e-08,0.9999871,6.2342656e-07,3.0594506e-07,1.3037594e-07,1.1729992e-05
4622,tess,OAF,OAF_jug_sad.wav,Sad,242,Sad,Sad,True,0.99156547,1.6833774e-05,2.1258736e-06,9.14289e-06,4.5454963e-05,0.008306397,0.99156547,5.4641856e-05
4629,tess,OAF,OAF_juice_sad.wav,Sad,254,Sad,Sad,True,0.99972194,7.0738326e-07,1.256178e-07,6.637694e-07,3.6368708e-06,0.00027283284,0.99972194,8.5003094e-08
4636,tess,OAF,OAF_keen_sad.wav,Sad,246,Sad,Sad,True,0.9892328,0.0004563325,0.00096395443,6.432611e-05,0.0003853996,0.008162451,0.9892328,0.00073468644
4641,tess,OAF,OAF_keep_neutral.wav,Neutral,190,Neutral,Neutral,True,0.9999957,1.2477089e-08,2.4829536e-10,8.783221e-08,3.524003e-07,0.9999957,2.2959343e-06,1.5137459e-06
4654,tess,OAF,OAF_kick_happy.wav,Happy,218,Happy,Happy,True,0.9996137,6.578588e-08,2.4617168e-07,5.717899e-06,0.9996137,1.269818e-07,4.3579536e-08,0.000380066
4664,tess,OAF,OAF_kill_sad.wav,Sad,260,Sad,Sad,True,0.99507684,1.9038738e-05,2.532132e-06,6.915008e-05,2.5751182e-05,0.0047843074,0.99507684,2.2422122e-05
4668,tess,OAF,OAF_king_happy.wav,Happy,188,Happy,Happy,True,0.9997185,6.0846603e-09,1.691233e-08,5.854687e-07,0.9997185,3.7298767e-10,3.0637375e-11,0.00028090575
4670,tess,OAF,OAF_king_ps.wav,Surprise,192,Surprise,Surprise,True,0.99999845,1.0718516e-08,1.7083399e-09,6.6154746e-07,5.350686e-07,3.4426316e-07,3.2727745e-09,0.99999845
4676,tess,OAF,OAF_kite_neutral.wav,Neutral,193,Neutral,Neutral,True,0.9999956,1.7965548e-10,9.656996e-11,1.02318694e-07,2.7230863e-07,0.9999956,3.675185e-06,3.8613896e-07
4686,tess,OAF,OAF_late_angry.wav,Angry,145,Angry,Angry,True,0.9999989,0.9999989,8.697054e-10,8.339731e-07,1.1672118e-08,3.355907e-09,1.9852888e-09,2.2007883e-07
4689,tess,OAF,OAF_late_happy.wav,Happy,197,Happy,Happy,True,0.99998367,5.0804616e-10,6.123127e-09,1.3208572e-06,0.99998367,1.3255373e-10,1.2708944e-10,1.49827465e-05
4699,tess,OAF,OAF_laud_sad.wav,Sad,236,Sad,Sad,True,0.99973637,4.875e-06,0.00010146599,8.750114e-08,2.4542421e-06,0.00015454287,0.99973637,1.5782607e-07
4717,tess,OAF,OAF_lease_happy.wav,Happy,225,Happy,Happy,True,0.9855466,2.95669e-07,1.6881556e-06,5.405486e-05,0.9855466,1.0719359e-06,7.369912e-06,0.014388865
4722,tess,OAF,OAF_lid_disgust.wav,Disgust,201,Disgust,Disgust,True,0.97597426,0.004826585,0.97597426,3.1302185e-05,0.00015527073,0.01795941,0.0003007491,0.0007523386
4723,tess,OAF,OAF_lid_fear.wav,Fear,152,Fear,Fear,True,0.99999785,8.701169e-08,3.2234895e-09,0.99999785,1.5525816e-06,2.2539626e-07,1.565307e-07,1.5422214e-07
4735,tess,OAF,OAF_limb_angry.wav,Angry,163,Angry,Angry,True,0.99994063,0.99994063,1.3780279e-08,4.7857942e-05,7.920994e-06,6.2628196e-08,6.290042e-08,3.4153686e-06
4738,tess,OAF,OAF_limb_happy.wav,Happy,187,Happy,Happy,True,0.9999869,1.11616165e-08,1.7260589e-09,1.11478776e-07,0.9999869,5.500225e-10,1.5819544e-10,1.2951413e-05
4750,tess,OAF,OAF_loaf_disgust.wav,Disgust,253,Disgust,Disgust,True,0.98087674,0.017894149,0.98087674,3.7956786e-05,1.04343235e-05,1.0663467e-05,3.8360067e-05,0.0011316371
4755,tess,OAF,OAF_loaf_sad.wav,Sad,268,Sad,Sad,True,0.9994941,5.378372e-06,1.9459953e-06,1.5939206e-05,1.6782258e-05,0.00045778044,0.9994941,8.087602e-06
4764,tess,OAF,OAF_lore_disgust.wav,Disgust,237,Disgust,Disgust,True,0.99801695,0.0018131428,0.99801695,1.0919728e-05,1.5826884e-06,1.0963281e-05,7.098332e-05,7.5495795e-05
4765,tess,OAF,OAF_lore_fear.wav,Fear,155,Fear,Fear,True,0.9999943,4.308403e-06,3.1005577e-08,0.9999943,3.9033875e-08,1.5454495e-10,2.1494075e-07,1.2559242e-06
4771,tess,OAF,OAF_lose_disgust.wav,Disgust,225,Disgust,Disgust,True,0.98814154,0.00034010864,0.98814154,9.760323e-07,2.1851851e-07,0.01048186,0.0010317173,3.6305767e-06
4772,tess,OAF,OAF_lose_fear.wav,Fear,138,Fear,Fear,True,0.99998724,1.1823863e-07,2.8155727e-09,0.99998724,9.359166e-06,1.2446618e-06,1.789052e-07,1.76049e-06
4776,tess,OAF,OAF_lose_sad.wav,Sad,248,Sad,Sad,True,0.9994338,3.5742195e-07,1.4797461e-06,4.0590695e-07,2.2028648e-06,0.0005617021,0.9994338,4.2855923e-09
4785,tess,OAF,OAF_love_disgust.wav,Disgust,235,Disgust,Disgust,True,0.99852103,0.0012970539,0.99852103,4.1455187e-05,8.570383e-06,3.4984268e-06,0.00010783907,2.055371e-05
4786,tess,OAF,OAF_love_fear.wav,Fear,155,Fear,Fear,True,1.0,1.02938245e-08,2.2729184e-10,1.0,4.292703e-08,6.405054e-09,8.956506e-09,7.1828627e-09
4794,tess,OAF,OAF_luck_happy.wav,Happy,194,Happy,Happy,True,0.99999213,2.7801523e-09,2.8204021e-09,1.9345025e-07,0.99999213,1.1828573e-10,6.626754e-11,7.686046e-06
4801,tess,OAF,OAF_make_happy.wav,Happy,177,Happy,Happy,True,0.99996114,2.4155351e-08,4.9417035e-09,9.776207e-07,0.99996114,3.1545055e-11,3.839514e-11,3.7849673e-05
4811,tess,OAF,OAF_match_sad.wav,Sad,285,Sad,Sad,True,0.99424666,0.0007124542,4.4421922e-05,0.0004329276,0.000108979395,0.0043563377,0.99424666,9.8221346e-05
4816,tess,OAF,OAF_merge_neutral.wav,Neutral,206,Neutral,Neutral,True,0.99998677,1.399102e-08,1.6171626e-07,2.3183307e-07,8.5366736e-07,0.99998677,8.903633e-06,2.9452717e-06
4819,tess,OAF,OAF_mess_angry.wav,Angry,170,Angry,Angry,True,0.9999869,0.9999869,9.740342e-07,8.130516e-07,5.626935e-06,5.7029547e-07,2.8526756e-07,4.9097257e-06
4826,tess,OAF,OAF_met_angry.wav,Angry,151,Angry,Angry,True,0.99966335,0.99966335,1.2703028e-07,0.00032232585,1.6131461e-06,1.6499508e-06,7.184425e-07,1.02751255e-05
4827,tess,OAF,OAF_met_disgust.wav,Disgust,237,Disgust,Disgust,True,0.9999982,1.6768175e-07,0.9999982,4.0478625e-09,2.0218488e-07,6.2619825e-09,1.3635284e-06,1.2946959e-08
4831,tess,OAF,OAF_met_ps.wav,Surprise,222,Surprise,Surprise,True,0.99997854,3.1459248e-08,6.5746406e-08,1.7219492e-05,4.073817e-06,1.07314605e-07,3.6401048e-08,0.99997854
4837,tess,OAF,OAF_mill_neutral.wav,Neutral,185,Neutral,Neutral,True,0.99999106,1.8105354e-08,7.721554e-09,5.8203508e-08,3.172527e-07,0.99999106,8.338651e-06,2.0665105e-07
4839,tess,OAF,OAF_mill_sad.wav,Sad,268,Sad,Sad,True,0.99923766,6.505071e-05,6.222195e-05,2.5504282e-06,2.2489568e-05,0.0006097156,0.99923766,2.6276072e-07
4859,tess,OAF,OAF_mood_ps.wav,Surprise,209,Surprise,Surprise,True,0.9999645,4.1839644e-07,8.833191e-07,1.7523092e-08,3.403671e-05,1.1814103e-07,9.694796e-09,0.9999645
4861,tess,OAF,OAF_moon_angry.wav,Angry,151,Angry,Angry,True,0.98383486,0.98383486,7.2552034e-08,0.016135028,2.1475682e-05,3.2873945e-07,4.4888193e-06,3.7200455e-06
4874,tess,OAF,OAF_mop_sad.wav,Sad,249,Sad,Sad,True,0.9999429,2.5086324e-06,1.073549e-05,2.0857984e-05,1.5053453e-06,1.5829164e-05,0.9999429,5.5511728e-06
4881,tess,OAF,OAF_mouse_sad.wav,Sad,266,Sad,Sad,True,0.99809176,9.296093e-06,8.09295e-07,3.6267787e-07,3.7191978e-06,0.0018870928,0.99809176,7.0711567e-06
4887,tess,OAF,OAF_nag_ps.wav,Surprise,215,Surprise,Surprise,True,0.9999167,9.470306e-07,4.7138233e-08,2.5170344e-05,5.6256034e-05,8.863121e-07,4.861388e-08,0.9999167
4895,tess,OAF,OAF_name_sad.wav,Sad,261,Sad,Sad,True,0.9992173,1.094061e-05,1.5275007e-05,6.429117e-05,3.3402714e-05,0.0006423905,0.9992173,1.6474738e-05
4898,tess,OAF,OAF_near_fear.wav,Fear,138,Fear,Fear,True,0.9999769,6.394125e-06,1.8147388e-07,0.9999769,4.160451e-06,3.6761364e-06,8.551848e-06,1.2644054e-07
4901,tess,OAF,OAF_near_ps.wav,Surprise,219,Surprise,Surprise,True,0.98868656,0.0005085727,0.010640427,3.1919466e-05,0.00010183541,1.6686708e-05,1.4009857e-05,0.98868656
4905,tess,OAF,OAF_neat_fear.wav,Fear,147,Fear,Fear,True,0.9999819,4.8722786e-06,1.9568272e-08,0.9999819,6.7922338e-06,1.7670709e-06,6.296091e-07,4.0532645e-06
4915,tess,OAF,OAF_nice_ps.wav,Surprise,210,Surprise,Surprise,True,0.9999294,6.6101244e-09,1.0333724e-07,4.394028e-06,6.5984226e-05,5.890135e-08,4.5923546e-08,0.9999294
4922,tess,OAF,OAF_note_ps.wav,Surprise,201,Surprise,Surprise,True,0.9999888,9.433417e-09,3.1663852e-10,6.244847e-08,1.1158855e-05,3.6315686e-09,2.221149e-09,0.9999888
4939,tess,OAF,OAF_page_disgust.wav,Disgust,252,Disgust,Disgust,True,0.99794286,9.871195e-06,0.99794286,5.4691933e-05,2.5324058e-05,3.0839897e-06,1.0057769e-05,0.0019540968
4944,tess,OAF,OAF_page_sad.wav,Sad,260,Sad,Sad,True,0.99999094,1.5678532e-08,3.8807312e-07,2.354758e-06,6.57403e-07,5.505801e-06,0.99999094,6.739167e-08
4946,tess,OAF,OAF_pain_disgust.wav,Disgust,232,Disgust,Disgust,True,0.7326463,0.030785609,0.7326463,0.0036700028,0.020619573,0.14362428,0.0042082644,0.064446054
4954,tess,OAF,OAF_pass_fear.wav,Fear,153,Fear,Fear,True,0.9999995,1.1358699e-08,1.4148368e-09,0.9999995,3.3911536e-07,2.1264924e-08,4.304702e-09,1.1540505e-07
4955,tess,OAF,OAF_pass_happy.wav,Happy,228,Happy,Happy,True,0.99988234,2.4399643e-08,1.2987355e-06,5.7999764e-06,0.99988234,1.2701944e-09,8.796588e-09,0.0001104901
4960,tess,OAF,OAF_pearl_disgust.wav,Disgust,234,Disgust,Disgust,True,0.9912538,0.0002508588,0.9912538,6.322171e-05,0.00022228631,0.00018910895,8.2004015e-05,0.00793875
4968,tess,OAF,OAF_peg_fear.wav,Fear,148,Fear,Fear,True,0.9999664,1.702859e-05,1.5152079e-08,0.9999664,1.2982372e-05,3.8681287e-07,6.05694e-07,2.6229827e-06
4972,tess,OAF,OAF_peg_sad.wav,Sad,260,Sad,Sad,True,0.9999676,8.445279e-08,9.718655e-07,2.6227358e-06,1.729914e-06,2.5866251e-05,0.9999676,1.2316747e-06
4973,tess,OAF,OAF_perch_angry.wav,Angry,145,Angry,Angry,True,1.0,1.0,4.0850112e-10,2.8806873e-08,2.2432506e-08,5.966658e-10,6.544048e-10,1.6343115e-09
4976,tess,OAF,OAF_perch_happy.wav,Happy,193,Happy,Happy,True,0.9999964,1.5671201e-08,4.5382924e-07,3.6696352e-07,0.9999964,2.5795024e-10,1.2638862e-09,2.7411725e-06
4978,tess,OAF,OAF_perch_ps.wav,Surprise,228,Surprise,Surprise,True,0.9997315,8.143186e-08,1.457363e-07,7.389399e-07,0.0002673912,2.0759894e-09,1.3348526e-07,0.9997315
4992,tess,OAF,OAF_pick_ps.wav,Surprise,177,Surprise,Surprise,True,0.99998844,6.1739786e-10,2.2512806e-10,1.0409266e-06,1.0573546e-05,5.6160593e-10,3.8158277e-10,0.99998844
5003,tess,OAF,OAF_pole_fear.wav,Fear,161,Fear,Fear,True,0.99999976,3.2650302e-08,1.6160588e-10,0.99999976,4.365095e-08,1.1132748e-10,1.2923977e-09,2.671605e-07
5009,tess,OAF,OAF_pool_disgust.wav,Disgust,228,Disgust,Disgust,True,0.9996038,9.810425e-06,0.9996038,1.0815612e-06,2.392052e-06,0.00036546183,8.123726e-06,9.355274e-06
5010,tess,OAF,OAF_pool_fear.wav,Fear,152,Fear,Fear,True,0.9999999,3.8776452e-08,3.2402443e-09,0.9999999,7.3395405e-08,7.956054e-10,6.124978e-09,2.3309786e-08
5022,tess,OAF,OAF_rag_angry.wav,Angry,161,Angry,Angry,True,0.99993,0.99993,7.766076e-08,9.969871e-06,4.7442274e-05,1.5229851e-07,7.357683e-08,1.2180001e-05
5023,tess,OAF,OAF_rag_disgust.wav,Disgust,237,Disgust,Disgust,True,0.9999161,7.065167e-07,0.9999161,2.794786e-08,7.0650117e-07,1.2715087e-07,8.23356e-05,4.713755e-09
5027,tess,OAF,OAF_rag_ps.wav,Surprise,194,Surprise,Surprise,True,0.99967265,1.1710338e-08,3.588077e-09,6.770928e-06,0.0003205365,2.4334577e-08,1.4493361e-08,0.99967265
5028,tess,OAF,OAF_rag_sad.wav,Sad,282,Sad,Sad,True,0.99999714,6.1920327e-09,1.4930515e-07,2.1777866e-09,9.732395e-08,2.5680592e-06,0.99999714,1.278388e-09
5036,tess,OAF,OAF_rain_angry.wav,Angry,151,Angry,Angry,True,0.99997556,0.99997556,6.41332e-09,1.74347e-05,5.329107e-06,1.7097621e-08,1.8725379e-08,1.5840925e-06
5049,tess,OAF,OAF_raise_sad.wav,Sad,292,Sad,Sad,True,0.99984276,1.1541243e-06,8.642104e-07,5.8170135e-06,2.2818258e-06,0.00014469726,0.99984276,2.3549346e-06
5052,tess,OAF,OAF_rat_fear.wav,Fear,148,Fear,Fear,True,0.9999982,4.345449e-07,2.4177254e-09,0.9999982,4.856986e-07,5.2483387e-07,1.594221e-07,9.979711e-08
5055,tess,OAF,OAF_rat_ps.wav,Surprise,180,Surprise,Surprise,True,0.9999311,8.396915e-08,1.9974933e-10,6.3855174e-07,6.817363e-05,9.616865e-09,4.926035e-10,0.9999311
5060,tess,OAF,OAF_reach_happy.wav,Happy,199,Happy,Happy,True,0.99912447,0.00049605285,1.1523113e-06,3.483866e-06,0.99912447,8.0915794e-07,2.7489255e-09,0.00037404243
5076,tess,OAF,OAF_red_ps.wav,Surprise,211,Surprise,Surprise,True,0.99984896,7.763851e-07,2.2068873e-05,3.0259826e-05,9.784336e-05,7.463329e-08,1.1829621e-08,0.99984896
5077,tess,OAF,OAF_red_sad.wav,Sad,244,Sad,Sad,True,0.99637103,0.00049127475,0.00055370276,1.1836948e-06,1.1151734e-05,0.0025703777,0.99637103,1.2936576e-06
5097,tess,OAF,OAF_road_ps.wav,Surprise,189,Surprise,Surprise,True,0.9999993,6.743016e-08,3.9633075e-10,9.027969e-09,8.268164e-08,6.0796225e-07,1.0840062e-10,0.9999993
5104,tess,OAF,OAF_room_ps.wav,Surprise,180,Surprise,Surprise,True,0.999954,2.7949557e-08,1.3507011e-09,7.935504e-06,3.7457845e-05,5.306305e-07,3.6009443e-08,0.999954
5112,tess,OAF,OAF_rose_sad.wav,Sad,266,Sad,Sad,True,0.9995338,1.6101223e-05,9.2129045e-07,3.7950827e-05,3.2647215e-05,0.00037742048,0.9995338,1.1655814e-06
5133,tess,OAF,OAF_rush_sad.wav,Sad,241,Sad,Sad,True,0.9993166,1.2064333e-05,7.708312e-06,1.9710066e-07,8.813955e-06,0.00065462285,0.9993166,9.774379e-09
5136,tess,OAF,OAF_said_fear.wav,Fear,156,Fear,Fear,True,0.9999738,1.3526972e-06,3.1854084e-09,0.9999738,3.164717e-06,6.223884e-08,1.4654919e-08,2.163333e-05
5138,tess,OAF,OAF_said_neutral.wav,Neutral,202,Neutral,Neutral,True,0.9999553,9.575192e-07,7.1997036e-08,2.6512262e-06,4.3240534e-06,0.9999553,7.71599e-06,2.8918428e-05
5143,tess,OAF,OAF_sail_fear.wav,Fear,150,Fear,Fear,True,0.999998,1.799257e-07,1.1338679e-08,0.999998,1.042886e-06,1.5885264e-07,8.354963e-08,4.7495476e-07
5152,tess,OAF,OAF_search_neutral.wav,Neutral,229,Neutral,Neutral,True,0.9986247,0.0001232483,0.0007643916,6.8113004e-05,1.57849e-05,0.9986247,1.3616314e-05,0.00039017518
5165,tess,OAF,OAF_sell_happy.wav,Happy,199,Happy,Happy,True,0.99999034,3.4575827e-08,1.0065307e-08,7.174718e-08,0.99999034,7.0432976e-10,9.644428e-11,9.566744e-06
5169,tess,OAF,OAF_shack_angry.wav,Angry,141,Angry,Angry,True,0.9999937,0.9999937,3.1139602e-09,5.3697663e-06,6.835361e-07,1.2581982e-07,1.5136228e-08,1.12013446e-07
5171,tess,OAF,OAF_shack_fear.wav,Fear,161,Fear,Fear,True,0.99997807,1.4995378e-06,1.5271786e-09,0.99997807,1.5209174e-05,3.2289659e-06,6.053502e-08,1.8581777e-06
5177,tess,OAF,OAF_shall_disgust.wav,Disgust,228,Disgust,Disgust,True,0.9943251,0.0047668945,0.9943251,1.7428387e-05,8.514919e-05,0.00060944277,2.7967353e-05,0.00016800428
5179,tess,OAF,OAF_shall_happy.wav,Happy,204,Happy,Happy,True,0.99997556,1.9669794e-07,3.6576446e-07,2.330032e-07,0.99997556,2.128108e-09,4.8757565e-10,2.3593671e-05
5183,tess,OAF,OAF_shawl_angry.wav,Angry,153,Angry,Angry,True,0.9999995,0.9999995,1.4555114e-09,3.9575167e-07,4.355347e-08,3.8401834e-10,7.9916246e-10,5.5881646e-08
5184,tess,OAF,OAF_shawl_disgust.wav,Disgust,234,Disgust,Disgust,True,0.97836715,0.019468429,0.97836715,7.868702e-06,0.0011713859,9.764552e-05,5.2159376e-05,0.00083538453
5194,tess,OAF,OAF_sheep_neutral.wav,Neutral,184,Neutral,Neutral,True,0.99984074,1.8304951e-06,6.712577e-08,7.313651e-05,9.8955525e-06,0.99984074,6.0858054e-07,7.362119e-05
5196,tess,OAF,OAF_sheep_sad.wav,Sad,268,Sad,Sad,True,0.99977165,3.7480975e-06,2.3536166e-05,6.768774e-05,5.9279882e-05,1.0570805e-06,0.99977165,7.300373e-05
5199,tess,OAF,OAF_shirt_fear.wav,Fear,130,Fear,Fear,True,0.99992657,4.5949128e-06,1.0648567e-08,0.99992657,7.396811e-06,1.2993263e-07,3.11506e-08,6.117234e-05
5200,tess,OAF,OAF_shirt_happy.wav,Happy,181,Happy,Happy,True,0.99997747,3.5331487e-07,1.5174082e-08,2.8184655e-07,0.99997747,1.1387705e-09,2.3222665e-10,2.197275e-05
5224,tess,OAF,OAF_size_sad.wav,Sad,244,Sad,Sad,True,0.9999527,8.029517e-06,4.433217e-06,5.189177e-06,2.3557204e-05,5.7919274e-06,0.9999527,2.7879813e-07
5226,tess,OAF,OAF_soap_disgust.wav,Disgust,239,Disgust,Disgust,True,0.99999404,2.1426708e-06,0.99999404,1.7850064e-07,2.3084944e-07,3.1103465e-07,7.8681566e-08,3.0627518e-06
5228,tess,OAF,OAF_soap_happy.wav,Happy,190,Happy,Happy,True,0.9999962,7.618037e-09,3.828442e-09,6.481865e-09,0.9999962,1.122058e-10,4.4635105e-11,3.7643158e-06
5238,tess,OAF,OAF_soup_sad.wav,Sad,262,Sad,Sad,True,0.9991806,1.236822e-05,2.5031812e-05,0.00015249217,0.0004614413,0.000100922174,0.9991806,6.720533e-05
5240,tess,OAF,OAF_sour_disgust.wav,Disgust,220,Disgust,Disgust,True,0.9999312,6.499761e-05,0.9999312,8.1479826e-08,1.1125082e-07,1.9349243e-06,1.3723273e-06,2.4781818e-07
5244,tess,OAF,OAF_sour_ps.wav,Surprise,212,Surprise,Surprise,True,0.9997092,1.4047721e-06,2.839044e-06,8.156512e-06,0.00027762228,4.5592836e-07,2.3235563e-07,0.9997092
5253,tess,OAF,OAF_sub_angry.wav,Angry,135,Angry,Angry,True,0.99999976,0.99999976,1.1375346e-09,1.1699126e-07,5.361749e-08,1.8148244e-08,3.4839592e-10,7.070157e-08
5256,tess,OAF,OAF_sub_happy.wav,Happy,191,Happy,Happy,True,0.99997675,5.472359e-09,9.360089e-09,5.1267637e-07,0.99997675,6.368154e-09,2.0952362e-10,2.2709432e-05
5257,tess,OAF,OAF_sub_neutral.wav,Neutral,202,Neutral,Neutral,True,0.99995947,1.1215279e-08,1.4002617e-09,2.142237e-06,2.6056643e-06,0.99995947,3.5455843e-05,3.152143e-07
5271,tess,OAF,OAF_sure_neutral.wav,Neutral,193,Neutral,Neutral,True,0.9999956,1.0703633e-08,4.4506843e-09,1.4585837e-07,1.571364e-07,0.9999956,2.206109e-06,1.7609515e-06
5272,tess,OAF,OAF_sure_ps.wav,Surprise,194,Surprise,Surprise,True,0.9999995,1.9278275e-09,5.2822013e-10,9.422859e-08,3.562895e-07,7.5982937e-10,9.413953e-11,0.9999995
5277,tess,OAF,OAF_take_happy.wav,Happy,199,Happy,Happy,True,0.9994918,8.163874e-08,8.573656e-07,7.661757e-06,0.9994918,2.1653155e-09,3.837826e-09,0.0004995867
5285,tess,OAF,OAF_talk_neutral.wav,Neutral,197,Neutral,Neutral,True,0.9999933,3.6808764e-08,4.3005414e-08,5.9606066e-08,9.468543e-08,0.9999933,4.6928467e-06,1.827291e-06
5307,tess,OAF,OAF_tell_ps.wav,Surprise,219,Surprise,Surprise,True,0.99999297,5.2108313e-09,4.5692366e-07,1.449515e-07,6.4102983e-06,1.6071032e-10,4.3601264e-10,0.99999297
5309,tess,OAF,OAF_thin_angry.wav,Angry,148,Angry,Angry,True,0.9999999,0.9999999,8.048437e-11,1.0213838e-07,7.430445e-09,6.964136e-10,5.448421e-11,1.003726e-08
5328,tess,OAF,OAF_thought_ps.wav,Surprise,178,Surprise,Surprise,True,0.99997354,2.775625e-06,4.954964e-07,4.4129453e-07,2.1586358e-05,1.1599839e-06,5.8393407e-08,0.99997354
5333,tess,OAF,OAF_thumb_happy.wav,Happy,200,Happy,Happy,True,0.9999902,1.9969848e-08,2.1042496e-08,3.1201506e-07,0.9999902,2.8306957e-09,2.2910864e-09,9.380443e-06
5341,tess,OAF,OAF_time_neutral.wav,Neutral,205,Neutral,Neutral,True,0.9999746,3.8289988e-07,3.1937689e-06,4.2537758e-07,1.8809662e-06,0.9999746,1.7515495e-05,1.9802799e-06
5344,tess,OAF,OAF_tip_angry.wav,Angry,134,Angry,Angry,True,0.9999993,0.9999993,3.448727e-09,2.7678576e-07,3.8083765e-08,1.0549371e-08,4.0895083e-09,3.0329642e-07
5359,tess,OAF,OAF_ton_disgust.wav,Disgust,224,Disgust,Disgust,True,0.99995124,2.8426373e-05,0.99995124,1.0181423e-07,1.6963329e-06,1.2162326e-05,6.095286e-06,2.9605891e-07
5368,tess,OAF,OAF_tool_happy.wav,Happy,180,Happy,Happy,True,0.9999938,3.5724984e-06,4.815517e-08,4.4084327e-09,0.9999938,4.8600266e-09,3.313656e-09,2.6607938e-06
5373,tess,OAF,OAF_tough_disgust.wav,Disgust,226,Disgust,Disgust,True,0.99597794,3.6686968e-05,0.99597794,3.274506e-05,5.5152344e-05,0.0037622023,3.0164585e-05,0.000105178464
5376,tess,OAF,OAF_tough_neutral.wav,Neutral,191,Neutral,Neutral,True,0.99999785,5.755025e-09,1.1626656e-10,3.8837567e-07,2.646611e-07,0.99999785,1.2945362e-06,1.3244602e-07
5380,tess,OAF,OAF_turn_disgust.wav,Disgust,230,Disgust,Disgust,True,0.9999472,4.4217773e-05,0.9999472,1.7714041e-07,1.2435347e-06,1.163503e-06,9.739955e-07,5.014725e-06
5389,tess,OAF,OAF_vine_happy.wav,Happy,183,Happy,Happy,True,0.9996934,5.0753575e-09,2.2009164e-08,1.6849724e-07,0.9996934,1.9480283e-10,2.653827e-10,0.00030645798
5390,tess,OAF,OAF_vine_neutral.wav,Neutral,192,Neutral,Neutral,True,0.99999654,9.312141e-09,1.2309899e-09,2.898489e-09,1.4340763e-07,0.99999654,3.292276e-06,3.2513725e-08
5396,tess,OAF,OAF_voice_happy.wav,Happy,213,Happy,Happy,True,0.9999372,3.4081544e-09,2.1130733e-09,1.0425904e-07,0.9999372,3.494367e-11,2.7333389e-11,6.2712286e-05
5405,tess,OAF,OAF_void_ps.wav,Surprise,240,Surprise,Surprise,True,0.9999862,6.3715433e-09,5.1426684e-07,1.4556343e-08,1.3277075e-05,2.7574442e-12,3.7621333e-09,0.9999862
5415,tess,OAF,OAF_wag_disgust.wav,Disgust,228,Disgust,Disgust,True,0.9999796,1.2396669e-05,0.9999796,5.3997184e-07,8.398672e-07,3.5227483e-08,1.6566261e-06,4.8785164e-06
5435,tess,OAF,OAF_week_angry.wav,Angry,151,Angry,Angry,True,0.9988298,0.9988298,7.7763405e-09,0.001080357,2.9251235e-06,2.9629726e-08,8.269385e-08,8.686619e-05
5438,tess,OAF,OAF_week_happy.wav,Happy,196,Happy,Happy,True,0.96959585,1.588059e-05,2.0052031e-08,1.861615e-05,0.96959585,3.5890372e-07,3.300444e-09,0.030369243
5443,tess,OAF,OAF_wheat_disgust.wav,Disgust,189,Disgust,Surprise,False,0.53520375,0.0010859177,0.3188102,0.001908789,0.00038848602,0.1418849,0.0007180176,0.53520375
5449,tess,OAF,OAF_when_angry.wav,Angry,151,Angry,Angry,True,0.99967086,0.99967086,6.202543e-08,0.00032088583,4.01105e-06,7.642807e-07,1.4244063e-07,3.2702128e-06
5456,tess,OAF,OAF_which_angry.wav,Angry,141,Angry,Angry,True,0.9999962,0.9999962,7.337477e-10,3.348665e-06,3.5116187e-07,8.808049e-09,8.1040813e-10,7.02656e-08
5465,tess,OAF,OAF_whip_fear.wav,Fear,155,Fear,Fear,True,0.99999964,6.4637796e-08,3.162768e-10,0.99999964,1.0616416e-07,1.4002172e-08,1.0610438e-08,1.3826136e-07
5487,tess,OAF,OAF_wire_happy.wav,Happy,214,Happy,Happy,True,0.99998903,9.5884724e-11,4.711479e-07,2.3114791e-07,0.99998903,3.0561956e-11,6.040691e-10,1.0217206e-05
5488,tess,OAF,OAF_wire_neutral.wav,Neutral,215,Neutral,Neutral,True,0.99992,3.6256094e-07,1.1115434e-05,4.2840188e-07,5.6121934e-07,0.99992,6.212523e-05,5.3273725e-06
5492,tess,OAF,OAF_witch_disgust.wav,Disgust,230,Disgust,Disgust,True,0.999962,1.4563859e-05,0.999962,1.4515816e-08,1.1976064e-07,1.6173835e-05,6.81785e-06,3.607275e-07
5496,tess,OAF,OAF_witch_ps.wav,Surprise,201,Surprise,Surprise,True,0.9966054,3.3327447e-05,1.8748584e-07,5.1543346e-05,0.0033014398,7.911864e-06,1.2308773e-07,0.9966054
5501,tess,OAF,OAF_yearn_happy.wav,Happy,210,Happy,Happy,True,0.9999976,2.2668085e-10,1.4272254e-06,1.390566e-07,0.9999976,1.3481136e-10,9.808951e-09,8.768211e-07
5516,tess,OAF,OAF_young_neutral.wav,Neutral,190,Neutral,Neutral,True,0.9999968,2.667592e-09,5.896169e-10,1.0425604e-08,5.3235e-08,0.9999968,2.9063715e-06,1.8931546e-07
5518,tess,OAF,OAF_young_sad.wav,Sad,233,Sad,Sad,True,0.9992095,6.696687e-06,2.1703524e-06,2.4807985e-06,5.7408092e-06,0.00077243935,0.9992095,9.912151e-07
5524,tess,OAF,OAF_youth_ps.wav,Surprise,190,Surprise,Surprise,True,0.9999995,6.401783e-11,1.7210336e-10,1.7610287e-08,4.96072e-07,2.1025068e-09,2.7322167e-11,0.9999995
5526,tess,YAF,YAF_back_angry.wav,Angry,199,Angry,Angry,True,0.999995,0.999995,2.3249143e-09,6.063384e-07,3.1399864e-07,6.432317e-07,7.0033876e-09,3.428432e-06
5533,tess,YAF,YAF_bar_angry.wav,Angry,208,Angry,Angry,True,0.9999988,0.9999988,5.3817365e-07,5.0497245e-08,1.622196e-07,9.524039e-08,1.9553059e-07,4.2675214e-08
5548,tess,YAF,YAF_bath_disgust.wav,Disgust,212,Disgust,Disgust,True,0.997905,0.0020735927,0.997905,1.2801655e-07,1.8757544e-06,9.242953e-06,1.9081608e-06,8.288926e-06
5558,tess,YAF,YAF_bean_neutral.wav,Neutral,180,Neutral,Neutral,True,0.99998987,1.5679298e-11,5.889336e-11,3.9524734e-11,8.76905e-10,0.99998987,1.0171327e-05,3.9029865e-10
5561,tess,YAF,YAF_beg_angry.wav,Angry,205,Angry,Angry,True,0.9999999,0.9999999,8.544836e-10,1.0345965e-08,1.3640065e-08,4.9454474e-10,9.157595e-09,8.522319e-08
5565,tess,YAF,YAF_beg_neutral.wav,Neutral,200,Neutral,Neutral,True,0.99999774,1.0708169e-08,7.450823e-09,4.0425384e-08,1.1038362e-06,0.99999774,8.2451464e-07,2.1670913e-07
5568,tess,YAF,YAF_bite_angry.wav,Angry,196,Angry,Angry,True,0.9999995,0.9999995,2.3523572e-09,6.445189e-08,1.6763734e-07,5.7453287e-09,3.7201546e-09,2.4176686e-07
5570,tess,YAF,YAF_bite_fear.wav,Fear,145,Fear,Fear,True,0.9999678,3.2560035e-07,5.078213e-09,0.9999678,2.2170649e-05,1.4571235e-09,7.62051e-09,9.6728545e-06
5579,tess,YAF,YAF_boat_neutral.wav,Neutral,192,Neutral,Neutral,True,0.9999864,3.8378012e-08,8.548752e-09,5.0801097e-09,8.563195e-07,0.9999864,1.2641982e-05,6.9444543e-09
5581,tess,YAF,YAF_boat_sad.wav,Sad,237,Sad,Sad,True,0.9972254,0.0016326217,0.00039335978,5.677874e-05,3.0110737e-05,0.00065904274,0.9972254,2.7333444e-06
5585,tess,YAF,YAF_bone_happy.wav,Happy,169,Happy,Happy,True,1.0,1.268872e-08,2.629416e-09,2.1412433e-08,1.0,3.2120686e-09,8.9293967e-10,2.2153404e-08
5593,tess,YAF,YAF_book_neutral.wav,Neutral,193,Neutral,Neutral,True,0.99999833,8.469805e-07,1.5826199e-08,1.0791275e-08,6.4999455e-08,0.99999833,6.5772826e-07,4.288555e-08
5601,tess,YAF,YAF_bought_ps.wav,Surprise,192,Surprise,Surprise,True,0.9999738,4.1844364e-06,4.0511056e-10,2.7546758e-07,2.1804877e-05,1.7431551e-08,9.496423e-09,0.9999738
5616,tess,YAF,YAF_cab_sad.wav,Sad,241,Sad,Sad,True,0.9998331,3.641605e-07,2.1819478e-06,3.6016442e-07,1.7870909e-06,0.00016211536,0.9998331,7.216903e-08
5617,tess,YAF,YAF_calm_angry.wav,Angry,205,Angry,Angry,True,0.99999833,0.99999833,5.3205643e-08,1.1629607e-07,7.363615e-07,2.6045308e-08,2.8558358e-07,5.4635393e-07
5623,tess,YAF,YAF_calm_sad.wav,Sad,209,Sad,Sad,True,0.9971738,7.71761e-08,9.494032e-07,1.8517143e-08,2.1737847e-07,0.002824889,0.9971738,3.134655e-08
5624,tess,YAF,YAF_came_angry.wav,Angry,218,Angry,Angry,True,0.99975127,0.99975127,0.00022486357,2.6355926e-07,1.3571721e-05,5.331451e-07,8.974707e-06,5.199983e-07
5631,tess,YAF,YAF_cause_angry.wav,Angry,215,Angry,Angry,True,0.99999416,0.99999416,5.635705e-07,1.3192458e-06,8.0021715e-07,7.0798563e-07,2.5026114e-07,2.1407673e-06
5638,tess,YAF,YAF_chain_angry.wav,Angry,218,Angry,Angry,True,0.9999982,0.9999982,4.513282e-08,7.173297e-08,1.497006e-06,6.365752e-09,1.5723387e-08,1.6323646e-07
5639,tess,YAF,YAF_chain_disgust.wav,Disgust,266,Disgust,Disgust,True,0.99997354,6.067804e-06,0.99997354,1.4116065e-08,2.0345813e-06,7.47437e-07,1.763875e-05,8.8123535e-09
5642,tess,YAF,YAF_chain_neutral.wav,Neutral,212,Neutral,Neutral,True,0.9998883,1.0656689e-05,3.7610607e-06,4.126252e-06,1.4263748e-05,0.9998883,7.153563e-05,7.399335e-06
5645,tess,YAF,YAF_chair_angry.wav,Angry,199,Angry,Angry,True,0.9999999,0.9999999,4.1941018e-08,2.5546406e-08,7.025916e-08,4.105662e-11,2.3581274e-08,7.610179e-09
5647,tess,YAF,YAF_chair_fear.wav,Fear,173,Fear,Fear,True,0.99999547,3.3056996e-10,3.0812348e-09,0.99999547,1.379962e-06,3.448804e-10,4.7536686e-09,3.0474569e-06
5656,tess,YAF,YAF_chalk_neutral.wav,Neutral,202,Neutral,Neutral,True,0.999972,2.5795158e-08,1.7845373e-08,6.3922556e-09,5.7163305e-07,0.999972,2.7366823e-05,1.8274697e-08
5672,tess,YAF,YAF_check_sad.wav,Sad,205,Sad,Sad,True,0.996058,2.5749327e-05,1.5413326e-07,2.7080448e-05,0.0001655364,0.0037208095,0.996058,2.6796174e-06
5676,tess,YAF,YAF_cheek_happy.wav,Happy,161,Happy,Happy,True,0.99999547,4.9032117e-08,3.2943401e-09,3.891094e-06,0.99999547,2.7030685e-08,2.6551572e-09,6.2156346e-07
5681,tess,YAF,YAF_chief_disgust.wav,Disgust,218,Disgust,Disgust,True,0.9995592,8.996826e-05,0.9995592,5.4878004e-08,0.00031995255,2.3869152e-05,2.949024e-07,6.5388567e-06
5682,tess,YAF,YAF_chief_fear.wav,Fear,161,Fear,Fear,True,0.99971825,2.8538561e-06,1.0086983e-06,0.99971825,0.00020468036,7.895599e-06,2.3157241e-07,6.521664e-05
5690,tess,YAF,YAF_choice_happy.wav,Happy,145,Happy,Happy,True,0.99994826,5.327815e-07,4.0763283e-08,4.2580855e-06,0.99994826,9.028753e-08,1.0056669e-08,4.6775003e-05
5691,tess,YAF,YAF_choice_neutral.wav,Neutral,193,Neutral,Neutral,True,0.9999329,3.4273378e-07,1.3373133e-07,2.200853e-07,5.282327e-05,0.9999329,1.3396966e-05,1.8585165e-07
5704,tess,YAF,YAF_dab_happy.wav,Happy,157,Happy,Happy,True,0.99999857,3.038831e-07,6.877943e-09,9.760391e-07,0.99999857,3.24911e-08,3.937748e-09,1.2619091e-07
5708,tess,YAF,YAF_date_angry.wav,Angry,218,Angry,Angry,True,0.99999774,0.99999774,2.1583381e-07,4.5297327e-07,6.708795e-07,3.8376474e-08,7.036483e-08,8.7022096e-07
5710,tess,YAF,YAF_date_fear.wav,Fear,177,Fear,Fear,True,0.9998685,4.2268832e-07,3.2199097e-08,0.9998685,0.00010763626,9.08904e-08,1.7902512e-07,2.3111123e-05
5712,tess,YAF,YAF_date_neutral.wav,Neutral,207,Neutral,Neutral,True,0.9999875,3.6077213e-07,3.7717268e-07,2.6097e-07,1.8634933e-07,0.9999875,3.7670914e-06,7.454084e-06
5713,tess,YAF,YAF_date_ps.wav,Surprise,179,Surprise,Surprise,True,0.99999666,1.627479e-06,7.9924256e-10,7.785604e-07,7.8688714e-07,1.223083e-07,3.0529844e-08,0.99999666
5717,tess,YAF,YAF_dead_fear.wav,Fear,162,Fear,Fear,True,0.9999838,5.999567e-07,3.7309253e-09,0.9999838,1.4536451e-05,7.627557e-08,1.9223053e-08,9.818887e-07
5719,tess,YAF,YAF_dead_neutral.wav,Neutral,192,Neutral,Neutral,True,0.99998367,4.4370804e-08,5.209715e-07,6.190854e-08,4.6743457e-06,0.99998367,1.1048544e-05,1.3541522e-08
5720,tess,YAF,YAF_dead_ps.wav,Surprise,184,Surprise,Surprise,True,0.99999976,1.4610197e-08,2.124214e-09,1.8366295e-07,4.578168e-08,9.859203e-09,6.395116e-09,0.99999976
5725,tess,YAF,YAF_death_happy.wav,Happy,141,Happy,Happy,True,0.99995935,2.5121705e-07,8.602841e-09,1.4217362e-07,0.99995935,2.0855492e-08,5.7419947e-10,4.0265873e-05
5736,tess,YAF,YAF_dime_angry.wav,Angry,175,Angry,Angry,True,0.9999689,0.9999689,3.5236038e-08,1.6152882e-06,2.343582e-05,3.2845545e-08,1.8114433e-06,4.232832e-06
5738,tess,YAF,YAF_dime_fear.wav,Fear,125,Fear,Fear,True,0.99954104,2.228419e-05,9.803973e-08,0.99954104,0.000204126,2.5949344e-06,5.4045645e-06,0.00022448614
5760,tess,YAF,YAF_dodge_happy.wav,Happy,177,Happy,Happy,True,0.99997854,8.389309e-06,1.8169587e-07,9.201156e-06,0.99997854,2.5226308e-07,7.5678884e-07,2.6989967e-06
5773,tess,YAF,YAF_doll_fear.wav,Fear,182,Fear,Fear,True,0.99993575,1.0033046e-06,1.9332629e-07,0.99993575,5.62724e-05,7.4224225e-08,3.247105e-07,6.358133e-06
5787,tess,YAF,YAF_fail_fear.wav,Fear,170,Fear,Fear,True,0.9999951,8.7799336e-08,1.2391056e-09,0.9999951,2.2296854e-06,5.2655738e-09,5.314074e-09,2.5468592e-06
5793,tess,YAF,YAF_fall_disgust.wav,Disgust,237,Disgust,Disgust,True,0.99994874,1.7321e-06,0.99994874,6.741772e-09,4.842215e-05,4.9185875e-08,9.995309e-07,2.835232e-08
5795,tess,YAF,YAF_fall_happy.wav,Happy,164,Happy,Happy,True,0.9989728,9.686972e-07,1.4280297e-06,0.0010173097,0.9989728,5.778173e-08,2.034271e-06,5.3816757e-06
5812,tess,YAF,YAF_fat_sad.wav,Sad,202,Sad,Sad,True,0.9994259,3.930985e-05,7.9067036e-07,7.685272e-05,0.0003271526,0.00012937219,0.9994259,5.4046296e-07
5813,tess,YAF,YAF_fit_angry.wav,Angry,215,Angry,Angry,True,0.9999951,0.9999951,2.2835154e-09,1.1792184e-06,8.733089e-07,1.2165596e-07,4.331252e-09,2.7104118e-06
5814,tess,YAF,YAF_fit_disgust.wav,Disgust,241,Disgust,Disgust,True,0.99999595,1.2312669e-06,0.99999595,3.803658e-09,2.1975175e-06,1.2353334e-07,5.0353486e-07,3.056851e-08
5817,tess,YAF,YAF_fit_neutral.wav,Neutral,191,Neutral,Neutral,True,0.99884725,1.3294502e-06,3.4812686e-08,3.7178146e-05,0.0010785481,0.99884725,3.2809912e-05,2.761029e-06
5818,tess,YAF,YAF_fit_ps.wav,Surprise,189,Surprise,Surprise,True,0.9999511,1.953321e-05,3.724222e-08,4.8975785e-06,2.1829599e-05,1.0275764e-06,1.6135027e-06,0.9999511
5853,tess,YAF,YAF_gaze_ps.wav,Surprise,196,Surprise,Surprise,True,0.9999989,5.761544e-09,3.1498302e-09,5.0461557e-07,3.911382e-07,2.38188e-08,1.1277002e-07,0.9999989
5864,tess,YAF,YAF_get_fear.wav,Fear,164,Fear,Fear,True,0.9998963,4.305155e-06,1.432947e-07,0.9998963,4.4935765e-05,3.385595e-07,2.714887e-07,5.378579e-05
5883,tess,YAF,YAF_good_angry.wav,Angry,202,Angry,Angry,True,0.99999535,0.99999535,2.6585418e-09,9.98659e-07,1.307015e-06,3.6579576e-07,1.916978e-08,1.9766455e-06
5888,tess,YAF,YAF_good_ps.wav,Surprise,181,Surprise,Surprise,True,0.99999857,4.454018e-07,3.157131e-09,8.667347e-09,2.5696048e-07,6.52877e-07,3.2203884e-09,0.99999857
5890,tess,YAF,YAF_goose_angry.wav,Angry,183,Angry,Angry,True,0.99999595,0.99999595,1.7332473e-08,1.671469e-06,2.1891694e-06,8.7183466e-08,6.348548e-08,9.0612374e-08
5891,tess,YAF,YAF_goose_disgust.wav,Disgust,244,Disgust,Disgust,True,0.9999931,6.6169605e-07,0.9999931,9.249974e-09,2.4486458e-06,9.95223e-08,3.5420992e-06,4.41093e-08
5892,tess,YAF,YAF_goose_fear.wav,Fear,141,Fear,Fear,True,0.99958056,1.0321036e-06,1.7467506e-06,0.99958056,0.00035770467,3.6738315e-06,5.7146485e-07,5.4743978e-05
5898,tess,YAF,YAF_gun_disgust.wav,Disgust,237,Disgust,Disgust,True,0.99998105,2.1259364e-06,0.99998105,9.994702e-08,6.4869155e-06,1.2351165e-06,9.014276e-06,5.726998e-08
5907,tess,YAF,YAF_half_happy.wav,Happy,148,Happy,Happy,True,0.99999917,1.2175414e-08,2.3152018e-09,3.9817138e-07,0.99999917,8.3039275e-08,1.3252679e-09,4.264095e-07
5909,tess,YAF,YAF_half_ps.wav,Surprise,173,Surprise,Surprise,True,0.9999999,3.2225632e-08,6.937779e-10,5.300042e-08,2.8744083e-08,2.50803e-09,4.370575e-09,0.9999999
5914,tess,YAF,YAF_hall_happy.wav,Happy,171,Happy,Happy,True,0.9999981,3.445396e-09,3.5883485e-09,1.8255266e-06,0.9999981,4.2669437e-10,1.1231746e-08,1.0647993e-07
5916,tess,YAF,YAF_hall_ps.wav,Surprise,176,Surprise,Surprise,True,0.9999726,1.7606916e-07,2.2951223e-09,1.1947883e-06,2.5991998e-05,7.789056e-09,3.2701518e-08,0.9999726
5918,tess,YAF,YAF_hash_angry.wav,Angry,205,Angry,Angry,True,0.99853146,0.99853146,1.0812107e-05,0.0010511008,1.9924439e-05,7.075271e-06,0.00036773033,1.18661965e-05
5920,tess,YAF,YAF_hash_fear.wav,Fear,154,Fear,Fear,True,0.99756575,6.968598e-06,6.1534297e-07,0.99756575,0.001193837,1.7731243e-07,4.9769585e-07,0.0012321447
5926,tess,YAF,YAF_hate_disgust.wav,Disgust,236,Disgust,Disgust,True,0.94508785,0.0010861421,0.94508785,0.00014944599,0.032426074,2.5777208e-05,1.3483414e-05,0.021211198
5930,tess,YAF,YAF_hate_ps.wav,Surprise,191,Surprise,Surprise,True,0.99999845,2.571292e-08,8.331483e-11,8.106748e-07,6.710074e-07,9.9314015e-09,4.805905e-08,0.99999845
5946,tess,YAF,YAF_hire_angry.wav,Angry,208,Angry,Angry,True,1.0,1.0,1.4182748e-08,2.0102835e-09,1.5188613e-08,2.4016375e-10,3.5137593e-09,2.9312409e-08
5967,tess,YAF,YAF_home_angry.wav,Angry,177,Angry,Angry,True,0.9999974,0.9999974,5.990172e-08,7.0432236e-07,6.883519e-07,1.4514733e-07,5.924612e-07,3.597392e-07
5968,tess,YAF,YAF_home_disgust.wav,Disgust,226,Disgust,Disgust,True,0.9996958,2.9570905e-05,0.9996958,1.441744e-07,0.00023346367,4.9836462e-06,2.4564803e-05,1.1531081e-05
5969,tess,YAF,YAF_home_fear.wav,Fear,140,Fear,Fear,True,0.99993825,1.8591974e-08,2.3864313e-09,0.99993825,2.7677599e-05,1.5811038e-08,1.606542e-08,3.4093253e-05
5970,tess,YAF,YAF_home_happy.wav,Happy,157,Happy,Happy,True,0.9998497,4.376876e-07,1.962926e-07,0.00014493387,0.9998497,2.0226669e-07,1.4948935e-06,3.017865e-06
5974,tess,YAF,YAF_hurl_angry.wav,Angry,189,Angry,Angry,True,0.99999833,0.99999833,4.4399815e-08,3.67019e-08,4.3801782e-07,3.534134e-08,9.89789e-07,2.171141e-07
5986,tess,YAF,YAF_hush_ps.wav,Surprise,178,Surprise,Surprise,True,0.9999994,1.8359467e-08,1.12359066e-10,1.6455414e-07,4.1086878e-07,8.643186e-09,4.052139e-09,0.9999994
5995,tess,YAF,YAF_jar_angry.wav,Angry,196,Angry,Angry,True,0.9999927,0.9999927,5.5706478e-06,3.9330356e-08,9.59431e-07,6.3303864e-09,2.3743323e-07,4.2504828e-07
5998,tess,YAF,YAF_jar_happy.wav,Happy,165,Happy,Happy,True,0.9999988,1.1854254e-08,8.526564e-09,1.0477087e-06,0.9999988,4.471624e-08,7.554237e-08,3.3761445e-08
6000,tess,YAF,YAF_jar_ps.wav,Surprise,203,Surprise,Surprise,True,0.99992144,2.620976e-05,2.0669087e-05,7.978925e-06,4.8441766e-06,1.8206449e-05,6.4246717e-07,0.99992144
6007,tess,YAF,YAF_join_ps.wav,Surprise,183,Surprise,Surprise,True,0.99999464,8.117985e-08,2.8978128e-10,5.7189762e-08,5.2847618e-06,4.114518e-09,3.4211483e-09,0.99999464
6008,tess,YAF,YAF_join_sad.wav,Sad,224,Sad,Sad,True,0.999713,3.1404409e-06,2.1289488e-06,6.6559396e-06,7.6913166e-05,0.00019815394,0.999713,4.048864e-08
6009,tess,YAF,YAF_judge_angry.wav,Angry,234,Angry,Angry,True,0.99999905,0.99999905,1.7128812e-07,5.0759915e-08,6.916007e-08,3.211908e-08,1.5270813e-07,5.7529246e-07
6016,tess,YAF,YAF_jug_angry.wav,Angry,199,Angry,Angry,True,0.99999976,0.99999976,7.8169415e-11,8.53435e-09,9.857329e-08,1.6991618e-09,3.4674588e-10,1.2546136e-07
6020,tess,YAF,YAF_jug_neutral.wav,Neutral,197,Neutral,Neutral,True,0.99999845,8.893658e-09,4.1398502e-09,5.077206e-09,9.657596e-07,0.99999845,6.1226916e-07,1.7942124e-08
6032,tess,YAF,YAF_keen_fear.wav,Fear,154,Fear,Fear,True,0.9995995,5.7094045e-08,7.1050044e-07,0.9995995,0.00013213942,1.7142735e-05,2.2384743e-06,0.0002482787
6039,tess,YAF,YAF_keep_fear.wav,Fear,195,Fear,Fear,True,0.9998779,1.0716509e-06,1.0753322e-08,0.9998779,0.000117638694,3.7918465e-08,8.026819e-08,3.188828e-06
6041,tess,YAF,YAF_keep_neutral.wav,Neutral,217,Neutral,Neutral,True,0.9999503,1.1614761e-07,2.7344885e-07,2.6386915e-06,1.0538402e-05,0.9999503,3.4696808e-05,1.389769e-06
6045,tess,YAF,YAF_keg_disgust.wav,Disgust,247,Disgust,Disgust,True,0.9999862,4.433488e-06,0.9999862,4.8089724e-08,3.919078e-06,3.518192e-08,4.6090604e-06,8.66082e-07
6058,tess,YAF,YAF_kill_angry.wav,Angry,202,Angry,Angry,True,0.9999975,0.9999975,2.9590213e-09,2.917718e-08,2.7813502e-07,2.8347213e-08,1.3780405e-08,2.139154e-06
6060,tess,YAF,YAF_kill_fear.wav,Fear,164,Fear,Fear,True,0.99999976,2.1081734e-09,3.7491096e-10,0.99999976,2.3183873e-07,1.5789474e-11,7.9668655e-10,5.510834e-08
6063,tess,YAF,YAF_kill_ps.wav,Surprise,180,Surprise,Surprise,True,0.99998105,1.6912265e-05,2.9860004e-08,7.5842576e-07,1.1059125e-06,3.636089e-08,2.5244987e-08,0.99998105
6066,tess,YAF,YAF_king_disgust.wav,Disgust,247,Disgust,Disgust,True,0.99999774,1.1765317e-07,0.99999774,7.2318224e-10,1.9515676e-06,6.060408e-10,2.354748e-07,5.035331e-08
6070,tess,YAF,YAF_king_ps.wav,Surprise,218,Surprise,Surprise,True,0.99999094,1.1930732e-07,5.6060784e-10,1.1697662e-07,8.81005e-06,1.4225581e-09,3.884065e-08,0.99999094
6073,tess,YAF,YAF_kite_disgust.wav,Disgust,250,Disgust,Disgust,True,0.9999337,3.621706e-05,0.9999337,2.3868724e-08,2.5107169e-05,2.5070295e-07,2.6944115e-06,1.9471056e-06
6080,tess,YAF,YAF_knock_disgust.wav,Disgust,205,Disgust,Disgust,True,0.99658835,0.0015274143,0.99658835,1.2376249e-08,0.0018618018,8.144026e-06,7.567005e-06,6.7682736e-06
6083,tess,YAF,YAF_knock_neutral.wav,Neutral,196,Neutral,Neutral,True,0.99998283,1.17543415e-07,4.9058093e-07,2.4059255e-09,1.2162211e-07,0.99998283,1.6448976e-05,1.2881978e-08
6091,tess,YAF,YAF_late_ps.wav,Surprise,190,Surprise,Surprise,True,0.9999976,5.2389122e-08,3.0198802e-10,5.869024e-07,1.5678099e-06,3.5517488e-08,9.395669e-08,0.9999976
6092,tess,YAF,YAF_late_sad.wav,Sad,212,Sad,Sad,True,0.99939024,4.716782e-06,1.4855791e-06,6.5923837e-06,1.5134679e-05,0.00057906326,0.99939024,2.872541e-06
6096,tess,YAF,YAF_laud_happy.wav,Happy,159,Happy,Happy,True,0.99999964,6.095622e-08,1.4083374e-09,9.482158e-08,0.99999964,2.7402372e-08,6.585884e-09,3.316029e-08
6098,tess,YAF,YAF_laud_ps.wav,Surprise,224,Surprise,Surprise,True,0.99999714,4.4338403e-08,1.0196471e-06,1.1162413e-06,4.814287e-07,4.2425743e-08,1.5647551e-07,0.99999714
6099,tess,YAF,YAF_laud_sad.wav,Sad,215,Sad,Sad,True,0.9970874,2.3328138e-07,2.1907591e-07,1.9662144e-05,0.00013351475,0.002758572,0.9970874,3.9728278e-07
6115,tess,YAF,YAF_lease_disgust.wav,Disgust,260,Disgust,Disgust,True,0.9997838,0.000102592516,0.9997838,1.0119098e-05,1.7594941e-06,5.536885e-05,3.4618868e-06,4.2878823e-05
6131,tess,YAF,YAF_life_happy.wav,Happy,151,Happy,Happy,True,0.99999535,1.067979e-06,1.391192e-08,4.542096e-08,0.99999535,2.7946888e-07,1.1842002e-09,3.28692e-06
6139,tess,YAF,YAF_limb_neutral.wav,Neutral,193,Neutral,Neutral,True,0.99999785,3.8156214e-11,5.0754553e-11,1.0591145e-09,1.1061197e-08,0.99999785,2.1006026e-06,1.138196e-10
6142,tess,YAF,YAF_live_angry.wav,Angry,189,Angry,Angry,True,0.99999964,0.99999964,5.779445e-09,3.313614e-08,1.4698387e-07,3.404886e-08,3.7378314e-08,3.442047e-08
6143,tess,YAF,YAF_live_disgust.wav,Disgust,221,Disgust,Disgust,True,0.99965525,0.00023880813,0.99965525,4.914127e-07,7.600762e-05,2.293376e-06,2.2504846e-05,4.6279247e-06
6159,tess,YAF,YAF_long_happy.wav,Happy,184,Happy,Happy,True,0.99999917,3.0177475e-07,1.48294e-08,8.134451e-08,0.99999917,1.5545598e-10,1.4069567e-09,3.220455e-07
6162,tess,YAF,YAF_long_sad.wav,Sad,220,Sad,Sad,True,0.99932075,2.8497507e-07,1.1668153e-06,3.882423e-05,7.847753e-05,0.00055987726,0.99932075,6.304157e-07
6168,tess,YAF,YAF_lore_ps.wav,Surprise,173,Surprise,Surprise,True,0.9999275,1.0580819e-07,1.5757061e-09,5.7454963e-05,1.4653467e-05,7.0052086e-10,2.8325385e-07,0.9999275
6170,tess,YAF,YAF_lose_angry.wav,Angry,231,Angry,Angry,True,0.9999981,0.9999981,7.2032535e-08,2.3028856e-07,3.37975e-08,5.597915e-09,3.2263537e-07,1.1767762e-06
6176,tess,YAF,YAF_lose_sad.wav,Sad,231,Sad,Sad,True,0.99992836,4.1581784e-06,8.26791e-06,5.4459e-06,4.0599066e-06,4.9326998e-05,0.99992836,3.2846359e-07
6179,tess,YAF,YAF_lot_fear.wav,Fear,144,Fear,Fear,True,0.9999833,4.6367163e-08,3.1984493e-09,0.9999833,1.2225363e-05,1.08218865e-08,2.5839423e-08,4.4176863e-06
6225,tess,YAF,YAF_mess_sad.wav,Sad,228,Sad,Sad,True,0.99977916,2.7211095e-06,1.4990878e-06,7.448907e-06,2.2084407e-05,0.00018571173,0.99977916,1.4395403e-06
6227,tess,YAF,YAF_met_disgust.wav,Disgust,241,Disgust,Disgust,True,0.9999883,3.7297775e-06,0.9999883,4.9949936e-08,2.409506e-06,1.8120238e-07,4.6855607e-06,5.773881e-07
6228,tess,YAF,YAF_met_fear.wav,Fear,141,Fear,Fear,True,0.99998033,3.867391e-08,2.9183287e-09,0.99998033,1.7898845e-05,3.5218974e-08,3.504014e-08,1.775716e-06
6234,tess,YAF,YAF_mill_disgust.wav,Disgust,228,Disgust,Disgust,True,0.99999475,3.0114857e-06,0.99999475,2.7423768e-09,2.0383727e-06,1.246894e-08,3.2435683e-08,1.9141682e-07
6239,tess,YAF,YAF_mill_sad.wav,Sad,212,Sad,Sad,True,0.9985721,1.1383871e-06,1.6795526e-06,1.1534869e-06,8.975294e-06,0.0014146531,0.9985721,2.464246e-07
6243,tess,YAF,YAF_mob_happy.wav,Happy,167,Happy,Happy,True,0.999992,3.3303715e-07,4.275825e-07,7.413442e-07,0.999992,1.0108077e-07,2.5488302e-07,6.2556796e-06
6244,tess,YAF,YAF_mob_neutral.wav,Neutral,209,Neutral,Neutral,True,0.9999999,2.482552e-10,1.6589938e-09,1.17297136e-11,1.0106262e-08,0.9999999,1.2252305e-07,1.0385184e-09
6246,tess,YAF,YAF_mob_sad.wav,Sad,231,Sad,Sad,True,0.99978346,1.3961135e-06,1.5824113e-06,5.139417e-06,1.4867412e-05,0.0001920438,0.99978346,1.5111056e-06
6247,tess,YAF,YAF_mode_angry.wav,Angry,193,Angry,Angry,True,0.99739826,0.99739826,2.6457053e-06,0.00033658431,0.0020456102,0.00012741573,6.8025365e-06,8.280393e-05
6253,tess,YAF,YAF_mode_sad.wav,Sad,218,Sad,Sad,True,0.99798584,6.125852e-06,1.5643694e-06,1.9353063e-06,3.6711357e-05,0.0019677272,0.99798584,7.986044e-08
6259,tess,YAF,YAF_mood_ps.wav,Surprise,177,Surprise,Surprise,True,0.9999993,7.547917e-08,1.4782685e-09,4.9954295e-08,4.3730662e-07,3.4054043e-08,1.2213705e-07,0.9999993
6265,tess,YAF,YAF_moon_neutral.wav,Neutral,192,Neutral,Neutral,True,0.9999676,2.034862e-08,4.371603e-08,1.3155498e-06,7.374954e-06,0.9999676,2.3582552e-05,9.862352e-08
6266,tess,YAF,YAF_moon_ps.wav,Surprise,209,Surprise,Surprise,True,0.9999937,4.3954267e-09,3.5845652e-08,1.0225982e-06,9.544917e-07,2.333342e-06,2.0002778e-06,0.9999937
6268,tess,YAF,YAF_mop_angry.wav,Angry,211,Angry,Angry,True,0.9999497,0.9999497,7.218887e-08,2.1310964e-06,2.5895665e-06,1.2288093e-05,5.7093223e-07,3.256876e-05
6276,tess,YAF,YAF_mouse_disgust.wav,Disgust,247,Disgust,Disgust,True,0.99929345,0.0005786608,0.99929345,2.3320085e-06,9.6188116e-05,5.472353e-06,2.3156366e-05,6.889264e-07
6282,tess,YAF,YAF_nag_angry.wav,Angry,205,Angry,Angry,True,0.99999654,0.99999654,7.161146e-08,1.2673326e-07,1.2503114e-06,1.701382e-08,5.9618225e-07,1.2521622e-06
6286,tess,YAF,YAF_nag_neutral.wav,Neutral,193,Neutral,Neutral,True,0.9999999,1.06154035e-11,2.2532662e-09,7.7836314e-11,1.6869104e-09,0.9999999,1.0340998e-07,3.5332798e-10
6295,tess,YAF,YAF_name_sad.wav,Sad,226,Sad,Sad,True,0.9991872,2.8267968e-07,2.2182062e-06,4.7939707e-06,3.4856486e-05,0.0007692298,0.9991872,1.4359053e-06
6297,tess,YAF,YAF_near_disgust.wav,Disgust,237,Disgust,Disgust,True,0.9999969,4.063607e-07,0.9999969,1.9237333e-10,3.8034696e-07,1.3474199e-08,2.3593286e-06,5.7221805e-10
6299,tess,YAF,YAF_near_happy.wav,Happy,174,Happy,Happy,True,0.99999857,2.4242857e-07,1.734777e-08,1.4489495e-07,0.99999857,3.4192764e-09,1.07289324e-07,1.0114744e-06
6302,tess,YAF,YAF_near_sad.wav,Sad,215,Sad,Sad,True,0.9998006,7.1645476e-09,3.6394988e-06,1.7275149e-06,0.00013986228,5.387715e-05,0.9998006,2.3081425e-07
6313,tess,YAF,YAF_nice_happy.wav,Happy,177,Happy,Happy,True,0.9999715,6.3879986e-07,6.982815e-09,8.504402e-06,0.9999715,4.9689734e-06,1.8686048e-07,1.4247193e-05
6315,tess,YAF,YAF_nice_ps.wav,Surprise,180,Surprise,Surprise,True,0.99999464,3.9840393e-07,1.2919138e-08,1.7626114e-06,1.0303738e-06,2.0138255e-06,1.2622182e-07,0.99999464
6317,tess,YAF,YAF_note_angry.wav,Angry,221,Angry,Angry,True,0.9999871,0.9999871,6.1502875e-10,5.395168e-07,2.603981e-07,4.7852584e-09,9.024794e-09,1.2004279e-05
6319,tess,YAF,YAF_note_fear.wav,Fear,167,Fear,Fear,True,0.99975234,2.0096766e-07,4.1871655e-08,0.99975234,5.6784356e-05,4.1060943e-07,2.40569e-07,0.00019004868
6320,tess,YAF,YAF_note_happy.wav,Happy,173,Happy,Happy,True,0.9999976,2.2978356e-06,3.2518397e-09,1.676901e-09,0.9999976,3.549016e-10,1.8535776e-09,1.1266549e-07
6322,tess,YAF,YAF_note_ps.wav,Surprise,172,Surprise,Surprise,True,0.9999896,4.178547e-07,3.4798166e-08,2.8506424e-06,6.2821796e-06,4.5562282e-07,3.6959196e-07,0.9999896
6334,tess,YAF,YAF_pad_happy.wav,Happy,167,Happy,Happy,True,0.99999976,3.5641957e-08,9.085115e-09,2.958588e-07,0.99999976,8.930847e-09,3.3288794e-09,4.7306983e-08
6343,tess,YAF,YAF_page_ps.wav,Surprise,223,Surprise,Surprise,True,0.9999993,6.2234577e-09,9.800964e-09,1.5784319e-07,4.7528476e-07,9.442318e-09,6.288876e-08,0.9999993
6346,tess,YAF,YAF_pain_disgust.wav,Disgust,254,Disgust,Disgust,True,0.9999782,5.0513017e-06,0.9999782,1.25929205e-08,1.167441e-05,1.7518998e-07,4.785305e-06,1.924482e-07
6353,tess,YAF,YAF_pass_disgust.wav,Disgust,263,Disgust,Disgust,True,0.9997793,0.00012649172,0.9997793,2.3582234e-06,4.6586945e-05,3.654671e-05,1.4549476e-06,7.2795956e-06
6356,tess,YAF,YAF_pass_neutral.wav,Neutral,223,Neutral,Neutral,True,0.9999914,6.6151664e-08,3.5156948e-08,8.35604e-08,2.609065e-06,0.9999914,5.4516636e-06,3.102375e-07
6359,tess,YAF,YAF_pearl_angry.wav,Angry,207,Angry,Angry,True,0.9999976,0.9999976,2.7242475e-09,5.8402946e-08,5.4055505e-07,8.556368e-09,5.0436904e-09,1.7150077e-06
6360,tess,YAF,YAF_pearl_disgust.wav,Disgust,249,Disgust,Disgust,True,0.9998379,3.6404246e-05,0.9998379,7.47697e-07,3.885558e-05,1.9063831e-05,6.570354e-05,1.3704781e-06
6383,tess,YAF,YAF_phone_happy.wav,Happy,192,Happy,Happy,True,0.99999857,4.919801e-11,1.6110474e-09,1.3764726e-06,0.99999857,1.4550214e-09,1.0396096e-08,3.3718948e-09
6389,tess,YAF,YAF_pick_fear.wav,Fear,170,Fear,Fear,True,0.9999658,7.209797e-08,2.2574698e-09,0.9999658,2.3881435e-05,8.57259e-10,3.0377112e-09,1.0254854e-05
6391,tess,YAF,YAF_pick_neutral.wav,Neutral,209,Neutral,Neutral,True,0.99998856,5.4069687e-08,1.4012756e-08,7.833284e-08,3.3777944e-06,0.99998856,7.5764606e-06,1.874895e-07
6395,tess,YAF,YAF_pike_disgust.wav,Disgust,231,Disgust,Disgust,True,0.99983346,3.963651e-05,0.99983346,9.20891e-09,7.926512e-05,3.461169e-05,1.2894108e-05,9.051544e-08
6398,tess,YAF,YAF_pike_neutral.wav,Neutral,221,Neutral,Neutral,True,0.99999905,1.0317934e-08,9.559161e-09,1.4528433e-08,1.623255e-07,0.99999905,7.5860504e-07,4.232205e-08
6403,tess,YAF,YAF_pole_fear.wav,Fear,170,Fear,Fear,True,0.9999833,1.0742673e-07,5.072909e-09,0.9999833,8.364536e-06,1.544407e-10,3.0109124e-09,8.179317e-06
6405,tess,YAF,YAF_pole_neutral.wav,Neutral,212,Neutral,Neutral,True,0.9999567,2.3898622e-07,5.302515e-07,7.479086e-07,6.264844e-06,0.9999567,2.2461669e-05,1.3135315e-05
6407,tess,YAF,YAF_pole_sad.wav,Sad,215,Sad,Sad,True,0.99993503,4.3047057e-06,2.261873e-06,3.7087339e-06,2.5430486e-06,5.1349518e-05,0.99993503,6.796584e-07
6415,tess,YAF,YAF_puff_angry.wav,Angry,167,Angry,Angry,True,0.99999976,0.99999976,3.8024153e-10,1.991777e-08,5.8631986e-08,7.5429805e-09,4.4508958e-10,1.7054462e-07
6421,tess,YAF,YAF_puff_sad.wav,Sad,177,Sad,Sad,True,0.96001345,0.017567387,1.9281352e-07,0.0013615598,0.0011000017,0.01990902,0.96001345,4.8390957e-05
6423,tess,YAF,YAF_rag_disgust.wav,Disgust,231,Disgust,Disgust,True,0.99997497,1.878279e-05,0.99997497,7.3731683e-09,4.891055e-07,2.4738108e-07,4.576867e-06,8.410977e-07
6449,tess,YAF,YAF_raise_sad.wav,Sad,247,Sad,Sad,True,0.9999951,1.2589693e-07,1.3353518e-06,2.220406e-06,8.0168905e-07,3.7775297e-07,0.9999951,5.11461e-09
6455,tess,YAF,YAF_rat_ps.wav,Surprise,173,Surprise,Surprise,True,0.99995565,3.2566066e-07,3.315009e-09,1.6705628e-05,2.4932198e-05,2.6709367e-07,2.1169521e-06,0.99995565
6472,tess,YAF,YAF_red_disgust.wav,Disgust,225,Disgust,Disgust,True,0.99996674,1.4480229e-06,0.99996674,2.1771609e-08,2.8798295e-05,1.0741368e-07,1.0029913e-06,1.8811936e-06
6480,tess,YAF,YAF_ring_fear.wav,Fear,164,Fear,Fear,True,0.99999976,3.854498e-08,9.659785e-10,0.99999976,1.3275495e-07,2.7442744e-09,7.3056846e-08,9.7481745e-08
6508,tess,YAF,YAF_rose_fear.wav,Fear,167,Fear,Fear,True,0.99999917,3.0927959e-07,2.140142e-09,0.99999917,3.2467133e-07,2.2446352e-08,9.295041e-09,9.040964e-08
6525,tess,YAF,YAF_rough_ps.wav,Surprise,173,Surprise,Surprise,True,0.9999987,1.238108e-06,1.7403928e-10,3.365908e-08,2.9334952e-09,1.5834711e-09,2.683057e-10,0.9999987
6526,tess,YAF,YAF_rough_sad.wav,Sad,215,Sad,Sad,True,0.9954668,2.2892752e-06,6.2789405e-07,0.0005263825,0.000111854504,0.0038794195,0.9954668,1.2528251e-05
6527,tess,YAF,YAF_rush_angry.wav,Angry,225,Angry,Angry,True,0.99999094,0.99999094,6.145545e-08,3.5368157e-06,3.1267416e-07,1.2760756e-07,2.2627407e-07,4.8142497e-06
6528,tess,YAF,YAF_rush_disgust.wav,Disgust,266,Disgust,Disgust,True,0.9999567,9.000262e-06,0.9999567,1.3069894e-06,5.719867e-06,1.5310202e-06,3.368596e-06,2.2311175e-05
6530,tess,YAF,YAF_rush_happy.wav,Happy,196,Happy,Happy,True,0.99995804,3.3348465e-06,1.5180453e-07,2.1047872e-05,0.99995804,8.148349e-06,2.7401404e-07,8.963979e-06
6532,tess,YAF,YAF_rush_ps.wav,Surprise,187,Surprise,Surprise,True,0.9999782,4.8086775e-08,6.706265e-09,1.0240077e-05,1.12977905e-05,1.3991246e-08,2.7924057e-07,0.9999782
6533,tess,YAF,YAF_rush_sad.wav,Sad,237,Sad,Sad,True,0.9998995,4.5562715e-06,4.8252823e-06,6.8050695e-06,7.468538e-05,4.3844616e-06,0.9998995,5.2900677e-06
6542,tess,YAF,YAF_sail_disgust.wav,Disgust,247,Disgust,Disgust,True,0.99987733,1.7295228e-05,0.99987733,1.3607506e-07,2.9378962e-05,9.093946e-07,7.4749994e-05,1.6440481e-07
6543,tess,YAF,YAF_sail_fear.wav,Fear,164,Fear,Fear,True,0.9999993,1.7066706e-07,8.1863405e-09,0.9999993,1.126386e-07,2.1411142e-09,5.045645e-08,3.2733735e-07
6552,tess,YAF,YAF_search_neutral.wav,Neutral,209,Neutral,Neutral,True,0.99977976,4.2371055e-05,7.540671e-06,4.062564e-06,0.000109248525,0.99977976,1.6539725e-05,4.0362942e-05
6566,tess,YAF,YAF_sell_neutral.wav,Neutral,177,Neutral,Neutral,True,0.9999994,1.415938e-09,1.8350285e-09,1.3579206e-09,1.3073979e-08,0.9999994,5.680635e-07,9.136648e-10
6571,tess,YAF,YAF_shack_fear.wav,Fear,167,Fear,Fear,True,0.9999943,6.8736716e-07,2.804558e-08,0.9999943,4.4410517e-06,6.422305e-08,5.777477e-08,5.2789494e-07
6587,tess,YAF,YAF_shawl_neutral.wav,Neutral,225,Neutral,Neutral,True,0.9999393,1.9957238e-06,7.4292698e-06,8.46509e-07,1.2826316e-06,0.9999393,4.8101905e-05,1.0092773e-06
6588,tess,YAF,YAF_shawl_ps.wav,Surprise,185,Surprise,Surprise,True,0.9999988,2.4582118e-07,3.6708339e-09,8.2351235e-08,9.041285e-07,2.2170667e-08,1.696509e-08,0.9999988
6606,tess,YAF,YAF_should_fear.wav,Fear,164,Fear,Fear,True,0.99999,7.6259753e-06,3.6942065e-08,0.99999,1.6090968e-06,4.0258335e-08,6.700108e-08,6.8693896e-07
6615,tess,YAF,YAF_shout_neutral.wav,Neutral,192,Neutral,Neutral,True,0.99996305,2.1818505e-06,8.906228e-09,1.0043214e-07,3.4158864e-05,0.99996305,2.6034067e-07,1.8516567e-07
6620,tess,YAF,YAF_size_fear.wav,Fear,132,Fear,Fear,True,0.99998534,6.430252e-08,2.4166047e-10,0.99998534,8.862068e-06,9.09034e-09,2.0860955e-09,5.7447023e-06
6631,tess,YAF,YAF_soap_sad.wav,Sad,206,Sad,Sad,True,0.99915886,3.3007003e-05,2.55475e-06,0.00032442904,1.0672156e-05,0.000452257,0.99915886,1.827354e-05
6639,tess,YAF,YAF_sour_angry.wav,Angry,209,Angry,Angry,True,0.999997,0.999997,1.6392557e-08,8.7692763e-07,2.9803599e-07,4.9835315e-08,4.9501757e-08,1.6741383e-06
6640,tess,YAF,YAF_sour_disgust.wav,Disgust,257,Disgust,Disgust,True,0.9991505,0.00083092425,0.9991505,1.8393036e-08,2.6162104e-06,5.3906746e-07,1.5049954e-05,4.2875368e-07
6643,tess,YAF,YAF_sour_neutral.wav,Neutral,197,Neutral,Neutral,True,0.9999993,2.6191943e-08,9.332904e-08,3.962796e-09,2.2267122e-07,0.9999993,3.4117937e-07,1.8883638e-08
6661,tess,YAF,YAF_such_disgust.wav,Disgust,247,Disgust,Disgust,True,0.998108,0.001390109,0.998108,7.502347e-06,5.0565202e-05,0.0003577247,3.5990357e-05,5.011642e-05
6664,tess,YAF,YAF_such_neutral.wav,Neutral,200,Neutral,Neutral,True,0.99999607,2.1061443e-07,1.6030586e-09,5.1644157e-08,2.789431e-06,0.99999607,7.564919e-07,1.4662312e-07
6668,tess,YAF,YAF_sure_disgust.wav,Disgust,228,Disgust,Disgust,True,0.99997604,2.1777191e-06,0.99997604,4.0225516e-09,1.836143e-05,3.373827e-08,3.2750602e-06,8.949106e-08
6687,tess,YAF,YAF_talk_sad.wav,Sad,209,Sad,Sad,True,0.9999435,4.6557903e-07,1.0268438e-06,2.1743976e-05,1.4583534e-05,1.7006618e-05,0.9999435,1.7004776e-06
6700,tess,YAF,YAF_team_ps.wav,Surprise,185,Surprise,Surprise,True,0.99999547,3.5117301e-07,2.6686524e-09,3.0948422e-06,7.665337e-07,2.6916203e-07,8.41872e-08,0.99999547
6705,tess,YAF,YAF_tell_happy.wav,Happy,176,Happy,Happy,True,0.99999774,2.5538816e-07,1.0269019e-07,1.6551844e-06,0.99999774,2.880207e-09,7.8710826e-08,1.4732097e-07
6709,tess,YAF,YAF_thin_angry.wav,Angry,221,Angry,Angry,True,0.99999654,0.99999654,1.2357024e-08,6.1006017e-07,1.5415818e-06,2.0661003e-07,1.6836343e-07,9.039359e-07
6710,tess,YAF,YAF_thin_disgust.wav,Disgust,253,Disgust,Disgust,True,0.99998736,8.8309844e-07,0.99998736,2.4074158e-08,2.1010253e-06,1.0865804e-07,9.482874e-06,5.1540482e-08
6711,tess,YAF,YAF_thin_fear.wav,Fear,162,Fear,Fear,True,0.9999896,4.3144432e-06,5.999433e-08,0.9999896,2.4535507e-06,3.299007e-08,4.235086e-07,3.014312e-06
6716,tess,YAF,YAF_third_angry.wav,Angry,209,Angry,Angry,True,0.99846953,0.99846953,0.0014704367,4.6170183e-07,8.156994e-06,1.1499229e-06,4.9808787e-05,5.0779505e-07
6718,tess,YAF,YAF_third_fear.wav,Fear,163,Fear,Fear,True,0.9999454,6.0612737e-09,4.6038945e-10,0.9999454,3.5341043e-05,6.654033e-10,3.8883723e-08,1.9219906e-05
6719,tess,YAF,YAF_third_happy.wav,Happy,178,Happy,Happy,True,0.9999857,1.3986381e-09,2.3908364e-09,1.32963805e-05,0.9999857,1.828226e-07,5.8007834e-07,1.7362134e-07
6723,tess,YAF,YAF_thought_angry.wav,Angry,209,Angry,Angry,True,0.9999975,0.9999975,2.7736434e-08,3.6801217e-07,1.5919767e-06,5.0585385e-08,1.4824031e-08,5.4744095e-07
6724,tess,YAF,YAF_thought_disgust.wav,Disgust,244,Disgust,Disgust,True,0.9999865,6.212554e-06,0.9999865,7.761909e-08,3.7680868e-06,1.3628664e-06,8.2019676e-07,1.2357008e-06
6730,tess,YAF,YAF_thumb_angry.wav,Angry,202,Angry,Angry,True,0.99992704,0.99992704,3.7459407e-07,3.3440901e-06,1.0957365e-05,3.939548e-05,1.5317034e-06,1.7358287e-05
6734,tess,YAF,YAF_thumb_neutral.wav,Neutral,199,Neutral,Neutral,True,0.99999726,8.3592016e-07,2.7222221e-08,8.096122e-09,7.5538975e-07,0.99999726,1.0958893e-06,2.968428e-08
6760,tess,YAF,YAF_ton_fear.wav,Fear,177,Fear,Fear,True,0.9999957,8.452886e-07,1.025782e-07,0.9999957,2.183156e-06,1.1107749e-08,4.4670858e-07,7.4578105e-07
6771,tess,YAF,YAF_tool_sad.wav,Sad,218,Sad,Sad,True,0.99966943,3.2576065e-07,7.7151634e-07,9.9614945e-06,5.6420373e-05,0.00026295436,0.99966943,7.271663e-08
6777,tess,YAF,YAF_tough_ps.wav,Surprise,205,Surprise,Surprise,True,0.99999833,1.0381133e-08,1.4895203e-09,1.0510282e-07,1.5996667e-06,5.288438e-09,3.3344108e-08,0.99999833
6782,tess,YAF,YAF_turn_happy.wav,Happy,164,Happy,Happy,True,0.99999976,3.1019944e-08,8.485542e-09,1.4987589e-07,0.99999976,2.2448496e-09,4.9290163e-09,1.11458945e-07
6795,tess,YAF,YAF_voice_fear.wav,Fear,164,Fear,Fear,True,1.0,8.767689e-09,7.307445e-11,1.0,4.0979465e-08,1.0936473e-10,1.9323555e-10,1.3305125e-08
6798,tess,YAF,YAF_voice_ps.wav,Surprise,177,Surprise,Surprise,True,0.9999908,1.96239e-06,7.61606e-10,3.2966682e-06,3.8751186e-06,8.455206e-09,2.3940794e-09,0.9999908
6815,tess,YAF,YAF_wag_disgust.wav,Disgust,250,Disgust,Disgust,True,0.99996805,3.1198673e-05,0.99996805,5.406618e-09,4.3108645e-07,1.3942566e-08,1.7325901e-07,9.41105e-08
6818,tess,YAF,YAF_wag_neutral.wav,Neutral,210,Neutral,Neutral,True,0.9999987,8.634699e-08,1.2896226e-07,1.4832307e-08,5.8058482e-08,0.9999987,7.978517e-07,2.1839591e-07
6833,tess,YAF,YAF_wash_ps.wav,Surprise,196,Surprise,Surprise,True,0.99999154,7.585252e-08,4.20503e-09,4.3738105e-06,3.9310175e-06,1.1862739e-08,1.2762261e-07,0.99999154
6857,tess,YAF,YAF_which_disgust.wav,Disgust,244,Disgust,Disgust,True,0.9995535,1.8138635e-05,0.9995535,1.7930133e-05,4.2078656e-05,0.00012685185,2.864599e-05,0.00021287131
6859,tess,YAF,YAF_which_happy.wav,Happy,177,Happy,Happy,True,0.9997211,4.570653e-05,2.9909054e-07,0.00016092473,0.9997211,1.1019664e-05,8.330734e-06,5.2596857e-05
6862,tess,YAF,YAF_which_sad.wav,Sad,231,Sad,Sad,True,0.9993211,0.000102090235,3.455997e-06,1.7568702e-05,7.633397e-05,0.00047428173,0.9993211,5.220102e-06
6869,tess,YAF,YAF_whip_sad.wav,Sad,221,Sad,Sad,True,0.9993038,1.0189208e-06,2.4726788e-07,0.00013106319,2.3642398e-05,0.00053814857,0.9993038,2.1651715e-06
6874,tess,YAF,YAF_white_neutral.wav,Neutral,209,Neutral,Neutral,True,0.9999962,2.0341663e-07,5.1936357e-08,1.1812023e-07,6.0352033e-07,0.9999962,2.5961604e-06,2.026553e-07
6881,tess,YAF,YAF_wife_neutral.wav,Neutral,170,Neutral,Neutral,True,0.99988997,1.8038949e-06,4.7911154e-08,1.8342813e-06,9.1392714e-05,0.99988997,1.3637768e-05,1.3607737e-06
6886,tess,YAF,YAF_wire_fear.wav,Fear,157,Fear,Fear,True,0.99999905,9.138149e-09,2.5840788e-10,0.99999905,8.7553303e-07,2.2414381e-09,5.8923173e-09,8.5555364e-08
6890,tess,YAF,YAF_wire_sad.wav,Sad,237,Sad,Sad,True,0.99998844,2.1058268e-07,7.766696e-07,3.4297975e-07,3.2891737e-06,6.776776e-06,0.99998844,7.845768e-08
6907,tess,YAF,YAF_yes_fear.wav,Fear,154,Fear,Fear,True,0.9999994,4.5178328e-09,7.7117546e-10,0.9999994,5.2174596e-07,1.4187441e-09,3.82218e-09,1.2388098e-07
6912,tess,YAF,YAF_young_angry.wav,Angry,211,Angry,Angry,True,0.99999964,0.99999964,1.3657863e-09,1.4452195e-07,3.539164e-08,2.29497e-09,2.4986528e-08,1.1412627e-07
