dataset,filename,filepath,speaker,raw_label,emotion,sample_rate,duration
ravdess,03-01-01-01-01-01-01.wav,ravdess/Audio_Speech_Actors_01-24_16k/Actor_01/03-01-01-01-01-01-01.wav,01,01,Neutral,16000,1.376
ravdess,03-01-01-01-01-02-01.wav,ravdess/Audio_Speech_Actors_01-24_16k/Actor_01/03-01-01-01-01-02-01.wav,01,01,Neutral,16000,1.376
ravdess,03-01-01-01-02-01-01.wav,ravdess/Audio_Speech_Actors_01-24_16k/Actor_01/03-01-01-01-02-01-01.wav,01,01,Neutral,16000,1.344
ravdess,03-01-01-01-02-02-01.wav,ravdess/Audio_Speech_Actors_01-24_16k/Actor_01/03-01-01-01-02-02-01.wav,01,01,Neutral,16000,1.28
ravdess,03-01-03-01-01-01-01.wav,ravdess/Audio_Speech_Actors_01-24_16k/Actor_01/03-01-03-01-01-01-01.wav,01,03,Happy,16000,1.6
ravdess,03-01-03-01-01-02-01.wav,ravdess/Audio_Speech_Actors_01-24_16k/Actor_01/03-01-03-01-01-02-01.wav,01,03,Happy,16000,1.792
ravdess,03-01-03-01-02-01-01.wav,ravdess/Audio_Speech_Actors_01-24_16k/Actor_01/03-01-03-01-02-01-01.wav,01,03,Happy,16000,1.568
ravdess,03-01-03-01-02-02-01.wav,ravdess/Audio_Speech_Actors_01-24_16k/Actor_01/03-01-03-01-02-02-01.wav,01,03,Happy,16000,1.792
ravdess,03-01-03-02-01-01-01.wav,ravdess/Audio_Speech_Actors_01-24_16k/Actor_01/03-01-03-02-01-01-01.wav,01,03,Happy,16000,1.696
ravdess,03-01-03-02-01-02-01.wav,ravdess/Audio_Speech_Actors_01-24_16k/Actor_01/03-01-03-02-01-02-01.wav,01,03,Happy,16000,1.888
ravdess,03-01-03-02-02-01-01.wav,ravdess/Audio_Speech_Actors_01-24_16k/Actor_01/03-01-03-02-02-01-01.wav,01,03,Happy,16000,1.984
ravdess,03-01-03-02-02-02-01.wav,ravdess/Audio_Speech_Actors_01-24_16k/Actor_01/03-01-03-02-02-02-01.wav,01,03,Happy,16000,2.016
ravdess,03-01-04-01-01-01-01.wav,ravdess/Audio_Speech_Actors_01-24_16k/Actor_01/03-01-04-01-01-01-01.wav,01,04,Sad,16000,1.856
ravdess,03-01-04-01-01-02-01.wav,ravdess/Audio_Speech_Actors_01-24_16k/Actor_01/03-01-04-01-01-02-01.wav,01,04,Sad,16000,1.664
ravdess,03-01-04-01-02-01-01.wav,ravdess/Audio_Speech_Actors_01-24_16k/Actor_01/03-01-04-01-02-01-01.wav,01,04,Sad,16000,1.536
ravdess,03-01-04-01-02-02-01.wav,ravdess/Audio_Speech_Actors_01-24_16k/Actor_01/03-01-04-01-02-02-01.wav,01,04,Sad,16000,1.472
ravdess,03-01-04-02-01-01-01.wav,ravdess/Audio_Speech_Actors_01-24_16k/Actor_01/03-01-04-02-01-01-01.wav,01,04,Sad,16000,1.888
ravdess,03-01-04-02-01-02-01.wav,ravdess/Audio_Speech_Actors_01-24_16k/Actor_01/03-01-04-02-01-02-01.wav,01,04,Sad,16000,1.728
ravdess,03-01-04-02-02-01-01.wav,ravdess/Audio_Speech_Actors_01-24_16k/Actor_01/03-01-04-02-02-01-01.wav,01,04,Sad,16000,1.792
ravdess,03-01-04-02-02-02-01.wav,ravdess/Audio_Speech_Actors_01-24_16k/Actor_01/03-01-04-02-02-02-01.wav,01,04,Sad,16000,1.792
ravdess,03-01-05-01-01-01-01.wav,ravdess/Audio_Speech_Actors_01-24_16k/Actor_01/03-01-05-01-01-01-01.wav,01,05,Angry,16000,1.92
ravdess,03-01-05-01-01-02-01.wav,ravdess/Audio_Speech_Actors_01-24_16k/Actor_01/03-01-05-01-01-02-01.wav,01,05,Angry,16000,2.048
ravdess,03-01-05-01-02-01-01.wav,ravdess/Audio_Speech_Actors_01-24_16k/Actor_01/03-01-05-01-02-01-01.wav,01,05,Angry,16000,1.568
ravdess,03-01-05-01-02-02-01.wav,ravdess/Audio_Speech_Actors_01-24_16k/Actor_01/03-01-05-01-02-02-01.wav,01,05,Angry,16000,1.792
ravdess,03-01-05-02-01-01-01.wav,ravdess/Audio_Speech_Actors_01-24_16k/Actor_01/03-01-05-02-01-01-01.wav,01,05,Angry,16000,2.08
ravdess,03-01-05-02-01-02-01.wav,ravdess/Audio_Speech_Actors_01-24_16k/Actor_01/03-01-05-02-01-02-01.wav,01,05,Angry,16000,3.2
ravdess,03-01-05-02-02-01-01.wav,ravdess/Audio_Speech_Actors_01-24_16k/Actor_01/03-01-05-02-02-01-01.wav,01,05,Angry,16000,2.112
ravdess,03-01-05-02-02-02-01.wav,ravdess/Audio_Speech_Actors_01-24_16k/Actor_01/03-01-05-02-02-02-01.wav,01,05,Angry,16000,2.4
ravdess,03-01-06-01-01-01-01.wav,ravdess/Audio_Speech_Actors_01-24_16k/Actor_01/03-01-06-01-01-01-01.wav,01,06,Fear,16000,1.728
ravdess,03-01-06-01-01-02-01.wav,ravdess/Audio_Speech_Actors_01-24_16k/Actor_01/03-01-06-01-01-02-01.wav,01,06,Fear,16000,1.76
ravdess,03-01-06-01-02-01-01.wav,ravdess/Audio_Speech_Actors_01-24_16k/Actor_01/03-01-06-01-02-01-01.wav,01,06,Fear,16000,3.4048125
ravdess,03-01-06-01-02-02-01.wav,ravdess/Audio_Speech_Actors_01-24_16k/Actor_01/03-01-06-01-02-02-01.wav,01,06,Fear,16000,1.952
ravdess,03-01-06-02-01-01-01.wav,ravdess/Audio_Speech_Actors_01-24_16k/Actor_01/03-01-06-02-01-01-01.wav,01,06,Fear,16000,2.88
ravdess,03-01-06-02-01-02-01.wav,ravdess/Audio_Speech_Actors_01-24_16k/Actor_01/03-01-06-02-01-02-01.wav,01,06,Fear,16000,2.304
ravdess,03-01-06-02-02-01-01.wav,ravdess/Audio_Speech_Actors_01-24_16k/Actor_01/03-01-06-02-02-01-01.wav,01,06,Fear,16000,1.824
ravdess,03-01-06-02-02-02-01.wav,ravdess/Audio_Speech_Actors_01-24_16k/Actor_01/03-01-06-02-02-02-01.wav,01,06,Fear,16000,1.824
ravdess,03-01-07-01-01-01-01.wav,ravdess/Audio_Speech_Actors_01-24_16k/Actor_01/03-01-07-01-01-01-01.wav,01,07,Disgust,16000,2.048
ravdess,03-01-07-01-01-02-01.wav,ravdess/Audio_Speech_Actors_01-24_16k/Actor_01/03-01-07-01-01-02-01.wav,01,07,Disgust,16000,2.016
ravdess,03-01-07-01-02-01-01.wav,ravdess/Audio_Speech_Actors_01-24_16k/Actor_01/03-01-07-01-02-01-01.wav,01,07,Disgust,16000,2.016
ravdess,03-01-07-01-02-02-01.wav,ravdess/Audio_Speech_Actors_01-24_16k/Actor_01/03-01-07-01-02-02-01.wav,01,07,Disgust,16000,1.92
ravdess,03-01-07-02-01-01-01.wav,ravdess/Audio_Speech_Actors_01-24_16k/Actor_01/03-01-07-02-01-01-01.wav,01,07,Disgust,16000,2.336
ravdess,03-01-07-02-01-02-01.wav,ravdess/Audio_Speech_Actors_01-24_16k/Actor_01/03-01-07-02-01-02-01.wav,01,07,Disgust,16000,2.08
ravdess,03-01-07-02-02-01-01.wav,ravdess/Audio_Speech_Actors_01-24_16k/Actor_01/03-01-07-02-02-01-01.wav,01,07,Disgust,16000,2.432
ravdess,03-01-07-02-02-02-01.wav,ravdess/Audio_Speech_Actors_01-24_16k/Actor_01/03-01-07-02-02-02-01.wav,01,07,Disgust,16000,2.368
ravdess,03-01-08-01-01-01-01.wav,ravdess/Audio_Speech_Actors_01-24_16k/Actor_01/03-01-08-01-01-01-01.wav,01,08,Surprise,16000,1.472
ravdess,03-01-08-01-01-02-01.wav,ravdess/Audio_Speech_Actors_01-24_16k/Actor_01/03-01-08-01-01-02-01.wav,01,08,Surprise,16000,1.344
ravdess,03-01-08-01-02-01-01.wav,ravdess/Audio_Speech_Actors_01-24_16k/Actor_01/03-01-08-01-02-01-01.wav,01,08,Surprise,16000,1.6
ravdess,03-01-08-01-02-02-01.wav,ravdess/Audio_Speech_Actors_01-24_16k/Actor_01/03-01-08-01-02-02-01.wav,01,08,Surprise,16000,1.408
ravdess,03-01-08-02-01-01-01.wav,ravdess/Audio_Speech_Actors_01-24_16k/Actor_01/03-01-08-02-01-01-01.wav,01,08,Surprise,16000,1.472
ravdess,03-01-08-02-01-02-01.wav,ravdess/Audio_Speech_Actors_01-24_16k/Actor_01/03-01-08-02-01-02-01.wav,01,08,Surprise,16000,1.632
ravdess,03-01-08-02-02-01-01.wav,ravdess/Audio_Speech_Actors_01-24_16k/Actor_01/03-01-08-02-02-01-01.wav,01,08,Surprise,16000,1.6
ravdess,03-01-08-02-02-02-01.wav,ravdess/Audio_Speech_Actors_01-24_16k/Actor_01/03-01-08-02-02-02-01.wav,01,08,Surprise,16000,1.344
ravdess,03-01-01-01-01-01-02.wav,ravdess/Audio_Speech_Actors_01-24_16k/Actor_02/03-01-01-01-01-01-02.wav,02,01,Neutral,16000,1.696
ravdess,03-01-01-01-01-02-02.wav,ravdess/Audio_Speech_Actors_01-24_16k/Actor_02/03-01-01-01-01-02-02.wav,02,01,Neutral,16000,1.696
ravdess,03-01-01-01-02-01-02.wav,ravdess/Audio_Speech_Actors_01-24_16k/Actor_02/03-01-01-01-02-01-02.wav,02,01,Neutral,16000,1.792
ravdess,03-01-01-01-02-02-02.wav,ravdess/Audio_Speech_Actors_01-24_16k/Actor_02/03-01-01-01-02-02-02.wav,02,01,Neutral,16000,1.664
ravdess,03-01-03-01-01-01-02.wav,ravdess/Audio_Speech_Actors_01-24_16k/Actor_02/03-01-03-01-01-01-02.wav,02,03,Happy,16000,1.632
ravdess,03-01-03-01-01-02-02.wav,ravdess/Audio_Speech_Actors_01-24_16k/Actor_02/03-01-03-01-01-02-02.wav,02,03,Happy,16000,1.76
ravdess,03-01-03-01-02-01-02.wav,ravdess/Audio_Speech_Actors_01-24_16k/Actor_02/03-01-03-01-02-01-02.wav,02,03,Happy,16000,1.824
ravdess,03-01-03-01-02-02-02.wav,ravdess/Audio_Speech_Actors_01-24_16k/Actor_02/03-01-03-01-02-02-02.wav,02,03,Happy,16000,1.792
ravdess,03-01-03-02-01-01-02.wav,ravdess/Audio_Speech_Actors_01-24_16k/Actor_02/03-01-03-02-01-01-02.wav,02,03,Happy,16000,1.632
ravdess,03-01-03-02-01-02-02.wav,ravdess/Audio_Speech_Actors_01-24_16k/Actor_02/03-01-03-02-01-02-02.wav,02,03,Happy,16000,1.664
ravdess,03-01-03-02-02-01-02.wav,ravdess/Audio_Speech_Actors_01-24_16k/Actor_02/03-01-03-02-02-01-02.wav,02,03,Happy,16000,1.728
ravdess,03-01-03-02-02-02-02.wav,ravdess/Audio_Speech_Actors_01-24_16k/Actor_02/03-01-03-02-02-02-02.wav,02,03,Happy,16000,1.888
ravdess,03-01-04-01-01-01-02.wav,ravdess/Audio_Speech_Actors_01-24_16k/Actor_02/03-01-04-01-01-01-02.wav,02,04,Sad,16000,1.92
ravdess,03-01-04-01-01-02-02.wav,ravdess/Audio_Speech_Actors_01-24_16k/Actor_02/03-01-04-01-01-02-02.wav,02,04,Sad,16000,1.856
ravdess,03-01-04-01-02-01-02.wav,ravdess/Audio_Speech_Actors_01-24_16k/Actor_02/03-01-04-01-02-01-02.wav,02,04,Sad,16000,1.792
ravdess,03-01-04-01-02-02-02.wav,ravdess/Audio_Speech_Actors_01-24_16k/Actor_02/03-01-04-01-02-02-02.wav,02,04,Sad,16000,1.856
ravdess,03-01-04-02-01-01-02.wav,ravdess/Audio_Speech_Actors_01-24_16k/Actor_02/03-01-04-02-01-01-02.wav,02,04,Sad,16000,1.728
ravdess,03-01-04-02-01-02-02.wav,ravdess/Audio_Speech_Actors_01-24_16k/Actor_02/03-01-04-02-01-02-02.wav,02,04,Sad,16000,1.856
ravdess,03-01-04-02-02-01-02.wav,ravdess/Audio_Speech_Actors_01-24_16k/Actor_02/03-01-04-02-02-01-02.wav,02,04,Sad,16000,1.76
ravdess,03-01-04-02-02-02-02.wav,ravdess/Audio_Speech_Actors_01-24_16k/Actor_02/03-01-04-02-02-02-02.wav,02,04,Sad,16000,1.76
ravdess,03-01-05-01-01-01-02.wav,ravdess/Audio_Speech_Actors_01-24_16k/Actor_02/03-01-05-01-01-01-02.wav,02,05,Angry,16000,1.728
ravdess,03-01-05-01-01-02-02.wav,ravdess/Audio_Speech_Actors_01-24_16k/Actor_02/03-01-05-01-01-02-02.wav,02,05,Angry,16000,1.952
ravdess,03-01-05-01-02-01-02.wav,ravdess/Audio_Speech_Actors_01-24_16k/Actor_02/03-01-05-01-02-01-02.wav,02,05,Angry,16000,1.856
ravdess,03-01-05-01-02-02-02.wav,ravdess/Audio_Speech_Actors_01-24_16k/Actor_02/03-01-05-01-02-02-02.wav,02,05,Angry,16000,1.856
ravdess,03-01-05-02-01-01-02.wav,ravdess/Audio_Speech_Actors_01-24_16k/Actor_02/03-01-05-02-01-01-02.wav,02,05,Angry,16000,1.92
ravdess,03-01-05-02-01-02-02.wav,ravdess/Audio_Speech_Actors_01-24_16k/Actor_02/03-01-05-02-01-02-02.wav,02,05,Angry,16000,1.984
ravdess,03-01-05-02-02-01-02.wav,ravdess/Audio_Speech_Actors_01-24_16k/Actor_02/03-01-05-02-02-01-02.wav,02,05,Angry,16000,1.952
ravdess,03-01-05-02-02-02-02.wav,ravdess/Audio_Speech_Actors_01-24_16k/Actor_02/03-01-05-02-02-02-02.wav,02,05,Angry,16000,2.048
ravdess,03-01-06-01-01-01-02.wav,ravdess/Audio_Speech_Actors_01-24_16k/Actor_02/03-01-06-01-01-01-02.wav,02,06,Fear,16000,1.696
ravdess,03-01-06-01-01-02-02.wav,ravdess/Audio_Speech_Actors_01-24_16k/Actor_02/03-01-06-01-01-02-02.wav,02,06,Fear,16000,1.76
ravdess,03-01-06-01-02-01-02.wav,ravdess/Audio_Speech_Actors_01-24_16k/Actor_02/03-01-06-01-02-01-02.wav,02,06,Fear,16000,1.76
ravdess,03-01-06-01-02-02-02.wav,ravdess/Audio_Speech_Actors_01-24_16k/Actor_02/03-01-06-01-02-02-02.wav,02,06,Fear,16000,1.792
ravdess,03-01-06-02-01-01-02.wav,ravdess/Audio_Speech_Actors_01-24_16k/Actor_02/03-01-06-02-01-01-02.wav,02,06,Fear,16000,1.76
ravdess,03-01-06-02-01-02-02.wav,ravdess/Audio_Speech_Actors_01-24_16k/Actor_02/03-01-06-02-01-02-02.wav,02,06,Fear,16000,1.632
ravdess,03-01-06-02-02-01-02.wav,ravdess/Audio_Speech_Actors_01-24_16k/Actor_02/03-01-06-02-02-01-02.wav,02,06,Fear,16000,1.6
ravdess,03-01-06-02-02-02-02.wav,ravdess/Audio_Speech_Actors_01-24_16k/Actor_02/03-01-06-02-02-02-02.wav,02,06,Fear,16000,1.6
ravdess,03-01-07-01-01-01-02.wav,ravdess/Audio_Speech_Actors_01-24_16k/Actor_02/03-01-07-01-01-01-02.wav,02,07,Disgust,16000,1.856
ravdess,03-01-07-01-01-02-02.wav,ravdess/Audio_Speech_Actors_01-24_16k/Actor_02/03-01-07-01-01-02-02.wav,02,07,Disgust,16000,1.728
ravdess,03-01-07-01-02-01-02.wav,ravdess/Audio_Speech_Actors_01-24_16k/Actor_02/03-01-07-01-02-01-02.wav,02,07,Disgust,16000,1.984
ravdess,03-01-07-01-02-02-02.wav,ravdess/Audio_Speech_Actors_01-24_16k/Actor_02/03-01-07-01-02-02-02.wav,02,07,Disgust,16000,1.888
ravdess,03-01-07-02-01-01-02.wav,ravdess/Audio_Speech_Actors_01-24_16k/Actor_02/03-01-07-02-01-01-02.wav,02,07,Disgust,16000,2.208
ravdess,03-01-07-02-01-02-02.wav,ravdess/Audio_Speech_Actors_01-24_16k/Actor_02/03-01-07-02-01-02-02.wav,02,07,Disgust,16000,2.08
ravdess,03-01-07-02-02-01-02.wav,ravdess/Audio_Speech_Actors_01-24_16k/Actor_02/03-01-07-02-02-01-02.wav,02,07,Disgust,16000,2.112
ravdess,03-01-07-02-02-02-02.wav,ravdess/Audio_Speech_Actors_01-24_16k/Actor_02/03-01-07-02-02-02-02.wav,02,07,Disgust,16000,2.08
ravdess,03-01-08-01-01-01-02.wav,ravdess/Audio_Speech_Actors_01-24_16k/Actor_02/03-01-08-01-01-01-02.wav,02,08,Surprise,16000,1.536
ravdess,03-01-08-01-01-02-02.wav,ravdess/Audio_Speech_Actors_01-24_16k/Actor_02/03-01-08-01-01-02-02.wav,02,08,Surprise,16000,1.632
ravdess,03-01-08-01-02-01-02.wav,ravdess/Audio_Speech_Actors_01-24_16k/Actor_02/03-01-08-01-02-01-02.wav,02,08,Surprise,16000,1.632
ravdess,03-01-08-01-02-02-02.wav,ravdess/Audio_Speech_Actors_01-24_16k/Actor_02/03-01-08-01-02-02-02.wav,02,08,Surprise,16000,1.6
ravdess,03-01-08-02-01-01-02.wav,ravdess/Audio_Speech_Actors_01-24_16k/Actor_02/03-01-08-02-01-01-02.wav,02,08,Surprise,16000,1.792
ravdess,03-01-08-02-01-02-02.wav,ravdess/Audio_Speech_Actors_01-24_16k/Actor_02/03-01-08-02-01-02-02.wav,02,08,Surprise,16000,1.824
ravdess,03-01-08-02-02-01-02.wav,ravdess/Audio_Speech_Actors_01-24_16k/Actor_02/03-01-08-02-02-01-02.wav,02,08,Surprise,16000,1.792
ravdess,03-01-08-02-02-02-02.wav,ravdess/Audio_Speech_Actors_01-24_16k/Actor_02/03-01-08-02-02-02-02.wav,02,08,Surprise,16000,1.856
ravdess,03-01-01-01-01-01-03.wav,ravdess/Audio_Speech_Actors_01-24_16k/Actor_03/03-01-01-01-01-01-03.wav,03,01,Neutral,16000,1.568
ravdess,03-01-01-01-01-02-03.wav,ravdess/Audio_Speech_Actors_01-24_16k/Actor_03/03-01-01-01-01-02-03.wav,03,01,Neutral,16000,1.632
ravdess,03-01-01-01-02-01-03.wav,ravdess/Audio_Speech_Actors_01-24_16k/Actor_03/03-01-01-01-02-01-03.wav,03,01,Neutral,16000,1.632
ravdess,03-01-01-01-02-02-03.wav,ravdess/Audio_Speech_Actors_01-24_16k/Actor_03/03-01-01-01-02-02-03.wav,03,01,Neutral,16000,1.568
ravdess,03-01-03-01-01-01-03.wav,ravdess/Audio_Speech_Actors_01-24_16k/Actor_03/03-01-03-01-01-01-03.wav,03,03,Happy,16000,1.888
ravdess,03-01-03-01-01-02-03.wav,ravdess/Audio_Speech_Actors_01-24_16k/Actor_03/03-01-03-01-01-02-03.wav,03,03,Happy,16000,1.824
ravdess,03-01-03-01-02-01-03.wav,ravdess/Audio_Speech_Actors_01-24_16k/Actor_03/03-01-03-01-02-01-03.wav,03,03,Happy,16000,1.696
ravdess,03-01-03-01-02-02-03.wav,ravdess/Audio_Speech_Actors_01-24_16k/Actor_03/03-01-03-01-02-02-03.wav,03,03,Happy,16000,1.664
ravdess,03-01-03-02-01-01-03.wav,ravdess/Audio_Speech_Actors_01-24_16k/Actor_03/03-01-03-02-01-01-03.wav,03,03,Happy,16000,2.4
ravdess,03-01-03-02-01-02-03.wav,ravdess/Audio_Speech_Actors_01-24_16k/Actor_03/03-01-03-02-01-02-03.wav,03,03,Happy,16000,2.528
ravdess,03-01-03-02-02-01-03.wav,ravdess/Audio_Speech_Actors_01-24_16k/Actor_03/03-01-03-02-02-01-03.wav,03,03,Happy,16000,2.848
ravdess,03-01-03-02-02-02-03.wav,ravdess/Audio_Speech_Actors_01-24_16k/Actor_03/03-01-03-02-02-02-03.wav,03,03,Happy,16000,2.272
ravdess,03-01-04-01-01-01-03.wav,ravdess/Audio_Speech_Actors_01-24_16k/Actor_03/03-01-04-01-01-01-03.wav,03,04,Sad,16000,1.888
ravdess,03-01-04-01-01-02-03.wav,ravdess/Audio_Speech_Actors_01-24_16k/Actor_03/03-01-04-01-01-02-03.wav,03,04,Sad,16000,2.592
ravdess,03-01-04-01-02-01-03.wav,ravdess/Audio_Speech_Actors_01-24_16k/Actor_03/03-01-04-01-02-01-03.wav,03,04,Sad,16000,2.336
ravdess,03-01-04-01-02-02-03.wav,ravdess/Audio_Speech_Actors_01-24_16k/Actor_03/03-01-04-01-02-02-03.wav,03,04,Sad,16000,2.464
ravdess,03-01-04-02-01-01-03.wav,ravdess/Audio_Speech_Actors_01-24_16k/Actor_03/03-01-04-02-01-01-03.wav,03,04,Sad,16000,2.592
ravdess,03-01-04-02-01-02-03.wav,ravdess/Audio_Speech_Actors_01-24_16k/Actor_03/03-01-04-02-01-02-03.wav,03,04,Sad,16000,2.848
ravdess,03-01-04-02-02-01-03.wav,ravdess/Audio_Speech_Actors_01-24_16k/Actor_03/03-01-04-02-02-01-03.wav,03,04,Sad,16000,3.214125
ravdess,03-01-04-02-02-02-03.wav,ravdess/Audio_Speech_Actors_01-24_16k/Actor_03/03-01-04-02-02-02-03.wav,03,04,Sad,16000,2.592
ravdess,03-01-05-01-01-01-03.wav,ravdess/Audio_Speech_Actors_01-24_16k/Actor_03/03-01-05-01-01-01-03.wav,03,05,Angry,16000,2.112
ravdess,03-01-05-01-01-02-03.wav,ravdess/Audio_Speech_Actors_01-24_16k/Actor_03/03-01-05-01-01-02-03.wav,03,05,Angry,16000,2.176
ravdess,03-01-05-01-02-01-03.wav,ravdess/Audio_Speech_Actors_01-24_16k/Actor_03/03-01-05-01-02-01-03.wav,03,05,Angry,16000,1.984
ravdess,03-01-05-01-02-02-03.wav,ravdess/Audio_Speech_Actors_01-24_16k/Actor_03/03-01-05-01-02-02-03.wav,03,05,Angry,16000,2.8771875
ravdess,03-01-05-02-01-01-03.wav,ravdess/Audio_Speech_Actors_01-24_16k/Actor_03/03-01-05-02-01-01-03.wav,03,05,Angry,16000,2.496
ravdess,03-01-05-02-01-02-03.wav,ravdess/Audio_Speech_Actors_01-24_16k/Actor_03/03-01-05-02-01-02-03.wav,03,05,Angry,16000,2.528
ravdess,03-01-05-02-02-01-03.wav,ravdess/Audio_Speech_Actors_01-24_16k/Actor_03/03-01-05-02-02-01-03.wav,03,05,Angry,16000,2.368
ravdess,03-01-05-02-02-02-03.wav,ravdess/Audio_Speech_Actors_01-24_16k/Actor_03/03-01-05-02-02-02-03.wav,03,05,Angry,16000,2.656
ravdess,03-01-06-01-01-01-03.wav,ravdess/Audio_Speech_Actors_01-24_16k/Actor_03/03-01-06-01-01-01-03.wav,03,06,Fear,16000,2.176
ravdess,03-01-06-01-01-02-03.wav,ravdess/Audio_Speech_Actors_01-24_16k/Actor_03/03-01-06-01-01-02-03.wav,03,06,Fear,16000,2.24
ravdess,03-01-06-01-02-01-03.wav,ravdess/Audio_Speech_Actors_01-24_16k/Actor_03/03-01-06-01-02-01-03.wav,03,06,Fear,16000,1.664
ravdess,03-01-06-01-02-02-03.wav,ravdess/Audio_Speech_Actors_01-24_16k/Actor_03/03-01-06-01-02-02-03.wav,03,06,Fear,16000,2.08
ravdess,03-01-06-02-01-01-03.wav,ravdess/Audio_Speech_Actors_01-24_16k/Actor_03/03-01-06-02-01-01-03.wav,03,06,Fear,16000,2.88
ravdess,03-01-06-02-01-02-03.wav,ravdess/Audio_Speech_Actors_01-24_16k/Actor_03/03-01-06-02-01-02-03.wav,03,06,Fear,16000,2.592
ravdess,03-01-06-02-02-01-03.wav,ravdess/Audio_Speech_Actors_01-24_16k/Actor_03/03-01-06-02-02-01-03.wav,03,06,Fear,16000,2.016
ravdess,03-01-06-02-02-02-03.wav,ravdess/Audio_Speech_Actors_01-24_16k/Actor_03/03-01-06-02-02-02-03.wav,03,06,Fear,16000,2.56
ravdess,03-01-07-01-01-01-03.wav,ravdess/Audio_Speech_Actors_01-24_16k/Actor_03/03-01-07-01-01-01-03.wav,03,07,Disgust,16000,3.296
ravdess,03-01-07-01-01-02-03.wav,ravdess/Audio_Speech_Actors_01-24_16k/Actor_03/03-01-07-01-01-02-03.wav,03,07,Disgust,16000,2.112
ravdess,03-01-07-01-02-01-03.wav,ravdess/Audio_Speech_Actors_01-24_16k/Actor_03/03-01-07-01-02-01-03.wav,03,07,Disgust,16000,1.92
ravdess,03-01-07-01-02-02-03.wav,ravdess/Audio_Speech_Actors_01-24_16k/Actor_03/03-01-07-01-02-02-03.wav,03,07,Disgust,16000,2.144
ravdess,03-01-07-02-01-01-03.wav,ravdess/Audio_Speech_Actors_01-24_16k/Actor_03/03-01-07-02-01-01-03.wav,03,07,Disgust,16000,2.496
ravdess,03-01-07-02-01-02-03.wav,ravdess/Audio_Speech_Actors_01-24_16k/Actor_03/03-01-07-02-01-02-03.wav,03,07,Disgust,16000,3.616
ravdess,03-01-07-02-02-01-03.wav,ravdess/Audio_Speech_Actors_01-24_16k/Actor_03/03-01-07-02-02-01-03.wav,03,07,Disgust,16000,3.072
ravdess,03-01-07-02-02-02-03.wav,ravdess/Audio_Speech_Actors_01-24_16k/Actor_03/03-01-07-02-02-02-03.wav,03,07,Disgust,16000,2.624
ravdess,03-01-08-01-01-01-03.wav,ravdess/Audio_Speech_Actors_01-24_16k/Actor_03/03-01-08-01-01-01-03.wav,03,08,Surprise,16000,1.536
ravdess,03-01-08-01-01-02-03.wav,ravdess/Audio_Speech_Actors_01-24_16k/Actor_03/03-01-08-01-01-02-03.wav,03,08,Surprise,16000,1.6
ravdess,03-01-08-01-02-01-03.wav,ravdess/Audio_Speech_Actors_01-24_16k/Actor_03/03-01-08-01-02-01-03.wav,03,08,Surprise,16000,1.376
ravdess,03-01-08-01-02-02-03.wav,ravdess/Audio_Speech_Actors_01-24_16k/Actor_03/03-01-08-01-02-02-03.wav,03,08,Surprise,16000,1.76
ravdess,03-01-08-02-01-01-03.wav,ravdess/Audio_Speech_Actors_01-24_16k/Actor_03/03-01-08-02-01-01-03.wav,03,08,Surprise,16000,1.472
ravdess,03-01-08-02-01-02-03.wav,ravdess/Audio_Speech_Actors_01-24_16k/Actor_03/03-01-08-02-01-02-03.wav,03,08,Surprise,16000,1.728
ravdess,03-01-08-02-02-01-03.wav,ravdess/Audio_Speech_Actors_01-24_16k/Actor_03/03-01-08-02-02-01-03.wav,03,08,Surprise,16000,1.632
ravdess,03-01-08-02-02-02-03.wav,ravdess/Audio_Speech_Actors_01-24_16k/Actor_03/03-01-08-02-02-02-03.wav,03,08,Surprise,16000,1.376
ravdess,03-01-01-01-01-01-04.wav,ravdess/Audio_Speech_Actors_01-24_16k/Actor_04/03-01-01-01-01-01-04.wav,04,01,Neutral,16000,1.44
ravdess,03-01-01-01-01-02-04.wav,ravdess/Audio_Speech_Actors_01-24_16k/Actor_04/03-01-01-01-01-02-04.wav,04,01,Neutral,16000,1.472
ravdess,03-01-01-01-02-01-04.wav,ravdess/Audio_Speech_Actors_01-24_16k/Actor_04/03-01-01-01-02-01-04.wav,04,01,Neutral,16000,1.344
ravdess,03-01-01-01-02-02-04.wav,ravdess/Audio_Speech_Actors_01-24_16k/Actor_04/03-01-01-01-02-02-04.wav,04,01,Neutral,16000,1.312
ravdess,03-01-03-01-01-01-04.wav,ravdess/Audio_Speech_Actors_01-24_16k/Actor_04/03-01-03-01-01-01-04.wav,04,03,Happy,16000,1.6
ravdess,03-01-03-01-01-02-04.wav,ravdess/Audio_Speech_Actors_01-24_16k/Actor_04/03-01-03-01-01-02-04.wav,04,03,Happy,16000,1.6
ravdess,03-01-03-01-02-01-04.wav,ravdess/Audio_Speech_Actors_01-24_16k/Actor_04/03-01-03-01-02-01-04.wav,04,03,Happy,16000,1.6
ravdess,03-01-03-01-02-02-04.wav,ravdess/Audio_Speech_Actors_01-24_16k/Actor_04/03-01-03-01-02-02-04.wav,04,03,Happy,16000,1.536
ravdess,03-01-03-02-01-01-04.wav,ravdess/Audio_Speech_Actors_01-24_16k/Actor_04/03-01-03-02-01-01-04.wav,04,03,Happy,16000,1.888
ravdess,03-01-03-02-01-02-04.wav,ravdess/Audio_Speech_Actors_01-24_16k/Actor_04/03-01-03-02-01-02-04.wav,04,03,Happy,16000,1.6
ravdess,03-01-03-02-02-01-04.wav,ravdess/Audio_Speech_Actors_01-24_16k/Actor_04/03-01-03-02-02-01-04.wav,04,03,Happy,16000,1.664
ravdess,03-01-03-02-02-02-04.wav,ravdess/Audio_Speech_Actors_01-24_16k/Actor_04/03-01-03-02-02-02-04.wav,04,03,Happy,16000,1.792
ravdess,03-01-04-01-01-01-04.wav,ravdess/Audio_Speech_Actors_01-24_16k/Actor_04/03-01-04-01-01-01-04.wav,04,04,Sad,16000,1.504
ravdess,03-01-04-01-01-02-04.wav,ravdess/Audio_Speech_Actors_01-24_16k/Actor_04/03-01-04-01-01-02-04.wav,04,04,Sad,16000,1.504
ravdess,03-01-04-01-02-01-04.wav,ravdess/Audio_Speech_Actors_01-24_16k/Actor_04/03-01-04-01-02-01-04.wav,04,04,Sad,16000,1.536
ravdess,03-01-04-01-02-02-04.wav,ravdess/Audio_Speech_Actors_01-24_16k/Actor_04/03-01-04-01-02-02-04.wav,04,04,Sad,16000,1.568
ravdess,03-01-04-02-01-01-04.wav,ravdess/Audio_Speech_Actors_01-24_16k/Actor_04/03-01-04-02-01-01-04.wav,04,04,Sad,16000,1.728
ravdess,03-01-04-02-01-02-04.wav,ravdess/Audio_Speech_Actors_01-24_16k/Actor_04/03-01-04-02-01-02-04.wav,04,04,Sad,16000,1.76
ravdess,03-01-04-02-02-01-04.wav,ravdess/Audio_Speech_Actors_01-24_16k/Actor_04/03-01-04-02-02-01-04.wav,04,04,Sad,16000,1.824
ravdess,03-01-04-02-02-02-04.wav,ravdess/Audio_Speech_Actors_01-24_16k/Actor_04/03-01-04-02-02-02-04.wav,04,04,Sad,16000,2.08
ravdess,03-01-05-01-01-01-04.wav,ravdess/Audio_Speech_Actors_01-24_16k/Actor_04/03-01-05-01-01-01-04.wav,04,05,Angry,16000,1.76
ravdess,03-01-05-01-01-02-04.wav,ravdess/Audio_Speech_Actors_01-24_16k/Actor_04/03-01-05-01-01-02-04.wav,04,05,Angry,16000,1.632
ravdess,03-01-05-01-02-01-04.wav,ravdess/Audio_Speech_Actors_01-24_16k/Actor_04/03-01-05-01-02-01-04.wav,04,05,Angry,16000,1.536
ravdess,03-01-05-01-02-02-04.wav,ravdess/Audio_Speech_Actors_01-24_16k/Actor_04/03-01-05-01-02-02-04.wav,04,05,Angry,16000,1.824
ravdess,03-01-05-02-01-01-04.wav,ravdess/Audio_Speech_Actors_01-24_16k/Actor_04/03-01-05-02-01-01-04.wav,04,05,Angry,16000,1.728
ravdess,03-01-05-02-01-02-04.wav,ravdess/Audio_Speech_Actors_01-24_16k/Actor_04/03-01-05-02-01-02-04.wav,04,05,Angry,16000,1.856
ravdess,03-01-05-02-02-01-04.wav,ravdess/Audio_Speech_Actors_01-24_16k/Actor_04/03-01-05-02-02-01-04.wav,04,05,Angry,16000,1.728
ravdess,03-01-05-02-02-02-04.wav,ravdess/Audio_Speech_Actors_01-24_16k/Actor_04/03-01-05-02-02-02-04.wav,04,05,Angry,16000,1.888
ravdess,03-01-06-01-01-01-04.wav,ravdess/Audio_Speech_Actors_01-24_16k/Actor_04/03-01-06-01-01-01-04.wav,04,06,Fear,16000,1.376
ravdess,03-01-06-01-01-02-04.wav,ravdess/Audio_Speech_Actors_01-24_16k/Actor_04/03-01-06-01-01-02-04.wav,04,06,Fear,16000,1.504
ravdess,03-01-06-01-02-01-04.wav,ravdess/Audio_Speech_Actors_01-24_16k/Actor_04/03-01-06-01-02-01-04.wav,04,06,Fear,16000,1.472
ravdess,03-01-06-01-02-02-04.wav,ravdess/Audio_Speech_Actors_01-24_16k/Actor_04/03-01-06-01-02-02-04.wav,04,06,Fear,16000,1.472
ravdess,03-01-06-02-01-01-04.wav,ravdess/Audio_Speech_Actors_01-24_16k/Actor_04/03-01-06-02-01-01-04.wav,04,06,Fear,16000,2.176
ravdess,03-01-06-02-01-02-04.wav,ravdess/Audio_Speech_Actors_01-24_16k/Actor_04/03-01-06-02-01-02-04.wav,04,06,Fear,16000,1.408
ravdess,03-01-06-02-02-01-04.wav,ravdess/Audio_Speech_Actors_01-24_16k/Actor_04/03-01-06-02-02-01-04.wav,04,06,Fear,16000,1.568
ravdess,03-01-06-02-02-02-04.wav,ravdess/Audio_Speech_Actors_01-24_16k/Actor_04/03-01-06-02-02-02-04.wav,04,06,Fear,16000,1.568
ravdess,03-01-07-01-01-01-04.wav,ravdess/Audio_Speech_Actors_01-24_16k/Actor_04/03-01-07-01-01-01-04.wav,04,07,Disgust,16000,1.952
ravdess,03-01-07-01-01-02-04.wav,ravdess/Audio_Speech_Actors_01-24_16k/Actor_04/03-01-07-01-01-02-04.wav,04,07,Disgust,16000,1.952
ravdess,03-01-07-01-02-01-04.wav,ravdess/Audio_Speech_Actors_01-24_16k/Actor_04/03-01-07-01-02-01-04.wav,04,07,Disgust,16000,1.856
ravdess,03-01-07-01-02-02-04.wav,ravdess/Audio_Speech_Actors_01-24_16k/Actor_04/03-01-07-01-02-02-04.wav,04,07,Disgust,16000,1.824
ravdess,03-01-07-02-01-01-04.wav,ravdess/Audio_Speech_Actors_01-24_16k/Actor_04/03-01-07-02-01-01-04.wav,04,07,Disgust,16000,2.016
ravdess,03-01-07-02-01-02-04.wav,ravdess/Audio_Speech_Actors_01-24_16k/Actor_04/03-01-07-02-01-02-04.wav,04,07,Disgust,16000,2.016
ravdess,03-01-07-02-02-01-04.wav,ravdess/Audio_Speech_Actors_01-24_16k/Actor_04/03-01-07-02-02-01-04.wav,04,07,Disgust,16000,1.92
ravdess,03-01-07-02-02-02-04.wav,ravdess/Audio_Speech_Actors_01-24_16k/Actor_04/03-01-07-02-02-02-04.wav,04,07,Disgust,16000,2.176
ravdess,03-01-08-01-01-01-04.wav,ravdess/Audio_Speech_Actors_01-24_16k/Actor_04/03-01-08-01-01-01-04.wav,04,08,Surprise,16000,1.344
ravdess,03-01-08-01-01-02-04.wav,ravdess/Audio_Speech_Actors_01-24_16k/Actor_04/03-01-08-01-01-02-04.wav,04,08,Surprise,16000,1.44
ravdess,03-01-08-01-02-01-04.wav,ravdess/Audio_Speech_Actors_01-24_16k/Actor_04/03-01-08-01-02-01-04.wav,04,08,Surprise,16000,1.696
ravdess,03-01-08-01-02-02-04.wav,ravdess/Audio_Speech_Actors_01-24_16k/Actor_04/03-01-08-01-02-02-04.wav,04,08,Surprise,16000,1.472
ravdess,03-01-08-02-01-01-04.wav,ravdess/Audio_Speech_Actors_01-24_16k/Actor_04/03-01-08-02-01-01-04.wav,04,08,Surprise,16000,1.856
ravdess,03-01-08-02-01-02-04.wav,ravdess/Audio_Speech_Actors_01-24_16k/Actor_04/03-01-08-02-01-02-04.wav,04,08,Surprise,16000,1.6
ravdess,03-01-08-02-02-01-04.wav,ravdess/Audio_Speech_Actors_01-24_16k/Actor_04/03-01-08-02-02-01-04.wav,04,08,Surprise,16000,1.536
ravdess,03-01-08-02-02-02-04.wav,ravdess/Audio_Speech_Actors_01-24_16k/Actor_04/03-01-08-02-02-02-04.wav,04,08,Surprise,16000,1.632
ravdess,03-01-01-01-01-01-05.wav,ravdess/Audio_Speech_Actors_01-24_16k/Actor_05/03-01-01-01-01-01-05.wav,05,01,Neutral,16000,1.696
ravdess,03-01-01-01-01-02-05.wav,ravdess/Audio_Speech_Actors_01-24_16k/Actor_05/03-01-01-01-01-02-05.wav,05,01,Neutral,16000,1.76
ravdess,03-01-01-01-02-01-05.wav,ravdess/Audio_Speech_Actors_01-24_16k/Actor_05/03-01-01-01-02-01-05.wav,05,01,Neutral,16000,1.408
ravdess,03-01-01-01-02-02-05.wav,ravdess/Audio_Speech_Actors_01-24_16k/Actor_05/03-01-01-01-02-02-05.wav,05,01,Neutral,16000,1.632
ravdess,03-01-03-01-01-01-05.wav,ravdess/Audio_Speech_Actors_01-24_16k/Actor_05/03-01-03-01-01-01-05.wav,05,03,Happy,16000,2.144
ravdess,03-01-03-01-01-02-05.wav,ravdess/Audio_Speech_Actors_01-24_16k/Actor_05/03-01-03-01-01-02-05.wav,05,03,Happy,16000,1.536
ravdess,03-01-03-01-02-01-05.wav,ravdess/Audio_Speech_Actors_01-24_16k/Actor_05/03-01-03-01-02-01-05.wav,05,03,Happy,16000,1.472
ravdess,03-01-03-01-02-02-05.wav,ravdess/Audio_Speech_Actors_01-24_16k/Actor_05/03-01-03-01-02-02-05.wav,05,03,Happy,16000,2.048
ravdess,03-01-03-02-01-01-05.wav,ravdess/Audio_Speech_Actors_01-24_16k/Actor_05/03-01-03-02-01-01-05.wav,05,03,Happy,16000,2.368
ravdess,03-01-03-02-01-02-05.wav,ravdess/Audio_Speech_Actors_01-24_16k/Actor_05/03-01-03-02-01-02-05.wav,05,03,Happy,16000,2.08
ravdess,03-01-03-02-02-01-05.wav,ravdess/Audio_Speech_Actors_01-24_16k/Actor_05/03-01-03-02-02-01-05.wav,05,03,Happy,16000,1.984
ravdess,03-01-03-02-02-02-05.wav,ravdess/Audio_Speech_Actors_01-24_16k/Actor_05/03-01-03-02-02-02-05.wav,05,03,Happy,16000,1.6
ravdess,03-01-04-01-01-01-05.wav,ravdess/Audio_Speech_Actors_01-24_16k/Actor_05/03-01-04-01-01-01-05.wav,05,04,Sad,16000,2.112
ravdess,03-01-04-01-01-02-05.wav,ravdess/Audio_Speech_Actors_01-24_16k/Actor_05/03-01-04-01-01-02-05.wav,05,04,Sad,16000,1.888
ravdess,03-01-04-01-02-01-05.wav,ravdess/Audio_Speech_Actors_01-24_16k/Actor_05/03-01-04-01-02-01-05.wav,05,04,Sad,16000,1.952
ravdess,03-01-04-01-02-02-05.wav,ravdess/Audio_Speech_Actors_01-24_16k/Actor_05/03-01-04-01-02-02-05.wav,05,04,Sad,16000,2.624
ravdess,03-01-04-02-01-01-05.wav,ravdess/Audio_Speech_Actors_01-24_16k/Actor_05/03-01-04-02-01-01-05.wav,05,04,Sad,16000,1.728
ravdess,03-01-04-02-01-02-05.wav,ravdess/Audio_Speech_Actors_01-24_16k/Actor_05/03-01-04-02-01-02-05.wav,05,04,Sad,16000,1.472
ravdess,03-01-04-02-02-01-05.wav,ravdess/Audio_Speech_Actors_01-24_16k/Actor_05/03-01-04-02-02-01-05.wav,05,04,Sad,16000,1.408
ravdess,03-01-04-02-02-02-05.wav,ravdess/Audio_Speech_Actors_01-24_16k/Actor_05/03-01-04-02-02-02-05.wav,05,04,Sad,16000,1.28
ravdess,03-01-05-01-01-01-05.wav,ravdess/Audio_Speech_Actors_01-24_16k/Actor_05/03-01-05-01-01-01-05.wav,05,05,Angry,16000,2.016
ravdess,03-01-05-01-01-02-05.wav,ravdess/Audio_Speech_Actors_01-24_16k/Actor_05/03-01-05-01-01-02-05.wav,05,05,Angry,16000,1.952
ravdess,03-01-05-01-02-01-05.wav,ravdess/Audio_Speech_Actors_01-24_16k/Actor_05/03-01-05-01-02-01-05.wav,05,05,Angry,16000,2.432
ravdess,03-01-05-01-02-02-05.wav,ravdess/Audio_Speech_Actors_01-24_16k/Actor_05/03-01-05-01-02-02-05.wav,05,05,Angry,16000,2.528
ravdess,03-01-05-02-01-01-05.wav,ravdess/Audio_Speech_Actors_01-24_16k/Actor_05/03-01-05-02-01-01-05.wav,05,05,Angry,16000,1.6
ravdess,03-01-05-02-01-02-05.wav,ravdess/Audio_Speech_Actors_01-24_16k/Actor_05/03-01-05-02-01-02-05.wav,05,05,Angry,16000,1.696
ravdess,03-01-05-02-02-01-05.wav,ravdess/Audio_Speech_Actors_01-24_16k/Actor_05/03-01-05-02-02-01-05.wav,05,05,Angry,16000,1.696
ravdess,03-01-05-02-02-02-05.wav,ravdess/Audio_Speech_Actors_01-24_16k/Actor_05/03-01-05-02-02-02-05.wav,05,05,Angry,16000,1.696
ravdess,03-01-06-01-01-01-05.wav,ravdess/Audio_Speech_Actors_01-24_16k/Actor_05/03-01-06-01-01-01-05.wav,05,06,Fear,16000,1.408
ravdess,03-01-06-01-01-02-05.wav,ravdess/Audio_Speech_Actors_01-24_16k/Actor_05/03-01-06-01-01-02-05.wav,05,06,Fear,16000,1.536
ravdess,03-01-06-01-02-01-05.wav,ravdess/Audio_Speech_Actors_01-24_16k/Actor_05/03-01-06-01-02-01-05.wav,05,06,Fear,16000,1.312
ravdess,03-01-06-01-02-02-05.wav,ravdess/Audio_Speech_Actors_01-24_16k/Actor_05/03-01-06-01-02-02-05.wav,05,06,Fear,16000,1.216
ravdess,03-01-06-02-01-01-05.wav,ravdess/Audio_Speech_Actors_01-24_16k/Actor_05/03-01-06-02-01-01-05.wav,05,06,Fear,16000,1.44
ravdess,03-01-06-02-01-02-05.wav,ravdess/Audio_Speech_Actors_01-24_16k/Actor_05/03-01-06-02-01-02-05.wav,05,06,Fear,16000,1.792
ravdess,03-01-06-02-02-01-05.wav,ravdess/Audio_Speech_Actors_01-24_16k/Actor_05/03-01-06-02-02-01-05.wav,05,06,Fear,16000,1.408
ravdess,03-01-06-02-02-02-05.wav,ravdess/Audio_Speech_Actors_01-24_16k/Actor_05/03-01-06-02-02-02-05.wav,05,06,Fear,16000,1.728
ravdess,03-01-07-01-01-01-05.wav,ravdess/Audio_Speech_Actors_01-24_16k/Actor_05/03-01-07-01-01-01-05.wav,05,07,Disgust,16000,2.24
ravdess,03-01-07-01-01-02-05.wav,ravdess/Audio_Speech_Actors_01-24_16k/Actor_05/03-01-07-01-01-02-05.wav,05,07,Disgust,16000,2.144
ravdess,03-01-07-01-02-01-05.wav,ravdess/Audio_Speech_Actors_01-24_16k/Actor_05/03-01-07-01-02-01-05.wav,05,07,Disgust,16000,2.048
ravdess,03-01-07-01-02-02-05.wav,ravdess/Audio_Speech_Actors_01-24_16k/Actor_05/03-01-07-01-02-02-05.wav,05,07,Disgust,16000,1.728
ravdess,03-01-07-02-01-01-05.wav,ravdess/Audio_Speech_Actors_01-24_16k/Actor_05/03-01-07-02-01-01-05.wav,05,07,Disgust,16000,2.464
ravdess,03-01-07-02-01-02-05.wav,ravdess/Audio_Speech_Actors_01-24_16k/Actor_05/03-01-07-02-01-02-05.wav,05,07,Disgust,16000,2.048
ravdess,03-01-07-02-02-01-05.wav,ravdess/Audio_Speech_Actors_01-24_16k/Actor_05/03-01-07-02-02-01-05.wav,05,07,Disgust,16000,2.496
ravdess,03-01-07-02-02-02-05.wav,ravdess/Audio_Speech_Actors_01-24_16k/Actor_05/03-01-07-02-02-02-05.wav,05,07,Disgust,16000,3.296
ravdess,03-01-08-01-01-01-05.wav,ravdess/Audio_Speech_Actors_01-24_16k/Actor_05/03-01-08-01-01-01-05.wav,05,08,Surprise,16000,1.92
ravdess,03-01-08-01-01-02-05.wav,ravdess/Audio_Speech_Actors_01-24_16k/Actor_05/03-01-08-01-01-02-05.wav,05,08,Surprise,16000,1.888
ravdess,03-01-08-01-02-01-05.wav,ravdess/Audio_Speech_Actors_01-24_16k/Actor_05/03-01-08-01-02-01-05.wav,05,08,Surprise,16000,1.28
ravdess,03-01-08-01-02-02-05.wav,ravdess/Audio_Speech_Actors_01-24_16k/Actor_05/03-01-08-01-02-02-05.wav,05,08,Surprise,16000,1.888
ravdess,03-01-08-02-01-01-05.wav,ravdess/Audio_Speech_Actors_01-24_16k/Actor_05/03-01-08-02-01-01-05.wav,05,08,Surprise,16000,2.272
ravdess,03-01-08-02-01-02-05.wav,ravdess/Audio_Speech_Actors_01-24_16k/Actor_05/03-01-08-02-01-02-05.wav,05,08,Surprise,16000,2.304
ravdess,03-01-08-02-02-01-05.wav,ravdess/Audio_Speech_Actors_01-24_16k/Actor_05/03-01-08-02-02-01-05.wav,05,08,Surprise,16000,1.728
ravdess,03-01-08-02-02-02-05.wav,ravdess/Audio_Speech_Actors_01-24_16k/Actor_05/03-01-08-02-02-02-05.wav,05,08,Surprise,16000,1.952
ravdess,03-01-01-01-01-01-06.wav,ravdess/Audio_Speech_Actors_01-24_16k/Actor_06/03-01-01-01-01-01-06.wav,06,01,Neutral,16000,1.472
ravdess,03-01-01-01-01-02-06.wav,ravdess/Audio_Speech_Actors_01-24_16k/Actor_06/03-01-01-01-01-02-06.wav,06,01,Neutral,16000,1.792
ravdess,03-01-01-01-02-01-06.wav,ravdess/Audio_Speech_Actors_01-24_16k/Actor_06/03-01-01-01-02-01-06.wav,06,01,Neutral,16000,1.568
ravdess,03-01-01-01-02-02-06.wav,ravdess/Audio_Speech_Actors_01-24_16k/Actor_06/03-01-01-01-02-02-06.wav,06,01,Neutral,16000,1.6
ravdess,03-01-03-01-01-01-06.wav,ravdess/Audio_Speech_Actors_01-24_16k/Actor_06/03-01-03-01-01-01-06.wav,06,03,Happy,16000,1.792
ravdess,03-01-03-01-01-02-06.wav,ravdess/Audio_Speech_Actors_01-24_16k/Actor_06/03-01-03-01-01-02-06.wav,06,03,Happy,16000,2.016
ravdess,03-01-03-01-02-01-06.wav,ravdess/Audio_Speech_Actors_01-24_16k/Actor_06/03-01-03-01-02-01-06.wav,06,03,Happy,16000,1.632
ravdess,03-01-03-01-02-02-06.wav,ravdess/Audio_Speech_Actors_01-24_16k/Actor_06/03-01-03-01-02-02-06.wav,06,03,Happy,16000,1.6
ravdess,03-01-03-02-01-01-06.wav,ravdess/Audio_Speech_Actors_01-24_16k/Actor_06/03-01-03-02-01-01-06.wav,06,03,Happy,16000,1.952
ravdess,03-01-03-02-01-02-06.wav,ravdess/Audio_Speech_Actors_01-24_16k/Actor_06/03-01-03-02-01-02-06.wav,06,03,Happy,16000,1.952
ravdess,03-01-03-02-02-01-06.wav,ravdess/Audio_Speech_Actors_01-24_16k/Actor_06/03-01-03-02-02-01-06.wav,06,03,Happy,16000,1.856
ravdess,03-01-03-02-02-02-06.wav,ravdess/Audio_Speech_Actors_01-24_16k/Actor_06/03-01-03-02-02-02-06.wav,06,03,Happy,16000,1.76
ravdess,03-01-04-01-01-01-06.wav,ravdess/Audio_Speech_Actors_01-24_16k/Actor_06/03-01-04-01-01-01-06.wav,06,04,Sad,16000,1.824
ravdess,03-01-04-01-01-02-06.wav,ravdess/Audio_Speech_Actors_01-24_16k/Actor_06/03-01-04-01-01-02-06.wav,06,04,Sad,16000,2.336
ravdess,03-01-04-01-02-01-06.wav,ravdess/Audio_Speech_Actors_01-24_16k/Actor_06/03-01-04-01-02-01-06.wav,06,04,Sad,16000,1.696
ravdess,03-01-04-01-02-02-06.wav,ravdess/Audio_Speech_Actors_01-24_16k/Actor_06/03-01-04-01-02-02-06.wav,06,04,Sad,16000,1.696
ravdess,03-01-04-02-01-01-06.wav,ravdess/Audio_Speech_Actors_01-24_16k/Actor_06/03-01-04-02-01-01-06.wav,06,04,Sad,16000,2.784
ravdess,03-01-04-02-01-02-06.wav,ravdess/Audio_Speech_Actors_01-24_16k/Actor_06/03-01-04-02-01-02-06.wav,06,04,Sad,16000,3.328
ravdess,03-01-04-02-02-01-06.wav,ravdess/Audio_Speech_Actors_01-24_16k/Actor_06/03-01-04-02-02-01-06.wav,06,04,Sad,16000,3.104
ravdess,03-01-04-02-02-02-06.wav,ravdess/Audio_Speech_Actors_01-24_16k/Actor_06/03-01-04-02-02-02-06.wav,06,04,Sad,16000,2.912
ravdess,03-01-05-01-01-01-06.wav,ravdess/Audio_Speech_Actors_01-24_16k/Actor_06/03-01-05-01-01-01-06.wav,06,05,Angry,16000,1.888
ravdess,03-01-05-01-01-02-06.wav,ravdess/Audio_Speech_Actors_01-24_16k/Actor_06/03-01-05-01-01-02-06.wav,06,05,Angry,16000,2.304
ravdess,03-01-05-01-02-01-06.wav,ravdess/Audio_Speech_Actors_01-24_16k/Actor_06/03-01-05-01-02-01-06.wav,06,05,Angry,16000,2.336
ravdess,03-01-05-01-02-02-06.wav,ravdess/Audio_Speech_Actors_01-24_16k/Actor_06/03-01-05-01-02-02-06.wav,06,05,Angry,16000,2.08
ravdess,03-01-05-02-01-01-06.wav,ravdess/Audio_Speech_Actors_01-24_16k/Actor_06/03-01-05-02-01-01-06.wav,06,05,Angry,16000,2.208
ravdess,03-01-05-02-01-02-06.wav,ravdess/Audio_Speech_Actors_01-24_16k/Actor_06/03-01-05-02-01-02-06.wav,06,05,Angry,16000,2.304
ravdess,03-01-05-02-02-01-06.wav,ravdess/Audio_Speech_Actors_01-24_16k/Actor_06/03-01-05-02-02-01-06.wav,06,05,Angry,16000,2.592
ravdess,03-01-05-02-02-02-06.wav,ravdess/Audio_Speech_Actors_01-24_16k/Actor_06/03-01-05-02-02-02-06.wav,06,05,Angry,16000,2.56
ravdess,03-01-06-01-01-01-06.wav,ravdess/Audio_Speech_Actors_01-24_16k/Actor_06/03-01-06-01-01-01-06.wav,06,06,Fear,16000,1.888
ravdess,03-01-06-01-01-02-06.wav,ravdess/Audio_Speech_Actors_01-24_16k/Actor_06/03-01-06-01-01-02-06.wav,06,06,Fear,16000,1.696
ravdess,03-01-06-01-02-01-06.wav,ravdess/Audio_Speech_Actors_01-24_16k/Actor_06/03-01-06-01-02-01-06.wav,06,06,Fear,16000,1.792
ravdess,03-01-06-01-02-02-06.wav,ravdess/Audio_Speech_Actors_01-24_16k/Actor_06/03-01-06-01-02-02-06.wav,06,06,Fear,16000,1.76
ravdess,03-01-06-02-01-01-06.wav,ravdess/Audio_Speech_Actors_01-24_16k/Actor_06/03-01-06-02-01-01-06.wav,06,06,Fear,16000,1.824
ravdess,03-01-06-02-01-02-06.wav,ravdess/Audio_Speech_Actors_01-24_16k/Actor_06/03-01-06-02-01-02-06.wav,06,06,Fear,16000,2.048
ravdess,03-01-06-02-02-01-06.wav,ravdess/Audio_Speech_Actors_01-24_16k/Actor_06/03-01-06-02-02-01-06.wav,06,06,Fear,16000,1.888
ravdess,03-01-06-02-02-02-06.wav,ravdess/Audio_Speech_Actors_01-24_16k/Actor_06/03-01-06-02-02-02-06.wav,06,06,Fear,16000,1.92
ravdess,03-01-07-01-01-01-06.wav,ravdess/Audio_Speech_Actors_01-24_16k/Actor_06/03-01-07-01-01-01-06.wav,06,07,Disgust,16000,2.464
ravdess,03-01-07-01-01-02-06.wav,ravdess/Audio_Speech_Actors_01-24_16k/Actor_06/03-01-07-01-01-02-06.wav,06,07,Disgust,16000,2.464
ravdess,03-01-07-01-02-01-06.wav,ravdess/Audio_Speech_Actors_01-24_16k/Actor_06/03-01-07-01-02-01-06.wav,06,07,Disgust,16000,1.92
ravdess,03-01-07-01-02-02-06.wav,ravdess/Audio_Speech_Actors_01-24_16k/Actor_06/03-01-07-01-02-02-06.wav,06,07,Disgust,16000,2.336
ravdess,03-01-07-02-01-01-06.wav,ravdess/Audio_Speech_Actors_01-24_16k/Actor_06/03-01-07-02-01-01-06.wav,06,07,Disgust,16000,2.432
ravdess,03-01-07-02-01-02-06.wav,ravdess/Audio_Speech_Actors_01-24_16k/Actor_06/03-01-07-02-01-02-06.wav,06,07,Disgust,16000,2.08
ravdess,03-01-07-02-02-01-06.wav,ravdess/Audio_Speech_Actors_01-24_16k/Actor_06/03-01-07-02-02-01-06.wav,06,07,Disgust,16000,2.208
ravdess,03-01-07-02-02-02-06.wav,ravdess/Audio_Speech_Actors_01-24_16k/Actor_06/03-01-07-02-02-02-06.wav,06,07,Disgust,16000,2.72
ravdess,03-01-08-01-01-01-06.wav,ravdess/Audio_Speech_Actors_01-24_16k/Actor_06/03-01-08-01-01-01-06.wav,06,08,Surprise,16000,1.472
ravdess,03-01-08-01-01-02-06.wav,ravdess/Audio_Speech_Actors_01-24_16k/Actor_06/03-01-08-01-01-02-06.wav,06,08,Surprise,16000,1.376
ravdess,03-01-08-01-02-01-06.wav,ravdess/Audio_Speech_Actors_01-24_16k/Actor_06/03-01-08-01-02-01-06.wav,06,08,Surprise,16000,1.408
ravdess,03-01-08-01-02-02-06.wav,ravdess/Audio_Speech_Actors_01-24_16k/Actor_06/03-01-08-01-02-02-06.wav,06,08,Surprise,16000,1.408
ravdess,03-01-08-02-01-01-06.wav,ravdess/Audio_Speech_Actors_01-24_16k/Actor_06/03-01-08-02-01-01-06.wav,06,08,Surprise,16000,1.856
ravdess,03-01-08-02-01-02-06.wav,ravdess/Audio_Speech_Actors_01-24_16k/Actor_06/03-01-08-02-01-02-06.wav,06,08,Surprise,16000,1.536
ravdess,03-01-08-02-02-01-06.wav,ravdess/Audio_Speech_Actors_01-24_16k/Actor_06/03-01-08-02-02-01-06.wav,06,08,Surprise,16000,1.536
ravdess,03-01-08-02-02-02-06.wav,ravdess/Audio_Speech_Actors_01-24_16k/Actor_06/03-01-08-02-02-02-06.wav,06,08,Surprise,16000,1.472
ravdess,03-01-01-01-01-01-07.wav,ravdess/Audio_Speech_Actors_01-24_16k/Actor_07/03-01-01-01-01-01-07.wav,07,01,Neutral,16000,2.08
ravdess,03-01-01-01-01-02-07.wav,ravdess/Audio_Speech_Actors_01-24_16k/Actor_07/03-01-01-01-01-02-07.wav,07,01,Neutral,16000,2.016
ravdess,03-01-01-01-02-01-07.wav,ravdess/Audio_Speech_Actors_01-24_16k/Actor_07/03-01-01-01-02-01-07.wav,07,01,Neutral,16000,2.048
ravdess,03-01-01-01-02-02-07.wav,ravdess/Audio_Speech_Actors_01-24_16k/Actor_07/03-01-01-01-02-02-07.wav,07,01,Neutral,16000,2.016
ravdess,03-01-03-01-01-01-07.wav,ravdess/Audio_Speech_Actors_01-24_16k/Actor_07/03-01-03-01-01-01-07.wav,07,03,Happy,16000,1.728
ravdess,03-01-03-01-01-02-07.wav,ravdess/Audio_Speech_Actors_01-24_16k/Actor_07/03-01-03-01-01-02-07.wav,07,03,Happy,16000,1.696
ravdess,03-01-03-01-02-01-07.wav,ravdess/Audio_Speech_Actors_01-24_16k/Actor_07/03-01-03-01-02-01-07.wav,07,03,Happy,16000,1.568
ravdess,03-01-03-01-02-02-07.wav,ravdess/Audio_Speech_Actors_01-24_16k/Actor_07/03-01-03-01-02-02-07.wav,07,03,Happy,16000,1.568
ravdess,03-01-03-02-01-01-07.wav,ravdess/Audio_Speech_Actors_01-24_16k/Actor_07/03-01-03-02-01-01-07.wav,07,03,Happy,16000,2.848
ravdess,03-01-03-02-01-02-07.wav,ravdess/Audio_Speech_Actors_01-24_16k/Actor_07/03-01-03-02-01-02-07.wav,07,03,Happy,16000,2.368
ravdess,03-01-03-02-02-01-07.wav,ravdess/Audio_Speech_Actors_01-24_16k/Actor_07/03-01-03-02-02-01-07.wav,07,03,Happy,16000,2.88
ravdess,03-01-03-02-02-02-07.wav,ravdess/Audio_Speech_Actors_01-24_16k/Actor_07/03-01-03-02-02-02-07.wav,07,03,Happy,16000,2.304
ravdess,03-01-04-01-01-01-07.wav,ravdess/Audio_Speech_Actors_01-24_16k/Actor_07/03-01-04-01-01-01-07.wav,07,04,Sad,16000,1.696
ravdess,03-01-04-01-01-02-07.wav,ravdess/Audio_Speech_Actors_01-24_16k/Actor_07/03-01-04-01-01-02-07.wav,07,04,Sad,16000,1.728
ravdess,03-01-04-01-02-01-07.wav,ravdess/Audio_Speech_Actors_01-24_16k/Actor_07/03-01-04-01-02-01-07.wav,07,04,Sad,16000,1.76
ravdess,03-01-04-01-02-02-07.wav,ravdess/Audio_Speech_Actors_01-24_16k/Actor_07/03-01-04-01-02-02-07.wav,07,04,Sad,16000,2.048
ravdess,03-01-04-02-01-01-07.wav,ravdess/Audio_Speech_Actors_01-24_16k/Actor_07/03-01-04-02-01-01-07.wav,07,04,Sad,16000,2.496
ravdess,03-01-04-02-01-02-07.wav,ravdess/Audio_Speech_Actors_01-24_16k/Actor_07/03-01-04-02-01-02-07.wav,07,04,Sad,16000,2.8771875
ravdess,03-01-04-02-02-01-07.wav,ravdess/Audio_Speech_Actors_01-24_16k/Actor_07/03-01-04-02-02-01-07.wav,07,04,Sad,16000,2.677
ravdess,03-01-04-02-02-02-07.wav,ravdess/Audio_Speech_Actors_01-24_16k/Actor_07/03-01-04-02-02-02-07.wav,07,04,Sad,16000,1.984
ravdess,03-01-05-01-01-01-07.wav,ravdess/Audio_Speech_Actors_01-24_16k/Actor_07/03-01-05-01-01-01-07.wav,07,05,Angry,16000,2.144
ravdess,03-01-05-01-01-02-07.wav,ravdess/Audio_Speech_Actors_01-24_16k/Actor_07/03-01-05-01-01-02-07.wav,07,05,Angry,16000,2.144
ravdess,03-01-05-01-02-01-07.wav,ravdess/Audio_Speech_Actors_01-24_16k/Actor_07/03-01-05-01-02-01-07.wav,07,05,Angry,16000,2.144
ravdess,03-01-05-01-02-02-07.wav,ravdess/Audio_Speech_Actors_01-24_16k/Actor_07/03-01-05-01-02-02-07.wav,07,05,Angry,16000,2.144
ravdess,03-01-05-02-01-01-07.wav,ravdess/Audio_Speech_Actors_01-24_16k/Actor_07/03-01-05-02-01-01-07.wav,07,05,Angry,16000,1.696
ravdess,03-01-05-02-01-02-07.wav,ravdess/Audio_Speech_Actors_01-24_16k/Actor_07/03-01-05-02-01-02-07.wav,07,05,Angry,16000,2.112
ravdess,03-01-05-02-02-01-07.wav,ravdess/Audio_Speech_Actors_01-24_16k/Actor_07/03-01-05-02-02-01-07.wav,07,05,Angry,16000,1.92
ravdess,03-01-05-02-02-02-07.wav,ravdess/Audio_Speech_Actors_01-24_16k/Actor_07/03-01-05-02-02-02-07.wav,07,05,Angry,16000,2.432
ravdess,03-01-06-01-01-01-07.wav,ravdess/Audio_Speech_Actors_01-24_16k/Actor_07/03-01-06-01-01-01-07.wav,07,06,Fear,16000,3.232
ravdess,03-01-06-01-01-02-07.wav,ravdess/Audio_Speech_Actors_01-24_16k/Actor_07/03-01-06-01-01-02-07.wav,07,06,Fear,16000,1.664
ravdess,03-01-06-01-02-01-07.wav,ravdess/Audio_Speech_Actors_01-24_16k/Actor_07/03-01-06-01-02-01-07.wav,07,06,Fear,16000,1.6
ravdess,03-01-06-01-02-02-07.wav,ravdess/Audio_Speech_Actors_01-24_16k/Actor_07/03-01-06-01-02-02-07.wav,07,06,Fear,16000,1.536
ravdess,03-01-06-02-01-01-07.wav,ravdess/Audio_Speech_Actors_01-24_16k/Actor_07/03-01-06-02-01-01-07.wav,07,06,Fear,16000,1.792
ravdess,03-01-06-02-01-02-07.wav,ravdess/Audio_Speech_Actors_01-24_16k/Actor_07/03-01-06-02-01-02-07.wav,07,06,Fear,16000,1.696
ravdess,03-01-06-02-02-01-07.wav,ravdess/Audio_Speech_Actors_01-24_16k/Actor_07/03-01-06-02-02-01-07.wav,07,06,Fear,16000,1.568
ravdess,03-01-06-02-02-02-07.wav,ravdess/Audio_Speech_Actors_01-24_16k/Actor_07/03-01-06-02-02-02-07.wav,07,06,Fear,16000,1.632
ravdess,03-01-07-01-01-01-07.wav,ravdess/Audio_Speech_Actors_01-24_16k/Actor_07/03-01-07-01-01-01-07.wav,07,07,Disgust,16000,1.696
ravdess,03-01-07-01-01-02-07.wav,ravdess/Audio_Speech_Actors_01-24_16k/Actor_07/03-01-07-01-01-02-07.wav,07,07,Disgust,16000,1.664
ravdess,03-01-07-01-02-01-07.wav,ravdess/Audio_Speech_Actors_01-24_16k/Actor_07/03-01-07-01-02-01-07.wav,07,07,Disgust,16000,1.664
ravdess,03-01-07-01-02-02-07.wav,ravdess/Audio_Speech_Actors_01-24_16k/Actor_07/03-01-07-01-02-02-07.wav,07,07,Disgust,16000,1.76
ravdess,03-01-07-02-01-01-07.wav,ravdess/Audio_Speech_Actors_01-24_16k/Actor_07/03-01-07-02-01-01-07.wav,07,07,Disgust,16000,2.304
ravdess,03-01-07-02-01-02-07.wav,ravdess/Audio_Speech_Actors_01-24_16k/Actor_07/03-01-07-02-01-02-07.wav,07,07,Disgust,16000,2.56
ravdess,03-01-07-02-02-01-07.wav,ravdess/Audio_Speech_Actors_01-24_16k/Actor_07/03-01-07-02-02-01-07.wav,07,07,Disgust,16000,2.336
ravdess,03-01-07-02-02-02-07.wav,ravdess/Audio_Speech_Actors_01-24_16k/Actor_07/03-01-07-02-02-02-07.wav,07,07,Disgust,16000,2.944
ravdess,03-01-08-01-01-01-07.wav,ravdess/Audio_Speech_Actors_01-24_16k/Actor_07/03-01-08-01-01-01-07.wav,07,08,Surprise,16000,1.696
ravdess,03-01-08-01-01-02-07.wav,ravdess/Audio_Speech_Actors_01-24_16k/Actor_07/03-01-08-01-01-02-07.wav,07,08,Surprise,16000,1.76
ravdess,03-01-08-01-02-01-07.wav,ravdess/Audio_Speech_Actors_01-24_16k/Actor_07/03-01-08-01-02-01-07.wav,07,08,Surprise,16000,1.664
ravdess,03-01-08-01-02-02-07.wav,ravdess/Audio_Speech_Actors_01-24_16k/Actor_07/03-01-08-01-02-02-07.wav,07,08,Surprise,16000,1.632
ravdess,03-01-08-02-01-01-07.wav,ravdess/Audio_Speech_Actors_01-24_16k/Actor_07/03-01-08-02-01-01-07.wav,07,08,Surprise,16000,2.016
ravdess,03-01-08-02-01-02-07.wav,ravdess/Audio_Speech_Actors_01-24_16k/Actor_07/03-01-08-02-01-02-07.wav,07,08,Surprise,16000,1.824
ravdess,03-01-08-02-02-01-07.wav,ravdess/Audio_Speech_Actors_01-24_16k/Actor_07/03-01-08-02-02-01-07.wav,07,08,Surprise,16000,1.568
ravdess,03-01-08-02-02-02-07.wav,ravdess/Audio_Speech_Actors_01-24_16k/Actor_07/03-01-08-02-02-02-07.wav,07,08,Surprise,16000,1.664
ravdess,03-01-01-01-01-01-08.wav,ravdess/Audio_Speech_Actors_01-24_16k/Actor_08/03-01-01-01-01-01-08.wav,08,01,Neutral,16000,1.6
ravdess,03-01-01-01-01-02-08.wav,ravdess/Audio_Speech_Actors_01-24_16k/Actor_08/03-01-01-01-01-02-08.wav,08,01,Neutral,16000,1.76
ravdess,03-01-01-01-02-01-08.wav,ravdess/Audio_Speech_Actors_01-24_16k/Actor_08/03-01-01-01-02-01-08.wav,08,01,Neutral,16000,1.664
ravdess,03-01-01-01-02-02-08.wav,ravdess/Audio_Speech_Actors_01-24_16k/Actor_08/03-01-01-01-02-02-08.wav,08,01,Neutral,16000,1.568
ravdess,03-01-03-01-01-01-08.wav,ravdess/Audio_Speech_Actors_01-24_16k/Actor_08/03-01-03-01-01-01-08.wav,08,03,Happy,16000,1.632
ravdess,03-01-03-01-01-02-08.wav,ravdess/Audio_Speech_Actors_01-24_16k/Actor_08/03-01-03-01-01-02-08.wav,08,03,Happy,16000,1.6
ravdess,03-01-03-01-02-01-08.wav,ravdess/Audio_Speech_Actors_01-24_16k/Actor_08/03-01-03-01-02-01-08.wav,08,03,Happy,16000,1.568
ravdess,03-01-03-01-02-02-08.wav,ravdess/Audio_Speech_Actors_01-24_16k/Actor_08/03-01-03-01-02-02-08.wav,08,03,Happy,16000,1.536
ravdess,03-01-03-02-01-01-08.wav,ravdess/Audio_Speech_Actors_01-24_16k/Actor_08/03-01-03-02-01-01-08.wav,08,03,Happy,16000,1.824
ravdess,03-01-03-02-01-02-08.wav,ravdess/Audio_Speech_Actors_01-24_16k/Actor_08/03-01-03-02-01-02-08.wav,08,03,Happy,16000,1.92
ravdess,03-01-03-02-02-01-08.wav,ravdess/Audio_Speech_Actors_01-24_16k/Actor_08/03-01-03-02-02-01-08.wav,08,03,Happy,16000,1.92
ravdess,03-01-03-02-02-02-08.wav,ravdess/Audio_Speech_Actors_01-24_16k/Actor_08/03-01-03-02-02-02-08.wav,08,03,Happy,16000,2.528
ravdess,03-01-04-01-01-01-08.wav,ravdess/Audio_Speech_Actors_01-24_16k/Actor_08/03-01-04-01-01-01-08.wav,08,04,Sad,16000,2.176
ravdess,03-01-04-01-01-02-08.wav,ravdess/Audio_Speech_Actors_01-24_16k/Actor_08/03-01-04-01-01-02-08.wav,08,04,Sad,16000,1.856
ravdess,03-01-04-01-02-01-08.wav,ravdess/Audio_Speech_Actors_01-24_16k/Actor_08/03-01-04-01-02-01-08.wav,08,04,Sad,16000,1.568
ravdess,03-01-04-01-02-02-08.wav,ravdess/Audio_Speech_Actors_01-24_16k/Actor_08/03-01-04-01-02-02-08.wav,08,04,Sad,16000,2.304
ravdess,03-01-04-02-01-01-08.wav,ravdess/Audio_Speech_Actors_01-24_16k/Actor_08/03-01-04-02-01-01-08.wav,08,04,Sad,16000,1.568
ravdess,03-01-04-02-01-02-08.wav,ravdess/Audio_Speech_Actors_01-24_16k/Actor_08/03-01-04-02-01-02-08.wav,08,04,Sad,16000,2.88
ravdess,03-01-04-02-02-01-08.wav,ravdess/Audio_Speech_Actors_01-24_16k/Actor_08/03-01-04-02-02-01-08.wav,08,04,Sad,16000,1.6
ravdess,03-01-04-02-02-02-08.wav,ravdess/Audio_Speech_Actors_01-24_16k/Actor_08/03-01-04-02-02-02-08.wav,08,04,Sad,16000,2.74375
ravdess,03-01-05-01-01-01-08.wav,ravdess/Audio_Speech_Actors_01-24_16k/Actor_08/03-01-05-01-01-01-08.wav,08,05,Angry,16000,1.632
ravdess,03-01-05-01-01-02-08.wav,ravdess/Audio_Speech_Actors_01-24_16k/Actor_08/03-01-05-01-01-02-08.wav,08,05,Angry,16000,2.624
ravdess,03-01-05-01-02-01-08.wav,ravdess/Audio_Speech_Actors_01-24_16k/Actor_08/03-01-05-01-02-01-08.wav,08,05,Angry,16000,1.44
ravdess,03-01-05-01-02-02-08.wav,ravdess/Audio_Speech_Actors_01-24_16k/Actor_08/03-01-05-01-02-02-08.wav,08,05,Angry,16000,1.536
ravdess,03-01-05-02-01-01-08.wav,ravdess/Audio_Speech_Actors_01-24_16k/Actor_08/03-01-05-02-01-01-08.wav,08,05,Angry,16000,2.656
ravdess,03-01-05-02-01-02-08.wav,ravdess/Audio_Speech_Actors_01-24_16k/Actor_08/03-01-05-02-01-02-08.wav,08,05,Angry,16000,1.696
ravdess,03-01-05-02-02-01-08.wav,ravdess/Audio_Speech_Actors_01-24_16k/Actor_08/03-01-05-02-02-01-08.wav,08,05,Angry,16000,1.568
ravdess,03-01-05-02-02-02-08.wav,ravdess/Audio_Speech_Actors_01-24_16k/Actor_08/03-01-05-02-02-02-08.wav,08,05,Angry,16000,1.632
ravdess,03-01-06-01-01-01-08.wav,ravdess/Audio_Speech_Actors_01-24_16k/Actor_08/03-01-06-01-01-01-08.wav,08,06,Fear,16000,2.144
ravdess,03-01-06-01-01-02-08.wav,ravdess/Audio_Speech_Actors_01-24_16k/Actor_08/03-01-06-01-01-02-08.wav,08,06,Fear,16000,2.4
ravdess,03-01-06-01-02-01-08.wav,ravdess/Audio_Speech_Actors_01-24_16k/Actor_08/03-01-06-01-02-01-08.wav,08,06,Fear,16000,1.696
ravdess,03-01-06-01-02-02-08.wav,ravdess/Audio_Speech_Actors_01-24_16k/Actor_08/03-01-06-01-02-02-08.wav,08,06,Fear,16000,1.664
ravdess,03-01-06-02-01-01-08.wav,ravdess/Audio_Speech_Actors_01-24_16k/Actor_08/03-01-06-02-01-01-08.wav,08,06,Fear,16000,1.6
ravdess,03-01-06-02-01-02-08.wav,ravdess/Audio_Speech_Actors_01-24_16k/Actor_08/03-01-06-02-01-02-08.wav,08,06,Fear,16000,1.568
ravdess,03-01-06-02-02-01-08.wav,ravdess/Audio_Speech_Actors_01-24_16k/Actor_08/03-01-06-02-02-01-08.wav,08,06,Fear,16000,1.664
ravdess,03-01-06-02-02-02-08.wav,ravdess/Audio_Speech_Actors_01-24_16k/Actor_08/03-01-06-02-02-02-08.wav,08,06,Fear,16000,2.9453125
ravdess,03-01-07-01-01-01-08.wav,ravdess/Audio_Speech_Actors_01-24_16k/Actor_08/03-01-07-01-01-01-08.wav,08,07,Disgust,16000,1.984
ravdess,03-01-07-01-01-02-08.wav,ravdess/Audio_Speech_Actors_01-24_16k/Actor_08/03-01-07-01-01-02-08.wav,08,07,Disgust,16000,2.368
ravdess,03-01-07-01-02-01-08.wav,ravdess/Audio_Speech_Actors_01-24_16k/Actor_08/03-01-07-01-02-01-08.wav,08,07,Disgust,16000,1.952
ravdess,03-01-07-01-02-02-08.wav,ravdess/Audio_Speech_Actors_01-24_16k/Actor_08/03-01-07-01-02-02-08.wav,08,07,Disgust,16000,1.792
ravdess,03-01-07-02-01-01-08.wav,ravdess/Audio_Speech_Actors_01-24_16k/Actor_08/03-01-07-02-01-01-08.wav,08,07,Disgust,16000,2.08
ravdess,03-01-07-02-01-02-08.wav,ravdess/Audio_Speech_Actors_01-24_16k/Actor_08/03-01-07-02-01-02-08.wav,08,07,Disgust,16000,2.624
ravdess,03-01-07-02-02-01-08.wav,ravdess/Audio_Speech_Actors_01-24_16k/Actor_08/03-01-07-02-02-01-08.wav,08,07,Disgust,16000,1.728
ravdess,03-01-07-02-02-02-08.wav,ravdess/Audio_Speech_Actors_01-24_16k/Actor_08/03-01-07-02-02-02-08.wav,08,07,Disgust,16000,1.888
ravdess,03-01-08-01-01-01-08.wav,ravdess/Audio_Speech_Actors_01-24_16k/Actor_08/03-01-08-01-01-01-08.wav,08,08,Surprise,16000,1.664
ravdess,03-01-08-01-01-02-08.wav,ravdess/Audio_Speech_Actors_01-24_16k/Actor_08/03-01-08-01-01-02-08.wav,08,08,Surprise,16000,1.824
ravdess,03-01-08-01-02-01-08.wav,ravdess/Audio_Speech_Actors_01-24_16k/Actor_08/03-01-08-01-02-01-08.wav,08,08,Surprise,16000,1.664
ravdess,03-01-08-01-02-02-08.wav,ravdess/Audio_Speech_Actors_01-24_16k/Actor_08/03-01-08-01-02-02-08.wav,08,08,Surprise,16000,1.632
ravdess,03-01-08-02-01-01-08.wav,ravdess/Audio_Speech_Actors_01-24_16k/Actor_08/03-01-08-02-01-01-08.wav,08,08,Surprise,16000,2.8771875
ravdess,03-01-08-02-01-02-08.wav,ravdess/Audio_Speech_Actors_01-24_16k/Actor_08/03-01-08-02-01-02-08.wav,08,08,Surprise,16000,1.6
ravdess,03-01-08-02-02-01-08.wav,ravdess/Audio_Speech_Actors_01-24_16k/Actor_08/03-01-08-02-02-01-08.wav,08,08,Surprise,16000,1.632
ravdess,03-01-08-02-02-02-08.wav,ravdess/Audio_Speech_Actors_01-24_16k/Actor_08/03-01-08-02-02-02-08.wav,08,08,Surprise,16000,1.76
ravdess,03-01-01-01-01-01-09.wav,ravdess/Audio_Speech_Actors_01-24_16k/Actor_09/03-01-01-01-01-01-09.wav,09,01,Neutral,16000,2.432
ravdess,03-01-01-01-01-02-09.wav,ravdess/Audio_Speech_Actors_01-24_16k/Actor_09/03-01-01-01-01-02-09.wav,09,01,Neutral,16000,1.472
ravdess,03-01-01-01-02-01-09.wav,ravdess/Audio_Speech_Actors_01-24_16k/Actor_09/03-01-01-01-02-01-09.wav,09,01,Neutral,16000,1.504
ravdess,03-01-01-01-02-02-09.wav,ravdess/Audio_Speech_Actors_01-24_16k/Actor_09/03-01-01-01-02-02-09.wav,09,01,Neutral,16000,1.44
ravdess,03-01-03-01-01-01-09.wav,ravdess/Audio_Speech_Actors_01-24_16k/Actor_09/03-01-03-01-01-01-09.wav,09,03,Happy,16000,2.336
ravdess,03-01-03-01-01-02-09.wav,ravdess/Audio_Speech_Actors_01-24_16k/Actor_09/03-01-03-01-01-02-09.wav,09,03,Happy,16000,1.696
ravdess,03-01-03-01-02-01-09.wav,ravdess/Audio_Speech_Actors_01-24_16k/Actor_09/03-01-03-01-02-01-09.wav,09,03,Happy,16000,1.504
ravdess,03-01-03-01-02-02-09.wav,ravdess/Audio_Speech_Actors_01-24_16k/Actor_09/03-01-03-01-02-02-09.wav,09,03,Happy,16000,1.6
ravdess,03-01-03-02-01-01-09.wav,ravdess/Audio_Speech_Actors_01-24_16k/Actor_09/03-01-03-02-01-01-09.wav,09,03,Happy,16000,1.952
ravdess,03-01-03-02-01-02-09.wav,ravdess/Audio_Speech_Actors_01-24_16k/Actor_09/03-01-03-02-01-02-09.wav,09,03,Happy,16000,3.2
ravdess,03-01-03-02-02-01-09.wav,ravdess/Audio_Speech_Actors_01-24_16k/Actor_09/03-01-03-02-02-01-09.wav,09,03,Happy,16000,1.664
ravdess,03-01-03-02-02-02-09.wav,ravdess/Audio_Speech_Actors_01-24_16k/Actor_09/03-01-03-02-02-02-09.wav,09,03,Happy,16000,1.664
ravdess,03-01-04-01-01-01-09.wav,ravdess/Audio_Speech_Actors_01-24_16k/Actor_09/03-01-04-01-01-01-09.wav,09,04,Sad,16000,2.176
ravdess,03-01-04-01-01-02-09.wav,ravdess/Audio_Speech_Actors_01-24_16k/Actor_09/03-01-04-01-01-02-09.wav,09,04,Sad,16000,1.376
ravdess,03-01-04-01-02-01-09.wav,ravdess/Audio_Speech_Actors_01-24_16k/Actor_09/03-01-04-01-02-01-09.wav,09,04,Sad,16000,1.472
ravdess,03-01-04-01-02-02-09.wav,ravdess/Audio_Speech_Actors_01-24_16k/Actor_09/03-01-04-01-02-02-09.wav,09,04,Sad,16000,1.728
ravdess,03-01-04-02-01-01-09.wav,ravdess/Audio_Speech_Actors_01-24_16k/Actor_09/03-01-04-02-01-01-09.wav,09,04,Sad,16000,2.656
ravdess,03-01-04-02-01-02-09.wav,ravdess/Audio_Speech_Actors_01-24_16k/Actor_09/03-01-04-02-01-02-09.wav,09,04,Sad,16000,2.72
ravdess,03-01-04-02-02-01-09.wav,ravdess/Audio_Speech_Actors_01-24_16k/Actor_09/03-01-04-02-02-01-09.wav,09,04,Sad,16000,2.272
ravdess,03-01-04-02-02-02-09.wav,ravdess/Audio_Speech_Actors_01-24_16k/Actor_09/03-01-04-02-02-02-09.wav,09,04,Sad,16000,2.272
ravdess,03-01-05-01-01-01-09.wav,ravdess/Audio_Speech_Actors_01-24_16k/Actor_09/03-01-05-01-01-01-09.wav,09,05,Angry,16000,1.856
ravdess,03-01-05-01-01-02-09.wav,ravdess/Audio_Speech_Actors_01-24_16k/Actor_09/03-01-05-01-01-02-09.wav,09,05,Angry,16000,1.728
ravdess,03-01-05-01-02-01-09.wav,ravdess/Audio_Speech_Actors_01-24_16k/Actor_09/03-01-05-01-02-01-09.wav,09,05,Angry,16000,1.856
ravdess,03-01-05-01-02-02-09.wav,ravdess/Audio_Speech_Actors_01-24_16k/Actor_09/03-01-05-01-02-02-09.wav,09,05,Angry,16000,1.696
ravdess,03-01-05-02-01-01-09.wav,ravdess/Audio_Speech_Actors_01-24_16k/Actor_09/03-01-05-02-01-01-09.wav,09,05,Angry,16000,1.952
ravdess,03-01-05-02-01-02-09.wav,ravdess/Audio_Speech_Actors_01-24_16k/Actor_09/03-01-05-02-01-02-09.wav,09,05,Angry,16000,1.888
ravdess,03-01-05-02-02-01-09.wav,ravdess/Audio_Speech_Actors_01-24_16k/Actor_09/03-01-05-02-02-01-09.wav,09,05,Angry,16000,2.464
ravdess,03-01-05-02-02-02-09.wav,ravdess/Audio_Speech_Actors_01-24_16k/Actor_09/03-01-05-02-02-02-09.wav,09,05,Angry,16000,2.08
ravdess,03-01-06-01-01-01-09.wav,ravdess/Audio_Speech_Actors_01-24_16k/Actor_09/03-01-06-01-01-01-09.wav,09,06,Fear,16000,1.408
ravdess,03-01-06-01-01-02-09.wav,ravdess/Audio_Speech_Actors_01-24_16k/Actor_09/03-01-06-01-01-02-09.wav,09,06,Fear,16000,1.44
ravdess,03-01-06-01-02-01-09.wav,ravdess/Audio_Speech_Actors_01-24_16k/Actor_09/03-01-06-01-02-01-09.wav,09,06,Fear,16000,2.336
ravdess,03-01-06-01-02-02-09.wav,ravdess/Audio_Speech_Actors_01-24_16k/Actor_09/03-01-06-01-02-02-09.wav,09,06,Fear,16000,1.344
ravdess,03-01-06-02-01-01-09.wav,ravdess/Audio_Speech_Actors_01-24_16k/Actor_09/03-01-06-02-01-01-09.wav,09,06,Fear,16000,2.528
ravdess,03-01-06-02-01-02-09.wav,ravdess/Audio_Speech_Actors_01-24_16k/Actor_09/03-01-06-02-01-02-09.wav,09,06,Fear,16000,1.44
ravdess,03-01-06-02-02-01-09.wav,ravdess/Audio_Speech_Actors_01-24_16k/Actor_09/03-01-06-02-02-01-09.wav,09,06,Fear,16000,1.376
ravdess,03-01-06-02-02-02-09.wav,ravdess/Audio_Speech_Actors_01-24_16k/Actor_09/03-01-06-02-02-02-09.wav,09,06,Fear,16000,1.376
ravdess,03-01-07-01-01-01-09.wav,ravdess/Audio_Speech_Actors_01-24_16k/Actor_09/03-01-07-01-01-01-09.wav,09,07,Disgust,16000,1.952
ravdess,03-01-07-01-01-02-09.wav,ravdess/Audio_Speech_Actors_01-24_16k/Actor_09/03-01-07-01-01-02-09.wav,09,07,Disgust,16000,1.664
ravdess,03-01-07-01-02-01-09.wav,ravdess/Audio_Speech_Actors_01-24_16k/Actor_09/03-01-07-01-02-01-09.wav,09,07,Disgust,16000,1.632
ravdess,03-01-07-01-02-02-09.wav,ravdess/Audio_Speech_Actors_01-24_16k/Actor_09/03-01-07-01-02-02-09.wav,09,07,Disgust,16000,2.016
ravdess,03-01-07-02-01-01-09.wav,ravdess/Audio_Speech_Actors_01-24_16k/Actor_09/03-01-07-02-01-01-09.wav,09,07,Disgust,16000,1.856
ravdess,03-01-07-02-01-02-09.wav,ravdess/Audio_Speech_Actors_01-24_16k/Actor_09/03-01-07-02-01-02-09.wav,09,07,Disgust,16000,2.304
ravdess,03-01-07-02-02-01-09.wav,ravdess/Audio_Speech_Actors_01-24_16k/Actor_09/03-01-07-02-02-01-09.wav,09,07,Disgust,16000,2.304
ravdess,03-01-07-02-02-02-09.wav,ravdess/Audio_Speech_Actors_01-24_16k/Actor_09/03-01-07-02-02-02-09.wav,09,07,Disgust,16000,2.688
ravdess,03-01-08-01-01-01-09.wav,ravdess/Audio_Speech_Actors_01-24_16k/Actor_09/03-01-08-01-01-01-09.wav,09,08,Surprise,16000,1.952
ravdess,03-01-08-01-01-02-09.wav,ravdess/Audio_Speech_Actors_01-24_16k/Actor_09/03-01-08-01-01-02-09.wav,09,08,Surprise,16000,1.504
ravdess,03-01-08-01-02-01-09.wav,ravdess/Audio_Speech_Actors_01-24_16k/Actor_09/03-01-08-01-02-01-09.wav,09,08,Surprise,16000,2.336
ravdess,03-01-08-01-02-02-09.wav,ravdess/Audio_Speech_Actors_01-24_16k/Actor_09/03-01-08-01-02-02-09.wav,09,08,Surprise,16000,1.568
ravdess,03-01-08-02-01-01-09.wav,ravdess/Audio_Speech_Actors_01-24_16k/Actor_09/03-01-08-02-01-01-09.wav,09,08,Surprise,16000,1.44
ravdess,03-01-08-02-01-02-09.wav,ravdess/Audio_Speech_Actors_01-24_16k/Actor_09/03-01-08-02-01-02-09.wav,09,08,Surprise,16000,2.336
ravdess,03-01-08-02-02-01-09.wav,ravdess/Audio_Speech_Actors_01-24_16k/Actor_09/03-01-08-02-02-01-09.wav,09,08,Surprise,16000,1.504
ravdess,03-01-08-02-02-02-09.wav,ravdess/Audio_Speech_Actors_01-24_16k/Actor_09/03-01-08-02-02-02-09.wav,09,08,Surprise,16000,1.6
ravdess,03-01-01-01-01-01-10.wav,ravdess/Audio_Speech_Actors_01-24_16k/Actor_10/03-01-01-01-01-01-10.wav,10,01,Neutral,16000,1.664
ravdess,03-01-01-01-01-02-10.wav,ravdess/Audio_Speech_Actors_01-24_16k/Actor_10/03-01-01-01-01-02-10.wav,10,01,Neutral,16000,1.952
ravdess,03-01-01-01-02-01-10.wav,ravdess/Audio_Speech_Actors_01-24_16k/Actor_10/03-01-01-01-02-01-10.wav,10,01,Neutral,16000,1.824
ravdess,03-01-01-01-02-02-10.wav,ravdess/Audio_Speech_Actors_01-24_16k/Actor_10/03-01-01-01-02-02-10.wav,10,01,Neutral,16000,1.696
ravdess,03-01-03-01-01-01-10.wav,ravdess/Audio_Speech_Actors_01-24_16k/Actor_10/03-01-03-01-01-01-10.wav,10,03,Happy,16000,1.568
ravdess,03-01-03-01-01-02-10.wav,ravdess/Audio_Speech_Actors_01-24_16k/Actor_10/03-01-03-01-01-02-10.wav,10,03,Happy,16000,1.6
ravdess,03-01-03-01-02-01-10.wav,ravdess/Audio_Speech_Actors_01-24_16k/Actor_10/03-01-03-01-02-01-10.wav,10,03,Happy,16000,1.344
ravdess,03-01-03-01-02-02-10.wav,ravdess/Audio_Speech_Actors_01-24_16k/Actor_10/03-01-03-01-02-02-10.wav,10,03,Happy,16000,1.44
ravdess,03-01-03-02-01-01-10.wav,ravdess/Audio_Speech_Actors_01-24_16k/Actor_10/03-01-03-02-01-01-10.wav,10,03,Happy,16000,1.92
ravdess,03-01-03-02-01-02-10.wav,ravdess/Audio_Speech_Actors_01-24_16k/Actor_10/03-01-03-02-01-02-10.wav,10,03,Happy,16000,1.536
ravdess,03-01-03-02-02-01-10.wav,ravdess/Audio_Speech_Actors_01-24_16k/Actor_10/03-01-03-02-02-01-10.wav,10,03,Happy,16000,1.728
ravdess,03-01-03-02-02-02-10.wav,ravdess/Audio_Speech_Actors_01-24_16k/Actor_10/03-01-03-02-02-02-10.wav,10,03,Happy,16000,2.048
ravdess,03-01-04-01-01-01-10.wav,ravdess/Audio_Speech_Actors_01-24_16k/Actor_10/03-01-04-01-01-01-10.wav,10,04,Sad,16000,1.504
ravdess,03-01-04-01-01-02-10.wav,ravdess/Audio_Speech_Actors_01-24_16k/Actor_10/03-01-04-01-01-02-10.wav,10,04,Sad,16000,1.6
ravdess,03-01-04-01-02-01-10.wav,ravdess/Audio_Speech_Actors_01-24_16k/Actor_10/03-01-04-01-02-01-10.wav,10,04,Sad,16000,1.664
ravdess,03-01-04-01-02-02-10.wav,ravdess/Audio_Speech_Actors_01-24_16k/Actor_10/03-01-04-01-02-02-10.wav,10,04,Sad,16000,1.952
ravdess,03-01-04-02-01-01-10.wav,ravdess/Audio_Speech_Actors_01-24_16k/Actor_10/03-01-04-02-01-01-10.wav,10,04,Sad,16000,1.952
ravdess,03-01-04-02-01-02-10.wav,ravdess/Audio_Speech_Actors_01-24_16k/Actor_10/03-01-04-02-01-02-10.wav,10,04,Sad,16000,1.728
ravdess,03-01-04-02-02-01-10.wav,ravdess/Audio_Speech_Actors_01-24_16k/Actor_10/03-01-04-02-02-01-10.wav,10,04,Sad,16000,1.76
ravdess,03-01-04-02-02-02-10.wav,ravdess/Audio_Speech_Actors_01-24_16k/Actor_10/03-01-04-02-02-02-10.wav,10,04,Sad,16000,1.632
ravdess,03-01-05-01-01-01-10.wav,ravdess/Audio_Speech_Actors_01-24_16k/Actor_10/03-01-05-01-01-01-10.wav,10,05,Angry,16000,1.952
ravdess,03-01-05-01-01-02-10.wav,ravdess/Audio_Speech_Actors_01-24_16k/Actor_10/03-01-05-01-01-02-10.wav,10,05,Angry,16000,2.048
ravdess,03-01-05-01-02-01-10.wav,ravdess/Audio_Speech_Actors_01-24_16k/Actor_10/03-01-05-01-02-01-10.wav,10,05,Angry,16000,2.208
ravdess,03-01-05-01-02-02-10.wav,ravdess/Audio_Speech_Actors_01-24_16k/Actor_10/03-01-05-01-02-02-10.wav,10,05,Angry,16000,2.208
ravdess,03-01-05-02-01-01-10.wav,ravdess/Audio_Speech_Actors_01-24_16k/Actor_10/03-01-05-02-01-01-10.wav,10,05,Angry,16000,2.176
ravdess,03-01-05-02-01-02-10.wav,ravdess/Audio_Speech_Actors_01-24_16k/Actor_10/03-01-05-02-01-02-10.wav,10,05,Angry,16000,2.464
ravdess,03-01-05-02-02-01-10.wav,ravdess/Audio_Speech_Actors_01-24_16k/Actor_10/03-01-05-02-02-01-10.wav,10,05,Angry,16000,1.856
ravdess,03-01-05-02-02-02-10.wav,ravdess/Audio_Speech_Actors_01-24_16k/Actor_10/03-01-05-02-02-02-10.wav,10,05,Angry,16000,2.208
ravdess,03-01-06-01-01-01-10.wav,ravdess/Audio_Speech_Actors_01-24_16k/Actor_10/03-01-06-01-01-01-10.wav,10,06,Fear,16000,1.472
ravdess,03-01-06-01-01-02-10.wav,ravdess/Audio_Speech_Actors_01-24_16k/Actor_10/03-01-06-01-01-02-10.wav,10,06,Fear,16000,1.44
ravdess,03-01-06-01-02-01-10.wav,ravdess/Audio_Speech_Actors_01-24_16k/Actor_10/03-01-06-01-02-01-10.wav,10,06,Fear,16000,1.664
ravdess,03-01-06-01-02-02-10.wav,ravdess/Audio_Speech_Actors_01-24_16k/Actor_10/03-01-06-01-02-02-10.wav,10,06,Fear,16000,1.568
ravdess,03-01-06-02-01-01-10.wav,ravdess/Audio_Speech_Actors_01-24_16k/Actor_10/03-01-06-02-01-01-10.wav,10,06,Fear,16000,1.536
ravdess,03-01-06-02-01-02-10.wav,ravdess/Audio_Speech_Actors_01-24_16k/Actor_10/03-01-06-02-01-02-10.wav,10,06,Fear,16000,1.696
ravdess,03-01-06-02-02-01-10.wav,ravdess/Audio_Speech_Actors_01-24_16k/Actor_10/03-01-06-02-02-01-10.wav,10,06,Fear,16000,1.888
ravdess,03-01-06-02-02-02-10.wav,ravdess/Audio_Speech_Actors_01-24_16k/Actor_10/03-01-06-02-02-02-10.wav,10,06,Fear,16000,1.952
ravdess,03-01-07-01-01-01-10.wav,ravdess/Audio_Speech_Actors_01-24_16k/Actor_10/03-01-07-01-01-01-10.wav,10,07,Disgust,16000,1.792
ravdess,03-01-07-01-01-02-10.wav,ravdess/Audio_Speech_Actors_01-24_16k/Actor_10/03-01-07-01-01-02-10.wav,10,07,Disgust,16000,2.304
ravdess,03-01-07-01-02-01-10.wav,ravdess/Audio_Speech_Actors_01-24_16k/Actor_10/03-01-07-01-02-01-10.wav,10,07,Disgust,16000,1.984
ravdess,03-01-07-01-02-02-10.wav,ravdess/Audio_Speech_Actors_01-24_16k/Actor_10/03-01-07-01-02-02-10.wav,10,07,Disgust,16000,2.368
ravdess,03-01-07-02-01-01-10.wav,ravdess/Audio_Speech_Actors_01-24_16k/Actor_10/03-01-07-02-01-01-10.wav,10,07,Disgust,16000,2.72
ravdess,03-01-07-02-01-02-10.wav,ravdess/Audio_Speech_Actors_01-24_16k/Actor_10/03-01-07-02-01-02-10.wav,10,07,Disgust,16000,2.656
ravdess,03-01-07-02-02-01-10.wav,ravdess/Audio_Speech_Actors_01-24_16k/Actor_10/03-01-07-02-02-01-10.wav,10,07,Disgust,16000,2.304
ravdess,03-01-07-02-02-02-10.wav,ravdess/Audio_Speech_Actors_01-24_16k/Actor_10/03-01-07-02-02-02-10.wav,10,07,Disgust,16000,2.912
ravdess,03-01-08-01-01-01-10.wav,ravdess/Audio_Speech_Actors_01-24_16k/Actor_10/03-01-08-01-01-01-10.wav,10,08,Surprise,16000,1.312
ravdess,03-01-08-01-01-02-10.wav,ravdess/Audio_Speech_Actors_01-24_16k/Actor_10/03-01-08-01-01-02-10.wav,10,08,Surprise,16000,1.504
ravdess,03-01-08-01-02-01-10.wav,ravdess/Audio_Speech_Actors_01-24_16k/Actor_10/03-01-08-01-02-01-10.wav,10,08,Surprise,16000,1.6
ravdess,03-01-08-01-02-02-10.wav,ravdess/Audio_Speech_Actors_01-24_16k/Actor_10/03-01-08-01-02-02-10.wav,10,08,Surprise,16000,1.6
ravdess,03-01-08-02-01-01-10.wav,ravdess/Audio_Speech_Actors_01-24_16k/Actor_10/03-01-08-02-01-01-10.wav,10,08,Surprise,16000,1.6
ravdess,03-01-08-02-01-02-10.wav,ravdess/Audio_Speech_Actors_01-24_16k/Actor_10/03-01-08-02-01-02-10.wav,10,08,Surprise,16000,1.44
ravdess,03-01-08-02-02-01-10.wav,ravdess/Audio_Speech_Actors_01-24_16k/Actor_10/03-01-08-02-02-01-10.wav,10,08,Surprise,16000,1.696
ravdess,03-01-08-02-02-02-10.wav,ravdess/Audio_Speech_Actors_01-24_16k/Actor_10/03-01-08-02-02-02-10.wav,10,08,Surprise,16000,1.568
ravdess,03-01-01-01-01-01-11.wav,ravdess/Audio_Speech_Actors_01-24_16k/Actor_11/03-01-01-01-01-01-11.wav,11,01,Neutral,16000,1.344
ravdess,03-01-01-01-01-02-11.wav,ravdess/Audio_Speech_Actors_01-24_16k/Actor_11/03-01-01-01-01-02-11.wav,11,01,Neutral,16000,1.344
ravdess,03-01-01-01-02-01-11.wav,ravdess/Audio_Speech_Actors_01-24_16k/Actor_11/03-01-01-01-02-01-11.wav,11,01,Neutral,16000,1.408
ravdess,03-01-01-01-02-02-11.wav,ravdess/Audio_Speech_Actors_01-24_16k/Actor_11/03-01-01-01-02-02-11.wav,11,01,Neutral,16000,2.208
ravdess,03-01-03-01-01-01-11.wav,ravdess/Audio_Speech_Actors_01-24_16k/Actor_11/03-01-03-01-01-01-11.wav,11,03,Happy,16000,1.216
ravdess,03-01-03-01-01-02-11.wav,ravdess/Audio_Speech_Actors_01-24_16k/Actor_11/03-01-03-01-01-02-11.wav,11,03,Happy,16000,1.44
ravdess,03-01-03-01-02-01-11.wav,ravdess/Audio_Speech_Actors_01-24_16k/Actor_11/03-01-03-01-02-01-11.wav,11,03,Happy,16000,1.312
ravdess,03-01-03-01-02-02-11.wav,ravdess/Audio_Speech_Actors_01-24_16k/Actor_11/03-01-03-01-02-02-11.wav,11,03,Happy,16000,1.376
ravdess,03-01-03-02-01-01-11.wav,ravdess/Audio_Speech_Actors_01-24_16k/Actor_11/03-01-03-02-01-01-11.wav,11,03,Happy,16000,2.144
ravdess,03-01-03-02-01-02-11.wav,ravdess/Audio_Speech_Actors_01-24_16k/Actor_11/03-01-03-02-01-02-11.wav,11,03,Happy,16000,1.76
ravdess,03-01-03-02-02-01-11.wav,ravdess/Audio_Speech_Actors_01-24_16k/Actor_11/03-01-03-02-02-01-11.wav,11,03,Happy,16000,1.952
ravdess,03-01-03-02-02-02-11.wav,ravdess/Audio_Speech_Actors_01-24_16k/Actor_11/03-01-03-02-02-02-11.wav,11,03,Happy,16000,1.568
ravdess,03-01-04-01-01-01-11.wav,ravdess/Audio_Speech_Actors_01-24_16k/Actor_11/03-01-04-01-01-01-11.wav,11,04,Sad,16000,1.504
ravdess,03-01-04-01-01-02-11.wav,ravdess/Audio_Speech_Actors_01-24_16k/Actor_11/03-01-04-01-01-02-11.wav,11,04,Sad,16000,2.08
ravdess,03-01-04-01-02-01-11.wav,ravdess/Audio_Speech_Actors_01-24_16k/Actor_11/03-01-04-01-02-01-11.wav,11,04,Sad,16000,1.728
ravdess,03-01-04-01-02-02-11.wav,ravdess/Audio_Speech_Actors_01-24_16k/Actor_11/03-01-04-01-02-02-11.wav,11,04,Sad,16000,1.568
ravdess,03-01-04-02-01-01-11.wav,ravdess/Audio_Speech_Actors_01-24_16k/Actor_11/03-01-04-02-01-01-11.wav,11,04,Sad,16000,1.504
ravdess,03-01-04-02-01-02-11.wav,ravdess/Audio_Speech_Actors_01-24_16k/Actor_11/03-01-04-02-01-02-11.wav,11,04,Sad,16000,2.176
ravdess,03-01-04-02-02-01-11.wav,ravdess/Audio_Speech_Actors_01-24_16k/Actor_11/03-01-04-02-02-01-11.wav,11,04,Sad,16000,1.504
ravdess,03-01-04-02-02-02-11.wav,ravdess/Audio_Speech_Actors_01-24_16k/Actor_11/03-01-04-02-02-02-11.wav,11,04,Sad,16000,2.016
ravdess,03-01-05-01-01-01-11.wav,ravdess/Audio_Speech_Actors_01-24_16k/Actor_11/03-01-05-01-01-01-11.wav,11,05,Angry,16000,1.728
ravdess,03-01-05-01-01-02-11.wav,ravdess/Audio_Speech_Actors_01-24_16k/Actor_11/03-01-05-01-01-02-11.wav,11,05,Angry,16000,1.664
ravdess,03-01-05-01-02-01-11.wav,ravdess/Audio_Speech_Actors_01-24_16k/Actor_11/03-01-05-01-02-01-11.wav,11,05,Angry,16000,1.6
ravdess,03-01-05-01-02-02-11.wav,ravdess/Audio_Speech_Actors_01-24_16k/Actor_11/03-01-05-01-02-02-11.wav,11,05,Angry,16000,1.92
ravdess,03-01-05-02-01-01-11.wav,ravdess/Audio_Speech_Actors_01-24_16k/Actor_11/03-01-05-02-01-01-11.wav,11,05,Angry,16000,1.664
ravdess,03-01-05-02-01-02-11.wav,ravdess/Audio_Speech_Actors_01-24_16k/Actor_11/03-01-05-02-01-02-11.wav,11,05,Angry,16000,2.048
ravdess,03-01-05-02-02-01-11.wav,ravdess/Audio_Speech_Actors_01-24_16k/Actor_11/03-01-05-02-02-01-11.wav,11,05,Angry,16000,2.048
ravdess,03-01-05-02-02-02-11.wav,ravdess/Audio_Speech_Actors_01-24_16k/Actor_11/03-01-05-02-02-02-11.wav,11,05,Angry,16000,1.856
ravdess,03-01-06-01-01-01-11.wav,ravdess/Audio_Speech_Actors_01-24_16k/Actor_11/03-01-06-01-01-01-11.wav,11,06,Fear,16000,1.6
ravdess,03-01-06-01-01-02-11.wav,ravdess/Audio_Speech_Actors_01-24_16k/Actor_11/03-01-06-01-01-02-11.wav,11,06,Fear,16000,1.664
ravdess,03-01-06-01-02-01-11.wav,ravdess/Audio_Speech_Actors_01-24_16k/Actor_11/03-01-06-01-02-01-11.wav,11,06,Fear,16000,1.376
ravdess,03-01-06-01-02-02-11.wav,ravdess/Audio_Speech_Actors_01-24_16k/Actor_11/03-01-06-01-02-02-11.wav,11,06,Fear,16000,1.376
ravdess,03-01-06-02-01-01-11.wav,ravdess/Audio_Speech_Actors_01-24_16k/Actor_11/03-01-06-02-01-01-11.wav,11,06,Fear,16000,1.376
ravdess,03-01-06-02-01-02-11.wav,ravdess/Audio_Speech_Actors_01-24_16k/Actor_11/03-01-06-02-01-02-11.wav,11,06,Fear,16000,1.376
ravdess,03-01-06-02-02-01-11.wav,ravdess/Audio_Speech_Actors_01-24_16k/Actor_11/03-01-06-02-02-01-11.wav,11,06,Fear,16000,1.248
ravdess,03-01-06-02-02-02-11.wav,ravdess/Audio_Speech_Actors_01-24_16k/Actor_11/03-01-06-02-02-02-11.wav,11,06,Fear,16000,1.536
ravdess,03-01-07-01-01-01-11.wav,ravdess/Audio_Speech_Actors_01-24_16k/Actor_11/03-01-07-01-01-01-11.wav,11,07,Disgust,16000,1.856
ravdess,03-01-07-01-01-02-11.wav,ravdess/Audio_Speech_Actors_01-24_16k/Actor_11/03-01-07-01-01-02-11.wav,11,07,Disgust,16000,1.76
ravdess,03-01-07-01-02-01-11.wav,ravdess/Audio_Speech_Actors_01-24_16k/Actor_11/03-01-07-01-02-01-11.wav,11,07,Disgust,16000,1.568
ravdess,03-01-07-01-02-02-11.wav,ravdess/Audio_Speech_Actors_01-24_16k/Actor_11/03-01-07-01-02-02-11.wav,11,07,Disgust,16000,1.952
ravdess,03-01-07-02-01-01-11.wav,ravdess/Audio_Speech_Actors_01-24_16k/Actor_11/03-01-07-02-01-01-11.wav,11,07,Disgust,16000,1.952
ravdess,03-01-07-02-01-02-11.wav,ravdess/Audio_Speech_Actors_01-24_16k/Actor_11/03-01-07-02-01-02-11.wav,11,07,Disgust,16000,2.8438125
ravdess,03-01-07-02-02-01-11.wav,ravdess/Audio_Speech_Actors_01-24_16k/Actor_11/03-01-07-02-02-01-11.wav,11,07,Disgust,16000,2.08
ravdess,03-01-07-02-02-02-11.wav,ravdess/Audio_Speech_Actors_01-24_16k/Actor_11/03-01-07-02-02-02-11.wav,11,07,Disgust,16000,2.016
ravdess,03-01-08-01-01-01-11.wav,ravdess/Audio_Speech_Actors_01-24_16k/Actor_11/03-01-08-01-01-01-11.wav,11,08,Surprise,16000,1.216
ravdess,03-01-08-01-01-02-11.wav,ravdess/Audio_Speech_Actors_01-24_16k/Actor_11/03-01-08-01-01-02-11.wav,11,08,Surprise,16000,1.248
ravdess,03-01-08-01-02-01-11.wav,ravdess/Audio_Speech_Actors_01-24_16k/Actor_11/03-01-08-01-02-01-11.wav,11,08,Surprise,16000,1.28
ravdess,03-01-08-01-02-02-11.wav,ravdess/Audio_Speech_Actors_01-24_16k/Actor_11/03-01-08-01-02-02-11.wav,11,08,Surprise,16000,1.152
ravdess,03-01-08-02-01-01-11.wav,ravdess/Audio_Speech_Actors_01-24_16k/Actor_11/03-01-08-02-01-01-11.wav,11,08,Surprise,16000,1.184
ravdess,03-01-08-02-01-02-11.wav,ravdess/Audio_Speech_Actors_01-24_16k/Actor_11/03-01-08-02-01-02-11.wav,11,08,Surprise,16000,1.504
ravdess,03-01-08-02-02-01-11.wav,ravdess/Audio_Speech_Actors_01-24_16k/Actor_11/03-01-08-02-02-01-11.wav,11,08,Surprise,16000,1.184
ravdess,03-01-08-02-02-02-11.wav,ravdess/Audio_Speech_Actors_01-24_16k/Actor_11/03-01-08-02-02-02-11.wav,11,08,Surprise,16000,1.184
ravdess,03-01-01-01-01-01-12.wav,ravdess/Audio_Speech_Actors_01-24_16k/Actor_12/03-01-01-01-01-01-12.wav,12,01,Neutral,16000,1.76
ravdess,03-01-01-01-01-02-12.wav,ravdess/Audio_Speech_Actors_01-24_16k/Actor_12/03-01-01-01-01-02-12.wav,12,01,Neutral,16000,1.664
ravdess,03-01-01-01-02-01-12.wav,ravdess/Audio_Speech_Actors_01-24_16k/Actor_12/03-01-01-01-02-01-12.wav,12,01,Neutral,16000,1.728
ravdess,03-01-01-01-02-02-12.wav,ravdess/Audio_Speech_Actors_01-24_16k/Actor_12/03-01-01-01-02-02-12.wav,12,01,Neutral,16000,1.792
ravdess,03-01-03-01-01-01-12.wav,ravdess/Audio_Speech_Actors_01-24_16k/Actor_12/03-01-03-01-01-01-12.wav,12,03,Happy,16000,1.792
ravdess,03-01-03-01-01-02-12.wav,ravdess/Audio_Speech_Actors_01-24_16k/Actor_12/03-01-03-01-01-02-12.wav,12,03,Happy,16000,1.824
ravdess,03-01-03-01-02-01-12.wav,ravdess/Audio_Speech_Actors_01-24_16k/Actor_12/03-01-03-01-02-01-12.wav,12,03,Happy,16000,1.568
ravdess,03-01-03-01-02-02-12.wav,ravdess/Audio_Speech_Actors_01-24_16k/Actor_12/03-01-03-01-02-02-12.wav,12,03,Happy,16000,1.824
ravdess,03-01-03-02-01-01-12.wav,ravdess/Audio_Speech_Actors_01-24_16k/Actor_12/03-01-03-02-01-01-12.wav,12,03,Happy,16000,1.856
ravdess,03-01-03-02-01-02-12.wav,ravdess/Audio_Speech_Actors_01-24_16k/Actor_12/03-01-03-02-01-02-12.wav,12,03,Happy,16000,1.92
ravdess,03-01-03-02-02-01-12.wav,ravdess/Audio_Speech_Actors_01-24_16k/Actor_12/03-01-03-02-02-01-12.wav,12,03,Happy,16000,1.888
ravdess,03-01-03-02-02-02-12.wav,ravdess/Audio_Speech_Actors_01-24_16k/Actor_12/03-01-03-02-02-02-12.wav,12,03,Happy,16000,2.016
ravdess,03-01-04-01-01-01-12.wav,ravdess/Audio_Speech_Actors_01-24_16k/Actor_12/03-01-04-01-01-01-12.wav,12,04,Sad,16000,1.728
ravdess,03-01-04-01-01-02-12.wav,ravdess/Audio_Speech_Actors_01-24_16k/Actor_12/03-01-04-01-01-02-12.wav,12,04,Sad,16000,2.579625
ravdess,03-01-04-01-02-01-12.wav,ravdess/Audio_Speech_Actors_01-24_16k/Actor_12/03-01-04-01-02-01-12.wav,12,04,Sad,16000,1.696
ravdess,03-01-04-01-02-02-12.wav,ravdess/Audio_Speech_Actors_01-24_16k/Actor_12/03-01-04-01-02-02-12.wav,12,04,Sad,16000,1.696
ravdess,03-01-04-02-01-01-12.wav,ravdess/Audio_Speech_Actors_01-24_16k/Actor_12/03-01-04-02-01-01-12.wav,12,04,Sad,16000,1.792
ravdess,03-01-04-02-01-02-12.wav,ravdess/Audio_Speech_Actors_01-24_16k/Actor_12/03-01-04-02-01-02-12.wav,12,04,Sad,16000,1.76
ravdess,03-01-04-02-02-01-12.wav,ravdess/Audio_Speech_Actors_01-24_16k/Actor_12/03-01-04-02-02-01-12.wav,12,04,Sad,16000,2.7798125
ravdess,03-01-04-02-02-02-12.wav,ravdess/Audio_Speech_Actors_01-24_16k/Actor_12/03-01-04-02-02-02-12.wav,12,04,Sad,16000,1.92
ravdess,03-01-05-01-01-01-12.wav,ravdess/Audio_Speech_Actors_01-24_16k/Actor_12/03-01-05-01-01-01-12.wav,12,05,Angry,16000,2.368
ravdess,03-01-05-01-01-02-12.wav,ravdess/Audio_Speech_Actors_01-24_16k/Actor_12/03-01-05-01-01-02-12.wav,12,05,Angry,16000,2.016
ravdess,03-01-05-01-02-01-12.wav,ravdess/Audio_Speech_Actors_01-24_16k/Actor_12/03-01-05-01-02-01-12.wav,12,05,Angry,16000,1.92
ravdess,03-01-05-01-02-02-12.wav,ravdess/Audio_Speech_Actors_01-24_16k/Actor_12/03-01-05-01-02-02-12.wav,12,05,Angry,16000,1.952
ravdess,03-01-05-02-01-01-12.wav,ravdess/Audio_Speech_Actors_01-24_16k/Actor_12/03-01-05-02-01-01-12.wav,12,05,Angry,16000,1.696
ravdess,03-01-05-02-01-02-12.wav,ravdess/Audio_Speech_Actors_01-24_16k/Actor_12/03-01-05-02-01-02-12.wav,12,05,Angry,16000,2.048
ravdess,03-01-05-02-02-01-12.wav,ravdess/Audio_Speech_Actors_01-24_16k/Actor_12/03-01-05-02-02-01-12.wav,12,05,Angry,16000,1.824
ravdess,03-01-05-02-02-02-12.wav,ravdess/Audio_Speech_Actors_01-24_16k/Actor_12/03-01-05-02-02-02-12.wav,12,05,Angry,16000,2.464
ravdess,03-01-06-01-01-01-12.wav,ravdess/Audio_Speech_Actors_01-24_16k/Actor_12/03-01-06-01-01-01-12.wav,12,06,Fear,16000,2.432
ravdess,03-01-06-01-01-02-12.wav,ravdess/Audio_Speech_Actors_01-24_16k/Actor_12/03-01-06-01-01-02-12.wav,12,06,Fear,16000,1.632
ravdess,03-01-06-01-02-01-12.wav,ravdess/Audio_Speech_Actors_01-24_16k/Actor_12/03-01-06-01-02-01-12.wav,12,06,Fear,16000,1.504
ravdess,03-01-06-01-02-02-12.wav,ravdess/Audio_Speech_Actors_01-24_16k/Actor_12/03-01-06-01-02-02-12.wav,12,06,Fear,16000,1.376
ravdess,03-01-06-02-01-01-12.wav,ravdess/Audio_Speech_Actors_01-24_16k/Actor_12/03-01-06-02-01-01-12.wav,12,06,Fear,16000,2.176
ravdess,03-01-06-02-01-02-12.wav,ravdess/Audio_Speech_Actors_01-24_16k/Actor_12/03-01-06-02-01-02-12.wav,12,06,Fear,16000,2.176
ravdess,03-01-06-02-02-01-12.wav,ravdess/Audio_Speech_Actors_01-24_16k/Actor_12/03-01-06-02-02-01-12.wav,12,06,Fear,16000,1.6
ravdess,03-01-06-02-02-02-12.wav,ravdess/Audio_Speech_Actors_01-24_16k/Actor_12/03-01-06-02-02-02-12.wav,12,06,Fear,16000,2.304
ravdess,03-01-07-01-01-01-12.wav,ravdess/Audio_Speech_Actors_01-24_16k/Actor_12/03-01-07-01-01-01-12.wav,12,07,Disgust,16000,1.856
ravdess,03-01-07-01-01-02-12.wav,ravdess/Audio_Speech_Actors_01-24_16k/Actor_12/03-01-07-01-01-02-12.wav,12,07,Disgust,16000,2.816
ravdess,03-01-07-01-02-01-12.wav,ravdess/Audio_Speech_Actors_01-24_16k/Actor_12/03-01-07-01-02-01-12.wav,12,07,Disgust,16000,1.76
ravdess,03-01-07-01-02-02-12.wav,ravdess/Audio_Speech_Actors_01-24_16k/Actor_12/03-01-07-01-02-02-12.wav,12,07,Disgust,16000,1.888
ravdess,03-01-07-02-01-01-12.wav,ravdess/Audio_Speech_Actors_01-24_16k/Actor_12/03-01-07-02-01-01-12.wav,12,07,Disgust,16000,2.368
ravdess,03-01-07-02-01-02-12.wav,ravdess/Audio_Speech_Actors_01-24_16k/Actor_12/03-01-07-02-01-02-12.wav,12,07,Disgust,16000,2.656
ravdess,03-01-07-02-02-01-12.wav,ravdess/Audio_Speech_Actors_01-24_16k/Actor_12/03-01-07-02-02-01-12.wav,12,07,Disgust,16000,3.136
ravdess,03-01-07-02-02-02-12.wav,ravdess/Audio_Speech_Actors_01-24_16k/Actor_12/03-01-07-02-02-02-12.wav,12,07,Disgust,16000,2.048
ravdess,03-01-08-01-01-01-12.wav,ravdess/Audio_Speech_Actors_01-24_16k/Actor_12/03-01-08-01-01-01-12.wav,12,08,Surprise,16000,1.664
ravdess,03-01-08-01-01-02-12.wav,ravdess/Audio_Speech_Actors_01-24_16k/Actor_12/03-01-08-01-01-02-12.wav,12,08,Surprise,16000,1.664
ravdess,03-01-08-01-02-01-12.wav,ravdess/Audio_Speech_Actors_01-24_16k/Actor_12/03-01-08-01-02-01-12.wav,12,08,Surprise,16000,1.504
ravdess,03-01-08-01-02-02-12.wav,ravdess/Audio_Speech_Actors_01-24_16k/Actor_12/03-01-08-01-02-02-12.wav,12,08,Surprise,16000,1.632
ravdess,03-01-08-02-01-01-12.wav,ravdess/Audio_Speech_Actors_01-24_16k/Actor_12/03-01-08-02-01-01-12.wav,12,08,Surprise,16000,1.728
ravdess,03-01-08-02-01-02-12.wav,ravdess/Audio_Speech_Actors_01-24_16k/Actor_12/03-01-08-02-01-02-12.wav,12,08,Surprise,16000,1.792
ravdess,03-01-08-02-02-01-12.wav,ravdess/Audio_Speech_Actors_01-24_16k/Actor_12/03-01-08-02-02-01-12.wav,12,08,Surprise,16000,1.792
ravdess,03-01-08-02-02-02-12.wav,ravdess/Audio_Speech_Actors_01-24_16k/Actor_12/03-01-08-02-02-02-12.wav,12,08,Surprise,16000,1.696
ravdess,03-01-01-01-01-01-13.wav,ravdess/Audio_Speech_Actors_01-24_16k/Actor_13/03-01-01-01-01-01-13.wav,13,01,Neutral,16000,1.28
ravdess,03-01-01-01-01-02-13.wav,ravdess/Audio_Speech_Actors_01-24_16k/Actor_13/03-01-01-01-01-02-13.wav,13,01,Neutral,16000,1.312
ravdess,03-01-01-01-02-01-13.wav,ravdess/Audio_Speech_Actors_01-24_16k/Actor_13/03-01-01-01-02-01-13.wav,13,01,Neutral,16000,1.216
ravdess,03-01-01-01-02-02-13.wav,ravdess/Audio_Speech_Actors_01-24_16k/Actor_13/03-01-01-01-02-02-13.wav,13,01,Neutral,16000,1.248
ravdess,03-01-03-01-01-01-13.wav,ravdess/Audio_Speech_Actors_01-24_16k/Actor_13/03-01-03-01-01-01-13.wav,13,03,Happy,16000,1.344
ravdess,03-01-03-01-01-02-13.wav,ravdess/Audio_Speech_Actors_01-24_16k/Actor_13/03-01-03-01-01-02-13.wav,13,03,Happy,16000,1.344
ravdess,03-01-03-01-02-01-13.wav,ravdess/Audio_Speech_Actors_01-24_16k/Actor_13/03-01-03-01-02-01-13.wav,13,03,Happy,16000,1.248
ravdess,03-01-03-01-02-02-13.wav,ravdess/Audio_Speech_Actors_01-24_16k/Actor_13/03-01-03-01-02-02-13.wav,13,03,Happy,16000,1.408
ravdess,03-01-03-02-01-01-13.wav,ravdess/Audio_Speech_Actors_01-24_16k/Actor_13/03-01-03-02-01-01-13.wav,13,03,Happy,16000,1.632
ravdess,03-01-03-02-01-02-13.wav,ravdess/Audio_Speech_Actors_01-24_16k/Actor_13/03-01-03-02-01-02-13.wav,13,03,Happy,16000,2.048
ravdess,03-01-03-02-02-01-13.wav,ravdess/Audio_Speech_Actors_01-24_16k/Actor_13/03-01-03-02-02-01-13.wav,13,03,Happy,16000,1.536
ravdess,03-01-03-02-02-02-13.wav,ravdess/Audio_Speech_Actors_01-24_16k/Actor_13/03-01-03-02-02-02-13.wav,13,03,Happy,16000,1.472
ravdess,03-01-04-01-01-01-13.wav,ravdess/Audio_Speech_Actors_01-24_16k/Actor_13/03-01-04-01-01-01-13.wav,13,04,Sad,16000,1.728
ravdess,03-01-04-01-01-02-13.wav,ravdess/Audio_Speech_Actors_01-24_16k/Actor_13/03-01-04-01-01-02-13.wav,13,04,Sad,16000,1.696
ravdess,03-01-04-01-02-01-13.wav,ravdess/Audio_Speech_Actors_01-24_16k/Actor_13/03-01-04-01-02-01-13.wav,13,04,Sad,16000,1.568
ravdess,03-01-04-01-02-02-13.wav,ravdess/Audio_Speech_Actors_01-24_16k/Actor_13/03-01-04-01-02-02-13.wav,13,04,Sad,16000,1.504
ravdess,03-01-04-02-01-01-13.wav,ravdess/Audio_Speech_Actors_01-24_16k/Actor_13/03-01-04-02-01-01-13.wav,13,04,Sad,16000,1.408
ravdess,03-01-04-02-01-02-13.wav,ravdess/Audio_Speech_Actors_01-24_16k/Actor_13/03-01-04-02-01-02-13.wav,13,04,Sad,16000,1.44
ravdess,03-01-04-02-02-01-13.wav,ravdess/Audio_Speech_Actors_01-24_16k/Actor_13/03-01-04-02-02-01-13.wav,13,04,Sad,16000,1.6
ravdess,03-01-04-02-02-02-13.wav,ravdess/Audio_Speech_Actors_01-24_16k/Actor_13/03-01-04-02-02-02-13.wav,13,04,Sad,16000,1.44
ravdess,03-01-05-01-01-01-13.wav,ravdess/Audio_Speech_Actors_01-24_16k/Actor_13/03-01-05-01-01-01-13.wav,13,05,Angry,16000,1.568
ravdess,03-01-05-01-01-02-13.wav,ravdess/Audio_Speech_Actors_01-24_16k/Actor_13/03-01-05-01-01-02-13.wav,13,05,Angry,16000,1.664
ravdess,03-01-05-01-02-01-13.wav,ravdess/Audio_Speech_Actors_01-24_16k/Actor_13/03-01-05-01-02-01-13.wav,13,05,Angry,16000,1.696
ravdess,03-01-05-01-02-02-13.wav,ravdess/Audio_Speech_Actors_01-24_16k/Actor_13/03-01-05-01-02-02-13.wav,13,05,Angry,16000,1.504
ravdess,03-01-05-02-01-01-13.wav,ravdess/Audio_Speech_Actors_01-24_16k/Actor_13/03-01-05-02-01-01-13.wav,13,05,Angry,16000,1.696
ravdess,03-01-05-02-01-02-13.wav,ravdess/Audio_Speech_Actors_01-24_16k/Actor_13/03-01-05-02-01-02-13.wav,13,05,Angry,16000,2.336
ravdess,03-01-05-02-02-01-13.wav,ravdess/Audio_Speech_Actors_01-24_16k/Actor_13/03-01-05-02-02-01-13.wav,13,05,Angry,16000,1.76
ravdess,03-01-05-02-02-02-13.wav,ravdess/Audio_Speech_Actors_01-24_16k/Actor_13/03-01-05-02-02-02-13.wav,13,05,Angry,16000,2.24
ravdess,03-01-06-01-01-01-13.wav,ravdess/Audio_Speech_Actors_01-24_16k/Actor_13/03-01-06-01-01-01-13.wav,13,06,Fear,16000,1.28
ravdess,03-01-06-01-01-02-13.wav,ravdess/Audio_Speech_Actors_01-24_16k/Actor_13/03-01-06-01-01-02-13.wav,13,06,Fear,16000,1.312
ravdess,03-01-06-01-02-01-13.wav,ravdess/Audio_Speech_Actors_01-24_16k/Actor_13/03-01-06-01-02-01-13.wav,13,06,Fear,16000,1.344
ravdess,03-01-06-01-02-02-13.wav,ravdess/Audio_Speech_Actors_01-24_16k/Actor_13/03-01-06-01-02-02-13.wav,13,06,Fear,16000,1.376
ravdess,03-01-06-02-01-01-13.wav,ravdess/Audio_Speech_Actors_01-24_16k/Actor_13/03-01-06-02-01-01-13.wav,13,06,Fear,16000,1.504
ravdess,03-01-06-02-01-02-13.wav,ravdess/Audio_Speech_Actors_01-24_16k/Actor_13/03-01-06-02-01-02-13.wav,13,06,Fear,16000,1.44
ravdess,03-01-06-02-02-01-13.wav,ravdess/Audio_Speech_Actors_01-24_16k/Actor_13/03-01-06-02-02-01-13.wav,13,06,Fear,16000,1.632
ravdess,03-01-06-02-02-02-13.wav,ravdess/Audio_Speech_Actors_01-24_16k/Actor_13/03-01-06-02-02-02-13.wav,13,06,Fear,16000,1.376
ravdess,03-01-07-01-01-01-13.wav,ravdess/Audio_Speech_Actors_01-24_16k/Actor_13/03-01-07-01-01-01-13.wav,13,07,Disgust,16000,1.344
ravdess,03-01-07-01-01-02-13.wav,ravdess/Audio_Speech_Actors_01-24_16k/Actor_13/03-01-07-01-01-02-13.wav,13,07,Disgust,16000,1.344
ravdess,03-01-07-01-02-01-13.wav,ravdess/Audio_Speech_Actors_01-24_16k/Actor_13/03-01-07-01-02-01-13.wav,13,07,Disgust,16000,1.44
ravdess,03-01-07-01-02-02-13.wav,ravdess/Audio_Speech_Actors_01-24_16k/Actor_13/03-01-07-01-02-02-13.wav,13,07,Disgust,16000,1.408
ravdess,03-01-07-02-01-01-13.wav,ravdess/Audio_Speech_Actors_01-24_16k/Actor_13/03-01-07-02-01-01-13.wav,13,07,Disgust,16000,1.6
ravdess,03-01-07-02-01-02-13.wav,ravdess/Audio_Speech_Actors_01-24_16k/Actor_13/03-01-07-02-01-02-13.wav,13,07,Disgust,16000,2.016
ravdess,03-01-07-02-02-01-13.wav,ravdess/Audio_Speech_Actors_01-24_16k/Actor_13/03-01-07-02-02-01-13.wav,13,07,Disgust,16000,1.536
ravdess,03-01-07-02-02-02-13.wav,ravdess/Audio_Speech_Actors_01-24_16k/Actor_13/03-01-07-02-02-02-13.wav,13,07,Disgust,16000,1.568
ravdess,03-01-08-01-01-01-13.wav,ravdess/Audio_Speech_Actors_01-24_16k/Actor_13/03-01-08-01-01-01-13.wav,13,08,Surprise,16000,1.504
ravdess,03-01-08-01-01-02-13.wav,ravdess/Audio_Speech_Actors_01-24_16k/Actor_13/03-01-08-01-01-02-13.wav,13,08,Surprise,16000,1.28
ravdess,03-01-08-01-02-01-13.wav,ravdess/Audio_Speech_Actors_01-24_16k/Actor_13/03-01-08-01-02-01-13.wav,13,08,Surprise,16000,1.28
ravdess,03-01-08-01-02-02-13.wav,ravdess/Audio_Speech_Actors_01-24_16k/Actor_13/03-01-08-01-02-02-13.wav,13,08,Surprise,16000,1.184
ravdess,03-01-08-02-01-01-13.wav,ravdess/Audio_Speech_Actors_01-24_16k/Actor_13/03-01-08-02-01-01-13.wav,13,08,Surprise,16000,1.44
ravdess,03-01-08-02-01-02-13.wav,ravdess/Audio_Speech_Actors_01-24_16k/Actor_13/03-01-08-02-01-02-13.wav,13,08,Surprise,16000,1.472
ravdess,03-01-08-02-02-01-13.wav,ravdess/Audio_Speech_Actors_01-24_16k/Actor_13/03-01-08-02-02-01-13.wav,13,08,Surprise,16000,1.472
ravdess,03-01-08-02-02-02-13.wav,ravdess/Audio_Speech_Actors_01-24_16k/Actor_13/03-01-08-02-02-02-13.wav,13,08,Surprise,16000,1.44
ravdess,03-01-01-01-01-01-14.wav,ravdess/Audio_Speech_Actors_01-24_16k/Actor_14/03-01-01-01-01-01-14.wav,14,01,Neutral,16000,1.568
ravdess,03-01-01-01-01-02-14.wav,ravdess/Audio_Speech_Actors_01-24_16k/Actor_14/03-01-01-01-01-02-14.wav,14,01,Neutral,16000,1.44
ravdess,03-01-01-01-02-01-14.wav,ravdess/Audio_Speech_Actors_01-24_16k/Actor_14/03-01-01-01-02-01-14.wav,14,01,Neutral,16000,1.536
ravdess,03-01-01-01-02-02-14.wav,ravdess/Audio_Speech_Actors_01-24_16k/Actor_14/03-01-01-01-02-02-14.wav,14,01,Neutral,16000,1.632
ravdess,03-01-03-01-01-01-14.wav,ravdess/Audio_Speech_Actors_01-24_16k/Actor_14/03-01-03-01-01-01-14.wav,14,03,Happy,16000,1.856
ravdess,03-01-03-01-01-02-14.wav,ravdess/Audio_Speech_Actors_01-24_16k/Actor_14/03-01-03-01-01-02-14.wav,14,03,Happy,16000,1.76
ravdess,03-01-03-01-02-01-14.wav,ravdess/Audio_Speech_Actors_01-24_16k/Actor_14/03-01-03-01-02-01-14.wav,14,03,Happy,16000,1.408
ravdess,03-01-03-01-02-02-14.wav,ravdess/Audio_Speech_Actors_01-24_16k/Actor_14/03-01-03-01-02-02-14.wav,14,03,Happy,16000,1.568
ravdess,03-01-03-02-01-01-14.wav,ravdess/Audio_Speech_Actors_01-24_16k/Actor_14/03-01-03-02-01-01-14.wav,14,03,Happy,16000,1.984
ravdess,03-01-03-02-01-02-14.wav,ravdess/Audio_Speech_Actors_01-24_16k/Actor_14/03-01-03-02-01-02-14.wav,14,03,Happy,16000,1.856
ravdess,03-01-03-02-02-01-14.wav,ravdess/Audio_Speech_Actors_01-24_16k/Actor_14/03-01-03-02-02-01-14.wav,14,03,Happy,16000,1.824
ravdess,03-01-03-02-02-02-14.wav,ravdess/Audio_Speech_Actors_01-24_16k/Actor_14/03-01-03-02-02-02-14.wav,14,03,Happy,16000,1.984
ravdess,03-01-04-01-01-01-14.wav,ravdess/Audio_Speech_Actors_01-24_16k/Actor_14/03-01-04-01-01-01-14.wav,14,04,Sad,16000,2.016
ravdess,03-01-04-01-01-02-14.wav,ravdess/Audio_Speech_Actors_01-24_16k/Actor_14/03-01-04-01-01-02-14.wav,14,04,Sad,16000,1.696
ravdess,03-01-04-01-02-01-14.wav,ravdess/Audio_Speech_Actors_01-24_16k/Actor_14/03-01-04-01-02-01-14.wav,14,04,Sad,16000,1.824
ravdess,03-01-04-01-02-02-14.wav,ravdess/Audio_Speech_Actors_01-24_16k/Actor_14/03-01-04-01-02-02-14.wav,14,04,Sad,16000,1.568
ravdess,03-01-04-02-01-01-14.wav,ravdess/Audio_Speech_Actors_01-24_16k/Actor_14/03-01-04-02-01-01-14.wav,14,04,Sad,16000,1.92
ravdess,03-01-04-02-01-02-14.wav,ravdess/Audio_Speech_Actors_01-24_16k/Actor_14/03-01-04-02-01-02-14.wav,14,04,Sad,16000,1.728
ravdess,03-01-04-02-02-01-14.wav,ravdess/Audio_Speech_Actors_01-24_16k/Actor_14/03-01-04-02-02-01-14.wav,14,04,Sad,16000,1.728
ravdess,03-01-04-02-02-02-14.wav,ravdess/Audio_Speech_Actors_01-24_16k/Actor_14/03-01-04-02-02-02-14.wav,14,04,Sad,16000,1.952
ravdess,03-01-05-01-01-01-14.wav,ravdess/Audio_Speech_Actors_01-24_16k/Actor_14/03-01-05-01-01-01-14.wav,14,05,Angry,16000,1.568
ravdess,03-01-05-01-01-02-14.wav,ravdess/Audio_Speech_Actors_01-24_16k/Actor_14/03-01-05-01-01-02-14.wav,14,05,Angry,16000,1.728
ravdess,03-01-05-01-02-01-14.wav,ravdess/Audio_Speech_Actors_01-24_16k/Actor_14/03-01-05-01-02-01-14.wav,14,05,Angry,16000,1.696
ravdess,03-01-05-01-02-02-14.wav,ravdess/Audio_Speech_Actors_01-24_16k/Actor_14/03-01-05-01-02-02-14.wav,14,05,Angry,16000,1.92
ravdess,03-01-05-02-01-01-14.wav,ravdess/Audio_Speech_Actors_01-24_16k/Actor_14/03-01-05-02-01-01-14.wav,14,05,Angry,16000,2.24
ravdess,03-01-05-02-01-02-14.wav,ravdess/Audio_Speech_Actors_01-24_16k/Actor_14/03-01-05-02-01-02-14.wav,14,05,Angry,16000,2.336
ravdess,03-01-05-02-02-01-14.wav,ravdess/Audio_Speech_Actors_01-24_16k/Actor_14/03-01-05-02-02-01-14.wav,14,05,Angry,16000,2.112
ravdess,03-01-05-02-02-02-14.wav,ravdess/Audio_Speech_Actors_01-24_16k/Actor_14/03-01-05-02-02-02-14.wav,14,05,Angry,16000,2.368
ravdess,03-01-06-01-01-01-14.wav,ravdess/Audio_Speech_Actors_01-24_16k/Actor_14/03-01-06-01-01-01-14.wav,14,06,Fear,16000,1.792
ravdess,03-01-06-01-01-02-14.wav,ravdess/Audio_Speech_Actors_01-24_16k/Actor_14/03-01-06-01-01-02-14.wav,14,06,Fear,16000,2.016
ravdess,03-01-06-01-02-01-14.wav,ravdess/Audio_Speech_Actors_01-24_16k/Actor_14/03-01-06-01-02-01-14.wav,14,06,Fear,16000,1.44
ravdess,03-01-06-01-02-02-14.wav,ravdess/Audio_Speech_Actors_01-24_16k/Actor_14/03-01-06-01-02-02-14.wav,14,06,Fear,16000,1.408
ravdess,03-01-06-02-01-01-14.wav,ravdess/Audio_Speech_Actors_01-24_16k/Actor_14/03-01-06-02-01-01-14.wav,14,06,Fear,16000,1.408
ravdess,03-01-06-02-01-02-14.wav,ravdess/Audio_Speech_Actors_01-24_16k/Actor_14/03-01-06-02-01-02-14.wav,14,06,Fear,16000,1.376
ravdess,03-01-06-02-02-01-14.wav,ravdess/Audio_Speech_Actors_01-24_16k/Actor_14/03-01-06-02-02-01-14.wav,14,06,Fear,16000,1.472
ravdess,03-01-06-02-02-02-14.wav,ravdess/Audio_Speech_Actors_01-24_16k/Actor_14/03-01-06-02-02-02-14.wav,14,06,Fear,16000,1.504
ravdess,03-01-07-01-01-01-14.wav,ravdess/Audio_Speech_Actors_01-24_16k/Actor_14/03-01-07-01-01-01-14.wav,14,07,Disgust,16000,2.112
ravdess,03-01-07-01-01-02-14.wav,ravdess/Audio_Speech_Actors_01-24_16k/Actor_14/03-01-07-01-01-02-14.wav,14,07,Disgust,16000,1.76
ravdess,03-01-07-01-02-01-14.wav,ravdess/Audio_Speech_Actors_01-24_16k/Actor_14/03-01-07-01-02-01-14.wav,14,07,Disgust,16000,1.856
ravdess,03-01-07-01-02-02-14.wav,ravdess/Audio_Speech_Actors_01-24_16k/Actor_14/03-01-07-01-02-02-14.wav,14,07,Disgust,16000,1.856
ravdess,03-01-07-02-01-01-14.wav,ravdess/Audio_Speech_Actors_01-24_16k/Actor_14/03-01-07-02-01-01-14.wav,14,07,Disgust,16000,2.048
ravdess,03-01-07-02-01-02-14.wav,ravdess/Audio_Speech_Actors_01-24_16k/Actor_14/03-01-07-02-01-02-14.wav,14,07,Disgust,16000,1.856
ravdess,03-01-07-02-02-01-14.wav,ravdess/Audio_Speech_Actors_01-24_16k/Actor_14/03-01-07-02-02-01-14.wav,14,07,Disgust,16000,1.76
ravdess,03-01-07-02-02-02-14.wav,ravdess/Audio_Speech_Actors_01-24_16k/Actor_14/03-01-07-02-02-02-14.wav,14,07,Disgust,16000,1.856
ravdess,03-01-08-01-01-01-14.wav,ravdess/Audio_Speech_Actors_01-24_16k/Actor_14/03-01-08-01-01-01-14.wav,14,08,Surprise,16000,1.728
ravdess,03-01-08-01-01-02-14.wav,ravdess/Audio_Speech_Actors_01-24_16k/Actor_14/03-01-08-01-01-02-14.wav,14,08,Surprise,16000,1.664
ravdess,03-01-08-01-02-01-14.wav,ravdess/Audio_Speech_Actors_01-24_16k/Actor_14/03-01-08-01-02-01-14.wav,14,08,Surprise,16000,1.28
ravdess,03-01-08-01-02-02-14.wav,ravdess/Audio_Speech_Actors_01-24_16k/Actor_14/03-01-08-01-02-02-14.wav,14,08,Surprise,16000,1.408
ravdess,03-01-08-02-01-01-14.wav,ravdess/Audio_Speech_Actors_01-24_16k/Actor_14/03-01-08-02-01-01-14.wav,14,08,Surprise,16000,2.048
ravdess,03-01-08-02-01-02-14.wav,ravdess/Audio_Speech_Actors_01-24_16k/Actor_14/03-01-08-02-01-02-14.wav,14,08,Surprise,16000,1.728
ravdess,03-01-08-02-02-01-14.wav,ravdess/Audio_Speech_Actors_01-24_16k/Actor_14/03-01-08-02-02-01-14.wav,14,08,Surprise,16000,1.76
ravdess,03-01-08-02-02-02-14.wav,ravdess/Audio_Speech_Actors_01-24_16k/Actor_14/03-01-08-02-02-02-14.wav,14,08,Surprise,16000,1.792
ravdess,03-01-01-01-01-01-15.wav,ravdess/Audio_Speech_Actors_01-24_16k/Actor_15/03-01-01-01-01-01-15.wav,15,01,Neutral,16000,1.408
ravdess,03-01-01-01-01-02-15.wav,ravdess/Audio_Speech_Actors_01-24_16k/Actor_15/03-01-01-01-01-02-15.wav,15,01,Neutral,16000,1.504
ravdess,03-01-01-01-02-01-15.wav,ravdess/Audio_Speech_Actors_01-24_16k/Actor_15/03-01-01-01-02-01-15.wav,15,01,Neutral,16000,1.536
ravdess,03-01-01-01-02-02-15.wav,ravdess/Audio_Speech_Actors_01-24_16k/Actor_15/03-01-01-01-02-02-15.wav,15,01,Neutral,16000,1.472
ravdess,03-01-03-01-01-01-15.wav,ravdess/Audio_Speech_Actors_01-24_16k/Actor_15/03-01-03-01-01-01-15.wav,15,03,Happy,16000,1.44
ravdess,03-01-03-01-01-02-15.wav,ravdess/Audio_Speech_Actors_01-24_16k/Actor_15/03-01-03-01-01-02-15.wav,15,03,Happy,16000,2.3446875
ravdess,03-01-03-01-02-01-15.wav,ravdess/Audio_Speech_Actors_01-24_16k/Actor_15/03-01-03-01-02-01-15.wav,15,03,Happy,16000,1.6
ravdess,03-01-03-01-02-02-15.wav,ravdess/Audio_Speech_Actors_01-24_16k/Actor_15/03-01-03-01-02-02-15.wav,15,03,Happy,16000,1.44
ravdess,03-01-03-02-01-01-15.wav,ravdess/Audio_Speech_Actors_01-24_16k/Actor_15/03-01-03-02-01-01-15.wav,15,03,Happy,16000,1.824
ravdess,03-01-03-02-01-02-15.wav,ravdess/Audio_Speech_Actors_01-24_16k/Actor_15/03-01-03-02-01-02-15.wav,15,03,Happy,16000,1.536
ravdess,03-01-03-02-02-01-15.wav,ravdess/Audio_Speech_Actors_01-24_16k/Actor_15/03-01-03-02-02-01-15.wav,15,03,Happy,16000,1.984
ravdess,03-01-03-02-02-02-15.wav,ravdess/Audio_Speech_Actors_01-24_16k/Actor_15/03-01-03-02-02-02-15.wav,15,03,Happy,16000,1.44
ravdess,03-01-04-01-01-01-15.wav,ravdess/Audio_Speech_Actors_01-24_16k/Actor_15/03-01-04-01-01-01-15.wav,15,04,Sad,16000,2.144
ravdess,03-01-04-01-01-02-15.wav,ravdess/Audio_Speech_Actors_01-24_16k/Actor_15/03-01-04-01-01-02-15.wav,15,04,Sad,16000,2.304
ravdess,03-01-04-01-02-01-15.wav,ravdess/Audio_Speech_Actors_01-24_16k/Actor_15/03-01-04-01-02-01-15.wav,15,04,Sad,16000,1.408
ravdess,03-01-04-01-02-02-15.wav,ravdess/Audio_Speech_Actors_01-24_16k/Actor_15/03-01-04-01-02-02-15.wav,15,04,Sad,16000,2.56
ravdess,03-01-04-02-01-01-15.wav,ravdess/Audio_Speech_Actors_01-24_16k/Actor_15/03-01-04-02-01-01-15.wav,15,04,Sad,16000,1.792
ravdess,03-01-04-02-01-02-15.wav,ravdess/Audio_Speech_Actors_01-24_16k/Actor_15/03-01-04-02-01-02-15.wav,15,04,Sad,16000,1.984
ravdess,03-01-04-02-02-01-15.wav,ravdess/Audio_Speech_Actors_01-24_16k/Actor_15/03-01-04-02-02-01-15.wav,15,04,Sad,16000,1.632
ravdess,03-01-04-02-02-02-15.wav,ravdess/Audio_Speech_Actors_01-24_16k/Actor_15/03-01-04-02-02-02-15.wav,15,04,Sad,16000,2.464
ravdess,03-01-05-01-01-01-15.wav,ravdess/Audio_Speech_Actors_01-24_16k/Actor_15/03-01-05-01-01-01-15.wav,15,05,Angry,16000,1.632
ravdess,03-01-05-01-01-02-15.wav,ravdess/Audio_Speech_Actors_01-24_16k/Actor_15/03-01-05-01-01-02-15.wav,15,05,Angry,16000,1.632
ravdess,03-01-05-01-02-01-15.wav,ravdess/Audio_Speech_Actors_01-24_16k/Actor_15/03-01-05-01-02-01-15.wav,15,05,Angry,16000,2.432
ravdess,03-01-05-01-02-02-15.wav,ravdess/Audio_Speech_Actors_01-24_16k/Actor_15/03-01-05-01-02-02-15.wav,15,05,Angry,16000,1.568
ravdess,03-01-05-02-01-01-15.wav,ravdess/Audio_Speech_Actors_01-24_16k/Actor_15/03-01-05-02-01-01-15.wav,15,05,Angry,16000,1.568
ravdess,03-01-05-02-01-02-15.wav,ravdess/Audio_Speech_Actors_01-24_16k/Actor_15/03-01-05-02-01-02-15.wav,15,05,Angry,16000,1.792
ravdess,03-01-05-02-02-01-15.wav,ravdess/Audio_Speech_Actors_01-24_16k/Actor_15/03-01-05-02-02-01-15.wav,15,05,Angry,16000,1.504
ravdess,03-01-05-02-02-02-15.wav,ravdess/Audio_Speech_Actors_01-24_16k/Actor_15/03-01-05-02-02-02-15.wav,15,05,Angry,16000,1.664
ravdess,03-01-06-01-01-01-15.wav,ravdess/Audio_Speech_Actors_01-24_16k/Actor_15/03-01-06-01-01-01-15.wav,15,06,Fear,16000,2.176
ravdess,03-01-06-01-01-02-15.wav,ravdess/Audio_Speech_Actors_01-24_16k/Actor_15/03-01-06-01-01-02-15.wav,15,06,Fear,16000,1.856
ravdess,03-01-06-01-02-01-15.wav,ravdess/Audio_Speech_Actors_01-24_16k/Actor_15/03-01-06-01-02-01-15.wav,15,06,Fear,16000,1.856
ravdess,03-01-06-01-02-02-15.wav,ravdess/Audio_Speech_Actors_01-24_16k/Actor_15/03-01-06-01-02-02-15.wav,15,06,Fear,16000,2.816
ravdess,03-01-06-02-01-01-15.wav,ravdess/Audio_Speech_Actors_01-24_16k/Actor_15/03-01-06-02-01-01-15.wav,15,06,Fear,16000,1.952
ravdess,03-01-06-02-01-02-15.wav,ravdess/Audio_Speech_Actors_01-24_16k/Actor_15/03-01-06-02-01-02-15.wav,15,06,Fear,16000,1.824
ravdess,03-01-06-02-02-01-15.wav,ravdess/Audio_Speech_Actors_01-24_16k/Actor_15/03-01-06-02-02-01-15.wav,15,06,Fear,16000,2.304
ravdess,03-01-06-02-02-02-15.wav,ravdess/Audio_Speech_Actors_01-24_16k/Actor_15/03-01-06-02-02-02-15.wav,15,06,Fear,16000,1.568
ravdess,03-01-07-01-01-01-15.wav,ravdess/Audio_Speech_Actors_01-24_16k/Actor_15/03-01-07-01-01-01-15.wav,15,07,Disgust,16000,2.496
ravdess,03-01-07-01-01-02-15.wav,ravdess/Audio_Speech_Actors_01-24_16k/Actor_15/03-01-07-01-01-02-15.wav,15,07,Disgust,16000,1.824
ravdess,03-01-07-01-02-01-15.wav,ravdess/Audio_Speech_Actors_01-24_16k/Actor_15/03-01-07-01-02-01-15.wav,15,07,Disgust,16000,1.984
ravdess,03-01-07-01-02-02-15.wav,ravdess/Audio_Speech_Actors_01-24_16k/Actor_15/03-01-07-01-02-02-15.wav,15,07,Disgust,16000,2.368
ravdess,03-01-07-02-01-01-15.wav,ravdess/Audio_Speech_Actors_01-24_16k/Actor_15/03-01-07-02-01-01-15.wav,15,07,Disgust,16000,1.824
ravdess,03-01-07-02-01-02-15.wav,ravdess/Audio_Speech_Actors_01-24_16k/Actor_15/03-01-07-02-01-02-15.wav,15,07,Disgust,16000,2.752
ravdess,03-01-07-02-02-01-15.wav,ravdess/Audio_Speech_Actors_01-24_16k/Actor_15/03-01-07-02-02-01-15.wav,15,07,Disgust,16000,2.272
ravdess,03-01-07-02-02-02-15.wav,ravdess/Audio_Speech_Actors_01-24_16k/Actor_15/03-01-07-02-02-02-15.wav,15,07,Disgust,16000,2.528
ravdess,03-01-08-01-01-01-15.wav,ravdess/Audio_Speech_Actors_01-24_16k/Actor_15/03-01-08-01-01-01-15.wav,15,08,Surprise,16000,2.688
ravdess,03-01-08-01-01-02-15.wav,ravdess/Audio_Speech_Actors_01-24_16k/Actor_15/03-01-08-01-01-02-15.wav,15,08,Surprise,16000,1.536
ravdess,03-01-08-01-02-01-15.wav,ravdess/Audio_Speech_Actors_01-24_16k/Actor_15/03-01-08-01-02-01-15.wav,15,08,Surprise,16000,1.792
ravdess,03-01-08-01-02-02-15.wav,ravdess/Audio_Speech_Actors_01-24_16k/Actor_15/03-01-08-01-02-02-15.wav,15,08,Surprise,16000,1.76
ravdess,03-01-08-02-01-01-15.wav,ravdess/Audio_Speech_Actors_01-24_16k/Actor_15/03-01-08-02-01-01-15.wav,15,08,Surprise,16000,1.44
ravdess,03-01-08-02-01-02-15.wav,ravdess/Audio_Speech_Actors_01-24_16k/Actor_15/03-01-08-02-01-02-15.wav,15,08,Surprise,16000,1.696
ravdess,03-01-08-02-02-01-15.wav,ravdess/Audio_Speech_Actors_01-24_16k/Actor_15/03-01-08-02-02-01-15.wav,15,08,Surprise,16000,1.28
ravdess,03-01-08-02-02-02-15.wav,ravdess/Audio_Speech_Actors_01-24_16k/Actor_15/03-01-08-02-02-02-15.wav,15,08,Surprise,16000,1.856
ravdess,03-01-01-01-01-01-16.wav,ravdess/Audio_Speech_Actors_01-24_16k/Actor_16/03-01-01-01-01-01-16.wav,16,01,Neutral,16000,1.888
ravdess,03-01-01-01-01-02-16.wav,ravdess/Audio_Speech_Actors_01-24_16k/Actor_16/03-01-01-01-01-02-16.wav,16,01,Neutral,16000,1.888
ravdess,03-01-01-01-02-01-16.wav,ravdess/Audio_Speech_Actors_01-24_16k/Actor_16/03-01-01-01-02-01-16.wav,16,01,Neutral,16000,1.76
ravdess,03-01-01-01-02-02-16.wav,ravdess/Audio_Speech_Actors_01-24_16k/Actor_16/03-01-01-01-02-02-16.wav,16,01,Neutral,16000,1.696
ravdess,03-01-03-01-01-01-16.wav,ravdess/Audio_Speech_Actors_01-24_16k/Actor_16/03-01-03-01-01-01-16.wav,16,03,Happy,16000,1.728
ravdess,03-01-03-01-01-02-16.wav,ravdess/Audio_Speech_Actors_01-24_16k/Actor_16/03-01-03-01-01-02-16.wav,16,03,Happy,16000,1.76
ravdess,03-01-03-01-02-01-16.wav,ravdess/Audio_Speech_Actors_01-24_16k/Actor_16/03-01-03-01-02-01-16.wav,16,03,Happy,16000,1.792
ravdess,03-01-03-01-02-02-16.wav,ravdess/Audio_Speech_Actors_01-24_16k/Actor_16/03-01-03-01-02-02-16.wav,16,03,Happy,16000,1.728
ravdess,03-01-03-02-01-01-16.wav,ravdess/Audio_Speech_Actors_01-24_16k/Actor_16/03-01-03-02-01-01-16.wav,16,03,Happy,16000,1.856
ravdess,03-01-03-02-01-02-16.wav,ravdess/Audio_Speech_Actors_01-24_16k/Actor_16/03-01-03-02-01-02-16.wav,16,03,Happy,16000,1.632
ravdess,03-01-03-02-02-01-16.wav,ravdess/Audio_Speech_Actors_01-24_16k/Actor_16/03-01-03-02-02-01-16.wav,16,03,Happy,16000,1.792
ravdess,03-01-03-02-02-02-16.wav,ravdess/Audio_Speech_Actors_01-24_16k/Actor_16/03-01-03-02-02-02-16.wav,16,03,Happy,16000,1.824
ravdess,03-01-04-01-01-01-16.wav,ravdess/Audio_Speech_Actors_01-24_16k/Actor_16/03-01-04-01-01-01-16.wav,16,04,Sad,16000,1.728
ravdess,03-01-04-01-01-02-16.wav,ravdess/Audio_Speech_Actors_01-24_16k/Actor_16/03-01-04-01-01-02-16.wav,16,04,Sad,16000,1.728
ravdess,03-01-04-01-02-01-16.wav,ravdess/Audio_Speech_Actors_01-24_16k/Actor_16/03-01-04-01-02-01-16.wav,16,04,Sad,16000,1.568
ravdess,03-01-04-01-02-02-16.wav,ravdess/Audio_Speech_Actors_01-24_16k/Actor_16/03-01-04-01-02-02-16.wav,16,04,Sad,16000,1.696
ravdess,03-01-04-02-01-01-16.wav,ravdess/Audio_Speech_Actors_01-24_16k/Actor_16/03-01-04-02-01-01-16.wav,16,04,Sad,16000,2.176
ravdess,03-01-04-02-01-02-16.wav,ravdess/Audio_Speech_Actors_01-24_16k/Actor_16/03-01-04-02-01-02-16.wav,16,04,Sad,16000,2.272
ravdess,03-01-04-02-02-01-16.wav,ravdess/Audio_Speech_Actors_01-24_16k/Actor_16/03-01-04-02-02-01-16.wav,16,04,Sad,16000,1.92
ravdess,03-01-04-02-02-02-16.wav,ravdess/Audio_Speech_Actors_01-24_16k/Actor_16/03-01-04-02-02-02-16.wav,16,04,Sad,16000,2.112
ravdess,03-01-05-01-01-01-16.wav,ravdess/Audio_Speech_Actors_01-24_16k/Actor_16/03-01-05-01-01-01-16.wav,16,05,Angry,16000,2.08
ravdess,03-01-05-01-01-02-16.wav,ravdess/Audio_Speech_Actors_01-24_16k/Actor_16/03-01-05-01-01-02-16.wav,16,05,Angry,16000,2.048
ravdess,03-01-05-01-02-01-16.wav,ravdess/Audio_Speech_Actors_01-24_16k/Actor_16/03-01-05-01-02-01-16.wav,16,05,Angry,16000,1.984
ravdess,03-01-05-01-02-02-16.wav,ravdess/Audio_Speech_Actors_01-24_16k/Actor_16/03-01-05-01-02-02-16.wav,16,05,Angry,16000,1.984
ravdess,03-01-05-02-01-01-16.wav,ravdess/Audio_Speech_Actors_01-24_16k/Actor_16/03-01-05-02-01-01-16.wav,16,05,Angry,16000,1.984
ravdess,03-01-05-02-01-02-16.wav,ravdess/Audio_Speech_Actors_01-24_16k/Actor_16/03-01-05-02-01-02-16.wav,16,05,Angry,16000,1.76
ravdess,03-01-05-02-02-01-16.wav,ravdess/Audio_Speech_Actors_01-24_16k/Actor_16/03-01-05-02-02-01-16.wav,16,05,Angry,16000,1.792
ravdess,03-01-05-02-02-02-16.wav,ravdess/Audio_Speech_Actors_01-24_16k/Actor_16/03-01-05-02-02-02-16.wav,16,05,Angry,16000,2.144
ravdess,03-01-06-01-01-01-16.wav,ravdess/Audio_Speech_Actors_01-24_16k/Actor_16/03-01-06-01-01-01-16.wav,16,06,Fear,16000,1.632
ravdess,03-01-06-01-01-02-16.wav,ravdess/Audio_Speech_Actors_01-24_16k/Actor_16/03-01-06-01-01-02-16.wav,16,06,Fear,16000,1.568
ravdess,03-01-06-01-02-01-16.wav,ravdess/Audio_Speech_Actors_01-24_16k/Actor_16/03-01-06-01-02-01-16.wav,16,06,Fear,16000,1.696
ravdess,03-01-06-01-02-02-16.wav,ravdess/Audio_Speech_Actors_01-24_16k/Actor_16/03-01-06-01-02-02-16.wav,16,06,Fear,16000,1.632
ravdess,03-01-06-02-01-01-16.wav,ravdess/Audio_Speech_Actors_01-24_16k/Actor_16/03-01-06-02-01-01-16.wav,16,06,Fear,16000,1.984
ravdess,03-01-06-02-01-02-16.wav,ravdess/Audio_Speech_Actors_01-24_16k/Actor_16/03-01-06-02-01-02-16.wav,16,06,Fear,16000,2.048
ravdess,03-01-06-02-02-01-16.wav,ravdess/Audio_Speech_Actors_01-24_16k/Actor_16/03-01-06-02-02-01-16.wav,16,06,Fear,16000,1.792
ravdess,03-01-06-02-02-02-16.wav,ravdess/Audio_Speech_Actors_01-24_16k/Actor_16/03-01-06-02-02-02-16.wav,16,06,Fear,16000,1.792
ravdess,03-01-07-01-01-01-16.wav,ravdess/Audio_Speech_Actors_01-24_16k/Actor_16/03-01-07-01-01-01-16.wav,16,07,Disgust,16000,1.888
ravdess,03-01-07-01-01-02-16.wav,ravdess/Audio_Speech_Actors_01-24_16k/Actor_16/03-01-07-01-01-02-16.wav,16,07,Disgust,16000,1.856
ravdess,03-01-07-01-02-01-16.wav,ravdess/Audio_Speech_Actors_01-24_16k/Actor_16/03-01-07-01-02-01-16.wav,16,07,Disgust,16000,1.6
ravdess,03-01-07-01-02-02-16.wav,ravdess/Audio_Speech_Actors_01-24_16k/Actor_16/03-01-07-01-02-02-16.wav,16,07,Disgust,16000,1.696
ravdess,03-01-07-02-01-01-16.wav,ravdess/Audio_Speech_Actors_01-24_16k/Actor_16/03-01-07-02-01-01-16.wav,16,07,Disgust,16000,2.336
ravdess,03-01-07-02-01-02-16.wav,ravdess/Audio_Speech_Actors_01-24_16k/Actor_16/03-01-07-02-01-02-16.wav,16,07,Disgust,16000,2.304
ravdess,03-01-07-02-02-01-16.wav,ravdess/Audio_Speech_Actors_01-24_16k/Actor_16/03-01-07-02-02-01-16.wav,16,07,Disgust,16000,2.304
ravdess,03-01-07-02-02-02-16.wav,ravdess/Audio_Speech_Actors_01-24_16k/Actor_16/03-01-07-02-02-02-16.wav,16,07,Disgust,16000,2.208
ravdess,03-01-08-01-01-01-16.wav,ravdess/Audio_Speech_Actors_01-24_16k/Actor_16/03-01-08-01-01-01-16.wav,16,08,Surprise,16000,1.6
ravdess,03-01-08-01-01-02-16.wav,ravdess/Audio_Speech_Actors_01-24_16k/Actor_16/03-01-08-01-01-02-16.wav,16,08,Surprise,16000,1.536
ravdess,03-01-08-01-02-01-16.wav,ravdess/Audio_Speech_Actors_01-24_16k/Actor_16/03-01-08-01-02-01-16.wav,16,08,Surprise,16000,1.568
ravdess,03-01-08-01-02-02-16.wav,ravdess/Audio_Speech_Actors_01-24_16k/Actor_16/03-01-08-01-02-02-16.wav,16,08,Surprise,16000,1.536
ravdess,03-01-08-02-01-01-16.wav,ravdess/Audio_Speech_Actors_01-24_16k/Actor_16/03-01-08-02-01-01-16.wav,16,08,Surprise,16000,1.632
ravdess,03-01-08-02-01-02-16.wav,ravdess/Audio_Speech_Actors_01-24_16k/Actor_16/03-01-08-02-01-02-16.wav,16,08,Surprise,16000,1.664
ravdess,03-01-08-02-02-01-16.wav,ravdess/Audio_Speech_Actors_01-24_16k/Actor_16/03-01-08-02-02-01-16.wav,16,08,Surprise,16000,1.664
ravdess,03-01-08-02-02-02-16.wav,ravdess/Audio_Speech_Actors_01-24_16k/Actor_16/03-01-08-02-02-02-16.wav,16,08,Surprise,16000,1.664
ravdess,03-01-01-01-01-01-17.wav,ravdess/Audio_Speech_Actors_01-24_16k/Actor_17/03-01-01-01-01-01-17.wav,17,01,Neutral,16000,1.856
ravdess,03-01-01-01-01-02-17.wav,ravdess/Audio_Speech_Actors_01-24_16k/Actor_17/03-01-01-01-01-02-17.wav,17,01,Neutral,16000,1.504
ravdess,03-01-01-01-02-01-17.wav,ravdess/Audio_Speech_Actors_01-24_16k/Actor_17/03-01-01-01-02-01-17.wav,17,01,Neutral,16000,1.6
ravdess,03-01-01-01-02-02-17.wav,ravdess/Audio_Speech_Actors_01-24_16k/Actor_17/03-01-01-01-02-02-17.wav,17,01,Neutral,16000,1.536
ravdess,03-01-03-01-01-01-17.wav,ravdess/Audio_Speech_Actors_01-24_16k/Actor_17/03-01-03-01-01-01-17.wav,17,03,Happy,16000,1.472
ravdess,03-01-03-01-01-02-17.wav,ravdess/Audio_Speech_Actors_01-24_16k/Actor_17/03-01-03-01-01-02-17.wav,17,03,Happy,16000,1.504
ravdess,03-01-03-01-02-01-17.wav,ravdess/Audio_Speech_Actors_01-24_16k/Actor_17/03-01-03-01-02-01-17.wav,17,03,Happy,16000,1.408
ravdess,03-01-03-01-02-02-17.wav,ravdess/Audio_Speech_Actors_01-24_16k/Actor_17/03-01-03-01-02-02-17.wav,17,03,Happy,16000,1.536
ravdess,03-01-03-02-01-01-17.wav,ravdess/Audio_Speech_Actors_01-24_16k/Actor_17/03-01-03-02-01-01-17.wav,17,03,Happy,16000,1.536
ravdess,03-01-03-02-01-02-17.wav,ravdess/Audio_Speech_Actors_01-24_16k/Actor_17/03-01-03-02-01-02-17.wav,17,03,Happy,16000,1.792
ravdess,03-01-03-02-02-01-17.wav,ravdess/Audio_Speech_Actors_01-24_16k/Actor_17/03-01-03-02-02-01-17.wav,17,03,Happy,16000,2.048
ravdess,03-01-03-02-02-02-17.wav,ravdess/Audio_Speech_Actors_01-24_16k/Actor_17/03-01-03-02-02-02-17.wav,17,03,Happy,16000,1.728
ravdess,03-01-04-01-01-01-17.wav,ravdess/Audio_Speech_Actors_01-24_16k/Actor_17/03-01-04-01-01-01-17.wav,17,04,Sad,16000,1.504
ravdess,03-01-04-01-01-02-17.wav,ravdess/Audio_Speech_Actors_01-24_16k/Actor_17/03-01-04-01-01-02-17.wav,17,04,Sad,16000,1.376
ravdess,03-01-04-01-02-01-17.wav,ravdess/Audio_Speech_Actors_01-24_16k/Actor_17/03-01-04-01-02-01-17.wav,17,04,Sad,16000,1.504
ravdess,03-01-04-01-02-02-17.wav,ravdess/Audio_Speech_Actors_01-24_16k/Actor_17/03-01-04-01-02-02-17.wav,17,04,Sad,16000,1.504
ravdess,03-01-04-02-01-01-17.wav,ravdess/Audio_Speech_Actors_01-24_16k/Actor_17/03-01-04-02-01-01-17.wav,17,04,Sad,16000,2.08
ravdess,03-01-04-02-01-02-17.wav,ravdess/Audio_Speech_Actors_01-24_16k/Actor_17/03-01-04-02-01-02-17.wav,17,04,Sad,16000,2.048
ravdess,03-01-04-02-02-01-17.wav,ravdess/Audio_Speech_Actors_01-24_16k/Actor_17/03-01-04-02-02-01-17.wav,17,04,Sad,16000,2.24
ravdess,03-01-04-02-02-02-17.wav,ravdess/Audio_Speech_Actors_01-24_16k/Actor_17/03-01-04-02-02-02-17.wav,17,04,Sad,16000,1.376
ravdess,03-01-05-01-01-01-17.wav,ravdess/Audio_Speech_Actors_01-24_16k/Actor_17/03-01-05-01-01-01-17.wav,17,05,Angry,16000,1.44
ravdess,03-01-05-01-01-02-17.wav,ravdess/Audio_Speech_Actors_01-24_16k/Actor_17/03-01-05-01-01-02-17.wav,17,05,Angry,16000,1.6
ravdess,03-01-05-01-02-01-17.wav,ravdess/Audio_Speech_Actors_01-24_16k/Actor_17/03-01-05-01-02-01-17.wav,17,05,Angry,16000,1.504
ravdess,03-01-05-01-02-02-17.wav,ravdess/Audio_Speech_Actors_01-24_16k/Actor_17/03-01-05-01-02-02-17.wav,17,05,Angry,16000,1.504
ravdess,03-01-05-02-01-01-17.wav,ravdess/Audio_Speech_Actors_01-24_16k/Actor_17/03-01-05-02-01-01-17.wav,17,05,Angry,16000,1.44
ravdess,03-01-05-02-01-02-17.wav,ravdess/Audio_Speech_Actors_01-24_16k/Actor_17/03-01-05-02-01-02-17.wav,17,05,Angry,16000,1.632
ravdess,03-01-05-02-02-01-17.wav,ravdess/Audio_Speech_Actors_01-24_16k/Actor_17/03-01-05-02-02-01-17.wav,17,05,Angry,16000,1.568
ravdess,03-01-05-02-02-02-17.wav,ravdess/Audio_Speech_Actors_01-24_16k/Actor_17/03-01-05-02-02-02-17.wav,17,05,Angry,16000,1.664
ravdess,03-01-06-01-01-01-17.wav,ravdess/Audio_Speech_Actors_01-24_16k/Actor_17/03-01-06-01-01-01-17.wav,17,06,Fear,16000,1.472
ravdess,03-01-06-01-01-02-17.wav,ravdess/Audio_Speech_Actors_01-24_16k/Actor_17/03-01-06-01-01-02-17.wav,17,06,Fear,16000,1.888
ravdess,03-01-06-01-02-01-17.wav,ravdess/Audio_Speech_Actors_01-24_16k/Actor_17/03-01-06-01-02-01-17.wav,17,06,Fear,16000,3.232
ravdess,03-01-06-01-02-02-17.wav,ravdess/Audio_Speech_Actors_01-24_16k/Actor_17/03-01-06-01-02-02-17.wav,17,06,Fear,16000,1.856
ravdess,03-01-06-02-01-01-17.wav,ravdess/Audio_Speech_Actors_01-24_16k/Actor_17/03-01-06-02-01-01-17.wav,17,06,Fear,16000,1.664
ravdess,03-01-06-02-01-02-17.wav,ravdess/Audio_Speech_Actors_01-24_16k/Actor_17/03-01-06-02-01-02-17.wav,17,06,Fear,16000,1.856
ravdess,03-01-06-02-02-01-17.wav,ravdess/Audio_Speech_Actors_01-24_16k/Actor_17/03-01-06-02-02-01-17.wav,17,06,Fear,16000,1.696
ravdess,03-01-06-02-02-02-17.wav,ravdess/Audio_Speech_Actors_01-24_16k/Actor_17/03-01-06-02-02-02-17.wav,17,06,Fear,16000,1.92
ravdess,03-01-07-01-01-01-17.wav,ravdess/Audio_Speech_Actors_01-24_16k/Actor_17/03-01-07-01-01-01-17.wav,17,07,Disgust,16000,1.664
ravdess,03-01-07-01-01-02-17.wav,ravdess/Audio_Speech_Actors_01-24_16k/Actor_17/03-01-07-01-01-02-17.wav,17,07,Disgust,16000,1.664
ravdess,03-01-07-01-02-01-17.wav,ravdess/Audio_Speech_Actors_01-24_16k/Actor_17/03-01-07-01-02-01-17.wav,17,07,Disgust,16000,1.504
ravdess,03-01-07-01-02-02-17.wav,ravdess/Audio_Speech_Actors_01-24_16k/Actor_17/03-01-07-01-02-02-17.wav,17,07,Disgust,16000,1.76
ravdess,03-01-07-02-01-01-17.wav,ravdess/Audio_Speech_Actors_01-24_16k/Actor_17/03-01-07-02-01-01-17.wav,17,07,Disgust,16000,2.048
ravdess,03-01-07-02-01-02-17.wav,ravdess/Audio_Speech_Actors_01-24_16k/Actor_17/03-01-07-02-01-02-17.wav,17,07,Disgust,16000,2.08
ravdess,03-01-07-02-02-01-17.wav,ravdess/Audio_Speech_Actors_01-24_16k/Actor_17/03-01-07-02-02-01-17.wav,17,07,Disgust,16000,2.784
ravdess,03-01-07-02-02-02-17.wav,ravdess/Audio_Speech_Actors_01-24_16k/Actor_17/03-01-07-02-02-02-17.wav,17,07,Disgust,16000,2.272
ravdess,03-01-08-01-01-01-17.wav,ravdess/Audio_Speech_Actors_01-24_16k/Actor_17/03-01-08-01-01-01-17.wav,17,08,Surprise,16000,1.312
ravdess,03-01-08-01-01-02-17.wav,ravdess/Audio_Speech_Actors_01-24_16k/Actor_17/03-01-08-01-01-02-17.wav,17,08,Surprise,16000,1.888
ravdess,03-01-08-01-02-01-17.wav,ravdess/Audio_Speech_Actors_01-24_16k/Actor_17/03-01-08-01-02-01-17.wav,17,08,Surprise,16000,1.76
ravdess,03-01-08-01-02-02-17.wav,ravdess/Audio_Speech_Actors_01-24_16k/Actor_17/03-01-08-01-02-02-17.wav,17,08,Surprise,16000,1.504
ravdess,03-01-08-02-01-01-17.wav,ravdess/Audio_Speech_Actors_01-24_16k/Actor_17/03-01-08-02-01-01-17.wav,17,08,Surprise,16000,1.952
ravdess,03-01-08-02-01-02-17.wav,ravdess/Audio_Speech_Actors_01-24_16k/Actor_17/03-01-08-02-01-02-17.wav,17,08,Surprise,16000,2.304
ravdess,03-01-08-02-02-01-17.wav,ravdess/Audio_Speech_Actors_01-24_16k/Actor_17/03-01-08-02-02-01-17.wav,17,08,Surprise,16000,1.6
ravdess,03-01-08-02-02-02-17.wav,ravdess/Audio_Speech_Actors_01-24_16k/Actor_17/03-01-08-02-02-02-17.wav,17,08,Surprise,16000,2.112
ravdess,03-01-01-01-01-01-18.wav,ravdess/Audio_Speech_Actors_01-24_16k/Actor_18/03-01-01-01-01-01-18.wav,18,01,Neutral,16000,1.696
ravdess,03-01-01-01-01-02-18.wav,ravdess/Audio_Speech_Actors_01-24_16k/Actor_18/03-01-01-01-01-02-18.wav,18,01,Neutral,16000,1.728
ravdess,03-01-01-01-02-01-18.wav,ravdess/Audio_Speech_Actors_01-24_16k/Actor_18/03-01-01-01-02-01-18.wav,18,01,Neutral,16000,1.664
ravdess,03-01-01-01-02-02-18.wav,ravdess/Audio_Speech_Actors_01-24_16k/Actor_18/03-01-01-01-02-02-18.wav,18,01,Neutral,16000,1.6
ravdess,03-01-03-01-01-01-18.wav,ravdess/Audio_Speech_Actors_01-24_16k/Actor_18/03-01-03-01-01-01-18.wav,18,03,Happy,16000,1.536
ravdess,03-01-03-01-01-02-18.wav,ravdess/Audio_Speech_Actors_01-24_16k/Actor_18/03-01-03-01-01-02-18.wav,18,03,Happy,16000,1.536
ravdess,03-01-03-01-02-01-18.wav,ravdess/Audio_Speech_Actors_01-24_16k/Actor_18/03-01-03-01-02-01-18.wav,18,03,Happy,16000,1.632
ravdess,03-01-03-01-02-02-18.wav,ravdess/Audio_Speech_Actors_01-24_16k/Actor_18/03-01-03-01-02-02-18.wav,18,03,Happy,16000,1.664
ravdess,03-01-03-02-01-01-18.wav,ravdess/Audio_Speech_Actors_01-24_16k/Actor_18/03-01-03-02-01-01-18.wav,18,03,Happy,16000,1.632
ravdess,03-01-03-02-01-02-18.wav,ravdess/Audio_Speech_Actors_01-24_16k/Actor_18/03-01-03-02-01-02-18.wav,18,03,Happy,16000,1.824
ravdess,03-01-03-02-02-01-18.wav,ravdess/Audio_Speech_Actors_01-24_16k/Actor_18/03-01-03-02-02-01-18.wav,18,03,Happy,16000,1.696
ravdess,03-01-03-02-02-02-18.wav,ravdess/Audio_Speech_Actors_01-24_16k/Actor_18/03-01-03-02-02-02-18.wav,18,03,Happy,16000,1.728
ravdess,03-01-04-01-01-01-18.wav,ravdess/Audio_Speech_Actors_01-24_16k/Actor_18/03-01-04-01-01-01-18.wav,18,04,Sad,16000,1.632
ravdess,03-01-04-01-01-02-18.wav,ravdess/Audio_Speech_Actors_01-24_16k/Actor_18/03-01-04-01-01-02-18.wav,18,04,Sad,16000,1.792
ravdess,03-01-04-01-02-01-18.wav,ravdess/Audio_Speech_Actors_01-24_16k/Actor_18/03-01-04-01-02-01-18.wav,18,04,Sad,16000,1.696
ravdess,03-01-04-01-02-02-18.wav,ravdess/Audio_Speech_Actors_01-24_16k/Actor_18/03-01-04-01-02-02-18.wav,18,04,Sad,16000,1.76
ravdess,03-01-04-02-01-01-18.wav,ravdess/Audio_Speech_Actors_01-24_16k/Actor_18/03-01-04-02-01-01-18.wav,18,04,Sad,16000,1.856
ravdess,03-01-04-02-01-02-18.wav,ravdess/Audio_Speech_Actors_01-24_16k/Actor_18/03-01-04-02-01-02-18.wav,18,04,Sad,16000,1.792
ravdess,03-01-04-02-02-01-18.wav,ravdess/Audio_Speech_Actors_01-24_16k/Actor_18/03-01-04-02-02-01-18.wav,18,04,Sad,16000,2.176
ravdess,03-01-04-02-02-02-18.wav,ravdess/Audio_Speech_Actors_01-24_16k/Actor_18/03-01-04-02-02-02-18.wav,18,04,Sad,16000,2.272
ravdess,03-01-05-01-01-01-18.wav,ravdess/Audio_Speech_Actors_01-24_16k/Actor_18/03-01-05-01-01-01-18.wav,18,05,Angry,16000,1.952
ravdess,03-01-05-01-01-02-18.wav,ravdess/Audio_Speech_Actors_01-24_16k/Actor_18/03-01-05-01-01-02-18.wav,18,05,Angry,16000,2.24
ravdess,03-01-05-01-02-01-18.wav,ravdess/Audio_Speech_Actors_01-24_16k/Actor_18/03-01-05-01-02-01-18.wav,18,05,Angry,16000,1.632
ravdess,03-01-05-01-02-02-18.wav,ravdess/Audio_Speech_Actors_01-24_16k/Actor_18/03-01-05-01-02-02-18.wav,18,05,Angry,16000,1.76
ravdess,03-01-05-02-01-01-18.wav,ravdess/Audio_Speech_Actors_01-24_16k/Actor_18/03-01-05-02-01-01-18.wav,18,05,Angry,16000,1.632
ravdess,03-01-05-02-01-02-18.wav,ravdess/Audio_Speech_Actors_01-24_16k/Actor_18/03-01-05-02-01-02-18.wav,18,05,Angry,16000,1.728
ravdess,03-01-05-02-02-01-18.wav,ravdess/Audio_Speech_Actors_01-24_16k/Actor_18/03-01-05-02-02-01-18.wav,18,05,Angry,16000,1.856
ravdess,03-01-05-02-02-02-18.wav,ravdess/Audio_Speech_Actors_01-24_16k/Actor_18/03-01-05-02-02-02-18.wav,18,05,Angry,16000,2.208
ravdess,03-01-06-01-01-01-18.wav,ravdess/Audio_Speech_Actors_01-24_16k/Actor_18/03-01-06-01-01-01-18.wav,18,06,Fear,16000,1.504
ravdess,03-01-06-01-01-02-18.wav,ravdess/Audio_Speech_Actors_01-24_16k/Actor_18/03-01-06-01-01-02-18.wav,18,06,Fear,16000,1.504
ravdess,03-01-06-01-02-01-18.wav,ravdess/Audio_Speech_Actors_01-24_16k/Actor_18/03-01-06-01-02-01-18.wav,18,06,Fear,16000,1.728
ravdess,03-01-06-01-02-02-18.wav,ravdess/Audio_Speech_Actors_01-24_16k/Actor_18/03-01-06-01-02-02-18.wav,18,06,Fear,16000,1.92
ravdess,03-01-06-02-01-01-18.wav,ravdess/Audio_Speech_Actors_01-24_16k/Actor_18/03-01-06-02-01-01-18.wav,18,06,Fear,16000,1.728
ravdess,03-01-06-02-01-02-18.wav,ravdess/Audio_Speech_Actors_01-24_16k/Actor_18/03-01-06-02-01-02-18.wav,18,06,Fear,16000,2.176
ravdess,03-01-06-02-02-01-18.wav,ravdess/Audio_Speech_Actors_01-24_16k/Actor_18/03-01-06-02-02-01-18.wav,18,06,Fear,16000,1.92
ravdess,03-01-06-02-02-02-18.wav,ravdess/Audio_Speech_Actors_01-24_16k/Actor_18/03-01-06-02-02-02-18.wav,18,06,Fear,16000,1.696
ravdess,03-01-07-01-01-01-18.wav,ravdess/Audio_Speech_Actors_01-24_16k/Actor_18/03-01-07-01-01-01-18.wav,18,07,Disgust,16000,2.432
ravdess,03-01-07-01-01-02-18.wav,ravdess/Audio_Speech_Actors_01-24_16k/Actor_18/03-01-07-01-01-02-18.wav,18,07,Disgust,16000,2.112
ravdess,03-01-07-01-02-01-18.wav,ravdess/Audio_Speech_Actors_01-24_16k/Actor_18/03-01-07-01-02-01-18.wav,18,07,Disgust,16000,1.792
ravdess,03-01-07-01-02-02-18.wav,ravdess/Audio_Speech_Actors_01-24_16k/Actor_18/03-01-07-01-02-02-18.wav,18,07,Disgust,16000,2.464
ravdess,03-01-07-02-01-01-18.wav,ravdess/Audio_Speech_Actors_01-24_16k/Actor_18/03-01-07-02-01-01-18.wav,18,07,Disgust,16000,2.784
ravdess,03-01-07-02-01-02-18.wav,ravdess/Audio_Speech_Actors_01-24_16k/Actor_18/03-01-07-02-01-02-18.wav,18,07,Disgust,16000,2.464
ravdess,03-01-07-02-02-01-18.wav,ravdess/Audio_Speech_Actors_01-24_16k/Actor_18/03-01-07-02-02-01-18.wav,18,07,Disgust,16000,2.624
ravdess,03-01-07-02-02-02-18.wav,ravdess/Audio_Speech_Actors_01-24_16k/Actor_18/03-01-07-02-02-02-18.wav,18,07,Disgust,16000,2.528
ravdess,03-01-08-01-01-01-18.wav,ravdess/Audio_Speech_Actors_01-24_16k/Actor_18/03-01-08-01-01-01-18.wav,18,08,Surprise,16000,1.696
ravdess,03-01-08-01-01-02-18.wav,ravdess/Audio_Speech_Actors_01-24_16k/Actor_18/03-01-08-01-01-02-18.wav,18,08,Surprise,16000,1.632
ravdess,03-01-08-01-02-01-18.wav,ravdess/Audio_Speech_Actors_01-24_16k/Actor_18/03-01-08-01-02-01-18.wav,18,08,Surprise,16000,1.632
ravdess,03-01-08-01-02-02-18.wav,ravdess/Audio_Speech_Actors_01-24_16k/Actor_18/03-01-08-01-02-02-18.wav,18,08,Surprise,16000,1.664
ravdess,03-01-08-02-01-01-18.wav,ravdess/Audio_Speech_Actors_01-24_16k/Actor_18/03-01-08-02-01-01-18.wav,18,08,Surprise,16000,1.728
ravdess,03-01-08-02-01-02-18.wav,ravdess/Audio_Speech_Actors_01-24_16k/Actor_18/03-01-08-02-01-02-18.wav,18,08,Surprise,16000,1.632
ravdess,03-01-08-02-02-01-18.wav,ravdess/Audio_Speech_Actors_01-24_16k/Actor_18/03-01-08-02-02-01-18.wav,18,08,Surprise,16000,1.952
ravdess,03-01-08-02-02-02-18.wav,ravdess/Audio_Speech_Actors_01-24_16k/Actor_18/03-01-08-02-02-02-18.wav,18,08,Surprise,16000,1.76
ravdess,03-01-01-01-01-01-19.wav,ravdess/Audio_Speech_Actors_01-24_16k/Actor_19/03-01-01-01-01-01-19.wav,19,01,Neutral,16000,1.504
ravdess,03-01-01-01-01-02-19.wav,ravdess/Audio_Speech_Actors_01-24_16k/Actor_19/03-01-01-01-01-02-19.wav,19,01,Neutral,16000,1.472
ravdess,03-01-01-01-02-01-19.wav,ravdess/Audio_Speech_Actors_01-24_16k/Actor_19/03-01-01-01-02-01-19.wav,19,01,Neutral,16000,1.568
ravdess,03-01-01-01-02-02-19.wav,ravdess/Audio_Speech_Actors_01-24_16k/Actor_19/03-01-01-01-02-02-19.wav,19,01,Neutral,16000,1.44
ravdess,03-01-03-01-01-01-19.wav,ravdess/Audio_Speech_Actors_01-24_16k/Actor_19/03-01-03-01-01-01-19.wav,19,03,Happy,16000,2.773
ravdess,03-01-03-01-01-02-19.wav,ravdess/Audio_Speech_Actors_01-24_16k/Actor_19/03-01-03-01-01-02-19.wav,19,03,Happy,16000,2.272
ravdess,03-01-03-01-02-01-19.wav,ravdess/Audio_Speech_Actors_01-24_16k/Actor_19/03-01-03-01-02-01-19.wav,19,03,Happy,16000,1.984
ravdess,03-01-03-01-02-02-19.wav,ravdess/Audio_Speech_Actors_01-24_16k/Actor_19/03-01-03-01-02-02-19.wav,19,03,Happy,16000,2.304
ravdess,03-01-03-02-01-01-19.wav,ravdess/Audio_Speech_Actors_01-24_16k/Actor_19/03-01-03-02-01-01-19.wav,19,03,Happy,16000,1.856
ravdess,03-01-03-02-01-02-19.wav,ravdess/Audio_Speech_Actors_01-24_16k/Actor_19/03-01-03-02-01-02-19.wav,19,03,Happy,16000,2.592
ravdess,03-01-03-02-02-01-19.wav,ravdess/Audio_Speech_Actors_01-24_16k/Actor_19/03-01-03-02-02-01-19.wav,19,03,Happy,16000,3.5404375
ravdess,03-01-03-02-02-02-19.wav,ravdess/Audio_Speech_Actors_01-24_16k/Actor_19/03-01-03-02-02-02-19.wav,19,03,Happy,16000,2.144
ravdess,03-01-04-01-01-01-19.wav,ravdess/Audio_Speech_Actors_01-24_16k/Actor_19/03-01-04-01-01-01-19.wav,19,04,Sad,16000,1.632
ravdess,03-01-04-01-01-02-19.wav,ravdess/Audio_Speech_Actors_01-24_16k/Actor_19/03-01-04-01-01-02-19.wav,19,04,Sad,16000,1.888
ravdess,03-01-04-01-02-01-19.wav,ravdess/Audio_Speech_Actors_01-24_16k/Actor_19/03-01-04-01-02-01-19.wav,19,04,Sad,16000,1.44
ravdess,03-01-04-01-02-02-19.wav,ravdess/Audio_Speech_Actors_01-24_16k/Actor_19/03-01-04-01-02-02-19.wav,19,04,Sad,16000,1.888
ravdess,03-01-04-02-01-01-19.wav,ravdess/Audio_Speech_Actors_01-24_16k/Actor_19/03-01-04-02-01-01-19.wav,19,04,Sad,16000,2.432
ravdess,03-01-04-02-01-02-19.wav,ravdess/Audio_Speech_Actors_01-24_16k/Actor_19/03-01-04-02-01-02-19.wav,19,04,Sad,16000,2.816
ravdess,03-01-04-02-02-01-19.wav,ravdess/Audio_Speech_Actors_01-24_16k/Actor_19/03-01-04-02-02-01-19.wav,19,04,Sad,16000,1.568
ravdess,03-01-04-02-02-02-19.wav,ravdess/Audio_Speech_Actors_01-24_16k/Actor_19/03-01-04-02-02-02-19.wav,19,04,Sad,16000,2.368
ravdess,03-01-05-01-01-01-19.wav,ravdess/Audio_Speech_Actors_01-24_16k/Actor_19/03-01-05-01-01-01-19.wav,19,05,Angry,16000,1.888
ravdess,03-01-05-01-01-02-19.wav,ravdess/Audio_Speech_Actors_01-24_16k/Actor_19/03-01-05-01-01-02-19.wav,19,05,Angry,16000,1.792
ravdess,03-01-05-01-02-01-19.wav,ravdess/Audio_Speech_Actors_01-24_16k/Actor_19/03-01-05-01-02-01-19.wav,19,05,Angry,16000,1.44
ravdess,03-01-05-01-02-02-19.wav,ravdess/Audio_Speech_Actors_01-24_16k/Actor_19/03-01-05-01-02-02-19.wav,19,05,Angry,16000,2.624
ravdess,03-01-05-02-01-01-19.wav,ravdess/Audio_Speech_Actors_01-24_16k/Actor_19/03-01-05-02-01-01-19.wav,19,05,Angry,16000,1.952
ravdess,03-01-05-02-01-02-19.wav,ravdess/Audio_Speech_Actors_01-24_16k/Actor_19/03-01-05-02-01-02-19.wav,19,05,Angry,16000,2.816
ravdess,03-01-05-02-02-01-19.wav,ravdess/Audio_Speech_Actors_01-24_16k/Actor_19/03-01-05-02-02-01-19.wav,19,05,Angry,16000,2.432
ravdess,03-01-05-02-02-02-19.wav,ravdess/Audio_Speech_Actors_01-24_16k/Actor_19/03-01-05-02-02-02-19.wav,19,05,Angry,16000,2.208
ravdess,03-01-06-01-01-01-19.wav,ravdess/Audio_Speech_Actors_01-24_16k/Actor_19/03-01-06-01-01-01-19.wav,19,06,Fear,16000,1.984
ravdess,03-01-06-01-01-02-19.wav,ravdess/Audio_Speech_Actors_01-24_16k/Actor_19/03-01-06-01-01-02-19.wav,19,06,Fear,16000,2.272
ravdess,03-01-06-01-02-01-19.wav,ravdess/Audio_Speech_Actors_01-24_16k/Actor_19/03-01-06-01-02-01-19.wav,19,06,Fear,16000,2.272
ravdess,03-01-06-01-02-02-19.wav,ravdess/Audio_Speech_Actors_01-24_16k/Actor_19/03-01-06-01-02-02-19.wav,19,06,Fear,16000,1.696
ravdess,03-01-06-02-01-01-19.wav,ravdess/Audio_Speech_Actors_01-24_16k/Actor_19/03-01-06-02-01-01-19.wav,19,06,Fear,16000,1.952
ravdess,03-01-06-02-01-02-19.wav,ravdess/Audio_Speech_Actors_01-24_16k/Actor_19/03-01-06-02-01-02-19.wav,19,06,Fear,16000,2.464
ravdess,03-01-06-02-02-01-19.wav,ravdess/Audio_Speech_Actors_01-24_16k/Actor_19/03-01-06-02-02-01-19.wav,19,06,Fear,16000,1.696
ravdess,03-01-06-02-02-02-19.wav,ravdess/Audio_Speech_Actors_01-24_16k/Actor_19/03-01-06-02-02-02-19.wav,19,06,Fear,16000,3.072
ravdess,03-01-07-01-01-01-19.wav,ravdess/Audio_Speech_Actors_01-24_16k/Actor_19/03-01-07-01-01-01-19.wav,19,07,Disgust,16000,3.264
ravdess,03-01-07-01-01-02-19.wav,ravdess/Audio_Speech_Actors_01-24_16k/Actor_19/03-01-07-01-01-02-19.wav,19,07,Disgust,16000,3.008
ravdess,03-01-07-01-02-01-19.wav,ravdess/Audio_Speech_Actors_01-24_16k/Actor_19/03-01-07-01-02-01-19.wav,19,07,Disgust,16000,3.328
ravdess,03-01-07-01-02-02-19.wav,ravdess/Audio_Speech_Actors_01-24_16k/Actor_19/03-01-07-01-02-02-19.wav,19,07,Disgust,16000,2.752
ravdess,03-01-07-02-01-01-19.wav,ravdess/Audio_Speech_Actors_01-24_16k/Actor_19/03-01-07-02-01-01-19.wav,19,07,Disgust,16000,2.912
ravdess,03-01-07-02-01-02-19.wav,ravdess/Audio_Speech_Actors_01-24_16k/Actor_19/03-01-07-02-01-02-19.wav,19,07,Disgust,16000,4.2479375
ravdess,03-01-07-02-02-01-19.wav,ravdess/Audio_Speech_Actors_01-24_16k/Actor_19/03-01-07-02-02-01-19.wav,19,07,Disgust,16000,3.008
ravdess,03-01-07-02-02-02-19.wav,ravdess/Audio_Speech_Actors_01-24_16k/Actor_19/03-01-07-02-02-02-19.wav,19,07,Disgust,16000,3.072
ravdess,03-01-08-01-01-01-19.wav,ravdess/Audio_Speech_Actors_01-24_16k/Actor_19/03-01-08-01-01-01-19.wav,19,08,Surprise,16000,1.952
ravdess,03-01-08-01-01-02-19.wav,ravdess/Audio_Speech_Actors_01-24_16k/Actor_19/03-01-08-01-01-02-19.wav,19,08,Surprise,16000,2.048
ravdess,03-01-08-01-02-01-19.wav,ravdess/Audio_Speech_Actors_01-24_16k/Actor_19/03-01-08-01-02-01-19.wav,19,08,Surprise,16000,2.784
ravdess,03-01-08-01-02-02-19.wav,ravdess/Audio_Speech_Actors_01-24_16k/Actor_19/03-01-08-01-02-02-19.wav,19,08,Surprise,16000,1.184
ravdess,03-01-08-02-01-01-19.wav,ravdess/Audio_Speech_Actors_01-24_16k/Actor_19/03-01-08-02-01-01-19.wav,19,08,Surprise,16000,2.304
ravdess,03-01-08-02-01-02-19.wav,ravdess/Audio_Speech_Actors_01-24_16k/Actor_19/03-01-08-02-01-02-19.wav,19,08,Surprise,16000,2.752
ravdess,03-01-08-02-02-01-19.wav,ravdess/Audio_Speech_Actors_01-24_16k/Actor_19/03-01-08-02-02-01-19.wav,19,08,Surprise,16000,2.176
ravdess,03-01-08-02-02-02-19.wav,ravdess/Audio_Speech_Actors_01-24_16k/Actor_19/03-01-08-02-02-02-19.wav,19,08,Surprise,16000,1.472
ravdess,03-01-01-01-01-01-20.wav,ravdess/Audio_Speech_Actors_01-24_16k/Actor_20/03-01-01-01-01-01-20.wav,20,01,Neutral,16000,1.6
ravdess,03-01-01-01-01-02-20.wav,ravdess/Audio_Speech_Actors_01-24_16k/Actor_20/03-01-01-01-01-02-20.wav,20,01,Neutral,16000,1.696
ravdess,03-01-01-01-02-01-20.wav,ravdess/Audio_Speech_Actors_01-24_16k/Actor_20/03-01-01-01-02-01-20.wav,20,01,Neutral,16000,1.536
ravdess,03-01-01-01-02-02-20.wav,ravdess/Audio_Speech_Actors_01-24_16k/Actor_20/03-01-01-01-02-02-20.wav,20,01,Neutral,16000,1.632
ravdess,03-01-03-01-01-01-20.wav,ravdess/Audio_Speech_Actors_01-24_16k/Actor_20/03-01-03-01-01-01-20.wav,20,03,Happy,16000,1.6
ravdess,03-01-03-01-01-02-20.wav,ravdess/Audio_Speech_Actors_01-24_16k/Actor_20/03-01-03-01-01-02-20.wav,20,03,Happy,16000,1.76
ravdess,03-01-03-01-02-01-20.wav,ravdess/Audio_Speech_Actors_01-24_16k/Actor_20/03-01-03-01-02-01-20.wav,20,03,Happy,16000,1.696
ravdess,03-01-03-01-02-02-20.wav,ravdess/Audio_Speech_Actors_01-24_16k/Actor_20/03-01-03-01-02-02-20.wav,20,03,Happy,16000,1.472
ravdess,03-01-03-02-01-01-20.wav,ravdess/Audio_Speech_Actors_01-24_16k/Actor_20/03-01-03-02-01-01-20.wav,20,03,Happy,16000,1.76
ravdess,03-01-03-02-01-02-20.wav,ravdess/Audio_Speech_Actors_01-24_16k/Actor_20/03-01-03-02-01-02-20.wav,20,03,Happy,16000,2.72
ravdess,03-01-03-02-02-01-20.wav,ravdess/Audio_Speech_Actors_01-24_16k/Actor_20/03-01-03-02-02-01-20.wav,20,03,Happy,16000,1.6
ravdess,03-01-03-02-02-02-20.wav,ravdess/Audio_Speech_Actors_01-24_16k/Actor_20/03-01-03-02-02-02-20.wav,20,03,Happy,16000,1.888
ravdess,03-01-04-01-01-01-20.wav,ravdess/Audio_Speech_Actors_01-24_16k/Actor_20/03-01-04-01-01-01-20.wav,20,04,Sad,16000,2.112
ravdess,03-01-04-01-01-02-20.wav,ravdess/Audio_Speech_Actors_01-24_16k/Actor_20/03-01-04-01-01-02-20.wav,20,04,Sad,16000,1.568
ravdess,03-01-04-01-02-01-20.wav,ravdess/Audio_Speech_Actors_01-24_16k/Actor_20/03-01-04-01-02-01-20.wav,20,04,Sad,16000,1.6
ravdess,03-01-04-01-02-02-20.wav,ravdess/Audio_Speech_Actors_01-24_16k/Actor_20/03-01-04-01-02-02-20.wav,20,04,Sad,16000,1.536
ravdess,03-01-04-02-01-01-20.wav,ravdess/Audio_Speech_Actors_01-24_16k/Actor_20/03-01-04-02-01-01-20.wav,20,04,Sad,16000,1.856
ravdess,03-01-04-02-01-02-20.wav,ravdess/Audio_Speech_Actors_01-24_16k/Actor_20/03-01-04-02-01-02-20.wav,20,04,Sad,16000,3.5015625
ravdess,03-01-04-02-02-01-20.wav,ravdess/Audio_Speech_Actors_01-24_16k/Actor_20/03-01-04-02-02-01-20.wav,20,04,Sad,16000,1.76
ravdess,03-01-04-02-02-02-20.wav,ravdess/Audio_Speech_Actors_01-24_16k/Actor_20/03-01-04-02-02-02-20.wav,20,04,Sad,16000,2.464
ravdess,03-01-05-01-01-01-20.wav,ravdess/Audio_Speech_Actors_01-24_16k/Actor_20/03-01-05-01-01-01-20.wav,20,05,Angry,16000,1.312
ravdess,03-01-05-01-01-02-20.wav,ravdess/Audio_Speech_Actors_01-24_16k/Actor_20/03-01-05-01-01-02-20.wav,20,05,Angry,16000,1.728
ravdess,03-01-05-01-02-01-20.wav,ravdess/Audio_Speech_Actors_01-24_16k/Actor_20/03-01-05-01-02-01-20.wav,20,05,Angry,16000,1.568
ravdess,03-01-05-01-02-02-20.wav,ravdess/Audio_Speech_Actors_01-24_16k/Actor_20/03-01-05-01-02-02-20.wav,20,05,Angry,16000,2.592
ravdess,03-01-05-02-01-01-20.wav,ravdess/Audio_Speech_Actors_01-24_16k/Actor_20/03-01-05-02-01-01-20.wav,20,05,Angry,16000,2.176
ravdess,03-01-05-02-01-02-20.wav,ravdess/Audio_Speech_Actors_01-24_16k/Actor_20/03-01-05-02-01-02-20.wav,20,05,Angry,16000,2.112
ravdess,03-01-05-02-02-01-20.wav,ravdess/Audio_Speech_Actors_01-24_16k/Actor_20/03-01-05-02-02-01-20.wav,20,05,Angry,16000,2.336
ravdess,03-01-05-02-02-02-20.wav,ravdess/Audio_Speech_Actors_01-24_16k/Actor_20/03-01-05-02-02-02-20.wav,20,05,Angry,16000,1.536
ravdess,03-01-06-01-01-01-20.wav,ravdess/Audio_Speech_Actors_01-24_16k/Actor_20/03-01-06-01-01-01-20.wav,20,06,Fear,16000,1.76
ravdess,03-01-06-01-01-02-20.wav,ravdess/Audio_Speech_Actors_01-24_16k/Actor_20/03-01-06-01-01-02-20.wav,20,06,Fear,16000,2.4
ravdess,03-01-06-01-02-01-20.wav,ravdess/Audio_Speech_Actors_01-24_16k/Actor_20/03-01-06-01-02-01-20.wav,20,06,Fear,16000,1.984
ravdess,03-01-06-01-02-02-20.wav,ravdess/Audio_Speech_Actors_01-24_16k/Actor_20/03-01-06-01-02-02-20.wav,20,06,Fear,16000,1.504
ravdess,03-01-06-02-01-01-20.wav,ravdess/Audio_Speech_Actors_01-24_16k/Actor_20/03-01-06-02-01-01-20.wav,20,06,Fear,16000,2.112
ravdess,03-01-06-02-01-02-20.wav,ravdess/Audio_Speech_Actors_01-24_16k/Actor_20/03-01-06-02-01-02-20.wav,20,06,Fear,16000,2.048
ravdess,03-01-06-02-02-01-20.wav,ravdess/Audio_Speech_Actors_01-24_16k/Actor_20/03-01-06-02-02-01-20.wav,20,06,Fear,16000,1.792
ravdess,03-01-06-02-02-02-20.wav,ravdess/Audio_Speech_Actors_01-24_16k/Actor_20/03-01-06-02-02-02-20.wav,20,06,Fear,16000,1.76
ravdess,03-01-07-01-01-01-20.wav,ravdess/Audio_Speech_Actors_01-24_16k/Actor_20/03-01-07-01-01-01-20.wav,20,07,Disgust,16000,1.984
ravdess,03-01-07-01-01-02-20.wav,ravdess/Audio_Speech_Actors_01-24_16k/Actor_20/03-01-07-01-01-02-20.wav,20,07,Disgust,16000,2.176
ravdess,03-01-07-01-02-01-20.wav,ravdess/Audio_Speech_Actors_01-24_16k/Actor_20/03-01-07-01-02-01-20.wav,20,07,Disgust,16000,1.824
ravdess,03-01-07-01-02-02-20.wav,ravdess/Audio_Speech_Actors_01-24_16k/Actor_20/03-01-07-01-02-02-20.wav,20,07,Disgust,16000,2.144
ravdess,03-01-07-02-01-01-20.wav,ravdess/Audio_Speech_Actors_01-24_16k/Actor_20/03-01-07-02-01-01-20.wav,20,07,Disgust,16000,2.176
ravdess,03-01-07-02-01-02-20.wav,ravdess/Audio_Speech_Actors_01-24_16k/Actor_20/03-01-07-02-01-02-20.wav,20,07,Disgust,16000,2.112
ravdess,03-01-07-02-02-01-20.wav,ravdess/Audio_Speech_Actors_01-24_16k/Actor_20/03-01-07-02-02-01-20.wav,20,07,Disgust,16000,2.784
ravdess,03-01-07-02-02-02-20.wav,ravdess/Audio_Speech_Actors_01-24_16k/Actor_20/03-01-07-02-02-02-20.wav,20,07,Disgust,16000,2.4
ravdess,03-01-08-01-01-01-20.wav,ravdess/Audio_Speech_Actors_01-24_16k/Actor_20/03-01-08-01-01-01-20.wav,20,08,Surprise,16000,1.344
ravdess,03-01-08-01-01-02-20.wav,ravdess/Audio_Speech_Actors_01-24_16k/Actor_20/03-01-08-01-01-02-20.wav,20,08,Surprise,16000,1.632
ravdess,03-01-08-01-02-01-20.wav,ravdess/Audio_Speech_Actors_01-24_16k/Actor_20/03-01-08-01-02-01-20.wav,20,08,Surprise,16000,1.248
ravdess,03-01-08-01-02-02-20.wav,ravdess/Audio_Speech_Actors_01-24_16k/Actor_20/03-01-08-01-02-02-20.wav,20,08,Surprise,16000,1.28
ravdess,03-01-08-02-01-01-20.wav,ravdess/Audio_Speech_Actors_01-24_16k/Actor_20/03-01-08-02-01-01-20.wav,20,08,Surprise,16000,1.792
ravdess,03-01-08-02-01-02-20.wav,ravdess/Audio_Speech_Actors_01-24_16k/Actor_20/03-01-08-02-01-02-20.wav,20,08,Surprise,16000,1.312
ravdess,03-01-08-02-02-01-20.wav,ravdess/Audio_Speech_Actors_01-24_16k/Actor_20/03-01-08-02-02-01-20.wav,20,08,Surprise,16000,2.208
ravdess,03-01-08-02-02-02-20.wav,ravdess/Audio_Speech_Actors_01-24_16k/Actor_20/03-01-08-02-02-02-20.wav,20,08,Surprise,16000,1.536
ravdess,03-01-01-01-01-01-21.wav,ravdess/Audio_Speech_Actors_01-24_16k/Actor_21/03-01-01-01-01-01-21.wav,21,01,Neutral,16000,1.888
ravdess,03-01-01-01-01-02-21.wav,ravdess/Audio_Speech_Actors_01-24_16k/Actor_21/03-01-01-01-01-02-21.wav,21,01,Neutral,16000,2.048
ravdess,03-01-01-01-02-01-21.wav,ravdess/Audio_Speech_Actors_01-24_16k/Actor_21/03-01-01-01-02-01-21.wav,21,01,Neutral,16000,1.728
ravdess,03-01-01-01-02-02-21.wav,ravdess/Audio_Speech_Actors_01-24_16k/Actor_21/03-01-01-01-02-02-21.wav,21,01,Neutral,16000,1.728
ravdess,03-01-03-01-01-01-21.wav,ravdess/Audio_Speech_Actors_01-24_16k/Actor_21/03-01-03-01-01-01-21.wav,21,03,Happy,16000,1.92
ravdess,03-01-03-01-01-02-21.wav,ravdess/Audio_Speech_Actors_01-24_16k/Actor_21/03-01-03-01-01-02-21.wav,21,03,Happy,16000,1.824
ravdess,03-01-03-01-02-01-21.wav,ravdess/Audio_Speech_Actors_01-24_16k/Actor_21/03-01-03-01-02-01-21.wav,21,03,Happy,16000,1.76
ravdess,03-01-03-01-02-02-21.wav,ravdess/Audio_Speech_Actors_01-24_16k/Actor_21/03-01-03-01-02-02-21.wav,21,03,Happy,16000,1.888
ravdess,03-01-03-02-01-01-21.wav,ravdess/Audio_Speech_Actors_01-24_16k/Actor_21/03-01-03-02-01-01-21.wav,21,03,Happy,16000,1.888
ravdess,03-01-03-02-01-02-21.wav,ravdess/Audio_Speech_Actors_01-24_16k/Actor_21/03-01-03-02-01-02-21.wav,21,03,Happy,16000,2.016
ravdess,03-01-03-02-02-01-21.wav,ravdess/Audio_Speech_Actors_01-24_16k/Actor_21/03-01-03-02-02-01-21.wav,21,03,Happy,16000,1.728
ravdess,03-01-03-02-02-02-21.wav,ravdess/Audio_Speech_Actors_01-24_16k/Actor_21/03-01-03-02-02-02-21.wav,21,03,Happy,16000,1.824
ravdess,03-01-04-01-01-01-21.wav,ravdess/Audio_Speech_Actors_01-24_16k/Actor_21/03-01-04-01-01-01-21.wav,21,04,Sad,16000,2.56
ravdess,03-01-04-01-01-02-21.wav,ravdess/Audio_Speech_Actors_01-24_16k/Actor_21/03-01-04-01-01-02-21.wav,21,04,Sad,16000,2.848
ravdess,03-01-04-01-02-01-21.wav,ravdess/Audio_Speech_Actors_01-24_16k/Actor_21/03-01-04-01-02-01-21.wav,21,04,Sad,16000,2.24
ravdess,03-01-04-01-02-02-21.wav,ravdess/Audio_Speech_Actors_01-24_16k/Actor_21/03-01-04-01-02-02-21.wav,21,04,Sad,16000,2.336
ravdess,03-01-04-02-01-01-21.wav,ravdess/Audio_Speech_Actors_01-24_16k/Actor_21/03-01-04-02-01-01-21.wav,21,04,Sad,16000,2.272
ravdess,03-01-04-02-01-02-21.wav,ravdess/Audio_Speech_Actors_01-24_16k/Actor_21/03-01-04-02-01-02-21.wav,21,04,Sad,16000,2.432
ravdess,03-01-04-02-02-01-21.wav,ravdess/Audio_Speech_Actors_01-24_16k/Actor_21/03-01-04-02-02-01-21.wav,21,04,Sad,16000,2.368
ravdess,03-01-04-02-02-02-21.wav,ravdess/Audio_Speech_Actors_01-24_16k/Actor_21/03-01-04-02-02-02-21.wav,21,04,Sad,16000,2.24
ravdess,03-01-05-01-01-01-21.wav,ravdess/Audio_Speech_Actors_01-24_16k/Actor_21/03-01-05-01-01-01-21.wav,21,05,Angry,16000,2.208
ravdess,03-01-05-01-01-02-21.wav,ravdess/Audio_Speech_Actors_01-24_16k/Actor_21/03-01-05-01-01-02-21.wav,21,05,Angry,16000,2.112
ravdess,03-01-05-01-02-01-21.wav,ravdess/Audio_Speech_Actors_01-24_16k/Actor_21/03-01-05-01-02-01-21.wav,21,05,Angry,16000,2.112
ravdess,03-01-05-01-02-02-21.wav,ravdess/Audio_Speech_Actors_01-24_16k/Actor_21/03-01-05-01-02-02-21.wav,21,05,Angry,16000,2.016
ravdess,03-01-05-02-01-01-21.wav,ravdess/Audio_Speech_Actors_01-24_16k/Actor_21/03-01-05-02-01-01-21.wav,21,05,Angry,16000,2.368
ravdess,03-01-05-02-01-02-21.wav,ravdess/Audio_Speech_Actors_01-24_16k/Actor_21/03-01-05-02-01-02-21.wav,21,05,Angry,16000,2.496
ravdess,03-01-05-02-02-01-21.wav,ravdess/Audio_Speech_Actors_01-24_16k/Actor_21/03-01-05-02-02-01-21.wav,21,05,Angry,16000,2.144
ravdess,03-01-05-02-02-02-21.wav,ravdess/Audio_Speech_Actors_01-24_16k/Actor_21/03-01-05-02-02-02-21.wav,21,05,Angry,16000,2.24
ravdess,03-01-06-01-01-01-21.wav,ravdess/Audio_Speech_Actors_01-24_16k/Actor_21/03-01-06-01-01-01-21.wav,21,06,Fear,16000,2.016
ravdess,03-01-06-01-01-02-21.wav,ravdess/Audio_Speech_Actors_01-24_16k/Actor_21/03-01-06-01-01-02-21.wav,21,06,Fear,16000,1.984
ravdess,03-01-06-01-02-01-21.wav,ravdess/Audio_Speech_Actors_01-24_16k/Actor_21/03-01-06-01-02-01-21.wav,21,06,Fear,16000,2.304
ravdess,03-01-06-01-02-02-21.wav,ravdess/Audio_Speech_Actors_01-24_16k/Actor_21/03-01-06-01-02-02-21.wav,21,06,Fear,16000,2.208
ravdess,03-01-06-02-01-01-21.wav,ravdess/Audio_Speech_Actors_01-24_16k/Actor_21/03-01-06-02-01-01-21.wav,21,06,Fear,16000,2.016
ravdess,03-01-06-02-01-02-21.wav,ravdess/Audio_Speech_Actors_01-24_16k/Actor_21/03-01-06-02-01-02-21.wav,21,06,Fear,16000,1.92
ravdess,03-01-06-02-02-01-21.wav,ravdess/Audio_Speech_Actors_01-24_16k/Actor_21/03-01-06-02-02-01-21.wav,21,06,Fear,16000,1.856
ravdess,03-01-06-02-02-02-21.wav,ravdess/Audio_Speech_Actors_01-24_16k/Actor_21/03-01-06-02-02-02-21.wav,21,06,Fear,16000,1.728
ravdess,03-01-07-01-01-01-21.wav,ravdess/Audio_Speech_Actors_01-24_16k/Actor_21/03-01-07-01-01-01-21.wav,21,07,Disgust,16000,2.048
ravdess,03-01-07-01-01-02-21.wav,ravdess/Audio_Speech_Actors_01-24_16k/Actor_21/03-01-07-01-01-02-21.wav,21,07,Disgust,16000,2.176
ravdess,03-01-07-01-02-01-21.wav,ravdess/Audio_Speech_Actors_01-24_16k/Actor_21/03-01-07-01-02-01-21.wav,21,07,Disgust,16000,1.792
ravdess,03-01-07-01-02-02-21.wav,ravdess/Audio_Speech_Actors_01-24_16k/Actor_21/03-01-07-01-02-02-21.wav,21,07,Disgust,16000,1.728
ravdess,03-01-07-02-01-01-21.wav,ravdess/Audio_Speech_Actors_01-24_16k/Actor_21/03-01-07-02-01-01-21.wav,21,07,Disgust,16000,2.176
ravdess,03-01-07-02-01-02-21.wav,ravdess/Audio_Speech_Actors_01-24_16k/Actor_21/03-01-07-02-01-02-21.wav,21,07,Disgust,16000,2.144
ravdess,03-01-07-02-02-01-21.wav,ravdess/Audio_Speech_Actors_01-24_16k/Actor_21/03-01-07-02-02-01-21.wav,21,07,Disgust,16000,2.336
ravdess,03-01-07-02-02-02-21.wav,ravdess/Audio_Speech_Actors_01-24_16k/Actor_21/03-01-07-02-02-02-21.wav,21,07,Disgust,16000,2.048
ravdess,03-01-08-01-01-01-21.wav,ravdess/Audio_Speech_Actors_01-24_16k/Actor_21/03-01-08-01-01-01-21.wav,21,08,Surprise,16000,1.568
ravdess,03-01-08-01-01-02-21.wav,ravdess/Audio_Speech_Actors_01-24_16k/Actor_21/03-01-08-01-01-02-21.wav,21,08,Surprise,16000,1.568
ravdess,03-01-08-01-02-01-21.wav,ravdess/Audio_Speech_Actors_01-24_16k/Actor_21/03-01-08-01-02-01-21.wav,21,08,Surprise,16000,1.504
ravdess,03-01-08-01-02-02-21.wav,ravdess/Audio_Speech_Actors_01-24_16k/Actor_21/03-01-08-01-02-02-21.wav,21,08,Surprise,16000,1.664
ravdess,03-01-08-02-01-01-21.wav,ravdess/Audio_Speech_Actors_01-24_16k/Actor_21/03-01-08-02-01-01-21.wav,21,08,Surprise,16000,1.728
ravdess,03-01-08-02-01-02-21.wav,ravdess/Audio_Speech_Actors_01-24_16k/Actor_21/03-01-08-02-01-02-21.wav,21,08,Surprise,16000,1.728
ravdess,03-01-08-02-02-01-21.wav,ravdess/Audio_Speech_Actors_01-24_16k/Actor_21/03-01-08-02-02-01-21.wav,21,08,Surprise,16000,1.536
ravdess,03-01-08-02-02-02-21.wav,ravdess/Audio_Speech_Actors_01-24_16k/Actor_21/03-01-08-02-02-02-21.wav,21,08,Surprise,16000,1.632
ravdess,03-01-01-01-01-01-22.wav,ravdess/Audio_Speech_Actors_01-24_16k/Actor_22/03-01-01-01-01-01-22.wav,22,01,Neutral,16000,1.76
ravdess,03-01-01-01-01-02-22.wav,ravdess/Audio_Speech_Actors_01-24_16k/Actor_22/03-01-01-01-01-02-22.wav,22,01,Neutral,16000,1.6
ravdess,03-01-01-01-02-01-22.wav,ravdess/Audio_Speech_Actors_01-24_16k/Actor_22/03-01-01-01-02-01-22.wav,22,01,Neutral,16000,1.728
ravdess,03-01-01-01-02-02-22.wav,ravdess/Audio_Speech_Actors_01-24_16k/Actor_22/03-01-01-01-02-02-22.wav,22,01,Neutral,16000,1.696
ravdess,03-01-03-01-01-01-22.wav,ravdess/Audio_Speech_Actors_01-24_16k/Actor_22/03-01-03-01-01-01-22.wav,22,03,Happy,16000,1.952
ravdess,03-01-03-01-01-02-22.wav,ravdess/Audio_Speech_Actors_01-24_16k/Actor_22/03-01-03-01-01-02-22.wav,22,03,Happy,16000,1.536
ravdess,03-01-03-01-02-01-22.wav,ravdess/Audio_Speech_Actors_01-24_16k/Actor_22/03-01-03-01-02-01-22.wav,22,03,Happy,16000,1.6
ravdess,03-01-03-01-02-02-22.wav,ravdess/Audio_Speech_Actors_01-24_16k/Actor_22/03-01-03-01-02-02-22.wav,22,03,Happy,16000,1.6
ravdess,03-01-03-02-01-01-22.wav,ravdess/Audio_Speech_Actors_01-24_16k/Actor_22/03-01-03-02-01-01-22.wav,22,03,Happy,16000,1.76
ravdess,03-01-03-02-01-02-22.wav,ravdess/Audio_Speech_Actors_01-24_16k/Actor_22/03-01-03-02-01-02-22.wav,22,03,Happy,16000,1.888
ravdess,03-01-03-02-02-01-22.wav,ravdess/Audio_Speech_Actors_01-24_16k/Actor_22/03-01-03-02-02-01-22.wav,22,03,Happy,16000,1.76
ravdess,03-01-03-02-02-02-22.wav,ravdess/Audio_Speech_Actors_01-24_16k/Actor_22/03-01-03-02-02-02-22.wav,22,03,Happy,16000,2.016
ravdess,03-01-04-01-01-01-22.wav,ravdess/Audio_Speech_Actors_01-24_16k/Actor_22/03-01-04-01-01-01-22.wav,22,04,Sad,16000,1.728
ravdess,03-01-04-01-01-02-22.wav,ravdess/Audio_Speech_Actors_01-24_16k/Actor_22/03-01-04-01-01-02-22.wav,22,04,Sad,16000,1.824
ravdess,03-01-04-01-02-01-22.wav,ravdess/Audio_Speech_Actors_01-24_16k/Actor_22/03-01-04-01-02-01-22.wav,22,04,Sad,16000,1.824
ravdess,03-01-04-01-02-02-22.wav,ravdess/Audio_Speech_Actors_01-24_16k/Actor_22/03-01-04-01-02-02-22.wav,22,04,Sad,16000,1.792
ravdess,03-01-04-02-01-01-22.wav,ravdess/Audio_Speech_Actors_01-24_16k/Actor_22/03-01-04-02-01-01-22.wav,22,04,Sad,16000,1.824
ravdess,03-01-04-02-01-02-22.wav,ravdess/Audio_Speech_Actors_01-24_16k/Actor_22/03-01-04-02-01-02-22.wav,22,04,Sad,16000,1.76
ravdess,03-01-04-02-02-01-22.wav,ravdess/Audio_Speech_Actors_01-24_16k/Actor_22/03-01-04-02-02-01-22.wav,22,04,Sad,16000,1.824
ravdess,03-01-04-02-02-02-22.wav,ravdess/Audio_Speech_Actors_01-24_16k/Actor_22/03-01-04-02-02-02-22.wav,22,04,Sad,16000,1.952
ravdess,03-01-05-01-01-01-22.wav,ravdess/Audio_Speech_Actors_01-24_16k/Actor_22/03-01-05-01-01-01-22.wav,22,05,Angry,16000,1.792
ravdess,03-01-05-01-01-02-22.wav,ravdess/Audio_Speech_Actors_01-24_16k/Actor_22/03-01-05-01-01-02-22.wav,22,05,Angry,16000,1.824
ravdess,03-01-05-01-02-01-22.wav,ravdess/Audio_Speech_Actors_01-24_16k/Actor_22/03-01-05-01-02-01-22.wav,22,05,Angry,16000,1.952
ravdess,03-01-05-01-02-02-22.wav,ravdess/Audio_Speech_Actors_01-24_16k/Actor_22/03-01-05-01-02-02-22.wav,22,05,Angry,16000,2.112
ravdess,03-01-05-02-01-01-22.wav,ravdess/Audio_Speech_Actors_01-24_16k/Actor_22/03-01-05-02-01-01-22.wav,22,05,Angry,16000,1.888
ravdess,03-01-05-02-01-02-22.wav,ravdess/Audio_Speech_Actors_01-24_16k/Actor_22/03-01-05-02-01-02-22.wav,22,05,Angry,16000,1.888
ravdess,03-01-05-02-02-01-22.wav,ravdess/Audio_Speech_Actors_01-24_16k/Actor_22/03-01-05-02-02-01-22.wav,22,05,Angry,16000,2.176
ravdess,03-01-05-02-02-02-22.wav,ravdess/Audio_Speech_Actors_01-24_16k/Actor_22/03-01-05-02-02-02-22.wav,22,05,Angry,16000,2.208
ravdess,03-01-06-01-01-01-22.wav,ravdess/Audio_Speech_Actors_01-24_16k/Actor_22/03-01-06-01-01-01-22.wav,22,06,Fear,16000,1.696
ravdess,03-01-06-01-01-02-22.wav,ravdess/Audio_Speech_Actors_01-24_16k/Actor_22/03-01-06-01-01-02-22.wav,22,06,Fear,16000,1.728
ravdess,03-01-06-01-02-01-22.wav,ravdess/Audio_Speech_Actors_01-24_16k/Actor_22/03-01-06-01-02-01-22.wav,22,06,Fear,16000,1.856
ravdess,03-01-06-01-02-02-22.wav,ravdess/Audio_Speech_Actors_01-24_16k/Actor_22/03-01-06-01-02-02-22.wav,22,06,Fear,16000,1.664
ravdess,03-01-06-02-01-01-22.wav,ravdess/Audio_Speech_Actors_01-24_16k/Actor_22/03-01-06-02-01-01-22.wav,22,06,Fear,16000,1.632
ravdess,03-01-06-02-01-02-22.wav,ravdess/Audio_Speech_Actors_01-24_16k/Actor_22/03-01-06-02-01-02-22.wav,22,06,Fear,16000,1.632
ravdess,03-01-06-02-02-01-22.wav,ravdess/Audio_Speech_Actors_01-24_16k/Actor_22/03-01-06-02-02-01-22.wav,22,06,Fear,16000,1.728
ravdess,03-01-06-02-02-02-22.wav,ravdess/Audio_Speech_Actors_01-24_16k/Actor_22/03-01-06-02-02-02-22.wav,22,06,Fear,16000,1.696
ravdess,03-01-07-01-01-01-22.wav,ravdess/Audio_Speech_Actors_01-24_16k/Actor_22/03-01-07-01-01-01-22.wav,22,07,Disgust,16000,1.792
ravdess,03-01-07-01-01-02-22.wav,ravdess/Audio_Speech_Actors_01-24_16k/Actor_22/03-01-07-01-01-02-22.wav,22,07,Disgust,16000,1.984
ravdess,03-01-07-01-02-01-22.wav,ravdess/Audio_Speech_Actors_01-24_16k/Actor_22/03-01-07-01-02-01-22.wav,22,07,Disgust,16000,1.888
ravdess,03-01-07-01-02-02-22.wav,ravdess/Audio_Speech_Actors_01-24_16k/Actor_22/03-01-07-01-02-02-22.wav,22,07,Disgust,16000,1.888
ravdess,03-01-07-02-01-01-22.wav,ravdess/Audio_Speech_Actors_01-24_16k/Actor_22/03-01-07-02-01-01-22.wav,22,07,Disgust,16000,2.336
ravdess,03-01-07-02-01-02-22.wav,ravdess/Audio_Speech_Actors_01-24_16k/Actor_22/03-01-07-02-01-02-22.wav,22,07,Disgust,16000,2.176
ravdess,03-01-07-02-02-01-22.wav,ravdess/Audio_Speech_Actors_01-24_16k/Actor_22/03-01-07-02-02-01-22.wav,22,07,Disgust,16000,2.272
ravdess,03-01-07-02-02-02-22.wav,ravdess/Audio_Speech_Actors_01-24_16k/Actor_22/03-01-07-02-02-02-22.wav,22,07,Disgust,16000,2.688
ravdess,03-01-08-01-01-01-22.wav,ravdess/Audio_Speech_Actors_01-24_16k/Actor_22/03-01-08-01-01-01-22.wav,22,08,Surprise,16000,1.664
ravdess,03-01-08-01-01-02-22.wav,ravdess/Audio_Speech_Actors_01-24_16k/Actor_22/03-01-08-01-01-02-22.wav,22,08,Surprise,16000,1.696
ravdess,03-01-08-01-02-01-22.wav,ravdess/Audio_Speech_Actors_01-24_16k/Actor_22/03-01-08-01-02-01-22.wav,22,08,Surprise,16000,1.568
ravdess,03-01-08-01-02-02-22.wav,ravdess/Audio_Speech_Actors_01-24_16k/Actor_22/03-01-08-01-02-02-22.wav,22,08,Surprise,16000,1.696
ravdess,03-01-08-02-01-01-22.wav,ravdess/Audio_Speech_Actors_01-24_16k/Actor_22/03-01-08-02-01-01-22.wav,22,08,Surprise,16000,1.664
ravdess,03-01-08-02-01-02-22.wav,ravdess/Audio_Speech_Actors_01-24_16k/Actor_22/03-01-08-02-01-02-22.wav,22,08,Surprise,16000,1.792
ravdess,03-01-08-02-02-01-22.wav,ravdess/Audio_Speech_Actors_01-24_16k/Actor_22/03-01-08-02-02-01-22.wav,22,08,Surprise,16000,1.792
ravdess,03-01-08-02-02-02-22.wav,ravdess/Audio_Speech_Actors_01-24_16k/Actor_22/03-01-08-02-02-02-22.wav,22,08,Surprise,16000,1.696
ravdess,03-01-01-01-01-01-23.wav,ravdess/Audio_Speech_Actors_01-24_16k/Actor_23/03-01-01-01-01-01-23.wav,23,01,Neutral,16000,1.888
ravdess,03-01-01-01-01-02-23.wav,ravdess/Audio_Speech_Actors_01-24_16k/Actor_23/03-01-01-01-01-02-23.wav,23,01,Neutral,16000,1.824
ravdess,03-01-01-01-02-01-23.wav,ravdess/Audio_Speech_Actors_01-24_16k/Actor_23/03-01-01-01-02-01-23.wav,23,01,Neutral,16000,1.728
ravdess,03-01-01-01-02-02-23.wav,ravdess/Audio_Speech_Actors_01-24_16k/Actor_23/03-01-01-01-02-02-23.wav,23,01,Neutral,16000,1.888
ravdess,03-01-03-01-01-01-23.wav,ravdess/Audio_Speech_Actors_01-24_16k/Actor_23/03-01-03-01-01-01-23.wav,23,03,Happy,16000,1.408
ravdess,03-01-03-01-01-02-23.wav,ravdess/Audio_Speech_Actors_01-24_16k/Actor_23/03-01-03-01-01-02-23.wav,23,03,Happy,16000,1.312
ravdess,03-01-03-01-02-01-23.wav,ravdess/Audio_Speech_Actors_01-24_16k/Actor_23/03-01-03-01-02-01-23.wav,23,03,Happy,16000,1.344
ravdess,03-01-03-01-02-02-23.wav,ravdess/Audio_Speech_Actors_01-24_16k/Actor_23/03-01-03-01-02-02-23.wav,23,03,Happy,16000,1.344
ravdess,03-01-03-02-01-01-23.wav,ravdess/Audio_Speech_Actors_01-24_16k/Actor_23/03-01-03-02-01-01-23.wav,23,03,Happy,16000,1.248
ravdess,03-01-03-02-01-02-23.wav,ravdess/Audio_Speech_Actors_01-24_16k/Actor_23/03-01-03-02-01-02-23.wav,23,03,Happy,16000,1.248
ravdess,03-01-03-02-02-01-23.wav,ravdess/Audio_Speech_Actors_01-24_16k/Actor_23/03-01-03-02-02-01-23.wav,23,03,Happy,16000,1.248
ravdess,03-01-03-02-02-02-23.wav,ravdess/Audio_Speech_Actors_01-24_16k/Actor_23/03-01-03-02-02-02-23.wav,23,03,Happy,16000,1.28
ravdess,03-01-04-01-01-01-23.wav,ravdess/Audio_Speech_Actors_01-24_16k/Actor_23/03-01-04-01-01-01-23.wav,23,04,Sad,16000,1.728
ravdess,03-01-04-01-01-02-23.wav,ravdess/Audio_Speech_Actors_01-24_16k/Actor_23/03-01-04-01-01-02-23.wav,23,04,Sad,16000,1.984
ravdess,03-01-04-01-02-01-23.wav,ravdess/Audio_Speech_Actors_01-24_16k/Actor_23/03-01-04-01-02-01-23.wav,23,04,Sad,16000,1.664
ravdess,03-01-04-01-02-02-23.wav,ravdess/Audio_Speech_Actors_01-24_16k/Actor_23/03-01-04-01-02-02-23.wav,23,04,Sad,16000,1.728
ravdess,03-01-04-02-01-01-23.wav,ravdess/Audio_Speech_Actors_01-24_16k/Actor_23/03-01-04-02-01-01-23.wav,23,04,Sad,16000,3.008
ravdess,03-01-04-02-01-02-23.wav,ravdess/Audio_Speech_Actors_01-24_16k/Actor_23/03-01-04-02-01-02-23.wav,23,04,Sad,16000,3.04
ravdess,03-01-04-02-02-01-23.wav,ravdess/Audio_Speech_Actors_01-24_16k/Actor_23/03-01-04-02-02-01-23.wav,23,04,Sad,16000,2.048
ravdess,03-01-04-02-02-02-23.wav,ravdess/Audio_Speech_Actors_01-24_16k/Actor_23/03-01-04-02-02-02-23.wav,23,04,Sad,16000,3.328
ravdess,03-01-05-01-01-01-23.wav,ravdess/Audio_Speech_Actors_01-24_16k/Actor_23/03-01-05-01-01-01-23.wav,23,05,Angry,16000,1.28
ravdess,03-01-05-01-01-02-23.wav,ravdess/Audio_Speech_Actors_01-24_16k/Actor_23/03-01-05-01-01-02-23.wav,23,05,Angry,16000,1.376
ravdess,03-01-05-01-02-01-23.wav,ravdess/Audio_Speech_Actors_01-24_16k/Actor_23/03-01-05-01-02-01-23.wav,23,05,Angry,16000,1.344
ravdess,03-01-05-01-02-02-23.wav,ravdess/Audio_Speech_Actors_01-24_16k/Actor_23/03-01-05-01-02-02-23.wav,23,05,Angry,16000,1.376
ravdess,03-01-05-02-01-01-23.wav,ravdess/Audio_Speech_Actors_01-24_16k/Actor_23/03-01-05-02-01-01-23.wav,23,05,Angry,16000,1.44
ravdess,03-01-05-02-01-02-23.wav,ravdess/Audio_Speech_Actors_01-24_16k/Actor_23/03-01-05-02-01-02-23.wav,23,05,Angry,16000,1.312
ravdess,03-01-05-02-02-01-23.wav,ravdess/Audio_Speech_Actors_01-24_16k/Actor_23/03-01-05-02-02-01-23.wav,23,05,Angry,16000,1.248
ravdess,03-01-05-02-02-02-23.wav,ravdess/Audio_Speech_Actors_01-24_16k/Actor_23/03-01-05-02-02-02-23.wav,23,05,Angry,16000,1.312
ravdess,03-01-06-01-01-01-23.wav,ravdess/Audio_Speech_Actors_01-24_16k/Actor_23/03-01-06-01-01-01-23.wav,23,06,Fear,16000,1.504
ravdess,03-01-06-01-01-02-23.wav,ravdess/Audio_Speech_Actors_01-24_16k/Actor_23/03-01-06-01-01-02-23.wav,23,06,Fear,16000,1.312
ravdess,03-01-06-01-02-01-23.wav,ravdess/Audio_Speech_Actors_01-24_16k/Actor_23/03-01-06-01-02-01-23.wav,23,06,Fear,16000,1.248
ravdess,03-01-06-01-02-02-23.wav,ravdess/Audio_Speech_Actors_01-24_16k/Actor_23/03-01-06-01-02-02-23.wav,23,06,Fear,16000,1.216
ravdess,03-01-06-02-01-01-23.wav,ravdess/Audio_Speech_Actors_01-24_16k/Actor_23/03-01-06-02-01-01-23.wav,23,06,Fear,16000,1.632
ravdess,03-01-06-02-01-02-23.wav,ravdess/Audio_Speech_Actors_01-24_16k/Actor_23/03-01-06-02-01-02-23.wav,23,06,Fear,16000,1.504
ravdess,03-01-06-02-02-01-23.wav,ravdess/Audio_Speech_Actors_01-24_16k/Actor_23/03-01-06-02-02-01-23.wav,23,06,Fear,16000,1.536
ravdess,03-01-06-02-02-02-23.wav,ravdess/Audio_Speech_Actors_01-24_16k/Actor_23/03-01-06-02-02-02-23.wav,23,06,Fear,16000,1.6
ravdess,03-01-07-01-01-01-23.wav,ravdess/Audio_Speech_Actors_01-24_16k/Actor_23/03-01-07-01-01-01-23.wav,23,07,Disgust,16000,1.664
ravdess,03-01-07-01-01-02-23.wav,ravdess/Audio_Speech_Actors_01-24_16k/Actor_23/03-01-07-01-01-02-23.wav,23,07,Disgust,16000,1.664
ravdess,03-01-07-01-02-01-23.wav,ravdess/Audio_Speech_Actors_01-24_16k/Actor_23/03-01-07-01-02-01-23.wav,23,07,Disgust,16000,1.536
ravdess,03-01-07-01-02-02-23.wav,ravdess/Audio_Speech_Actors_01-24_16k/Actor_23/03-01-07-01-02-02-23.wav,23,07,Disgust,16000,1.44
ravdess,03-01-07-02-01-01-23.wav,ravdess/Audio_Speech_Actors_01-24_16k/Actor_23/03-01-07-02-01-01-23.wav,23,07,Disgust,16000,2.144
ravdess,03-01-07-02-01-02-23.wav,ravdess/Audio_Speech_Actors_01-24_16k/Actor_23/03-01-07-02-01-02-23.wav,23,07,Disgust,16000,1.952
ravdess,03-01-07-02-02-01-23.wav,ravdess/Audio_Speech_Actors_01-24_16k/Actor_23/03-01-07-02-02-01-23.wav,23,07,Disgust,16000,1.824
ravdess,03-01-07-02-02-02-23.wav,ravdess/Audio_Speech_Actors_01-24_16k/Actor_23/03-01-07-02-02-02-23.wav,23,07,Disgust,16000,1.888
ravdess,03-01-08-01-01-01-23.wav,ravdess/Audio_Speech_Actors_01-24_16k/Actor_23/03-01-08-01-01-01-23.wav,23,08,Surprise,16000,1.312
ravdess,03-01-08-01-01-02-23.wav,ravdess/Audio_Speech_Actors_01-24_16k/Actor_23/03-01-08-01-01-02-23.wav,23,08,Surprise,16000,1.312
ravdess,03-01-08-01-02-01-23.wav,ravdess/Audio_Speech_Actors_01-24_16k/Actor_23/03-01-08-01-02-01-23.wav,23,08,Surprise,16000,1.312
ravdess,03-01-08-01-02-02-23.wav,ravdess/Audio_Speech_Actors_01-24_16k/Actor_23/03-01-08-01-02-02-23.wav,23,08,Surprise,16000,1.312
ravdess,03-01-08-02-01-01-23.wav,ravdess/Audio_Speech_Actors_01-24_16k/Actor_23/03-01-08-02-01-01-23.wav,23,08,Surprise,16000,1.536
ravdess,03-01-08-02-01-02-23.wav,ravdess/Audio_Speech_Actors_01-24_16k/Actor_23/03-01-08-02-01-02-23.wav,23,08,Surprise,16000,1.408
ravdess,03-01-08-02-02-01-23.wav,ravdess/Audio_Speech_Actors_01-24_16k/Actor_23/03-01-08-02-02-01-23.wav,23,08,Surprise,16000,1.344
ravdess,03-01-08-02-02-02-23.wav,ravdess/Audio_Speech_Actors_01-24_16k/Actor_23/03-01-08-02-02-02-23.wav,23,08,Surprise,16000,1.344
ravdess,03-01-01-01-01-01-24.wav,ravdess/Audio_Speech_Actors_01-24_16k/Actor_24/03-01-01-01-01-01-24.wav,24,01,Neutral,16000,1.792
ravdess,03-01-01-01-01-02-24.wav,ravdess/Audio_Speech_Actors_01-24_16k/Actor_24/03-01-01-01-01-02-24.wav,24,01,Neutral,16000,1.76
ravdess,03-01-01-01-02-01-24.wav,ravdess/Audio_Speech_Actors_01-24_16k/Actor_24/03-01-01-01-02-01-24.wav,24,01,Neutral,16000,1.728
ravdess,03-01-01-01-02-02-24.wav,ravdess/Audio_Speech_Actors_01-24_16k/Actor_24/03-01-01-01-02-02-24.wav,24,01,Neutral,16000,1.696
ravdess,03-01-03-01-01-01-24.wav,ravdess/Audio_Speech_Actors_01-24_16k/Actor_24/03-01-03-01-01-01-24.wav,24,03,Happy,16000,1.696
ravdess,03-01-03-01-01-02-24.wav,ravdess/Audio_Speech_Actors_01-24_16k/Actor_24/03-01-03-01-01-02-24.wav,24,03,Happy,16000,1.952
ravdess,03-01-03-01-02-01-24.wav,ravdess/Audio_Speech_Actors_01-24_16k/Actor_24/03-01-03-01-02-01-24.wav,24,03,Happy,16000,1.6
ravdess,03-01-03-01-02-02-24.wav,ravdess/Audio_Speech_Actors_01-24_16k/Actor_24/03-01-03-01-02-02-24.wav,24,03,Happy,16000,1.792
ravdess,03-01-03-02-01-01-24.wav,ravdess/Audio_Speech_Actors_01-24_16k/Actor_24/03-01-03-02-01-01-24.wav,24,03,Happy,16000,2.048
ravdess,03-01-03-02-01-02-24.wav,ravdess/Audio_Speech_Actors_01-24_16k/Actor_24/03-01-03-02-01-02-24.wav,24,03,Happy,16000,1.792
ravdess,03-01-03-02-02-01-24.wav,ravdess/Audio_Speech_Actors_01-24_16k/Actor_24/03-01-03-02-02-01-24.wav,24,03,Happy,16000,1.888
ravdess,03-01-03-02-02-02-24.wav,ravdess/Audio_Speech_Actors_01-24_16k/Actor_24/03-01-03-02-02-02-24.wav,24,03,Happy,16000,1.92
ravdess,03-01-04-01-01-01-24.wav,ravdess/Audio_Speech_Actors_01-24_16k/Actor_24/03-01-04-01-01-01-24.wav,24,04,Sad,16000,2.176
ravdess,03-01-04-01-01-02-24.wav,ravdess/Audio_Speech_Actors_01-24_16k/Actor_24/03-01-04-01-01-02-24.wav,24,04,Sad,16000,2.08
ravdess,03-01-04-01-02-01-24.wav,ravdess/Audio_Speech_Actors_01-24_16k/Actor_24/03-01-04-01-02-01-24.wav,24,04,Sad,16000,1.6
ravdess,03-01-04-01-02-02-24.wav,ravdess/Audio_Speech_Actors_01-24_16k/Actor_24/03-01-04-01-02-02-24.wav,24,04,Sad,16000,1.856
ravdess,03-01-04-02-01-01-24.wav,ravdess/Audio_Speech_Actors_01-24_16k/Actor_24/03-01-04-02-01-01-24.wav,24,04,Sad,16000,2.496
ravdess,03-01-04-02-01-02-24.wav,ravdess/Audio_Speech_Actors_01-24_16k/Actor_24/03-01-04-02-01-02-24.wav,24,04,Sad,16000,2.624
ravdess,03-01-04-02-02-01-24.wav,ravdess/Audio_Speech_Actors_01-24_16k/Actor_24/03-01-04-02-02-01-24.wav,24,04,Sad,16000,2.752
ravdess,03-01-04-02-02-02-24.wav,ravdess/Audio_Speech_Actors_01-24_16k/Actor_24/03-01-04-02-02-02-24.wav,24,04,Sad,16000,2.816
ravdess,03-01-05-01-01-01-24.wav,ravdess/Audio_Speech_Actors_01-24_16k/Actor_24/03-01-05-01-01-01-24.wav,24,05,Angry,16000,2.144
ravdess,03-01-05-01-01-02-24.wav,ravdess/Audio_Speech_Actors_01-24_16k/Actor_24/03-01-05-01-01-02-24.wav,24,05,Angry,16000,1.792
ravdess,03-01-05-01-02-01-24.wav,ravdess/Audio_Speech_Actors_01-24_16k/Actor_24/03-01-05-01-02-01-24.wav,24,05,Angry,16000,1.76
ravdess,03-01-05-01-02-02-24.wav,ravdess/Audio_Speech_Actors_01-24_16k/Actor_24/03-01-05-01-02-02-24.wav,24,05,Angry,16000,2.208
ravdess,03-01-05-02-01-01-24.wav,ravdess/Audio_Speech_Actors_01-24_16k/Actor_24/03-01-05-02-01-01-24.wav,24,05,Angry,16000,2.336
ravdess,03-01-05-02-01-02-24.wav,ravdess/Audio_Speech_Actors_01-24_16k/Actor_24/03-01-05-02-01-02-24.wav,24,05,Angry,16000,2.336
ravdess,03-01-05-02-02-01-24.wav,ravdess/Audio_Speech_Actors_01-24_16k/Actor_24/03-01-05-02-02-01-24.wav,24,05,Angry,16000,2.24
ravdess,03-01-05-02-02-02-24.wav,ravdess/Audio_Speech_Actors_01-24_16k/Actor_24/03-01-05-02-02-02-24.wav,24,05,Angry,16000,3.136
ravdess,03-01-06-01-01-01-24.wav,ravdess/Audio_Speech_Actors_01-24_16k/Actor_24/03-01-06-01-01-01-24.wav,24,06,Fear,16000,2.016
ravdess,03-01-06-01-01-02-24.wav,ravdess/Audio_Speech_Actors_01-24_16k/Actor_24/03-01-06-01-01-02-24.wav,24,06,Fear,16000,2.176
ravdess,03-01-06-01-02-01-24.wav,ravdess/Audio_Speech_Actors_01-24_16k/Actor_24/03-01-06-01-02-01-24.wav,24,06,Fear,16000,1.92
ravdess,03-01-06-01-02-02-24.wav,ravdess/Audio_Speech_Actors_01-24_16k/Actor_24/03-01-06-01-02-02-24.wav,24,06,Fear,16000,2.048
ravdess,03-01-06-02-01-01-24.wav,ravdess/Audio_Speech_Actors_01-24_16k/Actor_24/03-01-06-02-01-01-24.wav,24,06,Fear,16000,1.792
ravdess,03-01-06-02-01-02-24.wav,ravdess/Audio_Speech_Actors_01-24_16k/Actor_24/03-01-06-02-01-02-24.wav,24,06,Fear,16000,1.92
ravdess,03-01-06-02-02-01-24.wav,ravdess/Audio_Speech_Actors_01-24_16k/Actor_24/03-01-06-02-02-01-24.wav,24,06,Fear,16000,1.568
ravdess,03-01-06-02-02-02-24.wav,ravdess/Audio_Speech_Actors_01-24_16k/Actor_24/03-01-06-02-02-02-24.wav,24,06,Fear,16000,1.888
ravdess,03-01-07-01-01-01-24.wav,ravdess/Audio_Speech_Actors_01-24_16k/Actor_24/03-01-07-01-01-01-24.wav,24,07,Disgust,16000,2.368
ravdess,03-01-07-01-01-02-24.wav,ravdess/Audio_Speech_Actors_01-24_16k/Actor_24/03-01-07-01-01-02-24.wav,24,07,Disgust,16000,2.176
ravdess,03-01-07-01-02-01-24.wav,ravdess/Audio_Speech_Actors_01-24_16k/Actor_24/03-01-07-01-02-01-24.wav,24,07,Disgust,16000,2.048
ravdess,03-01-07-01-02-02-24.wav,ravdess/Audio_Speech_Actors_01-24_16k/Actor_24/03-01-07-01-02-02-24.wav,24,07,Disgust,16000,2.176
ravdess,03-01-07-02-01-01-24.wav,ravdess/Audio_Speech_Actors_01-24_16k/Actor_24/03-01-07-02-01-01-24.wav,24,07,Disgust,16000,2.464
ravdess,03-01-07-02-01-02-24.wav,ravdess/Audio_Speech_Actors_01-24_16k/Actor_24/03-01-07-02-01-02-24.wav,24,07,Disgust,16000,2.624
ravdess,03-01-07-02-02-01-24.wav,ravdess/Audio_Speech_Actors_01-24_16k/Actor_24/03-01-07-02-02-01-24.wav,24,07,Disgust,16000,2.176
ravdess,03-01-07-02-02-02-24.wav,ravdess/Audio_Speech_Actors_01-24_16k/Actor_24/03-01-07-02-02-02-24.wav,24,07,Disgust,16000,2.496
ravdess,03-01-08-01-01-01-24.wav,ravdess/Audio_Speech_Actors_01-24_16k/Actor_24/03-01-08-01-01-01-24.wav,24,08,Surprise,16000,1.44
ravdess,03-01-08-01-01-02-24.wav,ravdess/Audio_Speech_Actors_01-24_16k/Actor_24/03-01-08-01-01-02-24.wav,24,08,Surprise,16000,1.696
ravdess,03-01-08-01-02-01-24.wav,ravdess/Audio_Speech_Actors_01-24_16k/Actor_24/03-01-08-01-02-01-24.wav,24,08,Surprise,16000,1.44
ravdess,03-01-08-01-02-02-24.wav,ravdess/Audio_Speech_Actors_01-24_16k/Actor_24/03-01-08-01-02-02-24.wav,24,08,Surprise,16000,1.472
ravdess,03-01-08-02-01-01-24.wav,ravdess/Audio_Speech_Actors_01-24_16k/Actor_24/03-01-08-02-01-01-24.wav,24,08,Surprise,16000,2.016
ravdess,03-01-08-02-01-02-24.wav,ravdess/Audio_Speech_Actors_01-24_16k/Actor_24/03-01-08-02-01-02-24.wav,24,08,Surprise,16000,1.984
ravdess,03-01-08-02-02-01-24.wav,ravdess/Audio_Speech_Actors_01-24_16k/Actor_24/03-01-08-02-02-01-24.wav,24,08,Surprise,16000,2.016
ravdess,03-01-08-02-02-02-24.wav,ravdess/Audio_Speech_Actors_01-24_16k/Actor_24/03-01-08-02-02-02-24.wav,24,08,Surprise,16000,1.856
savee,DC_a01.wav,savee/ALL/DC_a01.wav,DC,a,Angry,16000,3.6478125
savee,DC_a02.wav,savee/ALL/DC_a02.wav,DC,a,Angry,16000,3.4381875
savee,DC_a03.wav,savee/ALL/DC_a03.wav,DC,a,Angry,16000,2.0755
savee,DC_a04.wav,savee/ALL/DC_a04.wav,DC,a,Angry,16000,2.304
savee,DC_a05.wav,savee/ALL/DC_a05.wav,DC,a,Angry,16000,2.112
savee,DC_a06.wav,savee/ALL/DC_a06.wav,DC,a,Angry,16000,3.7360625
savee,DC_a07.wav,savee/ALL/DC_a07.wav,DC,a,Angry,16000,2.144
savee,DC_a08.wav,savee/ALL/DC_a08.wav,DC,a,Angry,16000,2.272
savee,DC_a09.wav,savee/ALL/DC_a09.wav,DC,a,Angry,16000,3.9935
savee,DC_a10.wav,savee/ALL/DC_a10.wav,DC,a,Angry,16000,3.616
savee,DC_a11.wav,savee/ALL/DC_a11.wav,DC,a,Angry,16000,2.657375
savee,DC_a12.wav,savee/ALL/DC_a12.wav,DC,a,Angry,16000,3.315125
savee,DC_a13.wav,savee/ALL/DC_a13.wav,DC,a,Angry,16000,4.224
savee,DC_a14.wav,savee/ALL/DC_a14.wav,DC,a,Angry,16000,5.312
savee,DC_a15.wav,savee/ALL/DC_a15.wav,DC,a,Angry,16000,3.872
savee,DC_d01.wav,savee/ALL/DC_d01.wav,DC,d,Disgust,16000,4.360625
savee,DC_d02.wav,savee/ALL/DC_d02.wav,DC,d,Disgust,16000,3.920375
savee,DC_d03.wav,savee/ALL/DC_d03.wav,DC,d,Disgust,16000,2.3480625
savee,DC_d04.wav,savee/ALL/DC_d04.wav,DC,d,Disgust,16000,4.3815625
savee,DC_d05.wav,savee/ALL/DC_d05.wav,DC,d,Disgust,16000,3.10275
savee,DC_d06.wav,savee/ALL/DC_d06.wav,DC,d,Disgust,16000,3.3019375
savee,DC_d07.wav,savee/ALL/DC_d07.wav,DC,d,Disgust,16000,2.6991875
savee,DC_d08.wav,savee/ALL/DC_d08.wav,DC,d,Disgust,16000,4.4025625
savee,DC_d09.wav,savee/ALL/DC_d09.wav,DC,d,Disgust,16000,4.638375
savee,DC_d10.wav,savee/ALL/DC_d10.wav,DC,d,Disgust,16000,4.5335625
savee,DC_d11.wav,savee/ALL/DC_d11.wav,DC,d,Disgust,16000,3.564
savee,DC_d12.wav,savee/ALL/DC_d12.wav,DC,d,Disgust,16000,3.7211875
savee,DC_d13.wav,savee/ALL/DC_d13.wav,DC,d,Disgust,16000,5.6341875
savee,DC_d14.wav,savee/ALL/DC_d14.wav,DC,d,Disgust,16000,5.686625
savee,DC_d15.wav,savee/ALL/DC_d15.wav,DC,d,Disgust,16000,6.0558125
savee,DC_f01.wav,savee/ALL/DC_f01.wav,DC,f,Fear,16000,3.3124375
savee,DC_f02.wav,savee/ALL/DC_f02.wav,DC,f,Fear,16000,3.39625
savee,DC_f03.wav,savee/ALL/DC_f03.wav,DC,f,Fear,16000,2.285125
savee,DC_f04.wav,savee/ALL/DC_f04.wav,DC,f,Fear,16000,3.018875
savee,DC_f05.wav,savee/ALL/DC_f05.wav,DC,f,Fear,16000,3.2914375
savee,DC_f06.wav,savee/ALL/DC_f06.wav,DC,f,Fear,16000,2.9874375
savee,DC_f07.wav,savee/ALL/DC_f07.wav,DC,f,Fear,16000,3.616375
savee,DC_f08.wav,savee/ALL/DC_f08.wav,DC,f,Fear,16000,3.9046875
savee,DC_f09.wav,savee/ALL/DC_f09.wav,DC,f,Fear,16000,3.8784375
savee,DC_f10.wav,savee/ALL/DC_f10.wav,DC,f,Fear,16000,2.496
savee,DC_f11.wav,savee/ALL/DC_f11.wav,DC,f,Fear,16000,4.3239375
savee,DC_f12.wav,savee/ALL/DC_f12.wav,DC,f,Fear,16000,4.3763125
savee,DC_f13.wav,savee/ALL/DC_f13.wav,DC,f,Fear,16000,2.463375
savee,DC_f14.wav,savee/ALL/DC_f14.wav,DC,f,Fear,16000,4.952875
savee,DC_f15.wav,savee/ALL/DC_f15.wav,DC,f,Fear,16000,5.1363125
savee,DC_h01.wav,savee/ALL/DC_h01.wav,DC,h,Happy,16000,3.8365
savee,DC_h02.wav,savee/ALL/DC_h02.wav,DC,h,Happy,16000,3.39625
savee,DC_h03.wav,savee/ALL/DC_h03.wav,DC,h,Happy,16000,2.2641875
savee,DC_h04.wav,savee/ALL/DC_h04.wav,DC,h,Happy,16000,3.2285625
savee,DC_h05.wav,savee/ALL/DC_h05.wav,DC,h,Happy,16000,4.360625
savee,DC_h06.wav,savee/ALL/DC_h06.wav,DC,h,Happy,16000,3.459125
savee,DC_h07.wav,savee/ALL/DC_h07.wav,DC,h,Happy,16000,3.605875
savee,DC_h08.wav,savee/ALL/DC_h08.wav,DC,h,Happy,16000,2.048
savee,DC_h09.wav,savee/ALL/DC_h09.wav,DC,h,Happy,16000,2.432
savee,DC_h10.wav,savee/ALL/DC_h10.wav,DC,h,Happy,16000,2.432
savee,DC_h11.wav,savee/ALL/DC_h11.wav,DC,h,Happy,16000,5.974875
savee,DC_h12.wav,savee/ALL/DC_h12.wav,DC,h,Happy,16000,5.6604375
savee,DC_h13.wav,savee/ALL/DC_h13.wav,DC,h,Happy,16000,2.7673125
savee,DC_h14.wav,savee/ALL/DC_h14.wav,DC,h,Happy,16000,5.4088125
savee,DC_h15.wav,savee/ALL/DC_h15.wav,DC,h,Happy,16000,5.248
savee,DC_n01.wav,savee/ALL/DC_n01.wav,DC,n,Neutral,16000,3.773625
savee,DC_n02.wav,savee/ALL/DC_n02.wav,DC,n,Neutral,16000,3.773625
savee,DC_n03.wav,savee/ALL/DC_n03.wav,DC,n,Neutral,16000,2.0545625
savee,DC_n04.wav,savee/ALL/DC_n04.wav,DC,n,Neutral,16000,3.605875
savee,DC_n05.wav,savee/ALL/DC_n05.wav,DC,n,Neutral,16000,2.8301875
savee,DC_n06.wav,savee/ALL/DC_n06.wav,DC,n,Neutral,16000,4.13075
savee,DC_n07.wav,savee/ALL/DC_n07.wav,DC,n,Neutral,16000,4.0518125
savee,DC_n08.wav,savee/ALL/DC_n08.wav,DC,n,Neutral,16000,3.4993125
savee,DC_n09.wav,savee/ALL/DC_n09.wav,DC,n,Neutral,16000,3.7886875
savee,DC_n10.wav,savee/ALL/DC_n10.wav,DC,n,Neutral,16000,4.183375
savee,DC_n11.wav,savee/ALL/DC_n11.wav,DC,n,Neutral,16000,6.156625
savee,DC_n12.wav,savee/ALL/DC_n12.wav,DC,n,Neutral,16000,2.9730625
savee,DC_n13.wav,savee/ALL/DC_n13.wav,DC,n,Neutral,16000,2.7889375
savee,DC_n14.wav,savee/ALL/DC_n14.wav,DC,n,Neutral,16000,5.0253125
savee,DC_n15.wav,savee/ALL/DC_n15.wav,DC,n,Neutral,16000,5.156875
savee,DC_n16.wav,savee/ALL/DC_n16.wav,DC,n,Neutral,16000,3.8155625
savee,DC_n17.wav,savee/ALL/DC_n17.wav,DC,n,Neutral,16000,3.459125
savee,DC_n18.wav,savee/ALL/DC_n18.wav,DC,n,Neutral,16000,1.8868125
savee,DC_n19.wav,savee/ALL/DC_n19.wav,DC,n,Neutral,16000,3.2495
savee,DC_n20.wav,savee/ALL/DC_n20.wav,DC,n,Neutral,16000,3.2914375
savee,DC_n21.wav,savee/ALL/DC_n21.wav,DC,n,Neutral,16000,4.078125
savee,DC_n22.wav,savee/ALL/DC_n22.wav,DC,n,Neutral,16000,3.052
savee,DC_n23.wav,savee/ALL/DC_n23.wav,DC,n,Neutral,16000,3.315125
savee,DC_n24.wav,savee/ALL/DC_n24.wav,DC,n,Neutral,16000,3.867625
savee,DC_n25.wav,savee/ALL/DC_n25.wav,DC,n,Neutral,16000,4.0255
savee,DC_n26.wav,savee/ALL/DC_n26.wav,DC,n,Neutral,16000,3.1309375
savee,DC_n27.wav,savee/ALL/DC_n27.wav,DC,n,Neutral,16000,5.44625
savee,DC_n28.wav,savee/ALL/DC_n28.wav,DC,n,Neutral,16000,5.498875
savee,DC_n29.wav,savee/ALL/DC_n29.wav,DC,n,Neutral,16000,3.2888125
savee,DC_n30.wav,savee/ALL/DC_n30.wav,DC,n,Neutral,16000,4.630625
savee,DC_sa01.wav,savee/ALL/DC_sa01.wav,DC,sa,Sad,16000,4.3191875
savee,DC_sa02.wav,savee/ALL/DC_sa02.wav,DC,sa,Sad,16000,3.9399375
savee,DC_sa03.wav,savee/ALL/DC_sa03.wav,DC,sa,Sad,16000,2.423
savee,DC_sa04.wav,savee/ALL/DC_sa04.wav,DC,sa,Sad,16000,5.9836875
savee,DC_sa05.wav,savee/ALL/DC_sa05.wav,DC,sa,Sad,16000,4.743
savee,DC_sa06.wav,savee/ALL/DC_sa06.wav,DC,sa,Sad,16000,4.13
savee,DC_sa07.wav,savee/ALL/DC_sa07.wav,DC,sa,Sad,16000,2.9140625
savee,DC_sa08.wav,savee/ALL/DC_sa08.wav,DC,sa,Sad,16000,3.0608125
savee,DC_sa09.wav,savee/ALL/DC_sa09.wav,DC,sa,Sad,16000,2.746375
savee,DC_sa10.wav,savee/ALL/DC_sa10.wav,DC,sa,Sad,16000,4.1614375
savee,DC_sa11.wav,savee/ALL/DC_sa11.wav,DC,sa,Sad,16000,6.2264375
savee,DC_sa12.wav,savee/ALL/DC_sa12.wav,DC,sa,Sad,16000,5.377375
savee,DC_sa13.wav,savee/ALL/DC_sa13.wav,DC,sa,Sad,16000,5.9434375
savee,DC_sa14.wav,savee/ALL/DC_sa14.wav,DC,sa,Sad,16000,5.7233125
savee,DC_sa15.wav,savee/ALL/DC_sa15.wav,DC,sa,Sad,16000,5.1886875
savee,DC_su01.wav,savee/ALL/DC_su01.wav,DC,su,Surprise,16000,3.2495
savee,DC_su02.wav,savee/ALL/DC_su02.wav,DC,su,Surprise,16000,3.2285625
savee,DC_su03.wav,savee/ALL/DC_su03.wav,DC,su,Surprise,16000,1.865875
savee,DC_su04.wav,savee/ALL/DC_su04.wav,DC,su,Surprise,16000,3.3543125
savee,DC_su05.wav,savee/ALL/DC_su05.wav,DC,su,Surprise,16000,2.83025
savee,DC_su06.wav,savee/ALL/DC_su06.wav,DC,su,Surprise,16000,2.4214375
savee,DC_su07.wav,savee/ALL/DC_su07.wav,DC,su,Surprise,16000,3.456
savee,DC_su08.wav,savee/ALL/DC_su08.wav,DC,su,Surprise,16000,3.8081875
savee,DC_su09.wav,savee/ALL/DC_su09.wav,DC,su,Surprise,16000,3.434
savee,DC_su10.wav,savee/ALL/DC_su10.wav,DC,su,Surprise,16000,4.056625
savee,DC_su11.wav,savee/ALL/DC_su11.wav,DC,su,Surprise,16000,2.673
savee,DC_su12.wav,savee/ALL/DC_su12.wav,DC,su,Surprise,16000,5.0315
savee,DC_su13.wav,savee/ALL/DC_su13.wav,DC,su,Surprise,16000,4.2976875
savee,DC_su14.wav,savee/ALL/DC_su14.wav,DC,su,Surprise,16000,5.7390625
savee,DC_su15.wav,savee/ALL/DC_su15.wav,DC,su,Surprise,16000,5.817625
savee,JE_a01.wav,savee/ALL/JE_a01.wav,JE,a,Angry,16000,3.559375
savee,JE_a02.wav,savee/ALL/JE_a02.wav,JE,a,Angry,16000,2.592
savee,JE_a03.wav,savee/ALL/JE_a03.wav,JE,a,Angry,16000,1.056
savee,JE_a04.wav,savee/ALL/JE_a04.wav,JE,a,Angry,16000,2.112
savee,JE_a05.wav,savee/ALL/JE_a05.wav,JE,a,Angry,16000,2.272
savee,JE_a06.wav,savee/ALL/JE_a06.wav,JE,a,Angry,16000,3.392
savee,JE_a07.wav,savee/ALL/JE_a07.wav,JE,a,Angry,16000,1.6
savee,JE_a08.wav,savee/ALL/JE_a08.wav,JE,a,Angry,16000,2.688
savee,JE_a09.wav,savee/ALL/JE_a09.wav,JE,a,Angry,16000,3.52
savee,JE_a10.wav,savee/ALL/JE_a10.wav,JE,a,Angry,16000,3.52
savee,JE_a11.wav,savee/ALL/JE_a11.wav,JE,a,Angry,16000,3.2405
savee,JE_a12.wav,savee/ALL/JE_a12.wav,JE,a,Angry,16000,3.83975
savee,JE_a13.wav,savee/ALL/JE_a13.wav,JE,a,Angry,16000,3.968
savee,JE_a14.wav,savee/ALL/JE_a14.wav,JE,a,Angry,16000,7.024875
savee,JE_a15.wav,savee/ALL/JE_a15.wav,JE,a,Angry,16000,4.96
savee,JE_d01.wav,savee/ALL/JE_d01.wav,JE,d,Disgust,16000,4.4105625
savee,JE_d02.wav,savee/ALL/JE_d02.wav,JE,d,Disgust,16000,3.542125
savee,JE_d03.wav,savee/ALL/JE_d03.wav,JE,d,Disgust,16000,2.5050625
savee,JE_d04.wav,savee/ALL/JE_d04.wav,JE,d,Disgust,16000,4.117875
savee,JE_d05.wav,savee/ALL/JE_d05.wav,JE,d,Disgust,16000,3.498875
savee,JE_d06.wav,savee/ALL/JE_d06.wav,JE,d,Disgust,16000,3.141
savee,JE_d07.wav,savee/ALL/JE_d07.wav,JE,d,Disgust,16000,2.8818125
savee,JE_d08.wav,savee/ALL/JE_d08.wav,JE,d,Disgust,16000,4.2886875
savee,JE_d09.wav,savee/ALL/JE_d09.wav,JE,d,Disgust,16000,4.0988125
savee,JE_d10.wav,savee/ALL/JE_d10.wav,JE,d,Disgust,16000,3.578
savee,JE_d11.wav,savee/ALL/JE_d11.wav,JE,d,Disgust,16000,3.6465625
savee,JE_d12.wav,savee/ALL/JE_d12.wav,JE,d,Disgust,16000,3.010375
savee,JE_d13.wav,savee/ALL/JE_d13.wav,JE,d,Disgust,16000,5.5925
savee,JE_d14.wav,savee/ALL/JE_d14.wav,JE,d,Disgust,16000,5.622375
savee,JE_d15.wav,savee/ALL/JE_d15.wav,JE,d,Disgust,16000,6.03275
savee,JE_f01.wav,savee/ALL/JE_f01.wav,JE,f,Fear,16000,4.192
savee,JE_f02.wav,savee/ALL/JE_f02.wav,JE,f,Fear,16000,3.84
savee,JE_f03.wav,savee/ALL/JE_f03.wav,JE,f,Fear,16000,2.8994375
savee,JE_f04.wav,savee/ALL/JE_f04.wav,JE,f,Fear,16000,3.3943125
savee,JE_f05.wav,savee/ALL/JE_f05.wav,JE,f,Fear,16000,3.904
savee,JE_f06.wav,savee/ALL/JE_f06.wav,JE,f,Fear,16000,3.610625
savee,JE_f07.wav,savee/ALL/JE_f07.wav,JE,f,Fear,16000,4.1599375
savee,JE_f08.wav,savee/ALL/JE_f08.wav,JE,f,Fear,16000,4.8131875
savee,JE_f09.wav,savee/ALL/JE_f09.wav,JE,f,Fear,16000,4.1943125
savee,JE_f10.wav,savee/ALL/JE_f10.wav,JE,f,Fear,16000,3.0598125
savee,JE_f11.wav,savee/ALL/JE_f11.wav,JE,f,Fear,16000,4.5228125
savee,JE_f12.wav,savee/ALL/JE_f12.wav,JE,f,Fear,16000,5.1281875
savee,JE_f13.wav,savee/ALL/JE_f13.wav,JE,f,Fear,16000,3.072
savee,JE_f14.wav,savee/ALL/JE_f14.wav,JE,f,Fear,16000,4.8433125
savee,JE_f15.wav,savee/ALL/JE_f15.wav,JE,f,Fear,16000,5.6624375
savee,JE_h01.wav,savee/ALL/JE_h01.wav,JE,h,Happy,16000,4.608875
savee,JE_h02.wav,savee/ALL/JE_h02.wav,JE,h,Happy,16000,3.48225
savee,JE_h03.wav,savee/ALL/JE_h03.wav,JE,h,Happy,16000,2.528
savee,JE_h04.wav,savee/ALL/JE_h04.wav,JE,h,Happy,16000,3.6188125
savee,JE_h05.wav,savee/ALL/JE_h05.wav,JE,h,Happy,16000,3.104
savee,JE_h06.wav,savee/ALL/JE_h06.wav,JE,h,Happy,16000,4.48
savee,JE_h07.wav,savee/ALL/JE_h07.wav,JE,h,Happy,16000,2.688
savee,JE_h08.wav,savee/ALL/JE_h08.wav,JE,h,Happy,16000,3.328
savee,JE_h09.wav,savee/ALL/JE_h09.wav,JE,h,Happy,16000,4.0
savee,JE_h10.wav,savee/ALL/JE_h10.wav,JE,h,Happy,16000,3.6328125
savee,JE_h11.wav,savee/ALL/JE_h11.wav,JE,h,Happy,16000,5.412875
savee,JE_h12.wav,savee/ALL/JE_h12.wav,JE,h,Happy,16000,5.61725
savee,JE_h13.wav,savee/ALL/JE_h13.wav,JE,h,Happy,16000,1.568
savee,JE_h14.wav,savee/ALL/JE_h14.wav,JE,h,Happy,16000,5.28
savee,JE_h15.wav,savee/ALL/JE_h15.wav,JE,h,Happy,16000,4.704
savee,JE_n01.wav,savee/ALL/JE_n01.wav,JE,n,Neutral,16000,3.698
savee,JE_n02.wav,savee/ALL/JE_n02.wav,JE,n,Neutral,16000,3.386625
savee,JE_n03.wav,savee/ALL/JE_n03.wav,JE,n,Neutral,16000,2.0963125
savee,JE_n04.wav,savee/ALL/JE_n04.wav,JE,n,Neutral,16000,3.456125
savee,JE_n05.wav,savee/ALL/JE_n05.wav,JE,n,Neutral,16000,4.362625
savee,JE_n06.wav,savee/ALL/JE_n06.wav,JE,n,Neutral,16000,3.975875
savee,JE_n07.wav,savee/ALL/JE_n07.wav,JE,n,Neutral,16000,4.105875
savee,JE_n08.wav,savee/ALL/JE_n08.wav,JE,n,Neutral,16000,3.176125
savee,JE_n09.wav,savee/ALL/JE_n09.wav,JE,n,Neutral,16000,3.6478125
savee,JE_n10.wav,savee/ALL/JE_n10.wav,JE,n,Neutral,16000,3.821
savee,JE_n11.wav,savee/ALL/JE_n11.wav,JE,n,Neutral,16000,5.3321875
savee,JE_n12.wav,savee/ALL/JE_n12.wav,JE,n,Neutral,16000,3.281375
savee,JE_n13.wav,savee/ALL/JE_n13.wav,JE,n,Neutral,16000,2.745
savee,JE_n14.wav,savee/ALL/JE_n14.wav,JE,n,Neutral,16000,5.4584375
savee,JE_n15.wav,savee/ALL/JE_n15.wav,JE,n,Neutral,16000,5.4584375
savee,JE_n16.wav,savee/ALL/JE_n16.wav,JE,n,Neutral,16000,3.4460625
savee,JE_n17.wav,savee/ALL/JE_n17.wav,JE,n,Neutral,16000,3.0028125
savee,JE_n18.wav,savee/ALL/JE_n18.wav,JE,n,Neutral,16000,2.0776875
savee,JE_n19.wav,savee/ALL/JE_n19.wav,JE,n,Neutral,16000,3.474875
savee,JE_n20.wav,savee/ALL/JE_n20.wav,JE,n,Neutral,16000,3.6793125
savee,JE_n21.wav,savee/ALL/JE_n21.wav,JE,n,Neutral,16000,3.833375
savee,JE_n22.wav,savee/ALL/JE_n22.wav,JE,n,Neutral,16000,3.0378125
savee,JE_n23.wav,savee/ALL/JE_n23.wav,JE,n,Neutral,16000,3.3753125
savee,JE_n24.wav,savee/ALL/JE_n24.wav,JE,n,Neutral,16000,3.8333125
savee,JE_n25.wav,savee/ALL/JE_n25.wav,JE,n,Neutral,16000,3.6405
savee,JE_n26.wav,savee/ALL/JE_n26.wav,JE,n,Neutral,16000,2.4985625
savee,JE_n27.wav,savee/ALL/JE_n27.wav,JE,n,Neutral,16000,5.2693125
savee,JE_n28.wav,savee/ALL/JE_n28.wav,JE,n,Neutral,16000,4.939875
savee,JE_n29.wav,savee/ALL/JE_n29.wav,JE,n,Neutral,16000,3.3479375
savee,JE_n30.wav,savee/ALL/JE_n30.wav,JE,n,Neutral,16000,3.687875
savee,JE_sa01.wav,savee/ALL/JE_sa01.wav,JE,sa,Sad,16000,4.57025
savee,JE_sa02.wav,savee/ALL/JE_sa02.wav,JE,sa,Sad,16000,3.71075
savee,JE_sa03.wav,savee/ALL/JE_sa03.wav,JE,sa,Sad,16000,2.5366875
savee,JE_sa04.wav,savee/ALL/JE_sa04.wav,JE,sa,Sad,16000,5.0315
savee,JE_sa05.wav,savee/ALL/JE_sa05.wav,JE,sa,Sad,16000,4.8323125
savee,JE_sa06.wav,savee/ALL/JE_sa06.wav,JE,sa,Sad,16000,4.4025625
savee,JE_sa07.wav,savee/ALL/JE_sa07.wav,JE,sa,Sad,16000,3.440125
savee,JE_sa08.wav,savee/ALL/JE_sa08.wav,JE,sa,Sad,16000,4.1333125
savee,JE_sa09.wav,savee/ALL/JE_sa09.wav,JE,sa,Sad,16000,3.695
savee,JE_sa10.wav,savee/ALL/JE_sa10.wav,JE,sa,Sad,16000,5.31975
savee,JE_sa11.wav,savee/ALL/JE_sa11.wav,JE,sa,Sad,16000,5.9334375
savee,JE_sa12.wav,savee/ALL/JE_sa12.wav,JE,sa,Sad,16000,5.39075
savee,JE_sa13.wav,savee/ALL/JE_sa13.wav,JE,sa,Sad,16000,6.0058125
savee,JE_sa14.wav,savee/ALL/JE_sa14.wav,JE,sa,Sad,16000,7.13875
savee,JE_sa15.wav,savee/ALL/JE_sa15.wav,JE,sa,Sad,16000,6.2428125
savee,JE_su01.wav,savee/ALL/JE_su01.wav,JE,su,Surprise,16000,4.256
savee,JE_su02.wav,savee/ALL/JE_su02.wav,JE,su,Surprise,16000,3.488
savee,JE_su03.wav,savee/ALL/JE_su03.wav,JE,su,Surprise,16000,2.816
savee,JE_su04.wav,savee/ALL/JE_su04.wav,JE,su,Surprise,16000,4.096
savee,JE_su05.wav,savee/ALL/JE_su05.wav,JE,su,Surprise,16000,3.70825
savee,JE_su06.wav,savee/ALL/JE_su06.wav,JE,su,Surprise,16000,3.008
savee,JE_su07.wav,savee/ALL/JE_su07.wav,JE,su,Surprise,16000,4.352
savee,JE_su08.wav,savee/ALL/JE_su08.wav,JE,su,Surprise,16000,3.168
savee,JE_su09.wav,savee/ALL/JE_su09.wav,JE,su,Surprise,16000,2.368
savee,JE_su10.wav,savee/ALL/JE_su10.wav,JE,su,Surprise,16000,4.096
savee,JE_su11.wav,savee/ALL/JE_su11.wav,JE,su,Surprise,16000,3.616
savee,JE_su12.wav,savee/ALL/JE_su12.wav,JE,su,Surprise,16000,5.632
savee,JE_su13.wav,savee/ALL/JE_su13.wav,JE,su,Surprise,16000,3.392
savee,JE_su14.wav,savee/ALL/JE_su14.wav,JE,su,Surprise,16000,5.3525625
savee,JE_su15.wav,savee/ALL/JE_su15.wav,JE,su,Surprise,16000,5.984
savee,JK_a01.wav,savee/ALL/JK_a01.wav,JK,a,Angry,16000,4.13
savee,JK_a02.wav,savee/ALL/JK_a02.wav,JK,a,Angry,16000,2.912
savee,JK_a03.wav,savee/ALL/JK_a03.wav,JK,a,Angry,16000,1.472
savee,JK_a04.wav,savee/ALL/JK_a04.wav,JK,a,Angry,16000,2.368
savee,JK_a05.wav,savee/ALL/JK_a05.wav,JK,a,Angry,16000,2.688
savee,JK_a06.wav,savee/ALL/JK_a06.wav,JK,a,Angry,16000,3.36
savee,JK_a07.wav,savee/ALL/JK_a07.wav,JK,a,Angry,16000,1.856
savee,JK_a08.wav,savee/ALL/JK_a08.wav,JK,a,Angry,16000,2.72
savee,JK_a09.wav,savee/ALL/JK_a09.wav,JK,a,Angry,16000,3.168
savee,JK_a10.wav,savee/ALL/JK_a10.wav,JK,a,Angry,16000,3.52
savee,JK_a11.wav,savee/ALL/JK_a11.wav,JK,a,Angry,16000,2.432
savee,JK_a12.wav,savee/ALL/JK_a12.wav,JK,a,Angry,16000,2.592
savee,JK_a13.wav,savee/ALL/JK_a13.wav,JK,a,Angry,16000,4.288
savee,JK_a14.wav,savee/ALL/JK_a14.wav,JK,a,Angry,16000,5.216
savee,JK_a15.wav,savee/ALL/JK_a15.wav,JK,a,Angry,16000,4.064
savee,JK_d01.wav,savee/ALL/JK_d01.wav,JK,d,Disgust,16000,5.1363125
savee,JK_d02.wav,savee/ALL/JK_d02.wav,JK,d,Disgust,16000,3.98325
savee,JK_d03.wav,savee/ALL/JK_d03.wav,JK,d,Disgust,16000,2.599625
savee,JK_d04.wav,savee/ALL/JK_d04.wav,JK,d,Disgust,16000,3.968
savee,JK_d05.wav,savee/ALL/JK_d05.wav,JK,d,Disgust,16000,3.357
savee,JK_d06.wav,savee/ALL/JK_d06.wav,JK,d,Disgust,16000,3.7316875
savee,JK_d07.wav,savee/ALL/JK_d07.wav,JK,d,Disgust,16000,3.039875
savee,JK_d08.wav,savee/ALL/JK_d08.wav,JK,d,Disgust,16000,3.968
savee,JK_d09.wav,savee/ALL/JK_d09.wav,JK,d,Disgust,16000,4.4125
savee,JK_d10.wav,savee/ALL/JK_d10.wav,JK,d,Disgust,16000,4.221375
savee,JK_d11.wav,savee/ALL/JK_d11.wav,JK,d,Disgust,16000,3.930875
savee,JK_d12.wav,savee/ALL/JK_d12.wav,JK,d,Disgust,16000,3.018875
savee,JK_d13.wav,savee/ALL/JK_d13.wav,JK,d,Disgust,16000,5.5031875
savee,JK_d14.wav,savee/ALL/JK_d14.wav,JK,d,Disgust,16000,6.2893125
savee,JK_d15.wav,savee/ALL/JK_d15.wav,JK,d,Disgust,16000,7.012625
savee,JK_f01.wav,savee/ALL/JK_f01.wav,JK,f,Fear,16000,3.776
savee,JK_f02.wav,savee/ALL/JK_f02.wav,JK,f,Fear,16000,2.656
savee,JK_f03.wav,savee/ALL/JK_f03.wav,JK,f,Fear,16000,1.376
savee,JK_f04.wav,savee/ALL/JK_f04.wav,JK,f,Fear,16000,2.304
savee,JK_f05.wav,savee/ALL/JK_f05.wav,JK,f,Fear,16000,2.848
savee,JK_f06.wav,savee/ALL/JK_f06.wav,JK,f,Fear,16000,3.5606875
savee,JK_f07.wav,savee/ALL/JK_f07.wav,JK,f,Fear,16000,4.213875
savee,JK_f08.wav,savee/ALL/JK_f08.wav,JK,f,Fear,16000,4.8459375
savee,JK_f09.wav,savee/ALL/JK_f09.wav,JK,f,Fear,16000,3.930875
savee,JK_f10.wav,savee/ALL/JK_f10.wav,JK,f,Fear,16000,1.89625
savee,JK_f11.wav,savee/ALL/JK_f11.wav,JK,f,Fear,16000,4.16
savee,JK_f12.wav,savee/ALL/JK_f12.wav,JK,f,Fear,16000,4.704
savee,JK_f13.wav,savee/ALL/JK_f13.wav,JK,f,Fear,16000,2.08
savee,JK_f14.wav,savee/ALL/JK_f14.wav,JK,f,Fear,16000,3.936
savee,JK_f15.wav,savee/ALL/JK_f15.wav,JK,f,Fear,16000,4.768
savee,JK_h01.wav,savee/ALL/JK_h01.wav,JK,h,Happy,16000,3.552
savee,JK_h02.wav,savee/ALL/JK_h02.wav,JK,h,Happy,16000,2.368
savee,JK_h03.wav,savee/ALL/JK_h03.wav,JK,h,Happy,16000,1.568
savee,JK_h04.wav,savee/ALL/JK_h04.wav,JK,h,Happy,16000,2.336
savee,JK_h05.wav,savee/ALL/JK_h05.wav,JK,h,Happy,16000,3.008
savee,JK_h06.wav,savee/ALL/JK_h06.wav,JK,h,Happy,16000,3.66675
savee,JK_h07.wav,savee/ALL/JK_h07.wav,JK,h,Happy,16000,3.072
savee,JK_h08.wav,savee/ALL/JK_h08.wav,JK,h,Happy,16000,1.792
savee,JK_h09.wav,savee/ALL/JK_h09.wav,JK,h,Happy,16000,2.272
savee,JK_h10.wav,savee/ALL/JK_h10.wav,JK,h,Happy,16000,2.336
savee,JK_h11.wav,savee/ALL/JK_h11.wav,JK,h,Happy,16000,4.87425
savee,JK_h12.wav,savee/ALL/JK_h12.wav,JK,h,Happy,16000,4.952875
savee,JK_h13.wav,savee/ALL/JK_h13.wav,JK,h,Happy,16000,2.6205625
savee,JK_h14.wav,savee/ALL/JK_h14.wav,JK,h,Happy,16000,4.544
savee,JK_h15.wav,savee/ALL/JK_h15.wav,JK,h,Happy,16000,4.16
savee,JK_n01.wav,savee/ALL/JK_n01.wav,JK,n,Neutral,16000,4.4025
savee,JK_n02.wav,savee/ALL/JK_n02.wav,JK,n,Neutral,16000,3.9623125
savee,JK_n03.wav,savee/ALL/JK_n03.wav,JK,n,Neutral,16000,2.4948125
savee,JK_n04.wav,savee/ALL/JK_n04.wav,JK,n,Neutral,16000,4.0041875
savee,JK_n05.wav,savee/ALL/JK_n05.wav,JK,n,Neutral,16000,3.3223125
savee,JK_n06.wav,savee/ALL/JK_n06.wav,JK,n,Neutral,16000,4.0076875
savee,JK_n07.wav,savee/ALL/JK_n07.wav,JK,n,Neutral,16000,3.9381875
savee,JK_n08.wav,savee/ALL/JK_n08.wav,JK,n,Neutral,16000,3.544375
savee,JK_n09.wav,savee/ALL/JK_n09.wav,JK,n,Neutral,16000,3.6370625
savee,JK_n10.wav,savee/ALL/JK_n10.wav,JK,n,Neutral,16000,3.915
savee,JK_n11.wav,savee/ALL/JK_n11.wav,JK,n,Neutral,16000,5.686625
savee,JK_n12.wav,savee/ALL/JK_n12.wav,JK,n,Neutral,16000,3.27575
savee,JK_n13.wav,savee/ALL/JK_n13.wav,JK,n,Neutral,16000,2.8301875
savee,JK_n14.wav,savee/ALL/JK_n14.wav,JK,n,Neutral,16000,4.952875
savee,JK_n15.wav,savee/ALL/JK_n15.wav,JK,n,Neutral,16000,5.0315
savee,JK_n16.wav,savee/ALL/JK_n16.wav,JK,n,Neutral,16000,4.1506875
savee,JK_n17.wav,savee/ALL/JK_n17.wav,JK,n,Neutral,16000,3.6239375
savee,JK_n18.wav,savee/ALL/JK_n18.wav,JK,n,Neutral,16000,2.2544375
savee,JK_n19.wav,savee/ALL/JK_n19.wav,JK,n,Neutral,16000,3.4343125
savee,JK_n20.wav,savee/ALL/JK_n20.wav,JK,n,Neutral,16000,3.3289375
savee,JK_n21.wav,savee/ALL/JK_n21.wav,JK,n,Neutral,16000,3.87425
savee,JK_n22.wav,savee/ALL/JK_n22.wav,JK,n,Neutral,16000,3.11325
savee,JK_n23.wav,savee/ALL/JK_n23.wav,JK,n,Neutral,16000,3.11325
savee,JK_n24.wav,savee/ALL/JK_n24.wav,JK,n,Neutral,16000,3.5304375
savee,JK_n25.wav,savee/ALL/JK_n25.wav,JK,n,Neutral,16000,3.4821875
savee,JK_n26.wav,savee/ALL/JK_n26.wav,JK,n,Neutral,16000,2.908875
savee,JK_n27.wav,savee/ALL/JK_n27.wav,JK,n,Neutral,16000,4.6121875
savee,JK_n28.wav,savee/ALL/JK_n28.wav,JK,n,Neutral,16000,4.586
savee,JK_n29.wav,savee/ALL/JK_n29.wav,JK,n,Neutral,16000,3.0136875
savee,JK_n30.wav,savee/ALL/JK_n30.wav,JK,n,Neutral,16000,4.11425
savee,JK_sa01.wav,savee/ALL/JK_sa01.wav,JK,sa,Sad,16000,4.511875
savee,JK_sa02.wav,savee/ALL/JK_sa02.wav,JK,sa,Sad,16000,4.291
savee,JK_sa03.wav,savee/ALL/JK_sa03.wav,JK,sa,Sad,16000,2.4
savee,JK_sa04.wav,savee/ALL/JK_sa04.wav,JK,sa,Sad,16000,4.288
savee,JK_sa05.wav,savee/ALL/JK_sa05.wav,JK,sa,Sad,16000,4.352
savee,JK_sa06.wav,savee/ALL/JK_sa06.wav,JK,sa,Sad,16000,3.9413125
savee,JK_sa07.wav,savee/ALL/JK_sa07.wav,JK,sa,Sad,16000,3.10275
savee,JK_sa08.wav,savee/ALL/JK_sa08.wav,JK,sa,Sad,16000,3.3124375
savee,JK_sa09.wav,savee/ALL/JK_sa09.wav,JK,sa,Sad,16000,3.41725
savee,JK_sa10.wav,savee/ALL/JK_sa10.wav,JK,sa,Sad,16000,4.6205625
savee,JK_sa11.wav,savee/ALL/JK_sa11.wav,JK,sa,Sad,16000,6.2421875
savee,JK_sa12.wav,savee/ALL/JK_sa12.wav,JK,sa,Sad,16000,5.4088125
savee,JK_sa13.wav,savee/ALL/JK_sa13.wav,JK,sa,Sad,16000,6.0168125
savee,JK_sa14.wav,savee/ALL/JK_sa14.wav,JK,sa,Sad,16000,6.0796875
savee,JK_sa15.wav,savee/ALL/JK_sa15.wav,JK,sa,Sad,16000,6.05875
savee,JK_su01.wav,savee/ALL/JK_su01.wav,JK,su,Surprise,16000,4.096
savee,JK_su02.wav,savee/ALL/JK_su02.wav,JK,su,Surprise,16000,2.592
savee,JK_su03.wav,savee/ALL/JK_su03.wav,JK,su,Surprise,16000,1.344
savee,JK_su04.wav,savee/ALL/JK_su04.wav,JK,su,Surprise,16000,3.8960625
savee,JK_su05.wav,savee/ALL/JK_su05.wav,JK,su,Surprise,16000,2.656
savee,JK_su06.wav,savee/ALL/JK_su06.wav,JK,su,Surprise,16000,2.56
savee,JK_su07.wav,savee/ALL/JK_su07.wav,JK,su,Surprise,16000,2.72
savee,JK_su08.wav,savee/ALL/JK_su08.wav,JK,su,Surprise,16000,3.008
savee,JK_su09.wav,savee/ALL/JK_su09.wav,JK,su,Surprise,16000,2.464
savee,JK_su10.wav,savee/ALL/JK_su10.wav,JK,su,Surprise,16000,2.848
savee,JK_su11.wav,savee/ALL/JK_su11.wav,JK,su,Surprise,16000,2.496
savee,JK_su12.wav,savee/ALL/JK_su12.wav,JK,su,Surprise,16000,3.68
savee,JK_su13.wav,savee/ALL/JK_su13.wav,JK,su,Surprise,16000,3.136
savee,JK_su14.wav,savee/ALL/JK_su14.wav,JK,su,Surprise,16000,3.872
savee,JK_su15.wav,savee/ALL/JK_su15.wav,JK,su,Surprise,16000,4.832
savee,KL_a01.wav,savee/ALL/KL_a01.wav,KL,a,Angry,16000,3.936
savee,KL_a02.wav,savee/ALL/KL_a02.wav,KL,a,Angry,16000,2.4738125
savee,KL_a03.wav,savee/ALL/KL_a03.wav,KL,a,Angry,16000,1.7610625
savee,KL_a04.wav,savee/ALL/KL_a04.wav,KL,a,Angry,16000,2.016
savee,KL_a05.wav,savee/ALL/KL_a05.wav,KL,a,Angry,16000,2.9979375
savee,KL_a06.wav,savee/ALL/KL_a06.wav,KL,a,Angry,16000,3.04
savee,KL_a07.wav,savee/ALL/KL_a07.wav,KL,a,Angry,16000,1.589375
savee,KL_a08.wav,savee/ALL/KL_a08.wav,KL,a,Angry,16000,2.592
savee,KL_a09.wav,savee/ALL/KL_a09.wav,KL,a,Angry,16000,3.2
savee,KL_a10.wav,savee/ALL/KL_a10.wav,KL,a,Angry,16000,3.136
savee,KL_a11.wav,savee/ALL/KL_a11.wav,KL,a,Angry,16000,2.4109375
savee,KL_a12.wav,savee/ALL/KL_a12.wav,KL,a,Angry,16000,3.04
savee,KL_a13.wav,savee/ALL/KL_a13.wav,KL,a,Angry,16000,4.512
savee,KL_a14.wav,savee/ALL/KL_a14.wav,KL,a,Angry,16000,4.8459375
savee,KL_a15.wav,savee/ALL/KL_a15.wav,KL,a,Angry,16000,4.002125
savee,KL_d01.wav,savee/ALL/KL_d01.wav,KL,d,Disgust,16000,3.786125
savee,KL_d02.wav,savee/ALL/KL_d02.wav,KL,d,Disgust,16000,2.8035
savee,KL_d03.wav,savee/ALL/KL_d03.wav,KL,d,Disgust,16000,1.84975
savee,KL_d04.wav,savee/ALL/KL_d04.wav,KL,d,Disgust,16000,3.4104375
savee,KL_d05.wav,savee/ALL/KL_d05.wav,KL,d,Disgust,16000,2.919125
savee,KL_d06.wav,savee/ALL/KL_d06.wav,KL,d,Disgust,16000,2.7994375
savee,KL_d07.wav,savee/ALL/KL_d07.wav,KL,d,Disgust,16000,1.9048125
savee,KL_d08.wav,savee/ALL/KL_d08.wav,KL,d,Disgust,16000,3.2
savee,KL_d09.wav,savee/ALL/KL_d09.wav,KL,d,Disgust,16000,3.8673125
savee,KL_d10.wav,savee/ALL/KL_d10.wav,KL,d,Disgust,16000,3.434375
savee,KL_d11.wav,savee/ALL/KL_d11.wav,KL,d,Disgust,16000,3.1700625
savee,KL_d12.wav,savee/ALL/KL_d12.wav,KL,d,Disgust,16000,2.3141875
savee,KL_d13.wav,savee/ALL/KL_d13.wav,KL,d,Disgust,16000,4.3746875
savee,KL_d14.wav,savee/ALL/KL_d14.wav,KL,d,Disgust,16000,4.5331875
savee,KL_d15.wav,savee/ALL/KL_d15.wav,KL,d,Disgust,16000,5.3345
savee,KL_f01.wav,savee/ALL/KL_f01.wav,KL,f,Fear,16000,3.9368125
savee,KL_f02.wav,savee/ALL/KL_f02.wav,KL,f,Fear,16000,2.6724375
savee,KL_f03.wav,savee/ALL/KL_f03.wav,KL,f,Fear,16000,1.810375
savee,KL_f04.wav,savee/ALL/KL_f04.wav,KL,f,Fear,16000,2.8735625
savee,KL_f05.wav,savee/ALL/KL_f05.wav,KL,f,Fear,16000,3.275875
savee,KL_f06.wav,savee/ALL/KL_f06.wav,KL,f,Fear,16000,2.5538125
savee,KL_f07.wav,savee/ALL/KL_f07.wav,KL,f,Fear,16000,2.464
savee,KL_f08.wav,savee/ALL/KL_f08.wav,KL,f,Fear,16000,3.9311875
savee,KL_f09.wav,savee/ALL/KL_f09.wav,KL,f,Fear,16000,3.35725
savee,KL_f10.wav,savee/ALL/KL_f10.wav,KL,f,Fear,16000,1.504
savee,KL_f11.wav,savee/ALL/KL_f11.wav,KL,f,Fear,16000,4.412625
savee,KL_f12.wav,savee/ALL/KL_f12.wav,KL,f,Fear,16000,4.63325
savee,KL_f13.wav,savee/ALL/KL_f13.wav,KL,f,Fear,16000,2.5215
savee,KL_f14.wav,savee/ALL/KL_f14.wav,KL,f,Fear,16000,3.971375
savee,KL_f15.wav,savee/ALL/KL_f15.wav,KL,f,Fear,16000,4.758875
savee,KL_h01.wav,savee/ALL/KL_h01.wav,KL,h,Happy,16000,3.6051875
savee,KL_h02.wav,savee/ALL/KL_h02.wav,KL,h,Happy,16000,2.304
savee,KL_h03.wav,savee/ALL/KL_h03.wav,KL,h,Happy,16000,1.6309375
savee,KL_h04.wav,savee/ALL/KL_h04.wav,KL,h,Happy,16000,2.656
savee,KL_h05.wav,savee/ALL/KL_h05.wav,KL,h,Happy,16000,3.328
savee,KL_h06.wav,savee/ALL/KL_h06.wav,KL,h,Happy,16000,3.08575
savee,KL_h07.wav,savee/ALL/KL_h07.wav,KL,h,Happy,16000,2.9109375
savee,KL_h08.wav,savee/ALL/KL_h08.wav,KL,h,Happy,16000,1.28
savee,KL_h09.wav,savee/ALL/KL_h09.wav,KL,h,Happy,16000,2.368
savee,KL_h10.wav,savee/ALL/KL_h10.wav,KL,h,Happy,16000,2.688
savee,KL_h11.wav,savee/ALL/KL_h11.wav,KL,h,Happy,16000,5.504
savee,KL_h12.wav,savee/ALL/KL_h12.wav,KL,h,Happy,16000,4.85025
savee,KL_h13.wav,savee/ALL/KL_h13.wav,KL,h,Happy,16000,2.318125
savee,KL_h14.wav,savee/ALL/KL_h14.wav,KL,h,Happy,16000,4.6043125
savee,KL_h15.wav,savee/ALL/KL_h15.wav,KL,h,Happy,16000,5.28
savee,KL_n01.wav,savee/ALL/KL_n01.wav,KL,n,Neutral,16000,3.5855
savee,KL_n02.wav,savee/ALL/KL_n02.wav,KL,n,Neutral,16000,2.521
savee,KL_n03.wav,savee/ALL/KL_n03.wav,KL,n,Neutral,16000,1.6526875
savee,KL_n04.wav,savee/ALL/KL_n04.wav,KL,n,Neutral,16000,3.02525
savee,KL_n05.wav,savee/ALL/KL_n05.wav,KL,n,Neutral,16000,2.6050625
savee,KL_n06.wav,savee/ALL/KL_n06.wav,KL,n,Neutral,16000,3.292375
savee,KL_n07.wav,savee/ALL/KL_n07.wav,KL,n,Neutral,16000,3.815375
savee,KL_n08.wav,savee/ALL/KL_n08.wav,KL,n,Neutral,16000,3.2308125
savee,KL_n09.wav,savee/ALL/KL_n09.wav,KL,n,Neutral,16000,3.353875
savee,KL_n10.wav,savee/ALL/KL_n10.wav,KL,n,Neutral,16000,3.4461875
savee,KL_n11.wav,savee/ALL/KL_n11.wav,KL,n,Neutral,16000,5.45075
savee,KL_n12.wav,savee/ALL/KL_n12.wav,KL,n,Neutral,16000,2.599625
savee,KL_n13.wav,savee/ALL/KL_n13.wav,KL,n,Neutral,16000,2.431875
savee,KL_n14.wav,savee/ALL/KL_n14.wav,KL,n,Neutral,16000,5.0315
savee,KL_n15.wav,savee/ALL/KL_n15.wav,KL,n,Neutral,16000,4.128
savee,KL_n16.wav,savee/ALL/KL_n16.wav,KL,n,Neutral,16000,3.826125
savee,KL_n17.wav,savee/ALL/KL_n17.wav,KL,n,Neutral,16000,2.6086875
savee,KL_n18.wav,savee/ALL/KL_n18.wav,KL,n,Neutral,16000,1.855125
savee,KL_n19.wav,savee/ALL/KL_n19.wav,KL,n,Neutral,16000,2.811625
savee,KL_n20.wav,savee/ALL/KL_n20.wav,KL,n,Neutral,16000,2.811625
savee,KL_n21.wav,savee/ALL/KL_n21.wav,KL,n,Neutral,16000,3.299625
savee,KL_n22.wav,savee/ALL/KL_n22.wav,KL,n,Neutral,16000,2.46025
savee,KL_n23.wav,savee/ALL/KL_n23.wav,KL,n,Neutral,16000,2.633875
savee,KL_n24.wav,savee/ALL/KL_n24.wav,KL,n,Neutral,16000,3.0101875
savee,KL_n25.wav,savee/ALL/KL_n25.wav,KL,n,Neutral,16000,3.154875
savee,KL_n26.wav,savee/ALL/KL_n26.wav,KL,n,Neutral,16000,2.431875
savee,KL_n27.wav,savee/ALL/KL_n27.wav,KL,n,Neutral,16000,4.1090625
savee,KL_n28.wav,savee/ALL/KL_n28.wav,KL,n,Neutral,16000,3.8575
savee,KL_n29.wav,savee/ALL/KL_n29.wav,KL,n,Neutral,16000,2.774625
savee,KL_n30.wav,savee/ALL/KL_n30.wav,KL,n,Neutral,16000,3.5549375
savee,KL_sa01.wav,savee/ALL/KL_sa01.wav,KL,sa,Sad,16000,3.7891875
savee,KL_sa02.wav,savee/ALL/KL_sa02.wav,KL,sa,Sad,16000,2.706625
savee,KL_sa03.wav,savee/ALL/KL_sa03.wav,KL,sa,Sad,16000,1.766375
savee,KL_sa04.wav,savee/ALL/KL_sa04.wav,KL,sa,Sad,16000,4.729375
savee,KL_sa05.wav,savee/ALL/KL_sa05.wav,KL,sa,Sad,16000,4.302
savee,KL_sa06.wav,savee/ALL/KL_sa06.wav,KL,sa,Sad,16000,3.4993125
savee,KL_sa07.wav,savee/ALL/KL_sa07.wav,KL,sa,Sad,16000,2.2190625
savee,KL_sa08.wav,savee/ALL/KL_sa08.wav,KL,sa,Sad,16000,2.70275
savee,KL_sa09.wav,savee/ALL/KL_sa09.wav,KL,sa,Sad,16000,2.5889375
savee,KL_sa10.wav,savee/ALL/KL_sa10.wav,KL,sa,Sad,16000,4.1536875
savee,KL_sa11.wav,savee/ALL/KL_sa11.wav,KL,sa,Sad,16000,5.5319375
savee,KL_sa12.wav,savee/ALL/KL_sa12.wav,KL,sa,Sad,16000,4.5035625
savee,KL_sa13.wav,savee/ALL/KL_sa13.wav,KL,sa,Sad,16000,5.0
savee,KL_sa14.wav,savee/ALL/KL_sa14.wav,KL,sa,Sad,16000,5.1064375
savee,KL_sa15.wav,savee/ALL/KL_sa15.wav,KL,sa,Sad,16000,5.2395625
savee,KL_su01.wav,savee/ALL/KL_su01.wav,KL,su,Surprise,16000,3.52
savee,KL_su02.wav,savee/ALL/KL_su02.wav,KL,su,Surprise,16000,2.6813125
savee,KL_su03.wav,savee/ALL/KL_su03.wav,KL,su,Surprise,16000,1.7048125
savee,KL_su04.wav,savee/ALL/KL_su04.wav,KL,su,Surprise,16000,2.8621875
savee,KL_su05.wav,savee/ALL/KL_su05.wav,KL,su,Surprise,16000,2.377125
savee,KL_su06.wav,savee/ALL/KL_su06.wav,KL,su,Surprise,16000,2.426
savee,KL_su07.wav,savee/ALL/KL_su07.wav,KL,su,Surprise,16000,2.849125
savee,KL_su08.wav,savee/ALL/KL_su08.wav,KL,su,Surprise,16000,3.4979375
savee,KL_su09.wav,savee/ALL/KL_su09.wav,KL,su,Surprise,16000,2.7080625
savee,KL_su10.wav,savee/ALL/KL_su10.wav,KL,su,Surprise,16000,2.784
savee,KL_su11.wav,savee/ALL/KL_su11.wav,KL,su,Surprise,16000,2.0140625
savee,KL_su12.wav,savee/ALL/KL_su12.wav,KL,su,Surprise,16000,3.904
savee,KL_su13.wav,savee/ALL/KL_su13.wav,KL,su,Surprise,16000,3.5324375
savee,KL_su14.wav,savee/ALL/KL_su14.wav,KL,su,Surprise,16000,5.216
savee,KL_su15.wav,savee/ALL/KL_su15.wav,KL,su,Surprise,16000,5.824
