row_index,dataset,speaker,filename,emotion,real_frames,true_label,pred_mode1,pred_mode2,correct_mode1,correct_mode2,outside_target,prob_Angry,prob_Disgust,prob_Fear,prob_Happy,prob_Neutral,prob_Sad,prob_Surprise
0,inesco,fcim,fcim_a212.wav,Angry,87,Angry,Angry,Angry,True,True,False,0.5252734,0.00017951561,0.40677035,0.025106717,2.3952403e-05,0.00020771852,0.042438313
1,inesco,fcim,fcim_a213.wav,Angry,164,Angry,Angry,Angry,True,True,False,0.9351879,0.0002793905,0.009954485,0.03801981,1.1522037e-05,0.0002237653,0.016323145
2,inesco,fcim,fcim_a214.wav,Angry,138,Angry,Fear,Angry,False,True,True,0.020107854,1.9842048e-06,0.9704935,0.003932795,0.0015599963,0.0035632676,0.00034062215
3,inesco,fcim,fcim_a215.wav,Angry,260,Angry,Surprise,Happy,False,False,True,0.028052488,0.0018206933,0.32337335,0.17551962,1.23662285e-05,0.013287869,0.4579336
4,inesco,fcim,fcim_a216.wav,Angry,202,Angry,Surprise,Happy,False,False,True,0.004557109,0.00022931314,0.37404418,0.2164062,4.5744953e-05,0.0026000338,0.40211743
5,inesco,fcim,fcim_a217.wav,Angry,97,Angry,Angry,Angry,True,True,False,0.5884477,0.00033915794,0.0253896,0.16110644,0.032003075,0.004077014,0.188637
6,inesco,fcim,fcim_a218.wav,Angry,359,Angry,Surprise,Angry,False,True,True,0.0017501186,9.6976415e-05,0.03459396,0.0010577495,7.8055785e-07,4.6158493e-05,0.96245426
7,inesco,fcim,fcim_a219.wav,Angry,401,Angry,Surprise,Angry,False,True,True,0.32209784,0.013066158,0.12829766,0.075284265,0.0014376167,0.020562235,0.4392542
8,inesco,fcim,fcim_a220.wav,Angry,215,Angry,Fear,Angry,False,True,True,0.31762218,0.0004390718,0.48081675,0.05082228,3.8477956e-05,0.01997951,0.13028172
9,inesco,fcim,fcim_a221.wav,Angry,257,Angry,Surprise,Angry,False,True,True,0.32828832,0.0034422479,0.17572294,0.03150355,8.492486e-05,0.024833705,0.43612432
10,inesco,fcim,fcim_a222.wav,Angry,157,Angry,Happy,Happy,False,False,False,0.0006638723,4.7173e-05,0.2075353,0.43366686,2.5449028e-06,0.00055149064,0.35753274
11,inesco,fcim,fcim_a223.wav,Angry,225,Angry,Fear,Happy,False,False,True,0.0009171625,0.00012070904,0.7251442,0.01919905,0.0005410078,0.005825886,0.24825202
12,inesco,fcim,fcim_a224.wav,Angry,266,Angry,Surprise,Happy,False,False,True,0.028145667,0.0066665076,0.22348398,0.26497594,0.00013391,0.1160787,0.36051536
13,inesco,fcim,fcim_a225.wav,Angry,154,Angry,Surprise,Happy,False,False,True,0.08284058,0.0006991057,0.23289505,0.09142243,0.0012426348,0.003190974,0.58770925
14,inesco,fcim,fcim_a226.wav,Angry,154,Angry,Fear,Happy,False,False,True,0.00026698742,2.0193832e-07,0.9905923,0.00045811725,4.5150838e-08,5.2151125e-07,0.0086818775
15,inesco,fcim,fcim_a227.wav,Angry,401,Angry,Surprise,Happy,False,False,True,0.15023825,0.0015005483,0.10078672,0.21192674,4.8528018e-05,0.0005871286,0.53491205
16,inesco,fcim,fcim_a228.wav,Angry,113,Angry,Angry,Angry,True,True,False,0.8319375,7.3105635e-05,0.030970894,0.068883926,8.3360515e-05,0.00020245802,0.06784881
17,inesco,fcim,fcim_a229.wav,Angry,324,Angry,Surprise,Happy,False,False,True,0.005157328,0.00032870847,0.116523944,0.014789428,9.345649e-06,0.0008396254,0.8623517
18,inesco,fcim,fcim_a230.wav,Angry,234,Angry,Fear,Angry,False,True,True,0.0067433603,0.00010363255,0.9803718,0.0060398085,1.9854191e-05,0.0039029142,0.002818555
19,inesco,fcim,fcim_a231.wav,Angry,189,Angry,Angry,Angry,True,True,False,0.6223849,0.0011715419,0.16347739,0.19561863,7.2277675e-05,0.0022735721,0.015001742
20,inesco,fcim,fcim_a232.wav,Angry,241,Angry,Angry,Angry,True,True,False,0.53074515,0.00023999714,0.36418337,0.086447924,1.2227363e-05,0.005816195,0.012555184
21,inesco,fcim,fcim_a233.wav,Angry,266,Angry,Fear,Angry,False,True,True,0.16370423,0.0028110405,0.5952472,0.104361534,0.00011474969,0.019560352,0.11420089
22,inesco,fcim,fcim_a234.wav,Angry,81,Angry,Angry,Angry,True,True,False,0.5885668,7.892638e-05,0.056370035,0.056715153,0.0015369385,0.00207543,0.29465675
23,inesco,fcim,fcim_a235.wav,Angry,71,Angry,Fear,Angry,False,True,True,0.13787815,0.00017845757,0.81458616,0.0017228803,0.0030875974,0.002373775,0.04017297
24,inesco,fcim,fcim_a236.wav,Angry,231,Angry,Fear,Angry,False,True,True,0.13550556,0.109655276,0.46954998,0.033352774,5.7320598e-05,0.0030921896,0.24878691
25,inesco,fcim,fcim_a237.wav,Angry,145,Angry,Surprise,Happy,False,False,True,0.17102405,0.0002558718,0.15353256,0.310305,0.00030634066,0.003903051,0.36067313
26,inesco,fcim,fcim_a238.wav,Angry,186,Angry,Fear,Happy,False,False,True,0.006417202,3.2117725e-05,0.72313976,0.058379013,2.8352228e-05,0.000247577,0.21175596
27,inesco,fcim,fcim_a239.wav,Angry,209,Angry,Fear,Happy,False,False,True,0.14151168,0.00037931313,0.53125006,0.31592426,3.762312e-05,0.00606835,0.0048287944
28,inesco,fcim,fcim_a240.wav,Angry,167,Angry,Fear,Happy,False,False,True,0.000765226,6.6251573e-06,0.869345,0.083819315,3.5368155e-06,1.2135904e-05,0.046048198
29,inesco,fcim,fcim_a241.wav,Angry,109,Angry,Angry,Angry,True,True,False,0.46386173,4.696519e-05,0.09759692,0.104660854,0.0007182841,0.00048126743,0.33263403
30,inesco,fcim,fcim_a242.wav,Angry,401,Angry,Surprise,Happy,False,False,True,0.0037780954,0.019425526,0.4076231,0.154544,0.0007776928,0.0012353284,0.41261622
31,inesco,fcim,fcim_a243.wav,Angry,202,Angry,Fear,Happy,False,False,True,0.003929291,0.0016002766,0.80255485,0.17854036,0.00021198734,0.0013709577,0.011792287
32,inesco,fcim,fcim_a244.wav,Angry,180,Angry,Fear,Angry,False,True,True,0.11888662,1.3401438e-05,0.7116857,0.09711223,1.039063e-05,0.00044746906,0.07184416
33,inesco,fcim,fcim_a245.wav,Angry,218,Angry,Fear,Angry,False,True,True,0.39853585,0.00016044028,0.528375,0.042655945,0.00018216728,0.0009929066,0.029097656
34,inesco,fcim,fcim_a246.wav,Angry,87,Angry,Angry,Angry,True,True,False,0.5461533,0.0001832232,0.3544384,0.028278915,0.00048732993,0.0020550322,0.068403766
35,inesco,fcim,fcim_a247.wav,Angry,324,Angry,Fear,Sad,False,False,True,0.09079457,0.17163807,0.49723053,0.012315097,0.0013669509,0.18059711,0.04605766
36,inesco,fcim,fcim_a248.wav,Angry,225,Angry,Angry,Angry,True,True,False,0.3487043,0.014953653,0.20899215,0.1297534,0.00036054754,0.108886264,0.18834965
37,inesco,fcim,fcim_a249.wav,Angry,273,Angry,Angry,Angry,True,True,False,0.5704397,0.03993835,0.15777974,0.12671481,0.00059079257,0.016674284,0.08786229
38,inesco,fcim,fcim_a250.wav,Angry,317,Angry,Fear,Happy,False,False,True,0.002034624,0.0032385718,0.5741286,0.052876126,9.8478944e-05,0.0098435385,0.35778007
39,inesco,fcim,fcim_a251.wav,Angry,295,Angry,Fear,Happy,False,False,True,0.018987687,0.010042199,0.37995154,0.25804487,0.00023113101,0.06521533,0.26752722
40,inesco,fcim,fcim_a252.wav,Angry,356,Angry,Surprise,Happy,False,False,True,0.14416876,0.016261607,0.091626726,0.21105021,0.0009817851,0.02177922,0.5141317
41,inesco,fcim,fcim_a253.wav,Angry,215,Angry,Happy,Happy,False,False,False,0.051099114,0.0025794455,0.09135732,0.8279012,6.4524305e-05,0.0022781442,0.0247203
42,inesco,fcim,fcim_a254.wav,Angry,209,Angry,Fear,Angry,False,True,True,0.2528117,1.1561654e-05,0.6038482,0.07915426,6.4105034e-06,0.00015322772,0.064014666
43,inesco,fcim,fcim_a255.wav,Angry,308,Angry,Surprise,Happy,False,False,True,0.0009551468,0.0011937275,0.37029344,0.02229564,4.7762394e-05,0.0009006328,0.6043136
44,inesco,fcim,fcim_a256.wav,Angry,401,Angry,Surprise,Angry,False,True,True,0.058261093,0.00038638143,0.09158514,0.00793019,4.110158e-06,0.0014880542,0.8403451
45,inesco,fcim,fcim_a257.wav,Angry,237,Angry,Angry,Angry,True,True,False,0.90989405,0.014126946,0.005501967,0.032694645,7.491378e-06,0.0053805886,0.032394283
46,inesco,fcim,fcim_a258.wav,Angry,167,Angry,Fear,Happy,False,False,True,0.0006036918,9.742058e-07,0.9936906,0.004293232,2.1976242e-05,0.00010932347,0.0012801021
47,inesco,fcim,fcim_a259.wav,Angry,228,Angry,Happy,Happy,False,False,False,0.22047605,0.011392653,0.14117476,0.5726011,6.3581545e-05,0.012207808,0.0420841
48,inesco,fcim,fcim_a260.wav,Angry,285,Angry,Surprise,Angry,False,True,True,0.21167848,0.0809553,0.15457585,0.009161159,0.0001829413,0.073387824,0.47005847
49,inesco,fcim,fcim_a261.wav,Angry,260,Angry,Angry,Angry,True,True,False,0.6733378,0.00035515736,0.06690831,0.11122453,1.520832e-06,0.006724589,0.14144805
50,inesco,fcim,fcim_a262.wav,Angry,186,Angry,Surprise,Angry,False,True,True,0.119019836,4.788648e-05,0.39188564,0.07229409,6.1953774e-06,7.4814845e-05,0.41667154
51,inesco,fcim,fcim_a263.wav,Angry,173,Angry,Angry,Angry,True,True,False,0.5272019,8.252264e-05,0.0048656315,0.46150234,0.003540727,0.0025719374,0.00023492645
52,inesco,fcim,fcim_a264.wav,Angry,100,Angry,Fear,Happy,False,False,True,0.002608195,4.7464797e-05,0.5118161,0.32088733,0.0003972455,0.0007211907,0.16352245
53,inesco,fcim,fcim_a265.wav,Angry,122,Angry,Fear,Happy,False,False,True,0.0009834479,2.7915275e-05,0.67924273,0.0025484904,1.6530377e-05,1.0156379e-05,0.31717068
54,inesco,fcim,fcim_a266.wav,Angry,375,Angry,Surprise,Happy,False,False,True,0.009934081,0.00023791878,0.09443119,0.03531349,4.736381e-05,0.0004899525,0.85954595
55,inesco,fcim,fcim_a267.wav,Angry,151,Angry,Fear,Angry,False,True,True,0.09037484,7.7203795e-06,0.86257976,0.04375285,0.0010297081,8.634603e-05,0.0021688032
56,inesco,fcim,fcim_a268.wav,Angry,90,Angry,Fear,Angry,False,True,True,0.30115914,4.6714005e-05,0.67987025,0.011094513,0.001175158,0.0005071289,0.006147099
57,inesco,fcim,fcim_a269.wav,Angry,154,Angry,Angry,Angry,True,True,False,0.7210132,6.471132e-05,0.15317114,0.123119466,0.0018239537,0.00043780147,0.00036976067
58,inesco,fcim,fcim_a270.wav,Angry,173,Angry,Fear,Angry,False,True,True,0.06644885,0.0001533766,0.85932434,0.053272765,6.857405e-05,0.00058335374,0.020148734
59,inesco,fcim,fcim_a271.wav,Angry,343,Angry,Surprise,Happy,False,False,True,0.0038362385,0.00025108358,0.20117,0.08650578,3.145105e-05,0.0011664717,0.70703894
60,inesco,fcim,fcim_a272.wav,Angry,324,Angry,Surprise,Happy,False,False,True,0.032131508,0.0057414155,0.31940383,0.25112382,0.00040506638,0.013687704,0.37750655
61,inesco,fcim,fcim_a273.wav,Angry,247,Angry,Fear,Happy,False,False,True,0.12312786,0.0030675048,0.587117,0.16601957,0.0002863192,0.10533938,0.015042297
62,inesco,fcim,fcim_a274.wav,Angry,330,Angry,Fear,Happy,False,False,True,0.012299004,0.0009586885,0.49676263,0.10724795,0.00022784882,0.004988201,0.37751564
63,inesco,fcim,fcim_a275.wav,Angry,145,Angry,Fear,Happy,False,False,True,6.3127077e-06,2.8164657e-09,0.9997819,0.00011690037,8.282085e-08,6.854144e-08,9.4714684e-05
64,inesco,fcim,fcim_a276.wav,Angry,244,Angry,Angry,Angry,True,True,False,0.71650857,0.015279576,0.05660994,0.10713064,0.00091168756,0.10260602,0.00095359836
65,inesco,fcim,fcim_a277.wav,Angry,260,Angry,Fear,Angry,False,True,True,0.18774813,0.005538306,0.42603123,0.041912366,6.73764e-05,0.0045513436,0.33415124
66,inesco,fcim,fcim_a278.wav,Angry,401,Angry,Fear,Happy,False,False,True,0.008902882,0.00015828168,0.620545,0.07517316,6.9785376e-05,0.002799728,0.29235113
67,inesco,fcim,fcim_a279.wav,Angry,289,Angry,Surprise,Happy,False,False,True,0.0060084895,0.00038912107,0.071025886,0.01919472,2.7832828e-05,0.0015468723,0.901807
68,inesco,fcim,fcim_a280.wav,Angry,282,Angry,Fear,Sad,False,False,True,0.0034484104,0.013211912,0.472583,0.040424477,6.9651454e-05,0.049247444,0.42101505
69,inesco,fcim,fcim_a281.wav,Angry,276,Angry,Fear,Angry,False,True,True,0.252884,0.00153228,0.35200807,0.055707145,0.00013433133,0.022147328,0.31558686
70,inesco,fcim,fcim_a282.wav,Angry,225,Angry,Angry,Angry,True,True,False,0.8743956,0.0031332755,0.07588669,0.0011977198,2.1651613e-06,0.00035588868,0.045028705
71,inesco,fcim,fcim_a283.wav,Angry,359,Angry,Surprise,Angry,False,True,True,0.22638658,0.00088180264,0.016975999,0.0036350072,1.8779416e-05,0.008718049,0.7433838
72,inesco,fcim,fcim_a284.wav,Angry,263,Angry,Angry,Angry,True,True,False,0.52261007,0.011003074,0.07782688,0.1900567,0.00047681693,0.12212158,0.07590489
73,inesco,fcim,fcim_a285.wav,Angry,295,Angry,Happy,Happy,False,False,False,0.105265826,0.046756595,0.13384645,0.641269,0.0057514566,0.041110873,0.025999818
74,inesco,fcim,fcim_a286.wav,Angry,362,Angry,Angry,Angry,True,True,False,0.63438123,0.003615624,0.055168133,0.045021612,0.0002014406,0.0031829176,0.25842908
75,inesco,fcim,fcim_a287.wav,Angry,186,Angry,Happy,Happy,False,False,False,0.3256029,1.9265315e-06,0.017616868,0.6552439,5.8478567e-05,0.00015374964,0.001322229
76,inesco,fcim,fcim_a288.wav,Angry,221,Angry,Fear,Happy,False,False,True,0.0018481766,9.3007344e-05,0.95814234,0.019862628,1.2214163e-06,0.002315074,0.01773754
77,inesco,fcim,fcim_a289.wav,Angry,135,Angry,Fear,Angry,False,True,True,0.07293907,8.456057e-07,0.8878259,0.02329358,0.00013555451,7.2645694e-06,0.015797727
78,inesco,fcim,fcim_a290.wav,Angry,298,Angry,Surprise,Happy,False,False,True,0.0065135173,0.0012854531,0.15043838,0.034663018,0.00020681357,0.0013120902,0.8055807
79,inesco,fcim,fcim_a291.wav,Angry,148,Angry,Happy,Happy,False,False,False,0.07987809,1.507371e-05,0.067899145,0.82793546,5.7318346e-05,0.0019016135,0.022313379
80,inesco,fcim,fcim_a292.wav,Angry,84,Angry,Angry,Angry,True,True,False,0.5016431,0.0001785593,0.120442435,0.21705526,0.00013445447,0.00058054755,0.15996557
81,inesco,fcim,fcim_a293.wav,Angry,205,Angry,Fear,Angry,False,True,True,0.26801616,0.0024138368,0.56897813,0.1123889,7.325302e-05,0.020353459,0.027776215
82,inesco,fcim,fcim_a294.wav,Angry,372,Angry,Surprise,Angry,False,True,True,0.027780304,0.00014972652,0.18595041,0.007346868,2.3957257e-06,0.00065359066,0.77811664
83,inesco,fcim,fcim_a295.wav,Angry,301,Angry,Happy,Happy,False,False,False,0.20423289,0.00091076543,0.21258402,0.38795692,8.7516855e-05,0.006842539,0.18738532
84,inesco,fcim,fcim_a296.wav,Angry,154,Angry,Fear,Angry,False,True,True,0.08920125,4.5780726e-07,0.8389066,0.061629213,2.901075e-05,9.797803e-06,0.01022379
85,inesco,fcim,fcim_a297.wav,Angry,77,Angry,Fear,Angry,False,True,True,0.02906049,1.6954002e-05,0.90028596,0.012228525,4.6862642e-05,0.00050145504,0.057859752
86,inesco,fcim,fcim_a298.wav,Angry,161,Angry,Happy,Happy,False,False,False,0.0046237023,6.2594877e-06,0.00357129,0.9792701,1.3662671e-05,0.00010395306,0.012411021
87,inesco,fcim,fcim_a299.wav,Angry,269,Angry,Angry,Angry,True,True,False,0.94002247,0.0024748466,0.0064792177,0.045149375,0.0001276447,0.004996017,0.00075044564
88,inesco,fcim,fcim_a300.wav,Angry,401,Angry,Happy,Happy,False,False,False,8.494466e-05,2.1991496e-05,0.004478524,0.58280486,1.933051e-07,2.9413663e-06,0.41260657
89,inesco,fcim,fcim_a301.wav,Angry,225,Angry,Angry,Angry,True,True,False,0.779372,0.0154568385,0.09437738,0.06837069,5.4855434e-05,0.002749548,0.039618757
90,inesco,fcim,fcim_a302.wav,Angry,359,Angry,Surprise,Happy,False,False,True,0.017372953,0.00074693473,0.36895117,0.031475704,5.796908e-06,0.00019791591,0.58124954
91,inesco,fcim,fcim_a303.wav,Angry,308,Angry,Surprise,Happy,False,False,True,0.024988566,0.00036669418,0.15126047,0.030325435,1.2127173e-05,0.001106874,0.7919398
92,inesco,fcim,fcim_a304.wav,Angry,132,Angry,Fear,Angry,False,True,True,0.01592774,1.8052837e-06,0.94220126,0.014928446,1.8316056e-05,1.1312814e-05,0.026911164
93,inesco,fcim,fcim_a305.wav,Angry,311,Angry,Angry,Angry,True,True,False,0.43637687,0.0012961128,0.08694227,0.14182545,1.0677407e-05,0.0018548969,0.33169368
94,inesco,fcim,fcim_a306.wav,Angry,314,Angry,Fear,Angry,False,True,True,0.18118843,0.0038174137,0.66729563,0.05114819,0.0015959824,0.035636067,0.05931829
95,inesco,fcim,fcim_a307.wav,Angry,189,Angry,Angry,Angry,True,True,False,0.83314407,1.3352727e-06,0.15550217,0.0011801124,1.050893e-06,9.1763824e-05,0.010079477
96,inesco,fcim,fcim_a308.wav,Angry,337,Angry,Fear,Angry,False,True,True,0.33518836,0.00060775457,0.3549695,0.10824453,0.00013916529,0.0019610252,0.1988896
97,inesco,fcim,fcim_a309.wav,Angry,58,Angry,Surprise,Angry,False,True,True,0.30636662,0.00026243608,0.060174514,0.0091250315,2.7835927e-06,4.8050715e-05,0.6240206
98,inesco,fcim,fcim_a310.wav,Angry,97,Angry,Fear,Angry,False,True,True,0.34292728,4.7973554e-05,0.6228326,0.018194515,0.00026212403,0.0009999324,0.014735694
99,inesco,fcim,fcim_a311.wav,Angry,97,Angry,Fear,Happy,False,False,True,0.06892108,0.00012499216,0.51153743,0.11274554,0.0011175475,0.0019428753,0.30361056
100,inesco,fcim,fcim_a312.wav,Angry,193,Angry,Surprise,Happy,False,False,True,0.0035676972,3.6118752e-05,0.017318748,0.062486637,9.990679e-07,4.1736206e-05,0.9165481
101,inesco,fcim,fcim_a313.wav,Angry,193,Angry,Fear,Happy,False,False,True,0.082819894,7.651312e-05,0.73846215,0.11501879,0.00010441412,0.003282528,0.06023578
102,inesco,fcim,fcim_a314.wav,Angry,244,Angry,Angry,Angry,True,True,False,0.9234355,8.0579724e-05,0.053895373,0.012768688,1.7218529e-06,0.00034814357,0.009470061
103,inesco,fcim,fcim_a315.wav,Angry,298,Angry,Fear,Angry,False,True,True,0.40144238,0.0017801701,0.4345993,0.022185547,0.00035666616,0.012102174,0.12753372
104,inesco,fcim,fcim_a316.wav,Angry,401,Angry,Surprise,Happy,False,False,True,0.0074025826,7.818308e-05,0.0064463476,0.0932249,1.650426e-06,8.745959e-05,0.8927589
105,inesco,fcim,fcim_a317.wav,Angry,365,Angry,Surprise,Happy,False,False,True,0.0036339248,0.00067874754,0.21171671,0.03421712,3.903753e-05,0.00241608,0.7472984
106,inesco,fcim,fcim_a318.wav,Angry,247,Angry,Fear,Happy,False,False,True,0.04800958,0.00082946685,0.46964878,0.40972382,5.9296166e-05,0.058598544,0.013130469
107,inesco,fcim,fcim_a319.wav,Angry,401,Angry,Happy,Happy,False,False,False,0.001734593,1.9615232e-05,0.011397152,0.9470778,1.5297986e-06,9.1333386e-05,0.03967788
108,inesco,fcim,fcim_a320.wav,Angry,113,Angry,Angry,Angry,True,True,False,0.6762063,0.00020680921,0.16842313,0.02513227,1.3037789e-05,0.0004502677,0.12956819
109,inesco,fcim,fcim_a321.wav,Angry,68,Angry,Angry,Angry,True,True,False,0.5577967,0.0022265092,0.15950283,0.015848152,6.683124e-05,0.0026153326,0.26194367
110,inesco,fcim,fcim_a322.wav,Angry,58,Angry,Surprise,Angry,False,True,True,0.13833627,0.00029923077,0.01765324,0.004536481,2.1103295e-05,0.00033828412,0.8388154
111,inesco,fcim,fcim_a323.wav,Angry,52,Angry,Surprise,Angry,False,True,True,0.2809961,0.000545786,0.14841473,0.022888713,0.00021276584,0.0016721435,0.5452697
112,inesco,fcim,fcim_a324.wav,Angry,154,Angry,Angry,Angry,True,True,False,0.8512946,4.9050344e-05,0.06773229,0.072227225,0.00035754548,0.002139599,0.0061997906
113,inesco,fcim,fcim_a325.wav,Angry,145,Angry,Fear,Happy,False,False,True,0.043441612,0.00017769843,0.7555923,0.14844805,0.0004917194,0.00063305936,0.051215578
114,inesco,fcim,fcim_a326.wav,Angry,215,Angry,Fear,Happy,False,False,True,0.07949496,0.0017646372,0.7161655,0.17413515,0.00097265234,0.020766288,0.006700835
115,inesco,fcim,fcim_a327.wav,Angry,241,Angry,Surprise,Angry,False,True,True,0.1265869,0.003519944,0.005764876,0.12203159,2.346677e-06,0.0008325174,0.74126184
116,inesco,fcim,fcim_a328.wav,Angry,202,Angry,Happy,Happy,False,False,False,1.9427738e-05,1.1200609e-05,0.13238424,0.8667175,0.00015636886,0.0004847335,0.00022650973
117,inesco,fcim,fcim_a329.wav,Angry,180,Angry,Fear,Happy,False,False,True,0.014625565,0.00030133428,0.8649447,0.09257391,6.4036426e-06,0.0015419782,0.026006056
118,inesco,fcim,fcim_a330.wav,Angry,97,Angry,Fear,Happy,False,False,True,0.008789193,1.4636855e-05,0.84536463,0.110967286,0.00023954106,0.00034067134,0.03428399
119,inesco,fcim,fcim_a331.wav,Angry,183,Angry,Happy,Happy,False,False,False,0.2854904,8.916515e-05,0.08339717,0.55669665,0.00024314603,0.003286296,0.070797205
120,inesco,fcim,fcim_a333.wav,Angry,84,Angry,Fear,Angry,False,True,True,0.05866735,3.9650156e-05,0.47114253,0.010594691,1.607755e-05,0.0002007452,0.45933884
121,inesco,fcim,fcim_a334.wav,Angry,180,Angry,Fear,Happy,False,False,True,0.017659673,1.9782075e-05,0.8881452,0.08918956,9.0153015e-05,0.0009469076,0.003948733
122,inesco,fcim,fcim_a335.wav,Angry,180,Angry,Happy,Happy,False,False,False,0.026996946,0.00030159316,0.10851713,0.8552551,0.00022552704,0.0062108543,0.002492818
123,inesco,fcim,fcim_a336.wav,Angry,186,Angry,Fear,Angry,False,True,True,0.13516198,3.886875e-06,0.81827027,0.0450076,3.6745685e-05,0.00026675893,0.0012527637
124,inesco,fcim,fcim_a337.wav,Angry,199,Angry,Fear,Angry,False,True,True,0.2876366,0.0026447896,0.5910141,0.102243766,0.00079787587,0.005882761,0.00978006
125,inesco,fcim,fcim_a338.wav,Angry,173,Angry,Angry,Angry,True,True,False,0.53505564,0.00036869367,0.08385832,0.29393402,0.005360424,0.074794665,0.00662827
126,inesco,fcim,fcim_a339.wav,Angry,260,Angry,Sad,Sad,False,False,False,0.405321,0.024847602,0.07614735,0.08120543,3.184848e-06,0.4077127,0.0047627366
127,inesco,fcim,fcim_a340.wav,Angry,93,Angry,Fear,Angry,False,True,True,0.11571801,2.3137594e-05,0.86564934,0.0119133135,0.00030202302,0.00030523262,0.0060889833
128,inesco,fcim,fcim_a341.wav,Angry,266,Angry,Fear,Happy,False,False,True,0.03515727,0.0004012985,0.58938235,0.050613627,1.6283915e-05,0.03678139,0.28764778
129,inesco,fcim,fcim_a342.wav,Angry,209,Angry,Surprise,Happy,False,False,True,0.0010280128,1.1397364e-05,0.18919723,0.019472124,2.3684147e-06,0.00014725076,0.7901417
130,inesco,fcim,fcim_a343.wav,Angry,183,Angry,Fear,Happy,False,False,True,0.0002272656,1.3661584e-06,0.988636,0.010790525,0.00016364988,8.7732245e-05,9.347638e-05
131,inesco,fcim,fcim_a344.wav,Angry,183,Angry,Happy,Happy,False,False,False,0.18339956,5.3145664e-06,0.2654865,0.50563866,0.00031349767,4.6083725e-05,0.045110364
132,inesco,fcim,fcim_a345.wav,Angry,202,Angry,Happy,Happy,False,False,False,0.26248038,0.00021760796,0.0042261374,0.7310675,2.2843109e-05,0.00051435985,0.0014711347
133,inesco,fcim,fcim_a346.wav,Angry,289,Angry,Surprise,Angry,False,True,True,0.21131103,0.012454558,0.3089591,0.03595007,0.00020554828,0.028553031,0.40256667
134,inesco,fcim,fcim_a347.wav,Angry,209,Angry,Fear,Happy,False,False,True,0.007212401,2.9298075e-05,0.9461478,0.03596505,9.79615e-06,0.00050880073,0.010126984
135,inesco,fcim,fcim_a348.wav,Angry,106,Angry,Fear,Angry,False,True,True,0.08876201,0.00040805567,0.4556916,0.026791805,0.0020737902,0.0018832609,0.4243894
136,inesco,fcim,fcim_a349.wav,Angry,253,Angry,Angry,Angry,True,True,False,0.95084536,0.00030142276,0.0009716572,0.040044304,1.0540738e-06,3.934037e-05,0.00779682
137,inesco,fcim,fcim_a350.wav,Angry,401,Angry,Surprise,Happy,False,False,True,0.2837067,0.0033888335,0.02126354,0.31015724,0.00017720237,0.0018134951,0.379493
138,inesco,fcim,fcim_a351.wav,Angry,257,Angry,Fear,Angry,False,True,True,0.22034016,0.00031713682,0.6088603,0.09264325,9.875108e-05,0.0022631884,0.07547721
139,inesco,fcim,fcim_a352.wav,Angry,109,Angry,Fear,Angry,False,True,True,0.026805745,1.2836243e-05,0.949664,0.018601805,0.0037226065,0.00024962562,0.00094340515
140,inesco,fcim,fcim_a353.wav,Angry,253,Angry,Fear,Happy,False,False,True,0.0023407778,0.0010529693,0.5359448,0.0115410425,0.0001625533,0.0050478894,0.44390994
141,inesco,fcim,fcim_a354.wav,Angry,314,Angry,Fear,Angry,False,True,True,0.03268155,0.014269214,0.77772087,0.007990042,0.00016887872,0.024036746,0.14313267
142,inesco,fcim,fcim_a355.wav,Angry,247,Angry,Disgust,Angry,False,True,True,0.36067566,0.54682326,0.0042240233,0.0052603823,1.0138781e-06,0.005142305,0.07787337
143,inesco,fcim,fcim_a356.wav,Angry,324,Angry,Angry,Angry,True,True,False,0.45255274,0.00023517711,0.23382686,0.010023055,4.7336716e-06,0.0007270126,0.30263045
144,inesco,fcim,fcim_a357.wav,Angry,199,Angry,Fear,Angry,False,True,True,0.13797513,7.768614e-05,0.7973165,0.053769078,0.0005946724,0.005100876,0.005166073
145,inesco,fcim,fcim_a358.wav,Angry,135,Angry,Angry,Angry,True,True,False,0.5754104,0.00015691774,0.04276339,0.005903262,2.6331896e-05,0.0013909827,0.3743486
146,inesco,fcim,fcim_a359.wav,Angry,218,Angry,Angry,Angry,True,True,False,0.97966754,0.00028800534,0.0050001796,0.0059346613,2.4033074e-05,0.00069228193,0.008393353
147,inesco,fcim,fcim_a360.wav,Angry,93,Angry,Fear,Happy,False,False,True,0.0019747121,2.0560532e-05,0.9410952,0.022508176,3.5419525e-05,0.00010651715,0.03425946
148,inesco,fcim,fcim_a361.wav,Angry,145,Angry,Fear,Angry,False,True,True,0.053843778,6.29909e-06,0.5778157,0.0071087964,8.282883e-07,4.028729e-05,0.3611843
149,inesco,fcim,fcim_a362.wav,Angry,81,Angry,Surprise,Angry,False,True,True,0.28106132,0.00047280546,0.084499195,0.056710586,2.9893283e-05,0.0011795588,0.57604665
150,inesco,fcim,fcim_a363.wav,Angry,138,Angry,Angry,Angry,True,True,False,0.84742737,3.9344137e-05,0.07200072,0.04918748,1.3326276e-05,2.8908084e-05,0.0313029
151,inesco,fcim,fcim_a364.wav,Angry,151,Angry,Surprise,Angry,False,True,True,0.3014836,1.6486896e-05,0.105454,0.26071948,3.7791284e-05,2.425234e-05,0.3322644
152,inesco,fcim,fcim_a365.wav,Angry,141,Angry,Angry,Angry,True,True,False,0.9268445,1.2972558e-06,0.024146643,0.0478688,3.594508e-05,2.8850473e-05,0.0010740135
153,inesco,fcim,fcim_a366.wav,Angry,186,Angry,Fear,Happy,False,False,True,0.039699376,4.6131036e-06,0.7620741,0.19516864,0.000731725,0.0012945866,0.0010269718
154,inesco,fcim,fcim_a367.wav,Angry,68,Angry,Angry,Angry,True,True,False,0.7021847,0.00030301427,0.2774778,0.008139459,0.00056943094,0.0007986325,0.010526906
155,inesco,fcim,fcim_a368.wav,Angry,129,Angry,Surprise,Angry,False,True,True,0.3161119,0.00013895113,0.20441513,0.119323574,0.00015560683,0.0012103957,0.35864452
156,inesco,fcim,fcim_a369.wav,Angry,145,Angry,Angry,Angry,True,True,False,0.9955942,3.3295075e-06,0.0007605715,0.002859733,6.0603534e-06,6.1098076e-06,0.0007699491
157,inesco,fcim,fcim_a370.wav,Angry,151,Angry,Happy,Happy,False,False,False,0.031211177,2.4618865e-05,0.38140807,0.5671762,0.000117780706,0.0006228546,0.019439232
158,inesco,fcim,fcim_a371.wav,Angry,145,Angry,Fear,Happy,False,False,True,0.0005481169,2.9674386e-06,0.96551746,0.008761967,6.654091e-05,0.0002844571,0.024818469
159,inesco,fcim,fcim_a372.wav,Angry,157,Angry,Fear,Happy,False,False,True,0.02418246,2.9988585e-06,0.636832,0.33368024,0.0015638524,0.0016142869,0.002124133
160,inesco,fcim,fcim_a373.wav,Angry,189,Angry,Fear,Happy,False,False,True,0.047405805,9.067415e-05,0.8324514,0.07112523,0.00011623365,0.010258328,0.038552303
161,inesco,fcim,fcim_a374.wav,Angry,77,Angry,Angry,Angry,True,True,False,0.8348348,0.00048511993,0.011483506,0.12069265,0.006229539,0.0031391869,0.023135133
162,inesco,fcim,fcim_a375.wav,Angry,244,Angry,Surprise,Happy,False,False,True,0.011931402,0.0013138738,0.01666503,0.04693291,2.1428148e-05,0.011144445,0.9119909
163,inesco,fcim,fcim_a376.wav,Angry,52,Angry,Angry,Angry,True,True,False,0.8605253,7.070809e-05,0.13229054,0.0038499918,3.1300493e-05,0.0004459042,0.0027862224
164,inesco,fcim,fcim_a377.wav,Angry,74,Angry,Fear,Angry,False,True,True,0.32024732,0.00019723426,0.48238924,0.039300185,0.00010519872,0.0016339938,0.15612683
165,inesco,fcim,fcim_a378.wav,Angry,116,Angry,Surprise,Angry,False,True,True,0.08078269,1.6640628e-05,0.43482026,0.017147107,9.366476e-05,6.979552e-05,0.46706983
166,inesco,fcim,fcim_a379.wav,Angry,154,Angry,Angry,Angry,True,True,False,0.65937495,3.5669458e-05,0.14675972,0.034744695,1.68782e-05,5.311653e-05,0.15901491
167,inesco,fcim,fcim_a380.wav,Angry,260,Angry,Angry,Angry,True,True,False,0.7377807,0.027130185,0.031680927,0.0056148646,4.6292094e-05,0.102825575,0.09492143
168,inesco,fcim,fcim_a381.wav,Angry,186,Angry,Happy,Happy,False,False,False,0.21542946,0.0003585594,0.1478143,0.6186209,0.00064572826,0.005500213,0.0116308015
169,inesco,fcim,fcim_a382.wav,Angry,132,Angry,Surprise,Happy,False,False,True,8.121605e-05,9.17734e-05,0.16956553,0.061279666,1.8821675e-05,6.5151784e-05,0.76889783
170,inesco,fcim,fcim_a383.wav,Angry,97,Angry,Fear,Sad,False,False,True,0.00041824408,4.128791e-05,0.9689858,0.00019387154,0.0002352486,0.0005772902,0.029548284
171,inesco,fcim,fcim_a384.wav,Angry,116,Angry,Angry,Angry,True,True,False,0.6128057,0.00022666361,0.021925896,0.044724733,2.967322e-05,0.00027781024,0.32000944
172,inesco,fcim,fcim_a385.wav,Angry,109,Angry,Angry,Angry,True,True,False,0.7007151,2.0111791e-05,0.10775805,0.041023612,0.039005287,0.0036304388,0.1078474
173,inesco,fcim,fcim_a386.wav,Angry,109,Angry,Angry,Angry,True,True,False,0.39464673,6.5483444e-05,0.29662764,0.12799504,0.00044729377,0.0010805001,0.17913727
174,inesco,fcim,fcim_a387.wav,Angry,353,Angry,Surprise,Happy,False,False,True,0.019743195,0.00029191063,0.080617264,0.04075582,1.0090389e-05,0.0012395352,0.8573422
175,inesco,fcim,fcim_a388.wav,Angry,58,Angry,Surprise,Angry,False,True,True,0.23021656,0.00025575154,0.15660007,0.030297663,2.3116674e-05,0.00075818883,0.5818486
176,inesco,fcim,fcim_a389.wav,Angry,93,Angry,Angry,Angry,True,True,False,0.61276656,0.00022295554,0.027234549,0.0017053138,0.00021037592,0.00038429452,0.35747597
177,inesco,fcim,fcim_a390.wav,Angry,65,Angry,Fear,Angry,False,True,True,0.18129325,0.00028439282,0.4166015,0.0028639657,6.730757e-05,0.0051046535,0.39378497
178,inesco,fcim,fcim_a391.wav,Angry,55,Angry,Angry,Angry,True,True,False,0.6500955,0.0005731579,0.07948689,0.0036704259,1.1541419e-05,0.00025731375,0.2659051
179,inesco,fcim,fcim_a392.wav,Angry,39,Angry,Angry,Angry,True,True,False,0.734684,6.92194e-05,0.22928084,0.0074888,1.8589062e-05,0.00038307544,0.028075503
180,inesco,fcim,fcim_a393.wav,Angry,125,Angry,Angry,Angry,True,True,False,0.51517963,3.2983946e-05,0.071397156,0.02180792,7.5235453e-06,2.0909361e-05,0.39155385
181,inesco,fcim,fcim_a394.wav,Angry,129,Angry,Surprise,Happy,False,False,True,0.18155335,5.549836e-06,0.023595635,0.37771824,2.8345288e-05,6.885958e-05,0.41703007
182,inesco,fcim,fcim_a395.wav,Angry,164,Angry,Angry,Angry,True,True,False,0.96037704,3.855706e-05,0.008304176,0.019402303,2.852707e-07,6.976976e-05,0.011807883
183,inesco,fcim,fcim_a396.wav,Angry,218,Angry,Fear,Angry,False,True,True,0.013999616,5.68059e-05,0.9617291,0.012142766,0.0005519017,0.011342419,0.00017742123
184,inesco,fcim,fcim_a397.wav,Angry,52,Angry,Angry,Angry,True,True,False,0.56313264,0.00026801703,0.009682249,0.009467102,2.2031294e-05,0.00013026007,0.41729772
185,inesco,fcim,fcim_a398.wav,Angry,68,Angry,Fear,Angry,False,True,True,0.01645031,0.00013586925,0.72587276,0.013309834,9.5171645e-06,0.00032795226,0.24389371
186,inesco,fcim,fcim_a399.wav,Angry,346,Angry,Angry,Angry,True,True,False,0.43833953,0.00025466032,0.36384854,0.062479574,8.7393255e-06,0.0031585887,0.1319104
187,inesco,fcim,fcim_a400.wav,Angry,301,Angry,Surprise,Happy,False,False,True,0.1581222,0.0040888153,0.07497614,0.3041185,4.481833e-05,0.01945825,0.43919125
188,inesco,fcim,fcim_a401.wav,Angry,215,Angry,Angry,Angry,True,True,False,0.73271435,3.8088194e-05,0.088974886,0.17433609,0.00025016634,0.00033414635,0.0033522488
189,inesco,fcim,fcim_h001.wav,Happy,199,Happy,Happy,Happy,True,True,False,0.007870182,0.00018951799,0.21774468,0.72866404,0.00040256747,0.017733347,0.027395615
190,inesco,fcim,fcim_h002.wav,Happy,113,Happy,Surprise,Angry,False,False,True,0.017283149,5.3230004e-05,0.45180756,0.014195755,0.00011754086,7.045229e-05,0.51647234
191,inesco,fcim,fcim_h003.wav,Happy,228,Happy,Fear,Happy,False,True,True,0.0038023074,0.0013888163,0.63094795,0.03377412,3.9067985e-05,0.022252696,0.30779514
192,inesco,fcim,fcim_h004.wav,Happy,81,Happy,Fear,Angry,False,False,True,0.06203738,0.00017724237,0.8989971,0.00986899,0.000102273494,0.0002984419,0.028518561
193,inesco,fcim,fcim_h005.wav,Happy,135,Happy,Surprise,Happy,False,True,True,0.00010162616,3.9352913e-06,0.0030163305,0.0031910478,4.768333e-08,4.811315e-05,0.9936388
194,inesco,fcim,fcim_h006.wav,Happy,196,Happy,Sad,Sad,False,False,False,0.00023582982,0.003985495,0.45545593,0.0112613905,0.061529264,0.465022,0.0025101537
195,inesco,fcim,fcim_h007.wav,Happy,125,Happy,Angry,Angry,False,False,False,0.34925216,0.010986605,0.050740264,0.3462903,0.0055934694,0.03961969,0.19751753
196,inesco,fcim,fcim_h008.wav,Happy,266,Happy,Surprise,Angry,False,False,True,0.24946599,0.0638274,0.2839697,0.012372759,0.00075668545,0.05642344,0.333184
197,inesco,fcim,fcim_h009.wav,Happy,173,Happy,Fear,Happy,False,True,True,1.0262926e-05,2.026284e-06,0.99876785,0.00058355054,2.8486968e-06,1.605661e-06,0.0006318872
198,inesco,fcim,fcim_h010.wav,Happy,244,Happy,Angry,Angry,False,False,False,0.32228845,0.03341494,0.28733224,0.015929231,0.00469458,0.15262705,0.1837135
199,inesco,fcim,fcim_h011.wav,Happy,167,Happy,Fear,Happy,False,True,True,0.011139132,4.20295e-05,0.8771488,0.07274548,0.00011268174,0.00025229368,0.038559556
200,inesco,fcim,fcim_h012.wav,Happy,253,Happy,Surprise,Sad,False,False,True,0.0898814,0.045110814,0.11839884,0.01252465,0.0001461602,0.14611936,0.5878188
201,inesco,fcim,fcim_h013.wav,Happy,311,Happy,Surprise,Sad,False,False,True,0.0009436492,0.0010574424,0.1413958,0.002031061,4.147163e-05,0.002298171,0.8522324
202,inesco,fcim,fcim_h014.wav,Happy,340,Happy,Surprise,Happy,False,True,True,0.038487885,0.0009824224,0.046635784,0.3716833,9.716997e-05,0.00065456727,0.5414589
203,inesco,fcim,fcim_h015.wav,Happy,157,Happy,Surprise,Happy,False,True,True,3.5985377e-05,2.3225984e-06,0.0018353189,0.00011503597,2.3137605e-09,6.349982e-07,0.9980108
204,inesco,fcim,fcim_h016.wav,Happy,193,Happy,Angry,Angry,False,False,False,0.5809607,0.003758978,0.07849367,0.14347008,0.00083830836,0.12894876,0.06352951
205,inesco,fcim,fcim_h017.wav,Happy,228,Happy,Fear,Angry,False,False,True,0.0076165707,8.2464634e-05,0.7139375,0.0016626833,4.943826e-06,0.0006558991,0.27603993
206,inesco,fcim,fcim_h018.wav,Happy,324,Happy,Surprise,Happy,False,True,True,0.06003707,0.0058344593,0.01038999,0.062458184,7.2337516e-06,0.0003215982,0.8609514
207,inesco,fcim,fcim_h019.wav,Happy,234,Happy,Fear,Happy,False,True,True,0.0057910066,0.010884651,0.48069403,0.029003013,1.0371267e-05,0.00380137,0.46981558
208,inesco,fcim,fcim_h020.wav,Happy,247,Happy,Surprise,Angry,False,False,True,0.037545856,0.0024386118,0.17845018,0.010283376,2.2650563e-06,0.0035246674,0.76775503
209,inesco,fcim,fcim_h021.wav,Happy,365,Happy,Surprise,Happy,False,True,True,0.003460263,0.0004120358,0.028678302,0.0037780523,8.274664e-07,0.00012843177,0.9635421
210,inesco,fcim,fcim_h022.wav,Happy,279,Happy,Angry,Angry,False,False,False,0.4619512,0.06715687,0.012017944,0.02852504,0.0018735279,0.002351172,0.42612427
211,inesco,fcim,fcim_h023.wav,Happy,205,Happy,Happy,Happy,True,True,False,0.022102287,0.00019472172,0.2870036,0.60681325,0.0003057068,0.004583993,0.0789964
212,inesco,fcim,fcim_h024.wav,Happy,167,Happy,Surprise,Happy,False,True,True,2.6800564e-05,9.720129e-06,0.009696682,0.0024902856,2.0142092e-07,5.550122e-06,0.9877707
213,inesco,fcim,fcim_h025.wav,Happy,183,Happy,Fear,Happy,False,True,True,0.050986975,0.00037525684,0.5266479,0.31264892,0.008414839,0.09272295,0.0082031265
214,inesco,fcim,fcim_h026.wav,Happy,308,Happy,Surprise,Happy,False,True,True,0.0013643932,0.0016864636,0.19020896,0.11898047,3.1347376e-05,0.001981394,0.6857471
215,inesco,fcim,fcim_h027.wav,Happy,231,Happy,Surprise,Happy,False,True,True,0.0034643845,0.018994307,0.034739684,0.006692152,1.5026672e-05,3.9875064e-05,0.9360545
216,inesco,fcim,fcim_h028.wav,Happy,193,Happy,Fear,Happy,False,True,True,0.00033273824,1.5561876e-06,0.8340063,0.008001975,9.67812e-07,2.9645042e-05,0.1576268
217,inesco,fcim,fcim_h029.wav,Happy,321,Happy,Surprise,Happy,False,True,True,0.005194426,0.0008412972,0.20803551,0.12047419,1.3204144e-05,0.006354461,0.65908694
218,inesco,fcim,fcim_h030.wav,Happy,250,Happy,Surprise,Sad,False,False,True,0.007161821,0.15798454,0.0013019084,0.010099537,0.00028771776,0.032877028,0.7902874
219,inesco,fcim,fcim_h031.wav,Happy,401,Happy,Happy,Happy,True,True,False,0.040750112,0.0014745308,0.0030710502,0.7894451,0.012797739,0.12892272,0.023538757
220,inesco,fcim,fcim_h032.wav,Happy,269,Happy,Surprise,Happy,False,True,True,0.000616951,0.014071349,0.004391212,0.11203695,3.491152e-06,6.9873604e-05,0.86881024
221,inesco,fcim,fcim_h033.wav,Happy,212,Happy,Surprise,Happy,False,True,True,0.0021907599,0.00034444852,0.034425575,0.020747751,2.0128393e-06,0.00015005702,0.9421393
222,inesco,fcim,fcim_h034.wav,Happy,231,Happy,Surprise,Angry,False,False,True,0.0025927906,0.0015345012,0.055359755,0.0012536632,7.4143386e-06,0.000119179174,0.93913263
223,inesco,fcim,fcim_h035.wav,Happy,337,Happy,Angry,Angry,False,False,False,0.6961997,0.01978825,0.021759162,0.007068315,0.00022549427,0.025052842,0.2299063
224,inesco,fcim,fcim_h036.wav,Happy,401,Happy,Happy,Happy,True,True,False,0.007342004,0.00028978722,0.15131007,0.7591141,0.0003608518,0.0035099154,0.07807319
225,inesco,fcim,fcim_h037.wav,Happy,292,Happy,Surprise,Happy,False,True,True,0.0005996347,0.001542564,0.31295007,0.026097465,2.9462044e-05,0.005772849,0.6530079
226,inesco,fcim,fcim_h038.wav,Happy,401,Happy,Surprise,Happy,False,True,True,0.00210576,0.001480791,0.0849442,0.10177357,3.3923694e-05,0.0024938392,0.8071679
227,inesco,fcim,fcim_h039.wav,Happy,266,Happy,Surprise,Happy,False,True,True,0.04001896,0.017866697,0.024665743,0.14286798,4.0486625e-06,0.04367304,0.73090345
228,inesco,fcim,fcim_h040.wav,Happy,401,Happy,Surprise,Happy,False,True,True,0.06420044,0.0014936392,0.054278743,0.11197999,5.5339602e-05,0.020521257,0.7474706
229,inesco,fcim,fcim_h041.wav,Happy,97,Happy,Fear,Happy,False,True,True,0.0073130424,6.4473784e-06,0.81625766,0.14259587,0.000118805554,7.4242955e-05,0.03363394
230,inesco,fcim,fcim_h042.wav,Happy,228,Happy,Fear,Happy,False,True,True,0.0001685797,0.00042412453,0.56648153,0.23133372,2.9861443e-05,0.0007853993,0.20077682
231,inesco,fcim,fcim_h043.wav,Happy,369,Happy,Surprise,Happy,False,True,True,0.0026882659,0.0013714798,0.19514534,0.021835152,5.9631326e-05,0.0006920813,0.778208
232,inesco,fcim,fcim_h044.wav,Happy,365,Happy,Happy,Happy,True,True,False,0.045769688,0.0054634586,0.0024899403,0.77338237,0.00019465947,0.000683985,0.17201586
233,inesco,fcim,fcim_h045.wav,Happy,231,Happy,Surprise,Happy,False,True,True,0.002604042,0.009734511,0.25891373,0.024014095,0.00012494944,0.0028864993,0.7017222
234,inesco,fcim,fcim_h046.wav,Happy,205,Happy,Happy,Happy,True,True,False,0.44558623,0.00030200338,0.014371809,0.4781009,0.00014525201,0.0023645826,0.059129298
235,inesco,fcim,fcim_h047.wav,Happy,241,Happy,Fear,Happy,False,True,True,0.11505922,0.011605398,0.4038102,0.1818167,0.003006491,0.06822838,0.21647368
236,inesco,fcim,fcim_h048.wav,Happy,225,Happy,Surprise,Happy,False,True,True,0.009894469,0.016533714,0.13809037,0.0139227575,1.0144968e-05,0.0004042296,0.82114434
237,inesco,fcim,fcim_h049.wav,Happy,193,Happy,Fear,Angry,False,False,True,0.20201173,0.0001692319,0.6321227,0.07104889,0.024924472,0.021828812,0.04789411
238,inesco,fcim,fcim_h050.wav,Happy,138,Happy,Surprise,Happy,False,True,True,5.223153e-05,1.229466e-06,0.3863623,0.01487429,8.7183605e-07,6.3117845e-06,0.5987027
239,inesco,fcim,fcim_h051.wav,Happy,401,Happy,Surprise,Sad,False,False,True,0.009458807,0.0011161164,0.08224391,0.015341421,0.00018838255,0.033075336,0.858576
240,inesco,fcim,fcim_h052.wav,Happy,401,Happy,Surprise,Happy,False,True,True,0.0023081368,0.0003470233,0.09786804,0.088474944,2.4563017e-06,0.00052011147,0.8104793
241,inesco,fcim,fcim_h053.wav,Happy,401,Happy,Happy,Happy,True,True,False,0.018071698,0.0036668065,0.042548995,0.69543785,0.0019238312,0.0028765271,0.23547433
242,inesco,fcim,fcim_h054.wav,Happy,369,Happy,Surprise,Happy,False,True,True,0.0034914098,0.0003015951,0.053799197,0.11900855,1.4075744e-05,0.0007095236,0.8226757
243,inesco,fcim,fcim_h055.wav,Happy,401,Happy,Surprise,Angry,False,False,True,0.14806321,0.0060178386,0.02781309,0.13186747,3.2296043e-06,0.0049460996,0.6812891
244,inesco,fcim,fcim_h056.wav,Happy,321,Happy,Surprise,Happy,False,True,True,0.04974561,0.00044678288,0.10502644,0.05661093,8.554661e-05,0.00055649236,0.7875282
245,inesco,fcim,fcim_h057.wav,Happy,269,Happy,Fear,Angry,False,False,True,0.16892898,0.042528,0.3154637,0.088209145,0.004777529,0.1639976,0.21609506
246,inesco,fcim,fcim_h058.wav,Happy,362,Happy,Surprise,Happy,False,True,True,0.0062470273,0.00084440823,0.16683957,0.034088086,0.00013336127,0.0017849259,0.7900626
247,inesco,fcim,fcim_h059.wav,Happy,241,Happy,Fear,Angry,False,False,True,0.0059371116,0.019243509,0.6577417,0.0013799755,3.1634681e-06,0.005343128,0.31035134
248,inesco,fcim,fcim_h060.wav,Happy,343,Happy,Surprise,Angry,False,False,True,0.30455863,0.030854512,0.1403741,0.14571713,0.0049953656,0.028396208,0.34510404
249,inesco,fcim,fcim_h061.wav,Happy,141,Happy,Fear,Sad,False,False,True,0.02373179,0.0021647734,0.6969626,0.039766114,0.093912244,0.13549188,0.007970576
250,inesco,fcim,fcim_h062.wav,Happy,266,Happy,Surprise,Happy,False,True,True,0.0039452696,0.0007737384,0.14709823,0.13434072,4.4332446e-05,0.00095945195,0.71283835
251,inesco,fcim,fcim_h063.wav,Happy,266,Happy,Angry,Angry,False,False,False,0.53610957,0.020725988,0.020319156,0.0042590806,0.00026416234,0.0074014305,0.4109207
252,inesco,fcim,fcim_h064.wav,Happy,250,Happy,Angry,Angry,False,False,False,0.5000957,0.0028061897,0.296122,0.020627603,0.022999223,0.05461301,0.10273628
253,inesco,fcim,fcim_h065.wav,Happy,321,Happy,Surprise,Happy,False,True,True,0.07742538,0.015557805,0.23871121,0.19593357,0.001424131,0.016399167,0.4545487
254,inesco,fcim,fcim_h066.wav,Happy,279,Happy,Surprise,Happy,False,True,True,0.019309398,0.0012525726,0.029765032,0.020574864,9.969004e-06,0.0013980082,0.9276901
255,inesco,fcim,fcim_h067.wav,Happy,401,Happy,Surprise,Happy,False,True,True,0.028240444,0.0061767036,0.328,0.1864035,0.004756306,0.03652657,0.40989646
256,inesco,fcim,fcim_h068.wav,Happy,340,Happy,Surprise,Angry,False,False,True,0.040162146,0.0034508503,0.14897548,0.011549628,0.00052111177,0.00052911823,0.7948117
257,inesco,fcim,fcim_h069.wav,Happy,276,Happy,Fear,Angry,False,False,True,0.09653629,0.007130398,0.54637617,0.044768542,0.00015315563,0.034892388,0.2701431
258,inesco,fcim,fcim_h070.wav,Happy,295,Happy,Fear,Sad,False,False,True,0.043266322,0.005751246,0.6082968,0.067758106,0.0011293835,0.13033468,0.14346349
259,inesco,fcim,fcim_h071.wav,Happy,289,Happy,Happy,Happy,True,True,False,0.12361023,0.079975106,0.037389264,0.57959116,0.0014557821,0.00968635,0.1682922
260,inesco,fcim,fcim_h072.wav,Happy,237,Happy,Fear,Happy,False,True,True,0.020037964,0.006362297,0.5945082,0.12649263,0.00035157462,0.0005855444,0.2516618
261,inesco,fcim,fcim_h073.wav,Happy,122,Happy,Fear,Angry,False,False,True,0.32422078,4.2177682e-05,0.67118996,0.0021231554,3.114282e-05,0.0009828692,0.0014099819
262,inesco,fcim,fcim_h074.wav,Happy,257,Happy,Angry,Angry,False,False,False,0.71478516,0.027250517,0.061998848,0.049083438,3.4780405e-05,0.02029629,0.12655096
263,inesco,fcim,fcim_h075.wav,Happy,205,Happy,Fear,Angry,False,False,True,0.025423974,0.00027276462,0.85023075,0.013298235,0.00026703236,0.00023975605,0.11026746
264,inesco,fcim,fcim_h076.wav,Happy,225,Happy,Angry,Angry,False,False,False,0.53679353,0.0046576266,0.3520527,0.08835559,0.00030498535,0.008524084,0.009311473
265,inesco,fcim,fcim_h077.wav,Happy,237,Happy,Fear,Angry,False,False,True,0.05232934,0.010192456,0.606205,0.024367107,0.0038940273,0.018998677,0.28401336
266,inesco,fcim,fcim_h078.wav,Happy,221,Happy,Angry,Angry,False,False,False,0.5329555,0.0024535914,0.3220733,0.07291978,0.00040981834,0.0036156427,0.06557226
267,inesco,fcim,fcim_h079.wav,Happy,401,Happy,Sad,Sad,False,False,False,0.10492562,0.08272723,0.07695941,0.2872822,0.05001953,0.33715373,0.060932286
268,inesco,fcim,fcim_h080.wav,Happy,349,Happy,Fear,Happy,False,True,True,0.011476907,0.0018233667,0.50790805,0.04086728,0.00020129727,0.00831885,0.4294043
269,inesco,fcim,fcim_h081.wav,Happy,285,Happy,Fear,Happy,False,True,True,0.012245784,0.022396415,0.5064193,0.25905597,0.0047744466,0.03695238,0.15815574
270,inesco,fcim,fcim_h082.wav,Happy,401,Happy,Fear,Happy,False,True,True,0.0033013043,0.00010070675,0.41332653,0.23395881,2.8473367e-05,0.00051282055,0.34877136
271,inesco,fcim,fcim_h083.wav,Happy,394,Happy,Surprise,Happy,False,True,True,0.0002997677,0.00054446596,0.07570172,0.18353954,6.985323e-05,0.00094749447,0.7388971
272,inesco,fcim,fcim_h084.wav,Happy,215,Happy,Surprise,Happy,False,True,True,0.00028961632,0.0012971981,0.17878814,0.0009431712,1.1473867e-05,0.00032277298,0.8183477
273,inesco,fcim,fcim_h085.wav,Happy,311,Happy,Surprise,Angry,False,False,True,0.09224379,0.005059165,0.020262126,0.029180814,0.00026014485,0.00061553594,0.8523784
274,inesco,fcim,fcim_h086.wav,Happy,221,Happy,Angry,Angry,False,False,False,0.6812548,0.11407748,0.07293537,0.022128878,0.005141881,0.060404718,0.044056837
275,inesco,fcim,fcim_h087.wav,Happy,237,Happy,Fear,Happy,False,True,True,0.06767299,0.13143037,0.29867527,0.2839245,0.00039195138,0.024848612,0.19305632
276,inesco,fcim,fcim_h088.wav,Happy,247,Happy,Angry,Angry,False,False,False,0.9193161,0.02473602,0.013582375,0.00047265933,2.4275729e-05,0.003180797,0.038687777
277,inesco,fcim,fcim_h089.wav,Happy,401,Happy,Happy,Happy,True,True,False,0.013097795,0.0030509622,0.04205533,0.71467257,9.946916e-05,0.0053379457,0.22168587
278,inesco,fcim,fcim_h090.wav,Happy,145,Happy,Fear,Happy,False,True,True,0.00022990655,4.321083e-06,0.99139273,0.004328623,8.002151e-06,0.0029469798,0.0010895293
279,inesco,fcim,fcim_h091.wav,Happy,327,Happy,Surprise,Happy,False,True,True,0.0020298983,0.0013019653,0.14817396,0.022219647,1.1272509e-06,0.00083982263,0.8254336
280,inesco,fcim,fcim_h092.wav,Happy,199,Happy,Fear,Happy,False,True,True,0.0028799803,4.6003697e-05,0.63467675,0.29444292,0.0005283057,0.00035943068,0.06706656
281,inesco,fcim,fcim_h093.wav,Happy,273,Happy,Surprise,Happy,False,True,True,0.025143724,0.0013477185,0.30647936,0.10960371,7.504234e-05,0.0021065807,0.55524385
282,inesco,fcim,fcim_h094.wav,Happy,369,Happy,Angry,Angry,False,False,False,0.4946959,0.01157442,0.036198758,0.3566216,0.0017875156,0.014078654,0.08504317
283,inesco,fcim,fcim_h095.wav,Happy,253,Happy,Surprise,Happy,False,True,True,0.011250336,0.005969349,0.03843507,0.031697035,4.6911523e-06,0.00085043017,0.9117931
284,inesco,fcim,fcim_h096.wav,Happy,228,Happy,Fear,Happy,False,True,True,0.070989214,0.0006407278,0.46737024,0.33426166,0.00019122817,0.0044115796,0.12213539
285,inesco,fcim,fcim_h097.wav,Happy,202,Happy,Fear,Happy,False,True,True,0.032895114,0.00013620406,0.8097794,0.14076547,2.2034295e-05,0.010971696,0.0054300264
286,inesco,fcim,fcim_h098.wav,Happy,401,Happy,Surprise,Sad,False,False,True,0.0038725329,0.002427212,0.2532347,0.008494347,0.0006120249,0.32886544,0.40249372
287,inesco,fcim,fcim_h099.wav,Happy,109,Happy,Fear,Happy,False,True,True,0.00086056686,9.106168e-06,0.7976477,0.009137879,6.6798375e-06,0.00020804221,0.19213009
288,inesco,fcim,fcim_h100.wav,Happy,228,Happy,Fear,Happy,False,True,True,0.045699943,0.0011345223,0.73509055,0.18336582,0.0036107725,0.008419472,0.02267887
289,inesco,fcim,fcim_h101.wav,Happy,205,Happy,Surprise,Angry,False,False,True,0.16331688,0.001157448,0.15207674,0.12557422,4.6834302e-06,0.0005250836,0.5573449
290,inesco,fcim,fcim_h102.wav,Happy,215,Happy,Surprise,Happy,False,True,True,0.02557627,0.0086146025,0.23681098,0.048757385,1.380166e-05,0.028524734,0.6517022
291,inesco,fcim,fcim_h103.wav,Happy,330,Happy,Fear,Happy,False,True,True,0.087128244,0.0007779742,0.425902,0.2998592,0.00023246973,0.002635623,0.18346448
292,inesco,fcim,fcim_h104.wav,Happy,401,Happy,Surprise,Happy,False,True,True,3.4145803e-06,2.3918898e-07,5.5439676e-05,0.09923743,1.1779447e-08,1.8957284e-08,0.90070343
293,inesco,fcim,fcim_h105.wav,Happy,218,Happy,Angry,Angry,False,False,False,0.58533275,0.00017265783,0.2280024,0.057856143,0.00084000675,0.016685506,0.1111106
294,inesco,fcim,fcim_h106.wav,Happy,279,Happy,Angry,Angry,False,False,False,0.44449073,0.017596148,0.19850452,0.056457546,0.002291875,0.02836405,0.25229508
295,inesco,fcim,fcim_h107.wav,Happy,356,Happy,Surprise,Happy,False,True,True,6.9615155e-05,0.00028097004,0.0023525734,0.02764901,5.142669e-07,2.698564e-05,0.9696203
296,inesco,fcim,fcim_h108.wav,Happy,401,Happy,Surprise,Happy,False,True,True,0.014267184,0.0003831532,0.0068693752,0.023952093,6.4920537e-06,0.00012003137,0.95440173
297,inesco,fcim,fcim_h109.wav,Happy,250,Happy,Fear,Happy,False,True,True,0.06450455,9.3761984e-05,0.57622474,0.35100812,4.370787e-05,0.002663388,0.005461778
298,inesco,fcim,fcim_h110.wav,Happy,346,Happy,Surprise,Angry,False,False,True,0.03517649,0.0031228757,0.063467406,0.013511096,5.6454937e-06,0.0031659035,0.8815506
299,inesco,fcim,fcim_h111.wav,Happy,388,Happy,Surprise,Angry,False,False,True,0.24084961,0.03378329,0.103962585,0.15147299,0.001242976,0.019033555,0.44965506
300,inesco,fcim,fcim_h112.wav,Happy,397,Happy,Surprise,Happy,False,True,True,0.012573863,0.00013822992,0.0047306707,0.060947966,4.527037e-06,1.9000845e-05,0.92158574
301,inesco,fcim,fcim_h113.wav,Happy,401,Happy,Surprise,Happy,False,True,True,0.0009707042,3.0242509e-05,0.03663694,0.0639922,1.1424303e-06,7.530357e-05,0.89829344
302,inesco,fcim,fcim_h114.wav,Happy,234,Happy,Surprise,Happy,False,True,True,0.053713262,0.004765875,0.20675017,0.21371879,3.4640663e-05,0.00027860253,0.52073866
303,inesco,fcim,fcim_h115.wav,Happy,314,Happy,Angry,Angry,False,False,False,0.52181804,0.0059857382,0.013100769,0.02222796,7.6272086e-06,0.0010694738,0.43579045
304,inesco,fcim,fcim_h116.wav,Happy,116,Happy,Fear,Angry,False,False,True,0.05022752,4.6944995e-05,0.7838316,0.022197984,0.000108210945,3.980562e-05,0.14354792
305,inesco,fcim,fcim_h117.wav,Happy,177,Happy,Fear,Sad,False,False,True,0.0016593444,0.0021949958,0.97893906,0.0031234508,0.004265448,0.0077904365,0.0020273218
306,inesco,fcim,fcim_h118.wav,Happy,253,Happy,Surprise,Happy,False,True,True,0.00011376317,0.0015726681,0.06620053,0.34812468,3.8029725e-07,0.0011715885,0.5828164
307,inesco,fcim,fcim_h119.wav,Happy,273,Happy,Angry,Angry,False,False,False,0.41566283,0.10015564,0.10250477,0.056614615,0.008045357,0.05106067,0.26595604
308,inesco,fcim,fcim_h120.wav,Happy,381,Happy,Surprise,Happy,False,True,True,0.0016440769,0.00027018224,0.06314822,0.12630183,0.00012118332,7.2109324e-05,0.80844235
309,inesco,fcim,fcim_h121.wav,Happy,263,Happy,Surprise,Angry,False,False,True,0.11389783,0.0022970429,0.0030049884,0.001325466,4.020426e-06,0.00014004197,0.8793307
310,inesco,fcim,fcim_h122.wav,Happy,209,Happy,Surprise,Happy,False,True,True,0.009849646,0.0022831298,0.27535826,0.036998525,0.00015096331,0.0054458934,0.6699136
311,inesco,fcim,fcim_h123.wav,Happy,324,Happy,Surprise,Happy,False,True,True,3.8604303e-06,1.3254275e-05,0.0038680795,0.00804515,1.30699895e-08,3.538919e-05,0.9880342
312,inesco,fcim,fcim_h124.wav,Happy,314,Happy,Surprise,Happy,False,True,True,0.0002791637,0.00016011039,0.21752411,0.006810811,1.1596006e-06,0.00027359184,0.77495104
313,inesco,fcim,fcim_h125.wav,Happy,132,Happy,Fear,Angry,False,False,True,0.01393842,4.6057316e-06,0.9558232,0.0014989143,2.5004667e-05,4.608941e-05,0.028663805
314,inesco,fcim,fcim_h126.wav,Happy,349,Happy,Surprise,Happy,False,True,True,0.05259228,0.0032539917,0.026246028,0.07140329,0.0023631533,0.0131164575,0.8310247
315,inesco,fcim,fcim_h127.wav,Happy,234,Happy,Surprise,Happy,False,True,True,0.00011217941,0.00029185863,0.034960736,0.0009673856,2.7422416e-06,8.963541e-05,0.9635755
316,inesco,fcim,fcim_h128.wav,Happy,257,Happy,Surprise,Angry,False,False,True,0.12583143,0.002413583,0.17360738,0.058620784,3.0234092e-05,0.0035205148,0.6359761
317,inesco,fcim,fcim_h129.wav,Happy,193,Happy,Fear,Angry,False,False,True,0.24651888,0.0012448363,0.5161753,0.20622222,0.0047449125,0.008819979,0.016273823
318,inesco,fcim,fcim_h130.wav,Happy,148,Happy,Fear,Happy,False,True,True,9.303001e-06,8.543677e-09,0.99986756,5.786662e-05,2.520754e-07,3.150528e-07,6.472959e-05
319,inesco,fcim,fcim_h131.wav,Happy,180,Happy,Angry,Angry,False,False,False,0.9472507,5.144575e-05,0.014310835,0.035280656,1.3097394e-05,0.00025376977,0.0028394575
320,inesco,fcim,fcim_h132.wav,Happy,289,Happy,Surprise,Angry,False,False,True,0.3967232,0.019021781,0.10558474,0.033516802,0.0005145885,0.044021606,0.40061733
321,inesco,fcim,fcim_h133.wav,Happy,231,Happy,Surprise,Happy,False,True,True,0.0053877253,0.007620559,0.23907858,0.10126343,2.8250735e-05,0.0075236573,0.6390978
322,inesco,fcim,fcim_h134.wav,Happy,401,Happy,Surprise,Happy,False,True,True,0.010918991,0.01068877,0.017181005,0.11571646,0.00044187406,0.06508692,0.77996606
323,inesco,fcim,fcim_h135.wav,Happy,263,Happy,Fear,Angry,False,False,True,0.17659962,0.003349364,0.6310966,0.007517145,4.150619e-05,0.07640071,0.10499499
324,inesco,fcim,fcim_h136.wav,Happy,289,Happy,Fear,Angry,False,False,True,0.13463283,0.070003234,0.35477376,0.08567043,0.0037261683,0.10634941,0.2448442
325,inesco,fcim,fcim_h137.wav,Happy,93,Happy,Fear,Happy,False,True,True,0.002094389,0.00011359275,0.9006356,0.0047209845,7.7150275e-05,0.0013485841,0.09100975
326,inesco,fcim,fcim_h138.wav,Happy,177,Happy,Happy,Happy,True,True,False,0.18319507,0.0014714894,0.017404757,0.69074285,2.5086043e-05,0.00031816683,0.10684261
327,inesco,fcim,fcim_h139.wav,Happy,164,Happy,Fear,Angry,False,False,True,0.004210363,6.8850536e-06,0.9719364,0.00207893,8.174695e-05,0.0019066385,0.019779105
328,inesco,fcim,fcim_h140.wav,Happy,138,Happy,Fear,Happy,False,True,True,0.050519798,1.3904197e-05,0.8634553,0.07438309,9.519608e-05,0.00041755024,0.011115124
329,inesco,fcim,fcim_h141.wav,Happy,221,Happy,Fear,Happy,False,True,True,0.0014982575,0.0032978926,0.53117716,0.03164086,6.4005467e-06,0.00013794278,0.43224147
330,inesco,fcim,fcim_h142.wav,Happy,180,Happy,Surprise,Happy,False,True,True,0.0036103704,0.0013929164,0.014174379,0.018884715,3.6903028e-05,9.887845e-05,0.9618019
331,inesco,fcim,fcim_h143.wav,Happy,276,Happy,Fear,Happy,False,True,True,0.009783418,0.005601209,0.4944712,0.22732218,0.002884486,0.06471935,0.1952182
332,inesco,fcim,fcim_h144.wav,Happy,221,Happy,Surprise,Happy,False,True,True,0.028457278,0.0035073247,0.011139784,0.18800488,0.00022312152,0.002399361,0.76626825
333,inesco,fcim,fcim_h145.wav,Happy,170,Happy,Fear,Happy,False,True,True,0.0026268787,1.1700249e-05,0.9185056,0.05742139,0.003711321,0.009935487,0.007787651
334,inesco,fcim,fcim_h146.wav,Happy,65,Happy,Surprise,Happy,False,True,True,0.008801397,0.00010935125,0.18049929,0.039660648,2.3959906e-06,6.409573e-05,0.7708628
335,inesco,fcim,fcim_h147.wav,Happy,157,Happy,Fear,Happy,False,True,True,0.00035899092,2.1647195e-06,0.9861266,0.007875819,6.3357743e-06,0.00019155047,0.0054385043
336,inesco,fcim,fcim_h148.wav,Happy,145,Happy,Angry,Angry,False,False,False,0.9645708,2.2962555e-05,0.0031167264,0.030313713,0.0008008474,0.000101237034,0.0010737729
337,inesco,fcim,fcim_h149.wav,Happy,327,Happy,Surprise,Angry,False,False,True,0.024217684,0.00046418436,0.028882787,0.0051616444,1.6913793e-05,0.00070180284,0.94055504
338,inesco,fcim,fcim_h150.wav,Happy,218,Happy,Fear,Happy,False,True,True,0.014039725,0.0006524947,0.67876387,0.24419498,0.000113996575,0.00041718062,0.061817802
339,inesco,fcim,fcim_h151.wav,Happy,273,Happy,Surprise,Sad,False,False,True,0.02928475,0.004002922,0.20440935,0.017256908,0.00034807037,0.046521336,0.6981767
340,inesco,fcim,fcim_h152.wav,Happy,401,Happy,Sad,Sad,False,False,False,0.010833327,0.007835549,0.024755236,0.23429057,0.042785816,0.56521213,0.11428743
341,inesco,fcim,fcim_h153.wav,Happy,388,Happy,Surprise,Happy,False,True,True,0.007500485,0.01447156,0.16269735,0.31822786,0.0008550885,0.14642067,0.349827
342,inesco,fcim,fcim_h154.wav,Happy,279,Happy,Surprise,Angry,False,False,True,0.28787124,0.0017945375,0.075133376,0.123650946,6.4212996e-05,0.0050590714,0.5064266
343,inesco,fcim,fcim_h155.wav,Happy,253,Happy,Fear,Angry,False,False,True,0.3186241,0.16619107,0.36625844,0.012152729,1.9606512e-05,0.051895726,0.08485828
344,inesco,fcim,fcim_h156.wav,Happy,305,Happy,Surprise,Angry,False,False,True,0.016040312,0.0004438136,0.022823006,0.010286468,2.0258529e-05,0.0028881815,0.94749784
345,inesco,fcim,fcim_h157.wav,Happy,356,Happy,Surprise,Happy,False,True,True,0.025713786,0.0046929033,0.18029538,0.16565056,0.0001323704,0.0038351777,0.6196798
346,inesco,fcim,fcim_h158.wav,Happy,295,Happy,Fear,Happy,False,True,True,0.09893358,0.03017941,0.36817142,0.24100617,0.026509903,0.117444836,0.117754675
347,inesco,fcim,fcim_h159.wav,Happy,273,Happy,Surprise,Happy,False,True,True,0.07056205,0.0020432181,0.036504474,0.0757666,6.659996e-07,0.0043714247,0.81075156
348,inesco,fcim,fcim_h160.wav,Happy,298,Happy,Surprise,Angry,False,False,True,0.034398537,0.0023593765,0.033476945,0.0136383055,0.00076749903,0.014821873,0.90053743
349,inesco,fcim,fcim_h161.wav,Happy,138,Happy,Fear,Happy,False,True,True,0.0037954538,9.02368e-06,0.9615351,0.0045187473,3.924548e-05,1.8492025e-05,0.030084042
350,inesco,fcim,fcim_h162.wav,Happy,247,Happy,Fear,Sad,False,False,True,0.0025942593,8.899919e-07,0.9475886,0.008934954,0.005924671,0.03489248,6.418814e-05
351,inesco,fcim,fcim_h163.wav,Happy,289,Happy,Happy,Happy,True,True,False,0.004356892,0.017170358,0.15694073,0.59671897,2.1789776e-06,0.029730484,0.19508038
352,inesco,fcim,fcim_h164.wav,Happy,116,Happy,Fear,Angry,False,False,True,0.009853922,1.8807756e-06,0.96803063,0.0026781277,0.00015792367,0.0001727939,0.01910463
353,inesco,fcim,fcim_h165.wav,Happy,162,Happy,Fear,Happy,False,True,True,0.00038076792,3.6016443e-06,0.96483094,0.0039077513,1.9499507e-06,0.0001232055,0.030751765
354,inesco,fcim,fcim_h166.wav,Happy,68,Happy,Fear,Happy,False,True,True,0.0028077133,2.0210291e-05,0.84735614,0.009430241,1.7378517e-05,0.0014571205,0.1389112
355,inesco,fcim,fcim_h167.wav,Happy,145,Happy,Angry,Angry,False,False,False,0.6277707,3.450887e-05,0.178279,0.15532427,0.00043813884,0.00027124127,0.03788212
356,inesco,fcim,fcim_h168.wav,Happy,221,Happy,Fear,Sad,False,False,True,0.018708434,0.16915676,0.5854688,0.0046874145,0.013169608,0.048308205,0.1605008
357,inesco,fcim,fcim_h169.wav,Happy,244,Happy,Sad,Sad,False,False,False,0.008967576,0.014062164,0.0031517704,0.00016364445,0.00077507226,0.9726658,0.00021407656
358,inesco,fcim,fcim_h170.wav,Happy,125,Happy,Fear,Angry,False,False,True,0.2030449,1.1317987e-05,0.46084228,0.14825527,5.0180435e-05,8.164367e-05,0.18771435
359,inesco,fcim,fcim_h171.wav,Happy,148,Happy,Surprise,Angry,False,False,True,0.028628765,8.73405e-05,0.021663437,0.0030706895,1.5780103e-07,7.9912155e-05,0.94646966
360,inesco,fcim,fcim_h172.wav,Happy,305,Happy,Surprise,Angry,False,False,True,0.04499817,0.0033336028,0.07548982,0.0342794,6.939822e-05,0.0027529832,0.83907664
361,inesco,fcim,fcim_h173.wav,Happy,193,Happy,Surprise,Happy,False,True,True,0.00023016418,5.0237254e-06,0.100076795,0.075114176,7.930603e-08,6.780448e-06,0.824567
362,inesco,fcim,fcim_h174.wav,Happy,87,Happy,Fear,Angry,False,False,True,0.074225664,0.00025506434,0.52923316,0.025205644,5.6277826e-05,0.00042308637,0.37060115
363,inesco,fcim,fcim_h175.wav,Happy,180,Happy,Fear,Happy,False,True,True,0.0067849397,0.00021233989,0.91952693,0.06387796,0.00097330165,0.0069073946,0.0017171709
364,inesco,fcim,fcim_h176.wav,Happy,157,Happy,Angry,Angry,False,False,False,0.5246431,0.0003371211,0.121960275,0.08315574,0.001335153,0.0034564862,0.26511207
365,inesco,fcim,fcim_h177.wav,Happy,276,Happy,Surprise,Happy,False,True,True,0.019700248,0.007613055,0.011911691,0.0211271,2.3660728e-05,0.00047336263,0.9391509
366,inesco,fcim,fcim_h178.wav,Happy,353,Happy,Surprise,Happy,False,True,True,0.000914221,0.00032978228,0.12036553,0.06629418,1.3011511e-05,0.00038780182,0.8116955
367,inesco,fcim,fcim_h179.wav,Happy,279,Happy,Surprise,Happy,False,True,True,0.009162977,0.0004880817,0.08588445,0.06807599,7.127523e-05,0.0002654958,0.83605176
368,inesco,fcim,fcim_h180.wav,Happy,231,Happy,Fear,Happy,False,True,True,0.16647738,0.00154866,0.37423146,0.3363598,0.0163172,0.072484106,0.032581475
369,inesco,fcim,fcim_h181.wav,Happy,132,Happy,Angry,Angry,False,False,False,0.5516331,6.675703e-05,0.30021963,0.0025087928,2.3299657e-05,0.00045026653,0.14509809
370,inesco,fcim,fcim_h182.wav,Happy,212,Happy,Surprise,Happy,False,True,True,0.006360045,0.0003623001,0.12710203,0.122284435,0.00042517864,0.02185209,0.72161394
371,inesco,fcim,fcim_h183.wav,Happy,164,Happy,Fear,Sad,False,False,True,0.0005388427,9.972437e-05,0.9666163,0.0010505811,0.0038737725,0.004150786,0.023670098
372,inesco,fcim,fcim_h184.wav,Happy,141,Happy,Surprise,Angry,False,False,True,0.057903983,0.00017927068,0.28356764,0.020184418,7.247301e-05,0.009423314,0.6286689
373,inesco,fcim,fcim_h185.wav,Happy,321,Happy,Angry,Angry,False,False,False,0.41015038,0.19586578,0.08192858,0.04464432,0.0067274245,0.11282377,0.14785978
374,inesco,fcim,fcim_h186.wav,Happy,401,Happy,Surprise,Happy,False,True,True,0.0017074707,0.000456185,0.12902497,0.16047592,0.0001130251,0.029019678,0.6792028
375,inesco,fcim,fcim_h187.wav,Happy,401,Happy,Surprise,Angry,False,False,True,0.038255896,0.0041098255,0.0030835154,0.03627656,4.3859873e-06,0.00013025806,0.9181396
376,inesco,fcim,fcim_h188.wav,Happy,308,Happy,Fear,Sad,False,False,True,0.012960343,0.16586122,0.3220298,0.19613057,0.002602381,0.2573461,0.04306962
377,inesco,fcim,fcim_h189.wav,Happy,349,Happy,Surprise,Happy,False,True,True,0.007577278,0.00087190897,0.08143702,0.21207388,7.797981e-05,0.0010374468,0.69692445
378,inesco,fcim,fcim_h190.wav,Happy,333,Happy,Angry,Angry,False,False,False,0.6938135,0.060576696,0.049880356,0.035900123,0.00047703314,0.052570384,0.10678184
379,inesco,fcim,fcim_h191.wav,Happy,215,Happy,Surprise,Happy,False,True,True,0.0010899449,1.6139531e-06,0.049815677,0.024389876,3.8354457e-07,8.5206075e-06,0.92469394
380,inesco,fcim,fcim_h192.wav,Happy,391,Happy,Happy,Happy,True,True,False,0.005534876,0.00035459522,0.08633738,0.48341748,0.00011923484,0.0077425237,0.416494
381,inesco,fcim,fcim_h193.wav,Happy,321,Happy,Surprise,Happy,False,True,True,0.00058031565,0.00029616832,0.11388476,0.08781035,1.9202635e-06,0.0025653888,0.7948611
382,inesco,fcim,fcim_h194.wav,Happy,401,Happy,Happy,Happy,True,True,False,0.10949069,0.0069212522,0.0055700983,0.7954243,0.00012259552,0.0012001519,0.0812709
383,inesco,fcim,fcim_h195.wav,Happy,311,Happy,Surprise,Happy,False,True,True,0.011307216,0.008919837,0.38297838,0.1937873,0.0038350148,0.009184371,0.38998795
384,inesco,fcim,fcim_h196.wav,Happy,401,Happy,Surprise,Happy,False,True,True,0.09468842,0.0009580804,0.06773812,0.22203833,4.3683583e-05,0.009875787,0.6046576
385,inesco,fcim,fcim_h197.wav,Happy,221,Happy,Fear,Angry,False,False,True,0.0056253895,0.0019503164,0.9604186,0.0054680714,0.0010275941,0.0015176563,0.02399237
386,inesco,fcim,fcim_h198.wav,Happy,253,Happy,Fear,Happy,False,True,True,0.00569815,1.4792171e-05,0.98110425,0.007689326,2.436499e-05,0.0005521475,0.0049169986
387,inesco,fcim,fcim_h199.wav,Happy,180,Happy,Fear,Happy,False,True,True,0.0011760995,0.00016404327,0.9884348,0.005618281,2.9291337e-05,0.0008267622,0.0037507361
388,inesco,fcim,fcim_h200.wav,Happy,68,Happy,Fear,Happy,False,True,True,0.016598457,0.0001783427,0.8021091,0.025607973,6.804885e-05,0.008303752,0.14713433
389,inesco,fcim,fcim_h201.wav,Happy,298,Happy,Surprise,Happy,False,True,True,0.0067321286,0.0016301294,0.3662579,0.0112995645,0.00020617271,0.0104934415,0.6033807
390,inesco,fcim,fcim_h202.wav,Happy,301,Happy,Fear,Happy,False,True,True,0.0009975677,0.009114537,0.62816733,0.15481736,2.8278851e-05,0.011008484,0.19586644
391,inesco,fcim,fcim_h203.wav,Happy,250,Happy,Happy,Happy,True,True,False,0.0005330171,0.00018479115,0.2994221,0.6413091,1.6420546e-06,0.035381746,0.023167653
392,inesco,fcim,fcim_h204.wav,Happy,257,Happy,Angry,Angry,False,False,False,0.63794035,0.0034274342,0.043551717,0.0008326346,0.00012200752,0.02553234,0.28859353
393,inesco,fcim,fcim_h205.wav,Happy,346,Happy,Surprise,Happy,False,True,True,0.019818155,6.842187e-05,0.19532715,0.027561663,2.6054197e-06,0.00023334529,0.75698864
394,inesco,fcim,fcim_h206.wav,Happy,359,Happy,Surprise,Happy,False,True,True,0.020716928,0.0017537271,0.14086683,0.029522378,8.012942e-05,0.008284219,0.79877573
395,inesco,fcim,fcim_h207.wav,Happy,401,Happy,Surprise,Happy,False,True,True,0.0014808681,0.0066590933,0.061932925,0.14063059,0.0007773506,0.015057841,0.7734614
396,inesco,fcim,fcim_h208.wav,Happy,311,Happy,Angry,Angry,False,False,False,0.26651624,0.0031338993,0.21054243,0.26153204,0.000320841,0.034281626,0.22367291
397,inesco,fcim,fcim_h209.wav,Happy,378,Happy,Surprise,Happy,False,True,True,0.00018961902,7.504833e-05,0.046265747,0.026907284,2.9956604e-05,0.00033559528,0.9261967
398,inesco,fcim,fcim_h210.wav,Happy,401,Happy,Surprise,Happy,False,True,True,0.011758907,0.0007337761,0.0664072,0.018684303,0.00010012572,0.0071648234,0.89515084
399,inesco,fcim,fcim_h211.wav,Happy,263,Happy,Surprise,Sad,False,False,True,0.09016743,0.04270341,0.31696135,0.0054805307,0.029265532,0.10608277,0.40933898
400,inesco,fcim,fcim_s402.wav,Sad,343,Sad,Angry,Angry,False,False,False,0.62798196,0.2103257,0.010560724,0.013875497,0.0078007737,0.11383378,0.015621565
401,inesco,fcim,fcim_s403.wav,Sad,340,Sad,Surprise,Angry,False,False,True,0.05702115,0.010871289,0.20490451,0.0049820044,0.00014487603,0.04293926,0.6791369
402,inesco,fcim,fcim_s404.wav,Sad,311,Sad,Surprise,Happy,False,False,True,0.0014277648,0.00026591725,0.2989577,0.0076643247,1.01277765e-05,0.0011234342,0.69055074
403,inesco,fcim,fcim_s405.wav,Sad,401,Sad,Surprise,Happy,False,False,True,0.002265723,0.00061177457,0.216195,0.27072334,0.00017356391,0.0063093957,0.5037212
404,inesco,fcim,fcim_s406.wav,Sad,327,Sad,Surprise,Happy,False,False,True,0.015441111,0.004030522,0.13005312,0.027429476,0.00026653093,0.0012645377,0.82151467
405,inesco,fcim,fcim_s407.wav,Sad,218,Sad,Fear,Happy,False,False,True,0.0008760976,2.288006e-05,0.9653135,0.0010815901,5.8721753e-06,0.0003810646,0.032319076
406,inesco,fcim,fcim_s408.wav,Sad,228,Sad,Angry,Angry,False,False,False,0.72396153,0.0021779856,0.04271764,0.0021188916,7.1305694e-05,0.0046196403,0.22433299
407,inesco,fcim,fcim_s409.wav,Sad,279,Sad,Surprise,Angry,False,False,True,0.009027118,0.00019081279,0.07187787,0.00031458886,4.987542e-07,0.0007249783,0.91786414
408,inesco,fcim,fcim_s410.wav,Sad,401,Sad,Surprise,Happy,False,False,True,0.011487754,0.006797032,0.31497896,0.026091106,6.538637e-05,0.014713476,0.6258663
409,inesco,fcim,fcim_s411.wav,Sad,253,Sad,Fear,Sad,False,True,True,0.015108109,0.00090980966,0.84762883,0.009766621,8.060478e-05,0.04192358,0.084582426
410,inesco,fcim,fcim_s412.wav,Sad,209,Sad,Surprise,Happy,False,False,True,0.0018504881,0.000110598485,0.4062102,0.033239227,3.1987063e-05,0.0022810993,0.5562764
411,inesco,fcim,fcim_s413.wav,Sad,401,Sad,Fear,Happy,False,False,True,0.0007683362,0.00012034672,0.8783219,0.06720546,0.00055134227,0.002551851,0.050480694
412,inesco,fcim,fcim_s414.wav,Sad,269,Sad,Surprise,Happy,False,False,True,0.046555404,0.0023716246,0.36966908,0.059860833,0.0017987555,0.010832269,0.508912
413,inesco,fcim,fcim_s415.wav,Sad,180,Sad,Fear,Angry,False,False,True,0.19791242,0.0004233571,0.73693717,0.04674268,0.006065948,0.010347136,0.001571347
414,inesco,fcim,fcim_s416.wav,Sad,401,Sad,Surprise,Happy,False,False,True,0.0131993145,0.005233113,0.31815535,0.22431692,8.863957e-06,0.00091610436,0.43817034
415,inesco,fcim,fcim_s417.wav,Sad,327,Sad,Fear,Angry,False,False,True,0.08987525,0.00015742482,0.73894864,0.055232108,0.00012135357,0.012535218,0.103129946
416,inesco,fcim,fcim_s418.wav,Sad,250,Sad,Angry,Angry,False,False,False,0.86461776,0.004710453,0.045082267,0.009546735,0.0002604227,0.07064632,0.005136084
417,inesco,fcim,fcim_s419.wav,Sad,292,Sad,Surprise,Sad,False,True,True,0.07868947,0.07439849,0.095583215,0.0011040812,0.00078154256,0.09916775,0.65027547
418,inesco,fcim,fcim_s420.wav,Sad,106,Sad,Happy,Happy,False,False,False,0.047537673,3.6444413e-05,0.2294095,0.41623127,0.007757377,0.0047793156,0.29424843
419,inesco,fcim,fcim_s421.wav,Sad,317,Sad,Angry,Angry,False,False,False,0.29860035,0.015903465,0.14118806,0.24130662,0.008415903,0.012354896,0.28223073
420,inesco,fcim,fcim_s422.wav,Sad,314,Sad,Fear,Angry,False,False,True,0.15211558,0.000725568,0.77320147,0.010733298,0.00013635046,0.014438668,0.048649054
421,inesco,fcim,fcim_s423.wav,Sad,273,Sad,Angry,Angry,False,False,False,0.68292034,0.07091534,0.03556233,0.0642971,0.00043992978,0.106247395,0.039617624
422,inesco,fcim,fcim_s424.wav,Sad,372,Sad,Fear,Happy,False,False,True,0.051021583,0.0015474884,0.58356345,0.12127767,0.00052408956,0.0005107879,0.24155489
423,inesco,fcim,fcim_s425.wav,Sad,401,Sad,Fear,Happy,False,False,True,0.014450171,3.448733e-05,0.50562495,0.4056056,0.00025110436,0.003336709,0.07069698
424,inesco,fcim,fcim_s426.wav,Sad,365,Sad,Surprise,Happy,False,False,True,0.1031558,0.0008654575,0.2943918,0.20034212,0.0006981421,0.0036600898,0.39688662
425,inesco,fcim,fcim_s427.wav,Sad,241,Sad,Fear,Happy,False,False,True,0.016838983,0.0010890374,0.5589757,0.02372138,0.00012571963,0.009806218,0.38944298
426,inesco,fcim,fcim_s428.wav,Sad,401,Sad,Fear,Happy,False,False,True,0.0036451472,1.0594118e-05,0.65916806,0.13225317,2.3611499e-06,0.00023983979,0.2046808
427,inesco,fcim,fcim_s429.wav,Sad,401,Sad,Surprise,Happy,False,False,True,0.000378756,2.9897396e-06,0.32503933,0.011795553,6.73036e-08,3.914313e-05,0.6627442
428,inesco,fcim,fcim_s430.wav,Sad,401,Sad,Surprise,Happy,False,False,True,0.0029408124,0.00060575496,0.11563088,0.08873594,1.33021085e-05,0.00046653757,0.7916068
429,inesco,fcim,fcim_s431.wav,Sad,263,Sad,Angry,Angry,False,False,False,0.9754074,0.00030001742,0.014941932,0.0001811644,4.1767094e-06,0.0017926608,0.0073727104
430,inesco,fcim,fcim_s432.wav,Sad,311,Sad,Fear,Angry,False,False,True,0.105235934,0.0014367789,0.5077394,0.012899099,0.0004047254,0.0082273595,0.36405665
431,inesco,fcim,fcim_s433.wav,Sad,381,Sad,Surprise,Happy,False,False,True,0.011060593,0.00044089893,0.14660256,0.013426751,0.00013891677,0.00040085427,0.8279294
432,inesco,fcim,fcim_s434.wav,Sad,279,Sad,Sad,Sad,True,True,False,0.21387954,0.037098456,0.17132065,0.023488844,0.00078314694,0.5190767,0.034352653
433,inesco,fcim,fcim_s435.wav,Sad,161,Sad,Fear,Happy,False,False,True,0.00021766212,6.9886546e-06,0.9948748,0.0025459016,0.00012157649,0.0020945738,0.0001385397
434,inesco,fcim,fcim_s436.wav,Sad,180,Sad,Fear,Happy,False,False,True,0.00034381697,1.22612355e-05,0.9915121,0.00043426722,4.6053516e-05,8.7830864e-05,0.007563613
435,inesco,fcim,fcim_s437.wav,Sad,295,Sad,Fear,Happy,False,False,True,0.022185044,0.005640647,0.4635984,0.05401596,0.00053645804,0.03074307,0.4232804
436,inesco,fcim,fcim_s438.wav,Sad,401,Sad,Surprise,Happy,False,False,True,0.008113191,0.00014935782,0.083173886,0.031469375,9.115257e-06,0.0001443245,0.8769407
437,inesco,fcim,fcim_s439.wav,Sad,401,Sad,Surprise,Happy,False,False,True,0.0030794933,9.529623e-05,0.42072865,0.011957009,1.5702683e-05,0.00015377192,0.5639701
438,inesco,fcim,fcim_s440.wav,Sad,372,Sad,Surprise,Happy,False,False,True,0.054085284,0.0041742395,0.06369419,0.16967814,5.8203976e-05,0.010056621,0.6982534
439,inesco,fcim,fcim_s441.wav,Sad,343,Sad,Fear,Angry,False,False,True,0.013171239,0.00029004746,0.95115113,0.006820258,0.00016340616,0.001435781,0.026968075
440,inesco,fcim,fcim_s442.wav,Sad,314,Sad,Fear,Angry,False,False,True,0.12869398,0.001434646,0.49010342,0.046669457,0.00014388189,0.00090347946,0.3320512
441,inesco,fcim,fcim_s443.wav,Sad,401,Sad,Fear,Happy,False,False,True,0.0010871611,0.0002435949,0.45787746,0.19474477,6.517538e-05,0.003062595,0.34291923
442,inesco,fcim,fcim_s444.wav,Sad,401,Sad,Surprise,Happy,False,False,True,0.007954766,0.00026125915,0.19904585,0.3633267,0.0004833235,0.036892664,0.3920355
443,inesco,fcim,fcim_s445.wav,Sad,365,Sad,Surprise,Happy,False,False,True,0.016005334,0.001246816,0.18361825,0.051494114,7.694146e-06,0.0021624109,0.74546534
444,inesco,fcim,fcim_s446.wav,Sad,298,Sad,Surprise,Happy,False,False,True,0.054063085,0.010231025,0.29493582,0.22487706,1.5118166e-05,0.018302005,0.3975759
445,inesco,fcim,fcim_s447.wav,Sad,401,Sad,Surprise,Happy,False,False,True,0.01948382,0.00015330107,0.10204835,0.050822802,1.4814409e-05,0.00079666707,0.8266803
446,inesco,fcim,fcim_s448.wav,Sad,276,Sad,Angry,Angry,False,False,False,0.86088234,0.0010389636,0.11762742,0.0010473159,3.3542343e-05,0.004446004,0.014924438
447,inesco,fcim,fcim_s449.wav,Sad,359,Sad,Angry,Angry,False,False,False,0.40784022,0.0026275422,0.20603499,0.09424666,0.00027342592,0.0188037,0.2701735
448,inesco,fcim,fcim_s450.wav,Sad,289,Sad,Surprise,Happy,False,False,True,0.0059319334,0.0024782408,0.11612258,0.018901547,2.1649555e-05,0.0015073422,0.85503674
449,inesco,fcim,fcim_s451.wav,Sad,311,Sad,Fear,Happy,False,False,True,0.00046097112,2.9038001e-06,0.9899406,0.00085553125,1.3478335e-06,0.00031160866,0.008426941
450,inesco,fcim,fcim_s452.wav,Sad,372,Sad,Angry,Angry,False,False,False,0.72116685,0.0021175602,0.0610217,0.07343567,0.002760251,0.008777032,0.13072093
451,inesco,fcim,fcim_s453.wav,Sad,305,Sad,Fear,Sad,False,True,True,0.032572057,0.00080849056,0.45018768,0.02812231,0.00022496218,0.06183856,0.426246
452,inesco,fcim,fcim_s454.wav,Sad,401,Sad,Fear,Angry,False,False,True,0.12711744,0.00024033197,0.84329075,0.015090955,6.895312e-05,0.0072802007,0.0069113146
453,inesco,fcim,fcim_s455.wav,Sad,333,Sad,Surprise,Angry,False,False,True,0.042693693,0.00072084356,0.11589054,0.03506759,5.5577025e-06,0.00071426865,0.80490756
454,inesco,fcim,fcim_s456.wav,Sad,401,Sad,Surprise,Happy,False,False,True,0.037255235,4.9085003e-05,0.057585064,0.17605881,1.1798948e-06,0.0007256934,0.72832495
455,inesco,fcim,fcim_s457.wav,Sad,401,Sad,Happy,Happy,False,False,False,0.0017423321,2.3805602e-05,0.46327773,0.47951898,0.00023854157,0.017723406,0.037475266
456,inesco,fcim,fcim_s458.wav,Sad,266,Sad,Fear,Happy,False,False,True,0.005416126,3.4463388e-05,0.6002428,0.33889073,8.917967e-06,0.008238782,0.047168117
457,inesco,fcim,fcim_s459.wav,Sad,401,Sad,Surprise,Happy,False,False,True,0.0007974372,0.00037521785,0.33996207,0.13666576,2.0607022e-05,0.00032401344,0.5218549
458,inesco,fcim,fcim_s460.wav,Sad,250,Sad,Happy,Happy,False,False,False,0.06295747,0.27447504,0.21682248,0.38994896,4.2394324e-05,0.025798926,0.02995472
459,inesco,fcim,fcim_s461.wav,Sad,343,Sad,Fear,Happy,False,False,True,0.0034789606,9.917992e-05,0.91186637,0.022347935,0.0002254378,0.00042301347,0.06155913
460,inesco,fcim,fcim_s462.wav,Sad,375,Sad,Surprise,Happy,False,False,True,0.0057790396,0.000670955,0.39523792,0.032891113,2.6645446e-05,0.00040569887,0.5649887
461,inesco,fcim,fcim_s463.wav,Sad,343,Sad,Surprise,Angry,False,False,True,0.06305292,0.004192172,0.13665535,0.04435365,0.0003228693,0.003790296,0.74763274
462,inesco,fcim,fcim_s464.wav,Sad,330,Sad,Fear,Happy,False,False,True,0.09305503,0.0003034788,0.5243754,0.23440953,4.3725624e-05,0.00103385,0.14677897
463,inesco,fcim,fcim_s465.wav,Sad,365,Sad,Fear,Happy,False,False,True,0.0019281029,3.9906416e-05,0.44641146,0.18957837,7.713043e-06,0.0007163395,0.36131805
464,inesco,fcim,fcim_s466.wav,Sad,321,Sad,Fear,Happy,False,False,True,0.00055973633,0.00037879916,0.6583206,0.031372756,8.7388646e-05,0.015490092,0.29379073
465,inesco,fcim,fcim_s467.wav,Sad,167,Sad,Happy,Happy,False,False,False,0.034846656,0.00014533533,0.2966989,0.6645433,0.00022280338,0.00306297,0.0004801189
466,inesco,fcim,fcim_s468.wav,Sad,253,Sad,Fear,Sad,False,True,True,0.0025877974,0.0017839895,0.5201104,0.00774177,0.028760077,0.2345336,0.20448235
467,inesco,fcim,fcim_s469.wav,Sad,154,Sad,Fear,Angry,False,False,True,0.03612224,4.6208297e-05,0.93863404,0.013801039,5.384603e-05,2.7297523e-05,0.011315378
468,inesco,fcim,fcim_s470.wav,Sad,253,Sad,Angry,Angry,False,False,False,0.9248291,0.016332712,0.01460125,0.0010527623,0.000593289,0.04010931,0.0024814901
469,inesco,fcim,fcim_s471.wav,Sad,141,Sad,Fear,Sad,False,True,True,0.00038240364,7.3641124e-05,0.62235826,0.07103887,0.0051998436,0.2742456,0.026701374
470,inesco,fcim,fcim_s472.wav,Sad,324,Sad,Fear,Angry,False,False,True,0.22858937,0.006651156,0.49793392,0.014534978,0.0052806,0.014390563,0.23261946
471,inesco,fcim,fcim_s473.wav,Sad,305,Sad,Fear,Angry,False,False,True,0.20918588,0.00057967455,0.5893843,0.067003146,0.00044165392,0.0043243035,0.12908094
472,inesco,fcim,fcim_s474.wav,Sad,401,Sad,Fear,Happy,False,False,True,0.0013829032,1.6293323e-05,0.9295399,0.048157323,0.00011679183,0.0032527947,0.017534003
473,inesco,fcim,fcim_s475.wav,Sad,401,Sad,Surprise,Happy,False,False,True,0.0012328406,0.0005060793,0.05287995,0.002547932,6.779288e-06,0.0006001107,0.94222635
474,inesco,fcim,fcim_s476.wav,Sad,330,Sad,Fear,Angry,False,False,True,0.12858082,0.0037805864,0.5912634,0.016809788,0.0017357601,0.0038616245,0.2539679
475,inesco,fcim,fcim_s477.wav,Sad,401,Sad,Surprise,Happy,False,False,True,0.0387963,0.0011698753,0.23552454,0.14939804,3.474737e-05,0.0034444556,0.5716321
476,inesco,fcim,fcim_s478.wav,Sad,247,Sad,Angry,Angry,False,False,False,0.8451389,0.0051378068,0.09474558,0.010625274,6.800946e-05,0.007699067,0.03658539
477,inesco,fcim,fcim_s479.wav,Sad,401,Sad,Surprise,Happy,False,False,True,0.049981114,0.0014599935,0.28167987,0.0539921,0.00018882769,0.007555295,0.6051428
478,inesco,fcim,fcim_s480.wav,Sad,337,Sad,Fear,Angry,False,False,True,0.057287905,0.00073468767,0.86209077,0.002923363,0.00012167786,0.007829433,0.069012165
479,inesco,fcim,fcim_s481.wav,Sad,401,Sad,Fear,Happy,False,False,True,0.029720362,0.000816418,0.5135975,0.18038535,0.0009983706,0.0016048696,0.27287716
480,inesco,fcim,fcim_s482.wav,Sad,199,Sad,Fear,Happy,False,False,True,1.23223235e-05,5.127094e-09,0.98743874,0.012514034,8.0227363e-07,3.1182972e-06,3.0908705e-05
481,inesco,fcim,fcim_s483.wav,Sad,391,Sad,Surprise,Happy,False,False,True,0.010074772,1.5205213e-05,0.3542132,0.071625985,1.8012186e-06,9.9449215e-05,0.56396955
482,inesco,fcim,fcim_s484.wav,Sad,250,Sad,Fear,Angry,False,False,True,0.050917123,0.0015560912,0.58447856,0.036972072,0.0009693518,0.014499898,0.31060696
483,inesco,fcim,fcim_s485.wav,Sad,135,Sad,Happy,Happy,False,False,False,0.11154184,0.00010653675,0.14175938,0.5580155,0.0051441416,0.0017238605,0.18170871
484,inesco,fcim,fcim_s486.wav,Sad,401,Sad,Fear,Happy,False,False,True,0.021823974,4.6864276e-05,0.45399424,0.09338425,1.9853107e-05,0.0003516281,0.43037918
485,inesco,fcim,fcim_s487.wav,Sad,269,Sad,Fear,Angry,False,False,True,0.24748684,0.006069513,0.62090796,0.019830955,0.00010764873,0.097286545,0.008310532
486,inesco,fcim,fcim_s488.wav,Sad,193,Sad,Fear,Happy,False,False,True,0.00018747423,6.7275214e-06,0.968663,0.03038639,1.7135526e-05,0.00041029952,0.00032889133
487,inesco,fcim,fcim_s489.wav,Sad,401,Sad,Fear,Happy,False,False,True,0.04221353,0.00012833571,0.46719787,0.46462023,0.00016172438,0.0018113387,0.023866963
488,inesco,fcim,fcim_s490.wav,Sad,375,Sad,Fear,Happy,False,False,True,0.011820887,0.015914842,0.6113271,0.1289582,0.0032514278,0.0022828444,0.22644465
489,inesco,fcim,fcim_s491.wav,Sad,401,Sad,Surprise,Happy,False,False,True,0.0182157,0.033905085,0.10100263,0.02547065,2.6856806e-05,0.0029145507,0.8184645
490,inesco,fcim,fcim_s492.wav,Sad,346,Sad,Fear,Happy,False,False,True,0.020354303,0.00012983581,0.8084749,0.10457786,0.0006028249,0.009425461,0.056434885
491,inesco,fcim,fcim_s493.wav,Sad,401,Sad,Surprise,Happy,False,False,True,0.06304072,0.00032734397,0.32558778,0.15391243,1.599062e-06,0.0004812436,0.45664895
492,inesco,fcim,fcim_s494.wav,Sad,183,Sad,Fear,Sad,False,True,True,0.0047247373,1.1654052e-05,0.969175,0.010076335,0.0029686645,0.012691967,0.0003516391
493,inesco,fcim,fcim_s495.wav,Sad,401,Sad,Fear,Angry,False,False,True,0.06005448,0.0010725127,0.5446367,0.029427174,4.7468075e-06,0.0013875592,0.3634168
494,inesco,fcim,fcim_s496.wav,Sad,289,Sad,Fear,Happy,False,False,True,0.06617588,0.0038818275,0.46633,0.075267024,0.0007004432,0.051513877,0.33613092
495,inesco,fcim,fcim_s497.wav,Sad,263,Sad,Fear,Happy,False,False,True,0.03000977,0.0008853427,0.6915072,0.1959164,0.0012844773,0.046265755,0.034130964
496,inesco,fcim,fcim_s498.wav,Sad,250,Sad,Fear,Angry,False,False,True,0.40080398,0.0005881887,0.41390485,0.07718893,2.2289025e-05,0.0023201068,0.10517166
497,inesco,fcim,fcim_s499.wav,Sad,401,Sad,Surprise,Angry,False,False,True,0.04883172,0.00015439864,0.37774938,0.014075063,1.005984e-05,0.0019281829,0.5572512
498,inesco,fcim,fcim_s500.wav,Sad,327,Sad,Happy,Happy,False,False,False,0.026279025,0.0009923711,0.04236908,0.72556984,0.013675222,0.16867064,0.02244383
499,inesco,fcim,fcim_s501.wav,Sad,327,Sad,Fear,Happy,False,False,True,0.0032368428,0.0001267414,0.87223905,0.012675562,1.9630908e-05,0.0064136446,0.10528849
500,inesco,fcim,fcim_s502.wav,Sad,196,Sad,Fear,Happy,False,False,True,0.0012158742,2.5168124e-06,0.9431579,0.053800695,0.0001423709,0.0014216352,0.00025891158
501,inesco,fcim,fcim_s503.wav,Sad,362,Sad,Angry,Angry,False,False,False,0.7837106,0.00022350674,0.013468741,0.14735018,2.304129e-05,0.0004307398,0.0547933
502,inesco,fcim,fcim_s504.wav,Sad,276,Sad,Angry,Angry,False,False,False,0.43497336,0.05275424,0.0893023,0.009978564,9.376008e-05,0.1169522,0.29594558
503,inesco,fcim,fcim_s505.wav,Sad,340,Sad,Fear,Angry,False,False,True,0.07147304,0.00014039592,0.9019974,0.011916424,9.774379e-05,0.005742829,0.0086321505
504,inesco,fcim,fcim_s506.wav,Sad,308,Sad,Surprise,Happy,False,False,True,0.0057359063,0.00036660625,0.103891656,0.034975026,3.471271e-05,0.001759829,0.8532363
505,inesco,fcim,fcim_s507.wav,Sad,237,Sad,Fear,Happy,False,False,True,0.0008198531,2.1288135e-06,0.98223096,0.009675046,1.34627035e-05,0.00037133752,0.006887313
506,inesco,fcim,fcim_s508.wav,Sad,340,Sad,Angry,Angry,False,False,False,0.849842,0.0006565188,0.073060505,0.006842228,0.00065710105,0.013826579,0.055115025
507,inesco,fcim,fcim_s509.wav,Sad,369,Sad,Surprise,Happy,False,False,True,0.08280485,0.0018488821,0.19519432,0.25023064,0.00021419088,0.027051294,0.44265583
508,inesco,fcim,fcim_s510.wav,Sad,401,Sad,Surprise,Happy,False,False,True,9.274543e-05,1.6553626e-05,0.046230305,0.0025996803,4.646818e-07,1.5016938e-05,0.95104516
509,inesco,fcim,fcim_s511.wav,Sad,401,Sad,Fear,Happy,False,False,True,0.0030428837,0.00047768376,0.7263307,0.09448371,0.0005620962,0.0035760265,0.17152691
510,inesco,fcim,fcim_s512.wav,Sad,401,Sad,Surprise,Happy,False,False,True,0.0012282985,7.8664634e-05,0.35593775,0.019336144,3.158857e-07,2.90037e-05,0.62338984
511,inesco,fcim,fcim_s513.wav,Sad,378,Sad,Fear,Happy,False,False,True,0.00083484873,0.00021310286,0.82144845,0.04994613,0.0004164955,0.0008258822,0.1263151
512,inesco,fcim,fcim_s514.wav,Sad,401,Sad,Fear,Angry,False,False,True,0.027488029,0.00022501209,0.84406185,0.008904869,5.8128255e-05,0.013258963,0.10600314
513,inesco,fcim,fcim_s515.wav,Sad,212,Sad,Fear,Happy,False,False,True,0.00018221674,8.824574e-06,0.88375074,0.0030946801,3.9575825e-05,0.000706,0.11221796
514,inesco,fcim,fcim_s516.wav,Sad,215,Sad,Fear,Sad,False,True,True,0.03807108,0.03659408,0.57124764,0.034834467,0.00014859033,0.2380426,0.081061624
515,inesco,fcim,fcim_s517.wav,Sad,295,Sad,Angry,Angry,False,False,False,0.83472997,0.0019917863,0.08094104,0.032058597,0.00045229288,0.022414139,0.027412236
516,inesco,fcim,fcim_s518.wav,Sad,401,Sad,Fear,Happy,False,False,True,0.007489168,0.00031606617,0.6170494,0.011772719,1.7383012e-05,0.0005688647,0.36278638
517,inesco,fcim,fcim_s519.wav,Sad,343,Sad,Fear,Happy,False,False,True,0.0057360358,2.3599154e-05,0.96996653,0.014426197,0.0002956365,0.0013304575,0.008221537
518,inesco,fcim,fcim_s520.wav,Sad,196,Sad,Happy,Happy,False,False,False,0.15950908,6.15448e-05,0.37325215,0.45766237,0.001622721,0.0062177144,0.0016744256
519,inesco,fcim,fcim_s521.wav,Sad,196,Sad,Happy,Happy,False,False,False,0.026392074,4.4190394e-05,0.41265458,0.5458415,0.0007314758,0.008106598,0.0062295576
520,inesco,fcim,fcim_s522.wav,Sad,103,Sad,Fear,Happy,False,False,True,0.025071397,1.8959585e-05,0.42379522,0.14900865,0.00029706725,0.00040602862,0.40140265
521,inesco,fcim,fcim_s523.wav,Sad,151,Sad,Fear,Happy,False,False,True,0.019547876,0.00031209257,0.89024544,0.027996108,0.038703885,0.021599166,0.0015953718
522,inesco,fcim,fcim_s524.wav,Sad,253,Sad,Fear,Angry,False,False,True,0.18011801,0.0008801315,0.54880923,0.011597788,5.307662e-05,0.010214883,0.24832691
523,inesco,fcim,fcim_s525.wav,Sad,340,Sad,Fear,Angry,False,False,True,0.15109956,0.0003518036,0.48869887,0.019392611,6.536557e-05,0.0010181905,0.33937365
524,inesco,fcim,fcim_s526.wav,Sad,401,Sad,Surprise,Angry,False,False,True,0.39565414,8.541222e-05,0.1527595,0.044547223,1.0669357e-05,0.0070193745,0.3999237
525,inesco,fcim,fcim_s527.wav,Sad,401,Sad,Fear,Happy,False,False,True,0.0068722297,9.951036e-05,0.57364815,0.09107882,4.6554112e-05,0.0012914488,0.32696325
526,inesco,fcim,fcim_s528.wav,Sad,401,Sad,Fear,Happy,False,False,True,0.017711814,8.850369e-05,0.80887514,0.029398046,3.8348735e-05,0.00091505767,0.14297299
527,inesco,fcim,fcim_s529.wav,Sad,295,Sad,Surprise,Happy,False,False,True,0.012591466,0.00023740763,0.17348811,0.08875705,9.621775e-05,0.00068474317,0.724145
528,inesco,fcim,fcim_s530.wav,Sad,340,Sad,Surprise,Angry,False,False,True,0.1046331,0.00018834164,0.007979597,0.00025859513,6.619898e-07,0.00010767879,0.886832
529,inesco,fcim,fcim_s531.wav,Sad,193,Sad,Fear,Happy,False,False,True,0.018913165,0.00048038672,0.714427,0.22107041,0.00023479664,0.0008696839,0.044004567
530,inesco,fcim,fcim_s532.wav,Sad,282,Sad,Surprise,Angry,False,False,True,0.033040334,0.0010745565,0.24195947,0.0067435764,5.7141613e-05,0.005216508,0.71190846
531,inesco,fcim,fcim_s533.wav,Sad,397,Sad,Fear,Happy,False,False,True,0.00084364356,3.3533427e-06,0.9747429,0.017045418,1.1070207e-05,0.00012900001,0.0072246455
532,inesco,fcim,fcim_s534.wav,Sad,401,Sad,Surprise,Angry,False,False,True,0.13715531,0.002454651,0.30544162,0.13112956,9.442703e-05,0.0021514092,0.42157307
533,inesco,fcim,fcim_s535.wav,Sad,205,Sad,Angry,Angry,False,False,False,0.5691066,0.0039833803,0.34928352,0.03863117,0.00012237852,0.034006555,0.004866422
534,inesco,fcim,fcim_s536.wav,Sad,333,Sad,Angry,Angry,False,False,False,0.98318833,0.00028321208,0.0063481187,0.008526119,9.657269e-05,0.0007136933,0.00084401347
535,inesco,fcim,fcim_s537.wav,Sad,401,Sad,Fear,Happy,False,False,True,0.013001292,1.6554979e-05,0.4279065,0.2935355,2.7660963e-05,0.0005031506,0.2650093
536,inesco,fcim,fcim_s538.wav,Sad,317,Sad,Surprise,Angry,False,False,True,0.011672432,0.00016382487,0.22460912,0.006493871,5.822798e-06,0.004408971,0.75264597
537,inesco,fcim,fcim_s539.wav,Sad,231,Sad,Fear,Angry,False,False,True,0.104137175,0.004263746,0.6908669,0.056293365,3.0369527e-05,0.010114385,0.13429406
538,inesco,fcim,fcim_s540.wav,Sad,401,Sad,Surprise,Angry,False,False,True,0.020467266,0.004323436,0.42739838,0.003158706,0.00011444499,0.0038785257,0.54065925
539,inesco,fcim,fcim_s541.wav,Sad,401,Sad,Fear,Angry,False,False,True,0.09850056,0.0006492292,0.66686743,0.011752374,0.0001357725,0.005025203,0.21706946
540,inesco,fcim,fcim_s542.wav,Sad,401,Sad,Fear,Sad,False,True,True,0.08334652,0.03845862,0.39441705,0.021272192,0.004138737,0.090826154,0.36754066
541,inesco,fcim,fcim_s543.wav,Sad,401,Sad,Fear,Happy,False,False,True,0.00021410045,1.527525e-05,0.6214298,0.015002932,2.551942e-06,0.00016896996,0.3631664
542,inesco,fcim,fcim_s544.wav,Sad,170,Sad,Fear,Happy,False,False,True,6.143649e-05,8.014112e-09,0.99961984,0.00016148352,0.00015028627,1.1095287e-06,5.7586053e-06
543,inesco,fcim,fcim_s545.wav,Sad,372,Sad,Fear,Happy,False,False,True,0.002395021,0.00022114147,0.6899885,0.16513538,5.3242464e-05,0.00047140504,0.14173537
544,inesco,fcim,fcim_s546.wav,Sad,401,Sad,Surprise,Happy,False,False,True,0.015195217,6.622368e-05,0.18746893,0.05065437,4.0394616e-06,9.095184e-05,0.7465203
545,inesco,fcim,fcim_s547.wav,Sad,401,Sad,Fear,Happy,False,False,True,0.00071494107,0.000551707,0.477923,0.10258882,0.00019318813,0.004343205,0.4136852
546,inesco,fcim,fcim_s548.wav,Sad,324,Sad,Fear,Angry,False,False,True,0.16422442,0.0014808404,0.4592595,0.013421693,9.02512e-05,0.002427346,0.35909596
547,inesco,fcim,fcim_s549.wav,Sad,359,Sad,Surprise,Happy,False,False,True,0.0075593246,0.00017245779,0.12195961,0.011161537,4.6195823e-06,0.0007396416,0.85840285
548,inesco,fcim,fcim_s550.wav,Sad,305,Sad,Angry,Angry,False,False,False,0.4825896,0.00053164974,0.24815199,0.055684373,0.000103509854,0.0028325883,0.21010633
549,inesco,fcim,fcim_s551.wav,Sad,330,Sad,Angry,Angry,False,False,False,0.60670674,0.018065572,0.18662074,0.012668461,0.0006553651,0.028334245,0.14694877
550,inesco,fcim,fcim_s552.wav,Sad,205,Sad,Sad,Sad,True,True,False,0.0061524077,0.000995683,0.27731448,0.23109804,0.08041014,0.4036087,0.0004205486
551,inesco,fcim,fcim_s553.wav,Sad,161,Sad,Happy,Happy,False,False,False,0.001043608,6.432254e-05,0.48292428,0.5083259,0.0001279465,0.00033423095,0.0071796617
552,inesco,fcim,fcim_s554.wav,Sad,148,Sad,Fear,Angry,False,False,True,0.008330419,3.9570708e-07,0.9873165,0.0007207053,0.0015755994,0.0006881818,0.001368246
553,inesco,fcim,fcim_s555.wav,Sad,311,Sad,Fear,Happy,False,False,True,0.0018625869,0.0005851622,0.67594415,0.03025624,0.0001314388,0.012245014,0.27897546
554,inesco,fcim,fcim_s556.wav,Sad,231,Sad,Fear,Angry,False,False,True,0.22754876,8.2113205e-05,0.7686534,0.0012125144,0.00038479076,0.0018556567,0.00026269507
555,inesco,fcim,fcim_s557.wav,Sad,106,Sad,Fear,Happy,False,False,True,0.0059652627,3.1374464e-05,0.9651545,0.019491376,0.002505185,0.00033175337,0.0065204366
556,inesco,fcim,fcim_s558.wav,Sad,221,Sad,Fear,Angry,False,False,True,0.06791961,7.106362e-06,0.9245548,0.006436244,6.783528e-05,0.00084676413,0.00016760438
557,inesco,fcim,fcim_s559.wav,Sad,292,Sad,Surprise,Happy,False,False,True,0.0003504992,3.359875e-05,0.25334957,0.09534702,4.4042554e-06,0.00091219804,0.6500028
558,inesco,fcim,fcim_s560.wav,Sad,119,Sad,Fear,Happy,False,False,True,0.07858741,5.753208e-05,0.68659586,0.19670524,0.005996213,0.00046666074,0.03159102
559,inesco,fcim,fcim_s561.wav,Sad,292,Sad,Fear,Happy,False,False,True,0.07229523,0.0016311017,0.4876507,0.0879428,0.0003990626,0.018268276,0.33181286
560,inesco,fcim,fcim_s562.wav,Sad,125,Sad,Happy,Happy,False,False,False,0.21354313,2.8980041e-05,0.13522498,0.5631268,0.086807474,0.0004427553,0.0008258736
561,inesco,fcim,fcim_s563.wav,Sad,298,Sad,Angry,Angry,False,False,False,0.6766879,0.016748106,0.06502719,0.036042534,0.00024790718,0.15088645,0.054359917
562,inesco,fcim,fcim_s564.wav,Sad,378,Sad,Angry,Angry,False,False,False,0.5598691,0.0007304287,0.38200518,0.010263816,0.0026503857,0.006897336,0.037583753
563,inesco,fcim,fcim_s565.wav,Sad,401,Sad,Fear,Happy,False,False,True,0.09471631,0.0025055096,0.6290051,0.105060704,1.45942295e-05,0.025694339,0.14300351
564,inesco,fcim,fcim_s566.wav,Sad,109,Sad,Fear,Angry,False,False,True,0.10731097,7.0627416e-06,0.8162514,0.043995608,0.020659626,0.00043418305,0.011341248
565,inesco,fcim,fcim_s567.wav,Sad,183,Sad,Fear,Happy,False,False,True,0.0103593245,0.00017619987,0.5797338,0.2944511,0.00078040315,0.019246621,0.09525261
566,inesco,fcim,fcim_s568.wav,Sad,161,Sad,Fear,Happy,False,False,True,0.008250241,1.822163e-06,0.90318376,0.08633236,0.00040164086,0.0012101728,0.00062008225
567,inesco,fcim,fcim_s569.wav,Sad,401,Sad,Fear,Happy,False,False,True,0.006981172,8.949634e-06,0.35246798,0.30593693,7.902621e-06,0.00047493613,0.33412212
568,inesco,fcim,fcim_s570.wav,Sad,375,Sad,Surprise,Angry,False,False,True,0.0009945245,9.882187e-05,0.13266833,0.00089877786,4.203153e-06,5.496747e-05,0.86528033
569,inesco,fcim,fcim_s571.wav,Sad,324,Sad,Surprise,Angry,False,False,True,0.12437233,0.0021688633,0.061837554,0.09389742,9.241481e-05,0.0013230108,0.7163085
570,inesco,fcim,fcim_s572.wav,Sad,228,Sad,Fear,Angry,False,False,True,0.10262276,6.4024745e-05,0.87753654,0.007870595,4.147923e-06,0.0015276788,0.010374181
571,inesco,fcim,fcim_s573.wav,Sad,237,Sad,Angry,Angry,False,False,False,0.49151132,0.00049112306,0.34320098,0.121118054,0.00033241572,0.041645523,0.001700642
572,inesco,fcim,fcim_s574.wav,Sad,295,Sad,Surprise,Sad,False,True,True,0.094428524,0.014497676,0.30109477,0.07952123,0.010733474,0.17204322,0.32768106
573,inesco,fcim,fcim_s575.wav,Sad,228,Sad,Happy,Happy,False,False,False,0.11191286,0.00072159764,0.10057552,0.5202025,0.11017379,0.15527889,0.0011348486
574,inesco,fcim,fcim_s576.wav,Sad,209,Sad,Fear,Happy,False,False,True,0.0005659753,4.580244e-06,0.954549,0.040471613,3.5509027e-05,0.00115628,0.0032170466
575,inesco,fcim,fcim_s577.wav,Sad,401,Sad,Fear,Happy,False,False,True,7.2635776e-05,1.7726386e-05,0.9826805,0.011424172,8.309914e-05,0.00079102477,0.0049309093
576,inesco,fcim,fcim_s578.wav,Sad,196,Sad,Happy,Happy,False,False,False,0.0064635705,1.4664101e-06,0.11552112,0.8755175,0.00044046182,0.0019407427,0.00011514442
577,inesco,fcim,fcim_s579.wav,Sad,196,Sad,Fear,Happy,False,False,True,0.0011223505,5.775739e-07,0.98146766,0.017274117,6.599115e-05,6.469607e-05,4.530419e-06
578,inesco,fcim,fcim_s580.wav,Sad,401,Sad,Fear,Happy,False,False,True,0.00012875944,7.676429e-05,0.80353993,0.0017365161,3.5186906e-07,6.948701e-05,0.19444823
579,inesco,fcim,fcim_s581.wav,Sad,199,Sad,Fear,Happy,False,False,True,0.090799205,1.7991491e-05,0.5667171,0.3278251,0.00069352105,0.010821407,0.0031257088
580,inesco,fcim,fcim_s582.wav,Sad,401,Sad,Surprise,Happy,False,False,True,0.019821929,0.00084479165,0.3171531,0.16906534,0.00024366989,0.0076118633,0.48525932
581,inesco,fcim,fcim_s583.wav,Sad,58,Sad,Fear,Angry,False,False,True,0.049692795,8.013491e-05,0.91767174,0.027295038,0.0010465991,0.0025224579,0.0016911532
582,inesco,fcim,fcim_s584.wav,Sad,401,Sad,Surprise,Happy,False,False,True,0.09880076,6.305544e-05,0.32280266,0.12886626,2.622815e-05,0.00070389494,0.4487371
583,inesco,fcim,fcim_s585.wav,Sad,353,Sad,Surprise,Angry,False,False,True,0.03929577,0.00016550363,0.007622197,0.029651776,3.2060957e-06,0.0008325864,0.9224289
584,inesco,fcim,fcim_s586.wav,Sad,388,Sad,Surprise,Happy,False,False,True,0.0001693623,0.0010484046,0.17230289,0.0017502238,1.3207225e-05,6.369338e-05,0.8246523
585,inesco,fcim,fcim_s587.wav,Sad,308,Sad,Angry,Angry,False,False,False,0.6226877,0.00024080812,0.27446666,0.0049623,5.7889516e-05,0.00062249263,0.09696215
586,inesco,fcim,fcim_s588.wav,Sad,401,Sad,Surprise,Happy,False,False,True,0.04453997,6.349793e-05,0.10345287,0.19546829,2.202407e-05,0.0007881668,0.6556652
587,inesco,fcim,fcim_s589.wav,Sad,269,Sad,Fear,Sad,False,True,True,0.029788954,0.016763486,0.68284905,0.05804774,0.0018377529,0.07100868,0.1397043
588,inesco,fcim,fcim_s590.wav,Sad,247,Sad,Fear,Angry,False,False,True,0.22760555,6.203229e-05,0.64844835,0.029638367,2.3938761e-05,0.0026440157,0.091577716
589,inesco,fcim,fcim_s591.wav,Sad,401,Sad,Fear,Happy,False,False,True,0.00952984,0.0017215981,0.54596514,0.035844166,0.00017293097,0.004663607,0.40210277
590,inesco,fcim,fcim_s592.wav,Sad,401,Sad,Surprise,Angry,False,False,True,0.0133182425,0.0020756582,0.27944243,0.007863887,6.602211e-05,0.0052974927,0.69193625
591,inesco,fcim,fcim_s593.wav,Sad,353,Sad,Fear,Happy,False,False,True,0.025491424,0.00058554276,0.4795895,0.047673553,0.0002498773,0.00445139,0.44195876
592,inesco,fcim,fcim_s594.wav,Sad,401,Sad,Surprise,Happy,False,False,True,0.0033410334,2.9430996e-05,0.3233853,0.29523537,3.7869628e-05,0.0025888735,0.37538216
593,inesco,fcim,fcim_s595.wav,Sad,401,Sad,Surprise,Happy,False,False,True,0.0016714614,1.4786678e-05,0.056688488,0.08922632,6.919947e-08,0.00056499476,0.8518338
594,inesco,fcim,fcim_s596.wav,Sad,401,Sad,Surprise,Angry,False,False,True,0.027919298,0.0006182151,0.2618994,0.013444046,1.3009773e-05,0.0031033987,0.6930026
595,inesco,fcim,fcim_s597.wav,Sad,401,Sad,Fear,Happy,False,False,True,0.0009272827,0.00020717936,0.48196685,0.03531366,0.000106408974,0.016360385,0.46511835
596,inesco,fcim,fcim_s598.wav,Sad,397,Sad,Angry,Angry,False,False,False,0.5153849,0.00019199603,0.040850867,0.31651574,1.2304748e-05,0.00045509913,0.12658906
597,inesco,fcim,fcim_s599.wav,Sad,401,Sad,Surprise,Happy,False,False,True,0.005365704,0.0041534817,0.35580322,0.022825174,3.231764e-05,0.00299235,0.60882777
598,inesco,fcim,fcim_s600.wav,Sad,401,Sad,Surprise,Angry,False,False,True,0.05986108,7.712391e-05,0.35218713,0.03515375,6.324e-06,0.0002860094,0.5524286
599,inesco,fyat,fyat_a212.wav,Angry,189,Angry,Surprise,Happy,False,False,True,0.017533863,5.4997232e-05,0.092506036,0.033849802,3.3632346e-05,0.00051494973,0.8555067
600,inesco,fyat,fyat_a213.wav,Angry,173,Angry,Angry,Angry,True,True,False,0.8468593,2.4627761e-05,0.04829848,0.04554814,3.6295964e-06,4.4331286e-05,0.0592215
601,inesco,fyat,fyat_a214.wav,Angry,225,Angry,Sad,Sad,False,False,False,0.21997498,0.03766451,0.07011988,0.2710803,0.0051138215,0.37123585,0.024810627
602,inesco,fyat,fyat_a215.wav,Angry,257,Angry,Fear,Happy,False,False,True,0.001887789,0.0004459497,0.6154077,0.27505878,3.5435241e-06,0.006321993,0.10087428
603,inesco,fyat,fyat_a216.wav,Angry,228,Angry,Fear,Angry,False,True,True,0.014150943,0.0002845158,0.6149399,0.013564557,0.00021699269,0.0023925363,0.35445055
604,inesco,fyat,fyat_a217.wav,Angry,151,Angry,Happy,Happy,False,False,False,0.0038484547,3.1406533e-05,0.39263403,0.57904506,0.011359241,0.0035088179,0.009573037
605,inesco,fyat,fyat_a218.wav,Angry,346,Angry,Surprise,Happy,False,False,True,0.0005031347,0.00048408585,0.07594964,0.06811393,0.00025842251,0.00024723719,0.8544436
606,inesco,fyat,fyat_a219.wav,Angry,369,Angry,Surprise,Happy,False,False,True,3.0444815e-05,2.0557945e-06,0.002243852,0.039029624,2.9446346e-08,5.7715733e-05,0.9586363
607,inesco,fyat,fyat_a220.wav,Angry,241,Angry,Angry,Angry,True,True,False,0.36986005,0.085294336,0.06963488,0.15200038,9.513735e-05,0.3090671,0.014048071
608,inesco,fyat,fyat_a221.wav,Angry,401,Angry,Sad,Sad,False,False,False,0.10941916,0.14284207,0.037033983,0.0057110693,0.0069832187,0.57024926,0.12776129
609,inesco,fyat,fyat_a222.wav,Angry,148,Angry,Fear,Angry,False,True,True,0.094559,0.00086312764,0.8727554,0.023799274,3.538006e-05,0.0010182115,0.0069695553
610,inesco,fyat,fyat_a223.wav,Angry,269,Angry,Surprise,Sad,False,False,True,0.011207053,0.005062618,0.17726162,0.026316732,0.0008679011,0.028429246,0.75085485
611,inesco,fyat,fyat_a224.wav,Angry,330,Angry,Sad,Sad,False,False,False,0.27013886,0.17339188,0.008744757,0.08369063,0.028923465,0.37602884,0.0590815
612,inesco,fyat,fyat_a225.wav,Angry,228,Angry,Disgust,Sad,False,False,True,0.018812507,0.54058737,0.00065833214,0.00073012913,0.0037125123,0.43545038,4.86882e-05
613,inesco,fyat,fyat_a226.wav,Angry,273,Angry,Disgust,Happy,False,False,True,0.018457003,0.45696664,0.10959072,0.08756828,0.00016569272,0.06398313,0.26326862
614,inesco,fyat,fyat_a227.wav,Angry,401,Angry,Sad,Sad,False,False,False,0.0069589717,0.031427417,0.16326608,0.068151444,0.005793234,0.7101899,0.014213011
615,inesco,fyat,fyat_a228.wav,Angry,125,Angry,Fear,Happy,False,False,True,0.000717181,1.2802957e-06,0.925658,0.0047417665,1.5090751e-06,2.6687614e-05,0.06885366
616,inesco,fyat,fyat_a229.wav,Angry,401,Angry,Surprise,Sad,False,False,True,0.0055523557,0.050786644,0.0113411,0.06082938,0.00071451574,0.070602015,0.80017394
617,inesco,fyat,fyat_a230.wav,Angry,401,Angry,Disgust,Angry,False,True,True,0.04095816,0.87769264,0.013271861,0.0046485607,0.0004265061,0.023375634,0.039626632
618,inesco,fyat,fyat_a231.wav,Angry,311,Angry,Surprise,Happy,False,False,True,0.003290268,0.0029238528,0.062280513,0.4232728,9.340197e-06,0.008569473,0.49965376
619,inesco,fyat,fyat_a232.wav,Angry,221,Angry,Fear,Happy,False,False,True,0.007266311,2.1603594e-06,0.9755491,0.013398931,7.065451e-06,0.0003503708,0.0034260228
620,inesco,fyat,fyat_a233.wav,Angry,349,Angry,Sad,Sad,False,False,False,5.9416758e-05,0.0143532995,0.0039323275,0.00015913538,0.0007070118,0.98022616,0.0005626695
621,inesco,fyat,fyat_a234.wav,Angry,84,Angry,Fear,Angry,False,True,True,0.17175514,7.816894e-06,0.66333187,0.11876032,0.000210917,0.00064158527,0.045292474
622,inesco,fyat,fyat_a235.wav,Angry,135,Angry,Fear,Happy,False,False,True,4.3126653e-05,3.7839364e-08,0.99705964,0.00094634737,6.7909633e-07,5.4830457e-07,0.0019496577
623,inesco,fyat,fyat_a236.wav,Angry,228,Angry,Surprise,Angry,False,True,True,0.07103851,0.016895685,0.07683783,0.018396165,0.00036740396,0.011127525,0.8053369
624,inesco,fyat,fyat_a237.wav,Angry,141,Angry,Fear,Happy,False,False,True,0.002500265,3.956068e-06,0.52361363,0.22005391,0.008952657,0.00023256596,0.24464299
625,inesco,fyat,fyat_a238.wav,Angry,148,Angry,Fear,Angry,False,True,True,0.07596032,1.6421951e-06,0.7768101,0.006279534,0.00013787545,2.649924e-05,0.14078407
626,inesco,fyat,fyat_a239.wav,Angry,161,Angry,Happy,Happy,False,False,False,0.03871711,0.00031290975,0.16343597,0.72052443,0.0016238075,0.023491109,0.051894657
627,inesco,fyat,fyat_a240.wav,Angry,237,Angry,Disgust,Angry,False,True,True,0.02653592,0.9245782,0.0023318336,0.010283491,0.00027974823,0.004354929,0.0316359
628,inesco,fyat,fyat_a241.wav,Angry,119,Angry,Surprise,Happy,False,False,True,0.13135663,0.00012771164,0.34091312,0.14003001,0.0029145284,0.0074059116,0.37725204
629,inesco,fyat,fyat_a242.wav,Angry,401,Angry,Happy,Happy,False,False,False,0.011067323,0.06467241,0.06908948,0.70375025,0.008031222,0.09215107,0.05123829
630,inesco,fyat,fyat_a243.wav,Angry,228,Angry,Fear,Sad,False,False,True,0.0071617765,0.015113343,0.6286378,0.085284404,0.0025957918,0.19288631,0.068320565
631,inesco,fyat,fyat_a244.wav,Angry,289,Angry,Angry,Angry,True,True,False,0.5972054,0.0721392,0.01619857,0.10262945,0.0022476574,0.07532817,0.13425155
632,inesco,fyat,fyat_a245.wav,Angry,349,Angry,Sad,Sad,False,False,False,0.032858226,0.042789552,0.04936487,0.23774928,0.026380192,0.5604861,0.050371736
633,inesco,fyat,fyat_a246.wav,Angry,113,Angry,Angry,Angry,True,True,False,0.6136005,0.00095714245,0.16143891,0.074914664,0.006897021,0.001341895,0.14084987
634,inesco,fyat,fyat_a247.wav,Angry,385,Angry,Happy,Happy,False,False,False,0.01810649,0.003150781,0.009405921,0.79055774,1.076585e-05,0.002067671,0.17670062
635,inesco,fyat,fyat_a248.wav,Angry,327,Angry,Angry,Angry,True,True,False,0.4430668,0.058511373,0.06970443,0.049087875,0.08445027,0.26352096,0.03165832
636,inesco,fyat,fyat_a249.wav,Angry,263,Angry,Angry,Angry,True,True,False,0.9434172,0.023022467,0.0007242372,0.003830411,0.0030155694,0.010875501,0.015114573
637,inesco,fyat,fyat_a250.wav,Angry,346,Angry,Surprise,Happy,False,False,True,0.07202278,0.0007451134,0.17182778,0.15955971,2.2661501e-05,0.002130489,0.5936915
638,inesco,fyat,fyat_a251.wav,Angry,241,Angry,Angry,Angry,True,True,False,0.34186617,0.08051999,0.14272846,0.14065695,0.00017341552,0.009047323,0.28500766
639,inesco,fyat,fyat_a252.wav,Angry,314,Angry,Sad,Sad,False,False,False,0.006268258,0.0137998955,0.06577724,0.32808596,0.15571265,0.42546603,0.004890032
640,inesco,fyat,fyat_a253.wav,Angry,228,Angry,Fear,Angry,False,True,True,0.34049016,0.07581748,0.41641977,0.11656301,0.00014807947,0.0011233242,0.04943816
641,inesco,fyat,fyat_a254.wav,Angry,231,Angry,Fear,Happy,False,False,True,0.13544434,0.0016202066,0.5521004,0.26115787,0.00050502724,0.039301615,0.009870511
642,inesco,fyat,fyat_a255.wav,Angry,269,Angry,Surprise,Angry,False,True,True,0.24813591,0.016251495,0.1696414,0.009999002,0.0024579265,0.084556445,0.4689579
643,inesco,fyat,fyat_a256.wav,Angry,349,Angry,Angry,Angry,True,True,False,0.8087274,0.019137282,0.06953536,0.0066231764,4.0211606e-05,0.039501242,0.0564354
644,inesco,fyat,fyat_a257.wav,Angry,282,Angry,Surprise,Angry,False,True,True,0.25244138,0.044801947,0.041819766,0.017967718,0.0005707409,0.023313563,0.6190849
645,inesco,fyat,fyat_a258.wav,Angry,138,Angry,Surprise,Happy,False,False,True,0.018296294,1.5335589e-05,0.3368896,0.039944865,5.7791403e-05,2.80861e-05,0.60476804
646,inesco,fyat,fyat_a259.wav,Angry,292,Angry,Angry,Angry,True,True,False,0.5254739,0.20411254,0.041104436,0.106344424,0.0035629815,0.015020646,0.10438107
647,inesco,fyat,fyat_a260.wav,Angry,356,Angry,Angry,Angry,True,True,False,0.6576094,0.07392731,0.016615132,0.0018351481,0.010947376,0.21147119,0.027594458
648,inesco,fyat,fyat_a261.wav,Angry,247,Angry,Angry,Angry,True,True,False,0.67200506,0.00058333576,0.25506738,0.042568814,7.419041e-05,0.020464638,0.009236558
649,inesco,fyat,fyat_a262.wav,Angry,202,Angry,Angry,Angry,True,True,False,0.6609854,4.6344172e-05,0.07535986,0.25622594,0.000113301314,1.6359832e-05,0.0072528813
650,inesco,fyat,fyat_a263.wav,Angry,276,Angry,Angry,Angry,True,True,False,0.84741753,0.005619844,0.0044112406,0.08243985,0.009348229,0.038447935,0.012315391
651,inesco,fyat,fyat_a264.wav,Angry,100,Angry,Surprise,Angry,False,True,True,0.14322151,0.00012761803,0.2858984,0.023005843,2.5285593e-05,0.0001913419,0.54753006
652,inesco,fyat,fyat_a265.wav,Angry,93,Angry,Surprise,Happy,False,False,True,0.10215539,0.00041227124,0.013087854,0.11962868,4.5111797e-06,0.0007178857,0.76399344
653,inesco,fyat,fyat_a266.wav,Angry,372,Angry,Angry,Angry,True,True,False,0.27390704,0.22454,0.20311412,0.12530448,0.00034851875,0.051081125,0.1217047
654,inesco,fyat,fyat_a267.wav,Angry,129,Angry,Surprise,Happy,False,False,True,0.009770008,4.218251e-05,0.0037577632,0.0147806415,6.8455615e-06,9.342208e-05,0.97154915
655,inesco,fyat,fyat_a268.wav,Angry,87,Angry,Angry,Angry,True,True,False,0.7229076,0.0003199084,0.010756406,0.009993207,0.00016229703,0.00040856763,0.25545204
656,inesco,fyat,fyat_a269.wav,Angry,129,Angry,Fear,Angry,False,True,True,0.053767752,0.000118411735,0.90576005,0.0249279,0.0026784877,0.0002980757,0.012449361
657,inesco,fyat,fyat_a270.wav,Angry,170,Angry,Fear,Angry,False,True,True,0.035432387,1.5613996e-06,0.9403994,0.0204658,0.00024566395,0.0007546829,0.002700521
658,inesco,fyat,fyat_a271.wav,Angry,337,Angry,Angry,Angry,True,True,False,0.34249797,0.010942678,0.2339786,0.053711478,8.594498e-05,0.050481588,0.30830172
659,inesco,fyat,fyat_a272.wav,Angry,260,Angry,Sad,Sad,False,False,False,0.29855862,0.02224097,0.26135382,0.034180585,0.0048526833,0.35094103,0.027872203
660,inesco,fyat,fyat_a273.wav,Angry,241,Angry,Fear,Angry,False,True,True,0.37042722,0.051605612,0.38915205,0.11152667,4.5063876e-05,0.029210657,0.048032783
661,inesco,fyat,fyat_a274.wav,Angry,401,Angry,Fear,Sad,False,False,True,0.026524903,0.00022943507,0.7128706,0.09190501,0.00096900004,0.11514065,0.052360352
662,inesco,fyat,fyat_a275.wav,Angry,151,Angry,Happy,Happy,False,False,False,0.19187017,9.250467e-06,0.008452226,0.5431024,1.23019045e-05,3.6462654e-05,0.25651717
663,inesco,fyat,fyat_a276.wav,Angry,218,Angry,Angry,Angry,True,True,False,0.5539519,0.015370077,0.109362826,0.24488424,0.010911408,0.017931635,0.047587942
664,inesco,fyat,fyat_a277.wav,Angry,308,Angry,Fear,Happy,False,False,True,0.008047946,0.023996098,0.6166518,0.22045203,0.0007301523,0.0033729763,0.12674902
665,inesco,fyat,fyat_a278.wav,Angry,401,Angry,Surprise,Happy,False,False,True,0.008859157,0.014398858,0.3223541,0.1600258,0.0022762977,0.03169933,0.46038648
666,inesco,fyat,fyat_a279.wav,Angry,385,Angry,Surprise,Sad,False,False,True,0.015426562,0.0055847466,0.123264804,0.0388152,0.0026127186,0.17496657,0.63932943
667,inesco,fyat,fyat_a280.wav,Angry,314,Angry,Surprise,Happy,False,False,True,0.0011265088,0.01951213,0.04542045,0.03924613,0.00014938191,0.0100740725,0.8844714
668,inesco,fyat,fyat_a281.wav,Angry,279,Angry,Fear,Sad,False,False,True,0.008436063,0.00082842115,0.64882207,0.0018223522,2.1055568e-05,0.015641604,0.3244285
669,inesco,fyat,fyat_a282.wav,Angry,260,Angry,Surprise,Angry,False,True,True,0.021794293,0.002928909,0.0087088,0.011289593,0.00014066555,0.0054087373,0.9497289
670,inesco,fyat,fyat_a283.wav,Angry,378,Angry,Surprise,Angry,False,True,True,0.010192827,0.0005363769,0.0074209473,0.007450557,5.8552073e-06,0.003922163,0.97047126
671,inesco,fyat,fyat_a284.wav,Angry,266,Angry,Fear,Happy,False,False,True,0.0016296474,0.0018617726,0.63534236,0.20889865,2.5317546e-05,0.030331517,0.12191078
672,inesco,fyat,fyat_a285.wav,Angry,218,Angry,Neutral,Angry,False,True,True,0.3890538,0.0007939375,0.045333754,0.040646333,0.47234994,0.047137104,0.0046851765
673,inesco,fyat,fyat_a286.wav,Angry,359,Angry,Happy,Happy,False,False,False,0.16002949,0.26672968,0.0053241933,0.27079776,0.0055270423,0.026261928,0.26532993
674,inesco,fyat,fyat_a287.wav,Angry,273,Angry,Sad,Sad,False,False,False,0.281323,0.00914967,0.0322556,0.25302863,0.00031956748,0.40332812,0.020595426
675,inesco,fyat,fyat_a288.wav,Angry,289,Angry,Fear,Sad,False,False,True,0.02874937,0.012742371,0.5036331,0.017289484,0.001850098,0.36035085,0.0753848
676,inesco,fyat,fyat_a289.wav,Angry,132,Angry,Angry,Angry,True,True,False,0.9561975,1.0288712e-05,0.013646602,0.026717104,0.0004362918,3.4484317e-05,0.0029577184
677,inesco,fyat,fyat_a290.wav,Angry,353,Angry,Surprise,Sad,False,False,True,0.009089064,0.004204384,0.38527665,0.008577594,7.021715e-05,0.016460301,0.5763218
678,inesco,fyat,fyat_a291.wav,Angry,161,Angry,Surprise,Angry,False,True,True,0.04491754,7.937462e-06,0.00976259,0.00313926,8.6607463e-07,6.318223e-05,0.94210863
679,inesco,fyat,fyat_a292.wav,Angry,71,Angry,Surprise,Angry,False,True,True,0.3328347,0.0010362412,0.026697602,0.010595202,6.4626215e-06,0.0005056318,0.6283242
680,inesco,fyat,fyat_a293.wav,Angry,225,Angry,Disgust,Sad,False,False,True,0.07110216,0.44215477,0.19998023,0.09111763,0.002428126,0.1748554,0.018361736
681,inesco,fyat,fyat_a294.wav,Angry,401,Angry,Sad,Sad,False,False,False,0.052402183,0.06951802,0.019446826,0.01940023,0.124386,0.7031718,0.011674925
682,inesco,fyat,fyat_a295.wav,Angry,333,Angry,Sad,Sad,False,False,False,0.050059594,0.021459734,0.16163369,0.02221328,0.0056640394,0.40822467,0.33074504
683,inesco,fyat,fyat_a296.wav,Angry,141,Angry,Fear,Happy,False,False,True,0.006482192,2.5486113e-07,0.98115003,0.008615867,4.6863897e-07,8.143526e-07,0.0037504407
684,inesco,fyat,fyat_a297.wav,Angry,116,Angry,Surprise,Angry,False,True,True,0.03842301,0.00012962501,0.10166145,0.010722982,0.00035697824,0.0017473412,0.84695864
685,inesco,fyat,fyat_a298.wav,Angry,186,Angry,Happy,Happy,False,False,False,0.00054019224,2.7909568e-05,0.27359965,0.47781923,1.4832416e-05,0.00055061775,0.24744755
686,inesco,fyat,fyat_a299.wav,Angry,250,Angry,Angry,Angry,True,True,False,0.45107484,0.011536574,0.08924382,0.0070006866,0.009164368,0.016582511,0.41539714
687,inesco,fyat,fyat_a300.wav,Angry,401,Angry,Surprise,Happy,False,False,True,4.750288e-06,0.0003482992,0.08155504,0.17442863,3.23047e-05,0.00026743836,0.74336356
688,inesco,fyat,fyat_a301.wav,Angry,250,Angry,Fear,Happy,False,False,True,0.016375307,0.026116164,0.576216,0.3690507,0.000638272,0.00070295477,0.0109005915
689,inesco,fyat,fyat_a302.wav,Angry,333,Angry,Angry,Angry,True,True,False,0.6129863,0.121530496,0.023440583,0.08126292,0.011106821,0.07451889,0.07515394
690,inesco,fyat,fyat_a303.wav,Angry,372,Angry,Happy,Happy,False,False,False,0.14823234,0.0013967219,0.027527519,0.38208497,0.05615109,0.33291066,0.051696718
691,inesco,fyat,fyat_a304.wav,Angry,196,Angry,Happy,Happy,False,False,False,0.1071968,5.397946e-06,0.18542232,0.6993351,0.0002502337,0.0012815717,0.0065085315
692,inesco,fyat,fyat_a305.wav,Angry,346,Angry,Angry,Angry,True,True,False,0.43477032,0.11948427,0.25173333,0.018102787,0.00016973072,0.094827294,0.080912285
693,inesco,fyat,fyat_a306.wav,Angry,289,Angry,Angry,Angry,True,True,False,0.70606506,0.026920907,0.1490619,0.06104186,0.0011696067,0.045562964,0.010177639
694,inesco,fyat,fyat_a307.wav,Angry,189,Angry,Angry,Angry,True,True,False,0.9012932,9.284583e-06,0.026997188,0.06854093,6.7556215e-07,3.4261237e-05,0.0031245188
695,inesco,fyat,fyat_a308.wav,Angry,340,Angry,Surprise,Angry,False,True,True,0.328396,0.0019180246,0.015248232,0.079683654,6.788117e-05,0.0040530185,0.5706332
696,inesco,fyat,fyat_a309.wav,Angry,68,Angry,Fear,Angry,False,True,True,0.03697515,9.5870935e-05,0.7083428,0.008256596,7.699362e-05,0.0001752934,0.24607733
697,inesco,fyat,fyat_a310.wav,Angry,109,Angry,Angry,Angry,True,True,False,0.8410929,0.00014919713,0.0945688,0.020337887,0.00026746144,0.00044073915,0.043143023
698,inesco,fyat,fyat_a311.wav,Angry,145,Angry,Fear,Angry,False,True,True,0.0026715333,1.1619672e-07,0.9947221,0.0013859317,0.0010232512,1.6908958e-05,0.00018014527
699,inesco,fyat,fyat_a312.wav,Angry,202,Angry,Happy,Happy,False,False,False,0.0021508331,6.6743917e-07,0.4563456,0.5366284,5.513002e-05,0.00023968672,0.0045797285
700,inesco,fyat,fyat_a313.wav,Angry,247,Angry,Surprise,Angry,False,True,True,0.158144,0.00029364214,0.34653097,0.11866837,9.9770885e-05,0.0003968602,0.37586644
701,inesco,fyat,fyat_a314.wav,Angry,279,Angry,Angry,Angry,True,True,False,0.9428275,0.0022400192,0.023040192,0.00863627,0.0008508464,0.02059901,0.0018061211
702,inesco,fyat,fyat_a315.wav,Angry,401,Angry,Disgust,Angry,False,True,True,0.26596957,0.58333385,0.0022603085,0.023730451,0.00073137466,0.08433132,0.03964314
703,inesco,fyat,fyat_a316.wav,Angry,401,Angry,Fear,Happy,False,False,True,0.007624453,0.00080480863,0.82886076,0.06570465,1.5696622e-05,0.005044481,0.09194508
704,inesco,fyat,fyat_a317.wav,Angry,362,Angry,Disgust,Sad,False,False,True,0.0023904794,0.83835536,0.015411335,0.00022323501,0.0003617316,0.13890088,0.0043569896
705,inesco,fyat,fyat_a318.wav,Angry,199,Angry,Fear,Happy,False,False,True,0.029386498,4.8056213e-06,0.7561447,0.20893519,0.0020215188,0.0009283258,0.0025789202
706,inesco,fyat,fyat_a319.wav,Angry,401,Angry,Fear,Happy,False,False,True,0.024033116,0.00015845547,0.5267877,0.035484694,0.00012395595,0.012462689,0.40094942
707,inesco,fyat,fyat_a320.wav,Angry,177,Angry,Angry,Angry,True,True,False,0.7160212,0.00053295976,0.10394404,0.019649545,0.085574724,0.04693751,0.02734008
708,inesco,fyat,fyat_a321.wav,Angry,103,Angry,Angry,Angry,True,True,False,0.8550922,0.00012496217,0.11935975,0.00096043595,0.0046224985,0.0004610666,0.019379137
709,inesco,fyat,fyat_a322.wav,Angry,71,Angry,Angry,Angry,True,True,False,0.7291351,0.0006022692,0.08157749,0.048941795,0.0006353948,0.0019479868,0.13716
710,inesco,fyat,fyat_a323.wav,Angry,58,Angry,Angry,Angry,True,True,False,0.74708706,0.00056098314,0.063102804,0.036616992,0.00023546224,0.0019974532,0.15039922
711,inesco,fyat,fyat_a324.wav,Angry,173,Angry,Fear,Happy,False,False,True,2.1548376e-06,3.253092e-09,0.9986041,0.00012496761,3.9744624e-08,8.625897e-08,0.0012685842
712,inesco,fyat,fyat_a325.wav,Angry,113,Angry,Surprise,Angry,False,True,True,0.13341737,0.003932045,0.035687476,0.09619423,0.0005703039,0.0011694054,0.7290292
713,inesco,fyat,fyat_a326.wav,Angry,317,Angry,Surprise,Angry,False,True,True,0.09676605,0.02488642,0.1506721,0.0038812694,0.0065627103,0.006995135,0.7102363
714,inesco,fyat,fyat_a327.wav,Angry,285,Angry,Angry,Angry,True,True,False,0.481254,0.01662301,0.13936345,0.116088,0.00071729376,0.018173216,0.22778104
715,inesco,fyat,fyat_a328.wav,Angry,330,Angry,Surprise,Sad,False,False,True,0.001654464,0.0052324645,0.47092536,0.009382944,9.92067e-05,0.011351366,0.50135416
716,inesco,fyat,fyat_a329.wav,Angry,205,Angry,Fear,Happy,False,False,True,0.002667947,6.131764e-05,0.76209956,0.21015269,0.011044563,0.013746216,0.00022765524
717,inesco,fyat,fyat_a330.wav,Angry,135,Angry,Happy,Happy,False,False,False,0.03714329,3.8166145e-05,0.22309543,0.40768623,0.00041240786,0.00082852866,0.33079597
718,inesco,fyat,fyat_a331.wav,Angry,193,Angry,Angry,Angry,True,True,False,0.9503851,0.00025732935,0.002455996,0.0044155554,1.0484382e-05,0.0006870907,0.041788526
719,inesco,fyat,fyat_a332.wav,Angry,129,Angry,Fear,Happy,False,False,True,6.6308254e-05,8.411289e-07,0.987895,0.0019655942,1.7638755e-05,0.00014774934,0.009906824
720,inesco,fyat,fyat_a333.wav,Angry,103,Angry,Angry,Angry,True,True,False,0.96086466,1.8635898e-05,0.03310882,0.0028833773,0.000109029635,0.0001270409,0.002888348
721,inesco,fyat,fyat_a334.wav,Angry,244,Angry,Angry,Angry,True,True,False,0.45450243,0.2737693,0.10638641,0.018580953,0.00032417933,0.13883883,0.0075979396
722,inesco,fyat,fyat_a335.wav,Angry,173,Angry,Fear,Happy,False,False,True,0.22046512,1.9698593e-05,0.4276102,0.32704997,0.00065177615,0.00044575552,0.02375747
723,inesco,fyat,fyat_a336.wav,Angry,205,Angry,Fear,Angry,False,True,True,0.25730067,3.1221694e-05,0.6107662,0.08175488,0.016173786,0.032855265,0.001118004
724,inesco,fyat,fyat_a337.wav,Angry,170,Angry,Angry,Angry,True,True,False,0.5104897,0.00012605505,0.4703354,0.0024902197,6.9238806e-05,0.00019761296,0.016291812
725,inesco,fyat,fyat_a338.wav,Angry,225,Angry,Angry,Angry,True,True,False,0.46605957,0.022413706,0.18006894,0.28260335,8.97582e-06,0.009562743,0.03928281
726,inesco,fyat,fyat_a339.wav,Angry,397,Angry,Disgust,Sad,False,False,True,0.02432379,0.5080962,0.034502104,0.054562453,1.0929937e-05,0.060738735,0.31776574
727,inesco,fyat,fyat_a340.wav,Angry,109,Angry,Angry,Angry,True,True,False,0.6506373,8.781112e-05,0.28536427,0.007577423,0.00020622088,0.0022831971,0.053843748
728,inesco,fyat,fyat_a341.wav,Angry,289,Angry,Surprise,Happy,False,False,True,0.016945364,0.0010870035,0.14280611,0.10283736,4.186092e-05,0.010761596,0.7255206
729,inesco,fyat,fyat_a342.wav,Angry,298,Angry,Surprise,Happy,False,False,True,0.015852205,0.0034047125,0.14371541,0.030283062,0.00082459324,0.018078784,0.7878413
730,inesco,fyat,fyat_a343.wav,Angry,205,Angry,Fear,Happy,False,False,True,0.0041402783,0.00053295965,0.9401615,0.036245886,8.8403576e-05,0.014295748,0.004535197
731,inesco,fyat,fyat_a344.wav,Angry,164,Angry,Fear,Happy,False,False,True,0.0060328976,3.2477473e-07,0.58363765,0.34105417,9.339207e-06,1.6527292e-06,0.069263965
732,inesco,fyat,fyat_a345.wav,Angry,157,Angry,Fear,Happy,False,False,True,0.0014400994,6.3077323e-06,0.5355512,0.46038398,5.7571597e-05,0.0002486749,0.0023121636
733,inesco,fyat,fyat_a346.wav,Angry,337,Angry,Disgust,Sad,False,False,True,0.15301615,0.28073445,0.18098027,0.019930355,0.0053193807,0.26312694,0.09689242
734,inesco,fyat,fyat_a347.wav,Angry,225,Angry,Fear,Sad,False,False,True,0.004702705,0.00034626343,0.94774866,0.0073413397,0.00018031528,0.027754387,0.011926215
735,inesco,fyat,fyat_a348.wav,Angry,109,Angry,Fear,Angry,False,True,True,0.038382005,0.00032003666,0.47421548,0.024927001,7.149733e-05,0.00036506663,0.4617189
736,inesco,fyat,fyat_a349.wav,Angry,186,Angry,Fear,Happy,False,False,True,0.10596579,0.00028907892,0.45156655,0.3794588,0.00014667146,0.0014906272,0.06108248
737,inesco,fyat,fyat_a350.wav,Angry,401,Angry,Surprise,Happy,False,False,True,0.009611805,0.00013896337,0.19226475,0.19723539,7.788335e-06,0.00025467252,0.6004867
738,inesco,fyat,fyat_a351.wav,Angry,244,Angry,Angry,Angry,True,True,False,0.5531879,0.016093582,0.21076143,0.08766496,0.003195729,0.12377489,0.0053214883
739,inesco,fyat,fyat_a352.wav,Angry,189,Angry,Fear,Happy,False,False,True,0.0039128396,4.0410192e-05,0.8188487,0.16704205,0.0028189926,0.0072481968,8.881832e-05
740,inesco,fyat,fyat_a353.wav,Angry,263,Angry,Surprise,Angry,False,True,True,0.19144695,0.016639583,0.090704516,0.0077500776,0.00024687237,0.09764042,0.5955716
741,inesco,fyat,fyat_a354.wav,Angry,356,Angry,Surprise,Sad,False,False,True,0.07802017,0.0046563847,0.28776345,0.053005226,9.4716066e-05,0.07919441,0.4972657
742,inesco,fyat,fyat_a355.wav,Angry,266,Angry,Angry,Angry,True,True,False,0.8206457,0.167687,0.0009183926,0.00013335187,4.804013e-06,0.0010471307,0.009563611
743,inesco,fyat,fyat_a356.wav,Angry,308,Angry,Fear,Happy,False,False,True,0.03205693,0.0016133112,0.55600166,0.10590548,0.0013531653,0.010238191,0.29283124
744,inesco,fyat,fyat_a357.wav,Angry,205,Angry,Fear,Happy,False,False,True,0.004581603,8.474722e-05,0.8824495,0.060247652,0.003614926,0.011058547,0.037963014
745,inesco,fyat,fyat_a358.wav,Angry,119,Angry,Surprise,Angry,False,True,True,0.19940737,0.00046424742,0.06261582,0.02189758,0.0002921763,0.0016161958,0.7137066
746,inesco,fyat,fyat_a359.wav,Angry,209,Angry,Angry,Angry,True,True,False,0.3603798,8.421363e-05,0.042627167,0.1820249,0.3392075,0.074449115,0.0012273196
747,inesco,fyat,fyat_a360.wav,Angry,116,Angry,Fear,Angry,False,True,True,0.3343751,5.831039e-06,0.60933053,0.02433225,0.02712579,0.00027240746,0.0045580333
748,inesco,fyat,fyat_a361.wav,Angry,125,Angry,Fear,Angry,False,True,True,0.24840684,1.8999293e-05,0.56612253,0.010568201,1.28167585e-05,5.604701e-05,0.17481455
749,inesco,fyat,fyat_a362.wav,Angry,71,Angry,Angry,Angry,True,True,False,0.8623685,8.764417e-05,0.10009833,0.009109169,2.6540218e-05,0.00031765012,0.02799208
750,inesco,fyat,fyat_a363.wav,Angry,141,Angry,Angry,Angry,True,True,False,0.62532216,1.8739833e-05,0.22415431,0.09731754,4.8700687e-05,0.0001550791,0.052983496
751,inesco,fyat,fyat_a364.wav,Angry,122,Angry,Surprise,Angry,False,True,True,0.37203184,3.2285727e-05,0.010156284,0.008268883,1.0148111e-06,7.999147e-06,0.6095017
752,inesco,fyat,fyat_a365.wav,Angry,145,Angry,Fear,Angry,False,True,True,0.023258626,1.09850025e-05,0.91626126,0.009248175,0.00040292085,0.00044713705,0.05037104
753,inesco,fyat,fyat_a366.wav,Angry,205,Angry,Fear,Angry,False,True,True,0.21762721,1.3015569e-05,0.6667045,0.11464929,5.547029e-05,0.0006867533,0.00026382407
754,inesco,fyat,fyat_a367.wav,Angry,68,Angry,Angry,Angry,True,True,False,0.8023299,7.1890754e-05,0.13797817,0.0062543373,9.095907e-05,0.00053263304,0.052742034
755,inesco,fyat,fyat_a368.wav,Angry,167,Angry,Fear,Happy,False,False,True,0.0028156003,2.5993322e-07,0.92197776,0.06885676,8.678641e-05,0.0001303789,0.0061325063
756,inesco,fyat,fyat_a369.wav,Angry,193,Angry,Angry,Angry,True,True,False,0.46505377,6.6840726e-06,0.12567347,0.40877748,7.9932186e-05,4.3806845e-06,0.0004042382
757,inesco,fyat,fyat_a370.wav,Angry,161,Angry,Fear,Happy,False,False,True,0.0031425313,1.0434847e-05,0.88176,0.035406545,2.5546013e-05,3.106678e-05,0.07962379
758,inesco,fyat,fyat_a371.wav,Angry,161,Angry,Fear,Happy,False,False,True,0.03517552,5.0665098e-05,0.66109884,0.27535674,0.0038256338,0.015599977,0.008892639
759,inesco,fyat,fyat_a372.wav,Angry,237,Angry,Fear,Happy,False,False,True,0.087221935,1.3951719e-05,0.58374834,0.24285674,0.00026483778,0.015437025,0.07045718
760,inesco,fyat,fyat_a373.wav,Angry,173,Angry,Fear,Angry,False,True,True,0.046132997,0.00020552381,0.8504338,0.043050114,1.4990961e-05,0.001118689,0.05904388
761,inesco,fyat,fyat_a374.wav,Angry,61,Angry,Angry,Angry,True,True,False,0.98540133,3.34338e-05,0.009036421,0.003503652,2.848946e-05,6.499441e-05,0.0019316268
762,inesco,fyat,fyat_a375.wav,Angry,260,Angry,Angry,Angry,True,True,False,0.5208714,0.029231085,0.006535693,0.055840686,0.004894711,0.06333476,0.3192917
763,inesco,fyat,fyat_a376.wav,Angry,81,Angry,Angry,Angry,True,True,False,0.76957065,0.00010918023,0.14857726,0.00203306,0.00041035877,0.00039698946,0.078902446
764,inesco,fyat,fyat_a377.wav,Angry,132,Angry,Surprise,Angry,False,True,True,0.14108823,5.2458117e-06,0.023188049,0.0017232404,3.2809357e-06,1.6310884e-06,0.8339904
765,inesco,fyat,fyat_a378.wav,Angry,167,Angry,Surprise,Angry,False,True,True,0.09668255,4.096333e-05,0.031985465,0.045679577,9.6893134e-05,0.00024689685,0.82526755
766,inesco,fyat,fyat_a379.wav,Angry,173,Angry,Fear,Angry,False,True,True,0.1715989,1.3373328e-05,0.74858254,0.034303494,2.5897989e-05,9.0272815e-06,0.045466688
767,inesco,fyat,fyat_a380.wav,Angry,305,Angry,Surprise,Happy,False,False,True,0.0018093615,5.3047625e-05,0.02536092,0.004862206,2.0573857e-06,0.00018667246,0.96772575
768,inesco,fyat,fyat_a381.wav,Angry,237,Angry,Fear,Happy,False,False,True,0.21764828,0.007850798,0.35932353,0.27138138,0.001413327,0.12691492,0.015467729
769,inesco,fyat,fyat_a382.wav,Angry,113,Angry,Angry,Angry,True,True,False,0.7450641,3.625356e-05,0.029151775,0.01359565,0.0006749519,4.932102e-05,0.211428
770,inesco,fyat,fyat_a383.wav,Angry,68,Angry,Fear,Angry,False,True,True,0.2130273,0.0005811883,0.6184706,0.03460784,0.007053967,0.033445068,0.09281412
771,inesco,fyat,fyat_a384.wav,Angry,125,Angry,Surprise,Angry,False,True,True,0.38061273,0.00030889685,0.021323593,0.038626734,3.7459558e-06,6.1836196e-05,0.5590625
772,inesco,fyat,fyat_a385.wav,Angry,119,Angry,Surprise,Angry,False,True,True,0.24264133,0.00016426272,0.16585809,0.028540593,0.013514815,0.013024133,0.5362568
773,inesco,fyat,fyat_a386.wav,Angry,129,Angry,Happy,Happy,False,False,False,0.016186677,9.378089e-06,0.0593864,0.8705464,0.0019480373,0.0016880408,0.050235037
774,inesco,fyat,fyat_a387.wav,Angry,401,Angry,Surprise,Happy,False,False,True,0.008754026,0.00034560097,0.16587405,0.054811917,4.4530927e-05,0.0047199684,0.76544994
775,inesco,fyat,fyat_a388.wav,Angry,68,Angry,Angry,Angry,True,True,False,0.46657497,0.00022199473,0.41656202,0.03075505,0.00079437945,0.0013522104,0.08373934
776,inesco,fyat,fyat_a389.wav,Angry,77,Angry,Angry,Angry,True,True,False,0.44826055,0.00014990715,0.31806076,0.02543023,0.00017943753,0.00044968395,0.20746942
777,inesco,fyat,fyat_a390.wav,Angry,81,Angry,Angry,Angry,True,True,False,0.9891127,1.9895733e-05,0.000809137,0.0032765768,1.1656032e-05,2.753278e-05,0.0067424322
778,inesco,fyat,fyat_a391.wav,Angry,55,Angry,Angry,Angry,True,True,False,0.72245693,0.00033312108,0.018669832,0.009942214,3.435719e-05,0.00068014977,0.24788336
779,inesco,fyat,fyat_a392.wav,Angry,49,Angry,Angry,Angry,True,True,False,0.83379215,0.00024332548,0.028455978,0.006633072,1.5873603e-06,8.5819534e-05,0.13078798
780,inesco,fyat,fyat_a393.wav,Angry,106,Angry,Angry,Angry,True,True,False,0.7859347,0.00049487624,0.04193096,0.02141139,0.00018277169,0.0007850518,0.1492603
781,inesco,fyat,fyat_a394.wav,Angry,157,Angry,Angry,Angry,True,True,False,0.476108,2.79835e-05,0.23509775,0.24040446,0.00048705822,0.0001033903,0.04777142
782,inesco,fyat,fyat_a395.wav,Angry,125,Angry,Angry,Angry,True,True,False,0.67349106,0.00018527408,0.13986269,0.016630214,0.00010051642,0.00020834919,0.16952193
783,inesco,fyat,fyat_a396.wav,Angry,234,Angry,Fear,Happy,False,False,True,0.02981035,0.00025736398,0.9029469,0.040801514,0.0012327546,0.023332862,0.0016182447
784,inesco,fyat,fyat_a397.wav,Angry,61,Angry,Angry,Angry,True,True,False,0.9562413,0.00021215544,0.003046778,0.014222133,0.00020430126,0.0003691601,0.025704214
785,inesco,fyat,fyat_a398.wav,Angry,65,Angry,Surprise,Angry,False,True,True,0.27285704,0.00029416502,0.14365199,0.0069261915,2.4492227e-05,0.0006762028,0.5755699
786,inesco,fyat,fyat_a399.wav,Angry,401,Angry,Happy,Happy,False,False,False,0.045462403,0.001886161,0.2634637,0.6424649,0.00065721234,0.020576399,0.025489207
787,inesco,fyat,fyat_a400.wav,Angry,241,Angry,Fear,Angry,False,True,True,0.030817928,0.0020103548,0.69272333,0.009150517,5.1776897e-05,0.013672067,0.251574
788,inesco,fyat,fyat_a401.wav,Angry,199,Angry,Angry,Angry,True,True,False,0.629725,0.00028941224,0.07717998,0.24022444,0.0030523469,0.00083564024,0.04869322
789,inesco,fyat,fyat_h001.wav,Happy,231,Happy,Surprise,Angry,False,False,True,0.24768889,0.09985514,0.12874298,0.053381003,0.01521344,0.020481588,0.43463686
790,inesco,fyat,fyat_h002.wav,Happy,148,Happy,Surprise,Happy,False,True,True,0.03921185,8.3169274e-05,0.051854845,0.06738582,3.5240691e-06,8.5320804e-05,0.8413754
791,inesco,fyat,fyat_h003.wav,Happy,237,Happy,Angry,Angry,False,False,False,0.8196025,0.042705037,0.014063347,0.055643745,0.00035830325,0.035277285,0.032349754
792,inesco,fyat,fyat_h004.wav,Happy,84,Happy,Angry,Angry,False,False,False,0.41470325,0.001309756,0.39378744,0.10729592,0.0002540755,0.00052113127,0.08212843
793,inesco,fyat,fyat_h005.wav,Happy,177,Happy,Surprise,Happy,False,True,True,0.022956867,0.28329542,0.006072845,0.024484834,3.0913768e-07,0.017187053,0.64600265
794,inesco,fyat,fyat_h006.wav,Happy,234,Happy,Disgust,Sad,False,False,True,0.031863883,0.5428189,0.005071962,0.0002674628,0.0010607853,0.41649368,0.0024233847
795,inesco,fyat,fyat_h007.wav,Happy,157,Happy,Angry,Angry,False,False,False,0.9137139,0.0004006646,0.0016375083,0.043036208,0.01717688,0.01592967,0.0081052445
796,inesco,fyat,fyat_h008.wav,Happy,257,Happy,Angry,Angry,False,False,False,0.6154186,0.021302309,0.010218017,0.12716398,0.005686933,0.21735679,0.0028533232
797,inesco,fyat,fyat_h009.wav,Happy,209,Happy,Fear,Happy,False,True,True,0.004025098,0.011295813,0.55932754,0.06941315,0.00020551278,0.0066548,0.34907812
798,inesco,fyat,fyat_h010.wav,Happy,247,Happy,Angry,Angry,False,False,False,0.47512808,0.08684858,0.010625287,0.19773541,0.023726348,0.17650482,0.029431492
799,inesco,fyat,fyat_h011.wav,Happy,237,Happy,Sad,Sad,False,False,False,0.15854484,0.37455457,0.0010573487,0.013120547,0.02212253,0.4287354,0.0018647916
800,inesco,fyat,fyat_h012.wav,Happy,273,Happy,Fear,Angry,False,False,True,0.11697494,0.0016953759,0.528498,0.113490105,9.934146e-05,0.011911686,0.22733054
801,inesco,fyat,fyat_h013.wav,Happy,337,Happy,Surprise,Happy,False,True,True,0.0013724503,0.0011547424,0.02113435,0.0112251565,8.863618e-06,0.0017387122,0.9633657
802,inesco,fyat,fyat_h014.wav,Happy,401,Happy,Sad,Sad,False,False,False,0.010383892,0.072489485,0.008225984,0.021157017,0.21968704,0.6670985,0.0009580195
803,inesco,fyat,fyat_h015.wav,Happy,183,Happy,Surprise,Happy,False,True,True,0.00044963008,0.0001537591,0.0011626466,0.050955426,9.407744e-08,2.0310657e-05,0.9472581
804,inesco,fyat,fyat_h016.wav,Happy,257,Happy,Angry,Angry,False,False,False,0.6327936,0.07267654,0.12606777,0.0006276413,2.0362999e-05,0.08609235,0.08172176
805,inesco,fyat,fyat_h017.wav,Happy,180,Happy,Angry,Angry,False,False,False,0.8330033,3.7133785e-05,0.024991898,0.12268343,0.0011234278,0.017533343,0.00062746264
806,inesco,fyat,fyat_h018.wav,Happy,401,Happy,Happy,Happy,True,True,False,0.21096736,0.20446998,0.0037604475,0.4360767,0.025654692,0.0771562,0.041914597
807,inesco,fyat,fyat_h019.wav,Happy,276,Happy,Disgust,Angry,False,False,True,0.025672317,0.56496686,0.0046616364,0.002617953,2.8873685e-05,0.021564094,0.3804882
808,inesco,fyat,fyat_h020.wav,Happy,266,Happy,Surprise,Angry,False,False,True,0.24588332,0.010698465,0.07254554,0.009992672,7.608998e-05,0.008553868,0.6522501
809,inesco,fyat,fyat_h021.wav,Happy,378,Happy,Surprise,Angry,False,False,True,0.01265558,0.0003533694,0.0059222304,0.0032565976,2.056124e-06,2.5861553e-05,0.9777843
810,inesco,fyat,fyat_h022.wav,Happy,372,Happy,Disgust,Happy,False,True,True,0.05496752,0.38376924,0.011169472,0.2832332,0.0013617497,0.20146295,0.06403576
811,inesco,fyat,fyat_h023.wav,Happy,228,Happy,Surprise,Angry,False,False,True,0.117468625,0.00023769056,0.095538326,0.053779703,1.3532083e-06,0.00036393057,0.73261034
812,inesco,fyat,fyat_h024.wav,Happy,145,Happy,Happy,Happy,True,True,False,0.049979627,2.7698434e-06,0.095627554,0.74688315,0.00026305232,0.00027557174,0.106968135
813,inesco,fyat,fyat_h025.wav,Happy,218,Happy,Sad,Sad,False,False,False,0.23845768,0.12085492,0.010412949,0.13487567,0.035893034,0.41517165,0.044334125
814,inesco,fyat,fyat_h026.wav,Happy,289,Happy,Disgust,Happy,False,True,True,0.082958065,0.33431765,0.104948215,0.27391395,0.00935747,0.17936535,0.015139307
815,inesco,fyat,fyat_h027.wav,Happy,260,Happy,Disgust,Sad,False,False,True,0.13387123,0.44948247,0.014156305,0.016586099,2.5912528e-05,0.3796359,0.006242104
816,inesco,fyat,fyat_h028.wav,Happy,173,Happy,Happy,Happy,True,True,False,0.021634704,1.0789467e-05,0.3354967,0.62743807,0.0028487481,0.011818427,0.0007525828
817,inesco,fyat,fyat_h029.wav,Happy,324,Happy,Happy,Happy,True,True,False,0.058231898,0.024493333,0.04849691,0.75597453,0.008112437,0.07593431,0.028756524
818,inesco,fyat,fyat_h030.wav,Happy,218,Happy,Neutral,Angry,False,False,True,0.0015330474,0.0004925885,0.0014601242,0.00059981004,0.6483877,8.635897e-06,0.3475181
819,inesco,fyat,fyat_h031.wav,Happy,401,Happy,Sad,Sad,False,False,False,0.002777836,0.000548768,0.007965202,0.003571065,0.23443851,0.7501339,0.00056476647
820,inesco,fyat,fyat_h032.wav,Happy,285,Happy,Surprise,Sad,False,False,True,0.014437015,0.33825487,0.0071493527,0.0012355983,0.000150973,0.071116015,0.56765616
821,inesco,fyat,fyat_h033.wav,Happy,273,Happy,Disgust,Sad,False,False,True,0.016051771,0.6375887,0.010121648,0.007300014,2.59251e-05,0.32794216,0.0009697902
822,inesco,fyat,fyat_h034.wav,Happy,285,Happy,Disgust,Sad,False,False,True,0.27261603,0.425695,0.00036712742,0.00014952537,0.0035957363,0.29613644,0.0014400863
823,inesco,fyat,fyat_h035.wav,Happy,346,Happy,Disgust,Sad,False,False,True,0.26495004,0.4018079,0.0005582385,0.006953564,0.011025633,0.31381434,0.00089030486
824,inesco,fyat,fyat_h036.wav,Happy,401,Happy,Fear,Happy,False,True,True,0.018837458,0.0016755696,0.50883085,0.28844723,0.009221371,0.017603159,0.15538436
825,inesco,fyat,fyat_h037.wav,Happy,401,Happy,Disgust,Happy,False,True,True,0.019018967,0.2920915,0.27855042,0.1632136,0.061024908,0.0882932,0.097807445
826,inesco,fyat,fyat_h038.wav,Happy,401,Happy,Sad,Sad,False,False,False,0.0066795372,0.03352498,0.008306918,0.06903918,0.04419066,0.83626664,0.001992116
827,inesco,fyat,fyat_h039.wav,Happy,282,Happy,Sad,Sad,False,False,False,0.24744152,0.24120678,0.039478313,0.17538188,0.0026344848,0.25796416,0.035892796
828,inesco,fyat,fyat_h040.wav,Happy,401,Happy,Surprise,Happy,False,True,True,0.016622612,0.0077294842,0.2384795,0.06775108,5.1708463e-05,0.06317313,0.60619247
829,inesco,fyat,fyat_h041.wav,Happy,100,Happy,Angry,Angry,False,False,False,0.57185936,6.3039886e-05,0.20502949,0.07487986,0.0035466298,0.0016161244,0.14300549
830,inesco,fyat,fyat_h042.wav,Happy,253,Happy,Sad,Sad,False,False,False,0.0066654743,0.061162185,0.033900004,0.006723601,0.012781111,0.8750028,0.0037648545
831,inesco,fyat,fyat_h043.wav,Happy,401,Happy,Sad,Sad,False,False,False,0.0058430354,0.010621649,0.24749468,0.085711725,0.026655432,0.41355714,0.2101164
832,inesco,fyat,fyat_h044.wav,Happy,372,Happy,Happy,Happy,True,True,False,0.12355587,0.14545982,0.057449844,0.34726945,0.003858358,0.1339341,0.1884726
833,inesco,fyat,fyat_h045.wav,Happy,276,Happy,Disgust,Sad,False,False,True,0.043926008,0.52004504,0.001148394,0.001325224,0.023569938,0.40945953,0.0005259388
834,inesco,fyat,fyat_h046.wav,Happy,269,Happy,Angry,Angry,False,False,False,0.62901473,0.010973601,0.001128743,0.0008977656,0.0006479855,0.0015903922,0.35574678
835,inesco,fyat,fyat_h047.wav,Happy,276,Happy,Sad,Sad,False,False,False,0.0016041531,0.00030015546,3.185884e-05,0.00040123396,0.28111306,0.7165314,1.8144034e-05
836,inesco,fyat,fyat_h048.wav,Happy,237,Happy,Angry,Angry,False,False,False,0.52589965,0.04506115,0.16970016,0.15375502,7.101645e-05,0.02076796,0.084745094
837,inesco,fyat,fyat_h049.wav,Happy,253,Happy,Sad,Sad,False,False,False,0.00032893568,0.0011877764,0.0023472009,0.0020192564,0.045651626,0.94719434,0.0012708963
838,inesco,fyat,fyat_h050.wav,Happy,173,Happy,Fear,Happy,False,True,True,0.00044757564,2.182502e-06,0.8024805,0.17691007,1.8177398e-05,0.0030086949,0.017132862
839,inesco,fyat,fyat_h051.wav,Happy,401,Happy,Happy,Happy,True,True,False,0.011102855,0.011377382,0.25366405,0.5018735,0.008172792,0.19697118,0.01683822
840,inesco,fyat,fyat_h052.wav,Happy,401,Happy,Sad,Sad,False,False,False,0.00876616,0.0016808425,0.00093510427,0.0693921,0.28398353,0.63432497,0.00091729284
841,inesco,fyat,fyat_h053.wav,Happy,401,Happy,Sad,Sad,False,False,False,0.0051965057,0.017616447,0.089075446,0.22402118,0.20376772,0.44716328,0.013159486
842,inesco,fyat,fyat_h054.wav,Happy,362,Happy,Happy,Happy,True,True,False,0.3977874,0.033642,0.034777626,0.39832047,0.0065716673,0.046338506,0.0825623
843,inesco,fyat,fyat_h055.wav,Happy,401,Happy,Sad,Sad,False,False,False,0.01583692,0.06614323,0.0045548305,0.018906012,0.023594413,0.86586434,0.005100258
844,inesco,fyat,fyat_h056.wav,Happy,359,Happy,Sad,Sad,False,False,False,0.22734317,0.12326804,0.0033198365,0.0041911267,0.05188834,0.576952,0.01303751
845,inesco,fyat,fyat_h057.wav,Happy,369,Happy,Sad,Sad,False,False,False,0.012386295,0.031915702,0.0011457826,0.0021514837,0.022085292,0.9275377,0.0027777688
846,inesco,fyat,fyat_h058.wav,Happy,401,Happy,Sad,Sad,False,False,False,0.1756318,0.037317388,0.0018227161,0.056550745,0.101965696,0.6202411,0.0064704884
847,inesco,fyat,fyat_h059.wav,Happy,298,Happy,Angry,Angry,False,False,False,0.68018305,0.21091217,0.000603683,0.00533756,0.0049263155,0.0974664,0.0005707325
848,inesco,fyat,fyat_h060.wav,Happy,401,Happy,Surprise,Sad,False,False,True,0.03366694,0.0075304094,0.13156766,0.24827975,0.00024947646,0.28218958,0.29651618
849,inesco,fyat,fyat_h061.wav,Happy,148,Happy,Fear,Angry,False,False,True,0.057617184,0.0005061136,0.7078436,0.0064011556,2.7509135e-05,0.0068145883,0.22078983
850,inesco,fyat,fyat_h062.wav,Happy,365,Happy,Sad,Sad,False,False,False,0.027385307,0.03229105,0.0042485534,0.016587067,0.23184894,0.68405837,0.0035807162
851,inesco,fyat,fyat_h063.wav,Happy,301,Happy,Neutral,Angry,False,False,True,0.145845,0.013258914,0.00025107744,0.013885672,0.7231475,0.10338079,0.00023107373
852,inesco,fyat,fyat_h064.wav,Happy,276,Happy,Sad,Sad,False,False,False,0.0017744583,0.0018062909,0.00054200826,0.003539274,0.2796613,0.7124755,0.00020122324
853,inesco,fyat,fyat_h065.wav,Happy,375,Happy,Sad,Sad,False,False,False,0.006569373,0.014470118,0.08684464,0.046304516,0.05908286,0.67344606,0.1132825
854,inesco,fyat,fyat_h066.wav,Happy,311,Happy,Angry,Angry,False,False,False,0.7531367,0.030523159,0.041026816,0.09264428,0.00017746045,0.019299949,0.06319162
855,inesco,fyat,fyat_h067.wav,Happy,401,Happy,Sad,Sad,False,False,False,0.055011492,0.053944305,0.05182116,0.1753693,0.15957078,0.43893144,0.06535149
856,inesco,fyat,fyat_h068.wav,Happy,401,Happy,Sad,Sad,False,False,False,0.04450116,0.014602461,0.0013031935,0.0087863775,0.30332044,0.62598044,0.0015058888
857,inesco,fyat,fyat_h069.wav,Happy,401,Happy,Sad,Sad,False,False,False,0.0016628,0.0023578191,0.0016005959,0.0124473665,0.12668571,0.8550514,0.00019428544
858,inesco,fyat,fyat_h070.wav,Happy,401,Happy,Neutral,Angry,False,False,True,0.24119379,0.12718157,0.022369573,0.10324056,0.26965365,0.2212752,0.015085645
859,inesco,fyat,fyat_h071.wav,Happy,381,Happy,Sad,Sad,False,False,False,0.006812979,0.012286286,0.0011416596,0.008442354,0.37598908,0.59513664,0.00019099789
860,inesco,fyat,fyat_h072.wav,Happy,372,Happy,Sad,Sad,False,False,False,0.004686012,0.04254072,0.003920454,0.003082128,0.4348815,0.50960785,0.0012813525
861,inesco,fyat,fyat_h073.wav,Happy,202,Happy,Disgust,Angry,False,False,True,0.40312377,0.56308997,0.00017526929,0.0004471215,0.027809298,0.0025361967,0.0028184035
862,inesco,fyat,fyat_h074.wav,Happy,353,Happy,Sad,Sad,False,False,False,0.16468768,0.0036392733,0.04314529,0.037310056,0.03051587,0.6294299,0.09127195
863,inesco,fyat,fyat_h075.wav,Happy,250,Happy,Angry,Angry,False,False,False,0.36525705,0.2516699,0.14195229,0.010209503,0.0011661106,0.03418629,0.19555885
864,inesco,fyat,fyat_h076.wav,Happy,263,Happy,Sad,Sad,False,False,False,0.020097928,0.0036606505,0.0044371686,0.010074779,0.0629408,0.897493,0.0012956645
865,inesco,fyat,fyat_h077.wav,Happy,308,Happy,Angry,Angry,False,False,False,0.7619882,0.104656816,0.0029722445,0.012034165,0.027331049,0.04151674,0.049500857
866,inesco,fyat,fyat_h078.wav,Happy,273,Happy,Sad,Sad,False,False,False,0.03655147,0.022422114,0.0009407933,0.0031611053,0.055792917,0.88005966,0.0010719367
867,inesco,fyat,fyat_h079.wav,Happy,401,Happy,Neutral,Sad,False,False,True,0.043459255,0.06812033,0.0021499759,0.005047955,0.667706,0.2119826,0.0015338166
868,inesco,fyat,fyat_h080.wav,Happy,401,Happy,Surprise,Sad,False,False,True,0.026760833,0.055363644,0.120686285,0.045347244,0.0027039612,0.09945076,0.6496873
869,inesco,fyat,fyat_h081.wav,Happy,372,Happy,Disgust,Angry,False,False,True,0.30838376,0.333562,0.050810967,0.031722266,0.055471245,0.14341012,0.07663961
870,inesco,fyat,fyat_h082.wav,Happy,391,Happy,Sad,Sad,False,False,False,0.009161955,0.0071742134,0.004471909,0.003268313,0.059991173,0.9150464,0.0008860551
871,inesco,fyat,fyat_h083.wav,Happy,401,Happy,Sad,Sad,False,False,False,0.0010683221,0.0020375068,0.00017579127,0.0021219575,0.4048854,0.5891034,0.000607576
872,inesco,fyat,fyat_h084.wav,Happy,244,Happy,Angry,Angry,False,False,False,0.5665103,0.3633851,0.009971362,0.020347353,8.5254884e-05,0.01165917,0.028041426
873,inesco,fyat,fyat_h085.wav,Happy,401,Happy,Sad,Sad,False,False,False,0.12175625,0.18581209,0.012123691,0.012709234,0.07104429,0.4924452,0.104109265
874,inesco,fyat,fyat_h086.wav,Happy,321,Happy,Sad,Sad,False,False,False,0.01207239,0.0055972147,0.01855,0.03545761,0.45992807,0.46379822,0.004596516
875,inesco,fyat,fyat_h087.wav,Happy,218,Happy,Fear,Angry,False,False,True,0.0019016843,0.0015099394,0.85216653,0.0013228623,0.0015830263,0.00035839074,0.14115757
876,inesco,fyat,fyat_h088.wav,Happy,321,Happy,Disgust,Sad,False,False,True,0.086760305,0.64855206,0.007934481,0.0012973632,0.014578784,0.22400635,0.016870648
877,inesco,fyat,fyat_h089.wav,Happy,401,Happy,Sad,Sad,False,False,False,0.01363057,0.05896953,0.0013898764,0.08526371,0.08525752,0.75494355,0.0005452263
878,inesco,fyat,fyat_h090.wav,Happy,113,Happy,Fear,Angry,False,False,True,0.053460862,0.008914086,0.88480145,0.01867995,0.0008432875,0.008734971,0.02456545
879,inesco,fyat,fyat_h091.wav,Happy,401,Happy,Sad,Sad,False,False,False,0.0051876362,0.0064993547,8.108574e-06,0.0005012441,0.04719741,0.9406026,3.6568774e-06
880,inesco,fyat,fyat_h092.wav,Happy,215,Happy,Neutral,Sad,False,False,True,0.06331589,0.0021142291,0.00023057367,0.040333487,0.59953254,0.29400823,0.00046500715
881,inesco,fyat,fyat_h093.wav,Happy,378,Happy,Sad,Sad,False,False,False,0.021078907,0.022895023,9.033183e-05,0.0104033,0.43590468,0.509501,0.00012667426
882,inesco,fyat,fyat_h094.wav,Happy,375,Happy,Angry,Angry,False,False,False,0.7599561,0.01409066,0.0062296907,0.16888246,0.0015956656,0.013953728,0.035291564
883,inesco,fyat,fyat_h095.wav,Happy,301,Happy,Neutral,Sad,False,False,True,0.09876486,0.28189293,0.011039026,0.011775998,0.29578722,0.2890052,0.01173477
884,inesco,fyat,fyat_h096.wav,Happy,209,Happy,Neutral,Sad,False,False,True,0.00020809495,2.7668768e-06,0.00028631891,0.0003090085,0.97344166,0.025667103,8.503684e-05
885,inesco,fyat,fyat_h097.wav,Happy,225,Happy,Happy,Happy,True,True,False,0.08667747,0.0053777057,0.2924447,0.55748373,0.00014040261,0.017861754,0.040014286
886,inesco,fyat,fyat_h098.wav,Happy,401,Happy,Sad,Sad,False,False,False,0.005350555,0.009834497,0.034331482,0.26193106,0.010265122,0.4618911,0.21639623
887,inesco,fyat,fyat_h099.wav,Happy,109,Happy,Fear,Happy,False,True,True,0.0026766364,2.7736296e-05,0.6231907,0.020213198,9.466988e-06,0.0001334986,0.35374877
888,inesco,fyat,fyat_h100.wav,Happy,228,Happy,Disgust,Angry,False,False,True,0.3369714,0.33949062,0.01364487,0.0011858825,0.0028957487,0.0022085512,0.30360302
889,inesco,fyat,fyat_h101.wav,Happy,273,Happy,Angry,Angry,False,False,False,0.6728693,0.10057152,0.00010755486,0.022412457,0.070734456,0.13314582,0.00015887925
890,inesco,fyat,fyat_h102.wav,Happy,234,Happy,Neutral,Sad,False,False,True,0.0078057004,0.02634511,0.0030174756,0.0010203122,0.48835862,0.47281545,0.00063728937
891,inesco,fyat,fyat_h103.wav,Happy,401,Happy,Sad,Sad,False,False,False,0.0007305106,0.0021085588,0.0003267184,0.006936664,0.07213076,0.9172401,0.0005267334
892,inesco,fyat,fyat_h104.wav,Happy,401,Happy,Happy,Happy,True,True,False,0.036456417,0.009061771,0.0031800468,0.81000143,0.033047143,0.08190424,0.026349049
893,inesco,fyat,fyat_h105.wav,Happy,263,Happy,Sad,Sad,False,False,False,0.11472087,0.0027741955,0.0001516158,0.010123539,0.32226357,0.54943717,0.00052903977
894,inesco,fyat,fyat_h106.wav,Happy,305,Happy,Angry,Angry,False,False,False,0.7812963,0.025632659,0.010066131,0.095479704,0.022081273,0.051204856,0.014239098
895,inesco,fyat,fyat_h107.wav,Happy,401,Happy,Neutral,Sad,False,False,True,0.011590768,0.14637683,7.6595e-05,0.0025898637,0.62034625,0.21714717,0.0018725331
896,inesco,fyat,fyat_h108.wav,Happy,401,Happy,Disgust,Sad,False,False,True,0.0041926666,0.65840495,0.018377671,0.021649335,0.01064778,0.19570637,0.091021225
897,inesco,fyat,fyat_h109.wav,Happy,276,Happy,Sad,Sad,False,False,False,0.051342506,0.0058642616,0.0039138575,0.01624202,0.14192975,0.779535,0.00117252
898,inesco,fyat,fyat_h110.wav,Happy,401,Happy,Neutral,Sad,False,False,True,0.050281763,0.20552243,0.005740607,0.08461589,0.37038833,0.28174028,0.0017106871
899,inesco,fyat,fyat_h111.wav,Happy,327,Happy,Sad,Sad,False,False,False,0.003569918,0.004923797,0.05891873,0.17060566,0.0018823523,0.7554547,0.0046447967
900,inesco,fyat,fyat_h112.wav,Happy,401,Happy,Happy,Happy,True,True,False,0.17068996,0.09304151,0.01598081,0.44335502,0.09141902,0.16051956,0.02499412
901,inesco,fyat,fyat_h113.wav,Happy,401,Happy,Happy,Happy,True,True,False,0.003946221,0.006676822,0.36748922,0.44314158,0.0010216843,0.095311135,0.08241327
902,inesco,fyat,fyat_h114.wav,Happy,228,Happy,Angry,Angry,False,False,False,0.48826987,0.024414029,0.03145853,0.3903049,0.033935126,0.008457742,0.023159752
903,inesco,fyat,fyat_h115.wav,Happy,401,Happy,Sad,Sad,False,False,False,0.019736415,0.015129699,0.0001032026,0.013445679,0.14707954,0.80441755,8.791135e-05
904,inesco,fyat,fyat_h116.wav,Happy,135,Happy,Angry,Angry,False,False,False,0.46632373,0.0005435655,0.03337687,0.43103093,0.003510646,0.00069946557,0.06451487
905,inesco,fyat,fyat_h117.wav,Happy,253,Happy,Sad,Sad,False,False,False,0.00036164504,0.058267586,0.00039231178,8.2292565e-05,0.0012537047,0.9395329,0.00010950969
906,inesco,fyat,fyat_h118.wav,Happy,349,Happy,Disgust,Sad,False,False,True,0.06885924,0.5119398,0.023628237,0.060647152,0.008863877,0.2640707,0.06199101
907,inesco,fyat,fyat_h119.wav,Happy,317,Happy,Sad,Sad,False,False,False,0.05674955,0.13747962,0.26770425,0.055886053,0.004475631,0.3229797,0.15472524
908,inesco,fyat,fyat_h120.wav,Happy,401,Happy,Sad,Sad,False,False,False,0.051090803,0.033219457,0.017236086,0.26545283,0.08208957,0.5192372,0.03167393
909,inesco,fyat,fyat_h121.wav,Happy,266,Happy,Surprise,Happy,False,True,True,0.09758161,0.020018198,0.033767648,0.10470865,7.1476876e-05,0.00093925284,0.7429131
910,inesco,fyat,fyat_h122.wav,Happy,276,Happy,Sad,Sad,False,False,False,0.021705246,0.37420303,7.203378e-05,9.169905e-05,0.15933509,0.44421154,0.00038132424
911,inesco,fyat,fyat_h123.wav,Happy,337,Happy,Surprise,Happy,False,True,True,0.00022442755,0.0016210661,0.09704672,0.05334754,2.4756922e-05,0.009364357,0.8383711
912,inesco,fyat,fyat_h124.wav,Happy,321,Happy,Disgust,Angry,False,False,True,0.2598069,0.33489367,0.060025524,0.023943832,0.0051503303,0.017727155,0.29845256
913,inesco,fyat,fyat_h125.wav,Happy,157,Happy,Fear,Angry,False,False,True,0.0005455891,7.911213e-07,0.9989636,0.00013508217,0.00011888127,7.5890484e-06,0.00022851676
914,inesco,fyat,fyat_h126.wav,Happy,401,Happy,Sad,Sad,False,False,False,0.0061161835,0.06184809,0.015578704,0.24909179,0.022530703,0.6026796,0.042154927
915,inesco,fyat,fyat_h127.wav,Happy,260,Happy,Disgust,Sad,False,False,True,0.03704802,0.4061835,0.0077343616,0.0027734542,6.131678e-05,0.2041969,0.34200245
916,inesco,fyat,fyat_h128.wav,Happy,257,Happy,Surprise,Happy,False,True,True,0.08586973,0.0052962285,0.08234924,0.39580074,2.9868643e-06,0.012811061,0.41787
917,inesco,fyat,fyat_h129.wav,Happy,212,Happy,Neutral,Angry,False,False,True,0.003968538,0.057437584,0.0015994419,9.318737e-05,0.9358869,0.00032694958,0.000687309
918,inesco,fyat,fyat_h130.wav,Happy,183,Happy,Fear,Happy,False,True,True,0.0063559273,0.00036360396,0.9449771,0.045909226,0.0002457169,0.0013897836,0.0007587027
919,inesco,fyat,fyat_h131.wav,Happy,202,Happy,Happy,Happy,True,True,False,0.009356344,0.0007580225,0.035573144,0.57477075,0.0015692555,0.16259742,0.21537516
920,inesco,fyat,fyat_h132.wav,Happy,372,Happy,Disgust,Sad,False,False,True,0.18895105,0.33685854,0.009283993,0.13763544,0.0760965,0.22290115,0.028273316
921,inesco,fyat,fyat_h133.wav,Happy,241,Happy,Happy,Happy,True,True,False,0.10976444,0.23734054,0.11572101,0.2745537,0.00015085259,0.2303787,0.03209078
922,inesco,fyat,fyat_h134.wav,Happy,401,Happy,Angry,Angry,False,False,False,0.4406988,0.31459653,0.00018363148,0.20353687,0.010630452,0.026961692,0.0033920628
923,inesco,fyat,fyat_h135.wav,Happy,273,Happy,Sad,Sad,False,False,False,0.0086218035,0.004477696,0.13001789,0.087323084,0.0006465564,0.65555084,0.11336215
924,inesco,fyat,fyat_h136.wav,Happy,266,Happy,Fear,Happy,False,True,True,0.001642562,0.00011388697,0.8813455,0.052141953,3.6222173e-06,0.00019843345,0.064554
925,inesco,fyat,fyat_h137.wav,Happy,221,Happy,Disgust,Angry,False,False,True,0.16843022,0.25963643,0.2509872,0.070732184,0.10371228,0.13591117,0.010590463
926,inesco,fyat,fyat_h138.wav,Happy,260,Happy,Sad,Sad,False,False,False,0.2834845,0.22314607,0.0025713544,0.03750811,0.10640122,0.31241646,0.03447231
927,inesco,fyat,fyat_h139.wav,Happy,314,Happy,Neutral,Sad,False,False,True,0.005938952,0.013728433,0.00020640965,0.005628257,0.9160789,0.05838257,3.650992e-05
928,inesco,fyat,fyat_h140.wav,Happy,180,Happy,Neutral,Sad,False,False,True,0.0031217337,0.0017517116,0.0014067937,0.02163866,0.8482249,0.12260253,0.0012537306
929,inesco,fyat,fyat_h141.wav,Happy,237,Happy,Angry,Angry,False,False,False,0.26440677,0.1936564,0.21837763,0.105648614,0.0017140788,0.0006779808,0.21551855
930,inesco,fyat,fyat_h142.wav,Happy,180,Happy,Happy,Happy,True,True,False,0.036962666,0.00039531535,0.10543902,0.62678087,0.018899886,0.20753449,0.00398765
931,inesco,fyat,fyat_h143.wav,Happy,298,Happy,Sad,Sad,False,False,False,0.29496852,0.23981957,0.001780604,0.022045812,0.009113262,0.43059543,0.0016768185
932,inesco,fyat,fyat_h144.wav,Happy,343,Happy,Fear,Happy,False,True,True,0.0018696376,0.00710442,0.6399331,0.18814784,0.0037257401,0.030283872,0.12893541
933,inesco,fyat,fyat_h145.wav,Happy,218,Happy,Neutral,Sad,False,False,True,0.0039149094,0.15577227,0.00022438704,0.0006431016,0.6860081,0.15341817,1.9091987e-05
934,inesco,fyat,fyat_h146.wav,Happy,93,Happy,Happy,Happy,True,True,False,0.19584192,0.008747945,0.26184934,0.33073178,0.02554721,0.025479551,0.15180221
935,inesco,fyat,fyat_h147.wav,Happy,167,Happy,Angry,Angry,False,False,False,0.78564507,0.00024479057,0.0029124892,0.1372503,0.033502445,0.0021237445,0.0383212
936,inesco,fyat,fyat_h148.wav,Happy,157,Happy,Neutral,Happy,False,True,True,0.00020049674,8.784837e-05,0.011728905,0.05504351,0.9297505,0.0031802892,8.382585e-06
937,inesco,fyat,fyat_h149.wav,Happy,346,Happy,Sad,Sad,False,False,False,0.05668181,0.20429833,0.06559167,0.061900735,0.0013080246,0.34279254,0.26742694
938,inesco,fyat,fyat_h150.wav,Happy,237,Happy,Disgust,Angry,False,False,True,0.2209975,0.43862268,0.004506403,0.07345656,0.07599753,0.18393338,0.0024859535
939,inesco,fyat,fyat_h151.wav,Happy,305,Happy,Sad,Sad,False,False,False,0.20357308,0.015523734,0.040684234,0.029197054,0.05998346,0.63777554,0.013262924
940,inesco,fyat,fyat_h152.wav,Happy,401,Happy,Sad,Sad,False,False,False,0.0041276203,0.04083332,0.006165728,0.0011755166,0.3688875,0.5724371,0.0063730935
941,inesco,fyat,fyat_h153.wav,Happy,401,Happy,Disgust,Angry,False,False,True,0.11517681,0.65607446,0.011325641,0.06410175,0.0011899867,0.07251976,0.079611614
942,inesco,fyat,fyat_h154.wav,Happy,285,Happy,Sad,Sad,False,False,False,0.12707363,0.010271754,0.010217929,0.010911147,0.0046211653,0.8365352,0.00036912618
943,inesco,fyat,fyat_h155.wav,Happy,247,Happy,Disgust,Angry,False,False,True,0.1952067,0.31824744,0.14198457,0.052030582,3.5676298e-05,0.0068122856,0.28568274
944,inesco,fyat,fyat_h156.wav,Happy,388,Happy,Sad,Sad,False,False,False,0.0077412273,0.019347975,0.022681976,0.0013467793,0.0072069997,0.78755844,0.15411657
945,inesco,fyat,fyat_h157.wav,Happy,381,Happy,Disgust,Angry,False,False,True,0.23150752,0.6007302,0.0027728276,0.034522913,0.02040981,0.10765999,0.0023968064
946,inesco,fyat,fyat_h158.wav,Happy,401,Happy,Sad,Sad,False,False,False,0.0006874502,0.015058043,4.9865546e-05,0.00029071688,0.07525367,0.90862906,3.1146847e-05
947,inesco,fyat,fyat_h159.wav,Happy,327,Happy,Angry,Angry,False,False,False,0.49586707,0.14414564,0.0007441592,0.0055010524,0.27936757,0.071641564,0.0027328888
948,inesco,fyat,fyat_h160.wav,Happy,346,Happy,Angry,Angry,False,False,False,0.5548108,0.12360338,0.0021326055,0.12809056,0.14033766,0.045365393,0.005659577
949,inesco,fyat,fyat_h161.wav,Happy,247,Happy,Disgust,Sad,False,False,True,0.02395959,0.42228985,0.00042448958,0.0011024748,0.37318036,0.17896354,7.9705205e-05
950,inesco,fyat,fyat_h162.wav,Happy,343,Happy,Neutral,Sad,False,False,True,0.011804103,0.009322132,0.008998073,0.01395628,0.6867999,0.26868397,0.00043552998
951,inesco,fyat,fyat_h163.wav,Happy,308,Happy,Disgust,Sad,False,False,True,0.017228443,0.45346284,0.0093986355,0.01194586,0.0035794561,0.14008862,0.36429614
952,inesco,fyat,fyat_h164.wav,Happy,106,Happy,Fear,Happy,False,True,True,0.020618346,0.00050556706,0.76026493,0.042418256,0.024594437,0.011755358,0.13984317
953,inesco,fyat,fyat_h165.wav,Happy,279,Happy,Sad,Sad,False,False,False,0.00024122364,0.011137226,0.007406101,0.00039500577,0.0027978162,0.9777579,0.00026468455
954,inesco,fyat,fyat_h166.wav,Happy,141,Happy,Fear,Angry,False,False,True,0.09249797,3.2715587e-05,0.8613896,0.028633215,0.0031689098,0.0041741366,0.010103525
955,inesco,fyat,fyat_h167.wav,Happy,157,Happy,Angry,Angry,False,False,False,0.7275618,3.318018e-05,0.007163816,0.25189662,0.008488044,0.0010398842,0.003816689
956,inesco,fyat,fyat_h168.wav,Happy,228,Happy,Sad,Sad,False,False,False,0.020055344,0.001981898,4.1824584e-05,0.00067184836,0.15620087,0.8210087,3.9546754e-05
957,inesco,fyat,fyat_h169.wav,Happy,218,Happy,Sad,Sad,False,False,False,0.0005330201,0.003990252,0.0010392452,0.0005870069,0.18487616,0.8088087,0.00016560197
958,inesco,fyat,fyat_h170.wav,Happy,186,Happy,Neutral,Angry,False,False,True,0.28809318,0.0010916925,0.0013679782,0.03679853,0.66472644,0.0059823007,0.0019399178
959,inesco,fyat,fyat_h171.wav,Happy,157,Happy,Angry,Angry,False,False,False,0.81121635,5.7520603e-05,0.016441284,0.0793974,0.023149151,0.010166183,0.05957203
960,inesco,fyat,fyat_h172.wav,Happy,394,Happy,Fear,Happy,False,True,True,0.00264989,0.001901494,0.47016743,0.21820071,0.0006874177,0.0044275937,0.30196542
961,inesco,fyat,fyat_h173.wav,Happy,186,Happy,Neutral,Happy,False,True,True,0.03815014,5.3316944e-05,0.109623626,0.28803593,0.44730613,0.11508347,0.0017473754
962,inesco,fyat,fyat_h174.wav,Happy,97,Happy,Fear,Happy,False,True,True,0.0031428952,1.5860192e-05,0.76768404,0.08322374,2.7040714e-05,9.724056e-05,0.14580919
963,inesco,fyat,fyat_h175.wav,Happy,212,Happy,Neutral,Sad,False,False,True,7.8103105e-05,1.0766367e-05,3.2580485e-07,5.9284266e-06,0.9960079,0.0038962185,7.3852516e-07
964,inesco,fyat,fyat_h176.wav,Happy,183,Happy,Happy,Happy,True,True,False,0.020140467,0.0024085983,0.0020040255,0.7484035,0.0067798905,0.21569301,0.004570516
965,inesco,fyat,fyat_h177.wav,Happy,324,Happy,Neutral,Sad,False,False,True,0.0096908845,0.01997358,0.00012732948,0.0007460453,0.9019357,0.06751425,1.229718e-05
966,inesco,fyat,fyat_h178.wav,Happy,401,Happy,Sad,Sad,False,False,False,0.0046930024,0.068399556,0.025294056,0.061091527,0.0296094,0.79913,0.011782409
967,inesco,fyat,fyat_h179.wav,Happy,298,Happy,Sad,Sad,False,False,False,0.028981853,0.011866743,0.001566912,0.05449145,0.0731627,0.82796544,0.001964796
968,inesco,fyat,fyat_h180.wav,Happy,266,Happy,Sad,Sad,False,False,False,0.0011434769,0.0005960348,4.2016785e-05,0.0049327496,0.0007105043,0.9925178,5.735756e-05
969,inesco,fyat,fyat_h181.wav,Happy,167,Happy,Neutral,Sad,False,False,True,0.00064382923,0.019211186,0.093965255,0.00067494414,0.7565258,0.12878647,0.00019249303
970,inesco,fyat,fyat_h182.wav,Happy,247,Happy,Sad,Sad,False,False,False,0.14156158,0.069349855,0.00016904889,0.030707411,0.014669138,0.7320541,0.011488744
971,inesco,fyat,fyat_h183.wav,Happy,186,Happy,Sad,Sad,False,False,False,0.00034623858,0.0078403875,0.0002701402,0.0012844637,0.40135327,0.58836627,0.00053919584
972,inesco,fyat,fyat_h184.wav,Happy,164,Happy,Fear,Sad,False,False,True,0.017267574,0.011758499,0.6186107,0.11150657,0.014891535,0.20303367,0.02293144
973,inesco,fyat,fyat_h185.wav,Happy,301,Happy,Sad,Sad,False,False,False,0.0013926438,0.00049289834,0.00039291964,0.0030317686,0.0090472195,0.98481584,0.0008267564
974,inesco,fyat,fyat_h186.wav,Happy,401,Happy,Sad,Sad,False,False,False,0.025822263,0.007517345,0.0019300875,0.06812089,0.023156919,0.87096184,0.0024907396
975,inesco,fyat,fyat_h187.wav,Happy,401,Happy,Disgust,Angry,False,False,True,0.2720723,0.31240588,0.011508797,0.11615391,0.0090373065,0.21013571,0.068686135
976,inesco,fyat,fyat_h188.wav,Happy,330,Happy,Sad,Sad,False,False,False,0.0071068197,0.032272168,0.010264166,0.009299939,0.0054891645,0.93504965,0.0005180689
977,inesco,fyat,fyat_h189.wav,Happy,369,Happy,Surprise,Happy,False,True,True,0.092913985,0.030328633,0.03099677,0.10346811,0.00566411,0.006777656,0.7298507
978,inesco,fyat,fyat_h190.wav,Happy,340,Happy,Surprise,Happy,False,True,True,0.03720644,0.0068003265,0.005526373,0.056796327,2.602131e-05,0.0227207,0.8709239
979,inesco,fyat,fyat_h191.wav,Happy,225,Happy,Neutral,Happy,False,True,True,0.010246692,0.0036123104,0.00036243864,0.22062719,0.58133876,0.18277016,0.0010424588
980,inesco,fyat,fyat_h192.wav,Happy,401,Happy,Sad,Sad,False,False,False,0.031861093,0.10139576,0.0040659956,0.0062549803,0.4136066,0.44125402,0.0015615402
981,inesco,fyat,fyat_h193.wav,Happy,378,Happy,Sad,Sad,False,False,False,0.0018422274,0.24866623,0.00483917,0.00018498179,0.024568604,0.7196672,0.00023162959
982,inesco,fyat,fyat_h194.wav,Happy,401,Happy,Happy,Happy,True,True,False,0.009852022,0.0019499843,0.0075413045,0.897472,1.1147939e-05,0.0010062752,0.08216725
983,inesco,fyat,fyat_h195.wav,Happy,359,Happy,Sad,Sad,False,False,False,0.09297949,0.02051274,0.00773168,0.14654654,0.012757114,0.69991344,0.019559002
984,inesco,fyat,fyat_h196.wav,Happy,401,Happy,Sad,Sad,False,False,False,0.02001406,0.021603355,0.0019951537,0.0010953879,0.058467247,0.8952035,0.0016213371
985,inesco,fyat,fyat_h197.wav,Happy,372,Happy,Sad,Sad,False,False,False,0.014782863,0.24720351,1.3261228e-05,0.004719381,0.18620609,0.547063,1.18728985e-05
986,inesco,fyat,fyat_h198.wav,Happy,378,Happy,Disgust,Sad,False,False,True,0.008608003,0.9152085,0.00077170954,0.002107231,0.012781911,0.06019286,0.000329732
987,inesco,fyat,fyat_h199.wav,Happy,225,Happy,Sad,Sad,False,False,False,0.00026823804,0.024212904,0.002386935,0.00049847324,0.43440482,0.5381033,0.00012542741
988,inesco,fyat,fyat_h200.wav,Happy,100,Happy,Fear,Angry,False,False,True,0.004237567,4.629654e-06,0.9860723,0.0036395679,0.0023294908,0.0015208235,0.0021955555
989,inesco,fyat,fyat_h201.wav,Happy,372,Happy,Sad,Sad,False,False,False,0.00032017045,7.661677e-05,6.005982e-05,0.000111469206,0.33731627,0.6620849,3.0446068e-05
990,inesco,fyat,fyat_h202.wav,Happy,324,Happy,Surprise,Happy,False,True,True,0.0064307186,0.004627279,0.23894155,0.09515679,0.00026955167,0.083594844,0.57097924
991,inesco,fyat,fyat_h203.wav,Happy,324,Happy,Neutral,Sad,False,False,True,0.0050398046,0.00046977797,0.0013485852,0.0033607667,0.54556876,0.44386122,0.00035107235
992,inesco,fyat,fyat_h204.wav,Happy,298,Happy,Sad,Sad,False,False,False,0.03710916,0.025582712,0.006179947,0.010826257,0.010724196,0.896996,0.012581592
993,inesco,fyat,fyat_h205.wav,Happy,401,Happy,Sad,Sad,False,False,False,0.077208854,0.026145466,0.00014635583,0.011748689,0.0015291538,0.8823959,0.0008255706
994,inesco,fyat,fyat_h206.wav,Happy,401,Happy,Sad,Sad,False,False,False,0.007358647,0.029571166,0.0726641,0.028770763,0.02379401,0.76397294,0.07386837
995,inesco,fyat,fyat_h207.wav,Happy,401,Happy,Sad,Sad,False,False,False,0.0045664017,0.012639625,0.0028022598,0.0074878153,0.065166645,0.9070927,0.00024459593
996,inesco,fyat,fyat_h208.wav,Happy,311,Happy,Fear,Angry,False,False,True,0.2536962,0.00034147318,0.7348555,0.0027368064,2.9844621e-05,0.004180985,0.004159243
997,inesco,fyat,fyat_h209.wav,Happy,401,Happy,Sad,Sad,False,False,False,0.011125546,0.020461582,0.002274892,0.048306923,0.28297195,0.6339212,0.0009378965
998,inesco,fyat,fyat_h210.wav,Happy,401,Happy,Sad,Sad,False,False,False,0.0011373787,0.014754019,0.00026419514,0.0006386134,0.27766803,0.7053517,0.00018607853
999,inesco,fyat,fyat_h211.wav,Happy,285,Happy,Sad,Sad,False,False,False,0.07877563,0.05382647,0.0064202244,0.0018814293,0.005143787,0.8507712,0.003181189
1000,inesco,fyat,fyat_s402.wav,Sad,340,Sad,Disgust,Sad,False,True,True,0.108654186,0.48880526,0.0013180465,0.0059340075,0.0046704905,0.3879215,0.002696521
1001,inesco,fyat,fyat_s403.wav,Sad,285,Sad,Sad,Sad,True,True,False,0.0024698717,0.0021316411,0.041863587,0.001009063,0.0025823796,0.9484036,0.0015398242
1002,inesco,fyat,fyat_s404.wav,Sad,273,Sad,Fear,Sad,False,True,True,0.040144194,0.0021832285,0.73584604,0.03016688,0.007903786,0.18226266,0.0014932055
1003,inesco,fyat,fyat_s405.wav,Sad,401,Sad,Fear,Angry,False,False,True,0.09379491,0.000751344,0.6141061,0.08273763,0.0007517461,0.0064759343,0.20138232
1004,inesco,fyat,fyat_s406.wav,Sad,273,Sad,Angry,Angry,False,False,False,0.9447624,0.0001231743,0.05127867,0.00093671575,2.6973014e-05,0.00011639642,0.0027555746
1005,inesco,fyat,fyat_s407.wav,Sad,205,Sad,Fear,Happy,False,False,True,0.0007888543,0.00042795413,0.8946477,0.08299501,0.0015661484,0.018765496,0.00080879347
1006,inesco,fyat,fyat_s408.wav,Sad,180,Sad,Angry,Angry,False,False,False,0.50561327,3.2930795e-05,0.016184643,0.4746528,0.0012770293,0.0016394755,0.00059995806
1007,inesco,fyat,fyat_s409.wav,Sad,273,Sad,Fear,Sad,False,True,True,0.08260319,0.0030669947,0.6886814,0.087124825,0.0014285502,0.093414985,0.043680016
1008,inesco,fyat,fyat_s410.wav,Sad,401,Sad,Surprise,Angry,False,False,True,0.0066801743,4.7218768e-05,0.39149734,0.0050797453,4.1683747e-06,0.00019584426,0.5964955
1009,inesco,fyat,fyat_s411.wav,Sad,372,Sad,Sad,Sad,True,True,False,0.007907761,0.05744154,0.00023264534,0.0001766867,0.0011561473,0.93303,5.5143086e-05
1010,inesco,fyat,fyat_s412.wav,Sad,167,Sad,Fear,Happy,False,False,True,6.063527e-06,1.5525751e-07,0.9997539,0.0001737392,1.19183646e-07,9.0312295e-07,6.5127606e-05
1011,inesco,fyat,fyat_s413.wav,Sad,401,Sad,Fear,Happy,False,False,True,0.0102919955,0.26249915,0.42707595,0.17174391,0.035805196,0.06475697,0.027826803
1012,inesco,fyat,fyat_s414.wav,Sad,308,Sad,Neutral,Sad,False,True,True,0.051442206,0.039833408,0.06552699,0.03079498,0.48281902,0.32070932,0.008874098
1013,inesco,fyat,fyat_s415.wav,Sad,129,Sad,Angry,Angry,False,False,False,0.5470046,0.0057739005,0.19192559,0.00572361,0.23793098,0.00036984036,0.011271543
1014,inesco,fyat,fyat_s416.wav,Sad,401,Sad,Disgust,Sad,False,True,True,0.073169425,0.63007176,0.0013982545,0.00049340917,0.004893521,0.28980136,0.00017233081
1015,inesco,fyat,fyat_s417.wav,Sad,401,Sad,Neutral,Sad,False,True,True,0.0018071175,0.013423382,0.00021741279,0.00091878395,0.4962167,0.48735455,6.204051e-05
1016,inesco,fyat,fyat_s418.wav,Sad,359,Sad,Fear,Angry,False,False,True,0.15350397,0.0048990096,0.66251755,0.018153794,0.0007953865,0.13971408,0.020416278
1017,inesco,fyat,fyat_s419.wav,Sad,346,Sad,Sad,Sad,True,True,False,0.040704858,0.049867775,0.00017388517,0.0023438453,0.032535274,0.87423635,0.00013799572
1018,inesco,fyat,fyat_s420.wav,Sad,106,Sad,Fear,Angry,False,False,True,0.078555316,0.00011677865,0.7903991,0.073037766,0.025725052,0.0039804145,0.028185692
1019,inesco,fyat,fyat_s421.wav,Sad,372,Sad,Sad,Sad,True,True,False,0.16035397,0.04975767,0.15289278,0.21194589,0.09032541,0.3115123,0.023211967
1020,inesco,fyat,fyat_s422.wav,Sad,359,Sad,Angry,Angry,False,False,False,0.54671216,0.086720124,0.26636422,0.01977719,0.0053063137,0.055393633,0.019726314
1021,inesco,fyat,fyat_s423.wav,Sad,250,Sad,Angry,Angry,False,False,False,0.9125117,0.010983084,0.029025044,0.0003430059,3.4338307e-05,0.0464931,0.0006097415
1022,inesco,fyat,fyat_s424.wav,Sad,401,Sad,Fear,Happy,False,False,True,0.03022558,0.0016704175,0.8111914,0.03193397,0.0011576338,0.004226452,0.11959457
1023,inesco,fyat,fyat_s425.wav,Sad,401,Sad,Surprise,Happy,False,False,True,0.029894123,0.005242638,0.24115594,0.1531858,0.00032969774,0.0003014685,0.5698903
1024,inesco,fyat,fyat_s426.wav,Sad,401,Sad,Disgust,Angry,False,False,True,0.1908081,0.43888375,0.19736277,0.01031575,0.00091184716,0.025316374,0.13640146
1025,inesco,fyat,fyat_s427.wav,Sad,247,Sad,Fear,Sad,False,True,True,0.01914972,0.002525897,0.769123,0.011845249,1.3536595e-06,0.1964623,0.00089241227
1026,inesco,fyat,fyat_s428.wav,Sad,401,Sad,Surprise,Happy,False,False,True,0.0187909,0.0006560895,0.09546042,0.09011693,4.4395754e-05,0.001221532,0.7937098
1027,inesco,fyat,fyat_s429.wav,Sad,401,Sad,Fear,Sad,False,True,True,0.0153359175,0.018556353,0.8017279,0.016618382,0.016714726,0.027301164,0.10374557
1028,inesco,fyat,fyat_s430.wav,Sad,401,Sad,Happy,Happy,False,False,False,0.030153539,0.0013315573,0.33865726,0.39781082,0.00016341083,0.02681254,0.20507084
1029,inesco,fyat,fyat_s431.wav,Sad,266,Sad,Fear,Happy,False,False,True,0.09904,0.0006893246,0.50221056,0.27662405,0.00013163633,0.046995766,0.07430858
1030,inesco,fyat,fyat_s432.wav,Sad,401,Sad,Fear,Sad,False,True,True,0.07573724,0.00228486,0.35740444,0.15894185,0.15874751,0.22674502,0.02013909
1031,inesco,fyat,fyat_s433.wav,Sad,401,Sad,Angry,Angry,False,False,False,0.8952529,0.03134716,0.044535037,0.015344487,0.00011885751,0.002090235,0.011311359
1032,inesco,fyat,fyat_s434.wav,Sad,337,Sad,Fear,Happy,False,False,True,0.06550071,0.0041301562,0.7144116,0.15735263,0.013672692,0.0049484777,0.039983757
1033,inesco,fyat,fyat_s435.wav,Sad,212,Sad,Fear,Sad,False,True,True,0.0007238716,0.00017034555,0.98484993,0.0012198512,0.00057467044,0.010928462,0.0015328148
1034,inesco,fyat,fyat_s436.wav,Sad,231,Sad,Angry,Angry,False,False,False,0.8742213,0.0004678407,0.08696146,0.02155379,0.00025990285,0.016526481,9.273801e-06
1035,inesco,fyat,fyat_s437.wav,Sad,321,Sad,Sad,Sad,True,True,False,0.067283854,0.034768417,0.23210008,0.1798345,0.04695056,0.29912683,0.13993572
1036,inesco,fyat,fyat_s438.wav,Sad,401,Sad,Surprise,Happy,False,False,True,0.036768846,0.10318957,0.14559206,0.14374216,0.0007015453,0.03585908,0.5341467
1037,inesco,fyat,fyat_s439.wav,Sad,401,Sad,Happy,Happy,False,False,False,0.0057073724,0.0011830329,0.11910156,0.58091617,1.988253e-05,0.0022615537,0.2908104
1038,inesco,fyat,fyat_s440.wav,Sad,365,Sad,Surprise,Angry,False,False,True,0.239059,0.00941355,0.2972882,0.03514242,0.00021488644,0.025575817,0.3933061
1039,inesco,fyat,fyat_s441.wav,Sad,401,Sad,Disgust,Sad,False,True,True,0.004563527,0.76496387,0.01801149,4.6690446e-05,0.0023001742,0.20979771,0.00031656073
1040,inesco,fyat,fyat_s442.wav,Sad,324,Sad,Angry,Angry,False,False,False,0.9353135,0.016732728,0.022021994,0.0075069093,0.00056744803,0.006487318,0.011370022
1041,inesco,fyat,fyat_s443.wav,Sad,401,Sad,Sad,Sad,True,True,False,0.002345489,0.019560294,0.05333751,0.0065848627,0.0181337,0.8856319,0.014406302
1042,inesco,fyat,fyat_s444.wav,Sad,401,Sad,Fear,Happy,False,False,True,0.022500543,0.00024100191,0.61093134,0.33372703,0.003105444,0.021766327,0.0077283033
1043,inesco,fyat,fyat_s445.wav,Sad,401,Sad,Sad,Sad,True,True,False,0.032715313,0.036600877,0.11554833,0.19247167,0.010362087,0.59525234,0.017049395
1044,inesco,fyat,fyat_s446.wav,Sad,401,Sad,Disgust,Happy,False,False,True,0.01832129,0.36634886,0.1608905,0.13798182,0.008382596,0.0125646945,0.29551023
1045,inesco,fyat,fyat_s447.wav,Sad,401,Sad,Sad,Sad,True,True,False,0.06596905,0.03754914,0.11991636,0.05969472,0.0009988262,0.5100712,0.20580068
1046,inesco,fyat,fyat_s448.wav,Sad,260,Sad,Fear,Sad,False,True,True,0.075775586,0.00039630107,0.8364226,0.0035943,0.0010299928,0.0826943,8.6900225e-05
1047,inesco,fyat,fyat_s449.wav,Sad,391,Sad,Happy,Happy,False,False,False,0.16342531,0.004203749,0.13946007,0.57009363,0.0003010559,0.010408244,0.11210798
1048,inesco,fyat,fyat_s450.wav,Sad,305,Sad,Angry,Angry,False,False,False,0.42300937,0.0048868824,0.4087559,0.009087607,0.0029204946,0.034475096,0.116864644
1049,inesco,fyat,fyat_s451.wav,Sad,305,Sad,Fear,Happy,False,False,True,0.030849233,0.00044753545,0.53267807,0.37677094,3.7436213e-05,0.020240817,0.03897601
1050,inesco,fyat,fyat_s452.wav,Sad,401,Sad,Sad,Sad,True,True,False,0.23897447,0.013782482,0.012791305,0.029525615,0.016604753,0.6874218,0.00089961477
1051,inesco,fyat,fyat_s453.wav,Sad,298,Sad,Angry,Angry,False,False,False,0.43773937,0.010467342,0.22013704,0.035276596,0.0015092309,0.28083032,0.014040125
1052,inesco,fyat,fyat_s454.wav,Sad,401,Sad,Sad,Sad,True,True,False,0.17775297,0.02245586,0.28220847,0.031497795,0.022194887,0.4632164,0.00067354564
1053,inesco,fyat,fyat_s455.wav,Sad,346,Sad,Angry,Angry,False,False,False,0.45452043,0.0787936,0.09548742,0.044497024,0.0048516956,0.3064703,0.0153795
1054,inesco,fyat,fyat_s456.wav,Sad,401,Sad,Sad,Sad,True,True,False,0.105883285,0.13965297,0.0001641039,0.004549649,0.0046082423,0.74510247,3.9219005e-05
1055,inesco,fyat,fyat_s457.wav,Sad,401,Sad,Fear,Happy,False,False,True,0.007241798,0.006483883,0.42437676,0.27852646,0.0043147327,0.2569284,0.022127908
1056,inesco,fyat,fyat_s458.wav,Sad,340,Sad,Angry,Angry,False,False,False,0.7013143,0.01928676,0.09570024,0.057472263,0.0874115,0.02143618,0.017378788
1057,inesco,fyat,fyat_s459.wav,Sad,401,Sad,Sad,Sad,True,True,False,0.00679315,0.18109584,0.081641465,0.0060016494,0.001174406,0.70720834,0.016085237
1058,inesco,fyat,fyat_s460.wav,Sad,269,Sad,Fear,Happy,False,False,True,0.010063222,0.10448203,0.6450878,0.17328757,0.0005448636,0.0062625557,0.060271986
1059,inesco,fyat,fyat_s461.wav,Sad,343,Sad,Sad,Sad,True,True,False,0.08212696,0.0072403452,0.041737594,0.102942325,0.045781255,0.68154246,0.038629077
1060,inesco,fyat,fyat_s462.wav,Sad,401,Sad,Sad,Sad,True,True,False,0.05058378,0.048557803,0.005170422,0.009338593,0.084934875,0.8012102,0.00020434386
1061,inesco,fyat,fyat_s463.wav,Sad,401,Sad,Surprise,Happy,False,False,True,0.1495804,0.015849404,0.11476505,0.18040557,0.0016136036,0.016341163,0.52144474
1062,inesco,fyat,fyat_s464.wav,Sad,375,Sad,Fear,Happy,False,False,True,0.04401788,0.0014646163,0.7291221,0.19981591,2.084301e-05,0.0035445269,0.022014072
1063,inesco,fyat,fyat_s465.wav,Sad,401,Sad,Happy,Happy,False,False,False,0.0027797145,0.0062120752,0.22395015,0.3716721,0.0023467524,0.023676801,0.36936235
1064,inesco,fyat,fyat_s466.wav,Sad,321,Sad,Surprise,Happy,False,False,True,0.005978105,0.0037499163,0.23348019,0.09329124,0.0002175029,0.012476462,0.65080655
1065,inesco,fyat,fyat_s467.wav,Sad,119,Sad,Fear,Happy,False,False,True,0.0030111857,4.5067654e-06,0.615327,0.10069131,1.8809296e-06,7.929193e-05,0.2808848
1066,inesco,fyat,fyat_s468.wav,Sad,234,Sad,Fear,Angry,False,False,True,0.27575725,0.0026846952,0.43887997,0.009924209,0.0020522932,0.27060995,9.162252e-05
1067,inesco,fyat,fyat_s469.wav,Sad,221,Sad,Fear,Angry,False,False,True,0.008101581,0.0005892993,0.95445883,0.0010240317,0.00038914013,0.0029666838,0.03247037
1068,inesco,fyat,fyat_s470.wav,Sad,241,Sad,Sad,Sad,True,True,False,0.012181458,0.08457698,0.23229767,0.02756334,6.88985e-05,0.6417897,0.0015219785
1069,inesco,fyat,fyat_s471.wav,Sad,157,Sad,Fear,Sad,False,True,True,6.151346e-05,6.6298394e-06,0.8975175,0.022260245,8.012049e-05,0.08002931,4.4708526e-05
1070,inesco,fyat,fyat_s472.wav,Sad,401,Sad,Fear,Happy,False,False,True,0.0009653762,0.0033040494,0.76882035,0.089461565,0.00024599786,0.02198131,0.11522138
1071,inesco,fyat,fyat_s473.wav,Sad,289,Sad,Fear,Angry,False,False,True,0.36720908,0.005391775,0.41632593,0.13806185,0.0016846083,0.06575232,0.0055744736
1072,inesco,fyat,fyat_s474.wav,Sad,401,Sad,Fear,Happy,False,False,True,0.0018977859,0.0021660049,0.49616107,0.17992759,0.0013109369,0.014654923,0.3038817
1073,inesco,fyat,fyat_s475.wav,Sad,401,Sad,Fear,Sad,False,True,True,0.0009660564,0.00033865715,0.7950184,0.015709877,0.019888297,0.16499561,0.0030831352
1074,inesco,fyat,fyat_s476.wav,Sad,321,Sad,Sad,Sad,True,True,False,0.000927651,0.00036906215,0.3165125,0.011549835,0.0011147646,0.6665155,0.0030105994
1075,inesco,fyat,fyat_s477.wav,Sad,401,Sad,Surprise,Happy,False,False,True,0.004563918,0.00021385502,0.17174204,0.29768944,4.1440275e-05,0.0018296823,0.52391964
1076,inesco,fyat,fyat_s478.wav,Sad,273,Sad,Angry,Angry,False,False,False,0.3663344,0.07986616,0.021119261,0.022197446,0.00014744364,0.30087572,0.20945957
1077,inesco,fyat,fyat_s479.wav,Sad,401,Sad,Fear,Happy,False,False,True,0.00042420632,0.017408073,0.7120603,0.1477323,0.0016674062,0.081123665,0.03958411
1078,inesco,fyat,fyat_s480.wav,Sad,385,Sad,Fear,Angry,False,False,True,0.1253672,0.0033172278,0.7339077,0.09076464,0.00023067994,0.011957005,0.034455575
1079,inesco,fyat,fyat_s481.wav,Sad,401,Sad,Fear,Sad,False,True,True,0.0447085,0.008996183,0.4857177,0.06106553,0.007183047,0.38280833,0.009520671
1080,inesco,fyat,fyat_s482.wav,Sad,311,Sad,Sad,Sad,True,True,False,0.0027090074,0.00133101,0.0029500618,0.07208799,0.2655181,0.6541176,0.0012862564
1081,inesco,fyat,fyat_s483.wav,Sad,401,Sad,Fear,Happy,False,False,True,0.021342369,0.0044343197,0.58445454,0.20360987,0.01807477,0.038594414,0.1294897
1082,inesco,fyat,fyat_s484.wav,Sad,295,Sad,Sad,Sad,True,True,False,0.0032117486,0.035112333,0.42600212,0.047667727,0.013885554,0.46241593,0.011704574
1083,inesco,fyat,fyat_s485.wav,Sad,186,Sad,Fear,Happy,False,False,True,9.282776e-06,2.9452618e-05,0.93750226,0.011139316,0.03809962,2.134785e-05,0.013198603
1084,inesco,fyat,fyat_s486.wav,Sad,401,Sad,Fear,Happy,False,False,True,0.0013328169,0.00025402493,0.82303417,0.020963565,0.0001509756,0.0005825295,0.15368187
1085,inesco,fyat,fyat_s487.wav,Sad,305,Sad,Sad,Sad,True,True,False,0.12093752,0.22424228,0.00035678674,3.8043283e-05,0.00054539746,0.6534439,0.0004360856
1086,inesco,fyat,fyat_s488.wav,Sad,177,Sad,Fear,Happy,False,False,True,0.00059383805,1.8604825e-06,0.9871869,0.0104326,8.605914e-05,0.00016803521,0.0015306934
1087,inesco,fyat,fyat_s489.wav,Sad,401,Sad,Sad,Sad,True,True,False,0.14374167,0.1500528,0.15101649,0.05827336,0.02905032,0.4188863,0.048979018
1088,inesco,fyat,fyat_s490.wav,Sad,401,Sad,Fear,Happy,False,False,True,0.0028508399,0.15113227,0.643271,0.010366053,0.0009379714,0.009987835,0.18145399
1089,inesco,fyat,fyat_s491.wav,Sad,401,Sad,Fear,Happy,False,False,True,0.00018588145,0.0005688615,0.46859795,0.14283192,5.0487956e-06,0.0007738678,0.38703647
1090,inesco,fyat,fyat_s492.wav,Sad,349,Sad,Fear,Angry,False,False,True,0.12406454,0.0011095549,0.74365085,0.07872475,0.0029368391,0.016609022,0.03290437
1091,inesco,fyat,fyat_s493.wav,Sad,401,Sad,Fear,Happy,False,False,True,0.028193872,0.05239536,0.46537668,0.17650874,0.0031086297,0.1216528,0.15276389
1092,inesco,fyat,fyat_s494.wav,Sad,269,Sad,Sad,Sad,True,True,False,0.0027345824,0.0029981814,0.19208103,0.0065616765,0.00074711494,0.78650105,0.008376357
1093,inesco,fyat,fyat_s495.wav,Sad,401,Sad,Fear,Angry,False,False,True,0.25344664,0.102853164,0.27035993,0.14881939,0.0022170176,0.1386059,0.083697975
1094,inesco,fyat,fyat_s496.wav,Sad,305,Sad,Angry,Angry,False,False,False,0.8481692,0.052164078,0.0467252,0.0069225156,0.0048634983,0.024808545,0.016346978
1095,inesco,fyat,fyat_s497.wav,Sad,308,Sad,Angry,Angry,False,False,False,0.66105783,0.008598011,0.1251842,0.09501811,0.0043564015,0.0072693476,0.09851605
1096,inesco,fyat,fyat_s498.wav,Sad,311,Sad,Sad,Sad,True,True,False,0.26868019,0.09028126,0.084113516,0.06759719,0.008676296,0.44692725,0.033724368
1097,inesco,fyat,fyat_s499.wav,Sad,401,Sad,Surprise,Happy,False,False,True,0.013086991,0.02971578,0.1289644,0.18706143,0.012368585,0.13435075,0.49445215
1098,inesco,fyat,fyat_s500.wav,Sad,324,Sad,Sad,Sad,True,True,False,0.11532885,0.04826936,0.31401372,0.033429272,0.0010669293,0.47880042,0.009091535
1099,inesco,fyat,fyat_s501.wav,Sad,362,Sad,Happy,Happy,False,False,False,0.00030736337,0.0032149397,0.14528838,0.8145011,4.1601714e-05,0.0117749795,0.02487163
1100,inesco,fyat,fyat_s502.wav,Sad,257,Sad,Fear,Sad,False,True,True,0.023167817,0.0058476855,0.6156807,0.047874358,4.8318783e-05,0.19774862,0.10963252
1101,inesco,fyat,fyat_s503.wav,Sad,330,Sad,Fear,Happy,False,False,True,0.04816779,5.8562506e-05,0.83997804,0.09372505,0.00044364203,0.004038846,0.013588036
1102,inesco,fyat,fyat_s504.wav,Sad,186,Sad,Angry,Angry,False,False,False,0.73778427,2.2781282e-05,0.19365944,0.05815236,0.00046539787,0.0015713262,0.008344388
1103,inesco,fyat,fyat_s505.wav,Sad,330,Sad,Fear,Sad,False,True,True,0.029968891,0.00033615748,0.8629395,0.03765954,0.007841769,0.05878377,0.0024704786
1104,inesco,fyat,fyat_s506.wav,Sad,333,Sad,Fear,Sad,False,True,True,0.12563752,0.20346205,0.33367074,0.06849196,0.0012692395,0.2056228,0.061845724
1105,inesco,fyat,fyat_s507.wav,Sad,301,Sad,Sad,Sad,True,True,False,0.036869492,0.063501045,0.21350303,0.05635541,0.007914061,0.5843989,0.03745812
1106,inesco,fyat,fyat_s508.wav,Sad,369,Sad,Disgust,Angry,False,False,True,0.122276485,0.7670836,0.024435757,0.008322715,0.0012798992,0.05927836,0.017323215
1107,inesco,fyat,fyat_s509.wav,Sad,324,Sad,Sad,Sad,True,True,False,0.13914919,0.15213226,0.19171487,0.040367916,0.044403553,0.2940017,0.13823053
1108,inesco,fyat,fyat_s510.wav,Sad,401,Sad,Surprise,Sad,False,True,True,0.012482665,0.0576622,0.4020754,0.014154221,0.0007577905,0.029247792,0.48362
1109,inesco,fyat,fyat_s511.wav,Sad,401,Sad,Sad,Sad,True,True,False,0.1302244,0.087647505,0.04858186,0.16751549,0.043427426,0.518662,0.003941304
1110,inesco,fyat,fyat_s512.wav,Sad,401,Sad,Sad,Sad,True,True,False,0.0071019446,0.008634769,0.0041542123,0.019525198,0.016808908,0.94315964,0.000615403
1111,inesco,fyat,fyat_s513.wav,Sad,401,Sad,Surprise,Happy,False,False,True,0.024066105,0.1252751,0.3585903,0.05138012,0.036670428,0.030592747,0.37342525
1112,inesco,fyat,fyat_s514.wav,Sad,401,Sad,Fear,Angry,False,False,True,0.0041363738,2.9599003e-05,0.9723131,0.0025491505,0.0001465245,0.00086143275,0.019963752
1113,inesco,fyat,fyat_s515.wav,Sad,317,Sad,Sad,Sad,True,True,False,0.016873812,0.07692406,0.0019214351,0.0024622567,0.001167572,0.9003933,0.00025746546
1114,inesco,fyat,fyat_s516.wav,Sad,260,Sad,Sad,Sad,True,True,False,0.02187831,0.16221987,0.047937524,0.14421596,0.005898463,0.60558903,0.012260813
1115,inesco,fyat,fyat_s517.wav,Sad,401,Sad,Sad,Sad,True,True,False,0.012519514,0.13018201,0.15331547,0.0057533975,0.04104452,0.63872015,0.018464973
1116,inesco,fyat,fyat_s518.wav,Sad,401,Sad,Sad,Sad,True,True,False,0.00021447915,0.0005496693,0.00010438275,0.0006661962,0.01899987,0.97944504,2.0485728e-05
1117,inesco,fyat,fyat_s519.wav,Sad,394,Sad,Sad,Sad,True,True,False,0.0007663683,0.0135697,0.00693487,0.002262556,0.06443083,0.90004796,0.0119877355
1118,inesco,fyat,fyat_s520.wav,Sad,257,Sad,Angry,Angry,False,False,False,0.65379184,0.056615483,0.006428551,0.00023074915,3.870137e-06,0.07324425,0.20968533
1119,inesco,fyat,fyat_s521.wav,Sad,148,Sad,Fear,Happy,False,False,True,0.0015305155,7.49292e-07,0.99335915,0.0047009853,5.614665e-06,4.752581e-05,0.00035546915
1120,inesco,fyat,fyat_s522.wav,Sad,119,Sad,Fear,Happy,False,False,True,0.0025577936,7.1200106e-05,0.5772392,0.104534015,0.31089818,0.0019638152,0.00273582
1121,inesco,fyat,fyat_s523.wav,Sad,119,Sad,Fear,Happy,False,False,True,0.0012125189,6.4519336e-05,0.9920643,0.0027639458,0.0001049695,7.346056e-05,0.0037163473
1122,inesco,fyat,fyat_s524.wav,Sad,276,Sad,Sad,Sad,True,True,False,0.018724475,0.019613676,0.08365674,0.005232486,0.00091268047,0.8240885,0.047771424
1123,inesco,fyat,fyat_s525.wav,Sad,349,Sad,Sad,Sad,True,True,False,0.01839875,0.014023383,0.0025007608,0.0076366533,0.17341171,0.7834964,0.00053234876
1124,inesco,fyat,fyat_s526.wav,Sad,388,Sad,Fear,Happy,False,False,True,0.0062299464,0.0001347583,0.9591532,0.03254073,5.952882e-05,0.00074010075,0.0011418002
1125,inesco,fyat,fyat_s527.wav,Sad,401,Sad,Surprise,Sad,False,True,True,0.0033218265,0.00533549,0.29930118,0.091876015,0.02870073,0.18093936,0.3905254
1126,inesco,fyat,fyat_s528.wav,Sad,388,Sad,Fear,Angry,False,False,True,0.018237278,4.827078e-06,0.9651387,0.0043349164,9.6900785e-06,0.00012133207,0.012153325
1127,inesco,fyat,fyat_s529.wav,Sad,362,Sad,Fear,Angry,False,False,True,0.069967724,0.01867241,0.5008781,0.020800592,0.020442193,0.033985194,0.33525378
1128,inesco,fyat,fyat_s530.wav,Sad,365,Sad,Surprise,Sad,False,True,True,0.0639603,0.007864625,0.033430938,0.0044708285,0.00014229592,0.07054977,0.8195812
1129,inesco,fyat,fyat_s531.wav,Sad,196,Sad,Fear,Happy,False,False,True,0.09333565,0.103584304,0.59359974,0.121022575,0.004659342,0.0833617,0.000436705
1130,inesco,fyat,fyat_s532.wav,Sad,401,Sad,Sad,Sad,True,True,False,0.00082781626,0.007980428,0.009444196,0.0011474653,0.08021493,0.89667463,0.0037104927
1131,inesco,fyat,fyat_s533.wav,Sad,401,Sad,Sad,Sad,True,True,False,0.009028629,0.0030375344,0.01905159,0.09112161,0.26961154,0.60643137,0.0017177961
1132,inesco,fyat,fyat_s534.wav,Sad,401,Sad,Fear,Angry,False,False,True,0.060666703,0.0040938454,0.7490215,0.010459161,0.00096528046,0.0005864737,0.17420703
1133,inesco,fyat,fyat_s535.wav,Sad,215,Sad,Sad,Sad,True,True,False,0.08548413,0.1344346,0.010290094,0.325669,0.0037756062,0.43568692,0.004659602
1134,inesco,fyat,fyat_s536.wav,Sad,401,Sad,Sad,Sad,True,True,False,0.0061884155,0.02097177,0.02566679,0.0062156385,0.008786165,0.9270827,0.0050884164
1135,inesco,fyat,fyat_s537.wav,Sad,401,Sad,Sad,Sad,True,True,False,0.0017712893,0.0041784174,0.011326368,0.00097130815,0.014072528,0.9662896,0.0013906006
1136,inesco,fyat,fyat_s538.wav,Sad,401,Sad,Sad,Sad,True,True,False,0.011069922,0.10147041,0.010676794,0.0021471505,0.0038720318,0.8579053,0.012858361
1137,inesco,fyat,fyat_s539.wav,Sad,273,Sad,Sad,Sad,True,True,False,0.033885993,0.03949425,0.180943,0.027101507,0.0018980791,0.52647346,0.1902037
1138,inesco,fyat,fyat_s540.wav,Sad,401,Sad,Sad,Sad,True,True,False,0.0321513,0.01805499,0.09461682,0.04065243,0.0066171736,0.4143355,0.39357176
1139,inesco,fyat,fyat_s541.wav,Sad,401,Sad,Surprise,Sad,False,True,True,0.0064990046,0.028314019,0.36690575,0.0077370997,0.0005335623,0.054882426,0.5351281
1140,inesco,fyat,fyat_s542.wav,Sad,401,Sad,Surprise,Happy,False,False,True,0.06588155,0.021935135,0.0010796707,0.23977886,0.005115496,0.05441508,0.6117941
1141,inesco,fyat,fyat_s543.wav,Sad,401,Sad,Sad,Sad,True,True,False,0.004542752,0.020915566,0.11597551,0.28215164,0.00815333,0.3755927,0.1926685
1142,inesco,fyat,fyat_s544.wav,Sad,167,Sad,Fear,Sad,False,True,True,0.012295277,0.00601659,0.83850944,0.0042677685,0.115754396,0.016483748,0.0066727754
1143,inesco,fyat,fyat_s545.wav,Sad,401,Sad,Happy,Happy,False,False,False,0.030208807,0.10936314,0.19113329,0.32635656,0.011233771,0.08958544,0.24211901
1144,inesco,fyat,fyat_s546.wav,Sad,401,Sad,Fear,Sad,False,True,True,0.060301453,0.02396635,0.5803329,0.031192232,0.0029429898,0.16239905,0.13886505
1145,inesco,fyat,fyat_s547.wav,Sad,401,Sad,Angry,Angry,False,False,False,0.3987909,0.116301216,0.0057032923,0.03204401,0.108609326,0.33319333,0.0053580157
1146,inesco,fyat,fyat_s548.wav,Sad,394,Sad,Sad,Sad,True,True,False,0.030035745,0.0077089556,0.056694694,0.01847666,0.0025008898,0.87174577,0.012837341
1147,inesco,fyat,fyat_s549.wav,Sad,401,Sad,Surprise,Happy,False,False,True,0.0025270577,0.0018975575,0.23660144,0.06407278,1.8544686e-05,0.0049090427,0.68997353
1148,inesco,fyat,fyat_s550.wav,Sad,273,Sad,Fear,Angry,False,False,True,0.28499147,0.0009687421,0.52152056,0.10143072,0.0014579272,0.08286244,0.006768172
1149,inesco,fyat,fyat_s551.wav,Sad,401,Sad,Sad,Sad,True,True,False,0.0007863289,0.0050315023,1.9801986e-05,0.0002419057,0.05701434,0.93690336,2.7721692e-06
1150,inesco,fyat,fyat_s552.wav,Sad,289,Sad,Fear,Sad,False,True,True,0.0038781033,0.022890415,0.71775,0.005016172,0.00022384437,0.028150309,0.22209103
1151,inesco,fyat,fyat_s553.wav,Sad,132,Sad,Surprise,Angry,False,False,True,0.30534333,0.0023387908,0.005034438,0.002192033,9.906935e-05,0.0032305012,0.68176186
1152,inesco,fyat,fyat_s554.wav,Sad,298,Sad,Sad,Sad,True,True,False,0.00048305577,0.0020047335,0.15556611,0.006842951,0.001549381,0.82999456,0.0035592509
1153,inesco,fyat,fyat_s555.wav,Sad,298,Sad,Fear,Happy,False,False,True,0.014246959,0.00023716516,0.7181702,0.13501231,0.00017477991,0.005344921,0.12681367
1154,inesco,fyat,fyat_s556.wav,Sad,308,Sad,Sad,Sad,True,True,False,2.2426182e-05,0.0003339483,0.02562008,0.0016007946,0.00070042006,0.9710381,0.0006842849
1155,inesco,fyat,fyat_s557.wav,Sad,141,Sad,Fear,Happy,False,False,True,4.09456e-06,3.4990173e-08,0.99941564,0.0005389247,3.4449462e-05,2.9083583e-06,4.015728e-06
1156,inesco,fyat,fyat_s558.wav,Sad,231,Sad,Sad,Sad,True,True,False,0.0018684736,0.027516924,0.01209121,0.00082805945,0.26929578,0.6881363,0.00026321737
1157,inesco,fyat,fyat_s559.wav,Sad,401,Sad,Happy,Happy,False,False,False,0.0046679615,0.052438907,0.13582374,0.63122386,0.019566104,0.014378053,0.14190137
1158,inesco,fyat,fyat_s560.wav,Sad,298,Sad,Fear,Sad,False,True,True,0.019043503,0.008439171,0.50800467,0.021161754,0.009214101,0.14466587,0.28947094
1159,inesco,fyat,fyat_s561.wav,Sad,298,Sad,Angry,Angry,False,False,False,0.5226373,0.017532697,0.2481514,0.0049035433,0.03293398,0.14502202,0.028819097
1160,inesco,fyat,fyat_s562.wav,Sad,173,Sad,Sad,Sad,True,True,False,0.034954686,0.0006829581,0.3269443,0.00034539806,0.10260635,0.5147033,0.01976303
1161,inesco,fyat,fyat_s563.wav,Sad,401,Sad,Sad,Sad,True,True,False,0.008783974,0.03962439,0.011980979,0.005066432,0.101068765,0.83096105,0.0025144324
1162,inesco,fyat,fyat_s564.wav,Sad,397,Sad,Sad,Sad,True,True,False,0.16745578,0.045160163,0.29642397,0.098451495,0.027053209,0.3430603,0.022395007
1163,inesco,fyat,fyat_s565.wav,Sad,401,Sad,Fear,Happy,False,False,True,0.017467257,0.0073632454,0.7850167,0.06933546,0.002674276,0.038455058,0.07968795
1164,inesco,fyat,fyat_s566.wav,Sad,135,Sad,Fear,Angry,False,False,True,0.13070543,0.00025222186,0.71804917,0.12997681,0.00029733143,0.0003199849,0.020399036
1165,inesco,fyat,fyat_s567.wav,Sad,305,Sad,Disgust,Angry,False,False,True,0.16290404,0.49744016,0.05496782,0.014215239,0.003850999,0.02126688,0.24535483
1166,inesco,fyat,fyat_s568.wav,Sad,189,Sad,Happy,Happy,False,False,False,0.07391399,0.0023053798,0.3388174,0.56956226,0.001638324,0.011057551,0.0027050758
1167,inesco,fyat,fyat_s569.wav,Sad,401,Sad,Fear,Happy,False,False,True,0.013576676,0.00046398494,0.82433885,0.11906026,0.0015087691,0.02978013,0.011271342
1168,inesco,fyat,fyat_s570.wav,Sad,401,Sad,Sad,Sad,True,True,False,0.00021212362,0.0010748226,0.005192843,0.005888506,0.049268298,0.9357169,0.002646446
1169,inesco,fyat,fyat_s571.wav,Sad,401,Sad,Surprise,Angry,False,False,True,0.3012904,0.10293258,0.050571896,0.002435477,0.00015698459,0.17093958,0.37167308
1170,inesco,fyat,fyat_s572.wav,Sad,327,Sad,Surprise,Angry,False,False,True,0.3348809,0.07207755,0.029828478,0.03763344,0.0001557084,0.18610384,0.33932012
1171,inesco,fyat,fyat_s573.wav,Sad,234,Sad,Sad,Sad,True,True,False,0.00016341975,0.002682421,0.009310414,0.0018071382,0.04378949,0.9418146,0.00043245842
1172,inesco,fyat,fyat_s574.wav,Sad,324,Sad,Fear,Happy,False,False,True,0.006123126,0.0003083857,0.48260948,0.051854786,1.4031668e-05,0.0013524775,0.45773768
1173,inesco,fyat,fyat_s575.wav,Sad,324,Sad,Sad,Sad,True,True,False,0.025842624,0.0035282068,0.12389005,0.043350592,0.0026883401,0.79529774,0.005402485
1174,inesco,fyat,fyat_s576.wav,Sad,372,Sad,Neutral,Sad,False,True,True,0.05629103,0.25884148,0.0014641229,0.0038068313,0.3421182,0.33613208,0.0013462604
1175,inesco,fyat,fyat_s577.wav,Sad,401,Sad,Sad,Sad,True,True,False,0.0072268615,0.07846749,0.0035268925,0.034919932,0.20366964,0.6708935,0.0012956937
1176,inesco,fyat,fyat_s578.wav,Sad,202,Sad,Fear,Happy,False,False,True,0.0017558686,1.645852e-05,0.99287885,0.0051565757,1.5943072e-06,0.00018077398,9.834366e-06
1177,inesco,fyat,fyat_s579.wav,Sad,266,Sad,Fear,Sad,False,True,True,0.018246504,0.00014077651,0.9263845,0.004029716,0.0013816054,0.03908275,0.010734141
1178,inesco,fyat,fyat_s580.wav,Sad,401,Sad,Sad,Sad,True,True,False,0.002799376,0.034164526,6.3656254e-05,5.9913335e-05,0.1549657,0.80793244,1.44354235e-05
1179,inesco,fyat,fyat_s581.wav,Sad,215,Sad,Fear,Happy,False,False,True,0.01933172,4.0348863e-05,0.95704484,0.02113022,5.0951778e-05,0.0015613541,0.0008405945
1180,inesco,fyat,fyat_s582.wav,Sad,401,Sad,Neutral,Sad,False,True,True,0.018757662,0.109497525,0.049312443,0.026018374,0.4471856,0.3297436,0.019484732
1181,inesco,fyat,fyat_s583.wav,Sad,186,Sad,Neutral,Sad,False,True,True,0.001616679,0.0019351708,0.036896456,0.00040274978,0.60321,0.3537431,0.0021958484
1182,inesco,fyat,fyat_s584.wav,Sad,401,Sad,Fear,Sad,False,True,True,0.009702078,0.009025339,0.4929222,0.14340524,0.015042176,0.15618671,0.1737163
1183,inesco,fyat,fyat_s585.wav,Sad,401,Sad,Sad,Sad,True,True,False,0.00013471932,0.001612337,0.00016676614,5.5423745e-05,0.008858219,0.9889836,0.00018897567
1184,inesco,fyat,fyat_s586.wav,Sad,401,Sad,Sad,Sad,True,True,False,2.4591858e-05,0.00080610067,4.902973e-06,3.547961e-05,0.030603545,0.96852463,6.35126e-07
1185,inesco,fyat,fyat_s587.wav,Sad,401,Sad,Sad,Sad,True,True,False,0.0036872572,0.21042015,0.0028208473,6.369736e-05,0.004871733,0.7759939,0.0021423995
1186,inesco,fyat,fyat_s588.wav,Sad,401,Sad,Sad,Sad,True,True,False,0.0028846036,0.0031478426,0.16145411,0.32883263,0.0040281685,0.399774,0.09987866
1187,inesco,fyat,fyat_s589.wav,Sad,317,Sad,Fear,Angry,False,False,True,0.021766828,4.0786323e-05,0.96554905,0.006726857,8.7813845e-05,0.0007869338,0.0050417567
1188,inesco,fyat,fyat_s590.wav,Sad,289,Sad,Angry,Angry,False,False,False,0.40007445,0.0065883063,0.24270327,0.008580533,0.0038967626,0.016964354,0.32119235
1189,inesco,fyat,fyat_s591.wav,Sad,401,Sad,Neutral,Sad,False,True,True,0.0019508917,0.05498308,6.0169168e-05,0.00049568224,0.51066667,0.43177876,6.4712345e-05
1190,inesco,fyat,fyat_s592.wav,Sad,401,Sad,Surprise,Happy,False,False,True,0.007308125,0.0019011622,0.3654493,0.013719117,3.158629e-05,0.0051666107,0.60642415
1191,inesco,fyat,fyat_s593.wav,Sad,401,Sad,Sad,Sad,True,True,False,0.017673722,0.04684505,0.0011285808,0.08740384,0.20068645,0.64623636,2.5959396e-05
1192,inesco,fyat,fyat_s594.wav,Sad,401,Sad,Neutral,Sad,False,True,True,0.0042613456,0.007188382,0.0035985208,0.0010937337,0.63464236,0.34826708,0.00094863336
1193,inesco,fyat,fyat_s595.wav,Sad,401,Sad,Fear,Angry,False,False,True,0.03254909,0.0032004183,0.82417727,0.0032890446,0.00028203044,0.016203085,0.12029912
1194,inesco,fyat,fyat_s596.wav,Sad,401,Sad,Sad,Sad,True,True,False,0.00274944,0.022653632,0.0070418823,0.004658139,0.29977977,0.6619023,0.001214921
1195,inesco,fyat,fyat_s597.wav,Sad,401,Sad,Surprise,Happy,False,False,True,0.023617476,0.0023241316,0.2849636,0.031386018,3.3377255e-05,0.0101903435,0.6474851
1196,inesco,fyat,fyat_s598.wav,Sad,401,Sad,Sad,Sad,True,True,False,0.0010322098,0.0015267163,0.00029159946,0.010152965,0.3477447,0.6390611,0.00019069416
1197,inesco,fyat,fyat_s599.wav,Sad,401,Sad,Neutral,Sad,False,True,True,0.00073724013,0.0043404205,0.0001201583,0.0005004333,0.94597185,0.04832618,3.7492307e-06
1198,inesco,fyat,fyat_s600.wav,Sad,401,Sad,Sad,Sad,True,True,False,0.058674492,0.122461855,0.022515103,0.054355748,0.1628435,0.55423397,0.024915352
1199,inesco,mbaz,mbaz_a212.wav,Angry,100,Angry,Surprise,Happy,False,False,True,0.026052585,0.0036998228,0.08079881,0.22653306,0.00013396656,0.00031081957,0.6624709
1200,inesco,mbaz,mbaz_a213.wav,Angry,177,Angry,Angry,Angry,True,True,False,0.45277932,0.0025392864,0.015482024,0.31933543,0.0021946519,0.004168921,0.20350043
1201,inesco,mbaz,mbaz_a214.wav,Angry,225,Angry,Happy,Happy,False,False,False,0.16686185,0.017033787,0.0013710044,0.39825857,0.009633847,0.3077099,0.099130996
1202,inesco,mbaz,mbaz_a215.wav,Angry,276,Angry,Happy,Happy,False,False,False,0.0020312385,0.00057666603,0.2899581,0.5320645,0.0007245425,0.02028008,0.1543649
1203,inesco,mbaz,mbaz_a216.wav,Angry,231,Angry,Angry,Angry,True,True,False,0.65954494,0.038557615,0.05310937,0.0045094993,0.0071969284,0.18188088,0.05520077
1204,inesco,mbaz,mbaz_a217.wav,Angry,84,Angry,Fear,Happy,False,False,True,0.03200084,0.00054964813,0.6437268,0.17614911,0.014501103,0.06802765,0.06504471
1205,inesco,mbaz,mbaz_a218.wav,Angry,317,Angry,Surprise,Happy,False,False,True,0.07597854,0.0019972138,0.081846386,0.15713339,1.6535761e-05,0.0006697067,0.68235826
1206,inesco,mbaz,mbaz_a219.wav,Angry,391,Angry,Surprise,Happy,False,False,True,9.28851e-05,1.6743355e-05,0.047543135,0.06271126,1.3110133e-06,0.00022823043,0.8894065
1207,inesco,mbaz,mbaz_a220.wav,Angry,218,Angry,Fear,Happy,False,False,True,0.0076027964,0.0020006576,0.53005713,0.28703746,0.0039886185,0.15591331,0.01340002
1208,inesco,mbaz,mbaz_a221.wav,Angry,289,Angry,Surprise,Angry,False,True,True,0.23516126,0.02243238,0.19349635,0.15739913,0.0039681215,0.032386072,0.35515672
1209,inesco,mbaz,mbaz_a222.wav,Angry,135,Angry,Fear,Happy,False,False,True,0.10729496,0.010814607,0.45268226,0.20096004,0.0018700979,0.11636142,0.110016584
1210,inesco,mbaz,mbaz_a223.wav,Angry,164,Angry,Fear,Happy,False,False,True,0.025611706,0.0004213883,0.75100154,0.056446604,0.0015465708,0.007482352,0.15748984
1211,inesco,mbaz,mbaz_a224.wav,Angry,308,Angry,Surprise,Happy,False,False,True,0.07453703,0.0028306071,0.21556008,0.2247522,0.0026175717,0.0089142565,0.47078833
1212,inesco,mbaz,mbaz_a225.wav,Angry,141,Angry,Fear,Angry,False,True,True,0.22912034,1.3757298e-05,0.75251514,0.0003829907,0.01642624,0.000412666,0.0011289152
1213,inesco,mbaz,mbaz_a226.wav,Angry,154,Angry,Fear,Happy,False,False,True,0.0001924496,3.942501e-05,0.92652017,0.048786268,0.009113862,0.014460471,0.0008874033
1214,inesco,mbaz,mbaz_a227.wav,Angry,388,Angry,Surprise,Happy,False,False,True,0.079459414,0.0064642928,0.18556337,0.19007315,0.011411598,0.018380543,0.5086476
1215,inesco,mbaz,mbaz_a228.wav,Angry,122,Angry,Angry,Angry,True,True,False,0.7113612,0.0002423518,0.11894361,0.058687247,0.011048291,0.00421884,0.09549839
1216,inesco,mbaz,mbaz_a229.wav,Angry,333,Angry,Surprise,Angry,False,True,True,0.006189919,0.00053113647,0.07372658,0.0010768629,4.795567e-06,0.00061308173,0.9178576
1217,inesco,mbaz,mbaz_a230.wav,Angry,221,Angry,Happy,Happy,False,False,False,0.047655135,0.0067536486,0.0010405681,0.80054426,2.2786119e-06,0.00016496304,0.14383903
1218,inesco,mbaz,mbaz_a231.wav,Angry,215,Angry,Surprise,Happy,False,False,True,0.09209604,0.033636622,0.19893867,0.13053396,0.0013104507,0.019938994,0.5235453
1219,inesco,mbaz,mbaz_a232.wav,Angry,196,Angry,Fear,Happy,False,False,True,0.0068944655,0.0006755788,0.7723763,0.2030008,0.00062565133,0.008207859,0.0082193
1220,inesco,mbaz,mbaz_a233.wav,Angry,228,Angry,Angry,Angry,True,True,False,0.7561495,0.007196529,0.007470507,0.20505618,0.0028009487,0.0026013108,0.018725082
1221,inesco,mbaz,mbaz_a234.wav,Angry,77,Angry,Angry,Angry,True,True,False,0.5216805,0.00011411219,0.34873983,0.06692951,0.019542383,0.010052061,0.032941584
1222,inesco,mbaz,mbaz_a235.wav,Angry,68,Angry,Fear,Angry,False,True,True,0.044210758,6.705267e-05,0.91957885,0.0055209887,0.000982832,0.0012596512,0.028379869
1223,inesco,mbaz,mbaz_a236.wav,Angry,164,Angry,Surprise,Angry,False,True,True,0.24018636,0.0014480379,0.118009165,0.17291886,0.0026217366,0.0012695729,0.46354628
1224,inesco,mbaz,mbaz_a237.wav,Angry,148,Angry,Happy,Happy,False,False,False,0.09531828,0.00079896435,0.0037849601,0.7413243,0.00023615426,0.0009992013,0.15753809
1225,inesco,mbaz,mbaz_a238.wav,Angry,180,Angry,Fear,Sad,False,False,True,0.008224663,7.171582e-06,0.68290937,0.1487457,0.0041160653,0.15540174,0.00059523154
1226,inesco,mbaz,mbaz_a239.wav,Angry,193,Angry,Surprise,Happy,False,False,True,0.04540894,0.0001080864,0.22858347,0.34305313,3.1419888e-05,0.0012525513,0.38156238
1227,inesco,mbaz,mbaz_a240.wav,Angry,164,Angry,Happy,Happy,False,False,False,0.0015471712,4.134711e-05,0.007868604,0.8628926,1.6819178e-05,0.00033332687,0.12730007
1228,inesco,mbaz,mbaz_a241.wav,Angry,154,Angry,Angry,Angry,True,True,False,0.48298037,4.5930672e-05,0.015376933,0.30830175,0.0008986921,0.0009881739,0.19140814
1229,inesco,mbaz,mbaz_a242.wav,Angry,391,Angry,Happy,Happy,False,False,False,0.00094054965,0.0011456677,0.020386849,0.77021176,0.00084444066,0.0065732785,0.19989744
1230,inesco,mbaz,mbaz_a243.wav,Angry,196,Angry,Fear,Happy,False,False,True,0.005686791,0.0019415538,0.47296152,0.376222,3.3309952e-05,0.0017763427,0.1413785
1231,inesco,mbaz,mbaz_a244.wav,Angry,237,Angry,Surprise,Happy,False,False,True,0.15104291,0.0020867935,0.009052446,0.3791062,5.971763e-05,0.01000635,0.44864556
1232,inesco,mbaz,mbaz_a245.wav,Angry,225,Angry,Happy,Happy,False,False,False,0.12224999,3.528517e-05,0.018792948,0.6740478,0.00057603663,0.0015888173,0.1827091
1233,inesco,mbaz,mbaz_a246.wav,Angry,84,Angry,Fear,Angry,False,True,True,0.0931007,6.644721e-05,0.6475464,0.023631513,0.0017636841,0.0016721764,0.23221914
1234,inesco,mbaz,mbaz_a247.wav,Angry,295,Angry,Surprise,Angry,False,True,True,0.0350298,0.017637128,0.077813424,0.033111174,0.0020975773,0.034322787,0.7999881
1235,inesco,mbaz,mbaz_a248.wav,Angry,231,Angry,Angry,Angry,True,True,False,0.67839026,0.0021150762,0.21437863,0.039364547,0.00029600898,0.029727291,0.03572826
1236,inesco,mbaz,mbaz_a249.wav,Angry,218,Angry,Fear,Happy,False,False,True,0.011319823,0.003931868,0.5887154,0.06179248,0.0008727882,0.01505444,0.3183133
1237,inesco,mbaz,mbaz_a250.wav,Angry,285,Angry,Surprise,Happy,False,False,True,0.003937262,0.0016671154,0.37938154,0.04021782,0.00020923835,0.0040680827,0.570519
1238,inesco,mbaz,mbaz_a251.wav,Angry,257,Angry,Surprise,Angry,False,True,True,0.18143721,0.010041024,0.20453644,0.15214017,0.00013497802,0.005173346,0.44653678
1239,inesco,mbaz,mbaz_a252.wav,Angry,305,Angry,Fear,Happy,False,False,True,0.00083370425,0.002636978,0.563732,0.2904027,0.00081839954,0.0058862567,0.13568993
1240,inesco,mbaz,mbaz_a253.wav,Angry,193,Angry,Fear,Happy,False,False,True,0.000275093,4.8108936e-06,0.9953505,0.0038429752,8.766224e-06,3.5844438e-05,0.00048195547
1241,inesco,mbaz,mbaz_a254.wav,Angry,196,Angry,Angry,Angry,True,True,False,0.35041508,9.181386e-05,0.1443075,0.28737158,0.0011936083,0.005132752,0.2114877
1242,inesco,mbaz,mbaz_a255.wav,Angry,321,Angry,Surprise,Happy,False,False,True,0.0005436367,0.0006526186,0.13875078,0.033672366,2.2973334e-05,0.00095055735,0.8254071
1243,inesco,mbaz,mbaz_a256.wav,Angry,372,Angry,Surprise,Happy,False,False,True,0.012573386,0.000120997734,0.0848514,0.016512385,6.4511723e-06,0.0006943706,0.88524103
1244,inesco,mbaz,mbaz_a257.wav,Angry,253,Angry,Angry,Angry,True,True,False,0.36192787,0.036675405,0.09253886,0.17886454,0.0014622406,0.026031448,0.30249956
1245,inesco,mbaz,mbaz_a258.wav,Angry,154,Angry,Angry,Angry,True,True,False,0.7654345,9.523137e-06,0.0056892782,0.21790506,0.005070073,0.00076032203,0.005131259
1246,inesco,mbaz,mbaz_a259.wav,Angry,193,Angry,Angry,Angry,True,True,False,0.7826253,3.730996e-05,0.0021069418,0.19005848,1.4036442e-06,1.4812076e-05,0.02515574
1247,inesco,mbaz,mbaz_a260.wav,Angry,266,Angry,Angry,Angry,True,True,False,0.64347184,0.09369794,0.026514867,0.008047158,0.00015095918,0.0059986007,0.22211868
1248,inesco,mbaz,mbaz_a261.wav,Angry,253,Angry,Angry,Angry,True,True,False,0.67924964,0.0006561418,0.008042128,0.00063667935,1.1322046e-05,0.00040562183,0.3109985
1249,inesco,mbaz,mbaz_a262.wav,Angry,189,Angry,Surprise,Angry,False,True,True,0.18976751,5.066238e-05,0.07598549,0.09527014,1.44732e-05,0.00016941852,0.6387423
1250,inesco,mbaz,mbaz_a263.wav,Angry,183,Angry,Happy,Happy,False,False,False,0.23643817,0.00027522034,0.07338146,0.45729488,0.19067454,0.029493341,0.012442394
1251,inesco,mbaz,mbaz_a264.wav,Angry,87,Angry,Surprise,Happy,False,False,True,0.10654055,0.00013647086,0.028992927,0.17588134,0.00033335472,0.00051311235,0.6876022
1252,inesco,mbaz,mbaz_a265.wav,Angry,106,Angry,Surprise,Angry,False,True,True,0.08323334,5.577164e-05,0.19210368,0.009412075,0.00054180657,0.0011530453,0.7135003
1253,inesco,mbaz,mbaz_a266.wav,Angry,388,Angry,Surprise,Happy,False,False,True,0.0015830016,5.864626e-06,0.03848223,0.09522601,1.495861e-06,7.636767e-05,0.8646251
1254,inesco,mbaz,mbaz_a267.wav,Angry,129,Angry,Surprise,Happy,False,False,True,0.004285394,4.104827e-05,0.19238421,0.2638295,0.010673523,0.0033953288,0.52539104
1255,inesco,mbaz,mbaz_a268.wav,Angry,68,Angry,Happy,Happy,False,False,False,0.16903803,0.0010066101,0.083487794,0.30867612,0.27168512,0.0761116,0.089994706
1256,inesco,mbaz,mbaz_a269.wav,Angry,113,Angry,Angry,Angry,True,True,False,0.6013856,4.1798186e-05,0.02773845,0.34778553,0.0032795416,0.001446227,0.018322889
1257,inesco,mbaz,mbaz_a270.wav,Angry,167,Angry,Surprise,Happy,False,False,True,0.0011882187,5.237744e-06,0.12981853,0.34398195,1.0017151e-05,0.0006121199,0.52438396
1258,inesco,mbaz,mbaz_a271.wav,Angry,266,Angry,Fear,Sad,False,False,True,0.023599822,0.023861598,0.48791224,0.016274795,0.003116364,0.29879558,0.14643961
1259,inesco,mbaz,mbaz_a272.wav,Angry,330,Angry,Surprise,Happy,False,False,True,0.0016304699,0.00050850684,0.09416964,0.010045719,2.2867394e-05,0.004457004,0.8891658
1260,inesco,mbaz,mbaz_a273.wav,Angry,215,Angry,Angry,Angry,True,True,False,0.42485493,0.0001341351,0.0116751185,0.005868592,0.0923497,0.36641526,0.09870228
1261,inesco,mbaz,mbaz_a274.wav,Angry,346,Angry,Surprise,Happy,False,False,True,0.004572123,0.0005975124,0.023262981,0.11957536,6.987387e-05,0.003925549,0.8479966
1262,inesco,mbaz,mbaz_a275.wav,Angry,132,Angry,Happy,Happy,False,False,False,0.3369317,0.00025827676,0.067906946,0.5561628,0.009078692,0.00048234095,0.029179236
1263,inesco,mbaz,mbaz_a276.wav,Angry,202,Angry,Fear,Angry,False,True,True,0.13549374,0.00017270952,0.7153121,0.061762776,3.756668e-05,0.00027019845,0.086950935
1264,inesco,mbaz,mbaz_a277.wav,Angry,250,Angry,Fear,Angry,False,True,True,0.1260261,0.01145447,0.70905954,0.030335655,0.0014362563,0.03760032,0.08408771
1265,inesco,mbaz,mbaz_a278.wav,Angry,401,Angry,Happy,Happy,False,False,False,0.053488452,0.0024945303,0.28288877,0.33527824,0.0010917207,0.008711223,0.31604698
1266,inesco,mbaz,mbaz_a279.wav,Angry,289,Angry,Surprise,Angry,False,True,True,0.11231723,0.00906469,0.0941196,0.007835998,0.00021921232,0.04405651,0.7323867
1267,inesco,mbaz,mbaz_a280.wav,Angry,269,Angry,Fear,Happy,False,False,True,0.016020238,0.004927237,0.44347274,0.09951227,0.00035972695,0.029571334,0.40613636
1268,inesco,mbaz,mbaz_a281.wav,Angry,311,Angry,Surprise,Happy,False,False,True,0.065628,0.0044462294,0.307827,0.0796337,0.0019003651,0.0053384583,0.5352263
1269,inesco,mbaz,mbaz_a282.wav,Angry,218,Angry,Angry,Angry,True,True,False,0.6844832,0.00047444084,0.0028437485,0.0011311434,1.1152752e-06,0.00012727674,0.31093913
1270,inesco,mbaz,mbaz_a283.wav,Angry,330,Angry,Surprise,Angry,False,True,True,0.012853722,5.4677566e-05,0.00093189505,6.3482395e-05,3.8374282e-07,0.00030272067,0.9857932
1271,inesco,mbaz,mbaz_a284.wav,Angry,295,Angry,Surprise,Happy,False,False,True,0.013915011,0.0024727571,0.02154617,0.022023201,1.2884623e-05,0.00028556702,0.9397444
1272,inesco,mbaz,mbaz_a285.wav,Angry,228,Angry,Angry,Angry,True,True,False,0.7803249,0.044659145,0.0011940745,0.16830598,0.00042787823,0.0033719195,0.0017161197
1273,inesco,mbaz,mbaz_a286.wav,Angry,401,Angry,Surprise,Happy,False,False,True,0.0739492,0.004249162,0.019797174,0.29831818,0.0005641697,0.0013617544,0.6017604
1274,inesco,mbaz,mbaz_a287.wav,Angry,170,Angry,Happy,Happy,False,False,False,0.045355123,8.315722e-06,0.042356454,0.75521636,0.14238138,0.008078497,0.0066038324
1275,inesco,mbaz,mbaz_a288.wav,Angry,241,Angry,Happy,Happy,False,False,False,0.24239227,0.09219199,0.13961582,0.2626845,7.3146166e-06,0.09621243,0.16689569
1276,inesco,mbaz,mbaz_a289.wav,Angry,122,Angry,Happy,Happy,False,False,False,0.14818658,3.7306534e-05,0.03957275,0.7638863,0.0026461927,0.0005664782,0.0451044
1277,inesco,mbaz,mbaz_a290.wav,Angry,308,Angry,Surprise,Happy,False,False,True,0.0027267365,0.00018355147,0.15801193,0.06003043,1.06323105e-05,0.00045540562,0.7785813
1278,inesco,mbaz,mbaz_a291.wav,Angry,148,Angry,Fear,Happy,False,False,True,0.0024371955,1.0767786e-06,0.71895015,0.27391443,4.5121196e-05,0.00097475684,0.0036773328
1279,inesco,mbaz,mbaz_a292.wav,Angry,77,Angry,Angry,Angry,True,True,False,0.5174156,0.00014792223,0.031775508,0.16891596,0.0007992201,0.0011693788,0.2797764
1280,inesco,mbaz,mbaz_a293.wav,Angry,247,Angry,Fear,Angry,False,True,True,0.14906429,0.0336708,0.36609414,0.036547303,0.0018599392,0.09482198,0.31794158
1281,inesco,mbaz,mbaz_a294.wav,Angry,340,Angry,Happy,Happy,False,False,False,0.002580048,0.007680048,0.25446236,0.32981685,0.013759012,0.067358196,0.32434347
1282,inesco,mbaz,mbaz_a295.wav,Angry,308,Angry,Surprise,Happy,False,False,True,0.010601967,0.0031174019,0.4031585,0.15851933,0.0037018033,0.015235604,0.40566543
1283,inesco,mbaz,mbaz_a296.wav,Angry,125,Angry,Surprise,Angry,False,True,True,0.04415881,7.501943e-05,0.029411236,0.01311784,1.20046625e-05,8.680374e-05,0.9131383
1284,inesco,mbaz,mbaz_a297.wav,Angry,84,Angry,Surprise,Angry,False,True,True,0.3082525,0.00021794156,0.21915202,0.009793826,5.9403017e-05,0.0006456699,0.46187866
1285,inesco,mbaz,mbaz_a298.wav,Angry,154,Angry,Happy,Happy,False,False,False,0.000118082215,3.6291738e-06,0.009548028,0.9112061,1.0875971e-06,0.00010201354,0.079021074
1286,inesco,mbaz,mbaz_a299.wav,Angry,237,Angry,Angry,Angry,True,True,False,0.85239756,0.00040756905,0.012004333,0.09731748,2.4648372e-05,0.00041583402,0.037432577
1287,inesco,mbaz,mbaz_a300.wav,Angry,401,Angry,Surprise,Happy,False,False,True,4.7761314e-06,8.463571e-05,0.0016460865,0.007952568,3.2011164e-06,3.123759e-06,0.99030554
1288,inesco,mbaz,mbaz_a301.wav,Angry,215,Angry,Sad,Sad,False,False,False,0.016622454,0.020366212,0.20009476,0.041747615,0.017786102,0.64083374,0.06254914
1289,inesco,mbaz,mbaz_a302.wav,Angry,333,Angry,Surprise,Happy,False,False,True,0.026653469,0.0012279991,0.203946,0.02775335,0.0004736571,0.0029478767,0.7369977
1290,inesco,mbaz,mbaz_a303.wav,Angry,282,Angry,Surprise,Angry,False,True,True,0.16140337,0.0011354624,0.26576713,0.02174113,3.3747005e-05,0.00385614,0.54606307
1291,inesco,mbaz,mbaz_a304.wav,Angry,125,Angry,Angry,Angry,True,True,False,0.634093,0.00018515039,0.013822315,0.115303874,0.0005128363,0.00034040082,0.23574246
1292,inesco,mbaz,mbaz_a305.wav,Angry,282,Angry,Happy,Happy,False,False,False,0.28378716,0.009057089,0.19358774,0.3296327,0.0006749534,0.026621163,0.15663916
1293,inesco,mbaz,mbaz_a306.wav,Angry,276,Angry,Fear,Angry,False,True,True,0.15566315,0.009389417,0.36864898,0.11785476,0.0022441465,0.06557554,0.28062403
1294,inesco,mbaz,mbaz_a307.wav,Angry,193,Angry,Angry,Angry,True,True,False,0.6370787,0.00020366519,0.107764475,0.084564574,0.00033374035,0.002872163,0.16718265
1295,inesco,mbaz,mbaz_a308.wav,Angry,327,Angry,Surprise,Happy,False,False,True,0.002776566,0.0002131822,0.17569646,0.065126956,1.4920253e-05,0.00040452514,0.75576735
1296,inesco,mbaz,mbaz_a309.wav,Angry,61,Angry,Angry,Angry,True,True,False,0.45032278,0.002152384,0.1542389,0.015275828,8.663558e-05,0.00074305624,0.37718037
1297,inesco,mbaz,mbaz_a310.wav,Angry,84,Angry,Angry,Angry,True,True,False,0.88000464,0.00040293756,0.03052869,0.04812817,0.00038312408,0.0014650652,0.039087392
1298,inesco,mbaz,mbaz_a311.wav,Angry,52,Angry,Angry,Angry,True,True,False,0.83133835,0.00015758404,0.007916558,0.0047851736,2.060443e-06,1.6250282e-05,0.15578403
1299,inesco,mbaz,mbaz_a312.wav,Angry,170,Angry,Happy,Happy,False,False,False,0.04687437,2.376108e-05,0.39494318,0.5482806,0.0009919706,0.0038633368,0.0050227693
1300,inesco,mbaz,mbaz_a313.wav,Angry,173,Angry,Happy,Happy,False,False,False,0.1423051,0.00029079692,0.2532476,0.45318645,0.0007954894,0.0023010096,0.14787354
1301,inesco,mbaz,mbaz_a314.wav,Angry,221,Angry,Angry,Angry,True,True,False,0.5211037,0.00013815294,0.16748905,0.24579018,0.00029645866,0.0029239797,0.062258497
1302,inesco,mbaz,mbaz_a315.wav,Angry,301,Angry,Angry,Angry,True,True,False,0.39177582,0.0126446625,0.21787982,0.028173754,0.0023547383,0.018175092,0.32899612
1303,inesco,mbaz,mbaz_a316.wav,Angry,349,Angry,Happy,Happy,False,False,False,0.14277811,0.00015657565,0.27842832,0.29320183,0.0010677559,0.005814455,0.27855298
1304,inesco,mbaz,mbaz_a317.wav,Angry,321,Angry,Fear,Sad,False,False,True,0.0034297926,0.15459347,0.6668907,0.027357329,0.0007463381,0.08958714,0.057395265
1305,inesco,mbaz,mbaz_a318.wav,Angry,231,Angry,Surprise,Happy,False,False,True,0.002091712,0.0019732625,0.03477341,0.002404656,0.00023033204,7.693351e-05,0.9584497
1306,inesco,mbaz,mbaz_a319.wav,Angry,401,Angry,Surprise,Happy,False,False,True,0.0040484783,3.810656e-05,0.042317607,0.013051075,2.0132344e-05,0.00031481026,0.94020987
1307,inesco,mbaz,mbaz_a320.wav,Angry,113,Angry,Angry,Angry,True,True,False,0.8550396,0.0008111082,0.03954119,0.049439985,0.0116321305,0.0031591693,0.040376753
1308,inesco,mbaz,mbaz_a321.wav,Angry,52,Angry,Angry,Angry,True,True,False,0.7692247,0.0015847031,0.036536377,0.059242126,0.0007304251,0.0019051016,0.13077655
1309,inesco,mbaz,mbaz_a322.wav,Angry,49,Angry,Angry,Angry,True,True,False,0.87576073,0.0004996403,0.012963002,0.004035149,5.814583e-05,0.00015087721,0.10653248
1310,inesco,mbaz,mbaz_a323.wav,Angry,52,Angry,Angry,Angry,True,True,False,0.8814927,0.00022157741,0.068377696,0.011044038,3.9672766e-05,0.0003391494,0.038485203
1311,inesco,mbaz,mbaz_a324.wav,Angry,173,Angry,Fear,Sad,False,False,True,0.012042852,6.869792e-05,0.8981577,0.03423904,0.0015658061,0.04362098,0.01030491
1312,inesco,mbaz,mbaz_a325.wav,Angry,138,Angry,Fear,Happy,False,False,True,0.073677935,0.00031725352,0.6819919,0.15689948,0.030091438,0.013054631,0.043967403
1313,inesco,mbaz,mbaz_a326.wav,Angry,202,Angry,Happy,Happy,False,False,False,0.019008879,0.00090195483,0.014753086,0.598951,0.22694507,0.11464362,0.024796486
1314,inesco,mbaz,mbaz_a327.wav,Angry,215,Angry,Fear,Happy,False,False,True,0.13846204,0.0012582476,0.41555575,0.15643696,0.005905531,0.0057895766,0.2765919
1315,inesco,mbaz,mbaz_a328.wav,Angry,215,Angry,Fear,Happy,False,False,True,0.0005472474,0.014181695,0.6563823,0.29364815,0.00048072264,0.0036819885,0.031077871
1316,inesco,mbaz,mbaz_a329.wav,Angry,154,Angry,Fear,Angry,False,True,True,0.1463134,1.2902479e-05,0.7918063,0.03761356,0.0012195978,0.004331592,0.018702656
1317,inesco,mbaz,mbaz_a330.wav,Angry,90,Angry,Angry,Angry,True,True,False,0.5632645,0.00016686761,0.14106521,0.19043109,0.00479214,0.007480125,0.09280011
1318,inesco,mbaz,mbaz_a331.wav,Angry,167,Angry,Happy,Happy,False,False,False,0.015969718,3.1599728e-05,0.26120016,0.3753119,0.00075136684,0.0021117297,0.3446235
1319,inesco,mbaz,mbaz_a332.wav,Angry,119,Angry,Fear,Happy,False,False,True,0.17722481,0.0003190406,0.27109674,0.23716219,0.07320989,0.07189716,0.16909017
1320,inesco,mbaz,mbaz_a333.wav,Angry,84,Angry,Angry,Angry,True,True,False,0.7096724,0.0002006037,0.06508297,0.02507034,0.00033708406,0.0008033512,0.19883324
1321,inesco,mbaz,mbaz_a334.wav,Angry,161,Angry,Fear,Happy,False,False,True,8.669899e-05,2.358392e-07,0.9224097,0.0695806,1.0269957e-06,8.6841974e-05,0.007834887
1322,inesco,mbaz,mbaz_a335.wav,Angry,157,Angry,Angry,Angry,True,True,False,0.6050703,3.9654995e-05,0.03237901,0.3450738,8.6996355e-05,0.0020919384,0.015258306
1323,inesco,mbaz,mbaz_a336.wav,Angry,189,Angry,Angry,Angry,True,True,False,0.5928113,0.00019089336,0.03646879,0.33773848,0.00029597883,0.0005958575,0.03189873
1324,inesco,mbaz,mbaz_a337.wav,Angry,157,Angry,Fear,Angry,False,True,True,0.018904809,1.1643976e-05,0.66162246,0.010214289,0.0001394441,3.4897916e-05,0.30907246
1325,inesco,mbaz,mbaz_a338.wav,Angry,193,Angry,Happy,Happy,False,False,False,0.024803288,0.004169897,0.24898836,0.47913936,0.11335739,0.12802784,0.0015138403
1326,inesco,mbaz,mbaz_a339.wav,Angry,237,Angry,Surprise,Angry,False,True,True,0.26009348,0.007922996,0.039408352,0.017701453,3.910048e-05,0.0038926096,0.670942
1327,inesco,mbaz,mbaz_a340.wav,Angry,93,Angry,Angry,Angry,True,True,False,0.7579046,0.00034563575,0.12131892,0.05426334,0.013813734,0.014557795,0.03779595
1328,inesco,mbaz,mbaz_a341.wav,Angry,273,Angry,Surprise,Happy,False,False,True,0.006795044,0.0009152786,0.0040587094,0.014991934,8.0417175e-07,0.00045551357,0.97278273
1329,inesco,mbaz,mbaz_a342.wav,Angry,177,Angry,Surprise,Happy,False,False,True,0.0014669386,0.0001544624,0.0014474051,0.14138198,0.005152536,0.003056281,0.8473404
1330,inesco,mbaz,mbaz_a343.wav,Angry,202,Angry,Happy,Happy,False,False,False,0.108557254,0.0024366733,0.03104774,0.8224389,0.00020023048,0.007750403,0.027568739
1331,inesco,mbaz,mbaz_a344.wav,Angry,202,Angry,Angry,Angry,True,True,False,0.8665349,0.00094402645,0.0014882054,0.109249964,3.3643562e-05,0.00029352173,0.021455664
1332,inesco,mbaz,mbaz_a345.wav,Angry,177,Angry,Happy,Happy,False,False,False,0.051564764,0.00029494322,0.19047149,0.65903497,0.0011852632,0.0013202903,0.0961282
1333,inesco,mbaz,mbaz_a346.wav,Angry,257,Angry,Angry,Angry,True,True,False,0.6503845,0.0512925,0.06598626,0.024318783,0.0006318183,0.007220831,0.2001654
1334,inesco,mbaz,mbaz_a347.wav,Angry,209,Angry,Fear,Sad,False,False,True,0.08913313,0.015022278,0.3354157,0.18526396,0.0054808054,0.22365159,0.14603254
1335,inesco,mbaz,mbaz_a348.wav,Angry,109,Angry,Fear,Angry,False,True,True,0.05193923,8.530091e-05,0.5231895,0.040683392,0.00045043544,0.0010184945,0.38263372
1336,inesco,mbaz,mbaz_a349.wav,Angry,212,Angry,Angry,Angry,True,True,False,0.9432205,0.00037243092,0.0008559493,0.053658582,0.0005636066,0.00038600844,0.00094302476
1337,inesco,mbaz,mbaz_a350.wav,Angry,401,Angry,Surprise,Happy,False,False,True,0.0019410433,0.00011613291,0.017244674,0.28791672,1.6899334e-06,6.399855e-05,0.69271576
1338,inesco,mbaz,mbaz_a351.wav,Angry,209,Angry,Happy,Happy,False,False,False,0.030566035,0.00013656329,0.10978587,0.8518801,0.0026067267,0.0011438897,0.0038807772
1339,inesco,mbaz,mbaz_a352.wav,Angry,109,Angry,Surprise,Angry,False,True,True,0.05292038,3.4431592e-05,0.40053248,0.020076254,0.004332158,0.00081310386,0.52129126
1340,inesco,mbaz,mbaz_a353.wav,Angry,212,Angry,Fear,Happy,False,False,True,0.009885035,0.00047406147,0.8172443,0.024045177,0.0006633585,0.0021793107,0.14550872
1341,inesco,mbaz,mbaz_a354.wav,Angry,321,Angry,Surprise,Sad,False,False,True,0.058719426,0.008065608,0.2560508,0.06507904,0.007087407,0.2845476,0.32045013
1342,inesco,mbaz,mbaz_a355.wav,Angry,212,Angry,Happy,Happy,False,False,False,0.2837829,0.04141057,0.08731303,0.37558547,0.00013260875,0.05065189,0.1611235
1343,inesco,mbaz,mbaz_a356.wav,Angry,260,Angry,Angry,Angry,True,True,False,0.52844614,0.011657564,0.09774869,0.24564517,0.0008497199,0.032732844,0.08291997
1344,inesco,mbaz,mbaz_a357.wav,Angry,148,Angry,Fear,Happy,False,False,True,8.682331e-05,8.447974e-06,0.82595736,0.06332492,4.9279253e-05,0.00082601124,0.10974709
1345,inesco,mbaz,mbaz_a358.wav,Angry,103,Angry,Surprise,Angry,False,True,True,0.36839646,0.00092806725,0.13283922,0.103145145,0.0030363682,0.0010444806,0.39061025
1346,inesco,mbaz,mbaz_a359.wav,Angry,177,Angry,Happy,Happy,False,False,False,0.1465764,2.0247703e-06,0.0039082277,0.84446144,1.1154339e-05,5.9455575e-05,0.0049813436
1347,inesco,mbaz,mbaz_a360.wav,Angry,84,Angry,Fear,Angry,False,True,True,0.12237666,4.268357e-05,0.5920457,0.033247296,0.00012382661,0.0003171349,0.25184667
1348,inesco,mbaz,mbaz_a361.wav,Angry,119,Angry,Surprise,Angry,False,True,True,0.11393287,1.4428636e-05,0.23734115,0.016237497,4.694126e-06,3.9815684e-05,0.6324296
1349,inesco,mbaz,mbaz_a362.wav,Angry,77,Angry,Surprise,Angry,False,True,True,0.20233183,0.0003566664,0.31116298,0.019802993,1.7405224e-05,0.00017118198,0.46615684
1350,inesco,mbaz,mbaz_a363.wav,Angry,141,Angry,Angry,Angry,True,True,False,0.45774242,2.1216872e-05,0.35867238,0.1501229,9.410384e-05,0.00035213618,0.032994807
1351,inesco,mbaz,mbaz_a364.wav,Angry,138,Angry,Angry,Angry,True,True,False,0.6424138,0.00012179784,0.01664124,0.05470385,0.00061908545,8.530207e-05,0.28541493
1352,inesco,mbaz,mbaz_a365.wav,Angry,157,Angry,Happy,Happy,False,False,False,0.09805592,4.5952052e-05,0.14282197,0.6448136,0.0015185134,0.0064778687,0.10626619
1353,inesco,mbaz,mbaz_a366.wav,Angry,180,Angry,Fear,Happy,False,False,True,0.15205045,5.4553543e-06,0.43825293,0.40297154,0.004542924,0.0008626383,0.0013140166
1354,inesco,mbaz,mbaz_a367.wav,Angry,49,Angry,Angry,Angry,True,True,False,0.97541773,0.00019247901,0.004535372,0.0037731882,9.094524e-06,3.7477348e-05,0.016034689
1355,inesco,mbaz,mbaz_a368.wav,Angry,119,Angry,Surprise,Happy,False,False,True,0.019140529,4.8958314e-05,0.07559545,0.09553739,0.00012669596,0.0015036775,0.80804735
1356,inesco,mbaz,mbaz_a369.wav,Angry,132,Angry,Angry,Angry,True,True,False,0.63439214,2.273552e-05,0.23303062,0.089929596,0.0011226138,0.0002223701,0.041279927
1357,inesco,mbaz,mbaz_a370.wav,Angry,148,Angry,Fear,Happy,False,False,True,0.0013955927,7.8808813e-07,0.9864594,0.008677904,1.6029026e-05,0.00025816623,0.0031921132
1358,inesco,mbaz,mbaz_a371.wav,Angry,132,Angry,Fear,Angry,False,True,True,0.045453437,5.392895e-05,0.7050438,0.025669362,0.0015369215,0.0009692059,0.22127344
1359,inesco,mbaz,mbaz_a372.wav,Angry,161,Angry,Fear,Happy,False,False,True,0.002795529,2.3877163e-07,0.9290182,0.06148092,4.2307605e-05,0.00044308716,0.006219791
1360,inesco,mbaz,mbaz_a373.wav,Angry,173,Angry,Fear,Angry,False,True,True,0.096385464,1.6860135e-05,0.49309042,0.08292228,2.6063877e-05,0.0002711229,0.32728782
1361,inesco,mbaz,mbaz_a374.wav,Angry,65,Angry,Angry,Angry,True,True,False,0.6066292,0.002046539,0.14522693,0.037895486,0.00020051004,0.007828743,0.20017263
1362,inesco,mbaz,mbaz_a375.wav,Angry,244,Angry,Surprise,Angry,False,True,True,0.026395977,8.886919e-05,0.016241405,0.024663849,3.1797367e-06,8.523301e-05,0.93252146
1363,inesco,mbaz,mbaz_a376.wav,Angry,42,Angry,Angry,Angry,True,True,False,0.99252254,9.150798e-06,0.0051716417,0.0009186198,1.1408707e-06,7.7028635e-06,0.0013691715
1364,inesco,mbaz,mbaz_a377.wav,Angry,87,Angry,Surprise,Happy,False,False,True,0.14285433,0.00010218247,0.03281022,0.399721,0.00012031922,0.0006713018,0.42372066
1365,inesco,mbaz,mbaz_a378.wav,Angry,103,Angry,Fear,Angry,False,True,True,0.30286384,0.00019167211,0.52603453,0.0397913,0.00041063927,0.0025668861,0.12814112
1366,inesco,mbaz,mbaz_a379.wav,Angry,129,Angry,Surprise,Happy,False,False,True,0.029218014,3.721405e-05,0.008464516,0.04422213,7.8538176e-07,2.9781657e-05,0.91802764
1367,inesco,mbaz,mbaz_a380.wav,Angry,199,Angry,Happy,Happy,False,False,False,0.06543985,5.409827e-05,0.08507678,0.5194053,0.0011792018,0.001263309,0.32758138
1368,inesco,mbaz,mbaz_a381.wav,Angry,157,Angry,Happy,Happy,False,False,False,0.04152924,3.5380674e-06,0.118014336,0.7939224,1.4933129e-05,6.0976137e-05,0.04645454
1369,inesco,mbaz,mbaz_a382.wav,Angry,125,Angry,Surprise,Happy,False,False,True,1.2347959e-05,4.151318e-06,0.00032483294,0.003366375,2.3627026e-08,5.2734765e-07,0.99629176
1370,inesco,mbaz,mbaz_a383.wav,Angry,65,Angry,Fear,Angry,False,True,True,0.31227434,0.0040211296,0.555234,0.00791758,0.002079414,0.007844622,0.11062887
1371,inesco,mbaz,mbaz_a384.wav,Angry,132,Angry,Surprise,Happy,False,False,True,0.07519239,5.3238746e-05,0.013386729,0.43167552,2.7405848e-05,0.00024233633,0.47942233
1372,inesco,mbaz,mbaz_a385.wav,Angry,97,Angry,Happy,Happy,False,False,False,0.04758509,2.4446761e-05,0.08864305,0.66171837,0.0001002822,0.00029735907,0.20163144
1373,inesco,mbaz,mbaz_a386.wav,Angry,93,Angry,Surprise,Happy,False,False,True,0.004322276,2.6212803e-05,0.017423706,0.013684426,8.878622e-06,0.0002574907,0.9642771
1374,inesco,mbaz,mbaz_a387.wav,Angry,378,Angry,Surprise,Happy,False,False,True,0.0056719934,7.198085e-05,0.063247934,0.15852696,3.9305873e-05,0.0002439944,0.7721977
1375,inesco,mbaz,mbaz_a388.wav,Angry,52,Angry,Angry,Angry,True,True,False,0.85103047,0.0003862256,0.004521276,0.022840248,2.9325649e-05,0.00020257597,0.12098987
1376,inesco,mbaz,mbaz_a389.wav,Angry,87,Angry,Surprise,Angry,False,True,True,0.16128273,0.00013104966,0.11154069,0.03225787,5.8475547e-05,0.000314106,0.69441503
1377,inesco,mbaz,mbaz_a390.wav,Angry,49,Angry,Angry,Angry,True,True,False,0.8150577,0.00025614037,0.0020298646,0.0066054496,8.3123905e-06,1.5917767e-05,0.17602661
1378,inesco,mbaz,mbaz_a391.wav,Angry,55,Angry,Surprise,Angry,False,True,True,0.3259533,0.00068590225,0.022311118,0.0075857947,2.6627004e-05,0.0007142687,0.64272296
1379,inesco,mbaz,mbaz_a392.wav,Angry,42,Angry,Angry,Angry,True,True,False,0.7110089,0.00016696754,0.23499086,0.017870154,5.3547417e-05,0.0008369011,0.035072666
1380,inesco,mbaz,mbaz_a393.wav,Angry,103,Angry,Surprise,Happy,False,False,True,0.07308013,0.00028222008,0.002368875,0.10251554,2.8647757e-05,9.0587695e-05,0.821634
1381,inesco,mbaz,mbaz_a394.wav,Angry,138,Angry,Angry,Angry,True,True,False,0.7310351,4.0024e-05,0.03574336,0.09261349,0.00022826693,0.0021906847,0.13814911
1382,inesco,mbaz,mbaz_a395.wav,Angry,129,Angry,Surprise,Angry,False,True,True,0.2712259,0.0001810451,0.00867531,0.19984545,4.0643085e-05,0.00010442304,0.5199272
1383,inesco,mbaz,mbaz_a396.wav,Angry,215,Angry,Fear,Sad,False,False,True,0.0022842106,0.00018442649,0.94162524,0.01480657,0.00484177,0.032938916,0.0033187591
1384,inesco,mbaz,mbaz_a397.wav,Angry,45,Angry,Angry,Angry,True,True,False,0.9237553,0.00043695053,0.009794773,0.014528664,4.1978998e-05,8.835945e-05,0.051353984
1385,inesco,mbaz,mbaz_a398.wav,Angry,45,Angry,Surprise,Angry,False,True,True,0.294353,0.00014115374,0.18696243,0.019225517,5.1016763e-05,0.00024420416,0.4990226
1386,inesco,mbaz,mbaz_a399.wav,Angry,388,Angry,Surprise,Happy,False,False,True,0.005220779,0.00026709185,0.15038523,0.10796781,2.2764356e-05,0.0018262358,0.7343101
1387,inesco,mbaz,mbaz_a400.wav,Angry,218,Angry,Angry,Angry,True,True,False,0.28454787,0.033725537,0.2709089,0.22282892,0.034522135,0.105717175,0.047749456
1388,inesco,mbaz,mbaz_a401.wav,Angry,212,Angry,Angry,Angry,True,True,False,0.4238536,2.782609e-05,0.30402985,0.074920066,0.0004167238,0.0014215064,0.19533044
1389,inesco,mbaz,mbaz_h001.wav,Happy,212,Happy,Angry,Angry,False,False,False,0.4551838,0.06831734,0.17670937,0.002188324,0.057112496,0.030258732,0.21022986
1390,inesco,mbaz,mbaz_h002.wav,Happy,113,Happy,Angry,Angry,False,False,False,0.77039087,0.00042385235,0.06070837,0.040955603,0.0012022345,0.001853208,0.12446592
1391,inesco,mbaz,mbaz_h003.wav,Happy,212,Happy,Happy,Happy,True,True,False,0.29437512,0.006919603,0.019063212,0.40536162,0.008840665,0.041051496,0.22438826
1392,inesco,mbaz,mbaz_h004.wav,Happy,90,Happy,Angry,Angry,False,False,False,0.97242945,0.00028048852,0.011253902,0.007945173,0.0010607712,0.001129888,0.005900285
1393,inesco,mbaz,mbaz_h005.wav,Happy,145,Happy,Surprise,Happy,False,True,True,2.4211984e-06,4.6172074e-05,0.048896525,0.026563108,3.8435246e-07,0.00014712491,0.92434424
1394,inesco,mbaz,mbaz_h006.wav,Happy,180,Happy,Sad,Sad,False,False,False,0.00050965283,0.0032524108,0.02863555,0.15665126,0.07705319,0.72527,0.008627895
1395,inesco,mbaz,mbaz_h007.wav,Happy,154,Happy,Fear,Sad,False,False,True,0.07639431,0.10863326,0.38812727,0.04506131,0.09331908,0.2848071,0.003657663
1396,inesco,mbaz,mbaz_h008.wav,Happy,269,Happy,Surprise,Sad,False,False,True,0.085845314,0.019693762,0.10966371,0.10896325,0.007568266,0.19550137,0.47276437
1397,inesco,mbaz,mbaz_h009.wav,Happy,209,Happy,Surprise,Happy,False,True,True,0.16470098,0.0036017706,0.1296127,0.34897354,0.00010053444,0.0023524424,0.35065803
1398,inesco,mbaz,mbaz_h010.wav,Happy,212,Happy,Fear,Happy,False,True,True,0.0054573384,0.00036060155,0.6089048,0.23285113,0.002081485,0.013440917,0.13690376
1399,inesco,mbaz,mbaz_h011.wav,Happy,189,Happy,Happy,Happy,True,True,False,0.12685739,0.0018641836,0.15209682,0.5818798,0.024728697,0.049878478,0.06269465
1400,inesco,mbaz,mbaz_h012.wav,Happy,266,Happy,Surprise,Sad,False,False,True,0.018177519,0.04374638,0.35999638,0.04403885,0.0010734572,0.13705729,0.39591008
1401,inesco,mbaz,mbaz_h013.wav,Happy,359,Happy,Surprise,Happy,False,True,True,0.003626145,0.00095220335,0.022231152,0.010210928,3.0284818e-05,0.0046723424,0.958277
1402,inesco,mbaz,mbaz_h014.wav,Happy,375,Happy,Sad,Sad,False,False,False,0.10816173,0.013992215,0.0068111443,0.03625908,0.40636352,0.4239039,0.004508476
1403,inesco,mbaz,mbaz_h015.wav,Happy,164,Happy,Fear,Happy,False,True,True,0.028984418,0.004140416,0.7457459,0.11105967,0.0012801749,0.008587479,0.10020205
1404,inesco,mbaz,mbaz_h016.wav,Happy,189,Happy,Fear,Happy,False,True,True,0.014233614,8.29009e-05,0.52935284,0.02344716,1.08114455e-05,0.0018553416,0.43101728
1405,inesco,mbaz,mbaz_h017.wav,Happy,257,Happy,Happy,Happy,True,True,False,0.04110951,0.13130493,0.18392608,0.31988612,0.0038910115,0.16699012,0.15289228
1406,inesco,mbaz,mbaz_h018.wav,Happy,353,Happy,Surprise,Sad,False,False,True,0.031347167,0.07593554,0.24090378,0.026882395,0.018587014,0.10350614,0.50283796
1407,inesco,mbaz,mbaz_h019.wav,Happy,215,Happy,Sad,Sad,False,False,False,0.010418721,0.019852834,0.41955778,0.0066910093,0.003951327,0.4851039,0.054424454
1408,inesco,mbaz,mbaz_h020.wav,Happy,244,Happy,Fear,Angry,False,False,True,0.22085068,0.014300325,0.37391573,0.04190452,0.00018918916,0.03361287,0.31522667
1409,inesco,mbaz,mbaz_h021.wav,Happy,401,Happy,Angry,Angry,False,False,False,0.37979457,0.03345038,0.031722646,0.22448075,0.0032826096,0.06264193,0.26462707
1410,inesco,mbaz,mbaz_h022.wav,Happy,295,Happy,Sad,Sad,False,False,False,0.27788913,0.059378438,0.015899569,0.02194647,0.19441852,0.42205328,0.008414523
1411,inesco,mbaz,mbaz_h023.wav,Happy,298,Happy,Surprise,Angry,False,False,True,0.036618475,0.006040744,0.11377473,0.02396292,0.0031546259,0.034661785,0.7817867
1412,inesco,mbaz,mbaz_h024.wav,Happy,225,Happy,Angry,Angry,False,False,False,0.79667634,0.05349097,0.026897514,0.0104604745,0.0011231845,0.029844765,0.081506796
1413,inesco,mbaz,mbaz_h025.wav,Happy,209,Happy,Fear,Angry,False,False,True,0.08771725,0.00986391,0.5973671,0.070178755,0.0005028745,0.013913993,0.2204561
1414,inesco,mbaz,mbaz_h026.wav,Happy,282,Happy,Fear,Happy,False,True,True,0.010906629,0.018309116,0.47297442,0.23661119,7.7129436e-05,0.007475752,0.25364575
1415,inesco,mbaz,mbaz_h027.wav,Happy,314,Happy,Neutral,Sad,False,False,True,0.06680411,0.1023956,0.14477563,0.008449705,0.51192224,0.1349525,0.030700201
1416,inesco,mbaz,mbaz_h028.wav,Happy,218,Happy,Angry,Angry,False,False,False,0.91565025,0.0017835601,0.025586344,0.03151424,0.0005309669,0.014235786,0.0106989015
1417,inesco,mbaz,mbaz_h029.wav,Happy,372,Happy,Surprise,Angry,False,False,True,0.29835075,0.0023615253,0.019193953,0.025946105,0.0002650872,0.0040575215,0.64982504
1418,inesco,mbaz,mbaz_h030.wav,Happy,228,Happy,Angry,Angry,False,False,False,0.48782945,0.020191332,0.0047708387,0.035067443,0.36174414,0.04592503,0.044471737
1419,inesco,mbaz,mbaz_h031.wav,Happy,401,Happy,Happy,Happy,True,True,False,0.0836881,0.0020374553,0.0042949095,0.45249912,0.011584722,0.43030298,0.01559277
1420,inesco,mbaz,mbaz_h032.wav,Happy,285,Happy,Angry,Angry,False,False,False,0.5042486,0.23314922,0.025578115,0.017909007,0.051352557,0.1585225,0.009239985
1421,inesco,mbaz,mbaz_h033.wav,Happy,221,Happy,Fear,Sad,False,False,True,0.16943294,0.044135436,0.30933857,0.120093144,0.0008199872,0.17698446,0.1791954
1422,inesco,mbaz,mbaz_h034.wav,Happy,218,Happy,Sad,Sad,False,False,False,0.07546778,0.17194907,0.022573758,0.004776374,0.0005485828,0.6715525,0.053131934
1423,inesco,mbaz,mbaz_h035.wav,Happy,333,Happy,Disgust,Angry,False,False,True,0.20815274,0.690704,0.0049487175,0.002624473,0.0010649287,0.07869895,0.013806202
1424,inesco,mbaz,mbaz_h036.wav,Happy,401,Happy,Fear,Happy,False,True,True,0.005540188,0.00019197991,0.5720901,0.16486895,0.0001237873,0.0021776697,0.25500736
1425,inesco,mbaz,mbaz_h037.wav,Happy,324,Happy,Sad,Sad,False,False,False,0.19842383,0.038444165,0.03171887,0.0028783942,0.044451002,0.5153877,0.16869602
1426,inesco,mbaz,mbaz_h038.wav,Happy,401,Happy,Fear,Sad,False,False,True,0.05315271,0.016291529,0.43490767,0.14325866,0.026170608,0.15987083,0.16634797
1427,inesco,mbaz,mbaz_h039.wav,Happy,349,Happy,Fear,Happy,False,True,True,0.047264375,0.0090101445,0.5950122,0.051841464,0.023993941,0.02154776,0.25133017
1428,inesco,mbaz,mbaz_h040.wav,Happy,401,Happy,Fear,Happy,False,True,True,0.016246865,0.036837906,0.31649396,0.20527712,0.030205114,0.10037199,0.29456708
1429,inesco,mbaz,mbaz_h041.wav,Happy,141,Happy,Fear,Happy,False,True,True,0.0013744507,4.8176576e-06,0.892065,0.008186657,1.0981976e-06,9.458698e-05,0.09827335
1430,inesco,mbaz,mbaz_h042.wav,Happy,317,Happy,Surprise,Angry,False,False,True,0.018557891,0.0062758108,0.112308286,0.0028798846,0.0021505852,0.014538894,0.8432887
1431,inesco,mbaz,mbaz_h043.wav,Happy,401,Happy,Fear,Happy,False,True,True,0.012932864,0.004950735,0.5691163,0.11986303,0.0132546285,0.0060030348,0.27387938
1432,inesco,mbaz,mbaz_h044.wav,Happy,365,Happy,Angry,Angry,False,False,False,0.5247296,0.15030281,0.018011061,0.18332149,0.0071199117,0.031801626,0.08471345
1433,inesco,mbaz,mbaz_h045.wav,Happy,285,Happy,Disgust,Angry,False,False,True,0.101872966,0.8204367,0.0028983846,0.0012234746,0.00074078096,0.06578472,0.0070429263
1434,inesco,mbaz,mbaz_h046.wav,Happy,221,Happy,Angry,Angry,False,False,False,0.5517867,0.0074618766,0.017349903,0.06006981,0.007683822,0.0047164285,0.35093144
1435,inesco,mbaz,mbaz_h047.wav,Happy,234,Happy,Neutral,Sad,False,False,True,0.019762853,0.004755038,0.0004598375,0.014206322,0.77855885,0.17482336,0.0074337306
1436,inesco,mbaz,mbaz_h048.wav,Happy,279,Happy,Surprise,Happy,False,True,True,0.0033427738,0.0049279663,0.26092842,0.066238925,0.0006655632,0.0078097815,0.6560866
1437,inesco,mbaz,mbaz_h049.wav,Happy,205,Happy,Neutral,Sad,False,False,True,0.005636668,0.00035550733,0.00993157,0.02067157,0.7469021,0.21588957,0.0006130221
1438,inesco,mbaz,mbaz_h050.wav,Happy,167,Happy,Neutral,Happy,False,True,True,0.0017014218,1.8878562e-05,0.029488994,0.021898713,0.931793,0.014934955,0.00016403552
1439,inesco,mbaz,mbaz_h051.wav,Happy,401,Happy,Neutral,Sad,False,False,True,0.0015431556,0.009164151,0.016360939,0.009008069,0.55198634,0.41069406,0.0012433244
1440,inesco,mbaz,mbaz_h052.wav,Happy,401,Happy,Surprise,Happy,False,True,True,0.043547206,0.0032727462,0.34746656,0.11631164,0.0023673207,0.11626056,0.37077403
1441,inesco,mbaz,mbaz_h053.wav,Happy,401,Happy,Sad,Sad,False,False,False,0.008102953,0.0062318314,0.057465505,0.25501883,0.14001727,0.4915154,0.041648243
1442,inesco,mbaz,mbaz_h054.wav,Happy,346,Happy,Sad,Sad,False,False,False,0.013776952,0.01725623,0.052551962,0.07484414,0.055177435,0.71125966,0.07513352
1443,inesco,mbaz,mbaz_h055.wav,Happy,401,Happy,Sad,Sad,False,False,False,0.039767522,0.0054049976,0.02012511,0.3449708,0.025022587,0.528239,0.03646996
1444,inesco,mbaz,mbaz_h056.wav,Happy,292,Happy,Angry,Angry,False,False,False,0.7749115,0.06874285,0.033214696,0.01112369,0.050973155,0.013604245,0.047429793
1445,inesco,mbaz,mbaz_h057.wav,Happy,247,Happy,Happy,Happy,True,True,False,0.05318445,0.07179121,0.12190142,0.5344789,0.06708342,0.1428704,0.008690254
1446,inesco,mbaz,mbaz_h058.wav,Happy,372,Happy,Sad,Sad,False,False,False,0.034244,0.0066550435,0.081197865,0.2677301,0.16110669,0.39131007,0.057756256
1447,inesco,mbaz,mbaz_h059.wav,Happy,221,Happy,Sad,Sad,False,False,False,0.00045785337,0.0031586427,0.020870969,0.0032826494,0.057042893,0.9133728,0.0018140877
1448,inesco,mbaz,mbaz_h060.wav,Happy,317,Happy,Sad,Sad,False,False,False,0.009173187,0.0045725675,0.095845364,0.06833796,0.050094534,0.7626549,0.009321439
1449,inesco,mbaz,mbaz_h061.wav,Happy,154,Happy,Fear,Sad,False,False,True,0.00071692176,0.00075324345,0.87983173,0.001503027,0.0053077973,0.10082542,0.0110619245
1450,inesco,mbaz,mbaz_h062.wav,Happy,279,Happy,Neutral,Angry,False,False,True,0.169239,0.07226585,0.14705953,0.097618304,0.25278115,0.114070445,0.14696568
1451,inesco,mbaz,mbaz_h063.wav,Happy,263,Happy,Neutral,Sad,False,False,True,0.11334085,0.0075036613,0.16577898,0.0981731,0.28585574,0.19247559,0.13687201
1452,inesco,mbaz,mbaz_h064.wav,Happy,231,Happy,Neutral,Sad,False,False,True,0.008751476,0.00020559516,0.00016377505,0.0032332202,0.96475464,0.022641247,0.00025019058
1453,inesco,mbaz,mbaz_h065.wav,Happy,337,Happy,Sad,Sad,False,False,False,0.006701176,0.013712541,0.23215635,0.0199927,0.11944982,0.4143681,0.19361936
1454,inesco,mbaz,mbaz_h066.wav,Happy,273,Happy,Sad,Sad,False,False,False,0.026458792,0.03919742,0.22528586,0.20904937,0.0029033825,0.39898315,0.09812203
1455,inesco,mbaz,mbaz_h067.wav,Happy,401,Happy,Sad,Sad,False,False,False,0.034887273,0.0164482,0.10320826,0.18607402,0.14412095,0.44755134,0.06770995
1456,inesco,mbaz,mbaz_h068.wav,Happy,292,Happy,Sad,Sad,False,False,False,0.14777422,0.0928896,0.08427137,0.028085511,0.05436995,0.46296483,0.12964447
1457,inesco,mbaz,mbaz_h069.wav,Happy,340,Happy,Sad,Sad,False,False,False,0.10518919,0.030904083,0.082625195,0.058983263,0.05432363,0.6077516,0.060223024
1458,inesco,mbaz,mbaz_h070.wav,Happy,314,Happy,Surprise,Angry,False,False,True,0.21418568,0.073957056,0.08982124,0.028633285,0.19910376,0.14860784,0.24569114
1459,inesco,mbaz,mbaz_h071.wav,Happy,269,Happy,Sad,Sad,False,False,False,0.096156955,0.015345581,0.017359104,0.074991256,0.25406256,0.51812804,0.023956431
1460,inesco,mbaz,mbaz_h072.wav,Happy,241,Happy,Fear,Happy,False,True,True,0.022884186,0.0017773475,0.48897552,0.028347015,0.0014504081,0.011987061,0.4445785
1461,inesco,mbaz,mbaz_h073.wav,Happy,138,Happy,Angry,Angry,False,False,False,0.9179111,0.0058439393,0.02982168,0.0034132204,0.0018026249,0.00076176395,0.040445656
1462,inesco,mbaz,mbaz_h074.wav,Happy,301,Happy,Sad,Sad,False,False,False,0.077012725,0.05139705,0.024541695,0.07371312,0.15301263,0.60264766,0.017675081
1463,inesco,mbaz,mbaz_h075.wav,Happy,218,Happy,Angry,Angry,False,False,False,0.24098063,0.0054787886,0.10694386,0.23178326,0.22715722,0.16249412,0.025162183
1464,inesco,mbaz,mbaz_h076.wav,Happy,241,Happy,Sad,Sad,False,False,False,0.24459927,0.13948609,0.014761634,0.0014523759,0.0023327288,0.5730992,0.02426863
1465,inesco,mbaz,mbaz_h077.wav,Happy,228,Happy,Happy,Happy,True,True,False,0.1443574,0.005786715,0.12013428,0.31969744,0.020120297,0.078470625,0.3114333
1466,inesco,mbaz,mbaz_h078.wav,Happy,209,Happy,Happy,Happy,True,True,False,0.059985824,0.008079465,0.09158137,0.6099666,0.04893111,0.004949546,0.17650612
1467,inesco,mbaz,mbaz_h079.wav,Happy,401,Happy,Sad,Sad,False,False,False,0.012186028,0.015204741,3.5340312e-05,0.0058412743,0.095488116,0.8712064,3.803087e-05
1468,inesco,mbaz,mbaz_h080.wav,Happy,356,Happy,Sad,Sad,False,False,False,0.020623889,0.017508492,0.009154042,0.13053137,0.123846106,0.6880565,0.010279547
1469,inesco,mbaz,mbaz_h081.wav,Happy,266,Happy,Disgust,Angry,False,False,True,0.04757611,0.85033715,0.0016141271,0.008971604,0.051329274,0.037100535,0.0030711556
1470,inesco,mbaz,mbaz_h082.wav,Happy,388,Happy,Happy,Happy,True,True,False,0.07240109,0.009902404,0.2180672,0.26644525,0.15708804,0.18956043,0.08653558
1471,inesco,mbaz,mbaz_h083.wav,Happy,388,Happy,Neutral,Sad,False,False,True,0.015422632,0.032135386,0.0072494736,0.0075440602,0.582663,0.34477085,0.01021465
1472,inesco,mbaz,mbaz_h084.wav,Happy,199,Happy,Sad,Sad,False,False,False,0.0062806425,0.03791436,0.31776315,0.04060408,0.040896073,0.5332595,0.023282122
1473,inesco,mbaz,mbaz_h085.wav,Happy,321,Happy,Angry,Angry,False,False,False,0.31091946,0.05739997,0.087979935,0.07747652,0.031978585,0.16113491,0.27311066
1474,inesco,mbaz,mbaz_h086.wav,Happy,225,Happy,Neutral,Sad,False,False,True,0.117825806,0.025962537,0.032171525,0.031896148,0.53260064,0.21800226,0.04154107
1475,inesco,mbaz,mbaz_h087.wav,Happy,218,Happy,Angry,Angry,False,False,False,0.470129,0.0057207574,0.0033053455,0.031579815,0.07881528,0.40920994,0.0012398493
1476,inesco,mbaz,mbaz_h088.wav,Happy,263,Happy,Sad,Sad,False,False,False,0.0033377993,0.005090395,8.820849e-05,0.0002554477,0.0064766384,0.9845345,0.00021698284
1477,inesco,mbaz,mbaz_h089.wav,Happy,401,Happy,Sad,Sad,False,False,False,0.02397467,0.041070703,0.074269794,0.2110027,0.027322503,0.4553335,0.16702616
1478,inesco,mbaz,mbaz_h090.wav,Happy,141,Happy,Neutral,Sad,False,False,True,0.0006944406,7.887786e-05,0.033948507,0.01140337,0.6090049,0.34309795,0.0017718641
1479,inesco,mbaz,mbaz_h091.wav,Happy,321,Happy,Sad,Sad,False,False,False,0.033894766,0.0035425024,0.17389561,0.19148204,0.12853667,0.44032705,0.028321365
1480,inesco,mbaz,mbaz_h092.wav,Happy,193,Happy,Fear,Happy,False,True,True,0.0044286726,1.6275233e-05,0.87648267,0.10213463,0.0022856349,0.0031320322,0.011520033
1481,inesco,mbaz,mbaz_h093.wav,Happy,308,Happy,Angry,Angry,False,False,False,0.80886173,0.022035537,0.0010577496,0.02175707,0.051893216,0.07935222,0.015042464
1482,inesco,mbaz,mbaz_h094.wav,Happy,388,Happy,Sad,Sad,False,False,False,0.061614003,0.024609204,0.015765311,0.01107858,0.22252959,0.6326856,0.031717714
1483,inesco,mbaz,mbaz_h095.wav,Happy,215,Happy,Disgust,Happy,False,True,True,0.117658295,0.35429612,0.109763436,0.24503846,0.005095754,0.094703704,0.07344416
1484,inesco,mbaz,mbaz_h096.wav,Happy,183,Happy,Neutral,Sad,False,False,True,1.8125173e-05,5.015835e-07,0.0002285097,0.0059680147,0.9832122,0.010559171,1.3528329e-05
1485,inesco,mbaz,mbaz_h097.wav,Happy,228,Happy,Neutral,Angry,False,False,True,0.18063001,0.060555477,0.03133922,0.0025248316,0.3113704,0.16163413,0.2519459
1486,inesco,mbaz,mbaz_h098.wav,Happy,401,Happy,Surprise,Sad,False,False,True,0.01040991,0.027217146,0.1004806,0.13363898,0.011745339,0.27496806,0.44153994
1487,inesco,mbaz,mbaz_h099.wav,Happy,109,Happy,Fear,Angry,False,False,True,0.106156334,0.0027878867,0.7768074,0.038616497,0.010763478,0.0202754,0.04459292
1488,inesco,mbaz,mbaz_h100.wav,Happy,199,Happy,Neutral,Angry,False,False,True,0.019444576,0.0028803123,0.003683965,0.002407602,0.94700843,0.0019345887,0.022640567
1489,inesco,mbaz,mbaz_h101.wav,Happy,202,Happy,Neutral,Sad,False,False,True,0.023054246,0.016788103,0.099304445,0.029576924,0.32828838,0.21609345,0.2868945
1490,inesco,mbaz,mbaz_h102.wav,Happy,170,Happy,Fear,Happy,False,True,True,0.054817032,0.00171667,0.57981724,0.20820995,0.023765476,0.1114511,0.020222548
1491,inesco,mbaz,mbaz_h103.wav,Happy,289,Happy,Sad,Sad,False,False,False,0.13790692,0.007839391,0.09146085,0.05217231,0.025271107,0.57129467,0.11405482
1492,inesco,mbaz,mbaz_h104.wav,Happy,401,Happy,Happy,Happy,True,True,False,0.015746474,0.0016378218,0.015542474,0.6144662,0.07646573,0.25597385,0.020167474
1493,inesco,mbaz,mbaz_h105.wav,Happy,189,Happy,Neutral,Sad,False,False,True,0.024235679,0.0028760165,0.029424312,0.017164074,0.7056406,0.21552387,0.00513549
1494,inesco,mbaz,mbaz_h106.wav,Happy,257,Happy,Sad,Sad,False,False,False,0.0030592775,0.02112787,0.25753304,0.17518525,0.010345603,0.3347323,0.19801657
1495,inesco,mbaz,mbaz_h107.wav,Happy,321,Happy,Sad,Sad,False,False,False,0.005359168,0.08711914,0.09354813,0.13679142,0.14174396,0.503214,0.03222422
1496,inesco,mbaz,mbaz_h108.wav,Happy,401,Happy,Sad,Sad,False,False,False,0.020993715,0.0053557223,0.029017402,0.05444086,0.11243564,0.7626156,0.015141051
1497,inesco,mbaz,mbaz_h109.wav,Happy,260,Happy,Fear,Happy,False,True,True,0.008331203,0.0006955814,0.51998615,0.18360768,0.00041270733,0.009927973,0.27703872
1498,inesco,mbaz,mbaz_h110.wav,Happy,314,Happy,Sad,Sad,False,False,False,0.08857681,0.027716726,0.065423675,0.06161616,0.055392846,0.54225117,0.15902254
1499,inesco,mbaz,mbaz_h111.wav,Happy,330,Happy,Angry,Angry,False,False,False,0.4101339,0.009388215,0.006023469,0.029500905,0.33500928,0.20147163,0.008472622
1500,inesco,mbaz,mbaz_h112.wav,Happy,401,Happy,Happy,Happy,True,True,False,0.06816687,0.01092724,0.21606031,0.36068735,0.0037164805,0.008532914,0.33190885
1501,inesco,mbaz,mbaz_h113.wav,Happy,401,Happy,Sad,Sad,False,False,False,0.000522952,0.0004048125,0.0010500313,0.04547042,0.022713607,0.9287807,0.0010574469
1502,inesco,mbaz,mbaz_h114.wav,Happy,205,Happy,Fear,Angry,False,False,True,0.19084491,0.0060340716,0.33491784,0.16777694,0.1682129,0.09782535,0.034387924
1503,inesco,mbaz,mbaz_h115.wav,Happy,285,Happy,Sad,Sad,False,False,False,0.20155144,0.053540923,0.11233972,0.12444748,0.021769913,0.29661605,0.18973444
1504,inesco,mbaz,mbaz_h116.wav,Happy,135,Happy,Happy,Happy,True,True,False,0.12308639,0.0022437556,0.18747795,0.45919323,0.1978649,0.012556321,0.017577527
1505,inesco,mbaz,mbaz_h117.wav,Happy,177,Happy,Happy,Happy,True,True,False,0.019814435,0.011182757,0.0073542506,0.5677784,0.0041696765,0.012953911,0.37674657
1506,inesco,mbaz,mbaz_h118.wav,Happy,282,Happy,Surprise,Happy,False,True,True,0.024512233,0.046591554,0.17504257,0.16531889,0.004865317,0.062233657,0.5214358
1507,inesco,mbaz,mbaz_h119.wav,Happy,289,Happy,Surprise,Sad,False,False,True,0.033512272,0.06635181,0.14214277,0.13283998,0.008327153,0.13653022,0.48029578
1508,inesco,mbaz,mbaz_h120.wav,Happy,292,Happy,Angry,Angry,False,False,False,0.7962451,0.02807113,0.02162751,0.0342063,0.01339637,0.012407265,0.094046324
1509,inesco,mbaz,mbaz_h121.wav,Happy,221,Happy,Angry,Angry,False,False,False,0.306797,0.0011077593,0.24101411,0.27609605,0.0012628781,0.021705417,0.1520168
1510,inesco,mbaz,mbaz_h122.wav,Happy,183,Happy,Happy,Happy,True,True,False,0.02326215,0.0049222466,0.0049435943,0.78126776,0.015103276,0.0024110016,0.16808997
1511,inesco,mbaz,mbaz_h123.wav,Happy,279,Happy,Surprise,Happy,False,True,True,0.0069140573,0.0022726008,0.003903214,0.023937473,0.00039455964,0.0039260504,0.958652
1512,inesco,mbaz,mbaz_h124.wav,Happy,282,Happy,Surprise,Angry,False,False,True,0.1144989,0.07808933,0.0462571,0.023159089,0.0014152764,0.039004862,0.69757545
1513,inesco,mbaz,mbaz_h125.wav,Happy,116,Happy,Angry,Angry,False,False,False,0.617109,0.00011607043,0.097854294,0.17302881,0.014555302,0.00061850325,0.096718006
1514,inesco,mbaz,mbaz_h126.wav,Happy,359,Happy,Surprise,Sad,False,False,True,0.0071763988,0.010479648,0.24851048,0.11346334,0.0011510979,0.119168624,0.5000504
1515,inesco,mbaz,mbaz_h127.wav,Happy,202,Happy,Sad,Sad,False,False,False,0.0014371688,0.017375013,0.31572,0.19840948,0.0015055481,0.36560604,0.09994682
1516,inesco,mbaz,mbaz_h128.wav,Happy,199,Happy,Happy,Happy,True,True,False,0.00835708,0.0015061505,0.03154565,0.73103523,6.7434165e-05,0.03607561,0.19141293
1517,inesco,mbaz,mbaz_h129.wav,Happy,193,Happy,Neutral,Happy,False,True,True,0.012560597,0.00019981437,0.024895784,0.108950906,0.8423945,0.006580014,0.0044184364
1518,inesco,mbaz,mbaz_h130.wav,Happy,122,Happy,Fear,Happy,False,True,True,0.023550922,0.00028300885,0.7628167,0.12226097,0.043874566,0.010712486,0.03650127
1519,inesco,mbaz,mbaz_h131.wav,Happy,205,Happy,Angry,Angry,False,False,False,0.29034978,0.0032684107,0.15301433,0.12678744,0.04062096,0.25318974,0.13276936
1520,inesco,mbaz,mbaz_h132.wav,Happy,279,Happy,Neutral,Angry,False,False,True,0.18025084,0.0011249013,0.0008126323,0.005739807,0.7057075,0.101030596,0.0053336895
1521,inesco,mbaz,mbaz_h133.wav,Happy,237,Happy,Sad,Sad,False,False,False,0.006616116,0.018451378,0.16262467,0.01446657,0.0022234968,0.7750678,0.02054991
1522,inesco,mbaz,mbaz_h134.wav,Happy,401,Happy,Sad,Sad,False,False,False,0.025862446,0.0020461073,0.0015497043,0.061100148,0.043573573,0.8567839,0.00908405
1523,inesco,mbaz,mbaz_h135.wav,Happy,269,Happy,Sad,Sad,False,False,False,0.03407221,0.043692872,0.17759095,0.046616647,0.15832531,0.50676864,0.032933433
1524,inesco,mbaz,mbaz_h136.wav,Happy,241,Happy,Sad,Sad,False,False,False,0.11192976,0.022117877,0.058289733,0.3531162,0.08046248,0.3597019,0.01438197
1525,inesco,mbaz,mbaz_h137.wav,Happy,103,Happy,Fear,Angry,False,False,True,0.101255536,0.000391854,0.70203555,0.050448824,0.026436972,0.034888517,0.084542796
1526,inesco,mbaz,mbaz_h139.wav,Happy,138,Happy,Happy,Happy,True,True,False,0.15173505,7.5568525e-05,0.27596143,0.33850273,0.00145212,0.0034604922,0.22881263
1527,inesco,mbaz,mbaz_h140.wav,Happy,151,Happy,Fear,Angry,False,False,True,0.022610001,0.000182625,0.9147677,0.01692995,0.026934091,0.0036459437,0.01492979
1528,inesco,mbaz,mbaz_h141.wav,Happy,298,Happy,Angry,Angry,False,False,False,0.4752748,0.46021482,0.00042746915,0.00070118747,0.00015623479,0.018356295,0.044869184
1529,inesco,mbaz,mbaz_h142.wav,Happy,164,Happy,Surprise,Happy,False,True,True,0.0008706567,7.6968325e-05,0.22562568,0.0065861815,1.1762874e-05,0.0005511246,0.7662777
1530,inesco,mbaz,mbaz_h143.wav,Happy,237,Happy,Sad,Sad,False,False,False,0.04916743,0.19503762,0.013450753,0.008162046,0.08228315,0.6507521,0.0011468839
1531,inesco,mbaz,mbaz_h144.wav,Happy,170,Happy,Happy,Happy,True,True,False,0.028398065,3.447497e-05,0.0006372399,0.7409383,0.08208439,0.044199955,0.10370751
1532,inesco,mbaz,mbaz_h145.wav,Happy,183,Happy,Neutral,Sad,False,False,True,5.631679e-05,0.00013110375,0.005843991,0.00060835993,0.915815,0.07753668,8.625461e-06
1533,inesco,mbaz,mbaz_h146.wav,Happy,71,Happy,Fear,Angry,False,False,True,0.08927005,0.001993993,0.78018534,0.02469732,0.00036981216,0.0010235521,0.10246004
1534,inesco,mbaz,mbaz_h147.wav,Happy,148,Happy,Happy,Happy,True,True,False,0.022519983,0.0030857672,0.01635966,0.4863226,0.09853569,0.22921664,0.14395967
1535,inesco,mbaz,mbaz_h148.wav,Happy,125,Happy,Neutral,Angry,False,False,True,0.09013435,0.00068163197,0.10974765,0.028424341,0.64613897,0.070378006,0.054495074
1536,inesco,mbaz,mbaz_h149.wav,Happy,289,Happy,Surprise,Angry,False,False,True,0.20444934,0.032316126,0.07435979,0.08232037,0.0074681262,0.1051951,0.4938911
1537,inesco,mbaz,mbaz_h150.wav,Happy,196,Happy,Happy,Happy,True,True,False,0.14465031,0.013573875,0.031080147,0.648101,0.12933971,0.009434621,0.023820369
1538,inesco,mbaz,mbaz_h151.wav,Happy,298,Happy,Disgust,Sad,False,False,True,0.11487312,0.28299135,0.1372085,0.057134997,0.06869072,0.26935872,0.06974258
1539,inesco,mbaz,mbaz_h152.wav,Happy,401,Happy,Surprise,Happy,False,True,True,0.019682154,0.006732859,0.054016486,0.047816258,0.090790145,0.00932226,0.7716399
1540,inesco,mbaz,mbaz_h153.wav,Happy,356,Happy,Angry,Angry,False,False,False,0.24763535,0.22859393,0.04864218,0.14006181,0.034896664,0.12702402,0.17314605
1541,inesco,mbaz,mbaz_h154.wav,Happy,305,Happy,Surprise,Happy,False,True,True,0.025758356,0.022919193,0.09758446,0.29633784,0.0011760327,0.07223256,0.48399153
1542,inesco,mbaz,mbaz_h155.wav,Happy,189,Happy,Surprise,Angry,False,False,True,0.089637704,0.005515559,0.045752127,0.03852244,0.0061603994,0.052396312,0.7620155
1543,inesco,mbaz,mbaz_h156.wav,Happy,279,Happy,Sad,Sad,False,False,False,0.007377094,0.0010622676,0.041049127,0.00014863936,0.00072347844,0.8179366,0.13170287
1544,inesco,mbaz,mbaz_h157.wav,Happy,378,Happy,Sad,Sad,False,False,False,0.0644971,0.0921663,0.011298362,0.053185824,0.16824459,0.60368514,0.006922681
1545,inesco,mbaz,mbaz_h158.wav,Happy,301,Happy,Happy,Happy,True,True,False,0.04893634,0.03723197,0.09714149,0.63301075,0.03544841,0.12927765,0.018953327
1546,inesco,mbaz,mbaz_h159.wav,Happy,273,Happy,Surprise,Angry,False,False,True,0.11320596,0.002067715,0.034609083,0.040203165,0.0017172017,0.0064360346,0.80176085
1547,inesco,mbaz,mbaz_h160.wav,Happy,285,Happy,Angry,Angry,False,False,False,0.9245426,0.038004607,0.0001487217,0.017282408,0.0029851927,0.008386928,0.008649622
1548,inesco,mbaz,mbaz_h161.wav,Happy,177,Happy,Neutral,Sad,False,False,True,0.011823495,0.0005934447,0.050666913,0.10033815,0.5291018,0.30724952,0.00022673294
1549,inesco,mbaz,mbaz_h162.wav,Happy,205,Happy,Neutral,Sad,False,False,True,0.007202935,6.301022e-05,0.38202876,0.0367308,0.48010227,0.09082702,0.003045186
1550,inesco,mbaz,mbaz_h163.wav,Happy,282,Happy,Sad,Sad,False,False,False,0.09562865,0.13244018,0.030168865,0.094863705,0.04552805,0.43855006,0.16282043
1551,inesco,mbaz,mbaz_h164.wav,Happy,97,Happy,Angry,Angry,False,False,False,0.4379093,0.0006644937,0.3257264,0.036220644,0.06979807,0.11593315,0.013747965
1552,inesco,mbaz,mbaz_h165.wav,Happy,196,Happy,Sad,Sad,False,False,False,0.00019169839,0.00033879367,0.008101983,0.025455466,0.24392296,0.72082007,0.001169061
1553,inesco,mbaz,mbaz_h166.wav,Happy,84,Happy,Fear,Sad,False,False,True,0.014513385,7.732429e-05,0.91160524,0.02562084,0.0044945623,0.027141355,0.016547363
1554,inesco,mbaz,mbaz_h167.wav,Happy,125,Happy,Happy,Happy,True,True,False,0.030502457,7.3397878e-06,0.40548557,0.5263498,0.017782612,0.010078136,0.009793985
1555,inesco,mbaz,mbaz_h168.wav,Happy,199,Happy,Neutral,Sad,False,False,True,0.00020567924,1.9678412e-06,0.00021035848,0.0030044438,0.9553451,0.04109977,0.00013267902
1556,inesco,mbaz,mbaz_h169.wav,Happy,196,Happy,Happy,Happy,True,True,False,9.3349474e-05,0.0019333857,0.1388651,0.6831157,0.0005080941,0.13152133,0.04396299
1557,inesco,mbaz,mbaz_h170.wav,Happy,125,Happy,Fear,Angry,False,False,True,0.10756388,0.00028399803,0.537751,0.025186611,0.0005508003,0.0069781346,0.32168555
1558,inesco,mbaz,mbaz_h171.wav,Happy,173,Happy,Happy,Happy,True,True,False,0.0020825793,5.1852076e-05,0.055480324,0.5045351,0.00015351266,0.0011321097,0.4365645
1559,inesco,mbaz,mbaz_h172.wav,Happy,273,Happy,Sad,Sad,False,False,False,0.051953286,0.022829643,0.20627286,0.17986654,0.011306721,0.42743027,0.10034064
1560,inesco,mbaz,mbaz_h173.wav,Happy,173,Happy,Angry,Angry,False,False,False,0.38730463,0.0007704591,0.08206654,0.18311352,0.04739122,0.22849865,0.07085497
1561,inesco,mbaz,mbaz_h174.wav,Happy,81,Happy,Angry,Angry,False,False,False,0.7355389,0.00024669853,0.12669043,0.042895768,0.0005360463,0.0014232327,0.09266883
1562,inesco,mbaz,mbaz_h175.wav,Happy,183,Happy,Neutral,Sad,False,False,True,9.670623e-05,0.0031171269,0.017858673,0.013621863,0.5308124,0.43295413,0.0015391201
1563,inesco,mbaz,mbaz_h176.wav,Happy,164,Happy,Neutral,Sad,False,False,True,8.929677e-06,4.914677e-07,2.3913924e-05,3.231832e-05,0.9991856,0.0007484786,2.8559404e-07
1564,inesco,mbaz,mbaz_h177.wav,Happy,250,Happy,Happy,Happy,True,True,False,0.0005616737,0.00052048574,0.04030339,0.46370444,8.6743974e-05,0.044261206,0.450562
1565,inesco,mbaz,mbaz_h178.wav,Happy,343,Happy,Surprise,Happy,False,True,True,0.01940244,0.030319763,0.21316124,0.22003505,0.0043147733,0.041149165,0.47161764
1566,inesco,mbaz,mbaz_h179.wav,Happy,241,Happy,Happy,Happy,True,True,False,0.3237755,0.012540406,0.04079523,0.48047537,0.033999883,0.09867081,0.009742872
1567,inesco,mbaz,mbaz_h180.wav,Happy,196,Happy,Happy,Happy,True,True,False,0.0120459385,0.0002949602,0.26142752,0.5761879,0.00020327258,0.002629942,0.14721039
1568,inesco,mbaz,mbaz_h181.wav,Happy,132,Happy,Fear,Angry,False,False,True,0.14799733,0.0074751754,0.3558551,0.032305717,0.32028624,0.033155616,0.10292474
1569,inesco,mbaz,mbaz_h182.wav,Happy,193,Happy,Neutral,Sad,False,False,True,0.002602034,0.00012568626,0.37603357,0.03763674,0.5118979,0.048839983,0.022864003
1570,inesco,mbaz,mbaz_h183.wav,Happy,161,Happy,Surprise,Happy,False,True,True,0.020400278,0.0017499094,0.089303315,0.28422073,0.21309485,0.04484894,0.34638196
1571,inesco,mbaz,mbaz_h184.wav,Happy,138,Happy,Sad,Sad,False,False,False,0.03904069,0.025667097,0.27092603,0.036252584,0.029469613,0.56277144,0.03587254
1572,inesco,mbaz,mbaz_h185.wav,Happy,269,Happy,Neutral,Sad,False,False,True,0.016899344,0.07338585,0.021827225,0.015518158,0.55451256,0.17708331,0.1407735
1573,inesco,mbaz,mbaz_h186.wav,Happy,378,Happy,Sad,Sad,False,False,False,0.02387923,0.008097426,0.21766685,0.11379967,0.098052375,0.4623553,0.07614923
1574,inesco,mbaz,mbaz_h187.wav,Happy,401,Happy,Fear,Happy,False,True,True,0.008984648,0.025002731,0.45126513,0.43843096,0.001876428,0.013903072,0.0605371
1575,inesco,mbaz,mbaz_h188.wav,Happy,276,Happy,Happy,Happy,True,True,False,0.00696803,0.0060271164,0.20950381,0.4826938,0.031121751,0.23297389,0.03071155
1576,inesco,mbaz,mbaz_h189.wav,Happy,314,Happy,Happy,Happy,True,True,False,0.172182,0.00892753,0.10544406,0.3305821,0.035463583,0.159079,0.18832171
1577,inesco,mbaz,mbaz_h190.wav,Happy,253,Happy,Sad,Sad,False,False,False,0.0546353,0.02150681,0.05060653,0.00744437,0.0024426184,0.7711947,0.09216963
1578,inesco,mbaz,mbaz_h191.wav,Happy,225,Happy,Fear,Happy,False,True,True,0.0008125697,0.0014929704,0.7406422,0.068766624,1.2475424e-05,0.008170009,0.18010318
1579,inesco,mbaz,mbaz_h192.wav,Happy,401,Happy,Sad,Sad,False,False,False,0.022738082,0.015654648,0.079017706,0.041905437,0.078413725,0.5965551,0.16571529
1580,inesco,mbaz,mbaz_h193.wav,Happy,349,Happy,Surprise,Happy,False,True,True,0.0003330342,0.0065667476,0.23585898,0.21180856,0.0002314507,0.017325768,0.5278755
1581,inesco,mbaz,mbaz_h194.wav,Happy,401,Happy,Happy,Happy,True,True,False,0.019931901,0.016311964,0.10100207,0.59542257,0.0045432188,0.03482415,0.22796409
1582,inesco,mbaz,mbaz_h195.wav,Happy,321,Happy,Sad,Sad,False,False,False,0.08160271,0.020133901,0.21640174,0.044129662,0.007602888,0.46971798,0.16041113
1583,inesco,mbaz,mbaz_h196.wav,Happy,401,Happy,Surprise,Sad,False,False,True,0.009791937,0.016831534,0.2929274,0.072517894,0.04306826,0.21192537,0.35293758
1584,inesco,mbaz,mbaz_h197.wav,Happy,193,Happy,Neutral,Sad,False,False,True,2.2620796e-05,1.8261717e-07,0.000115768715,4.0388815e-05,0.8523366,0.14748299,1.5191671e-06
1585,inesco,mbaz,mbaz_h198.wav,Happy,263,Happy,Fear,Sad,False,False,True,0.039942697,0.021360595,0.43706924,0.01735403,0.0017130296,0.29432392,0.18823655
1586,inesco,mbaz,mbaz_h199.wav,Happy,167,Happy,Angry,Angry,False,False,False,0.52885,0.00041539513,0.017565118,0.09009049,0.19041681,0.13003995,0.042622205
1587,inesco,mbaz,mbaz_h200.wav,Happy,71,Happy,Fear,Angry,False,False,True,0.06473591,0.0010447195,0.7587322,0.011295172,0.001654115,0.025397284,0.13714065
1588,inesco,mbaz,mbaz_h201.wav,Happy,250,Happy,Sad,Sad,False,False,False,0.013051794,0.005256245,0.019683298,0.015717622,0.06677188,0.8775866,0.0019325361
1589,inesco,mbaz,mbaz_h202.wav,Happy,250,Happy,Sad,Sad,False,False,False,0.0004506522,0.008907805,0.07188487,0.006412174,0.013086063,0.8977881,0.0014704455
1590,inesco,mbaz,mbaz_h203.wav,Happy,189,Happy,Neutral,Sad,False,False,True,0.0015519859,5.123177e-06,0.0051323273,0.04534655,0.53973085,0.40818843,4.4809392e-05
1591,inesco,mbaz,mbaz_h204.wav,Happy,228,Happy,Angry,Angry,False,False,False,0.367803,0.0114993695,0.13790174,0.06082563,0.02612858,0.059752733,0.336089
1592,inesco,mbaz,mbaz_h205.wav,Happy,305,Happy,Angry,Angry,False,False,False,0.7377981,0.04251624,0.0036042759,0.01754655,0.03790089,0.05688669,0.10374722
1593,inesco,mbaz,mbaz_h206.wav,Happy,369,Happy,Sad,Sad,False,False,False,0.056814708,0.0053588,0.029982278,0.13778995,0.10221549,0.65976256,0.008076121
1594,inesco,mbaz,mbaz_h207.wav,Happy,401,Happy,Neutral,Sad,False,False,True,0.0030126632,0.0012736185,0.008372345,0.006948813,0.5395513,0.4397877,0.0010535343
1595,inesco,mbaz,mbaz_h208.wav,Happy,285,Happy,Sad,Sad,False,False,False,0.039706953,0.0034245425,0.0050980737,0.027013652,0.37929448,0.53872335,0.006738937
1596,inesco,mbaz,mbaz_h209.wav,Happy,356,Happy,Surprise,Angry,False,False,True,0.23918581,0.039031807,0.011279064,0.076217175,0.16661613,0.11993976,0.34773022
1597,inesco,mbaz,mbaz_h210.wav,Happy,401,Happy,Surprise,Angry,False,False,True,0.18580413,0.002949856,0.0022074466,0.011016764,0.00017912335,0.0047691464,0.7930735
1598,inesco,mbaz,mbaz_h211.wav,Happy,189,Happy,Neutral,Sad,False,False,True,0.018237129,0.0018308932,0.058160257,0.08511915,0.49070242,0.29960528,0.046344865
1599,inesco,mbaz,mbaz_s402.wav,Sad,231,Sad,Neutral,Sad,False,True,True,0.00050603435,0.017695678,0.006914216,0.0016989369,0.6400102,0.33304617,0.00012878033
1600,inesco,mbaz,mbaz_s403.wav,Sad,311,Sad,Sad,Sad,True,True,False,0.0047233133,0.017812142,0.0032381245,5.6331457e-05,0.004407979,0.9649846,0.0047775437
1601,inesco,mbaz,mbaz_s404.wav,Sad,260,Sad,Sad,Sad,True,True,False,0.0010321856,0.025582185,0.202571,0.0444179,0.004988837,0.6851336,0.036274284
1602,inesco,mbaz,mbaz_s405.wav,Sad,401,Sad,Neutral,Sad,False,True,True,0.0070877643,0.006689838,0.0007101878,0.000613191,0.7996817,0.18473288,0.00048438457
1603,inesco,mbaz,mbaz_s406.wav,Sad,276,Sad,Disgust,Angry,False,False,True,0.27928555,0.3133302,0.008281405,0.0071906415,0.13391824,0.24208994,0.015903981
1604,inesco,mbaz,mbaz_s407.wav,Sad,180,Sad,Sad,Sad,True,True,False,0.0018126839,0.006126836,0.119126685,0.017153379,0.07421936,0.7771805,0.0043806215
1605,inesco,mbaz,mbaz_s408.wav,Sad,154,Sad,Happy,Happy,False,False,False,0.1684213,0.007991861,0.10958696,0.4625946,0.18955715,0.06101071,0.0008374812
1606,inesco,mbaz,mbaz_s409.wav,Sad,253,Sad,Disgust,Sad,False,True,True,0.24363607,0.33396325,0.024501173,0.10410907,0.030105561,0.255698,0.007986805
1607,inesco,mbaz,mbaz_s410.wav,Sad,282,Sad,Angry,Angry,False,False,False,0.8956499,0.044245105,0.0063483412,0.0026282019,0.004728434,0.010744366,0.03565564
1608,inesco,mbaz,mbaz_s411.wav,Sad,209,Sad,Sad,Sad,True,True,False,0.06607537,0.0030087107,0.08218251,0.18335035,0.04103685,0.6209089,0.003437353
1609,inesco,mbaz,mbaz_s412.wav,Sad,170,Sad,Surprise,Sad,False,True,True,0.043166734,0.10108612,0.25747153,0.07082642,0.0024173742,0.16607991,0.3589519
1610,inesco,mbaz,mbaz_s413.wav,Sad,401,Sad,Neutral,Sad,False,True,True,0.0068373317,0.010217371,0.12962481,0.1124597,0.41303024,0.3244511,0.0033794974
1611,inesco,mbaz,mbaz_s414.wav,Sad,241,Sad,Happy,Happy,False,False,False,0.07339737,0.009971951,0.14209273,0.41788748,0.0833008,0.24383332,0.029516285
1612,inesco,mbaz,mbaz_s415.wav,Sad,132,Sad,Neutral,Angry,False,False,True,0.20510623,0.0006957863,0.05825188,0.0712388,0.59886885,0.000137371,0.065701075
1613,inesco,mbaz,mbaz_s416.wav,Sad,401,Sad,Neutral,Sad,False,True,True,0.0006753841,0.013142458,0.03453135,0.19337808,0.4214524,0.3363402,0.0004801609
1614,inesco,mbaz,mbaz_s417.wav,Sad,265,Sad,Angry,Angry,False,False,False,0.38441178,0.100172944,0.13962285,0.25868434,0.008547983,0.06703465,0.041525424
1615,inesco,mbaz,mbaz_s418.wav,Sad,244,Sad,Angry,Angry,False,False,False,0.47253346,0.19920594,0.06498968,0.0064402777,0.011683981,0.030221397,0.21492521
1616,inesco,mbaz,mbaz_s419.wav,Sad,228,Sad,Disgust,Sad,False,True,True,0.12757362,0.36228338,0.019627878,0.0019698497,0.29254463,0.19058102,0.005419508
1617,inesco,mbaz,mbaz_s420.wav,Sad,97,Sad,Neutral,Happy,False,False,True,0.13819684,0.0010127957,0.021611111,0.14271194,0.59401315,0.09449718,0.007957003
1618,inesco,mbaz,mbaz_s421.wav,Sad,321,Sad,Neutral,Sad,False,True,True,0.07651911,0.06388034,0.04068337,0.10410721,0.4317347,0.27451676,0.008558531
1619,inesco,mbaz,mbaz_s422.wav,Sad,340,Sad,Neutral,Sad,False,True,True,0.008999958,0.010422306,0.01709915,0.028625308,0.6799663,0.25242272,0.0024643603
1620,inesco,mbaz,mbaz_s423.wav,Sad,253,Sad,Angry,Angry,False,False,False,0.5461141,0.15653385,0.0010461746,0.02241067,0.0021736354,0.26833594,0.003385692
1621,inesco,mbaz,mbaz_s424.wav,Sad,397,Sad,Disgust,Angry,False,False,True,0.29201406,0.3031994,0.059858344,0.09553594,0.04001109,0.17506957,0.034311626
1622,inesco,mbaz,mbaz_s425.wav,Sad,324,Sad,Sad,Sad,True,True,False,0.25555807,0.114171885,0.017763985,0.19403782,0.009568717,0.36586234,0.04303711
1623,inesco,mbaz,mbaz_s426.wav,Sad,321,Sad,Fear,Happy,False,False,True,0.019741464,0.035514276,0.32900405,0.24110958,0.024459753,0.08455187,0.26561898
1624,inesco,mbaz,mbaz_s427.wav,Sad,186,Sad,Fear,Sad,False,True,True,0.0508012,0.0056071472,0.5390901,0.12801269,0.04330999,0.16010259,0.073076315
1625,inesco,mbaz,mbaz_s428.wav,Sad,401,Sad,Sad,Sad,True,True,False,0.029584138,0.047291983,0.014176514,0.026623199,0.15672408,0.71112424,0.01447583
1626,inesco,mbaz,mbaz_s429.wav,Sad,401,Sad,Sad,Sad,True,True,False,0.06747577,0.025283502,0.014658558,0.013920176,0.09795991,0.7526352,0.028066903
1627,inesco,mbaz,mbaz_s430.wav,Sad,401,Sad,Neutral,Sad,False,True,True,0.110383816,0.04999704,0.0021900646,0.004991402,0.5715875,0.26039183,0.0004583617
1628,inesco,mbaz,mbaz_s431.wav,Sad,234,Sad,Happy,Happy,False,False,False,0.07224335,0.06589527,0.21360576,0.34221065,0.11153721,0.15576267,0.038745105
1629,inesco,mbaz,mbaz_s432.wav,Sad,289,Sad,Disgust,Sad,False,True,True,0.14969467,0.62755066,0.015147146,0.008320247,0.012547986,0.18095195,0.0057872967
1630,inesco,mbaz,mbaz_s433.wav,Sad,372,Sad,Sad,Sad,True,True,False,0.03428826,0.013499507,0.05754995,0.04012319,0.23566099,0.56129026,0.057587773
1631,inesco,mbaz,mbaz_s434.wav,Sad,253,Sad,Sad,Sad,True,True,False,0.29082718,0.26969305,0.00927993,0.008913169,0.021784859,0.36097062,0.038531154
1632,inesco,mbaz,mbaz_s435.wav,Sad,145,Sad,Neutral,Sad,False,True,True,0.025649332,0.005923105,0.22151294,0.005315596,0.5407015,0.20015046,0.0007469722
1633,inesco,mbaz,mbaz_s436.wav,Sad,170,Sad,Fear,Sad,False,True,True,0.00017354426,0.00010170511,0.5881348,0.008963222,0.24784613,0.15457854,0.00020203229
1634,inesco,mbaz,mbaz_s437.wav,Sad,301,Sad,Sad,Sad,True,True,False,0.15429834,0.14325482,0.017052773,0.05782361,0.22809723,0.33266234,0.06681095
1635,inesco,mbaz,mbaz_s438.wav,Sad,391,Sad,Angry,Angry,False,False,False,0.6410877,0.021958321,0.023978485,0.035168614,0.21440686,0.048345998,0.015053921
1636,inesco,mbaz,mbaz_s439.wav,Sad,401,Sad,Neutral,Happy,False,False,True,0.16602299,0.07252052,0.12404477,0.2225364,0.27972052,0.08113356,0.0540213
1637,inesco,mbaz,mbaz_s440.wav,Sad,311,Sad,Angry,Angry,False,False,False,0.8216258,0.06372064,0.0027149385,0.007389042,0.0023162933,0.09953698,0.0026962983
1638,inesco,mbaz,mbaz_s441.wav,Sad,311,Sad,Angry,Angry,False,False,False,0.5013742,0.11250414,0.042196613,0.08334342,0.00096034684,0.14523858,0.1143827
1639,inesco,mbaz,mbaz_s442.wav,Sad,257,Sad,Sad,Sad,True,True,False,0.26841325,0.13245083,0.060406867,0.10214587,0.052156895,0.3486347,0.035791617
1640,inesco,mbaz,mbaz_s443.wav,Sad,369,Sad,Sad,Sad,True,True,False,0.056146927,0.10079036,0.005721138,0.020300575,0.28613988,0.52479017,0.006110922
1641,inesco,mbaz,mbaz_s444.wav,Sad,401,Sad,Happy,Happy,False,False,False,0.047096226,0.07709002,0.2621885,0.26897463,0.048064116,0.26739928,0.029187268
1642,inesco,mbaz,mbaz_s445.wav,Sad,301,Sad,Angry,Angry,False,False,False,0.7318018,0.15717672,0.013228302,0.03850026,0.020704312,0.01944451,0.019144101
1643,inesco,mbaz,mbaz_s446.wav,Sad,295,Sad,Sad,Sad,True,True,False,0.01597149,0.14908142,0.045263175,0.015687766,0.042126626,0.7250501,0.0068193395
1644,inesco,mbaz,mbaz_s447.wav,Sad,401,Sad,Happy,Happy,False,False,False,0.071379244,0.06899083,0.02030308,0.48505405,0.08651724,0.23190075,0.03585481
1645,inesco,mbaz,mbaz_s448.wav,Sad,260,Sad,Sad,Sad,True,True,False,0.05892814,0.13143,0.0014280919,0.0146312835,0.034011804,0.75946254,0.00010812322
1646,inesco,mbaz,mbaz_s449.wav,Sad,321,Sad,Neutral,Sad,False,True,True,0.048404578,0.007884608,0.016500914,0.17762958,0.49409527,0.25337163,0.002113502
1647,inesco,mbaz,mbaz_s450.wav,Sad,257,Sad,Sad,Sad,True,True,False,0.051451433,0.16392374,0.012375983,0.05069897,0.010548429,0.70165867,0.009342734
1648,inesco,mbaz,mbaz_s451.wav,Sad,292,Sad,Angry,Angry,False,False,False,0.7259076,0.037828162,0.039034087,0.053567465,0.031390518,0.04024625,0.07202595
1649,inesco,mbaz,mbaz_s452.wav,Sad,349,Sad,Neutral,Sad,False,True,True,0.009562887,0.0016344964,0.0010884482,0.012111129,0.5454358,0.4301053,6.195704e-05
1650,inesco,mbaz,mbaz_s453.wav,Sad,269,Sad,Sad,Sad,True,True,False,0.09350084,0.01581747,0.08411251,0.2598853,0.054839533,0.33280784,0.15903655
1651,inesco,mbaz,mbaz_s454.wav,Sad,401,Sad,Sad,Sad,True,True,False,0.0018084794,0.000217894,0.000238954,0.0026986243,0.037217207,0.95735645,0.00046247226
1652,inesco,mbaz,mbaz_s455.wav,Sad,356,Sad,Sad,Sad,True,True,False,0.032713324,0.0066935,0.0046645165,0.03269582,0.21553102,0.7056038,0.0020980698
1653,inesco,mbaz,mbaz_s456.wav,Sad,401,Sad,Neutral,Sad,False,True,True,0.0015296104,0.0027932557,5.0110262e-05,0.0023195483,0.76178396,0.23151173,1.1675919e-05
1654,inesco,mbaz,mbaz_s457.wav,Sad,401,Sad,Neutral,Angry,False,False,True,0.09953679,0.20502993,0.0032738845,0.06587705,0.5274629,0.08405036,0.014769098
1655,inesco,mbaz,mbaz_s458.wav,Sad,257,Sad,Sad,Sad,True,True,False,0.20245887,0.008077684,0.0041835755,0.036792457,0.1932564,0.5540506,0.0011803581
1656,inesco,mbaz,mbaz_s459.wav,Sad,385,Sad,Sad,Sad,True,True,False,0.015204883,0.044964116,0.015144889,0.0016077969,0.02135803,0.89733374,0.0043865633
1657,inesco,mbaz,mbaz_s460.wav,Sad,247,Sad,Disgust,Sad,False,True,True,0.15004925,0.54551905,0.002823287,0.0070003625,0.03592359,0.2559383,0.002746141
1658,inesco,mbaz,mbaz_s461.wav,Sad,314,Sad,Angry,Angry,False,False,False,0.48968673,0.09077824,0.031994395,0.023124844,0.040229894,0.31998137,0.004204501
1659,inesco,mbaz,mbaz_s462.wav,Sad,372,Sad,Sad,Sad,True,True,False,0.015498352,0.003701491,0.00044904737,0.009673991,0.35541382,0.6150967,0.00016661659
1660,inesco,mbaz,mbaz_s463.wav,Sad,324,Sad,Happy,Happy,False,False,False,0.1185793,0.006113576,0.0751446,0.4391309,0.28077272,0.074179545,0.006079357
1661,inesco,mbaz,mbaz_s464.wav,Sad,353,Sad,Surprise,Happy,False,False,True,0.15736893,0.022071192,0.16719055,0.31659546,0.0008142172,0.012630678,0.323329
1662,inesco,mbaz,mbaz_s465.wav,Sad,353,Sad,Angry,Angry,False,False,False,0.44305488,0.08593083,0.014711764,0.038892914,0.049905006,0.36598194,0.001522673
1663,inesco,mbaz,mbaz_s466.wav,Sad,285,Sad,Sad,Sad,True,True,False,0.16595158,0.14216287,0.004106491,0.008127833,0.040524036,0.6385008,0.0006263685
1664,inesco,mbaz,mbaz_s467.wav,Sad,122,Sad,Angry,Angry,False,False,False,0.60859036,0.0018844566,0.009117075,0.2800084,0.03234655,0.0033704478,0.06468268
1665,inesco,mbaz,mbaz_s468.wav,Sad,183,Sad,Neutral,Sad,False,True,True,1.6474734e-05,1.3683751e-06,0.00201039,0.0038039107,0.9822671,0.011884503,1.6331975e-05
1666,inesco,mbaz,mbaz_s469.wav,Sad,135,Sad,Happy,Happy,False,False,False,0.18817043,0.0032195244,0.22305863,0.4603695,0.09393886,0.0067439936,0.024499077
1667,inesco,mbaz,mbaz_s470.wav,Sad,164,Sad,Happy,Happy,False,False,False,0.050760448,0.0011546834,0.03137315,0.7286884,0.12303674,0.019045657,0.045940936
1668,inesco,mbaz,mbaz_s471.wav,Sad,109,Sad,Neutral,Angry,False,False,True,0.10577395,0.0016841637,0.3258554,0.025987612,0.5035477,0.032899506,0.0042516612
1669,inesco,mbaz,mbaz_s472.wav,Sad,269,Sad,Happy,Happy,False,False,False,0.19601284,0.124766834,0.13397104,0.22013794,0.09913501,0.18152148,0.044454824
1670,inesco,mbaz,mbaz_s473.wav,Sad,250,Sad,Neutral,Sad,False,True,True,0.02096941,0.002013889,0.0050154286,0.02222559,0.7998075,0.14976138,0.0002068308
1671,inesco,mbaz,mbaz_s474.wav,Sad,401,Sad,Surprise,Angry,False,False,True,0.01776786,0.012969754,0.16110995,0.0048576156,0.00062442233,0.011168041,0.79150236
1672,inesco,mbaz,mbaz_s475.wav,Sad,349,Sad,Angry,Angry,False,False,False,0.52394944,0.12789668,0.03475238,0.011965103,0.041298278,0.23504724,0.025090877
1673,inesco,mbaz,mbaz_s476.wav,Sad,301,Sad,Neutral,Angry,False,False,True,0.12715642,0.017741527,0.0008184369,0.005285559,0.7830152,0.06526388,0.00071891997
1674,inesco,mbaz,mbaz_s477.wav,Sad,401,Sad,Happy,Happy,False,False,False,0.11581634,0.017167829,0.2954206,0.29579744,0.016502205,0.063832775,0.19546285
1675,inesco,mbaz,mbaz_s478.wav,Sad,205,Sad,Neutral,Sad,False,True,True,0.0013468941,0.0014107899,0.00032918408,0.00057385437,0.9594826,0.036759347,9.731285e-05
1676,inesco,mbaz,mbaz_s479.wav,Sad,369,Sad,Sad,Sad,True,True,False,0.005399387,0.021959368,0.13555887,0.12485218,0.10437596,0.4981531,0.109701194
1677,inesco,mbaz,mbaz_s480.wav,Sad,311,Sad,Angry,Angry,False,False,False,0.5127198,0.20128593,0.027031243,0.04219586,0.06528661,0.12376117,0.02771934
1678,inesco,mbaz,mbaz_s481.wav,Sad,337,Sad,Neutral,Angry,False,False,True,0.3664128,0.043652818,0.0043443725,0.039743073,0.38639647,0.15541746,0.0040330244
1679,inesco,mbaz,mbaz_s482.wav,Sad,173,Sad,Neutral,Happy,False,False,True,0.041048266,0.0001303619,0.1996408,0.3258115,0.4205709,0.00555705,0.0072411406
1680,inesco,mbaz,mbaz_s483.wav,Sad,401,Sad,Angry,Angry,False,False,False,0.39619753,0.010054281,0.01607138,0.16282001,0.04623904,0.21044385,0.15817384
1681,inesco,mbaz,mbaz_s484.wav,Sad,228,Sad,Sad,Sad,True,True,False,0.0040863887,0.001595742,0.013647289,0.08768221,0.31193644,0.5792224,0.0018295769
1682,inesco,mbaz,mbaz_s485.wav,Sad,113,Sad,Neutral,Angry,False,False,True,0.37128553,0.0005704187,0.061143737,0.109777704,0.40003723,0.003039746,0.054145657
1683,inesco,mbaz,mbaz_s486.wav,Sad,401,Sad,Sad,Sad,True,True,False,0.005367225,0.015524873,0.076767,0.10131122,0.14380026,0.5409264,0.116302975
1684,inesco,mbaz,mbaz_s487.wav,Sad,257,Sad,Sad,Sad,True,True,False,0.005188669,0.06889471,0.021149667,0.0019569818,0.0045044958,0.8957633,0.0025422347
1685,inesco,mbaz,mbaz_s488.wav,Sad,161,Sad,Fear,Happy,False,False,True,0.00037012313,9.953334e-05,0.8820319,0.095737495,0.02027511,0.0012625327,0.00022323716
1686,inesco,mbaz,mbaz_s489.wav,Sad,401,Sad,Sad,Sad,True,True,False,0.038013928,0.027598295,0.0062098745,0.11556365,0.35578606,0.45337906,0.0034491539
1687,inesco,mbaz,mbaz_s490.wav,Sad,340,Sad,Sad,Sad,True,True,False,0.007560126,0.0018882613,0.0013661514,0.07116808,0.45020136,0.46752262,0.0002934446
1688,inesco,mbaz,mbaz_s491.wav,Sad,401,Sad,Sad,Sad,True,True,False,0.03647729,0.010856909,0.017361678,0.03148081,0.15534446,0.7280064,0.020472432
1689,inesco,mbaz,mbaz_s492.wav,Sad,317,Sad,Angry,Angry,False,False,False,0.48697188,0.05921196,0.0146950055,0.06509466,0.09160905,0.2547034,0.027713954
1690,inesco,mbaz,mbaz_s493.wav,Sad,401,Sad,Surprise,Sad,False,True,True,0.008413686,0.04393265,0.22473238,0.14656419,0.005605851,0.15805174,0.41269943
1691,inesco,mbaz,mbaz_s494.wav,Sad,177,Sad,Neutral,Sad,False,True,True,0.0009107734,0.00024009199,0.0008997498,0.0015053158,0.9941023,0.0022452306,9.657284e-05
1692,inesco,mbaz,mbaz_s495.wav,Sad,401,Sad,Sad,Sad,True,True,False,0.04925811,0.048993032,0.09506017,0.14433455,0.09015184,0.4471713,0.12503089
1693,inesco,mbaz,mbaz_s496.wav,Sad,250,Sad,Sad,Sad,True,True,False,0.0067920084,0.0019861097,0.028843045,0.012219904,0.07456833,0.8751514,0.00043926272
1694,inesco,mbaz,mbaz_s497.wav,Sad,247,Sad,Sad,Sad,True,True,False,0.00018937397,0.00090391334,0.0016391219,0.0022127365,0.005474142,0.98952395,5.6736284e-05
1695,inesco,mbaz,mbaz_s498.wav,Sad,212,Sad,Angry,Angry,False,False,False,0.61700624,0.112929516,0.038549285,0.034899138,0.014188433,0.14701265,0.035414707
1696,inesco,mbaz,mbaz_s499.wav,Sad,401,Sad,Sad,Sad,True,True,False,0.01729029,0.049796093,0.030533163,0.003427324,0.26229605,0.60716224,0.029494846
1697,inesco,mbaz,mbaz_s500.wav,Sad,241,Sad,Sad,Sad,True,True,False,0.012604918,0.003251871,0.0010239187,0.03837672,0.10153966,0.8430028,0.0002000903
1698,inesco,mbaz,mbaz_s501.wav,Sad,282,Sad,Angry,Angry,False,False,False,0.44815454,0.111706436,0.05773579,0.00730631,0.190976,0.16074924,0.023371603
1699,inesco,mbaz,mbaz_s502.wav,Sad,234,Sad,Sad,Sad,True,True,False,0.08313039,0.056789003,0.008066295,0.041804794,0.24234703,0.56187415,0.005988382
1700,inesco,mbaz,mbaz_s503.wav,Sad,324,Sad,Angry,Angry,False,False,False,0.4199973,0.045906566,0.056815475,0.25059366,0.12446659,0.09608035,0.006140075
1701,inesco,mbaz,mbaz_s504.wav,Sad,141,Sad,Happy,Happy,False,False,False,0.20165727,0.00019165131,0.09154054,0.6451633,0.056365043,0.0036251177,0.0014570729
1702,inesco,mbaz,mbaz_s505.wav,Sad,273,Sad,Sad,Sad,True,True,False,0.097455844,0.09176422,0.01396651,0.005557078,0.066929795,0.7077896,0.016536947
1703,inesco,mbaz,mbaz_s506.wav,Sad,234,Sad,Angry,Angry,False,False,False,0.71516854,0.004419669,0.018980714,0.23788515,0.006122731,0.016421078,0.0010021308
1704,inesco,mbaz,mbaz_s507.wav,Sad,180,Sad,Happy,Happy,False,False,False,0.29706296,0.00015764966,0.07946949,0.60524684,0.015575549,0.0018386459,0.00064889644
1705,inesco,mbaz,mbaz_s508.wav,Sad,266,Sad,Sad,Sad,True,True,False,0.008952571,0.008106777,0.031709716,0.05377864,0.31173185,0.5775377,0.008182759
1706,inesco,mbaz,mbaz_s509.wav,Sad,234,Sad,Neutral,Sad,False,True,True,0.08292936,0.0019328089,0.009424288,0.03452741,0.7672585,0.103323594,0.00060406263
1707,inesco,mbaz,mbaz_s510.wav,Sad,401,Sad,Surprise,Sad,False,True,True,0.055270728,0.026334208,0.12505321,0.16467413,0.03488998,0.23201483,0.36176297
1708,inesco,mbaz,mbaz_s511.wav,Sad,401,Sad,Sad,Sad,True,True,False,8.359654e-05,0.0008586388,0.00094413705,0.0021331182,0.033250954,0.96269065,3.8880713e-05
1709,inesco,mbaz,mbaz_s512.wav,Sad,397,Sad,Angry,Angry,False,False,False,0.57591105,0.10817948,0.0018589057,0.030029485,0.21527342,0.057560656,0.011187038
1710,inesco,mbaz,mbaz_s513.wav,Sad,282,Sad,Angry,Angry,False,False,False,0.5546974,0.00493582,0.047996175,0.058554284,0.11128063,0.2151845,0.007351203
1711,inesco,mbaz,mbaz_s514.wav,Sad,401,Sad,Sad,Sad,True,True,False,0.037964925,0.0047408706,0.015140374,0.018048571,0.073856056,0.8328688,0.017380394
1712,inesco,mbaz,mbaz_s515.wav,Sad,193,Sad,Fear,Happy,False,False,True,0.06782624,0.00010842895,0.7401366,0.15250213,0.01257937,0.018633956,0.008213327
1713,inesco,mbaz,mbaz_s516.wav,Sad,170,Sad,Fear,Happy,False,False,True,0.0020666213,0.0012900484,0.9463871,0.026571112,0.015088028,0.0073612886,0.0012356705
1714,inesco,mbaz,mbaz_s517.wav,Sad,247,Sad,Angry,Angry,False,False,False,0.5585656,0.18045679,0.024650477,0.08592195,0.008226862,0.12119862,0.020979697
1715,inesco,mbaz,mbaz_s518.wav,Sad,388,Sad,Neutral,Sad,False,True,True,0.009523054,0.13168015,0.006626708,0.00022114487,0.50288343,0.348835,0.00023047111
1716,inesco,mbaz,mbaz_s519.wav,Sad,289,Sad,Sad,Sad,True,True,False,0.047463853,0.11768805,0.1527273,0.077233024,0.22353673,0.33207455,0.04927652
1717,inesco,mbaz,mbaz_s520.wav,Sad,167,Sad,Angry,Angry,False,False,False,0.53544796,0.0003284934,0.25863057,0.0439004,0.1525572,0.0071363677,0.0019990068
1718,inesco,mbaz,mbaz_s521.wav,Sad,116,Sad,Angry,Angry,False,False,False,0.5621584,0.0043231566,0.17553209,0.14403208,0.04368008,0.008216962,0.06205725
1719,inesco,mbaz,mbaz_s522.wav,Sad,125,Sad,Happy,Happy,False,False,False,0.008405218,0.00033815703,0.033147167,0.8421434,0.101549,0.011519949,0.0028970733
1720,inesco,mbaz,mbaz_s523.wav,Sad,113,Sad,Angry,Angry,False,False,False,0.5010031,0.01623546,0.18259405,0.09358852,0.1658959,0.01850467,0.02217831
1721,inesco,mbaz,mbaz_s524.wav,Sad,276,Sad,Angry,Angry,False,False,False,0.47046974,0.10228164,0.08098487,0.0015657418,0.010072587,0.31513852,0.019486949
1722,inesco,mbaz,mbaz_s525.wav,Sad,330,Sad,Neutral,Sad,False,True,True,0.15690842,0.07486913,0.06590351,0.029078113,0.33548597,0.28136232,0.05639252
1723,inesco,mbaz,mbaz_s526.wav,Sad,337,Sad,Neutral,Sad,False,True,True,0.019333404,0.0025412175,0.09453044,0.043616697,0.5684566,0.2703963,0.0011253824
1724,inesco,mbaz,mbaz_s527.wav,Sad,349,Sad,Sad,Sad,True,True,False,0.22182178,0.06826869,0.024774604,0.19721267,0.21043919,0.22447872,0.053004406
1725,inesco,mbaz,mbaz_s528.wav,Sad,330,Sad,Neutral,Sad,False,True,True,0.003610794,0.0018945951,0.0024077059,0.0022944908,0.9025519,0.08697696,0.00026344188
1726,inesco,mbaz,mbaz_s529.wav,Sad,228,Sad,Sad,Sad,True,True,False,0.015258911,0.013574721,0.01836119,0.00070717605,0.43548545,0.512665,0.003947651
1727,inesco,mbaz,mbaz_s530.wav,Sad,282,Sad,Angry,Angry,False,False,False,0.44084823,0.29987743,0.013805293,0.0758759,0.089484096,0.07660562,0.00350349
1728,inesco,mbaz,mbaz_s531.wav,Sad,145,Sad,Neutral,Happy,False,False,True,0.12362755,0.025690988,0.1845627,0.19890033,0.44822758,0.015152393,0.0038384062
1729,inesco,mbaz,mbaz_s532.wav,Sad,276,Sad,Angry,Angry,False,False,False,0.5967415,0.22554617,0.0013385139,0.007987892,0.007085616,0.15621032,0.005089941
1730,inesco,mbaz,mbaz_s533.wav,Sad,362,Sad,Neutral,Sad,False,True,True,0.04809214,0.025197374,0.05646349,0.020797197,0.6782663,0.15673672,0.014446773
1731,inesco,mbaz,mbaz_s534.wav,Sad,397,Sad,Fear,Angry,False,False,True,0.1848468,0.045790724,0.3477968,0.13068964,0.11370577,0.12703264,0.050137527
1732,inesco,mbaz,mbaz_s535.wav,Sad,167,Sad,Fear,Sad,False,True,True,0.00049929507,0.0003263065,0.77934784,0.024759885,0.13887307,0.0559079,0.00028577828
1733,inesco,mbaz,mbaz_s536.wav,Sad,321,Sad,Disgust,Angry,False,False,True,0.1154669,0.6343098,0.0084530935,0.027442947,0.16888076,0.03482234,0.010624209
1734,inesco,mbaz,mbaz_s537.wav,Sad,401,Sad,Fear,Sad,False,True,True,0.024873873,0.0768774,0.544112,0.021528432,0.040844366,0.24046424,0.051299654
1735,inesco,mbaz,mbaz_s538.wav,Sad,279,Sad,Sad,Sad,True,True,False,0.115155146,0.32981429,0.08515813,0.06221742,0.026126482,0.33833775,0.04319081
1736,inesco,mbaz,mbaz_s539.wav,Sad,180,Sad,Neutral,Happy,False,False,True,0.001339615,1.4026042e-05,0.0067368746,0.12438017,0.8035679,0.06393026,3.1222742e-05
1737,inesco,mbaz,mbaz_s540.wav,Sad,372,Sad,Sad,Sad,True,True,False,0.057421517,0.2989505,0.034080308,0.024350023,0.077002525,0.49833,0.009865135
1738,inesco,mbaz,mbaz_s541.wav,Sad,401,Sad,Neutral,Sad,False,True,True,0.01397964,0.032044712,0.041372396,0.04093868,0.5051631,0.35824314,0.008258353
1739,inesco,mbaz,mbaz_s542.wav,Sad,401,Sad,Angry,Angry,False,False,False,0.41282284,0.15852597,0.009754847,0.004597784,0.2533174,0.050850376,0.11013076
1740,inesco,mbaz,mbaz_s543.wav,Sad,401,Sad,Neutral,Sad,False,True,True,0.0018785212,0.051284347,0.0125042545,0.05644954,0.7480516,0.12716222,0.002669553
1741,inesco,mbaz,mbaz_s544.wav,Sad,129,Sad,Neutral,Happy,False,False,True,0.052550748,0.00028228608,0.37707305,0.14949444,0.41146228,0.0026847678,0.0064524296
1742,inesco,mbaz,mbaz_s545.wav,Sad,305,Sad,Angry,Angry,False,False,False,0.6854798,0.099722855,0.037210673,0.10130669,0.04140586,0.023924604,0.01094947
1743,inesco,mbaz,mbaz_s546.wav,Sad,391,Sad,Sad,Sad,True,True,False,0.13124555,0.004447524,0.17186537,0.030954093,0.15578468,0.4868772,0.018825596
1744,inesco,mbaz,mbaz_s547.wav,Sad,369,Sad,Neutral,Happy,False,False,True,0.097638816,0.013796226,0.09656993,0.12948388,0.5880076,0.07042441,0.004079072
1745,inesco,mbaz,mbaz_s548.wav,Sad,295,Sad,Sad,Sad,True,True,False,0.13904458,0.18619241,0.0022117228,0.013152217,0.1570788,0.50110394,0.001216357
1746,inesco,mbaz,mbaz_s549.wav,Sad,333,Sad,Angry,Angry,False,False,False,0.40644836,0.038934745,0.04802093,0.12230689,0.11143999,0.10869336,0.16415569
1747,inesco,mbaz,mbaz_s550.wav,Sad,266,Sad,Happy,Happy,False,False,False,0.11526644,0.16102615,0.0179223,0.3932566,0.09183935,0.21562147,0.005067673
1748,inesco,mbaz,mbaz_s551.wav,Sad,292,Sad,Angry,Angry,False,False,False,0.5068671,0.18656401,0.011361953,0.008032907,0.029982679,0.2501505,0.0070408387
1749,inesco,mbaz,mbaz_s552.wav,Sad,97,Sad,Angry,Angry,False,False,False,0.537409,0.0006153875,0.18784654,0.16592792,0.09665455,0.0031085142,0.008438085
1750,inesco,mbaz,mbaz_s553.wav,Sad,74,Sad,Fear,Angry,False,False,True,0.29102975,0.028115015,0.5495043,0.06597815,0.012904929,0.045187682,0.007280259
1751,inesco,mbaz,mbaz_s554.wav,Sad,135,Sad,Neutral,Angry,False,False,True,0.00932237,0.0006144547,0.043664917,0.0022512716,0.9400942,0.0039213984,0.0001314287
1752,inesco,mbaz,mbaz_s555.wav,Sad,196,Sad,Happy,Happy,False,False,False,0.004182609,0.0007208291,0.23821354,0.6353944,0.104729764,0.01436592,0.0023930243
1753,inesco,mbaz,mbaz_s556.wav,Sad,180,Sad,Neutral,Sad,False,True,True,0.00021255552,4.4821867e-05,0.054321755,0.004544857,0.922095,0.018758476,2.2495464e-05
1754,inesco,mbaz,mbaz_s557.wav,Sad,87,Sad,Angry,Angry,False,False,False,0.4415093,0.0012546658,0.27901986,0.022256467,0.16717115,0.06239698,0.026391571
1755,inesco,mbaz,mbaz_s558.wav,Sad,148,Sad,Angry,Angry,False,False,False,0.9435022,0.0002416872,0.024150835,0.00432093,0.020461442,0.0033500958,0.003972824
1756,inesco,mbaz,mbaz_s559.wav,Sad,205,Sad,Sad,Sad,True,True,False,0.0022168488,0.00074434263,0.05225611,0.020261243,0.4402166,0.48139775,0.0029071018
1757,inesco,mbaz,mbaz_s560.wav,Sad,116,Sad,Angry,Angry,False,False,False,0.4987888,0.00023997706,0.24053323,0.029946756,0.19782798,0.028161524,0.004501791
1758,inesco,mbaz,mbaz_s561.wav,Sad,276,Sad,Sad,Sad,True,True,False,0.0070279064,0.0037762835,0.0013794543,0.035067175,0.30208728,0.64697915,0.003682746
1759,inesco,mbaz,mbaz_s562.wav,Sad,103,Sad,Angry,Angry,False,False,False,0.7716204,0.0025320502,0.011109049,0.12337757,0.08920194,0.0014605174,0.00069852936
1760,inesco,mbaz,mbaz_s563.wav,Sad,241,Sad,Sad,Sad,True,True,False,0.0437329,0.028135458,0.06628997,0.026506202,0.29358017,0.5409347,0.0008207148
1761,inesco,mbaz,mbaz_s564.wav,Sad,289,Sad,Angry,Angry,False,False,False,0.5059697,0.38336167,0.0020292825,0.0032187947,0.0081181945,0.09050803,0.0067943255
1762,inesco,mbaz,mbaz_s565.wav,Sad,401,Sad,Happy,Happy,False,False,False,0.0048811454,0.00508061,0.04259747,0.6112107,0.0071530896,0.3044309,0.024646096
1763,inesco,mbaz,mbaz_s566.wav,Sad,109,Sad,Neutral,Angry,False,False,True,0.1769943,0.0006953929,0.31805888,0.11813217,0.3777137,0.0068005743,0.0016049991
1764,inesco,mbaz,mbaz_s567.wav,Sad,154,Sad,Fear,Happy,False,False,True,0.04907216,0.0007531446,0.70878536,0.14237097,0.084832296,0.01311353,0.0010725446
1765,inesco,mbaz,mbaz_s568.wav,Sad,148,Sad,Fear,Angry,False,False,True,0.035308123,0.020711308,0.86891717,0.014095681,0.036070533,0.017060893,0.00783626
1766,inesco,mbaz,mbaz_s569.wav,Sad,401,Sad,Fear,Happy,False,False,True,0.004274784,0.0025970617,0.74211437,0.111948416,0.06525632,0.049238876,0.024570119
1767,inesco,mbaz,mbaz_s570.wav,Sad,327,Sad,Neutral,Sad,False,True,True,0.1403843,0.024919571,0.07883967,0.057444546,0.43360415,0.22228384,0.042523935
1768,inesco,mbaz,mbaz_s571.wav,Sad,292,Sad,Sad,Sad,True,True,False,0.015736977,0.009595466,0.00077220536,0.0014556842,0.34460363,0.62760794,0.00022819392
1769,inesco,mbaz,mbaz_s572.wav,Sad,193,Sad,Neutral,Happy,False,False,True,0.1015105,0.011555279,0.04475459,0.29960558,0.5317989,0.004290202,0.006484913
1770,inesco,mbaz,mbaz_s573.wav,Sad,148,Sad,Fear,Angry,False,False,True,0.020266641,3.633532e-05,0.9551115,0.008251261,0.0068931878,0.008524079,0.00091695547
1771,inesco,mbaz,mbaz_s574.wav,Sad,234,Sad,Sad,Sad,True,True,False,0.029704409,0.40530372,0.066954195,0.007893682,0.001539338,0.4768049,0.011799755
1772,inesco,mbaz,mbaz_s575.wav,Sad,129,Sad,Neutral,Happy,False,False,True,0.0005310726,1.7313945e-05,0.0012400488,0.014743616,0.9808046,0.0025047679,0.00015858278
1773,inesco,mbaz,mbaz_s576.wav,Sad,199,Sad,Neutral,Happy,False,False,True,0.031348586,0.0038575556,0.013640448,0.35112932,0.5099976,0.08977347,0.0002530328
1774,inesco,mbaz,mbaz_s577.wav,Sad,401,Sad,Disgust,Happy,False,False,True,0.054222155,0.45610696,0.03424427,0.12499936,0.2334418,0.06767663,0.029308844
1775,inesco,mbaz,mbaz_s578.wav,Sad,135,Sad,Fear,Happy,False,False,True,0.027067184,0.03150516,0.37639484,0.3589586,0.15348308,0.050913718,0.0016773435
1776,inesco,mbaz,mbaz_s579.wav,Sad,164,Sad,Neutral,Sad,False,True,True,1.8615097e-05,8.834329e-06,6.8149995e-05,0.00027516176,0.88898176,0.11064664,7.821285e-07
1777,inesco,mbaz,mbaz_s580.wav,Sad,401,Sad,Surprise,Sad,False,True,True,0.029539172,0.18443744,0.22220798,0.011785313,0.039603516,0.25578406,0.2566425
1778,inesco,mbaz,mbaz_s581.wav,Sad,205,Sad,Neutral,Sad,False,True,True,0.0027542508,3.959726e-05,0.0043654554,0.00738993,0.95853406,0.026889995,2.6657513e-05
1779,inesco,mbaz,mbaz_s582.wav,Sad,381,Sad,Sad,Sad,True,True,False,0.0066391807,0.028326474,0.0014924309,0.0054310337,0.45949644,0.4984786,0.00013583692
1780,inesco,mbaz,mbaz_s583.wav,Sad,45,Sad,Fear,Angry,False,False,True,0.34531623,0.0009485915,0.5578804,0.04525363,0.018796789,0.024362247,0.0074421265
1781,inesco,mbaz,mbaz_s584.wav,Sad,401,Sad,Sad,Sad,True,True,False,0.006175886,0.0029500984,0.0017236152,0.019402817,0.18876721,0.7798751,0.0011053188
1782,inesco,mbaz,mbaz_s585.wav,Sad,314,Sad,Neutral,Sad,False,True,True,0.08701827,0.055759028,0.11659038,0.024115482,0.36705437,0.34327823,0.0061842916
1783,inesco,mbaz,mbaz_s586.wav,Sad,314,Sad,Fear,Angry,False,False,True,0.2251999,0.0033377032,0.6295847,0.0032014917,0.06408795,0.04586698,0.028721172
1784,inesco,mbaz,mbaz_s587.wav,Sad,237,Sad,Fear,Angry,False,False,True,0.21557929,0.010905247,0.32232314,0.13453716,0.18802214,0.122932754,0.0057002166
1785,inesco,mbaz,mbaz_s588.wav,Sad,401,Sad,Neutral,Sad,False,True,True,0.022792066,0.017481625,0.022658905,0.023060229,0.5340279,0.3661411,0.013838122
1786,inesco,mbaz,mbaz_s589.wav,Sad,317,Sad,Sad,Sad,True,True,False,0.033995014,0.07046742,0.0040441058,0.011436437,0.37605414,0.5001103,0.003892579
1787,inesco,mbaz,mbaz_s590.wav,Sad,212,Sad,Angry,Angry,False,False,False,0.5135755,0.004880893,0.17433442,0.035035368,0.25195938,0.018930567,0.001283908
1788,inesco,mbaz,mbaz_s591.wav,Sad,401,Sad,Disgust,Angry,False,False,True,0.21015558,0.28193,0.053951487,0.023838872,0.21408883,0.19932006,0.016715156
1789,inesco,mbaz,mbaz_s592.wav,Sad,401,Sad,Sad,Sad,True,True,False,0.017467413,0.015845632,0.026924275,0.15708557,0.07441161,0.7015291,0.0067363614
1790,inesco,mbaz,mbaz_s593.wav,Sad,289,Sad,Sad,Sad,True,True,False,0.05133444,0.007198581,0.13834412,0.0870187,0.2819884,0.42616412,0.007951614
1791,inesco,mbaz,mbaz_s594.wav,Sad,401,Sad,Neutral,Sad,False,True,True,0.006572079,0.005571678,0.0065877885,0.008562304,0.52148575,0.45066017,0.000560209
1792,inesco,mbaz,mbaz_s595.wav,Sad,401,Sad,Surprise,Sad,False,True,True,0.06739599,0.034397807,0.054068584,0.06260876,0.015735134,0.37095115,0.39484257
1793,inesco,mbaz,mbaz_s596.wav,Sad,349,Sad,Angry,Angry,False,False,False,0.28669494,0.20546326,0.20111462,0.022860093,0.022608882,0.18945533,0.07180283
1794,inesco,mbaz,mbaz_s597.wav,Sad,401,Sad,Surprise,Happy,False,False,True,0.046803303,0.02081421,0.19422518,0.20237534,0.018395208,0.15888497,0.35850173
1795,inesco,mbaz,mbaz_s598.wav,Sad,317,Sad,Neutral,Sad,False,True,True,0.008845994,0.0033151908,0.0030052438,0.00677113,0.9046553,0.07295067,0.00045640903
1796,inesco,mbaz,mbaz_s599.wav,Sad,346,Sad,Neutral,Sad,False,True,True,0.09307647,0.21670918,0.004441093,0.03480825,0.3327009,0.3172664,0.0009977277
1797,inesco,mbaz,mbaz_s600.wav,Sad,401,Sad,Surprise,Happy,False,False,True,0.14422171,0.018039268,0.07182969,0.29804754,0.0003965387,0.005227781,0.46223748
1798,inesco,mdpa,mdpa_a212.wav,Angry,167,Angry,Happy,Happy,False,False,False,0.017276147,0.0013353487,0.013360882,0.9598313,3.8377962e-05,0.0051085707,0.0030493615
1799,inesco,mdpa,mdpa_a213.wav,Angry,132,Angry,Angry,Angry,True,True,False,0.6676987,0.0003197071,0.0041205646,0.23771037,0.00018554807,0.0003164957,0.08964869
1800,inesco,mdpa,mdpa_a214.wav,Angry,244,Angry,Angry,Angry,True,True,False,0.87979716,0.0022583427,0.041271072,0.0077134795,0.00024702065,0.022749614,0.045963325
1801,inesco,mdpa,mdpa_a215.wav,Angry,285,Angry,Angry,Angry,True,True,False,0.51732945,0.002992713,0.0046468074,0.0009819149,2.3296068e-06,0.0012980165,0.47274882
1802,inesco,mdpa,mdpa_a216.wav,Angry,263,Angry,Angry,Angry,True,True,False,0.823738,0.005302676,0.053474005,0.04031713,0.0001861335,0.057913166,0.019068964
1803,inesco,mdpa,mdpa_a217.wav,Angry,100,Angry,Happy,Happy,False,False,False,0.20429322,0.0005417881,0.2745239,0.28371757,0.00046475924,0.00027826036,0.2361805
1804,inesco,mdpa,mdpa_a218.wav,Angry,401,Angry,Happy,Happy,False,False,False,0.08344408,0.0034659542,0.011215328,0.69818234,0.0003305283,0.013075674,0.19028617
1805,inesco,mdpa,mdpa_a219.wav,Angry,401,Angry,Surprise,Happy,False,False,True,0.0017285484,0.00019413113,0.045748994,0.15997633,6.6697808e-06,0.0005711992,0.79177415
1806,inesco,mdpa,mdpa_a220.wav,Angry,346,Angry,Surprise,Happy,False,False,True,0.0019081988,0.00012033762,0.15221651,0.016219009,2.9477449e-06,0.00019052648,0.8293424
1807,inesco,mdpa,mdpa_a221.wav,Angry,353,Angry,Surprise,Angry,False,True,True,0.12591371,0.0023265432,0.35271123,0.119120315,0.0017771063,0.0054678833,0.39268324
1808,inesco,mdpa,mdpa_a222.wav,Angry,401,Angry,Surprise,Happy,False,False,True,0.04121636,0.008191617,0.010077826,0.44521767,6.6000095e-05,0.011309564,0.48392096
1809,inesco,mdpa,mdpa_a223.wav,Angry,257,Angry,Fear,Happy,False,False,True,0.00066864357,0.0003053912,0.50182146,0.028852185,2.5402422e-05,0.0004330171,0.46789393
1810,inesco,mdpa,mdpa_a224.wav,Angry,308,Angry,Surprise,Angry,False,True,True,0.06995846,0.011816043,0.14689471,0.044628013,0.0008446161,0.0042525507,0.72160566
1811,inesco,mdpa,mdpa_a225.wav,Angry,97,Angry,Surprise,Happy,False,False,True,0.0630673,0.0006670347,0.052268643,0.16596867,0.0020501765,0.010007349,0.7059708
1812,inesco,mdpa,mdpa_a226.wav,Angry,215,Angry,Fear,Happy,False,False,True,0.012057376,0.00033508014,0.92162514,0.025683168,0.0013698885,0.0003470029,0.038582277
1813,inesco,mdpa,mdpa_a227.wav,Angry,401,Angry,Happy,Happy,False,False,False,0.045939267,0.018412484,0.17628567,0.54314035,0.0034393878,0.0019871045,0.21079573
1814,inesco,mdpa,mdpa_a228.wav,Angry,132,Angry,Angry,Angry,True,True,False,0.5005993,0.0013227334,0.011103661,0.4057757,0.0013004552,0.004961509,0.07493668
1815,inesco,mdpa,mdpa_a229.wav,Angry,353,Angry,Surprise,Happy,False,False,True,0.015381939,0.00058887555,0.057182677,0.062915035,2.2940123e-05,0.005807547,0.85810095
1816,inesco,mdpa,mdpa_a230.wav,Angry,260,Angry,Angry,Angry,True,True,False,0.49975395,0.02426407,0.2871801,0.068998456,5.8110516e-05,0.0750609,0.044684496
1817,inesco,mdpa,mdpa_a231.wav,Angry,183,Angry,Happy,Happy,False,False,False,0.23077619,0.0030082029,0.01245287,0.47911057,0.08899964,0.18481012,0.0008423705
1818,inesco,mdpa,mdpa_a232.wav,Angry,186,Angry,Happy,Happy,False,False,False,0.14532076,0.00021933636,0.041197617,0.7885582,0.0030693442,0.015670685,0.0059640827
1819,inesco,mdpa,mdpa_a233.wav,Angry,266,Angry,Happy,Happy,False,False,False,0.22504094,0.08859513,0.017919652,0.56408507,5.5518503e-05,0.019114962,0.08518877
1820,inesco,mdpa,mdpa_a234.wav,Angry,81,Angry,Surprise,Angry,False,True,True,0.10344709,0.00016040188,0.27022704,0.031593215,0.00019920914,0.00034238,0.5940307
1821,inesco,mdpa,mdpa_a235.wav,Angry,90,Angry,Angry,Angry,True,True,False,0.7904814,6.433558e-05,0.054130133,0.010524057,4.9816626e-05,3.847868e-05,0.14471176
1822,inesco,mdpa,mdpa_a236.wav,Angry,234,Angry,Happy,Happy,False,False,False,0.42405102,0.0058642235,0.0031040814,0.5171134,6.5145855e-06,0.0005290606,0.049331747
1823,inesco,mdpa,mdpa_a237.wav,Angry,180,Angry,Happy,Happy,False,False,False,0.0032179672,3.6442026e-07,0.026272247,0.9684153,1.1014062e-06,1.2699646e-05,0.0020803893
1824,inesco,mdpa,mdpa_a238.wav,Angry,154,Angry,Fear,Angry,False,True,True,0.32747996,4.2342813e-06,0.42042986,0.18262888,0.0013492821,0.000121987425,0.067985795
1825,inesco,mdpa,mdpa_a239.wav,Angry,193,Angry,Happy,Happy,False,False,False,0.22430024,4.9615533e-05,0.13104182,0.63692117,0.0001268493,0.003005336,0.0045549944
1826,inesco,mdpa,mdpa_a240.wav,Angry,189,Angry,Angry,Angry,True,True,False,0.5309789,1.9947478e-05,0.00010435407,0.46377754,0.00018996124,1.4544701e-05,0.0049147625
1827,inesco,mdpa,mdpa_a241.wav,Angry,138,Angry,Surprise,Angry,False,True,True,0.0859003,1.7609436e-06,0.2300711,0.041184045,8.091245e-06,1.1408046e-05,0.64282334
1828,inesco,mdpa,mdpa_a242.wav,Angry,375,Angry,Happy,Happy,False,False,False,0.03223608,0.09704442,0.011794047,0.4610209,0.00040053134,0.015582777,0.38192126
1829,inesco,mdpa,mdpa_a243.wav,Angry,215,Angry,Fear,Happy,False,False,True,0.0014519291,4.5066467e-05,0.78923756,0.20528841,1.3756913e-05,0.00012201377,0.0038413024
1830,inesco,mdpa,mdpa_a244.wav,Angry,189,Angry,Fear,Happy,False,False,True,0.028435735,0.001055085,0.55029595,0.18417259,7.9871126e-05,0.011431987,0.22452874
1831,inesco,mdpa,mdpa_a245.wav,Angry,196,Angry,Angry,Angry,True,True,False,0.93055975,2.1645705e-05,0.01843069,0.04900194,0.00018870494,0.0005437647,0.0012535783
1832,inesco,mdpa,mdpa_a246.wav,Angry,103,Angry,Angry,Angry,True,True,False,0.4168831,0.0007644045,0.25716823,0.08795419,0.00085326977,0.0016751249,0.23470168
1833,inesco,mdpa,mdpa_a247.wav,Angry,317,Angry,Angry,Angry,True,True,False,0.9171112,0.021192756,0.0016767668,0.032679945,0.002072686,0.005169016,0.020097718
1834,inesco,mdpa,mdpa_a248.wav,Angry,231,Angry,Angry,Angry,True,True,False,0.7888363,0.0015391547,0.02710652,0.06958399,0.00038481542,0.0053398116,0.107209355
1835,inesco,mdpa,mdpa_a249.wav,Angry,253,Angry,Surprise,Angry,False,True,True,0.1806904,0.0039615235,0.033094686,0.013911449,0.00019594,0.014264473,0.75388163
1836,inesco,mdpa,mdpa_a250.wav,Angry,333,Angry,Fear,Happy,False,False,True,0.048082896,0.046074543,0.5740734,0.1361159,0.0044621066,0.02219358,0.1689976
1837,inesco,mdpa,mdpa_a251.wav,Angry,337,Angry,Surprise,Angry,False,True,True,0.24677508,0.111200884,0.17513022,0.05874224,0.01231033,0.095447116,0.30039418
1838,inesco,mdpa,mdpa_a252.wav,Angry,356,Angry,Angry,Angry,True,True,False,0.5349798,0.16135208,0.04791707,0.069757715,0.000227293,0.009093242,0.1766728
1839,inesco,mdpa,mdpa_a253.wav,Angry,218,Angry,Surprise,Happy,False,False,True,0.034716826,0.008225979,0.17046309,0.14807999,0.00026955747,0.00014873997,0.6380958
1840,inesco,mdpa,mdpa_a254.wav,Angry,228,Angry,Angry,Angry,True,True,False,0.9670041,0.00027313826,0.008253428,0.021670107,4.5050792e-06,0.0009951714,0.0017995539
1841,inesco,mdpa,mdpa_a255.wav,Angry,285,Angry,Angry,Angry,True,True,False,0.6028019,0.06520866,0.0766925,0.034839787,0.00015862142,0.041825313,0.17847323
1842,inesco,mdpa,mdpa_a256.wav,Angry,362,Angry,Surprise,Angry,False,True,True,0.10553394,0.0049502305,0.01988212,0.07996595,4.219015e-05,0.0041637067,0.78546196
1843,inesco,mdpa,mdpa_a257.wav,Angry,244,Angry,Surprise,Angry,False,True,True,0.32345694,0.027419787,0.09054154,0.10092686,2.3078645e-05,0.0032744517,0.45435736
1844,inesco,mdpa,mdpa_a258.wav,Angry,164,Angry,Happy,Happy,False,False,False,0.04471652,2.1292217e-05,0.23680979,0.68206227,2.232002e-06,6.0822364e-05,0.036327124
1845,inesco,mdpa,mdpa_a259.wav,Angry,218,Angry,Angry,Angry,True,True,False,0.9075277,5.0728436e-06,0.02300196,0.0664905,0.00026609135,0.0006986679,0.0020100356
1846,inesco,mdpa,mdpa_a260.wav,Angry,250,Angry,Surprise,Angry,False,True,True,0.403492,0.043856714,0.062343214,0.01733361,0.0001452298,0.010979215,0.46185005
1847,inesco,mdpa,mdpa_a261.wav,Angry,237,Angry,Fear,Angry,False,True,True,0.10902905,0.00018870829,0.6147478,0.0067660324,9.342275e-06,0.00043198845,0.268827
1848,inesco,mdpa,mdpa_a262.wav,Angry,244,Angry,Angry,Angry,True,True,False,0.98917705,0.0005031925,0.0013599551,0.007096652,4.0349005e-06,0.0004211082,0.001438121
1849,inesco,mdpa,mdpa_a263.wav,Angry,173,Angry,Happy,Happy,False,False,False,0.07603808,3.7065165e-06,0.039918307,0.86501104,1.3236509e-05,0.00040488,0.018610729
1850,inesco,mdpa,mdpa_a264.wav,Angry,113,Angry,Angry,Angry,True,True,False,0.560766,0.00017597497,0.06842717,0.0563968,0.00042287575,0.0002217703,0.31358948
1851,inesco,mdpa,mdpa_a265.wav,Angry,109,Angry,Angry,Angry,True,True,False,0.5495592,0.002674788,0.111812875,0.03195794,0.0018851971,0.00066800613,0.30144203
1852,inesco,mdpa,mdpa_a266.wav,Angry,401,Angry,Surprise,Happy,False,False,True,0.005117788,0.00031845647,0.010700606,0.060074605,4.4500383e-05,0.0013254376,0.92241865
1853,inesco,mdpa,mdpa_a267.wav,Angry,154,Angry,Happy,Happy,False,False,False,0.013532958,4.8469707e-07,0.11803987,0.6982682,2.325772e-06,1.0648652e-05,0.1701455
1854,inesco,mdpa,mdpa_a268.wav,Angry,84,Angry,Surprise,Angry,False,True,True,0.16405901,0.00014166512,0.06713968,0.09361515,0.00012215116,0.00050797546,0.67441434
1855,inesco,mdpa,mdpa_a269.wav,Angry,129,Angry,Happy,Happy,False,False,False,0.24996778,2.1291036e-05,0.15466999,0.54406434,0.00062158384,0.0003850117,0.05027
1856,inesco,mdpa,mdpa_a270.wav,Angry,189,Angry,Happy,Happy,False,False,False,0.018470518,1.631609e-06,0.027272705,0.81336737,1.4793113e-06,8.65391e-06,0.14087766
1857,inesco,mdpa,mdpa_a271.wav,Angry,327,Angry,Fear,Sad,False,False,True,0.054293986,0.030031506,0.63660884,0.007896655,0.010233308,0.1383878,0.12254795
1858,inesco,mdpa,mdpa_a272.wav,Angry,308,Angry,Sad,Sad,False,False,False,0.11518747,0.23191975,0.06899042,0.00791662,0.011872937,0.5354235,0.028689269
1859,inesco,mdpa,mdpa_a273.wav,Angry,212,Angry,Angry,Angry,True,True,False,0.8819012,0.00010534479,0.03349336,0.05384249,0.00038597098,0.016095411,0.014176253
1860,inesco,mdpa,mdpa_a274.wav,Angry,305,Angry,Disgust,Angry,False,True,True,0.34888473,0.47506493,0.036293577,0.039235245,0.00639916,0.061061516,0.033060852
1861,inesco,mdpa,mdpa_a275.wav,Angry,148,Angry,Surprise,Happy,False,False,True,0.0010620588,1.992895e-07,0.28954816,0.04780774,2.534871e-06,5.66615e-06,0.66157365
1862,inesco,mdpa,mdpa_a276.wav,Angry,209,Angry,Fear,Happy,False,False,True,0.00046618513,1.731987e-05,0.9502783,0.032287568,1.1778987e-05,7.4472475e-05,0.016864497
1863,inesco,mdpa,mdpa_a277.wav,Angry,247,Angry,Angry,Angry,True,True,False,0.67974794,0.032598257,0.12694836,0.04471527,0.0023451615,0.054486852,0.059158225
1864,inesco,mdpa,mdpa_a278.wav,Angry,401,Angry,Happy,Happy,False,False,False,0.27421468,0.015442798,0.03059879,0.3051024,0.00055401894,0.16692759,0.2071597
1865,inesco,mdpa,mdpa_a279.wav,Angry,186,Angry,Happy,Happy,False,False,False,0.31230068,0.0004719361,0.02825406,0.6554806,1.2053091e-05,0.0008914982,0.0025891021
1866,inesco,mdpa,mdpa_a280.wav,Angry,289,Angry,Fear,Happy,False,False,True,0.0041451547,0.070337094,0.4318883,0.23006016,4.4986988e-05,0.01076461,0.25275975
1867,inesco,mdpa,mdpa_a281.wav,Angry,292,Angry,Angry,Angry,True,True,False,0.51965773,0.007004389,0.12218525,0.056577858,0.0002501043,0.021566669,0.27275798
1868,inesco,mdpa,mdpa_a282.wav,Angry,365,Angry,Surprise,Happy,False,False,True,0.0012477242,9.209178e-05,0.012198085,0.12134522,2.247059e-06,0.0002744904,0.86484015
1869,inesco,mdpa,mdpa_a283.wav,Angry,401,Angry,Surprise,Happy,False,False,True,3.1208096e-05,2.3739344e-06,0.02109949,0.06844355,1.1655097e-07,1.5174535e-05,0.910408
1870,inesco,mdpa,mdpa_a284.wav,Angry,279,Angry,Angry,Angry,True,True,False,0.7033279,0.0025489882,0.0069196066,0.06868037,9.402057e-05,0.0024561726,0.21597289
1871,inesco,mdpa,mdpa_a285.wav,Angry,221,Angry,Angry,Angry,True,True,False,0.97871804,1.0580864e-05,0.0015265789,0.019305645,4.1379813e-06,5.665532e-06,0.00042936055
1872,inesco,mdpa,mdpa_a286.wav,Angry,401,Angry,Happy,Happy,False,False,False,0.01614446,0.00035920032,0.015281736,0.85654914,5.952388e-05,0.00077291485,0.110833004
1873,inesco,mdpa,mdpa_a287.wav,Angry,177,Angry,Happy,Happy,False,False,False,0.06563066,5.009171e-07,0.0020050278,0.9303559,4.9701353e-06,1.3185767e-05,0.0019898647
1874,inesco,mdpa,mdpa_a288.wav,Angry,225,Angry,Fear,Angry,False,True,True,0.19549645,0.0009324124,0.6994681,0.077603355,0.00016663113,0.014124675,0.012208371
1875,inesco,mdpa,mdpa_a289.wav,Angry,148,Angry,Surprise,Happy,False,False,True,0.06548735,8.911446e-06,0.22370325,0.18569946,1.5464586e-05,1.0925385e-05,0.5250746
1876,inesco,mdpa,mdpa_a290.wav,Angry,375,Angry,Surprise,Happy,False,False,True,0.045083515,0.0033074846,0.056809798,0.09261824,0.00015012527,0.0043707285,0.79766005
1877,inesco,mdpa,mdpa_a291.wav,Angry,199,Angry,Angry,Angry,True,True,False,0.8225881,0.00025031704,0.03915509,0.12996867,1.2534341e-05,0.0004170536,0.007608241
1878,inesco,mdpa,mdpa_a292.wav,Angry,100,Angry,Angry,Angry,True,True,False,0.65774125,8.7231674e-05,0.06553184,0.08272877,0.0007233573,0.0010843398,0.19210319
1879,inesco,mdpa,mdpa_a293.wav,Angry,199,Angry,Angry,Angry,True,True,False,0.48919693,0.00020374283,0.23651184,0.254608,0.00015967802,0.010153011,0.009166811
1880,inesco,mdpa,mdpa_a294.wav,Angry,362,Angry,Happy,Happy,False,False,False,0.0015637747,0.05014252,0.04353056,0.7345822,0.0012845001,0.0013900138,0.16750653
1881,inesco,mdpa,mdpa_a295.wav,Angry,353,Angry,Angry,Angry,True,True,False,0.6325024,0.0012317486,0.006230821,0.0073243408,0.0002244209,0.0002880274,0.35219836
1882,inesco,mdpa,mdpa_a296.wav,Angry,129,Angry,Happy,Happy,False,False,False,0.03565959,1.0247285e-06,0.24831185,0.4802133,5.152415e-06,3.349393e-05,0.23577565
1883,inesco,mdpa,mdpa_a297.wav,Angry,93,Angry,Surprise,Angry,False,True,True,0.09656611,0.00012990672,0.025613563,0.04748064,2.268728e-05,0.0001261705,0.830061
1884,inesco,mdpa,mdpa_a298.wav,Angry,186,Angry,Happy,Happy,False,False,False,0.06993402,0.0001869005,0.006257948,0.9219517,6.9132648e-06,6.0964485e-05,0.0016015251
1885,inesco,mdpa,mdpa_a299.wav,Angry,237,Angry,Angry,Angry,True,True,False,0.95494616,0.0013502566,0.0011075208,0.04123635,3.377813e-05,0.001154825,0.0001711276
1886,inesco,mdpa,mdpa_a300.wav,Angry,401,Angry,Happy,Happy,False,False,False,0.08993281,0.05815701,0.007969397,0.6808407,0.00021230918,0.006119265,0.15676847
1887,inesco,mdpa,mdpa_a301.wav,Angry,247,Angry,Angry,Angry,True,True,False,0.4937004,0.021649327,0.061626613,0.32753137,0.00021353427,0.004254192,0.09102458
1888,inesco,mdpa,mdpa_a302.wav,Angry,353,Angry,Surprise,Happy,False,False,True,0.027423166,0.0077874283,0.1474004,0.23153129,0.0019560123,0.01146203,0.5724396
1889,inesco,mdpa,mdpa_a303.wav,Angry,285,Angry,Angry,Angry,True,True,False,0.42584023,0.0020053762,0.12635101,0.18568215,0.00018612118,0.011934786,0.24800028
1890,inesco,mdpa,mdpa_a304.wav,Angry,154,Angry,Angry,Angry,True,True,False,0.52038527,2.8482725e-06,0.010850831,0.46541703,0.00048118655,0.00015066307,0.0027121343
1891,inesco,mdpa,mdpa_a305.wav,Angry,317,Angry,Angry,Angry,True,True,False,0.5330967,0.09314349,0.067595154,0.08372613,0.003225387,0.07243927,0.1467738
1892,inesco,mdpa,mdpa_a306.wav,Angry,266,Angry,Angry,Angry,True,True,False,0.7656163,0.030567868,0.052880246,0.0269689,0.001023031,0.10577153,0.017172145
1893,inesco,mdpa,mdpa_a307.wav,Angry,173,Angry,Angry,Angry,True,True,False,0.65153897,1.4067195e-05,0.0054215826,0.33977726,0.0006739201,0.00010542511,0.002468806
1894,inesco,mdpa,mdpa_a308.wav,Angry,247,Angry,Angry,Angry,True,True,False,0.93684024,0.008497299,0.003053386,0.011575391,1.0277442e-05,0.017003383,0.02302011
1895,inesco,mdpa,mdpa_a309.wav,Angry,55,Angry,Angry,Angry,True,True,False,0.59478825,0.00065996626,0.32367218,0.007571842,0.0009040616,0.0024822073,0.06992152
1896,inesco,mdpa,mdpa_a310.wav,Angry,113,Angry,Angry,Angry,True,True,False,0.9261654,0.00022499476,0.041902937,0.0074938447,0.0023629302,0.002094999,0.019754902
1897,inesco,mdpa,mdpa_a311.wav,Angry,74,Angry,Angry,Angry,True,True,False,0.88425624,0.0003397898,0.02216478,0.0073420582,0.00038929985,0.00069319044,0.08481475
1898,inesco,mdpa,mdpa_a312.wav,Angry,161,Angry,Angry,Angry,True,True,False,0.8393997,2.0104364e-05,0.0024266385,0.14549221,0.0002990692,0.00025117912,0.012111038
1899,inesco,mdpa,mdpa_a313.wav,Angry,183,Angry,Happy,Happy,False,False,False,0.09487905,2.7611424e-05,0.0032362153,0.8984174,1.6017233e-05,1.5776492e-05,0.0034079219
1900,inesco,mdpa,mdpa_a314.wav,Angry,269,Angry,Angry,Angry,True,True,False,0.5448815,0.013028548,0.061229352,0.2559672,0.00014192118,0.09370156,0.031049965
1901,inesco,mdpa,mdpa_a315.wav,Angry,317,Angry,Fear,Angry,False,True,True,0.20850177,0.0006062908,0.6458052,0.07296147,0.00010955257,0.008267976,0.06374777
1902,inesco,mdpa,mdpa_a316.wav,Angry,375,Angry,Surprise,Angry,False,True,True,0.24091409,0.0050081857,0.10175395,0.10665742,0.0011976593,0.019947289,0.52452135
1903,inesco,mdpa,mdpa_a317.wav,Angry,337,Angry,Angry,Angry,True,True,False,0.5011547,0.22020909,0.024132773,0.0062376666,1.33920585e-05,0.015481561,0.23277085
1904,inesco,mdpa,mdpa_a318.wav,Angry,221,Angry,Angry,Angry,True,True,False,0.5934156,0.0002544889,0.298431,0.10417046,8.0480386e-05,0.0004929673,0.0031550375
1905,inesco,mdpa,mdpa_a319.wav,Angry,401,Angry,Surprise,Happy,False,False,True,0.022273699,0.00013466962,0.050847597,0.35148698,0.00040145082,0.0005467643,0.5743089
1906,inesco,mdpa,mdpa_a320.wav,Angry,116,Angry,Surprise,Angry,False,True,True,0.09068864,1.92105e-05,0.024654787,0.0064099156,0.000116179865,1.4728765e-05,0.8780965
1907,inesco,mdpa,mdpa_a321.wav,Angry,49,Angry,Angry,Angry,True,True,False,0.63264835,0.00046050487,0.017677393,0.003126375,1.0632827e-05,7.6291355e-05,0.34600043
1908,inesco,mdpa,mdpa_a322.wav,Angry,65,Angry,Angry,Angry,True,True,False,0.64602566,0.0011476978,0.025215771,0.002458619,0.00015877193,0.0005998336,0.32439363
1909,inesco,mdpa,mdpa_a323.wav,Angry,77,Angry,Surprise,Angry,False,True,True,0.13724108,0.00024903452,0.17846966,0.0043838774,0.00010997631,0.00014617328,0.6794002
1910,inesco,mdpa,mdpa_a324.wav,Angry,138,Angry,Happy,Happy,False,False,False,0.07628,0.00010965761,0.015142011,0.7049198,1.9940522e-05,0.00016095875,0.20336759
1911,inesco,mdpa,mdpa_a325.wav,Angry,129,Angry,Happy,Happy,False,False,False,0.39546368,0.000115300136,0.009615656,0.58668697,0.00052946666,3.1884505e-05,0.0075570624
1912,inesco,mdpa,mdpa_a326.wav,Angry,196,Angry,Angry,Angry,True,True,False,0.35051197,0.0001360377,0.04513801,0.27639064,1.550417e-05,0.0003899351,0.32741794
1913,inesco,mdpa,mdpa_a327.wav,Angry,244,Angry,Angry,Angry,True,True,False,0.74999994,0.053638022,0.04169717,0.063868314,0.0001771126,0.003153129,0.08746639
1914,inesco,mdpa,mdpa_a328.wav,Angry,289,Angry,Fear,Sad,False,False,True,0.00705539,0.02002945,0.4228282,0.08893879,5.0814047e-05,0.3651898,0.0959075
1915,inesco,mdpa,mdpa_a329.wav,Angry,161,Angry,Happy,Happy,False,False,False,0.012066543,5.211296e-06,0.38928637,0.5911171,0.0004574202,0.0011476092,0.005919743
1916,inesco,mdpa,mdpa_a330.wav,Angry,84,Angry,Angry,Angry,True,True,False,0.69125366,0.0009974849,0.10586994,0.07154065,0.0002553304,0.0007277927,0.12935509
1917,inesco,mdpa,mdpa_a331.wav,Angry,145,Angry,Surprise,Happy,False,False,True,0.020346927,0.00019061986,0.0033552728,0.42001393,2.9329247e-05,0.00017364489,0.55589026
1918,inesco,mdpa,mdpa_a332.wav,Angry,138,Angry,Angry,Angry,True,True,False,0.5998734,4.0482762e-05,0.30025467,0.07983969,0.00012490612,5.607187e-05,0.019810788
1919,inesco,mdpa,mdpa_a333.wav,Angry,103,Angry,Surprise,Angry,False,True,True,0.26602927,0.0001776403,0.009717075,0.05714746,0.0015619628,0.0006730879,0.66469353
1920,inesco,mdpa,mdpa_a334.wav,Angry,196,Angry,Fear,Happy,False,False,True,0.022202674,0.0012304415,0.6153305,0.27678797,0.0013827031,0.009638648,0.07342707
1921,inesco,mdpa,mdpa_a335.wav,Angry,151,Angry,Angry,Angry,True,True,False,0.7608217,2.0664587e-05,0.0022611204,0.16450277,1.7482567e-05,4.1230145e-05,0.072335035
1922,inesco,mdpa,mdpa_a336.wav,Angry,218,Angry,Angry,Angry,True,True,False,0.9834537,6.452562e-05,0.013334621,0.0017488396,5.4554406e-05,0.0003511846,0.0009927193
1923,inesco,mdpa,mdpa_a337.wav,Angry,148,Angry,Angry,Angry,True,True,False,0.9047989,0.00036538686,0.004786922,0.047252506,0.0002496898,0.00012927549,0.042417303
1924,inesco,mdpa,mdpa_a338.wav,Angry,186,Angry,Angry,Angry,True,True,False,0.8169108,3.5632514e-05,0.0021769747,0.18001404,6.82561e-05,0.00023970692,0.0005545893
1925,inesco,mdpa,mdpa_a339.wav,Angry,221,Angry,Angry,Angry,True,True,False,0.78603816,0.0015045148,0.017398186,0.1770836,4.9264563e-06,0.0002613805,0.017709201
1926,inesco,mdpa,mdpa_a340.wav,Angry,125,Angry,Surprise,Angry,False,True,True,0.112432055,2.4079318e-05,0.32158098,0.04716153,0.00043342417,0.00026109413,0.5181068
1927,inesco,mdpa,mdpa_a341.wav,Angry,221,Angry,Happy,Happy,False,False,False,0.07459492,5.070083e-06,0.13798773,0.78375894,2.8193544e-06,0.00021041791,0.0034400795
1928,inesco,mdpa,mdpa_a342.wav,Angry,250,Angry,Surprise,Happy,False,False,True,0.0023096176,0.0002007441,0.035590876,0.083797425,2.5696127e-05,0.0005122183,0.8775635
1929,inesco,mdpa,mdpa_a343.wav,Angry,177,Angry,Fear,Happy,False,False,True,0.0011512473,1.1661498e-06,0.9376974,0.051431727,0.0023221404,0.0055474425,0.0018490296
1930,inesco,mdpa,mdpa_a344.wav,Angry,141,Angry,Happy,Happy,False,False,False,0.32503006,9.675751e-06,0.06763724,0.55900335,0.00037584972,4.120452e-05,0.04790265
1931,inesco,mdpa,mdpa_a345.wav,Angry,173,Angry,Fear,Happy,False,False,True,0.00016178926,4.5848589e-07,0.84046346,0.11631664,3.735284e-06,1.2533806e-05,0.0430414
1932,inesco,mdpa,mdpa_a346.wav,Angry,231,Angry,Fear,Angry,False,True,True,0.07899177,0.0056710243,0.66319215,0.0265262,0.0003891788,0.005678921,0.21955071
1933,inesco,mdpa,mdpa_a347.wav,Angry,205,Angry,Fear,Happy,False,False,True,0.0028852206,0.00011467495,0.8868775,0.09996769,4.2630913e-05,0.006071409,0.0040408373
1934,inesco,mdpa,mdpa_a348.wav,Angry,103,Angry,Angry,Angry,True,True,False,0.7999393,0.012728377,0.07393781,0.08172488,0.024189929,0.003561993,0.00391775
1935,inesco,mdpa,mdpa_a349.wav,Angry,161,Angry,Angry,Angry,True,True,False,0.81664914,0.0010149216,0.027273024,0.14064124,0.0032077173,0.0035443776,0.007669587
1936,inesco,mdpa,mdpa_a350.wav,Angry,401,Angry,Surprise,Happy,False,False,True,0.2154932,0.0888555,0.081002936,0.23921995,0.0012254071,0.035086513,0.33911654
1937,inesco,mdpa,mdpa_a351.wav,Angry,237,Angry,Angry,Angry,True,True,False,0.6615122,0.0036396584,0.008530019,0.31938335,0.00014925045,0.0008595441,0.0059259497
1938,inesco,mdpa,mdpa_a352.wav,Angry,122,Angry,Fear,Happy,False,False,True,0.021342466,2.4500023e-05,0.5475024,0.39309672,0.02614599,0.0043559396,0.007531993
1939,inesco,mdpa,mdpa_a353.wav,Angry,263,Angry,Angry,Angry,True,True,False,0.8031306,0.08602655,0.01353718,0.0019539166,0.00035921493,0.022697888,0.07229451
1940,inesco,mdpa,mdpa_a354.wav,Angry,295,Angry,Angry,Angry,True,True,False,0.94669837,0.030695697,0.0015984159,0.0043332814,0.00019002479,0.0066313343,0.009852896
1941,inesco,mdpa,mdpa_a355.wav,Angry,260,Angry,Sad,Sad,False,False,False,0.2804944,0.29925948,0.00014013203,0.00037988843,8.902858e-05,0.41947424,0.00016285376
1942,inesco,mdpa,mdpa_a356.wav,Angry,298,Angry,Angry,Angry,True,True,False,0.9604203,0.025178693,0.002136908,0.007766546,7.3020233e-06,0.0011882284,0.0033020512
1943,inesco,mdpa,mdpa_a357.wav,Angry,202,Angry,Fear,Happy,False,False,True,0.00059262663,0.00031855423,0.8037528,0.17591965,0.00037563976,0.00198282,0.01705789
1944,inesco,mdpa,mdpa_a358.wav,Angry,125,Angry,Surprise,Angry,False,True,True,0.2593337,0.00012567216,0.0035416596,0.0028629978,2.959496e-05,3.805457e-05,0.73406833
1945,inesco,mdpa,mdpa_a359.wav,Angry,196,Angry,Angry,Angry,True,True,False,0.49073625,0.0032096999,0.019277986,0.42065954,0.008356505,0.035455182,0.022304935
1946,inesco,mdpa,mdpa_a360.wav,Angry,113,Angry,Fear,Angry,False,True,True,0.43825826,6.7454184e-06,0.4508659,0.016358014,0.06352816,0.005754055,0.025228873
1947,inesco,mdpa,mdpa_a361.wav,Angry,170,Angry,Fear,Happy,False,False,True,0.00965714,0.00013491303,0.7350711,0.25249016,3.3799643e-05,0.0010165513,0.0015962885
1948,inesco,mdpa,mdpa_a362.wav,Angry,65,Angry,Surprise,Angry,False,True,True,0.28764275,0.0034082753,0.2206604,0.031608626,0.00019424332,0.007799072,0.44868666
1949,inesco,mdpa,mdpa_a363.wav,Angry,199,Angry,Surprise,Angry,False,True,True,0.39810786,0.0007077231,0.13227697,0.04365084,2.5795165e-07,0.00039638043,0.42485994
1950,inesco,mdpa,mdpa_a364.wav,Angry,138,Angry,Fear,Happy,False,False,True,0.002584061,1.4916853e-05,0.57967645,0.039029248,2.6331905e-05,1.7707317e-06,0.37866724
1951,inesco,mdpa,mdpa_a365.wav,Angry,119,Angry,Happy,Happy,False,False,False,0.18771198,3.931452e-05,0.16445698,0.6284924,0.007024946,0.0011947675,0.011079551
1952,inesco,mdpa,mdpa_a366.wav,Angry,167,Angry,Happy,Happy,False,False,False,0.015292547,4.718031e-06,0.2901112,0.6262498,3.4997807e-05,0.0005603167,0.06774637
1953,inesco,mdpa,mdpa_a367.wav,Angry,81,Angry,Fear,Angry,False,True,True,0.28415006,0.0011479507,0.5720704,0.023856137,0.010006791,0.00455764,0.104210995
1954,inesco,mdpa,mdpa_a368.wav,Angry,170,Angry,Fear,Happy,False,False,True,0.01281094,3.7772137e-05,0.63745207,0.2940368,8.131688e-05,0.0022998333,0.05328123
1955,inesco,mdpa,mdpa_a369.wav,Angry,173,Angry,Happy,Happy,False,False,False,0.05780561,3.1675634e-06,0.032308955,0.9054794,0.002311293,0.0007559919,0.0013356272
1956,inesco,mdpa,mdpa_a370.wav,Angry,129,Angry,Happy,Happy,False,False,False,0.006655216,4.313189e-05,0.0041006603,0.9166935,0.0009882827,0.0029271853,0.06859202
1957,inesco,mdpa,mdpa_a371.wav,Angry,135,Angry,Surprise,Happy,False,False,True,0.046476733,0.00013613487,0.13663425,0.065224156,0.0001912923,0.0001247251,0.75121266
1958,inesco,mdpa,mdpa_a372.wav,Angry,218,Angry,Surprise,Happy,False,False,True,0.001492768,2.3891975e-05,0.030534022,0.026278695,5.9943613e-07,3.2723547e-05,0.94163734
1959,inesco,mdpa,mdpa_a373.wav,Angry,177,Angry,Happy,Happy,False,False,False,0.13791938,5.246588e-06,0.36570007,0.39060402,4.74735e-05,0.004453382,0.10127039
1960,inesco,mdpa,mdpa_a374.wav,Angry,81,Angry,Angry,Angry,True,True,False,0.81585747,1.143629e-05,0.05016011,0.0070009157,0.00086635497,0.000121436555,0.12598227
1961,inesco,mdpa,mdpa_a375.wav,Angry,253,Angry,Surprise,Happy,False,False,True,0.004297985,0.00024154517,0.012030479,0.035873864,1.7161676e-05,0.0013952802,0.9461436
1962,inesco,mdpa,mdpa_a376.wav,Angry,58,Angry,Angry,Angry,True,True,False,0.9416649,0.00021028331,0.018777853,0.019178065,3.9762966e-05,6.6449415e-05,0.02006271
1963,inesco,mdpa,mdpa_a377.wav,Angry,74,Angry,Angry,Angry,True,True,False,0.31509304,0.00040558897,0.20333335,0.21528086,0.0014124971,0.00409389,0.26038077
1964,inesco,mdpa,mdpa_a378.wav,Angry,148,Angry,Fear,Happy,False,False,True,0.047751047,8.476369e-06,0.63239056,0.12553592,7.6501805e-05,1.6454562e-05,0.19422102
1965,inesco,mdpa,mdpa_a379.wav,Angry,113,Angry,Surprise,Happy,False,False,True,0.02359793,0.000119458025,0.013753791,0.027588895,3.7194725e-06,2.0954292e-05,0.9349153
1966,inesco,mdpa,mdpa_a380.wav,Angry,276,Angry,Surprise,Angry,False,True,True,0.101748034,0.0015516992,0.04813223,0.017819457,0.0001252969,0.011915271,0.818708
1967,inesco,mdpa,mdpa_a381.wav,Angry,132,Angry,Happy,Happy,False,False,False,0.020932185,1.3223847e-05,0.011232738,0.92220247,0.003750618,0.0031835148,0.038685337
1968,inesco,mdpa,mdpa_a382.wav,Angry,145,Angry,Surprise,Happy,False,False,True,0.026622927,3.913731e-05,0.27752882,0.074204914,4.4912074e-05,4.722977e-05,0.62151206
1969,inesco,mdpa,mdpa_a383.wav,Angry,103,Angry,Angry,Angry,True,True,False,0.9836632,2.9932986e-05,0.0015240526,0.00210492,0.0019796707,0.0002099288,0.010488265
1970,inesco,mdpa,mdpa_a384.wav,Angry,106,Angry,Angry,Angry,True,True,False,0.48089713,0.00048170701,0.0075135557,0.11881245,0.00019346525,0.00034552714,0.39175618
1971,inesco,mdpa,mdpa_a385.wav,Angry,103,Angry,Fear,Happy,False,False,True,0.042248443,0.00015407936,0.74925053,0.12083487,0.0014108885,0.0019399053,0.08416128
1972,inesco,mdpa,mdpa_a386.wav,Angry,93,Angry,Surprise,Angry,False,True,True,0.37363592,0.0006112027,0.03710054,0.04268673,0.0001125937,0.0011734938,0.5446795
1973,inesco,mdpa,mdpa_a387.wav,Angry,362,Angry,Surprise,Happy,False,False,True,0.00023000245,1.5300126e-05,0.11223735,0.20867811,1.976873e-06,7.00598e-05,0.6787672
1974,inesco,mdpa,mdpa_a388.wav,Angry,55,Angry,Angry,Angry,True,True,False,0.93419826,0.00028465863,0.0046836594,0.041508906,0.00015345994,0.00029761894,0.018873481
1975,inesco,mdpa,mdpa_a389.wav,Angry,65,Angry,Angry,Angry,True,True,False,0.818948,0.0017924925,0.058022924,0.0441207,0.00034928235,0.0011780346,0.07558852
1976,inesco,mdpa,mdpa_a390.wav,Angry,49,Angry,Angry,Angry,True,True,False,0.9894901,0.00024393051,0.00070954434,0.0013907541,2.3541625e-06,6.9788653e-06,0.008156281
1977,inesco,mdpa,mdpa_a391.wav,Angry,39,Angry,Angry,Angry,True,True,False,0.7976614,0.0012696141,0.11278274,0.01838527,0.00022381808,0.0014430116,0.068234034
1978,inesco,mdpa,mdpa_a392.wav,Angry,39,Angry,Angry,Angry,True,True,False,0.6725234,0.0008929412,0.2594282,0.05785942,0.00026851668,0.002646495,0.006381089
1979,inesco,mdpa,mdpa_a393.wav,Angry,103,Angry,Happy,Happy,False,False,False,0.07131965,3.0067464e-05,0.024999615,0.6311654,0.00027741655,0.0003815882,0.27182633
1980,inesco,mdpa,mdpa_a394.wav,Angry,151,Angry,Angry,Angry,True,True,False,0.96657896,1.3395214e-05,0.010840238,0.017925246,0.000751239,2.8097973e-05,0.0038628362
1981,inesco,mdpa,mdpa_a395.wav,Angry,97,Angry,Angry,Angry,True,True,False,0.9257853,0.00033643667,0.0032089772,0.056004923,1.7384025e-05,7.236074e-05,0.014574755
1982,inesco,mdpa,mdpa_a396.wav,Angry,173,Angry,Fear,Happy,False,False,True,0.008782556,7.2089683e-06,0.9382818,0.032982655,0.0033484353,0.0142249875,0.002372306
1983,inesco,mdpa,mdpa_a397.wav,Angry,52,Angry,Angry,Angry,True,True,False,0.6462896,0.0004716315,0.003702752,0.020632366,1.6096925e-06,2.2380305e-05,0.32887965
1984,inesco,mdpa,mdpa_a398.wav,Angry,52,Angry,Angry,Angry,True,True,False,0.9676724,0.00031166084,0.006938718,0.0047458545,4.751775e-06,3.661399e-05,0.02028989
1985,inesco,mdpa,mdpa_a399.wav,Angry,401,Angry,Fear,Happy,False,False,True,0.009851982,9.1400485e-05,0.48537344,0.47005048,0.0010107462,0.013765637,0.019856378
1986,inesco,mdpa,mdpa_a400.wav,Angry,205,Angry,Sad,Sad,False,False,False,0.016565297,0.0017363998,0.3570028,0.21511383,0.01403817,0.38972878,0.0058146995
1987,inesco,mdpa,mdpa_a401.wav,Angry,157,Angry,Angry,Angry,True,True,False,0.8389764,6.06699e-06,0.14219253,0.017944822,0.00019603499,8.172071e-05,0.0006023584
1988,inesco,mdpa,mdpa_h001.wav,Happy,196,Happy,Happy,Happy,True,True,False,0.41275096,0.011158556,0.08817115,0.46317834,0.0016179212,0.015002724,0.008120378
1989,inesco,mdpa,mdpa_h002.wav,Happy,167,Happy,Angry,Angry,False,False,False,0.3654428,0.001863895,0.07242963,0.34032175,0.00011870228,0.0016385867,0.21818462
1990,inesco,mdpa,mdpa_h003.wav,Happy,289,Happy,Angry,Angry,False,False,False,0.8599002,0.046693143,0.00020885222,0.01857805,0.00026870816,0.0707352,0.003615903
1991,inesco,mdpa,mdpa_h004.wav,Happy,129,Happy,Happy,Happy,True,True,False,0.0831776,3.6059964e-06,0.3848824,0.47266388,0.022453433,0.006592959,0.030226192
1992,inesco,mdpa,mdpa_h005.wav,Happy,167,Happy,Surprise,Happy,False,True,True,0.007154983,0.0072400426,0.043871827,0.01988103,9.060005e-06,0.0023588836,0.9194842
1993,inesco,mdpa,mdpa_h006.wav,Happy,183,Happy,Sad,Sad,False,False,False,3.7449724e-06,0.0007826145,9.314962e-05,0.022599699,0.0003560447,0.9759186,0.0002461211
1994,inesco,mdpa,mdpa_h007.wav,Happy,164,Happy,Neutral,Happy,False,True,True,0.0024110826,0.0006662366,0.12271925,0.21812609,0.44626096,0.18683134,0.022984972
1995,inesco,mdpa,mdpa_h008.wav,Happy,279,Happy,Neutral,Sad,False,False,True,0.0008586207,0.002930174,3.669506e-05,0.0014418539,0.9300249,0.064701855,5.902277e-06
1996,inesco,mdpa,mdpa_h009.wav,Happy,157,Happy,Fear,Happy,False,True,True,0.0005916869,0.00083199516,0.99051464,0.0011089693,0.0011310165,0.00012982017,0.0056919022
1997,inesco,mdpa,mdpa_h010.wav,Happy,205,Happy,Angry,Angry,False,False,False,0.6807365,0.0066785826,0.0015139952,0.08458839,0.11788442,0.10714584,0.0014523532
1998,inesco,mdpa,mdpa_h011.wav,Happy,180,Happy,Neutral,Sad,False,False,True,0.007246842,0.0008536187,0.00863098,0.0026359176,0.93230283,0.047718674,0.0006111509
1999,inesco,mdpa,mdpa_h012.wav,Happy,247,Happy,Angry,Angry,False,False,False,0.4812832,0.11082241,0.0078738155,0.2407149,0.027036289,0.12950094,0.0027684737
2000,inesco,mdpa,mdpa_h013.wav,Happy,298,Happy,Angry,Angry,False,False,False,0.60358375,0.019127237,0.0057950947,0.1590825,0.049335662,0.15878977,0.004286074
2001,inesco,mdpa,mdpa_h014.wav,Happy,301,Happy,Angry,Angry,False,False,False,0.67116094,0.076480575,0.011773631,0.036858834,0.007504223,0.015803521,0.1804183
2002,inesco,mdpa,mdpa_h015.wav,Happy,145,Happy,Fear,Happy,False,True,True,0.0004999895,2.169396e-05,0.96100026,0.0012950146,3.596781e-05,6.5599415e-05,0.037081398
2003,inesco,mdpa,mdpa_h016.wav,Happy,260,Happy,Sad,Sad,False,False,False,0.10981329,0.30237684,0.026996287,0.0027117953,0.001200089,0.5363856,0.02051614
2004,inesco,mdpa,mdpa_h017.wav,Happy,247,Happy,Sad,Sad,False,False,False,0.00092939904,0.033267654,0.0058671297,0.00071019976,0.0005169336,0.95852566,0.00018306807
2005,inesco,mdpa,mdpa_h018.wav,Happy,324,Happy,Surprise,Angry,False,False,True,0.087237686,0.018887639,0.4348526,0.0010027235,0.00073832367,0.0041169534,0.45316407
2006,inesco,mdpa,mdpa_h019.wav,Happy,282,Happy,Sad,Sad,False,False,False,0.03150181,0.18675373,4.300679e-05,0.0003645144,0.02659961,0.75471646,2.0905736e-05
2007,inesco,mdpa,mdpa_h020.wav,Happy,260,Happy,Sad,Sad,False,False,False,0.2027437,0.09972879,0.0021420748,0.20404647,0.03713764,0.4424797,0.011721548
2008,inesco,mdpa,mdpa_h021.wav,Happy,372,Happy,Angry,Angry,False,False,False,0.38205224,0.022394454,0.046432197,0.36085117,0.004495744,0.04515301,0.13862121
2009,inesco,mdpa,mdpa_h022.wav,Happy,276,Happy,Angry,Angry,False,False,False,0.37100336,0.107005164,0.00023638191,0.005268397,0.26903844,0.24693732,0.00051097514
2010,inesco,mdpa,mdpa_h023.wav,Happy,279,Happy,Sad,Sad,False,False,False,0.12755327,0.0455777,0.0053813956,0.004400546,0.0067827273,0.8016116,0.008692801
2011,inesco,mdpa,mdpa_h024.wav,Happy,218,Happy,Happy,Happy,True,True,False,0.0032379492,0.1999826,0.3032171,0.3069088,0.00052332913,0.1100026,0.07612764
2012,inesco,mdpa,mdpa_h025.wav,Happy,266,Happy,Disgust,Sad,False,False,True,0.08940472,0.7887076,0.0020677778,0.0036013934,6.150456e-05,0.11485577,0.0013012298
2013,inesco,mdpa,mdpa_h026.wav,Happy,282,Happy,Angry,Angry,False,False,False,0.26705748,0.048480313,0.03626579,0.26676235,0.16619042,0.19875701,0.016486624
2014,inesco,mdpa,mdpa_h027.wav,Happy,228,Happy,Disgust,Angry,False,False,True,0.26517862,0.28279907,0.0016673566,0.24104808,0.00030624855,0.20728424,0.0017163988
2015,inesco,mdpa,mdpa_h028.wav,Happy,196,Happy,Sad,Sad,False,False,False,0.0030491704,0.40958765,0.028915644,0.1046757,0.017966116,0.43358266,0.0022230074
2016,inesco,mdpa,mdpa_h029.wav,Happy,343,Happy,Angry,Angry,False,False,False,0.75226283,0.043071702,0.00954613,0.08252301,0.0047539505,0.0071614035,0.100680985
2017,inesco,mdpa,mdpa_h030.wav,Happy,253,Happy,Surprise,Happy,False,True,True,0.011460112,0.040937304,0.08460678,0.130523,6.574728e-05,0.03735123,0.69505584
2018,inesco,mdpa,mdpa_h031.wav,Happy,401,Happy,Neutral,Sad,False,False,True,9.5906566e-05,9.5399555e-05,0.00018628196,0.0002237096,0.85783535,0.14156187,1.4884745e-06
2019,inesco,mdpa,mdpa_h032.wav,Happy,324,Happy,Angry,Angry,False,False,False,0.6744017,0.12465583,0.0002317114,0.0073762494,0.02257652,0.16941886,0.0013391507
2020,inesco,mdpa,mdpa_h033.wav,Happy,298,Happy,Sad,Sad,False,False,False,0.020662088,0.46656436,0.016269496,0.0047352957,0.000108670356,0.47914773,0.01251232
2021,inesco,mdpa,mdpa_h034.wav,Happy,295,Happy,Sad,Sad,False,False,False,0.18373284,0.24896516,0.00051016454,0.0021636705,0.023673257,0.5404904,0.00046447112
2022,inesco,mdpa,mdpa_h035.wav,Happy,330,Happy,Angry,Angry,False,False,False,0.3927406,0.041839775,0.008454759,0.095518835,0.0020806224,0.32539168,0.13397375
2023,inesco,mdpa,mdpa_h036.wav,Happy,401,Happy,Neutral,Happy,False,True,True,0.012210981,0.044390228,0.07676592,0.21638957,0.5046697,0.13374208,0.011831525
2024,inesco,mdpa,mdpa_h037.wav,Happy,391,Happy,Surprise,Angry,False,False,True,0.06800638,0.016196638,0.12010175,0.034083843,0.00020744062,0.064123355,0.69728065
2025,inesco,mdpa,mdpa_h038.wav,Happy,401,Happy,Sad,Sad,False,False,False,0.02912216,0.03702052,0.038519505,0.35562629,0.030792447,0.4829214,0.02599769
2026,inesco,mdpa,mdpa_h039.wav,Happy,349,Happy,Surprise,Angry,False,False,True,0.17938398,0.0020974672,0.014403389,0.035941094,0.0019557509,0.016302085,0.74991626
2027,inesco,mdpa,mdpa_h040.wav,Happy,401,Happy,Sad,Sad,False,False,False,0.0076366696,0.0056149443,0.12930004,0.01024813,0.026502565,0.6669187,0.15377899
2028,inesco,mdpa,mdpa_h041.wav,Happy,135,Happy,Fear,Happy,False,True,True,0.0003077996,3.7661408e-07,0.9738314,0.0011366808,1.4946982e-05,2.5924958e-06,0.02470621
2029,inesco,mdpa,mdpa_h042.wav,Happy,260,Happy,Sad,Sad,False,False,False,0.27614343,0.115149766,0.018009525,0.24690394,0.031073112,0.30511886,0.0076012984
2030,inesco,mdpa,mdpa_h043.wav,Happy,401,Happy,Sad,Sad,False,False,False,0.2198702,0.073070675,0.14901224,0.04790221,0.00957022,0.44559568,0.05497874
2031,inesco,mdpa,mdpa_h044.wav,Happy,321,Happy,Sad,Sad,False,False,False,0.10408773,0.01900477,0.009912043,0.13710134,0.35938516,0.36582676,0.004682245
2032,inesco,mdpa,mdpa_h045.wav,Happy,346,Happy,Sad,Sad,False,False,False,0.035991266,0.037611783,0.023217872,0.0119012175,0.4087942,0.4489952,0.033488423
2033,inesco,mdpa,mdpa_h046.wav,Happy,250,Happy,Sad,Sad,False,False,False,0.14410378,0.17834158,0.0021949436,0.21305512,0.0033100597,0.45814857,0.0008459328
2034,inesco,mdpa,mdpa_h047.wav,Happy,183,Happy,Fear,Happy,False,True,True,0.0074375034,0.00075098814,0.7060794,0.04029138,0.021206627,0.0016583897,0.2225756
2035,inesco,mdpa,mdpa_h048.wav,Happy,209,Happy,Neutral,Sad,False,False,True,0.0012251508,0.00096373336,0.031414997,0.0023412178,0.83496296,0.1284391,0.00065282267
2036,inesco,mdpa,mdpa_h049.wav,Happy,215,Happy,Angry,Angry,False,False,False,0.5671693,0.028068833,0.004867613,0.072513916,0.16159098,0.16401005,0.0017792359
2037,inesco,mdpa,mdpa_h050.wav,Happy,164,Happy,Fear,Happy,False,True,True,0.0019531683,0.0007832162,0.6977696,0.015271511,9.0322195e-05,0.00029702854,0.28383514
2038,inesco,mdpa,mdpa_h051.wav,Happy,401,Happy,Neutral,Sad,False,False,True,0.013304559,0.004050623,0.004959386,0.06602936,0.5971662,0.31236798,0.002121897
2039,inesco,mdpa,mdpa_h052.wav,Happy,401,Happy,Happy,Happy,True,True,False,0.06462456,0.004611036,0.056734864,0.5515907,0.122610465,0.18970874,0.0101196105
2040,inesco,mdpa,mdpa_h053.wav,Happy,401,Happy,Angry,Angry,False,False,False,0.34869346,0.084492944,0.00625893,0.20736858,0.11262121,0.23121315,0.009351695
2041,inesco,mdpa,mdpa_h054.wav,Happy,289,Happy,Disgust,Sad,False,False,True,0.19550727,0.4359204,0.0042028655,0.009595358,0.04409058,0.3036003,0.0070831873
2042,inesco,mdpa,mdpa_h055.wav,Happy,401,Happy,Sad,Sad,False,False,False,0.0031329603,0.0031236282,7.240647e-05,0.0024672197,0.09284925,0.8983348,1.9752888e-05
2043,inesco,mdpa,mdpa_h056.wav,Happy,346,Happy,Sad,Sad,False,False,False,0.234796,0.118191764,0.001655186,0.0069988742,0.0910559,0.52921116,0.018091133
2044,inesco,mdpa,mdpa_h057.wav,Happy,212,Happy,Angry,Angry,False,False,False,0.7727463,0.03071803,0.009433528,0.09697877,0.05095218,0.010843598,0.028327554
2045,inesco,mdpa,mdpa_h058.wav,Happy,340,Happy,Angry,Angry,False,False,False,0.6988691,0.07190934,0.0070775882,0.002526383,0.040156122,0.16464497,0.014816439
2046,inesco,mdpa,mdpa_h059.wav,Happy,282,Happy,Sad,Sad,False,False,False,0.14924136,0.19237913,0.060116574,0.039081845,0.10824095,0.42336592,0.027574237
2047,inesco,mdpa,mdpa_h060.wav,Happy,346,Happy,Happy,Happy,True,True,False,0.17641422,0.047395572,0.008883332,0.58452183,0.038599562,0.13658999,0.0075954115
2048,inesco,mdpa,mdpa_h061.wav,Happy,125,Happy,Neutral,Happy,False,True,True,0.010177667,0.020777356,0.30890876,0.17466463,0.31341562,0.03118768,0.14086829
2049,inesco,mdpa,mdpa_h062.wav,Happy,282,Happy,Neutral,Angry,False,False,True,0.0726262,0.16738442,0.11039178,0.016981399,0.58675873,0.033228215,0.012629218
2050,inesco,mdpa,mdpa_h063.wav,Happy,260,Happy,Angry,Angry,False,False,False,0.52464277,0.042484883,0.004806708,0.062030192,0.026133308,0.33278555,0.007116616
2051,inesco,mdpa,mdpa_h064.wav,Happy,225,Happy,Neutral,Angry,False,False,True,0.04146149,0.00018905372,0.00028582328,0.0041963626,0.9462261,0.0074207378,0.00022046117
2052,inesco,mdpa,mdpa_h065.wav,Happy,308,Happy,Neutral,Angry,False,False,True,0.10066778,0.013568162,0.006175179,0.03275646,0.82130176,0.024089135,0.0014416019
2053,inesco,mdpa,mdpa_h066.wav,Happy,305,Happy,Sad,Sad,False,False,False,0.11075366,0.19747405,0.04282708,0.057727057,0.035291165,0.5187301,0.037196923
2054,inesco,mdpa,mdpa_h067.wav,Happy,401,Happy,Neutral,Sad,False,False,True,0.046307642,0.021940818,0.00026560482,0.005856763,0.5625177,0.36217943,0.00093202456
2055,inesco,mdpa,mdpa_h068.wav,Happy,346,Happy,Sad,Sad,False,False,False,0.0076132235,0.0059266407,0.010807733,0.26023445,0.003708624,0.69406515,0.017644182
2056,inesco,mdpa,mdpa_h069.wav,Happy,324,Happy,Sad,Sad,False,False,False,0.020079125,0.009795331,0.00081645354,0.051059093,0.0042762035,0.9126762,0.0012975375
2057,inesco,mdpa,mdpa_h070.wav,Happy,359,Happy,Fear,Happy,False,True,True,0.0424113,0.019024815,0.6019285,0.16434473,0.034447454,0.03920718,0.09863611
2058,inesco,mdpa,mdpa_h071.wav,Happy,276,Happy,Sad,Sad,False,False,False,0.043907437,0.008283094,0.0071480284,0.024681687,0.02005898,0.88614166,0.009779057
2059,inesco,mdpa,mdpa_h072.wav,Happy,244,Happy,Sad,Sad,False,False,False,0.01583308,0.0026077759,0.0025018253,0.0008307036,0.05856539,0.9151655,0.0044957525
2060,inesco,mdpa,mdpa_h073.wav,Happy,141,Happy,Fear,Sad,False,False,True,0.032341916,0.0007419812,0.6478157,0.0024156943,0.25573772,0.0539811,0.006965833
2061,inesco,mdpa,mdpa_h074.wav,Happy,244,Happy,Sad,Sad,False,False,False,0.004884243,0.0004019571,0.00252414,0.004288103,0.04378032,0.9413723,0.0027489304
2062,inesco,mdpa,mdpa_h075.wav,Happy,205,Happy,Neutral,Sad,False,False,True,0.0012155891,7.238902e-05,0.00013883012,0.014387018,0.7045654,0.27958092,3.9785817e-05
2063,inesco,mdpa,mdpa_h076.wav,Happy,225,Happy,Neutral,Angry,False,False,True,0.24206418,0.13913983,0.0074499287,0.049442936,0.4731294,0.08705138,0.0017223853
2064,inesco,mdpa,mdpa_h077.wav,Happy,205,Happy,Neutral,Angry,False,False,True,0.047437254,0.009344816,0.063951015,0.02931851,0.68353534,0.03416635,0.13224667
2065,inesco,mdpa,mdpa_h078.wav,Happy,199,Happy,Fear,Happy,False,True,True,0.018513383,0.002307448,0.8028728,0.03140621,0.10629567,0.0023542568,0.036250252
2066,inesco,mdpa,mdpa_h079.wav,Happy,401,Happy,Neutral,Sad,False,False,True,0.006811004,0.037767585,1.645232e-05,0.000113483016,0.5707047,0.38457918,7.559277e-06
2067,inesco,mdpa,mdpa_h080.wav,Happy,375,Happy,Sad,Sad,False,False,False,0.25937402,0.015049363,0.07774285,0.16369613,0.005899318,0.31370568,0.1645326
2068,inesco,mdpa,mdpa_h081.wav,Happy,308,Happy,Angry,Angry,False,False,False,0.49821538,0.057120338,0.0050307317,0.08846012,0.082305,0.26616347,0.0027049836
2069,inesco,mdpa,mdpa_h082.wav,Happy,327,Happy,Angry,Angry,False,False,False,0.5453225,0.019966243,0.0027378516,0.05380052,0.32025856,0.054850977,0.0030633665
2070,inesco,mdpa,mdpa_h083.wav,Happy,401,Happy,Neutral,Sad,False,False,True,0.102268144,0.07879983,0.013656927,0.064501286,0.57473034,0.16274369,0.003299805
2071,inesco,mdpa,mdpa_h084.wav,Happy,234,Happy,Sad,Sad,False,False,False,0.0132749295,0.029780151,0.012905569,0.19008465,0.22676621,0.526439,0.0007495058
2072,inesco,mdpa,mdpa_h085.wav,Happy,337,Happy,Sad,Sad,False,False,False,0.1792516,0.019065518,0.012529275,0.26014373,0.07425925,0.4240921,0.030658517
2073,inesco,mdpa,mdpa_h086.wav,Happy,247,Happy,Sad,Sad,False,False,False,0.19585185,0.28597695,0.005311663,0.013768775,0.03871787,0.45152664,0.008846253
2074,inesco,mdpa,mdpa_h087.wav,Happy,244,Happy,Sad,Sad,False,False,False,0.011447569,0.0035056653,0.0072631803,0.0032806757,0.48052055,0.4915517,0.002430697
2075,inesco,mdpa,mdpa_h088.wav,Happy,285,Happy,Disgust,Angry,False,False,True,0.26009703,0.58916676,5.8433605e-05,0.00044681825,0.03450867,0.115490064,0.00023219033
2076,inesco,mdpa,mdpa_h089.wav,Happy,401,Happy,Happy,Happy,True,True,False,0.35018894,0.017484846,0.0014497802,0.5262896,0.014434389,0.08335531,0.0067971223
2077,inesco,mdpa,mdpa_h090.wav,Happy,212,Happy,Neutral,Sad,False,False,True,3.8805585e-05,1.2405625e-05,0.00022880247,0.00010817206,0.94974977,0.049838204,2.378238e-05
2078,inesco,mdpa,mdpa_h091.wav,Happy,343,Happy,Disgust,Sad,False,False,True,0.019484166,0.50812,0.002637866,0.0031549016,0.0007254315,0.4648357,0.0010420154
2079,inesco,mdpa,mdpa_h092.wav,Happy,186,Happy,Neutral,Happy,False,True,True,0.0036778124,9.225891e-07,0.00093028863,0.015198426,0.9749904,0.0045213797,0.0006806909
2080,inesco,mdpa,mdpa_h093.wav,Happy,292,Happy,Sad,Sad,False,False,False,0.09489945,0.0056093764,0.0007744804,0.10699298,0.3880485,0.4032226,0.000452625
2081,inesco,mdpa,mdpa_h094.wav,Happy,397,Happy,Sad,Sad,False,False,False,0.02979683,0.021227935,0.060045384,0.064434715,0.3165834,0.45245337,0.055458296
2082,inesco,mdpa,mdpa_h095.wav,Happy,253,Happy,Angry,Angry,False,False,False,0.5071551,0.1093713,0.015135376,0.14226338,0.021098835,0.1805438,0.024432236
2083,inesco,mdpa,mdpa_h096.wav,Happy,266,Happy,Sad,Sad,False,False,False,0.3469798,0.023991488,0.012570028,0.12987235,0.07028235,0.38214707,0.034156945
2084,inesco,mdpa,mdpa_h097.wav,Happy,237,Happy,Disgust,Sad,False,False,True,0.109200805,0.4076532,0.014294445,0.053089947,0.091940984,0.30525702,0.018563597
2085,inesco,mdpa,mdpa_h098.wav,Happy,401,Happy,Sad,Sad,False,False,False,0.014137131,0.0053004865,0.016251393,0.004032899,0.018189095,0.9020625,0.040026467
2086,inesco,mdpa,mdpa_h099.wav,Happy,122,Happy,Fear,Happy,False,True,True,0.03687886,9.3919734e-05,0.5670785,0.28978887,0.013119964,0.001402943,0.091637015
2087,inesco,mdpa,mdpa_h100.wav,Happy,189,Happy,Happy,Happy,True,True,False,0.08434246,0.002379011,0.00863143,0.47751504,0.29539803,0.12604667,0.005687372
2088,inesco,mdpa,mdpa_h101.wav,Happy,212,Happy,Happy,Happy,True,True,False,0.25508595,0.00139013,0.00024013741,0.63676524,0.059222348,0.046442326,0.00085388246
2089,inesco,mdpa,mdpa_h102.wav,Happy,199,Happy,Sad,Sad,False,False,False,0.0036230518,0.0016507861,0.0001918196,0.021870103,0.447041,0.5255858,3.7488768e-05
2090,inesco,mdpa,mdpa_h103.wav,Happy,324,Happy,Neutral,Sad,False,False,True,0.04914735,0.013914219,0.0020165597,0.06645401,0.5564126,0.29930902,0.012746186
2091,inesco,mdpa,mdpa_h104.wav,Happy,401,Happy,Neutral,Sad,False,False,True,0.028364537,0.0010725114,0.00013451485,0.07504507,0.7079403,0.1873689,7.421103e-05
2092,inesco,mdpa,mdpa_h105.wav,Happy,221,Happy,Sad,Sad,False,False,False,0.009212933,0.0002221812,3.5773315e-05,0.0047616423,0.40262032,0.5830299,0.000117284326
2093,inesco,mdpa,mdpa_h106.wav,Happy,263,Happy,Sad,Sad,False,False,False,0.00089681457,0.0031758547,0.013442505,0.018148685,0.06395727,0.899865,0.0005138934
2094,inesco,mdpa,mdpa_h107.wav,Happy,353,Happy,Sad,Sad,False,False,False,0.020932939,0.03520989,0.010383367,0.011992273,0.31978887,0.59459376,0.007098901
2095,inesco,mdpa,mdpa_h108.wav,Happy,401,Happy,Sad,Sad,False,False,False,0.057402495,0.028128397,0.0039704298,0.043622404,0.31316802,0.55321956,0.0004887053
2096,inesco,mdpa,mdpa_h109.wav,Happy,247,Happy,Angry,Angry,False,False,False,0.76790214,0.03588571,0.007777794,0.08680522,0.027653651,0.052231073,0.021744458
2097,inesco,mdpa,mdpa_h110.wav,Happy,308,Happy,Disgust,Sad,False,False,True,0.18436487,0.29019853,0.030927518,0.02477849,0.17061518,0.2439262,0.055189222
2098,inesco,mdpa,mdpa_h111.wav,Happy,365,Happy,Sad,Sad,False,False,False,0.26343805,0.054676056,0.0021698948,0.019519754,0.06674206,0.5650825,0.028371727
2099,inesco,mdpa,mdpa_h112.wav,Happy,401,Happy,Sad,Sad,False,False,False,0.15524974,0.008609672,0.003214116,0.19730994,0.06534085,0.5658584,0.004417193
2100,inesco,mdpa,mdpa_h113.wav,Happy,401,Happy,Happy,Happy,True,True,False,0.054147553,0.003389564,0.0023940136,0.4570223,0.07629483,0.40275368,0.003997993
2101,inesco,mdpa,mdpa_h114.wav,Happy,231,Happy,Disgust,Angry,False,False,True,0.2199561,0.63162476,0.01784307,0.02421092,0.0066961646,0.09354265,0.0061263205
2102,inesco,mdpa,mdpa_h115.wav,Happy,369,Happy,Sad,Sad,False,False,False,0.017608877,0.07996757,0.052264262,0.049232952,0.12689938,0.67028564,0.0037413295
2103,inesco,mdpa,mdpa_h116.wav,Happy,138,Happy,Fear,Angry,False,False,True,0.18336806,8.308701e-05,0.6640341,0.03520009,0.09715548,0.011253779,0.008905398
2104,inesco,mdpa,mdpa_h117.wav,Happy,173,Happy,Fear,Happy,False,True,True,0.017801667,0.01449537,0.69355667,0.12236201,0.028268235,0.027800664,0.09571532
2105,inesco,mdpa,mdpa_h118.wav,Happy,247,Happy,Sad,Sad,False,False,False,0.013489794,0.014227289,0.0061489325,0.048549403,0.24175785,0.67517,0.00065667124
2106,inesco,mdpa,mdpa_h119.wav,Happy,260,Happy,Fear,Angry,False,False,True,0.06543298,0.0033085498,0.5733164,0.03538254,0.0063104294,0.033186425,0.28306273
2107,inesco,mdpa,mdpa_h120.wav,Happy,346,Happy,Angry,Angry,False,False,False,0.81832886,0.058325708,0.00051656016,0.04259609,0.054828722,0.00791773,0.017486265
2108,inesco,mdpa,mdpa_h121.wav,Happy,212,Happy,Angry,Angry,False,False,False,0.73530424,0.035410386,0.060918175,0.06564714,0.048642047,0.049935732,0.00414227
2109,inesco,mdpa,mdpa_h122.wav,Happy,209,Happy,Sad,Sad,False,False,False,0.013535863,0.112215765,0.04590791,0.0047032726,0.34863028,0.45608687,0.018919956
2110,inesco,mdpa,mdpa_h123.wav,Happy,330,Happy,Angry,Angry,False,False,False,0.6559648,0.19030416,0.0007252016,0.0014309841,0.090207905,0.058727082,0.0026398345
2111,inesco,mdpa,mdpa_h124.wav,Happy,308,Happy,Angry,Angry,False,False,False,0.42192388,0.10707567,0.0011477071,0.06205309,0.11372159,0.29024166,0.0038363116
2112,inesco,mdpa,mdpa_h125.wav,Happy,138,Happy,Fear,Angry,False,False,True,0.019308584,1.4126038e-05,0.9684323,0.010580751,0.0005045034,6.487822e-05,0.0010949161
2113,inesco,mdpa,mdpa_h126.wav,Happy,343,Happy,Angry,Angry,False,False,False,0.4990121,0.005661662,0.058318935,0.3325941,0.020567425,0.040021706,0.043824006
2114,inesco,mdpa,mdpa_h127.wav,Happy,253,Happy,Disgust,Sad,False,False,True,0.0040005776,0.499638,0.0006979002,0.018354466,0.017595628,0.45711377,0.002599735
2115,inesco,mdpa,mdpa_h128.wav,Happy,276,Happy,Happy,Happy,True,True,False,0.08409508,0.079954885,0.13645118,0.29308417,0.04500635,0.28042188,0.080986425
2116,inesco,mdpa,mdpa_h129.wav,Happy,189,Happy,Neutral,Happy,False,True,True,0.0007867802,4.789171e-05,0.0008358384,0.008339108,0.9851383,0.004789665,6.245786e-05
2117,inesco,mdpa,mdpa_h130.wav,Happy,170,Happy,Neutral,Sad,False,False,True,0.020787215,0.0006341255,0.010193561,0.011701568,0.91760296,0.03516345,0.00391701
2118,inesco,mdpa,mdpa_h131.wav,Happy,164,Happy,Angry,Angry,False,False,False,0.4446166,0.0010555313,0.036102887,0.21820536,0.27480766,0.022550533,0.0026613518
2119,inesco,mdpa,mdpa_h132.wav,Happy,269,Happy,Sad,Sad,False,False,False,0.112412415,0.02816842,0.027031377,0.06018267,0.16758284,0.58083636,0.023786005
2120,inesco,mdpa,mdpa_h133.wav,Happy,221,Happy,Neutral,Sad,False,False,True,0.014380018,0.008912804,0.0028389993,0.00054851704,0.82083315,0.1522942,0.00019230663
2121,inesco,mdpa,mdpa_h134.wav,Happy,401,Happy,Neutral,Sad,False,False,True,0.08798753,0.058428053,0.0027758628,0.2146951,0.38108,0.25367722,0.0013561965
2122,inesco,mdpa,mdpa_h135.wav,Happy,301,Happy,Sad,Sad,False,False,False,0.14510454,0.099957496,0.008598909,0.08106495,0.071300164,0.5679885,0.025985444
2123,inesco,mdpa,mdpa_h136.wav,Happy,253,Happy,Disgust,Angry,False,False,True,0.057989534,0.8686447,0.005215388,0.0025436785,0.01796212,0.0082547525,0.039389823
2124,inesco,mdpa,mdpa_h137.wav,Happy,97,Happy,Fear,Angry,False,False,True,0.01969299,4.9714214e-05,0.6089819,0.01208869,3.5906465e-05,0.00039619667,0.35875463
2125,inesco,mdpa,mdpa_h138.wav,Happy,193,Happy,Angry,Angry,False,False,False,0.5893529,0.0020984747,0.0004878883,0.31593028,0.081790395,0.010179119,0.00016084216
2126,inesco,mdpa,mdpa_h139.wav,Happy,180,Happy,Happy,Happy,True,True,False,0.001173849,0.005622189,0.17129984,0.53283453,0.019421712,0.26475143,0.0048965076
2127,inesco,mdpa,mdpa_h140.wav,Happy,167,Happy,Sad,Sad,False,False,False,0.00027865506,0.00058142515,0.003426258,0.05373264,0.39251238,0.54929084,0.00017771294
2128,inesco,mdpa,mdpa_h141.wav,Happy,215,Happy,Fear,Happy,False,True,True,0.00030515986,9.365356e-05,0.88776195,0.070348874,0.009524535,0.026031023,0.005934933
2129,inesco,mdpa,mdpa_h142.wav,Happy,189,Happy,Neutral,Sad,False,False,True,0.020809855,0.00092331547,0.028621983,0.007602864,0.59550464,0.34574518,0.0007921508
2130,inesco,mdpa,mdpa_h143.wav,Happy,276,Happy,Sad,Sad,False,False,False,0.047511727,0.019134786,0.00022490301,0.003267534,0.10874148,0.820895,0.00022452456
2131,inesco,mdpa,mdpa_h144.wav,Happy,205,Happy,Happy,Happy,True,True,False,0.4356549,0.013321054,0.00029337988,0.523964,0.01568434,0.010866097,0.00021624801
2132,inesco,mdpa,mdpa_h145.wav,Happy,170,Happy,Neutral,Happy,False,True,True,0.05435379,0.0014306454,0.21271129,0.081725344,0.6197419,0.013801139,0.016235832
2133,inesco,mdpa,mdpa_h146.wav,Happy,84,Happy,Angry,Angry,False,False,False,0.8209412,0.0031082928,0.012171559,0.06158545,0.0029922621,0.003940527,0.09526075
2134,inesco,mdpa,mdpa_h147.wav,Happy,164,Happy,Fear,Happy,False,True,True,0.053668737,0.0038108297,0.67873996,0.1205115,0.0630319,0.024718044,0.05551906
2135,inesco,mdpa,mdpa_h148.wav,Happy,148,Happy,Angry,Angry,False,False,False,0.61385906,3.74483e-05,0.041814238,0.13393533,0.1820252,0.027355747,0.0009729589
2136,inesco,mdpa,mdpa_h149.wav,Happy,301,Happy,Sad,Sad,False,False,False,0.27890602,0.1245402,0.013098984,0.07468186,0.018987209,0.41763708,0.072148666
2137,inesco,mdpa,mdpa_h150.wav,Happy,253,Happy,Fear,Sad,False,False,True,0.17130649,0.12232902,0.23315592,0.029734999,0.18830098,0.19733262,0.057839964
2138,inesco,mdpa,mdpa_h151.wav,Happy,250,Happy,Angry,Angry,False,False,False,0.7879837,0.017114617,0.028143479,0.04131484,0.0035958702,0.11762123,0.0042263186
2139,inesco,mdpa,mdpa_h152.wav,Happy,401,Happy,Sad,Sad,False,False,False,0.049595777,0.059949286,0.032664966,0.06704347,0.04346397,0.5915615,0.15572101
2140,inesco,mdpa,mdpa_h153.wav,Happy,401,Happy,Sad,Sad,False,False,False,0.0017431156,0.005443275,0.0029432112,0.004165203,0.01088722,0.97045845,0.00435945
2141,inesco,mdpa,mdpa_h154.wav,Happy,317,Happy,Surprise,Angry,False,False,True,0.20356002,0.02041776,0.17007397,0.04008157,0.00030127572,0.019966347,0.54559904
2142,inesco,mdpa,mdpa_h155.wav,Happy,221,Happy,Sad,Sad,False,False,False,0.023166878,0.005882714,0.011337633,0.16218275,0.18486108,0.61219984,0.00036911742
2143,inesco,mdpa,mdpa_h156.wav,Happy,314,Happy,Sad,Sad,False,False,False,0.022551931,0.0026751596,0.0089307465,0.0008489356,0.00192992,0.8236662,0.13939711
2144,inesco,mdpa,mdpa_h157.wav,Happy,308,Happy,Angry,Angry,False,False,False,0.31298786,0.3129626,0.0016373799,0.065641336,0.05237956,0.25154424,0.0028470228
2145,inesco,mdpa,mdpa_h158.wav,Happy,257,Happy,Sad,Sad,False,False,False,0.050853834,0.04596189,0.09433326,0.09493001,0.0529634,0.6120394,0.048918225
2146,inesco,mdpa,mdpa_h159.wav,Happy,253,Happy,Happy,Happy,True,True,False,0.070248246,0.0016115701,0.075700685,0.67645437,0.00013599204,0.0007967612,0.1750523
2147,inesco,mdpa,mdpa_h160.wav,Happy,250,Happy,Angry,Angry,False,False,False,0.7868248,0.15787476,0.0018572368,0.028988386,0.0011314076,0.020998834,0.0023244282
2148,inesco,mdpa,mdpa_h161.wav,Happy,186,Happy,Sad,Sad,False,False,False,0.0011152948,0.00062131736,0.00035283976,0.07137798,0.2812156,0.64527965,3.7275073e-05
2149,inesco,mdpa,mdpa_h162.wav,Happy,260,Happy,Sad,Sad,False,False,False,0.051709864,0.03943558,0.12581265,0.07145887,0.11440937,0.55006135,0.047112253
2150,inesco,mdpa,mdpa_h163.wav,Happy,301,Happy,Sad,Sad,False,False,False,0.010995537,0.113905266,0.15280499,0.21502422,0.02043718,0.37916335,0.107669435
2151,inesco,mdpa,mdpa_h164.wav,Happy,167,Happy,Neutral,Happy,False,True,True,0.00016237714,3.827482e-05,0.0019537283,0.021831717,0.9747346,0.0012647536,1.4487277e-05
2152,inesco,mdpa,mdpa_h165.wav,Happy,193,Happy,Sad,Sad,False,False,False,0.0002758216,0.06551518,0.027648957,0.28394827,0.0031929642,0.61633515,0.0030836307
2153,inesco,mdpa,mdpa_h166.wav,Happy,87,Happy,Fear,Angry,False,False,True,0.107367754,0.00017669283,0.6311038,0.052770566,0.014771923,0.010992007,0.18281728
2154,inesco,mdpa,mdpa_h167.wav,Happy,157,Happy,Happy,Happy,True,True,False,0.09959398,0.0009522893,0.0057125776,0.6194376,0.24141897,0.031047435,0.0018372738
2155,inesco,mdpa,mdpa_h168.wav,Happy,193,Happy,Neutral,Happy,False,True,True,0.009379816,0.03447787,0.21803428,0.04400354,0.6501473,0.029844835,0.0141123505
2156,inesco,mdpa,mdpa_h169.wav,Happy,189,Happy,Sad,Sad,False,False,False,0.0011160189,0.0006977843,0.049671166,0.06129521,0.047737457,0.83730644,0.00217582
2157,inesco,mdpa,mdpa_h170.wav,Happy,180,Happy,Neutral,Angry,False,False,True,0.033746883,1.4292276e-05,2.0936375e-06,0.00093814486,0.9640478,0.0012474319,3.396789e-06
2158,inesco,mdpa,mdpa_h171.wav,Happy,173,Happy,Angry,Angry,False,False,False,0.44725478,0.0012647625,0.020483041,0.39834404,0.03429152,0.08064159,0.017720295
2159,inesco,mdpa,mdpa_h172.wav,Happy,295,Happy,Sad,Sad,False,False,False,0.15344298,0.092001155,0.11057231,0.098898076,0.039024904,0.36557338,0.14048716
2160,inesco,mdpa,mdpa_h173.wav,Happy,212,Happy,Neutral,Sad,False,False,True,0.002562295,0.00039911622,0.000391686,0.0034286575,0.8506769,0.14248608,5.5292654e-05
2161,inesco,mdpa,mdpa_h174.wav,Happy,103,Happy,Angry,Angry,False,False,False,0.6219836,3.626735e-05,0.16857962,0.09895659,0.10316335,0.0022905075,0.0049900245
2162,inesco,mdpa,mdpa_h175.wav,Happy,218,Happy,Neutral,Sad,False,False,True,0.03554666,0.010228635,0.05750677,0.016903196,0.69214904,0.17404586,0.013619847
2163,inesco,mdpa,mdpa_h176.wav,Happy,196,Happy,Happy,Happy,True,True,False,0.3399044,0.0007883714,5.9210975e-05,0.6519541,0.00055518583,0.0066644126,7.4250136e-05
2164,inesco,mdpa,mdpa_h177.wav,Happy,285,Happy,Surprise,Happy,False,True,True,0.1898736,0.08028861,0.09746534,0.20029218,0.016167747,0.17753638,0.23837617
2165,inesco,mdpa,mdpa_h178.wav,Happy,401,Happy,Sad,Sad,False,False,False,0.09329565,0.03050317,0.02684754,0.026794417,0.010119258,0.7039458,0.108494096
2166,inesco,mdpa,mdpa_h179.wav,Happy,241,Happy,Happy,Happy,True,True,False,0.23180367,0.07201302,0.049957596,0.36237583,0.13953194,0.05674067,0.08757731
2167,inesco,mdpa,mdpa_h180.wav,Happy,221,Happy,Sad,Sad,False,False,False,0.029371133,0.0031243663,0.19678488,0.34245068,0.019142257,0.4052395,0.003887174
2168,inesco,mdpa,mdpa_h181.wav,Happy,138,Happy,Angry,Angry,False,False,False,0.8969395,0.0011209472,0.005407914,0.00953454,0.002466118,0.0028872562,0.081643656
2169,inesco,mdpa,mdpa_h182.wav,Happy,205,Happy,Angry,Angry,False,False,False,0.6429136,0.008818758,0.03449311,0.018313326,0.026379876,0.26053238,0.008548933
2170,inesco,mdpa,mdpa_h183.wav,Happy,180,Happy,Neutral,Sad,False,False,True,0.002226575,0.0021974982,0.0023849194,0.009491103,0.84632367,0.1371333,0.00024287835
2171,inesco,mdpa,mdpa_h184.wav,Happy,141,Happy,Fear,Happy,False,True,True,0.023220316,0.008645518,0.86756486,0.032629263,0.0076505835,0.028764002,0.031525508
2172,inesco,mdpa,mdpa_h185.wav,Happy,269,Happy,Sad,Sad,False,False,False,0.01322175,0.015466579,0.0014712311,0.0337058,0.123441935,0.8121653,0.00052734034
2173,inesco,mdpa,mdpa_h186.wav,Happy,337,Happy,Angry,Angry,False,False,False,0.5536318,0.03712227,0.0039943797,0.079290666,0.021575216,0.23602434,0.068361335
2174,inesco,mdpa,mdpa_h187.wav,Happy,401,Happy,Disgust,Angry,False,False,True,0.06368282,0.9114991,0.002499963,0.00059015444,0.0015683864,0.019313369,0.00084618153
2175,inesco,mdpa,mdpa_h188.wav,Happy,285,Happy,Sad,Sad,False,False,False,0.14156184,0.09418334,0.014391088,0.23458429,0.07533324,0.43378952,0.0061566904
2176,inesco,mdpa,mdpa_h189.wav,Happy,311,Happy,Sad,Sad,False,False,False,0.21881357,0.121310115,0.0005940981,0.0035563086,0.2513052,0.40362376,0.0007969721
2177,inesco,mdpa,mdpa_h190.wav,Happy,269,Happy,Sad,Sad,False,False,False,0.13543357,0.0136529645,0.014954919,0.013076406,0.021903122,0.79888064,0.0020982495
2178,inesco,mdpa,mdpa_h191.wav,Happy,244,Happy,Sad,Sad,False,False,False,0.2542883,0.033429753,0.04195686,0.04893314,0.109877445,0.4584008,0.053113766
2179,inesco,mdpa,mdpa_h192.wav,Happy,397,Happy,Disgust,Angry,False,False,True,0.18600775,0.4654046,0.024421018,0.100290835,0.049489573,0.08047241,0.09391383
2180,inesco,mdpa,mdpa_h193.wav,Happy,343,Happy,Surprise,Happy,False,True,True,0.012274975,0.013230619,0.13386539,0.046628587,0.00032798602,0.035462033,0.7582104
2181,inesco,mdpa,mdpa_h194.wav,Happy,401,Happy,Angry,Angry,False,False,False,0.61838526,0.03082124,0.043556266,0.014907015,5.127757e-05,0.0031056856,0.2891733
2182,inesco,mdpa,mdpa_h195.wav,Happy,276,Happy,Sad,Sad,False,False,False,0.050908346,0.066388324,0.07249164,0.07673339,0.029121399,0.6724967,0.03186021
2183,inesco,mdpa,mdpa_h196.wav,Happy,401,Happy,Sad,Sad,False,False,False,0.11137995,0.1508087,0.014769496,0.16621996,0.09501621,0.44392127,0.017884381
2184,inesco,mdpa,mdpa_h197.wav,Happy,189,Happy,Happy,Happy,True,True,False,0.121091686,4.462625e-05,0.00029180644,0.686501,0.044832867,0.1468937,0.0003442827
2185,inesco,mdpa,mdpa_h198.wav,Happy,292,Happy,Sad,Sad,False,False,False,0.07233384,0.121881925,0.09877997,0.0678478,9.972308e-05,0.43484765,0.20420906
2186,inesco,mdpa,mdpa_h199.wav,Happy,199,Happy,Happy,Happy,True,True,False,0.056409366,0.032742854,0.09999357,0.6787454,0.014634087,0.05109291,0.06638175
2187,inesco,mdpa,mdpa_h200.wav,Happy,74,Happy,Angry,Angry,False,False,False,0.6723687,0.0013005405,0.10145456,0.023057723,0.0005922882,0.0027417287,0.19848442
2188,inesco,mdpa,mdpa_h201.wav,Happy,266,Happy,Sad,Sad,False,False,False,0.06912173,0.030363727,0.016197838,0.013890892,0.011946929,0.85091347,0.0075654928
2189,inesco,mdpa,mdpa_h202.wav,Happy,282,Happy,Sad,Sad,False,False,False,0.031591944,0.040156055,0.00044192912,0.011152981,0.338662,0.5774283,0.00056676957
2190,inesco,mdpa,mdpa_h203.wav,Happy,209,Happy,Angry,Angry,False,False,False,0.93337685,0.00016972129,0.0015241768,0.03750056,0.007822641,0.016357716,0.0032483754
2191,inesco,mdpa,mdpa_h204.wav,Happy,244,Happy,Angry,Angry,False,False,False,0.86910045,0.016091771,0.005113619,0.07641413,0.015964368,0.013884357,0.0034311882
2192,inesco,mdpa,mdpa_h205.wav,Happy,388,Happy,Surprise,Angry,False,False,True,0.31108472,0.20978004,0.023612387,0.012029379,0.0003013767,0.0122933965,0.43089873
2193,inesco,mdpa,mdpa_h206.wav,Happy,308,Happy,Sad,Sad,False,False,False,0.0075301784,0.0029430445,0.0005829093,0.01116731,0.099044226,0.8785818,0.00015055644
2194,inesco,mdpa,mdpa_h207.wav,Happy,401,Happy,Sad,Sad,False,False,False,0.10604995,0.008511315,0.00071686675,0.021780916,0.021526923,0.8285166,0.012897476
2195,inesco,mdpa,mdpa_h208.wav,Happy,257,Happy,Angry,Angry,False,False,False,0.602779,0.22705948,0.004947951,0.04738673,0.04823337,0.060635943,0.008957557
2196,inesco,mdpa,mdpa_h209.wav,Happy,375,Happy,Angry,Angry,False,False,False,0.7837369,0.027476942,0.002011423,0.04237783,0.050592925,0.08001543,0.013788553
2197,inesco,mdpa,mdpa_h210.wav,Happy,401,Happy,Fear,Happy,False,True,True,0.03409703,0.03452188,0.38809025,0.16854782,0.0063699586,0.12493163,0.24344142
2198,inesco,mdpa,mdpa_h211.wav,Happy,260,Happy,Sad,Sad,False,False,False,0.115119755,0.051978372,0.0022299609,0.00013924646,0.0005378128,0.82732296,0.0026719263
2199,inesco,mdpa,mdpa_s402.wav,Sad,401,Sad,Surprise,Sad,False,True,True,0.054574296,0.026153537,0.21779375,0.0016684451,0.000113063346,0.10948969,0.5902073
2200,inesco,mdpa,mdpa_s403.wav,Sad,391,Sad,Sad,Sad,True,True,False,0.0038271206,0.0145654455,0.0036284192,0.0017805845,0.075419545,0.89928,0.001498857
2201,inesco,mdpa,mdpa_s404.wav,Sad,401,Sad,Sad,Sad,True,True,False,0.038828883,0.34540626,0.05231225,0.00527435,0.011544355,0.5301896,0.016444301
2202,inesco,mdpa,mdpa_s405.wav,Sad,401,Sad,Disgust,Happy,False,False,True,0.0040763183,0.81621945,0.014736137,0.034577273,0.10633835,0.02265028,0.0014022184
2203,inesco,mdpa,mdpa_s406.wav,Sad,401,Sad,Surprise,Sad,False,True,True,0.023455184,0.0040037096,0.21506909,0.011700603,3.987988e-05,0.04868216,0.69704944
2204,inesco,mdpa,mdpa_s407.wav,Sad,401,Sad,Sad,Sad,True,True,False,0.017698543,0.19735287,0.009309052,0.0016797547,0.010116557,0.76187307,0.0019702339
2205,inesco,mdpa,mdpa_s408.wav,Sad,269,Sad,Angry,Angry,False,False,False,0.57496864,0.029921332,0.03227543,0.00010444721,0.00053140434,0.102316484,0.2598823
2206,inesco,mdpa,mdpa_s409.wav,Sad,401,Sad,Sad,Sad,True,True,False,0.16260938,0.10284233,0.01324217,0.027392197,0.043656234,0.6402243,0.010033413
2207,inesco,mdpa,mdpa_s410.wav,Sad,401,Sad,Sad,Sad,True,True,False,0.09259073,0.091204114,0.013819747,0.14302164,0.023375861,0.59800017,0.037987772
2208,inesco,mdpa,mdpa_s411.wav,Sad,372,Sad,Sad,Sad,True,True,False,0.021647936,0.013041676,0.0032305508,0.0065371417,0.0034770037,0.9445417,0.0075238775
2209,inesco,mdpa,mdpa_s412.wav,Sad,199,Sad,Sad,Sad,True,True,False,0.0085702,0.002655005,0.008661647,0.026741084,0.11832051,0.8311785,0.0038730658
2210,inesco,mdpa,mdpa_s413.wav,Sad,401,Sad,Sad,Sad,True,True,False,0.000717025,0.0049535255,0.01324532,0.04986495,0.023635142,0.90587276,0.0017112788
2211,inesco,mdpa,mdpa_s414.wav,Sad,356,Sad,Angry,Angry,False,False,False,0.38213396,0.15460147,0.0029302984,0.0123116085,0.036822915,0.36247355,0.048726216
2212,inesco,mdpa,mdpa_s415.wav,Sad,135,Sad,Fear,Happy,False,False,True,0.15057833,0.0036126382,0.35935575,0.2207429,0.1477791,0.011719022,0.106212236
2213,inesco,mdpa,mdpa_s416.wav,Sad,401,Sad,Disgust,Sad,False,True,True,0.11965675,0.72971994,0.0073766573,0.0022377372,0.014639831,0.124649115,0.0017198888
2214,inesco,mdpa,mdpa_s417.wav,Sad,282,Sad,Angry,Angry,False,False,False,0.5546041,0.01075977,0.0042258096,0.03668809,0.14431825,0.23777172,0.0116321985
2215,inesco,mdpa,mdpa_s418.wav,Sad,401,Sad,Sad,Sad,True,True,False,0.009080192,0.07844163,0.13942197,0.010368674,0.0064495387,0.4908947,0.26534334
2216,inesco,mdpa,mdpa_s419.wav,Sad,401,Sad,Sad,Sad,True,True,False,0.0056854775,0.014955614,0.0023864598,0.011394555,0.0062344004,0.95444614,0.004897361
2217,inesco,mdpa,mdpa_s420.wav,Sad,132,Sad,Fear,Happy,False,False,True,0.1800879,1.27181265e-05,0.40760857,0.33039558,0.0806003,0.0009088516,0.0003861426
2218,inesco,mdpa,mdpa_s421.wav,Sad,401,Sad,Angry,Angry,False,False,False,0.42280182,0.07935853,0.00036933512,0.16498727,0.010593272,0.32015508,0.001734763
2219,inesco,mdpa,mdpa_s422.wav,Sad,401,Sad,Angry,Angry,False,False,False,0.39476657,0.10434277,0.016804516,0.08962554,0.0072482363,0.37957487,0.0076375315
2220,inesco,mdpa,mdpa_s423.wav,Sad,305,Sad,Angry,Angry,False,False,False,0.41397062,0.11217462,0.030240566,0.00045321853,0.0009939275,0.3147556,0.1274114
2221,inesco,mdpa,mdpa_s424.wav,Sad,340,Sad,Angry,Angry,False,False,False,0.5300875,0.0654582,0.020925382,0.25386122,0.010917033,0.050428398,0.06832225
2222,inesco,mdpa,mdpa_s425.wav,Sad,401,Sad,Fear,Sad,False,True,True,0.10669391,0.15654437,0.31391433,0.024697607,0.030065684,0.2554229,0.11266126
2223,inesco,mdpa,mdpa_s426.wav,Sad,401,Sad,Angry,Angry,False,False,False,0.64107364,0.04309218,0.0066142287,0.083633795,0.02447102,0.18520609,0.015909007
2224,inesco,mdpa,mdpa_s427.wav,Sad,401,Sad,Surprise,Happy,False,False,True,7.658446e-05,6.4758184e-05,0.061449375,0.14290243,7.5879952e-06,0.0005354225,0.79496384
2225,inesco,mdpa,mdpa_s428.wav,Sad,401,Sad,Fear,Happy,False,False,True,0.00028219243,0.005740252,0.5880331,0.035911355,0.0003064523,0.010353414,0.35937333
2226,inesco,mdpa,mdpa_s429.wav,Sad,401,Sad,Sad,Sad,True,True,False,0.011049115,0.22262527,0.008776403,0.0013594182,0.0065261745,0.7475777,0.002085835
2227,inesco,mdpa,mdpa_s430.wav,Sad,401,Sad,Sad,Sad,True,True,False,0.0025994475,0.012098507,7.822532e-05,0.0010813934,0.22628318,0.75785476,4.4520098e-06
2228,inesco,mdpa,mdpa_s431.wav,Sad,234,Sad,Neutral,Sad,False,True,True,0.00092724565,0.008323092,0.0056105647,0.002461996,0.8018332,0.18063577,0.00020815946
2229,inesco,mdpa,mdpa_s432.wav,Sad,330,Sad,Angry,Angry,False,False,False,0.91505075,0.062073167,0.00056921435,0.01602216,0.0045213182,0.0011556866,0.00060768006
2230,inesco,mdpa,mdpa_s433.wav,Sad,330,Sad,Neutral,Angry,False,False,True,0.19566274,0.009837023,0.0006274853,0.02294441,0.74065727,0.030021474,0.00024958057
2231,inesco,mdpa,mdpa_s434.wav,Sad,311,Sad,Neutral,Sad,False,True,True,0.025705697,0.05104502,0.003017793,0.007544346,0.82758814,0.084126055,0.0009729489
2232,inesco,mdpa,mdpa_s435.wav,Sad,202,Sad,Neutral,Sad,False,True,True,8.619631e-05,6.0130988e-06,9.996078e-05,0.00048694934,0.62110114,0.37819922,2.060731e-05
2233,inesco,mdpa,mdpa_s436.wav,Sad,212,Sad,Neutral,Angry,False,False,True,0.09298211,0.017607277,0.0010900936,0.0029813964,0.8649316,0.008717785,0.011689763
2234,inesco,mdpa,mdpa_s437.wav,Sad,295,Sad,Sad,Sad,True,True,False,0.003658699,0.0038723843,0.003419938,0.0023459059,0.0624661,0.9219455,0.0022914985
2235,inesco,mdpa,mdpa_s438.wav,Sad,401,Sad,Sad,Sad,True,True,False,0.0062999213,0.3105064,0.14922805,0.052935503,0.054931656,0.39698678,0.029111689
2236,inesco,mdpa,mdpa_s439.wav,Sad,401,Sad,Neutral,Sad,False,True,True,0.0012633656,0.02365035,0.00021458471,0.0071837753,0.48467183,0.4829909,2.5170255e-05
2237,inesco,mdpa,mdpa_s440.wav,Sad,401,Sad,Sad,Sad,True,True,False,0.17384836,0.24833605,0.029906565,0.0113306865,0.0061711743,0.48809978,0.042307332
2238,inesco,mdpa,mdpa_s441.wav,Sad,401,Sad,Sad,Sad,True,True,False,0.2309676,0.10962433,0.001556497,0.013599047,0.3134931,0.33061653,0.00014284492
2239,inesco,mdpa,mdpa_s442.wav,Sad,314,Sad,Sad,Sad,True,True,False,0.03930392,0.02931031,0.00461252,0.04742643,0.26780355,0.60625726,0.0052859886
2240,inesco,mdpa,mdpa_s443.wav,Sad,401,Sad,Sad,Sad,True,True,False,0.018558279,0.3408865,0.057205476,0.017330358,0.034917764,0.5193305,0.011771136
2241,inesco,mdpa,mdpa_s444.wav,Sad,401,Sad,Sad,Sad,True,True,False,0.19676173,0.02787411,0.04266212,0.053976364,0.18352169,0.47259092,0.022613032
2242,inesco,mdpa,mdpa_s445.wav,Sad,401,Sad,Sad,Sad,True,True,False,0.017299237,0.46407437,0.007044202,0.00897316,0.02951822,0.471572,0.0015186534
2243,inesco,mdpa,mdpa_s446.wav,Sad,401,Sad,Sad,Sad,True,True,False,0.021392044,0.06756817,0.00013306159,0.0072054667,0.08262349,0.82100654,7.121507e-05
2244,inesco,mdpa,mdpa_s447.wav,Sad,401,Sad,Angry,Angry,False,False,False,0.41122994,0.05229646,0.0032805377,0.098773904,0.29739565,0.13489845,0.0021250949
2245,inesco,mdpa,mdpa_s448.wav,Sad,301,Sad,Sad,Sad,True,True,False,0.055554982,0.05028103,0.00060766895,0.0078733815,0.26973984,0.61556715,0.00037593066
2246,inesco,mdpa,mdpa_s449.wav,Sad,401,Sad,Sad,Sad,True,True,False,0.11631397,0.11505719,0.08748652,0.123525776,0.16369839,0.3488676,0.045050524
2247,inesco,mdpa,mdpa_s450.wav,Sad,263,Sad,Angry,Angry,False,False,False,0.87073165,0.06281297,0.00039679842,0.011039938,0.014857552,0.03779832,0.0023627789
2248,inesco,mdpa,mdpa_s451.wav,Sad,321,Sad,Neutral,Angry,False,False,True,0.15193492,0.18411125,0.011048785,0.11294724,0.3518326,0.14529015,0.042835064
2249,inesco,mdpa,mdpa_s452.wav,Sad,401,Sad,Angry,Angry,False,False,False,0.47375804,0.13443512,0.042284142,0.021650864,0.23220892,0.0929127,0.0027502854
2250,inesco,mdpa,mdpa_s453.wav,Sad,349,Sad,Neutral,Sad,False,True,True,0.07593532,0.030096393,0.00079697237,0.0035983787,0.46367377,0.4245522,0.0013469274
2251,inesco,mdpa,mdpa_s454.wav,Sad,388,Sad,Neutral,Sad,False,True,True,0.018598203,0.004306382,0.017168423,0.0034923502,0.76925737,0.18676877,0.0004085399
2252,inesco,mdpa,mdpa_s455.wav,Sad,295,Sad,Angry,Angry,False,False,False,0.6371777,0.07198655,0.007879155,0.05473547,0.052341193,0.1405303,0.035349626
2253,inesco,mdpa,mdpa_s456.wav,Sad,401,Sad,Angry,Angry,False,False,False,0.42399505,0.06719998,0.00053579925,0.008422616,0.39156994,0.107822165,0.00045444164
2254,inesco,mdpa,mdpa_s457.wav,Sad,401,Sad,Sad,Sad,True,True,False,0.00022599992,0.0002905995,1.2045451e-05,0.0011887486,0.010658289,0.98747975,0.00014453405
2255,inesco,mdpa,mdpa_s458.wav,Sad,276,Sad,Neutral,Sad,False,True,True,0.14709139,0.037826613,0.0034522093,0.012771669,0.5737239,0.22341868,0.0017154821
2256,inesco,mdpa,mdpa_s459.wav,Sad,401,Sad,Sad,Sad,True,True,False,0.18319333,0.16137445,0.0018351572,0.00050543045,0.045084737,0.6077183,0.00028858962
2257,inesco,mdpa,mdpa_s460.wav,Sad,257,Sad,Happy,Happy,False,False,False,0.13457318,0.11598196,0.030424912,0.5515504,0.027071511,0.13290805,0.0074899863
2258,inesco,mdpa,mdpa_s461.wav,Sad,346,Sad,Sad,Sad,True,True,False,0.24743848,0.01878601,0.010337154,0.15309535,0.15846112,0.40875408,0.0031278227
2259,inesco,mdpa,mdpa_s462.wav,Sad,401,Sad,Fear,Happy,False,False,True,0.0534284,0.26152068,0.36309913,0.12497343,0.00499543,0.067151435,0.12483143
2260,inesco,mdpa,mdpa_s463.wav,Sad,356,Sad,Sad,Sad,True,True,False,0.055951312,0.0015529314,0.0012276238,0.26390493,0.17799865,0.49834976,0.001014806
2261,inesco,mdpa,mdpa_s464.wav,Sad,276,Sad,Angry,Angry,False,False,False,0.9866629,0.0008982712,0.00010211478,0.004776637,0.0009715389,0.006466874,0.00012169132
2262,inesco,mdpa,mdpa_s465.wav,Sad,388,Sad,Angry,Angry,False,False,False,0.81306624,0.06944648,0.0011184103,0.038306173,0.011868165,0.06315334,0.0030411067
2263,inesco,mdpa,mdpa_s466.wav,Sad,301,Sad,Sad,Sad,True,True,False,0.30064237,0.09273193,9.4659306e-05,0.0016213383,0.08166738,0.52233684,0.00090557424
2264,inesco,mdpa,mdpa_s467.wav,Sad,106,Sad,Angry,Angry,False,False,False,0.99355114,9.799471e-06,0.00025801195,0.0052396003,0.00030794143,0.00017902092,0.00045435404
2265,inesco,mdpa,mdpa_s468.wav,Sad,234,Sad,Sad,Sad,True,True,False,0.1577092,0.00224925,0.0007825735,0.0019687803,0.40164843,0.43160236,0.0040394
2266,inesco,mdpa,mdpa_s469.wav,Sad,186,Sad,Neutral,Sad,False,True,True,0.025055625,0.006667477,0.012748011,0.06700255,0.78907937,0.08975691,0.009690086
2267,inesco,mdpa,mdpa_s470.wav,Sad,228,Sad,Disgust,Sad,False,True,True,0.10844677,0.56920505,0.032603834,0.0023970837,0.043661237,0.19530854,0.04837753
2268,inesco,mdpa,mdpa_s471.wav,Sad,215,Sad,Sad,Sad,True,True,False,0.002222534,0.016798068,0.0022312698,0.00011674367,0.0027763732,0.9756291,0.00022583379
2269,inesco,mdpa,mdpa_s472.wav,Sad,353,Sad,Sad,Sad,True,True,False,0.0007765725,0.0022947353,0.006267958,0.008131347,0.10638816,0.87506586,0.0010753988
2270,inesco,mdpa,mdpa_s473.wav,Sad,327,Sad,Neutral,Sad,False,True,True,0.014187475,0.009332882,0.00014924344,0.014115773,0.5826494,0.37941626,0.00014898663
2271,inesco,mdpa,mdpa_s474.wav,Sad,401,Sad,Sad,Sad,True,True,False,0.097065516,0.09503871,0.10634187,0.006098802,0.20986664,0.47861284,0.0069755297
2272,inesco,mdpa,mdpa_s475.wav,Sad,381,Sad,Neutral,Sad,False,True,True,0.022722466,0.008063971,0.011482641,0.014771285,0.82435125,0.117311075,0.0012973992
2273,inesco,mdpa,mdpa_s476.wav,Sad,305,Sad,Sad,Sad,True,True,False,0.0037303464,0.0018910569,0.0012155904,0.008825962,0.2547298,0.72937244,0.0002347383
2274,inesco,mdpa,mdpa_s477.wav,Sad,401,Sad,Neutral,Sad,False,True,True,0.017033048,0.0571772,0.017913401,0.04478417,0.80348694,0.05615841,0.0034468835
2275,inesco,mdpa,mdpa_s478.wav,Sad,244,Sad,Sad,Sad,True,True,False,0.07383252,0.11096275,0.002272178,0.002291976,0.03400474,0.77312607,0.0035098214
2276,inesco,mdpa,mdpa_s479.wav,Sad,401,Sad,Disgust,Angry,False,False,True,0.06750975,0.7635161,0.0039644176,0.0011717633,0.14754096,0.015490121,0.00080689637
2277,inesco,mdpa,mdpa_s480.wav,Sad,324,Sad,Sad,Sad,True,True,False,0.038412765,0.0038612767,0.00041292113,0.0005658436,0.28298187,0.6734883,0.0002769741
2278,inesco,mdpa,mdpa_s481.wav,Sad,394,Sad,Neutral,Sad,False,True,True,0.116794124,0.07384804,0.0064108456,0.0902522,0.51665336,0.19137649,0.004664937
2279,inesco,mdpa,mdpa_s482.wav,Sad,231,Sad,Happy,Happy,False,False,False,0.04673532,0.038871434,0.14648734,0.5465084,0.063349225,0.14370742,0.014340842
2280,inesco,mdpa,mdpa_s483.wav,Sad,401,Sad,Angry,Angry,False,False,False,0.44728035,0.11522389,0.0019314404,0.01485345,0.023230925,0.3948181,0.002661811
2281,inesco,mdpa,mdpa_s484.wav,Sad,340,Sad,Sad,Sad,True,True,False,0.00550697,0.057606082,0.004586917,0.01324414,0.022433512,0.89411676,0.0025056151
2282,inesco,mdpa,mdpa_s485.wav,Sad,116,Sad,Fear,Happy,False,False,True,0.11022416,0.003760955,0.5018214,0.12245261,0.11804924,0.006251206,0.13744044
2283,inesco,mdpa,mdpa_s486.wav,Sad,401,Sad,Happy,Happy,False,False,False,0.0005834489,0.0032915184,0.13173391,0.4718704,0.01289279,0.3652688,0.014359222
2284,inesco,mdpa,mdpa_s487.wav,Sad,292,Sad,Sad,Sad,True,True,False,0.19166021,0.2332066,0.003916284,0.0009655272,0.074074164,0.4926124,0.0035647321
2285,inesco,mdpa,mdpa_s488.wav,Sad,263,Sad,Sad,Sad,True,True,False,0.0679771,0.0144340135,0.0025486427,0.037851285,0.019640135,0.8547121,0.0028367057
2286,inesco,mdpa,mdpa_s489.wav,Sad,401,Sad,Neutral,Sad,False,True,True,0.008065871,0.055248857,0.031048119,0.08374774,0.6463367,0.17421283,0.0013399011
2287,inesco,mdpa,mdpa_s490.wav,Sad,375,Sad,Sad,Sad,True,True,False,0.018962905,0.001954459,0.0050915405,0.08801234,0.3735444,0.5120917,0.00034265823
2288,inesco,mdpa,mdpa_s491.wav,Sad,401,Sad,Sad,Sad,True,True,False,0.0054389723,0.010232829,0.0035743357,0.006402112,0.0034405603,0.96647626,0.0044349176
2289,inesco,mdpa,mdpa_s492.wav,Sad,349,Sad,Happy,Happy,False,False,False,0.2253496,0.011163573,0.009336633,0.2655325,0.25441906,0.23083514,0.0033635187
2290,inesco,mdpa,mdpa_s493.wav,Sad,401,Sad,Sad,Sad,True,True,False,0.01674007,0.0013042185,0.007699511,0.13453,0.026411828,0.8111976,0.0021168515
2291,inesco,mdpa,mdpa_s494.wav,Sad,180,Sad,Sad,Sad,True,True,False,0.24332929,0.052961204,0.3057261,0.03657397,0.045558784,0.31403223,0.0018183771
2292,inesco,mdpa,mdpa_s495.wav,Sad,401,Sad,Angry,Angry,False,False,False,0.7141967,0.0046128673,0.0074968827,0.1993643,0.027148634,0.037863478,0.009317226
2293,inesco,mdpa,mdpa_s496.wav,Sad,298,Sad,Sad,Sad,True,True,False,0.31949297,0.01895649,0.11817681,0.09571102,0.050974004,0.39349067,0.0031980802
2294,inesco,mdpa,mdpa_s497.wav,Sad,237,Sad,Sad,Sad,True,True,False,0.00022322888,0.001429334,0.00071794225,0.0042664832,0.10379257,0.8894248,0.00014571346
2295,inesco,mdpa,mdpa_s498.wav,Sad,237,Sad,Angry,Angry,False,False,False,0.28433695,0.22538647,0.022897666,0.22660169,0.0030837767,0.23659274,0.0011006587
2296,inesco,mdpa,mdpa_s499.wav,Sad,401,Sad,Surprise,Happy,False,False,True,0.005355403,0.018967573,0.31393617,0.13200152,0.0053488063,0.098880924,0.42550966
2297,inesco,mdpa,mdpa_s500.wav,Sad,266,Sad,Angry,Angry,False,False,False,0.36654538,0.041466184,0.106117025,0.16942441,0.0018539334,0.29943192,0.015161102
2298,inesco,mdpa,mdpa_s501.wav,Sad,397,Sad,Sad,Sad,True,True,False,0.0055758473,0.09365429,0.008311919,0.00867413,0.35812268,0.5238868,0.0017743527
2299,inesco,mdpa,mdpa_s502.wav,Sad,173,Sad,Neutral,Happy,False,False,True,0.033768363,0.0009597938,0.0029297026,0.31106865,0.3476168,0.30294895,0.00070777506
2300,inesco,mdpa,mdpa_s503.wav,Sad,295,Sad,Angry,Angry,False,False,False,0.39081427,0.01368501,0.0144241,0.15188378,0.15542708,0.27102327,0.0027424335
2301,inesco,mdpa,mdpa_s504.wav,Sad,164,Sad,Happy,Happy,False,False,False,0.2449328,0.00011618195,0.0002550567,0.57350147,0.1613996,0.017607985,0.0021868586
2302,inesco,mdpa,mdpa_s505.wav,Sad,257,Sad,Sad,Sad,True,True,False,0.0015857102,0.00028038048,0.0004989645,0.00016461652,0.061022047,0.9361864,0.00026193043
2303,inesco,mdpa,mdpa_s506.wav,Sad,225,Sad,Angry,Angry,False,False,False,0.9924816,0.001374711,0.0019241231,0.0033081565,0.00031001575,0.0001387651,0.00046265023
2304,inesco,mdpa,mdpa_s507.wav,Sad,215,Sad,Neutral,Angry,False,False,True,0.32223448,4.1382824e-05,0.10739976,0.0887262,0.4411578,0.035945836,0.004494531
2305,inesco,mdpa,mdpa_s508.wav,Sad,266,Sad,Angry,Angry,False,False,False,0.707357,0.014133627,0.0017963457,0.10754544,0.025040692,0.14373216,0.00039470775
2306,inesco,mdpa,mdpa_s509.wav,Sad,285,Sad,Sad,Sad,True,True,False,0.00081629556,2.4944076e-05,0.00031704188,0.00010349302,0.08102155,0.9175824,0.00013432812
2307,inesco,mdpa,mdpa_s510.wav,Sad,401,Sad,Angry,Angry,False,False,False,0.38413194,0.18190548,0.23742254,0.083898194,0.021675587,0.018620163,0.072346106
2308,inesco,mdpa,mdpa_s511.wav,Sad,401,Sad,Sad,Sad,True,True,False,0.3255624,0.0026727167,0.009690509,0.04839229,0.072737806,0.50255275,0.038391553
2309,inesco,mdpa,mdpa_s512.wav,Sad,401,Sad,Sad,Sad,True,True,False,0.007833761,0.12018751,0.00197269,0.00999145,0.25555983,0.6043499,0.000104837985
2310,inesco,mdpa,mdpa_s513.wav,Sad,292,Sad,Neutral,Sad,False,True,True,0.0025105097,0.0011075096,0.016920306,0.07019125,0.47055367,0.43769383,0.0010230168
2311,inesco,mdpa,mdpa_s514.wav,Sad,381,Sad,Angry,Angry,False,False,False,0.4625175,0.06603635,0.0015042805,0.056451157,0.1777711,0.23127538,0.0044442476
2312,inesco,mdpa,mdpa_s515.wav,Sad,215,Sad,Neutral,Happy,False,False,True,0.18654309,0.0034598545,0.02645749,0.2419619,0.4512611,0.081403404,0.008913233
2313,inesco,mdpa,mdpa_s516.wav,Sad,173,Sad,Happy,Happy,False,False,False,0.0075488454,0.0012854699,0.11528831,0.836518,0.018622976,0.019477779,0.001258648
2314,inesco,mdpa,mdpa_s517.wav,Sad,279,Sad,Angry,Angry,False,False,False,0.71587884,0.104222454,0.00037019796,0.0008034741,0.027212499,0.15092608,0.00058646355
2315,inesco,mdpa,mdpa_s518.wav,Sad,375,Sad,Neutral,Sad,False,True,True,0.037000682,0.03379559,0.002311955,0.0013904173,0.65562737,0.26964512,0.00022882724
2316,inesco,mdpa,mdpa_s519.wav,Sad,298,Sad,Sad,Sad,True,True,False,0.07187294,0.058605738,0.008408967,0.0073673865,0.33790258,0.51479316,0.0010491444
2317,inesco,mdpa,mdpa_s520.wav,Sad,170,Sad,Sad,Sad,True,True,False,0.0017574636,0.0038947773,0.0005682944,0.033710074,0.25416586,0.70589906,4.439209e-06
2318,inesco,mdpa,mdpa_s521.wav,Sad,154,Sad,Neutral,Happy,False,False,True,0.01927671,0.0037772087,0.0009385789,0.26509017,0.6343522,0.07653331,3.1769174e-05
2319,inesco,mdpa,mdpa_s522.wav,Sad,132,Sad,Happy,Happy,False,False,False,0.12333176,0.00010942218,0.027924066,0.7282794,0.10722021,0.006958539,0.006176614
2320,inesco,mdpa,mdpa_s523.wav,Sad,135,Sad,Fear,Sad,False,True,True,0.002608149,0.0006073218,0.8629022,0.006668175,0.119905084,0.0072318087,7.7226214e-05
2321,inesco,mdpa,mdpa_s524.wav,Sad,253,Sad,Sad,Sad,True,True,False,0.42152274,0.012473859,0.023113279,0.013648466,0.003667785,0.5200877,0.0054862006
2322,inesco,mdpa,mdpa_s525.wav,Sad,292,Sad,Angry,Angry,False,False,False,0.6516136,0.023825249,0.08818682,0.07487116,0.06449583,0.07674577,0.020261545
2323,inesco,mdpa,mdpa_s526.wav,Sad,356,Sad,Angry,Angry,False,False,False,0.9027748,0.005877706,0.0006120991,0.044339944,0.021717008,0.023846565,0.0008317572
2324,inesco,mdpa,mdpa_s527.wav,Sad,378,Sad,Fear,Angry,False,False,True,0.19064477,0.018794445,0.3215347,0.042688742,0.033640772,0.14056298,0.2521336
2325,inesco,mdpa,mdpa_s528.wav,Sad,333,Sad,Neutral,Sad,False,True,True,0.010534318,0.009044636,0.006682358,0.032422632,0.6218891,0.3182476,0.0011793297
2326,inesco,mdpa,mdpa_s529.wav,Sad,228,Sad,Neutral,Sad,False,True,True,0.01715402,0.0197037,0.012314973,0.10956962,0.46152335,0.37898695,0.0007473702
2327,inesco,mdpa,mdpa_s530.wav,Sad,337,Sad,Angry,Angry,False,False,False,0.5321931,0.14695226,0.004285441,0.1638316,0.037848577,0.11139512,0.0034938809
2328,inesco,mdpa,mdpa_s531.wav,Sad,148,Sad,Angry,Angry,False,False,False,0.9679827,0.00025712675,0.002202235,0.0009263602,0.00028401363,1.6960608e-05,0.028330602
2329,inesco,mdpa,mdpa_s532.wav,Sad,260,Sad,Disgust,Angry,False,False,True,0.086189285,0.8658368,0.00029450815,0.00048630705,0.0004520331,0.046705153,3.5821922e-05
2330,inesco,mdpa,mdpa_s533.wav,Sad,369,Sad,Neutral,Sad,False,True,True,0.05000405,0.008827233,0.023694508,0.017798055,0.6438497,0.25449687,0.0013296717
2331,inesco,mdpa,mdpa_s534.wav,Sad,401,Sad,Sad,Sad,True,True,False,0.08575663,0.04881271,0.0021291308,0.0036125819,0.0067976094,0.84019125,0.012700103
2332,inesco,mdpa,mdpa_s535.wav,Sad,170,Sad,Neutral,Sad,False,True,True,0.00040905576,0.0001166929,0.02152149,0.040753935,0.8062933,0.13075866,0.00014683936
2333,inesco,mdpa,mdpa_s536.wav,Sad,263,Sad,Angry,Angry,False,False,False,0.8914186,0.031325944,0.003273543,0.017892724,0.0069119427,0.04598153,0.0031956872
2334,inesco,mdpa,mdpa_s537.wav,Sad,401,Sad,Neutral,Angry,False,False,True,0.012401129,0.2243021,0.05337243,0.008210321,0.69112813,0.010030076,0.00055567955
2335,inesco,mdpa,mdpa_s538.wav,Sad,276,Sad,Disgust,Sad,False,True,True,0.14850894,0.24501337,0.028572064,0.16353917,0.19553474,0.18210573,0.036725964
2336,inesco,mdpa,mdpa_s539.wav,Sad,234,Sad,Neutral,Sad,False,True,True,0.0073098848,0.0035603135,0.012783344,0.11741965,0.6427389,0.20974557,0.006442423
2337,inesco,mdpa,mdpa_s540.wav,Sad,401,Sad,Sad,Sad,True,True,False,0.02353729,0.06203363,0.0009393176,0.00016129787,0.012255189,0.89984685,0.0012264302
2338,inesco,mdpa,mdpa_s541.wav,Sad,401,Sad,Sad,Sad,True,True,False,0.002454367,0.00224921,0.008354024,0.0046308585,0.016375504,0.93287647,0.033059582
2339,inesco,mdpa,mdpa_s542.wav,Sad,401,Sad,Sad,Sad,True,True,False,0.03217661,0.019859623,0.0022612626,0.0024285745,0.012195534,0.9301727,0.000905698
2340,inesco,mdpa,mdpa_s543.wav,Sad,401,Sad,Neutral,Sad,False,True,True,0.21820676,0.025758106,0.0267423,0.03187599,0.38656324,0.30639806,0.004455545
2341,inesco,mdpa,mdpa_s544.wav,Sad,116,Sad,Neutral,Angry,False,False,True,0.2366096,1.0372369e-05,0.04224067,0.13952428,0.57487416,0.0027969528,0.0039440235
2342,inesco,mdpa,mdpa_s545.wav,Sad,401,Sad,Happy,Happy,False,False,False,0.078551725,0.009671319,0.08694366,0.5066653,0.00072946673,0.018424312,0.2990142
2343,inesco,mdpa,mdpa_s546.wav,Sad,340,Sad,Angry,Angry,False,False,False,0.78856075,0.034909647,0.0024401438,0.004026714,0.14949048,0.019771447,0.00080084614
2344,inesco,mdpa,mdpa_s547.wav,Sad,397,Sad,Angry,Angry,False,False,False,0.7029394,0.029325845,0.00844099,0.18015379,0.009647446,0.048685566,0.020807045
2345,inesco,mdpa,mdpa_s548.wav,Sad,314,Sad,Disgust,Sad,False,True,True,0.20438449,0.34099683,0.018646758,0.011318366,0.16639002,0.2428266,0.015436858
2346,inesco,mdpa,mdpa_s549.wav,Sad,388,Sad,Sad,Sad,True,True,False,0.00732298,0.023652488,0.15399808,0.04697315,0.011893292,0.5127087,0.24345134
2347,inesco,mdpa,mdpa_s550.wav,Sad,273,Sad,Angry,Angry,False,False,False,0.62913245,0.18032168,0.0012015026,0.0072451415,0.0024453052,0.14310177,0.03655216
2348,inesco,mdpa,mdpa_s551.wav,Sad,257,Sad,Disgust,Angry,False,False,True,0.28836104,0.44966257,0.0003106073,0.0072654467,0.04298578,0.21099116,0.00042334665
2349,inesco,mdpa,mdpa_s552.wav,Sad,109,Sad,Surprise,Angry,False,False,True,0.026731418,2.4988805e-05,0.0008892308,0.0157126,0.00041495214,0.00019902937,0.95602787
2350,inesco,mdpa,mdpa_s553.wav,Sad,125,Sad,Neutral,Angry,False,False,True,0.41590813,0.00032457034,0.04764654,0.078791805,0.42703027,0.018766712,0.011531913
2351,inesco,mdpa,mdpa_s554.wav,Sad,138,Sad,Angry,Angry,False,False,False,0.8604126,0.0009341293,0.007977678,0.011077471,0.019727673,0.006218303,0.09365212
2352,inesco,mdpa,mdpa_s555.wav,Sad,218,Sad,Happy,Happy,False,False,False,0.12423518,0.0027680164,0.008574044,0.73655623,0.095883586,0.029970367,0.002012645
2353,inesco,mdpa,mdpa_s556.wav,Sad,167,Sad,Happy,Happy,False,False,False,0.09217524,0.00092653895,0.025125653,0.6286735,0.22607529,0.023708807,0.0033149878
2354,inesco,mdpa,mdpa_s557.wav,Sad,84,Sad,Angry,Angry,False,False,False,0.9598133,0.0039315387,0.0008062533,0.0024111012,0.0015635003,0.00051106256,0.030963227
2355,inesco,mdpa,mdpa_s558.wav,Sad,177,Sad,Angry,Angry,False,False,False,0.898045,0.0017474559,0.0025380722,0.05648012,0.018482283,0.021989333,0.00071770424
2356,inesco,mdpa,mdpa_s559.wav,Sad,292,Sad,Sad,Sad,True,True,False,0.022172855,0.098768085,0.0362955,0.0054343613,0.006503245,0.81134695,0.019478984
2357,inesco,mdpa,mdpa_s560.wav,Sad,116,Sad,Fear,Happy,False,False,True,0.014856219,6.799229e-05,0.5620393,0.07425605,0.02397678,0.0012349709,0.32356873
2358,inesco,mdpa,mdpa_s561.wav,Sad,250,Sad,Neutral,Sad,False,True,True,0.010684395,0.0031132528,0.0036820706,0.15832216,0.611214,0.21255587,0.0004282914
2359,inesco,mdpa,mdpa_s562.wav,Sad,132,Sad,Angry,Angry,False,False,False,0.91352314,1.2953991e-05,0.00028595485,0.06103162,0.021888042,3.249665e-05,0.0032258246
2360,inesco,mdpa,mdpa_s563.wav,Sad,260,Sad,Angry,Angry,False,False,False,0.2634324,0.22174835,0.059978988,0.14657587,0.07048471,0.22965935,0.008120275
2361,inesco,mdpa,mdpa_s564.wav,Sad,301,Sad,Sad,Sad,True,True,False,0.2957759,0.14190365,0.010863946,0.020275304,0.115721434,0.41063613,0.004823712
2362,inesco,mdpa,mdpa_s565.wav,Sad,401,Sad,Sad,Sad,True,True,False,0.04820086,0.032468487,0.012659936,0.032816213,0.027191717,0.83939505,0.0072676945
2363,inesco,mdpa,mdpa_s566.wav,Sad,100,Sad,Angry,Angry,False,False,False,0.93782717,0.00062747294,0.0049930657,0.045922555,0.005516922,0.0047187773,0.0003940477
2364,inesco,mdpa,mdpa_s567.wav,Sad,199,Sad,Happy,Happy,False,False,False,0.0070719807,0.0024442722,0.0033875215,0.44400835,0.4092156,0.13315554,0.0007167418
2365,inesco,mdpa,mdpa_s568.wav,Sad,157,Sad,Happy,Happy,False,False,False,0.05553361,0.0011274641,0.16301614,0.5998723,0.037180282,0.14298657,0.00028369285
2366,inesco,mdpa,mdpa_s569.wav,Sad,401,Sad,Sad,Sad,True,True,False,0.051485542,0.0033020235,0.001660843,0.08647847,0.38709894,0.46970174,0.00027244486
2367,inesco,mdpa,mdpa_s570.wav,Sad,375,Sad,Surprise,Sad,False,True,True,0.06097732,0.004382853,0.0070384364,0.009116591,0.0013043149,0.38249403,0.5346865
2368,inesco,mdpa,mdpa_s571.wav,Sad,289,Sad,Sad,Sad,True,True,False,0.00030568693,0.0007903704,0.006386578,0.006717001,0.08344915,0.90172714,0.00062402105
2369,inesco,mdpa,mdpa_s572.wav,Sad,186,Sad,Happy,Happy,False,False,False,0.070953436,0.0010054418,0.023930069,0.72873914,0.15780666,0.016141078,0.0014241841
2370,inesco,mdpa,mdpa_s573.wav,Sad,205,Sad,Neutral,Sad,False,True,True,0.0017934792,0.00026972397,3.9812523e-05,0.0010427062,0.9108139,0.08591868,0.00012171621
2371,inesco,mdpa,mdpa_s574.wav,Sad,263,Sad,Sad,Sad,True,True,False,0.09391872,0.062302403,0.05173694,0.05016745,0.027691614,0.65934503,0.054837827
2372,inesco,mdpa,mdpa_s575.wav,Sad,186,Sad,Happy,Happy,False,False,False,0.1198387,9.316063e-06,0.0010788906,0.7323712,0.13112918,0.0155129805,5.9688886e-05
2373,inesco,mdpa,mdpa_s576.wav,Sad,209,Sad,Disgust,Angry,False,False,True,0.3624941,0.36419594,0.008838526,0.041317727,0.04145493,0.18001862,0.0016801258
2374,inesco,mdpa,mdpa_s577.wav,Sad,391,Sad,Angry,Angry,False,False,False,0.60348207,0.16339399,0.00085010787,0.073765755,0.045666218,0.10744427,0.005397602
2375,inesco,mdpa,mdpa_s578.wav,Sad,170,Sad,Angry,Angry,False,False,False,0.39472577,0.0015799415,0.2130665,0.336865,0.040744286,0.012268811,0.0007496895
2376,inesco,mdpa,mdpa_s579.wav,Sad,212,Sad,Neutral,Angry,False,False,True,0.009167356,4.287133e-06,7.3880433e-06,0.00055479567,0.98616856,0.004034127,6.356049e-05
2377,inesco,mdpa,mdpa_s580.wav,Sad,401,Sad,Sad,Sad,True,True,False,0.3718294,0.07346918,0.01854088,0.009250399,0.003938147,0.46704966,0.05592234
2378,inesco,mdpa,mdpa_s581.wav,Sad,189,Sad,Neutral,Sad,False,True,True,0.019537453,0.00014713476,0.0036776534,0.18316008,0.56654847,0.22674458,0.00018467245
2379,inesco,mdpa,mdpa_s582.wav,Sad,401,Sad,Sad,Sad,True,True,False,0.015439609,0.053189762,0.004123796,0.022432612,0.0159207,0.8827581,0.006135528
2380,inesco,mdpa,mdpa_s583.wav,Sad,87,Sad,Fear,Happy,False,False,True,0.12649181,0.0008249252,0.6602099,0.13719189,0.006721574,0.008999883,0.059560016
2381,inesco,mdpa,mdpa_s584.wav,Sad,401,Sad,Fear,Happy,False,False,True,0.059464015,0.00053145963,0.3409511,0.3379831,0.0008692964,0.012197042,0.24800396
2382,inesco,mdpa,mdpa_s585.wav,Sad,301,Sad,Neutral,Angry,False,False,True,0.20938168,0.2514866,0.003087623,0.05092764,0.31257012,0.16970988,0.0028364873
2383,inesco,mdpa,mdpa_s586.wav,Sad,273,Sad,Fear,Sad,False,True,True,0.052180205,0.031551354,0.5113502,0.085822865,0.011250483,0.25122538,0.056619473
2384,inesco,mdpa,mdpa_s587.wav,Sad,269,Sad,Happy,Happy,False,False,False,0.24608086,0.032663465,0.05686578,0.39456645,0.11982048,0.13895002,0.011052955
2385,inesco,mdpa,mdpa_s588.wav,Sad,388,Sad,Sad,Sad,True,True,False,0.020417986,0.033434607,0.109787695,0.10885492,0.048874754,0.57205397,0.106576055
2386,inesco,mdpa,mdpa_s589.wav,Sad,276,Sad,Angry,Angry,False,False,False,0.45717934,0.026293864,0.029540243,0.025645116,0.014297875,0.4432262,0.0038174395
2387,inesco,mdpa,mdpa_s590.wav,Sad,231,Sad,Happy,Happy,False,False,False,0.008642184,0.0035979715,0.045400936,0.8850731,0.015486088,0.037839454,0.0039602513
2388,inesco,mdpa,mdpa_s591.wav,Sad,346,Sad,Neutral,Sad,False,True,True,0.0274273,0.008896773,0.034816597,0.09649957,0.42916468,0.40219936,0.0009957231
2389,inesco,mdpa,mdpa_s592.wav,Sad,401,Sad,Sad,Sad,True,True,False,0.2123433,0.054988936,0.056676175,0.0038372648,0.0053187273,0.57155544,0.0952801
2390,inesco,mdpa,mdpa_s593.wav,Sad,279,Sad,Sad,Sad,True,True,False,0.015358394,0.0024068528,0.0020572636,0.0053296867,0.12039199,0.8520748,0.0023809865
2391,inesco,mdpa,mdpa_s594.wav,Sad,401,Sad,Sad,Sad,True,True,False,0.0002553153,0.0003544024,8.587543e-05,0.0014391149,0.18076602,0.81708497,1.4297402e-05
2392,inesco,mdpa,mdpa_s595.wav,Sad,401,Sad,Sad,Sad,True,True,False,0.1561462,0.027448287,0.0048141596,0.008872943,0.040297527,0.75466925,0.007751627
2393,inesco,mdpa,mdpa_s596.wav,Sad,343,Sad,Sad,Sad,True,True,False,0.027228419,0.0012190336,0.005404311,0.0909874,0.32398942,0.55075973,0.0004116817
2394,inesco,mdpa,mdpa_s597.wav,Sad,401,Sad,Sad,Sad,True,True,False,0.0065009505,0.0059373593,0.2430855,0.088984475,0.013769904,0.62757623,0.014145524
2395,inesco,mdpa,mdpa_s598.wav,Sad,321,Sad,Angry,Angry,False,False,False,0.44259623,0.13233507,0.039869804,0.03210281,0.27175856,0.03418969,0.047147844
2396,inesco,mdpa,mdpa_s599.wav,Sad,401,Sad,Sad,Sad,True,True,False,0.068863794,0.03103019,0.00051151804,0.027721431,0.13114907,0.7405646,0.00015944909
2397,inesco,mdpa,mdpa_s600.wav,Sad,401,Sad,Sad,Sad,True,True,False,0.22174935,0.067386866,0.0036816574,0.020982455,0.049458463,0.62725073,0.009490461
