row_index,dataset,speaker,filename,emotion,real_frames,true_label,pred_mode1,pred_mode2,correct_mode1,correct_mode2,outside_target,prob_Angry,prob_Disgust,prob_Fear,prob_Happy,prob_Neutral,prob_Sad,prob_Surprise
0,inesco,fcim,fcim_a212.wav,Angry,87,Angry,Angry,Angry,True,True,False,0.8271008,5.6627123e-06,0.043018516,0.016258655,8.533886e-08,2.4203857e-07,0.11361601
1,inesco,fcim,fcim_a213.wav,Angry,164,Angry,Angry,Angry,True,True,False,0.8814611,2.7181352e-06,0.00017982062,0.10090165,3.7150194e-08,2.2150174e-07,0.017454453
2,inesco,fcim,fcim_a214.wav,Angry,138,Angry,Fear,Angry,False,True,True,0.25278574,1.708369e-05,0.74472123,0.0018544173,1.1946954e-05,0.00037717388,0.0002323691
3,inesco,fcim,fcim_a215.wav,Angry,260,Angry,Surprise,Happy,False,False,True,0.006081985,8.23016e-05,0.001597366,0.06918487,2.036213e-08,4.1605134e-07,0.923053
4,inesco,fcim,fcim_a216.wav,Angry,202,Angry,Happy,Happy,False,False,False,1.2379817e-05,2.0267125e-10,0.0022688336,0.63219947,8.339565e-11,3.8904918e-10,0.3655193
5,inesco,fcim,fcim_a217.wav,Angry,97,Angry,Angry,Angry,True,True,False,0.8696377,2.9262133e-05,0.10927965,0.005925088,0.00037342825,5.2573934e-05,0.014702332
6,inesco,fcim,fcim_a218.wav,Angry,359,Angry,Surprise,Angry,False,True,True,0.023593495,7.579501e-05,0.00082056364,8.5350475e-05,8.6407326e-10,8.007426e-07,0.97542393
7,inesco,fcim,fcim_a219.wav,Angry,401,Angry,Surprise,Happy,False,False,True,0.018784534,8.413249e-05,0.031087566,0.0818733,1.2250786e-07,6.93324e-05,0.86810106
8,inesco,fcim,fcim_a220.wav,Angry,215,Angry,Surprise,Happy,False,False,True,0.060874276,0.000109513,0.002359355,0.075214155,6.136625e-08,1.2207757e-05,0.86143047
9,inesco,fcim,fcim_a221.wav,Angry,257,Angry,Surprise,Happy,False,False,True,0.0011029514,6.3211684e-07,0.02019753,0.036355853,4.99001e-10,2.7747965e-06,0.9423402
10,inesco,fcim,fcim_a222.wav,Angry,157,Angry,Surprise,Happy,False,False,True,0.0034847984,1.683556e-06,0.008539263,0.40367952,1.8175841e-08,5.644156e-07,0.5842942
11,inesco,fcim,fcim_a223.wav,Angry,225,Angry,Fear,Happy,False,False,True,5.311441e-07,7.188432e-08,0.9837871,0.0002465652,1.7250164e-08,1.0571956e-05,0.015955241
12,inesco,fcim,fcim_a224.wav,Angry,266,Angry,Surprise,Happy,False,False,True,0.01009282,9.989648e-06,0.0054045906,0.2912689,7.595904e-08,1.0935494e-05,0.69321275
13,inesco,fcim,fcim_a225.wav,Angry,154,Angry,Surprise,Happy,False,False,True,0.029911906,3.5513644e-05,0.14274277,0.05777521,1.4298082e-06,0.00023544212,0.7692977
14,inesco,fcim,fcim_a226.wav,Angry,154,Angry,Fear,Angry,False,True,True,0.0031763206,6.4481154e-09,0.99422604,4.09014e-05,3.0489763e-10,9.4941734e-09,0.0025567485
15,inesco,fcim,fcim_a227.wav,Angry,401,Angry,Surprise,Happy,False,False,True,0.016285954,9.427723e-08,0.049705427,0.115668215,1.8049134e-10,1.4697918e-08,0.81834036
16,inesco,fcim,fcim_a228.wav,Angry,113,Angry,Angry,Angry,True,True,False,0.9967489,1.7694435e-07,7.339744e-05,0.0017870083,1.10692206e-07,5.008453e-08,0.00139045
17,inesco,fcim,fcim_a229.wav,Angry,324,Angry,Surprise,Happy,False,False,True,0.00017516282,1.4898914e-08,0.18009631,0.07129356,5.4205848e-11,1.1360149e-07,0.74843484
18,inesco,fcim,fcim_a230.wav,Angry,234,Angry,Fear,Angry,False,True,True,0.018044047,5.464928e-07,0.9784759,0.00274651,1.7160971e-07,0.00015575871,0.00057700434
19,inesco,fcim,fcim_a231.wav,Angry,189,Angry,Angry,Angry,True,True,False,0.9804441,7.0236086e-07,5.773096e-05,0.012720595,2.2251333e-08,8.427282e-08,0.0067768088
20,inesco,fcim,fcim_a232.wav,Angry,241,Angry,Angry,Angry,True,True,False,0.98189837,9.565523e-06,0.0036236881,0.0120312665,8.6677865e-08,0.00019070753,0.0022463854
21,inesco,fcim,fcim_a233.wav,Angry,266,Angry,Angry,Angry,True,True,False,0.9604826,1.1289324e-05,0.013729442,0.022619465,3.801436e-07,2.5083511e-05,0.0031317305
22,inesco,fcim,fcim_a234.wav,Angry,81,Angry,Angry,Angry,True,True,False,0.80989873,3.3083954e-06,0.0031995354,0.037693705,2.2522978e-05,1.8485614e-05,0.14916372
23,inesco,fcim,fcim_a235.wav,Angry,71,Angry,Angry,Angry,True,True,False,0.8336426,2.5120644e-05,0.15717085,0.0063978513,4.026053e-05,7.201589e-05,0.0026512023
24,inesco,fcim,fcim_a236.wav,Angry,231,Angry,Fear,Angry,False,True,True,0.10556653,0.031064942,0.79352236,0.0041973027,1.9057367e-08,0.0001455162,0.065503344
25,inesco,fcim,fcim_a237.wav,Angry,145,Angry,Happy,Happy,False,False,False,0.35616764,2.730265e-05,0.000881322,0.57046306,2.0263842e-06,1.2680927e-05,0.07244597
26,inesco,fcim,fcim_a238.wav,Angry,186,Angry,Fear,Angry,False,True,True,0.0251,2.0738062e-06,0.66499317,0.00013749428,1.0320675e-06,1.1727536e-06,0.30976516
27,inesco,fcim,fcim_a239.wav,Angry,209,Angry,Angry,Angry,True,True,False,0.98818725,7.294872e-06,5.3012318e-05,0.011674018,7.5777955e-08,4.9989796e-07,7.786609e-05
28,inesco,fcim,fcim_a240.wav,Angry,167,Angry,Angry,Angry,True,True,False,0.4619267,3.0348193e-07,0.344634,0.1917356,1.5929218e-07,5.790309e-06,0.0016974432
29,inesco,fcim,fcim_a241.wav,Angry,109,Angry,Angry,Angry,True,True,False,0.5875226,1.1895516e-05,0.05829788,0.19834884,1.0776281e-05,1.3464098e-05,0.15579456
30,inesco,fcim,fcim_a242.wav,Angry,401,Angry,Surprise,Happy,False,False,True,0.03042306,0.00030490884,0.0057422444,0.08452065,9.240717e-06,1.7856424e-05,0.878982
31,inesco,fcim,fcim_a243.wav,Angry,202,Angry,Angry,Angry,True,True,False,0.5164922,6.0729628e-05,0.015892984,0.4612757,1.9235641e-07,5.063356e-07,0.0062777232
32,inesco,fcim,fcim_a244.wav,Angry,180,Angry,Angry,Angry,True,True,False,0.99986136,5.665817e-09,1.8590536e-05,0.00011892118,1.3960436e-10,2.9583095e-08,1.0351608e-06
33,inesco,fcim,fcim_a245.wav,Angry,218,Angry,Angry,Angry,True,True,False,0.9974613,7.304802e-07,0.00011625105,0.0021980351,1.9706317e-09,5.4829712e-08,0.00022360626
34,inesco,fcim,fcim_a246.wav,Angry,87,Angry,Angry,Angry,True,True,False,0.53840345,2.1383826e-06,0.092343725,0.318167,9.453938e-06,1.4294342e-06,0.051072806
35,inesco,fcim,fcim_a247.wav,Angry,324,Angry,Surprise,Angry,False,True,True,0.1275716,0.009673498,0.1325167,0.011913407,7.620525e-06,0.00041508567,0.7179022
36,inesco,fcim,fcim_a248.wav,Angry,225,Angry,Angry,Angry,True,True,False,0.9886276,0.00057431427,2.773728e-05,0.009759762,6.6010614e-08,1.4752318e-05,0.0009957578
37,inesco,fcim,fcim_a249.wav,Angry,273,Angry,Angry,Angry,True,True,False,0.52985334,0.0002364393,0.086650155,0.04870344,6.677655e-08,1.0165608e-05,0.33454642
38,inesco,fcim,fcim_a250.wav,Angry,317,Angry,Surprise,Angry,False,True,True,0.0024206617,6.905544e-05,0.28851795,0.0014961057,2.5223736e-09,5.615917e-07,0.7074956
39,inesco,fcim,fcim_a251.wav,Angry,295,Angry,Surprise,Happy,False,False,True,0.011457454,0.0071980287,0.0040907413,0.027923828,2.51779e-08,6.5495806e-06,0.9493234
40,inesco,fcim,fcim_a252.wav,Angry,356,Angry,Surprise,Happy,False,False,True,0.004739918,3.820812e-05,0.004356324,0.04932515,8.7920887e-07,3.4649247e-06,0.94153607
41,inesco,fcim,fcim_a253.wav,Angry,215,Angry,Happy,Happy,False,False,False,0.030463902,3.7046342e-05,0.0005579443,0.94320005,8.061559e-08,8.044284e-07,0.025740176
42,inesco,fcim,fcim_a254.wav,Angry,209,Angry,Angry,Angry,True,True,False,0.801399,4.6137906e-08,0.007795863,0.12937151,1.6118138e-09,7.1132064e-08,0.061433546
43,inesco,fcim,fcim_a255.wav,Angry,308,Angry,Surprise,Angry,False,True,True,0.007914202,2.486402e-05,0.009869586,2.1041533e-05,1.1616602e-09,4.994291e-06,0.9821653
44,inesco,fcim,fcim_a256.wav,Angry,401,Angry,Angry,Angry,True,True,False,0.59416515,2.6684163e-05,0.00040066402,0.21187294,1.6164184e-07,6.046192e-07,0.19353381
45,inesco,fcim,fcim_a257.wav,Angry,237,Angry,Angry,Angry,True,True,False,0.9999788,3.48548e-07,1.7622991e-08,1.3287745e-05,2.3063508e-11,3.6492591e-09,7.5419057e-06
46,inesco,fcim,fcim_a258.wav,Angry,167,Angry,Fear,Happy,False,False,True,0.0011304572,5.1770563e-08,0.97113854,0.026721785,2.0222578e-05,3.0167035e-05,0.00095884263
47,inesco,fcim,fcim_a259.wav,Angry,228,Angry,Happy,Happy,False,False,False,0.00020130925,1.1021578e-05,0.0017134638,0.9960173,7.322576e-08,1.7553977e-05,0.0020392856
48,inesco,fcim,fcim_a260.wav,Angry,285,Angry,Surprise,Angry,False,True,True,0.030146366,0.0008371731,0.0006312925,0.00063639315,4.4961808e-09,1.9146402e-05,0.96772957
49,inesco,fcim,fcim_a261.wav,Angry,260,Angry,Angry,Angry,True,True,False,0.8573683,6.9818066e-06,0.00025034937,0.015749749,5.5567806e-10,1.4788789e-07,0.12662457
50,inesco,fcim,fcim_a262.wav,Angry,186,Angry,Angry,Angry,True,True,False,0.95678526,3.2377409e-06,7.359053e-06,0.038275596,2.5560881e-08,1.1266846e-08,0.0049285195
51,inesco,fcim,fcim_a263.wav,Angry,173,Angry,Angry,Angry,True,True,False,0.939431,6.105754e-06,2.1449707e-05,0.06049236,1.5232066e-05,9.308969e-07,3.293947e-05
52,inesco,fcim,fcim_a264.wav,Angry,100,Angry,Surprise,Happy,False,False,True,4.669482e-05,1.9918808e-07,0.066726126,0.008808554,8.156327e-09,8.995577e-08,0.92441833
53,inesco,fcim,fcim_a265.wav,Angry,122,Angry,Fear,Happy,False,False,True,0.0014613686,4.5831075e-06,0.88145685,0.002241464,4.085185e-08,5.6098196e-07,0.11483523
54,inesco,fcim,fcim_a266.wav,Angry,375,Angry,Surprise,Happy,False,False,True,0.00056643784,4.1603037e-08,0.021840023,0.023906596,3.1491114e-09,9.537476e-07,0.953686
55,inesco,fcim,fcim_a267.wav,Angry,151,Angry,Angry,Angry,True,True,False,0.9644688,4.391325e-06,0.00064017164,0.03318426,3.316759e-07,4.0974237e-09,0.0017020793
56,inesco,fcim,fcim_a268.wav,Angry,90,Angry,Angry,Angry,True,True,False,0.7994622,9.092028e-06,0.17831261,0.01421144,2.307545e-06,7.1995787e-06,0.007995216
57,inesco,fcim,fcim_a269.wav,Angry,154,Angry,Angry,Angry,True,True,False,0.99230367,2.0740133e-07,0.00015158234,0.0069279573,2.2119668e-09,1.7857289e-08,0.0006165523
58,inesco,fcim,fcim_a270.wav,Angry,173,Angry,Surprise,Happy,False,False,True,0.037652265,6.5563618e-06,0.3086744,0.09441723,2.2907247e-07,1.2053544e-05,0.55923724
59,inesco,fcim,fcim_a271.wav,Angry,343,Angry,Surprise,Happy,False,False,True,2.9940024e-05,2.7516318e-08,0.005271015,0.00011386391,7.297147e-10,3.555467e-08,0.9945852
60,inesco,fcim,fcim_a272.wav,Angry,324,Angry,Surprise,Angry,False,True,True,0.0022858982,7.569591e-05,0.00012806345,0.00072418223,3.2236125e-10,2.2509992e-07,0.9967859
61,inesco,fcim,fcim_a273.wav,Angry,247,Angry,Angry,Angry,True,True,False,0.99622285,9.916089e-06,1.22593765e-05,0.003688136,6.9878903e-09,1.1691242e-05,5.5208595e-05
62,inesco,fcim,fcim_a274.wav,Angry,330,Angry,Surprise,Happy,False,False,True,0.005903334,1.055517e-06,0.02432932,0.011548037,5.435203e-10,5.4678617e-07,0.9582176
63,inesco,fcim,fcim_a275.wav,Angry,145,Angry,Fear,Angry,False,True,True,4.815539e-05,6.167102e-11,0.99984145,2.0171603e-05,2.529667e-10,1.0919854e-07,9.013762e-05
64,inesco,fcim,fcim_a276.wav,Angry,244,Angry,Angry,Angry,True,True,False,0.9226718,0.00047291318,0.00075235707,0.0737787,2.2720149e-06,3.8710776e-05,0.00228321
65,inesco,fcim,fcim_a277.wav,Angry,260,Angry,Angry,Angry,True,True,False,0.9134741,4.478349e-06,0.00023889156,0.01888183,1.9715667e-08,3.4445208e-07,0.06740041
66,inesco,fcim,fcim_a278.wav,Angry,401,Angry,Angry,Angry,True,True,False,0.57501966,8.230317e-06,0.023047155,0.19848673,5.5553214e-06,1.8638608e-05,0.20341393
67,inesco,fcim,fcim_a279.wav,Angry,289,Angry,Surprise,Angry,False,True,True,0.00051844394,1.638162e-07,0.007828155,0.00028410848,1.4305651e-10,1.5294547e-07,0.99136907
68,inesco,fcim,fcim_a280.wav,Angry,282,Angry,Surprise,Happy,False,False,True,0.0010543353,0.0036791672,0.16030975,0.14035496,1.0385387e-09,1.5418442e-05,0.6945864
69,inesco,fcim,fcim_a281.wav,Angry,276,Angry,Angry,Angry,True,True,False,0.95192295,5.6677676e-05,0.00016718051,0.008947747,3.2413883e-08,3.6024187e-07,0.038905088
70,inesco,fcim,fcim_a282.wav,Angry,225,Angry,Angry,Angry,True,True,False,0.91191536,0.0038792784,0.0022424192,0.0015262048,1.1698966e-06,7.773609e-05,0.080357835
71,inesco,fcim,fcim_a283.wav,Angry,359,Angry,Surprise,Angry,False,True,True,0.06875793,3.2762362e-06,0.0013885794,0.00043436082,1.2568837e-07,3.0014025e-05,0.9293858
72,inesco,fcim,fcim_a284.wav,Angry,263,Angry,Angry,Angry,True,True,False,0.96331733,5.8932354e-05,9.354045e-05,0.032165043,1.3150978e-07,3.6581325e-05,0.004328405
73,inesco,fcim,fcim_a285.wav,Angry,295,Angry,Happy,Happy,False,False,False,0.0397851,0.00013988686,0.0009947311,0.95016223,8.93416e-06,2.007797e-05,0.00888905
74,inesco,fcim,fcim_a286.wav,Angry,362,Angry,Surprise,Angry,False,True,True,0.020491382,2.5300276e-05,0.0002018104,0.008571934,3.8366114e-08,1.2701598e-06,0.9707083
75,inesco,fcim,fcim_a287.wav,Angry,186,Angry,Angry,Angry,True,True,False,0.9952803,8.108982e-09,8.896073e-06,0.004530877,2.3373918e-09,1.0939147e-08,0.00017986877
76,inesco,fcim,fcim_a288.wav,Angry,221,Angry,Angry,Angry,True,True,False,0.84820974,0.00024475763,0.12492769,0.008809999,7.5061213e-10,6.165904e-05,0.01774613
77,inesco,fcim,fcim_a289.wav,Angry,135,Angry,Angry,Angry,True,True,False,0.60859853,8.1797594e-07,0.38132805,0.0037688166,2.9028045e-06,1.0501227e-06,0.006299817
78,inesco,fcim,fcim_a290.wav,Angry,298,Angry,Surprise,Happy,False,False,True,0.00022032515,3.28933e-05,0.0011288805,0.008925711,1.4324372e-09,7.799436e-08,0.98969203
79,inesco,fcim,fcim_a291.wav,Angry,148,Angry,Happy,Happy,False,False,False,0.45970276,2.9539656e-08,0.00017535366,0.53820044,5.066565e-08,1.18110734e-07,0.0019212733
80,inesco,fcim,fcim_a292.wav,Angry,84,Angry,Angry,Angry,True,True,False,0.98337746,1.4778329e-06,0.0022297795,0.0033594253,2.92752e-07,9.3366275e-08,0.011031417
81,inesco,fcim,fcim_a293.wav,Angry,205,Angry,Angry,Angry,True,True,False,0.9966493,0.0002606361,8.733314e-05,0.0018861077,4.0222073e-08,0.00012692859,0.0009895578
82,inesco,fcim,fcim_a294.wav,Angry,372,Angry,Surprise,Angry,False,True,True,0.0010049541,5.186268e-08,0.00042863356,0.00021353489,6.452978e-11,2.7632568e-08,0.9983529
83,inesco,fcim,fcim_a295.wav,Angry,301,Angry,Surprise,Happy,False,False,True,0.02895053,8.303419e-06,0.0011734518,0.48128453,1.790407e-08,3.3853244e-08,0.4885831
84,inesco,fcim,fcim_a296.wav,Angry,154,Angry,Fear,Angry,False,True,True,0.3231655,1.2453019e-07,0.4510145,0.07820354,7.150019e-07,1.2792728e-07,0.14761543
85,inesco,fcim,fcim_a297.wav,Angry,77,Angry,Angry,Angry,True,True,False,0.9777939,5.817147e-07,0.014815906,0.0016562308,1.0770111e-06,1.3814571e-06,0.0057310313
86,inesco,fcim,fcim_a298.wav,Angry,161,Angry,Happy,Happy,False,False,False,0.07192044,1.4492755e-06,0.00023135605,0.91017413,3.6486955e-07,7.3859906e-07,0.017671559
87,inesco,fcim,fcim_a299.wav,Angry,269,Angry,Angry,Angry,True,True,False,0.9966864,0.00014907525,9.997411e-07,0.0029452173,2.845828e-08,2.8000713e-07,0.00021794475
88,inesco,fcim,fcim_a300.wav,Angry,401,Angry,Happy,Happy,False,False,False,0.00010719631,1.075539e-06,8.229967e-07,0.68004596,5.54308e-10,3.2263991e-10,0.31984496
89,inesco,fcim,fcim_a301.wav,Angry,225,Angry,Angry,Angry,True,True,False,0.38330638,4.1777806e-05,0.011554989,0.31519657,1.549691e-08,4.6887413e-07,0.2898998
90,inesco,fcim,fcim_a302.wav,Angry,359,Angry,Surprise,Happy,False,False,True,0.02904552,5.2333226e-06,0.009399527,0.08489707,6.374616e-09,1.4536723e-06,0.8766512
91,inesco,fcim,fcim_a303.wav,Angry,308,Angry,Surprise,Happy,False,False,True,0.03870785,1.2048282e-05,0.04315576,0.08758089,6.69856e-08,3.4193928e-07,0.8305431
92,inesco,fcim,fcim_a304.wav,Angry,132,Angry,Fear,Angry,False,True,True,0.039363194,2.7407493e-08,0.78477085,0.0034871518,3.3922323e-08,3.2287698e-08,0.1723787
93,inesco,fcim,fcim_a305.wav,Angry,311,Angry,Surprise,Happy,False,False,True,0.002995619,1.9987503e-06,0.0005743939,0.0033580412,1.2633941e-08,7.3779415e-07,0.9930693
94,inesco,fcim,fcim_a306.wav,Angry,314,Angry,Angry,Angry,True,True,False,0.9920501,2.682176e-07,0.0026631441,0.0051097954,4.7219874e-07,1.3418302e-06,0.00017485401
95,inesco,fcim,fcim_a307.wav,Angry,189,Angry,Angry,Angry,True,True,False,0.9993144,9.14316e-11,0.00016834402,3.0736093e-05,1.0034923e-10,3.6163226e-09,0.0004864998
96,inesco,fcim,fcim_a308.wav,Angry,337,Angry,Surprise,Angry,False,True,True,0.43903705,8.1132505e-08,0.03257391,0.011083003,3.3701636e-10,5.7367225e-07,0.51730543
97,inesco,fcim,fcim_a309.wav,Angry,58,Angry,Surprise,Angry,False,True,True,0.024219532,2.6731993e-06,0.09880275,0.0018183251,1.1014577e-08,1.0045704e-06,0.8751557
98,inesco,fcim,fcim_a310.wav,Angry,97,Angry,Angry,Angry,True,True,False,0.9883795,2.0000898e-06,0.009750714,0.00060228084,2.0606362e-07,2.6557118e-06,0.0012627353
99,inesco,fcim,fcim_a311.wav,Angry,97,Angry,Angry,Angry,True,True,False,0.5613231,2.646263e-07,0.15377265,0.15422592,2.0179098e-06,2.6300868e-06,0.13067341
100,inesco,fcim,fcim_a312.wav,Angry,193,Angry,Surprise,Happy,False,False,True,0.0013383559,3.5382275e-08,0.00036207016,0.0015252972,6.075141e-11,3.6023589e-09,0.99677426
101,inesco,fcim,fcim_a313.wav,Angry,193,Angry,Angry,Angry,True,True,False,0.9860823,5.1824993e-09,0.0068420004,0.002695777,1.0477021e-09,9.913667e-08,0.0043798676
102,inesco,fcim,fcim_a314.wav,Angry,244,Angry,Angry,Angry,True,True,False,0.99963725,1.8428409e-08,3.325771e-06,0.00032546654,9.418977e-12,5.7845058e-09,3.3948883e-05
103,inesco,fcim,fcim_a315.wav,Angry,298,Angry,Angry,Angry,True,True,False,0.7858095,2.4109246e-05,0.08151345,0.03689957,2.0389858e-07,7.6074016e-06,0.09574557
104,inesco,fcim,fcim_a316.wav,Angry,401,Angry,Happy,Happy,False,False,False,0.0031302078,3.448164e-07,0.00023248245,0.658369,2.233001e-08,5.867055e-06,0.33826208
105,inesco,fcim,fcim_a317.wav,Angry,365,Angry,Surprise,Happy,False,False,True,0.0001608549,8.504031e-06,0.04060751,0.27536723,4.9090936e-08,0.0001227413,0.6837331
106,inesco,fcim,fcim_a318.wav,Angry,247,Angry,Angry,Angry,True,True,False,0.88041663,8.8849276e-07,0.01519088,0.09850092,3.4334868e-09,7.957296e-06,0.0058827414
107,inesco,fcim,fcim_a319.wav,Angry,401,Angry,Happy,Happy,False,False,False,0.07737056,1.6089622e-06,0.00025141667,0.92106384,4.262726e-08,3.3994507e-05,0.0012784941
108,inesco,fcim,fcim_a320.wav,Angry,113,Angry,Angry,Angry,True,True,False,0.9955213,6.56464e-06,0.00034089788,0.0027298855,2.3436708e-07,1.4460213e-07,0.0014011159
109,inesco,fcim,fcim_a321.wav,Angry,68,Angry,Angry,Angry,True,True,False,0.97861975,3.2782213e-05,0.011571801,0.007887548,7.2861553e-06,4.2440985e-05,0.0018383686
110,inesco,fcim,fcim_a322.wav,Angry,58,Angry,Angry,Angry,True,True,False,0.5057442,9.488597e-06,0.0009229797,0.0020476908,5.527019e-07,2.8425884e-06,0.4912722
111,inesco,fcim,fcim_a323.wav,Angry,52,Angry,Angry,Angry,True,True,False,0.97988635,3.1660477e-06,0.0053041023,0.0011742073,4.3971436e-08,7.689021e-07,0.013631426
112,inesco,fcim,fcim_a324.wav,Angry,154,Angry,Angry,Angry,True,True,False,0.92056066,6.605769e-07,0.007090793,0.0534718,2.8695001e-06,2.5018728e-06,0.018870672
113,inesco,fcim,fcim_a325.wav,Angry,145,Angry,Angry,Angry,True,True,False,0.8966923,1.1341581e-05,0.004504507,0.09700806,2.2314556e-07,2.3988157e-05,0.0017596174
114,inesco,fcim,fcim_a326.wav,Angry,215,Angry,Angry,Angry,True,True,False,0.9832601,6.866467e-07,0.0046244883,0.008174198,1.9390131e-06,6.5301365e-06,0.0039320537
115,inesco,fcim,fcim_a327.wav,Angry,241,Angry,Angry,Angry,True,True,False,0.6468551,1.3255242e-05,4.5492125e-06,0.07153778,5.8994795e-11,2.4360223e-09,0.2815893
116,inesco,fcim,fcim_a328.wav,Angry,202,Angry,Happy,Happy,False,False,False,0.0004286927,7.050346e-08,0.00019991875,0.9917086,7.643242e-09,1.4156778e-07,0.0076625547
117,inesco,fcim,fcim_a329.wav,Angry,180,Angry,Angry,Angry,True,True,False,0.99223936,1.1530689e-06,0.0001322106,0.007440223,3.6680234e-07,1.1018221e-06,0.00018551707
118,inesco,fcim,fcim_a330.wav,Angry,97,Angry,Fear,Angry,False,True,True,0.32880372,6.330799e-07,0.45817605,0.20936938,4.1157655e-06,2.1125193e-06,0.003644027
119,inesco,fcim,fcim_a331.wav,Angry,183,Angry,Angry,Angry,True,True,False,0.6269249,2.1182686e-05,0.004657122,0.031938344,3.1049944e-07,6.663293e-06,0.3364516
120,inesco,fcim,fcim_a333.wav,Angry,84,Angry,Fear,Angry,False,True,True,0.21775436,1.9362997e-06,0.5253597,0.031029481,2.0818334e-07,9.682897e-07,0.22585335
121,inesco,fcim,fcim_a334.wav,Angry,180,Angry,Happy,Happy,False,False,False,0.006250309,8.241329e-08,0.057373073,0.934032,6.5738976e-07,2.5663767e-05,0.0023182032
122,inesco,fcim,fcim_a335.wav,Angry,180,Angry,Angry,Angry,True,True,False,0.94906735,2.1400934e-05,3.982745e-06,0.050713018,2.0260112e-08,1.5452849e-06,0.000192717
123,inesco,fcim,fcim_a336.wav,Angry,186,Angry,Angry,Angry,True,True,False,0.8335746,2.2725208e-08,0.0019756071,0.16437273,6.736835e-08,2.3889848e-07,7.685344e-05
124,inesco,fcim,fcim_a337.wav,Angry,199,Angry,Angry,Angry,True,True,False,0.98986304,7.611726e-08,0.0040260814,0.006075283,3.852802e-08,2.325928e-06,3.3182005e-05
125,inesco,fcim,fcim_a338.wav,Angry,173,Angry,Angry,Angry,True,True,False,0.93687516,5.4806806e-06,1.36872895e-05,0.062961176,2.7215663e-06,1.0406576e-05,0.00013135358
126,inesco,fcim,fcim_a339.wav,Angry,260,Angry,Angry,Angry,True,True,False,0.95904285,0.0077242325,0.0005282357,0.023920989,8.242456e-10,0.0080340495,0.00074959063
127,inesco,fcim,fcim_a340.wav,Angry,93,Angry,Angry,Angry,True,True,False,0.9971506,7.6120887e-07,0.0021133001,0.00050127204,5.549665e-07,1.7539874e-07,0.00023338599
128,inesco,fcim,fcim_a341.wav,Angry,266,Angry,Fear,Sad,False,False,True,0.0037886067,1.3742422e-07,0.9824767,0.00061213155,2.0178899e-10,0.0042474126,0.008874956
129,inesco,fcim,fcim_a342.wav,Angry,209,Angry,Surprise,Happy,False,False,True,0.00026132952,1.1107071e-09,0.21774651,0.026563536,4.03874e-12,4.863404e-09,0.7554286
130,inesco,fcim,fcim_a343.wav,Angry,183,Angry,Fear,Happy,False,False,True,0.002550926,9.169501e-08,0.96781623,0.029362576,8.1621016e-07,8.9134315e-05,0.0001802396
131,inesco,fcim,fcim_a344.wav,Angry,183,Angry,Angry,Angry,True,True,False,0.95429444,8.570508e-08,0.021876263,0.0034572538,3.2460548e-09,9.3880296e-08,0.020371826
132,inesco,fcim,fcim_a345.wav,Angry,202,Angry,Happy,Happy,False,False,False,0.3026064,1.900395e-05,5.833588e-05,0.69468766,2.730872e-07,1.1156444e-06,0.0026271774
133,inesco,fcim,fcim_a346.wav,Angry,289,Angry,Angry,Angry,True,True,False,0.9990735,7.524289e-07,5.5416567e-06,1.7032536e-06,3.112448e-09,2.3060836e-07,0.000918292
134,inesco,fcim,fcim_a347.wav,Angry,209,Angry,Fear,Angry,False,True,True,0.23105066,8.168784e-08,0.619154,0.13058335,3.3340124e-09,3.5310152e-06,0.019208403
135,inesco,fcim,fcim_a348.wav,Angry,106,Angry,Angry,Angry,True,True,False,0.9581137,2.3873692e-06,0.023120256,0.00013559962,3.3757817e-07,2.5998688e-06,0.018625109
136,inesco,fcim,fcim_a349.wav,Angry,253,Angry,Happy,Happy,False,False,False,0.010086396,5.574302e-08,0.000106628046,0.9897843,6.014421e-11,2.1999294e-06,2.0279547e-05
137,inesco,fcim,fcim_a350.wav,Angry,401,Angry,Happy,Happy,False,False,False,0.013926265,3.7674982e-07,2.9648098e-07,0.7185911,6.0411085e-09,9.9699315e-09,0.267482
138,inesco,fcim,fcim_a351.wav,Angry,257,Angry,Angry,Angry,True,True,False,0.9860576,8.060782e-06,0.0028837747,0.006590766,1.9408829e-07,2.2599803e-05,0.004436916
139,inesco,fcim,fcim_a352.wav,Angry,109,Angry,Angry,Angry,True,True,False,0.6343781,4.1810895e-06,0.36000425,0.004468463,3.3919492e-05,8.164225e-05,0.0010294316
140,inesco,fcim,fcim_a353.wav,Angry,253,Angry,Surprise,Angry,False,True,True,0.030371066,0.00012670874,0.10095525,0.01060927,5.686709e-09,3.8699818e-05,0.857899
141,inesco,fcim,fcim_a354.wav,Angry,314,Angry,Surprise,Happy,False,False,True,0.006813674,5.83836e-05,0.015978333,0.009201742,4.839005e-08,3.7719456e-05,0.9679101
142,inesco,fcim,fcim_a355.wav,Angry,247,Angry,Surprise,Angry,False,True,True,0.0005699955,0.00026874634,3.8195554e-05,3.8074463e-06,2.0028252e-12,3.5320916e-08,0.9991192
143,inesco,fcim,fcim_a356.wav,Angry,324,Angry,Angry,Angry,True,True,False,0.91152245,1.7851761e-06,0.0013497964,5.7742516e-05,2.9764882e-09,1.9513689e-06,0.08706638
144,inesco,fcim,fcim_a357.wav,Angry,199,Angry,Angry,Angry,True,True,False,0.9850696,3.4727438e-07,0.0050561037,0.009856206,1.8420183e-06,1.1540502e-05,4.3119594e-06
145,inesco,fcim,fcim_a358.wav,Angry,135,Angry,Angry,Angry,True,True,False,0.9810775,3.6701651e-06,4.463908e-05,0.00022575595,5.891507e-08,1.221024e-06,0.018647216
146,inesco,fcim,fcim_a359.wav,Angry,218,Angry,Angry,Angry,True,True,False,0.9991761,1.4222907e-06,2.5086817e-06,0.00073362095,1.0021184e-09,5.6582017e-08,8.6344e-05
147,inesco,fcim,fcim_a360.wav,Angry,93,Angry,Fear,Happy,False,False,True,0.0014791007,1.2165972e-07,0.80553514,0.06604568,1.7239842e-07,3.0816577e-07,0.12693948
148,inesco,fcim,fcim_a361.wav,Angry,145,Angry,Surprise,Angry,False,True,True,0.012713547,8.347527e-09,0.2163009,0.002586463,1.2618911e-11,2.3653506e-08,0.76839906
149,inesco,fcim,fcim_a362.wav,Angry,81,Angry,Angry,Angry,True,True,False,0.9173187,1.3836785e-06,0.0021613322,0.0023488551,1.4902014e-07,1.4368591e-06,0.07816812
150,inesco,fcim,fcim_a363.wav,Angry,138,Angry,Angry,Angry,True,True,False,0.99535406,2.235654e-08,0.0008399878,0.001871984,1.0383339e-08,5.874666e-09,0.0019339405
151,inesco,fcim,fcim_a364.wav,Angry,151,Angry,Happy,Happy,False,False,False,0.08056791,3.676726e-08,0.0006872149,0.8699211,4.524467e-09,2.902283e-09,0.048823774
152,inesco,fcim,fcim_a365.wav,Angry,141,Angry,Angry,Angry,True,True,False,0.9998729,2.3167206e-09,2.4152308e-07,0.00012326604,2.056328e-10,1.9706985e-10,3.5882265e-06
153,inesco,fcim,fcim_a366.wav,Angry,186,Angry,Angry,Angry,True,True,False,0.9988637,1.2550271e-08,1.4777769e-06,0.0011340509,3.8592243e-10,7.583054e-09,7.793183e-07
154,inesco,fcim,fcim_a367.wav,Angry,68,Angry,Angry,Angry,True,True,False,0.9361993,3.2539424e-06,0.051115636,0.0029597534,2.6438677e-06,9.846818e-07,0.009718347
155,inesco,fcim,fcim_a368.wav,Angry,129,Angry,Angry,Angry,True,True,False,0.93588877,8.1221896e-07,0.0013681175,0.028302459,1.5041444e-07,4.684625e-07,0.034439232
156,inesco,fcim,fcim_a369.wav,Angry,145,Angry,Angry,Angry,True,True,False,0.9624497,6.263358e-07,9.2238006e-05,0.036732182,3.8395848e-07,4.030848e-07,0.000724421
157,inesco,fcim,fcim_a370.wav,Angry,151,Angry,Happy,Happy,False,False,False,0.06074519,3.2008316e-07,0.04081616,0.8702548,6.43963e-07,4.1669177e-06,0.028178833
158,inesco,fcim,fcim_a371.wav,Angry,145,Angry,Fear,Happy,False,False,True,2.433025e-05,1.1793057e-08,0.99570775,0.00025891478,1.9312025e-09,2.4746413e-07,0.004008787
159,inesco,fcim,fcim_a372.wav,Angry,157,Angry,Angry,Angry,True,True,False,0.9526688,8.4058314e-08,8.9088244e-05,0.046325423,1.3739383e-07,2.5573593e-07,0.0009162053
160,inesco,fcim,fcim_a373.wav,Angry,189,Angry,Angry,Angry,True,True,False,0.9842455,4.0845816e-08,0.00080142036,0.0035950153,1.5379301e-08,1.9018341e-06,0.011356265
161,inesco,fcim,fcim_a374.wav,Angry,77,Angry,Angry,Angry,True,True,False,0.9945492,2.238015e-06,0.00015940056,0.00013258168,1.43803e-06,1.807577e-06,0.005153211
162,inesco,fcim,fcim_a375.wav,Angry,244,Angry,Surprise,Happy,False,False,True,0.00044833895,1.6009963e-05,0.0001865938,0.008562352,5.260667e-10,8.050537e-06,0.9907787
163,inesco,fcim,fcim_a376.wav,Angry,52,Angry,Angry,Angry,True,True,False,0.98257196,6.8966875e-07,0.015852531,0.0012553342,1.2803858e-07,5.0049093e-06,0.00031433243
164,inesco,fcim,fcim_a377.wav,Angry,74,Angry,Angry,Angry,True,True,False,0.96317554,4.8697048e-06,0.00959863,0.020518977,1.6041485e-06,5.522183e-06,0.0066948356
165,inesco,fcim,fcim_a378.wav,Angry,116,Angry,Angry,Angry,True,True,False,0.7259624,4.189983e-07,0.08003052,0.008081633,3.1995768e-07,3.119277e-07,0.18592435
166,inesco,fcim,fcim_a379.wav,Angry,154,Angry,Angry,Angry,True,True,False,0.96436435,8.0457846e-07,0.009675406,0.0022546097,8.6825755e-09,3.9534434e-08,0.023704877
167,inesco,fcim,fcim_a380.wav,Angry,260,Angry,Angry,Angry,True,True,False,0.74876124,0.0016073838,0.0032545847,0.0006403801,9.1755226e-08,0.00021053587,0.24552575
168,inesco,fcim,fcim_a381.wav,Angry,186,Angry,Happy,Happy,False,False,False,0.2940962,3.888461e-06,0.0001174921,0.70103836,2.683739e-07,7.9789345e-07,0.004743035
169,inesco,fcim,fcim_a382.wav,Angry,132,Angry,Surprise,Happy,False,False,True,3.1374653e-05,8.3023075e-08,0.24484783,0.049119167,4.16631e-08,2.9177895e-07,0.70600116
170,inesco,fcim,fcim_a383.wav,Angry,97,Angry,Fear,Angry,False,True,True,4.9112652e-05,8.577169e-07,0.9967366,1.8803144e-05,4.2572785e-07,9.78015e-06,0.003184361
171,inesco,fcim,fcim_a384.wav,Angry,116,Angry,Angry,Angry,True,True,False,0.6164416,7.1221493e-06,0.00088998995,0.00387921,1.9884027e-08,2.0741575e-07,0.3787818
172,inesco,fcim,fcim_a385.wav,Angry,109,Angry,Angry,Angry,True,True,False,0.8468661,5.1709576e-06,0.016493188,0.012796122,0.0002691781,9.940844e-06,0.12356044
173,inesco,fcim,fcim_a386.wav,Angry,109,Angry,Surprise,Angry,False,True,True,0.05708939,2.5625684e-05,0.28496754,0.0456946,1.9822617e-06,9.989668e-05,0.6121209
174,inesco,fcim,fcim_a387.wav,Angry,353,Angry,Surprise,Happy,False,False,True,3.5034745e-06,1.1853441e-08,4.1280964e-05,0.0017647746,7.170288e-13,6.6476304e-09,0.99819046
175,inesco,fcim,fcim_a388.wav,Angry,58,Angry,Angry,Angry,True,True,False,0.9919378,1.7050288e-05,0.006378347,0.0005909099,1.8669934e-06,1.1610847e-06,0.0010727998
176,inesco,fcim,fcim_a389.wav,Angry,93,Angry,Angry,Angry,True,True,False,0.9655387,1.1304976e-06,0.0019741764,0.0073158233,6.111165e-07,6.258522e-07,0.025168827
177,inesco,fcim,fcim_a390.wav,Angry,65,Angry,Angry,Angry,True,True,False,0.9699681,7.2633284e-06,0.025899915,0.0014767632,2.215712e-06,0.00058062456,0.0020650856
178,inesco,fcim,fcim_a391.wav,Angry,55,Angry,Angry,Angry,True,True,False,0.97731143,3.6852456e-05,0.0020208594,0.0017288902,7.0884255e-07,3.2642706e-07,0.018901063
179,inesco,fcim,fcim_a392.wav,Angry,39,Angry,Angry,Angry,True,True,False,0.9856235,4.408722e-06,0.0081463,0.00078587455,5.254572e-07,2.4170824e-06,0.0054369923
180,inesco,fcim,fcim_a393.wav,Angry,125,Angry,Angry,Angry,True,True,False,0.9817376,4.3709863e-07,0.0027260657,0.00044235418,1.0927283e-08,1.7261243e-08,0.015093537
181,inesco,fcim,fcim_a394.wav,Angry,129,Angry,Surprise,Angry,False,True,True,0.4010542,1.0087608e-05,0.0021939082,0.012390352,2.0089651e-07,1.2132462e-07,0.584351
182,inesco,fcim,fcim_a395.wav,Angry,164,Angry,Angry,Angry,True,True,False,0.90053123,5.0884736e-08,6.803545e-05,0.021619763,5.5915855e-10,1.286643e-09,0.07778093
183,inesco,fcim,fcim_a396.wav,Angry,218,Angry,Angry,Angry,True,True,False,0.8621499,0.00012603994,0.11939945,0.013588159,1.5740845e-06,0.0012668805,0.0034681044
184,inesco,fcim,fcim_a397.wav,Angry,52,Angry,Angry,Angry,True,True,False,0.9992417,4.7543563e-06,0.00025899775,0.00010910708,1.0201053e-07,1.1116222e-07,0.000385273
185,inesco,fcim,fcim_a398.wav,Angry,68,Angry,Angry,Angry,True,True,False,0.5499549,7.1975555e-05,0.3810529,0.01905418,1.7435068e-05,3.594838e-05,0.049812596
186,inesco,fcim,fcim_a399.wav,Angry,346,Angry,Angry,Angry,True,True,False,0.5838985,6.378378e-07,0.0070509966,0.20934007,5.6615586e-06,9.216227e-06,0.19969498
187,inesco,fcim,fcim_a400.wav,Angry,301,Angry,Angry,Angry,True,True,False,0.850098,0.000103698665,0.020134173,0.014413813,5.5682154e-08,0.013449027,0.10180125
188,inesco,fcim,fcim_a401.wav,Angry,215,Angry,Angry,Angry,True,True,False,0.92662674,1.39377935e-05,0.0050669233,0.03128111,3.5724653e-08,2.6202677e-06,0.037008695
189,inesco,fcim,fcim_h001.wav,Happy,199,Happy,Surprise,Happy,False,True,True,0.0012995946,2.7136292e-07,0.0007864423,0.051353384,3.1812416e-08,1.311296e-07,0.94656026
190,inesco,fcim,fcim_h002.wav,Happy,113,Happy,Fear,Angry,False,False,True,0.22954373,6.245408e-06,0.62726843,0.006434383,2.3805059e-07,9.183026e-08,0.13674685
191,inesco,fcim,fcim_h003.wav,Happy,228,Happy,Fear,Happy,False,True,True,0.00015732604,1.7222774e-07,0.5119972,0.25150186,6.246444e-10,4.529091e-06,0.23633885
192,inesco,fcim,fcim_h004.wav,Happy,81,Happy,Fear,Angry,False,False,True,0.40332985,2.204867e-05,0.5871841,0.0020523174,1.2403241e-07,7.887687e-06,0.007403656
193,inesco,fcim,fcim_h005.wav,Happy,135,Happy,Surprise,Happy,False,True,True,9.4926116e-05,1.7407501e-07,8.868218e-05,0.0012634163,2.3950442e-10,4.5122288e-08,0.99855274
194,inesco,fcim,fcim_h006.wav,Happy,196,Happy,Fear,Sad,False,False,True,2.43655e-05,0.0043539302,0.8566177,0.0016202959,7.232172e-05,0.0670737,0.070237756
195,inesco,fcim,fcim_h007.wav,Happy,125,Happy,Angry,Angry,False,False,False,0.7982485,0.00050515006,0.0038170826,0.0044798995,1.9733357e-06,0.00013106433,0.19281624
196,inesco,fcim,fcim_h008.wav,Happy,266,Happy,Angry,Angry,False,False,False,0.8882877,0.005907533,0.041515984,0.039287224,5.973613e-07,3.3911656e-05,0.024967015
197,inesco,fcim,fcim_h009.wav,Happy,173,Happy,Fear,Happy,False,True,True,2.7530761e-05,1.4096419e-07,0.8952044,0.0019815315,1.4000833e-08,5.559937e-08,0.102786295
198,inesco,fcim,fcim_h010.wav,Happy,244,Happy,Angry,Angry,False,False,False,0.7676057,0.051507656,0.002408146,0.008210943,0.00015059233,0.00018788582,0.1699291
199,inesco,fcim,fcim_h011.wav,Happy,167,Happy,Angry,Angry,False,False,False,0.94163424,6.261139e-08,0.042401858,0.013764949,2.506405e-07,1.318467e-07,0.0021984086
200,inesco,fcim,fcim_h012.wav,Happy,253,Happy,Angry,Angry,False,False,False,0.9905523,0.006461448,6.542094e-05,0.0008289822,5.2142425e-08,7.1299386e-05,0.0020205134
201,inesco,fcim,fcim_h013.wav,Happy,311,Happy,Surprise,Happy,False,True,True,6.558872e-08,4.4573564e-08,0.00030016512,0.0017598565,6.069127e-11,3.071456e-08,0.9979399
202,inesco,fcim,fcim_h014.wav,Happy,340,Happy,Surprise,Happy,False,True,True,0.0019159341,8.865165e-06,0.0025705702,0.039722987,8.3458167e-07,1.4785353e-06,0.9557794
203,inesco,fcim,fcim_h015.wav,Happy,157,Happy,Surprise,Happy,False,True,True,5.0449955e-07,8.196976e-11,3.9444294e-06,1.875465e-05,6.345389e-15,8.892572e-12,0.99997675
204,inesco,fcim,fcim_h016.wav,Happy,193,Happy,Happy,Happy,True,True,False,0.29892126,2.3746393e-06,0.00043186193,0.3992328,4.573759e-08,5.079428e-06,0.30140662
205,inesco,fcim,fcim_h017.wav,Happy,228,Happy,Fear,Angry,False,False,True,0.0004881501,1.0709198e-07,0.8138591,9.7362805e-05,8.872911e-12,5.4143544e-07,0.18555464
206,inesco,fcim,fcim_h018.wav,Happy,324,Happy,Angry,Angry,False,False,False,0.52586156,0.00020352952,2.5926647e-06,0.00069482403,4.579756e-09,6.2171512e-09,0.4732375
207,inesco,fcim,fcim_h019.wav,Happy,234,Happy,Surprise,Happy,False,True,True,0.0023488193,0.0012606909,0.016703472,0.0039006288,6.851544e-08,7.644756e-06,0.97577876
208,inesco,fcim,fcim_h020.wav,Happy,247,Happy,Surprise,Happy,False,True,True,0.0011702043,4.535603e-07,0.2818058,0.0385648,7.7182115e-11,1.7175252e-06,0.6784571
209,inesco,fcim,fcim_h021.wav,Happy,365,Happy,Surprise,Angry,False,False,True,0.0018999598,5.1065907e-08,0.008323182,0.0009963654,6.769589e-11,1.770637e-08,0.9887805
210,inesco,fcim,fcim_h022.wav,Happy,279,Happy,Angry,Angry,False,False,False,0.58809084,0.017488278,0.000588125,0.01693648,2.2160218e-06,7.1108785e-05,0.37682298
211,inesco,fcim,fcim_h023.wav,Happy,205,Happy,Happy,Happy,True,True,False,0.08536247,1.2652188e-05,0.0020548736,0.88807845,2.1215138e-07,5.158505e-06,0.02448614
212,inesco,fcim,fcim_h024.wav,Happy,167,Happy,Surprise,Happy,False,True,True,1.9434647e-07,1.6878108e-11,0.0006246922,0.000526031,1.1666342e-13,5.6216972e-11,0.99884903
213,inesco,fcim,fcim_h025.wav,Happy,183,Happy,Angry,Angry,False,False,False,0.65577984,1.0041911e-07,0.00039819707,0.33079138,1.3358705e-08,6.810913e-07,0.013029761
214,inesco,fcim,fcim_h026.wav,Happy,308,Happy,Surprise,Happy,False,True,True,0.00018724872,2.2713462e-07,0.015577668,0.054212607,2.2104705e-09,2.888647e-07,0.93002194
215,inesco,fcim,fcim_h027.wav,Happy,231,Happy,Surprise,Happy,False,True,True,2.3527944e-05,0.00021263887,0.0023302543,0.0049984087,6.940095e-07,2.5532756e-06,0.992432
216,inesco,fcim,fcim_h028.wav,Happy,193,Happy,Surprise,Happy,False,True,True,1.0440141e-05,1.3897132e-10,0.022936465,0.012072573,2.6086623e-13,2.5373543e-09,0.9649805
217,inesco,fcim,fcim_h029.wav,Happy,321,Happy,Surprise,Happy,False,True,True,0.0070103225,5.9607796e-06,0.00031045833,0.33700305,1.2530145e-09,2.1256105e-06,0.6556681
218,inesco,fcim,fcim_h030.wav,Happy,250,Happy,Surprise,Angry,False,False,True,0.3208543,0.26288638,1.5139791e-05,0.0015361478,1.269584e-05,2.4181369e-05,0.41467112
219,inesco,fcim,fcim_h031.wav,Happy,401,Happy,Happy,Happy,True,True,False,0.016820341,6.3676785e-06,0.00052151905,0.89972043,2.988149e-05,1.2326827e-06,0.082900286
220,inesco,fcim,fcim_h032.wav,Happy,269,Happy,Surprise,Happy,False,True,True,8.803472e-05,1.8137043e-05,4.6494412e-07,0.0040885326,1.2196134e-11,2.4745858e-10,0.99580485
221,inesco,fcim,fcim_h033.wav,Happy,212,Happy,Surprise,Happy,False,True,True,8.189187e-05,3.9846063e-07,0.0008224481,0.0014103787,1.5787182e-11,3.4893354e-08,0.99768484
222,inesco,fcim,fcim_h034.wav,Happy,231,Happy,Surprise,Happy,False,True,True,2.4624228e-06,2.3119912e-07,2.582134e-05,4.1161224e-05,4.4152517e-14,2.3992985e-11,0.99993026
223,inesco,fcim,fcim_h035.wav,Happy,337,Happy,Angry,Angry,False,False,False,0.9932285,6.028085e-05,0.000111237896,0.0005631677,4.3612887e-05,0.00019048889,0.0058027892
224,inesco,fcim,fcim_h036.wav,Happy,401,Happy,Happy,Happy,True,True,False,1.869679e-05,5.6019484e-08,0.00020999627,0.603739,2.5171074e-10,5.3514633e-09,0.39603215
225,inesco,fcim,fcim_h037.wav,Happy,292,Happy,Surprise,Happy,False,True,True,7.8024875e-09,6.190683e-08,0.0033153205,0.00023127599,1.3220452e-12,4.5517277e-07,0.9964528
226,inesco,fcim,fcim_h038.wav,Happy,401,Happy,Surprise,Happy,False,True,True,0.0014636103,3.5401283e-07,1.0278569e-06,0.24527335,9.706391e-12,1.5528308e-09,0.7532616
227,inesco,fcim,fcim_h039.wav,Happy,266,Happy,Surprise,Happy,False,True,True,2.9896202e-05,8.7659066e-07,0.00014721561,0.08871856,1.5116203e-11,7.0610087e-09,0.9111035
228,inesco,fcim,fcim_h040.wav,Happy,401,Happy,Surprise,Happy,False,True,True,0.00017421748,2.3009443e-07,0.00088981626,0.092540644,2.5120102e-09,4.6146374e-06,0.9063904
229,inesco,fcim,fcim_h041.wav,Happy,97,Happy,Fear,Happy,False,True,True,0.0014609945,4.2738777e-09,0.9553321,0.04087173,2.4495954e-09,4.5446473e-08,0.0023349868
230,inesco,fcim,fcim_h042.wav,Happy,228,Happy,Happy,Happy,True,True,False,6.4622436e-05,1.4697936e-06,0.0020028036,0.65847373,1.213581e-08,9.509459e-09,0.33945724
231,inesco,fcim,fcim_h043.wav,Happy,369,Happy,Surprise,Happy,False,True,True,1.600852e-05,2.3653292e-06,0.09476272,0.03313434,5.884567e-08,1.7917433e-06,0.8720827
232,inesco,fcim,fcim_h044.wav,Happy,365,Happy,Happy,Happy,True,True,False,0.04725096,3.4025175e-05,4.7538338e-06,0.5838014,1.0093257e-09,1.1719053e-07,0.3689088
233,inesco,fcim,fcim_h045.wav,Happy,231,Happy,Surprise,Happy,False,True,True,0.00014250232,3.3259334e-05,0.0133995265,0.009719094,1.9621428e-08,1.556477e-06,0.976704
234,inesco,fcim,fcim_h046.wav,Happy,205,Happy,Happy,Happy,True,True,False,0.4039584,9.4118e-06,0.00019113903,0.58696496,3.8726203e-06,3.0520556e-07,0.008871844
235,inesco,fcim,fcim_h047.wav,Happy,241,Happy,Surprise,Angry,False,False,True,0.27356914,3.7833935e-05,0.03974882,0.19443151,8.930286e-08,0.00010102114,0.49211153
236,inesco,fcim,fcim_h048.wav,Happy,225,Happy,Surprise,Angry,False,False,True,0.111728095,0.00063134683,0.00060102285,0.026302481,5.4289617e-09,2.238863e-08,0.860737
237,inesco,fcim,fcim_h049.wav,Happy,193,Happy,Angry,Angry,False,False,False,0.8321848,2.6065114e-05,0.0007473359,0.12596494,2.537681e-05,2.348991e-05,0.04102797
238,inesco,fcim,fcim_h050.wav,Happy,138,Happy,Surprise,Happy,False,True,True,4.426253e-07,2.149672e-10,0.0020034732,0.046754617,5.9082225e-11,4.5288787e-10,0.9512415
239,inesco,fcim,fcim_h051.wav,Happy,401,Happy,Surprise,Angry,False,False,True,0.0034007526,6.634137e-07,0.00024733532,0.0007655339,2.7339522e-07,9.103051e-06,0.9955764
240,inesco,fcim,fcim_h052.wav,Happy,401,Happy,Surprise,Happy,False,True,True,0.000516683,2.3334633e-06,2.2393762e-05,0.0029526886,6.510032e-11,1.472094e-08,0.996506
241,inesco,fcim,fcim_h053.wav,Happy,401,Happy,Surprise,Happy,False,True,True,0.29312792,7.5354736e-05,0.0002890774,0.32644165,8.713652e-05,3.854229e-06,0.37997493
242,inesco,fcim,fcim_h054.wav,Happy,369,Happy,Surprise,Happy,False,True,True,1.999878e-06,8.2319196e-10,2.6184078e-05,0.0073831044,3.6914105e-12,7.534694e-10,0.99258864
243,inesco,fcim,fcim_h055.wav,Happy,401,Happy,Surprise,Angry,False,False,True,0.016210152,1.3730761e-05,0.00010396018,0.003949087,1.9999974e-10,1.0096784e-07,0.9797229
244,inesco,fcim,fcim_h056.wav,Happy,321,Happy,Surprise,Angry,False,False,True,0.015289726,3.276173e-08,0.00086043635,0.0022538123,2.2035304e-10,2.2570749e-08,0.98159593
245,inesco,fcim,fcim_h057.wav,Happy,269,Happy,Surprise,Happy,False,True,True,0.0019544223,4.5157376e-05,0.0066140406,0.092057705,1.20031955e-05,2.078108e-05,0.8992959
246,inesco,fcim,fcim_h058.wav,Happy,362,Happy,Surprise,Angry,False,False,True,0.0078022713,1.5342628e-05,0.04911458,0.0013098302,1.7363122e-07,0.00028671938,0.9414711
247,inesco,fcim,fcim_h059.wav,Happy,241,Happy,Surprise,Angry,False,False,True,0.0031545693,1.4054538e-05,0.029303422,8.359242e-05,3.7146175e-10,1.7136887e-05,0.96742713
248,inesco,fcim,fcim_h060.wav,Happy,343,Happy,Surprise,Happy,False,True,True,0.047426667,0.00037744537,0.0030940764,0.05930562,1.8125784e-06,5.433811e-05,0.88974005
249,inesco,fcim,fcim_h061.wav,Happy,141,Happy,Fear,Happy,False,True,True,0.003798151,0.0001444972,0.94395757,0.004191757,7.752921e-05,0.0009934845,0.04683701
250,inesco,fcim,fcim_h062.wav,Happy,266,Happy,Surprise,Happy,False,True,True,0.0052512344,2.9704514e-05,0.0012973129,0.027118037,1.323534e-08,2.764734e-08,0.9663037
251,inesco,fcim,fcim_h063.wav,Happy,266,Happy,Angry,Angry,False,False,False,0.851312,0.00022923469,0.00022656878,0.002522734,1.1595112e-06,1.3864858e-06,0.1457069
252,inesco,fcim,fcim_h064.wav,Happy,250,Happy,Angry,Angry,False,False,False,0.3740554,0.0024504168,0.17766337,0.2159836,0.000112989524,0.0007858225,0.2289484
253,inesco,fcim,fcim_h065.wav,Happy,321,Happy,Surprise,Happy,False,True,True,0.0026746315,0.00016096914,0.11153855,0.2800369,2.3210203e-05,1.8198725e-05,0.6055475
254,inesco,fcim,fcim_h066.wav,Happy,279,Happy,Surprise,Angry,False,False,True,6.608543e-05,1.1880791e-07,6.975381e-05,4.8105878e-05,1.931405e-12,2.590634e-09,0.999816
255,inesco,fcim,fcim_h067.wav,Happy,401,Happy,Surprise,Happy,False,True,True,6.3314306e-05,5.589866e-07,0.0002875162,0.25314182,3.2265774e-08,6.806965e-07,0.74650604
256,inesco,fcim,fcim_h068.wav,Happy,340,Happy,Surprise,Happy,False,True,True,0.0012614105,1.2607393e-07,8.049921e-05,0.0014074151,9.283452e-09,1.13668195e-08,0.9972505
257,inesco,fcim,fcim_h069.wav,Happy,276,Happy,Surprise,Angry,False,False,True,0.16861759,0.00019379912,0.024276095,0.017979385,2.3880744e-08,2.5341782e-05,0.7889077
258,inesco,fcim,fcim_h070.wav,Happy,295,Happy,Surprise,Happy,False,True,True,0.047932174,1.3176661e-06,0.0106029995,0.17507604,1.3630504e-08,6.8963313e-06,0.7663805
259,inesco,fcim,fcim_h071.wav,Happy,289,Happy,Angry,Angry,False,False,False,0.42992085,6.3714115e-06,1.4425835e-05,0.31225088,2.483858e-08,1.856976e-09,0.25780743
260,inesco,fcim,fcim_h072.wav,Happy,237,Happy,Surprise,Happy,False,True,True,0.080733635,0.00020335946,0.016394788,0.21689427,4.3992463e-06,1.0659441e-05,0.68575895
261,inesco,fcim,fcim_h073.wav,Happy,122,Happy,Fear,Angry,False,False,True,0.07010242,5.0994657e-08,0.92760915,0.0020864736,2.0581817e-07,7.5443686e-06,0.00019407293
262,inesco,fcim,fcim_h074.wav,Happy,257,Happy,Angry,Angry,False,False,False,0.7006031,3.7197216e-05,0.014971514,0.24762096,1.1267417e-07,0.000118642914,0.036648482
263,inesco,fcim,fcim_h075.wav,Happy,205,Happy,Fear,Happy,False,True,True,0.0023653572,5.1406487e-06,0.68193823,0.08089303,4.6244222e-07,7.925047e-06,0.23478985
264,inesco,fcim,fcim_h076.wav,Happy,225,Happy,Angry,Angry,False,False,False,0.9980046,1.9115161e-05,2.3554714e-05,0.0019388351,4.494381e-08,1.8660404e-06,1.1896069e-05
265,inesco,fcim,fcim_h077.wav,Happy,237,Happy,Surprise,Happy,False,True,True,0.00013616901,1.990252e-06,0.008894443,0.00841262,4.6975277e-08,3.2306812e-05,0.9825225
266,inesco,fcim,fcim_h078.wav,Happy,221,Happy,Surprise,Happy,False,True,True,0.0039872364,1.4369303e-05,0.33052596,0.067282,1.9125248e-09,1.7175887e-07,0.59819025
267,inesco,fcim,fcim_h079.wav,Happy,401,Happy,Surprise,Angry,False,False,True,0.16637854,0.005215781,8.857501e-05,0.14657056,1.6132636e-06,4.794511e-06,0.6817401
268,inesco,fcim,fcim_h080.wav,Happy,349,Happy,Surprise,Happy,False,True,True,0.0024359415,1.2192728e-05,0.065464824,0.02265957,4.4489987e-08,1.7729388e-05,0.9094097
269,inesco,fcim,fcim_h081.wav,Happy,285,Happy,Surprise,Happy,False,True,True,0.0036722939,0.00027641366,0.00022952736,0.18716747,1.0987239e-07,2.1345613e-06,0.80865204
270,inesco,fcim,fcim_h082.wav,Happy,401,Happy,Happy,Happy,True,True,False,9.166321e-05,5.285664e-08,0.00017781752,0.73481226,4.0216622e-10,9.340007e-09,0.26491818
271,inesco,fcim,fcim_h083.wav,Happy,394,Happy,Surprise,Happy,False,True,True,0.00011427404,3.6598027e-05,0.0013140306,0.4967762,4.203197e-07,1.4411919e-06,0.501757
272,inesco,fcim,fcim_h084.wav,Happy,215,Happy,Surprise,Happy,False,True,True,7.2258445e-07,1.1706544e-08,7.616881e-05,2.1483153e-05,2.1101398e-12,1.6099813e-10,0.99990165
273,inesco,fcim,fcim_h085.wav,Happy,311,Happy,Surprise,Angry,False,False,True,0.0395318,1.1939572e-06,1.6494769e-06,0.0044920123,2.0492742e-10,1.9974256e-09,0.9559734
274,inesco,fcim,fcim_h086.wav,Happy,221,Happy,Angry,Angry,False,False,False,0.62585,0.016457604,0.019155364,0.0009069896,9.521345e-07,0.0002269842,0.3374021
275,inesco,fcim,fcim_h087.wav,Happy,237,Happy,Surprise,Happy,False,True,True,0.00025162168,1.834866e-05,0.015822884,0.0031591475,8.720979e-08,5.09903e-06,0.9807428
276,inesco,fcim,fcim_h088.wav,Happy,247,Happy,Surprise,Angry,False,False,True,0.36502126,0.002430949,0.0057818727,8.977273e-06,5.313998e-11,2.3695684e-06,0.6267545
277,inesco,fcim,fcim_h089.wav,Happy,401,Happy,Happy,Happy,True,True,False,0.14428541,5.7966427e-05,6.8083486e-05,0.784618,2.3463118e-09,5.103126e-08,0.07097044
278,inesco,fcim,fcim_h090.wav,Happy,145,Happy,Fear,Happy,False,True,True,0.0011282258,2.6354047e-07,0.982323,0.003587918,1.1117692e-06,8.795405e-05,0.012871598
279,inesco,fcim,fcim_h091.wav,Happy,327,Happy,Surprise,Happy,False,True,True,0.0001540467,3.6558692e-06,0.018703356,0.0016105344,1.0320411e-10,3.1166937e-06,0.9795252
280,inesco,fcim,fcim_h092.wav,Happy,199,Happy,Happy,Happy,True,True,False,0.0005364274,1.6574274e-08,0.022191407,0.6562632,9.358934e-08,2.8008767e-08,0.32100886
281,inesco,fcim,fcim_h093.wav,Happy,273,Happy,Angry,Angry,False,False,False,0.92206126,7.04536e-06,0.00038585142,0.0057891333,1.0522949e-06,1.4165869e-07,0.07175555
282,inesco,fcim,fcim_h094.wav,Happy,369,Happy,Happy,Happy,True,True,False,0.2829083,0.00024230941,9.84822e-05,0.625652,5.552609e-05,2.4439075e-06,0.09104098
283,inesco,fcim,fcim_h095.wav,Happy,253,Happy,Surprise,Happy,False,True,True,7.4088007e-06,7.282264e-09,3.809186e-05,0.0028138612,5.8069266e-12,2.4448643e-10,0.99714065
284,inesco,fcim,fcim_h096.wav,Happy,228,Happy,Surprise,Happy,False,True,True,0.0008799344,2.0438161e-05,0.14797656,0.09002535,7.402758e-07,0.00027735406,0.7608197
285,inesco,fcim,fcim_h097.wav,Happy,202,Happy,Happy,Happy,True,True,False,0.29341483,6.562737e-08,0.09006358,0.6089192,1.1703289e-08,2.757038e-05,0.0075747147
286,inesco,fcim,fcim_h098.wav,Happy,401,Happy,Surprise,Happy,False,True,True,0.005370143,1.660512e-05,0.0008290573,0.1792767,6.5217336e-07,0.00016950908,0.81433725
287,inesco,fcim,fcim_h099.wav,Happy,109,Happy,Fear,Happy,False,True,True,1.9593437e-05,9.052727e-09,0.5461241,0.000687422,1.0051393e-11,6.910403e-08,0.45316878
288,inesco,fcim,fcim_h100.wav,Happy,228,Happy,Surprise,Happy,False,True,True,0.00020542843,4.2061212e-05,0.0012002864,0.19442426,6.1796374e-07,6.706382e-08,0.80412734
289,inesco,fcim,fcim_h101.wav,Happy,205,Happy,Happy,Happy,True,True,False,0.14623037,8.740283e-07,0.072052,0.5263623,2.1478022e-10,3.2314706e-06,0.2553512
290,inesco,fcim,fcim_h102.wav,Happy,215,Happy,Surprise,Angry,False,False,True,0.00032398544,1.9888755e-06,6.8358866e-05,7.916381e-06,2.1131384e-12,6.225567e-08,0.9995976
291,inesco,fcim,fcim_h103.wav,Happy,330,Happy,Happy,Happy,True,True,False,0.054437194,1.10600295e-05,0.2690885,0.41951388,2.571297e-06,2.4357476e-05,0.25692245
292,inesco,fcim,fcim_h104.wav,Happy,401,Happy,Surprise,Happy,False,True,True,2.8137887e-08,2.4026043e-09,2.523698e-06,0.015529658,1.9306314e-13,2.0466081e-12,0.9844678
293,inesco,fcim,fcim_h105.wav,Happy,218,Happy,Surprise,Angry,False,False,True,0.14478146,0.00031120647,0.030880762,0.1391359,7.265981e-07,0.00040345566,0.6844865
294,inesco,fcim,fcim_h106.wav,Happy,279,Happy,Angry,Angry,False,False,False,0.60412365,0.00011065449,0.0067774015,0.16756955,3.8122002e-06,0.0001509188,0.22126397
295,inesco,fcim,fcim_h107.wav,Happy,356,Happy,Surprise,Happy,False,True,True,3.3132102e-07,1.8075279e-10,1.870647e-07,0.0009160753,1.3452129e-13,4.5980793e-12,0.9990834
296,inesco,fcim,fcim_h108.wav,Happy,401,Happy,Surprise,Angry,False,False,True,0.007761219,1.2866753e-06,7.2035427e-06,0.004439426,1.0238009e-08,3.059192e-09,0.9877908
297,inesco,fcim,fcim_h109.wav,Happy,250,Happy,Angry,Angry,False,False,False,0.93950194,1.2347934e-07,0.014301327,0.04427042,2.4663018e-09,3.331271e-06,0.001922956
298,inesco,fcim,fcim_h110.wav,Happy,346,Happy,Surprise,Happy,False,True,True,0.021902405,1.4649891e-05,0.012086502,0.02636488,2.0008688e-08,1.494345e-05,0.93961656
299,inesco,fcim,fcim_h111.wav,Happy,388,Happy,Surprise,Angry,False,False,True,0.22920318,0.00025054318,6.272095e-05,0.1338857,9.11708e-06,6.9789274e-07,0.63658804
300,inesco,fcim,fcim_h112.wav,Happy,397,Happy,Surprise,Happy,False,True,True,0.0016597182,4.7249394e-08,3.0342162e-06,0.022149984,2.1020075e-09,6.3501766e-11,0.9761872
301,inesco,fcim,fcim_h113.wav,Happy,401,Happy,Surprise,Happy,False,True,True,8.5125175e-06,1.537041e-08,0.0023912,0.13613622,6.568594e-11,1.35413e-09,0.8614641
302,inesco,fcim,fcim_h114.wav,Happy,234,Happy,Surprise,Angry,False,False,True,0.09961627,2.0773809e-05,0.0005637576,0.02064472,1.8594759e-09,7.5119665e-08,0.8791544
303,inesco,fcim,fcim_h115.wav,Happy,314,Happy,Angry,Angry,False,False,False,0.8909223,5.401727e-07,1.2848385e-05,7.787521e-05,2.9226352e-09,6.68965e-08,0.108986445
304,inesco,fcim,fcim_h116.wav,Happy,116,Happy,Happy,Happy,True,True,False,0.00089039345,2.2768322e-07,0.20727545,0.4154715,2.6002674e-08,9.4248804e-08,0.3763623
305,inesco,fcim,fcim_h117.wav,Happy,177,Happy,Fear,Angry,False,False,True,0.00095260097,6.1771796e-05,0.97257084,0.00065864593,8.215928e-06,0.00024628095,0.025501715
306,inesco,fcim,fcim_h118.wav,Happy,253,Happy,Happy,Happy,True,True,False,2.260365e-05,2.7336975e-08,0.09177234,0.46009806,1.2368734e-09,2.4193744e-07,0.4481067
307,inesco,fcim,fcim_h119.wav,Happy,273,Happy,Angry,Angry,False,False,False,0.90676665,0.007911867,0.001263466,0.009587105,1.9044408e-06,1.425719e-05,0.07445471
308,inesco,fcim,fcim_h120.wav,Happy,381,Happy,Surprise,Happy,False,True,True,5.5974438e-06,2.4920338e-08,0.0067960517,0.11319308,7.8691613e-07,8.867133e-09,0.88000435
309,inesco,fcim,fcim_h121.wav,Happy,263,Happy,Surprise,Angry,False,False,True,0.00058853754,5.9513434e-07,1.5207712e-06,1.6888234e-06,1.5784767e-10,2.7127138e-09,0.99940765
310,inesco,fcim,fcim_h122.wav,Happy,209,Happy,Happy,Happy,True,True,False,0.03735637,1.3750263e-05,0.0009612523,0.52359045,2.773316e-08,4.2554888e-07,0.43807763
311,inesco,fcim,fcim_h123.wav,Happy,324,Happy,Surprise,Happy,False,True,True,2.4513125e-10,5.5977986e-11,2.434419e-05,0.002734444,1.3695875e-15,3.98848e-12,0.99724126
312,inesco,fcim,fcim_h124.wav,Happy,314,Happy,Surprise,Happy,False,True,True,3.7340436e-07,1.6264648e-08,0.014568009,0.0013754712,1.4404904e-11,6.30018e-09,0.9840561
313,inesco,fcim,fcim_h125.wav,Happy,132,Happy,Surprise,Angry,False,False,True,0.016441567,7.155908e-07,0.33739752,0.0039092703,2.789963e-07,2.8080842e-06,0.64224786
314,inesco,fcim,fcim_h126.wav,Happy,349,Happy,Surprise,Happy,False,True,True,0.023203133,0.000106117,1.5212458e-05,0.023491234,2.1727566e-05,5.1498255e-06,0.9531573
315,inesco,fcim,fcim_h127.wav,Happy,234,Happy,Surprise,Happy,False,True,True,9.165444e-09,8.882073e-07,0.00014415832,1.09708e-05,3.456865e-12,1.0214163e-09,0.99984396
316,inesco,fcim,fcim_h128.wav,Happy,257,Happy,Surprise,Angry,False,False,True,0.018456813,4.087527e-07,2.6817983e-05,5.5057113e-05,6.4920742e-12,4.0340726e-09,0.98146087
317,inesco,fcim,fcim_h129.wav,Happy,193,Happy,Angry,Angry,False,False,False,0.8637654,4.474144e-05,0.002174888,0.13182564,1.6366899e-07,3.3878787e-06,0.0021858162
318,inesco,fcim,fcim_h130.wav,Happy,148,Happy,Fear,Happy,False,True,True,4.3079173e-05,1.5587115e-09,0.99791294,0.0002975739,4.6290005e-10,2.7024603e-08,0.0017464354
319,inesco,fcim,fcim_h131.wav,Happy,180,Happy,Angry,Angry,False,False,False,0.8652138,1.9848171e-07,1.4799181e-05,0.13453649,2.0074016e-07,2.7688766e-06,0.00023163109
320,inesco,fcim,fcim_h132.wav,Happy,289,Happy,Surprise,Happy,False,True,True,0.003112368,0.00084583205,0.013349006,0.0053212354,6.746594e-08,3.9892384e-06,0.97736746
321,inesco,fcim,fcim_h133.wav,Happy,231,Happy,Surprise,Happy,False,True,True,0.00025330804,9.0924295e-05,0.00015247385,0.12233119,1.0351079e-07,2.9663593e-07,0.8771717
322,inesco,fcim,fcim_h134.wav,Happy,401,Happy,Happy,Happy,True,True,False,0.049124222,0.021245407,3.443442e-06,0.7713468,7.605074e-08,2.9308405e-06,0.15827718
323,inesco,fcim,fcim_h135.wav,Happy,263,Happy,Angry,Angry,False,False,False,0.48153055,0.00036763784,0.010153644,0.45399386,1.8799982e-08,0.00034067855,0.053613607
324,inesco,fcim,fcim_h136.wav,Happy,289,Happy,Surprise,Angry,False,False,True,0.3022589,0.0018060768,0.0031759273,0.11572978,1.9871117e-05,8.998323e-05,0.5769195
325,inesco,fcim,fcim_h137.wav,Happy,93,Happy,Fear,Angry,False,False,True,0.085788935,2.5032852e-05,0.8193504,0.006930644,4.9502313e-07,9.041052e-06,0.08789538
326,inesco,fcim,fcim_h138.wav,Happy,177,Happy,Happy,Happy,True,True,False,0.16637738,6.0959464e-06,0.000108717446,0.683707,9.164785e-08,2.688691e-07,0.14980039
327,inesco,fcim,fcim_h139.wav,Happy,164,Happy,Surprise,Angry,False,False,True,0.0016289175,8.37733e-09,0.15937853,0.0006320723,2.124705e-08,7.036553e-07,0.8383598
328,inesco,fcim,fcim_h140.wav,Happy,138,Happy,Fear,Happy,False,True,True,0.081992,1.2747256e-07,0.6930019,0.17679459,7.775265e-06,4.2063923e-05,0.04816159
329,inesco,fcim,fcim_h141.wav,Happy,221,Happy,Surprise,Happy,False,True,True,1.6472955e-05,2.6454081e-06,0.026175924,0.24757355,2.8807956e-10,7.260501e-08,0.72623134
330,inesco,fcim,fcim_h142.wav,Happy,180,Happy,Surprise,Happy,False,True,True,3.1506381e-06,3.1153948e-07,0.00018399887,0.0020585675,1.1819361e-09,5.1711466e-09,0.99775404
331,inesco,fcim,fcim_h143.wav,Happy,276,Happy,Surprise,Happy,False,True,True,0.0464741,0.002371209,0.008888554,0.35762987,3.8269186e-06,0.0001643047,0.5844681
332,inesco,fcim,fcim_h144.wav,Happy,221,Happy,Surprise,Happy,False,True,True,5.3131055e-07,3.3116113e-08,0.00019061226,0.49438894,4.007653e-12,1.2320344e-09,0.5054199
333,inesco,fcim,fcim_h145.wav,Happy,170,Happy,Happy,Happy,True,True,False,0.04344029,2.8669042e-06,0.40377367,0.42847377,0.00036048554,0.00027740866,0.12367161
334,inesco,fcim,fcim_h146.wav,Happy,65,Happy,Fear,Happy,False,True,True,0.0037849385,3.910696e-07,0.62633264,0.083865695,2.1822062e-09,1.0928251e-07,0.28601623
335,inesco,fcim,fcim_h147.wav,Happy,157,Happy,Surprise,Happy,False,True,True,0.009179972,3.5845977e-07,0.1849857,0.029261006,5.064906e-08,1.9028654e-05,0.77655387
336,inesco,fcim,fcim_h148.wav,Happy,145,Happy,Angry,Angry,False,False,False,0.98512715,6.1897335e-05,0.000117124706,0.004495224,2.302145e-05,6.4027125e-07,0.010174973
337,inesco,fcim,fcim_h149.wav,Happy,327,Happy,Surprise,Happy,False,True,True,3.97257e-05,1.7861679e-06,8.802179e-06,6.0098304e-05,7.1583475e-11,3.5321779e-09,0.9998896
338,inesco,fcim,fcim_h150.wav,Happy,218,Happy,Happy,Happy,True,True,False,0.14419375,1.07280175e-05,0.017752327,0.6541107,1.3679694e-08,2.5297004e-07,0.18393208
339,inesco,fcim,fcim_h151.wav,Happy,273,Happy,Surprise,Angry,False,False,True,0.22431408,0.003402106,0.0072785276,0.0022538605,5.160724e-06,0.0003085881,0.7624377
340,inesco,fcim,fcim_h152.wav,Happy,401,Happy,Surprise,Happy,False,True,True,0.012406774,2.7489139e-06,0.0011258096,0.09219382,1.2732055e-05,7.5808503e-06,0.8942505
341,inesco,fcim,fcim_h153.wav,Happy,388,Happy,Surprise,Happy,False,True,True,0.00023096436,2.3673067e-05,0.050095495,0.023974083,2.3884076e-07,0.00077026826,0.9249053
342,inesco,fcim,fcim_h154.wav,Happy,279,Happy,Surprise,Angry,False,False,True,0.009416746,5.681367e-05,0.00066687603,0.001791062,6.86518e-08,1.06507805e-05,0.98805785
343,inesco,fcim,fcim_h155.wav,Happy,253,Happy,Angry,Angry,False,False,False,0.59035647,0.0007999807,0.0092140855,0.22201936,9.689524e-09,6.448902e-06,0.17760363
344,inesco,fcim,fcim_h156.wav,Happy,305,Happy,Surprise,Angry,False,False,True,0.00011932529,8.6834e-07,8.2777435e-05,3.934784e-05,5.216372e-09,1.1092171e-06,0.99975663
345,inesco,fcim,fcim_h157.wav,Happy,356,Happy,Angry,Angry,False,False,False,0.7470819,0.00013204502,0.0017013407,0.010398832,2.6715767e-07,7.416649e-06,0.24067819
346,inesco,fcim,fcim_h158.wav,Happy,295,Happy,Surprise,Happy,False,True,True,0.0037993647,0.0004784841,0.00089609483,0.06489185,3.968282e-06,4.450407e-06,0.92992574
347,inesco,fcim,fcim_h159.wav,Happy,273,Happy,Surprise,Happy,False,True,True,0.0022724937,1.8611231e-06,0.011259459,0.07730326,1.1761252e-08,9.726864e-06,0.90915316
348,inesco,fcim,fcim_h160.wav,Happy,298,Happy,Angry,Angry,False,False,False,0.499658,0.0006080547,0.006130204,0.008798871,3.229488e-05,0.00013910701,0.48463348
349,inesco,fcim,fcim_h161.wav,Happy,138,Happy,Fear,Angry,False,False,True,0.37959024,4.4634973e-07,0.47656685,0.05100704,1.5979666e-07,1.7154669e-07,0.09283503
350,inesco,fcim,fcim_h162.wav,Happy,247,Happy,Fear,Angry,False,False,True,0.07047585,8.9508685e-06,0.880116,0.04268526,7.159011e-07,0.0066820323,3.1280924e-05
351,inesco,fcim,fcim_h163.wav,Happy,289,Happy,Happy,Happy,True,True,False,6.5172067e-06,6.897644e-06,0.0004939645,0.9361292,2.2209569e-10,3.5199645e-07,0.06336317
352,inesco,fcim,fcim_h164.wav,Happy,116,Happy,Fear,Happy,False,True,True,0.004116658,2.981703e-07,0.5632088,0.2778217,0.00013815159,8.9969735e-06,0.15470542
353,inesco,fcim,fcim_h165.wav,Happy,162,Happy,Surprise,Angry,False,False,True,0.0017890062,3.8855308e-07,0.37179074,0.000110415516,3.966071e-09,3.8032895e-06,0.6263056
354,inesco,fcim,fcim_h166.wav,Happy,68,Happy,Fear,Angry,False,False,True,0.11365279,4.5002935e-06,0.5287713,0.008396526,2.8777262e-07,5.5601504e-05,0.34911904
355,inesco,fcim,fcim_h167.wav,Happy,145,Happy,Happy,Happy,True,True,False,0.061704263,4.7302887e-08,0.012925536,0.9194692,4.5128595e-06,3.027321e-06,0.0058934167
356,inesco,fcim,fcim_h168.wav,Happy,221,Happy,Surprise,Happy,False,True,True,0.0001118536,0.0012062397,0.0021810988,0.0062384047,0.00012325225,9.1033e-05,0.99004805
357,inesco,fcim,fcim_h169.wav,Happy,244,Happy,Angry,Angry,False,False,False,0.8680462,0.0074183373,0.0034627551,0.0920487,0.0002606458,0.028257556,0.0005057528
358,inesco,fcim,fcim_h170.wav,Happy,125,Happy,Fear,Angry,False,False,True,0.19487096,6.4616813e-07,0.45186326,0.1852441,3.8118137e-07,1.5494797e-06,0.1680191
359,inesco,fcim,fcim_h171.wav,Happy,148,Happy,Surprise,Happy,False,True,True,0.0031779376,1.6794043e-09,0.00040218397,0.013473615,9.287181e-12,5.4086864e-09,0.9829463
360,inesco,fcim,fcim_h172.wav,Happy,305,Happy,Surprise,Angry,False,False,True,0.29535338,3.4342633e-05,0.00027959066,0.065060176,7.8809603e-07,1.2268569e-06,0.63927054
361,inesco,fcim,fcim_h173.wav,Happy,193,Happy,Surprise,Happy,False,True,True,1.9317133e-06,3.9463732e-10,0.00085616077,0.0011813047,5.9624576e-13,1.2846206e-10,0.99796057
362,inesco,fcim,fcim_h174.wav,Happy,87,Happy,Surprise,Happy,False,True,True,0.010130216,2.2821564e-07,0.072454855,0.030420698,3.6966984e-08,1.0722965e-06,0.88699293
363,inesco,fcim,fcim_h175.wav,Happy,180,Happy,Surprise,Angry,False,False,True,0.15953709,0.0011543821,0.15920976,0.11586172,2.2296967e-05,0.00050074444,0.563714
364,inesco,fcim,fcim_h176.wav,Happy,157,Happy,Angry,Angry,False,False,False,0.9259776,4.4533834e-05,0.031044759,0.0205065,0.00013275101,0.0001361344,0.022157779
365,inesco,fcim,fcim_h177.wav,Happy,276,Happy,Surprise,Happy,False,True,True,0.014051368,0.0007914976,0.0005281517,0.07901069,6.5949257e-07,8.3375147e-07,0.9056168
366,inesco,fcim,fcim_h178.wav,Happy,353,Happy,Surprise,Happy,False,True,True,1.17976214e-07,4.176338e-09,0.00020168671,0.0066962945,1.135667e-11,1.2178318e-09,0.99310195
367,inesco,fcim,fcim_h179.wav,Happy,279,Happy,Surprise,Happy,False,True,True,0.001100007,5.1223706e-06,0.040174104,0.062167645,5.3623094e-08,6.105409e-07,0.8965525
368,inesco,fcim,fcim_h180.wav,Happy,231,Happy,Surprise,Angry,False,False,True,0.13905402,2.6772392e-05,0.00078773464,0.12587503,3.0788265e-06,2.8004977e-06,0.7342506
369,inesco,fcim,fcim_h181.wav,Happy,132,Happy,Angry,Angry,False,False,False,0.6428989,5.20379e-06,0.022432912,0.002039557,6.456776e-08,2.6319398e-07,0.33262306
370,inesco,fcim,fcim_h182.wav,Happy,212,Happy,Surprise,Happy,False,True,True,0.00074389565,2.883368e-07,0.0023467385,0.34428918,2.3023624e-07,1.2560047e-05,0.65260714
371,inesco,fcim,fcim_h183.wav,Happy,164,Happy,Fear,Angry,False,False,True,0.0015884237,3.8925977e-05,0.9805712,0.00069314486,1.2538567e-05,8.771126e-05,0.017007958
372,inesco,fcim,fcim_h184.wav,Happy,141,Happy,Surprise,Angry,False,False,True,0.011154644,3.0341477e-07,0.0015739573,0.00016034806,1.6353122e-08,1.3633153e-06,0.9871093
373,inesco,fcim,fcim_h185.wav,Happy,321,Happy,Happy,Happy,True,True,False,0.26260647,0.009970098,0.008548748,0.4686439,0.0006250489,0.00035849903,0.24924716
374,inesco,fcim,fcim_h186.wav,Happy,401,Happy,Surprise,Happy,False,True,True,0.0005675795,2.0788982e-06,0.0006707477,0.0112067545,1.4761481e-07,1.9901838e-05,0.9875328
375,inesco,fcim,fcim_h187.wav,Happy,401,Happy,Surprise,Happy,False,True,True,0.00037786763,5.2851734e-05,2.297678e-08,0.000978203,9.2324026e-10,1.2691929e-09,0.998591
376,inesco,fcim,fcim_h188.wav,Happy,308,Happy,Happy,Happy,True,True,False,0.12241436,0.0016895492,0.000100067395,0.82763606,2.7766928e-06,1.227899e-06,0.04815604
377,inesco,fcim,fcim_h189.wav,Happy,349,Happy,Happy,Happy,True,True,False,0.00064723694,7.2473574e-07,0.00058092055,0.7642504,3.4808554e-08,2.5259961e-08,0.2345207
378,inesco,fcim,fcim_h190.wav,Happy,333,Happy,Surprise,Angry,False,False,True,0.23171988,0.06079022,0.020288626,0.0028592134,7.162399e-07,0.0099182185,0.6744231
379,inesco,fcim,fcim_h191.wav,Happy,215,Happy,Surprise,Happy,False,True,True,5.9895465e-06,3.6581717e-11,0.039007857,0.0163025,1.6161019e-12,1.9816377e-09,0.94468373
380,inesco,fcim,fcim_h192.wav,Happy,391,Happy,Surprise,Happy,False,True,True,0.0034814174,1.080358e-06,2.880574e-05,0.14217849,4.33564e-08,9.445213e-08,0.85431015
381,inesco,fcim,fcim_h193.wav,Happy,321,Happy,Surprise,Happy,False,True,True,9.620407e-06,1.635475e-09,0.0027652143,0.13132809,4.0079e-12,1.7419417e-08,0.86589706
382,inesco,fcim,fcim_h194.wav,Happy,401,Happy,Happy,Happy,True,True,False,0.25680393,0.0012038148,4.0151367e-06,0.5657688,2.5737745e-09,7.946681e-08,0.17621942
383,inesco,fcim,fcim_h195.wav,Happy,311,Happy,Surprise,Angry,False,False,True,0.047122348,0.00016205887,0.00024183665,0.019058624,4.873031e-07,4.7113534e-07,0.93341416
384,inesco,fcim,fcim_h196.wav,Happy,401,Happy,Surprise,Angry,False,False,True,0.31019387,6.7919405e-06,0.009418811,0.052544642,7.262077e-07,0.0004427259,0.6273925
385,inesco,fcim,fcim_h197.wav,Happy,221,Happy,Fear,Happy,False,True,True,0.0004006376,8.71306e-06,0.97061217,0.00047005256,7.145921e-08,2.0973948e-05,0.028487409
386,inesco,fcim,fcim_h198.wav,Happy,253,Happy,Fear,Happy,False,True,True,0.0008958624,1.39392275e-08,0.986827,0.0039626346,1.8390535e-10,2.3898866e-07,0.008314296
387,inesco,fcim,fcim_h199.wav,Happy,180,Happy,Fear,Happy,False,True,True,0.0005310624,9.674123e-07,0.9635049,0.03220545,6.556701e-08,0.00032423745,0.0034332438
388,inesco,fcim,fcim_h200.wav,Happy,68,Happy,Fear,Angry,False,False,True,0.031879343,2.2521792e-06,0.70781726,0.03086622,4.7176083e-08,9.6000105e-05,0.22933885
389,inesco,fcim,fcim_h201.wav,Happy,298,Happy,Surprise,Angry,False,False,True,0.0028145888,1.9286908e-07,0.013591278,0.0013529372,2.5538176e-08,4.7410244e-06,0.98223627
390,inesco,fcim,fcim_h202.wav,Happy,301,Happy,Surprise,Happy,False,True,True,0.0013007991,0.00021599606,0.00071324024,0.3685643,7.2043593e-10,1.0355096e-06,0.6292046
391,inesco,fcim,fcim_h203.wav,Happy,250,Happy,Happy,Happy,True,True,False,0.000854422,4.5134348e-07,0.3098039,0.63134927,5.2423753e-11,5.5722805e-05,0.057936203
392,inesco,fcim,fcim_h204.wav,Happy,257,Happy,Angry,Angry,False,False,False,0.9957527,1.5491895e-07,3.4602187e-06,4.478409e-05,3.979078e-09,4.6534427e-07,0.0041985884
393,inesco,fcim,fcim_h205.wav,Happy,346,Happy,Surprise,Angry,False,False,True,0.254095,9.851623e-05,0.00240425,0.015065829,1.3755064e-08,1.6950115e-05,0.7283195
394,inesco,fcim,fcim_h206.wav,Happy,359,Happy,Surprise,Angry,False,False,True,0.0016825756,6.948432e-05,0.00034134745,3.8061342e-05,8.885924e-09,2.5202853e-05,0.99784327
395,inesco,fcim,fcim_h207.wav,Happy,401,Happy,Surprise,Happy,False,True,True,0.0005919446,1.9065912e-05,0.0003839307,0.0127514945,6.4071344e-07,5.95885e-07,0.98625225
396,inesco,fcim,fcim_h208.wav,Happy,311,Happy,Happy,Happy,True,True,False,0.1821213,5.0015227e-05,0.03762132,0.48298857,1.0940182e-05,0.00027160358,0.2969362
397,inesco,fcim,fcim_h209.wav,Happy,378,Happy,Surprise,Happy,False,True,True,5.594521e-05,1.1205042e-06,0.0002579081,0.0007594151,1.4424253e-08,2.5290113e-08,0.9989256
398,inesco,fcim,fcim_h210.wav,Happy,401,Happy,Surprise,Angry,False,False,True,0.11235761,0.00056243787,0.00072696555,0.006017172,3.9271304e-06,0.00028930345,0.88004255
399,inesco,fcim,fcim_h211.wav,Happy,263,Happy,Surprise,Happy,False,True,True,0.06877009,0.00030405467,0.003999393,0.07054873,2.0991842e-05,4.353696e-06,0.8563524
400,inesco,fcim,fcim_s402.wav,Sad,343,Sad,Surprise,Angry,False,False,True,0.027681412,0.0002388575,0.0024221693,0.0026552177,7.5247813e-06,6.223119e-05,0.9669326
401,inesco,fcim,fcim_s403.wav,Sad,340,Sad,Surprise,Angry,False,False,True,0.07786148,4.4731798e-05,0.0030669216,0.0065057757,5.435447e-07,0.0004477924,0.9120728
402,inesco,fcim,fcim_s404.wav,Sad,311,Sad,Fear,Happy,False,False,True,0.00010220754,4.355241e-08,0.70627296,0.0001458584,3.0534706e-09,5.6435532e-05,0.2934226
403,inesco,fcim,fcim_s405.wav,Sad,401,Sad,Surprise,Happy,False,False,True,0.0041210847,2.502333e-06,0.003999528,0.49225447,2.1758932e-07,1.8123023e-05,0.49960408
404,inesco,fcim,fcim_s406.wav,Sad,327,Sad,Surprise,Happy,False,False,True,0.0013193496,8.8637435e-06,0.33505088,0.0017682397,5.442355e-09,0.00035661884,0.6614961
405,inesco,fcim,fcim_s407.wav,Sad,218,Sad,Fear,Angry,False,False,True,0.041683678,2.1260435e-05,0.6755806,0.0020634413,3.9875353e-08,2.5611595e-05,0.28062528
406,inesco,fcim,fcim_s408.wav,Sad,228,Sad,Angry,Angry,False,False,False,0.8221625,0.0008193575,0.0035043773,0.013200066,2.1311433e-07,4.2379495e-05,0.16027115
407,inesco,fcim,fcim_s409.wav,Sad,279,Sad,Surprise,Happy,False,False,True,7.42539e-06,3.084185e-09,0.002096743,4.8129357e-05,5.3788185e-12,2.2508981e-08,0.9978477
408,inesco,fcim,fcim_s410.wav,Sad,401,Sad,Surprise,Happy,False,False,True,0.0005486121,5.248763e-05,0.01870309,0.001202267,4.1548756e-08,0.0006958234,0.9787976
409,inesco,fcim,fcim_s411.wav,Sad,253,Sad,Angry,Angry,False,False,False,0.4488467,0.000319345,0.37511292,0.0041433023,3.354732e-08,0.0023287511,0.16924901
410,inesco,fcim,fcim_s412.wav,Sad,209,Sad,Fear,Happy,False,False,True,0.0009233808,2.9464479e-08,0.72903293,0.045464344,2.435443e-08,3.4396176e-05,0.22454488
411,inesco,fcim,fcim_s413.wav,Sad,401,Sad,Happy,Happy,False,False,False,0.08498141,0.00028413226,0.011538901,0.6457533,1.2888095e-05,0.0002420965,0.25718728
412,inesco,fcim,fcim_s414.wav,Sad,269,Sad,Surprise,Happy,False,False,True,0.00055678235,2.0057596e-05,0.006615474,0.009318416,2.993275e-08,8.633595e-06,0.98348063
413,inesco,fcim,fcim_s415.wav,Sad,180,Sad,Angry,Angry,False,False,False,0.56965595,1.849753e-05,0.3706914,0.017282153,2.3095697e-06,2.5231891e-05,0.04232445
414,inesco,fcim,fcim_s416.wav,Sad,401,Sad,Surprise,Angry,False,False,True,0.028612101,0.00020915449,0.011967399,0.028312411,4.050596e-06,5.773313e-05,0.9308371
415,inesco,fcim,fcim_s417.wav,Sad,327,Sad,Fear,Angry,False,False,True,0.08462437,9.181469e-06,0.80428654,0.000618335,1.4765247e-05,0.00014583037,0.11030103
416,inesco,fcim,fcim_s418.wav,Sad,250,Sad,Angry,Angry,False,False,False,0.9846116,7.878935e-05,0.002033367,0.012487836,5.0956555e-07,0.0005031266,0.0002849095
417,inesco,fcim,fcim_s419.wav,Sad,292,Sad,Surprise,Happy,False,False,True,0.0003420659,0.00053976325,0.032299753,0.0011369541,1.18873274e-07,0.00011647055,0.96556485
418,inesco,fcim,fcim_s420.wav,Sad,106,Sad,Angry,Angry,False,False,False,0.35134685,1.1717945e-05,0.23677106,0.22674778,0.0006832515,0.0017062043,0.18273312
419,inesco,fcim,fcim_s421.wav,Sad,317,Sad,Surprise,Happy,False,False,True,0.006640993,0.00019158033,0.28840977,0.25476393,7.883241e-08,1.664786e-05,0.4499769
420,inesco,fcim,fcim_s422.wav,Sad,314,Sad,Happy,Happy,False,False,False,0.27401924,0.00087861833,0.0648734,0.6521083,2.338931e-08,0.0016623964,0.0064580217
421,inesco,fcim,fcim_s423.wav,Sad,273,Sad,Surprise,Sad,False,True,True,0.048226126,0.10596598,0.066760756,0.00096653384,1.735862e-06,0.09263341,0.6854455
422,inesco,fcim,fcim_s424.wav,Sad,372,Sad,Surprise,Angry,False,False,True,0.0069478718,1.0794894e-06,0.0023213935,0.0031028413,8.805873e-09,1.8587003e-06,0.98762494
423,inesco,fcim,fcim_s425.wav,Sad,401,Sad,Fear,Happy,False,False,True,0.038578514,1.3177131e-06,0.48300746,0.3942757,8.7057444e-08,0.00038578713,0.08375117
424,inesco,fcim,fcim_s426.wav,Sad,365,Sad,Surprise,Angry,False,False,True,0.16767633,8.8820065e-07,0.03618494,0.03293163,2.2546028e-07,2.6232149e-06,0.7632034
425,inesco,fcim,fcim_s427.wav,Sad,241,Sad,Surprise,Happy,False,False,True,0.123721875,1.1818606e-05,0.056181174,0.31166062,1.7349757e-07,0.0003805961,0.50804377
426,inesco,fcim,fcim_s428.wav,Sad,401,Sad,Surprise,Happy,False,False,True,0.00031589836,1.2345323e-09,0.3721836,0.22092079,2.886429e-11,7.281876e-07,0.40657893
427,inesco,fcim,fcim_s429.wav,Sad,401,Sad,Surprise,Happy,False,False,True,0.0001280515,2.3054744e-08,0.013408984,0.004750956,7.496001e-11,4.7802325e-07,0.9817115
428,inesco,fcim,fcim_s430.wav,Sad,401,Sad,Angry,Angry,False,False,False,0.685316,0.0008691938,0.0001908325,0.009562738,6.055073e-08,7.111894e-07,0.30406046
429,inesco,fcim,fcim_s431.wav,Sad,263,Sad,Angry,Angry,False,False,False,0.96480167,9.3349874e-05,0.009222876,0.002306326,1.2625118e-08,6.080275e-05,0.023514906
430,inesco,fcim,fcim_s432.wav,Sad,311,Sad,Angry,Angry,False,False,False,0.5874865,2.3327713e-05,0.053108867,0.006180402,6.176697e-08,6.006244e-05,0.35314077
431,inesco,fcim,fcim_s433.wav,Sad,381,Sad,Surprise,Angry,False,False,True,0.44759744,9.5268905e-07,0.0024830396,0.0028542024,4.8765116e-07,1.9012821e-06,0.547062
432,inesco,fcim,fcim_s434.wav,Sad,279,Sad,Happy,Happy,False,False,False,0.072780274,0.019728756,0.16676308,0.39789703,4.4215773e-07,0.08822161,0.25460872
433,inesco,fcim,fcim_s435.wav,Sad,161,Sad,Fear,Happy,False,False,True,0.011365789,3.088611e-05,0.79931605,0.18226539,2.1876227e-05,0.002165438,0.0048345984
434,inesco,fcim,fcim_s436.wav,Sad,180,Sad,Fear,Angry,False,False,True,5.6772657e-05,7.021999e-08,0.99538076,2.3407054e-06,4.5200013e-10,1.0851066e-06,0.004558945
435,inesco,fcim,fcim_s437.wav,Sad,295,Sad,Surprise,Angry,False,False,True,0.12690485,8.0274636e-05,0.066507146,0.025948819,8.608627e-06,0.00016833773,0.7803819
436,inesco,fcim,fcim_s438.wav,Sad,401,Sad,Surprise,Happy,False,False,True,0.0019484942,1.3388191e-06,0.013775159,0.028722757,4.6431076e-08,6.069992e-07,0.9555516
437,inesco,fcim,fcim_s439.wav,Sad,401,Sad,Fear,Angry,False,False,True,0.0013780593,3.5874416e-07,0.5908852,0.001313817,6.5339427e-09,7.7648865e-06,0.40641475
438,inesco,fcim,fcim_s440.wav,Sad,372,Sad,Surprise,Happy,False,False,True,0.00035429886,9.964042e-07,0.00019411586,0.0005674176,1.3176814e-10,4.143281e-07,0.99888283
439,inesco,fcim,fcim_s441.wav,Sad,343,Sad,Surprise,Happy,False,False,True,0.00040551397,3.3097508e-06,0.09978973,0.00040928434,3.7681116e-07,1.4741567e-05,0.899377
440,inesco,fcim,fcim_s442.wav,Sad,314,Sad,Fear,Angry,False,False,True,0.038574304,1.3377941e-08,0.63169193,0.016759334,4.898684e-09,1.9917616e-07,0.3129742
441,inesco,fcim,fcim_s443.wav,Sad,401,Sad,Surprise,Happy,False,False,True,0.0003488712,2.1735188e-07,0.038240407,0.0042717434,6.4565766e-09,2.3811208e-05,0.95711493
442,inesco,fcim,fcim_s444.wav,Sad,401,Sad,Fear,Happy,False,False,True,0.00011678181,7.6075735e-10,0.8846754,0.0059593865,1.4345699e-09,2.0297528e-05,0.10922819
443,inesco,fcim,fcim_s445.wav,Sad,365,Sad,Surprise,Angry,False,False,True,0.02114027,1.7543238e-05,0.0012952646,0.0018165108,1.9974824e-08,4.2770153e-06,0.97572607
444,inesco,fcim,fcim_s446.wav,Sad,298,Sad,Happy,Happy,False,False,False,0.18671776,0.00022587612,0.001191237,0.425781,3.7666956e-07,3.5705013e-06,0.38608018
445,inesco,fcim,fcim_s447.wav,Sad,401,Sad,Surprise,Angry,False,False,True,0.18794493,1.7642476e-06,0.026479121,7.3046125e-05,3.138573e-10,2.6355488e-06,0.7854985
446,inesco,fcim,fcim_s448.wav,Sad,276,Sad,Fear,Angry,False,False,True,0.19365256,9.2259705e-07,0.7838775,0.00094707316,7.844431e-08,5.9271238e-06,0.021515913
447,inesco,fcim,fcim_s449.wav,Sad,359,Sad,Surprise,Happy,False,False,True,0.20397614,2.7326796e-06,0.0068615847,0.28331333,4.206614e-08,1.46327775e-05,0.5058316
448,inesco,fcim,fcim_s450.wav,Sad,289,Sad,Surprise,Happy,False,False,True,0.0047259177,6.353697e-05,0.07679918,0.040372293,7.1271575e-09,2.938606e-06,0.87803614
449,inesco,fcim,fcim_s451.wav,Sad,311,Sad,Fear,Happy,False,False,True,8.349913e-06,1.5339681e-10,0.99120295,0.00033815295,5.8521236e-11,1.1716813e-07,0.00845042
450,inesco,fcim,fcim_s452.wav,Sad,372,Sad,Angry,Angry,False,False,False,0.94602466,7.405644e-05,0.0073752534,0.02114737,1.4759863e-07,0.00011246175,0.025266001
451,inesco,fcim,fcim_s453.wav,Sad,305,Sad,Surprise,Angry,False,False,True,0.001464409,5.374038e-07,0.058339875,0.0008365529,4.6086218e-08,3.1640015e-05,0.9393269
452,inesco,fcim,fcim_s454.wav,Sad,401,Sad,Fear,Angry,False,False,True,0.06838552,0.00053791015,0.8901105,0.0018708098,4.0773604e-05,0.0029618426,0.036092665
453,inesco,fcim,fcim_s455.wav,Sad,333,Sad,Surprise,Happy,False,False,True,0.0005702945,1.0601251e-07,0.011940066,0.014284979,1.1361214e-10,7.9986233e-07,0.9732038
454,inesco,fcim,fcim_s456.wav,Sad,401,Sad,Surprise,Angry,False,False,True,0.071057715,6.6855435e-05,0.0013753802,0.017120754,1.1112687e-07,0.00040609954,0.909973
455,inesco,fcim,fcim_s457.wav,Sad,401,Sad,Fear,Happy,False,False,True,0.0021346973,4.0382415e-07,0.63699853,0.085057475,2.9059163e-07,0.0017681438,0.27404055
456,inesco,fcim,fcim_s458.wav,Sad,266,Sad,Fear,Happy,False,False,True,0.0022807552,7.019152e-09,0.6001442,0.012640644,5.886243e-11,5.1596754e-07,0.38493386
457,inesco,fcim,fcim_s459.wav,Sad,401,Sad,Surprise,Happy,False,False,True,0.0009931987,1.5363536e-05,0.39385024,0.0038846142,1.607054e-08,0.00015175765,0.60110486
458,inesco,fcim,fcim_s460.wav,Sad,250,Sad,Angry,Angry,False,False,False,0.48292544,0.00093380746,0.1733049,0.06798669,1.0154127e-05,0.0013838288,0.27345523
459,inesco,fcim,fcim_s461.wav,Sad,343,Sad,Fear,Angry,False,False,True,0.0026224686,2.4584037e-09,0.979357,0.0021763342,3.2807157e-09,1.9870038e-06,0.015842125
460,inesco,fcim,fcim_s462.wav,Sad,375,Sad,Surprise,Happy,False,False,True,0.00045123132,6.918384e-07,0.014426525,0.012457026,1.1218096e-08,2.5274683e-06,0.9726619
461,inesco,fcim,fcim_s463.wav,Sad,343,Sad,Surprise,Angry,False,False,True,0.0039999625,0.00022169716,0.000854284,0.003054206,1.8122439e-08,5.984973e-06,0.99186385
462,inesco,fcim,fcim_s464.wav,Sad,330,Sad,Fear,Happy,False,False,True,0.017340178,8.243624e-06,0.45368743,0.0962454,6.44441e-09,2.4447258e-05,0.43269426
463,inesco,fcim,fcim_s465.wav,Sad,365,Sad,Surprise,Happy,False,False,True,6.895829e-06,9.398646e-09,0.02886422,0.033235617,4.8945747e-11,3.998013e-08,0.9378932
464,inesco,fcim,fcim_s466.wav,Sad,321,Sad,Angry,Angry,False,False,False,0.46583244,0.00011422983,0.20235123,0.066986635,1.1225682e-05,0.0009028441,0.2638014
465,inesco,fcim,fcim_s467.wav,Sad,167,Sad,Fear,Happy,False,False,True,0.009784701,0.00044250896,0.82522494,0.1372895,0.001112136,0.025376318,0.0007699131
466,inesco,fcim,fcim_s468.wav,Sad,253,Sad,Fear,Sad,False,True,True,5.171741e-05,4.7861463e-06,0.9873883,0.00017869369,7.95757e-06,0.00018318687,0.012185346
467,inesco,fcim,fcim_s469.wav,Sad,154,Sad,Angry,Angry,False,False,False,0.53312117,5.454557e-05,0.24584,0.0035567295,7.906918e-08,1.26063105e-05,0.2174149
468,inesco,fcim,fcim_s470.wav,Sad,253,Sad,Angry,Angry,False,False,False,0.91533613,0.00034521037,0.080576815,0.0012983019,3.217096e-07,0.0018925325,0.0005507557
469,inesco,fcim,fcim_s471.wav,Sad,141,Sad,Fear,Sad,False,True,True,0.0012065669,2.4544745e-05,0.9018359,0.021571407,0.00056670053,0.025879797,0.048915114
470,inesco,fcim,fcim_s472.wav,Sad,324,Sad,Fear,Happy,False,False,True,0.006450511,5.824381e-06,0.5351631,0.0070150974,1.8856107e-06,0.00018939181,0.4511742
471,inesco,fcim,fcim_s473.wav,Sad,305,Sad,Fear,Angry,False,False,True,0.0051845047,1.3974152e-07,0.96394354,0.00034372936,7.287128e-09,1.31877e-06,0.030526714
472,inesco,fcim,fcim_s474.wav,Sad,401,Sad,Surprise,Happy,False,False,True,0.04625768,1.47566225e-05,0.12987714,0.18103062,2.640228e-05,0.00017172667,0.64262176
473,inesco,fcim,fcim_s475.wav,Sad,401,Sad,Surprise,Happy,False,False,True,1.6284015e-05,7.9782424e-08,0.011113421,0.00065110007,2.160806e-09,4.472165e-07,0.98821867
474,inesco,fcim,fcim_s476.wav,Sad,330,Sad,Surprise,Angry,False,False,True,0.072338015,0.00023996337,0.4241966,0.0037996913,8.303337e-06,0.00039539093,0.499022
475,inesco,fcim,fcim_s477.wav,Sad,401,Sad,Surprise,Happy,False,False,True,0.036733452,0.00023275848,0.0017663202,0.042093895,1.5733478e-06,0.00010175362,0.91907024
476,inesco,fcim,fcim_s478.wav,Sad,247,Sad,Angry,Angry,False,False,False,0.9971827,9.107327e-06,0.00025282442,0.00058602786,2.5631166e-09,4.9962154e-07,0.0019687237
477,inesco,fcim,fcim_s479.wav,Sad,401,Sad,Surprise,Angry,False,False,True,0.08950791,4.935905e-05,0.05933072,0.050859787,6.027022e-08,0.0001841693,0.8000679
478,inesco,fcim,fcim_s480.wav,Sad,337,Sad,Fear,Angry,False,False,True,0.07763384,9.959823e-06,0.5427556,0.03810155,2.3867171e-06,0.00011980299,0.34137684
479,inesco,fcim,fcim_s481.wav,Sad,401,Sad,Fear,Happy,False,False,True,5.4346092e-05,1.8440796e-08,0.50314534,0.070622146,5.0126108e-09,8.527878e-07,0.4261773
480,inesco,fcim,fcim_s482.wav,Sad,199,Sad,Fear,Happy,False,False,True,0.019692924,1.1067991e-06,0.5034844,0.47574508,7.8338445e-07,3.2808002e-05,0.0010428833
481,inesco,fcim,fcim_s483.wav,Sad,391,Sad,Fear,Angry,False,False,True,0.23696995,8.7471165e-08,0.36479428,0.054046277,4.66127e-09,1.5223834e-05,0.34417424
482,inesco,fcim,fcim_s484.wav,Sad,250,Sad,Fear,Angry,False,False,True,0.121430755,6.348614e-05,0.58041775,0.006100564,3.3436552e-06,0.0019132206,0.2900708
483,inesco,fcim,fcim_s485.wav,Sad,135,Sad,Angry,Angry,False,False,False,0.9327788,3.5120572e-06,0.013081566,0.019230826,5.1274532e-05,8.901115e-08,0.03485396
484,inesco,fcim,fcim_s486.wav,Sad,401,Sad,Surprise,Happy,False,False,True,0.0023423508,4.936598e-07,0.042613,0.012612583,1.2958185e-07,1.193415e-06,0.9424302
485,inesco,fcim,fcim_s487.wav,Sad,269,Sad,Angry,Angry,False,False,False,0.8296253,0.0053319535,0.06282006,0.061409928,9.1800004e-08,0.02158312,0.0192296
486,inesco,fcim,fcim_s488.wav,Sad,193,Sad,Fear,Happy,False,False,True,0.000101055295,3.311537e-07,0.9294942,0.06941542,5.221794e-08,0.00019105914,0.00079789787
487,inesco,fcim,fcim_s489.wav,Sad,401,Sad,Happy,Happy,False,False,False,0.42260516,8.237317e-06,0.0013470823,0.5726525,5.4381876e-06,3.8662707e-05,0.003342985
488,inesco,fcim,fcim_s490.wav,Sad,375,Sad,Surprise,Happy,False,False,True,0.00019576486,5.6864346e-06,0.002619311,0.15484187,8.231147e-09,7.450537e-08,0.8423373
489,inesco,fcim,fcim_s491.wav,Sad,401,Sad,Surprise,Happy,False,False,True,0.002202586,0.00023561303,0.00050935143,0.019345071,6.216622e-10,5.804859e-07,0.9777068
490,inesco,fcim,fcim_s492.wav,Sad,346,Sad,Surprise,Angry,False,False,True,0.27784654,2.6656874e-06,0.058484044,0.111873955,4.3519304e-07,0.00015728278,0.5516351
491,inesco,fcim,fcim_s493.wav,Sad,401,Sad,Surprise,Happy,False,False,True,0.06563037,4.816383e-06,0.019979728,0.2072185,2.1074513e-10,1.8168797e-05,0.7071484
492,inesco,fcim,fcim_s494.wav,Sad,183,Sad,Fear,Sad,False,True,True,1.5810449e-05,4.321613e-05,0.9984168,0.00014733439,1.7078215e-06,0.0008726024,0.0005024713
493,inesco,fcim,fcim_s495.wav,Sad,401,Sad,Surprise,Happy,False,False,True,0.0009694837,1.481985e-06,0.21551411,0.026616119,6.8306893e-09,8.304293e-05,0.7568158
494,inesco,fcim,fcim_s496.wav,Sad,289,Sad,Surprise,Angry,False,False,True,0.0013463557,0.0015251902,0.022840245,0.00041662535,2.407437e-07,0.00016185529,0.9737095
495,inesco,fcim,fcim_s497.wav,Sad,263,Sad,Fear,Happy,False,False,True,0.0054411734,1.2296377e-05,0.60973775,0.3623923,2.5795965e-05,0.00023127026,0.022159452
496,inesco,fcim,fcim_s498.wav,Sad,250,Sad,Angry,Angry,False,False,False,0.9320953,7.7071045e-06,0.024814384,0.0011966783,4.424009e-09,0.0001364622,0.04174946
497,inesco,fcim,fcim_s499.wav,Sad,401,Sad,Surprise,Angry,False,False,True,0.08874275,3.2968816e-05,0.022965934,0.0008588521,3.606751e-07,0.0026870607,0.88471216
498,inesco,fcim,fcim_s500.wav,Sad,327,Sad,Happy,Happy,False,False,False,0.12388532,2.5551875e-05,0.0021685907,0.7464907,3.5885066e-06,8.221851e-05,0.12734404
499,inesco,fcim,fcim_s501.wav,Sad,327,Sad,Surprise,Happy,False,False,True,0.0019217492,9.145032e-06,0.2867139,0.021210112,1.1117261e-08,0.00013235987,0.69001275
500,inesco,fcim,fcim_s502.wav,Sad,196,Sad,Fear,Angry,False,False,True,0.23245656,1.9910287e-08,0.7527532,0.014591222,6.7712186e-08,2.2277223e-05,0.00017671094
501,inesco,fcim,fcim_s503.wav,Sad,362,Sad,Surprise,Angry,False,False,True,0.16932668,8.7606736e-07,0.020628225,0.0876394,5.3603273e-08,1.7436485e-05,0.7223874
502,inesco,fcim,fcim_s504.wav,Sad,276,Sad,Angry,Angry,False,False,False,0.9325502,0.00047866217,0.012318059,0.00041756866,9.462392e-08,0.0003301492,0.053905223
503,inesco,fcim,fcim_s505.wav,Sad,340,Sad,Fear,Happy,False,False,True,0.0002932618,4.7442647e-08,0.99211806,0.0022916577,5.817548e-06,0.0010478758,0.004243228
504,inesco,fcim,fcim_s506.wav,Sad,308,Sad,Fear,Happy,False,False,True,0.0019823422,8.2498156e-07,0.5588353,0.005643797,1.697717e-08,0.00011493389,0.43342274
505,inesco,fcim,fcim_s507.wav,Sad,237,Sad,Fear,Angry,False,False,True,0.33643246,9.430589e-10,0.36797994,0.28946838,6.9564443e-09,1.9703637e-06,0.0061172303
506,inesco,fcim,fcim_s508.wav,Sad,340,Sad,Surprise,Angry,False,False,True,0.36427218,2.6754376e-05,0.004050581,0.0048110695,1.6535257e-07,0.00045467762,0.6263846
507,inesco,fcim,fcim_s509.wav,Sad,369,Sad,Surprise,Happy,False,False,True,0.0046284385,2.468543e-05,0.036530104,0.18321124,3.3018941e-06,7.9252946e-05,0.7755229
508,inesco,fcim,fcim_s510.wav,Sad,401,Sad,Surprise,Happy,False,False,True,4.9867e-06,3.1648128e-08,0.0010556462,0.0009379875,1.9477531e-10,8.345867e-09,0.9980014
509,inesco,fcim,fcim_s511.wav,Sad,401,Sad,Fear,Happy,False,False,True,8.659989e-06,2.298693e-07,0.982156,0.0005062711,5.3398477e-09,0.0002395956,0.017089201
510,inesco,fcim,fcim_s512.wav,Sad,401,Sad,Surprise,Happy,False,False,True,0.010925797,3.1047346e-06,0.054388065,0.053454366,3.6626693e-10,6.334685e-06,0.88122237
511,inesco,fcim,fcim_s513.wav,Sad,378,Sad,Fear,Happy,False,False,True,3.1246343e-06,5.715061e-09,0.99181575,0.00013630677,1.2994766e-08,9.312186e-06,0.008035573
512,inesco,fcim,fcim_s514.wav,Sad,401,Sad,Surprise,Angry,False,False,True,0.030025907,0.0005668596,0.058893006,0.0005599367,2.4010234e-07,0.014872659,0.8950814
513,inesco,fcim,fcim_s515.wav,Sad,212,Sad,Surprise,Angry,False,False,True,6.229914e-05,7.8237367e-10,0.29286817,1.0475868e-05,1.0217919e-10,9.2064475e-08,0.7070589
514,inesco,fcim,fcim_s516.wav,Sad,215,Sad,Surprise,Happy,False,False,True,8.257529e-05,1.0224785e-05,0.08205193,0.055010833,1.9848924e-10,7.0044516e-05,0.86277443
515,inesco,fcim,fcim_s517.wav,Sad,295,Sad,Fear,Angry,False,False,True,0.10081472,0.0018724751,0.6368933,0.0556078,1.7908529e-07,0.002085342,0.20272617
516,inesco,fcim,fcim_s518.wav,Sad,401,Sad,Surprise,Happy,False,False,True,0.006979089,4.5760116e-06,0.031183485,0.049932655,1.0133482e-09,4.036487e-06,0.9118962
517,inesco,fcim,fcim_s519.wav,Sad,343,Sad,Fear,Happy,False,False,True,3.4817192e-05,1.5847924e-08,0.99710757,0.0012229044,1.1379312e-08,4.3678515e-06,0.0016303324
518,inesco,fcim,fcim_s520.wav,Sad,196,Sad,Fear,Happy,False,False,True,0.0034186882,8.203607e-08,0.61870927,0.37702674,1.18358486e-07,0.00081006513,3.509449e-05
519,inesco,fcim,fcim_s521.wav,Sad,196,Sad,Happy,Happy,False,False,False,0.039913908,8.999897e-08,0.066931896,0.8915782,3.2355686e-08,0.0014924512,8.3424944e-05
520,inesco,fcim,fcim_s522.wav,Sad,103,Sad,Fear,Happy,False,False,True,0.032074075,1.0831398e-06,0.6447321,0.16096859,4.338591e-06,3.137445e-05,0.16218846
521,inesco,fcim,fcim_s523.wav,Sad,151,Sad,Fear,Happy,False,False,True,0.00022081853,1.2456208e-05,0.9780634,0.015663855,0.00038905023,0.0030581,0.0025922959
522,inesco,fcim,fcim_s524.wav,Sad,253,Sad,Surprise,Angry,False,False,True,0.0037805245,2.9842076e-07,0.3972434,3.983118e-05,3.198854e-10,7.625003e-06,0.5989282
523,inesco,fcim,fcim_s525.wav,Sad,340,Sad,Surprise,Angry,False,False,True,0.0021797137,4.3833315e-05,0.03634336,0.00020664372,1.4881531e-08,0.00026845222,0.9609579
524,inesco,fcim,fcim_s526.wav,Sad,401,Sad,Happy,Happy,False,False,False,0.12449749,1.0828053e-05,0.16462177,0.6053855,1.726906e-08,0.00080957817,0.10467486
525,inesco,fcim,fcim_s527.wav,Sad,401,Sad,Surprise,Happy,False,False,True,0.00024636328,1.2066022e-07,0.2548935,0.005823416,8.93062e-09,1.07457945e-05,0.73902583
526,inesco,fcim,fcim_s528.wav,Sad,401,Sad,Fear,Angry,False,False,True,0.070596725,3.2749172e-06,0.80676526,0.039190862,3.882534e-08,0.00048278322,0.082961015
527,inesco,fcim,fcim_s529.wav,Sad,295,Sad,Surprise,Happy,False,False,True,9.308371e-06,5.877976e-08,0.02853258,0.0058248052,3.909828e-09,7.951752e-07,0.9656324
528,inesco,fcim,fcim_s530.wav,Sad,340,Sad,Surprise,Angry,False,False,True,0.002664247,5.9365266e-07,0.0017648697,4.6893005e-05,5.863241e-09,1.5626873e-06,0.9955219
529,inesco,fcim,fcim_s531.wav,Sad,193,Sad,Happy,Happy,False,False,False,0.01798114,1.3357572e-06,0.13990244,0.8300356,2.5203661e-08,8.19785e-05,0.01199748
530,inesco,fcim,fcim_s532.wav,Sad,282,Sad,Surprise,Angry,False,False,True,0.056866772,1.2811801e-05,0.074412085,0.0020029498,6.1126194e-08,6.870005e-05,0.8666366
531,inesco,fcim,fcim_s533.wav,Sad,397,Sad,Fear,Happy,False,False,True,0.003492404,7.59823e-06,0.6605882,0.013666814,6.6469505e-07,0.00042694993,0.32181737
532,inesco,fcim,fcim_s534.wav,Sad,401,Sad,Angry,Angry,False,False,False,0.757647,3.932883e-06,0.0037827163,0.004211133,3.6658652e-09,4.8018883e-06,0.23435044
533,inesco,fcim,fcim_s535.wav,Sad,205,Sad,Happy,Happy,False,False,False,0.0108217895,8.639079e-06,0.41997978,0.43384984,1.385381e-07,0.0013588718,0.13398102
534,inesco,fcim,fcim_s536.wav,Sad,333,Sad,Angry,Angry,False,False,False,0.9960187,3.6309273e-05,0.00012588345,0.0026589464,2.1299552e-07,2.0073878e-06,0.0011579859
535,inesco,fcim,fcim_s537.wav,Sad,401,Sad,Surprise,Angry,False,False,True,0.05615276,9.86976e-07,0.0013094964,0.022921074,4.2364254e-09,8.808805e-07,0.91961473
536,inesco,fcim,fcim_s538.wav,Sad,317,Sad,Fear,Angry,False,False,True,0.0035567812,3.6993188e-07,0.8061745,0.00070534064,4.2938885e-07,0.0012926862,0.1882699
537,inesco,fcim,fcim_s539.wav,Sad,231,Sad,Angry,Angry,False,False,False,0.98848677,2.7036995e-07,0.0052713035,0.0012509312,5.52336e-10,5.9380756e-07,0.004990172
538,inesco,fcim,fcim_s540.wav,Sad,401,Sad,Surprise,Angry,False,False,True,0.019020723,0.0006697615,0.0035975138,1.8269793e-06,2.8075808e-09,9.665012e-05,0.9766135
539,inesco,fcim,fcim_s541.wav,Sad,401,Sad,Surprise,Angry,False,False,True,0.19596127,1.5639599e-06,0.3400324,0.018578498,2.2924061e-07,1.981959e-05,0.44540614
540,inesco,fcim,fcim_s542.wav,Sad,401,Sad,Surprise,Angry,False,False,True,0.020203851,0.0003047791,0.2252822,0.010137359,1.2077547e-06,0.0006475787,0.743423
541,inesco,fcim,fcim_s543.wav,Sad,401,Sad,Fear,Happy,False,False,True,6.4432934e-05,9.697609e-08,0.7422986,0.00043416373,3.6304876e-10,5.949963e-07,0.25720212
542,inesco,fcim,fcim_s544.wav,Sad,170,Sad,Fear,Happy,False,False,True,0.0013824259,2.5696652e-08,0.97347665,0.02472582,9.327606e-06,0.0003021405,0.000103682585
543,inesco,fcim,fcim_s545.wav,Sad,372,Sad,Surprise,Happy,False,False,True,0.0019743866,3.3941436e-07,0.00028693874,0.08291303,4.2758406e-09,2.2220002e-08,0.9148253
544,inesco,fcim,fcim_s546.wav,Sad,401,Sad,Fear,Happy,False,False,True,0.00021772509,3.871718e-09,0.82871795,0.10685959,4.5770245e-09,1.1956507e-07,0.064204596
545,inesco,fcim,fcim_s547.wav,Sad,401,Sad,Surprise,Happy,False,False,True,0.0013180493,2.3030654e-05,0.044465743,0.1134964,1.8016994e-08,0.0010480122,0.8396488
546,inesco,fcim,fcim_s548.wav,Sad,324,Sad,Angry,Angry,False,False,False,0.57027286,4.998349e-07,0.37234873,0.008189858,1.7669325e-05,7.368242e-06,0.049163003
547,inesco,fcim,fcim_s549.wav,Sad,359,Sad,Surprise,Happy,False,False,True,0.0001549532,1.16871185e-07,0.03142783,0.00069208513,5.196648e-10,1.8263086e-06,0.9677232
548,inesco,fcim,fcim_s550.wav,Sad,305,Sad,Fear,Angry,False,False,True,0.085455544,4.9564107e-08,0.83052695,0.00094569876,4.1541193e-10,7.833955e-06,0.083063886
549,inesco,fcim,fcim_s551.wav,Sad,330,Sad,Surprise,Angry,False,False,True,0.015537345,6.5641936e-05,0.08467402,0.008978932,1.1561716e-06,0.0005901136,0.8901528
550,inesco,fcim,fcim_s552.wav,Sad,205,Sad,Fear,Happy,False,False,True,0.0061211092,4.8393147e-05,0.8307665,0.08247285,6.7898322e-06,0.080494136,9.030664e-05
551,inesco,fcim,fcim_s553.wav,Sad,161,Sad,Fear,Happy,False,False,True,0.00032132983,0.00017228817,0.87054324,0.017563995,3.79295e-09,0.0008247653,0.11057424
552,inesco,fcim,fcim_s554.wav,Sad,148,Sad,Fear,Angry,False,False,True,0.0035214568,1.1687342e-07,0.99454945,0.0005673585,2.3340226e-06,1.6772781e-05,0.0013425726
553,inesco,fcim,fcim_s555.wav,Sad,311,Sad,Surprise,Angry,False,False,True,0.1392249,0.0007671366,0.029501103,0.004436102,3.099825e-06,0.00027599777,0.82579166
554,inesco,fcim,fcim_s556.wav,Sad,231,Sad,Angry,Angry,False,False,False,0.9721538,3.769911e-05,0.02630367,0.00089875265,2.5741753e-07,2.4053268e-05,0.00058175006
555,inesco,fcim,fcim_s557.wav,Sad,106,Sad,Fear,Angry,False,False,True,0.010453532,2.2142922e-06,0.9784728,0.009513499,3.03356e-06,2.2358302e-06,0.0015525646
556,inesco,fcim,fcim_s558.wav,Sad,221,Sad,Fear,Happy,False,False,True,0.0047079003,2.3451783e-09,0.95757097,0.036079366,1.8135419e-08,4.972803e-07,0.0016412139
557,inesco,fcim,fcim_s559.wav,Sad,292,Sad,Fear,Happy,False,False,True,1.2413888e-05,1.283298e-08,0.7647564,0.02107499,1.942097e-12,1.6417835e-07,0.21415615
558,inesco,fcim,fcim_s560.wav,Sad,119,Sad,Angry,Angry,False,False,False,0.5035463,9.113241e-06,0.2657036,0.1035012,3.2151132e-05,2.876509e-05,0.12717889
559,inesco,fcim,fcim_s561.wav,Sad,292,Sad,Fear,Happy,False,False,True,0.001831599,1.0977924e-06,0.9030351,0.011517084,1.3098443e-08,5.0358167e-06,0.08361005
560,inesco,fcim,fcim_s562.wav,Sad,125,Sad,Angry,Angry,False,False,False,0.641239,5.8765577e-06,0.019194527,0.33675638,0.002587622,2.0691463e-05,0.00019585137
561,inesco,fcim,fcim_s563.wav,Sad,298,Sad,Angry,Angry,False,False,False,0.95405126,0.0048023127,0.0048560277,0.013251881,3.9454832e-07,0.007793641,0.015244445
562,inesco,fcim,fcim_s564.wav,Sad,378,Sad,Fear,Angry,False,False,True,0.004112708,1.2755447e-08,0.85474485,0.00026107967,3.0045882e-07,7.2754183e-06,0.14087382
563,inesco,fcim,fcim_s565.wav,Sad,401,Sad,Surprise,Angry,False,False,True,0.3399626,0.00031875595,0.009649066,0.04134411,4.861713e-07,0.0027116733,0.60601336
564,inesco,fcim,fcim_s566.wav,Sad,109,Sad,Angry,Angry,False,False,False,0.6391189,1.9815307e-06,0.32682058,0.02335877,0.00026631815,6.423485e-06,0.010427098
565,inesco,fcim,fcim_s567.wav,Sad,183,Sad,Fear,Happy,False,False,True,0.0002345715,1.09217915e-07,0.9625475,0.0048824023,1.3685434e-08,9.584619e-05,0.032239627
566,inesco,fcim,fcim_s568.wav,Sad,161,Sad,Fear,Happy,False,False,True,0.00855266,1.1753808e-08,0.822532,0.106236905,1.2932666e-08,3.9749502e-06,0.0626744
567,inesco,fcim,fcim_s569.wav,Sad,401,Sad,Happy,Happy,False,False,False,0.025912011,1.0936478e-07,0.0008540578,0.66355854,1.1214196e-09,3.9719473e-07,0.30967492
568,inesco,fcim,fcim_s570.wav,Sad,375,Sad,Surprise,Angry,False,False,True,2.0503778e-05,3.5497556e-09,0.0019068294,7.248463e-06,5.6548793e-11,3.4779313e-09,0.9980654
569,inesco,fcim,fcim_s571.wav,Sad,324,Sad,Surprise,Angry,False,False,True,0.000989335,2.9644403e-05,0.06727182,0.00020965503,6.4549527e-10,3.3376346e-05,0.93146616
570,inesco,fcim,fcim_s572.wav,Sad,228,Sad,Fear,Happy,False,False,True,0.0013643237,1.0322382e-07,0.89104974,0.100487575,3.820212e-09,1.0661879e-05,0.0070876167
571,inesco,fcim,fcim_s573.wav,Sad,237,Sad,Angry,Angry,False,False,False,0.9905315,4.2459833e-06,0.0049749985,0.004086234,5.43069e-08,0.00038638833,1.6607264e-05
572,inesco,fcim,fcim_s574.wav,Sad,295,Sad,Angry,Angry,False,False,False,0.43196186,9.350903e-06,0.35252732,0.014476322,7.4646805e-06,0.00043962413,0.20057802
573,inesco,fcim,fcim_s575.wav,Sad,228,Sad,Happy,Happy,False,False,False,0.10850892,4.263095e-05,0.0032543067,0.88712025,1.112167e-05,0.0010590261,3.778512e-06
574,inesco,fcim,fcim_s576.wav,Sad,209,Sad,Fear,Angry,False,False,True,0.0046912166,1.0345178e-08,0.9787673,0.0035246676,1.4169143e-09,6.615827e-05,0.012950648
575,inesco,fcim,fcim_s577.wav,Sad,401,Sad,Fear,Happy,False,False,True,5.6256016e-05,3.5313143e-08,0.96591246,0.0029953606,3.9562915e-06,1.6936316e-05,0.031014862
576,inesco,fcim,fcim_s578.wav,Sad,196,Sad,Happy,Happy,False,False,False,0.17160454,1.0498009e-07,0.009597598,0.8185679,1.5737189e-06,5.147215e-05,0.00017682479
577,inesco,fcim,fcim_s579.wav,Sad,196,Sad,Fear,Happy,False,False,True,0.0002491047,1.0133936e-07,0.61790067,0.38165632,3.332268e-07,0.00015081352,4.2622312e-05
578,inesco,fcim,fcim_s580.wav,Sad,401,Sad,Surprise,Angry,False,False,True,0.0013774747,3.6837935e-06,0.24098058,0.0010600634,1.7432242e-09,1.2764555e-05,0.7565654
579,inesco,fcim,fcim_s581.wav,Sad,199,Sad,Fear,Happy,False,False,True,0.0067055128,1.0641321e-08,0.51224136,0.47503927,2.505896e-07,4.461876e-06,0.0060090837
580,inesco,fcim,fcim_s582.wav,Sad,401,Sad,Angry,Angry,False,False,False,0.5070623,5.758923e-05,0.011238988,0.030730203,1.8477775e-06,0.0002520533,0.450657
581,inesco,fcim,fcim_s583.wav,Sad,58,Sad,Fear,Angry,False,False,True,0.23618273,1.0234062e-06,0.75714934,0.0062400876,2.0490137e-05,4.05863e-05,0.0003657529
582,inesco,fcim,fcim_s584.wav,Sad,401,Sad,Fear,Angry,False,False,True,0.00087908783,3.5231595e-10,0.98868537,2.6373855e-05,1.0585601e-08,1.8296399e-06,0.01040724
583,inesco,fcim,fcim_s585.wav,Sad,353,Sad,Surprise,Angry,False,False,True,0.007735701,1.0737144e-05,0.009590873,0.0001391347,3.176689e-08,0.00012629238,0.9823972
584,inesco,fcim,fcim_s586.wav,Sad,388,Sad,Surprise,Happy,False,False,True,5.4247374e-07,1.1519111e-07,0.03265467,0.00053027493,2.8741803e-10,1.3925131e-07,0.96681434
585,inesco,fcim,fcim_s587.wav,Sad,308,Sad,Angry,Angry,False,False,False,0.91840106,8.239149e-06,0.025319887,0.0005578983,1.437373e-07,1.6678207e-07,0.05571264
586,inesco,fcim,fcim_s588.wav,Sad,401,Sad,Surprise,Angry,False,False,True,0.013309835,2.0274294e-08,0.0004279462,0.0015506523,7.3717144e-09,1.1438498e-07,0.9847114
587,inesco,fcim,fcim_s589.wav,Sad,269,Sad,Surprise,Angry,False,False,True,0.21129964,0.000501827,0.15697557,0.020425938,1.9383137e-06,0.00076819956,0.61002696
588,inesco,fcim,fcim_s590.wav,Sad,247,Sad,Angry,Angry,False,False,False,0.92572266,1.1630228e-07,0.012070487,0.003181988,4.8789865e-09,1.0044603e-07,0.05902464
589,inesco,fcim,fcim_s591.wav,Sad,401,Sad,Surprise,Angry,False,False,True,0.15525815,4.7956437e-05,0.24457608,0.002043041,1.6749154e-06,0.0005655041,0.59750754
590,inesco,fcim,fcim_s592.wav,Sad,401,Sad,Surprise,Happy,False,False,True,3.6566522e-05,2.0281321e-07,0.04870464,0.00012232042,1.9477245e-08,6.5952946e-07,0.9511356
591,inesco,fcim,fcim_s593.wav,Sad,353,Sad,Fear,Angry,False,False,True,0.004932435,5.5987538e-08,0.9901068,0.0005860879,6.9119025e-08,8.400522e-05,0.004290414
592,inesco,fcim,fcim_s594.wav,Sad,401,Sad,Surprise,Happy,False,False,True,0.00026740646,3.669185e-08,0.2709149,0.07009417,4.7882835e-09,2.5925921e-05,0.65869755
593,inesco,fcim,fcim_s595.wav,Sad,401,Sad,Surprise,Happy,False,False,True,0.030922644,0.00062708504,0.092141904,0.06535916,1.26976545e-08,0.0015369528,0.8094123
594,inesco,fcim,fcim_s596.wav,Sad,401,Sad,Surprise,Angry,False,False,True,0.0007596255,3.616073e-06,0.013580884,0.0005012751,1.4252262e-08,0.00016532346,0.9849893
595,inesco,fcim,fcim_s597.wav,Sad,401,Sad,Surprise,Sad,False,True,True,0.00046088858,3.006923e-06,0.010974476,0.00035572564,1.9357267e-06,0.00057727745,0.9876266
596,inesco,fcim,fcim_s598.wav,Sad,397,Sad,Happy,Happy,False,False,False,0.039478477,8.1945905e-07,0.0010066398,0.7852762,4.4267146e-08,1.3550443e-06,0.17423654
597,inesco,fcim,fcim_s599.wav,Sad,401,Sad,Surprise,Happy,False,False,True,0.0031388735,0.00018874828,0.00041179635,0.16073346,1.12362875e-08,7.4439987e-07,0.8355264
598,inesco,fcim,fcim_s600.wav,Sad,401,Sad,Angry,Angry,False,False,False,0.59020835,4.560182e-06,0.1589186,0.03476855,7.9274805e-08,6.309598e-05,0.21603674
599,inesco,fyat,fyat_a212.wav,Angry,189,Angry,Surprise,Happy,False,False,True,0.0036385695,1.4796689e-06,0.0003642953,0.00661506,2.2957085e-08,6.322948e-07,0.98937994
600,inesco,fyat,fyat_a213.wav,Angry,173,Angry,Angry,Angry,True,True,False,0.9825179,3.7166332e-09,0.000116984935,0.016605133,4.383823e-11,1.5116713e-08,0.00075995503
601,inesco,fyat,fyat_a214.wav,Angry,225,Angry,Angry,Angry,True,True,False,0.51531696,0.0312488,0.0027223306,0.31583595,4.012324e-05,0.00017898102,0.13465685
602,inesco,fyat,fyat_a215.wav,Angry,257,Angry,Happy,Happy,False,False,False,0.052041445,3.207691e-05,0.036892813,0.78440154,8.911043e-09,5.7833e-05,0.12657426
603,inesco,fyat,fyat_a216.wav,Angry,228,Angry,Fear,Happy,False,False,True,0.001177586,8.712166e-06,0.7408959,0.029542405,3.0057976e-08,3.5220706e-05,0.22834016
604,inesco,fyat,fyat_a217.wav,Angry,151,Angry,Happy,Happy,False,False,False,0.00040445247,1.3304477e-08,0.053587634,0.9280286,2.747259e-06,0.00024134025,0.017735204
605,inesco,fyat,fyat_a218.wav,Angry,346,Angry,Surprise,Happy,False,False,True,8.211482e-07,7.3962074e-06,2.2926164e-05,2.9882143e-05,1.2641309e-10,3.9266862e-07,0.9999386
606,inesco,fyat,fyat_a219.wav,Angry,369,Angry,Surprise,Happy,False,False,True,3.086552e-08,9.748081e-10,0.0015782464,0.00038530558,1.1786608e-13,2.8679747e-07,0.9980362
607,inesco,fyat,fyat_a220.wav,Angry,241,Angry,Angry,Angry,True,True,False,0.82236713,0.003418044,0.0007382524,0.16322738,1.1307175e-07,0.00056207326,0.009686933
608,inesco,fyat,fyat_a221.wav,Angry,401,Angry,Surprise,Happy,False,False,True,0.01289997,0.007171322,0.00046350597,0.023757022,0.00012987264,0.008814167,0.94676405
609,inesco,fyat,fyat_a222.wav,Angry,148,Angry,Angry,Angry,True,True,False,0.828693,4.9226305e-06,0.16757348,0.0024942458,5.8472483e-07,1.192009e-05,0.0012218379
610,inesco,fyat,fyat_a223.wav,Angry,269,Angry,Surprise,Happy,False,False,True,0.00029726318,1.50390915e-05,0.022771794,0.0018352063,2.7793174e-09,4.1293755e-05,0.97503936
611,inesco,fyat,fyat_a224.wav,Angry,330,Angry,Angry,Angry,True,True,False,0.65177137,0.0081196185,2.132012e-05,0.13404521,8.796568e-05,0.00022350998,0.20573106
612,inesco,fyat,fyat_a225.wav,Angry,228,Angry,Disgust,Sad,False,False,True,0.062529944,0.80894256,0.01096597,0.013011414,0.00018364229,0.10054463,0.003821793
613,inesco,fyat,fyat_a226.wav,Angry,273,Angry,Surprise,Angry,False,True,True,0.004963189,0.05250255,7.8780264e-05,0.0002609395,3.6028112e-07,4.7554477e-05,0.94214654
614,inesco,fyat,fyat_a227.wav,Angry,401,Angry,Happy,Happy,False,False,False,0.111274384,4.7980957e-05,0.013880421,0.74517554,0.0019092388,0.12257554,0.0051368903
615,inesco,fyat,fyat_a228.wav,Angry,125,Angry,Angry,Angry,True,True,False,0.4593579,9.7862916e-08,0.28333935,0.07033096,4.2734307e-08,2.879256e-06,0.18696879
616,inesco,fyat,fyat_a229.wav,Angry,401,Angry,Surprise,Happy,False,False,True,0.0009788371,0.001446482,0.00013246237,0.40926662,4.4462053e-07,4.445171e-05,0.5881308
617,inesco,fyat,fyat_a230.wav,Angry,401,Angry,Disgust,Angry,False,True,True,0.058088653,0.93343484,2.9775189e-05,1.6869137e-05,1.1265068e-07,1.6826733e-07,0.00842962
618,inesco,fyat,fyat_a231.wav,Angry,311,Angry,Surprise,Happy,False,False,True,0.0001191212,9.016367e-05,9.662202e-06,0.12629199,8.2138374e-10,1.4087745e-07,0.87348896
619,inesco,fyat,fyat_a232.wav,Angry,221,Angry,Angry,Angry,True,True,False,0.6559519,2.1457646e-07,0.33898893,0.003770846,1.6469754e-08,7.464543e-06,0.0012805337
620,inesco,fyat,fyat_a233.wav,Angry,349,Angry,Surprise,Sad,False,False,True,0.0024389985,0.12173285,0.0062145432,0.029794095,7.2889554e-05,0.08060983,0.75913674
621,inesco,fyat,fyat_a234.wav,Angry,84,Angry,Fear,Happy,False,False,True,0.0428963,1.0228696e-05,0.46130848,0.27967414,8.087105e-08,1.7937442e-05,0.21609278
622,inesco,fyat,fyat_a235.wav,Angry,135,Angry,Fear,Happy,False,False,True,5.2397996e-07,3.9145354e-12,0.9996573,1.5707335e-05,4.5849566e-10,5.150248e-10,0.0003265164
623,inesco,fyat,fyat_a236.wav,Angry,228,Angry,Surprise,Angry,False,True,True,5.2069274e-05,2.1027088e-06,3.793008e-05,1.6629441e-05,5.5337077e-09,4.639527e-07,0.9998908
624,inesco,fyat,fyat_a237.wav,Angry,141,Angry,Surprise,Happy,False,False,True,2.346916e-06,4.3712617e-11,0.0024935417,0.001450538,3.791744e-08,3.2046414e-11,0.9960536
625,inesco,fyat,fyat_a238.wav,Angry,148,Angry,Angry,Angry,True,True,False,0.9215524,7.657285e-08,0.018349485,0.048170242,3.1913757e-07,3.1641014e-07,0.011927071
626,inesco,fyat,fyat_a239.wav,Angry,161,Angry,Happy,Happy,False,False,False,0.06430545,4.373473e-07,0.006422168,0.92681056,4.6681015e-07,2.7522597e-06,0.002458205
627,inesco,fyat,fyat_a240.wav,Angry,237,Angry,Surprise,Happy,False,False,True,0.0010045528,0.00020734714,0.0007060262,0.10411062,3.2779343e-07,3.967761e-07,0.89397067
628,inesco,fyat,fyat_a241.wav,Angry,119,Angry,Surprise,Angry,False,True,True,0.21290989,0.0010447296,0.2722167,0.03861776,5.042827e-05,0.00023384739,0.47492674
629,inesco,fyat,fyat_a242.wav,Angry,401,Angry,Happy,Happy,False,False,False,0.04237394,0.025288582,0.00043133742,0.8124608,1.504206e-05,8.414451e-05,0.1193462
630,inesco,fyat,fyat_a243.wav,Angry,228,Angry,Surprise,Angry,False,True,True,0.28805497,0.04685136,0.07589428,0.014409509,2.8684472e-08,0.0037760593,0.57101387
631,inesco,fyat,fyat_a244.wav,Angry,289,Angry,Angry,Angry,True,True,False,0.90859985,0.0067021414,1.1276147e-05,0.03401013,1.7638399e-07,3.2243683e-05,0.050644267
632,inesco,fyat,fyat_a245.wav,Angry,349,Angry,Surprise,Happy,False,False,True,0.09421551,0.19597585,8.941533e-05,0.14676243,4.5686543e-06,0.0010256403,0.5619266
633,inesco,fyat,fyat_a246.wav,Angry,113,Angry,Angry,Angry,True,True,False,0.7952586,0.0002460134,0.001413555,0.087828524,1.3639176e-05,4.33499e-06,0.115235336
634,inesco,fyat,fyat_a247.wav,Angry,385,Angry,Happy,Happy,False,False,False,0.0007358972,0.00043900413,5.2795393e-05,0.67723304,1.0978659e-12,4.837704e-09,0.32153922
635,inesco,fyat,fyat_a248.wav,Angry,327,Angry,Angry,Angry,True,True,False,0.9058891,0.00011915648,0.0015702706,0.0587055,0.00030125625,3.657296e-05,0.033378202
636,inesco,fyat,fyat_a249.wav,Angry,263,Angry,Angry,Angry,True,True,False,0.9162152,0.00025151516,0.0008370716,0.06557965,0.0007136957,0.00039639912,0.016006446
637,inesco,fyat,fyat_a250.wav,Angry,346,Angry,Happy,Happy,False,False,False,0.016184218,4.3747565e-05,0.050973352,0.47204882,3.4886266e-08,1.05591225e-05,0.4607393
638,inesco,fyat,fyat_a251.wav,Angry,241,Angry,Happy,Happy,False,False,False,0.18008962,0.005272979,0.007190693,0.656186,8.52246e-08,1.1274964e-05,0.15124933
639,inesco,fyat,fyat_a252.wav,Angry,314,Angry,Happy,Happy,False,False,False,0.055182334,0.0016077072,0.034771785,0.75937104,0.002696612,0.0021203419,0.14425023
640,inesco,fyat,fyat_a253.wav,Angry,228,Angry,Happy,Happy,False,False,False,0.0005475202,3.6455196e-05,0.059381075,0.84481335,9.395729e-09,1.7658623e-06,0.09521979
641,inesco,fyat,fyat_a254.wav,Angry,231,Angry,Angry,Angry,True,True,False,0.79036427,2.9272524e-05,0.007388542,0.20199165,8.348821e-08,3.9919e-06,0.00022210665
642,inesco,fyat,fyat_a255.wav,Angry,269,Angry,Angry,Angry,True,True,False,0.9427357,0.0012827207,3.1842566e-05,5.1804167e-05,3.5313306e-08,6.147393e-05,0.05583649
643,inesco,fyat,fyat_a256.wav,Angry,349,Angry,Angry,Angry,True,True,False,0.9430164,1.7749151e-06,0.016365997,0.031046769,5.4466886e-07,3.2878248e-05,0.009535579
644,inesco,fyat,fyat_a257.wav,Angry,282,Angry,Surprise,Angry,False,True,True,0.0015430135,0.00167526,1.1903335e-06,2.3248911e-05,1.24979e-10,7.120475e-08,0.9967572
645,inesco,fyat,fyat_a258.wav,Angry,138,Angry,Surprise,Happy,False,False,True,0.00033606862,6.607606e-09,0.0031543882,0.046693034,2.0597486e-08,2.5786975e-09,0.94981647
646,inesco,fyat,fyat_a259.wav,Angry,292,Angry,Happy,Happy,False,False,False,0.040821422,0.00049013604,0.022200588,0.93391097,2.082452e-07,1.623406e-05,0.0025604381
647,inesco,fyat,fyat_a260.wav,Angry,356,Angry,Angry,Angry,True,True,False,0.98929846,0.0008043368,0.00040740197,0.00060810545,2.7499713e-05,0.00057647424,0.00827775
648,inesco,fyat,fyat_a261.wav,Angry,247,Angry,Angry,Angry,True,True,False,0.98063654,1.4108502e-07,0.0022847345,0.016824909,5.3667577e-08,1.6532804e-06,0.0002519601
649,inesco,fyat,fyat_a262.wav,Angry,202,Angry,Angry,Angry,True,True,False,0.99968493,6.747003e-09,1.0532221e-05,0.00030366945,1.019529e-10,1.8632784e-10,7.7930474e-07
650,inesco,fyat,fyat_a263.wav,Angry,276,Angry,Angry,Angry,True,True,False,0.69523364,0.00012279568,2.9741394e-05,0.29887643,8.65131e-06,8.6992795e-06,0.0057199704
651,inesco,fyat,fyat_a264.wav,Angry,100,Angry,Fear,Angry,False,True,True,0.021690622,2.3569776e-06,0.6662627,0.0019922745,3.9987933e-09,4.4518092e-07,0.31005168
652,inesco,fyat,fyat_a265.wav,Angry,93,Angry,Angry,Angry,True,True,False,0.67592007,2.906713e-05,0.0012776019,0.13574219,6.240623e-07,3.076942e-05,0.18699963
653,inesco,fyat,fyat_a266.wav,Angry,372,Angry,Surprise,Angry,False,True,True,0.23961242,0.005968978,0.0002794857,0.0050733387,1.6414549e-06,6.2482504e-06,0.74905795
654,inesco,fyat,fyat_a267.wav,Angry,129,Angry,Surprise,Angry,False,True,True,0.38363412,3.4266134e-06,0.0013591414,0.00033378197,6.416019e-07,6.669425e-06,0.61466223
655,inesco,fyat,fyat_a268.wav,Angry,87,Angry,Surprise,Angry,False,True,True,0.33912927,7.026941e-05,0.0024485383,0.022482684,9.203918e-06,1.933443e-05,0.6358407
656,inesco,fyat,fyat_a269.wav,Angry,129,Angry,Fear,Angry,False,True,True,0.22126712,5.701237e-06,0.7400398,0.009612695,1.0044829e-05,1.2932679e-06,0.029063407
657,inesco,fyat,fyat_a270.wav,Angry,170,Angry,Angry,Angry,True,True,False,0.9585581,1.1555762e-07,0.022440953,0.008043562,3.2622714e-07,1.2336931e-06,0.010955765
658,inesco,fyat,fyat_a271.wav,Angry,337,Angry,Surprise,Angry,False,True,True,0.00046263536,5.7411676e-06,0.014480269,0.00011970524,1.4895105e-09,2.6433157e-05,0.9849052
659,inesco,fyat,fyat_a272.wav,Angry,260,Angry,Angry,Angry,True,True,False,0.74366534,0.0004396289,0.0013517621,0.24742924,2.5672454e-05,0.0016517668,0.005436583
660,inesco,fyat,fyat_a273.wav,Angry,241,Angry,Angry,Angry,True,True,False,0.99331975,1.4691228e-05,2.8884375e-05,0.002297902,1.0397973e-08,2.0635822e-07,0.004338561
661,inesco,fyat,fyat_a274.wav,Angry,401,Angry,Happy,Happy,False,False,False,0.0003003305,2.5440886e-07,0.053480532,0.7435375,1.5113139e-09,6.7875306e-05,0.20261352
662,inesco,fyat,fyat_a275.wav,Angry,151,Angry,Angry,Angry,True,True,False,0.60785043,5.973593e-08,0.00016295706,0.37717125,2.6781748e-07,1.506949e-07,0.014814809
663,inesco,fyat,fyat_a276.wav,Angry,218,Angry,Angry,Angry,True,True,False,0.90810823,6.327089e-05,2.7602073e-05,0.07680801,2.5873109e-05,2.6357768e-06,0.014964328
664,inesco,fyat,fyat_a277.wav,Angry,308,Angry,Happy,Happy,False,False,False,0.019340258,2.6413178e-05,0.07535728,0.86314756,3.8256392e-08,3.7783984e-06,0.04212482
665,inesco,fyat,fyat_a278.wav,Angry,401,Angry,Surprise,Happy,False,False,True,0.00019184891,0.000558689,5.2187275e-05,0.0008406558,4.090754e-10,2.7442493e-07,0.9983564
666,inesco,fyat,fyat_a279.wav,Angry,385,Angry,Surprise,Angry,False,True,True,0.0010735809,6.566153e-05,0.0049891574,0.0003166842,1.076123e-07,0.00068168365,0.9928732
667,inesco,fyat,fyat_a280.wav,Angry,314,Angry,Surprise,Angry,False,True,True,0.0003405038,0.00029221846,6.3319408e-06,0.00010341166,2.9744374e-09,9.3550346e-07,0.99925655
668,inesco,fyat,fyat_a281.wav,Angry,279,Angry,Surprise,Angry,False,True,True,0.19256166,2.7600292e-05,0.15664709,0.028671129,2.0484629e-06,0.0014905607,0.6205999
669,inesco,fyat,fyat_a282.wav,Angry,260,Angry,Surprise,Angry,False,True,True,0.00018160333,2.9319664e-05,0.00031561076,2.9219914e-06,5.7211985e-10,1.6087477e-06,0.99946886
670,inesco,fyat,fyat_a283.wav,Angry,378,Angry,Surprise,Happy,False,False,True,8.01388e-05,2.3605192e-08,4.4782937e-05,0.0018934513,4.7004987e-09,5.1480583e-07,0.99798113
671,inesco,fyat,fyat_a284.wav,Angry,266,Angry,Happy,Happy,False,False,False,0.011542109,1.5116968e-06,0.03673697,0.6886875,3.0085088e-09,2.4954966e-06,0.26302937
672,inesco,fyat,fyat_a285.wav,Angry,218,Angry,Angry,Angry,True,True,False,0.9802388,2.5139056e-05,7.388287e-05,0.019408097,2.7569292e-06,1.2052203e-05,0.00023940511
673,inesco,fyat,fyat_a286.wav,Angry,359,Angry,Surprise,Angry,False,True,True,0.0076083317,0.08043062,6.5930703e-06,0.0038526806,2.1831449e-05,6.383173e-05,0.90801615
674,inesco,fyat,fyat_a287.wav,Angry,273,Angry,Angry,Angry,True,True,False,0.6566615,0.00298454,0.002501903,0.018346714,5.7974685e-06,0.0016904227,0.3178092
675,inesco,fyat,fyat_a288.wav,Angry,289,Angry,Angry,Angry,True,True,False,0.34455037,0.0029788292,0.33049336,0.067832135,4.158828e-06,0.22870708,0.025434082
676,inesco,fyat,fyat_a289.wav,Angry,132,Angry,Angry,Angry,True,True,False,0.798877,9.2291875e-06,0.088986516,0.020332394,7.3098676e-08,1.387201e-07,0.091794685
677,inesco,fyat,fyat_a290.wav,Angry,353,Angry,Surprise,Angry,False,True,True,0.0019438078,6.324037e-06,1.935253e-05,0.0003371734,1.4845895e-11,1.0753763e-07,0.99769324
678,inesco,fyat,fyat_a291.wav,Angry,161,Angry,Surprise,Angry,False,True,True,0.43068454,2.0366406e-07,0.1251882,0.0026901946,3.954914e-09,4.370614e-06,0.44143245
679,inesco,fyat,fyat_a292.wav,Angry,71,Angry,Surprise,Angry,False,True,True,0.23971283,3.181664e-05,0.0014707791,0.010508679,4.4683838e-07,3.9668053e-06,0.7482715
680,inesco,fyat,fyat_a293.wav,Angry,225,Angry,Angry,Angry,True,True,False,0.6659433,0.05972128,0.014100933,0.21220718,2.686472e-05,0.0035253316,0.04447516
681,inesco,fyat,fyat_a294.wav,Angry,401,Angry,Surprise,Happy,False,False,True,0.08855449,0.003366292,0.00020203137,0.13805698,0.00040748745,2.5731937e-05,0.769387
682,inesco,fyat,fyat_a295.wav,Angry,333,Angry,Angry,Angry,True,True,False,0.8222659,0.009739942,0.0003106278,0.020082919,5.3295503e-06,4.0164792e-05,0.14755519
683,inesco,fyat,fyat_a296.wav,Angry,141,Angry,Fear,Angry,False,True,True,0.25837547,3.5841576e-09,0.7224873,0.002257988,4.4705897e-09,5.8843895e-08,0.016879216
684,inesco,fyat,fyat_a297.wav,Angry,116,Angry,Surprise,Angry,False,True,True,0.03959554,0.00016197588,0.27197117,0.0037342524,9.448145e-06,0.00025175873,0.6842759
685,inesco,fyat,fyat_a298.wav,Angry,186,Angry,Happy,Happy,False,False,False,2.5611197e-07,2.2850659e-10,9.523676e-05,0.8933759,5.8234294e-12,9.2958713e-10,0.106528684
686,inesco,fyat,fyat_a299.wav,Angry,250,Angry,Angry,Angry,True,True,False,0.6881897,0.00023050948,1.6569929e-06,0.00051149586,3.3933368e-08,4.9127294e-08,0.31106663
687,inesco,fyat,fyat_a300.wav,Angry,401,Angry,Surprise,Happy,False,False,True,3.9774077e-09,8.94468e-09,1.7591232e-05,0.00047184294,2.2437993e-12,5.4731264e-09,0.9995105
688,inesco,fyat,fyat_a301.wav,Angry,250,Angry,Angry,Angry,True,True,False,0.6629571,0.023662312,0.01638012,0.29493716,1.47457e-06,0.00037135696,0.0016905315
689,inesco,fyat,fyat_a302.wav,Angry,333,Angry,Angry,Angry,True,True,False,0.97420746,4.750287e-06,7.496682e-05,0.0029907804,4.4092118e-07,7.858122e-08,0.02272161
690,inesco,fyat,fyat_a303.wav,Angry,372,Angry,Surprise,Angry,False,True,True,0.24614275,6.343776e-06,0.00019614861,0.24272516,0.0002151565,2.3662598e-05,0.51069075
691,inesco,fyat,fyat_a304.wav,Angry,196,Angry,Happy,Happy,False,False,False,0.057299793,2.681161e-09,0.21266963,0.56035286,1.1239732e-07,1.8146654e-06,0.16967574
692,inesco,fyat,fyat_a305.wav,Angry,346,Angry,Surprise,Angry,False,True,True,0.061653674,0.02596902,0.00040775514,6.1587445e-05,3.5528145e-09,1.1848924e-05,0.9118961
693,inesco,fyat,fyat_a306.wav,Angry,289,Angry,Angry,Angry,True,True,False,0.99628276,5.6869612e-06,6.320253e-06,0.0036678675,9.685081e-08,7.143909e-07,3.6594538e-05
694,inesco,fyat,fyat_a307.wav,Angry,189,Angry,Angry,Angry,True,True,False,0.99925154,4.588171e-09,1.256514e-07,0.00074796384,1.2208302e-10,3.241253e-10,3.7829665e-07
695,inesco,fyat,fyat_a308.wav,Angry,340,Angry,Angry,Angry,True,True,False,0.53594226,1.1858593e-05,2.0106813e-06,0.0011228865,9.819806e-12,1.1352865e-08,0.462921
696,inesco,fyat,fyat_a309.wav,Angry,68,Angry,Fear,Angry,False,True,True,0.2818513,4.470955e-06,0.47443599,0.01893956,6.8939363e-07,1.7354689e-06,0.2247663
697,inesco,fyat,fyat_a310.wav,Angry,109,Angry,Angry,Angry,True,True,False,0.76035583,2.0690215e-05,0.20576954,0.0011917559,2.279071e-07,3.2317275e-05,0.03262965
698,inesco,fyat,fyat_a311.wav,Angry,145,Angry,Fear,Happy,False,False,True,2.0333133e-05,2.943341e-09,0.53284836,0.22530957,0.00030767938,0.00020941887,0.24130468
699,inesco,fyat,fyat_a312.wav,Angry,202,Angry,Happy,Happy,False,False,False,0.007288431,1.6322877e-09,0.04101944,0.9513289,2.7719957e-09,1.0564262e-05,0.00035266855
700,inesco,fyat,fyat_a313.wav,Angry,247,Angry,Happy,Happy,False,False,False,0.0392962,2.4508927e-07,7.1528516e-06,0.8639732,1.676013e-09,5.4043574e-09,0.09672327
701,inesco,fyat,fyat_a314.wav,Angry,279,Angry,Angry,Angry,True,True,False,0.9361851,0.016687552,0.0027760093,0.0010815745,2.5272644e-05,9.1268514e-05,0.04315319
702,inesco,fyat,fyat_a315.wav,Angry,401,Angry,Happy,Happy,False,False,False,0.33543822,0.012409195,1.2585426e-05,0.46290302,7.456557e-07,8.133187e-06,0.1892281
703,inesco,fyat,fyat_a316.wav,Angry,401,Angry,Surprise,Happy,False,False,True,0.028041381,6.481797e-07,0.0877999,0.28383344,1.6197417e-09,4.3648465e-06,0.6003202
704,inesco,fyat,fyat_a317.wav,Angry,362,Angry,Disgust,Sad,False,False,True,0.0019499084,0.95851445,0.004035044,0.00791146,2.918092e-05,0.010040725,0.01751921
705,inesco,fyat,fyat_a318.wav,Angry,199,Angry,Angry,Angry,True,True,False,0.8408592,1.9312616e-08,0.0060343794,0.15307678,1.2166483e-07,2.8663436e-07,2.9285384e-05
706,inesco,fyat,fyat_a319.wav,Angry,401,Angry,Fear,Happy,False,False,True,9.0671194e-05,5.824927e-11,0.89474285,0.0801744,3.700982e-11,3.3782646e-07,0.024991777
707,inesco,fyat,fyat_a320.wav,Angry,177,Angry,Angry,Angry,True,True,False,0.92845625,0.00048336785,0.00046413753,0.06960039,5.598434e-05,8.365e-05,0.0008562484
708,inesco,fyat,fyat_a321.wav,Angry,103,Angry,Angry,Angry,True,True,False,0.9964101,6.6951166e-06,0.003517652,1.0519786e-05,1.0012432e-06,1.7066832e-07,5.3912358e-05
709,inesco,fyat,fyat_a322.wav,Angry,71,Angry,Angry,Angry,True,True,False,0.9838734,0.000227667,0.0052484274,0.009695421,4.843018e-07,0.00075121695,0.00020334544
710,inesco,fyat,fyat_a323.wav,Angry,58,Angry,Angry,Angry,True,True,False,0.99696904,5.0424285e-05,0.0003781843,0.0006147079,1.246179e-06,7.632629e-06,0.0019788765
711,inesco,fyat,fyat_a324.wav,Angry,173,Angry,Surprise,Happy,False,False,True,0.0016118783,3.853918e-09,0.2757571,0.067768365,1.0251427e-08,1.0349093e-07,0.6548626
712,inesco,fyat,fyat_a325.wav,Angry,113,Angry,Surprise,Angry,False,True,True,0.025568027,1.5466456e-05,0.021448437,0.018734189,3.3359195e-06,3.6334404e-05,0.9341942
713,inesco,fyat,fyat_a326.wav,Angry,317,Angry,Surprise,Happy,False,False,True,0.0010427261,0.00013494528,0.01056629,0.0019350935,4.8731404e-06,2.3362873e-05,0.9862927
714,inesco,fyat,fyat_a327.wav,Angry,285,Angry,Surprise,Angry,False,True,True,0.44320986,0.0016959186,0.005301925,0.028681405,1.4705238e-06,2.2611535e-05,0.5210868
715,inesco,fyat,fyat_a328.wav,Angry,330,Angry,Surprise,Sad,False,False,True,1.12227e-05,4.688297e-05,0.32307664,0.00021492908,3.448346e-09,0.0003097446,0.6763406
716,inesco,fyat,fyat_a329.wav,Angry,205,Angry,Happy,Happy,False,False,False,0.36299583,4.418736e-05,0.030298524,0.60247046,1.5960148e-05,0.00036812638,0.0038068625
717,inesco,fyat,fyat_a330.wav,Angry,135,Angry,Fear,Angry,False,True,True,0.31283954,7.889526e-07,0.66165924,0.01632992,6.707105e-07,2.8241925e-06,0.009166985
718,inesco,fyat,fyat_a331.wav,Angry,193,Angry,Angry,Angry,True,True,False,0.9981463,2.5005693e-06,4.8691963e-06,0.0010676194,4.2793143e-08,8.450585e-06,0.00077025936
719,inesco,fyat,fyat_a332.wav,Angry,129,Angry,Fear,Happy,False,False,True,0.00040026873,8.6364865e-10,0.9314226,0.01994027,1.3268617e-08,3.0394378e-07,0.04823653
720,inesco,fyat,fyat_a333.wav,Angry,103,Angry,Angry,Angry,True,True,False,0.99961793,3.8233957e-06,0.00030253571,4.0317555e-05,3.8565187e-08,2.9357474e-07,3.506647e-05
721,inesco,fyat,fyat_a334.wav,Angry,244,Angry,Angry,Angry,True,True,False,0.937643,0.029895023,7.8337165e-05,0.03198857,3.1072723e-08,3.6001416e-05,0.00035904913
722,inesco,fyat,fyat_a335.wav,Angry,173,Angry,Angry,Angry,True,True,False,0.99015135,6.1110186e-06,0.00010116542,0.0019878398,1.5587615e-07,8.1322995e-08,0.007753272
723,inesco,fyat,fyat_a336.wav,Angry,205,Angry,Happy,Happy,False,False,False,0.45837358,4.660722e-05,0.04950549,0.48767388,0.00028669302,0.003982389,0.00013141902
724,inesco,fyat,fyat_a337.wav,Angry,170,Angry,Angry,Angry,True,True,False,0.99661225,2.1521227e-07,0.0014124612,0.0019599413,1.4483031e-09,6.7383485e-09,1.5137801e-05
725,inesco,fyat,fyat_a338.wav,Angry,225,Angry,Happy,Happy,False,False,False,0.38586658,0.1174554,0.0038557407,0.48170665,1.256651e-07,0.0002379163,0.010877588
726,inesco,fyat,fyat_a339.wav,Angry,397,Angry,Surprise,Happy,False,False,True,0.010341829,0.004764188,9.099777e-05,0.031794194,1.0492512e-10,1.2536392e-06,0.9530076
727,inesco,fyat,fyat_a340.wav,Angry,109,Angry,Angry,Angry,True,True,False,0.96010804,1.909327e-05,0.028687453,0.000991767,6.18113e-07,3.771933e-05,0.010155278
728,inesco,fyat,fyat_a341.wav,Angry,289,Angry,Surprise,Happy,False,False,True,0.0034824205,9.56423e-06,8.562384e-05,0.12899196,2.697033e-10,1.0408476e-06,0.86742944
729,inesco,fyat,fyat_a342.wav,Angry,298,Angry,Surprise,Angry,False,True,True,0.077464886,0.00041318338,0.0009777648,0.016837945,3.6391395e-06,0.00020362176,0.9040989
730,inesco,fyat,fyat_a343.wav,Angry,205,Angry,Happy,Happy,False,False,False,0.003936065,4.5344327e-06,0.3624609,0.6140769,3.676144e-07,0.00018561102,0.019335533
731,inesco,fyat,fyat_a344.wav,Angry,164,Angry,Happy,Happy,False,False,False,0.00015690607,1.8264991e-10,0.0008996792,0.8499012,1.7667029e-08,1.1005916e-09,0.14904222
732,inesco,fyat,fyat_a345.wav,Angry,157,Angry,Fear,Happy,False,False,True,0.0017867996,8.35948e-08,0.9112944,0.06648633,1.36544696e-08,7.0198994e-06,0.020425366
733,inesco,fyat,fyat_a346.wav,Angry,337,Angry,Surprise,Angry,False,True,True,0.38914245,0.00025683598,0.009213233,0.0126182875,2.1032147e-06,0.00027374894,0.58849335
734,inesco,fyat,fyat_a347.wav,Angry,225,Angry,Fear,Angry,False,True,True,0.09615122,8.570579e-05,0.85351634,0.024712097,4.6061423e-08,0.012396083,0.013138409
735,inesco,fyat,fyat_a348.wav,Angry,109,Angry,Fear,Angry,False,True,True,0.075407565,3.94007e-06,0.79739344,0.013315853,2.418039e-07,2.747283e-06,0.113876216
736,inesco,fyat,fyat_a349.wav,Angry,186,Angry,Happy,Happy,False,False,False,0.4305542,8.7668377e-07,0.006151622,0.55537444,7.0306464e-07,1.0792838e-06,0.0079170065
737,inesco,fyat,fyat_a350.wav,Angry,401,Angry,Fear,Angry,False,True,True,0.116207786,2.8883136e-08,0.5876378,0.0032653688,2.3915349e-11,1.5552712e-07,0.29288882
738,inesco,fyat,fyat_a351.wav,Angry,244,Angry,Angry,Angry,True,True,False,0.9714121,1.3019294e-05,0.001996445,0.020218374,1.6431683e-08,4.272224e-06,0.0063557383
739,inesco,fyat,fyat_a352.wav,Angry,189,Angry,Fear,Sad,False,False,True,1.2071233e-05,1.3668027e-07,0.9994419,0.00012474915,1.5455493e-08,0.00041538678,5.722453e-06
740,inesco,fyat,fyat_a353.wav,Angry,263,Angry,Surprise,Angry,False,True,True,0.13093224,0.0020973657,0.00052320526,0.00010592568,4.6861967e-08,0.00067638385,0.86566484
741,inesco,fyat,fyat_a354.wav,Angry,356,Angry,Surprise,Angry,False,True,True,0.038108967,8.906887e-06,0.18515839,0.024984144,1.0910053e-07,0.00041815275,0.7513213
742,inesco,fyat,fyat_a355.wav,Angry,266,Angry,Surprise,Angry,False,True,True,0.009201965,7.055014e-05,0.0025773214,0.001025749,6.0234473e-10,1.8294662e-07,0.9871242
743,inesco,fyat,fyat_a356.wav,Angry,308,Angry,Angry,Angry,True,True,False,0.6213756,9.746101e-05,0.013630392,0.098005965,1.5522584e-05,2.8612712e-05,0.26684642
744,inesco,fyat,fyat_a357.wav,Angry,205,Angry,Happy,Happy,False,False,False,0.08349199,1.2268358e-05,0.16455604,0.50698936,4.18801e-06,0.00024079921,0.24470541
745,inesco,fyat,fyat_a358.wav,Angry,119,Angry,Angry,Angry,True,True,False,0.8258937,0.002070324,0.00067002606,4.991244e-05,1.0487734e-06,0.00014098463,0.17117411
746,inesco,fyat,fyat_a359.wav,Angry,209,Angry,Angry,Angry,True,True,False,0.8513603,5.2647606e-06,0.019664759,0.12818243,5.3298616e-05,0.0006648246,6.911417e-05
747,inesco,fyat,fyat_a360.wav,Angry,116,Angry,Fear,Angry,False,True,True,0.004168432,3.1973784e-08,0.9904433,0.00245699,5.8838163e-05,5.383513e-07,0.0028718233
748,inesco,fyat,fyat_a361.wav,Angry,125,Angry,Angry,Angry,True,True,False,0.51830983,1.2953345e-07,0.03842262,0.0018134819,3.465797e-09,7.04929e-08,0.44145387
749,inesco,fyat,fyat_a362.wav,Angry,71,Angry,Angry,Angry,True,True,False,0.9990689,4.1557595e-07,0.0008441445,6.00109e-05,1.3151509e-08,3.4837072e-07,2.616879e-05
750,inesco,fyat,fyat_a363.wav,Angry,141,Angry,Angry,Angry,True,True,False,0.99869883,3.0953854e-07,0.0004960315,0.00074366096,3.2991256e-08,1.4320692e-07,6.086524e-05
751,inesco,fyat,fyat_a364.wav,Angry,122,Angry,Angry,Angry,True,True,False,0.69262534,2.0162695e-07,2.6053715e-06,1.260885e-06,1.7472795e-10,2.9430138e-09,0.30737057
752,inesco,fyat,fyat_a365.wav,Angry,145,Angry,Angry,Angry,True,True,False,0.96525204,1.8270897e-07,0.02153486,0.0047697574,2.453382e-06,7.1831033e-07,0.00843989
753,inesco,fyat,fyat_a366.wav,Angry,205,Angry,Angry,Angry,True,True,False,0.7620111,4.5537504e-06,0.020354921,0.21736348,7.809443e-07,0.00013562516,0.00012949975
754,inesco,fyat,fyat_a367.wav,Angry,68,Angry,Angry,Angry,True,True,False,0.9930924,3.343101e-05,0.0040073125,0.0019625814,4.9987705e-07,4.837657e-05,0.0008554405
755,inesco,fyat,fyat_a368.wav,Angry,167,Angry,Fear,Angry,False,True,True,0.115901016,1.6968004e-09,0.8726194,0.010619706,4.7833492e-08,5.173521e-07,0.00085930614
756,inesco,fyat,fyat_a369.wav,Angry,193,Angry,Angry,Angry,True,True,False,0.9061903,4.5849283e-08,0.00012271841,0.093260035,4.4534275e-08,2.4124622e-09,0.00042691448
757,inesco,fyat,fyat_a370.wav,Angry,161,Angry,Surprise,Happy,False,False,True,2.1893304e-06,1.25142076e-11,0.001122991,0.017378302,1.2480178e-13,2.5243543e-11,0.98149645
758,inesco,fyat,fyat_a371.wav,Angry,161,Angry,Fear,Happy,False,False,True,0.002235126,6.346789e-09,0.86514217,0.13247965,2.95601e-07,3.0452027e-05,0.00011229765
759,inesco,fyat,fyat_a372.wav,Angry,237,Angry,Angry,Angry,True,True,False,0.9759488,3.1577144e-07,0.016464049,0.007421625,1.7733102e-07,3.9430142e-06,0.00016114338
760,inesco,fyat,fyat_a373.wav,Angry,173,Angry,Angry,Angry,True,True,False,0.99787056,2.554939e-07,6.4088716e-05,0.00022559293,7.674204e-09,5.0343957e-08,0.0018394134
761,inesco,fyat,fyat_a374.wav,Angry,61,Angry,Angry,Angry,True,True,False,0.99969065,1.3710762e-06,0.0002517165,2.7482236e-05,4.5093324e-07,3.0221898e-07,2.800365e-05
762,inesco,fyat,fyat_a375.wav,Angry,260,Angry,Disgust,Angry,False,True,True,0.114533104,0.8573666,0.0002742304,0.0009217396,1.0392088e-06,0.0107180895,0.016185101
763,inesco,fyat,fyat_a376.wav,Angry,81,Angry,Angry,Angry,True,True,False,0.8560192,8.3925115e-06,0.09029589,0.0008723251,4.7054367e-05,9.509464e-06,0.05274762
764,inesco,fyat,fyat_a377.wav,Angry,132,Angry,Surprise,Happy,False,False,True,0.005011877,1.5428563e-07,0.007470539,0.0673179,2.5071978e-08,8.889903e-09,0.9201995
765,inesco,fyat,fyat_a378.wav,Angry,167,Angry,Surprise,Angry,False,True,True,0.28634235,5.261922e-07,0.000319517,0.046982057,1.4997298e-08,7.9148623e-07,0.6663548
766,inesco,fyat,fyat_a379.wav,Angry,173,Angry,Angry,Angry,True,True,False,0.55766845,1.7071845e-06,0.044892922,0.25178987,6.2153096e-09,1.3428743e-08,0.14564702
767,inesco,fyat,fyat_a380.wav,Angry,305,Angry,Surprise,Happy,False,False,True,9.412549e-06,2.6876018e-07,0.000260297,2.1520405e-05,2.1589716e-11,6.795791e-07,0.99970776
768,inesco,fyat,fyat_a381.wav,Angry,237,Angry,Angry,Angry,True,True,False,0.64654726,0.0010166471,0.00084928575,0.32702896,5.0755034e-07,6.3231964e-05,0.024494192
769,inesco,fyat,fyat_a382.wav,Angry,113,Angry,Angry,Angry,True,True,False,0.98710585,5.9016256e-06,7.030522e-05,0.001845132,2.5392967e-06,5.680571e-09,0.010970279
770,inesco,fyat,fyat_a383.wav,Angry,68,Angry,Angry,Angry,True,True,False,0.9372894,0.00010504813,0.052169256,0.008433442,3.3645498e-05,8.0608974e-05,0.0018885281
771,inesco,fyat,fyat_a384.wav,Angry,125,Angry,Surprise,Angry,False,True,True,0.030322777,7.799142e-06,0.0008783702,0.023634966,1.15955405e-08,1.3931624e-07,0.945156
772,inesco,fyat,fyat_a385.wav,Angry,119,Angry,Angry,Angry,True,True,False,0.8387078,1.0306187e-05,0.10861846,0.004135406,0.000120244666,4.308966e-06,0.04840346
773,inesco,fyat,fyat_a386.wav,Angry,129,Angry,Surprise,Happy,False,False,True,0.017597945,7.950698e-06,0.00805499,0.29960176,4.1335905e-05,1.4763363e-05,0.6746812
774,inesco,fyat,fyat_a387.wav,Angry,401,Angry,Surprise,Angry,False,True,True,0.18423072,6.510416e-05,0.0036428627,0.006127556,1.5403181e-08,4.634004e-05,0.80588734
775,inesco,fyat,fyat_a388.wav,Angry,68,Angry,Angry,Angry,True,True,False,0.99760133,1.3967752e-06,0.0017379503,0.0002302186,1.7621085e-07,7.137997e-07,0.00042822328
776,inesco,fyat,fyat_a389.wav,Angry,77,Angry,Angry,Angry,True,True,False,0.99646395,1.3425737e-06,0.00254155,4.83475e-05,1.9308122e-07,4.066444e-07,0.0009441904
777,inesco,fyat,fyat_a390.wav,Angry,81,Angry,Angry,Angry,True,True,False,0.99965525,1.5823185e-06,4.4905184e-07,3.5427872e-06,5.975094e-08,3.4192502e-09,0.0003391796
778,inesco,fyat,fyat_a391.wav,Angry,55,Angry,Angry,Angry,True,True,False,0.9979506,9.691909e-06,0.00065199373,0.00014812479,1.0533206e-07,4.7205475e-07,0.0012390474
779,inesco,fyat,fyat_a392.wav,Angry,49,Angry,Angry,Angry,True,True,False,0.9992872,4.286261e-06,0.00020047351,5.2613246e-05,1.4518783e-08,1.440675e-07,0.00045524028
780,inesco,fyat,fyat_a393.wav,Angry,106,Angry,Surprise,Angry,False,True,True,0.3271911,0.00025447694,0.018242594,0.015051785,9.523784e-06,4.6179597e-05,0.6392043
781,inesco,fyat,fyat_a394.wav,Angry,157,Angry,Angry,Angry,True,True,False,0.9736866,2.3927618e-07,2.0119405e-05,0.017864937,5.991938e-09,1.8292164e-09,0.008428146
782,inesco,fyat,fyat_a395.wav,Angry,125,Angry,Surprise,Angry,False,True,True,0.17744465,3.0491144e-06,0.01219268,0.0013307346,3.4800118e-07,8.889606e-07,0.8090276
783,inesco,fyat,fyat_a396.wav,Angry,234,Angry,Happy,Happy,False,False,False,0.07703817,1.176654e-05,0.05360717,0.8596449,2.2840855e-07,0.0033103956,0.0063873264
784,inesco,fyat,fyat_a397.wav,Angry,61,Angry,Angry,Angry,True,True,False,0.99998057,1.0593973e-05,1.0541792e-06,4.0752125e-06,3.6302108e-08,6.6273195e-08,3.5703154e-06
785,inesco,fyat,fyat_a398.wav,Angry,65,Angry,Surprise,Angry,False,True,True,0.09052897,2.0259718e-05,0.04213996,0.030048024,1.9687084e-06,5.7247266e-06,0.8372551
786,inesco,fyat,fyat_a399.wav,Angry,401,Angry,Surprise,Happy,False,False,True,0.021494504,6.6269627e-06,0.009025213,0.41271985,2.3519942e-06,6.1823534e-06,0.5567453
787,inesco,fyat,fyat_a400.wav,Angry,241,Angry,Surprise,Happy,False,False,True,0.005532677,5.2025567e-05,0.029984457,0.039804608,1.1796098e-08,4.903845e-05,0.9245771
788,inesco,fyat,fyat_a401.wav,Angry,199,Angry,Angry,Angry,True,True,False,0.8474325,2.896758e-06,0.0034914296,0.120985806,1.1279342e-05,1.869001e-07,0.028075844
789,inesco,fyat,fyat_h001.wav,Happy,231,Happy,Surprise,Angry,False,False,True,0.0017067173,0.00029796467,0.0004090196,0.00058794575,3.1316937e-08,8.079213e-06,0.9969902
790,inesco,fyat,fyat_h002.wav,Happy,148,Happy,Surprise,Happy,False,True,True,0.003404385,2.8162772e-08,0.003263598,0.11161186,8.2381935e-10,5.1935793e-08,0.88172007
791,inesco,fyat,fyat_h003.wav,Happy,237,Happy,Surprise,Angry,False,False,True,0.16139448,0.0014703661,0.004972548,0.007545341,5.7148554e-07,6.9958536e-05,0.8245467
792,inesco,fyat,fyat_h004.wav,Happy,84,Happy,Angry,Angry,False,False,False,0.9263901,2.5647465e-05,0.0360226,0.024952648,1.5311046e-07,4.7317512e-06,0.012604193
793,inesco,fyat,fyat_h005.wav,Happy,177,Happy,Surprise,Angry,False,False,True,0.005193602,0.00030939048,1.773779e-05,0.0015489609,4.487446e-12,2.0567752e-06,0.9929283
794,inesco,fyat,fyat_h006.wav,Happy,234,Happy,Disgust,Sad,False,False,True,0.00013574092,0.92400664,0.0001967482,3.5121989e-06,5.715279e-07,0.0687304,0.006926402
795,inesco,fyat,fyat_h007.wav,Happy,157,Happy,Surprise,Angry,False,False,True,0.24678229,0.0007464116,0.0017519959,0.045198966,8.262212e-05,2.940812e-05,0.70540833
796,inesco,fyat,fyat_h008.wav,Happy,257,Happy,Happy,Happy,True,True,False,0.37195614,0.0016052143,0.039563745,0.5720851,1.2902065e-07,0.00028278228,0.0145069035
797,inesco,fyat,fyat_h009.wav,Happy,209,Happy,Surprise,Happy,False,True,True,4.803136e-05,8.111474e-07,2.4095641e-05,0.0055430634,2.632323e-09,3.8307153e-09,0.99438393
798,inesco,fyat,fyat_h010.wav,Happy,247,Happy,Happy,Happy,True,True,False,0.009128358,1.7742725e-05,0.00062359293,0.9831062,1.3697003e-05,2.0240812e-05,0.0070902915
799,inesco,fyat,fyat_h011.wav,Happy,237,Happy,Disgust,Sad,False,False,True,0.016252408,0.9232456,5.7094665e-05,7.5409465e-05,2.9941966e-05,0.059393235,0.0009463469
800,inesco,fyat,fyat_h012.wav,Happy,273,Happy,Surprise,Happy,False,True,True,0.08769858,2.7231051e-06,0.039320506,0.34741095,6.965902e-07,6.6847474e-07,0.52556586
801,inesco,fyat,fyat_h013.wav,Happy,337,Happy,Surprise,Happy,False,True,True,0.0002301902,1.7665536e-05,1.7038616e-06,0.0002582373,2.275072e-09,9.588765e-07,0.9994912
802,inesco,fyat,fyat_h014.wav,Happy,401,Happy,Happy,Happy,True,True,False,0.21246414,0.0006420307,0.00070913375,0.7677798,0.01274042,0.004572599,0.0010918477
803,inesco,fyat,fyat_h015.wav,Happy,183,Happy,Surprise,Happy,False,True,True,0.0029784513,8.4895356e-07,3.7685598e-07,0.02621441,1.1580531e-11,9.818774e-11,0.97080594
804,inesco,fyat,fyat_h016.wav,Happy,257,Happy,Surprise,Angry,False,False,True,0.25868493,0.027087962,0.0931248,0.0007734479,4.7816484e-09,0.0046219383,0.61570686
805,inesco,fyat,fyat_h017.wav,Happy,180,Happy,Angry,Angry,False,False,False,0.9526976,1.2891783e-07,0.0020096346,0.042850066,6.206591e-07,2.0611376e-06,0.0024398256
806,inesco,fyat,fyat_h018.wav,Happy,401,Happy,Angry,Angry,False,False,False,0.86805075,0.091754004,2.270553e-06,0.02471525,3.1677719e-06,1.5985503e-06,0.015473053
807,inesco,fyat,fyat_h019.wav,Happy,276,Happy,Surprise,Angry,False,False,True,0.00072217686,0.0017768844,1.4587126e-06,1.8797382e-06,2.7460543e-09,1.1509911e-06,0.9974964
808,inesco,fyat,fyat_h020.wav,Happy,266,Happy,Surprise,Angry,False,False,True,0.013778861,0.0046120114,0.0015056994,3.563597e-05,4.4498467e-09,0.0010578278,0.97901
809,inesco,fyat,fyat_h021.wav,Happy,378,Happy,Surprise,Angry,False,False,True,0.0013578422,7.533219e-07,0.00019085918,0.000513382,2.8660714e-09,1.646626e-08,0.9979372
810,inesco,fyat,fyat_h022.wav,Happy,372,Happy,Angry,Angry,False,False,False,0.5193769,0.38752422,4.1620712e-08,0.06442149,1.37174645e-08,0.00014476737,0.028532594
811,inesco,fyat,fyat_h023.wav,Happy,228,Happy,Happy,Happy,True,True,False,0.223538,9.050577e-07,0.00014010885,0.7518794,1.7515416e-09,1.2416393e-07,0.024441438
812,inesco,fyat,fyat_h024.wav,Happy,145,Happy,Fear,Happy,False,True,True,0.0066407826,1.9333262e-07,0.5304668,0.30261177,3.7334775e-07,4.9014016e-06,0.16027518
813,inesco,fyat,fyat_h025.wav,Happy,218,Happy,Angry,Angry,False,False,False,0.85643137,0.018941984,0.003942527,0.056248914,3.259203e-06,0.00014346915,0.06428844
814,inesco,fyat,fyat_h026.wav,Happy,289,Happy,Happy,Happy,True,True,False,0.0036546844,0.0003636331,0.0013990588,0.8482878,0.000104837694,2.1253081e-06,0.14618778
815,inesco,fyat,fyat_h027.wav,Happy,260,Happy,Disgust,Angry,False,False,True,0.3677995,0.4901237,0.00024013208,0.0011699968,3.2361814e-07,0.0003630284,0.14030339
816,inesco,fyat,fyat_h028.wav,Happy,173,Happy,Happy,Happy,True,True,False,0.48318073,1.627283e-07,0.00046881798,0.51622754,4.4202758e-07,2.5452883e-07,0.000122007354
817,inesco,fyat,fyat_h029.wav,Happy,324,Happy,Angry,Angry,False,False,False,0.45534313,0.002052582,0.00087811495,0.45511326,6.251686e-06,2.2363845e-05,0.08658429
818,inesco,fyat,fyat_h030.wav,Happy,218,Happy,Surprise,Happy,False,True,True,0.00061426754,0.00018677615,0.00012899928,0.22300382,0.12768658,7.3656756e-06,0.6483722
819,inesco,fyat,fyat_h031.wav,Happy,401,Happy,Fear,Angry,False,False,True,0.3807243,0.00028302876,0.5346728,0.014999968,0.0015351238,0.011917114,0.055867657
820,inesco,fyat,fyat_h032.wav,Happy,285,Happy,Surprise,Angry,False,False,True,0.0039084447,0.002860295,1.6076243e-05,0.00012305065,1.5639777e-09,1.3532773e-06,0.99309075
821,inesco,fyat,fyat_h033.wav,Happy,273,Happy,Happy,Happy,True,True,False,0.0033644044,0.089691564,0.0005781349,0.79317605,4.27043e-10,0.0033124716,0.10987743
822,inesco,fyat,fyat_h034.wav,Happy,285,Happy,Angry,Angry,False,False,False,0.8874396,0.060059737,3.434953e-06,4.64132e-05,2.5055394e-06,5.097896e-05,0.052397374
823,inesco,fyat,fyat_h035.wav,Happy,346,Happy,Disgust,Sad,False,False,True,0.01064529,0.9134073,4.1991993e-07,7.643005e-05,6.8420923e-06,0.075445056,0.00041862068
824,inesco,fyat,fyat_h036.wav,Happy,401,Happy,Happy,Happy,True,True,False,0.25100306,6.11763e-05,0.15474315,0.4878182,0.0001246121,0.0001729901,0.10607692
825,inesco,fyat,fyat_h037.wav,Happy,401,Happy,Happy,Happy,True,True,False,0.018267501,0.04301273,0.296762,0.34720302,0.00017519038,0.0055672578,0.2890124
826,inesco,fyat,fyat_h038.wav,Happy,401,Happy,Happy,Happy,True,True,False,0.0017973277,0.065570794,0.00017364176,0.91852343,1.3681343e-05,0.012724432,0.0011966631
827,inesco,fyat,fyat_h039.wav,Happy,282,Happy,Angry,Angry,False,False,False,0.8003173,0.025159886,9.970577e-06,0.057233706,2.4787173e-06,2.4188203e-05,0.11725246
828,inesco,fyat,fyat_h040.wav,Happy,401,Happy,Surprise,Angry,False,False,True,0.3674812,5.0653052e-05,0.022070393,0.0069182217,7.3351785e-08,0.00019172476,0.6032877
829,inesco,fyat,fyat_h041.wav,Happy,100,Happy,Fear,Angry,False,False,True,0.0977445,1.7584729e-07,0.86333495,0.005738296,2.1455648e-06,2.250678e-06,0.033177663
830,inesco,fyat,fyat_h042.wav,Happy,253,Happy,Angry,Angry,False,False,False,0.45563003,0.14458361,0.08015325,0.18231356,0.001275695,0.12271787,0.013326083
831,inesco,fyat,fyat_h043.wav,Happy,401,Happy,Surprise,Happy,False,True,True,0.00049940636,8.916127e-06,0.24797201,0.032369565,0.00023219304,0.00044351938,0.7184744
832,inesco,fyat,fyat_h044.wav,Happy,372,Happy,Surprise,Happy,False,True,True,0.13505776,0.00045719006,7.092729e-06,0.37518904,6.069383e-06,3.1543073e-05,0.48925138
833,inesco,fyat,fyat_h045.wav,Happy,276,Happy,Angry,Angry,False,False,False,0.7170732,0.1389976,0.00028677646,0.079399005,2.4324792e-05,0.00013052156,0.06408852
834,inesco,fyat,fyat_h046.wav,Happy,269,Happy,Angry,Angry,False,False,False,0.8117242,0.00010668142,6.1345672e-06,0.032165207,3.4582237e-05,3.9190788e-08,0.15596314
835,inesco,fyat,fyat_h047.wav,Happy,276,Happy,Angry,Angry,False,False,False,0.87754995,0.007001277,0.00011925428,0.0630112,0.033933368,0.0029834218,0.015401465
836,inesco,fyat,fyat_h048.wav,Happy,237,Happy,Angry,Angry,False,False,False,0.8631019,0.0060751443,2.7930579e-05,0.115550555,1.7106128e-06,7.827679e-07,0.015242072
837,inesco,fyat,fyat_h049.wav,Happy,253,Happy,Happy,Happy,True,True,False,0.029380724,0.00016507368,9.678413e-05,0.9594053,0.004944307,0.0049117794,0.0010961475
838,inesco,fyat,fyat_h050.wav,Happy,173,Happy,Happy,Happy,True,True,False,0.0010568587,1.0348501e-08,0.0057575856,0.9931163,1.5845912e-07,6.561847e-06,6.250604e-05
839,inesco,fyat,fyat_h051.wav,Happy,401,Happy,Happy,Happy,True,True,False,0.024399798,0.00044213614,5.5016175e-05,0.96891797,0.00031792873,0.000111765585,0.005755419
840,inesco,fyat,fyat_h052.wav,Happy,401,Happy,Happy,Happy,True,True,False,0.013399708,0.015665494,0.003812732,0.7667779,0.01235588,0.1435396,0.044448663
841,inesco,fyat,fyat_h053.wav,Happy,401,Happy,Angry,Angry,False,False,False,0.69424593,0.00031185476,0.0013995012,0.11283731,0.18166691,0.00057432766,0.008964136
842,inesco,fyat,fyat_h054.wav,Happy,362,Happy,Happy,Happy,True,True,False,0.004011692,6.9544144e-06,1.7907232e-06,0.9822551,2.6564217e-08,2.362017e-08,0.013724416
843,inesco,fyat,fyat_h055.wav,Happy,401,Happy,Happy,Happy,True,True,False,0.010068488,0.0055147093,0.00041973963,0.93601495,4.657729e-05,0.00038901475,0.047546558
844,inesco,fyat,fyat_h056.wav,Happy,359,Happy,Angry,Angry,False,False,False,0.463532,0.23343903,6.029678e-06,0.00086507713,2.637984e-05,5.591412e-05,0.30207554
845,inesco,fyat,fyat_h057.wav,Happy,369,Happy,Surprise,Sad,False,False,True,0.0034378828,0.0018940823,4.7750396e-05,0.003966027,0.00022591394,0.008285017,0.98214334
846,inesco,fyat,fyat_h058.wav,Happy,401,Happy,Angry,Angry,False,False,False,0.71982247,0.047920763,0.000260684,0.20123199,0.0037787661,0.0059039025,0.021081422
847,inesco,fyat,fyat_h059.wav,Happy,298,Happy,Angry,Angry,False,False,False,0.9180141,0.0030639612,5.299841e-06,0.07177674,0.00011524252,1.6797128e-05,0.0070078345
848,inesco,fyat,fyat_h060.wav,Happy,401,Happy,Happy,Happy,True,True,False,0.0009410745,2.0548096e-06,0.0009697597,0.9707558,1.2962413e-06,4.6664467e-05,0.02728325
849,inesco,fyat,fyat_h061.wav,Happy,148,Happy,Surprise,Angry,False,False,True,0.01766614,2.5107116e-05,0.009225352,0.0051455596,2.5831483e-08,3.0810102e-06,0.9679347
850,inesco,fyat,fyat_h062.wav,Happy,365,Happy,Happy,Happy,True,True,False,0.11215975,0.043355446,0.017092789,0.42909268,0.019049888,0.0008346152,0.37841487
851,inesco,fyat,fyat_h063.wav,Happy,301,Happy,Angry,Angry,False,False,False,0.9957436,0.0037413635,1.2170714e-06,0.00045896857,7.225052e-06,1.8317563e-06,4.5839224e-05
852,inesco,fyat,fyat_h064.wav,Happy,276,Happy,Happy,Happy,True,True,False,0.16678464,0.0029085146,0.00029616317,0.74692386,0.04136482,0.03890088,0.002821132
853,inesco,fyat,fyat_h065.wav,Happy,375,Happy,Surprise,Happy,False,True,True,0.005016735,0.013780545,0.004558898,0.006119175,2.9325029e-06,0.0012744318,0.96924734
854,inesco,fyat,fyat_h066.wav,Happy,311,Happy,Angry,Angry,False,False,False,0.8579116,0.0033829089,0.0001289848,0.010530521,2.1146704e-07,1.2792715e-05,0.12803298
855,inesco,fyat,fyat_h067.wav,Happy,401,Happy,Surprise,Happy,False,True,True,0.05821575,0.0005238545,0.0010454544,0.4505022,7.181521e-05,3.448986e-05,0.48960647
856,inesco,fyat,fyat_h068.wav,Happy,401,Happy,Angry,Angry,False,False,False,0.8972554,2.667044e-05,0.00076630036,0.016000189,0.0001592576,0.00015568848,0.08563645
857,inesco,fyat,fyat_h069.wav,Happy,401,Happy,Angry,Angry,False,False,False,0.61851025,0.000906271,0.00017377657,0.26691997,0.075238414,0.03642319,0.001828194
858,inesco,fyat,fyat_h070.wav,Happy,401,Happy,Angry,Angry,False,False,False,0.4472108,0.3691272,0.0016589571,0.11448852,0.009348759,0.035508413,0.02265739
859,inesco,fyat,fyat_h071.wav,Happy,381,Happy,Happy,Happy,True,True,False,0.028833091,0.030366948,0.00011251347,0.9231676,0.00058280525,0.010567875,0.0063692178
860,inesco,fyat,fyat_h072.wav,Happy,372,Happy,Surprise,Sad,False,False,True,0.047429185,0.09918657,0.0056553157,0.074365206,0.021110699,0.12907861,0.6231744
861,inesco,fyat,fyat_h073.wav,Happy,202,Happy,Neutral,Angry,False,False,True,0.24004671,0.3493191,0.00029704632,0.003209673,0.40154988,0.0010357085,0.004541858
862,inesco,fyat,fyat_h074.wav,Happy,353,Happy,Surprise,Angry,False,False,True,0.18114907,0.00026393073,0.0004687683,0.04637336,0.00010679999,0.0028925608,0.76874554
863,inesco,fyat,fyat_h075.wav,Happy,250,Happy,Surprise,Angry,False,False,True,0.04768281,8.956706e-05,0.00045525224,0.004429633,1.1950704e-07,5.0889565e-07,0.9473421
864,inesco,fyat,fyat_h076.wav,Happy,263,Happy,Angry,Angry,False,False,False,0.8394374,0.00035123178,0.00016387836,0.15089871,0.0042493413,0.00074624055,0.0041532186
865,inesco,fyat,fyat_h077.wav,Happy,308,Happy,Angry,Angry,False,False,False,0.88440865,0.0036781018,7.959722e-06,0.00011539219,0.00030422647,5.777932e-07,0.11148506
866,inesco,fyat,fyat_h078.wav,Happy,273,Happy,Angry,Angry,False,False,False,0.9920074,0.0015942766,1.2698194e-06,0.0058300532,0.00017593788,0.00028530753,0.00010571107
867,inesco,fyat,fyat_h079.wav,Happy,401,Happy,Happy,Happy,True,True,False,0.049024522,0.08334409,4.583554e-05,0.84082216,0.011999101,0.0029476674,0.011816622
868,inesco,fyat,fyat_h080.wav,Happy,401,Happy,Surprise,Happy,False,True,True,0.00027788736,8.889898e-05,0.008044956,0.0032065497,5.2552434e-07,0.0007017846,0.9876794
869,inesco,fyat,fyat_h081.wav,Happy,372,Happy,Angry,Angry,False,False,False,0.52057374,0.040647503,0.0011048936,0.17119679,0.0027215255,0.008479509,0.2552761
870,inesco,fyat,fyat_h082.wav,Happy,391,Happy,Happy,Happy,True,True,False,0.031198267,0.012648392,0.0021850388,0.8379433,0.00012944364,0.0017302561,0.11416524
871,inesco,fyat,fyat_h083.wav,Happy,401,Happy,Surprise,Happy,False,True,True,0.027442688,0.1471097,0.0029951802,0.12554668,0.014706186,0.0026984185,0.6795012
872,inesco,fyat,fyat_h084.wav,Happy,244,Happy,Angry,Angry,False,False,False,0.8413404,0.0019301579,6.753361e-05,0.11727427,6.7294545e-06,1.7470431e-05,0.03936336
873,inesco,fyat,fyat_h085.wav,Happy,401,Happy,Happy,Happy,True,True,False,0.024630403,0.032050535,8.0683174e-05,0.6792262,0.00015368352,0.00012271488,0.2637359
874,inesco,fyat,fyat_h086.wav,Happy,321,Happy,Happy,Happy,True,True,False,0.20729569,0.016350064,0.08918453,0.36053464,0.118693314,0.011963795,0.19597794
875,inesco,fyat,fyat_h087.wav,Happy,218,Happy,Surprise,Happy,False,True,True,3.0555377e-05,2.117778e-06,0.14395447,0.05073904,2.2007163e-07,7.374711e-08,0.8052736
876,inesco,fyat,fyat_h088.wav,Happy,321,Happy,Disgust,Angry,False,False,True,0.031484462,0.95895004,7.681353e-06,0.00016879843,3.0128487e-07,0.00053732,0.00885133
877,inesco,fyat,fyat_h089.wav,Happy,401,Happy,Angry,Angry,False,False,False,0.7527304,0.0023853164,2.0187926e-07,0.24458167,6.913769e-05,0.00014086103,9.227739e-05
878,inesco,fyat,fyat_h090.wav,Happy,113,Happy,Fear,Angry,False,False,True,0.12745614,0.03251806,0.688409,0.095973775,0.0016112726,0.002418462,0.051613368
879,inesco,fyat,fyat_h091.wav,Happy,401,Happy,Sad,Sad,False,False,False,0.21542613,0.0062148636,1.881572e-07,0.03311672,0.0003645254,0.7448771,4.3906184e-07
880,inesco,fyat,fyat_h092.wav,Happy,215,Happy,Happy,Happy,True,True,False,0.19602004,0.00030632244,1.7400336e-05,0.7922199,0.008487032,0.0017391412,0.0012102014
881,inesco,fyat,fyat_h093.wav,Happy,378,Happy,Angry,Angry,False,False,False,0.64148223,0.042331163,4.3215518e-05,0.0014372097,1.0902664e-05,0.00073481334,0.31396052
882,inesco,fyat,fyat_h094.wav,Happy,375,Happy,Surprise,Happy,False,True,True,0.058471028,8.240406e-05,2.4905677e-05,0.29357257,9.8589335e-06,2.0763659e-07,0.647839
883,inesco,fyat,fyat_h095.wav,Happy,301,Happy,Angry,Angry,False,False,False,0.92753726,0.0017473741,0.00013402877,0.0017011092,0.00035337012,1.2588575e-05,0.06851434
884,inesco,fyat,fyat_h096.wav,Happy,209,Happy,Happy,Happy,True,True,False,0.0018634876,3.859627e-05,0.0006806871,0.9244507,0.009155558,0.032681312,0.03112961
885,inesco,fyat,fyat_h097.wav,Happy,225,Happy,Surprise,Happy,False,True,True,0.0067714727,4.289791e-06,0.00011497832,0.13989398,1.655846e-11,1.08218295e-07,0.8532152
886,inesco,fyat,fyat_h098.wav,Happy,401,Happy,Surprise,Happy,False,True,True,0.02254001,7.28143e-05,0.026721215,0.27795175,0.00050716195,0.0029220718,0.669285
887,inesco,fyat,fyat_h099.wav,Happy,109,Happy,Surprise,Happy,False,True,True,0.0032359227,3.2152016e-07,0.4957411,0.00514526,7.1714537e-09,8.2457257e-07,0.49587658
888,inesco,fyat,fyat_h100.wav,Happy,228,Happy,Angry,Angry,False,False,False,0.61327696,0.30053124,3.309428e-05,3.0904124e-05,0.00016455677,1.8777674e-06,0.08596141
889,inesco,fyat,fyat_h101.wav,Happy,273,Happy,Angry,Angry,False,False,False,0.97284704,0.00033064967,6.833458e-07,0.026786385,2.8107914e-05,8.2115736e-07,6.2774798e-06
890,inesco,fyat,fyat_h102.wav,Happy,234,Happy,Angry,Angry,False,False,False,0.45591202,0.17479438,0.002874433,0.07114225,0.017583538,0.25267082,0.025022566
891,inesco,fyat,fyat_h103.wav,Happy,401,Happy,Happy,Happy,True,True,False,0.008712898,0.00091929926,0.0007482101,0.7218619,0.0005282057,5.7408823e-05,0.26717204
892,inesco,fyat,fyat_h104.wav,Happy,401,Happy,Happy,Happy,True,True,False,0.012027846,0.0002565874,2.5327867e-05,0.96696246,1.5469876e-05,1.3227569e-05,0.020699099
893,inesco,fyat,fyat_h105.wav,Happy,263,Happy,Happy,Happy,True,True,False,0.38263884,0.0069439276,0.00038975332,0.54803216,0.021608898,0.027060578,0.013325852
894,inesco,fyat,fyat_h106.wav,Happy,305,Happy,Angry,Angry,False,False,False,0.8691788,0.00015241677,1.272734e-05,0.12677686,0.0001948771,2.1289688e-06,0.003682251
895,inesco,fyat,fyat_h107.wav,Happy,401,Happy,Disgust,Happy,False,True,True,0.0132573135,0.50699484,5.9274877e-05,0.1833747,0.0020629084,0.035124224,0.25912678
896,inesco,fyat,fyat_h108.wav,Happy,401,Happy,Happy,Happy,True,True,False,0.04323963,0.012812026,0.0001421545,0.6496898,2.6299174e-05,2.1473936e-05,0.29406866
897,inesco,fyat,fyat_h109.wav,Happy,276,Happy,Angry,Angry,False,False,False,0.8208853,0.0038496323,0.00070640625,0.13501352,0.030397981,0.0015892187,0.007557973
898,inesco,fyat,fyat_h110.wav,Happy,401,Happy,Happy,Happy,True,True,False,0.023341382,0.0017306162,0.00025022682,0.9733696,0.00015627538,2.1830196e-05,0.0011302358
899,inesco,fyat,fyat_h111.wav,Happy,327,Happy,Happy,Happy,True,True,False,0.016323388,0.0006511837,0.038289953,0.5605757,0.00025405784,0.00083094,0.38307476
900,inesco,fyat,fyat_h112.wav,Happy,401,Happy,Happy,Happy,True,True,False,0.35868353,0.00042670843,1.5504014e-05,0.6208701,0.0007915965,1.2469805e-05,0.019200053
901,inesco,fyat,fyat_h113.wav,Happy,401,Happy,Happy,Happy,True,True,False,0.0011444666,4.906035e-05,0.0001964852,0.99691784,1.5983542e-07,1.170897e-06,0.0016908444
902,inesco,fyat,fyat_h114.wav,Happy,228,Happy,Angry,Angry,False,False,False,0.9789195,8.8492336e-05,2.9421924e-06,0.020104915,2.655318e-06,2.5173799e-08,0.00088147755
903,inesco,fyat,fyat_h115.wav,Happy,401,Happy,Angry,Angry,False,False,False,0.94837207,0.00086713396,2.353077e-06,0.04796493,0.0016881401,0.00029847212,0.0008068961
904,inesco,fyat,fyat_h116.wav,Happy,135,Happy,Angry,Angry,False,False,False,0.9609602,0.00045094977,0.00015114983,0.01759929,3.732988e-05,2.4936844e-06,0.02079844
905,inesco,fyat,fyat_h117.wav,Happy,253,Happy,Disgust,Sad,False,False,True,0.0020083927,0.9613349,8.336163e-05,0.0046671196,0.002813231,0.028395563,0.0006975036
906,inesco,fyat,fyat_h118.wav,Happy,349,Happy,Angry,Angry,False,False,False,0.5034203,0.2585023,8.412295e-05,0.056160767,8.469298e-06,0.0011692949,0.1806547
907,inesco,fyat,fyat_h119.wav,Happy,317,Happy,Surprise,Angry,False,False,True,0.04181191,0.0034606566,0.006133695,0.00038149193,3.9966167e-06,0.00013067742,0.94807756
908,inesco,fyat,fyat_h120.wav,Happy,401,Happy,Happy,Happy,True,True,False,0.24422821,0.009048541,8.097333e-06,0.7440427,0.00014587083,0.00063813175,0.0018885451
909,inesco,fyat,fyat_h121.wav,Happy,266,Happy,Surprise,Angry,False,False,True,0.22670771,0.001056662,6.796479e-05,0.11741414,4.4912365e-08,5.539509e-08,0.65475345
910,inesco,fyat,fyat_h122.wav,Happy,276,Happy,Disgust,Angry,False,False,True,0.22343819,0.7506883,0.0009113007,0.006494014,0.008521195,0.0059020002,0.0040450473
911,inesco,fyat,fyat_h123.wav,Happy,337,Happy,Surprise,Happy,False,True,True,6.6294574e-06,0.00010381457,0.00031101645,0.038123477,4.2531955e-08,3.9505558e-06,0.9614511
912,inesco,fyat,fyat_h124.wav,Happy,321,Happy,Surprise,Angry,False,False,True,0.08824624,0.022954548,0.0004817441,0.08527178,9.187099e-06,8.567728e-06,0.8030279
913,inesco,fyat,fyat_h125.wav,Happy,157,Happy,Fear,Happy,False,True,True,3.9404775e-05,5.5844183e-09,0.9998006,6.1874045e-05,2.9439693e-07,8.4391836e-08,9.776671e-05
914,inesco,fyat,fyat_h126.wav,Happy,401,Happy,Surprise,Angry,False,False,True,0.34432438,0.0007761344,4.0486913e-05,0.018725943,1.7224129e-05,2.062461e-05,0.63609517
915,inesco,fyat,fyat_h127.wav,Happy,260,Happy,Surprise,Angry,False,False,True,0.00013979946,0.0074814423,0.0005438911,5.484628e-05,7.4374067e-09,4.2838423e-05,0.9917372
916,inesco,fyat,fyat_h128.wav,Happy,257,Happy,Angry,Angry,False,False,False,0.41171807,3.85254e-05,0.000214132,0.19469933,6.545735e-10,4.185483e-07,0.39332953
917,inesco,fyat,fyat_h129.wav,Happy,212,Happy,Surprise,Angry,False,False,True,0.082666814,0.31595162,0.00028343088,0.064371064,0.15146534,1.5360005e-05,0.3852464
918,inesco,fyat,fyat_h130.wav,Happy,183,Happy,Fear,Happy,False,True,True,0.18538553,4.0714673e-05,0.4942354,0.24786763,3.025623e-05,6.499997e-05,0.072375566
919,inesco,fyat,fyat_h131.wav,Happy,202,Happy,Surprise,Happy,False,True,True,0.009150139,8.6728156e-05,0.0016769577,0.0108299265,1.1881075e-08,6.5122746e-05,0.97819114
920,inesco,fyat,fyat_h132.wav,Happy,372,Happy,Happy,Happy,True,True,False,0.077547,0.0039341827,0.0032537186,0.46957374,5.7866246e-06,1.2202503e-05,0.44567338
921,inesco,fyat,fyat_h133.wav,Happy,241,Happy,Angry,Angry,False,False,False,0.8939143,0.0003377579,0.00073322636,0.07513656,1.6925841e-06,1.6965443e-05,0.029859424
922,inesco,fyat,fyat_h134.wav,Happy,401,Happy,Angry,Angry,False,False,False,0.96025234,0.009315866,1.7581108e-08,0.03039683,7.58284e-06,3.1098377e-06,2.4270483e-05
923,inesco,fyat,fyat_h135.wav,Happy,273,Happy,Angry,Angry,False,False,False,0.5821829,0.00014091452,0.0025296106,0.095665336,1.0543944e-05,0.0002426023,0.3192281
924,inesco,fyat,fyat_h136.wav,Happy,266,Happy,Surprise,Happy,False,True,True,0.010743835,5.2464205e-08,0.11615637,0.10989129,1.840142e-09,1.3567231e-07,0.76320827
925,inesco,fyat,fyat_h137.wav,Happy,221,Happy,Happy,Happy,True,True,False,0.1586165,0.21591654,0.040487178,0.2710466,0.1347642,0.17542297,0.0037460192
926,inesco,fyat,fyat_h138.wav,Happy,260,Happy,Surprise,Happy,False,True,True,0.1228351,0.0034209418,0.0022890377,0.28641254,0.0055147237,0.010147956,0.5693797
927,inesco,fyat,fyat_h139.wav,Happy,314,Happy,Neutral,Angry,False,False,True,0.13700901,0.016299529,0.00081812625,0.03060131,0.81404155,0.00022982313,0.0010006657
928,inesco,fyat,fyat_h140.wav,Happy,180,Happy,Neutral,Happy,False,True,True,0.0032308537,0.00043403823,0.0023501958,0.034752768,0.94158614,0.014859184,0.0027867479
929,inesco,fyat,fyat_h141.wav,Happy,237,Happy,Happy,Happy,True,True,False,0.06559342,0.008588835,0.0060012476,0.5824691,3.8157254e-06,1.7862272e-05,0.3373257
930,inesco,fyat,fyat_h142.wav,Happy,180,Happy,Angry,Angry,False,False,False,0.9448616,1.9709926e-06,1.3895566e-05,0.055064637,6.6190455e-07,3.244296e-05,2.477436e-05
931,inesco,fyat,fyat_h143.wav,Happy,298,Happy,Angry,Angry,False,False,False,0.5178017,0.020533595,7.452576e-05,0.017296467,2.4275725e-05,1.9737417e-05,0.44424978
932,inesco,fyat,fyat_h144.wav,Happy,343,Happy,Surprise,Happy,False,True,True,0.017118085,0.0052320664,0.09879706,0.10590253,0.0003129286,0.004042176,0.76859516
933,inesco,fyat,fyat_h145.wav,Happy,218,Happy,Disgust,Angry,False,False,True,0.119776264,0.8770525,6.2537133e-06,0.0011862948,0.0011252799,0.0002839293,0.0005694905
934,inesco,fyat,fyat_h146.wav,Happy,93,Happy,Angry,Angry,False,False,False,0.63576055,0.00036826378,0.10212672,0.07720317,0.0001981859,0.00036808947,0.183975
935,inesco,fyat,fyat_h147.wav,Happy,167,Happy,Surprise,Happy,False,True,True,0.016876264,0.00011385462,0.0022959653,0.13864109,7.931601e-06,5.2754444e-06,0.8420596
936,inesco,fyat,fyat_h148.wav,Happy,157,Happy,Happy,Happy,True,True,False,0.00016165209,7.971551e-06,0.0024780603,0.7244382,0.27206722,8.261705e-05,0.0007642508
937,inesco,fyat,fyat_h149.wav,Happy,346,Happy,Surprise,Angry,False,False,True,0.3289539,0.18395224,8.339279e-05,0.004991707,3.335441e-06,0.00045038058,0.48156512
938,inesco,fyat,fyat_h150.wav,Happy,237,Happy,Happy,Happy,True,True,False,0.07283438,0.00016152755,4.6432e-05,0.9066892,1.8626242e-06,1.1111465e-06,0.020265345
939,inesco,fyat,fyat_h151.wav,Happy,305,Happy,Surprise,Angry,False,False,True,0.14658853,0.0011594521,0.18789764,0.012383203,0.0003647811,0.0015459678,0.6500604
940,inesco,fyat,fyat_h152.wav,Happy,401,Happy,Surprise,Angry,False,False,True,0.121781506,0.009938744,0.10777909,0.03733539,0.0007123917,0.00051893777,0.7219339
941,inesco,fyat,fyat_h153.wav,Happy,401,Happy,Angry,Angry,False,False,False,0.90622056,0.005692986,0.00015019852,0.008949544,1.3987096e-06,0.000121255616,0.078864075
942,inesco,fyat,fyat_h154.wav,Happy,285,Happy,Angry,Angry,False,False,False,0.933979,0.020458937,0.00071603374,0.041182056,1.8032082e-05,0.00044604475,0.0031998483
943,inesco,fyat,fyat_h155.wav,Happy,247,Happy,Angry,Angry,False,False,False,0.8872744,0.0013159347,0.0010797932,0.003482568,1.9092498e-08,7.3082276e-07,0.10684664
944,inesco,fyat,fyat_h156.wav,Happy,388,Happy,Surprise,Sad,False,False,True,0.00048456204,0.00014066731,0.04513741,0.00043816213,0.00019322785,0.040607933,0.9129981
945,inesco,fyat,fyat_h157.wav,Happy,381,Happy,Angry,Angry,False,False,False,0.7563676,0.0050737183,7.63026e-06,0.22953129,0.00030293706,1.38848145e-05,0.008702932
946,inesco,fyat,fyat_h158.wav,Happy,401,Happy,Disgust,Sad,False,False,True,0.0016265648,0.99054235,2.3668546e-05,0.00043082092,0.000545734,0.0059237992,0.0009070866
947,inesco,fyat,fyat_h159.wav,Happy,327,Happy,Angry,Angry,False,False,False,0.80741096,0.008280951,0.00038362184,0.02686818,0.15260085,0.0007168459,0.0037386569
948,inesco,fyat,fyat_h160.wav,Happy,346,Happy,Happy,Happy,True,True,False,0.3115933,0.00055706705,7.0111487e-06,0.68577987,0.00030881597,7.04997e-06,0.001746914
949,inesco,fyat,fyat_h161.wav,Happy,247,Happy,Disgust,Angry,False,False,True,0.051053364,0.926938,0.0074538225,0.0015551731,0.00012070355,0.0055783363,0.007300537
950,inesco,fyat,fyat_h162.wav,Happy,343,Happy,Happy,Happy,True,True,False,0.07184712,0.0039841873,0.00024070704,0.8852754,0.034323923,0.0028901063,0.0014384774
951,inesco,fyat,fyat_h163.wav,Happy,308,Happy,Surprise,Happy,False,True,True,0.012362383,4.5598413e-06,6.0442403e-07,0.36285168,3.9198287e-07,4.175245e-08,0.6247803
952,inesco,fyat,fyat_h164.wav,Happy,106,Happy,Happy,Happy,True,True,False,0.0013375754,4.6769834e-05,0.08864249,0.60195464,0.004011276,0.00016057573,0.30384663
953,inesco,fyat,fyat_h165.wav,Happy,279,Happy,Happy,Happy,True,True,False,0.06312881,0.020606853,0.024071436,0.6967733,0.00052916317,0.18768118,0.0072093373
954,inesco,fyat,fyat_h166.wav,Happy,141,Happy,Surprise,Happy,False,True,True,0.015700521,2.1243543e-05,0.012648347,0.15083694,0.0010230968,0.004126666,0.8156432
955,inesco,fyat,fyat_h167.wav,Happy,157,Happy,Angry,Angry,False,False,False,0.61715114,7.838181e-07,0.0006365436,0.351535,4.8113275e-06,2.7633318e-06,0.030668957
956,inesco,fyat,fyat_h168.wav,Happy,228,Happy,Sad,Sad,False,False,False,0.07169901,0.0074420148,0.0004114928,0.1454943,0.008513842,0.76625234,0.00018696774
957,inesco,fyat,fyat_h169.wav,Happy,218,Happy,Sad,Sad,False,False,False,0.02936312,0.27901006,0.011449371,0.002249171,0.0059089176,0.6677692,0.00425017
958,inesco,fyat,fyat_h170.wav,Happy,186,Happy,Angry,Angry,False,False,False,0.9480034,0.00019312411,2.642544e-05,0.050438285,0.0011610212,2.4178994e-06,0.0001753139
959,inesco,fyat,fyat_h171.wav,Happy,157,Happy,Angry,Angry,False,False,False,0.9778977,1.6831821e-06,7.584794e-05,0.005337867,0.00023055087,3.8001715e-05,0.016418347
960,inesco,fyat,fyat_h172.wav,Happy,394,Happy,Surprise,Happy,False,True,True,1.0143602e-06,6.16718e-07,0.0017067746,0.27838334,3.5322005e-09,1.6186506e-08,0.7199083
961,inesco,fyat,fyat_h173.wav,Happy,186,Happy,Angry,Angry,False,False,False,0.690986,0.0003203373,0.0012824018,0.28103408,0.0037314098,8.9814814e-05,0.022555921
962,inesco,fyat,fyat_h174.wav,Happy,97,Happy,Happy,Happy,True,True,False,0.000674843,7.002502e-08,0.13884057,0.5731097,7.0748364e-08,2.4542598e-07,0.2873745
963,inesco,fyat,fyat_h175.wav,Happy,212,Happy,Angry,Angry,False,False,False,0.47346976,0.0063537266,0.0010652974,0.06657568,0.2930031,0.013210252,0.14632215
964,inesco,fyat,fyat_h176.wav,Happy,183,Happy,Angry,Angry,False,False,False,0.89400995,0.015299738,0.00021020746,0.02088045,1.5028603e-05,0.0011962678,0.06838846
965,inesco,fyat,fyat_h177.wav,Happy,324,Happy,Angry,Angry,False,False,False,0.702208,0.07319205,0.003624709,0.037904747,0.18062173,3.1153155e-05,0.0024175951
966,inesco,fyat,fyat_h178.wav,Happy,401,Happy,Surprise,Angry,False,False,True,0.20505385,0.088109635,0.004305333,0.16768079,8.908461e-06,0.021190723,0.51365083
967,inesco,fyat,fyat_h179.wav,Happy,298,Happy,Happy,Happy,True,True,False,0.0062597967,0.0001104799,0.00015845783,0.8062098,5.4932756e-05,4.398736e-06,0.18720205
968,inesco,fyat,fyat_h180.wav,Happy,266,Happy,Happy,Happy,True,True,False,0.034545556,0.0007356391,2.62068e-07,0.9639636,5.8972373e-06,0.00041161204,0.00033750446
969,inesco,fyat,fyat_h181.wav,Happy,167,Happy,Disgust,Angry,False,False,True,0.30342656,0.49254844,0.006847298,0.006548356,0.13167486,0.015478945,0.04347553
970,inesco,fyat,fyat_h182.wav,Happy,247,Happy,Happy,Happy,True,True,False,0.3536258,0.09127582,4.7433037e-05,0.5238701,0.00014789129,0.0014311282,0.029601857
971,inesco,fyat,fyat_h183.wav,Happy,186,Happy,Disgust,Angry,False,False,True,0.06952172,0.4193163,0.0025844872,0.057611667,0.040190283,0.0058700717,0.40490544
972,inesco,fyat,fyat_h184.wav,Happy,164,Happy,Surprise,Angry,False,False,True,0.08545327,0.0070122182,0.39650595,0.06036029,0.0019245616,0.016337344,0.43240637
973,inesco,fyat,fyat_h185.wav,Happy,301,Happy,Happy,Happy,True,True,False,0.3603909,0.0020794307,0.00278874,0.5588531,0.002069883,0.0031006793,0.07071739
974,inesco,fyat,fyat_h186.wav,Happy,401,Happy,Angry,Angry,False,False,False,0.8207868,0.046326138,0.000112612724,0.04819432,0.014148886,0.049345847,0.021085378
975,inesco,fyat,fyat_h187.wav,Happy,401,Happy,Angry,Angry,False,False,False,0.9344905,0.022080908,7.686456e-08,0.04306561,2.1019619e-06,0.00017752158,0.00018330211
976,inesco,fyat,fyat_h188.wav,Happy,330,Happy,Disgust,Happy,False,True,True,0.05011978,0.73072076,0.009584756,0.08309374,6.4351276e-05,0.074732125,0.051684506
977,inesco,fyat,fyat_h189.wav,Happy,369,Happy,Angry,Angry,False,False,False,0.8759465,0.012275049,7.9534344e-05,0.0535122,3.1935222e-05,2.203795e-06,0.0581526
978,inesco,fyat,fyat_h190.wav,Happy,340,Happy,Surprise,Happy,False,True,True,3.087326e-05,2.2784626e-07,2.7356498e-05,3.4095196e-05,3.184079e-13,4.7046004e-08,0.9999075
979,inesco,fyat,fyat_h191.wav,Happy,225,Happy,Happy,Happy,True,True,False,0.00023503945,2.648187e-06,2.3544212e-08,0.9997316,3.0355583e-05,3.4804933e-07,4.9809834e-08
980,inesco,fyat,fyat_h192.wav,Happy,401,Happy,Angry,Angry,False,False,False,0.71479744,0.061461832,0.025643801,0.008839653,0.012979235,0.056336537,0.11994151
981,inesco,fyat,fyat_h193.wav,Happy,378,Happy,Disgust,Sad,False,False,True,0.1247017,0.48650336,0.00050620286,0.0143767465,0.0015074684,0.36646163,0.0059427926
982,inesco,fyat,fyat_h194.wav,Happy,401,Happy,Happy,Happy,True,True,False,3.7901835e-05,4.246618e-07,3.5190726e-09,0.9995542,4.15512e-12,1.9746364e-11,0.0004073918
983,inesco,fyat,fyat_h195.wav,Happy,359,Happy,Happy,Happy,True,True,False,0.0022001727,0.000268886,0.00036400405,0.9857891,1.0609729e-05,0.0017217414,0.009645397
984,inesco,fyat,fyat_h196.wav,Happy,401,Happy,Sad,Sad,False,False,False,0.10285724,0.0026451985,0.04095449,0.0012494306,0.0060788617,0.84353346,0.0026813673
985,inesco,fyat,fyat_h197.wav,Happy,372,Happy,Disgust,Sad,False,False,True,0.0010361758,0.95140034,2.3875205e-07,0.0004714174,0.00025744754,0.0468251,9.319184e-06
986,inesco,fyat,fyat_h198.wav,Happy,378,Happy,Disgust,Sad,False,False,True,0.024455644,0.93713903,0.00048847136,0.003227778,0.003301976,0.029910637,0.0014764899
987,inesco,fyat,fyat_h199.wav,Happy,225,Happy,Neutral,Sad,False,False,True,0.00074772065,0.25055572,0.16542467,0.002537373,0.4853763,0.095306836,5.1401752e-05
988,inesco,fyat,fyat_h200.wav,Happy,100,Happy,Fear,Angry,False,False,True,0.014006213,1.3001433e-06,0.83694255,0.003919856,5.353007e-06,4.4104858e-05,0.14508073
989,inesco,fyat,fyat_h201.wav,Happy,372,Happy,Neutral,Sad,False,False,True,0.022155626,0.00035893382,1.5488626e-05,0.022508316,0.6238394,0.32878903,0.0023332147
990,inesco,fyat,fyat_h202.wav,Happy,324,Happy,Surprise,Angry,False,False,True,0.00042384738,0.00017838429,0.029115891,0.00014054414,2.761692e-10,0.00032891,0.96981245
991,inesco,fyat,fyat_h203.wav,Happy,324,Happy,Happy,Happy,True,True,False,0.00040219093,2.454794e-05,3.0047751e-05,0.97279185,0.0032658998,0.0012858026,0.022199618
992,inesco,fyat,fyat_h204.wav,Happy,298,Happy,Surprise,Angry,False,False,True,0.1251376,0.06726811,8.588285e-05,0.11527888,0.0003136064,0.07000242,0.6219136
993,inesco,fyat,fyat_h205.wav,Happy,401,Happy,Happy,Happy,True,True,False,0.32185066,0.008343654,1.0988945e-06,0.626203,2.0874945e-06,0.04327128,0.00032822517
994,inesco,fyat,fyat_h206.wav,Happy,401,Happy,Sad,Sad,False,False,False,0.006688339,0.00018371486,0.02871584,0.24267171,0.0001046139,0.64985996,0.071775906
995,inesco,fyat,fyat_h207.wav,Happy,401,Happy,Happy,Happy,True,True,False,0.2763718,0.15588754,0.001773253,0.40546447,0.116661474,0.04232221,0.0015191864
996,inesco,fyat,fyat_h208.wav,Happy,311,Happy,Fear,Angry,False,False,True,0.34596828,9.694035e-06,0.6503246,0.0028444882,1.8550745e-07,0.00010386984,0.00074892695
997,inesco,fyat,fyat_h209.wav,Happy,401,Happy,Disgust,Angry,False,False,True,0.18428312,0.60149544,0.018973114,0.07562294,0.0004674691,0.0068172533,0.11234061
998,inesco,fyat,fyat_h210.wav,Happy,401,Happy,Neutral,Sad,False,False,True,0.028946275,0.00775902,0.0031235544,0.0002062236,0.6545132,0.2937684,0.011683358
999,inesco,fyat,fyat_h211.wav,Happy,285,Happy,Surprise,Happy,False,True,True,0.0061764414,0.00019197997,0.01626218,0.48394546,9.583009e-07,4.1903535e-05,0.49338102
1000,inesco,fyat,fyat_s402.wav,Sad,340,Sad,Angry,Angry,False,False,False,0.8940657,0.09038901,7.904181e-06,0.0015271304,1.1124495e-05,0.0042275223,0.009771551
1001,inesco,fyat,fyat_s403.wav,Sad,285,Sad,Fear,Sad,False,True,True,0.20638935,0.0046387888,0.51868314,0.00079786475,0.0003718694,0.2555887,0.013530289
1002,inesco,fyat,fyat_s404.wav,Sad,273,Sad,Fear,Happy,False,False,True,0.016908849,0.0001526687,0.93931067,0.032153476,7.4937014e-07,0.004222809,0.007250723
1003,inesco,fyat,fyat_s405.wav,Sad,401,Sad,Angry,Angry,False,False,False,0.8656858,5.5085453e-05,0.003954627,0.10103042,4.2695962e-08,0.0005911325,0.028682861
1004,inesco,fyat,fyat_s406.wav,Sad,273,Sad,Angry,Angry,False,False,False,0.9980136,9.179921e-05,0.00032761824,0.00059101253,6.325197e-10,6.2119955e-07,0.0009753419
1005,inesco,fyat,fyat_s407.wav,Sad,205,Sad,Fear,Happy,False,False,True,0.0001749713,7.1830056e-07,0.9864906,0.0073062433,1.02313656e-07,1.961413e-05,0.0060077393
1006,inesco,fyat,fyat_s408.wav,Sad,180,Sad,Angry,Angry,False,False,False,0.97173136,8.022174e-08,6.4491223e-06,0.028250003,2.2285528e-08,1.0325545e-06,1.1008212e-05
1007,inesco,fyat,fyat_s409.wav,Sad,273,Sad,Fear,Angry,False,False,True,0.0075493916,5.7067234e-07,0.98155266,0.006679419,3.3656622e-08,0.0005977063,0.0036202264
1008,inesco,fyat,fyat_s410.wav,Sad,401,Sad,Surprise,Happy,False,False,True,0.00017193113,2.3106178e-08,0.16741353,0.00022038573,1.133241e-09,4.0531772e-06,0.83219004
1009,inesco,fyat,fyat_s411.wav,Sad,372,Sad,Surprise,Angry,False,False,True,0.023592552,0.11537231,0.00033985593,7.1662114e-05,1.2297426e-07,0.018948333,0.8416752
1010,inesco,fyat,fyat_s412.wav,Sad,167,Sad,Fear,Happy,False,False,True,3.212359e-06,5.5812277e-10,0.99929845,3.5334884e-05,2.00007e-11,1.5476786e-08,0.00066294597
1011,inesco,fyat,fyat_s413.wav,Sad,401,Sad,Disgust,Angry,False,False,True,0.3197101,0.6429098,2.6150987e-05,0.034156002,2.7603082e-06,0.0011041033,0.0020910287
1012,inesco,fyat,fyat_s414.wav,Sad,308,Sad,Happy,Happy,False,False,False,0.03736703,0.0027573565,0.018957533,0.68242013,2.332341e-05,0.00045381894,0.25802076
1013,inesco,fyat,fyat_s415.wav,Sad,129,Sad,Fear,Angry,False,False,True,0.37216064,0.0014994101,0.5961183,0.020272804,0.0050318497,2.3252736e-05,0.004893799
1014,inesco,fyat,fyat_s416.wav,Sad,401,Sad,Disgust,Angry,False,False,True,0.11425995,0.8687818,5.1852194e-09,2.8866481e-05,7.018945e-06,0.016922023,2.7401745e-07
1015,inesco,fyat,fyat_s417.wav,Sad,401,Sad,Angry,Angry,False,False,False,0.40332848,0.23719864,0.00023492512,0.10279606,0.19223955,0.045363408,0.01883896
1016,inesco,fyat,fyat_s418.wav,Sad,359,Sad,Fear,Angry,False,False,True,0.050645187,1.6202933e-06,0.93728197,0.00096158823,5.445223e-08,0.00057446747,0.010535135
1017,inesco,fyat,fyat_s419.wav,Sad,346,Sad,Sad,Sad,True,True,False,0.22367619,0.28414786,4.2508404e-05,0.00031532513,0.017335227,0.4673032,0.0071796863
1018,inesco,fyat,fyat_s420.wav,Sad,106,Sad,Angry,Angry,False,False,False,0.9884431,4.2746224e-06,0.008316507,0.0022013641,6.2597946e-06,1.0562673e-05,0.0010180078
1019,inesco,fyat,fyat_s421.wav,Sad,372,Sad,Happy,Happy,False,False,False,0.00041174,0.0012292357,0.0013806968,0.969922,9.123611e-06,0.0013238759,0.025723435
1020,inesco,fyat,fyat_s422.wav,Sad,359,Sad,Angry,Angry,False,False,False,0.5140042,0.003874525,0.00048614442,0.46112132,1.11492545e-05,0.0007529552,0.019749714
1021,inesco,fyat,fyat_s423.wav,Sad,250,Sad,Angry,Angry,False,False,False,0.95241916,0.00037172786,0.028370356,0.0051725465,4.9303733e-08,0.010188239,0.0034779268
1022,inesco,fyat,fyat_s424.wav,Sad,401,Sad,Fear,Angry,False,False,True,0.010214054,9.979547e-09,0.9787909,0.00046545087,9.98155e-08,9.1217845e-07,0.01052863
1023,inesco,fyat,fyat_s425.wav,Sad,401,Sad,Happy,Happy,False,False,False,0.0011821679,5.154407e-07,0.00019086548,0.8648761,8.38366e-08,1.4701488e-08,0.13375032
1024,inesco,fyat,fyat_s426.wav,Sad,401,Sad,Angry,Angry,False,False,False,0.77427673,0.10233309,0.015678132,0.09971785,3.219248e-05,0.006601153,0.0013608023
1025,inesco,fyat,fyat_s427.wav,Sad,247,Sad,Fear,Angry,False,False,True,0.010624233,4.4807475e-06,0.98691505,0.00011129949,6.124189e-09,0.002330009,1.5025616e-05
1026,inesco,fyat,fyat_s428.wav,Sad,401,Sad,Surprise,Happy,False,False,True,0.0027430186,7.019575e-06,0.0028302572,0.02336305,1.896634e-09,7.187023e-07,0.971056
1027,inesco,fyat,fyat_s429.wav,Sad,401,Sad,Fear,Angry,False,False,True,0.13490951,0.0008401879,0.78651315,1.6878133e-05,2.3484815e-06,0.0047680875,0.07294986
1028,inesco,fyat,fyat_s430.wav,Sad,401,Sad,Angry,Angry,False,False,False,0.47558022,0.0005207209,0.025111388,0.16379277,1.0210559e-06,0.00027618327,0.33471766
1029,inesco,fyat,fyat_s431.wav,Sad,266,Sad,Fear,Happy,False,False,True,0.0033784853,0.00016718952,0.42423946,0.35712302,1.7865012e-06,0.030358823,0.18473123
1030,inesco,fyat,fyat_s432.wav,Sad,401,Sad,Happy,Happy,False,False,False,0.00051914965,1.6440379e-07,0.03973355,0.89097613,8.45799e-06,1.866015e-05,0.06874395
1031,inesco,fyat,fyat_s433.wav,Sad,401,Sad,Fear,Happy,False,False,True,0.05807198,1.0916157e-06,0.5938076,0.1696633,1.110162e-07,1.4455713e-06,0.17845446
1032,inesco,fyat,fyat_s434.wav,Sad,337,Sad,Angry,Angry,False,False,False,0.4664119,8.331144e-05,0.059594117,0.20307754,1.2498128e-05,0.0001830697,0.27063763
1033,inesco,fyat,fyat_s435.wav,Sad,212,Sad,Fear,Happy,False,False,True,0.0004965666,8.005981e-06,0.9883188,0.007666211,5.67995e-06,0.00062034454,0.002884324
1034,inesco,fyat,fyat_s436.wav,Sad,231,Sad,Happy,Happy,False,False,False,0.072746776,0.00014111672,0.32535613,0.592086,1.8569508e-05,0.009639447,1.2051828e-05
1035,inesco,fyat,fyat_s437.wav,Sad,321,Sad,Happy,Happy,False,False,False,0.16870458,2.155433e-05,0.0028413797,0.7983547,1.8573614e-06,6.339303e-07,0.03007531
1036,inesco,fyat,fyat_s438.wav,Sad,401,Sad,Surprise,Angry,False,False,True,0.24923985,0.0102721425,0.0002692885,0.004766121,2.6068008e-07,6.0523646e-05,0.7353919
1037,inesco,fyat,fyat_s439.wav,Sad,401,Sad,Happy,Happy,False,False,False,0.0645708,0.00444025,1.3272087e-06,0.897003,2.7516208e-07,2.677523e-05,0.03395753
1038,inesco,fyat,fyat_s440.wav,Sad,365,Sad,Surprise,Angry,False,False,True,0.20690167,0.00014163558,0.0046607237,0.01612052,2.0102168e-07,0.0009355802,0.77123976
1039,inesco,fyat,fyat_s441.wav,Sad,401,Sad,Disgust,Sad,False,True,True,0.00074241037,0.79104394,0.029017562,0.0022778967,2.1120327e-06,0.06861553,0.108300544
1040,inesco,fyat,fyat_s442.wav,Sad,324,Sad,Angry,Angry,False,False,False,0.9882017,5.3858046e-05,0.0008355627,0.0027290715,2.7227777e-06,3.6703594e-05,0.008140493
1041,inesco,fyat,fyat_s443.wav,Sad,401,Sad,Happy,Happy,False,False,False,0.07853243,0.10527858,0.02985909,0.6191622,0.001873507,0.04073337,0.124560855
1042,inesco,fyat,fyat_s444.wav,Sad,401,Sad,Happy,Happy,False,False,False,0.0025173048,1.7257415e-08,0.4921064,0.5016049,2.0030056e-05,0.002852695,0.0008985932
1043,inesco,fyat,fyat_s445.wav,Sad,401,Sad,Happy,Happy,False,False,False,0.21262836,0.022887506,0.00023095772,0.74072826,7.583273e-05,0.014118938,0.009330089
1044,inesco,fyat,fyat_s446.wav,Sad,401,Sad,Disgust,Angry,False,False,True,0.29602107,0.52122116,0.00018437894,0.011604991,0.00025493733,8.4596715e-05,0.17062883
1045,inesco,fyat,fyat_s447.wav,Sad,401,Sad,Sad,Sad,True,True,False,0.27252254,0.014447808,0.024894686,0.009191845,2.988635e-05,0.5570178,0.121895455
1046,inesco,fyat,fyat_s448.wav,Sad,260,Sad,Angry,Angry,False,False,False,0.84259087,7.005363e-05,0.1316935,0.019944794,7.990091e-05,0.003998186,0.0016227034
1047,inesco,fyat,fyat_s449.wav,Sad,391,Sad,Angry,Angry,False,False,False,0.5140093,6.3831244e-08,0.0034110376,0.48206508,6.2203185e-09,5.170338e-07,0.0005140076
1048,inesco,fyat,fyat_s450.wav,Sad,305,Sad,Angry,Angry,False,False,False,0.81924707,4.5034332e-05,0.048576888,0.0023654636,1.1962461e-06,0.00014808806,0.12961626
1049,inesco,fyat,fyat_s451.wav,Sad,305,Sad,Happy,Happy,False,False,False,0.048423648,0.00031806654,0.043360803,0.89218825,1.1284591e-07,0.00877942,0.006929747
1050,inesco,fyat,fyat_s452.wav,Sad,401,Sad,Angry,Angry,False,False,False,0.95832527,0.00393539,0.00045943336,0.007282819,0.00022927698,0.027330792,0.002437088
1051,inesco,fyat,fyat_s453.wav,Sad,298,Sad,Angry,Angry,False,False,False,0.5893116,0.00024112278,0.38630575,0.0033644536,2.2312413e-05,0.0004049821,0.020349817
1052,inesco,fyat,fyat_s454.wav,Sad,401,Sad,Happy,Happy,False,False,False,0.036373504,0.0005874586,0.0006643041,0.60889006,5.1376715e-05,0.35290763,0.0005255895
1053,inesco,fyat,fyat_s455.wav,Sad,346,Sad,Angry,Angry,False,False,False,0.9925161,0.00031000085,0.00017749722,0.005097727,7.345802e-06,0.00025260617,0.0016387693
1054,inesco,fyat,fyat_s456.wav,Sad,401,Sad,Angry,Angry,False,False,False,0.65849406,0.31593648,6.721293e-07,0.022764558,0.000121006124,0.002055658,0.0006275246
1055,inesco,fyat,fyat_s457.wav,Sad,401,Sad,Surprise,Angry,False,False,True,0.12027279,0.0013447762,0.15504213,0.032310076,0.00019162869,0.0062818513,0.6845568
1056,inesco,fyat,fyat_s458.wav,Sad,340,Sad,Happy,Happy,False,False,False,0.052785225,1.1191855e-05,0.04203693,0.88554084,3.562549e-05,6.7183378e-06,0.019583536
1057,inesco,fyat,fyat_s459.wav,Sad,401,Sad,Disgust,Sad,False,True,True,0.03214337,0.8619679,0.0006040447,0.009013231,5.432989e-07,0.08827782,0.007992975
1058,inesco,fyat,fyat_s460.wav,Sad,269,Sad,Fear,Happy,False,False,True,0.0058901836,0.0010962387,0.6750296,0.15230753,2.2518927e-06,0.0009688145,0.16470547
1059,inesco,fyat,fyat_s461.wav,Sad,343,Sad,Angry,Angry,False,False,False,0.8149275,1.1921293e-05,0.00855597,0.078558,2.1647407e-05,8.778897e-05,0.0978371
1060,inesco,fyat,fyat_s462.wav,Sad,401,Sad,Surprise,Angry,False,False,True,0.13391612,0.07232293,0.021213565,0.016202355,0.00081332744,0.0063525788,0.7491791
1061,inesco,fyat,fyat_s463.wav,Sad,401,Sad,Surprise,Angry,False,False,True,0.32039025,7.4815594e-06,0.025594892,0.17111282,1.9997506e-06,0.0005618442,0.48233077
1062,inesco,fyat,fyat_s464.wav,Sad,375,Sad,Happy,Happy,False,False,False,0.080587044,3.8532005e-05,0.07678861,0.8260578,2.6542617e-08,3.0097486e-05,0.016497778
1063,inesco,fyat,fyat_s465.wav,Sad,401,Sad,Surprise,Happy,False,False,True,3.1626557e-06,3.057445e-06,0.002780894,0.034849573,6.4281256e-09,2.6169228e-06,0.9623606
1064,inesco,fyat,fyat_s466.wav,Sad,321,Sad,Surprise,Happy,False,False,True,0.020183532,0.00010423712,0.01179662,0.28729543,4.6050687e-08,4.8206773e-05,0.6805719
1065,inesco,fyat,fyat_s467.wav,Sad,119,Sad,Fear,Happy,False,False,True,0.016683195,4.3554883e-07,0.79014593,0.033874046,1.0646895e-07,1.2740309e-05,0.15928355
1066,inesco,fyat,fyat_s468.wav,Sad,234,Sad,Happy,Happy,False,False,False,0.041241243,0.0010923585,0.22568418,0.6863748,0.00015611025,0.045333467,0.000117924086
1067,inesco,fyat,fyat_s469.wav,Sad,221,Sad,Fear,Happy,False,False,True,0.00083191757,2.8797829e-06,0.5997209,0.0016942656,3.5371448e-07,0.001049137,0.39670044
1068,inesco,fyat,fyat_s470.wav,Sad,241,Sad,Happy,Happy,False,False,False,0.09113435,0.0024281305,0.10124671,0.6819726,2.2786573e-08,0.12320142,1.663432e-05
1069,inesco,fyat,fyat_s471.wav,Sad,157,Sad,Happy,Happy,False,False,False,0.05958902,0.00040117887,0.11096862,0.48437238,0.00032474112,0.34410512,0.00023893287
1070,inesco,fyat,fyat_s472.wav,Sad,401,Sad,Surprise,Happy,False,False,True,0.110175215,4.4529068e-05,0.07975733,0.37802953,4.419666e-05,0.00010745029,0.43184176
1071,inesco,fyat,fyat_s473.wav,Sad,289,Sad,Fear,Sad,False,True,True,0.0003455389,2.8052568e-07,0.98002315,0.0009850976,1.5897452e-08,0.00498165,0.013664263
1072,inesco,fyat,fyat_s474.wav,Sad,401,Sad,Happy,Happy,False,False,False,0.00027569509,1.3964466e-06,0.045840945,0.53689075,2.5825997e-07,2.302955e-06,0.41698867
1073,inesco,fyat,fyat_s475.wav,Sad,401,Sad,Fear,Happy,False,False,True,2.7894566e-07,7.7236786e-11,0.99953103,0.00024258149,5.135741e-09,7.4370626e-05,0.00015173313
1074,inesco,fyat,fyat_s476.wav,Sad,321,Sad,Surprise,Angry,False,False,True,0.27736756,3.055359e-05,0.29380286,0.06728522,5.7108082e-05,0.002037865,0.35941893
1075,inesco,fyat,fyat_s477.wav,Sad,401,Sad,Angry,Angry,False,False,False,0.7275421,1.00684565e-05,0.008612974,0.12519214,5.8816618e-06,8.508148e-05,0.1385517
1076,inesco,fyat,fyat_s478.wav,Sad,273,Sad,Happy,Happy,False,False,False,0.12636119,0.063325286,0.0014051783,0.6264795,4.5842057e-06,0.0013455587,0.1810788
1077,inesco,fyat,fyat_s479.wav,Sad,401,Sad,Happy,Happy,False,False,False,4.1203326e-05,0.00042953814,0.056969125,0.93083656,1.4274887e-06,0.00041674092,0.011305383
1078,inesco,fyat,fyat_s480.wav,Sad,385,Sad,Angry,Angry,False,False,False,0.59985566,1.1609119e-05,0.3967115,0.0021972966,8.245187e-08,8.349797e-06,0.0012155293
1079,inesco,fyat,fyat_s481.wav,Sad,401,Sad,Happy,Happy,False,False,False,0.046783585,1.9209824e-06,0.012524624,0.93788874,5.0918475e-06,0.0003171865,0.002478917
1080,inesco,fyat,fyat_s482.wav,Sad,311,Sad,Happy,Happy,False,False,False,5.6450626e-06,4.345607e-06,1.938982e-05,0.979715,3.241373e-07,1.129027e-07,0.020255132
1081,inesco,fyat,fyat_s483.wav,Sad,401,Sad,Happy,Happy,False,False,False,0.008418589,4.748888e-06,0.0066170236,0.74643886,2.3710543e-05,2.4995223e-05,0.23847212
1082,inesco,fyat,fyat_s484.wav,Sad,295,Sad,Fear,Sad,False,True,True,0.059107803,0.022709282,0.61243474,0.08732737,1.3504977e-05,0.1111949,0.10721238
1083,inesco,fyat,fyat_s485.wav,Sad,186,Sad,Fear,Happy,False,False,True,1.0636987e-05,1.6408594e-05,0.7745319,0.043617576,0.00022588762,3.074171e-05,0.1815669
1084,inesco,fyat,fyat_s486.wav,Sad,401,Sad,Surprise,Happy,False,False,True,0.00012316288,8.992436e-05,0.27147236,0.0093185585,5.5772557e-07,0.0002128809,0.71878254
1085,inesco,fyat,fyat_s487.wav,Sad,305,Sad,Angry,Angry,False,False,False,0.92455584,0.0069769104,0.0002288389,0.00026741275,5.0466056e-06,0.0284869,0.039479043
1086,inesco,fyat,fyat_s488.wav,Sad,177,Sad,Fear,Angry,False,False,True,0.012357506,1.1320902e-06,0.97415346,0.010856798,1.0096213e-06,0.0006576366,0.0019724932
1087,inesco,fyat,fyat_s489.wav,Sad,401,Sad,Angry,Angry,False,False,False,0.75001943,8.49402e-05,0.0036510348,0.19822197,4.947534e-07,0.0002463035,0.047775857
1088,inesco,fyat,fyat_s490.wav,Sad,401,Sad,Surprise,Angry,False,False,True,0.00017196564,0.003014021,1.2711898e-05,4.460245e-06,1.1462685e-09,1.5233377e-08,0.9967969
1089,inesco,fyat,fyat_s491.wav,Sad,401,Sad,Surprise,Happy,False,False,True,0.00023673152,1.8386581e-05,0.00073272706,0.023479208,9.583488e-11,8.947455e-08,0.9755328
1090,inesco,fyat,fyat_s492.wav,Sad,349,Sad,Angry,Angry,False,False,False,0.5833168,1.3798174e-06,0.035877828,0.37199718,1.185982e-05,0.0004347438,0.008360238
1091,inesco,fyat,fyat_s493.wav,Sad,401,Sad,Happy,Happy,False,False,False,0.117342204,0.004112777,0.009333271,0.6852625,1.1694496e-08,0.00071037473,0.18323891
1092,inesco,fyat,fyat_s494.wav,Sad,269,Sad,Surprise,Happy,False,False,True,0.0022872672,0.00010503148,0.21517193,0.2977287,3.7670582e-06,0.009469524,0.47523382
1093,inesco,fyat,fyat_s495.wav,Sad,401,Sad,Surprise,Angry,False,False,True,0.024087017,6.508247e-05,0.00975876,0.014362799,1.02450876e-07,6.846402e-06,0.9517194
1094,inesco,fyat,fyat_s496.wav,Sad,305,Sad,Angry,Angry,False,False,False,0.72935116,0.0036787186,0.0016210879,0.2639169,2.1723283e-05,0.0010332034,0.00037718817
1095,inesco,fyat,fyat_s497.wav,Sad,308,Sad,Surprise,Angry,False,False,True,0.35547096,2.6457071e-06,0.0005990341,0.11039034,1.0369428e-06,2.350361e-05,0.5335124
1096,inesco,fyat,fyat_s498.wav,Sad,311,Sad,Angry,Angry,False,False,False,0.9451941,0.004248458,0.0038990595,0.033008058,5.442453e-06,0.0027979,0.010846997
1097,inesco,fyat,fyat_s499.wav,Sad,401,Sad,Surprise,Angry,False,False,True,0.17749478,0.0041645714,0.000943707,0.14239441,0.018652797,0.00029028178,0.65605944
1098,inesco,fyat,fyat_s500.wav,Sad,324,Sad,Happy,Happy,False,False,False,0.048022967,9.3148617e-07,0.004330572,0.94742733,6.5302963e-09,3.9495622e-05,0.00017865485
1099,inesco,fyat,fyat_s501.wav,Sad,362,Sad,Happy,Happy,False,False,False,0.000639628,0.00016525369,6.8645627e-06,0.99765766,4.548257e-09,1.1279874e-05,0.001519215
1100,inesco,fyat,fyat_s502.wav,Sad,257,Sad,Fear,Sad,False,True,True,0.00015063121,8.440902e-06,0.9743279,0.0006204902,2.4221947e-10,0.0015107951,0.023381673
1101,inesco,fyat,fyat_s503.wav,Sad,330,Sad,Fear,Happy,False,False,True,0.00092730427,6.061624e-09,0.99053067,0.0035577577,1.28481075e-08,1.7235147e-05,0.0049670013
1102,inesco,fyat,fyat_s504.wav,Sad,186,Sad,Happy,Happy,False,False,False,0.061838586,8.382694e-08,0.15673974,0.77669907,1.4756758e-07,0.00020699928,0.004515385
1103,inesco,fyat,fyat_s505.wav,Sad,330,Sad,Fear,Happy,False,False,True,7.9841325e-09,6.6657714e-11,0.999969,1.6623795e-05,7.140933e-10,1.3959724e-05,5.220899e-07
1104,inesco,fyat,fyat_s506.wav,Sad,333,Sad,Fear,Happy,False,False,True,9.828538e-05,0.038963176,0.9148337,0.012888741,1.5543368e-07,0.0030874177,0.030128516
1105,inesco,fyat,fyat_s507.wav,Sad,301,Sad,Happy,Happy,False,False,False,0.22300443,0.14714605,0.023597578,0.46254236,0.00011665766,0.018382335,0.12521057
1106,inesco,fyat,fyat_s508.wav,Sad,369,Sad,Surprise,Happy,False,False,True,0.00069400616,0.066903844,0.024642538,0.015387203,1.8053696e-06,0.008021532,0.88434917
1107,inesco,fyat,fyat_s509.wav,Sad,324,Sad,Angry,Angry,False,False,False,0.727802,0.00021003887,0.20397112,0.012799362,0.00014125732,0.04601268,0.009063544
1108,inesco,fyat,fyat_s510.wav,Sad,401,Sad,Surprise,Happy,False,False,True,0.0010426035,0.0018740445,0.033915043,0.014437664,8.88345e-09,0.00013662827,0.9485941
1109,inesco,fyat,fyat_s511.wav,Sad,401,Sad,Angry,Angry,False,False,False,0.6216542,0.0031234226,0.042700388,0.30758962,0.00010987021,0.006313366,0.018509125
1110,inesco,fyat,fyat_s512.wav,Sad,401,Sad,Happy,Happy,False,False,False,0.16676725,0.008711433,0.00068280636,0.78744936,0.0052737454,0.02033904,0.010776405
1111,inesco,fyat,fyat_s513.wav,Sad,401,Sad,Angry,Angry,False,False,False,0.51695055,0.0007701379,0.03239875,0.15964659,0.00019398988,0.0023779327,0.2876621
1112,inesco,fyat,fyat_s514.wav,Sad,401,Sad,Fear,Happy,False,False,True,0.00097472867,9.616161e-09,0.7193621,0.062301066,3.7747052e-06,3.3318e-05,0.21732499
1113,inesco,fyat,fyat_s515.wav,Sad,317,Sad,Sad,Sad,True,True,False,0.10747853,0.26520798,0.00013708042,0.0015718605,1.6822376e-06,0.36326548,0.26233745
1114,inesco,fyat,fyat_s516.wav,Sad,260,Sad,Angry,Angry,False,False,False,0.6555094,0.033492997,0.0018243575,0.25733873,5.3198135e-05,0.013017483,0.038763825
1115,inesco,fyat,fyat_s517.wav,Sad,401,Sad,Surprise,Sad,False,True,True,9.578264e-06,0.0012470754,0.47331956,4.246879e-05,2.6374137e-06,0.048059355,0.47731924
1116,inesco,fyat,fyat_s518.wav,Sad,401,Sad,Sad,Sad,True,True,False,0.0010125318,0.03946723,8.020331e-05,0.009924195,0.04196824,0.9073686,0.00017899403
1117,inesco,fyat,fyat_s519.wav,Sad,394,Sad,Surprise,Sad,False,True,True,0.0019125922,0.03983081,0.30973905,0.0058565545,0.0018529464,0.22851571,0.4122924
1118,inesco,fyat,fyat_s520.wav,Sad,257,Sad,Surprise,Angry,False,False,True,0.086223185,0.00012380311,4.849522e-05,6.282062e-06,1.6403037e-09,3.3702006e-05,0.9135646
1119,inesco,fyat,fyat_s521.wav,Sad,148,Sad,Fear,Angry,False,False,True,0.070605986,6.7623205e-08,0.8996408,0.02581611,1.2543948e-07,1.6151589e-05,0.003920706
1120,inesco,fyat,fyat_s522.wav,Sad,119,Sad,Fear,Happy,False,False,True,0.014267782,0.00011437543,0.9573073,0.024778524,0.0016405578,0.0010926897,0.000798772
1121,inesco,fyat,fyat_s523.wav,Sad,119,Sad,Fear,Angry,False,False,True,8.391862e-05,1.9695437e-06,0.9995271,2.1045364e-05,1.4765776e-07,3.1070656e-05,0.0003346507
1122,inesco,fyat,fyat_s524.wav,Sad,276,Sad,Surprise,Sad,False,True,True,0.003452264,0.0035423485,0.11922035,0.0015706414,1.3215067e-05,0.02151238,0.85068876
1123,inesco,fyat,fyat_s525.wav,Sad,349,Sad,Angry,Angry,False,False,False,0.61950606,0.13142237,0.00067058776,0.11203076,0.04983148,0.06052621,0.026012503
1124,inesco,fyat,fyat_s526.wav,Sad,388,Sad,Angry,Angry,False,False,False,0.96704227,3.3423206e-05,0.00058725546,0.023293775,6.639072e-07,4.7900915e-07,0.009042155
1125,inesco,fyat,fyat_s527.wav,Sad,401,Sad,Surprise,Happy,False,False,True,0.0005966665,1.20217e-05,0.035283513,0.44346663,5.005639e-06,9.890898e-05,0.5205372
1126,inesco,fyat,fyat_s528.wav,Sad,388,Sad,Fear,Happy,False,False,True,0.0018304713,7.0545676e-09,0.98744696,0.002713764,3.1356132e-10,1.99259e-05,0.007988944
1127,inesco,fyat,fyat_s529.wav,Sad,362,Sad,Surprise,Happy,False,False,True,0.0008820342,1.5947906e-05,0.28458908,0.0012916715,1.6916323e-05,0.0002712807,0.712933
1128,inesco,fyat,fyat_s530.wav,Sad,365,Sad,Surprise,Sad,False,True,True,3.591364e-06,1.8105919e-06,0.004101473,2.840051e-05,4.5281778e-10,0.0003082001,0.99555653
1129,inesco,fyat,fyat_s531.wav,Sad,196,Sad,Fear,Happy,False,False,True,0.0009910503,0.00065483525,0.97101957,0.021966992,6.2830375e-05,0.005152068,0.00015261573
1130,inesco,fyat,fyat_s532.wav,Sad,401,Sad,Sad,Sad,True,True,False,0.0005799087,0.18971874,0.00114955,3.8341124e-05,0.00018640379,0.7847217,0.023605289
1131,inesco,fyat,fyat_s533.wav,Sad,401,Sad,Happy,Happy,False,False,False,0.10456552,0.0006021079,0.00045154625,0.86207974,0.015316567,0.004791533,0.01219297
1132,inesco,fyat,fyat_s534.wav,Sad,401,Sad,Surprise,Angry,False,False,True,0.04829,1.2501764e-07,0.19302209,0.0003708173,7.540427e-09,1.2115866e-05,0.75830483
1133,inesco,fyat,fyat_s535.wav,Sad,215,Sad,Happy,Happy,False,False,False,0.19709991,0.11078505,0.00024662452,0.6567676,2.1316273e-06,0.00071365415,0.034385096
1134,inesco,fyat,fyat_s536.wav,Sad,401,Sad,Sad,Sad,True,True,False,0.17161037,0.014025659,0.25007546,0.0012915449,0.00084046193,0.55541265,0.006743886
1135,inesco,fyat,fyat_s537.wav,Sad,401,Sad,Surprise,Sad,False,True,True,0.010341445,0.015024076,0.16096134,0.0026522845,0.0004911593,0.22773586,0.58279383
1136,inesco,fyat,fyat_s538.wav,Sad,401,Sad,Disgust,Sad,False,True,True,0.0013805857,0.6956592,0.0014684953,0.00018844985,0.00080414163,0.060358237,0.24014087
1137,inesco,fyat,fyat_s539.wav,Sad,273,Sad,Surprise,Angry,False,False,True,0.20627992,0.03596928,0.0073671574,0.001377531,7.376387e-07,0.11842015,0.63058525
1138,inesco,fyat,fyat_s540.wav,Sad,401,Sad,Surprise,Angry,False,False,True,0.06887567,0.00015520497,0.015247741,0.0019465025,4.447524e-05,0.0017518855,0.9119786
1139,inesco,fyat,fyat_s541.wav,Sad,401,Sad,Fear,Sad,False,True,True,2.7126238e-05,0.0007441221,0.9545086,2.000373e-05,3.6122672e-06,0.00057519664,0.04412138
1140,inesco,fyat,fyat_s542.wav,Sad,401,Sad,Surprise,Angry,False,False,True,0.019049028,4.825378e-05,1.7140716e-06,0.00061412307,4.753132e-05,0.00017662,0.98006266
1141,inesco,fyat,fyat_s543.wav,Sad,401,Sad,Surprise,Happy,False,False,True,0.010587006,0.00036656126,0.005654221,0.047784034,4.1299104e-06,0.0004831492,0.93512094
1142,inesco,fyat,fyat_s544.wav,Sad,167,Sad,Surprise,Angry,False,False,True,0.21278809,0.15771121,0.14637627,0.00022973327,0.00011168216,0.0023884769,0.48039448
1143,inesco,fyat,fyat_s545.wav,Sad,401,Sad,Happy,Happy,False,False,False,0.100901134,0.0002399716,1.5606718e-05,0.58393216,0.0012661598,3.1691266e-05,0.31361333
1144,inesco,fyat,fyat_s546.wav,Sad,401,Sad,Angry,Angry,False,False,False,0.9885921,0.0004743782,0.00072415103,0.0031949976,1.5343514e-05,0.0010347394,0.0059642643
1145,inesco,fyat,fyat_s547.wav,Sad,401,Sad,Surprise,Angry,False,False,True,0.06715292,0.0025507351,0.0011918597,0.0054144193,2.6023723e-05,0.00121097,0.9224531
1146,inesco,fyat,fyat_s548.wav,Sad,394,Sad,Angry,Angry,False,False,False,0.694812,7.127489e-05,0.16405174,0.110338815,0.0039949156,0.007403112,0.019328129
1147,inesco,fyat,fyat_s549.wav,Sad,401,Sad,Surprise,Happy,False,False,True,0.0004207479,1.8548315e-06,0.04522177,0.010623484,2.3033673e-08,1.3450021e-05,0.9437186
1148,inesco,fyat,fyat_s550.wav,Sad,273,Sad,Angry,Angry,False,False,False,0.93028516,0.00044677258,0.00073054957,0.064805515,1.6803848e-05,0.0001377573,0.0035774168
1149,inesco,fyat,fyat_s551.wav,Sad,401,Sad,Sad,Sad,True,True,False,0.0044820653,0.3708864,1.4826533e-05,0.013759368,0.03406639,0.57673496,5.599681e-05
1150,inesco,fyat,fyat_s552.wav,Sad,289,Sad,Fear,Sad,False,True,True,1.6226196e-06,0.0010040349,0.8955098,6.976335e-06,1.0577508e-09,0.00053075387,0.102946885
1151,inesco,fyat,fyat_s553.wav,Sad,132,Sad,Surprise,Angry,False,False,True,0.12832214,1.7249218e-05,1.931597e-06,0.00054159027,7.389087e-11,3.6963004e-07,0.8711167
1152,inesco,fyat,fyat_s554.wav,Sad,298,Sad,Fear,Sad,False,True,True,3.2452468e-07,1.180518e-05,0.990049,0.0009024545,3.8791103e-07,0.007496373,0.0015397175
1153,inesco,fyat,fyat_s555.wav,Sad,298,Sad,Fear,Angry,False,False,True,0.002276052,1.3714473e-05,0.73127514,0.00067918905,2.6582766e-08,0.0016829516,0.26407295
1154,inesco,fyat,fyat_s556.wav,Sad,308,Sad,Sad,Sad,True,True,False,3.463962e-05,0.00025901245,0.079365455,0.10096022,8.5758424e-05,0.8152374,0.0040575415
1155,inesco,fyat,fyat_s557.wav,Sad,141,Sad,Fear,Happy,False,False,True,3.4953086e-05,9.1477e-11,0.99785405,0.0019125872,1.1986562e-08,3.2119476e-07,0.00019806635
1156,inesco,fyat,fyat_s558.wav,Sad,231,Sad,Happy,Happy,False,False,False,0.25226074,0.11512561,0.0008383638,0.56459916,0.05617684,0.010316399,0.0006828917
1157,inesco,fyat,fyat_s559.wav,Sad,401,Sad,Happy,Happy,False,False,False,0.051533468,0.0012518369,0.00013000773,0.7827706,8.819582e-06,2.9658795e-06,0.16430236
1158,inesco,fyat,fyat_s560.wav,Sad,298,Sad,Surprise,Happy,False,False,True,2.164437e-06,8.779796e-07,0.0033506567,0.0765379,4.2630557e-08,2.2860902e-06,0.92010605
1159,inesco,fyat,fyat_s561.wav,Sad,298,Sad,Fear,Angry,False,False,True,5.4372642e-05,5.125491e-07,0.9346057,4.1567746e-05,3.451779e-08,1.0057995e-05,0.065287694
1160,inesco,fyat,fyat_s562.wav,Sad,173,Sad,Fear,Sad,False,True,True,0.014510241,0.03424389,0.8318066,0.0006686973,3.155372e-05,0.020532819,0.09820617
1161,inesco,fyat,fyat_s563.wav,Sad,401,Sad,Sad,Sad,True,True,False,0.00071668654,0.00057752425,0.00032599608,0.00016391174,0.0004104916,0.99524707,0.0025583152
1162,inesco,fyat,fyat_s564.wav,Sad,397,Sad,Fear,Happy,False,False,True,0.013691473,0.00030127878,0.71300924,0.03306817,3.2322045e-05,0.017724473,0.22217298
1163,inesco,fyat,fyat_s565.wav,Sad,401,Sad,Fear,Happy,False,False,True,0.0024091972,0.0011581572,0.5099658,0.006701386,2.0254087e-05,0.0021450068,0.47760022
1164,inesco,fyat,fyat_s566.wav,Sad,135,Sad,Happy,Happy,False,False,False,0.0024060148,1.2222037e-06,0.02592652,0.9604329,4.804023e-08,1.5244603e-07,0.011233213
1165,inesco,fyat,fyat_s567.wav,Sad,305,Sad,Surprise,Happy,False,False,True,0.0002934918,4.2437106e-05,0.003056922,0.00043169386,7.567786e-09,3.4470784e-06,0.996172
1166,inesco,fyat,fyat_s568.wav,Sad,189,Sad,Happy,Happy,False,False,False,0.3920742,2.4748838e-06,0.047688626,0.55868757,1.1798628e-06,0.00015086921,0.0013951333
1167,inesco,fyat,fyat_s569.wav,Sad,401,Sad,Happy,Happy,False,False,False,0.18084039,3.433134e-06,0.0021902884,0.8021161,3.7592305e-05,8.94309e-05,0.01472283
1168,inesco,fyat,fyat_s570.wav,Sad,401,Sad,Sad,Sad,True,True,False,0.03548817,0.12244941,0.11973841,0.098819844,0.00973153,0.45561486,0.15815772
1169,inesco,fyat,fyat_s571.wav,Sad,401,Sad,Surprise,Angry,False,False,True,0.017997788,0.00033073817,0.005409024,0.000128254,4.58857e-06,0.0003667245,0.97576284
1170,inesco,fyat,fyat_s572.wav,Sad,327,Sad,Surprise,Angry,False,False,True,0.0032190103,0.00051853043,0.0015012549,0.0013321167,3.1523906e-09,3.4280973e-05,0.9933948
1171,inesco,fyat,fyat_s573.wav,Sad,234,Sad,Disgust,Sad,False,True,True,0.006883655,0.39672342,0.038710658,0.002072681,0.000687918,0.38947746,0.16544418
1172,inesco,fyat,fyat_s574.wav,Sad,324,Sad,Surprise,Angry,False,False,True,0.0012632111,6.8110885e-06,0.0052131196,0.0011305957,5.1187443e-10,4.8657253e-06,0.9923814
1173,inesco,fyat,fyat_s575.wav,Sad,324,Sad,Surprise,Happy,False,False,True,0.14513156,0.0038255306,0.0012183823,0.38791236,0.0032807987,0.0074560908,0.45117527
1174,inesco,fyat,fyat_s576.wav,Sad,372,Sad,Angry,Angry,False,False,False,0.6972224,0.21399553,8.5867025e-05,0.025725445,0.030135753,0.023077056,0.009757938
1175,inesco,fyat,fyat_s577.wav,Sad,401,Sad,Happy,Happy,False,False,False,0.10129743,0.00791888,0.0002642725,0.8639174,0.021351881,0.004400171,0.00085001794
1176,inesco,fyat,fyat_s578.wav,Sad,202,Sad,Angry,Angry,False,False,False,0.58311707,2.1020258e-05,0.06319162,0.35334244,6.669145e-08,0.0003118106,1.6011558e-05
1177,inesco,fyat,fyat_s579.wav,Sad,266,Sad,Fear,Happy,False,False,True,0.0005338657,5.268937e-09,0.95635885,0.038335606,5.95357e-08,5.2686937e-06,0.0047662943
1178,inesco,fyat,fyat_s580.wav,Sad,401,Sad,Disgust,Angry,False,False,True,0.18112184,0.59038556,3.041069e-06,0.0006145229,0.11218951,0.11537911,0.00030643845
1179,inesco,fyat,fyat_s581.wav,Sad,215,Sad,Happy,Happy,False,False,False,0.0023531555,7.3525723e-09,0.06831573,0.927156,3.6559885e-07,1.1465925e-06,0.0021735132
1180,inesco,fyat,fyat_s582.wav,Sad,401,Sad,Surprise,Happy,False,False,True,0.08521523,0.035386827,0.029564427,0.37534758,0.002993792,0.007970821,0.4635214
1181,inesco,fyat,fyat_s583.wav,Sad,186,Sad,Sad,Sad,True,True,False,0.009461495,0.01689834,0.10099651,0.028768908,0.056846667,0.7162517,0.070776395
1182,inesco,fyat,fyat_s584.wav,Sad,401,Sad,Fear,Happy,False,False,True,0.00013943626,5.348855e-06,0.89779216,0.0019721074,1.0590658e-06,3.7286743e-05,0.10005256
1183,inesco,fyat,fyat_s585.wav,Sad,401,Sad,Sad,Sad,True,True,False,0.07612084,0.0012382932,0.0014912614,0.00055978063,0.015360049,0.7188422,0.18638755
1184,inesco,fyat,fyat_s586.wav,Sad,401,Sad,Sad,Sad,True,True,False,0.004354115,0.070245065,7.0542245e-07,0.00027294742,0.00064473366,0.9242085,0.00027387022
1185,inesco,fyat,fyat_s587.wav,Sad,401,Sad,Sad,Sad,True,True,False,0.010115772,0.0674939,0.008261647,0.001697023,0.27520612,0.5980259,0.039199565
1186,inesco,fyat,fyat_s588.wav,Sad,401,Sad,Happy,Happy,False,False,False,0.018860972,0.0001282506,5.1694085e-05,0.9751174,0.0007042733,0.00024298634,0.004894422
1187,inesco,fyat,fyat_s589.wav,Sad,317,Sad,Fear,Angry,False,False,True,0.17657559,2.0138696e-06,0.7675183,0.04613983,3.2106513e-07,1.7202827e-05,0.009746777
1188,inesco,fyat,fyat_s590.wav,Sad,289,Sad,Surprise,Angry,False,False,True,0.027594743,1.0888681e-06,0.0044360114,0.00029155661,1.0927571e-07,7.607747e-07,0.9676756
1189,inesco,fyat,fyat_s591.wav,Sad,401,Sad,Disgust,Sad,False,True,True,0.0062707304,0.6714305,6.3370726e-09,0.00014361095,0.017299064,0.30483535,2.073162e-05
1190,inesco,fyat,fyat_s592.wav,Sad,401,Sad,Surprise,Angry,False,False,True,0.031539805,0.000550323,0.0018800156,0.00054908264,1.1075796e-07,8.4839856e-05,0.9653958
1191,inesco,fyat,fyat_s593.wav,Sad,401,Sad,Angry,Angry,False,False,False,0.92602986,0.04569227,5.5187076e-07,0.0066135507,0.0019761906,0.019647604,3.991002e-05
1192,inesco,fyat,fyat_s594.wav,Sad,401,Sad,Surprise,Happy,False,False,True,0.027217198,0.010126692,0.25124925,0.086085066,0.06465264,0.07676459,0.4839046
1193,inesco,fyat,fyat_s595.wav,Sad,401,Sad,Fear,Angry,False,False,True,0.3977616,1.6299951e-05,0.5805449,0.0010599826,4.3470965e-07,1.9866677e-05,0.020596964
1194,inesco,fyat,fyat_s596.wav,Sad,401,Sad,Happy,Happy,False,False,False,0.23638484,0.00055332255,0.08851663,0.5364012,0.00030636272,0.007536088,0.13030156
1195,inesco,fyat,fyat_s597.wav,Sad,401,Sad,Angry,Angry,False,False,False,0.93671983,0.0007201356,0.00842734,0.017566686,2.2739507e-05,0.0001309627,0.036412325
1196,inesco,fyat,fyat_s598.wav,Sad,401,Sad,Disgust,Happy,False,False,True,0.016515369,0.80309564,3.925741e-06,0.17081717,0.00065482646,0.0041935523,0.004719427
1197,inesco,fyat,fyat_s599.wav,Sad,401,Sad,Neutral,Sad,False,True,True,0.000774551,0.0017020843,1.1307835e-05,5.5532473e-06,0.94188714,0.05561894,2.9778226e-07
1198,inesco,fyat,fyat_s600.wav,Sad,401,Sad,Surprise,Sad,False,True,True,0.017797317,0.0069627794,0.00979246,0.005390542,0.00010458033,0.12631622,0.83363616
1199,inesco,mbaz,mbaz_a212.wav,Angry,100,Angry,Surprise,Happy,False,False,True,0.0008501752,0.00028177333,0.0057846853,0.04002419,1.5720951e-09,4.3434274e-09,0.9530592
1200,inesco,mbaz,mbaz_a213.wav,Angry,177,Angry,Angry,Angry,True,True,False,0.97951984,6.0625414e-05,2.8259472e-05,0.00075143325,1.3140408e-07,3.29728e-08,0.019639691
1201,inesco,mbaz,mbaz_a214.wav,Angry,225,Angry,Angry,Angry,True,True,False,0.98563504,0.002741707,4.548639e-05,0.0009949734,2.6866496e-07,7.1955305e-06,0.010575389
1202,inesco,mbaz,mbaz_a215.wav,Angry,276,Angry,Happy,Happy,False,False,False,0.0025463977,2.2720048e-06,4.5397515e-05,0.90251046,2.9689638e-06,6.121226e-07,0.0948919
1203,inesco,mbaz,mbaz_a216.wav,Angry,231,Angry,Angry,Angry,True,True,False,0.99888235,2.4449571e-05,0.00013375486,3.163831e-05,2.32944e-08,1.4967715e-07,0.00092767447
1204,inesco,mbaz,mbaz_a217.wav,Angry,84,Angry,Angry,Angry,True,True,False,0.46511078,0.0008560829,0.17854393,0.09248611,1.9450055e-05,0.0036532667,0.25933042
1205,inesco,mbaz,mbaz_a218.wav,Angry,317,Angry,Surprise,Happy,False,False,True,0.0009126794,9.007259e-06,0.009334563,0.06346578,1.3915853e-10,2.3035052e-06,0.9262757
1206,inesco,mbaz,mbaz_a219.wav,Angry,391,Angry,Surprise,Happy,False,False,True,1.4821541e-06,1.9925949e-08,0.01493635,0.010294677,1.0181303e-10,9.667706e-08,0.9747673
1207,inesco,mbaz,mbaz_a220.wav,Angry,218,Angry,Fear,Happy,False,False,True,0.008462085,0.0012962644,0.78435224,0.10712715,2.459469e-07,0.00023997492,0.098522015
1208,inesco,mbaz,mbaz_a221.wav,Angry,289,Angry,Surprise,Happy,False,False,True,0.00082318624,7.7394407e-07,0.008120022,0.10639486,2.6083657e-09,6.6639427e-07,0.88466054
1209,inesco,mbaz,mbaz_a222.wav,Angry,135,Angry,Surprise,Happy,False,False,True,0.0118791,2.5246865e-05,0.008207495,0.09155271,3.8601536e-07,1.1598249e-06,0.8883339
1210,inesco,mbaz,mbaz_a223.wav,Angry,164,Angry,Fear,Angry,False,True,True,0.008185659,3.8196245e-06,0.9501553,0.004245335,2.080836e-07,3.3503547e-05,0.037376076
1211,inesco,mbaz,mbaz_a224.wav,Angry,308,Angry,Happy,Happy,False,False,False,0.033006653,5.5603705e-06,0.0072409958,0.69706273,4.376672e-06,1.4989303e-06,0.26267815
1212,inesco,mbaz,mbaz_a225.wav,Angry,141,Angry,Angry,Angry,True,True,False,0.64214206,5.752716e-05,0.35406044,0.002375604,0.00048363832,1.3258528e-05,0.00086742674
1213,inesco,mbaz,mbaz_a226.wav,Angry,154,Angry,Fear,Happy,False,False,True,0.00014290356,5.409115e-07,0.59825,0.33172274,1.4419822e-06,0.00014172241,0.06974073
1214,inesco,mbaz,mbaz_a227.wav,Angry,388,Angry,Surprise,Happy,False,False,True,0.011829255,7.477339e-06,0.000111341236,0.36610347,3.9740317e-07,9.423201e-07,0.62194717
1215,inesco,mbaz,mbaz_a228.wav,Angry,122,Angry,Angry,Angry,True,True,False,0.80127186,7.2718394e-06,0.027135463,0.048993014,1.9374513e-05,2.0964978e-06,0.12257098
1216,inesco,mbaz,mbaz_a229.wav,Angry,333,Angry,Surprise,Happy,False,False,True,0.0009933646,3.7475154e-05,0.00083156145,0.0014218283,1.2707797e-08,5.0695585e-06,0.99671066
1217,inesco,mbaz,mbaz_a230.wav,Angry,221,Angry,Happy,Happy,False,False,False,4.1157823e-06,2.256391e-05,0.0005907335,0.79844266,8.708436e-13,2.3333486e-09,0.20094003
1218,inesco,mbaz,mbaz_a231.wav,Angry,215,Angry,Surprise,Happy,False,False,True,0.0012174445,2.866849e-07,0.0021449146,0.0036316626,8.0977786e-10,2.2803986e-08,0.9930057
1219,inesco,mbaz,mbaz_a232.wav,Angry,196,Angry,Angry,Angry,True,True,False,0.7821632,0.0001392852,0.0006519493,0.21217869,6.2166882e-06,2.4593412e-05,0.0048360084
1220,inesco,mbaz,mbaz_a233.wav,Angry,228,Angry,Happy,Happy,False,False,False,0.2758351,0.0017420154,0.03658115,0.41501814,6.450069e-05,7.2926494e-05,0.2706862
1221,inesco,mbaz,mbaz_a234.wav,Angry,77,Angry,Angry,Angry,True,True,False,0.83839357,2.6877029e-05,0.04938594,0.10736734,7.453854e-05,0.001071112,0.0036806718
1222,inesco,mbaz,mbaz_a235.wav,Angry,68,Angry,Fear,Angry,False,True,True,0.35508883,3.2822136e-05,0.6100334,0.026094694,3.29298e-05,8.1020786e-05,0.008636314
1223,inesco,mbaz,mbaz_a236.wav,Angry,164,Angry,Angry,Angry,True,True,False,0.6778547,4.563087e-05,0.005580857,0.069279514,8.795012e-06,4.35818e-06,0.24722613
1224,inesco,mbaz,mbaz_a237.wav,Angry,148,Angry,Angry,Angry,True,True,False,0.35843408,0.00035155145,0.0013864816,0.29567274,6.0215125e-06,3.4259505e-05,0.34411487
1225,inesco,mbaz,mbaz_a238.wav,Angry,180,Angry,Fear,Happy,False,False,True,0.019999754,1.6029987e-06,0.62711096,0.2378556,4.3094637e-06,0.1149781,4.963581e-05
1226,inesco,mbaz,mbaz_a239.wav,Angry,193,Angry,Surprise,Happy,False,False,True,0.00090247416,5.01242e-08,0.016876364,0.03094766,4.620552e-10,3.2668993e-08,0.95127344
1227,inesco,mbaz,mbaz_a240.wav,Angry,164,Angry,Happy,Happy,False,False,False,0.04029813,8.659373e-07,0.17102599,0.6804,9.1517784e-08,2.6589938e-05,0.108248375
1228,inesco,mbaz,mbaz_a241.wav,Angry,154,Angry,Angry,Angry,True,True,False,0.88683903,2.3846092e-06,5.8878675e-05,0.045111917,3.1202813e-07,2.6753464e-06,0.06798477
1229,inesco,mbaz,mbaz_a242.wav,Angry,391,Angry,Surprise,Happy,False,False,True,5.753734e-05,1.998162e-06,6.657773e-05,0.19605562,1.627455e-07,8.6816755e-07,0.8038173
1230,inesco,mbaz,mbaz_a243.wav,Angry,196,Angry,Angry,Angry,True,True,False,0.81664735,0.00023921541,0.00029116997,0.06630547,5.561431e-08,1.07524166e-07,0.11651672
1231,inesco,mbaz,mbaz_a244.wav,Angry,237,Angry,Surprise,Angry,False,True,True,0.10265425,0.00023425496,1.4996049e-06,0.00952528,3.0991054e-10,4.2521368e-08,0.8875847
1232,inesco,mbaz,mbaz_a245.wav,Angry,225,Angry,Angry,Angry,True,True,False,0.77764446,1.08035e-05,0.0029978834,0.025620135,1.4978054e-08,3.3943213e-06,0.19372325
1233,inesco,mbaz,mbaz_a246.wav,Angry,84,Angry,Angry,Angry,True,True,False,0.781045,3.4925495e-05,0.021038866,0.06802933,1.902731e-05,5.2606747e-06,0.12982759
1234,inesco,mbaz,mbaz_a247.wav,Angry,295,Angry,Surprise,Angry,False,True,True,0.0018569448,0.028843326,0.00069148827,0.00044860732,5.700392e-06,3.8168982e-05,0.9681158
1235,inesco,mbaz,mbaz_a248.wav,Angry,231,Angry,Surprise,Happy,False,False,True,0.0028129437,3.1064417e-05,0.03915703,0.32584587,1.6126569e-07,4.5082893e-06,0.6321484
1236,inesco,mbaz,mbaz_a249.wav,Angry,218,Angry,Surprise,Happy,False,False,True,0.009572739,7.3290234e-06,0.06702358,0.06987604,5.3362502e-08,8.93477e-07,0.8535194
1237,inesco,mbaz,mbaz_a250.wav,Angry,285,Angry,Surprise,Happy,False,False,True,2.2278173e-06,1.2490148e-07,0.018744705,0.010903483,2.429239e-11,1.8038417e-08,0.97034943
1238,inesco,mbaz,mbaz_a251.wav,Angry,257,Angry,Angry,Angry,True,True,False,0.65768474,0.007893124,0.0016465097,0.11659588,1.0255679e-07,2.9641865e-06,0.21617666
1239,inesco,mbaz,mbaz_a252.wav,Angry,305,Angry,Happy,Happy,False,False,False,0.00013013661,0.00090896134,0.008234611,0.5846003,2.3019211e-08,2.8390905e-06,0.4061231
1240,inesco,mbaz,mbaz_a253.wav,Angry,193,Angry,Fear,Happy,False,False,True,1.7259173e-06,3.1537635e-09,0.9399898,0.05764767,3.748503e-09,1.3872618e-06,0.0023595386
1241,inesco,mbaz,mbaz_a254.wav,Angry,196,Angry,Angry,Angry,True,True,False,0.91142166,3.936817e-06,0.0009028117,0.071790285,1.066614e-06,6.093819e-07,0.015879687
1242,inesco,mbaz,mbaz_a255.wav,Angry,321,Angry,Surprise,Happy,False,False,True,5.254443e-05,3.8611228e-07,2.663729e-05,0.0003792237,3.2471487e-11,3.9204378e-09,0.9995413
1243,inesco,mbaz,mbaz_a256.wav,Angry,372,Angry,Surprise,Happy,False,False,True,0.00022564214,5.523368e-09,0.010377287,0.009015027,3.3402756e-11,7.798507e-08,0.98038185
1244,inesco,mbaz,mbaz_a257.wav,Angry,253,Angry,Surprise,Angry,False,True,True,0.20895693,1.9656756e-05,0.00023967093,0.005527245,6.4917046e-08,1.5027095e-07,0.7852564
1245,inesco,mbaz,mbaz_a258.wav,Angry,154,Angry,Happy,Happy,False,False,False,0.22775489,5.594824e-07,0.015286311,0.70824766,7.48532e-06,2.1897583e-06,0.0487009
1246,inesco,mbaz,mbaz_a259.wav,Angry,193,Angry,Happy,Happy,False,False,False,0.04092049,1.734759e-07,2.1436172e-05,0.9526657,7.37127e-08,3.9358734e-09,0.0063921595
1247,inesco,mbaz,mbaz_a260.wav,Angry,266,Angry,Surprise,Angry,False,True,True,0.48177373,0.00019386968,1.1550874e-05,0.0001381156,7.53205e-11,9.411544e-09,0.5178827
1248,inesco,mbaz,mbaz_a261.wav,Angry,253,Angry,Angry,Angry,True,True,False,0.6705171,0.0008827564,0.02576291,0.009945686,4.965165e-07,6.4605447e-06,0.29288456
1249,inesco,mbaz,mbaz_a262.wav,Angry,189,Angry,Surprise,Angry,False,True,True,0.02035604,2.7181807e-07,0.00026173628,0.006579137,2.033904e-09,9.1232035e-09,0.9728028
1250,inesco,mbaz,mbaz_a263.wav,Angry,183,Angry,Angry,Angry,True,True,False,0.49844712,0.00010586547,2.2006101e-05,0.4751844,0.011277879,4.180758e-05,0.014920817
1251,inesco,mbaz,mbaz_a264.wav,Angry,87,Angry,Angry,Angry,True,True,False,0.8488497,9.40343e-05,0.002838916,0.07820661,8.600042e-06,1.2809737e-05,0.0699894
1252,inesco,mbaz,mbaz_a265.wav,Angry,106,Angry,Surprise,Angry,False,True,True,0.38812035,2.1150363e-05,0.098152675,0.05274665,5.140077e-06,3.453408e-05,0.46091953
1253,inesco,mbaz,mbaz_a266.wav,Angry,388,Angry,Surprise,Happy,False,False,True,1.0933417e-06,5.532855e-09,0.0013974396,0.0006764682,1.1095753e-11,2.4841933e-08,0.9979249
1254,inesco,mbaz,mbaz_a267.wav,Angry,129,Angry,Surprise,Happy,False,False,True,0.0018729415,5.392099e-07,0.105724744,0.33018616,6.9420817e-06,1.010051e-06,0.56220764
1255,inesco,mbaz,mbaz_a268.wav,Angry,68,Angry,Happy,Happy,False,False,False,0.12824649,8.927939e-05,0.017568314,0.47765675,6.250993e-05,0.00019391578,0.37618265
1256,inesco,mbaz,mbaz_a269.wav,Angry,113,Angry,Angry,Angry,True,True,False,0.8751323,2.0637879e-06,0.00018640576,0.07179345,8.167572e-06,8.610396e-07,0.052876707
1257,inesco,mbaz,mbaz_a270.wav,Angry,167,Angry,Fear,Happy,False,False,True,0.022219047,2.4593567e-07,0.6902919,0.08132854,3.1604415e-08,5.8190075e-05,0.20610195
1258,inesco,mbaz,mbaz_a271.wav,Angry,266,Angry,Surprise,Angry,False,True,True,0.008766089,0.0028830622,0.0415239,0.0008372246,2.1336086e-06,0.008041227,0.9379463
1259,inesco,mbaz,mbaz_a272.wav,Angry,330,Angry,Surprise,Happy,False,False,True,4.140079e-07,4.1484045e-06,2.5046873e-05,4.9145296e-05,1.0219345e-11,8.0603655e-08,0.9999211
1260,inesco,mbaz,mbaz_a273.wav,Angry,215,Angry,Angry,Angry,True,True,False,0.72771627,5.7400453e-06,0.02493259,0.0024225258,2.0480372e-06,0.00021084212,0.24470995
1261,inesco,mbaz,mbaz_a274.wav,Angry,346,Angry,Surprise,Happy,False,False,True,2.6689428e-05,1.3074813e-08,0.00010540915,0.002138533,1.5044832e-11,7.1214394e-08,0.99772924
1262,inesco,mbaz,mbaz_a275.wav,Angry,132,Angry,Angry,Angry,True,True,False,0.5025723,4.374182e-06,0.01762606,0.44290477,7.579176e-05,2.4292483e-06,0.03681427
1263,inesco,mbaz,mbaz_a276.wav,Angry,202,Angry,Angry,Angry,True,True,False,0.782947,6.343023e-06,0.005259807,0.08418434,1.1413581e-06,8.2652144e-07,0.12760043
1264,inesco,mbaz,mbaz_a277.wav,Angry,250,Angry,Angry,Angry,True,True,False,0.6058384,0.00012996436,0.0065263584,0.18433942,2.9606957e-07,2.4322278e-06,0.2031631
1265,inesco,mbaz,mbaz_a278.wav,Angry,401,Angry,Surprise,Happy,False,False,True,0.005376398,1.7755478e-05,0.00030023753,0.09394571,7.030827e-08,1.8236827e-06,0.90035796
1266,inesco,mbaz,mbaz_a279.wav,Angry,289,Angry,Surprise,Happy,False,False,True,0.0037925737,4.0107152e-05,0.017455524,0.011316925,2.889865e-09,2.3462106e-05,0.96737146
1267,inesco,mbaz,mbaz_a280.wav,Angry,269,Angry,Surprise,Happy,False,False,True,0.0016239766,0.00017721135,0.3261445,0.29993576,9.901759e-07,7.563094e-05,0.37204197
1268,inesco,mbaz,mbaz_a281.wav,Angry,311,Angry,Surprise,Angry,False,True,True,0.019826854,0.00016370746,0.04442308,0.0013222182,1.1298071e-08,2.8599895e-06,0.9342612
1269,inesco,mbaz,mbaz_a282.wav,Angry,218,Angry,Surprise,Angry,False,True,True,0.0006624699,5.9524023e-06,3.360323e-05,3.4207992e-06,2.0460553e-11,2.105158e-07,0.9992943
1270,inesco,mbaz,mbaz_a283.wav,Angry,330,Angry,Surprise,Angry,False,True,True,0.0002696231,1.9572137e-07,2.4613308e-07,3.7010847e-07,4.6135318e-12,1.6878905e-08,0.9997296
1271,inesco,mbaz,mbaz_a284.wav,Angry,295,Angry,Surprise,Happy,False,False,True,6.532172e-05,4.771786e-08,2.3769655e-05,0.001399757,1.141526e-11,2.9462421e-10,0.99851114
1272,inesco,mbaz,mbaz_a285.wav,Angry,228,Angry,Angry,Angry,True,True,False,0.45993236,0.03427849,0.0025880327,0.1358519,4.0735118e-05,7.556126e-05,0.36723295
1273,inesco,mbaz,mbaz_a286.wav,Angry,401,Angry,Happy,Happy,False,False,False,0.011345081,0.00041667276,6.432131e-07,0.76845604,1.5818667e-07,6.378702e-08,0.21978138
1274,inesco,mbaz,mbaz_a287.wav,Angry,170,Angry,Happy,Happy,False,False,False,0.031363804,1.5897173e-08,0.001197174,0.7998392,2.9922743e-05,2.716521e-07,0.16756952
1275,inesco,mbaz,mbaz_a288.wav,Angry,241,Angry,Angry,Angry,True,True,False,0.5356329,0.005454844,0.0003968934,0.41993642,7.1313133e-09,0.00030598795,0.038272947
1276,inesco,mbaz,mbaz_a289.wav,Angry,122,Angry,Happy,Happy,False,False,False,0.2574179,2.8385718e-06,0.0009153573,0.60761195,6.4758143e-07,3.944507e-07,0.13405098
1277,inesco,mbaz,mbaz_a290.wav,Angry,308,Angry,Surprise,Happy,False,False,True,0.00055366504,4.0912355e-06,0.0015983419,0.013066778,1.2032173e-09,4.264694e-07,0.9847766
1278,inesco,mbaz,mbaz_a291.wav,Angry,148,Angry,Happy,Happy,False,False,False,0.056463163,3.1317836e-07,0.17473063,0.76771504,3.9934278e-08,4.2283136e-05,0.0010484621
1279,inesco,mbaz,mbaz_a292.wav,Angry,77,Angry,Angry,Angry,True,True,False,0.53764755,0.00019787454,0.0015257,0.36320242,8.663031e-05,3.015259e-05,0.09730973
1280,inesco,mbaz,mbaz_a293.wav,Angry,247,Angry,Surprise,Angry,False,True,True,0.044704027,0.00055314496,0.005389254,0.020358257,4.979251e-06,2.85431e-05,0.92896175
1281,inesco,mbaz,mbaz_a294.wav,Angry,340,Angry,Surprise,Happy,False,False,True,0.0010994885,0.0007072302,0.012679445,0.016729206,2.0484855e-05,1.7605878e-05,0.96874654
1282,inesco,mbaz,mbaz_a295.wav,Angry,308,Angry,Surprise,Angry,False,True,True,0.39826167,7.9998244e-05,0.015404582,0.018969234,4.3126317e-07,2.8420948e-06,0.56728125
1283,inesco,mbaz,mbaz_a296.wav,Angry,125,Angry,Surprise,Angry,False,True,True,0.007668975,3.1530877e-07,0.0038702104,0.007381359,6.458194e-09,1.6674196e-07,0.981079
1284,inesco,mbaz,mbaz_a297.wav,Angry,84,Angry,Angry,Angry,True,True,False,0.9461251,6.8146396e-06,0.0038484843,0.0010201257,5.795831e-07,6.129729e-06,0.048992865
1285,inesco,mbaz,mbaz_a298.wav,Angry,154,Angry,Happy,Happy,False,False,False,0.00018771726,1.8277398e-06,0.00020325648,0.99473864,1.5323753e-08,1.859704e-07,0.0048684496
1286,inesco,mbaz,mbaz_a299.wav,Angry,237,Angry,Happy,Happy,False,False,False,0.24733365,3.9514783e-09,3.415884e-05,0.7498047,1.6108905e-09,1.6777246e-09,0.0028275386
1287,inesco,mbaz,mbaz_a300.wav,Angry,401,Angry,Surprise,Happy,False,False,True,5.382873e-05,2.6050091e-05,2.2745096e-05,0.005034612,1.6628809e-08,5.595085e-08,0.9948626
1288,inesco,mbaz,mbaz_a301.wav,Angry,215,Angry,Angry,Angry,True,True,False,0.72415334,0.02059465,0.0006700511,0.23306262,0.00054078066,0.0005454963,0.020432992
1289,inesco,mbaz,mbaz_a302.wav,Angry,333,Angry,Surprise,Happy,False,False,True,0.0011147932,2.809057e-06,0.0010417429,0.008857306,2.4462809e-08,3.4911415e-07,0.988983
1290,inesco,mbaz,mbaz_a303.wav,Angry,282,Angry,Surprise,Happy,False,False,True,0.0014066615,2.7066299e-05,0.031375412,0.050694395,1.32976e-07,4.0935673e-05,0.91645545
1291,inesco,mbaz,mbaz_a304.wav,Angry,125,Angry,Surprise,Angry,False,True,True,0.21734022,9.607532e-06,0.0015761823,0.012734865,1.7258521e-06,3.491223e-07,0.768337
1292,inesco,mbaz,mbaz_a305.wav,Angry,282,Angry,Angry,Angry,True,True,False,0.77458626,0.00059186004,0.00052336673,0.012350962,1.8479818e-07,1.1316549e-06,0.21194626
1293,inesco,mbaz,mbaz_a306.wav,Angry,276,Angry,Surprise,Happy,False,False,True,0.0048242593,1.547456e-06,0.02502367,0.16930248,2.7998945e-07,2.497502e-06,0.8008453
1294,inesco,mbaz,mbaz_a307.wav,Angry,193,Angry,Angry,Angry,True,True,False,0.47565058,5.5374496e-08,0.0019132894,0.24310079,5.4632707e-09,6.533496e-08,0.27933523
1295,inesco,mbaz,mbaz_a308.wav,Angry,327,Angry,Surprise,Happy,False,False,True,1.3003543e-05,1.2979735e-08,0.0075051505,0.0038669289,3.920658e-12,1.2088134e-08,0.9886149
1296,inesco,mbaz,mbaz_a309.wav,Angry,61,Angry,Angry,Angry,True,True,False,0.8345309,0.0003898144,0.06675791,0.009622767,1.9262736e-05,8.158538e-05,0.08859774
1297,inesco,mbaz,mbaz_a310.wav,Angry,84,Angry,Angry,Angry,True,True,False,0.99839634,2.2367974e-06,0.00029139555,0.0003372479,8.708149e-07,8.768087e-08,0.00097172987
1298,inesco,mbaz,mbaz_a311.wav,Angry,52,Angry,Surprise,Angry,False,True,True,0.43512103,2.7863694e-05,0.0015471218,0.0027456626,2.3129427e-08,1.734894e-07,0.56055814
1299,inesco,mbaz,mbaz_a312.wav,Angry,170,Angry,Happy,Happy,False,False,False,0.016139947,3.3154637e-07,0.0018297967,0.97684276,6.842329e-08,7.802721e-07,0.005186342
1300,inesco,mbaz,mbaz_a313.wav,Angry,173,Angry,Angry,Angry,True,True,False,0.99191684,4.3223674e-09,1.1813783e-06,0.008016509,6.7210717e-09,9.0703056e-10,6.5448876e-05
1301,inesco,mbaz,mbaz_a314.wav,Angry,221,Angry,Angry,Angry,True,True,False,0.99523336,1.9738325e-08,0.003384172,0.0011305435,5.598854e-09,8.108588e-08,0.00025183757
1302,inesco,mbaz,mbaz_a315.wav,Angry,301,Angry,Angry,Angry,True,True,False,0.5340915,5.3748005e-05,9.860613e-05,0.0053811534,3.3740952e-07,3.8427356e-07,0.46037436
1303,inesco,mbaz,mbaz_a316.wav,Angry,349,Angry,Happy,Happy,False,False,False,0.14806089,3.417413e-06,0.044268604,0.4840327,3.135193e-06,1.666632e-05,0.32361463
1304,inesco,mbaz,mbaz_a317.wav,Angry,321,Angry,Surprise,Happy,False,False,True,0.00015923192,0.03406081,0.050232377,0.1434045,3.1590443e-07,0.0012436785,0.77089906
1305,inesco,mbaz,mbaz_a318.wav,Angry,231,Angry,Surprise,Angry,False,True,True,0.0013733559,0.0038600503,0.00061892194,0.00021350282,6.276393e-08,1.8479675e-07,0.993934
1306,inesco,mbaz,mbaz_a319.wav,Angry,401,Angry,Surprise,Happy,False,False,True,2.9711839e-05,1.346067e-08,4.6504842e-06,4.0472813e-05,1.535278e-13,7.045589e-11,0.99992514
1307,inesco,mbaz,mbaz_a320.wav,Angry,113,Angry,Angry,Angry,True,True,False,0.8994558,2.234072e-05,0.00016623404,0.086630784,0.00018234878,2.811941e-07,0.013542331
1308,inesco,mbaz,mbaz_a321.wav,Angry,52,Angry,Angry,Angry,True,True,False,0.8774132,8.393472e-05,0.009844458,0.011526659,1.2693214e-06,7.933206e-06,0.1011226
1309,inesco,mbaz,mbaz_a322.wav,Angry,49,Angry,Angry,Angry,True,True,False,0.995924,1.2522427e-05,0.00041851756,2.1964512e-05,6.872234e-08,9.642377e-08,0.003622973
1310,inesco,mbaz,mbaz_a323.wav,Angry,52,Angry,Angry,Angry,True,True,False,0.99143434,1.1294994e-05,0.0018478736,0.0005839805,1.2082529e-07,2.5691588e-07,0.006122145
1311,inesco,mbaz,mbaz_a324.wav,Angry,173,Angry,Happy,Happy,False,False,False,0.0689097,1.2079043e-05,0.091447406,0.7987649,1.189229e-06,0.00074860785,0.040116128
1312,inesco,mbaz,mbaz_a325.wav,Angry,138,Angry,Happy,Happy,False,False,False,0.29292312,4.7453195e-06,0.039035875,0.6612727,0.0004021538,0.00040534564,0.0059560337
1313,inesco,mbaz,mbaz_a326.wav,Angry,202,Angry,Happy,Happy,False,False,False,0.2654267,1.1269447e-05,4.1189935e-05,0.7321085,5.8617454e-05,3.9148294e-06,0.0023498433
1314,inesco,mbaz,mbaz_a327.wav,Angry,215,Angry,Surprise,Angry,False,True,True,0.109225,5.305942e-06,0.002628964,0.04865473,1.2109896e-08,2.4832637e-08,0.83948606
1315,inesco,mbaz,mbaz_a328.wav,Angry,215,Angry,Happy,Happy,False,False,False,0.0010759622,0.0010089321,0.0010802456,0.9868498,1.1886616e-08,1.1954307e-07,0.009984882
1316,inesco,mbaz,mbaz_a329.wav,Angry,154,Angry,Angry,Angry,True,True,False,0.7216576,1.953717e-06,0.12881841,0.08474933,4.3127266e-06,2.9107006e-05,0.064739294
1317,inesco,mbaz,mbaz_a330.wav,Angry,90,Angry,Happy,Happy,False,False,False,0.19929649,3.3231972e-05,0.060097363,0.6254941,0.00012738485,8.615669e-06,0.11494279
1318,inesco,mbaz,mbaz_a331.wav,Angry,167,Angry,Surprise,Happy,False,False,True,0.00034699633,2.1437582e-07,0.014119435,0.0028823386,1.7849894e-08,3.1879546e-07,0.9826507
1319,inesco,mbaz,mbaz_a332.wav,Angry,119,Angry,Happy,Happy,False,False,False,0.08804337,0.000120939854,0.1035018,0.64738524,0.00094127044,0.00020195251,0.15980536
1320,inesco,mbaz,mbaz_a333.wav,Angry,84,Angry,Angry,Angry,True,True,False,0.9962387,1.902893e-05,0.00078829745,0.00029107626,1.6978311e-06,1.2176591e-06,0.0026599828
1321,inesco,mbaz,mbaz_a334.wav,Angry,161,Angry,Happy,Happy,False,False,False,0.017046528,1.2332435e-09,0.051472094,0.92746526,8.2750734e-10,1.2635478e-07,0.004015999
1322,inesco,mbaz,mbaz_a335.wav,Angry,157,Angry,Angry,Angry,True,True,False,0.80177945,1.6256955e-08,0.016000519,0.18193115,4.1935937e-08,8.0780155e-06,0.0002807598
1323,inesco,mbaz,mbaz_a336.wav,Angry,189,Angry,Happy,Happy,False,False,False,0.45146903,8.8943096e-07,0.00070079765,0.5470473,1.9686169e-07,9.445185e-08,0.0007816808
1324,inesco,mbaz,mbaz_a337.wav,Angry,157,Angry,Angry,Angry,True,True,False,0.5849472,1.2830573e-06,0.09962199,0.02332845,2.25e-08,1.2166047e-08,0.2921011
1325,inesco,mbaz,mbaz_a338.wav,Angry,193,Angry,Angry,Angry,True,True,False,0.9927817,0.0017411734,4.5585864e-05,0.0048737596,0.00034917294,1.42248655e-05,0.0001943594
1326,inesco,mbaz,mbaz_a339.wav,Angry,237,Angry,Angry,Angry,True,True,False,0.9168533,5.1959247e-05,0.0062434613,0.027635878,2.6180935e-06,5.8293936e-06,0.04920693
1327,inesco,mbaz,mbaz_a340.wav,Angry,93,Angry,Angry,Angry,True,True,False,0.9961182,1.3173709e-06,7.4181815e-05,0.003099651,3.874815e-07,5.1128734e-07,0.0007057986
1328,inesco,mbaz,mbaz_a341.wav,Angry,273,Angry,Surprise,Angry,False,True,True,0.23974183,6.569954e-05,1.459911e-05,0.028004615,7.0039334e-08,5.4330746e-07,0.7321726
1329,inesco,mbaz,mbaz_a342.wav,Angry,177,Angry,Surprise,Happy,False,False,True,0.011588048,2.9114083e-06,0.0001168704,0.06724968,1.0814632e-06,2.9390625e-08,0.92104137
1330,inesco,mbaz,mbaz_a343.wav,Angry,202,Angry,Happy,Happy,False,False,False,0.057990313,6.2812745e-07,0.0007016681,0.93972003,6.056705e-06,2.5668154e-05,0.0015555946
1331,inesco,mbaz,mbaz_a344.wav,Angry,202,Angry,Angry,Angry,True,True,False,0.94632053,0.0012865115,3.542919e-05,0.008907951,5.173545e-08,2.3017152e-07,0.043449357
1332,inesco,mbaz,mbaz_a345.wav,Angry,177,Angry,Surprise,Happy,False,False,True,0.00033128934,2.4240408e-06,0.012624944,0.0077345516,8.986991e-09,8.725714e-07,0.9793059
1333,inesco,mbaz,mbaz_a346.wav,Angry,257,Angry,Angry,Angry,True,True,False,0.96749306,0.0011327834,8.520639e-05,6.788298e-05,1.6650525e-08,1.2237024e-06,0.031219866
1334,inesco,mbaz,mbaz_a347.wav,Angry,209,Angry,Happy,Happy,False,False,False,0.17215668,9.274687e-05,0.0068562394,0.50411224,2.05661e-06,1.4886713e-05,0.31676513
1335,inesco,mbaz,mbaz_a348.wav,Angry,109,Angry,Fear,Angry,False,True,True,0.14209452,1.6967811e-05,0.5341098,0.0722116,2.6626724e-06,2.5941395e-06,0.25156197
1336,inesco,mbaz,mbaz_a349.wav,Angry,212,Angry,Angry,Angry,True,True,False,0.9966258,6.809482e-07,1.5855154e-06,0.003212717,2.4257133e-07,4.891452e-09,0.00015890425
1337,inesco,mbaz,mbaz_a350.wav,Angry,401,Angry,Surprise,Happy,False,False,True,0.0001380601,2.7499533e-08,0.00023931118,0.17901102,9.062664e-12,2.3748412e-10,0.82061154
1338,inesco,mbaz,mbaz_a351.wav,Angry,209,Angry,Happy,Happy,False,False,False,0.24580087,1.0891816e-05,0.03972827,0.64617145,4.9517766e-06,2.553897e-05,0.068258025
1339,inesco,mbaz,mbaz_a352.wav,Angry,109,Angry,Surprise,Happy,False,False,True,0.00016423827,8.271435e-08,0.00033395155,0.0006739682,8.1809155e-09,1.4968546e-08,0.99882776
1340,inesco,mbaz,mbaz_a353.wav,Angry,212,Angry,Surprise,Happy,False,False,True,0.0002164384,7.325316e-07,0.04671687,0.022595823,1.4854142e-10,1.6492481e-06,0.9304685
1341,inesco,mbaz,mbaz_a354.wav,Angry,321,Angry,Angry,Angry,True,True,False,0.95382905,0.00010002335,0.0011979284,0.0003792246,9.717542e-07,0.00010829553,0.044384465
1342,inesco,mbaz,mbaz_a355.wav,Angry,212,Angry,Angry,Angry,True,True,False,0.78126997,0.0016096536,0.00049031846,0.032664884,3.061001e-06,2.1439198e-05,0.18394074
1343,inesco,mbaz,mbaz_a356.wav,Angry,260,Angry,Angry,Angry,True,True,False,0.9899316,1.9066576e-05,7.669971e-05,0.0024999592,3.6394088e-08,6.2547033e-06,0.007466433
1344,inesco,mbaz,mbaz_a357.wav,Angry,148,Angry,Fear,Angry,False,True,True,0.03539034,1.3248588e-07,0.74355966,0.013738483,8.537708e-09,1.802781e-05,0.20729342
1345,inesco,mbaz,mbaz_a358.wav,Angry,103,Angry,Angry,Angry,True,True,False,0.96240413,2.1359616e-05,0.009026377,0.020322824,0.00010644798,2.2447042e-05,0.00809636
1346,inesco,mbaz,mbaz_a359.wav,Angry,177,Angry,Angry,Angry,True,True,False,0.9728337,1.0358169e-08,1.182922e-06,0.027157487,1.550497e-08,9.318107e-09,7.684881e-06
1347,inesco,mbaz,mbaz_a360.wav,Angry,84,Angry,Fear,Angry,False,True,True,0.051291395,4.2641332e-07,0.6537282,0.005358352,2.4673816e-06,1.1845634e-05,0.28960735
1348,inesco,mbaz,mbaz_a361.wav,Angry,119,Angry,Surprise,Angry,False,True,True,0.22307563,6.4998e-08,0.014180888,0.0022948503,4.4932436e-09,3.086953e-08,0.7604485
1349,inesco,mbaz,mbaz_a362.wav,Angry,77,Angry,Angry,Angry,True,True,False,0.65514106,6.736448e-06,0.07618795,0.0036798392,2.9428659e-08,2.0167179e-06,0.2649824
1350,inesco,mbaz,mbaz_a363.wav,Angry,141,Angry,Angry,Angry,True,True,False,0.9645637,5.622258e-09,0.010252668,0.023617443,1.2310282e-07,3.3731442e-07,0.0015657608
1351,inesco,mbaz,mbaz_a364.wav,Angry,138,Angry,Angry,Angry,True,True,False,0.9457493,2.3830316e-06,0.0075108884,0.0065397616,1.7972429e-06,5.385865e-07,0.040195357
1352,inesco,mbaz,mbaz_a365.wav,Angry,157,Angry,Angry,Angry,True,True,False,0.85641646,7.3717314e-07,4.9316106e-05,0.13974896,4.6019663e-06,1.1118834e-06,0.0037788937
1353,inesco,mbaz,mbaz_a366.wav,Angry,180,Angry,Angry,Angry,True,True,False,0.98623323,3.2634752e-08,0.0037817396,0.0095420955,5.807328e-07,4.7252743e-07,0.0004418429
1354,inesco,mbaz,mbaz_a367.wav,Angry,49,Angry,Angry,Angry,True,True,False,0.9991837,4.5867732e-06,0.0003855388,0.000102347185,1.3737353e-07,1.2388954e-07,0.00032349324
1355,inesco,mbaz,mbaz_a368.wav,Angry,119,Angry,Surprise,Angry,False,True,True,0.26812872,3.306427e-06,0.027123494,0.13859041,2.8504435e-06,1.2642718e-05,0.56613857
1356,inesco,mbaz,mbaz_a369.wav,Angry,132,Angry,Angry,Angry,True,True,False,0.97757465,9.027413e-07,0.0020235938,0.015748713,8.1822584e-08,4.2842522e-08,0.004651958
1357,inesco,mbaz,mbaz_a370.wav,Angry,148,Angry,Angry,Angry,True,True,False,0.82585484,8.368995e-06,0.011686668,0.15008934,2.456267e-06,8.467096e-06,0.012349928
1358,inesco,mbaz,mbaz_a371.wav,Angry,132,Angry,Fear,Angry,False,True,True,0.003429877,6.9505535e-07,0.9545718,0.00019556601,9.173273e-08,3.464763e-06,0.041798495
1359,inesco,mbaz,mbaz_a372.wav,Angry,161,Angry,Angry,Angry,True,True,False,0.6387813,1.4177745e-07,0.004695596,0.35034505,6.825692e-08,1.1649396e-06,0.0061766314
1360,inesco,mbaz,mbaz_a373.wav,Angry,173,Angry,Angry,Angry,True,True,False,0.893039,1.2109398e-07,0.011255583,0.007524072,1.1327957e-08,4.0456806e-07,0.088180855
1361,inesco,mbaz,mbaz_a374.wav,Angry,65,Angry,Angry,Angry,True,True,False,0.7526929,0.00015737423,0.14042588,0.015456561,9.0611e-06,4.7329257e-05,0.09121087
1362,inesco,mbaz,mbaz_a375.wav,Angry,244,Angry,Surprise,Happy,False,False,True,0.022803513,1.8043449e-05,9.5184965e-05,0.08545705,4.2220605e-10,4.3343134e-09,0.89162624
1363,inesco,mbaz,mbaz_a376.wav,Angry,42,Angry,Angry,Angry,True,True,False,0.9976528,1.6503333e-06,0.0009857641,0.0008364859,1.7525954e-08,3.381744e-07,0.00052290066
1364,inesco,mbaz,mbaz_a377.wav,Angry,87,Angry,Happy,Happy,False,False,False,0.374289,1.0688486e-05,0.0041964813,0.40938008,1.3884609e-05,5.2198866e-05,0.21205764
1365,inesco,mbaz,mbaz_a378.wav,Angry,103,Angry,Angry,Angry,True,True,False,0.836488,1.3426902e-05,0.042174183,0.09363032,1.3574244e-05,0.00013307358,0.02754743
1366,inesco,mbaz,mbaz_a379.wav,Angry,129,Angry,Surprise,Happy,False,False,True,0.072919555,1.1415857e-06,0.013241253,0.11531676,3.7681044e-08,9.167862e-07,0.7985203
1367,inesco,mbaz,mbaz_a380.wav,Angry,199,Angry,Happy,Happy,False,False,False,0.030931478,8.901905e-07,0.00015979269,0.85934114,1.1846811e-06,1.12860945e-07,0.10956539
1368,inesco,mbaz,mbaz_a381.wav,Angry,157,Angry,Happy,Happy,False,False,False,0.1819086,6.0464394e-08,0.0036898353,0.81317323,2.1898678e-07,5.0004724e-07,0.0012276223
1369,inesco,mbaz,mbaz_a382.wav,Angry,125,Angry,Surprise,Happy,False,False,True,0.0003130423,9.497335e-08,0.00036492193,0.0012839397,2.3200712e-10,4.243129e-09,0.998038
1370,inesco,mbaz,mbaz_a383.wav,Angry,65,Angry,Angry,Angry,True,True,False,0.96784645,0.00091432466,0.007844297,0.0018314524,5.681265e-07,4.6128953e-06,0.021558166
1371,inesco,mbaz,mbaz_a384.wav,Angry,132,Angry,Happy,Happy,False,False,False,0.35809135,2.3703312e-06,0.00045669774,0.5260518,2.3751756e-08,1.384443e-07,0.11539757
1372,inesco,mbaz,mbaz_a385.wav,Angry,97,Angry,Surprise,Happy,False,False,True,0.008225298,3.2138263e-07,0.04853731,0.12959915,1.4131784e-07,2.3428975e-06,0.8136354
1373,inesco,mbaz,mbaz_a386.wav,Angry,93,Angry,Angry,Angry,True,True,False,0.51613367,3.8071116e-06,0.0040822113,0.025753591,2.410721e-07,6.8499785e-06,0.45401967
1374,inesco,mbaz,mbaz_a387.wav,Angry,378,Angry,Surprise,Happy,False,False,True,1.4860698e-05,7.661495e-10,1.49164425e-05,0.011061289,4.2008957e-12,9.914082e-11,0.98890895
1375,inesco,mbaz,mbaz_a388.wav,Angry,52,Angry,Angry,Angry,True,True,False,0.95576644,2.3631103e-05,0.0010805537,0.0006702171,6.8447065e-08,1.7081464e-07,0.042459037
1376,inesco,mbaz,mbaz_a389.wav,Angry,87,Angry,Surprise,Angry,False,True,True,0.038898457,1.3588497e-06,0.13584262,0.024046058,5.927015e-08,6.4809376e-07,0.8012109
1377,inesco,mbaz,mbaz_a390.wav,Angry,49,Angry,Angry,Angry,True,True,False,0.94424826,2.83429e-05,0.00094163,0.0027047207,1.4582469e-07,7.9345415e-07,0.05207604
1378,inesco,mbaz,mbaz_a391.wav,Angry,55,Angry,Angry,Angry,True,True,False,0.99704653,4.4432803e-05,0.00016266116,9.036451e-06,1.2178664e-07,3.3780455e-07,0.0027368595
1379,inesco,mbaz,mbaz_a392.wav,Angry,42,Angry,Angry,Angry,True,True,False,0.99901116,2.365435e-05,0.00059014466,0.00019470503,1.4559596e-06,5.414524e-07,0.00017836288
1380,inesco,mbaz,mbaz_a393.wav,Angry,103,Angry,Surprise,Angry,False,True,True,0.18906778,7.218237e-05,0.00054178044,0.06774949,7.6044614e-08,5.4693146e-07,0.74256814
1381,inesco,mbaz,mbaz_a394.wav,Angry,138,Angry,Angry,Angry,True,True,False,0.8493581,5.696632e-06,0.00091109733,0.13834088,1.03825855e-07,6.549558e-06,0.011377673
1382,inesco,mbaz,mbaz_a395.wav,Angry,129,Angry,Surprise,Angry,False,True,True,0.29212818,1.740237e-06,0.0007044312,0.22348654,9.452319e-08,4.592537e-08,0.48367894
1383,inesco,mbaz,mbaz_a396.wav,Angry,215,Angry,Fear,Angry,False,True,True,0.14961162,0.00030076527,0.69660956,0.051548827,2.0683414e-05,0.00031057332,0.10159792
1384,inesco,mbaz,mbaz_a397.wav,Angry,45,Angry,Angry,Angry,True,True,False,0.9999217,3.0658002e-06,1.7044304e-05,3.5095058e-05,2.2265118e-07,2.2687106e-08,2.2924683e-05
1385,inesco,mbaz,mbaz_a398.wav,Angry,45,Angry,Angry,Angry,True,True,False,0.99689853,5.041271e-06,0.00044881954,0.00022576189,1.1273958e-07,7.6683854e-08,0.0024217449
1386,inesco,mbaz,mbaz_a399.wav,Angry,388,Angry,Surprise,Happy,False,False,True,7.6116584e-07,1.2055015e-10,0.00022769382,0.003451955,1.2923833e-12,4.3884898e-10,0.99631953
1387,inesco,mbaz,mbaz_a400.wav,Angry,218,Angry,Happy,Happy,False,False,False,0.36560917,0.000114933115,0.01731505,0.56608844,6.453217e-05,2.4436018e-05,0.0507834
1388,inesco,mbaz,mbaz_a401.wav,Angry,212,Angry,Fear,Angry,False,True,True,0.16879264,4.9889644e-09,0.43805578,0.008725869,1.3689737e-09,2.0524503e-07,0.38442552
1389,inesco,mbaz,mbaz_h001.wav,Happy,212,Happy,Surprise,Angry,False,False,True,0.38649106,0.00036275794,0.010230175,0.021702344,0.0008647241,3.9745737e-06,0.5803449
1390,inesco,mbaz,mbaz_h002.wav,Happy,113,Happy,Angry,Angry,False,False,False,0.99791557,1.3895962e-05,2.2037755e-05,0.0007074908,1.9300289e-05,3.1824177e-06,0.0013184135
1391,inesco,mbaz,mbaz_h003.wav,Happy,212,Happy,Happy,Happy,True,True,False,0.08632039,7.612108e-06,0.0011649597,0.84721726,4.0019645e-06,1.3144838e-06,0.065284476
1392,inesco,mbaz,mbaz_h004.wav,Happy,90,Happy,Angry,Angry,False,False,False,0.9930171,3.148834e-05,0.0004345234,0.0041302596,2.4988142e-06,2.83504e-06,0.0023813767
1393,inesco,mbaz,mbaz_h005.wav,Happy,145,Happy,Surprise,Happy,False,True,True,6.6815104e-05,2.7257245e-06,0.0038011437,0.26085445,1.6201367e-08,2.9030298e-06,0.73527193
1394,inesco,mbaz,mbaz_h006.wav,Happy,180,Happy,Happy,Happy,True,True,False,0.032231178,0.0006034753,0.053141266,0.7008519,0.000112413014,0.019399438,0.19366035
1395,inesco,mbaz,mbaz_h007.wav,Happy,154,Happy,Fear,Angry,False,False,True,0.32760552,0.002888748,0.6207858,0.019915951,0.0028885577,0.02148351,0.0044319336
1396,inesco,mbaz,mbaz_h008.wav,Happy,269,Happy,Happy,Happy,True,True,False,0.007434172,0.000112336274,0.00010191928,0.95840234,6.2125844e-07,7.88438e-06,0.03394081
1397,inesco,mbaz,mbaz_h009.wav,Happy,209,Happy,Angry,Angry,False,False,False,0.5432392,7.1888358e-06,0.0014241983,0.35050058,3.4449064e-09,1.2388159e-06,0.10482766
1398,inesco,mbaz,mbaz_h010.wav,Happy,212,Happy,Happy,Happy,True,True,False,0.032801196,3.68498e-06,0.005786574,0.8931449,9.142392e-06,7.817043e-05,0.06817637
1399,inesco,mbaz,mbaz_h011.wav,Happy,189,Happy,Angry,Angry,False,False,False,0.97483397,0.00012153531,0.0008965072,0.018186474,2.2200597e-05,0.0001971308,0.00574217
1400,inesco,mbaz,mbaz_h012.wav,Happy,266,Happy,Surprise,Angry,False,False,True,0.017136011,0.00010504814,0.0019589476,0.0033292756,3.0713852e-07,0.00013511517,0.97733533
1401,inesco,mbaz,mbaz_h013.wav,Happy,359,Happy,Surprise,Angry,False,False,True,0.072991654,4.89148e-05,8.133739e-05,0.00060991326,1.0539733e-06,9.808337e-05,0.926169
1402,inesco,mbaz,mbaz_h014.wav,Happy,375,Happy,Happy,Happy,True,True,False,0.348816,0.021915073,0.0021924437,0.35321218,0.00050503353,0.002110278,0.27124897
1403,inesco,mbaz,mbaz_h015.wav,Happy,164,Happy,Angry,Angry,False,False,False,0.98406756,0.0008445845,0.0005711312,0.001693407,6.7329427e-07,0.0004972818,0.012325292
1404,inesco,mbaz,mbaz_h016.wav,Happy,189,Happy,Surprise,Happy,False,True,True,1.9282528e-05,2.3405814e-08,0.07650533,0.001655663,2.6606585e-11,1.1003416e-06,0.92181855
1405,inesco,mbaz,mbaz_h017.wav,Happy,257,Happy,Angry,Angry,False,False,False,0.43304896,0.20897506,0.020633167,0.08020119,2.7689964e-06,0.00021366673,0.2569252
1406,inesco,mbaz,mbaz_h018.wav,Happy,353,Happy,Surprise,Angry,False,False,True,0.05589126,0.124255784,0.030653272,0.0037036915,0.00020580902,0.0041153207,0.78117496
1407,inesco,mbaz,mbaz_h019.wav,Happy,215,Happy,Angry,Angry,False,False,False,0.6341939,0.059193563,0.01516362,0.0024779283,5.501497e-05,0.001958901,0.28695703
1408,inesco,mbaz,mbaz_h020.wav,Happy,244,Happy,Surprise,Angry,False,False,True,0.08915336,0.00053950766,0.2156552,0.061180707,4.931833e-06,3.812481e-05,0.63342816
1409,inesco,mbaz,mbaz_h021.wav,Happy,401,Happy,Surprise,Angry,False,False,True,0.31825423,0.00027526362,0.00027749437,0.037666745,3.0879556e-07,4.6877576e-05,0.6434791
1410,inesco,mbaz,mbaz_h022.wav,Happy,295,Happy,Angry,Angry,False,False,False,0.98513526,0.001519434,3.8286166e-06,0.012489243,3.1754895e-05,0.00014772743,0.0006727093
1411,inesco,mbaz,mbaz_h023.wav,Happy,298,Happy,Surprise,Angry,False,False,True,0.0057681208,5.804563e-06,0.00062009174,4.8479684e-05,6.5003585e-09,0.00013948686,0.993418
1412,inesco,mbaz,mbaz_h024.wav,Happy,225,Happy,Angry,Angry,False,False,False,0.97944903,0.0014065038,0.0018910412,7.5994634e-05,4.4677602e-08,0.00018032819,0.016996996
1413,inesco,mbaz,mbaz_h025.wav,Happy,209,Happy,Angry,Angry,False,False,False,0.70363307,0.0014007573,0.021002024,0.018077208,3.6424532e-07,6.723256e-05,0.25581923
1414,inesco,mbaz,mbaz_h026.wav,Happy,282,Happy,Surprise,Happy,False,True,True,0.007617578,3.660732e-05,0.32544538,0.19104148,7.6412896e-08,4.411748e-06,0.47585446
1415,inesco,mbaz,mbaz_h027.wav,Happy,314,Happy,Surprise,Angry,False,False,True,0.043467402,0.001690484,0.45326585,0.00033926778,0.0016033909,0.0020697226,0.49756384
1416,inesco,mbaz,mbaz_h028.wav,Happy,218,Happy,Angry,Angry,False,False,False,0.999559,3.4581324e-06,1.2794053e-06,0.0003963723,1.2233e-09,1.556138e-07,3.9816317e-05
1417,inesco,mbaz,mbaz_h029.wav,Happy,372,Happy,Angry,Angry,False,False,False,0.7885572,0.00024842992,0.0019270668,0.034719586,2.0809308e-07,0.0018265756,0.17272095
1418,inesco,mbaz,mbaz_h030.wav,Happy,228,Happy,Angry,Angry,False,False,False,0.4853139,0.0054214667,1.5066027e-05,0.05488031,0.44989386,7.504562e-05,0.004400313
1419,inesco,mbaz,mbaz_h031.wav,Happy,401,Happy,Angry,Angry,False,False,False,0.8020994,0.0007381168,0.0012488746,0.1043515,0.00016906501,0.059046514,0.032346576
1420,inesco,mbaz,mbaz_h032.wav,Happy,285,Happy,Angry,Angry,False,False,False,0.94586116,0.019242493,0.0001757637,0.0030061854,5.2235782e-06,4.8914685e-06,0.031704277
1421,inesco,mbaz,mbaz_h033.wav,Happy,221,Happy,Surprise,Happy,False,True,True,0.030798024,0.0027562717,0.28959346,0.27301162,1.8663341e-07,0.0011636785,0.4026768
1422,inesco,mbaz,mbaz_h034.wav,Happy,218,Happy,Angry,Angry,False,False,False,0.80944693,0.007788923,0.0008764924,0.001443954,4.720316e-06,0.00032181595,0.18011707
1423,inesco,mbaz,mbaz_h035.wav,Happy,333,Happy,Disgust,Angry,False,False,True,0.043292526,0.61955285,0.0014482868,0.0009790225,1.392323e-07,0.004040042,0.33068714
1424,inesco,mbaz,mbaz_h036.wav,Happy,401,Happy,Surprise,Angry,False,False,True,0.02291432,1.3620446e-07,0.0010857303,0.013777828,2.53593e-07,2.6725447e-06,0.962219
1425,inesco,mbaz,mbaz_h037.wav,Happy,324,Happy,Surprise,Angry,False,False,True,0.002926977,8.386392e-06,0.010985259,0.002557514,1.6251324e-05,0.00035098425,0.98315465
1426,inesco,mbaz,mbaz_h038.wav,Happy,401,Happy,Happy,Happy,True,True,False,0.32655236,0.00019124917,0.0014341966,0.49871734,7.253294e-06,0.0008006331,0.17229694
1427,inesco,mbaz,mbaz_h039.wav,Happy,349,Happy,Fear,Happy,False,True,True,0.014185073,0.00024228264,0.6277778,0.06124866,7.1162076e-06,0.0018296994,0.2947094
1428,inesco,mbaz,mbaz_h040.wav,Happy,401,Happy,Surprise,Happy,False,True,True,9.984312e-06,2.3924502e-05,0.008581134,0.028350128,9.931066e-08,3.8528724e-06,0.96303093
1429,inesco,mbaz,mbaz_h041.wav,Happy,141,Happy,Happy,Happy,True,True,False,0.1405293,2.5586394e-07,0.06554039,0.69991195,1.0658513e-07,5.386566e-07,0.094017446
1430,inesco,mbaz,mbaz_h042.wav,Happy,317,Happy,Surprise,Happy,False,True,True,9.7864955e-05,1.4904126e-07,0.015359568,0.0025125688,2.7846685e-08,4.0520126e-06,0.98202574
1431,inesco,mbaz,mbaz_h043.wav,Happy,401,Happy,Surprise,Happy,False,True,True,0.00091776106,0.0008542644,0.3259306,0.041420694,0.0005164755,3.8115923e-05,0.6303221
1432,inesco,mbaz,mbaz_h044.wav,Happy,365,Happy,Happy,Happy,True,True,False,0.2850645,0.003195853,9.642989e-06,0.5379783,9.532064e-06,2.8195527e-07,0.17374198
1433,inesco,mbaz,mbaz_h045.wav,Happy,285,Happy,Surprise,Angry,False,False,True,0.011982251,0.17030731,3.1167165e-05,0.010954282,6.234621e-08,2.3713736e-05,0.80670124
1434,inesco,mbaz,mbaz_h046.wav,Happy,221,Happy,Angry,Angry,False,False,False,0.4764906,0.003063309,0.008398556,0.23488031,0.00011368674,8.1426e-06,0.2770454
1435,inesco,mbaz,mbaz_h047.wav,Happy,234,Happy,Happy,Happy,True,True,False,0.021241665,0.0013248496,0.0033780604,0.9616924,0.009000561,0.00085363514,0.002508851
1436,inesco,mbaz,mbaz_h048.wav,Happy,279,Happy,Surprise,Happy,False,True,True,0.02722907,1.9085664e-05,0.14444086,0.16432098,8.528489e-07,3.0891986e-06,0.6639861
1437,inesco,mbaz,mbaz_h049.wav,Happy,205,Happy,Happy,Happy,True,True,False,0.10622434,1.1570966e-05,0.0014960848,0.8815578,0.0066642766,0.0030181033,0.0010278895
1438,inesco,mbaz,mbaz_h050.wav,Happy,167,Happy,Fear,Happy,False,True,True,0.002202664,0.0004807644,0.83099747,0.12415925,0.022166356,0.017038004,0.002955534
1439,inesco,mbaz,mbaz_h051.wav,Happy,401,Happy,Surprise,Angry,False,False,True,0.16762541,0.032115933,0.069040135,0.0993055,0.27387655,0.028925698,0.32911077
1440,inesco,mbaz,mbaz_h052.wav,Happy,401,Happy,Happy,Happy,True,True,False,0.002282964,3.3381904e-05,0.13451964,0.5599349,1.3446488e-05,0.0028181812,0.3003975
1441,inesco,mbaz,mbaz_h053.wav,Happy,401,Happy,Angry,Angry,False,False,False,0.7569483,0.00026929812,0.00038101664,0.114880726,0.120760195,0.0016404786,0.005119993
1442,inesco,mbaz,mbaz_h054.wav,Happy,346,Happy,Surprise,Happy,False,True,True,0.016194027,0.0019892035,0.015155951,0.29795566,2.35979e-05,0.00043227637,0.66824925
1443,inesco,mbaz,mbaz_h055.wav,Happy,401,Happy,Happy,Happy,True,True,False,0.1978738,0.0067573017,0.0006416033,0.67012775,0.00044373973,0.0012466417,0.12290908
1444,inesco,mbaz,mbaz_h056.wav,Happy,292,Happy,Surprise,Happy,False,True,True,0.068818256,4.2823292e-05,0.036650933,0.17128585,1.2005509e-06,2.2305681e-05,0.72317857
1445,inesco,mbaz,mbaz_h057.wav,Happy,247,Happy,Happy,Happy,True,True,False,0.1331249,0.015642324,0.1953932,0.64275086,7.33535e-05,0.0023303793,0.010684946
1446,inesco,mbaz,mbaz_h058.wav,Happy,372,Happy,Happy,Happy,True,True,False,0.04290152,0.0009100326,0.0050083194,0.74842185,0.00011998999,0.00048189826,0.2021564
1447,inesco,mbaz,mbaz_h059.wav,Happy,221,Happy,Fear,Happy,False,True,True,0.027754918,0.0059022666,0.48348853,0.07831388,0.0006435297,0.029602718,0.37429416
1448,inesco,mbaz,mbaz_h060.wav,Happy,317,Happy,Happy,Happy,True,True,False,0.0064675016,0.0069276597,0.009677938,0.7138283,0.00045738192,0.101534,0.1611072
1449,inesco,mbaz,mbaz_h061.wav,Happy,154,Happy,Fear,Sad,False,False,True,2.4911958e-06,1.5836871e-05,0.99355245,4.2362726e-06,1.15134e-06,0.000819006,0.005604833
1450,inesco,mbaz,mbaz_h062.wav,Happy,279,Happy,Surprise,Angry,False,False,True,0.052603755,0.0011781616,0.21828619,0.040661406,0.0006140652,0.00076696475,0.6858895
1451,inesco,mbaz,mbaz_h063.wav,Happy,263,Happy,Happy,Happy,True,True,False,0.0440976,0.0041088997,0.0017726594,0.48815477,1.8193545e-05,5.8969243e-05,0.46178883
1452,inesco,mbaz,mbaz_h064.wav,Happy,231,Happy,Angry,Angry,False,False,False,0.6627614,0.029813685,0.0005609748,0.20877491,0.0890502,0.00013755121,0.008901316
1453,inesco,mbaz,mbaz_h065.wav,Happy,337,Happy,Surprise,Sad,False,False,True,0.0015849731,0.0016848026,0.43989608,0.00045325677,5.672457e-06,0.0024189916,0.5539562
1454,inesco,mbaz,mbaz_h066.wav,Happy,273,Happy,Surprise,Happy,False,True,True,0.010481162,0.0005218268,0.014450477,0.12776683,3.6067943e-06,0.00025607878,0.84652
1455,inesco,mbaz,mbaz_h067.wav,Happy,401,Happy,Surprise,Happy,False,True,True,0.030537998,0.0013871611,0.2412156,0.06602808,2.6820348e-06,0.0054502413,0.6553782
1456,inesco,mbaz,mbaz_h068.wav,Happy,292,Happy,Surprise,Angry,False,False,True,0.0110661825,0.000115544586,0.0023823734,0.008170282,7.8557605e-07,7.212651e-06,0.9782576
1457,inesco,mbaz,mbaz_h069.wav,Happy,340,Happy,Surprise,Angry,False,False,True,0.4305492,0.007156595,0.004292581,0.058630675,7.193726e-05,0.011340482,0.48795852
1458,inesco,mbaz,mbaz_h070.wav,Happy,314,Happy,Angry,Angry,False,False,False,0.699472,0.004746637,0.0007734031,0.04763661,0.00010818796,0.00041032556,0.24685287
1459,inesco,mbaz,mbaz_h071.wav,Happy,269,Happy,Happy,Happy,True,True,False,0.03929223,1.6684711e-05,0.004967008,0.8628984,0.0006192673,0.0013655392,0.09084094
1460,inesco,mbaz,mbaz_h072.wav,Happy,241,Happy,Surprise,Angry,False,False,True,0.1586447,9.442125e-05,0.0032607436,0.071668,2.683083e-06,2.4273302e-05,0.7663052
1461,inesco,mbaz,mbaz_h073.wav,Happy,138,Happy,Surprise,Angry,False,False,True,0.01585829,2.677577e-05,0.006718829,0.001010885,5.7751555e-07,3.1470623e-07,0.97638434
1462,inesco,mbaz,mbaz_h074.wav,Happy,301,Happy,Surprise,Angry,False,False,True,0.20295288,0.0016804998,0.0026489396,0.15788701,0.0011374502,0.0001940307,0.6334992
1463,inesco,mbaz,mbaz_h075.wav,Happy,218,Happy,Happy,Happy,True,True,False,0.16354436,1.884996e-05,0.00770381,0.7192611,0.00033913043,0.00013906813,0.108993664
1464,inesco,mbaz,mbaz_h076.wav,Happy,241,Happy,Angry,Angry,False,False,False,0.8860674,0.02292307,0.003747207,0.0062334538,0.0008861488,0.0033284898,0.076814316
1465,inesco,mbaz,mbaz_h077.wav,Happy,228,Happy,Happy,Happy,True,True,False,0.14804338,0.00015404948,0.001949982,0.76487136,4.7380734e-05,0.00010054254,0.08483336
1466,inesco,mbaz,mbaz_h078.wav,Happy,209,Happy,Angry,Angry,False,False,False,0.6449085,0.0015094738,0.0007039116,0.34463355,2.6091468e-05,3.908083e-06,0.008214576
1467,inesco,mbaz,mbaz_h079.wav,Happy,401,Happy,Disgust,Sad,False,False,True,0.20708014,0.5288891,2.3330958e-08,0.011147397,0.0023856866,0.2458109,0.0046867523
1468,inesco,mbaz,mbaz_h080.wav,Happy,356,Happy,Surprise,Happy,False,True,True,0.14658684,0.031003866,0.00027759437,0.2817674,0.0006480135,0.0017459062,0.5379704
1469,inesco,mbaz,mbaz_h081.wav,Happy,266,Happy,Angry,Angry,False,False,False,0.83894396,0.0030884766,5.6617823e-06,0.10882936,0.00012872182,6.1511314e-06,0.04899772
1470,inesco,mbaz,mbaz_h082.wav,Happy,388,Happy,Happy,Happy,True,True,False,0.041382022,0.00014757899,0.048903283,0.55715895,0.0001844943,0.0004537439,0.35176992
1471,inesco,mbaz,mbaz_h083.wav,Happy,388,Happy,Surprise,Happy,False,True,True,0.055153143,0.0011668864,0.0073586474,0.05827411,0.00042282793,0.008972651,0.86865175
1472,inesco,mbaz,mbaz_h084.wav,Happy,199,Happy,Happy,Happy,True,True,False,0.0021872632,0.00010575809,0.10491282,0.63203704,0.026380882,0.0022093155,0.23216687
1473,inesco,mbaz,mbaz_h085.wav,Happy,321,Happy,Angry,Angry,False,False,False,0.824773,0.00018957615,8.80147e-06,0.057558928,1.0343844e-06,1.015824e-06,0.11746762
1474,inesco,mbaz,mbaz_h086.wav,Happy,225,Happy,Angry,Angry,False,False,False,0.5875715,0.00034534396,0.00023637715,0.016638981,0.00019729993,2.3141667e-05,0.3949874
1475,inesco,mbaz,mbaz_h087.wav,Happy,218,Happy,Happy,Happy,True,True,False,0.2240506,0.00045117957,0.0029524677,0.72377586,0.00048269116,0.004767291,0.043519918
1476,inesco,mbaz,mbaz_h088.wav,Happy,263,Happy,Sad,Sad,False,False,False,0.3725195,0.07624727,1.5261388e-05,0.14377688,0.0003312769,0.386418,0.02069188
1477,inesco,mbaz,mbaz_h089.wav,Happy,401,Happy,Happy,Happy,True,True,False,0.17061573,0.0044150637,0.0010127218,0.45626932,5.099847e-05,0.00077392574,0.36686224
1478,inesco,mbaz,mbaz_h090.wav,Happy,141,Happy,Neutral,Sad,False,False,True,0.0018153314,0.0008040142,0.015583591,0.047262087,0.76030946,0.17325327,0.0009723768
1479,inesco,mbaz,mbaz_h091.wav,Happy,321,Happy,Angry,Angry,False,False,False,0.8181961,0.00088702736,0.0073888293,0.07407741,0.00058561534,0.00014516355,0.09871988
1480,inesco,mbaz,mbaz_h092.wav,Happy,193,Happy,Happy,Happy,True,True,False,0.00971018,1.1134563e-07,0.10408549,0.8318367,6.387645e-07,5.4651673e-06,0.054361455
1481,inesco,mbaz,mbaz_h093.wav,Happy,308,Happy,Surprise,Angry,False,False,True,0.2399614,0.0001021455,0.0001942441,0.016347697,3.5345322e-06,5.0420335e-06,0.743386
1482,inesco,mbaz,mbaz_h094.wav,Happy,388,Happy,Surprise,Angry,False,False,True,0.074703,5.1081475e-05,0.050721675,0.0012796867,0.0001207898,0.0014096793,0.87171406
1483,inesco,mbaz,mbaz_h095.wav,Happy,215,Happy,Angry,Angry,False,False,False,0.7225567,0.008272717,0.00094158394,0.0032072125,2.6059547e-06,7.623179e-05,0.26494294
1484,inesco,mbaz,mbaz_h096.wav,Happy,183,Happy,Happy,Happy,True,True,False,0.0026171007,2.9368964e-06,0.009063519,0.6238445,0.33606318,0.0017214798,0.02668726
1485,inesco,mbaz,mbaz_h097.wav,Happy,228,Happy,Angry,Angry,False,False,False,0.5359708,0.017471984,0.0066230185,0.17336856,0.002839994,0.0017296455,0.26199597
1486,inesco,mbaz,mbaz_h098.wav,Happy,401,Happy,Surprise,Happy,False,True,True,0.001839885,0.0004350877,0.027140895,0.031793263,2.4636165e-05,0.0006506734,0.9381155
1487,inesco,mbaz,mbaz_h099.wav,Happy,109,Happy,Angry,Angry,False,False,False,0.6749573,0.0005173007,0.031404648,0.011044139,1.4177389e-06,1.0405259e-05,0.28206474
1488,inesco,mbaz,mbaz_h100.wav,Happy,199,Happy,Fear,Happy,False,True,True,0.06308002,0.06644224,0.53152573,0.12840204,0.1967718,7.0151415e-05,0.013708024
1489,inesco,mbaz,mbaz_h101.wav,Happy,202,Happy,Surprise,Angry,False,False,True,0.41146886,0.014182158,0.08897947,0.009212785,0.004817108,0.0013900957,0.4699495
1490,inesco,mbaz,mbaz_h102.wav,Happy,170,Happy,Angry,Angry,False,False,False,0.558147,0.0004925585,0.11455811,0.19566488,0.003976065,0.04741888,0.07974247
1491,inesco,mbaz,mbaz_h103.wav,Happy,289,Happy,Happy,Happy,True,True,False,0.019070853,0.00039251312,0.004006878,0.8212134,0.00019126733,0.0006595684,0.15446551
1492,inesco,mbaz,mbaz_h104.wav,Happy,401,Happy,Happy,Happy,True,True,False,0.002417193,2.215116e-05,3.3372453e-06,0.99664116,7.165414e-06,7.9930905e-05,0.0008290397
1493,inesco,mbaz,mbaz_h105.wav,Happy,189,Happy,Happy,Happy,True,True,False,0.47680476,0.0006664628,0.014956548,0.48797408,0.006335991,0.00076667353,0.012495528
1494,inesco,mbaz,mbaz_h106.wav,Happy,257,Happy,Surprise,Happy,False,True,True,0.0035601954,0.007222196,0.08136436,0.39025867,2.369788e-06,0.00025397365,0.5173382
1495,inesco,mbaz,mbaz_h107.wav,Happy,321,Happy,Surprise,Happy,False,True,True,0.015938612,0.0138087375,0.035163183,0.26779217,0.003357386,0.008814603,0.6551254
1496,inesco,mbaz,mbaz_h108.wav,Happy,401,Happy,Angry,Angry,False,False,False,0.6112685,3.4158907e-06,0.0016253667,0.012647347,2.8855573e-06,5.4813163e-06,0.37444702
1497,inesco,mbaz,mbaz_h109.wav,Happy,260,Happy,Surprise,Happy,False,True,True,0.004091773,9.4055395e-08,0.069492966,0.11657493,1.7340076e-08,5.7503325e-07,0.8098397
1498,inesco,mbaz,mbaz_h110.wav,Happy,314,Happy,Surprise,Happy,False,True,True,0.0049038683,0.0006605238,0.13331339,0.3135195,7.245228e-05,6.18061e-05,0.5474684
1499,inesco,mbaz,mbaz_h111.wav,Happy,330,Happy,Surprise,Angry,False,False,True,0.38620922,6.98468e-05,0.0018186428,0.024211911,0.00014107584,0.00025906973,0.5872902
1500,inesco,mbaz,mbaz_h112.wav,Happy,401,Happy,Happy,Happy,True,True,False,0.0058962083,0.0011812255,0.004416414,0.8510394,2.5463774e-05,4.744539e-06,0.13743646
1501,inesco,mbaz,mbaz_h113.wav,Happy,401,Happy,Happy,Happy,True,True,False,0.0003963496,3.4456014e-06,3.4901477e-05,0.99885046,2.7608365e-07,2.1275271e-05,0.00069321395
1502,inesco,mbaz,mbaz_h114.wav,Happy,205,Happy,Angry,Angry,False,False,False,0.9933373,2.3452885e-06,0.00013099103,0.0062281373,2.9133125e-05,3.098946e-07,0.00027181266
1503,inesco,mbaz,mbaz_h115.wav,Happy,285,Happy,Surprise,Angry,False,False,True,0.066433005,0.0051778625,0.016544666,0.06221689,7.01938e-05,0.0007547517,0.8488026
1504,inesco,mbaz,mbaz_h116.wav,Happy,135,Happy,Angry,Angry,False,False,False,0.4612362,0.000487581,0.13911898,0.35782644,0.03310685,0.00048790383,0.0077360403
1505,inesco,mbaz,mbaz_h117.wav,Happy,177,Happy,Surprise,Happy,False,True,True,0.0017755574,0.0018612847,0.007762935,0.0028522841,2.6767539e-05,0.00012693706,0.98559433
1506,inesco,mbaz,mbaz_h118.wav,Happy,282,Happy,Surprise,Happy,False,True,True,0.021079822,0.0003755272,0.0014604089,0.23478702,2.323179e-05,3.6835776e-05,0.7422371
1507,inesco,mbaz,mbaz_h119.wav,Happy,289,Happy,Surprise,Sad,False,False,True,0.0003106363,0.0050707012,0.47086233,0.0008153602,6.3537055e-07,0.0069126077,0.5160278
1508,inesco,mbaz,mbaz_h120.wav,Happy,292,Happy,Angry,Angry,False,False,False,0.93015957,0.0007765502,0.000935139,0.01182594,0.00013116401,6.992101e-06,0.05616472
1509,inesco,mbaz,mbaz_h121.wav,Happy,221,Happy,Surprise,Happy,False,True,True,0.0796702,0.00034362482,0.06577767,0.40961504,5.5157765e-05,0.0004619986,0.44407627
1510,inesco,mbaz,mbaz_h122.wav,Happy,183,Happy,Surprise,Happy,False,True,True,0.044978034,0.012588095,0.0074506844,0.36961862,0.0003039996,7.1603106e-05,0.564989
1511,inesco,mbaz,mbaz_h123.wav,Happy,279,Happy,Surprise,Happy,False,True,True,0.0009837132,0.0007009935,0.00041671735,0.105021514,5.5627806e-06,3.9110996e-06,0.89286757
1512,inesco,mbaz,mbaz_h124.wav,Happy,282,Happy,Surprise,Angry,False,False,True,0.10631692,0.005930328,0.0076671755,0.008257307,6.4475054e-05,0.00022044043,0.8715434
1513,inesco,mbaz,mbaz_h125.wav,Happy,116,Happy,Angry,Angry,False,False,False,0.9116718,2.1533733e-05,0.00073720556,0.0036297895,9.163403e-05,4.5620504e-06,0.08384348
1514,inesco,mbaz,mbaz_h126.wav,Happy,359,Happy,Surprise,Angry,False,False,True,0.03447144,0.00021417196,0.0013982018,0.0015350365,1.4824269e-06,2.3729963e-05,0.9623559
1515,inesco,mbaz,mbaz_h127.wav,Happy,202,Happy,Surprise,Happy,False,True,True,0.01700917,0.056320243,0.08507364,0.12785046,0.0004537538,0.013270832,0.7000218
1516,inesco,mbaz,mbaz_h128.wav,Happy,199,Happy,Surprise,Happy,False,True,True,0.004329933,1.3127871e-05,0.001142219,0.06640658,5.181232e-09,1.4194716e-06,0.9281067
1517,inesco,mbaz,mbaz_h129.wav,Happy,193,Happy,Happy,Happy,True,True,False,0.013856173,0.005895397,0.009641509,0.72715974,0.009837795,1.0981767e-05,0.23359838
1518,inesco,mbaz,mbaz_h130.wav,Happy,122,Happy,Fear,Happy,False,True,True,0.016295088,0.00017382334,0.597515,0.29659143,0.0034639968,0.00049500336,0.08546567
1519,inesco,mbaz,mbaz_h131.wav,Happy,205,Happy,Angry,Angry,False,False,False,0.78445596,9.281795e-05,0.001285106,0.2022943,4.5887236e-06,9.1283124e-05,0.011775854
1520,inesco,mbaz,mbaz_h132.wav,Happy,279,Happy,Surprise,Angry,False,False,True,0.14643914,9.6910604e-05,0.0037470292,0.036806263,0.0017542479,0.0001411124,0.8110153
1521,inesco,mbaz,mbaz_h133.wav,Happy,237,Happy,Angry,Angry,False,False,False,0.30813223,0.09573557,0.2374903,0.027448459,0.00074565155,0.087898895,0.24254887
1522,inesco,mbaz,mbaz_h134.wav,Happy,401,Happy,Happy,Happy,True,True,False,0.12764774,0.002570642,0.00016382233,0.54813045,0.0127780065,0.0059275627,0.30278176
1523,inesco,mbaz,mbaz_h135.wav,Happy,269,Happy,Angry,Angry,False,False,False,0.38118285,0.00925609,0.015946506,0.21727398,0.003468565,0.0015899319,0.371282
1524,inesco,mbaz,mbaz_h136.wav,Happy,241,Happy,Happy,Happy,True,True,False,0.15944636,0.00020379739,0.020739187,0.7975876,0.00012695043,0.0001864583,0.02170969
1525,inesco,mbaz,mbaz_h137.wav,Happy,103,Happy,Angry,Angry,False,False,False,0.835487,0.003159297,0.12058461,0.013217218,0.0002984887,0.0007703652,0.026482958
1526,inesco,mbaz,mbaz_h139.wav,Happy,138,Happy,Angry,Angry,False,False,False,0.5859985,1.2830411e-06,0.007341969,0.3099801,5.4209663e-06,1.1872168e-06,0.09667157
1527,inesco,mbaz,mbaz_h140.wav,Happy,151,Happy,Fear,Happy,False,True,True,0.010912793,2.9627616e-05,0.941914,0.01572337,8.347326e-06,0.00027019414,0.031141687
1528,inesco,mbaz,mbaz_h141.wav,Happy,298,Happy,Surprise,Angry,False,False,True,0.12780334,0.0055521536,1.7048593e-05,8.162514e-05,3.658933e-07,1.6950335e-05,0.8665285
1529,inesco,mbaz,mbaz_h142.wav,Happy,164,Happy,Surprise,Happy,False,True,True,0.00019301283,1.74207e-06,0.012564407,0.0012365909,7.617815e-09,1.0529874e-06,0.98600316
1530,inesco,mbaz,mbaz_h143.wav,Happy,237,Happy,Disgust,Sad,False,False,True,0.08490466,0.3547324,0.11026963,0.03500482,0.023852304,0.34393308,0.04730314
1531,inesco,mbaz,mbaz_h144.wav,Happy,170,Happy,Happy,Happy,True,True,False,0.0004453584,9.853055e-07,9.636934e-05,0.96557117,0.0041697635,4.1337484e-05,0.029674962
1532,inesco,mbaz,mbaz_h145.wav,Happy,183,Happy,Neutral,Sad,False,False,True,0.0022375453,0.0011233385,0.008003079,0.003876632,0.7848388,0.19956134,0.0003592741
1533,inesco,mbaz,mbaz_h146.wav,Happy,71,Happy,Happy,Happy,True,True,False,0.063671656,1.6931976e-05,0.13087444,0.76829475,2.9548873e-05,1.4968316e-05,0.037097767
1534,inesco,mbaz,mbaz_h147.wav,Happy,148,Happy,Surprise,Happy,False,True,True,0.06564171,0.0018842097,0.0068796948,0.28243515,0.0037889183,0.00060372584,0.63876665
1535,inesco,mbaz,mbaz_h148.wav,Happy,125,Happy,Surprise,Happy,False,True,True,0.109277904,0.0042272103,0.15395866,0.326394,0.043956753,0.0038978106,0.35828772
1536,inesco,mbaz,mbaz_h149.wav,Happy,289,Happy,Surprise,Angry,False,False,True,0.44308007,8.76316e-05,2.7061084e-05,0.0027954918,3.158044e-06,6.324653e-07,0.554006
1537,inesco,mbaz,mbaz_h150.wav,Happy,196,Happy,Surprise,Happy,False,True,True,0.012745919,6.9206726e-05,0.031764746,0.47602096,1.3690999e-05,1.8016698e-06,0.47938377
1538,inesco,mbaz,mbaz_h151.wav,Happy,298,Happy,Surprise,Angry,False,False,True,0.22319572,0.024402041,0.020315345,0.04201502,8.846076e-05,0.0115694655,0.6784139
1539,inesco,mbaz,mbaz_h152.wav,Happy,401,Happy,Happy,Happy,True,True,False,0.0008630584,1.3417452e-05,1.40520915e-05,0.73155546,1.3561547e-07,1.04340955e-07,0.26755384
1540,inesco,mbaz,mbaz_h153.wav,Happy,356,Happy,Happy,Happy,True,True,False,0.044243015,0.0011948554,0.0005805599,0.6251085,7.196398e-06,1.0713147e-05,0.32885513
1541,inesco,mbaz,mbaz_h154.wav,Happy,305,Happy,Surprise,Happy,False,True,True,0.0040989984,0.00074558845,0.002943862,0.009065957,1.7280978e-07,6.471304e-05,0.9830807
1542,inesco,mbaz,mbaz_h155.wav,Happy,189,Happy,Surprise,Angry,False,False,True,0.029405903,0.0005282665,0.0063231704,0.0092677325,4.7956466e-05,8.267088e-05,0.9543443
1543,inesco,mbaz,mbaz_h156.wav,Happy,279,Happy,Surprise,Sad,False,False,True,1.7139893e-05,8.986568e-08,0.001031641,7.608825e-05,2.6751456e-08,0.00029974102,0.9985753
1544,inesco,mbaz,mbaz_h157.wav,Happy,378,Happy,Angry,Angry,False,False,False,0.8901027,0.00027138583,0.0009948062,0.02389475,0.00066343,7.166691e-05,0.08400122
1545,inesco,mbaz,mbaz_h158.wav,Happy,301,Happy,Surprise,Happy,False,True,True,0.049517505,0.00044949193,0.005956548,0.4079172,0.00025517805,0.00060887786,0.5352951
1546,inesco,mbaz,mbaz_h159.wav,Happy,273,Happy,Happy,Happy,True,True,False,0.08570505,0.006034344,0.0027741478,0.7002785,0.0011457518,0.00050980144,0.20355244
1547,inesco,mbaz,mbaz_h160.wav,Happy,285,Happy,Angry,Angry,False,False,False,0.9751864,0.009755761,3.821436e-08,8.705303e-06,5.1239397e-07,2.8296204e-06,0.015045757
1548,inesco,mbaz,mbaz_h161.wav,Happy,177,Happy,Happy,Happy,True,True,False,0.021534754,2.9844161e-05,0.00032650563,0.9732299,0.0040761414,0.000621406,0.00018152906
1549,inesco,mbaz,mbaz_h162.wav,Happy,205,Happy,Happy,Happy,True,True,False,0.0012234832,1.838443e-05,0.006544498,0.88276744,0.00032105864,0.00016491495,0.1089602
1550,inesco,mbaz,mbaz_h163.wav,Happy,282,Happy,Happy,Happy,True,True,False,0.16803685,0.17730092,0.009831126,0.49678293,0.00074358494,0.023614949,0.123689674
1551,inesco,mbaz,mbaz_h164.wav,Happy,97,Happy,Surprise,Happy,False,True,True,0.025923979,0.00012823509,0.09023299,0.33004108,0.0005060611,0.0006524048,0.55251515
1552,inesco,mbaz,mbaz_h165.wav,Happy,196,Happy,Happy,Happy,True,True,False,1.344133e-05,9.241876e-05,0.0027852813,0.7706127,0.078271374,0.034476236,0.11374846
1553,inesco,mbaz,mbaz_h166.wav,Happy,84,Happy,Surprise,Happy,False,True,True,0.0032521111,1.5648215e-05,0.15876505,0.36310533,2.351182e-05,0.00063596293,0.4742024
1554,inesco,mbaz,mbaz_h167.wav,Happy,125,Happy,Happy,Happy,True,True,False,0.0008442544,3.578425e-07,0.024226705,0.9678876,0.0001359524,4.7972244e-05,0.0068571772
1555,inesco,mbaz,mbaz_h168.wav,Happy,199,Happy,Happy,Happy,True,True,False,0.0009926679,1.3767954e-05,0.0003148559,0.84084374,0.15418041,0.0014469246,0.0022075595
1556,inesco,mbaz,mbaz_h169.wav,Happy,196,Happy,Surprise,Happy,False,True,True,3.09972e-08,2.586349e-08,0.08814557,0.21862204,3.119689e-09,1.0241728e-06,0.69323134
1557,inesco,mbaz,mbaz_h170.wav,Happy,125,Happy,Fear,Angry,False,False,True,0.27233067,7.721761e-05,0.45529255,0.009338766,2.2253723e-06,0.00012185374,0.26283672
1558,inesco,mbaz,mbaz_h171.wav,Happy,173,Happy,Surprise,Happy,False,True,True,7.835389e-06,1.7645679e-08,0.025799112,0.39503956,3.7991352e-10,3.1168124e-08,0.57915354
1559,inesco,mbaz,mbaz_h172.wav,Happy,273,Happy,Angry,Angry,False,False,False,0.75374174,0.0055464357,0.002401806,0.21860756,0.0001632362,0.0016446542,0.017894525
1560,inesco,mbaz,mbaz_h173.wav,Happy,173,Happy,Angry,Angry,False,False,False,0.55473226,0.00019472404,0.0031910506,0.0068288404,3.7268805e-06,0.00014258521,0.43490678
1561,inesco,mbaz,mbaz_h174.wav,Happy,81,Happy,Happy,Happy,True,True,False,0.062480308,1.4310985e-05,0.014214731,0.62804854,4.902676e-06,4.843488e-06,0.29523236
1562,inesco,mbaz,mbaz_h175.wav,Happy,183,Happy,Neutral,Sad,False,False,True,0.0008267094,0.020834714,0.008467716,0.043613076,0.649217,0.060223974,0.21681681
1563,inesco,mbaz,mbaz_h176.wav,Happy,164,Happy,Neutral,Happy,False,True,True,9.998401e-05,2.1299518e-05,0.012170421,0.08021711,0.9052215,0.001685646,0.0005839696
1564,inesco,mbaz,mbaz_h177.wav,Happy,250,Happy,Happy,Happy,True,True,False,1.6833376e-07,4.6698656e-08,0.00084015325,0.74723065,3.1207925e-11,4.499626e-08,0.25192893
1565,inesco,mbaz,mbaz_h178.wav,Happy,343,Happy,Surprise,Happy,False,True,True,2.657184e-05,2.3558192e-05,0.0039792685,0.04326314,2.203779e-08,8.954327e-06,0.95269847
1566,inesco,mbaz,mbaz_h179.wav,Happy,241,Happy,Happy,Happy,True,True,False,0.30688062,1.6790385e-05,0.0022382494,0.65381646,2.8423834e-05,2.3304561e-05,0.036996126
1567,inesco,mbaz,mbaz_h180.wav,Happy,196,Happy,Surprise,Angry,False,False,True,0.34372666,1.5520603e-06,0.0021940947,0.11674079,3.464922e-07,2.3476416e-06,0.5373342
1568,inesco,mbaz,mbaz_h181.wav,Happy,132,Happy,Angry,Angry,False,False,False,0.97703207,0.007540776,0.0027266315,0.003539065,0.00054594106,1.8168319e-05,0.008597251
1569,inesco,mbaz,mbaz_h182.wav,Happy,193,Happy,Fear,Happy,False,True,True,0.009179856,3.856665e-05,0.3907187,0.3418818,0.015200094,0.001613394,0.24136758
1570,inesco,mbaz,mbaz_h183.wav,Happy,161,Happy,Happy,Happy,True,True,False,0.0823147,0.001029432,0.036310244,0.5279423,0.004661667,0.003608257,0.34413338
1571,inesco,mbaz,mbaz_h184.wav,Happy,138,Happy,Surprise,Angry,False,False,True,0.15253894,0.009469371,0.23991892,0.007984984,1.9268471e-05,0.00040317985,0.5896653
1572,inesco,mbaz,mbaz_h185.wav,Happy,269,Happy,Surprise,Sad,False,False,True,0.001874405,0.14568001,0.016706433,0.0015224838,0.1528161,0.023608537,0.65779203
1573,inesco,mbaz,mbaz_h186.wav,Happy,378,Happy,Surprise,Happy,False,True,True,0.06658689,0.00045026813,0.08397981,0.3572202,0.0009885848,0.009560773,0.4812135
1574,inesco,mbaz,mbaz_h187.wav,Happy,401,Happy,Surprise,Angry,False,False,True,0.085067585,0.007189554,0.0002415502,0.07146461,1.3378933e-06,1.0097163e-05,0.83602524
1575,inesco,mbaz,mbaz_h188.wav,Happy,276,Happy,Surprise,Happy,False,True,True,0.013948431,0.001297353,0.051198993,0.28322175,0.00041487056,0.0017292994,0.6481893
1576,inesco,mbaz,mbaz_h189.wav,Happy,314,Happy,Happy,Happy,True,True,False,0.0038418581,1.3460241e-05,0.0011083223,0.6131388,2.7622768e-06,2.9152538e-06,0.38189197
1577,inesco,mbaz,mbaz_h190.wav,Happy,253,Happy,Angry,Angry,False,False,False,0.6317242,0.0016613037,0.00010586957,0.02303669,3.3618176e-06,0.00062436936,0.34284425
1578,inesco,mbaz,mbaz_h191.wav,Happy,225,Happy,Fear,Happy,False,True,True,0.00023663083,1.3399448e-06,0.87722087,0.021759655,1.4723629e-10,5.917331e-06,0.100775585
1579,inesco,mbaz,mbaz_h192.wav,Happy,401,Happy,Surprise,Sad,False,False,True,0.011440661,0.005131927,0.0022188516,0.04458651,0.0011791097,0.30918425,0.6262587
1580,inesco,mbaz,mbaz_h193.wav,Happy,349,Happy,Surprise,Happy,False,True,True,2.1448886e-05,0.0002265252,0.004755935,0.009208523,5.4433063e-09,2.6516269e-05,0.985761
1581,inesco,mbaz,mbaz_h194.wav,Happy,401,Happy,Happy,Happy,True,True,False,0.0026787918,2.734672e-05,1.1108429e-05,0.8542384,3.6961257e-08,6.8754254e-08,0.1430443
1582,inesco,mbaz,mbaz_h195.wav,Happy,321,Happy,Surprise,Angry,False,False,True,0.3511244,0.0053612944,0.01305072,0.19199109,0.0006793256,0.015086826,0.42270628
1583,inesco,mbaz,mbaz_h196.wav,Happy,401,Happy,Fear,Happy,False,True,True,1.3213835e-05,6.5318756e-07,0.9536791,0.0014667457,4.0089075e-05,0.00013572063,0.044664472
1584,inesco,mbaz,mbaz_h197.wav,Happy,193,Happy,Sad,Sad,False,False,False,0.0008166273,2.6736334e-06,0.00029116828,0.049611274,0.09923968,0.8500344,4.1752814e-06
1585,inesco,mbaz,mbaz_h198.wav,Happy,263,Happy,Surprise,Happy,False,True,True,0.022041975,0.00034773463,0.07412882,0.15364991,8.705494e-06,0.012170256,0.73765254
1586,inesco,mbaz,mbaz_h199.wav,Happy,167,Happy,Surprise,Happy,False,True,True,0.04828299,3.5676963e-05,0.029865814,0.05095119,0.00032582213,0.0034165264,0.86712193
1587,inesco,mbaz,mbaz_h200.wav,Happy,71,Happy,Angry,Angry,False,False,False,0.78997284,0.00032263223,0.06488344,0.06638364,4.687983e-05,0.0063659907,0.07202456
1588,inesco,mbaz,mbaz_h201.wav,Happy,250,Happy,Happy,Happy,True,True,False,0.040335447,0.00015277743,0.079719335,0.587399,0.0017834591,0.029107088,0.26150283
1589,inesco,mbaz,mbaz_h202.wav,Happy,250,Happy,Fear,Sad,False,False,True,0.0016893994,0.080458894,0.75946206,0.016844096,0.00035188542,0.024774741,0.116418816
1590,inesco,mbaz,mbaz_h203.wav,Happy,189,Happy,Happy,Happy,True,True,False,0.04613649,2.8812006e-05,0.00053526607,0.9165559,0.01793702,0.018769337,3.729347e-05
1591,inesco,mbaz,mbaz_h204.wav,Happy,228,Happy,Angry,Angry,False,False,False,0.9335571,8.744054e-06,5.6895697e-05,0.0043030735,1.0560674e-06,9.823238e-08,0.062072977
1592,inesco,mbaz,mbaz_h205.wav,Happy,305,Happy,Surprise,Angry,False,False,True,0.44952616,0.0029293816,0.0003029072,0.011447507,9.5837844e-05,5.528668e-06,0.5356927
1593,inesco,mbaz,mbaz_h206.wav,Happy,369,Happy,Surprise,Happy,False,True,True,0.049823057,0.00057456427,0.058914956,0.054909583,1.8782423e-05,0.0023293835,0.8334297
1594,inesco,mbaz,mbaz_h207.wav,Happy,401,Happy,Surprise,Happy,False,True,True,0.003480207,0.019976277,0.06226597,0.22912012,0.0019462297,0.004514447,0.67869675
1595,inesco,mbaz,mbaz_h208.wav,Happy,285,Happy,Angry,Angry,False,False,False,0.38945624,0.0005427267,0.028757565,0.37919283,0.012494301,0.0013130148,0.18824333
1596,inesco,mbaz,mbaz_h209.wav,Happy,356,Happy,Surprise,Happy,False,True,True,0.0006480964,0.0069745164,0.0014093594,0.001297396,1.670092e-06,0.00024665066,0.9894224
1597,inesco,mbaz,mbaz_h210.wav,Happy,401,Happy,Surprise,Angry,False,False,True,0.27820608,0.00036401814,0.00015558954,0.013482779,1.0078515e-05,5.795218e-05,0.7077235
1598,inesco,mbaz,mbaz_h211.wav,Happy,189,Happy,Angry,Angry,False,False,False,0.8639613,0.022285286,0.06315344,0.031843487,0.0036137642,0.0010994767,0.014043261
1599,inesco,mbaz,mbaz_s402.wav,Sad,231,Sad,Fear,Happy,False,False,True,0.0021387262,0.0021351536,0.96498644,0.015405306,7.926051e-05,0.0043004598,0.010954659
1600,inesco,mbaz,mbaz_s403.wav,Sad,311,Sad,Sad,Sad,True,True,False,0.0019476452,0.034690272,0.00011852905,9.050284e-06,0.0011400643,0.9468454,0.01524907
1601,inesco,mbaz,mbaz_s404.wav,Sad,260,Sad,Fear,Sad,False,True,True,0.002101834,0.11071643,0.6816349,0.0064456915,2.5796819e-05,0.09944921,0.099626094
1602,inesco,mbaz,mbaz_s405.wav,Sad,401,Sad,Angry,Angry,False,False,False,0.64862,0.003751852,0.007200915,0.00033063925,0.00015919184,0.050311714,0.2896256
1603,inesco,mbaz,mbaz_s406.wav,Sad,276,Sad,Angry,Angry,False,False,False,0.96511114,0.010541821,0.0002755256,0.0039653205,0.0004195643,0.00040772746,0.01927884
1604,inesco,mbaz,mbaz_s407.wav,Sad,180,Sad,Fear,Sad,False,True,True,0.0012242572,0.0016698517,0.9144428,0.0022921693,0.0018335972,0.060838427,0.017698877
1605,inesco,mbaz,mbaz_s408.wav,Sad,154,Sad,Angry,Angry,False,False,False,0.99284536,0.00019011783,0.0015978953,0.0042513935,1.8236566e-05,1.3226339e-05,0.0010838426
1606,inesco,mbaz,mbaz_s409.wav,Sad,253,Sad,Angry,Angry,False,False,False,0.9718094,0.0011448478,0.0035964784,0.018000262,5.1258703e-06,0.00021467955,0.0052292757
1607,inesco,mbaz,mbaz_s410.wav,Sad,282,Sad,Surprise,Happy,False,False,True,0.021897996,0.0015053437,0.0086441785,0.36637267,3.097951e-06,6.1579834e-05,0.6015151
1608,inesco,mbaz,mbaz_s411.wav,Sad,209,Sad,Angry,Angry,False,False,False,0.9337883,0.0011628405,0.037829172,0.018332472,1.6934759e-05,0.0062567284,0.0026135733
1609,inesco,mbaz,mbaz_s412.wav,Sad,170,Sad,Surprise,Angry,False,False,True,0.13549592,0.062228795,0.011122773,0.0034773254,1.0735976e-05,0.0040945136,0.78356993
1610,inesco,mbaz,mbaz_s413.wav,Sad,401,Sad,Happy,Happy,False,False,False,0.112541646,0.010142228,7.059396e-05,0.84132755,0.0036041427,0.027292628,0.005021099
1611,inesco,mbaz,mbaz_s414.wav,Sad,241,Sad,Happy,Happy,False,False,False,0.24748296,0.0006496009,0.0002554443,0.7506501,4.6789132e-06,0.00017796569,0.00077923306
1612,inesco,mbaz,mbaz_s415.wav,Sad,132,Sad,Happy,Happy,False,False,False,0.16622669,0.0006517656,0.008409111,0.64866394,0.048422687,1.9036359e-05,0.1276067
1613,inesco,mbaz,mbaz_s416.wav,Sad,401,Sad,Fear,Happy,False,False,True,0.021442076,0.15925804,0.42870396,0.14503562,0.20153932,0.037829492,0.006191461
1614,inesco,mbaz,mbaz_s417.wav,Sad,265,Sad,Angry,Angry,False,False,False,0.93711245,0.0026019271,0.0016413796,0.015274491,0.0016090523,3.5476492e-05,0.041725293
1615,inesco,mbaz,mbaz_s418.wav,Sad,244,Sad,Angry,Angry,False,False,False,0.92300683,0.0014770516,0.0061858976,0.03707011,3.7376798e-05,2.0703847e-05,0.03220199
1616,inesco,mbaz,mbaz_s419.wav,Sad,228,Sad,Fear,Angry,False,False,True,0.034649417,0.21894276,0.47315723,0.002069249,0.0037155417,0.008684022,0.25878182
1617,inesco,mbaz,mbaz_s420.wav,Sad,97,Sad,Angry,Angry,False,False,False,0.7568015,5.5692293e-05,0.0036418668,0.22864239,0.0016206237,0.005925068,0.0033129135
1618,inesco,mbaz,mbaz_s421.wav,Sad,321,Sad,Happy,Happy,False,False,False,0.0042380984,0.0087292995,3.227732e-05,0.9849534,0.0012658497,2.1318413e-06,0.0007789126
1619,inesco,mbaz,mbaz_s422.wav,Sad,340,Sad,Angry,Angry,False,False,False,0.52259135,0.38029662,0.011164849,0.023791185,0.00949709,0.021112068,0.03154689
1620,inesco,mbaz,mbaz_s423.wav,Sad,253,Sad,Angry,Angry,False,False,False,0.9611141,0.028702285,0.0016447302,0.002081983,2.4239605e-06,0.001132664,0.005321709
1621,inesco,mbaz,mbaz_s424.wav,Sad,397,Sad,Angry,Angry,False,False,False,0.5670244,0.018010652,0.0046140673,0.033807673,0.0003406136,0.00503889,0.3711636
1622,inesco,mbaz,mbaz_s425.wav,Sad,324,Sad,Angry,Angry,False,False,False,0.9664824,0.009805181,4.4708846e-05,0.0077604656,7.558579e-05,1.9201108e-05,0.015812503
1623,inesco,mbaz,mbaz_s426.wav,Sad,321,Sad,Surprise,Angry,False,False,True,0.30394208,0.18479562,0.005209017,0.16197541,8.689601e-06,0.001791382,0.34227785
1624,inesco,mbaz,mbaz_s427.wav,Sad,186,Sad,Angry,Angry,False,False,False,0.93183285,0.0061415476,0.0009879416,0.0005468572,1.3690862e-06,3.5083217e-06,0.060485903
1625,inesco,mbaz,mbaz_s428.wav,Sad,401,Sad,Surprise,Sad,False,True,True,0.003510166,0.001972051,0.26991668,0.005944749,4.4761124e-05,0.22405416,0.49455744
1626,inesco,mbaz,mbaz_s429.wav,Sad,401,Sad,Angry,Angry,False,False,False,0.47885376,0.00069135317,0.001583482,0.025801895,0.004603629,0.02119106,0.46727484
1627,inesco,mbaz,mbaz_s430.wav,Sad,401,Sad,Angry,Angry,False,False,False,0.83305705,0.005298703,0.0001317049,0.09341916,0.0017839124,0.006591041,0.059718497
1628,inesco,mbaz,mbaz_s431.wav,Sad,234,Sad,Angry,Angry,False,False,False,0.87651336,0.0045266654,0.084594525,0.01650178,0.0006433593,0.00023330947,0.016986996
1629,inesco,mbaz,mbaz_s432.wav,Sad,289,Sad,Angry,Angry,False,False,False,0.996209,0.0030761003,7.787494e-06,0.0005301994,6.990983e-06,2.1004205e-05,0.00014898098
1630,inesco,mbaz,mbaz_s433.wav,Sad,372,Sad,Surprise,Angry,False,False,True,0.2629447,0.0018855046,0.011814914,0.20660323,0.00013593418,0.008742713,0.507873
1631,inesco,mbaz,mbaz_s434.wav,Sad,253,Sad,Surprise,Angry,False,False,True,0.009141215,0.00222409,0.00081354997,0.0044027916,1.1911951e-05,0.00029991785,0.9831065
1632,inesco,mbaz,mbaz_s435.wav,Sad,145,Sad,Fear,Sad,False,True,True,0.028303364,0.016439714,0.81933224,0.0008865419,0.08900226,0.04573608,0.00029974096
1633,inesco,mbaz,mbaz_s436.wav,Sad,170,Sad,Fear,Happy,False,False,True,0.001131727,0.00014406617,0.96532005,0.013512609,9.663866e-05,0.0024816873,0.01731326
1634,inesco,mbaz,mbaz_s437.wav,Sad,301,Sad,Surprise,Angry,False,False,True,0.2751085,4.9304173e-05,0.009270286,0.00968332,8.249827e-05,0.00011114873,0.705695
1635,inesco,mbaz,mbaz_s438.wav,Sad,391,Sad,Happy,Happy,False,False,False,0.24592522,0.00010619065,0.18895611,0.30554718,0.0015903902,0.0004051548,0.25746974
1636,inesco,mbaz,mbaz_s439.wav,Sad,401,Sad,Happy,Happy,False,False,False,0.3023881,0.00088451797,0.00022334828,0.6659024,3.570551e-05,1.623381e-05,0.030549763
1637,inesco,mbaz,mbaz_s440.wav,Sad,311,Sad,Angry,Angry,False,False,False,0.9986218,0.0013214658,6.4747994e-08,3.305795e-05,1.6571234e-07,1.4332402e-07,2.331872e-05
1638,inesco,mbaz,mbaz_s441.wav,Sad,311,Sad,Angry,Angry,False,False,False,0.7321709,0.00951667,0.0040162564,0.03624711,2.822872e-07,0.03575228,0.18229648
1639,inesco,mbaz,mbaz_s442.wav,Sad,257,Sad,Angry,Angry,False,False,False,0.9524982,0.0008450709,0.004541292,0.0031737874,0.00040590667,0.0004996958,0.038035966
1640,inesco,mbaz,mbaz_s443.wav,Sad,369,Sad,Surprise,Sad,False,True,True,0.037170332,0.012970961,0.22772403,0.032295413,0.0002783,0.03740781,0.65215313
1641,inesco,mbaz,mbaz_s444.wav,Sad,401,Sad,Happy,Happy,False,False,False,0.060722977,0.03485914,0.14036688,0.7039394,0.00095867115,0.0070692026,0.052083764
1642,inesco,mbaz,mbaz_s445.wav,Sad,301,Sad,Angry,Angry,False,False,False,0.80371106,0.00027626436,2.645842e-05,0.1061496,6.4080974e-05,1.3941669e-06,0.0897712
1643,inesco,mbaz,mbaz_s446.wav,Sad,295,Sad,Surprise,Angry,False,False,True,0.2732691,0.07164645,0.019708216,0.03508634,0.00078430277,0.0042299167,0.59527564
1644,inesco,mbaz,mbaz_s447.wav,Sad,401,Sad,Surprise,Happy,False,False,True,0.0014841934,0.0001387941,0.013735181,0.06340296,2.639829e-06,0.0016163521,0.91961986
1645,inesco,mbaz,mbaz_s448.wav,Sad,260,Sad,Happy,Happy,False,False,False,0.24449006,0.13689081,0.1687135,0.39160177,0.010166564,0.042454015,0.0056832875
1646,inesco,mbaz,mbaz_s449.wav,Sad,321,Sad,Happy,Happy,False,False,False,0.10115242,6.050222e-05,0.2728582,0.60018176,0.004355196,0.0009480111,0.020443955
1647,inesco,mbaz,mbaz_s450.wav,Sad,257,Sad,Surprise,Angry,False,False,True,0.051514395,0.23002397,0.0029544986,0.003165766,2.6247744e-05,0.0024103222,0.7099048
1648,inesco,mbaz,mbaz_s451.wav,Sad,292,Sad,Surprise,Happy,False,False,True,0.00019684814,7.2840896e-07,0.03307033,0.3241651,1.848457e-06,7.545977e-07,0.64256436
1649,inesco,mbaz,mbaz_s452.wav,Sad,349,Sad,Sad,Sad,True,True,False,0.25438216,0.019915497,0.017416317,0.0069676843,0.017704442,0.6735784,0.01003547
1650,inesco,mbaz,mbaz_s453.wav,Sad,269,Sad,Surprise,Happy,False,False,True,0.02385314,0.28235564,0.04302009,0.092748575,0.0001920321,0.0015213098,0.55630916
1651,inesco,mbaz,mbaz_s454.wav,Sad,401,Sad,Sad,Sad,True,True,False,0.008672517,1.3439065e-05,9.138664e-06,0.009086657,0.20849383,0.73825264,0.0354718
1652,inesco,mbaz,mbaz_s455.wav,Sad,356,Sad,Angry,Angry,False,False,False,0.7179279,0.035698257,0.0097209215,0.012977604,0.0056487494,0.041118223,0.1769084
1653,inesco,mbaz,mbaz_s456.wav,Sad,401,Sad,Happy,Happy,False,False,False,0.0006441277,0.00088998105,4.480638e-05,0.95656717,0.0012231406,0.03971958,0.0009112862
1654,inesco,mbaz,mbaz_s457.wav,Sad,401,Sad,Happy,Happy,False,False,False,0.112975396,0.0008755866,5.2370164e-05,0.88006335,0.0019526109,0.0004169705,0.0036638163
1655,inesco,mbaz,mbaz_s458.wav,Sad,257,Sad,Angry,Angry,False,False,False,0.6406701,0.0044526,0.01653952,0.12712687,0.009616836,0.016201707,0.18539238
1656,inesco,mbaz,mbaz_s459.wav,Sad,385,Sad,Angry,Angry,False,False,False,0.485632,0.07894818,0.0027575204,0.052293424,0.000286296,0.3691394,0.01094327
1657,inesco,mbaz,mbaz_s460.wav,Sad,247,Sad,Disgust,Angry,False,False,True,0.2070687,0.611387,0.044010337,0.093388565,0.0031587493,0.025862338,0.015124326
1658,inesco,mbaz,mbaz_s461.wav,Sad,314,Sad,Angry,Angry,False,False,False,0.9786804,0.00080880383,0.000663691,0.017309383,0.00025111504,0.0004351406,0.0018514862
1659,inesco,mbaz,mbaz_s462.wav,Sad,372,Sad,Angry,Angry,False,False,False,0.5281091,0.023840772,0.00063981785,0.37214783,0.0050318106,0.010529896,0.059700802
1660,inesco,mbaz,mbaz_s463.wav,Sad,324,Sad,Happy,Happy,False,False,False,0.015062597,7.3215597e-07,0.029234976,0.5362145,5.2671107e-06,1.5165706e-06,0.41948044
1661,inesco,mbaz,mbaz_s464.wav,Sad,353,Sad,Surprise,Happy,False,False,True,0.0011570205,1.2609785e-06,0.038174972,0.084958956,6.1124528e-09,4.896775e-07,0.8757072
1662,inesco,mbaz,mbaz_s465.wav,Sad,353,Sad,Angry,Angry,False,False,False,0.83168644,0.10062736,0.0045091226,0.030333636,0.0023129636,0.023530744,0.0069997828
1663,inesco,mbaz,mbaz_s466.wav,Sad,285,Sad,Surprise,Happy,False,False,True,0.17846908,0.05712613,0.054076675,0.19080855,0.0006661158,0.017743826,0.5011096
1664,inesco,mbaz,mbaz_s467.wav,Sad,122,Sad,Angry,Angry,False,False,False,0.7227866,0.00013538917,0.009390784,0.168089,0.0010535107,0.0012190477,0.097325735
1665,inesco,mbaz,mbaz_s468.wav,Sad,183,Sad,Happy,Happy,False,False,False,0.00035907212,3.2254542e-05,0.01738273,0.87128145,0.01751823,0.0058809756,0.08754526
1666,inesco,mbaz,mbaz_s469.wav,Sad,135,Sad,Angry,Angry,False,False,False,0.6041368,0.00037738192,0.028624922,0.012968029,5.4077022e-06,4.0544214e-06,0.3538834
1667,inesco,mbaz,mbaz_s470.wav,Sad,164,Sad,Surprise,Happy,False,False,True,0.21661706,0.0006989531,0.009416109,0.23864879,0.006242003,0.00017692125,0.52820015
1668,inesco,mbaz,mbaz_s471.wav,Sad,109,Sad,Fear,Angry,False,False,True,0.19096756,0.00040018852,0.7918548,0.009102974,0.002897023,0.0014675189,0.0033099889
1669,inesco,mbaz,mbaz_s472.wav,Sad,269,Sad,Happy,Happy,False,False,False,0.30478156,0.11297262,0.0034410113,0.5536407,0.0004654079,0.00064831343,0.024050431
1670,inesco,mbaz,mbaz_s473.wav,Sad,250,Sad,Fear,Happy,False,False,True,0.033950403,0.00012904021,0.52700853,0.42914614,0.0006049646,0.0061742235,0.002986696
1671,inesco,mbaz,mbaz_s474.wav,Sad,401,Sad,Surprise,Happy,False,False,True,0.0067418385,0.007720502,0.005326232,0.06949572,1.9803877e-06,5.8428404e-06,0.9107079
1672,inesco,mbaz,mbaz_s475.wav,Sad,349,Sad,Angry,Angry,False,False,False,0.9603558,0.0018632504,0.0012799219,0.0014683222,2.654824e-05,0.00036123977,0.03464487
1673,inesco,mbaz,mbaz_s476.wav,Sad,301,Sad,Angry,Angry,False,False,False,0.98191535,0.0016409372,1.9841098e-06,0.013507177,0.0023317083,1.194417e-06,0.000601601
1674,inesco,mbaz,mbaz_s477.wav,Sad,401,Sad,Angry,Angry,False,False,False,0.7052994,0.00022843634,0.00990767,0.1282559,0.0005476753,5.0533545e-05,0.15571034
1675,inesco,mbaz,mbaz_s478.wav,Sad,205,Sad,Happy,Happy,False,False,False,0.3579702,0.058255855,0.005172484,0.49786317,0.027022162,0.017991593,0.035724595
1676,inesco,mbaz,mbaz_s479.wav,Sad,369,Sad,Surprise,Happy,False,False,True,0.0050571384,0.0062324936,0.039080154,0.041778218,2.1561598e-06,0.010193535,0.8976563
1677,inesco,mbaz,mbaz_s480.wav,Sad,311,Sad,Angry,Angry,False,False,False,0.68196124,0.08194359,0.019620117,0.008223986,0.00043374184,0.01305086,0.19476652
1678,inesco,mbaz,mbaz_s481.wav,Sad,337,Sad,Angry,Angry,False,False,False,0.6760139,0.00045289888,0.0021904197,0.29659548,0.0002657922,0.00036413217,0.024117364
1679,inesco,mbaz,mbaz_s482.wav,Sad,173,Sad,Happy,Happy,False,False,False,0.0014794308,7.446501e-06,0.0062748785,0.97179115,0.0012533951,1.3984619e-05,0.01917973
1680,inesco,mbaz,mbaz_s483.wav,Sad,401,Sad,Surprise,Angry,False,False,True,0.44439492,2.3007075e-05,1.7594992e-05,0.05500586,1.3057169e-05,2.642916e-05,0.50051916
1681,inesco,mbaz,mbaz_s484.wav,Sad,228,Sad,Happy,Happy,False,False,False,0.31831017,0.0015710961,0.047308434,0.6265367,0.0004600585,0.0042371,0.0015764377
1682,inesco,mbaz,mbaz_s485.wav,Sad,113,Sad,Angry,Angry,False,False,False,0.8746313,0.00083395164,0.104413055,0.0072963517,0.001385961,4.863026e-05,0.011390791
1683,inesco,mbaz,mbaz_s486.wav,Sad,401,Sad,Surprise,Happy,False,False,True,0.021787511,0.00010694967,0.0870353,0.0823759,0.0007265388,0.009520424,0.7984474
1684,inesco,mbaz,mbaz_s487.wav,Sad,257,Sad,Fear,Sad,False,True,True,0.004046697,0.19508569,0.51303613,0.0022912647,4.853075e-06,0.013594441,0.27194092
1685,inesco,mbaz,mbaz_s488.wav,Sad,161,Sad,Fear,Happy,False,False,True,0.0016512693,0.05724486,0.59561944,0.024576247,0.00040529086,0.0021713744,0.31833148
1686,inesco,mbaz,mbaz_s489.wav,Sad,401,Sad,Happy,Happy,False,False,False,0.1719292,0.0022757894,0.00024706477,0.7872671,0.0033018102,0.011789589,0.02318945
1687,inesco,mbaz,mbaz_s490.wav,Sad,340,Sad,Happy,Happy,False,False,False,0.13485757,9.712784e-05,0.00025373598,0.8187328,0.0008148045,6.347581e-05,0.045180462
1688,inesco,mbaz,mbaz_s491.wav,Sad,401,Sad,Surprise,Angry,False,False,True,0.06756758,0.0076454277,0.0054383483,0.028846692,0.0001477626,0.056245845,0.8341084
1689,inesco,mbaz,mbaz_s492.wav,Sad,317,Sad,Angry,Angry,False,False,False,0.74591166,0.0008314343,0.028652744,0.10690482,0.0083391955,0.05561073,0.053749483
1690,inesco,mbaz,mbaz_s493.wav,Sad,401,Sad,Surprise,Happy,False,False,True,0.0014471072,0.00017330749,0.0034953463,0.12335634,2.756946e-07,0.00038019283,0.87114745
1691,inesco,mbaz,mbaz_s494.wav,Sad,177,Sad,Neutral,Happy,False,False,True,0.14593518,0.00263347,0.0039088763,0.268421,0.48065442,0.00080590317,0.09764114
1692,inesco,mbaz,mbaz_s495.wav,Sad,401,Sad,Happy,Happy,False,False,False,0.17826527,0.004500732,0.007504236,0.41936317,3.589879e-06,0.0005034203,0.38985956
1693,inesco,mbaz,mbaz_s496.wav,Sad,250,Sad,Angry,Angry,False,False,False,0.37083727,0.00476988,0.025421476,0.25273496,0.2339313,0.09252946,0.019775689
1694,inesco,mbaz,mbaz_s497.wav,Sad,247,Sad,Happy,Happy,False,False,False,0.028121263,0.0045824554,0.105492145,0.7765603,0.0043026777,0.07056512,0.010375987
1695,inesco,mbaz,mbaz_s498.wav,Sad,212,Sad,Angry,Angry,False,False,False,0.99127907,0.0007921044,0.00089867465,0.00067413907,2.7123472e-06,4.724671e-05,0.0063060448
1696,inesco,mbaz,mbaz_s499.wav,Sad,401,Sad,Surprise,Happy,False,False,True,0.003326828,0.004053679,0.048312765,0.13128558,0.0016635304,0.007319035,0.8040385
1697,inesco,mbaz,mbaz_s500.wav,Sad,241,Sad,Angry,Angry,False,False,False,0.70956534,0.002468598,0.0003379044,0.28521436,0.0001996589,0.0020802596,0.00013388878
1698,inesco,mbaz,mbaz_s501.wav,Sad,282,Sad,Fear,Angry,False,False,True,0.15393338,0.0106186215,0.68013376,0.002746338,0.06724568,0.06992494,0.015397234
1699,inesco,mbaz,mbaz_s502.wav,Sad,234,Sad,Angry,Angry,False,False,False,0.9398168,0.005098643,0.00011966178,0.0015332176,4.9539567e-06,3.0694428e-05,0.05339613
1700,inesco,mbaz,mbaz_s503.wav,Sad,324,Sad,Angry,Angry,False,False,False,0.41264102,0.00058770983,0.0669661,0.13541616,0.0006695317,0.0011692152,0.38255024
1701,inesco,mbaz,mbaz_s504.wav,Sad,141,Sad,Happy,Happy,False,False,False,0.11370938,4.002835e-06,0.008708645,0.8740608,0.0023735843,0.0007964932,0.0003471787
1702,inesco,mbaz,mbaz_s505.wav,Sad,273,Sad,Sad,Sad,True,True,False,0.24107611,0.022291696,0.07901723,0.10683079,0.013551225,0.33785,0.19938292
1703,inesco,mbaz,mbaz_s506.wav,Sad,234,Sad,Happy,Happy,False,False,False,0.002969187,8.2602213e-07,0.02395014,0.97137725,2.4853676e-07,1.0972872e-06,0.0017013524
1704,inesco,mbaz,mbaz_s507.wav,Sad,180,Sad,Happy,Happy,False,False,False,0.0035141,1.5731293e-07,0.0004655018,0.9954306,4.924156e-06,4.407902e-06,0.00058032165
1705,inesco,mbaz,mbaz_s508.wav,Sad,266,Sad,Happy,Happy,False,False,False,0.00061289617,0.00023561792,0.0015263543,0.9626808,5.9522314e-05,0.00013631709,0.034748543
1706,inesco,mbaz,mbaz_s509.wav,Sad,234,Sad,Angry,Angry,False,False,False,0.61663485,0.0037822989,0.25307202,0.065911315,0.00035142014,0.00032402,0.059924006
1707,inesco,mbaz,mbaz_s510.wav,Sad,401,Sad,Surprise,Happy,False,False,True,0.00031755402,2.5387235e-05,0.0010744189,0.31811434,3.2581706e-06,8.7022905e-05,0.680378
1708,inesco,mbaz,mbaz_s511.wav,Sad,401,Sad,Angry,Angry,False,False,False,0.7372729,0.10952882,9.376721e-05,0.13049205,0.0065963813,0.015582318,0.00043373252
1709,inesco,mbaz,mbaz_s512.wav,Sad,397,Sad,Angry,Angry,False,False,False,0.9758793,0.00046054125,4.9865856e-05,0.001338421,6.163662e-05,1.215314e-05,0.022197971
1710,inesco,mbaz,mbaz_s513.wav,Sad,282,Sad,Angry,Angry,False,False,False,0.8001809,0.00080355053,0.028071424,0.055213653,0.015308057,0.0014411986,0.09898116
1711,inesco,mbaz,mbaz_s514.wav,Sad,401,Sad,Angry,Angry,False,False,False,0.71984184,0.0033465477,0.0057134703,0.084635064,0.0010065997,0.17229852,0.013157879
1712,inesco,mbaz,mbaz_s515.wav,Sad,193,Sad,Happy,Happy,False,False,False,0.055263147,3.3263223e-06,0.06212472,0.87899804,1.6026391e-07,0.00010364706,0.0035068162
1713,inesco,mbaz,mbaz_s516.wav,Sad,170,Sad,Fear,Sad,False,True,True,0.0004905245,0.00042015687,0.9735826,0.00020218032,2.0336727e-06,0.0011970634,0.024105353
1714,inesco,mbaz,mbaz_s517.wav,Sad,247,Sad,Surprise,Angry,False,False,True,0.016754754,0.0010287707,0.0051670643,0.0008384318,8.0316646e-08,8.278778e-05,0.97612816
1715,inesco,mbaz,mbaz_s518.wav,Sad,388,Sad,Angry,Angry,False,False,False,0.43627334,0.031028694,0.035381775,0.0011418528,0.0015914217,0.4082658,0.086317115
1716,inesco,mbaz,mbaz_s519.wav,Sad,289,Sad,Happy,Happy,False,False,False,0.0070891,3.0758878e-05,0.11346158,0.5456072,0.0005502108,0.00070898945,0.33255222
1717,inesco,mbaz,mbaz_s520.wav,Sad,167,Sad,Neutral,Angry,False,False,True,0.08340086,0.00012323303,0.2422459,0.011761716,0.6585737,0.003404977,0.000489687
1718,inesco,mbaz,mbaz_s521.wav,Sad,116,Sad,Angry,Angry,False,False,False,0.84829617,0.00036457143,0.06898709,0.04048626,0.00876823,2.849316e-05,0.0330692
1719,inesco,mbaz,mbaz_s522.wav,Sad,125,Sad,Happy,Happy,False,False,False,0.12208525,0.0016718808,0.16121957,0.6778273,0.010299461,0.0074774413,0.019419007
1720,inesco,mbaz,mbaz_s523.wav,Sad,113,Sad,Happy,Happy,False,False,False,0.0019953637,8.871514e-05,0.024475604,0.97086054,0.00018043842,5.4417374e-06,0.0023938566
1721,inesco,mbaz,mbaz_s524.wav,Sad,276,Sad,Angry,Angry,False,False,False,0.90776163,0.01696489,0.034040924,0.00042939963,0.0011014455,0.022297034,0.017404614
1722,inesco,mbaz,mbaz_s525.wav,Sad,330,Sad,Disgust,Happy,False,False,True,0.1366779,0.38130546,0.06993191,0.26224133,0.006131805,0.001836853,0.14187469
1723,inesco,mbaz,mbaz_s526.wav,Sad,337,Sad,Happy,Happy,False,False,False,0.093271,0.00024441697,0.011019527,0.86571777,0.0015191712,0.0001929123,0.028035142
1724,inesco,mbaz,mbaz_s527.wav,Sad,349,Sad,Happy,Happy,False,False,False,0.21730635,0.006885077,0.028774064,0.37188372,0.014781322,0.0003983086,0.35997117
1725,inesco,mbaz,mbaz_s528.wav,Sad,330,Sad,Angry,Angry,False,False,False,0.7535997,0.024096217,0.020209711,0.10419186,0.027658643,0.010400117,0.059843685
1726,inesco,mbaz,mbaz_s529.wav,Sad,228,Sad,Fear,Sad,False,True,True,0.011707711,0.023274759,0.8419822,0.00052920944,0.0035152317,0.11705688,0.0019340763
1727,inesco,mbaz,mbaz_s530.wav,Sad,282,Sad,Angry,Angry,False,False,False,0.9529535,0.0009442205,0.00010137618,0.04305321,0.00065461907,2.5918676e-05,0.0022671127
1728,inesco,mbaz,mbaz_s531.wav,Sad,145,Sad,Angry,Angry,False,False,False,0.9358629,0.0016222978,0.00810894,0.037429366,0.004284177,0.0002208434,0.012471508
1729,inesco,mbaz,mbaz_s532.wav,Sad,276,Sad,Angry,Angry,False,False,False,0.9502151,0.029128082,3.1132467e-06,0.000847962,4.077867e-06,3.0819912e-05,0.01977096
1730,inesco,mbaz,mbaz_s533.wav,Sad,362,Sad,Angry,Angry,False,False,False,0.3580786,0.027699212,0.17510624,0.06072446,0.2398248,0.09677259,0.041794077
1731,inesco,mbaz,mbaz_s534.wav,Sad,397,Sad,Angry,Angry,False,False,False,0.68039066,0.00031951626,0.021295927,0.05799102,0.0015394861,0.0040724007,0.23439103
1732,inesco,mbaz,mbaz_s535.wav,Sad,167,Sad,Fear,Sad,False,True,True,6.618729e-05,3.4014036e-05,0.992569,0.002073665,5.8679303e-05,0.004468998,0.00072946557
1733,inesco,mbaz,mbaz_s536.wav,Sad,321,Sad,Disgust,Angry,False,False,True,0.287064,0.5541519,3.241878e-05,0.050913922,1.2414318e-05,3.911367e-06,0.107821465
1734,inesco,mbaz,mbaz_s537.wav,Sad,401,Sad,Fear,Sad,False,True,True,0.026221896,0.23315555,0.29950073,0.100811936,0.007861937,0.28317973,0.049268305
1735,inesco,mbaz,mbaz_s538.wav,Sad,279,Sad,Disgust,Angry,False,False,True,0.29235715,0.40845954,0.013164608,0.03290275,0.0036665578,0.005349399,0.24409997
1736,inesco,mbaz,mbaz_s539.wav,Sad,180,Sad,Happy,Happy,False,False,False,0.028943768,8.909695e-07,0.00032270703,0.970682,2.1487833e-05,1.4768448e-06,2.764721e-05
1737,inesco,mbaz,mbaz_s540.wav,Sad,372,Sad,Surprise,Angry,False,False,True,0.3885979,0.03424716,0.0024890462,0.004459755,2.2016275e-05,0.004907841,0.56527627
1738,inesco,mbaz,mbaz_s541.wav,Sad,401,Sad,Angry,Angry,False,False,False,0.78951126,0.021576483,0.021012643,0.0063476413,0.00022925057,0.0109358635,0.1503868
1739,inesco,mbaz,mbaz_s542.wav,Sad,401,Sad,Angry,Angry,False,False,False,0.7404057,0.0063584847,0.0026449142,0.027097497,0.00017166074,0.0016535784,0.22166817
1740,inesco,mbaz,mbaz_s543.wav,Sad,401,Sad,Surprise,Happy,False,False,True,0.079563946,0.004483041,0.032015193,0.38374624,0.0004641408,0.0071950457,0.49253246
1741,inesco,mbaz,mbaz_s544.wav,Sad,129,Sad,Fear,Happy,False,False,True,0.072225876,0.0001537634,0.45952123,0.18727979,0.01825479,0.0004924837,0.26207212
1742,inesco,mbaz,mbaz_s545.wav,Sad,305,Sad,Surprise,Angry,False,False,True,0.38747418,9.8292956e-05,0.0017773529,0.05113113,1.7945567e-05,2.0613445e-05,0.5594804
1743,inesco,mbaz,mbaz_s546.wav,Sad,391,Sad,Angry,Angry,False,False,False,0.50927025,2.579276e-05,0.46425602,0.0029937536,7.1452974e-05,0.0013418653,0.022040846
1744,inesco,mbaz,mbaz_s547.wav,Sad,369,Sad,Happy,Happy,False,False,False,0.21183477,0.0014047718,0.04913969,0.46304098,0.002860459,0.00036457254,0.2713548
1745,inesco,mbaz,mbaz_s548.wav,Sad,295,Sad,Angry,Angry,False,False,False,0.9951839,0.0024921056,4.4759076e-06,0.0016600828,9.226866e-05,5.1361094e-06,0.0005621247
1746,inesco,mbaz,mbaz_s549.wav,Sad,333,Sad,Surprise,Happy,False,False,True,0.00134731,0.00091347663,0.00819473,0.092412,1.6569256e-05,6.8607354e-05,0.8970472
1747,inesco,mbaz,mbaz_s550.wav,Sad,266,Sad,Angry,Angry,False,False,False,0.71068317,0.05976029,0.012955394,0.043732874,0.16960636,0.0015544064,0.0017073995
1748,inesco,mbaz,mbaz_s551.wav,Sad,292,Sad,Angry,Angry,False,False,False,0.6289532,0.049435485,0.121766396,0.01291906,0.011109764,0.12060197,0.055214155
1749,inesco,mbaz,mbaz_s552.wav,Sad,97,Sad,Angry,Angry,False,False,False,0.83191496,4.182245e-05,0.04301897,0.122892335,0.00018690526,5.3400596e-05,0.0018915464
1750,inesco,mbaz,mbaz_s553.wav,Sad,74,Sad,Angry,Angry,False,False,False,0.99853396,0.00041099786,0.00046319285,0.0004903009,2.08399e-05,1.4921784e-05,6.582092e-05
1751,inesco,mbaz,mbaz_s554.wav,Sad,135,Sad,Fear,Sad,False,True,True,0.001993213,0.0009470683,0.98830986,0.0018520129,0.002411902,0.002665964,0.0018199342
1752,inesco,mbaz,mbaz_s555.wav,Sad,196,Sad,Angry,Angry,False,False,False,0.7367813,0.000114700386,0.038047545,0.21313173,0.0001725654,0.0006771161,0.011075084
1753,inesco,mbaz,mbaz_s556.wav,Sad,180,Sad,Fear,Sad,False,True,True,1.31287825e-05,1.2381019e-05,0.9960102,0.0007883358,0.0006604876,0.0024362165,7.920192e-05
1754,inesco,mbaz,mbaz_s557.wav,Sad,87,Sad,Angry,Angry,False,False,False,0.7700153,0.0015255064,0.09061466,0.09417611,0.020315446,0.0024705923,0.020882454
1755,inesco,mbaz,mbaz_s558.wav,Sad,148,Sad,Angry,Angry,False,False,False,0.99947363,1.3392908e-05,0.0001023673,0.00023924182,8.3982295e-06,7.3558994e-07,0.00016229447
1756,inesco,mbaz,mbaz_s559.wav,Sad,205,Sad,Fear,Sad,False,True,True,0.0042228685,0.008237309,0.8277404,0.033871017,0.0017472917,0.052136455,0.07204466
1757,inesco,mbaz,mbaz_s560.wav,Sad,116,Sad,Angry,Angry,False,False,False,0.75908506,0.001972544,0.09810918,0.044180106,0.08434437,0.0055791694,0.0067295986
1758,inesco,mbaz,mbaz_s561.wav,Sad,276,Sad,Happy,Happy,False,False,False,0.030864049,0.0008970461,0.0011846437,0.918517,0.025027383,0.0011616336,0.022348303
1759,inesco,mbaz,mbaz_s562.wav,Sad,103,Sad,Angry,Angry,False,False,False,0.91307956,0.001751282,0.0051336437,0.078706786,0.0004849308,1.0700283e-05,0.0008332177
1760,inesco,mbaz,mbaz_s563.wav,Sad,241,Sad,Fear,Sad,False,True,True,0.052182663,0.3556727,0.37613922,0.043668408,0.06106116,0.11067806,0.0005977731
1761,inesco,mbaz,mbaz_s564.wav,Sad,289,Sad,Angry,Angry,False,False,False,0.91421664,0.04593532,9.542485e-06,0.00014520879,1.736026e-05,0.00017647717,0.039499488
1762,inesco,mbaz,mbaz_s565.wav,Sad,401,Sad,Happy,Happy,False,False,False,0.00036362928,3.0342432e-07,0.0008033664,0.98899955,6.7537993e-09,2.6093307e-05,0.009807019
1763,inesco,mbaz,mbaz_s566.wav,Sad,109,Sad,Happy,Happy,False,False,False,0.18141389,0.0008756011,0.09373305,0.5190403,0.101002656,0.0013161721,0.10261835
1764,inesco,mbaz,mbaz_s567.wav,Sad,154,Sad,Fear,Angry,False,False,True,0.18863243,0.00040554765,0.771581,0.032948144,0.00013789591,0.0014882452,0.0048066853
1765,inesco,mbaz,mbaz_s568.wav,Sad,148,Sad,Fear,Angry,False,False,True,0.22507071,0.006088618,0.691582,0.020559186,0.00026222543,0.0005735193,0.055863634
1766,inesco,mbaz,mbaz_s569.wav,Sad,401,Sad,Happy,Happy,False,False,False,0.030900069,0.00029015596,0.40558404,0.5475904,1.4923875e-05,0.0003155274,0.01530489
1767,inesco,mbaz,mbaz_s570.wav,Sad,327,Sad,Happy,Happy,False,False,False,0.01855937,0.00048437426,0.050817814,0.7478324,0.0002788773,0.00016330826,0.18186386
1768,inesco,mbaz,mbaz_s571.wav,Sad,292,Sad,Surprise,Angry,False,False,True,0.115517505,0.11560074,0.09500848,0.059975896,0.13157634,0.050101656,0.43221942
1769,inesco,mbaz,mbaz_s572.wav,Sad,193,Sad,Angry,Angry,False,False,False,0.45071512,0.041072633,0.057904724,0.4118368,0.0024125143,0.00042543144,0.03563278
1770,inesco,mbaz,mbaz_s573.wav,Sad,148,Sad,Angry,Angry,False,False,False,0.7731327,0.00010855058,0.19052443,0.034506433,2.2006054e-05,0.00059063867,0.0011152434
1771,inesco,mbaz,mbaz_s574.wav,Sad,234,Sad,Surprise,Angry,False,False,True,0.09337405,0.26014668,0.0073998068,0.001920292,4.6570403e-06,0.023439946,0.6137146
1772,inesco,mbaz,mbaz_s575.wav,Sad,129,Sad,Neutral,Happy,False,False,True,0.0022809487,9.457439e-06,0.0045584245,0.24336474,0.7475257,1.2263125e-05,0.002248363
1773,inesco,mbaz,mbaz_s576.wav,Sad,199,Sad,Angry,Angry,False,False,False,0.9113125,0.0008734548,0.01767369,0.06790974,0.0014065503,0.00024607923,0.0005779739
1774,inesco,mbaz,mbaz_s577.wav,Sad,401,Sad,Happy,Happy,False,False,False,0.0258333,0.012672498,0.00010337443,0.5012625,0.002733426,4.572254e-05,0.4573492
1775,inesco,mbaz,mbaz_s578.wav,Sad,135,Sad,Happy,Happy,False,False,False,0.044536892,0.0002238041,0.050035905,0.87715703,0.017352752,0.0066400166,0.0040534833
1776,inesco,mbaz,mbaz_s579.wav,Sad,164,Sad,Neutral,Sad,False,True,True,1.8935498e-05,2.0806206e-06,9.9360914e-05,0.0037687535,0.9538113,0.0422944,5.2711716e-06
1777,inesco,mbaz,mbaz_s580.wav,Sad,401,Sad,Surprise,Sad,False,True,True,0.003503615,0.00055904343,0.033258084,0.00024989148,7.1286834e-08,0.012381194,0.95004815
1778,inesco,mbaz,mbaz_s581.wav,Sad,205,Sad,Fear,Happy,False,False,True,0.033095784,0.0009724391,0.4692327,0.3519425,0.084581845,0.03821768,0.021957107
1779,inesco,mbaz,mbaz_s582.wav,Sad,381,Sad,Happy,Happy,False,False,False,0.088270634,0.00037447264,0.0012354952,0.8805712,0.00037322403,0.00055333227,0.028621698
1780,inesco,mbaz,mbaz_s583.wav,Sad,45,Sad,Angry,Angry,False,False,False,0.9968028,4.1402523e-05,0.0021294956,0.0008910923,2.3954906e-05,2.1933949e-05,8.9314985e-05
1781,inesco,mbaz,mbaz_s584.wav,Sad,401,Sad,Angry,Angry,False,False,False,0.58734894,0.013508638,0.0035321636,0.0063279816,0.0029934444,0.36091182,0.025377097
1782,inesco,mbaz,mbaz_s585.wav,Sad,314,Sad,Fear,Angry,False,False,True,0.14703284,0.21242161,0.49420285,0.016047096,0.0023366297,0.033622045,0.09433694
1783,inesco,mbaz,mbaz_s586.wav,Sad,314,Sad,Fear,Happy,False,False,True,0.005462917,0.0013298197,0.7372358,0.10250804,0.0008597244,0.002491216,0.15011244
1784,inesco,mbaz,mbaz_s587.wav,Sad,237,Sad,Fear,Angry,False,False,True,0.10033786,0.00017690266,0.89721847,0.0015854497,0.00017094644,0.0001995464,0.00031084285
1785,inesco,mbaz,mbaz_s588.wav,Sad,401,Sad,Surprise,Angry,False,False,True,0.30264318,0.049027923,0.073984064,0.048634175,0.01666072,0.086593606,0.42245632
1786,inesco,mbaz,mbaz_s589.wav,Sad,317,Sad,Angry,Angry,False,False,False,0.50291264,0.017554704,0.0073633865,0.015839193,0.015238619,0.1294471,0.31164438
1787,inesco,mbaz,mbaz_s590.wav,Sad,212,Sad,Angry,Angry,False,False,False,0.9480188,0.00031176134,0.02161983,0.028665667,1.0015551e-05,2.1526223e-05,0.0013522509
1788,inesco,mbaz,mbaz_s591.wav,Sad,401,Sad,Angry,Angry,False,False,False,0.75166404,0.05539547,0.10669963,0.0054682214,0.00014941496,0.0033194572,0.07730376
1789,inesco,mbaz,mbaz_s592.wav,Sad,401,Sad,Happy,Happy,False,False,False,0.13307206,0.0041457377,0.06732856,0.5598244,4.4622852e-06,0.015182333,0.22044244
1790,inesco,mbaz,mbaz_s593.wav,Sad,289,Sad,Surprise,Angry,False,False,True,0.18224399,0.0034493194,0.2324186,0.17318165,0.0074292375,0.032812055,0.3684652
1791,inesco,mbaz,mbaz_s594.wav,Sad,401,Sad,Sad,Sad,True,True,False,0.08102302,0.0063208924,0.080914944,0.13060473,0.06775387,0.41717273,0.21620981
1792,inesco,mbaz,mbaz_s595.wav,Sad,401,Sad,Surprise,Happy,False,False,True,0.12584183,0.023167754,0.002408623,0.17597556,9.8050274e-05,0.0024609189,0.6700473
1793,inesco,mbaz,mbaz_s596.wav,Sad,349,Sad,Angry,Angry,False,False,False,0.74458164,0.0002995043,0.0009244498,0.045473516,0.00012378163,1.4344008e-05,0.20858274
1794,inesco,mbaz,mbaz_s597.wav,Sad,401,Sad,Surprise,Happy,False,False,True,0.06825164,0.00089531153,0.0014209928,0.3709975,2.104606e-05,0.00014674154,0.55826676
1795,inesco,mbaz,mbaz_s598.wav,Sad,317,Sad,Surprise,Happy,False,False,True,0.15812977,0.0147760715,0.0057277577,0.33844453,0.039429776,0.00058398594,0.4429081
1796,inesco,mbaz,mbaz_s599.wav,Sad,346,Sad,Angry,Angry,False,False,False,0.80770296,0.009080637,8.611279e-05,0.1571253,0.0028979247,7.948803e-05,0.023027644
1797,inesco,mbaz,mbaz_s600.wav,Sad,401,Sad,Surprise,Happy,False,False,True,0.004461029,0.00011557738,0.04080809,0.1775523,4.7370133e-08,8.2302904e-05,0.77698064
1798,inesco,mdpa,mdpa_a212.wav,Angry,167,Angry,Happy,Happy,False,False,False,0.23300973,1.9324567e-05,0.0004360731,0.4045618,1.2245721e-07,9.012004e-07,0.36197212
1799,inesco,mdpa,mdpa_a213.wav,Angry,132,Angry,Angry,Angry,True,True,False,0.90773207,6.312983e-07,0.00032019836,0.0476006,2.2464523e-08,6.612546e-08,0.04434632
1800,inesco,mdpa,mdpa_a214.wav,Angry,244,Angry,Happy,Happy,False,False,False,0.16669042,0.00018082006,0.00035942928,0.72221434,2.410364e-05,0.0056405,0.104890324
1801,inesco,mdpa,mdpa_a215.wav,Angry,285,Angry,Surprise,Angry,False,True,True,0.0012514401,1.4237138e-05,8.70802e-06,1.3046753e-05,6.0438043e-10,2.5478562e-07,0.9987123
1802,inesco,mdpa,mdpa_a216.wav,Angry,263,Angry,Angry,Angry,True,True,False,0.7572405,0.0075993384,0.018152822,0.07840059,1.6118958e-06,0.027420267,0.11118488
1803,inesco,mdpa,mdpa_a217.wav,Angry,100,Angry,Angry,Angry,True,True,False,0.9906,1.1260188e-06,0.0037043102,0.0015212306,1.1056131e-07,4.336749e-09,0.0041731973
1804,inesco,mdpa,mdpa_a218.wav,Angry,401,Angry,Surprise,Happy,False,False,True,0.0063945153,0.00042882562,5.339575e-06,0.025455365,2.962471e-09,3.8323274e-06,0.96771216
1805,inesco,mdpa,mdpa_a219.wav,Angry,401,Angry,Happy,Happy,False,False,False,3.3964495e-06,1.0961343e-09,9.431079e-05,0.6814462,9.629584e-12,2.9610587e-09,0.3184561
1806,inesco,mdpa,mdpa_a220.wav,Angry,346,Angry,Surprise,Happy,False,False,True,0.00024120048,3.8966914e-06,0.028608378,0.077768095,1.0675829e-07,6.516675e-06,0.8933718
1807,inesco,mdpa,mdpa_a221.wav,Angry,353,Angry,Surprise,Angry,False,True,True,0.0010102149,2.9876435e-06,0.0002902312,0.00024483565,2.2026025e-09,5.139177e-06,0.99844664
1808,inesco,mdpa,mdpa_a222.wav,Angry,401,Angry,Happy,Happy,False,False,False,0.035707008,7.679007e-05,3.263221e-06,0.70842457,2.6071794e-07,9.863816e-06,0.25577816
1809,inesco,mdpa,mdpa_a223.wav,Angry,257,Angry,Happy,Happy,False,False,False,1.8669662e-05,6.01003e-07,0.01495393,0.7273505,3.1691691e-09,5.591108e-07,0.25767577
1810,inesco,mdpa,mdpa_a224.wav,Angry,308,Angry,Surprise,Angry,False,True,True,0.14810611,6.184817e-06,0.0003653785,0.0289514,2.067253e-06,5.2817096e-08,0.8225688
1811,inesco,mdpa,mdpa_a225.wav,Angry,97,Angry,Angry,Angry,True,True,False,0.8596772,0.0004305762,0.0021073392,0.006118973,1.806477e-07,3.7082307e-05,0.13162868
1812,inesco,mdpa,mdpa_a226.wav,Angry,215,Angry,Angry,Angry,True,True,False,0.9409288,0.00028800959,0.025338562,0.022268219,8.5771115e-09,2.0568546e-05,0.011155791
1813,inesco,mdpa,mdpa_a227.wav,Angry,401,Angry,Happy,Happy,False,False,False,0.022200208,2.947953e-06,0.00060788373,0.7768389,2.0595704e-07,1.5328536e-07,0.20034976
1814,inesco,mdpa,mdpa_a228.wav,Angry,132,Angry,Angry,Angry,True,True,False,0.83817333,0.00017735128,0.00032366166,0.14220151,2.3826617e-07,4.5007484e-05,0.019078828
1815,inesco,mdpa,mdpa_a229.wav,Angry,353,Angry,Surprise,Happy,False,False,True,1.2321896e-05,1.332821e-08,0.0029600179,0.05893768,3.94474e-11,3.183657e-07,0.93808967
1816,inesco,mdpa,mdpa_a230.wav,Angry,260,Angry,Angry,Angry,True,True,False,0.5607884,0.0009937889,0.0011501622,0.00965101,2.112332e-08,7.0056914e-05,0.42734653
1817,inesco,mdpa,mdpa_a231.wav,Angry,183,Angry,Angry,Angry,True,True,False,0.9555805,2.3732258e-05,2.858266e-06,0.044300526,4.4328903e-05,4.312356e-06,4.382825e-05
1818,inesco,mdpa,mdpa_a232.wav,Angry,186,Angry,Happy,Happy,False,False,False,0.074243985,3.5563496e-06,0.00022414091,0.925378,6.5527746e-07,2.096142e-06,0.00014756208
1819,inesco,mdpa,mdpa_a233.wav,Angry,266,Angry,Surprise,Happy,False,False,True,0.0027524033,5.1032686e-05,0.0011034372,0.15026316,2.0484376e-09,4.55917e-07,0.8458294
1820,inesco,mdpa,mdpa_a234.wav,Angry,81,Angry,Fear,Happy,False,False,True,0.0036020498,5.677302e-07,0.6998443,0.024592377,4.2025525e-07,2.4528038e-06,0.2719578
1821,inesco,mdpa,mdpa_a235.wav,Angry,90,Angry,Fear,Angry,False,True,True,0.12608749,2.6519672e-05,0.50138617,0.0075416826,3.2597436e-06,3.5192443e-05,0.36491966
1822,inesco,mdpa,mdpa_a236.wav,Angry,234,Angry,Angry,Angry,True,True,False,0.9997328,1.7562654e-05,2.4161675e-08,0.00024012022,1.5514032e-10,3.716085e-09,9.517402e-06
1823,inesco,mdpa,mdpa_a237.wav,Angry,180,Angry,Happy,Happy,False,False,False,0.0021061096,8.051026e-09,0.00050597906,0.99711275,1.707841e-09,4.5751143e-08,0.00027495556
1824,inesco,mdpa,mdpa_a238.wav,Angry,154,Angry,Fear,Angry,False,True,True,0.28655702,6.4349637e-09,0.7032197,0.009589821,5.1678267e-06,4.474205e-07,0.0006277665
1825,inesco,mdpa,mdpa_a239.wav,Angry,193,Angry,Happy,Happy,False,False,False,0.09980073,1.0890959e-06,0.0030459063,0.8965515,2.5416512e-07,7.856064e-06,0.0005927931
1826,inesco,mdpa,mdpa_a240.wav,Angry,189,Angry,Happy,Happy,False,False,False,0.37942454,7.258493e-06,2.7011303e-05,0.552249,5.6000563e-06,2.040372e-08,0.068286605
1827,inesco,mdpa,mdpa_a241.wav,Angry,138,Angry,Surprise,Angry,False,True,True,0.02530675,1.5503506e-08,0.15142949,0.0065196343,2.0298818e-09,1.7059332e-07,0.81674385
1828,inesco,mdpa,mdpa_a242.wav,Angry,375,Angry,Surprise,Happy,False,False,True,5.186708e-05,0.018757945,7.0904025e-05,0.48409522,1.3559845e-08,1.8636719e-06,0.49702212
1829,inesco,mdpa,mdpa_a243.wav,Angry,215,Angry,Happy,Happy,False,False,False,0.016869819,1.2224429e-05,0.014785004,0.9652129,1.4187801e-08,1.0025383e-06,0.0031190256
1830,inesco,mdpa,mdpa_a244.wav,Angry,189,Angry,Angry,Angry,True,True,False,0.9915992,2.1914956e-07,7.6421775e-06,0.008330833,3.7555226e-10,2.720108e-07,6.182143e-05
1831,inesco,mdpa,mdpa_a245.wav,Angry,196,Angry,Angry,Angry,True,True,False,0.9925196,2.2464872e-06,3.290998e-05,0.0074017453,3.570888e-08,7.4374486e-07,4.2767842e-05
1832,inesco,mdpa,mdpa_a246.wav,Angry,103,Angry,Angry,Angry,True,True,False,0.7745336,0.00029322796,0.117948,0.007790287,9.3947637e-07,2.4764267e-05,0.09940918
1833,inesco,mdpa,mdpa_a247.wav,Angry,317,Angry,Happy,Happy,False,False,False,0.022333609,0.00028795816,0.0032649685,0.8712306,3.381823e-05,5.981459e-05,0.10278918
1834,inesco,mdpa,mdpa_a248.wav,Angry,231,Angry,Angry,Angry,True,True,False,0.8719152,5.1788325e-06,8.572765e-05,0.1260277,5.7501165e-07,1.5920345e-07,0.0019655414
1835,inesco,mdpa,mdpa_a249.wav,Angry,253,Angry,Surprise,Angry,False,True,True,0.041714363,0.00014169567,0.01502016,0.021050802,5.090187e-07,4.1441954e-06,0.92206836
1836,inesco,mdpa,mdpa_a250.wav,Angry,333,Angry,Surprise,Happy,False,False,True,0.006133923,0.0039769397,0.009763944,0.37437215,1.5491851e-07,8.972206e-06,0.6057439
1837,inesco,mdpa,mdpa_a251.wav,Angry,337,Angry,Surprise,Happy,False,False,True,0.001955314,0.01547566,0.0011750393,0.06770474,2.9184644e-08,2.6908003e-05,0.9136623
1838,inesco,mdpa,mdpa_a252.wav,Angry,356,Angry,Angry,Angry,True,True,False,0.55735546,0.017658826,2.3585466e-05,0.39893395,1.8977082e-07,4.0491755e-06,0.026023932
1839,inesco,mdpa,mdpa_a253.wav,Angry,218,Angry,Surprise,Happy,False,False,True,5.4756536e-05,0.00028692427,0.0017674944,0.0082459655,1.2917576e-08,1.513391e-06,0.98964334
1840,inesco,mdpa,mdpa_a254.wav,Angry,228,Angry,Angry,Angry,True,True,False,0.988901,7.218564e-07,1.3666132e-06,0.011095104,1.3102457e-08,5.2330268e-08,1.7289092e-06
1841,inesco,mdpa,mdpa_a255.wav,Angry,285,Angry,Angry,Angry,True,True,False,0.9793108,0.000107753265,0.00018259572,0.00074548303,2.850224e-08,2.8885313e-06,0.01965042
1842,inesco,mdpa,mdpa_a256.wav,Angry,362,Angry,Happy,Happy,False,False,False,0.0154274665,2.2616268e-06,2.893643e-05,0.8865795,1.38567655e-08,4.7670742e-08,0.09796176
1843,inesco,mdpa,mdpa_a257.wav,Angry,244,Angry,Surprise,Angry,False,True,True,0.17193796,0.00014847428,0.0016104816,0.14497064,1.5943408e-07,1.2366539e-05,0.6813199
1844,inesco,mdpa,mdpa_a258.wav,Angry,164,Angry,Angry,Angry,True,True,False,0.58984685,1.6400147e-05,0.0064667743,0.39834127,3.1406498e-06,1.4091042e-06,0.005324242
1845,inesco,mdpa,mdpa_a259.wav,Angry,218,Angry,Angry,Angry,True,True,False,0.95064884,4.1302723e-08,0.00040170838,0.04884906,2.3489824e-07,3.769469e-07,9.982532e-05
1846,inesco,mdpa,mdpa_a260.wav,Angry,250,Angry,Angry,Angry,True,True,False,0.55502313,0.0009216658,1.0754719e-05,0.00018514378,1.8125876e-10,1.8306558e-07,0.4438591
1847,inesco,mdpa,mdpa_a261.wav,Angry,237,Angry,Angry,Angry,True,True,False,0.9904463,4.624618e-06,0.00026087044,0.0022513557,1.9865574e-08,1.5144145e-07,0.007036765
1848,inesco,mdpa,mdpa_a262.wav,Angry,244,Angry,Angry,Angry,True,True,False,0.9990434,2.1273556e-07,1.3067312e-08,0.0009523429,2.5522337e-10,4.7649027e-09,3.9287215e-06
1849,inesco,mdpa,mdpa_a263.wav,Angry,173,Angry,Happy,Happy,False,False,False,0.07772075,1.9413095e-08,0.0003672921,0.9151892,6.347583e-08,5.70088e-07,0.006722043
1850,inesco,mdpa,mdpa_a264.wav,Angry,113,Angry,Angry,Angry,True,True,False,0.8142407,2.0770136e-05,0.012585248,0.010335583,4.4209223e-06,3.864204e-07,0.16281289
1851,inesco,mdpa,mdpa_a265.wav,Angry,109,Angry,Angry,Angry,True,True,False,0.96975124,0.00011185765,0.0045407433,0.008281901,5.6748464e-05,4.8020975e-06,0.017252702
1852,inesco,mdpa,mdpa_a266.wav,Angry,401,Angry,Surprise,Happy,False,False,True,0.0011261896,3.1873295e-08,0.012628485,0.05327107,2.5316745e-11,3.445832e-08,0.9329742
1853,inesco,mdpa,mdpa_a267.wav,Angry,154,Angry,Happy,Happy,False,False,False,0.049637355,3.1883418e-09,0.0013621957,0.945714,7.761444e-09,7.556401e-09,0.0032864406
1854,inesco,mdpa,mdpa_a268.wav,Angry,84,Angry,Angry,Angry,True,True,False,0.85152614,7.356539e-06,0.004208166,0.02860661,1.33435915e-05,9.615704e-06,0.11562884
1855,inesco,mdpa,mdpa_a269.wav,Angry,129,Angry,Happy,Happy,False,False,False,0.38483834,3.5685853e-06,0.013513206,0.5767958,1.250207e-05,2.5074846e-06,0.024834001
1856,inesco,mdpa,mdpa_a270.wav,Angry,189,Angry,Happy,Happy,False,False,False,0.029735442,1.5369235e-07,0.0033879785,0.72854275,1.514187e-07,6.6892994e-08,0.2383335
1857,inesco,mdpa,mdpa_a271.wav,Angry,327,Angry,Surprise,Angry,False,True,True,0.002262698,4.813904e-05,0.00087463367,3.7926606e-05,2.3562195e-07,5.4736436e-05,0.99672157
1858,inesco,mdpa,mdpa_a272.wav,Angry,308,Angry,Surprise,Angry,False,True,True,0.13719255,0.29473743,9.3303046e-05,0.00023889745,4.5154903e-07,0.00064694096,0.56709045
1859,inesco,mdpa,mdpa_a273.wav,Angry,212,Angry,Angry,Angry,True,True,False,0.9923509,5.0523445e-06,3.1570153e-06,0.0075444835,1.0121054e-06,5.178687e-06,9.018188e-05
1860,inesco,mdpa,mdpa_a274.wav,Angry,305,Angry,Surprise,Angry,False,True,True,0.08249696,0.024095487,0.0009012624,0.042898156,8.3946425e-06,6.945965e-05,0.8495302
1861,inesco,mdpa,mdpa_a275.wav,Angry,148,Angry,Surprise,Happy,False,False,True,0.00037114215,1.8257637e-11,0.0009889335,0.100459956,7.6076434e-10,2.2578504e-09,0.89818
1862,inesco,mdpa,mdpa_a276.wav,Angry,209,Angry,Fear,Happy,False,False,True,0.011676885,3.4261635e-07,0.6248235,0.19916457,1.4991793e-08,3.422322e-06,0.16433127
1863,inesco,mdpa,mdpa_a277.wav,Angry,247,Angry,Angry,Angry,True,True,False,0.99900585,0.00010669997,4.572946e-08,0.00067049323,1.7595339e-08,4.7843507e-08,0.00021687621
1864,inesco,mdpa,mdpa_a278.wav,Angry,401,Angry,Happy,Happy,False,False,False,0.04549785,0.0014199757,2.5852294e-05,0.8695968,1.6391091e-08,4.4422172e-06,0.083455145
1865,inesco,mdpa,mdpa_a279.wav,Angry,186,Angry,Angry,Angry,True,True,False,0.92614514,2.4279222e-08,2.138999e-05,0.073830694,8.3166446e-10,1.4662255e-07,2.611835e-06
1866,inesco,mdpa,mdpa_a280.wav,Angry,289,Angry,Happy,Happy,False,False,False,0.00075660547,0.001055882,0.22714722,0.75056547,3.2121616e-08,1.544083e-05,0.02045939
1867,inesco,mdpa,mdpa_a281.wav,Angry,292,Angry,Angry,Angry,True,True,False,0.98208904,3.519351e-06,0.00048146094,0.013361921,4.222649e-08,3.983101e-06,0.004060019
1868,inesco,mdpa,mdpa_a282.wav,Angry,365,Angry,Surprise,Happy,False,False,True,4.047898e-05,3.227775e-08,5.146092e-05,0.0012344074,8.451556e-14,7.432418e-09,0.9986737
1869,inesco,mdpa,mdpa_a283.wav,Angry,401,Angry,Happy,Happy,False,False,False,4.1874937e-06,3.3303246e-10,0.026410121,0.70361704,7.0878237e-13,4.3899897e-09,0.2699686
1870,inesco,mdpa,mdpa_a284.wav,Angry,279,Angry,Angry,Angry,True,True,False,0.51894146,3.8916394e-05,3.4823117e-06,0.097889476,1.097548e-07,2.3892335e-07,0.38312635
1871,inesco,mdpa,mdpa_a285.wav,Angry,221,Angry,Angry,Angry,True,True,False,0.7222654,7.5436844e-07,1.3368308e-06,0.27766457,1.7906675e-08,5.6726184e-09,6.7888475e-05
1872,inesco,mdpa,mdpa_a286.wav,Angry,401,Angry,Surprise,Happy,False,False,True,0.05899181,3.7413278e-07,1.025422e-05,0.39480478,6.9984973e-09,2.598181e-07,0.5461926
1873,inesco,mdpa,mdpa_a287.wav,Angry,177,Angry,Happy,Happy,False,False,False,0.030580306,1.0414176e-09,9.62419e-07,0.96936923,1.0772029e-09,4.175401e-10,4.9582588e-05
1874,inesco,mdpa,mdpa_a288.wav,Angry,225,Angry,Angry,Angry,True,True,False,0.99916923,5.08386e-07,2.7626107e-05,0.0007658737,2.507362e-09,1.5451577e-07,3.666988e-05
1875,inesco,mdpa,mdpa_a289.wav,Angry,148,Angry,Surprise,Angry,False,True,True,0.3202705,1.5109315e-06,0.00016809604,0.17725636,7.4971425e-09,2.4388417e-08,0.5023035
1876,inesco,mdpa,mdpa_a290.wav,Angry,375,Angry,Surprise,Happy,False,False,True,0.0005080362,1.7922233e-06,7.3756055e-05,0.0025735574,3.0567268e-10,1.6142381e-07,0.99684274
1877,inesco,mdpa,mdpa_a291.wav,Angry,199,Angry,Happy,Happy,False,False,False,0.4332188,2.0128853e-06,0.010960502,0.51288927,2.4962834e-08,1.70966e-06,0.042927593
1878,inesco,mdpa,mdpa_a292.wav,Angry,100,Angry,Angry,Angry,True,True,False,0.77720773,2.0851854e-05,0.023203656,0.054245785,4.8878223e-06,1.0814716e-05,0.1453063
1879,inesco,mdpa,mdpa_a293.wav,Angry,199,Angry,Angry,Angry,True,True,False,0.95822674,1.426908e-06,0.00039146998,0.04078896,4.4763993e-09,5.988728e-08,0.0005914291
1880,inesco,mdpa,mdpa_a294.wav,Angry,362,Angry,Happy,Happy,False,False,False,0.0015820231,0.0010188499,0.0005943378,0.6651839,8.575377e-05,1.5126366e-05,0.33152002
1881,inesco,mdpa,mdpa_a295.wav,Angry,353,Angry,Angry,Angry,True,True,False,0.874014,1.0115385e-06,1.8444857e-06,0.08610937,4.937166e-07,9.533932e-07,0.039872255
1882,inesco,mdpa,mdpa_a296.wav,Angry,129,Angry,Happy,Happy,False,False,False,0.080865,1.984401e-09,0.015883349,0.6322445,5.497727e-10,3.3766234e-09,0.2710071
1883,inesco,mdpa,mdpa_a297.wav,Angry,93,Angry,Angry,Angry,True,True,False,0.81058836,7.6593526e-05,0.039176494,0.059875604,9.813681e-06,6.238547e-05,0.09021069
1884,inesco,mdpa,mdpa_a298.wav,Angry,186,Angry,Happy,Happy,False,False,False,0.017435571,2.2058687e-06,7.288057e-05,0.9824837,5.4648095e-09,1.1286089e-06,4.45965e-06
1885,inesco,mdpa,mdpa_a299.wav,Angry,237,Angry,Angry,Angry,True,True,False,0.9675495,1.3699527e-06,6.300408e-09,0.032447413,7.3314705e-09,8.3408915e-09,1.5474184e-06
1886,inesco,mdpa,mdpa_a300.wav,Angry,401,Angry,Surprise,Happy,False,False,True,0.26186508,0.00015329951,0.0107153505,0.31704062,7.814904e-08,2.1801263e-05,0.41020384
1887,inesco,mdpa,mdpa_a301.wav,Angry,247,Angry,Angry,Angry,True,True,False,0.68156576,0.0033846362,0.0003736877,0.1439544,3.6998912e-07,8.883038e-07,0.17072026
1888,inesco,mdpa,mdpa_a302.wav,Angry,353,Angry,Happy,Happy,False,False,False,0.0050227735,5.566762e-05,0.00023001787,0.85603255,8.731996e-08,3.586211e-07,0.13865848
1889,inesco,mdpa,mdpa_a303.wav,Angry,285,Angry,Angry,Angry,True,True,False,0.8057881,1.9672776e-05,0.00062782853,0.16395049,1.0831997e-07,4.170949e-06,0.02960958
1890,inesco,mdpa,mdpa_a304.wav,Angry,154,Angry,Happy,Happy,False,False,False,0.09386785,7.466487e-09,0.00046892453,0.9041934,4.965499e-08,1.3114976e-07,0.0014696829
1891,inesco,mdpa,mdpa_a305.wav,Angry,317,Angry,Surprise,Angry,False,True,True,0.040610973,0.0009105104,8.3713654e-05,0.0060949344,1.466847e-08,2.9712299e-05,0.9522701
1892,inesco,mdpa,mdpa_a306.wav,Angry,266,Angry,Angry,Angry,True,True,False,0.9993656,0.0004406421,1.8208816e-06,0.00017388801,1.4879349e-07,1.8450058e-06,1.596102e-05
1893,inesco,mdpa,mdpa_a307.wav,Angry,173,Angry,Angry,Angry,True,True,False,0.97905785,5.524103e-08,3.111449e-05,0.020736817,2.747894e-08,2.59234e-07,0.00017391532
1894,inesco,mdpa,mdpa_a308.wav,Angry,247,Angry,Angry,Angry,True,True,False,0.9799897,4.4961085e-05,6.1359e-05,0.01896612,8.741818e-08,2.6566562e-05,0.0009112012
1895,inesco,mdpa,mdpa_a309.wav,Angry,55,Angry,Angry,Angry,True,True,False,0.97994417,1.2478496e-05,0.016397685,0.0013124348,5.41361e-06,1.1396331e-05,0.002316393
1896,inesco,mdpa,mdpa_a310.wav,Angry,113,Angry,Angry,Angry,True,True,False,0.9641381,3.902592e-06,0.0018348658,0.012204398,2.1644821e-07,6.174179e-07,0.021817975
1897,inesco,mdpa,mdpa_a311.wav,Angry,74,Angry,Surprise,Angry,False,True,True,0.44933027,6.6071065e-05,0.013433281,0.08437616,1.2915856e-06,6.9546463e-06,0.45278606
1898,inesco,mdpa,mdpa_a312.wav,Angry,161,Angry,Angry,Angry,True,True,False,0.99728346,1.3798478e-08,4.7724574e-05,0.0024504757,1.8672963e-09,5.8007227e-10,0.0002182428
1899,inesco,mdpa,mdpa_a313.wav,Angry,183,Angry,Angry,Angry,True,True,False,0.9469261,5.829514e-09,2.4809955e-07,0.05306356,1.1656005e-09,1.2646996e-09,1.020521e-05
1900,inesco,mdpa,mdpa_a314.wav,Angry,269,Angry,Angry,Angry,True,True,False,0.7805861,5.695345e-05,0.025326723,0.07000269,6.117329e-08,1.0567488e-05,0.12401688
1901,inesco,mdpa,mdpa_a315.wav,Angry,317,Angry,Happy,Happy,False,False,False,0.006927611,6.80988e-08,0.03321399,0.881721,5.048886e-10,1.6223963e-06,0.078135684
1902,inesco,mdpa,mdpa_a316.wav,Angry,375,Angry,Angry,Angry,True,True,False,0.6932394,8.9916075e-06,0.023005474,0.03123468,5.774342e-06,0.00020256342,0.2523031
1903,inesco,mdpa,mdpa_a317.wav,Angry,337,Angry,Surprise,Happy,False,False,True,0.030805236,0.00018462265,0.013677186,0.08560394,7.0829427e-09,4.2676347e-05,0.8696863
1904,inesco,mdpa,mdpa_a318.wav,Angry,221,Angry,Angry,Angry,True,True,False,0.95945674,1.1449298e-07,0.0004414814,0.0400807,1.8710296e-08,2.899883e-07,2.0566838e-05
1905,inesco,mdpa,mdpa_a319.wav,Angry,401,Angry,Surprise,Happy,False,False,True,0.059385486,1.10746745e-08,0.0022593664,0.1947131,1.806867e-09,1.1150102e-09,0.74364203
1906,inesco,mdpa,mdpa_a320.wav,Angry,116,Angry,Angry,Angry,True,True,False,0.9242323,7.895096e-06,0.008859198,0.009601265,2.0622998e-05,1.1872045e-07,0.057278473
1907,inesco,mdpa,mdpa_a321.wav,Angry,49,Angry,Angry,Angry,True,True,False,0.966674,9.694393e-06,0.007829312,0.00016319039,4.1753992e-08,2.0393517e-07,0.025323695
1908,inesco,mdpa,mdpa_a322.wav,Angry,65,Angry,Angry,Angry,True,True,False,0.9800268,0.00020946453,0.0013569321,0.0010602674,1.2069845e-06,6.938195e-06,0.017338427
1909,inesco,mdpa,mdpa_a323.wav,Angry,77,Angry,Angry,Angry,True,True,False,0.51337165,1.840362e-05,0.033886716,0.008545777,2.9369812e-06,1.2921616e-06,0.44417325
1910,inesco,mdpa,mdpa_a324.wav,Angry,138,Angry,Happy,Happy,False,False,False,0.0067345263,3.3458272e-07,0.00031931084,0.877884,5.1924896e-08,1.16876215e-08,0.11506181
1911,inesco,mdpa,mdpa_a325.wav,Angry,129,Angry,Angry,Angry,True,True,False,0.7829294,2.784088e-07,0.0023274957,0.20958711,2.1553722e-06,2.2443261e-07,0.0051532816
1912,inesco,mdpa,mdpa_a326.wav,Angry,196,Angry,Angry,Angry,True,True,False,0.6160567,1.7649837e-06,0.0006014495,0.34325674,1.5380682e-08,7.9499597e-07,0.04008254
1913,inesco,mdpa,mdpa_a327.wav,Angry,244,Angry,Angry,Angry,True,True,False,0.97229654,1.4786079e-05,0.0008528441,0.017084753,6.617648e-09,3.1178442e-06,0.009747931
1914,inesco,mdpa,mdpa_a328.wav,Angry,289,Angry,Fear,Sad,False,False,True,0.00012036891,0.01114061,0.7810714,0.0011827814,1.1706687e-10,0.16143079,0.04505407
1915,inesco,mdpa,mdpa_a329.wav,Angry,161,Angry,Happy,Happy,False,False,False,0.38808566,8.0393576e-08,0.00676745,0.6034127,5.822222e-08,1.487821e-06,0.0017325965
1916,inesco,mdpa,mdpa_a330.wav,Angry,84,Angry,Angry,Angry,True,True,False,0.9958275,4.3372265e-06,0.000927049,0.002722551,7.077553e-07,9.7459804e-08,0.00051775743
1917,inesco,mdpa,mdpa_a331.wav,Angry,145,Angry,Happy,Happy,False,False,False,0.21668473,4.255863e-06,2.3471088e-05,0.44979888,4.035188e-08,2.5699263e-08,0.33348855
1918,inesco,mdpa,mdpa_a332.wav,Angry,138,Angry,Fear,Angry,False,True,True,0.08291383,4.2022763e-09,0.9011256,0.005396608,3.891041e-08,3.4613066e-07,0.010563526
1919,inesco,mdpa,mdpa_a333.wav,Angry,103,Angry,Angry,Angry,True,True,False,0.75942844,5.331356e-05,0.027603347,0.055668123,0.00010869764,5.9631584e-05,0.15707843
1920,inesco,mdpa,mdpa_a334.wav,Angry,196,Angry,Surprise,Happy,False,False,True,0.0026269278,7.1141113e-07,0.06148834,0.23778059,7.227559e-08,1.07523965e-05,0.6980926
1921,inesco,mdpa,mdpa_a335.wav,Angry,151,Angry,Angry,Angry,True,True,False,0.7904386,2.3222628e-07,4.1603755e-07,0.20934804,2.9149017e-09,9.967175e-10,0.0002127825
1922,inesco,mdpa,mdpa_a336.wav,Angry,218,Angry,Angry,Angry,True,True,False,0.9865811,4.975908e-05,0.006359388,0.0050994987,8.034814e-08,7.826792e-05,0.0018319018
1923,inesco,mdpa,mdpa_a337.wav,Angry,148,Angry,Angry,Angry,True,True,False,0.9459561,5.6794744e-07,9.970859e-05,0.014511722,5.8115507e-08,3.749697e-10,0.039431904
1924,inesco,mdpa,mdpa_a338.wav,Angry,186,Angry,Angry,Angry,True,True,False,0.9996159,4.3393862e-07,1.931632e-06,0.00036312887,5.0631592e-09,3.5342973e-07,1.8165163e-05
1925,inesco,mdpa,mdpa_a339.wav,Angry,221,Angry,Angry,Angry,True,True,False,0.97342765,6.010568e-05,4.2786538e-05,0.024182927,7.734133e-10,2.3841756e-06,0.0022842544
1926,inesco,mdpa,mdpa_a340.wav,Angry,125,Angry,Happy,Happy,False,False,False,0.2027585,2.476851e-06,0.08989419,0.45750776,9.918701e-06,1.8940719e-06,0.24982518
1927,inesco,mdpa,mdpa_a341.wav,Angry,221,Angry,Angry,Angry,True,True,False,0.5852162,2.3477972e-08,0.31010133,0.10467253,4.3584563e-09,7.921901e-07,9.089485e-06
1928,inesco,mdpa,mdpa_a342.wav,Angry,250,Angry,Surprise,Happy,False,False,True,0.00335724,0.00055839575,0.026660388,0.029761393,3.9184807e-09,4.8170036e-06,0.9396578
1929,inesco,mdpa,mdpa_a343.wav,Angry,177,Angry,Happy,Happy,False,False,False,0.109889194,2.3741934e-07,0.31177196,0.56847155,6.650286e-06,7.755751e-05,0.009782902
1930,inesco,mdpa,mdpa_a344.wav,Angry,141,Angry,Happy,Happy,False,False,False,0.15162219,4.932011e-09,0.00043559005,0.84777534,7.5713004e-08,2.2303885e-08,0.00016687039
1931,inesco,mdpa,mdpa_a345.wav,Angry,173,Angry,Happy,Happy,False,False,False,1.0670325e-06,1.1715683e-10,0.00040599814,0.98347,3.3924838e-10,2.265968e-09,0.01612286
1932,inesco,mdpa,mdpa_a346.wav,Angry,231,Angry,Angry,Angry,True,True,False,0.66966677,2.6414735e-05,0.015441625,0.18790145,2.5508427e-05,7.103885e-06,0.12693119
1933,inesco,mdpa,mdpa_a347.wav,Angry,205,Angry,Happy,Happy,False,False,False,0.046303734,4.458234e-06,0.051713664,0.88103795,4.394759e-07,0.00020581673,0.020734042
1934,inesco,mdpa,mdpa_a348.wav,Angry,103,Angry,Angry,Angry,True,True,False,0.9867928,0.00010635354,0.006086302,0.0025830618,4.0627265e-06,7.089347e-06,0.0044203307
1935,inesco,mdpa,mdpa_a349.wav,Angry,161,Angry,Angry,Angry,True,True,False,0.8328626,7.894499e-06,0.00013285429,0.16214992,0.00018325011,1.5756988e-06,0.0046618325
1936,inesco,mdpa,mdpa_a350.wav,Angry,401,Angry,Surprise,Angry,False,True,True,0.39155,0.0016938825,0.00020449425,0.10814465,7.776859e-08,3.3571483e-05,0.49837333
1937,inesco,mdpa,mdpa_a351.wav,Angry,237,Angry,Angry,Angry,True,True,False,0.53506494,4.642008e-05,0.00021103394,0.46272948,2.5485672e-06,2.6306227e-05,0.001919324
1938,inesco,mdpa,mdpa_a352.wav,Angry,122,Angry,Happy,Happy,False,False,False,0.0015805312,2.992792e-07,0.028441602,0.9281479,2.2755243e-05,1.7405418e-05,0.0417895
1939,inesco,mdpa,mdpa_a353.wav,Angry,263,Angry,Angry,Angry,True,True,False,0.9121684,0.0130114835,4.7649723e-05,0.0018198317,1.404274e-07,2.5211379e-05,0.07292731
1940,inesco,mdpa,mdpa_a354.wav,Angry,295,Angry,Surprise,Happy,False,False,True,0.011961779,0.0023475683,7.509682e-05,0.14698806,2.0022885e-07,3.224929e-06,0.8386241
1941,inesco,mdpa,mdpa_a355.wav,Angry,260,Angry,Angry,Angry,True,True,False,0.9848778,0.014154587,1.6920008e-07,0.00027938778,1.9806702e-08,0.0002203352,0.00046776579
1942,inesco,mdpa,mdpa_a356.wav,Angry,298,Angry,Happy,Happy,False,False,False,0.24115711,3.6220117e-05,0.0006158242,0.7017939,1.6627077e-06,1.5206855e-05,0.056379993
1943,inesco,mdpa,mdpa_a357.wav,Angry,202,Angry,Happy,Happy,False,False,False,0.07182606,8.386853e-05,0.08432838,0.83428353,3.55047e-06,0.0041443603,0.005330332
1944,inesco,mdpa,mdpa_a358.wav,Angry,125,Angry,Surprise,Angry,False,True,True,0.025886664,1.7634306e-06,0.0005734191,0.00011614411,1.3110441e-08,2.5628992e-07,0.97342175
1945,inesco,mdpa,mdpa_a359.wav,Angry,196,Angry,Angry,Angry,True,True,False,0.9984413,2.4340358e-07,7.175652e-08,0.0015539267,1.338067e-07,4.7142894e-08,4.362085e-06
1946,inesco,mdpa,mdpa_a360.wav,Angry,113,Angry,Angry,Angry,True,True,False,0.9788728,1.0632704e-05,0.011749062,0.00021889928,4.5070396e-05,2.6496731e-05,0.009077144
1947,inesco,mdpa,mdpa_a361.wav,Angry,170,Angry,Fear,Angry,False,True,True,0.15140538,2.697008e-06,0.7446562,0.075452335,1.0213167e-08,0.00013809484,0.028345292
1948,inesco,mdpa,mdpa_a362.wav,Angry,65,Angry,Angry,Angry,True,True,False,0.74286485,0.00039791554,0.031959124,0.044568572,3.42394e-06,0.0001764456,0.18002969
1949,inesco,mdpa,mdpa_a363.wav,Angry,199,Angry,Surprise,Angry,False,True,True,0.23025297,3.1856336e-05,0.29681695,0.04042076,3.4265693e-07,4.9856862e-05,0.43242723
1950,inesco,mdpa,mdpa_a364.wav,Angry,138,Angry,Fear,Happy,False,False,True,0.0005365492,7.921402e-11,0.9888638,0.0025434808,1.0845048e-10,1.2671288e-10,0.008056048
1951,inesco,mdpa,mdpa_a365.wav,Angry,119,Angry,Happy,Happy,False,False,False,0.10564489,4.7561866e-06,0.004840647,0.874889,0.00017996292,1.3461149e-05,0.014427301
1952,inesco,mdpa,mdpa_a366.wav,Angry,167,Angry,Happy,Happy,False,False,False,0.031476337,2.0091917e-09,8.5662396e-05,0.9683669,1.6086092e-09,1.0926e-08,7.110118e-05
1953,inesco,mdpa,mdpa_a367.wav,Angry,81,Angry,Surprise,Happy,False,False,True,0.13737477,6.237967e-05,0.21955957,0.21480511,0.00011148327,1.3121873e-05,0.42807356
1954,inesco,mdpa,mdpa_a368.wav,Angry,170,Angry,Angry,Angry,True,True,False,0.5185157,8.060233e-06,0.12334602,0.3225476,4.5295224e-07,0.0008650742,0.03471712
1955,inesco,mdpa,mdpa_a369.wav,Angry,173,Angry,Happy,Happy,False,False,False,0.48159653,2.9395087e-08,0.009587806,0.5087779,1.2303815e-06,1.0339013e-05,2.6154248e-05
1956,inesco,mdpa,mdpa_a370.wav,Angry,129,Angry,Happy,Happy,False,False,False,0.15139303,1.1821998e-06,3.2663425e-07,0.8485162,1.0106872e-07,5.4741513e-08,8.910411e-05
1957,inesco,mdpa,mdpa_a371.wav,Angry,135,Angry,Angry,Angry,True,True,False,0.51065826,6.536708e-05,0.18653168,0.033013407,6.0386014e-06,1.4118535e-06,0.2697238
1958,inesco,mdpa,mdpa_a372.wav,Angry,218,Angry,Surprise,Happy,False,False,True,7.26495e-05,4.785422e-07,0.013335613,0.16717578,7.8617923e-10,8.3523577e-07,0.8194146
1959,inesco,mdpa,mdpa_a373.wav,Angry,177,Angry,Angry,Angry,True,True,False,0.98622376,3.2081395e-08,2.6263719e-05,0.01365483,4.1853318e-10,1.1427968e-05,8.38316e-05
1960,inesco,mdpa,mdpa_a374.wav,Angry,81,Angry,Surprise,Angry,False,True,True,0.003857382,3.6550082e-07,4.8593636e-05,0.00010756312,2.1521569e-07,3.4908695e-08,0.9959858
1961,inesco,mdpa,mdpa_a375.wav,Angry,253,Angry,Surprise,Happy,False,False,True,0.00013236814,3.6398965e-06,6.115498e-05,0.0032383006,1.0305595e-10,4.2393243e-08,0.99656457
1962,inesco,mdpa,mdpa_a376.wav,Angry,58,Angry,Angry,Angry,True,True,False,0.98791224,2.5193212e-05,0.0007945641,0.0021858213,3.3879547e-07,1.1992198e-07,0.009081773
1963,inesco,mdpa,mdpa_a377.wav,Angry,74,Angry,Happy,Happy,False,False,False,0.1040676,1.9361203e-05,0.008036324,0.59770626,3.487023e-06,7.802799e-06,0.29015917
1964,inesco,mdpa,mdpa_a378.wav,Angry,148,Angry,Happy,Happy,False,False,False,0.130614,1.09256305e-07,0.008910296,0.84230965,4.5320562e-07,8.6655824e-08,0.018165454
1965,inesco,mdpa,mdpa_a379.wav,Angry,113,Angry,Surprise,Happy,False,False,True,0.008524995,1.2858149e-05,0.0065556397,0.011639353,1.4173073e-09,7.558447e-08,0.973267
1966,inesco,mdpa,mdpa_a380.wav,Angry,276,Angry,Surprise,Angry,False,True,True,0.01010345,0.00032625906,0.0019312126,0.0005105814,1.4840978e-07,8.2464e-05,0.9870459
1967,inesco,mdpa,mdpa_a381.wav,Angry,132,Angry,Happy,Happy,False,False,False,0.36280125,7.9507214e-07,0.00023873776,0.6366987,6.3265965e-05,4.6078108e-06,0.00019272474
1968,inesco,mdpa,mdpa_a382.wav,Angry,145,Angry,Surprise,Happy,False,False,True,0.00882031,8.9234774e-08,0.03789011,0.13740149,8.432125e-08,1.0820863e-08,0.81588787
1969,inesco,mdpa,mdpa_a383.wav,Angry,103,Angry,Angry,Angry,True,True,False,0.999899,8.1071323e-07,3.428325e-06,5.8522553e-05,5.606788e-08,6.4427815e-07,3.7476264e-05
1970,inesco,mdpa,mdpa_a384.wav,Angry,106,Angry,Surprise,Happy,False,False,True,0.04346468,1.1336748e-05,0.001278105,0.3155478,3.1034945e-06,3.586455e-07,0.63969463
1971,inesco,mdpa,mdpa_a385.wav,Angry,103,Angry,Happy,Happy,False,False,False,0.22361133,3.698451e-06,0.04702574,0.43055737,8.6310265e-06,7.2279345e-06,0.29878595
1972,inesco,mdpa,mdpa_a386.wav,Angry,93,Angry,Angry,Angry,True,True,False,0.91344416,1.736585e-05,0.0002133,0.07491098,5.42301e-06,3.0090532e-06,0.0114059
1973,inesco,mdpa,mdpa_a387.wav,Angry,362,Angry,Surprise,Happy,False,False,True,1.3046968e-06,6.988472e-08,0.0060064555,0.012908601,1.6167455e-09,4.633543e-08,0.9810836
1974,inesco,mdpa,mdpa_a388.wav,Angry,55,Angry,Angry,Angry,True,True,False,0.993411,8.701778e-06,0.00064388436,0.0025565512,2.1222363e-07,4.5139643e-07,0.0033793028
1975,inesco,mdpa,mdpa_a389.wav,Angry,65,Angry,Angry,Angry,True,True,False,0.9964709,2.886461e-05,0.00035421067,0.0013006385,1.466014e-06,7.388219e-07,0.0018431328
1976,inesco,mdpa,mdpa_a390.wav,Angry,49,Angry,Angry,Angry,True,True,False,0.9891642,3.939919e-06,0.0002237281,0.0065432806,2.8105015e-08,1.0950404e-08,0.004064771
1977,inesco,mdpa,mdpa_a391.wav,Angry,39,Angry,Angry,Angry,True,True,False,0.9813851,1.4800767e-05,0.014291616,0.0011979423,1.7520865e-07,2.8739085e-05,0.0030816253
1978,inesco,mdpa,mdpa_a392.wav,Angry,39,Angry,Angry,Angry,True,True,False,0.99533576,3.2268347e-06,0.0022300584,0.0021003683,5.0437836e-07,4.4421836e-07,0.0003297424
1979,inesco,mdpa,mdpa_a393.wav,Angry,103,Angry,Angry,Angry,True,True,False,0.5013304,3.7071386e-06,0.0029680412,0.4942164,3.050407e-06,2.2209035e-06,0.0014762013
1980,inesco,mdpa,mdpa_a394.wav,Angry,151,Angry,Happy,Happy,False,False,False,0.39928886,3.245617e-07,0.0021348696,0.5916041,3.5697246e-06,2.6404754e-07,0.0069680153
1981,inesco,mdpa,mdpa_a395.wav,Angry,97,Angry,Angry,Angry,True,True,False,0.9135236,3.9886057e-05,0.00012820851,0.07862942,4.5108544e-07,1.1183718e-06,0.0076773185
1982,inesco,mdpa,mdpa_a396.wav,Angry,173,Angry,Happy,Happy,False,False,False,0.005558164,1.6060147e-08,0.0025630647,0.9905815,1.6700756e-06,2.5198974e-06,0.001292996
1983,inesco,mdpa,mdpa_a397.wav,Angry,52,Angry,Angry,Angry,True,True,False,0.9613139,2.804651e-05,0.0005422852,0.020040212,1.404596e-07,2.7162335e-07,0.018075041
1984,inesco,mdpa,mdpa_a398.wav,Angry,52,Angry,Angry,Angry,True,True,False,0.99492997,9.779541e-06,0.00043141848,0.0027474863,2.0735635e-07,4.227867e-07,0.0018807901
1985,inesco,mdpa,mdpa_a399.wav,Angry,401,Angry,Happy,Happy,False,False,False,0.0009499484,2.064849e-08,0.0045599043,0.9944571,2.266767e-09,4.8463817e-06,2.8280787e-05
1986,inesco,mdpa,mdpa_a400.wav,Angry,205,Angry,Angry,Angry,True,True,False,0.7035955,0.0010380885,0.02561091,0.26366913,3.2032814e-05,0.0011895275,0.004864771
1987,inesco,mdpa,mdpa_a401.wav,Angry,157,Angry,Angry,Angry,True,True,False,0.98485434,4.5807655e-09,0.008377778,0.006178258,5.7705303e-09,2.7097323e-08,0.00058959477
1988,inesco,mdpa,mdpa_h001.wav,Happy,196,Happy,Angry,Angry,False,False,False,0.50801075,0.001671319,0.010294897,0.36563846,0.00045584535,6.025726e-05,0.11386847
1989,inesco,mdpa,mdpa_h002.wav,Happy,167,Happy,Happy,Happy,True,True,False,0.0007893536,1.4416115e-06,0.00029409406,0.7654451,5.9203543e-08,5.964527e-07,0.2334694
1990,inesco,mdpa,mdpa_h003.wav,Happy,289,Happy,Angry,Angry,False,False,False,0.90916747,0.00016843916,0.0005773877,0.019201895,4.6309306e-06,0.00081862917,0.07006158
1991,inesco,mdpa,mdpa_h004.wav,Happy,129,Happy,Happy,Happy,True,True,False,0.11383333,1.7940541e-06,0.005800083,0.8149051,0.0009996917,9.430678e-05,0.06436567
1992,inesco,mdpa,mdpa_h005.wav,Happy,167,Happy,Surprise,Angry,False,False,True,0.09132038,0.0056327344,0.15095557,0.028701523,2.4365963e-06,0.013043089,0.7103443
1993,inesco,mdpa,mdpa_h006.wav,Happy,183,Happy,Happy,Happy,True,True,False,4.506403e-05,0.0050148447,0.0007069836,0.97211874,0.00017254804,0.01906813,0.002873598
1994,inesco,mdpa,mdpa_h007.wav,Happy,164,Happy,Fear,Happy,False,True,True,0.08086218,0.002414483,0.644416,0.20124263,0.0005294857,0.00032019772,0.070215
1995,inesco,mdpa,mdpa_h008.wav,Happy,279,Happy,Neutral,Happy,False,True,True,0.15727447,0.05258863,0.00037718378,0.21713637,0.5178459,0.029832048,0.024945347
1996,inesco,mdpa,mdpa_h009.wav,Happy,157,Happy,Fear,Angry,False,False,True,0.00087102735,4.715899e-06,0.9779025,9.5900265e-05,4.2159552e-08,1.9641654e-07,0.021125663
1997,inesco,mdpa,mdpa_h010.wav,Happy,205,Happy,Angry,Angry,False,False,False,0.5310046,0.0005074483,0.0001601308,0.46188784,0.0054738573,0.00058482273,0.00038134263
1998,inesco,mdpa,mdpa_h011.wav,Happy,180,Happy,Angry,Angry,False,False,False,0.6148719,0.034954585,0.2894952,0.0050602807,0.0030823622,0.00070499076,0.05183062
1999,inesco,mdpa,mdpa_h012.wav,Happy,247,Happy,Angry,Angry,False,False,False,0.8938839,0.00014371001,1.1599828e-06,0.10388637,1.9935202e-05,3.891955e-06,0.0020610162
2000,inesco,mdpa,mdpa_h013.wav,Happy,298,Happy,Angry,Angry,False,False,False,0.58631516,0.0011448296,0.00059204263,0.2326931,0.000911912,0.00019886566,0.1781441
2001,inesco,mdpa,mdpa_h014.wav,Happy,301,Happy,Surprise,Angry,False,False,True,0.07775272,0.0005843919,7.315177e-05,0.07687892,1.453742e-05,1.181241e-06,0.8446951
2002,inesco,mdpa,mdpa_h015.wav,Happy,145,Happy,Fear,Happy,False,True,True,0.002650666,1.9532245e-06,0.53858536,0.017230786,8.4449255e-07,3.6071633e-05,0.44149432
2003,inesco,mdpa,mdpa_h016.wav,Happy,260,Happy,Surprise,Angry,False,False,True,0.27629158,0.010663965,0.13410811,0.02191711,4.9984144e-05,0.008369751,0.54859954
2004,inesco,mdpa,mdpa_h017.wav,Happy,247,Happy,Surprise,Angry,False,False,True,0.2562965,0.08870221,0.07290744,0.08157643,1.4296895e-05,0.103023864,0.3974793
2005,inesco,mdpa,mdpa_h018.wav,Happy,324,Happy,Surprise,Happy,False,True,True,0.0027515804,0.00022092325,0.012663591,0.006187296,3.1258592e-06,0.00013882828,0.9780346
2006,inesco,mdpa,mdpa_h019.wav,Happy,282,Happy,Angry,Angry,False,False,False,0.5107132,0.48914042,1.0327477e-08,2.568179e-05,8.503111e-05,3.44981e-05,1.1192543e-06
2007,inesco,mdpa,mdpa_h020.wav,Happy,260,Happy,Surprise,Happy,False,True,True,0.030807277,0.0012600707,0.020102348,0.291142,1.2422743e-05,0.0007645033,0.6559115
2008,inesco,mdpa,mdpa_h021.wav,Happy,372,Happy,Surprise,Happy,False,True,True,0.3214251,0.00013545001,0.026306322,0.32228905,3.906626e-05,0.00043380584,0.3293712
2009,inesco,mdpa,mdpa_h022.wav,Happy,276,Happy,Angry,Angry,False,False,False,0.6127132,0.0014627991,0.0001290323,0.36363572,0.009042582,3.4455617e-05,0.0129821645
2010,inesco,mdpa,mdpa_h023.wav,Happy,279,Happy,Angry,Angry,False,False,False,0.9458501,0.0044805775,9.923678e-05,0.009124344,1.2910512e-05,0.039665133,0.00076763926
2011,inesco,mdpa,mdpa_h024.wav,Happy,218,Happy,Disgust,Angry,False,False,True,0.332526,0.54328233,0.004527231,0.105195455,1.2258657e-05,0.008036929,0.0064198347
2012,inesco,mdpa,mdpa_h025.wav,Happy,266,Happy,Angry,Angry,False,False,False,0.66032547,0.3331687,8.741026e-05,7.6056065e-05,3.7600405e-08,0.0035484917,0.0027938175
2013,inesco,mdpa,mdpa_h026.wav,Happy,282,Happy,Angry,Angry,False,False,False,0.9670017,0.0011881149,8.6202665e-05,0.013649634,0.00012607388,4.975059e-05,0.017898517
2014,inesco,mdpa,mdpa_h027.wav,Happy,228,Happy,Angry,Angry,False,False,False,0.93365455,0.062926255,2.280205e-05,0.0012331553,1.4720804e-07,0.0013402218,0.00082281453
2015,inesco,mdpa,mdpa_h028.wav,Happy,196,Happy,Happy,Happy,True,True,False,0.21278948,0.05231651,0.0041792877,0.7276421,0.0010119057,0.0004134714,0.0016473051
2016,inesco,mdpa,mdpa_h029.wav,Happy,343,Happy,Angry,Angry,False,False,False,0.75210935,0.0029331117,9.601999e-05,0.19508831,0.0004144722,8.382239e-06,0.049350344
2017,inesco,mdpa,mdpa_h030.wav,Happy,253,Happy,Happy,Happy,True,True,False,0.0011650786,6.8027555e-05,0.009522562,0.7863374,1.6947249e-10,1.405054e-06,0.20290548
2018,inesco,mdpa,mdpa_h031.wav,Happy,401,Happy,Neutral,Happy,False,True,True,0.02496107,0.0024598034,0.0017396542,0.2548755,0.65804315,0.035213422,0.022707457
2019,inesco,mdpa,mdpa_h032.wav,Happy,324,Happy,Angry,Angry,False,False,False,0.9399587,0.0009029017,7.7270965e-07,0.057519663,0.00023012578,7.581133e-05,0.0013120121
2020,inesco,mdpa,mdpa_h033.wav,Happy,298,Happy,Surprise,Angry,False,False,True,0.06763912,0.12961021,0.001547635,0.008824619,1.4105969e-07,0.0077569787,0.7846212
2021,inesco,mdpa,mdpa_h034.wav,Happy,295,Happy,Angry,Angry,False,False,False,0.9270706,0.046694893,0.00044707436,0.007576711,0.00049843814,0.002447135,0.015265181
2022,inesco,mdpa,mdpa_h035.wav,Happy,330,Happy,Surprise,Happy,False,True,True,0.014461972,0.19243534,6.2952866e-05,0.02284112,8.9447605e-09,0.0007748998,0.7694237
2023,inesco,mdpa,mdpa_h036.wav,Happy,401,Happy,Happy,Happy,True,True,False,3.3839005e-05,3.8968818e-05,0.0068116193,0.91927844,1.9602508e-05,1.3799376e-05,0.07380385
2024,inesco,mdpa,mdpa_h037.wav,Happy,391,Happy,Surprise,Angry,False,False,True,0.17249477,8.87047e-06,0.0044888863,0.067741394,7.744632e-06,0.0021586628,0.7530997
2025,inesco,mdpa,mdpa_h038.wav,Happy,401,Happy,Disgust,Angry,False,False,True,0.34866226,0.36960205,0.04736836,0.060569126,2.5539739e-05,0.00011411218,0.1736585
2026,inesco,mdpa,mdpa_h039.wav,Happy,349,Happy,Surprise,Angry,False,False,True,0.46063817,7.637313e-05,0.00014708325,0.0012505904,4.8711627e-06,0.00018983049,0.5376931
2027,inesco,mdpa,mdpa_h040.wav,Happy,401,Happy,Fear,Sad,False,False,True,0.0051321727,2.0556616e-05,0.57034993,0.0014139488,1.4328089e-05,0.006591911,0.4164772
2028,inesco,mdpa,mdpa_h041.wav,Happy,135,Happy,Surprise,Happy,False,True,True,8.042901e-06,9.777162e-09,0.25736043,0.05442289,6.827187e-09,2.9105585e-09,0.68820864
2029,inesco,mdpa,mdpa_h042.wav,Happy,260,Happy,Happy,Happy,True,True,False,0.0540759,0.00035267152,0.019083101,0.9127531,0.00013447598,0.00022123335,0.013379585
2030,inesco,mdpa,mdpa_h043.wav,Happy,401,Happy,Happy,Happy,True,True,False,0.28079855,0.009361811,0.07113272,0.52477634,0.032745875,0.008852798,0.072331935
2031,inesco,mdpa,mdpa_h044.wav,Happy,321,Happy,Angry,Angry,False,False,False,0.46504515,0.0015532112,0.0004409003,0.08972777,0.00015747912,9.281669e-05,0.44298267
2032,inesco,mdpa,mdpa_h045.wav,Happy,346,Happy,Surprise,Happy,False,True,True,0.0043651788,0.00016312524,0.010227411,0.03808947,0.0001363156,0.0006954758,0.9463231
2033,inesco,mdpa,mdpa_h046.wav,Happy,250,Happy,Angry,Angry,False,False,False,0.6099277,0.12464217,0.002553956,0.24423482,4.49723e-05,0.017427037,0.0011693764
2034,inesco,mdpa,mdpa_h047.wav,Happy,183,Happy,Surprise,Happy,False,True,True,1.1371782e-05,1.4122297e-08,0.02483415,0.11798235,8.41841e-09,6.092605e-09,0.85717213
2035,inesco,mdpa,mdpa_h048.wav,Happy,209,Happy,Angry,Angry,False,False,False,0.6542967,0.0066041644,0.11111783,0.2075484,0.009011572,0.0050422964,0.00637891
2036,inesco,mdpa,mdpa_h049.wav,Happy,215,Happy,Angry,Angry,False,False,False,0.74713993,0.013288246,0.00033535121,0.2176068,0.0052781305,0.01605293,0.00029862174
2037,inesco,mdpa,mdpa_h050.wav,Happy,164,Happy,Fear,Happy,False,True,True,1.7930988e-05,6.6238607e-07,0.9755221,0.0011711876,4.73362e-09,1.6015738e-06,0.023286566
2038,inesco,mdpa,mdpa_h051.wav,Happy,401,Happy,Angry,Angry,False,False,False,0.7277898,0.0058704433,5.1793108e-05,0.18221655,0.0624671,0.0021651636,0.01943905
2039,inesco,mdpa,mdpa_h052.wav,Happy,401,Happy,Happy,Happy,True,True,False,0.01746912,9.595777e-07,0.0013319616,0.8694838,2.6376663e-05,1.6289725e-05,0.11167141
2040,inesco,mdpa,mdpa_h053.wav,Happy,401,Happy,Angry,Angry,False,False,False,0.83266497,0.00027238936,3.171e-05,0.0733453,0.00015350584,1.1129579e-05,0.093521096
2041,inesco,mdpa,mdpa_h054.wav,Happy,289,Happy,Angry,Angry,False,False,False,0.48630312,0.1724649,1.5014392e-05,0.10532839,1.0041922e-05,3.838318e-05,0.23584013
2042,inesco,mdpa,mdpa_h055.wav,Happy,401,Happy,Happy,Happy,True,True,False,0.0069957036,0.0014634999,1.2948514e-06,0.98786247,0.00056288496,0.0030661474,4.79277e-05
2043,inesco,mdpa,mdpa_h056.wav,Happy,346,Happy,Surprise,Angry,False,False,True,0.09205802,0.102528356,0.0006485048,0.008215957,0.005638089,0.00091411243,0.789997
2044,inesco,mdpa,mdpa_h057.wav,Happy,212,Happy,Happy,Happy,True,True,False,0.059489165,0.000118428776,0.0025242958,0.93409747,0.0016212176,7.017655e-05,0.0020792035
2045,inesco,mdpa,mdpa_h058.wav,Happy,340,Happy,Surprise,Angry,False,False,True,0.19304426,0.0019657137,0.1151109,0.032310467,0.001144421,0.003314952,0.65310925
2046,inesco,mdpa,mdpa_h059.wav,Happy,282,Happy,Happy,Happy,True,True,False,0.31320128,0.020099187,0.0023020005,0.5500733,0.00030127505,0.001684545,0.11233845
2047,inesco,mdpa,mdpa_h060.wav,Happy,346,Happy,Happy,Happy,True,True,False,0.013901798,0.0007799689,3.165184e-05,0.98297256,3.7507905e-06,0.0013870187,0.0009233053
2048,inesco,mdpa,mdpa_h061.wav,Happy,125,Happy,Surprise,Happy,False,True,True,2.6236577e-05,4.6388082e-05,0.043865208,0.14483765,1.7511296e-05,3.660749e-05,0.81117034
2049,inesco,mdpa,mdpa_h062.wav,Happy,282,Happy,Happy,Happy,True,True,False,0.13823979,0.0013919062,0.0017045268,0.63325906,2.0930438e-05,1.9377308e-05,0.22536442
2050,inesco,mdpa,mdpa_h063.wav,Happy,260,Happy,Angry,Angry,False,False,False,0.736735,0.00031942327,0.00023542129,0.26140618,3.9003985e-06,9.618544e-05,0.001203964
2051,inesco,mdpa,mdpa_h064.wav,Happy,225,Happy,Happy,Happy,True,True,False,0.20084514,0.00052008755,0.007719995,0.75545,0.022383804,0.00020205899,0.012878891
2052,inesco,mdpa,mdpa_h065.wav,Happy,308,Happy,Happy,Happy,True,True,False,0.067261204,9.6478514e-05,0.0021809929,0.9144697,0.00088055426,6.652089e-07,0.0151104145
2053,inesco,mdpa,mdpa_h066.wav,Happy,305,Happy,Angry,Angry,False,False,False,0.40685335,0.101373844,0.0047765076,0.1332681,0.0004525894,0.22543114,0.12784453
2054,inesco,mdpa,mdpa_h067.wav,Happy,401,Happy,Angry,Angry,False,False,False,0.54864633,0.3247666,0.00018636421,0.025660444,0.0018484067,0.08042184,0.01846999
2055,inesco,mdpa,mdpa_h068.wav,Happy,346,Happy,Happy,Happy,True,True,False,0.0015350175,4.713204e-05,0.0005463474,0.910152,8.7740055e-09,1.5248361e-05,0.08770425
2056,inesco,mdpa,mdpa_h069.wav,Happy,324,Happy,Happy,Happy,True,True,False,0.045481745,0.00601344,3.7200854e-05,0.8994717,0.0002649565,0.047137894,0.0015930338
2057,inesco,mdpa,mdpa_h070.wav,Happy,359,Happy,Surprise,Happy,False,True,True,0.22825328,0.0006265593,0.025601204,0.29141638,1.4925581e-05,0.005094011,0.44899368
2058,inesco,mdpa,mdpa_h071.wav,Happy,276,Happy,Angry,Angry,False,False,False,0.52710825,0.0011756675,7.261374e-05,0.08119249,0.0009205673,7.668734e-05,0.38945377
2059,inesco,mdpa,mdpa_h072.wav,Happy,244,Happy,Angry,Angry,False,False,False,0.6883661,0.017380653,0.0004044907,0.22558536,0.014121351,0.0065849493,0.047557067
2060,inesco,mdpa,mdpa_h073.wav,Happy,141,Happy,Fear,Happy,False,True,True,0.00019234385,1.944796e-06,0.9929912,0.0020803995,0.004011573,5.535528e-06,0.0007170417
2061,inesco,mdpa,mdpa_h074.wav,Happy,244,Happy,Happy,Happy,True,True,False,0.1797208,5.897634e-05,0.013216741,0.61552924,0.016450547,0.0077875257,0.16723612
2062,inesco,mdpa,mdpa_h075.wav,Happy,205,Happy,Happy,Happy,True,True,False,0.03200144,0.0014934066,0.00074856746,0.52615666,0.4270562,0.00802303,0.004520691
2063,inesco,mdpa,mdpa_h076.wav,Happy,225,Happy,Angry,Angry,False,False,False,0.6541351,0.030958822,0.017551867,0.29019856,0.00079373637,0.00017118728,0.006190704
2064,inesco,mdpa,mdpa_h077.wav,Happy,205,Happy,Surprise,Happy,False,True,True,0.0384137,0.0024255328,0.19463003,0.30939472,0.060107622,0.026797604,0.36823085
2065,inesco,mdpa,mdpa_h078.wav,Happy,199,Happy,Happy,Happy,True,True,False,0.0016132167,5.3092413e-06,0.04707034,0.9105966,2.521488e-05,3.0745705e-06,0.040686265
2066,inesco,mdpa,mdpa_h079.wav,Happy,401,Happy,Disgust,Sad,False,False,True,0.017038899,0.5453009,1.0321277e-05,0.00038187855,0.042735767,0.39074925,0.0037830668
2067,inesco,mdpa,mdpa_h080.wav,Happy,375,Happy,Angry,Angry,False,False,False,0.8156391,0.0001476475,0.0008703775,0.05142111,5.5281635e-06,0.0014699007,0.13044631
2068,inesco,mdpa,mdpa_h081.wav,Happy,308,Happy,Happy,Happy,True,True,False,0.22711378,0.0006484192,0.0012584159,0.6735038,0.0007055523,0.000103052014,0.096666954
2069,inesco,mdpa,mdpa_h082.wav,Happy,327,Happy,Angry,Angry,False,False,False,0.5992315,0.00010334297,1.08897975e-05,0.37722602,1.0594063e-05,8.943597e-07,0.023416702
2070,inesco,mdpa,mdpa_h083.wav,Happy,401,Happy,Surprise,Angry,False,False,True,0.30649993,0.0009579903,0.012667181,0.30460447,0.015900725,0.00026605488,0.3591036
2071,inesco,mdpa,mdpa_h084.wav,Happy,234,Happy,Happy,Happy,True,True,False,0.0290102,0.0029053234,4.077355e-05,0.96304,0.00041155293,3.2418473e-05,0.0045596985
2072,inesco,mdpa,mdpa_h085.wav,Happy,337,Happy,Angry,Angry,False,False,False,0.5575917,0.0038223616,0.0038279942,0.2657336,0.0004123295,0.0009251571,0.16768686
2073,inesco,mdpa,mdpa_h086.wav,Happy,247,Happy,Angry,Angry,False,False,False,0.4345675,0.019393671,0.014490437,0.10099974,0.0006074065,0.00076732057,0.42917386
2074,inesco,mdpa,mdpa_h087.wav,Happy,244,Happy,Surprise,Happy,False,True,True,0.021352625,0.0041124457,0.012228347,0.31543407,0.13708772,0.0006756111,0.50910914
2075,inesco,mdpa,mdpa_h088.wav,Happy,285,Happy,Angry,Angry,False,False,False,0.8190341,0.15625668,1.5391196e-06,0.021461215,9.1331516e-05,0.00017113265,0.0029840386
2076,inesco,mdpa,mdpa_h089.wav,Happy,401,Happy,Angry,Angry,False,False,False,0.5303074,9.01951e-06,1.1319362e-08,0.46965405,1.5845721e-06,4.1508133e-06,2.3755838e-05
2077,inesco,mdpa,mdpa_h090.wav,Happy,212,Happy,Happy,Happy,True,True,False,0.00478804,0.000114012386,0.000467023,0.49895617,0.48046264,0.009828481,0.005383559
2078,inesco,mdpa,mdpa_h091.wav,Happy,343,Happy,Disgust,Angry,False,False,True,0.12192616,0.47864762,0.012375125,0.082114816,0.00010166208,0.10479076,0.20004393
2079,inesco,mdpa,mdpa_h092.wav,Happy,186,Happy,Neutral,Happy,False,True,True,0.010499629,7.100857e-07,2.559465e-05,0.35869348,0.6304423,5.1234067e-05,0.00028698446
2080,inesco,mdpa,mdpa_h093.wav,Happy,292,Happy,Angry,Angry,False,False,False,0.9037722,0.00037326402,1.6107e-05,0.09161921,0.003727308,3.2349333e-06,0.00048873347
2081,inesco,mdpa,mdpa_h094.wav,Happy,397,Happy,Angry,Angry,False,False,False,0.60655934,0.0031174663,0.008998885,0.16579533,0.09278997,0.048391286,0.07434772
2082,inesco,mdpa,mdpa_h095.wav,Happy,253,Happy,Angry,Angry,False,False,False,0.99853957,2.0606458e-05,2.3693809e-07,0.0013261075,1.6816823e-06,6.84487e-08,0.00011186578
2083,inesco,mdpa,mdpa_h096.wav,Happy,266,Happy,Angry,Angry,False,False,False,0.6159878,0.00029933164,7.3884195e-07,0.37562492,1.0675533e-05,1.6295585e-06,0.00807489
2084,inesco,mdpa,mdpa_h097.wav,Happy,237,Happy,Disgust,Happy,False,True,True,0.06591288,0.573918,0.011515715,0.2560231,0.017133906,0.0005223353,0.074974075
2085,inesco,mdpa,mdpa_h098.wav,Happy,401,Happy,Sad,Sad,False,False,False,0.27889022,0.006875545,0.0022337087,0.003973627,0.00038372193,0.60330963,0.1043336
2086,inesco,mdpa,mdpa_h099.wav,Happy,122,Happy,Happy,Happy,True,True,False,0.020657862,4.2841343e-06,0.0003945552,0.9599806,0.00038076856,3.0180573e-07,0.01858168
2087,inesco,mdpa,mdpa_h100.wav,Happy,189,Happy,Happy,Happy,True,True,False,0.40912482,0.0008865351,0.0011791278,0.58863705,2.7249007e-05,2.785041e-05,0.00011731915
2088,inesco,mdpa,mdpa_h101.wav,Happy,212,Happy,Happy,Happy,True,True,False,0.4005708,0.00050954876,2.9171883e-06,0.5988643,1.8684423e-05,7.8908397e-07,3.292213e-05
2089,inesco,mdpa,mdpa_h102.wav,Happy,199,Happy,Happy,Happy,True,True,False,0.046372242,0.002178216,0.008629299,0.6622863,0.22938238,0.04987604,0.0012755052
2090,inesco,mdpa,mdpa_h103.wav,Happy,324,Happy,Happy,Happy,True,True,False,0.2035299,0.0032817007,2.3518434e-05,0.7661245,0.0005246686,2.134068e-06,0.026513582
2091,inesco,mdpa,mdpa_h104.wav,Happy,401,Happy,Happy,Happy,True,True,False,0.040579997,2.0275422e-05,5.4950925e-07,0.95655155,0.00027436976,1.7801054e-05,0.002555335
2092,inesco,mdpa,mdpa_h105.wav,Happy,221,Happy,Happy,Happy,True,True,False,0.02258243,0.0019704862,0.0013437291,0.79756117,0.15562586,0.015645646,0.0052707577
2093,inesco,mdpa,mdpa_h106.wav,Happy,263,Happy,Happy,Happy,True,True,False,0.053588703,8.900724e-05,0.0015964147,0.94334155,4.4606808e-05,0.0012164983,0.00012325312
2094,inesco,mdpa,mdpa_h107.wav,Happy,353,Happy,Surprise,Angry,False,False,True,0.13013342,0.0010862931,0.00049973367,0.0024836326,4.8734564e-06,0.00012860073,0.86566347
2095,inesco,mdpa,mdpa_h108.wav,Happy,401,Happy,Happy,Happy,True,True,False,0.029114762,0.004537725,0.065078065,0.8265633,0.045431085,0.010822941,0.01845213
2096,inesco,mdpa,mdpa_h109.wav,Happy,247,Happy,Angry,Angry,False,False,False,0.89647824,0.02502653,0.004293841,0.03618423,7.28751e-05,0.003499628,0.03444454
2097,inesco,mdpa,mdpa_h110.wav,Happy,308,Happy,Surprise,Happy,False,True,True,0.004041541,0.00047547088,0.0026195755,0.27701408,2.5070864e-05,0.0003415096,0.71548283
2098,inesco,mdpa,mdpa_h111.wav,Happy,365,Happy,Surprise,Angry,False,False,True,0.03530147,8.422513e-06,6.9308794e-06,0.01596516,2.2921188e-06,3.6644724e-06,0.948712
2099,inesco,mdpa,mdpa_h112.wav,Happy,401,Happy,Happy,Happy,True,True,False,0.2350981,0.0019360777,1.9896166e-05,0.7441277,0.00091432687,0.0009393751,0.016964607
2100,inesco,mdpa,mdpa_h113.wav,Happy,401,Happy,Happy,Happy,True,True,False,0.00017421384,1.8030638e-08,1.6300057e-05,0.998933,2.298694e-07,1.7026144e-06,0.0008745035
2101,inesco,mdpa,mdpa_h114.wav,Happy,231,Happy,Angry,Angry,False,False,False,0.75177926,0.020821717,0.0038724008,0.17259158,0.00012897493,5.8671003e-06,0.050800133
2102,inesco,mdpa,mdpa_h115.wav,Happy,369,Happy,Disgust,Angry,False,False,True,0.4371469,0.5444497,0.00044651426,0.007600169,0.00021265274,0.003313848,0.0068302904
2103,inesco,mdpa,mdpa_h116.wav,Happy,138,Happy,Fear,Happy,False,True,True,0.01653143,3.637371e-05,0.9136069,0.0513124,0.00010250174,0.00012746041,0.018282993
2104,inesco,mdpa,mdpa_h117.wav,Happy,173,Happy,Happy,Happy,True,True,False,0.00164675,0.00090956833,0.055632226,0.76328903,0.0022743894,1.1026378e-05,0.176237
2105,inesco,mdpa,mdpa_h118.wav,Happy,247,Happy,Happy,Happy,True,True,False,0.052546434,0.013196462,0.001072059,0.559784,0.033299502,0.0033111759,0.33679038
2106,inesco,mdpa,mdpa_h119.wav,Happy,260,Happy,Surprise,Angry,False,False,True,0.0077353753,5.924004e-05,0.021852488,0.0013395543,8.2365165e-07,0.00020296827,0.96880955
2107,inesco,mdpa,mdpa_h120.wav,Happy,346,Happy,Angry,Angry,False,False,False,0.81452143,0.003024766,1.9896647e-06,0.16045775,5.0177446e-06,1.337568e-08,0.0219889
2108,inesco,mdpa,mdpa_h121.wav,Happy,212,Happy,Angry,Angry,False,False,False,0.99769455,0.0016448166,4.768164e-05,0.00022008651,1.51116665e-05,1.1028709e-05,0.00036665468
2109,inesco,mdpa,mdpa_h122.wav,Happy,209,Happy,Happy,Happy,True,True,False,0.06475211,0.039791387,0.058319226,0.7373603,0.055620227,0.0028458068,0.041310992
2110,inesco,mdpa,mdpa_h123.wav,Happy,330,Happy,Angry,Angry,False,False,False,0.9342044,0.00086974335,0.00012557457,0.0026794006,0.009212158,0.02584346,0.027065221
2111,inesco,mdpa,mdpa_h124.wav,Happy,308,Happy,Surprise,Happy,False,True,True,0.07034173,0.0009298579,0.0034440823,0.19108124,0.00025892275,7.912226e-05,0.733865
2112,inesco,mdpa,mdpa_h125.wav,Happy,138,Happy,Fear,Angry,False,False,True,0.045681626,9.723425e-06,0.49866688,0.031061912,4.729069e-05,2.7727657e-07,0.4245323
2113,inesco,mdpa,mdpa_h126.wav,Happy,343,Happy,Happy,Happy,True,True,False,0.0066704154,3.9640672e-05,0.0007779074,0.9646387,1.2901232e-05,2.7516566e-05,0.027832985
2114,inesco,mdpa,mdpa_h127.wav,Happy,253,Happy,Disgust,Happy,False,True,True,0.0123588145,0.59573877,0.00059180014,0.22913583,0.0003968383,0.00050073955,0.16127715
2115,inesco,mdpa,mdpa_h128.wav,Happy,276,Happy,Happy,Happy,True,True,False,0.020156456,5.238007e-05,6.211875e-05,0.9762657,2.7829909e-05,5.528384e-06,0.0034299756
2116,inesco,mdpa,mdpa_h129.wav,Happy,189,Happy,Angry,Angry,False,False,False,0.53895146,0.0010780519,0.06536269,0.373608,0.01762111,1.0517821e-05,0.0033681912
2117,inesco,mdpa,mdpa_h130.wav,Happy,170,Happy,Happy,Happy,True,True,False,0.38077617,0.0082497485,0.13083386,0.4540429,0.013428402,0.00047260313,0.0121962875
2118,inesco,mdpa,mdpa_h131.wav,Happy,164,Happy,Fear,Happy,False,True,True,0.08958095,0.0009412987,0.5656172,0.16083086,0.00040906583,0.006274637,0.176346
2119,inesco,mdpa,mdpa_h132.wav,Happy,269,Happy,Angry,Angry,False,False,False,0.88941836,5.010871e-05,0.0010101635,0.060089976,4.7414112e-05,2.4804178e-06,0.04938144
2120,inesco,mdpa,mdpa_h133.wav,Happy,221,Happy,Surprise,Happy,False,True,True,0.11636871,0.036976654,0.0044263196,0.26444635,0.019491926,0.0076333955,0.5506567
2121,inesco,mdpa,mdpa_h134.wav,Happy,401,Happy,Happy,Happy,True,True,False,0.048444502,0.0055748345,0.0001880305,0.93608326,0.0006243641,0.0010064226,0.008078678
2122,inesco,mdpa,mdpa_h135.wav,Happy,301,Happy,Surprise,Angry,False,False,True,0.024106853,0.0010193995,0.005929742,0.005859054,2.8223758e-06,0.0003154548,0.96276665
2123,inesco,mdpa,mdpa_h136.wav,Happy,253,Happy,Happy,Happy,True,True,False,0.022647304,0.10938138,0.0005753427,0.81404924,1.3843817e-05,4.6590954e-05,0.053286307
2124,inesco,mdpa,mdpa_h137.wav,Happy,97,Happy,Fear,Happy,False,True,True,0.0024387024,5.70368e-07,0.7198545,0.02184697,1.7988729e-08,9.773581e-07,0.2558583
2125,inesco,mdpa,mdpa_h138.wav,Happy,193,Happy,Angry,Angry,False,False,False,0.5735348,0.006097204,2.8424631e-06,0.42004663,0.0001890528,0.00010070687,2.875362e-05
2126,inesco,mdpa,mdpa_h139.wav,Happy,180,Happy,Happy,Happy,True,True,False,0.019989401,0.0028019792,0.00075676676,0.9760391,5.2064665e-06,2.9445013e-05,0.0003781186
2127,inesco,mdpa,mdpa_h140.wav,Happy,167,Happy,Happy,Happy,True,True,False,0.0031211313,0.00017991726,0.02236997,0.9375193,0.02701186,0.0023982143,0.0073995027
2128,inesco,mdpa,mdpa_h141.wav,Happy,215,Happy,Happy,Happy,True,True,False,1.9344059e-06,4.1567455e-07,0.09186094,0.90762854,1.5949203e-07,1.7886883e-06,0.00050613866
2129,inesco,mdpa,mdpa_h142.wav,Happy,189,Happy,Happy,Happy,True,True,False,0.037248347,0.06139465,0.017755887,0.41353065,0.40972593,0.039764777,0.020579772
2130,inesco,mdpa,mdpa_h143.wav,Happy,276,Happy,Angry,Angry,False,False,False,0.6916291,0.20599611,0.00021576554,0.07324333,0.0019536172,0.00083529565,0.026126798
2131,inesco,mdpa,mdpa_h144.wav,Happy,205,Happy,Angry,Angry,False,False,False,0.51102763,0.025171269,2.6005922e-05,0.46110415,7.878065e-05,3.9086488e-05,0.0025529861
2132,inesco,mdpa,mdpa_h145.wav,Happy,170,Happy,Angry,Angry,False,False,False,0.4376549,0.0014786667,0.069427565,0.2918823,0.0016858075,5.423458e-06,0.19786535
2133,inesco,mdpa,mdpa_h146.wav,Happy,84,Happy,Angry,Angry,False,False,False,0.99814355,2.838539e-06,6.6869245e-05,0.0012894137,2.9401347e-06,7.180333e-07,0.00049371924
2134,inesco,mdpa,mdpa_h147.wav,Happy,164,Happy,Surprise,Angry,False,False,True,0.23498587,0.0014446189,0.07282816,0.048849788,6.298337e-06,0.000110642985,0.64177465
2135,inesco,mdpa,mdpa_h148.wav,Happy,148,Happy,Angry,Angry,False,False,False,0.9698486,6.675933e-05,0.0002956434,0.015791092,0.0011076159,7.921253e-05,0.012811123
2136,inesco,mdpa,mdpa_h149.wav,Happy,301,Happy,Angry,Angry,False,False,False,0.98548687,4.5635876e-05,5.399978e-06,0.007801033,1.9659865e-06,5.667378e-07,0.0066584973
2137,inesco,mdpa,mdpa_h150.wav,Happy,253,Happy,Happy,Happy,True,True,False,0.00042163255,8.7378045e-05,0.00045526028,0.7332353,6.329867e-06,2.9326136e-06,0.26579118
2138,inesco,mdpa,mdpa_h151.wav,Happy,250,Happy,Angry,Angry,False,False,False,0.99212813,0.0008799748,0.00016586378,0.00085739646,1.3243438e-06,7.025426e-05,0.005897041
2139,inesco,mdpa,mdpa_h152.wav,Happy,401,Happy,Surprise,Happy,False,True,True,0.0090625575,0.0011343154,0.020625105,0.1985543,0.00020234523,0.0022838304,0.7681375
2140,inesco,mdpa,mdpa_h153.wav,Happy,401,Happy,Surprise,Angry,False,False,True,0.017387029,6.583317e-05,0.0023908797,0.0002096092,1.860194e-05,0.0012423733,0.97868574
2141,inesco,mdpa,mdpa_h154.wav,Happy,317,Happy,Surprise,Happy,False,True,True,0.003501114,0.00027721777,0.00092767685,0.0037980122,3.5956895e-09,5.477763e-06,0.99149054
2142,inesco,mdpa,mdpa_h155.wav,Happy,221,Happy,Angry,Angry,False,False,False,0.6845225,0.0507752,0.0017896506,0.2479146,0.00088304566,0.014095396,1.9552996e-05
2143,inesco,mdpa,mdpa_h156.wav,Happy,314,Happy,Surprise,Angry,False,False,True,0.013561846,9.980517e-06,0.0022997677,0.0030227858,2.333146e-05,0.0010366809,0.98004556
2144,inesco,mdpa,mdpa_h157.wav,Happy,308,Happy,Angry,Angry,False,False,False,0.8457976,0.05735818,0.00014088044,0.04405803,0.018766385,0.0010333002,0.032845575
2145,inesco,mdpa,mdpa_h158.wav,Happy,257,Happy,Angry,Angry,False,False,False,0.34551454,0.019698756,0.07404673,0.33854336,0.00034089774,0.0066288654,0.21522684
2146,inesco,mdpa,mdpa_h159.wav,Happy,253,Happy,Happy,Happy,True,True,False,6.590752e-05,2.1989965e-06,5.4417207e-05,0.9965767,1.2723721e-08,2.3242261e-09,0.0033008158
2147,inesco,mdpa,mdpa_h160.wav,Happy,250,Happy,Angry,Angry,False,False,False,0.44942898,0.09199985,0.082047485,0.283856,0.00014758231,0.03031919,0.062200878
2148,inesco,mdpa,mdpa_h161.wav,Happy,186,Happy,Angry,Angry,False,False,False,0.6792013,0.0013335053,2.5676934e-05,0.31884545,0.0004358575,0.00012973745,2.8429231e-05
2149,inesco,mdpa,mdpa_h162.wav,Happy,260,Happy,Surprise,Happy,False,True,True,0.03364524,0.00015903682,0.38998988,0.049361672,6.699781e-06,0.00046354395,0.5263739
2150,inesco,mdpa,mdpa_h163.wav,Happy,301,Happy,Surprise,Angry,False,False,True,0.016050503,0.008273194,0.0026551613,0.015496853,3.6654276e-06,0.00013663735,0.957384
2151,inesco,mdpa,mdpa_h164.wav,Happy,167,Happy,Happy,Happy,True,True,False,3.0166828e-05,2.5174648e-07,0.27316874,0.7254488,0.00088400923,4.3522916e-05,0.00042451563
2152,inesco,mdpa,mdpa_h165.wav,Happy,193,Happy,Happy,Happy,True,True,False,0.000913402,0.03151294,0.030110797,0.9160239,0.0002964449,0.016586805,0.0045556934
2153,inesco,mdpa,mdpa_h166.wav,Happy,87,Happy,Surprise,Happy,False,True,True,0.033549443,5.208519e-06,0.045609597,0.03514692,5.4877946e-06,2.1610054e-05,0.88566166
2154,inesco,mdpa,mdpa_h167.wav,Happy,157,Happy,Happy,Happy,True,True,False,0.42258424,1.7340257e-05,0.007457817,0.5658481,0.0001307032,0.00010545303,0.0038563462
2155,inesco,mdpa,mdpa_h168.wav,Happy,193,Happy,Fear,Happy,False,True,True,0.003808894,0.049666528,0.76600015,0.011155811,0.0015207247,0.00010535054,0.16774257
2156,inesco,mdpa,mdpa_h169.wav,Happy,189,Happy,Fear,Happy,False,True,True,0.0057668686,0.00024384086,0.4613858,0.4261028,0.00034528278,0.047946706,0.05820873
2157,inesco,mdpa,mdpa_h170.wav,Happy,180,Happy,Neutral,Happy,False,True,True,0.17538959,5.5260018e-05,1.3596938e-06,0.35690686,0.46762225,7.616422e-06,1.7016584e-05
2158,inesco,mdpa,mdpa_h171.wav,Happy,173,Happy,Happy,Happy,True,True,False,0.4834316,8.357211e-06,0.0010562581,0.5141715,4.501681e-07,5.965266e-05,0.0012721817
2159,inesco,mdpa,mdpa_h172.wav,Happy,295,Happy,Surprise,Angry,False,False,True,0.26844895,0.027889548,0.07786658,0.054443657,0.00015479734,0.010439956,0.5607565
2160,inesco,mdpa,mdpa_h173.wav,Happy,212,Happy,Happy,Happy,True,True,False,0.022409119,0.00014075461,0.00064407545,0.90814865,0.06658051,0.00013309767,0.0019438174
2161,inesco,mdpa,mdpa_h174.wav,Happy,103,Happy,Angry,Angry,False,False,False,0.9456134,4.0246837e-06,0.0366122,0.016313182,2.8066655e-05,2.2431332e-06,0.0014269431
2162,inesco,mdpa,mdpa_h175.wav,Happy,218,Happy,Disgust,Angry,False,False,True,0.110167466,0.46702388,0.19165197,0.033554096,0.00038934412,0.00049099006,0.1967223
2163,inesco,mdpa,mdpa_h176.wav,Happy,196,Happy,Happy,Happy,True,True,False,0.015312768,1.4994353e-05,7.1166916e-08,0.98465306,7.960616e-06,1.0564756e-05,4.7484784e-07
2164,inesco,mdpa,mdpa_h177.wav,Happy,285,Happy,Surprise,Happy,False,True,True,0.0023068301,1.776729e-05,0.01212473,0.1741561,6.4826554e-07,2.8618306e-05,0.81136525
2165,inesco,mdpa,mdpa_h178.wav,Happy,401,Happy,Surprise,Happy,False,True,True,0.013185543,0.00096797856,0.047523722,0.013844434,5.498048e-06,0.013012044,0.91146076
2166,inesco,mdpa,mdpa_h179.wav,Happy,241,Happy,Happy,Happy,True,True,False,0.022612525,6.599224e-05,0.00064322195,0.96924174,0.00023564333,9.2277054e-07,0.0072000385
2167,inesco,mdpa,mdpa_h180.wav,Happy,221,Happy,Happy,Happy,True,True,False,0.009583458,0.00019184902,0.00021178595,0.98902446,1.1278861e-05,0.00094480306,3.23895e-05
2168,inesco,mdpa,mdpa_h181.wav,Happy,138,Happy,Angry,Angry,False,False,False,0.6262497,2.3311248e-05,0.0033464227,3.199815e-05,2.532761e-07,7.005597e-06,0.37034136
2169,inesco,mdpa,mdpa_h182.wav,Happy,205,Happy,Angry,Angry,False,False,False,0.96728,5.0906e-05,0.00092856697,0.010923646,1.3602192e-05,3.9174254e-05,0.020764202
2170,inesco,mdpa,mdpa_h183.wav,Happy,180,Happy,Happy,Happy,True,True,False,0.0025342663,0.025212258,0.027724244,0.8040797,0.008915208,0.0052343244,0.12629996
2171,inesco,mdpa,mdpa_h184.wav,Happy,141,Happy,Fear,Happy,False,True,True,0.002232766,0.00014370702,0.6094068,0.0030079472,4.2668228e-07,4.7396687e-05,0.38516092
2172,inesco,mdpa,mdpa_h185.wav,Happy,269,Happy,Happy,Happy,True,True,False,0.036889285,0.060341,0.00013490766,0.8581635,0.032628838,0.00519976,0.0066427155
2173,inesco,mdpa,mdpa_h186.wav,Happy,337,Happy,Happy,Happy,True,True,False,0.09947628,0.00018120739,0.0009543582,0.6522359,0.0010055851,0.00023257016,0.24591409
2174,inesco,mdpa,mdpa_h187.wav,Happy,401,Happy,Angry,Angry,False,False,False,0.49412215,0.48793086,2.0947222e-05,0.003648181,1.2007081e-06,0.0017696737,0.012507026
2175,inesco,mdpa,mdpa_h188.wav,Happy,285,Happy,Happy,Happy,True,True,False,0.15554872,0.00019726105,0.00049148005,0.79048175,2.125857e-05,3.3456257e-05,0.053226028
2176,inesco,mdpa,mdpa_h189.wav,Happy,311,Happy,Angry,Angry,False,False,False,0.9355027,0.009059225,1.07025535e-05,0.007799838,0.0014333494,1.5298621e-06,0.046192594
2177,inesco,mdpa,mdpa_h190.wav,Happy,269,Happy,Angry,Angry,False,False,False,0.9982305,0.0006090394,2.3016672e-05,0.00082568114,1.7077341e-06,4.4859495e-05,0.00026519867
2178,inesco,mdpa,mdpa_h191.wav,Happy,244,Happy,Happy,Happy,True,True,False,0.006625343,0.00036186565,0.17346072,0.5480516,3.930868e-06,0.00035963132,0.27113694
2179,inesco,mdpa,mdpa_h192.wav,Happy,397,Happy,Disgust,Angry,False,False,True,0.38619715,0.5649777,0.0004668253,0.021413324,0.00013450075,2.5707743e-05,0.026784763
2180,inesco,mdpa,mdpa_h193.wav,Happy,343,Happy,Happy,Happy,True,True,False,0.0005305995,1.4486214e-05,0.0069205374,0.5735894,1.0930488e-06,4.34814e-06,0.41893956
2181,inesco,mdpa,mdpa_h194.wav,Happy,401,Happy,Surprise,Angry,False,False,True,0.13392723,0.0033633134,0.0011542,0.0010457948,1.1840758e-06,1.8935025e-05,0.86048937
2182,inesco,mdpa,mdpa_h195.wav,Happy,276,Happy,Angry,Angry,False,False,False,0.64425445,0.0048523885,0.0004109159,0.14927337,0.0005622018,0.0003088015,0.20033789
2183,inesco,mdpa,mdpa_h196.wav,Happy,401,Happy,Happy,Happy,True,True,False,0.019391805,0.0011807525,0.0030380285,0.82272625,0.0019160277,0.010357652,0.14138952
2184,inesco,mdpa,mdpa_h197.wav,Happy,189,Happy,Angry,Angry,False,False,False,0.5869884,3.859115e-06,1.2627061e-06,0.41298535,6.740112e-07,2.0126201e-05,3.492801e-07
2185,inesco,mdpa,mdpa_h198.wav,Happy,292,Happy,Angry,Angry,False,False,False,0.35964906,0.0027158686,0.00406078,0.24681817,1.143269e-07,0.027183421,0.35957256
2186,inesco,mdpa,mdpa_h199.wav,Happy,199,Happy,Happy,Happy,True,True,False,0.0045103976,0.004012331,0.31754777,0.5628939,0.0024533214,0.0014036058,0.107178666
2187,inesco,mdpa,mdpa_h200.wav,Happy,74,Happy,Angry,Angry,False,False,False,0.99948835,2.8226443e-06,1.9085848e-05,0.00012599424,2.6256734e-07,1.4405745e-06,0.00036192127
2188,inesco,mdpa,mdpa_h201.wav,Happy,266,Happy,Angry,Angry,False,False,False,0.983307,0.0004994964,3.9219776e-05,0.014414466,2.8054783e-05,0.0001587291,0.0015530337
2189,inesco,mdpa,mdpa_h202.wav,Happy,282,Happy,Happy,Happy,True,True,False,0.12836291,0.0008328891,0.0005614131,0.73574626,0.016569514,0.0023095522,0.115617536
2190,inesco,mdpa,mdpa_h203.wav,Happy,209,Happy,Angry,Angry,False,False,False,0.74026895,2.3312528e-05,6.618814e-05,0.25941315,8.412443e-05,4.71356e-05,9.7104974e-05
2191,inesco,mdpa,mdpa_h204.wav,Happy,244,Happy,Angry,Angry,False,False,False,0.81400514,0.0013952606,5.35674e-05,0.18430273,7.43848e-05,9.0455615e-06,0.00015981919
2192,inesco,mdpa,mdpa_h205.wav,Happy,388,Happy,Angry,Angry,False,False,False,0.40782362,0.37403643,4.587151e-05,0.0033479712,3.389397e-08,2.7421893e-05,0.21471864
2193,inesco,mdpa,mdpa_h206.wav,Happy,308,Happy,Angry,Angry,False,False,False,0.76298445,0.0015361854,0.0007133128,0.20443188,0.015592068,0.008276361,0.006465695
2194,inesco,mdpa,mdpa_h207.wav,Happy,401,Happy,Surprise,Happy,False,True,True,0.27259085,0.0032288334,0.001649292,0.2932352,0.0020807192,0.0575004,0.36971468
2195,inesco,mdpa,mdpa_h208.wav,Happy,257,Happy,Happy,Happy,True,True,False,0.22465356,0.023719503,0.009373846,0.69698197,1.6266622e-05,3.112533e-05,0.045223705
2196,inesco,mdpa,mdpa_h209.wav,Happy,375,Happy,Surprise,Happy,False,True,True,0.0671242,0.00023388742,0.0019238734,0.17346103,2.3290439e-05,1.5278554e-05,0.7572185
2197,inesco,mdpa,mdpa_h210.wav,Happy,401,Happy,Happy,Happy,True,True,False,0.008924311,0.0009475861,0.0006244968,0.5045979,2.7023965e-05,0.00059809606,0.48428062
2198,inesco,mdpa,mdpa_h211.wav,Happy,260,Happy,Angry,Angry,False,False,False,0.94394726,0.0048772222,5.800778e-05,0.0123329675,3.5574146e-08,0.03869831,8.6189015e-05
2199,inesco,mdpa,mdpa_s402.wav,Sad,401,Sad,Surprise,Sad,False,True,True,0.01724206,0.022450987,0.22387998,0.0052002296,3.3979337e-05,0.026980741,0.704212
2200,inesco,mdpa,mdpa_s403.wav,Sad,391,Sad,Sad,Sad,True,True,False,0.0016603913,0.10921435,0.057181664,0.0037300808,0.00043439813,0.80809075,0.019688452
2201,inesco,mdpa,mdpa_s404.wav,Sad,401,Sad,Surprise,Happy,False,False,True,0.13274741,0.19849186,0.04252529,0.18432035,3.4727156e-05,0.037583046,0.40429732
2202,inesco,mdpa,mdpa_s405.wav,Sad,401,Sad,Disgust,Happy,False,False,True,0.0002575491,0.96068895,0.00049665984,0.037752915,8.5511296e-05,3.726098e-05,0.00068121194
2203,inesco,mdpa,mdpa_s406.wav,Sad,401,Sad,Surprise,Angry,False,False,True,0.000694706,1.503444e-08,0.05863221,0.00055347476,7.463505e-11,9.332012e-06,0.9401103
2204,inesco,mdpa,mdpa_s407.wav,Sad,401,Sad,Disgust,Happy,False,False,True,0.020514883,0.83569795,0.00017632736,0.10325701,0.0009894734,0.03737361,0.0019907877
2205,inesco,mdpa,mdpa_s408.wav,Sad,269,Sad,Surprise,Sad,False,True,True,0.0045762677,4.9840186e-05,0.36164826,0.00067118206,1.3378494e-07,0.004819987,0.6282343
2206,inesco,mdpa,mdpa_s409.wav,Sad,401,Sad,Angry,Angry,False,False,False,0.56346947,0.0014114922,0.0014209377,0.29233646,4.628292e-06,0.0033945197,0.13796246
2207,inesco,mdpa,mdpa_s410.wav,Sad,401,Sad,Angry,Angry,False,False,False,0.83122313,0.02910021,1.3008709e-08,0.13943097,0.00011640111,1.5748723e-06,0.00012780234
2208,inesco,mdpa,mdpa_s411.wav,Sad,372,Sad,Happy,Happy,False,False,False,0.00408157,0.0005310094,0.0002152561,0.8766734,2.4936064e-06,0.0065289396,0.11196738
2209,inesco,mdpa,mdpa_s412.wav,Sad,199,Sad,Happy,Happy,False,False,False,0.035690885,2.5193876e-05,0.00408592,0.9235616,0.010838077,0.004482411,0.021315955
2210,inesco,mdpa,mdpa_s413.wav,Sad,401,Sad,Sad,Sad,True,True,False,0.00851539,0.000524969,3.3023036e-06,0.0027964015,0.00088459946,0.98720074,7.461424e-05
2211,inesco,mdpa,mdpa_s414.wav,Sad,356,Sad,Angry,Angry,False,False,False,0.53629446,0.31474718,8.74929e-06,0.08399521,0.000112335125,0.003608375,0.06123365
2212,inesco,mdpa,mdpa_s415.wav,Sad,135,Sad,Happy,Happy,False,False,False,0.043555617,6.622745e-06,0.0110758385,0.9292539,0.006954985,8.223104e-05,0.00907086
2213,inesco,mdpa,mdpa_s416.wav,Sad,401,Sad,Disgust,Angry,False,False,True,0.00049334497,0.9994992,3.2004452e-09,8.1435616e-08,1.2129665e-06,3.3673311e-06,2.702709e-06
2214,inesco,mdpa,mdpa_s417.wav,Sad,282,Sad,Angry,Angry,False,False,False,0.9957172,0.00013264376,3.5190346e-06,0.00019201901,0.0001174846,9.7480615e-06,0.0038274205
2215,inesco,mdpa,mdpa_s418.wav,Sad,401,Sad,Fear,Sad,False,True,True,0.05956086,0.00057962583,0.49717942,0.009213671,3.382562e-05,0.13653868,0.29689392
2216,inesco,mdpa,mdpa_s419.wav,Sad,401,Sad,Happy,Happy,False,False,False,0.0007330791,0.00048617148,2.0145671e-07,0.99436533,3.1083382e-06,0.0014093714,0.0030027002
2217,inesco,mdpa,mdpa_s420.wav,Sad,132,Sad,Fear,Happy,False,False,True,0.004521267,1.3398395e-06,0.97268337,0.021667613,0.00059904275,5.1040424e-05,0.00047626495
2218,inesco,mdpa,mdpa_s421.wav,Sad,401,Sad,Happy,Happy,False,False,False,0.27949873,0.00020759137,4.3011897e-07,0.7182176,2.1091668e-05,0.00012439427,0.0019301478
2219,inesco,mdpa,mdpa_s422.wav,Sad,401,Sad,Angry,Angry,False,False,False,0.7264074,0.023539662,1.7234068e-05,0.24017607,8.757007e-05,0.0007917097,0.008980364
2220,inesco,mdpa,mdpa_s423.wav,Sad,305,Sad,Surprise,Happy,False,False,True,0.0006779744,6.594319e-05,0.00061766495,0.012460432,7.668285e-09,1.8731322e-05,0.98615927
2221,inesco,mdpa,mdpa_s424.wav,Sad,340,Sad,Happy,Happy,False,False,False,0.13769056,0.00020192479,0.0108949775,0.44000477,8.4691e-07,0.00014282294,0.41106412
2222,inesco,mdpa,mdpa_s425.wav,Sad,401,Sad,Fear,Angry,False,False,True,0.14460684,0.0018298627,0.5293475,0.10341963,0.0012961423,0.031613335,0.1878867
2223,inesco,mdpa,mdpa_s426.wav,Sad,401,Sad,Angry,Angry,False,False,False,0.9786942,4.6403915e-05,0.0005463688,0.0033350242,2.8692157e-06,0.0032866495,0.014088464
2224,inesco,mdpa,mdpa_s427.wav,Sad,401,Sad,Happy,Happy,False,False,False,1.0967384e-06,1.0148895e-07,8.199779e-06,0.87656456,1.3119337e-09,1.0539659e-08,0.12342612
2225,inesco,mdpa,mdpa_s428.wav,Sad,401,Sad,Happy,Happy,False,False,False,5.9967294e-07,6.8191554e-08,0.037221372,0.7411134,3.760006e-10,1.5155383e-07,0.22166435
2226,inesco,mdpa,mdpa_s429.wav,Sad,401,Sad,Sad,Sad,True,True,False,0.052010342,0.013129278,0.009344513,0.00050132826,2.0003802e-06,0.9106397,0.0143729625
2227,inesco,mdpa,mdpa_s430.wav,Sad,401,Sad,Angry,Angry,False,False,False,0.746694,0.10860125,3.4038328e-06,0.005763047,0.013397545,0.12528479,0.00025598388
2228,inesco,mdpa,mdpa_s431.wav,Sad,234,Sad,Fear,Happy,False,False,True,0.02604681,0.022452082,0.7203984,0.20148143,0.00406607,0.0046308707,0.020924365
2229,inesco,mdpa,mdpa_s432.wav,Sad,330,Sad,Angry,Angry,False,False,False,0.9847151,0.00026666076,3.5773394e-07,0.014567413,7.0155416e-05,1.2210517e-06,0.00037908286
2230,inesco,mdpa,mdpa_s433.wav,Sad,330,Sad,Angry,Angry,False,False,False,0.5764119,0.0049771685,8.4977255e-05,0.39561605,0.014585947,0.00010204265,0.008221972
2231,inesco,mdpa,mdpa_s434.wav,Sad,311,Sad,Happy,Happy,False,False,False,0.20826267,0.002662172,0.0031827574,0.62084085,0.0036808199,0.0037297532,0.15764102
2232,inesco,mdpa,mdpa_s435.wav,Sad,202,Sad,Neutral,Sad,False,True,True,0.054016855,0.041748315,0.0037499275,0.021888629,0.49806577,0.36894745,0.011582983
2233,inesco,mdpa,mdpa_s436.wav,Sad,212,Sad,Happy,Happy,False,False,False,0.120332964,0.033496387,0.0012947186,0.8082906,0.017200295,0.0003153778,0.019069614
2234,inesco,mdpa,mdpa_s437.wav,Sad,295,Sad,Surprise,Happy,False,False,True,0.28440014,0.000756555,0.0015886298,0.33096,0.00022570402,0.0005793864,0.38148957
2235,inesco,mdpa,mdpa_s438.wav,Sad,401,Sad,Surprise,Happy,False,False,True,0.0054640076,0.0040633064,0.113535784,0.3506939,7.2777734e-06,0.004733173,0.5215026
2236,inesco,mdpa,mdpa_s439.wav,Sad,401,Sad,Disgust,Angry,False,False,True,0.25965697,0.65199214,1.29221235e-05,0.020173587,0.041525856,0.026549304,8.921165e-05
2237,inesco,mdpa,mdpa_s440.wav,Sad,401,Sad,Angry,Angry,False,False,False,0.834302,0.031856634,5.423018e-05,0.029011125,2.9130618e-07,0.0048822523,0.09989345
2238,inesco,mdpa,mdpa_s441.wav,Sad,401,Sad,Sad,Sad,True,True,False,0.33151448,0.15051684,5.352071e-05,0.005044989,0.022947583,0.48968434,0.00023816366
2239,inesco,mdpa,mdpa_s442.wav,Sad,314,Sad,Angry,Angry,False,False,False,0.48267192,0.09009911,0.005879284,0.3540827,0.01301216,0.004786504,0.04946837
2240,inesco,mdpa,mdpa_s443.wav,Sad,401,Sad,Happy,Happy,False,False,False,0.004786405,0.006552986,0.027948909,0.8515691,0.00010239734,0.000753988,0.10828619
2241,inesco,mdpa,mdpa_s444.wav,Sad,401,Sad,Surprise,Happy,False,False,True,0.03114875,0.00019757131,0.22845924,0.24619317,0.00027886505,0.007201723,0.48652074
2242,inesco,mdpa,mdpa_s445.wav,Sad,401,Sad,Disgust,Happy,False,False,True,0.025350329,0.8292862,8.979013e-06,0.14389078,6.768429e-05,0.0012217346,0.00017424184
2243,inesco,mdpa,mdpa_s446.wav,Sad,401,Sad,Happy,Happy,False,False,False,0.32997367,0.010566631,6.366747e-07,0.651099,0.007936985,0.00018914163,0.00023390133
2244,inesco,mdpa,mdpa_s447.wav,Sad,401,Sad,Happy,Happy,False,False,False,0.010988737,1.4068203e-06,0.00083250424,0.6468021,2.6482817e-06,1.5592492e-07,0.34137246
2245,inesco,mdpa,mdpa_s448.wav,Sad,301,Sad,Angry,Angry,False,False,False,0.47794577,0.124760345,0.0037223657,0.37733412,0.0060954154,0.0058290297,0.0043128757
2246,inesco,mdpa,mdpa_s449.wav,Sad,401,Sad,Happy,Happy,False,False,False,0.060023416,0.010383667,0.00031583145,0.9051313,0.0011186262,0.0022783473,0.020748874
2247,inesco,mdpa,mdpa_s450.wav,Sad,263,Sad,Angry,Angry,False,False,False,0.8854879,0.0016281046,6.834129e-06,0.10786787,5.1548675e-05,2.0034548e-05,0.0049376963
2248,inesco,mdpa,mdpa_s451.wav,Sad,321,Sad,Happy,Happy,False,False,False,0.005594603,0.0008264432,0.003374611,0.8840492,0.00013736692,0.00019648831,0.10582141
2249,inesco,mdpa,mdpa_s452.wav,Sad,401,Sad,Disgust,Sad,False,True,True,0.030555358,0.6606381,0.009859262,0.00096179533,0.009566971,0.28807163,0.0003468979
2250,inesco,mdpa,mdpa_s453.wav,Sad,349,Sad,Surprise,Angry,False,False,True,0.13704579,0.0035782214,0.0035306823,0.0042606844,1.5784321e-06,0.00089829694,0.8506847
2251,inesco,mdpa,mdpa_s454.wav,Sad,388,Sad,Fear,Sad,False,True,True,0.05444298,0.0011558798,0.39156723,0.16667044,0.008956211,0.30150807,0.07569921
2252,inesco,mdpa,mdpa_s455.wav,Sad,295,Sad,Angry,Angry,False,False,False,0.8411931,0.001632754,0.0018482947,0.08931503,0.00010199765,7.48985e-05,0.06583393
2253,inesco,mdpa,mdpa_s456.wav,Sad,401,Sad,Angry,Angry,False,False,False,0.994456,0.0010574269,1.6581235e-07,0.0031621666,0.0006392002,0.0006780391,7.0593474e-06
2254,inesco,mdpa,mdpa_s457.wav,Sad,401,Sad,Angry,Angry,False,False,False,0.35217622,0.087506786,9.403396e-06,0.22760722,0.015428763,0.21748662,0.099784985
2255,inesco,mdpa,mdpa_s458.wav,Sad,276,Sad,Neutral,Angry,False,False,True,0.39278078,0.0012615974,0.001963631,0.0943498,0.47874543,0.0019076657,0.028991062
2256,inesco,mdpa,mdpa_s459.wav,Sad,401,Sad,Angry,Angry,False,False,False,0.9800571,0.019142773,1.304444e-07,0.00066437694,3.388324e-05,7.64309e-06,9.402313e-05
2257,inesco,mdpa,mdpa_s460.wav,Sad,257,Sad,Angry,Angry,False,False,False,0.7293593,0.039623976,3.433536e-05,0.23007423,0.00013915492,0.00022158778,0.0005473691
2258,inesco,mdpa,mdpa_s461.wav,Sad,346,Sad,Angry,Angry,False,False,False,0.7128285,0.001194334,0.0037692823,0.25030348,0.00015113635,0.00012543047,0.03162781
2259,inesco,mdpa,mdpa_s462.wav,Sad,401,Sad,Angry,Angry,False,False,False,0.7488604,0.040103454,0.000108966844,0.035675608,3.8282276e-05,0.00068643445,0.17452684
2260,inesco,mdpa,mdpa_s463.wav,Sad,356,Sad,Happy,Happy,False,False,False,0.24847487,0.00091495155,0.00035500992,0.6790316,5.8926682e-05,0.00053725194,0.0706274
2261,inesco,mdpa,mdpa_s464.wav,Sad,276,Sad,Happy,Happy,False,False,False,0.43684933,0.0001707132,0.00015732237,0.5597116,0.0002979741,6.870868e-05,0.0027443243
2262,inesco,mdpa,mdpa_s465.wav,Sad,388,Sad,Happy,Happy,False,False,False,0.45732284,0.00027545245,0.0014858667,0.46158674,0.0002255964,0.00045934954,0.07864418
2263,inesco,mdpa,mdpa_s466.wav,Sad,301,Sad,Angry,Angry,False,False,False,0.8631304,0.009297827,5.7793513e-05,0.106197275,6.76131e-05,0.0008341492,0.020414896
2264,inesco,mdpa,mdpa_s467.wav,Sad,106,Sad,Angry,Angry,False,False,False,0.999783,3.3485557e-07,1.7612665e-05,9.964388e-05,2.6879975e-06,2.8224625e-07,9.648216e-05
2265,inesco,mdpa,mdpa_s468.wav,Sad,234,Sad,Happy,Happy,False,False,False,0.41421992,0.00066413684,0.0063717724,0.5395244,0.002515742,0.00020073702,0.036503278
2266,inesco,mdpa,mdpa_s469.wav,Sad,186,Sad,Surprise,Angry,False,False,True,0.07333058,0.0011849909,0.007033109,0.02658875,0.005954331,5.602376e-05,0.8858523
2267,inesco,mdpa,mdpa_s470.wav,Sad,228,Sad,Angry,Angry,False,False,False,0.39701006,0.2929689,0.02169927,0.205637,0.0053744484,0.04918243,0.028127931
2268,inesco,mdpa,mdpa_s471.wav,Sad,215,Sad,Sad,Sad,True,True,False,0.14402314,0.03942164,0.0006950344,0.024757612,0.0066468683,0.78439677,5.889456e-05
2269,inesco,mdpa,mdpa_s472.wav,Sad,353,Sad,Happy,Happy,False,False,False,0.0017613196,0.000342838,0.0018781809,0.8977647,0.0001492504,0.005529567,0.09257408
2270,inesco,mdpa,mdpa_s473.wav,Sad,327,Sad,Happy,Happy,False,False,False,0.0010885011,0.00059030956,2.2466314e-05,0.9967205,0.0003131441,9.0401976e-05,0.0011747344
2271,inesco,mdpa,mdpa_s474.wav,Sad,401,Sad,Disgust,Happy,False,False,True,0.10222296,0.33462852,0.003899431,0.3098752,0.0005987932,0.1540523,0.09472284
2272,inesco,mdpa,mdpa_s475.wav,Sad,381,Sad,Happy,Happy,False,False,False,0.0061128354,0.00014397533,0.0012623173,0.84270656,8.330507e-05,4.981874e-05,0.14964111
2273,inesco,mdpa,mdpa_s476.wav,Sad,305,Sad,Angry,Angry,False,False,False,0.9002843,0.0006824971,0.010830242,0.06075353,0.0055144597,0.0015037571,0.020431241
2274,inesco,mdpa,mdpa_s477.wav,Sad,401,Sad,Happy,Happy,False,False,False,0.17284918,0.0009042476,0.004240567,0.49439013,0.04970522,7.1091854e-06,0.27790356
2275,inesco,mdpa,mdpa_s478.wav,Sad,244,Sad,Surprise,Sad,False,True,True,0.08206831,0.24734974,0.044720206,0.032159653,0.0023763685,0.17102851,0.42029727
2276,inesco,mdpa,mdpa_s479.wav,Sad,401,Sad,Disgust,Angry,False,False,True,0.009761173,0.986033,7.778145e-05,0.0005224074,0.003474928,7.694113e-05,5.366692e-05
2277,inesco,mdpa,mdpa_s480.wav,Sad,324,Sad,Angry,Angry,False,False,False,0.9549851,0.02743363,0.00012297946,0.0012426504,0.0003410107,0.0015349338,0.014339661
2278,inesco,mdpa,mdpa_s481.wav,Sad,394,Sad,Angry,Angry,False,False,False,0.57618296,0.05733488,0.0018482297,0.13209942,0.0075337687,0.0021285817,0.2228721
2279,inesco,mdpa,mdpa_s482.wav,Sad,231,Sad,Happy,Happy,False,False,False,0.0014303372,0.006558714,0.060849406,0.9178023,0.0044209487,0.0040229945,0.004915317
2280,inesco,mdpa,mdpa_s483.wav,Sad,401,Sad,Angry,Angry,False,False,False,0.5481869,0.04276799,0.0007816659,0.0056597614,0.000110068104,0.0017352354,0.40075842
2281,inesco,mdpa,mdpa_s484.wav,Sad,340,Sad,Happy,Happy,False,False,False,0.11985997,0.14809279,0.028924003,0.394569,0.0022260337,0.03485471,0.2714735
2282,inesco,mdpa,mdpa_s485.wav,Sad,116,Sad,Surprise,Happy,False,False,True,0.100772135,0.000680958,0.24757466,0.18053934,0.0010360396,0.00018095053,0.469216
2283,inesco,mdpa,mdpa_s486.wav,Sad,401,Sad,Happy,Happy,False,False,False,7.823362e-06,0.00021061173,0.06330589,0.5775789,9.2398416e-08,0.0016691741,0.35722747
2284,inesco,mdpa,mdpa_s487.wav,Sad,292,Sad,Angry,Angry,False,False,False,0.90023386,0.019889459,0.0073878965,0.019387132,0.0002274239,0.012088575,0.040785562
2285,inesco,mdpa,mdpa_s488.wav,Sad,263,Sad,Happy,Happy,False,False,False,0.004918295,0.015643535,0.00032534474,0.97365713,0.0001953781,0.004791409,0.00046894967
2286,inesco,mdpa,mdpa_s489.wav,Sad,401,Sad,Happy,Happy,False,False,False,0.25572705,0.0008976877,0.00012946046,0.7172214,0.014185058,0.0024816638,0.009357809
2287,inesco,mdpa,mdpa_s490.wav,Sad,375,Sad,Happy,Happy,False,False,False,0.024367217,0.000770065,0.0035091776,0.96853495,1.7657063e-05,0.0018010272,0.0010000578
2288,inesco,mdpa,mdpa_s491.wav,Sad,401,Sad,Happy,Happy,False,False,False,0.0004548143,7.020744e-06,3.6642107e-06,0.6426106,1.8060033e-08,9.971334e-06,0.35691383
2289,inesco,mdpa,mdpa_s492.wav,Sad,349,Sad,Happy,Happy,False,False,False,0.06851726,4.0813895e-05,0.0009381346,0.92805177,5.0003864e-06,0.00012295191,0.0023239513
2290,inesco,mdpa,mdpa_s493.wav,Sad,401,Sad,Happy,Happy,False,False,False,0.13609485,0.0034743587,0.00053774286,0.7935958,1.4715015e-05,0.06531424,0.0009682839
2291,inesco,mdpa,mdpa_s494.wav,Sad,180,Sad,Happy,Happy,False,False,False,0.17753974,0.0030961116,0.30119473,0.4901824,0.00024769083,0.023787789,0.0039515123
2292,inesco,mdpa,mdpa_s495.wav,Sad,401,Sad,Angry,Angry,False,False,False,0.62198824,0.0038195895,0.0026368531,0.059141938,4.374103e-06,6.285972e-05,0.3123461
2293,inesco,mdpa,mdpa_s496.wav,Sad,298,Sad,Angry,Angry,False,False,False,0.72010845,0.014345239,0.032230973,0.108532965,0.001671315,0.004583035,0.11852804
2294,inesco,mdpa,mdpa_s497.wav,Sad,237,Sad,Happy,Happy,False,False,False,0.21022241,0.16748159,0.05768298,0.2980026,0.23630019,0.014855411,0.015454849
2295,inesco,mdpa,mdpa_s498.wav,Sad,237,Sad,Angry,Angry,False,False,False,0.9699542,0.00018346855,7.3935036e-05,0.029550407,9.114799e-08,2.2232927e-05,0.00021564116
2296,inesco,mdpa,mdpa_s499.wav,Sad,401,Sad,Happy,Happy,False,False,False,0.000970675,1.1378884e-05,0.00031860612,0.666821,1.1655049e-07,1.1300001e-06,0.33187714
2297,inesco,mdpa,mdpa_s500.wav,Sad,266,Sad,Happy,Happy,False,False,False,0.016425692,0.004321961,0.008086,0.58010864,3.1825048e-06,0.00025633883,0.39079812
2298,inesco,mdpa,mdpa_s501.wav,Sad,397,Sad,Happy,Happy,False,False,False,0.33621725,0.07897204,0.0003155727,0.46285924,0.0019454269,0.115017764,0.004672742
2299,inesco,mdpa,mdpa_s502.wav,Sad,173,Sad,Happy,Happy,False,False,False,0.26360863,3.4428995e-05,0.00045431845,0.7282977,0.0008059932,0.00023117036,0.00656771
2300,inesco,mdpa,mdpa_s503.wav,Sad,295,Sad,Angry,Angry,False,False,False,0.94789886,0.0014652229,0.00010001785,0.0494281,0.00056855567,3.636869e-05,0.0005028986
2301,inesco,mdpa,mdpa_s504.wav,Sad,164,Sad,Angry,Angry,False,False,False,0.89929765,2.3735523e-05,0.0005907769,0.0453716,0.00058958284,5.9197278e-06,0.054120775
2302,inesco,mdpa,mdpa_s505.wav,Sad,257,Sad,Fear,Sad,False,True,True,0.077928334,0.029127773,0.48561272,0.06312352,0.022798646,0.27884418,0.04256484
2303,inesco,mdpa,mdpa_s506.wav,Sad,225,Sad,Happy,Happy,False,False,False,0.0638789,1.2731761e-05,0.1916459,0.69487715,1.7202231e-07,2.7895805e-06,0.049582366
2304,inesco,mdpa,mdpa_s507.wav,Sad,215,Sad,Happy,Happy,False,False,False,0.061279878,1.2158505e-07,0.022655401,0.91552514,6.2225576e-05,3.4414518e-06,0.00047375823
2305,inesco,mdpa,mdpa_s508.wav,Sad,266,Sad,Angry,Angry,False,False,False,0.95159775,0.00029953645,0.00022775734,0.046961207,0.000566484,0.0001600666,0.00018733503
2306,inesco,mdpa,mdpa_s509.wav,Sad,285,Sad,Happy,Happy,False,False,False,0.0057557044,2.9200803e-05,0.0023646776,0.71172154,0.0018584966,0.277719,0.00055132643
2307,inesco,mdpa,mdpa_s510.wav,Sad,401,Sad,Angry,Angry,False,False,False,0.9598032,0.0041225185,0.00017985224,0.028342258,0.0004878705,2.344738e-06,0.007061867
2308,inesco,mdpa,mdpa_s511.wav,Sad,401,Sad,Angry,Angry,False,False,False,0.56273705,3.293453e-05,0.008419919,0.25492567,6.431551e-05,0.0028538937,0.17096625
2309,inesco,mdpa,mdpa_s512.wav,Sad,401,Sad,Disgust,Sad,False,True,True,0.0022155426,0.5966386,1.0701334e-05,0.13394094,0.001799423,0.26507595,0.00031880906
2310,inesco,mdpa,mdpa_s513.wav,Sad,292,Sad,Surprise,Happy,False,False,True,0.12227342,0.00030925058,0.22644302,0.20013878,0.0016696315,0.0020526978,0.44711325
2311,inesco,mdpa,mdpa_s514.wav,Sad,381,Sad,Happy,Happy,False,False,False,0.12897654,0.0005400335,0.0001967283,0.81196886,0.0005038612,0.0005617538,0.057252217
2312,inesco,mdpa,mdpa_s515.wav,Sad,215,Sad,Angry,Angry,False,False,False,0.7025667,0.0001396858,0.011129266,0.27453277,6.5292743e-06,1.5241466e-05,0.011609868
2313,inesco,mdpa,mdpa_s516.wav,Sad,173,Sad,Happy,Happy,False,False,False,0.016597146,0.00041342372,0.44156763,0.5112086,7.4408286e-05,0.020263959,0.009874871
2314,inesco,mdpa,mdpa_s517.wav,Sad,279,Sad,Angry,Angry,False,False,False,0.8614262,0.08183813,0.003893999,0.007865865,0.0051565412,0.029557101,0.010262115
2315,inesco,mdpa,mdpa_s518.wav,Sad,375,Sad,Angry,Angry,False,False,False,0.86804634,0.033768587,0.011993087,0.027102903,0.05411449,0.002028645,0.0029459975
2316,inesco,mdpa,mdpa_s519.wav,Sad,298,Sad,Angry,Angry,False,False,False,0.8243833,0.0003518895,0.0009241952,0.12498129,0.0008633075,0.00012271776,0.048373275
2317,inesco,mdpa,mdpa_s520.wav,Sad,170,Sad,Sad,Sad,True,True,False,0.0032688526,0.008319326,0.006039494,0.3069052,0.12731202,0.5481503,4.8644506e-06
2318,inesco,mdpa,mdpa_s521.wav,Sad,154,Sad,Happy,Happy,False,False,False,0.015004621,0.0004459735,3.7852275e-05,0.98320204,0.0012822973,1.1334119e-05,1.5898839e-05
2319,inesco,mdpa,mdpa_s522.wav,Sad,132,Sad,Angry,Angry,False,False,False,0.72617435,2.3844252e-05,0.010161413,0.26249808,0.00010943102,0.0006544737,0.00037840178
2320,inesco,mdpa,mdpa_s523.wav,Sad,135,Sad,Fear,Happy,False,False,True,6.3540574e-05,1.6774393e-05,0.99757856,0.0016927244,0.00031682636,0.00015512008,0.00017651373
2321,inesco,mdpa,mdpa_s524.wav,Sad,253,Sad,Angry,Angry,False,False,False,0.7964894,0.04209102,0.019555036,0.067644574,9.7185664e-05,0.036812264,0.03731056
2322,inesco,mdpa,mdpa_s525.wav,Sad,292,Sad,Happy,Happy,False,False,False,0.0044779396,1.6919586e-05,0.00076370855,0.98511904,0.00013353112,1.1705462e-06,0.009487712
2323,inesco,mdpa,mdpa_s526.wav,Sad,356,Sad,Angry,Angry,False,False,False,0.9673104,0.00021204847,1.4962483e-05,0.008408315,0.00045548717,7.681359e-05,0.023521937
2324,inesco,mdpa,mdpa_s527.wav,Sad,378,Sad,Surprise,Angry,False,False,True,0.028582495,9.05189e-05,0.020038439,0.020137344,1.4205104e-05,0.0005400872,0.9305969
2325,inesco,mdpa,mdpa_s528.wav,Sad,333,Sad,Angry,Angry,False,False,False,0.63198394,0.023493048,0.020543942,0.22966723,0.038883526,0.0017900439,0.053638235
2326,inesco,mdpa,mdpa_s529.wav,Sad,228,Sad,Happy,Happy,False,False,False,0.011682946,0.0010843471,0.0032218015,0.9824783,0.0001972851,4.9560993e-05,0.0012857381
2327,inesco,mdpa,mdpa_s530.wav,Sad,337,Sad,Happy,Happy,False,False,False,0.097336456,9.080124e-06,0.001559348,0.887976,1.1242846e-05,1.4204619e-05,0.0130937435
2328,inesco,mdpa,mdpa_s531.wav,Sad,148,Sad,Angry,Angry,False,False,False,0.99890125,3.6595302e-06,8.4743224e-05,0.00029273922,1.8716182e-06,1.1497345e-08,0.00071567664
2329,inesco,mdpa,mdpa_s532.wav,Sad,260,Sad,Angry,Angry,False,False,False,0.9873645,0.011903978,1.1155556e-05,0.00056008465,6.838066e-07,6.416859e-06,0.00015316038
2330,inesco,mdpa,mdpa_s533.wav,Sad,369,Sad,Angry,Angry,False,False,False,0.4299119,0.0068560187,0.008782249,0.2836987,0.002621248,0.008889754,0.2592401
2331,inesco,mdpa,mdpa_s534.wav,Sad,401,Sad,Angry,Angry,False,False,False,0.75102866,0.0011128722,4.5069988e-05,0.025870956,2.4733958e-05,0.0015123711,0.22040534
2332,inesco,mdpa,mdpa_s535.wav,Sad,170,Sad,Happy,Happy,False,False,False,0.00057607447,0.0001847598,0.19959044,0.37033284,0.1580426,0.26851776,0.0027555802
2333,inesco,mdpa,mdpa_s536.wav,Sad,263,Sad,Angry,Angry,False,False,False,0.8311356,0.017063856,0.00088082725,0.14616057,9.664889e-05,0.0012561752,0.0034062953
2334,inesco,mdpa,mdpa_s537.wav,Sad,401,Sad,Disgust,Happy,False,False,True,0.045326877,0.47586656,0.02029261,0.22208107,0.021160606,0.2138373,0.0014350998
2335,inesco,mdpa,mdpa_s538.wav,Sad,276,Sad,Angry,Angry,False,False,False,0.67005426,0.005187465,0.00011099874,0.24908471,0.007842234,0.00022469672,0.06749572
2336,inesco,mdpa,mdpa_s539.wav,Sad,234,Sad,Happy,Happy,False,False,False,0.02748211,0.0001728574,0.0008915294,0.96757853,2.3716098e-05,1.5262605e-05,0.0038360364
2337,inesco,mdpa,mdpa_s540.wav,Sad,401,Sad,Angry,Angry,False,False,False,0.6982155,0.0983295,0.013967778,7.75353e-05,0.0053466326,0.1759955,0.008067664
2338,inesco,mdpa,mdpa_s541.wav,Sad,401,Sad,Surprise,Angry,False,False,True,0.3733169,0.0005596898,0.020266898,0.0020695466,8.9298876e-05,0.12798938,0.47570825
2339,inesco,mdpa,mdpa_s542.wav,Sad,401,Sad,Angry,Angry,False,False,False,0.8859297,0.062831886,0.000101230195,0.0069470033,1.3748287e-05,0.038527764,0.0056485417
2340,inesco,mdpa,mdpa_s543.wav,Sad,401,Sad,Fear,Angry,False,False,True,0.0021662477,2.074695e-06,0.9449568,0.00020147524,7.8039966e-07,0.0016465209,0.051026084
2341,inesco,mdpa,mdpa_s544.wav,Sad,116,Sad,Angry,Angry,False,False,False,0.84501344,8.307044e-05,0.0024990342,0.11903822,0.018054621,2.75613e-05,0.015284094
2342,inesco,mdpa,mdpa_s545.wav,Sad,401,Sad,Happy,Happy,False,False,False,0.009169912,0.0014653174,0.019130528,0.81387675,1.6735645e-06,0.0106094675,0.14574638
2343,inesco,mdpa,mdpa_s546.wav,Sad,340,Sad,Happy,Happy,False,False,False,0.04263657,0.00012570492,0.00034268788,0.95402986,0.0024862979,0.00011770699,0.00026120618
2344,inesco,mdpa,mdpa_s547.wav,Sad,397,Sad,Angry,Angry,False,False,False,0.69742084,0.0033498793,0.0015001124,0.29160511,0.0001029336,0.0002714602,0.005749688
2345,inesco,mdpa,mdpa_s548.wav,Sad,314,Sad,Angry,Angry,False,False,False,0.44917914,0.10001483,0.0018026057,0.32936397,0.003559321,0.0027341044,0.11334599
2346,inesco,mdpa,mdpa_s549.wav,Sad,388,Sad,Surprise,Happy,False,False,True,0.00038171216,8.423852e-06,0.19405575,0.05373725,5.0255515e-08,0.00029343838,0.7515233
2347,inesco,mdpa,mdpa_s550.wav,Sad,273,Sad,Angry,Angry,False,False,False,0.96253335,0.004284775,2.0611036e-05,0.011395232,0.00010102049,0.00012542037,0.021539584
2348,inesco,mdpa,mdpa_s551.wav,Sad,257,Sad,Angry,Angry,False,False,False,0.49225315,0.47583395,7.9086065e-05,0.016157113,0.012090068,0.0001361905,0.0034505196
2349,inesco,mdpa,mdpa_s552.wav,Sad,109,Sad,Surprise,Angry,False,False,True,0.16699737,6.326975e-05,0.00022381608,0.0013524123,1.0336164e-06,7.102452e-05,0.8312911
2350,inesco,mdpa,mdpa_s553.wav,Sad,125,Sad,Surprise,Happy,False,False,True,0.021402597,2.6149048e-05,0.0041670077,0.29280326,0.00052085664,4.442831e-06,0.68107563
2351,inesco,mdpa,mdpa_s554.wav,Sad,138,Sad,Angry,Angry,False,False,False,0.9437413,0.0002534858,0.0003734983,0.0071679056,0.00012381842,2.2830047e-05,0.048317198
2352,inesco,mdpa,mdpa_s555.wav,Sad,218,Sad,Angry,Angry,False,False,False,0.6670443,1.52205175e-05,0.007666873,0.32472423,8.009371e-05,2.4339186e-05,0.00044495342
2353,inesco,mdpa,mdpa_s556.wav,Sad,167,Sad,Happy,Happy,False,False,False,0.32339808,2.997347e-05,0.19531281,0.47761634,0.0006728202,0.0002848623,0.002685132
2354,inesco,mdpa,mdpa_s557.wav,Sad,84,Sad,Angry,Angry,False,False,False,0.9943177,8.770287e-05,3.4632205e-05,0.0032293035,2.9864339e-05,1.0733709e-06,0.0022997118
2355,inesco,mdpa,mdpa_s558.wav,Sad,177,Sad,Angry,Angry,False,False,False,0.9900587,5.78768e-07,2.1905705e-06,0.009916098,2.2599968e-06,1.1053293e-07,2.0112264e-05
2356,inesco,mdpa,mdpa_s559.wav,Sad,292,Sad,Surprise,Angry,False,False,True,0.02296958,0.047441393,0.0016285429,0.00162665,1.6711278e-06,0.0045251865,0.92180705
2357,inesco,mdpa,mdpa_s560.wav,Sad,116,Sad,Surprise,Angry,False,False,True,0.2197737,8.576723e-05,0.032256223,0.006604529,0.023948329,0.0011839597,0.7161475
2358,inesco,mdpa,mdpa_s561.wav,Sad,250,Sad,Happy,Happy,False,False,False,0.025242513,7.086266e-05,0.0003073127,0.9742967,1.1590384e-05,6.195559e-05,9.072202e-06
2359,inesco,mdpa,mdpa_s562.wav,Sad,132,Sad,Angry,Angry,False,False,False,0.64813226,2.3851035e-06,0.0049952357,0.1395392,0.0033102408,5.280379e-07,0.20402011
2360,inesco,mdpa,mdpa_s563.wav,Sad,260,Sad,Happy,Happy,False,False,False,0.29821423,0.031082528,0.21869494,0.4061101,0.00025531306,0.018578453,0.027064383
2361,inesco,mdpa,mdpa_s564.wav,Sad,301,Sad,Angry,Angry,False,False,False,0.86105615,0.011132655,0.00039211765,0.10108511,4.3174485e-05,0.00029205825,0.025998674
2362,inesco,mdpa,mdpa_s565.wav,Sad,401,Sad,Angry,Angry,False,False,False,0.84599346,0.037027314,0.0030641544,0.023929773,3.016298e-05,0.015534194,0.07442098
2363,inesco,mdpa,mdpa_s566.wav,Sad,100,Sad,Angry,Angry,False,False,False,0.9216399,0.00034770832,6.656478e-05,0.076213524,0.00021155215,5.9932285e-05,0.0014608504
2364,inesco,mdpa,mdpa_s567.wav,Sad,199,Sad,Happy,Happy,False,False,False,0.0067256,0.00037436633,0.009870207,0.981202,0.00057521235,8.405111e-05,0.0011684459
2365,inesco,mdpa,mdpa_s568.wav,Sad,157,Sad,Angry,Angry,False,False,False,0.84788114,0.00017045345,0.0012321635,0.1488284,0.0011446776,0.00012546583,0.0006176955
2366,inesco,mdpa,mdpa_s569.wav,Sad,401,Sad,Happy,Happy,False,False,False,0.04270752,4.137263e-05,0.00020214963,0.95364416,2.5155548e-06,0.00057675416,0.0028255663
2367,inesco,mdpa,mdpa_s570.wav,Sad,375,Sad,Surprise,Angry,False,False,True,0.06362175,5.5069024e-05,8.958828e-05,0.002631537,1.464816e-06,0.00013547437,0.93346506
2368,inesco,mdpa,mdpa_s571.wav,Sad,289,Sad,Happy,Happy,False,False,False,0.0008258718,9.76505e-05,0.07362874,0.81973636,0.002768504,0.0046972684,0.09824556
2369,inesco,mdpa,mdpa_s572.wav,Sad,186,Sad,Happy,Happy,False,False,False,0.06665409,0.00058434147,0.008176239,0.83136505,0.090730116,0.0019995999,0.00049045787
2370,inesco,mdpa,mdpa_s573.wav,Sad,205,Sad,Angry,Angry,False,False,False,0.7584776,0.000510462,0.003962968,0.23575656,0.00022795192,0.0007225602,0.00034180563
2371,inesco,mdpa,mdpa_s574.wav,Sad,263,Sad,Angry,Angry,False,False,False,0.9417205,0.01275998,0.00015473131,0.027729651,9.8407845e-06,0.002509704,0.015115526
2372,inesco,mdpa,mdpa_s575.wav,Sad,186,Sad,Happy,Happy,False,False,False,0.15389873,1.360067e-05,0.00015752211,0.8441577,0.00019805107,0.0015515593,2.2848917e-05
2373,inesco,mdpa,mdpa_s576.wav,Sad,209,Sad,Angry,Angry,False,False,False,0.95348775,0.0052052303,0.00010709865,0.040418766,4.0709307e-05,0.00058582023,0.00015457605
2374,inesco,mdpa,mdpa_s577.wav,Sad,391,Sad,Surprise,Happy,False,False,True,0.040421385,0.05463838,0.0044859857,0.305145,0.0013176014,0.009235363,0.5847563
2375,inesco,mdpa,mdpa_s578.wav,Sad,170,Sad,Happy,Happy,False,False,False,0.015516244,7.507299e-05,0.03370477,0.9410105,0.0006278487,0.0006326203,0.00843296
2376,inesco,mdpa,mdpa_s579.wav,Sad,212,Sad,Neutral,Happy,False,False,True,0.04900593,9.3879835e-06,2.8020715e-05,0.0668394,0.8838785,6.3102314e-05,0.0001756572
2377,inesco,mdpa,mdpa_s580.wav,Sad,401,Sad,Angry,Angry,False,False,False,0.96248263,0.0041803513,4.3385095e-05,0.0002578224,4.9869595e-07,0.009410291,0.023625001
2378,inesco,mdpa,mdpa_s581.wav,Sad,189,Sad,Happy,Happy,False,False,False,0.13561547,7.855761e-06,0.09897403,0.75488824,0.002424937,0.007718802,0.0003707734
2379,inesco,mdpa,mdpa_s582.wav,Sad,401,Sad,Surprise,Angry,False,False,True,0.16935784,0.0024456081,0.00034043248,0.11980221,4.0685067e-05,0.0007561469,0.7072571
2380,inesco,mdpa,mdpa_s583.wav,Sad,87,Sad,Fear,Angry,False,False,True,0.054454796,0.0002157019,0.80806965,0.015839072,2.081403e-05,0.011419276,0.109980665
2381,inesco,mdpa,mdpa_s584.wav,Sad,401,Sad,Happy,Happy,False,False,False,0.12217646,1.1068042e-05,0.00013116685,0.7816795,4.54846e-07,0.0011844701,0.09481677
2382,inesco,mdpa,mdpa_s585.wav,Sad,301,Sad,Disgust,Angry,False,False,True,0.16178234,0.56434435,0.00031658204,0.10468395,0.0015707979,0.00013994948,0.16716203
2383,inesco,mdpa,mdpa_s586.wav,Sad,273,Sad,Angry,Angry,False,False,False,0.8890594,0.013231814,0.0030622128,0.04426803,0.00035093998,0.0015651712,0.048462395
2384,inesco,mdpa,mdpa_s587.wav,Sad,269,Sad,Happy,Happy,False,False,False,0.30742604,0.0012430084,0.007923253,0.623271,0.0054511293,9.1470836e-05,0.054594055
2385,inesco,mdpa,mdpa_s588.wav,Sad,388,Sad,Surprise,Happy,False,False,True,0.0006656904,2.682022e-05,0.06813589,0.15753937,5.6418253e-06,0.0007219016,0.77290475
2386,inesco,mdpa,mdpa_s589.wav,Sad,276,Sad,Angry,Angry,False,False,False,0.9491305,0.00055588485,0.00026285474,0.047460414,0.0001624515,0.00036658446,0.002061325
2387,inesco,mdpa,mdpa_s590.wav,Sad,231,Sad,Happy,Happy,False,False,False,0.16061093,3.6693506e-05,0.017496852,0.77601975,7.4656986e-05,3.8248585e-05,0.045722913
2388,inesco,mdpa,mdpa_s591.wav,Sad,346,Sad,Angry,Angry,False,False,False,0.7933326,0.0059318207,0.0030098986,0.09692189,0.0038527215,0.09605607,0.00089511764
2389,inesco,mdpa,mdpa_s592.wav,Sad,401,Sad,Surprise,Angry,False,False,True,0.4768109,0.0025729882,4.5575733e-05,0.009698615,6.3745e-06,0.004252313,0.50661325
2390,inesco,mdpa,mdpa_s593.wav,Sad,279,Sad,Angry,Angry,False,False,False,0.76445264,0.026468266,0.0005140592,0.118994325,0.0025322714,0.009811161,0.07722715
2391,inesco,mdpa,mdpa_s594.wav,Sad,401,Sad,Sad,Sad,True,True,False,0.010707625,0.11146653,0.009310908,0.28197244,0.053453986,0.4514389,0.0816496
2392,inesco,mdpa,mdpa_s595.wav,Sad,401,Sad,Angry,Angry,False,False,False,0.81285125,0.047918886,0.005219497,0.041398913,0.0056836936,0.07562176,0.011305994
2393,inesco,mdpa,mdpa_s596.wav,Sad,343,Sad,Angry,Angry,False,False,False,0.90795,0.0003297696,3.139368e-05,0.091058396,0.00017070558,0.00021325646,0.00024647493
2394,inesco,mdpa,mdpa_s597.wav,Sad,401,Sad,Happy,Happy,False,False,False,0.014409662,2.1872385e-05,2.1276122e-05,0.97336257,2.4498405e-07,2.6723623e-05,0.012157764
2395,inesco,mdpa,mdpa_s598.wav,Sad,321,Sad,Angry,Angry,False,False,False,0.44393322,0.044449292,0.0023104383,0.34191236,0.000847477,9.924418e-06,0.16653727
2396,inesco,mdpa,mdpa_s599.wav,Sad,401,Sad,Happy,Happy,False,False,False,0.058444977,0.005949233,3.0149828e-08,0.7392877,0.002962593,0.1933527,2.8477555e-06
2397,inesco,mdpa,mdpa_s600.wav,Sad,401,Sad,Angry,Angry,False,False,False,0.4853283,0.007181317,0.001305643,0.39585215,0.001166176,0.0018423019,0.107324086
