row_index,dataset,speaker,filename,emotion,real_frames,true_label,pred_mode1,pred_mode2,correct_mode1,correct_mode2,outside_target,prob_Angry,prob_Disgust,prob_Fear,prob_Happy,prob_Neutral,prob_Sad,prob_Surprise
0,inesco,fcim,fcim_a212.wav,Angry,87,Angry,Fear,Angry,False,True,True,0.089804605,4.9671464e-05,0.82294714,0.0032870139,5.0715385e-05,2.8473505e-05,0.08383239
1,inesco,fcim,fcim_a213.wav,Angry,164,Angry,Happy,Happy,False,False,False,0.0071223928,7.950457e-07,0.002761163,0.93562603,6.775758e-06,2.8195653e-05,0.05445459
2,inesco,fcim,fcim_a214.wav,Angry,138,Angry,Fear,Happy,False,False,True,0.00579894,1.0817844e-06,0.7932845,0.037277065,8.410383e-07,0.00047482885,0.16316289
3,inesco,fcim,fcim_a215.wav,Angry,260,Angry,Surprise,Happy,False,False,True,0.00025578248,1.5148924e-05,0.176215,0.090348616,9.737918e-06,0.001049502,0.73210615
4,inesco,fcim,fcim_a216.wav,Angry,202,Angry,Surprise,Happy,False,False,True,5.5591595e-06,1.8358904e-07,0.022571744,0.15063064,1.7889686e-05,0.00011041837,0.82666355
5,inesco,fcim,fcim_a217.wav,Angry,97,Angry,Surprise,Sad,False,False,True,0.011346273,5.2061634e-05,0.35177514,0.021672893,0.0010859962,0.026200464,0.58786726
6,inesco,fcim,fcim_a218.wav,Angry,359,Angry,Surprise,Angry,False,True,True,0.0042845584,3.8476956e-05,0.0037183908,0.002399963,3.1229468e-09,2.7589033e-06,0.9895559
7,inesco,fcim,fcim_a219.wav,Angry,401,Angry,Surprise,Happy,False,False,True,0.008026359,8.2172104e-05,0.22005056,0.27744472,1.1991363e-05,0.0002252116,0.4941589
8,inesco,fcim,fcim_a220.wav,Angry,215,Angry,Fear,Sad,False,False,True,0.00548065,0.00028973052,0.8390611,0.037865162,1.8993752e-07,0.06379996,0.053503215
9,inesco,fcim,fcim_a221.wav,Angry,257,Angry,Surprise,Happy,False,False,True,0.13636252,1.3870973e-05,0.055478264,0.22991192,4.1416306e-06,0.00043838893,0.57779086
10,inesco,fcim,fcim_a222.wav,Angry,157,Angry,Happy,Happy,False,False,False,0.0001767416,1.8526583e-06,0.09386463,0.71135336,1.1053399e-05,0.0011581589,0.19343422
11,inesco,fcim,fcim_a223.wav,Angry,225,Angry,Fear,Happy,False,False,True,0.0008597879,2.393835e-06,0.93792593,0.0068045934,1.972979e-05,0.0041814935,0.05020609
12,inesco,fcim,fcim_a224.wav,Angry,266,Angry,Surprise,Happy,False,False,True,0.0018217776,5.4669406e-05,0.24286611,0.26293936,1.3172021e-07,0.00472954,0.48758832
13,inesco,fcim,fcim_a225.wav,Angry,154,Angry,Angry,Angry,True,True,False,0.79954547,7.222006e-06,0.042700455,0.13520122,5.1495328e-05,0.00011715505,0.02237689
14,inesco,fcim,fcim_a226.wav,Angry,154,Angry,Surprise,Angry,False,True,True,0.0031932862,5.5827144e-07,0.27097142,0.0030772344,3.619794e-07,2.8454033e-07,0.72275686
15,inesco,fcim,fcim_a227.wav,Angry,401,Angry,Surprise,Angry,False,True,True,0.049419645,1.5667181e-05,0.2058778,0.00058551796,6.3582437e-09,3.9097677e-06,0.7440975
16,inesco,fcim,fcim_a228.wav,Angry,113,Angry,Surprise,Happy,False,False,True,0.065252416,1.6905425e-07,0.022550836,0.083088495,4.676018e-06,3.5556088e-05,0.8290678
17,inesco,fcim,fcim_a229.wav,Angry,324,Angry,Surprise,Happy,False,False,True,6.117934e-05,1.1043941e-07,0.03488325,0.00070044526,8.4184014e-11,1.8791421e-06,0.96435314
18,inesco,fcim,fcim_a230.wav,Angry,234,Angry,Fear,Angry,False,True,True,0.10532901,0.00038593114,0.77854145,0.09286489,1.43157085e-05,0.0007162368,0.022148209
19,inesco,fcim,fcim_a231.wav,Angry,189,Angry,Angry,Angry,True,True,False,0.9450741,3.678137e-07,0.00013969764,0.053195562,2.6631255e-06,2.3854784e-06,0.0015852503
20,inesco,fcim,fcim_a232.wav,Angry,241,Angry,Fear,Happy,False,False,True,0.11138058,1.1548199e-06,0.56748015,0.29831085,8.2770566e-07,0.0022132422,0.020613153
21,inesco,fcim,fcim_a233.wav,Angry,266,Angry,Surprise,Angry,False,True,True,0.103535905,0.00015279648,0.13868076,0.09373664,5.7932924e-05,0.0013504905,0.6624855
22,inesco,fcim,fcim_a234.wav,Angry,81,Angry,Angry,Angry,True,True,False,0.7348007,1.22411075e-05,0.028247852,0.09123496,0.023601996,0.0011848855,0.12091733
23,inesco,fcim,fcim_a235.wav,Angry,71,Angry,Fear,Angry,False,True,True,0.0010727794,7.5763965e-06,0.99733245,2.1484735e-05,8.800218e-05,0.00052665506,0.000951012
24,inesco,fcim,fcim_a236.wav,Angry,231,Angry,Fear,Happy,False,False,True,0.032267515,0.00460592,0.634277,0.23194213,9.676476e-07,0.0009934675,0.09591307
25,inesco,fcim,fcim_a237.wav,Angry,145,Angry,Happy,Happy,False,False,False,0.02519554,7.1078735e-05,0.16468441,0.75925606,0.00025404486,0.009440803,0.041098
26,inesco,fcim,fcim_a238.wav,Angry,186,Angry,Happy,Happy,False,False,False,0.028316708,9.99759e-06,0.10370923,0.7774368,9.20503e-06,2.4096926e-06,0.09051562
27,inesco,fcim,fcim_a239.wav,Angry,209,Angry,Angry,Angry,True,True,False,0.8107993,4.975022e-05,0.13361737,0.045305483,5.4655817e-07,0.00048822892,0.009739357
28,inesco,fcim,fcim_a240.wav,Angry,167,Angry,Fear,Happy,False,False,True,0.0006993782,1.0216814e-06,0.82592696,0.14569937,7.0812035e-08,7.9419595e-05,0.027593732
29,inesco,fcim,fcim_a241.wav,Angry,109,Angry,Surprise,Happy,False,False,True,0.028774273,1.3685378e-06,0.010550662,0.13806632,2.5132225e-05,0.00019570504,0.8223865
30,inesco,fcim,fcim_a242.wav,Angry,401,Angry,Surprise,Angry,False,True,True,0.16373816,0.08630981,0.05636123,0.08343524,2.5076379e-05,0.001041361,0.60908914
31,inesco,fcim,fcim_a243.wav,Angry,202,Angry,Fear,Happy,False,False,True,0.00154385,0.0023791199,0.99086714,0.004196614,1.5984715e-06,7.278322e-05,0.00093888544
32,inesco,fcim,fcim_a244.wav,Angry,180,Angry,Angry,Angry,True,True,False,0.86524177,3.669146e-07,0.03380808,0.0887233,1.0581096e-07,7.0278834e-06,0.01221932
33,inesco,fcim,fcim_a245.wav,Angry,218,Angry,Fear,Happy,False,False,True,0.13287546,4.771267e-05,0.35479715,0.32843766,1.6326253e-06,0.00036709633,0.18347336
34,inesco,fcim,fcim_a246.wav,Angry,87,Angry,Angry,Angry,True,True,False,0.47119874,6.9314706e-07,0.3445355,0.090233006,0.000120386096,2.0565898e-05,0.09389109
35,inesco,fcim,fcim_a247.wav,Angry,324,Angry,Fear,Angry,False,True,True,0.33527893,0.029741853,0.5991828,0.0037751133,4.4019922e-07,0.004801663,0.0272192
36,inesco,fcim,fcim_a248.wav,Angry,225,Angry,Angry,Angry,True,True,False,0.7619804,0.0024773104,0.007309408,0.020085772,1.8750284e-06,0.0028476682,0.20529753
37,inesco,fcim,fcim_a249.wav,Angry,273,Angry,Happy,Happy,False,False,False,0.033721145,3.8812832e-05,0.008802934,0.93407404,4.0317275e-08,6.239075e-06,0.02335675
38,inesco,fcim,fcim_a250.wav,Angry,317,Angry,Surprise,Happy,False,False,True,4.139131e-06,6.3040556e-05,0.063687585,0.0014669087,1.1995244e-08,0.0001670159,0.9346114
39,inesco,fcim,fcim_a251.wav,Angry,295,Angry,Surprise,Happy,False,False,True,0.0040215086,0.0006396026,0.066538885,0.087039076,2.832034e-07,0.008890248,0.83287036
40,inesco,fcim,fcim_a252.wav,Angry,356,Angry,Angry,Angry,True,True,False,0.7341589,0.00022978976,0.02699027,0.022053216,2.2572021e-07,0.001016528,0.21555103
41,inesco,fcim,fcim_a253.wav,Angry,215,Angry,Happy,Happy,False,False,False,0.010347866,1.108716e-05,0.0023407207,0.98638386,3.2288572e-09,3.7525515e-07,0.0009160381
42,inesco,fcim,fcim_a254.wav,Angry,209,Angry,Fear,Happy,False,False,True,0.046663936,2.8027705e-07,0.6387877,0.16226655,1.29284246e-08,2.5596235e-06,0.15227897
43,inesco,fcim,fcim_a255.wav,Angry,308,Angry,Fear,Happy,False,False,True,6.623875e-05,3.0933302e-06,0.9830027,0.0005578327,1.703508e-08,8.188658e-05,0.016288245
44,inesco,fcim,fcim_a256.wav,Angry,401,Angry,Surprise,Angry,False,True,True,0.06786544,7.956681e-05,0.0028488033,0.00076278945,1.3388876e-08,1.9294579e-05,0.9284241
45,inesco,fcim,fcim_a257.wav,Angry,237,Angry,Angry,Angry,True,True,False,0.99930096,3.7846473e-07,0.00017753086,0.00047630444,6.4863093e-09,1.4741992e-05,3.001092e-05
46,inesco,fcim,fcim_a258.wav,Angry,167,Angry,Fear,Happy,False,False,True,0.014778147,3.5189407e-06,0.94260305,0.033175685,5.631038e-06,4.9805447e-05,0.009384222
47,inesco,fcim,fcim_a259.wav,Angry,228,Angry,Happy,Happy,False,False,False,0.01033571,3.2257346e-06,0.012443957,0.9199177,1.5705186e-09,1.5731106e-07,0.05729925
48,inesco,fcim,fcim_a260.wav,Angry,285,Angry,Surprise,Angry,False,True,True,0.11552064,0.09654046,0.112501845,0.033856444,3.130332e-07,0.0064689154,0.6351114
49,inesco,fcim,fcim_a261.wav,Angry,260,Angry,Angry,Angry,True,True,False,0.74764895,6.2894615e-05,0.012915592,0.009337612,4.30725e-08,0.00043455037,0.22960024
50,inesco,fcim,fcim_a262.wav,Angry,186,Angry,Happy,Happy,False,False,False,0.10288779,1.0654323e-06,0.09853984,0.702332,4.1194787e-07,1.2795783e-05,0.09622607
51,inesco,fcim,fcim_a263.wav,Angry,173,Angry,Happy,Happy,False,False,False,0.41781107,6.030673e-06,0.0005608395,0.5810956,1.02591275e-05,0.00012344359,0.00039282255
52,inesco,fcim,fcim_a264.wav,Angry,100,Angry,Surprise,Happy,False,False,True,5.405053e-05,2.444404e-08,0.0084509915,0.02601463,6.1489857e-07,4.1793544e-07,0.96547925
53,inesco,fcim,fcim_a265.wav,Angry,122,Angry,Surprise,Happy,False,False,True,0.001336481,5.242951e-06,0.09294203,0.0063529415,4.2541888e-06,1.7050023e-05,0.899342
54,inesco,fcim,fcim_a266.wav,Angry,375,Angry,Surprise,Happy,False,False,True,0.0014107839,8.28755e-07,0.39695865,0.005094457,2.1614902e-08,9.9907746e-05,0.59643537
55,inesco,fcim,fcim_a267.wav,Angry,151,Angry,Happy,Happy,False,False,False,0.0051032803,3.423988e-06,0.34867707,0.6393928,0.0010833223,0.00014174257,0.0055983365
56,inesco,fcim,fcim_a268.wav,Angry,90,Angry,Angry,Angry,True,True,False,0.7852051,8.1853446e-05,0.19699068,0.0020089003,2.6176058e-05,2.1587026e-05,0.01566568
57,inesco,fcim,fcim_a269.wav,Angry,154,Angry,Angry,Angry,True,True,False,0.9846215,3.3917497e-06,0.013386101,0.0019857879,1.2807668e-07,2.1350519e-07,2.870262e-06
58,inesco,fcim,fcim_a270.wav,Angry,173,Angry,Fear,Happy,False,False,True,0.026877908,0.00010180296,0.83472455,0.05936627,1.254845e-05,0.0021749074,0.07674202
59,inesco,fcim,fcim_a271.wav,Angry,343,Angry,Surprise,Happy,False,False,True,4.3675624e-07,3.8600824e-08,0.08020509,0.001505617,3.753619e-09,8.820781e-06,0.91828
60,inesco,fcim,fcim_a272.wav,Angry,324,Angry,Surprise,Happy,False,False,True,0.000264527,4.222442e-05,0.060814038,0.06741033,4.4186837e-07,0.00022659083,0.8712418
61,inesco,fcim,fcim_a273.wav,Angry,247,Angry,Angry,Angry,True,True,False,0.9889185,3.3678725e-06,0.0012259032,0.009495644,1.7367282e-06,0.00019710175,0.0001576823
62,inesco,fcim,fcim_a274.wav,Angry,330,Angry,Surprise,Happy,False,False,True,0.0012496636,9.082583e-08,0.12822528,0.008472219,1.0894086e-08,1.9368936e-05,0.8620333
63,inesco,fcim,fcim_a275.wav,Angry,145,Angry,Fear,Happy,False,False,True,1.06151e-06,4.1908144e-11,0.9990957,0.0005098416,5.3506497e-09,1.16057635e-07,0.00039332494
64,inesco,fcim,fcim_a276.wav,Angry,244,Angry,Angry,Angry,True,True,False,0.92470974,0.0015762263,0.025889255,0.03462711,7.629651e-07,0.012873093,0.0003237721
65,inesco,fcim,fcim_a277.wav,Angry,260,Angry,Happy,Happy,False,False,False,0.12417227,1.6872013e-05,0.32681018,0.42167392,2.469709e-05,0.00097624084,0.12632585
66,inesco,fcim,fcim_a278.wav,Angry,401,Angry,Fear,Happy,False,False,True,0.00012661121,5.8210716e-08,0.9313743,0.028298846,2.191199e-08,0.00080032955,0.039399836
67,inesco,fcim,fcim_a279.wav,Angry,289,Angry,Surprise,Happy,False,False,True,1.802072e-06,6.323946e-08,0.0003520745,9.8959594e-05,4.2829928e-10,5.026452e-07,0.9995466
68,inesco,fcim,fcim_a280.wav,Angry,282,Angry,Surprise,Happy,False,False,True,0.005632528,0.050071392,0.037857413,0.04208837,2.7814323e-08,0.0057473425,0.85860294
69,inesco,fcim,fcim_a281.wav,Angry,276,Angry,Angry,Angry,True,True,False,0.43046132,0.00012552447,0.38170668,0.0023144407,6.974629e-08,0.002891626,0.18250032
70,inesco,fcim,fcim_a282.wav,Angry,225,Angry,Fear,Angry,False,True,True,0.074712306,0.006973138,0.8339015,0.031152064,1.536249e-06,0.0042364215,0.049023088
71,inesco,fcim,fcim_a283.wav,Angry,359,Angry,Surprise,Angry,False,True,True,0.109072275,3.3022414e-05,0.0002608488,0.0010464491,6.9876593e-09,1.5266914e-05,0.8895721
72,inesco,fcim,fcim_a284.wav,Angry,263,Angry,Happy,Happy,False,False,False,0.21514846,8.465543e-05,0.1627446,0.47928953,5.505541e-05,0.0060559106,0.13662179
73,inesco,fcim,fcim_a285.wav,Angry,295,Angry,Angry,Angry,True,True,False,0.91322905,0.020128915,0.00044217636,0.06135964,2.3277178e-05,0.00030481725,0.0045121238
74,inesco,fcim,fcim_a286.wav,Angry,362,Angry,Angry,Angry,True,True,False,0.8722417,0.00010614121,0.00058068836,0.0003577077,2.1062165e-08,1.8347971e-06,0.12671189
75,inesco,fcim,fcim_a287.wav,Angry,186,Angry,Angry,Angry,True,True,False,0.97055614,1.7052657e-10,3.2878594e-05,0.02940197,5.4201656e-08,1.512017e-08,8.941917e-06
76,inesco,fcim,fcim_a288.wav,Angry,221,Angry,Fear,Happy,False,False,True,0.0002979456,1.6243459e-05,0.9920819,0.0034660362,2.0220831e-08,0.00022791968,0.0039099483
77,inesco,fcim,fcim_a289.wav,Angry,135,Angry,Angry,Angry,True,True,False,0.85421443,4.0313265e-07,0.10457982,0.040600013,1.4336906e-06,1.1595719e-06,0.0006026469
78,inesco,fcim,fcim_a290.wav,Angry,298,Angry,Surprise,Happy,False,False,True,0.00017142734,0.0009734498,0.2688217,0.0006213986,3.812091e-08,8.584452e-05,0.72932607
79,inesco,fcim,fcim_a291.wav,Angry,148,Angry,Angry,Angry,True,True,False,0.7074316,1.158428e-06,0.00401912,0.28170732,4.6166308e-05,0.00019142081,0.0066031744
80,inesco,fcim,fcim_a292.wav,Angry,84,Angry,Angry,Angry,True,True,False,0.8665526,6.5136476e-07,0.0011064139,0.11593902,1.911947e-05,3.614642e-06,0.016378542
81,inesco,fcim,fcim_a293.wav,Angry,205,Angry,Angry,Angry,True,True,False,0.3935729,4.4481345e-05,0.21643001,0.38561565,5.237893e-06,0.00090302527,0.0034286939
82,inesco,fcim,fcim_a294.wav,Angry,372,Angry,Surprise,Happy,False,False,True,0.00027999896,1.470876e-09,0.013298727,0.018914087,1.1839669e-09,4.9599953e-07,0.9675067
83,inesco,fcim,fcim_a295.wav,Angry,301,Angry,Fear,Happy,False,False,True,0.0019804984,2.648403e-07,0.95847994,0.036511656,2.3512894e-09,0.00012780067,0.0028997269
84,inesco,fcim,fcim_a296.wav,Angry,154,Angry,Angry,Angry,True,True,False,0.4456948,1.3229617e-07,0.35179263,0.17446396,3.795851e-06,6.6642524e-06,0.02803808
85,inesco,fcim,fcim_a297.wav,Angry,77,Angry,Fear,Angry,False,True,True,0.19545095,8.9510046e-05,0.53287506,0.01082598,9.781948e-05,0.0019298719,0.25873086
86,inesco,fcim,fcim_a298.wav,Angry,161,Angry,Happy,Happy,False,False,False,0.002302407,3.6544643e-06,0.0046740267,0.971492,1.6590826e-05,6.740291e-05,0.021443984
87,inesco,fcim,fcim_a299.wav,Angry,269,Angry,Angry,Angry,True,True,False,0.8969781,5.8930223e-06,0.0014885757,0.10107135,7.297663e-06,0.00010648494,0.0003423461
88,inesco,fcim,fcim_a300.wav,Angry,401,Angry,Surprise,Happy,False,False,True,1.8119521e-05,2.0249342e-07,3.64064e-07,0.16058512,2.0342102e-10,3.612994e-09,0.8393962
89,inesco,fcim,fcim_a301.wav,Angry,225,Angry,Angry,Angry,True,True,False,0.6273089,0.00037665208,0.22980125,0.060404718,5.6532363e-06,0.00079174247,0.08131109
90,inesco,fcim,fcim_a302.wav,Angry,359,Angry,Surprise,Happy,False,False,True,0.000120260076,2.553464e-07,0.043069564,0.011604758,8.544186e-12,1.6791827e-07,0.9452051
91,inesco,fcim,fcim_a303.wav,Angry,308,Angry,Surprise,Angry,False,True,True,0.051737733,2.512512e-05,0.34320295,0.031215448,5.9056365e-08,0.0002457188,0.573573
92,inesco,fcim,fcim_a304.wav,Angry,132,Angry,Fear,Happy,False,False,True,0.0003336248,1.4915513e-10,0.9954875,0.003709867,1.6929668e-07,8.5381185e-07,0.00046793357
93,inesco,fcim,fcim_a305.wav,Angry,311,Angry,Surprise,Happy,False,False,True,0.005030401,1.1320161e-06,0.041720375,0.13819768,6.2248506e-07,4.2805303e-05,0.81500703
94,inesco,fcim,fcim_a306.wav,Angry,314,Angry,Fear,Angry,False,True,True,0.17893735,6.239735e-05,0.78057796,0.011717427,1.304704e-07,0.00021497019,0.028489811
95,inesco,fcim,fcim_a307.wav,Angry,189,Angry,Angry,Angry,True,True,False,0.60957575,6.574442e-07,0.24688908,0.070869185,2.3632535e-07,0.00023451747,0.07243055
96,inesco,fcim,fcim_a308.wav,Angry,337,Angry,Surprise,Happy,False,False,True,0.021897916,2.8655398e-07,0.30898848,0.12761393,6.278828e-09,5.327302e-06,0.541494
97,inesco,fcim,fcim_a309.wav,Angry,58,Angry,Surprise,Angry,False,True,True,0.0007838588,2.1279689e-06,0.114046656,0.00076466636,4.3426522e-07,3.324465e-05,0.88436913
98,inesco,fcim,fcim_a310.wav,Angry,97,Angry,Fear,Angry,False,True,True,0.1828026,3.2730452e-06,0.7941488,0.0051080775,5.618346e-06,0.00014363453,0.017787961
99,inesco,fcim,fcim_a311.wav,Angry,97,Angry,Surprise,Happy,False,False,True,0.028230537,1.7485576e-06,0.05468996,0.050318513,7.581389e-05,3.6249534e-05,0.8666472
100,inesco,fcim,fcim_a312.wav,Angry,193,Angry,Surprise,Happy,False,False,True,2.3494058e-06,1.7565634e-08,0.0009932288,0.017165687,3.407591e-10,7.730391e-08,0.9818386
101,inesco,fcim,fcim_a313.wav,Angry,193,Angry,Fear,Happy,False,False,True,0.106310286,1.3962872e-06,0.47669306,0.39780056,9.365659e-07,0.00046138276,0.018732352
102,inesco,fcim,fcim_a314.wav,Angry,244,Angry,Angry,Angry,True,True,False,0.5342497,1.4497729e-07,0.0086084595,0.45701766,8.113839e-07,8.135492e-06,0.000115041024
103,inesco,fcim,fcim_a315.wav,Angry,298,Angry,Fear,Angry,False,True,True,0.08402357,7.4178155e-05,0.8242109,0.023248637,2.6152665e-07,0.0021011853,0.06634133
104,inesco,fcim,fcim_a316.wav,Angry,401,Angry,Surprise,Happy,False,False,True,0.00966056,3.873511e-06,0.020387508,0.47050357,9.336875e-08,6.260725e-05,0.49938184
105,inesco,fcim,fcim_a317.wav,Angry,365,Angry,Surprise,Angry,False,True,True,0.015058059,0.0006707425,0.050704148,0.0011810254,2.0016077e-07,0.00022221156,0.93216366
106,inesco,fcim,fcim_a318.wav,Angry,247,Angry,Angry,Angry,True,True,False,0.76232725,0.0002769822,0.10251593,0.10597146,2.5768836e-08,0.00027749353,0.028630871
107,inesco,fcim,fcim_a319.wav,Angry,401,Angry,Happy,Happy,False,False,False,9.199637e-05,3.3524188e-08,0.004000783,0.5646159,7.434694e-10,1.52312505e-05,0.43127605
108,inesco,fcim,fcim_a320.wav,Angry,113,Angry,Fear,Angry,False,True,True,0.39667034,3.4365646e-06,0.52951974,0.014569599,0.00018896781,0.00021978645,0.058828115
109,inesco,fcim,fcim_a321.wav,Angry,68,Angry,Angry,Angry,True,True,False,0.70329404,4.239915e-05,0.0114775,0.01985705,5.6689492e-05,0.0017848071,0.26348746
110,inesco,fcim,fcim_a322.wav,Angry,58,Angry,Angry,Angry,True,True,False,0.88827455,1.9625782e-05,0.006538158,0.005353056,8.046436e-06,0.00017696961,0.09962962
111,inesco,fcim,fcim_a323.wav,Angry,52,Angry,Surprise,Happy,False,False,True,0.0041671004,9.644764e-06,0.010680935,0.00603989,5.0861768e-06,7.836649e-05,0.97901905
112,inesco,fcim,fcim_a324.wav,Angry,154,Angry,Angry,Angry,True,True,False,0.6057035,4.1698463e-06,0.083947845,0.27253318,0.00085777673,0.001750163,0.035203397
113,inesco,fcim,fcim_a325.wav,Angry,145,Angry,Happy,Happy,False,False,False,0.09816529,5.109802e-07,0.011932677,0.88383836,0.0034080688,2.3566243e-05,0.0026316636
114,inesco,fcim,fcim_a326.wav,Angry,215,Angry,Fear,Happy,False,False,True,0.00038668967,3.183324e-07,0.99119943,0.00610602,4.84931e-06,0.0021480403,0.00015460528
115,inesco,fcim,fcim_a327.wav,Angry,241,Angry,Happy,Happy,False,False,False,0.009092631,7.875716e-06,5.2726737e-05,0.9763523,6.3130375e-07,3.3965825e-05,0.014459795
116,inesco,fcim,fcim_a328.wav,Angry,202,Angry,Happy,Happy,False,False,False,6.023833e-06,2.7690994e-06,0.0049763266,0.988806,3.7748745e-08,7.4408317e-06,0.006201351
117,inesco,fcim,fcim_a329.wav,Angry,180,Angry,Fear,Happy,False,False,True,0.0076985424,1.17963855e-05,0.6105401,0.33403078,1.8096287e-05,0.0088618975,0.038838852
118,inesco,fcim,fcim_a330.wav,Angry,97,Angry,Fear,Angry,False,True,True,0.2994122,8.042095e-07,0.5172721,0.16269177,2.5001943e-06,2.3518307e-06,0.020618323
119,inesco,fcim,fcim_a331.wav,Angry,183,Angry,Angry,Angry,True,True,False,0.77006954,3.671442e-06,0.02253242,0.12962621,2.3346132e-05,8.9831956e-05,0.077654906
120,inesco,fcim,fcim_a333.wav,Angry,84,Angry,Surprise,Happy,False,False,True,0.00086171366,1.3632521e-06,0.20199361,0.0014443255,1.516218e-06,7.4199146e-05,0.7956233
121,inesco,fcim,fcim_a334.wav,Angry,180,Angry,Happy,Happy,False,False,False,0.0018364447,1.8197106e-08,0.06456217,0.93311024,2.6482734e-05,6.301288e-05,0.0004015965
122,inesco,fcim,fcim_a335.wav,Angry,180,Angry,Happy,Happy,False,False,False,0.18921046,0.00027609285,0.024923075,0.6883239,7.17644e-06,0.003055287,0.09420394
123,inesco,fcim,fcim_a336.wav,Angry,186,Angry,Happy,Happy,False,False,False,0.25938156,8.712334e-08,0.2440589,0.4959017,1.3910804e-07,1.8752642e-05,0.0006388269
124,inesco,fcim,fcim_a337.wav,Angry,199,Angry,Happy,Happy,False,False,False,0.08647868,0.00010793233,0.033928037,0.8722508,2.2543834e-05,0.0040621944,0.003149748
125,inesco,fcim,fcim_a338.wav,Angry,173,Angry,Happy,Happy,False,False,False,0.36160532,0.0002445283,0.00423696,0.49340665,0.0008553026,0.0024777683,0.13717341
126,inesco,fcim,fcim_a339.wav,Angry,260,Angry,Angry,Angry,True,True,False,0.49423796,0.0078117247,0.014713408,0.053483304,6.784174e-07,0.42921576,0.0005370932
127,inesco,fcim,fcim_a340.wav,Angry,93,Angry,Fear,Angry,False,True,True,0.054985713,8.820317e-06,0.89445543,0.013795935,0.00019070161,0.00029675465,0.03626663
128,inesco,fcim,fcim_a341.wav,Angry,266,Angry,Happy,Happy,False,False,False,0.0026944948,5.646134e-05,0.18124866,0.6866979,5.318632e-08,0.004807906,0.124494605
129,inesco,fcim,fcim_a342.wav,Angry,209,Angry,Surprise,Happy,False,False,True,8.852799e-06,2.3865873e-08,0.009805229,0.010088347,5.0858777e-08,9.4873053e-07,0.9800965
130,inesco,fcim,fcim_a343.wav,Angry,183,Angry,Fear,Happy,False,False,True,0.0028793716,4.2370292e-08,0.5482494,0.4486935,9.845665e-05,6.431759e-05,1.4884605e-05
131,inesco,fcim,fcim_a344.wav,Angry,183,Angry,Angry,Angry,True,True,False,0.39657357,1.5934581e-06,0.28458115,0.13242656,2.58074e-05,1.7574213e-05,0.18637368
132,inesco,fcim,fcim_a345.wav,Angry,202,Angry,Happy,Happy,False,False,False,0.38277933,0.00010386308,0.00025643012,0.6160049,9.793175e-05,9.3068475e-06,0.00074829813
133,inesco,fcim,fcim_a346.wav,Angry,289,Angry,Surprise,Angry,False,True,True,0.09464312,0.00060514704,0.2813756,0.00022842159,1.3023033e-07,0.0027947256,0.6203529
134,inesco,fcim,fcim_a347.wav,Angry,209,Angry,Fear,Happy,False,False,True,0.0014402609,5.7333045e-07,0.95258063,0.04273979,4.1364183e-07,6.838617e-05,0.0031699645
135,inesco,fcim,fcim_a348.wav,Angry,106,Angry,Surprise,Angry,False,True,True,0.05015091,8.255906e-05,0.106045835,0.011072527,0.0021317112,0.001990051,0.82852644
136,inesco,fcim,fcim_a349.wav,Angry,253,Angry,Angry,Angry,True,True,False,0.9986964,8.558381e-09,4.8379047e-06,0.0012765683,1.24988474e-11,7.2534903e-09,2.224002e-05
137,inesco,fcim,fcim_a350.wav,Angry,401,Angry,Surprise,Happy,False,False,True,0.059355535,8.922765e-06,0.003360891,0.3197564,3.902315e-08,1.5034001e-05,0.61750317
138,inesco,fcim,fcim_a351.wav,Angry,257,Angry,Happy,Happy,False,False,False,0.02181249,8.708302e-06,0.21348625,0.6674904,3.9839082e-07,1.8981864e-05,0.097182706
139,inesco,fcim,fcim_a352.wav,Angry,109,Angry,Fear,Happy,False,False,True,0.002576814,1.0131143e-07,0.8576828,0.1328223,0.00041533503,0.00012410895,0.00637846
140,inesco,fcim,fcim_a353.wav,Angry,253,Angry,Happy,Happy,False,False,False,0.004318671,0.0119665135,0.033722874,0.50931287,1.0583064e-05,0.0004185859,0.4402499
141,inesco,fcim,fcim_a354.wav,Angry,314,Angry,Fear,Angry,False,True,True,0.048121966,0.0016589123,0.8775521,0.00680775,3.1113388e-05,0.04336719,0.022460997
142,inesco,fcim,fcim_a355.wav,Angry,247,Angry,Surprise,Angry,False,True,True,0.018869795,0.24725902,0.017375493,0.007511963,3.869413e-09,0.0006724417,0.70831126
143,inesco,fcim,fcim_a356.wav,Angry,324,Angry,Angry,Angry,True,True,False,0.9253954,3.0768476e-06,0.0111570675,0.0011063092,1.3385944e-07,1.6423355e-05,0.062321566
144,inesco,fcim,fcim_a357.wav,Angry,199,Angry,Fear,Happy,False,False,True,0.0017205303,1.3627761e-05,0.9344656,0.01860819,1.8283814e-05,0.0047664563,0.040407352
145,inesco,fcim,fcim_a358.wav,Angry,135,Angry,Angry,Angry,True,True,False,0.80533063,1.048193e-05,0.008556209,0.03986452,0.00014458975,0.000119416356,0.14597419
146,inesco,fcim,fcim_a359.wav,Angry,218,Angry,Angry,Angry,True,True,False,0.9981383,4.2264655e-06,0.00010537334,0.00021369677,1.422799e-09,2.5645973e-05,0.0015126806
147,inesco,fcim,fcim_a360.wav,Angry,93,Angry,Fear,Happy,False,False,True,6.461225e-05,2.2198324e-07,0.94806176,0.001867414,2.5709762e-06,1.0191368e-05,0.04999319
148,inesco,fcim,fcim_a361.wav,Angry,145,Angry,Surprise,Angry,False,True,True,0.017551556,8.1411144e-09,0.26348847,0.011716295,9.4686e-10,2.6489644e-08,0.70724374
149,inesco,fcim,fcim_a362.wav,Angry,81,Angry,Surprise,Angry,False,True,True,0.041715074,5.3568423e-05,0.03134216,0.012392569,5.2811858e-05,0.00045780867,0.9139861
150,inesco,fcim,fcim_a363.wav,Angry,138,Angry,Surprise,Happy,False,False,True,0.10779882,6.208996e-07,0.119269066,0.22773322,9.3017866e-07,1.6824777e-05,0.54518056
151,inesco,fcim,fcim_a364.wav,Angry,151,Angry,Surprise,Angry,False,True,True,0.04719201,8.9013355e-08,0.0005961892,0.011164197,2.1418417e-07,6.2280286e-08,0.94104725
152,inesco,fcim,fcim_a365.wav,Angry,141,Angry,Happy,Happy,False,False,False,0.05045005,3.6873966e-09,0.051245585,0.89806557,3.4450786e-05,9.348735e-06,0.0001950527
153,inesco,fcim,fcim_a366.wav,Angry,186,Angry,Angry,Angry,True,True,False,0.7904561,8.698337e-08,0.0111996755,0.19830038,5.2120718e-06,1.3572955e-05,2.4901758e-05
154,inesco,fcim,fcim_a367.wav,Angry,68,Angry,Angry,Angry,True,True,False,0.42357337,6.6309054e-05,0.3418746,0.21647173,0.0060546338,0.0005743063,0.011385019
155,inesco,fcim,fcim_a368.wav,Angry,129,Angry,Surprise,Angry,False,True,True,0.027547158,7.883263e-08,0.00196781,0.02611605,4.590711e-07,1.4190463e-06,0.944367
156,inesco,fcim,fcim_a369.wav,Angry,145,Angry,Angry,Angry,True,True,False,0.9988047,7.6804106e-08,1.2065699e-05,0.0010893197,6.9391367e-06,1.1497309e-08,8.68829e-05
157,inesco,fcim,fcim_a370.wav,Angry,151,Angry,Fear,Happy,False,False,True,0.0022147514,3.9164455e-08,0.952323,0.04216496,4.652361e-05,2.1297117e-05,0.0032293801
158,inesco,fcim,fcim_a371.wav,Angry,145,Angry,Fear,Sad,False,False,True,2.6607042e-06,7.936947e-09,0.9982278,1.5182351e-05,1.0221654e-07,6.256754e-05,0.0016917201
159,inesco,fcim,fcim_a372.wav,Angry,157,Angry,Happy,Happy,False,False,False,0.04502955,3.1777188e-07,0.09815961,0.8549434,3.187453e-05,6.4990185e-05,0.0017703024
160,inesco,fcim,fcim_a373.wav,Angry,189,Angry,Happy,Happy,False,False,False,0.41698703,8.95839e-08,0.07436422,0.491021,5.7496045e-06,0.00026643026,0.017355466
161,inesco,fcim,fcim_a374.wav,Angry,77,Angry,Fear,Angry,False,True,True,0.13508224,0.0018722562,0.70636827,0.007941662,0.0016701967,0.022945022,0.12412032
162,inesco,fcim,fcim_a375.wav,Angry,244,Angry,Surprise,Happy,False,False,True,7.241589e-05,1.2724755e-05,0.0036774543,0.0801983,3.1939444e-06,0.0011211336,0.9149147
163,inesco,fcim,fcim_a376.wav,Angry,52,Angry,Fear,Angry,False,True,True,0.20520644,6.5601507e-06,0.7705303,0.013234828,9.8738295e-05,0.00015562614,0.010767553
164,inesco,fcim,fcim_a377.wav,Angry,74,Angry,Surprise,Happy,False,False,True,0.09589797,3.3102776e-06,0.1392823,0.34377882,1.7117876e-05,0.00013363335,0.42088678
165,inesco,fcim,fcim_a378.wav,Angry,116,Angry,Surprise,Happy,False,False,True,0.0077646705,4.1123116e-08,0.038697183,0.02112199,1.367411e-05,1.8336631e-06,0.9324005
166,inesco,fcim,fcim_a379.wav,Angry,154,Angry,Surprise,Happy,False,False,True,0.063847326,7.4958086e-07,0.24530078,0.141694,1.8127301e-07,5.9569725e-06,0.54915094
167,inesco,fcim,fcim_a380.wav,Angry,260,Angry,Surprise,Angry,False,True,True,0.47166803,0.0005971704,0.029381845,0.017618824,3.4225806e-07,0.0005824647,0.4801514
168,inesco,fcim,fcim_a381.wav,Angry,186,Angry,Happy,Happy,False,False,False,0.19786096,2.5790854e-05,0.0073671727,0.79232454,5.118742e-06,6.9789945e-05,0.0023465739
169,inesco,fcim,fcim_a382.wav,Angry,132,Angry,Surprise,Happy,False,False,True,9.705619e-08,1.3479865e-07,0.36026013,0.0030671826,3.6371418e-07,4.266308e-05,0.6366294
170,inesco,fcim,fcim_a383.wav,Angry,97,Angry,Fear,Sad,False,False,True,4.494846e-05,8.5839856e-05,0.99420565,6.602933e-05,3.2840588e-05,0.0006276047,0.0049371175
171,inesco,fcim,fcim_a384.wav,Angry,116,Angry,Surprise,Happy,False,False,True,0.012758604,1.6482603e-06,0.014261145,0.016659545,6.4074825e-06,4.5364697e-05,0.9562673
172,inesco,fcim,fcim_a385.wav,Angry,109,Angry,Angry,Angry,True,True,False,0.55347264,1.6511177e-06,0.007661051,0.022150373,0.0007001021,0.00024310204,0.4157711
173,inesco,fcim,fcim_a386.wav,Angry,109,Angry,Happy,Happy,False,False,False,0.116410196,1.647006e-05,0.18785822,0.41552094,0.0005873999,0.0027985114,0.2768083
174,inesco,fcim,fcim_a387.wav,Angry,353,Angry,Surprise,Happy,False,False,True,0.059237126,2.7796827e-05,0.004438061,0.07826232,5.243635e-08,3.2142947e-05,0.8580025
175,inesco,fcim,fcim_a388.wav,Angry,58,Angry,Fear,Happy,False,False,True,0.0037506158,1.4597983e-05,0.88592654,0.009532309,1.4707285e-05,0.0016059038,0.09915527
176,inesco,fcim,fcim_a389.wav,Angry,93,Angry,Surprise,Angry,False,True,True,0.014178897,1.5244418e-06,0.0035871551,0.0055208365,1.0514927e-05,7.607275e-05,0.97662497
177,inesco,fcim,fcim_a390.wav,Angry,65,Angry,Fear,Angry,False,True,True,0.16665292,6.2888557e-06,0.7836068,0.010043293,0.0013711232,0.0055566435,0.032762993
178,inesco,fcim,fcim_a391.wav,Angry,55,Angry,Surprise,Angry,False,True,True,0.049296975,4.3874034e-06,0.13851736,0.004296164,6.108153e-06,0.00013081108,0.8077482
179,inesco,fcim,fcim_a392.wav,Angry,39,Angry,Fear,Angry,False,True,True,0.1102977,2.193055e-05,0.7874091,0.018315127,5.4494238e-05,0.0023546945,0.08154687
180,inesco,fcim,fcim_a393.wav,Angry,125,Angry,Angry,Angry,True,True,False,0.82749534,1.0124692e-06,0.008394149,0.013244924,7.210627e-07,4.933962e-07,0.15086338
181,inesco,fcim,fcim_a394.wav,Angry,129,Angry,Surprise,Happy,False,False,True,0.13104393,1.7012653e-06,0.03053145,0.38591078,1.0006733e-05,2.4931318e-05,0.45247716
182,inesco,fcim,fcim_a395.wav,Angry,164,Angry,Happy,Happy,False,False,False,0.3977357,2.739478e-08,0.0009166469,0.5607346,3.2815115e-07,3.2978962e-06,0.04060942
183,inesco,fcim,fcim_a396.wav,Angry,218,Angry,Fear,Happy,False,False,True,0.21097812,2.8542167e-05,0.42994598,0.34493646,0.00052499113,0.011389191,0.002196743
184,inesco,fcim,fcim_a397.wav,Angry,52,Angry,Surprise,Angry,False,True,True,0.02609531,8.040692e-06,0.0027427678,0.019291358,2.2100403e-05,2.6975653e-05,0.95181334
185,inesco,fcim,fcim_a398.wav,Angry,68,Angry,Fear,Happy,False,False,True,0.00031930333,1.1287652e-07,0.71441555,0.010336027,1.2706228e-08,1.3466339e-06,0.2749276
186,inesco,fcim,fcim_a399.wav,Angry,346,Angry,Angry,Angry,True,True,False,0.8106006,3.8968327e-07,0.019377653,0.012542315,3.2241184e-07,3.7694858e-06,0.157475
187,inesco,fcim,fcim_a400.wav,Angry,301,Angry,Surprise,Happy,False,False,True,0.040744215,0.0001651962,0.055871654,0.040774386,1.262999e-06,0.0009283872,0.8615149
188,inesco,fcim,fcim_a401.wav,Angry,215,Angry,Angry,Angry,True,True,False,0.8863789,3.426141e-07,0.0066252877,0.10520432,3.7488476e-06,5.3865205e-07,0.0017869903
189,inesco,fcim,fcim_h001.wav,Happy,199,Happy,Surprise,Happy,False,True,True,0.000110703535,1.3302313e-06,0.032724556,0.119427525,1.0275657e-05,0.0018903019,0.8458353
190,inesco,fcim,fcim_h002.wav,Happy,113,Happy,Surprise,Happy,False,True,True,0.0009925477,3.000094e-06,0.059478704,0.0025529196,8.805111e-06,4.660163e-06,0.9369593
191,inesco,fcim,fcim_h003.wav,Happy,228,Happy,Surprise,Happy,False,True,True,0.00014554402,7.8647345e-06,0.19765231,0.0578595,1.852886e-06,0.0008808989,0.743452
192,inesco,fcim,fcim_h004.wav,Happy,81,Happy,Fear,Angry,False,False,True,0.010656861,1.9278805e-06,0.98557556,0.0015074085,2.1000167e-05,5.0157512e-05,0.002187063
193,inesco,fcim,fcim_h005.wav,Happy,135,Happy,Surprise,Happy,False,True,True,1.18300095e-05,1.4049373e-08,7.936039e-06,0.00017044174,6.747713e-10,1.4012261e-07,0.9998097
194,inesco,fcim,fcim_h006.wav,Happy,196,Happy,Sad,Sad,False,False,False,9.962145e-08,0.00010407211,0.0098079275,0.057528317,0.0015822422,0.92492896,0.006048407
195,inesco,fcim,fcim_h007.wav,Happy,125,Happy,Surprise,Angry,False,False,True,0.30332807,0.0004478802,0.015171973,0.1573588,0.0068338113,0.032514144,0.48434538
196,inesco,fcim,fcim_h008.wav,Happy,266,Happy,Surprise,Happy,False,True,True,0.0395513,0.37308404,0.09109843,0.04834307,5.7557532e-05,0.047832157,0.4000335
197,inesco,fcim,fcim_h009.wav,Happy,173,Happy,Fear,Happy,False,True,True,9.575974e-06,8.109819e-08,0.9264989,0.07058202,6.4583696e-07,7.2263146e-07,0.0029081479
198,inesco,fcim,fcim_h010.wav,Happy,244,Happy,Sad,Sad,False,False,False,0.014333893,0.004495206,0.14371015,0.22230601,0.03222662,0.4345921,0.14833602
199,inesco,fcim,fcim_h011.wav,Happy,167,Happy,Fear,Happy,False,True,True,6.311573e-05,1.0951181e-06,0.9314655,0.009358079,2.8716227e-06,0.0011288424,0.057980563
200,inesco,fcim,fcim_h012.wav,Happy,253,Happy,Fear,Sad,False,False,True,0.0058037415,0.000636334,0.7752305,0.015633168,1.4854629e-07,0.07163902,0.13105713
201,inesco,fcim,fcim_h013.wav,Happy,311,Happy,Surprise,Happy,False,True,True,3.6783333e-06,1.084468e-05,0.045177035,0.0005197685,6.057716e-09,0.00015018911,0.9541386
202,inesco,fcim,fcim_h014.wav,Happy,340,Happy,Surprise,Happy,False,True,True,1.8229699e-05,2.7193645e-08,0.00036725745,0.041744217,5.3598992e-08,2.7783582e-07,0.9578699
203,inesco,fcim,fcim_h015.wav,Happy,157,Happy,Surprise,Happy,False,True,True,1.7269646e-07,6.5816494e-09,0.00043284832,1.949291e-05,1.8550573e-11,6.9849705e-08,0.9995473
204,inesco,fcim,fcim_h016.wav,Happy,193,Happy,Happy,Happy,True,True,False,0.10936237,1.3682056e-06,0.00058909494,0.5166631,3.3411186e-05,0.003249823,0.37010083
205,inesco,fcim,fcim_h017.wav,Happy,228,Happy,Fear,Happy,False,True,True,2.314487e-05,8.599759e-08,0.96041393,0.0011820691,3.5581194e-09,0.0005318441,0.03784883
206,inesco,fcim,fcim_h018.wav,Happy,324,Happy,Surprise,Happy,False,True,True,0.00018967551,7.94353e-05,0.0007671423,0.008320173,2.9755542e-08,1.343374e-06,0.99064213
207,inesco,fcim,fcim_h019.wav,Happy,234,Happy,Surprise,Happy,False,True,True,0.00045129715,0.0027664343,0.44350958,0.013301081,3.081131e-05,0.0027637763,0.53717697
208,inesco,fcim,fcim_h020.wav,Happy,247,Happy,Surprise,Happy,False,True,True,0.0016954858,9.2152695e-06,0.17284302,0.20420799,3.333042e-08,0.00017284506,0.6210714
209,inesco,fcim,fcim_h021.wav,Happy,365,Happy,Surprise,Happy,False,True,True,0.014844352,5.9374233e-06,0.030128667,0.06939313,3.076808e-09,5.0149974e-06,0.88562286
210,inesco,fcim,fcim_h022.wav,Happy,279,Happy,Surprise,Happy,False,True,True,0.017349185,0.036028728,0.0067502894,0.09491568,0.0002180839,0.0018863657,0.8428517
211,inesco,fcim,fcim_h023.wav,Happy,205,Happy,Happy,Happy,True,True,False,0.0007098183,1.969189e-06,0.032469396,0.8361204,8.343686e-07,8.7780725e-05,0.13060987
212,inesco,fcim,fcim_h024.wav,Happy,167,Happy,Surprise,Happy,False,True,True,2.1788064e-06,1.5857611e-06,0.011098983,0.024788577,4.6905443e-06,1.4478789e-05,0.96408945
213,inesco,fcim,fcim_h025.wav,Happy,183,Happy,Happy,Happy,True,True,False,0.019511554,3.0064868e-06,0.18449976,0.7274604,7.707341e-05,0.00148461,0.06696368
214,inesco,fcim,fcim_h026.wav,Happy,308,Happy,Surprise,Happy,False,True,True,2.2000506e-06,1.0179826e-06,0.04190606,0.2119727,1.7951814e-07,0.00012165986,0.74599624
215,inesco,fcim,fcim_h027.wav,Happy,231,Happy,Fear,Happy,False,True,True,0.026435694,0.012936029,0.41014537,0.342464,0.00057095353,4.02184e-05,0.20740782
216,inesco,fcim,fcim_h028.wav,Happy,193,Happy,Surprise,Happy,False,True,True,2.65025e-06,2.4725551e-08,0.2646776,0.0030112215,1.2413121e-08,5.985488e-06,0.7323024
217,inesco,fcim,fcim_h029.wav,Happy,321,Happy,Surprise,Happy,False,True,True,0.00033574982,7.754067e-06,0.16097128,0.013236506,5.280923e-09,0.00016101444,0.82528764
218,inesco,fcim,fcim_h030.wav,Happy,250,Happy,Surprise,Happy,False,True,True,0.0012595435,0.24795355,1.7490007e-06,0.0018776166,3.8827427e-05,4.275239e-05,0.748826
219,inesco,fcim,fcim_h031.wav,Happy,401,Happy,Happy,Happy,True,True,False,0.0012727499,2.1277534e-05,0.00020255406,0.9923707,1.4730282e-05,2.3299637e-05,0.00609468
220,inesco,fcim,fcim_h032.wav,Happy,269,Happy,Surprise,Happy,False,True,True,2.028787e-06,0.00015527119,3.2360788e-07,0.017364394,4.7210465e-11,1.11308545e-07,0.98247784
221,inesco,fcim,fcim_h033.wav,Happy,212,Happy,Surprise,Happy,False,True,True,5.734104e-07,4.1152813e-07,0.0029600163,0.00977188,3.8669906e-08,5.7341335e-06,0.9872614
222,inesco,fcim,fcim_h034.wav,Happy,231,Happy,Surprise,Happy,False,True,True,1.5331685e-05,3.3737604e-05,0.0002665673,0.005272753,3.7289096e-09,1.2770222e-06,0.99441034
223,inesco,fcim,fcim_h035.wav,Happy,337,Happy,Angry,Angry,False,False,False,0.84331936,9.750057e-05,0.04262173,0.009177925,1.4406235e-05,0.00030697844,0.10446209
224,inesco,fcim,fcim_h036.wav,Happy,401,Happy,Happy,Happy,True,True,False,5.5033623e-05,2.2537588e-06,0.004645695,0.67884916,1.1844345e-07,1.0710664e-05,0.31643704
225,inesco,fcim,fcim_h037.wav,Happy,292,Happy,Surprise,Happy,False,True,True,1.3415577e-06,1.9398442e-06,0.064142406,0.004621974,1.2415647e-09,3.0956337e-05,0.93120134
226,inesco,fcim,fcim_h038.wav,Happy,401,Happy,Surprise,Happy,False,True,True,0.00044695547,1.4945605e-05,0.00025369262,0.09801826,2.6521596e-08,1.1506468e-05,0.90125465
227,inesco,fcim,fcim_h039.wav,Happy,266,Happy,Surprise,Happy,False,True,True,0.00047361956,1.5834333e-06,8.449315e-06,0.0053578103,1.9386026e-09,7.844942e-07,0.9941577
228,inesco,fcim,fcim_h040.wav,Happy,401,Happy,Surprise,Happy,False,True,True,0.0012337727,1.330635e-07,0.00018638234,0.17102721,4.9094734e-07,1.0329429e-05,0.8275417
229,inesco,fcim,fcim_h041.wav,Happy,97,Happy,Fear,Happy,False,True,True,0.0012413436,9.3759354e-08,0.95788175,0.027168687,0.0002308685,3.2073006e-06,0.013473976
230,inesco,fcim,fcim_h042.wav,Happy,228,Happy,Happy,Happy,True,True,False,1.1421608e-05,2.3479035e-07,0.0012680144,0.86480194,3.802717e-07,6.686514e-07,0.13391735
231,inesco,fcim,fcim_h043.wav,Happy,369,Happy,Fear,Angry,False,False,True,0.0071237087,0.0009642137,0.6543748,0.0018920735,1.4970615e-08,5.512006e-05,0.33559012
232,inesco,fcim,fcim_h044.wav,Happy,365,Happy,Surprise,Angry,False,False,True,0.03992714,2.919628e-05,9.068853e-07,0.03736238,6.302482e-09,4.744912e-07,0.9226799
233,inesco,fcim,fcim_h045.wav,Happy,231,Happy,Surprise,Happy,False,True,True,3.3982624e-07,3.6041365e-05,0.005674423,0.0071064513,1.235178e-08,0.00042347962,0.98675925
234,inesco,fcim,fcim_h046.wav,Happy,205,Happy,Angry,Angry,False,False,False,0.60866344,0.0003294664,0.0003508391,0.36823162,0.0008286794,0.0023639072,0.019232027
235,inesco,fcim,fcim_h047.wav,Happy,241,Happy,Fear,Happy,False,True,True,0.04090942,0.00037228112,0.5671628,0.11786588,0.00049463415,0.06668893,0.2065061
236,inesco,fcim,fcim_h048.wav,Happy,225,Happy,Surprise,Happy,False,True,True,0.0031835756,0.0025767726,0.14786005,0.25021255,2.3102523e-08,1.3697527e-05,0.5961534
237,inesco,fcim,fcim_h049.wav,Happy,193,Happy,Surprise,Happy,False,True,True,0.0663994,3.5478024e-05,0.3301072,0.18890245,0.0011404448,0.004029414,0.40938562
238,inesco,fcim,fcim_h050.wav,Happy,138,Happy,Surprise,Happy,False,True,True,1.484809e-07,2.5513572e-08,0.0049143825,0.00027208988,7.880572e-12,1.9947759e-08,0.9948133
239,inesco,fcim,fcim_h051.wav,Happy,401,Happy,Surprise,Angry,False,False,True,0.017573504,9.611965e-06,0.00019332641,0.0019385444,1.4366915e-07,5.5301825e-06,0.9802793
240,inesco,fcim,fcim_h052.wav,Happy,401,Happy,Surprise,Happy,False,True,True,0.00032860186,3.023643e-07,0.00016338148,0.0065892395,2.3851738e-11,4.2332988e-07,0.99291795
241,inesco,fcim,fcim_h053.wav,Happy,401,Happy,Happy,Happy,True,True,False,0.055630498,8.235826e-05,0.0016094262,0.81570196,0.0002513152,9.901907e-05,0.12662545
242,inesco,fcim,fcim_h054.wav,Happy,369,Happy,Surprise,Happy,False,True,True,1.04199435e-05,3.0502008e-07,0.00041434457,0.0021488515,1.9041659e-08,5.857022e-06,0.9974203
243,inesco,fcim,fcim_h055.wav,Happy,401,Happy,Surprise,Happy,False,True,True,0.00026364377,1.2782417e-05,7.232988e-05,0.002500851,3.1474698e-09,2.1728907e-05,0.99712867
244,inesco,fcim,fcim_h056.wav,Happy,321,Happy,Surprise,Happy,False,True,True,0.014557714,3.267523e-05,0.020346053,0.021963986,5.1705056e-06,5.9916706e-06,0.9430885
245,inesco,fcim,fcim_h057.wav,Happy,269,Happy,Surprise,Happy,False,True,True,0.0053350274,4.6592217e-05,0.21504335,0.018335417,5.853413e-06,0.0006522194,0.7605815
246,inesco,fcim,fcim_h058.wav,Happy,362,Happy,Surprise,Angry,False,False,True,0.0005592652,5.7758193e-06,0.038586542,0.00020624549,1.4425637e-09,1.9546492e-06,0.9606402
247,inesco,fcim,fcim_h059.wav,Happy,241,Happy,Fear,Sad,False,False,True,1.5668353e-05,0.00017462275,0.6070127,0.00016823877,8.73506e-08,0.0011880605,0.3914406
248,inesco,fcim,fcim_h060.wav,Happy,343,Happy,Surprise,Angry,False,False,True,0.0038801916,0.0018304288,0.13474444,0.0036449917,1.2093146e-07,0.0005002623,0.8553996
249,inesco,fcim,fcim_h061.wav,Happy,141,Happy,Fear,Happy,False,True,True,8.729523e-05,6.044538e-05,0.3356441,0.28414863,0.10390117,0.24595417,0.030204158
250,inesco,fcim,fcim_h062.wav,Happy,266,Happy,Happy,Happy,True,True,False,0.0013622483,3.971822e-05,0.1042893,0.5383298,2.6622964e-05,0.0027605086,0.35319188
251,inesco,fcim,fcim_h063.wav,Happy,266,Happy,Surprise,Angry,False,False,True,0.067267604,2.950159e-05,0.004232133,0.0052993186,3.587391e-07,8.822348e-06,0.92316234
252,inesco,fcim,fcim_h064.wav,Happy,250,Happy,Fear,Angry,False,False,True,0.039558884,2.9229817e-05,0.9162146,0.03655545,8.213896e-05,0.006801288,0.0007583634
253,inesco,fcim,fcim_h065.wav,Happy,321,Happy,Fear,Happy,False,True,True,0.014211197,4.4591357e-05,0.8783956,0.097892314,0.00022080902,0.005217115,0.0040182313
254,inesco,fcim,fcim_h066.wav,Happy,279,Happy,Surprise,Happy,False,True,True,0.00031402687,5.0792994e-05,0.0050063026,0.012215793,1.3977974e-05,0.0004882882,0.98191077
255,inesco,fcim,fcim_h067.wav,Happy,401,Happy,Happy,Happy,True,True,False,7.485726e-05,5.015344e-06,0.013133737,0.8205624,2.3238625e-05,0.0035799097,0.16262084
256,inesco,fcim,fcim_h068.wav,Happy,340,Happy,Surprise,Happy,False,True,True,0.0007406159,0.0002966448,0.0068631647,0.023848463,1.6909839e-06,1.6643963e-06,0.9682478
257,inesco,fcim,fcim_h069.wav,Happy,276,Happy,Happy,Happy,True,True,False,0.0063590766,0.0024479032,0.01150538,0.55501336,9.0897165e-06,0.016952904,0.40771228
258,inesco,fcim,fcim_h070.wav,Happy,295,Happy,Happy,Happy,True,True,False,0.00049390155,5.122888e-05,0.076230384,0.6784544,1.6372413e-06,0.009549181,0.23521928
259,inesco,fcim,fcim_h071.wav,Happy,289,Happy,Angry,Angry,False,False,False,0.44497305,0.028634457,0.049671896,0.16118923,0.0013155673,0.001983147,0.3122326
260,inesco,fcim,fcim_h072.wav,Happy,237,Happy,Fear,Happy,False,True,True,5.8779035e-05,9.8678385e-05,0.59040284,0.06859069,2.2964984e-07,0.0003781537,0.34047064
261,inesco,fcim,fcim_h073.wav,Happy,122,Happy,Fear,Angry,False,False,True,0.003318159,7.665113e-07,0.9831592,0.0019175161,1.2904015e-05,0.00012077308,0.011470686
262,inesco,fcim,fcim_h074.wav,Happy,257,Happy,Surprise,Happy,False,True,True,0.003340518,0.00013692876,0.010298282,0.008819241,6.9811152e-09,0.00038109,0.9770239
263,inesco,fcim,fcim_h075.wav,Happy,205,Happy,Fear,Happy,False,True,True,0.0016455381,2.9008377e-06,0.52687913,0.08237515,8.923109e-06,0.0003693692,0.38871896
264,inesco,fcim,fcim_h076.wav,Happy,225,Happy,Fear,Angry,False,False,True,0.12707855,0.00013519975,0.85460085,0.009914114,1.341879e-06,0.008201152,6.885323e-05
265,inesco,fcim,fcim_h077.wav,Happy,237,Happy,Surprise,Happy,False,True,True,0.002251409,2.4133022e-05,0.0011376225,0.18421736,2.238136e-05,0.00039805257,0.811949
266,inesco,fcim,fcim_h078.wav,Happy,221,Happy,Fear,Happy,False,True,True,0.0013553912,9.283039e-06,0.790399,0.0062869634,3.3599895e-07,4.04795e-05,0.20190865
267,inesco,fcim,fcim_h079.wav,Happy,401,Happy,Surprise,Happy,False,True,True,0.008761742,0.022615941,0.007506289,0.37473643,0.0002931679,0.020097606,0.5659888
268,inesco,fcim,fcim_h080.wav,Happy,349,Happy,Surprise,Happy,False,True,True,0.00016721622,8.037776e-06,0.057844765,0.02055617,6.4467656e-07,8.200877e-05,0.9213411
269,inesco,fcim,fcim_h081.wav,Happy,285,Happy,Surprise,Happy,False,True,True,0.00089057616,0.028868623,0.064360335,0.040066317,1.1952189e-05,0.006733483,0.8590687
270,inesco,fcim,fcim_h082.wav,Happy,401,Happy,Happy,Happy,True,True,False,1.5740217e-05,4.521641e-06,0.00065980514,0.75680697,7.6723214e-09,5.2075798e-06,0.24250779
271,inesco,fcim,fcim_h083.wav,Happy,394,Happy,Surprise,Happy,False,True,True,0.0012559333,0.00011824405,0.0072792247,0.36778894,2.9304827e-05,0.0002523715,0.623276
272,inesco,fcim,fcim_h084.wav,Happy,215,Happy,Surprise,Happy,False,True,True,1.741269e-06,1.9419963e-06,0.20806366,0.0008835013,8.9761535e-08,6.439726e-06,0.7910427
273,inesco,fcim,fcim_h085.wav,Happy,311,Happy,Surprise,Happy,False,True,True,6.057955e-05,3.4205095e-05,6.473596e-05,0.0018759836,1.6700822e-08,9.321098e-07,0.99796355
274,inesco,fcim,fcim_h086.wav,Happy,221,Happy,Angry,Angry,False,False,False,0.46477482,0.019790096,0.27483222,0.011429755,9.084751e-05,0.048981808,0.18010041
275,inesco,fcim,fcim_h087.wav,Happy,237,Happy,Happy,Happy,True,True,False,0.0064406176,0.0001262166,0.011284152,0.90681136,1.8873441e-05,0.0013299849,0.07398877
276,inesco,fcim,fcim_h088.wav,Happy,247,Happy,Surprise,Angry,False,False,True,0.480021,0.00015587498,0.00061389257,0.0011227019,1.5057122e-07,4.9411152e-05,0.5180369
277,inesco,fcim,fcim_h089.wav,Happy,401,Happy,Surprise,Happy,False,True,True,0.012177815,3.1248983e-06,0.006944073,0.4800641,8.401326e-08,1.1904899e-05,0.5007988
278,inesco,fcim,fcim_h090.wav,Happy,145,Happy,Fear,Sad,False,False,True,4.597857e-05,3.37068e-06,0.9762754,0.0005305055,2.2257937e-06,0.0054468466,0.017695807
279,inesco,fcim,fcim_h091.wav,Happy,327,Happy,Surprise,Happy,False,True,True,0.000137208,0.0009838114,0.013169192,0.0069309855,8.221035e-09,0.00017791188,0.9786009
280,inesco,fcim,fcim_h092.wav,Happy,199,Happy,Fear,Happy,False,True,True,0.00021312736,6.193564e-07,0.43643096,0.25716624,6.982954e-06,8.279018e-05,0.30609933
281,inesco,fcim,fcim_h093.wav,Happy,273,Happy,Surprise,Happy,False,True,True,0.00371599,3.72337e-05,0.022381082,0.043037478,2.5407577e-05,0.00017893102,0.9306238
282,inesco,fcim,fcim_h094.wav,Happy,369,Happy,Happy,Happy,True,True,False,0.08198361,0.00015428325,0.019436177,0.8853441,0.001311178,0.0016325508,0.010138088
283,inesco,fcim,fcim_h095.wav,Happy,253,Happy,Surprise,Happy,False,True,True,0.00013986508,1.3412539e-05,0.001076449,0.015452359,8.718226e-09,1.9030875e-05,0.98329896
284,inesco,fcim,fcim_h096.wav,Happy,228,Happy,Happy,Happy,True,True,False,0.006697495,2.7296162e-05,0.041570283,0.91730404,1.3386733e-06,0.00061304687,0.03378649
285,inesco,fcim,fcim_h097.wav,Happy,202,Happy,Fear,Angry,False,False,True,0.34385583,1.782731e-06,0.5563576,0.093008086,5.0381345e-07,0.0003924083,0.0063837618
286,inesco,fcim,fcim_h098.wav,Happy,401,Happy,Happy,Happy,True,True,False,0.024587076,0.00016668653,0.09087179,0.6324199,0.0014741044,0.090719245,0.15976124
287,inesco,fcim,fcim_h099.wav,Happy,109,Happy,Surprise,Happy,False,True,True,2.128598e-06,9.750669e-08,0.4054458,0.0038170654,7.638659e-08,0.0001531925,0.5905816
288,inesco,fcim,fcim_h100.wav,Happy,228,Happy,Happy,Happy,True,True,False,0.0019128837,0.00017153946,0.24021351,0.69308615,0.0016315756,0.00019529872,0.06278908
289,inesco,fcim,fcim_h101.wav,Happy,205,Happy,Happy,Happy,True,True,False,0.028972164,3.7353286e-06,0.15557072,0.77432704,3.030852e-06,0.00095828547,0.040165044
290,inesco,fcim,fcim_h102.wav,Happy,215,Happy,Surprise,Happy,False,True,True,0.0004988324,6.0312686e-06,0.010804209,0.04906643,5.693531e-06,0.0023502163,0.93726856
291,inesco,fcim,fcim_h103.wav,Happy,330,Happy,Happy,Happy,True,True,False,0.050736632,0.0004179069,0.4370402,0.44582394,3.9788043e-07,0.0019178634,0.06406305
292,inesco,fcim,fcim_h104.wav,Happy,401,Happy,Surprise,Happy,False,True,True,1.1256363e-08,1.1608025e-09,1.3270322e-06,0.0038027042,9.442001e-12,1.3236157e-10,0.99619603
293,inesco,fcim,fcim_h105.wav,Happy,218,Happy,Surprise,Happy,False,True,True,0.036483422,0.0011984758,0.22877182,0.25198203,0.0005353384,0.028739633,0.4522893
294,inesco,fcim,fcim_h106.wav,Happy,279,Happy,Surprise,Happy,False,True,True,0.0014859175,4.875998e-06,0.1441501,0.022050051,3.6842716e-09,2.4008243e-05,0.8322851
295,inesco,fcim,fcim_h107.wav,Happy,356,Happy,Surprise,Happy,False,True,True,4.3254847e-08,4.8669104e-08,1.4461019e-06,0.00086298503,2.3437566e-10,7.568614e-09,0.99913555
296,inesco,fcim,fcim_h108.wav,Happy,401,Happy,Surprise,Happy,False,True,True,0.0035393315,1.8053e-05,0.00074559415,0.012945473,8.943524e-08,3.131787e-06,0.98274845
297,inesco,fcim,fcim_h109.wav,Happy,250,Happy,Fear,Happy,False,True,True,0.00064853445,8.288551e-07,0.97480077,0.0010502717,1.9677096e-08,7.791892e-05,0.023421695
298,inesco,fcim,fcim_h110.wav,Happy,346,Happy,Surprise,Happy,False,True,True,0.00051496626,7.7666904e-05,0.17330419,0.009104604,1.9484235e-08,8.8835186e-05,0.8169098
299,inesco,fcim,fcim_h111.wav,Happy,388,Happy,Surprise,Angry,False,False,True,0.1703246,0.0061692367,0.00016058008,0.033239495,4.582111e-06,8.784524e-05,0.7900137
300,inesco,fcim,fcim_h112.wav,Happy,397,Happy,Surprise,Happy,False,True,True,0.0004184324,1.1585064e-08,0.00011902457,0.044116884,3.331417e-09,1.39605865e-08,0.95534563
301,inesco,fcim,fcim_h113.wav,Happy,401,Happy,Surprise,Happy,False,True,True,3.0054676e-05,8.567134e-08,0.0029722992,0.08755507,9.121506e-09,1.6738296e-06,0.90944076
302,inesco,fcim,fcim_h114.wav,Happy,234,Happy,Surprise,Happy,False,True,True,0.013642373,2.3519974e-06,0.018596116,0.14846878,6.772748e-08,8.349385e-06,0.81928194
303,inesco,fcim,fcim_h115.wav,Happy,314,Happy,Angry,Angry,False,False,False,0.6916025,0.000110303896,0.009463296,0.06970647,4.5893294e-06,0.00043542616,0.22867744
304,inesco,fcim,fcim_h116.wav,Happy,116,Happy,Fear,Happy,False,True,True,0.00024981247,7.379426e-08,0.48002616,0.075535685,3.9910246e-06,1.8367084e-05,0.44416592
305,inesco,fcim,fcim_h117.wav,Happy,177,Happy,Fear,Happy,False,True,True,2.1687218e-05,9.492066e-07,0.9992889,0.0005705792,1.489837e-07,1.6321625e-05,0.00010137871
306,inesco,fcim,fcim_h118.wav,Happy,253,Happy,Surprise,Happy,False,True,True,4.147688e-05,3.316999e-05,0.0373922,0.36806515,2.0730056e-08,7.716396e-05,0.5943908
307,inesco,fcim,fcim_h119.wav,Happy,273,Happy,Surprise,Angry,False,False,True,0.14427884,0.0059364666,0.00452709,0.015905406,0.00012023937,0.00038494656,0.828847
308,inesco,fcim,fcim_h120.wav,Happy,381,Happy,Surprise,Happy,False,True,True,6.162578e-06,6.5006077e-07,0.0013880798,0.46077126,4.6148114e-07,1.8865196e-06,0.5378315
309,inesco,fcim,fcim_h121.wav,Happy,263,Happy,Surprise,Angry,False,False,True,0.053826734,9.8599245e-05,0.00041825947,0.001798848,4.2743054e-08,7.943096e-06,0.9438495
310,inesco,fcim,fcim_h122.wav,Happy,209,Happy,Surprise,Happy,False,True,True,0.0002334363,8.202098e-06,0.0006827628,0.006189846,7.428897e-08,3.4567736e-05,0.99285114
311,inesco,fcim,fcim_h123.wav,Happy,324,Happy,Surprise,Happy,False,True,True,1.0408465e-07,4.3156347e-06,0.00072913675,0.00076482206,1.5300931e-10,9.877706e-07,0.9985007
312,inesco,fcim,fcim_h124.wav,Happy,314,Happy,Surprise,Happy,False,True,True,6.470572e-07,4.5409476e-07,0.23083226,0.011170082,6.506508e-10,2.6557378e-05,0.7579699
313,inesco,fcim,fcim_h125.wav,Happy,132,Happy,Fear,Angry,False,False,True,0.10631242,0.00017369892,0.722537,0.00049541873,0.00014150486,6.226526e-05,0.17027774
314,inesco,fcim,fcim_h126.wav,Happy,349,Happy,Surprise,Happy,False,True,True,0.0018894408,0.00011816643,0.002413338,0.045205787,2.4663641e-05,0.00021866067,0.9501299
315,inesco,fcim,fcim_h127.wav,Happy,234,Happy,Surprise,Happy,False,True,True,8.372758e-07,4.6535624e-06,0.004954134,0.023429602,6.1763234e-07,1.4862725e-05,0.9715953
316,inesco,fcim,fcim_h128.wav,Happy,257,Happy,Surprise,Happy,False,True,True,0.054473296,7.850815e-05,0.0009340788,0.054871622,8.1402095e-07,0.00017699982,0.8894647
317,inesco,fcim,fcim_h129.wav,Happy,193,Happy,Happy,Happy,True,True,False,0.30370224,0.00010503379,0.22308888,0.4363903,1.5526266e-05,2.04233e-05,0.036677636
318,inesco,fcim,fcim_h130.wav,Happy,148,Happy,Fear,Happy,False,True,True,3.264476e-08,7.5019274e-10,0.9999807,4.515769e-06,3.5660058e-11,1.4136975e-07,1.4637289e-05
319,inesco,fcim,fcim_h131.wav,Happy,180,Happy,Angry,Angry,False,False,False,0.63046366,4.0031596e-06,0.0037985616,0.36290315,3.0286733e-06,6.986587e-05,0.0027577165
320,inesco,fcim,fcim_h132.wav,Happy,289,Happy,Surprise,Happy,False,True,True,0.0023123627,0.00019847372,0.29050708,0.055100918,1.6674101e-05,0.0031455467,0.64871895
321,inesco,fcim,fcim_h133.wav,Happy,231,Happy,Surprise,Happy,False,True,True,3.8135542e-05,3.2188786e-06,0.0013061306,0.16263549,1.1442201e-05,0.00017128057,0.8358343
322,inesco,fcim,fcim_h134.wav,Happy,401,Happy,Surprise,Happy,False,True,True,0.011774157,0.032058448,0.0003487901,0.43507153,4.370121e-05,0.07623013,0.44447318
323,inesco,fcim,fcim_h135.wav,Happy,263,Happy,Fear,Angry,False,False,True,0.09246474,0.003965597,0.46236074,0.005601826,2.0720915e-06,0.07259466,0.36301038
324,inesco,fcim,fcim_h136.wav,Happy,289,Happy,Fear,Angry,False,False,True,0.054098725,0.008608889,0.45190218,0.037907917,0.0018101616,0.00395144,0.44172075
325,inesco,fcim,fcim_h137.wav,Happy,93,Happy,Surprise,Happy,False,True,True,4.0303967e-05,1.9351992e-06,0.22586916,0.020411374,5.6912527e-06,0.00010517694,0.7535664
326,inesco,fcim,fcim_h138.wav,Happy,177,Happy,Happy,Happy,True,True,False,0.04573684,0.0001017318,0.005130446,0.74368984,8.458494e-05,8.489317e-05,0.20517164
327,inesco,fcim,fcim_h139.wav,Happy,164,Happy,Surprise,Happy,False,True,True,0.0007450071,1.3087314e-06,0.19833863,0.0034362653,2.3624232e-06,0.0025557594,0.7949207
328,inesco,fcim,fcim_h140.wav,Happy,138,Happy,Fear,Happy,False,True,True,0.00011557277,2.9635099e-09,0.9959122,0.0038643242,1.3291229e-07,3.2213711e-06,0.00010465655
329,inesco,fcim,fcim_h141.wav,Happy,221,Happy,Surprise,Happy,False,True,True,4.3921486e-06,2.4550647e-05,0.13219935,0.03735038,8.075465e-11,4.772759e-06,0.83041656
330,inesco,fcim,fcim_h142.wav,Happy,180,Happy,Surprise,Happy,False,True,True,5.6669913e-05,4.7027474e-06,0.0006007482,0.004523686,3.9422923e-07,8.48454e-07,0.99481297
331,inesco,fcim,fcim_h143.wav,Happy,276,Happy,Fear,Sad,False,False,True,0.00044613332,0.00016643523,0.62907714,0.008291549,5.022471e-05,0.052148417,0.3098201
332,inesco,fcim,fcim_h144.wav,Happy,221,Happy,Surprise,Happy,False,True,True,0.008228781,5.9193677e-05,0.000860268,0.13187958,3.7007408e-06,3.496073e-05,0.85893345
333,inesco,fcim,fcim_h145.wav,Happy,170,Happy,Fear,Happy,False,True,True,0.00030125253,1.8542008e-06,0.9863642,0.0062277527,6.936573e-06,0.0026313919,0.004466622
334,inesco,fcim,fcim_h146.wav,Happy,65,Happy,Surprise,Happy,False,True,True,8.259068e-06,7.7070084e-08,0.012595791,0.009474185,1.448627e-07,6.865279e-07,0.97792083
335,inesco,fcim,fcim_h147.wav,Happy,157,Happy,Fear,Happy,False,True,True,8.504948e-05,1.43894106e-08,0.8171723,0.07527078,1.9316563e-07,2.5845336e-05,0.1074459
336,inesco,fcim,fcim_h148.wav,Happy,145,Happy,Angry,Angry,False,False,False,0.8186892,1.3319867e-05,0.011651482,0.15687785,0.003152306,0.0002567698,0.009359082
337,inesco,fcim,fcim_h149.wav,Happy,327,Happy,Surprise,Happy,False,True,True,1.677126e-05,5.282034e-06,0.00030649616,6.102317e-05,1.5083507e-09,3.017736e-07,0.9996101
338,inesco,fcim,fcim_h150.wav,Happy,218,Happy,Happy,Happy,True,True,False,0.00021010768,7.793864e-05,0.090980515,0.7501609,3.6669142e-05,0.00068799837,0.15784587
339,inesco,fcim,fcim_h151.wav,Happy,273,Happy,Surprise,Happy,False,True,True,0.00024155404,3.3212495e-05,0.09315659,0.021868048,9.28618e-06,0.0015869559,0.8831043
340,inesco,fcim,fcim_h152.wav,Happy,401,Happy,Surprise,Happy,False,True,True,0.000114188624,2.7279025e-06,0.0035851556,0.4226752,1.7604341e-05,8.529348e-05,0.5735199
341,inesco,fcim,fcim_h153.wav,Happy,388,Happy,Happy,Happy,True,True,False,0.00019859595,3.9051676e-05,0.0023332268,0.79550934,1.3126667e-06,0.00036783237,0.20155059
342,inesco,fcim,fcim_h154.wav,Happy,279,Happy,Surprise,Happy,False,True,True,0.0008685792,3.5564851e-06,0.00047672435,0.0030828433,2.1180018e-07,5.1900584e-05,0.99551624
343,inesco,fcim,fcim_h155.wav,Happy,253,Happy,Sad,Sad,False,False,False,0.058443695,0.20491323,0.18742065,0.011638697,1.0118134e-06,0.46838936,0.069193296
344,inesco,fcim,fcim_h156.wav,Happy,305,Happy,Surprise,Happy,False,True,True,9.122201e-06,2.2017181e-07,0.012621246,0.00018803644,1.5270023e-09,5.655122e-06,0.98717576
345,inesco,fcim,fcim_h157.wav,Happy,356,Happy,Surprise,Happy,False,True,True,0.0001831479,0.00048082412,0.13459563,0.08902768,2.0547937e-07,0.0004343207,0.7752782
346,inesco,fcim,fcim_h158.wav,Happy,295,Happy,Fear,Happy,False,True,True,0.0013082176,6.606217e-05,0.6647081,0.1301984,0.0016027853,0.035764128,0.16635233
347,inesco,fcim,fcim_h159.wav,Happy,273,Happy,Surprise,Happy,False,True,True,0.0077779223,0.0001363004,0.0006653025,0.03915439,4.7170886e-08,0.0015739294,0.9506921
348,inesco,fcim,fcim_h160.wav,Happy,298,Happy,Angry,Angry,False,False,False,0.31841356,0.0015869214,0.13402143,0.18100542,0.00044137458,0.089837685,0.27469367
349,inesco,fcim,fcim_h161.wav,Happy,138,Happy,Fear,Happy,False,True,True,0.0008258229,1.1519347e-07,0.99426335,0.0018021759,1.7874631e-06,4.911951e-06,0.0031018325
350,inesco,fcim,fcim_h162.wav,Happy,247,Happy,Fear,Sad,False,False,True,0.00037443292,1.0065152e-07,0.9954947,0.00030899496,8.523346e-06,0.0038130234,1.4024144e-07
351,inesco,fcim,fcim_h163.wav,Happy,289,Happy,Happy,Happy,True,True,False,4.4300356e-07,7.4853947e-06,0.0018832089,0.6722102,1.6732525e-10,9.21415e-06,0.32588947
352,inesco,fcim,fcim_h164.wav,Happy,116,Happy,Fear,Happy,False,True,True,0.0016699414,3.2717708e-07,0.6304154,0.017722089,1.1761853e-05,9.947315e-06,0.3501706
353,inesco,fcim,fcim_h165.wav,Happy,162,Happy,Surprise,Happy,False,True,True,1.227331e-06,4.1880397e-09,0.04730794,0.021754185,2.990763e-09,1.6008142e-05,0.93092066
354,inesco,fcim,fcim_h166.wav,Happy,68,Happy,Fear,Sad,False,False,True,5.9119244e-05,1.8291457e-05,0.72626716,0.0028316923,3.3013428e-06,0.00342068,0.2673998
355,inesco,fcim,fcim_h167.wav,Happy,145,Happy,Angry,Angry,False,False,False,0.7726914,2.308725e-06,0.0244376,0.20031303,0.00043297518,6.688757e-05,0.0020557495
356,inesco,fcim,fcim_h168.wav,Happy,221,Happy,Surprise,Happy,False,True,True,3.4589208e-05,0.00057693146,0.06296602,0.059480384,1.4526875e-05,0.001672274,0.8752552
357,inesco,fcim,fcim_h169.wav,Happy,244,Happy,Fear,Sad,False,False,True,0.012932993,0.003854421,0.51568335,0.05997297,0.0011029408,0.39737815,0.009075205
358,inesco,fcim,fcim_h170.wav,Happy,125,Happy,Surprise,Happy,False,True,True,0.003159577,6.587485e-07,0.069916084,0.0060589314,7.034415e-06,1.1155953e-05,0.9208465
359,inesco,fcim,fcim_h171.wav,Happy,148,Happy,Surprise,Happy,False,True,True,6.915235e-05,1.2516715e-08,0.0010650182,0.008403306,1.5936704e-08,8.325244e-06,0.9904542
360,inesco,fcim,fcim_h172.wav,Happy,305,Happy,Surprise,Happy,False,True,True,0.0023056075,0.00051679905,9.43881e-05,0.031974845,1.0327527e-06,2.4248846e-05,0.96508306
361,inesco,fcim,fcim_h173.wav,Happy,193,Happy,Surprise,Happy,False,True,True,5.048975e-07,2.9681262e-08,0.0004029517,0.0076787574,3.7656528e-10,2.4863763e-07,0.99191755
362,inesco,fcim,fcim_h174.wav,Happy,87,Happy,Surprise,Happy,False,True,True,4.604247e-05,2.8673926e-06,0.18472242,0.007675224,1.2422182e-05,0.0005777201,0.80696326
363,inesco,fcim,fcim_h175.wav,Happy,180,Happy,Fear,Happy,False,True,True,2.6360782e-05,2.3785644e-06,0.9267181,0.06849342,0.000101026926,0.0023289935,0.0023297023
364,inesco,fcim,fcim_h176.wav,Happy,157,Happy,Angry,Angry,False,False,False,0.80138206,7.7373e-06,0.10846625,0.0121822255,0.0005261657,0.000467407,0.0769681
365,inesco,fcim,fcim_h177.wav,Happy,276,Happy,Surprise,Happy,False,True,True,0.0009733748,1.5969155e-05,0.0016055863,0.009426291,3.915567e-06,0.00014004446,0.9878349
366,inesco,fcim,fcim_h178.wav,Happy,353,Happy,Surprise,Happy,False,True,True,7.350897e-09,1.5381155e-09,0.0015104656,0.0019932073,1.542098e-10,8.983419e-08,0.99649626
367,inesco,fcim,fcim_h179.wav,Happy,279,Happy,Surprise,Happy,False,True,True,3.5844903e-05,1.5788032e-07,0.0133084385,0.009320881,2.7157844e-07,1.9843096e-06,0.9773325
368,inesco,fcim,fcim_h180.wav,Happy,231,Happy,Surprise,Happy,False,True,True,6.6660825e-05,2.0468422e-08,0.025271794,0.032400355,2.0526353e-05,0.00040074275,0.9418399
369,inesco,fcim,fcim_h181.wav,Happy,132,Happy,Fear,Angry,False,False,True,0.058189154,3.8222618e-07,0.78509974,0.006934056,1.1406612e-05,4.547476e-05,0.14971972
370,inesco,fcim,fcim_h182.wav,Happy,212,Happy,Happy,Happy,True,True,False,3.3944845e-05,9.907486e-08,0.015556898,0.49176833,1.07520755e-05,0.0050216867,0.4876083
371,inesco,fcim,fcim_h183.wav,Happy,164,Happy,Fear,Sad,False,False,True,2.9252016e-05,1.0126218e-05,0.8854625,0.015509628,0.002212567,0.038957737,0.057818104
372,inesco,fcim,fcim_h184.wav,Happy,141,Happy,Surprise,Happy,False,True,True,0.0010699917,4.1227335e-07,0.008023978,0.0012004186,1.6687791e-06,8.739563e-05,0.98961616
373,inesco,fcim,fcim_h185.wav,Happy,321,Happy,Surprise,Happy,False,True,True,0.014013785,0.0011402217,0.10353607,0.015302328,0.00031665622,0.004460744,0.8612302
374,inesco,fcim,fcim_h186.wav,Happy,401,Happy,Surprise,Happy,False,True,True,3.258224e-05,1.1789672e-07,8.655516e-05,0.11757209,1.8533966e-07,5.0774256e-06,0.8823034
375,inesco,fcim,fcim_h187.wav,Happy,401,Happy,Surprise,Angry,False,False,True,0.015155061,0.021565199,2.3679702e-05,0.004070157,8.386228e-09,0.00020357549,0.95898235
376,inesco,fcim,fcim_h188.wav,Happy,308,Happy,Surprise,Happy,False,True,True,0.007526541,0.016799418,0.002305619,0.33674583,1.914553e-06,3.5815036e-05,0.6365849
377,inesco,fcim,fcim_h189.wav,Happy,349,Happy,Surprise,Happy,False,True,True,0.0009892038,0.00015815749,0.008594746,0.1674317,2.0140774e-06,2.272988e-05,0.82280153
378,inesco,fcim,fcim_h190.wav,Happy,333,Happy,Surprise,Angry,False,False,True,0.05373726,0.13644534,0.029902536,0.00560966,1.36157905e-05,0.053530432,0.7207612
379,inesco,fcim,fcim_h191.wav,Happy,215,Happy,Surprise,Happy,False,True,True,7.8512244e-07,5.2706704e-11,0.0010489832,0.000847816,2.2626178e-12,5.2249505e-10,0.9981025
380,inesco,fcim,fcim_h192.wav,Happy,391,Happy,Surprise,Happy,False,True,True,0.0038606846,1.8988459e-06,0.00082812284,0.016283708,2.352886e-08,3.553537e-05,0.97899
381,inesco,fcim,fcim_h193.wav,Happy,321,Happy,Surprise,Happy,False,True,True,9.904403e-07,3.8207966e-07,0.031169545,0.01397361,8.6844185e-11,1.6710851e-06,0.9548538
382,inesco,fcim,fcim_h194.wav,Happy,401,Happy,Happy,Happy,True,True,False,0.25601685,0.00023111564,0.00012178178,0.6576744,1.8911236e-05,1.4673353e-05,0.08592235
383,inesco,fcim,fcim_h195.wav,Happy,311,Happy,Surprise,Happy,False,True,True,0.07041748,0.027237395,0.024237445,0.20420854,0.00038395662,0.005002061,0.6685131
384,inesco,fcim,fcim_h196.wav,Happy,401,Happy,Surprise,Happy,False,True,True,0.004500882,7.586253e-08,0.0024415015,0.075374484,4.5824407e-07,8.7356975e-06,0.9176738
385,inesco,fcim,fcim_h197.wav,Happy,221,Happy,Fear,Sad,False,False,True,4.7491176e-05,6.056142e-06,0.9956255,0.00087759166,4.9851724e-06,0.0008997214,0.0025387187
386,inesco,fcim,fcim_h198.wav,Happy,253,Happy,Fear,Happy,False,True,True,5.741962e-07,3.1298124e-09,0.999708,0.0002078436,6.188217e-11,1.5097586e-06,8.2073275e-05
387,inesco,fcim,fcim_h199.wav,Happy,180,Happy,Fear,Happy,False,True,True,0.00015455158,3.492481e-05,0.9748127,0.022146245,5.540966e-07,5.3711083e-05,0.002797334
388,inesco,fcim,fcim_h200.wav,Happy,68,Happy,Fear,Happy,False,True,True,0.00027408949,4.5340807e-06,0.7012928,0.015565743,6.8977424e-06,0.00029251506,0.2825634
389,inesco,fcim,fcim_h201.wav,Happy,298,Happy,Surprise,Happy,False,True,True,1.1456448e-05,5.774478e-07,0.015678395,0.0020053622,1.1780221e-07,0.00012673668,0.9821774
390,inesco,fcim,fcim_h202.wav,Happy,301,Happy,Surprise,Happy,False,True,True,1.0487453e-06,7.1050985e-05,0.07214206,0.008888093,3.0708864e-09,0.00016945443,0.91872835
391,inesco,fcim,fcim_h203.wav,Happy,250,Happy,Fear,Happy,False,True,True,9.660081e-06,4.767463e-05,0.7822007,0.14432383,2.9592545e-08,0.011861254,0.061556872
392,inesco,fcim,fcim_h204.wav,Happy,257,Happy,Surprise,Angry,False,False,True,0.0353785,0.0001466048,0.2006181,0.004058497,6.8529766e-07,0.017258445,0.74253917
393,inesco,fcim,fcim_h205.wav,Happy,346,Happy,Surprise,Happy,False,True,True,0.0005079169,1.0232797e-06,0.16791873,0.03574218,4.1464137e-08,6.2243557e-06,0.7958238
394,inesco,fcim,fcim_h206.wav,Happy,359,Happy,Surprise,Happy,False,True,True,2.1043457e-05,8.270698e-07,0.00036323257,0.0014186534,7.521276e-09,1.588327e-05,0.99818027
395,inesco,fcim,fcim_h207.wav,Happy,401,Happy,Surprise,Sad,False,False,True,4.503707e-06,0.00073413417,0.019986853,0.0009120594,2.672606e-06,0.0023907798,0.975969
396,inesco,fcim,fcim_h208.wav,Happy,311,Happy,Surprise,Happy,False,True,True,0.028899886,7.1682516e-05,0.07215101,0.062477037,3.5846166e-05,0.0025536432,0.8338109
397,inesco,fcim,fcim_h209.wav,Happy,378,Happy,Surprise,Happy,False,True,True,1.2276629e-05,2.4771723e-05,0.0008491459,0.0018474769,1.3717987e-07,1.0422736e-05,0.99725574
398,inesco,fcim,fcim_h210.wav,Happy,401,Happy,Surprise,Sad,False,False,True,0.0012202077,0.00088416925,0.02691489,0.028374575,6.7952715e-06,0.079717346,0.86288196
399,inesco,fcim,fcim_h211.wav,Happy,263,Happy,Surprise,Happy,False,True,True,0.00019151422,0.0074256966,0.06655156,0.0022869974,3.8505343e-05,0.002155937,0.9213498
400,inesco,fcim,fcim_s402.wav,Sad,343,Sad,Angry,Angry,False,False,False,0.59780425,0.0003955477,0.003242748,0.20379646,0.093916796,0.09644221,0.0044019874
401,inesco,fcim,fcim_s403.wav,Sad,340,Sad,Surprise,Sad,False,True,True,0.00033056692,0.0010398562,0.07654457,0.0030595765,8.903666e-07,0.10869192,0.81033266
402,inesco,fcim,fcim_s404.wav,Sad,311,Sad,Fear,Sad,False,True,True,2.6845296e-06,7.692891e-07,0.6230375,0.00032239791,6.6317685e-09,0.0014916915,0.37514484
403,inesco,fcim,fcim_s405.wav,Sad,401,Sad,Fear,Happy,False,False,True,3.929574e-06,1.8103204e-06,0.57418764,0.15857004,1.2293383e-06,0.00088596443,0.2663494
404,inesco,fcim,fcim_s406.wav,Sad,327,Sad,Fear,Angry,False,False,True,0.048562467,0.0007341308,0.54316825,0.018595034,4.2865815e-07,0.0015103548,0.3874293
405,inesco,fcim,fcim_s407.wav,Sad,218,Sad,Fear,Sad,False,True,True,0.0001394973,7.891924e-05,0.51744664,0.0013000569,2.1907454e-07,0.009415085,0.47161955
406,inesco,fcim,fcim_s408.wav,Sad,228,Sad,Angry,Angry,False,False,False,0.48193163,6.8552356e-05,0.009006175,0.18118547,2.1993008e-05,0.0012730988,0.32651314
407,inesco,fcim,fcim_s409.wav,Sad,279,Sad,Surprise,Happy,False,False,True,3.5273163e-07,7.5536974e-08,0.04230411,0.0001401817,3.154802e-11,2.6989732e-05,0.95752835
408,inesco,fcim,fcim_s410.wav,Sad,401,Sad,Surprise,Happy,False,False,True,0.00020988956,3.1832667e-05,0.004525327,0.0029108503,1.14364225e-08,0.0005712857,0.9917508
409,inesco,fcim,fcim_s411.wav,Sad,253,Sad,Fear,Happy,False,False,True,0.006090543,0.00029682522,0.62960875,0.11951155,1.3023848e-05,0.079944834,0.16453448
410,inesco,fcim,fcim_s412.wav,Sad,209,Sad,Surprise,Happy,False,False,True,0.003082617,5.814563e-07,0.074992694,0.1757403,1.2929917e-06,9.6627686e-05,0.74608594
411,inesco,fcim,fcim_s413.wav,Sad,401,Sad,Fear,Happy,False,False,True,0.00020663162,5.9426304e-05,0.6876803,0.20495035,2.761725e-05,0.019398721,0.087677054
412,inesco,fcim,fcim_s414.wav,Sad,269,Sad,Fear,Happy,False,False,True,3.726987e-05,1.1981609e-05,0.65220994,0.0013488537,1.0158646e-07,0.00055290444,0.345839
413,inesco,fcim,fcim_s415.wav,Sad,180,Sad,Fear,Angry,False,False,True,0.3986877,3.959453e-06,0.57982224,0.021365343,6.5306216e-05,2.2702092e-05,3.274721e-05
414,inesco,fcim,fcim_s416.wav,Sad,401,Sad,Fear,Happy,False,False,True,0.0024503681,0.004297951,0.7915964,0.030238362,5.2748123e-07,0.003687843,0.16772857
415,inesco,fcim,fcim_s417.wav,Sad,327,Sad,Fear,Angry,False,False,True,0.011671079,6.969401e-08,0.95809233,0.0024432237,2.6743173e-06,9.827134e-05,0.027692283
416,inesco,fcim,fcim_s418.wav,Sad,250,Sad,Fear,Angry,False,False,True,0.021439515,1.8307257e-05,0.9720266,0.0035549386,4.7892204e-08,0.0026735293,0.00028709098
417,inesco,fcim,fcim_s419.wav,Sad,292,Sad,Surprise,Happy,False,False,True,0.00055058853,0.003390545,0.053538717,0.026975276,1.4987766e-05,0.017756449,0.8977734
418,inesco,fcim,fcim_s420.wav,Sad,106,Sad,Fear,Sad,False,True,True,0.0061471746,3.207481e-05,0.59321046,0.0050552622,0.00041708816,0.021526717,0.37361124
419,inesco,fcim,fcim_s421.wav,Sad,317,Sad,Surprise,Happy,False,False,True,0.0031566876,0.023289213,0.0749901,0.24848881,0.00026922388,0.0019335063,0.64787245
420,inesco,fcim,fcim_s422.wav,Sad,314,Sad,Fear,Sad,False,True,True,0.0046037943,9.376242e-05,0.9792635,4.1876083e-05,1.0843918e-09,0.008806524,0.0071905577
421,inesco,fcim,fcim_s423.wav,Sad,273,Sad,Fear,Angry,False,False,True,0.021715336,0.0010835604,0.57995516,0.0002658768,2.4069794e-07,0.0021884376,0.39479133
422,inesco,fcim,fcim_s424.wav,Sad,372,Sad,Fear,Happy,False,False,True,0.0032914216,8.130772e-06,0.6618804,0.10944952,1.1051354e-07,2.0865871e-05,0.22534959
423,inesco,fcim,fcim_s425.wav,Sad,401,Sad,Fear,Happy,False,False,True,0.0011119031,1.735937e-08,0.6151708,0.28525075,1.2080347e-08,1.573296e-05,0.09845083
424,inesco,fcim,fcim_s426.wav,Sad,365,Sad,Fear,Happy,False,False,True,0.0034081843,1.1295734e-06,0.91371816,0.0048874263,7.3260463e-07,2.3305642e-05,0.07796105
425,inesco,fcim,fcim_s427.wav,Sad,241,Sad,Surprise,Angry,False,False,True,0.010480341,0.00032542853,0.07871719,0.007063093,4.6894897e-07,0.009142667,0.8942708
426,inesco,fcim,fcim_s428.wav,Sad,401,Sad,Fear,Angry,False,False,True,0.0014974165,2.0803193e-06,0.8782833,0.0004909512,1.49394e-10,0.00026499736,0.11946122
427,inesco,fcim,fcim_s429.wav,Sad,401,Sad,Surprise,Happy,False,False,True,1.0446445e-05,9.137473e-08,0.24537788,0.00020563308,5.1275056e-12,1.7681886e-06,0.7544042
428,inesco,fcim,fcim_s430.wav,Sad,401,Sad,Fear,Happy,False,False,True,0.0017509416,7.1829345e-06,0.5878477,0.031489864,1.1987727e-07,0.00013820594,0.37876597
429,inesco,fcim,fcim_s431.wav,Sad,263,Sad,Fear,Angry,False,False,True,0.08978058,1.3285281e-05,0.9024838,0.00013676519,1.3843693e-07,0.0012597238,0.0063257497
430,inesco,fcim,fcim_s432.wav,Sad,311,Sad,Fear,Angry,False,False,True,0.0026101856,4.3731332e-05,0.91096485,0.00022742116,1.6074981e-08,3.8725007e-05,0.08611502
431,inesco,fcim,fcim_s433.wav,Sad,381,Sad,Fear,Happy,False,False,True,0.0167982,3.5066303e-05,0.53989,0.14164644,2.3060074e-05,0.00048198222,0.3011253
432,inesco,fcim,fcim_s434.wav,Sad,279,Sad,Fear,Sad,False,True,True,0.0061175227,0.0002303275,0.6044528,0.0032326514,8.864777e-09,0.38528454,0.00068215607
433,inesco,fcim,fcim_s435.wav,Sad,161,Sad,Fear,Sad,False,True,True,2.3968626e-06,7.115095e-07,0.97344714,0.009334368,5.5256714e-06,0.016807048,0.00040273907
434,inesco,fcim,fcim_s436.wav,Sad,180,Sad,Fear,Happy,False,False,True,0.0011983735,2.4383275e-05,0.9739526,0.0036249019,3.2878467e-07,0.00011085071,0.021088477
435,inesco,fcim,fcim_s437.wav,Sad,295,Sad,Fear,Angry,False,False,True,0.006939983,2.8551915e-05,0.5072011,0.004613633,2.983753e-08,0.00012203318,0.48109463
436,inesco,fcim,fcim_s438.wav,Sad,401,Sad,Surprise,Happy,False,False,True,0.0008736841,5.7836633e-06,0.015529629,0.0046254597,3.1798333e-08,1.1731078e-06,0.97896427
437,inesco,fcim,fcim_s439.wav,Sad,401,Sad,Surprise,Happy,False,False,True,5.440151e-05,3.5131825e-07,0.034193736,0.030885415,7.125041e-09,1.561139e-05,0.9348505
438,inesco,fcim,fcim_s440.wav,Sad,372,Sad,Surprise,Happy,False,False,True,0.0015050622,2.280357e-05,0.026538981,0.0033707197,3.5802348e-09,0.0001234348,0.968439
439,inesco,fcim,fcim_s441.wav,Sad,343,Sad,Fear,Angry,False,False,True,0.0022372403,0.00013241595,0.93576235,0.0002110813,1.2175651e-07,0.00075226364,0.060904548
440,inesco,fcim,fcim_s442.wav,Sad,314,Sad,Fear,Happy,False,False,True,0.0012798656,2.6674154e-06,0.99206614,0.001953548,1.0056635e-07,8.829624e-06,0.0046887253
441,inesco,fcim,fcim_s443.wav,Sad,401,Sad,Surprise,Happy,False,False,True,0.00018613396,2.9314373e-07,0.12347212,0.35830367,2.4743265e-06,0.0027914185,0.51524395
442,inesco,fcim,fcim_s444.wav,Sad,401,Sad,Happy,Happy,False,False,False,0.0018252092,8.270072e-09,0.01999189,0.68168175,1.9773242e-05,0.0002919289,0.2961894
443,inesco,fcim,fcim_s445.wav,Sad,365,Sad,Surprise,Angry,False,False,True,0.019595718,0.00011657345,0.009923946,0.016746812,3.601569e-08,0.00027823396,0.9533387
444,inesco,fcim,fcim_s446.wav,Sad,298,Sad,Surprise,Happy,False,False,True,0.004958671,0.0029537757,0.31569517,0.074541405,3.679247e-08,0.0029233333,0.5989276
445,inesco,fcim,fcim_s447.wav,Sad,401,Sad,Surprise,Happy,False,False,True,0.010248143,2.36556e-06,0.11331594,0.010278285,1.0993645e-07,0.00010908368,0.866046
446,inesco,fcim,fcim_s448.wav,Sad,276,Sad,Fear,Angry,False,False,True,0.0038083314,1.8208792e-06,0.9946615,0.00028230477,1.1087637e-06,6.577164e-05,0.0011791722
447,inesco,fcim,fcim_s449.wav,Sad,359,Sad,Fear,Happy,False,False,True,0.009467406,2.5650188e-06,0.45660022,0.45150927,9.3435794e-08,0.0015576831,0.080862716
448,inesco,fcim,fcim_s450.wav,Sad,289,Sad,Fear,Happy,False,False,True,3.6056272e-06,3.5873342e-07,0.9820765,0.0001364645,6.6630066e-09,1.01881315e-05,0.017772749
449,inesco,fcim,fcim_s451.wav,Sad,311,Sad,Fear,Happy,False,False,True,1.0239653e-05,1.5446345e-08,0.9995307,0.00011090817,1.0017324e-09,6.359225e-06,0.00034178369
450,inesco,fcim,fcim_s452.wav,Sad,372,Sad,Angry,Angry,False,False,False,0.43554458,0.001162592,0.05653013,0.29679862,5.1286684e-06,0.0060117072,0.20394725
451,inesco,fcim,fcim_s453.wav,Sad,305,Sad,Fear,Happy,False,False,True,0.016025988,0.00036779977,0.481875,0.019839615,5.2247924e-06,0.0037356953,0.47815076
452,inesco,fcim,fcim_s454.wav,Sad,401,Sad,Fear,Sad,False,True,True,0.000604684,1.8939006e-06,0.9963942,0.00091336045,3.0531673e-06,0.0018633298,0.00021935947
453,inesco,fcim,fcim_s455.wav,Sad,333,Sad,Fear,Happy,False,False,True,0.00054324255,5.6278657e-07,0.92320985,0.038378093,4.6024678e-07,0.00024854028,0.037619274
454,inesco,fcim,fcim_s456.wav,Sad,401,Sad,Fear,Happy,False,False,True,0.014432909,2.8950004e-05,0.3754901,0.36465567,2.3365546e-05,0.050049067,0.19531992
455,inesco,fcim,fcim_s457.wav,Sad,401,Sad,Fear,Sad,False,True,True,0.015607532,3.5980705e-07,0.92412233,0.019906325,1.324813e-05,0.03181187,0.008538326
456,inesco,fcim,fcim_s458.wav,Sad,266,Sad,Fear,Happy,False,False,True,4.3772565e-05,1.1632814e-07,0.8872085,0.10837436,4.6810793e-08,0.001340815,0.0030323348
457,inesco,fcim,fcim_s459.wav,Sad,401,Sad,Surprise,Happy,False,False,True,0.000774974,0.00047283075,0.3102859,0.08098551,2.403496e-05,0.02286464,0.5845921
458,inesco,fcim,fcim_s460.wav,Sad,250,Sad,Fear,Happy,False,False,True,0.00411003,3.7612717e-05,0.89307255,0.09469157,1.5031439e-07,0.0025680636,0.00551999
459,inesco,fcim,fcim_s461.wav,Sad,343,Sad,Fear,Happy,False,False,True,1.5815184e-06,2.2877784e-10,0.99986947,3.351686e-05,1.0533706e-08,2.0129341e-06,9.343168e-05
460,inesco,fcim,fcim_s462.wav,Sad,375,Sad,Surprise,Happy,False,False,True,0.00035871746,1.414691e-05,0.43694025,0.0038221055,2.9749527e-08,0.0001156841,0.5587491
461,inesco,fcim,fcim_s463.wav,Sad,343,Sad,Surprise,Happy,False,False,True,0.008328811,0.0001386421,0.35246482,0.013089057,1.1100129e-08,0.00020314007,0.6257755
462,inesco,fcim,fcim_s464.wav,Sad,330,Sad,Surprise,Angry,False,False,True,0.104315706,1.7392822e-05,0.12501843,0.034922183,4.9776956e-09,7.3163374e-06,0.735719
463,inesco,fcim,fcim_s465.wav,Sad,365,Sad,Fear,Happy,False,False,True,2.9068258e-05,1.2876886e-07,0.5059877,0.032687258,7.4653667e-10,1.0871477e-05,0.46128497
464,inesco,fcim,fcim_s466.wav,Sad,321,Sad,Surprise,Sad,False,True,True,0.0016062781,0.00010931563,0.2866196,0.015926514,6.219855e-05,0.24190181,0.45377427
465,inesco,fcim,fcim_s467.wav,Sad,167,Sad,Fear,Happy,False,False,True,0.0021789998,2.914125e-06,0.6396066,0.35646704,9.044322e-06,0.0016671709,6.82906e-05
466,inesco,fcim,fcim_s468.wav,Sad,253,Sad,Fear,Sad,False,True,True,0.0028755164,0.00044801648,0.7253657,0.112227395,0.002029189,0.1501835,0.006870605
467,inesco,fcim,fcim_s469.wav,Sad,154,Sad,Fear,Angry,False,False,True,0.00022728153,5.240798e-07,0.98939484,4.2873264e-05,8.505109e-08,3.3435474e-06,0.010331034
468,inesco,fcim,fcim_s470.wav,Sad,253,Sad,Angry,Angry,False,False,False,0.7839375,0.00027192768,0.18888022,0.0012230359,1.4012876e-05,0.025528803,0.00014454199
469,inesco,fcim,fcim_s471.wav,Sad,141,Sad,Sad,Sad,True,True,False,5.29428e-07,3.6372484e-07,0.02031778,0.011760818,0.00069400173,0.9659066,0.0013199148
470,inesco,fcim,fcim_s472.wav,Sad,324,Sad,Fear,Happy,False,False,True,0.004047037,9.29581e-06,0.9831849,0.0057113995,1.4340712e-08,0.0004937012,0.006553656
471,inesco,fcim,fcim_s473.wav,Sad,305,Sad,Fear,Angry,False,False,True,0.019051258,8.9054796e-05,0.690463,0.011764924,2.626861e-06,0.00020867483,0.27842045
472,inesco,fcim,fcim_s474.wav,Sad,401,Sad,Fear,Sad,False,True,True,4.420171e-05,4.0870427e-07,0.96568996,0.0057217716,3.9427223e-06,0.008340176,0.020199478
473,inesco,fcim,fcim_s475.wav,Sad,401,Sad,Surprise,Angry,False,False,True,0.00033348004,2.5742625e-05,0.00040835197,0.00025390807,1.701778e-08,2.2679667e-05,0.9989557
474,inesco,fcim,fcim_s476.wav,Sad,330,Sad,Fear,Angry,False,False,True,0.0051391376,3.971299e-06,0.8426092,0.0019175921,1.3027195e-06,0.0018108346,0.14851797
475,inesco,fcim,fcim_s477.wav,Sad,401,Sad,Surprise,Happy,False,False,True,4.659834e-05,6.989784e-07,0.15157287,0.011469375,9.362364e-08,0.0001319368,0.8367784
476,inesco,fcim,fcim_s478.wav,Sad,247,Sad,Angry,Angry,False,False,False,0.8517039,3.1051888e-05,0.052034177,0.014522077,1.1122966e-07,1.3627896e-05,0.08169506
477,inesco,fcim,fcim_s479.wav,Sad,401,Sad,Surprise,Angry,False,False,True,0.009979217,2.6801456e-05,0.2524279,0.004910329,2.3846086e-08,0.00091347354,0.73174226
478,inesco,fcim,fcim_s480.wav,Sad,337,Sad,Fear,Angry,False,False,True,0.0044043097,1.4015699e-05,0.5307196,0.00091479166,1.462822e-08,7.4367745e-05,0.46387294
479,inesco,fcim,fcim_s481.wav,Sad,401,Sad,Surprise,Happy,False,False,True,0.04034995,4.11572e-05,0.21798965,0.045269437,1.186448e-07,4.8077825e-05,0.6963016
480,inesco,fcim,fcim_s482.wav,Sad,199,Sad,Fear,Happy,False,False,True,2.7149623e-05,5.3555227e-10,0.83378357,0.16560628,1.176964e-06,1.3294887e-05,0.0005685996
481,inesco,fcim,fcim_s483.wav,Sad,391,Sad,Surprise,Happy,False,False,True,0.0013484061,4.570976e-08,0.03553349,0.010219109,1.406295e-08,4.0698607e-05,0.95285827
482,inesco,fcim,fcim_s484.wav,Sad,250,Sad,Fear,Happy,False,False,True,0.1170442,9.483009e-05,0.5554438,0.1716075,7.3601186e-05,0.0066432133,0.14909276
483,inesco,fcim,fcim_s485.wav,Sad,135,Sad,Surprise,Angry,False,False,True,0.17301455,4.2898435e-05,0.35410452,0.09202324,0.0018883453,0.00016226551,0.37876412
484,inesco,fcim,fcim_s486.wav,Sad,401,Sad,Fear,Angry,False,False,True,0.027507003,1.4656587e-07,0.8237907,0.0069162413,8.2245526e-07,5.276404e-05,0.14173223
485,inesco,fcim,fcim_s487.wav,Sad,269,Sad,Fear,Sad,False,True,True,0.05483168,0.0001282566,0.7038722,0.03483823,7.9483294e-07,0.080043815,0.12628494
486,inesco,fcim,fcim_s488.wav,Sad,193,Sad,Happy,Happy,False,False,False,0.022731917,0.00010957024,0.29037082,0.6684584,1.8997103e-05,0.0014336238,0.016876664
487,inesco,fcim,fcim_s489.wav,Sad,401,Sad,Happy,Happy,False,False,False,0.011352948,0.00014473185,0.05953369,0.9251733,1.2988033e-05,0.00010082773,0.003681568
488,inesco,fcim,fcim_s490.wav,Sad,375,Sad,Happy,Happy,False,False,False,0.041232597,0.0003859433,0.060600422,0.51459944,1.1264812e-06,3.7791528e-05,0.38314265
489,inesco,fcim,fcim_s491.wav,Sad,401,Sad,Surprise,Happy,False,False,True,0.0014518815,0.00065296143,0.053652514,0.0308334,1.7498456e-07,0.000205577,0.91320354
490,inesco,fcim,fcim_s492.wav,Sad,346,Sad,Fear,Happy,False,False,True,0.0009027017,1.8031724e-07,0.9771119,0.016407313,1.3595103e-07,3.420603e-05,0.005543706
491,inesco,fcim,fcim_s493.wav,Sad,401,Sad,Surprise,Happy,False,False,True,0.09030423,2.5329331e-05,0.14456414,0.14511177,1.1394618e-08,9.381591e-06,0.6199852
492,inesco,fcim,fcim_s494.wav,Sad,183,Sad,Fear,Happy,False,False,True,0.0021309245,1.6512583e-06,0.935636,0.059830166,7.69716e-05,0.0021243654,0.00019988025
493,inesco,fcim,fcim_s495.wav,Sad,401,Sad,Fear,Angry,False,False,True,0.049601678,0.00025277134,0.68723285,0.0011534019,2.616118e-06,0.008772423,0.2529843
494,inesco,fcim,fcim_s496.wav,Sad,289,Sad,Angry,Angry,False,False,False,0.9062617,0.0001700127,0.063593306,0.0005891463,8.632356e-07,0.0025494625,0.026835522
495,inesco,fcim,fcim_s497.wav,Sad,263,Sad,Fear,Sad,False,True,True,0.013588371,4.0372066e-05,0.8916045,0.034714486,0.00022751656,0.0596895,0.00013529455
496,inesco,fcim,fcim_s498.wav,Sad,250,Sad,Surprise,Happy,False,False,True,0.0367638,3.913953e-06,0.21037543,0.22048827,2.1814867e-06,0.00066054484,0.53170586
497,inesco,fcim,fcim_s499.wav,Sad,401,Sad,Surprise,Angry,False,False,True,0.13622952,0.00046651412,0.040253475,0.0027711904,5.1403244e-08,0.0006092928,0.81966996
498,inesco,fcim,fcim_s500.wav,Sad,327,Sad,Sad,Sad,True,True,False,0.00019575896,0.00011341588,0.06946269,0.39828184,0.00014970184,0.5257867,0.0060099512
499,inesco,fcim,fcim_s501.wav,Sad,327,Sad,Fear,Happy,False,False,True,0.0017008535,6.0801223e-05,0.5577791,0.106470145,2.690499e-07,0.0005953746,0.33339345
500,inesco,fcim,fcim_s502.wav,Sad,196,Sad,Fear,Happy,False,False,True,0.08633193,2.4676748e-08,0.7357102,0.17776516,3.2672745e-06,7.509529e-05,0.00011436031
501,inesco,fcim,fcim_s503.wav,Sad,362,Sad,Happy,Happy,False,False,False,0.25873393,3.1936042e-06,0.16889797,0.46521944,2.809538e-06,4.096645e-05,0.10710161
502,inesco,fcim,fcim_s504.wav,Sad,276,Sad,Angry,Angry,False,False,False,0.82108045,0.00022641198,0.0007800996,0.00055288547,3.0304665e-08,3.884228e-05,0.17732124
503,inesco,fcim,fcim_s505.wav,Sad,340,Sad,Fear,Happy,False,False,True,0.026440015,1.7977543e-05,0.93287325,0.034050412,4.829684e-06,0.0016182932,0.0049953107
504,inesco,fcim,fcim_s506.wav,Sad,308,Sad,Surprise,Happy,False,False,True,8.879132e-07,5.3517745e-08,0.001630624,0.00056853687,4.7197585e-10,1.1336607e-06,0.9977986
505,inesco,fcim,fcim_s507.wav,Sad,237,Sad,Fear,Happy,False,False,True,0.014845099,7.914319e-09,0.64881897,0.33629093,1.7010738e-06,2.4809417e-06,4.085709e-05
506,inesco,fcim,fcim_s508.wav,Sad,340,Sad,Angry,Angry,False,False,False,0.968875,9.1514885e-05,0.00853964,0.005492234,8.6388645e-06,0.0005029322,0.01649005
507,inesco,fcim,fcim_s509.wav,Sad,369,Sad,Surprise,Happy,False,False,True,0.0031797772,0.000389883,0.22754802,0.015958924,5.213642e-07,0.00092649634,0.75199634
508,inesco,fcim,fcim_s510.wav,Sad,401,Sad,Surprise,Happy,False,False,True,0.0006546074,6.802297e-06,0.07274276,0.0016579978,1.3584803e-07,1.80319e-05,0.92491966
509,inesco,fcim,fcim_s511.wav,Sad,401,Sad,Fear,Happy,False,False,True,1.2579993e-05,1.9762646e-07,0.994495,0.0013274774,3.9217515e-08,7.714301e-06,0.0041569625
510,inesco,fcim,fcim_s512.wav,Sad,401,Sad,Fear,Happy,False,False,True,0.007423224,0.00021363016,0.75393325,0.04276719,3.7763293e-08,0.00015614441,0.19550659
511,inesco,fcim,fcim_s513.wav,Sad,378,Sad,Fear,Happy,False,False,True,4.6491015e-05,1.4262403e-07,0.9956247,0.0020338586,3.0567722e-07,4.024688e-06,0.0022905415
512,inesco,fcim,fcim_s514.wav,Sad,401,Sad,Fear,Happy,False,False,True,0.004329384,2.1150731e-06,0.58438134,0.10123575,6.5694604e-07,0.00053558324,0.30951518
513,inesco,fcim,fcim_s515.wav,Sad,212,Sad,Fear,Happy,False,False,True,3.3677304e-06,1.5319358e-07,0.95834076,0.00042327345,4.6011294e-07,0.0001483751,0.041083567
514,inesco,fcim,fcim_s516.wav,Sad,215,Sad,Surprise,Happy,False,False,True,3.634293e-05,0.00010424989,0.18000598,0.29493278,4.329739e-07,0.024953628,0.49996662
515,inesco,fcim,fcim_s517.wav,Sad,295,Sad,Fear,Angry,False,False,True,0.14906012,9.528871e-06,0.7455031,0.07270459,2.494779e-06,0.00058955734,0.032130565
516,inesco,fcim,fcim_s518.wav,Sad,401,Sad,Fear,Happy,False,False,True,0.040643502,0.000118310076,0.7625659,0.06219973,4.1506624e-07,0.00013477833,0.13433738
517,inesco,fcim,fcim_s519.wav,Sad,343,Sad,Fear,Happy,False,False,True,4.7316287e-05,6.4209763e-07,0.9849551,0.011954606,5.1915035e-06,0.000108818276,0.0029284956
518,inesco,fcim,fcim_s520.wav,Sad,196,Sad,Happy,Happy,False,False,False,0.03373561,3.8376132e-08,0.26477355,0.7011365,1.03816255e-07,0.00016792062,0.00018625963
519,inesco,fcim,fcim_s521.wav,Sad,196,Sad,Fear,Happy,False,False,True,0.016522871,0.00023653329,0.61459005,0.15461542,3.098258e-07,0.018701896,0.19533293
520,inesco,fcim,fcim_s522.wav,Sad,103,Sad,Surprise,Happy,False,False,True,0.00017794318,1.12570795e-07,0.36625618,0.14001879,3.2741747e-05,0.00022208794,0.49329212
521,inesco,fcim,fcim_s523.wav,Sad,151,Sad,Fear,Sad,False,True,True,1.36230765e-05,2.0833599e-05,0.99808156,0.00068762025,1.353654e-07,0.0009068999,0.00028928355
522,inesco,fcim,fcim_s524.wav,Sad,253,Sad,Fear,Sad,False,True,True,0.001233882,2.6033791e-05,0.87323,0.008511249,1.289018e-07,0.010314535,0.10668419
523,inesco,fcim,fcim_s525.wav,Sad,340,Sad,Surprise,Angry,False,False,True,0.32790178,9.097706e-05,0.3107931,0.0074860607,1.7967152e-06,1.8037621e-05,0.35370824
524,inesco,fcim,fcim_s526.wav,Sad,401,Sad,Fear,Angry,False,False,True,0.00882731,2.2088097e-06,0.979265,0.0059527466,3.1857827e-08,0.0012285967,0.004724006
525,inesco,fcim,fcim_s527.wav,Sad,401,Sad,Fear,Happy,False,False,True,0.009466475,1.929285e-05,0.78723717,0.07103737,8.555669e-05,0.00046926356,0.13168491
526,inesco,fcim,fcim_s528.wav,Sad,401,Sad,Fear,Angry,False,False,True,0.0066039343,2.9812129e-05,0.9876617,0.0005468529,4.5263505e-08,0.000119282406,0.0050383788
527,inesco,fcim,fcim_s529.wav,Sad,295,Sad,Surprise,Angry,False,False,True,0.00872926,0.000119334225,0.013028613,0.007513959,4.8466936e-06,8.949227e-05,0.9705146
528,inesco,fcim,fcim_s530.wav,Sad,340,Sad,Surprise,Angry,False,False,True,0.17703539,3.0199085e-06,0.06396411,0.00047854675,1.409227e-08,2.1300124e-05,0.7584976
529,inesco,fcim,fcim_s531.wav,Sad,193,Sad,Happy,Happy,False,False,False,0.070358776,8.978145e-06,0.32712102,0.60156435,1.8825921e-07,2.2560318e-05,0.0009241367
530,inesco,fcim,fcim_s532.wav,Sad,282,Sad,Surprise,Happy,False,False,True,0.0016825286,5.8274636e-06,0.49220306,0.0063433116,7.7822847e-07,0.0003907095,0.49937373
531,inesco,fcim,fcim_s533.wav,Sad,397,Sad,Fear,Happy,False,False,True,0.00033620128,7.652502e-09,0.9794388,0.0037412688,1.06517234e-07,4.036193e-06,0.016479496
532,inesco,fcim,fcim_s534.wav,Sad,401,Sad,Surprise,Angry,False,False,True,0.07939966,9.038022e-06,0.056574754,0.06808492,2.8273812e-08,1.3820007e-05,0.79591775
533,inesco,fcim,fcim_s535.wav,Sad,205,Sad,Happy,Happy,False,False,False,0.14955217,0.0052162,0.13892187,0.39335117,7.485229e-07,0.037954453,0.27500343
534,inesco,fcim,fcim_s536.wav,Sad,333,Sad,Angry,Angry,False,False,False,0.9985392,4.361512e-05,0.00012145435,0.00033704584,1.8928215e-07,1.1927418e-05,0.00094656204
535,inesco,fcim,fcim_s537.wav,Sad,401,Sad,Fear,Angry,False,False,True,0.24720082,1.3499003e-05,0.6001901,0.013418074,2.8613192e-09,1.2741279e-05,0.13916473
536,inesco,fcim,fcim_s538.wav,Sad,317,Sad,Surprise,Sad,False,True,True,0.00028093738,1.4989556e-06,0.3263402,0.00062621885,4.8737165e-09,0.000931412,0.67181975
537,inesco,fcim,fcim_s539.wav,Sad,231,Sad,Fear,Happy,False,False,True,0.032629274,4.1568044e-05,0.8157231,0.13354082,3.5566206e-06,0.005244335,0.012817434
538,inesco,fcim,fcim_s540.wav,Sad,401,Sad,Surprise,Angry,False,False,True,0.005155969,0.0027476007,0.29501766,0.00017179073,3.742562e-08,0.00279493,0.694112
539,inesco,fcim,fcim_s541.wav,Sad,401,Sad,Angry,Angry,False,False,False,0.7094459,8.267935e-06,0.25062642,0.020409483,7.48296e-08,0.00015556547,0.019354299
540,inesco,fcim,fcim_s542.wav,Sad,401,Sad,Surprise,Happy,False,False,True,0.0017327017,3.127155e-05,0.26914793,0.00600854,1.3000975e-08,0.00054458895,0.72253495
541,inesco,fcim,fcim_s543.wav,Sad,401,Sad,Fear,Angry,False,False,True,0.0009353697,3.956027e-05,0.5327287,0.0003158112,7.668175e-09,2.4559547e-05,0.46595597
542,inesco,fcim,fcim_s544.wav,Sad,170,Sad,Fear,Happy,False,False,True,5.9818918e-05,1.6570638e-09,0.99962735,0.0003013177,3.3362624e-06,7.764163e-06,2.9298204e-07
543,inesco,fcim,fcim_s545.wav,Sad,372,Sad,Surprise,Happy,False,False,True,0.0006378629,5.5189874e-05,0.016911045,0.02626239,1.6404889e-06,0.0005735395,0.95555836
544,inesco,fcim,fcim_s546.wav,Sad,401,Sad,Fear,Happy,False,False,True,0.01185249,4.0372547e-06,0.68334377,0.016372168,9.535215e-09,3.5521865e-05,0.28839198
545,inesco,fcim,fcim_s547.wav,Sad,401,Sad,Fear,Happy,False,False,True,0.00014699953,5.4686843e-06,0.80564934,0.11942809,3.3614722e-06,0.00033394524,0.074432686
546,inesco,fcim,fcim_s548.wav,Sad,324,Sad,Fear,Angry,False,False,True,0.0029613879,1.543937e-05,0.9892686,0.00010130539,7.877201e-08,0.00084851414,0.006804715
547,inesco,fcim,fcim_s549.wav,Sad,359,Sad,Surprise,Happy,False,False,True,0.00053290377,3.8480744e-06,0.46817696,0.00713937,5.3949734e-09,6.384757e-05,0.5240831
548,inesco,fcim,fcim_s550.wav,Sad,305,Sad,Fear,Angry,False,False,True,0.0005942048,8.844717e-08,0.9599419,9.093506e-05,4.097083e-09,2.304792e-05,0.039349806
549,inesco,fcim,fcim_s551.wav,Sad,330,Sad,Fear,Sad,False,True,True,0.0008150053,1.2531786e-05,0.98879904,8.259684e-05,2.5949317e-08,0.0063411086,0.003949617
550,inesco,fcim,fcim_s552.wav,Sad,205,Sad,Happy,Happy,False,False,False,0.002731078,5.5187766e-06,0.10188161,0.89454,1.858482e-06,0.00074739754,9.243591e-05
551,inesco,fcim,fcim_s553.wav,Sad,161,Sad,Happy,Happy,False,False,False,2.7468612e-05,3.4005425e-05,0.07538713,0.9196697,6.6702964e-06,0.0011204317,0.003754516
552,inesco,fcim,fcim_s554.wav,Sad,148,Sad,Fear,Sad,False,True,True,4.0508537e-05,4.1811102e-08,0.99960023,0.000119269534,4.775848e-06,0.0001770559,5.8128826e-05
553,inesco,fcim,fcim_s555.wav,Sad,311,Sad,Fear,Angry,False,False,True,0.0023528084,2.6013154e-06,0.9894303,0.00097042613,3.3610382e-07,8.661982e-05,0.007156907
554,inesco,fcim,fcim_s556.wav,Sad,231,Sad,Fear,Angry,False,False,True,0.1177206,0.00025398177,0.87832534,0.0019207811,1.473351e-06,0.0016695797,0.00010815956
555,inesco,fcim,fcim_s557.wav,Sad,106,Sad,Fear,Angry,False,False,True,0.0018970667,3.5872472e-07,0.9935901,0.0013566272,5.1195866e-06,1.999895e-05,0.0031307663
556,inesco,fcim,fcim_s558.wav,Sad,221,Sad,Angry,Angry,False,False,False,0.78416896,1.153898e-05,0.21290927,0.0022928226,1.1724913e-08,6.6349894e-05,0.00055117824
557,inesco,fcim,fcim_s559.wav,Sad,292,Sad,Surprise,Happy,False,False,True,4.233977e-07,3.8590105e-08,0.030432764,0.03500909,1.9627053e-09,7.999202e-05,0.9344777
558,inesco,fcim,fcim_s560.wav,Sad,119,Sad,Fear,Happy,False,False,True,0.027962215,3.038439e-07,0.60651636,0.09108243,7.207747e-05,2.7480814e-05,0.27433914
559,inesco,fcim,fcim_s561.wav,Sad,292,Sad,Fear,Sad,False,True,True,0.00043134042,6.8019824e-07,0.98490626,0.0015853575,1.2529583e-05,0.0022370552,0.01082677
560,inesco,fcim,fcim_s562.wav,Sad,125,Sad,Happy,Happy,False,False,False,0.12671162,5.08355e-07,0.20731792,0.6623205,0.0032062612,1.9189392e-05,0.00042402232
561,inesco,fcim,fcim_s563.wav,Sad,298,Sad,Angry,Angry,False,False,False,0.330038,0.059126265,0.22109275,0.008888965,2.4289428e-05,0.1441539,0.23667584
562,inesco,fcim,fcim_s564.wav,Sad,378,Sad,Fear,Angry,False,False,True,0.019278644,0.00041519123,0.8699106,0.00033408322,6.2507075e-07,0.0026188768,0.10744195
563,inesco,fcim,fcim_s565.wav,Sad,401,Sad,Fear,Sad,False,True,True,3.1267693e-06,2.5500887e-07,0.99313265,7.5796605e-05,1.5173724e-09,0.0044883494,0.0022998445
564,inesco,fcim,fcim_s566.wav,Sad,109,Sad,Surprise,Angry,False,False,True,0.09519498,4.2832235e-06,0.20977703,0.00790286,0.00055218145,0.00015402159,0.68641466
565,inesco,fcim,fcim_s567.wav,Sad,183,Sad,Fear,Happy,False,False,True,0.00065681495,3.1160286e-07,0.7608459,0.07155139,2.8542834e-06,0.0007319893,0.16621073
566,inesco,fcim,fcim_s568.wav,Sad,161,Sad,Fear,Happy,False,False,True,0.0014479791,1.3198523e-08,0.67613,0.3106091,2.6704524e-06,8.5370135e-05,0.011724936
567,inesco,fcim,fcim_s569.wav,Sad,401,Sad,Happy,Happy,False,False,False,0.00850218,1.0091311e-07,0.25292775,0.39112154,1.4247481e-08,6.474134e-06,0.34744203
568,inesco,fcim,fcim_s570.wav,Sad,375,Sad,Surprise,Happy,False,False,True,0.00035646962,1.1275819e-06,0.047971778,0.0012263202,5.1106653e-08,9.007189e-06,0.9504352
569,inesco,fcim,fcim_s571.wav,Sad,324,Sad,Surprise,Happy,False,False,True,0.010199255,2.9314635e-05,0.09121904,0.033398803,1.595729e-08,4.5853027e-05,0.8651077
570,inesco,fcim,fcim_s572.wav,Sad,228,Sad,Fear,Sad,False,True,True,0.0012362017,4.6084024e-05,0.884311,0.011248228,4.3172226e-06,0.013563845,0.08959026
571,inesco,fcim,fcim_s573.wav,Sad,237,Sad,Fear,Angry,False,False,True,0.29906842,6.0477152e-05,0.4213736,0.27070585,1.5556232e-05,0.0045685805,0.0042074695
572,inesco,fcim,fcim_s574.wav,Sad,295,Sad,Surprise,Happy,False,False,True,0.0007688315,7.734786e-06,0.30182773,0.010078649,2.4073723e-05,0.0017238574,0.68556905
573,inesco,fcim,fcim_s575.wav,Sad,228,Sad,Happy,Happy,False,False,False,0.18634234,6.5303575e-05,0.013584286,0.79807997,0.001259149,0.0006323434,3.671967e-05
574,inesco,fcim,fcim_s576.wav,Sad,209,Sad,Fear,Happy,False,False,True,0.000811875,1.0038505e-06,0.9844429,0.0029301594,8.089688e-08,0.0013729924,0.010441053
575,inesco,fcim,fcim_s577.wav,Sad,401,Sad,Fear,Happy,False,False,True,5.2589266e-06,6.493616e-08,0.99599,0.0033608796,9.83861e-08,0.00031322928,0.00033048095
576,inesco,fcim,fcim_s578.wav,Sad,196,Sad,Fear,Happy,False,False,True,0.002470839,5.6362634e-08,0.85263515,0.14212619,4.6719205e-07,0.0027491692,1.8158564e-05
577,inesco,fcim,fcim_s579.wav,Sad,196,Sad,Fear,Happy,False,False,True,2.8255887e-05,6.2081895e-08,0.9907231,0.008964246,1.767087e-07,0.00025524496,2.8812745e-05
578,inesco,fcim,fcim_s580.wav,Sad,401,Sad,Fear,Happy,False,False,True,6.4971673e-06,8.3992984e-07,0.93964505,1.8485474e-05,2.6765512e-10,1.2205562e-05,0.060316853
579,inesco,fcim,fcim_s581.wav,Sad,199,Sad,Fear,Angry,False,False,True,0.18727763,1.4664548e-07,0.67510927,0.13584413,3.300167e-06,0.00018354291,0.0015819628
580,inesco,fcim,fcim_s582.wav,Sad,401,Sad,Surprise,Happy,False,False,True,0.019020272,4.388907e-05,0.28242686,0.06400068,1.4192394e-06,0.0004921211,0.6340148
581,inesco,fcim,fcim_s583.wav,Sad,58,Sad,Fear,Happy,False,False,True,0.0014083114,1.1050874e-05,0.97588056,0.016833834,0.0002556401,0.0011410314,0.0044695176
582,inesco,fcim,fcim_s584.wav,Sad,401,Sad,Fear,Happy,False,False,True,0.044851985,3.3371204e-08,0.83689964,0.048366677,4.56226e-08,1.1364311e-05,0.06987037
583,inesco,fcim,fcim_s585.wav,Sad,353,Sad,Surprise,Angry,False,False,True,0.026317168,2.976633e-05,0.0071496204,0.0042363033,4.711195e-08,6.659109e-05,0.96220046
584,inesco,fcim,fcim_s586.wav,Sad,388,Sad,Surprise,Happy,False,False,True,3.981672e-05,2.165796e-06,0.07222936,0.00014979087,8.744115e-11,5.5463596e-07,0.9275783
585,inesco,fcim,fcim_s587.wav,Sad,308,Sad,Fear,Angry,False,False,True,0.0012025239,1.7392408e-07,0.99819416,3.0844294e-05,1.268668e-07,2.1931806e-05,0.0005503004
586,inesco,fcim,fcim_s588.wav,Sad,401,Sad,Surprise,Happy,False,False,True,0.0028368097,5.8345684e-08,0.004151216,0.02026364,2.0519138e-09,6.475035e-06,0.9727418
587,inesco,fcim,fcim_s589.wav,Sad,269,Sad,Fear,Happy,False,False,True,0.03645583,9.755731e-05,0.5508799,0.3637859,4.500736e-05,0.008888007,0.039847847
588,inesco,fcim,fcim_s590.wav,Sad,247,Sad,Fear,Happy,False,False,True,0.012067676,1.1245241e-06,0.9492555,0.0150371175,5.8908263e-08,8.672992e-05,0.023551818
589,inesco,fcim,fcim_s591.wav,Sad,401,Sad,Fear,Angry,False,False,True,0.005033145,8.327376e-05,0.574047,0.0027243942,3.3784424e-08,0.00019498999,0.41791713
590,inesco,fcim,fcim_s592.wav,Sad,401,Sad,Surprise,Happy,False,False,True,1.414538e-05,7.2783905e-06,0.10745339,0.0003944783,9.422134e-10,5.005307e-05,0.89208066
591,inesco,fcim,fcim_s593.wav,Sad,353,Sad,Fear,Happy,False,False,True,0.00073283724,1.9144203e-05,0.5797463,0.026767083,1.0137583e-06,0.0032619704,0.38947162
592,inesco,fcim,fcim_s594.wav,Sad,401,Sad,Fear,Happy,False,False,True,0.0018401259,1.5697312e-08,0.7479788,0.068628184,4.1829892e-08,0.00012370461,0.18142912
593,inesco,fcim,fcim_s595.wav,Sad,401,Sad,Surprise,Happy,False,False,True,3.806806e-05,2.2715039e-08,0.008287746,0.0100265145,6.40252e-11,1.1637932e-06,0.9816465
594,inesco,fcim,fcim_s596.wav,Sad,401,Sad,Surprise,Angry,False,False,True,0.0012037182,1.0120483e-06,0.031047437,0.00041421448,1.3424899e-08,2.9146184e-05,0.9673044
595,inesco,fcim,fcim_s597.wav,Sad,401,Sad,Fear,Sad,False,True,True,7.677752e-05,8.2732623e-07,0.5297571,0.0021189707,1.2165692e-07,0.007679693,0.46036652
596,inesco,fcim,fcim_s598.wav,Sad,397,Sad,Angry,Angry,False,False,False,0.76027006,5.42249e-06,0.053714484,0.14182918,4.450671e-06,2.969819e-05,0.044146676
597,inesco,fcim,fcim_s599.wav,Sad,401,Sad,Surprise,Happy,False,False,True,0.0005863265,0.012004642,0.014696202,0.0034384688,9.468684e-08,0.0013447894,0.9679294
598,inesco,fcim,fcim_s600.wav,Sad,401,Sad,Fear,Angry,False,False,True,0.4224232,2.4857998e-06,0.5554378,0.0005296328,1.0683148e-08,0.00021673573,0.021390133
599,inesco,fyat,fyat_a212.wav,Angry,189,Angry,Happy,Happy,False,False,False,9.8497105e-05,0.0053999797,0.00022066715,0.91484976,2.8504833e-06,0.0009144629,0.07851377
600,inesco,fyat,fyat_a213.wav,Angry,173,Angry,Happy,Happy,False,False,False,0.14633794,1.1305422e-07,0.006869031,0.6670064,1.0723407e-05,2.4963836e-05,0.17975086
601,inesco,fyat,fyat_a214.wav,Angry,225,Angry,Fear,Happy,False,False,True,0.01249019,0.00059682736,0.7940323,0.11477849,8.201998e-05,0.01218769,0.06583248
602,inesco,fyat,fyat_a215.wav,Angry,257,Angry,Surprise,Happy,False,False,True,1.0308561e-05,2.4318697e-05,0.350857,0.044878222,2.0843058e-09,4.076921e-05,0.6041894
603,inesco,fyat,fyat_a216.wav,Angry,228,Angry,Surprise,Happy,False,False,True,9.982072e-05,5.2136775e-06,0.05853494,0.0058344523,1.8224086e-06,0.0013838818,0.9341399
604,inesco,fyat,fyat_a217.wav,Angry,151,Angry,Happy,Happy,False,False,False,4.011821e-05,1.1747825e-06,0.38411516,0.58914423,7.5250566e-05,0.00022339915,0.026400667
605,inesco,fyat,fyat_a218.wav,Angry,346,Angry,Surprise,Happy,False,False,True,5.941435e-06,2.4940953e-06,0.00011393953,0.014439316,2.5977965e-07,8.917526e-06,0.9854292
606,inesco,fyat,fyat_a219.wav,Angry,369,Angry,Surprise,Happy,False,False,True,9.742832e-07,2.0776254e-07,0.0018894055,0.085275434,3.6274537e-09,0.00010716197,0.91272676
607,inesco,fyat,fyat_a220.wav,Angry,241,Angry,Angry,Angry,True,True,False,0.4453832,0.206546,0.00030379256,0.0064041754,3.322675e-07,0.34068158,0.0006808957
608,inesco,fyat,fyat_a221.wav,Angry,401,Angry,Surprise,Happy,False,False,True,0.001628874,0.00807306,0.004032349,0.017782468,6.9330035e-06,0.009708941,0.9587673
609,inesco,fyat,fyat_a222.wav,Angry,148,Angry,Fear,Angry,False,True,True,0.007949185,3.56508e-05,0.9889864,0.000805564,7.824408e-06,0.0017796669,0.0004357308
610,inesco,fyat,fyat_a223.wav,Angry,269,Angry,Surprise,Happy,False,False,True,2.0127241e-05,0.00018669742,0.014053727,0.024600403,2.1093963e-06,0.008221443,0.95291543
611,inesco,fyat,fyat_a224.wav,Angry,330,Angry,Happy,Happy,False,False,False,0.00129056,0.014767474,2.7038763e-05,0.94540405,3.4401262e-05,0.0044048782,0.034071524
612,inesco,fyat,fyat_a225.wav,Angry,228,Angry,Angry,Angry,True,True,False,0.9936147,0.0048058173,0.00021732486,0.00017581169,2.6595513e-05,0.0011517714,8.024094e-06
613,inesco,fyat,fyat_a226.wav,Angry,273,Angry,Surprise,Happy,False,False,True,0.00014840729,0.008514686,0.0020262974,0.005579763,8.05587e-07,0.0014808953,0.98224914
614,inesco,fyat,fyat_a227.wav,Angry,401,Angry,Sad,Sad,False,False,False,0.0004150472,0.0024902783,0.0006233651,0.025068428,0.0007361292,0.97065556,1.1225441e-05
615,inesco,fyat,fyat_a228.wav,Angry,125,Angry,Fear,Happy,False,False,True,7.3645715e-05,4.933764e-09,0.9471542,0.012113212,8.5792044e-07,7.988013e-06,0.040650085
616,inesco,fyat,fyat_a229.wav,Angry,401,Angry,Surprise,Happy,False,False,True,0.0038429988,0.005574035,7.806587e-06,0.35587895,0.0005449027,0.0010153821,0.6331359
617,inesco,fyat,fyat_a230.wav,Angry,401,Angry,Disgust,Sad,False,False,True,0.0676279,0.6571284,0.05216024,0.03146387,6.3794855e-06,0.12695584,0.06465732
618,inesco,fyat,fyat_a231.wav,Angry,311,Angry,Surprise,Happy,False,False,True,7.372731e-05,7.942739e-06,0.032817986,0.08642203,1.7534211e-09,0.00013991544,0.88053846
619,inesco,fyat,fyat_a232.wav,Angry,221,Angry,Fear,Happy,False,False,True,0.0003786062,1.1202121e-08,0.9852841,0.013937466,1.1432485e-07,0.00011625924,0.0002833998
620,inesco,fyat,fyat_a233.wav,Angry,349,Angry,Sad,Sad,False,False,False,0.0022705712,0.025766786,0.058043476,0.013528611,0.000676198,0.78956896,0.110145405
621,inesco,fyat,fyat_a234.wav,Angry,84,Angry,Fear,Angry,False,True,True,0.045558047,4.108498e-06,0.91994685,0.00502582,4.8969764e-07,4.5164983e-05,0.02941952
622,inesco,fyat,fyat_a235.wav,Angry,135,Angry,Fear,Happy,False,False,True,2.2598224e-05,1.1788228e-08,0.93360436,0.0038065633,2.1301932e-07,6.2994485e-07,0.06256558
623,inesco,fyat,fyat_a236.wav,Angry,228,Angry,Surprise,Happy,False,False,True,0.001288115,0.00017288858,6.8940135e-05,0.00445957,4.1819266e-08,0.00037447375,0.993636
624,inesco,fyat,fyat_a237.wav,Angry,141,Angry,Fear,Happy,False,False,True,0.006724148,4.2973024e-06,0.52087873,0.15326236,0.066190556,6.897896e-05,0.25287095
625,inesco,fyat,fyat_a238.wav,Angry,148,Angry,Fear,Angry,False,True,True,0.034639675,7.619081e-09,0.9343949,0.025127308,4.4961205e-05,1.1476177e-06,0.005791991
626,inesco,fyat,fyat_a239.wav,Angry,161,Angry,Happy,Happy,False,False,False,0.006322983,5.68549e-07,0.16739263,0.76966083,6.127323e-05,0.0012655993,0.05529614
627,inesco,fyat,fyat_a240.wav,Angry,237,Angry,Happy,Happy,False,False,False,0.005462983,0.0025285403,0.0005437434,0.52349496,3.764644e-06,4.960398e-05,0.46791646
628,inesco,fyat,fyat_a241.wav,Angry,119,Angry,Fear,Happy,False,False,True,0.01934626,8.310742e-06,0.5935544,0.18464513,0.002188547,0.014169307,0.18608801
629,inesco,fyat,fyat_a242.wav,Angry,401,Angry,Happy,Happy,False,False,False,0.17511357,0.1498719,0.00030214814,0.6439152,0.00075037207,0.023478573,0.0065682875
630,inesco,fyat,fyat_a243.wav,Angry,228,Angry,Happy,Happy,False,False,False,0.045845777,0.0021072307,0.43132326,0.49156922,5.2429336e-06,0.001413444,0.027735824
631,inesco,fyat,fyat_a244.wav,Angry,289,Angry,Angry,Angry,True,True,False,0.9821878,0.001118224,9.5788484e-05,0.0037096662,4.6827263e-06,0.005214485,0.007669462
632,inesco,fyat,fyat_a245.wav,Angry,349,Angry,Happy,Happy,False,False,False,0.3022318,0.0040874295,0.024051258,0.51327115,0.007455019,0.10754465,0.0413587
633,inesco,fyat,fyat_a246.wav,Angry,113,Angry,Surprise,Happy,False,False,True,0.04012404,7.894637e-05,0.003837088,0.4327286,0.005651838,0.000634886,0.51694465
634,inesco,fyat,fyat_a247.wav,Angry,385,Angry,Happy,Happy,False,False,False,4.2481362e-05,2.455583e-06,0.0008966662,0.607267,2.6804234e-09,9.021979e-07,0.39179045
635,inesco,fyat,fyat_a248.wav,Angry,327,Angry,Angry,Angry,True,True,False,0.9971982,0.0007977117,0.00021848276,0.00022398432,3.21495e-05,0.0014643745,6.508277e-05
636,inesco,fyat,fyat_a249.wav,Angry,263,Angry,Happy,Happy,False,False,False,0.17053105,6.946238e-05,0.0006614142,0.75551367,0.055542633,0.016322078,0.0013596625
637,inesco,fyat,fyat_a250.wav,Angry,346,Angry,Surprise,Happy,False,False,True,0.00043002013,1.8734704e-06,0.1528725,0.033320926,8.52722e-09,3.1900294e-05,0.81334275
638,inesco,fyat,fyat_a251.wav,Angry,241,Angry,Angry,Angry,True,True,False,0.75747,0.003739153,0.0014394234,0.22586128,2.9643702e-06,1.1695834e-05,0.011475505
639,inesco,fyat,fyat_a252.wav,Angry,314,Angry,Happy,Happy,False,False,False,0.020088555,0.0025668081,0.22762756,0.5204471,0.018416433,0.11944723,0.09140634
640,inesco,fyat,fyat_a253.wav,Angry,228,Angry,Fear,Happy,False,False,True,3.757525e-05,9.604156e-07,0.9379057,0.04912302,9.9356516e-11,9.054382e-08,0.0129326405
641,inesco,fyat,fyat_a254.wav,Angry,231,Angry,Fear,Happy,False,False,True,0.111826666,6.0475136e-06,0.69418633,0.18881525,1.1328924e-06,0.0006118083,0.004552741
642,inesco,fyat,fyat_a255.wav,Angry,269,Angry,Sad,Sad,False,False,False,0.01755969,0.0010123238,0.108286425,0.003253844,8.278092e-05,0.7399312,0.12987372
643,inesco,fyat,fyat_a256.wav,Angry,349,Angry,Angry,Angry,True,True,False,0.5943742,5.3246236e-05,0.38143623,0.001270399,1.2506015e-09,8.424701e-05,0.022781681
644,inesco,fyat,fyat_a257.wav,Angry,282,Angry,Surprise,Angry,False,True,True,0.12225945,0.00087698066,0.0026539776,0.11723002,1.5739855e-06,0.00054379564,0.75643414
645,inesco,fyat,fyat_a258.wav,Angry,138,Angry,Surprise,Angry,False,True,True,0.03192892,8.3422685e-07,0.45269945,0.011953149,1.872156e-05,5.554317e-06,0.50339335
646,inesco,fyat,fyat_a259.wav,Angry,292,Angry,Surprise,Happy,False,False,True,0.012779487,0.0008612718,0.18710318,0.021068538,2.5359118e-06,0.0004300564,0.7777549
647,inesco,fyat,fyat_a260.wav,Angry,356,Angry,Angry,Angry,True,True,False,0.7967293,0.001276484,0.11411189,0.0035431671,0.00029424453,0.034256194,0.049788643
648,inesco,fyat,fyat_a261.wav,Angry,247,Angry,Angry,Angry,True,True,False,0.6882615,6.0568887e-06,0.27707857,0.0063285828,2.3512277e-06,0.0007504756,0.027572395
649,inesco,fyat,fyat_a262.wav,Angry,202,Angry,Angry,Angry,True,True,False,0.48755154,2.7386939e-06,0.21952775,0.29209775,4.4249646e-06,5.4050956e-06,0.0008104915
650,inesco,fyat,fyat_a263.wav,Angry,276,Angry,Angry,Angry,True,True,False,0.8704663,3.358014e-05,0.00067093264,0.12486653,4.5346056e-05,4.483434e-05,0.0038723655
651,inesco,fyat,fyat_a264.wav,Angry,100,Angry,Surprise,Happy,False,False,True,0.00030134903,1.2606938e-07,0.028908106,0.003939335,1.5889816e-07,3.9346937e-06,0.966847
652,inesco,fyat,fyat_a265.wav,Angry,93,Angry,Surprise,Happy,False,False,True,0.117490135,3.5484163e-06,0.00076867634,0.12412338,1.692461e-05,5.620914e-05,0.7575412
653,inesco,fyat,fyat_a266.wav,Angry,372,Angry,Surprise,Angry,False,True,True,0.16542406,0.00052057864,0.01404348,0.0807681,1.1768465e-05,0.00038241138,0.73884964
654,inesco,fyat,fyat_a267.wav,Angry,129,Angry,Surprise,Angry,False,True,True,0.0057142917,2.2131506e-07,0.00052350666,0.0028550443,2.8865838e-05,1.7592032e-05,0.99086046
655,inesco,fyat,fyat_a268.wav,Angry,87,Angry,Angry,Angry,True,True,False,0.9140522,2.7840204e-06,0.0019132295,0.01736223,0.0005438046,4.0164425e-05,0.06608563
656,inesco,fyat,fyat_a269.wav,Angry,129,Angry,Fear,Happy,False,False,True,0.00012943435,3.2432672e-07,0.99923027,0.00027282792,9.199086e-06,7.152691e-06,0.0003508307
657,inesco,fyat,fyat_a270.wav,Angry,170,Angry,Fear,Angry,False,True,True,0.14095014,4.1043387e-07,0.84395754,0.014798418,1.1004483e-05,6.964738e-05,0.00021296412
658,inesco,fyat,fyat_a271.wav,Angry,337,Angry,Surprise,Happy,False,False,True,0.0014252381,1.2343957e-05,0.009799134,0.0083572995,1.8360805e-07,0.00015297865,0.98025274
659,inesco,fyat,fyat_a272.wav,Angry,260,Angry,Angry,Angry,True,True,False,0.5583639,0.0057699764,0.035114996,0.026842916,2.8754474e-05,0.34036788,0.033511497
660,inesco,fyat,fyat_a273.wav,Angry,241,Angry,Fear,Happy,False,False,True,0.009549287,0.00052273273,0.63273114,0.3254533,4.6703653e-06,0.0012542002,0.030484583
661,inesco,fyat,fyat_a274.wav,Angry,401,Angry,Fear,Angry,False,True,True,0.16617195,2.3551647e-05,0.7728197,0.010975067,8.3973777e-07,0.0021198255,0.047889046
662,inesco,fyat,fyat_a275.wav,Angry,151,Angry,Happy,Happy,False,False,False,0.0014286845,6.2006382e-09,0.00060004386,0.9669079,1.4232915e-06,4.057394e-07,0.031061485
663,inesco,fyat,fyat_a276.wav,Angry,218,Angry,Angry,Angry,True,True,False,0.9714045,0.00073936745,0.0008390621,0.02344,0.00011434038,0.00067694933,0.002785728
664,inesco,fyat,fyat_a277.wav,Angry,308,Angry,Fear,Happy,False,False,True,4.221719e-05,0.00019756264,0.9763193,0.011148019,1.305438e-08,3.494658e-05,0.012257898
665,inesco,fyat,fyat_a278.wav,Angry,401,Angry,Surprise,Happy,False,False,True,0.00023995749,0.0016715333,0.016144797,0.18881394,1.1926961e-05,0.0013924397,0.7917254
666,inesco,fyat,fyat_a279.wav,Angry,385,Angry,Surprise,Happy,False,False,True,1.721466e-06,2.4694432e-07,0.021628471,0.0008519499,3.679889e-10,0.00010045677,0.97741723
667,inesco,fyat,fyat_a280.wav,Angry,314,Angry,Surprise,Sad,False,False,True,1.5890705e-06,0.35340324,0.00017377241,0.0013159224,6.55576e-07,0.0020530163,0.64305186
668,inesco,fyat,fyat_a281.wav,Angry,279,Angry,Surprise,Happy,False,False,True,0.00024427706,3.156106e-05,0.089273795,0.0033795135,2.8571629e-08,0.00014667187,0.9069242
669,inesco,fyat,fyat_a282.wav,Angry,260,Angry,Surprise,Sad,False,False,True,0.00059224415,0.00057186035,0.022258475,0.06421352,0.0002138013,0.1429606,0.7691895
670,inesco,fyat,fyat_a283.wav,Angry,378,Angry,Surprise,Happy,False,False,True,3.9500497e-05,2.2468734e-08,2.5874668e-05,0.0005933896,1.7520727e-10,8.826912e-07,0.99934036
671,inesco,fyat,fyat_a284.wav,Angry,266,Angry,Fear,Happy,False,False,True,1.683782e-06,1.3789654e-06,0.9807553,0.011556722,7.487996e-12,0.00713469,0.0005502703
672,inesco,fyat,fyat_a285.wav,Angry,218,Angry,Angry,Angry,True,True,False,0.52734286,3.536798e-05,0.26375717,0.15082982,0.0005075265,0.0037693314,0.053757917
673,inesco,fyat,fyat_a286.wav,Angry,359,Angry,Surprise,Happy,False,False,True,0.011623449,0.101156734,0.00013317227,0.34275728,0.0010273845,0.0013817115,0.5419203
674,inesco,fyat,fyat_a287.wav,Angry,273,Angry,Angry,Angry,True,True,False,0.53321254,0.053916506,0.05196839,0.09281918,1.0426385e-05,0.04757301,0.22049999
675,inesco,fyat,fyat_a288.wav,Angry,289,Angry,Sad,Sad,False,False,False,0.0077862726,0.00094873586,0.16356738,0.0005033014,1.0220698e-06,0.822163,0.0050303293
676,inesco,fyat,fyat_a289.wav,Angry,132,Angry,Angry,Angry,True,True,False,0.9625445,6.6065336e-06,0.031442553,0.002536615,5.033382e-06,2.1113776e-06,0.0034624971
677,inesco,fyat,fyat_a290.wav,Angry,353,Angry,Surprise,Happy,False,False,True,0.0002892702,0.0015662613,0.024148323,0.003395177,2.3118374e-09,0.0021899464,0.968411
678,inesco,fyat,fyat_a291.wav,Angry,161,Angry,Surprise,Angry,False,True,True,0.019163674,6.967855e-06,0.0050222385,0.0035768216,3.06604e-07,3.6664318e-05,0.9721933
679,inesco,fyat,fyat_a292.wav,Angry,71,Angry,Surprise,Angry,False,True,True,0.4224555,2.9450284e-06,0.0024328416,0.015284102,7.8987125e-07,3.200146e-05,0.55979186
680,inesco,fyat,fyat_a293.wav,Angry,225,Angry,Fear,Happy,False,False,True,0.030286282,0.016442286,0.46129018,0.3726013,0.0003206546,0.048660588,0.07039873
681,inesco,fyat,fyat_a294.wav,Angry,401,Angry,Angry,Angry,True,True,False,0.5786417,0.05867437,0.010039925,0.10324946,0.00012647895,0.016377455,0.23289065
682,inesco,fyat,fyat_a295.wav,Angry,333,Angry,Surprise,Happy,False,False,True,0.0040532323,0.0006852637,0.11079477,0.42408255,9.9269826e-05,0.01686225,0.44342268
683,inesco,fyat,fyat_a296.wav,Angry,141,Angry,Fear,Angry,False,True,True,0.01543428,2.4192733e-08,0.92383397,0.013855236,8.262622e-09,1.8596228e-07,0.04687633
684,inesco,fyat,fyat_a297.wav,Angry,116,Angry,Surprise,Angry,False,True,True,0.23337224,1.082259e-06,0.12620433,0.023859393,0.00012810613,0.00040931124,0.61602557
685,inesco,fyat,fyat_a298.wav,Angry,186,Angry,Surprise,Happy,False,False,True,3.3584265e-06,6.0146004e-09,0.020257201,0.19669393,9.578528e-07,3.0657702e-05,0.7830139
686,inesco,fyat,fyat_a299.wav,Angry,250,Angry,Happy,Happy,False,False,False,0.4085406,0.00013854542,0.0006913056,0.5629456,0.017119596,0.0008362438,0.009728122
687,inesco,fyat,fyat_a300.wav,Angry,401,Angry,Surprise,Happy,False,False,True,7.4303784e-08,2.2921166e-07,7.588316e-05,0.07839827,9.607547e-10,1.1957535e-06,0.9215243
688,inesco,fyat,fyat_a301.wav,Angry,250,Angry,Happy,Happy,False,False,False,0.37965992,0.062828355,0.1392255,0.41445258,8.3084924e-05,2.6655302e-05,0.0037238996
689,inesco,fyat,fyat_a302.wav,Angry,333,Angry,Angry,Angry,True,True,False,0.512703,0.009455937,0.17715071,0.0149620185,9.696162e-06,0.0016896414,0.28402895
690,inesco,fyat,fyat_a303.wav,Angry,372,Angry,Happy,Happy,False,False,False,0.0065723434,7.680901e-07,0.015152739,0.9262967,0.0019799033,0.0008747885,0.049122766
691,inesco,fyat,fyat_a304.wav,Angry,196,Angry,Happy,Happy,False,False,False,0.0799922,3.5119006e-06,0.24528876,0.58194333,5.3293494e-05,0.010840125,0.08187883
692,inesco,fyat,fyat_a305.wav,Angry,346,Angry,Fear,Sad,False,False,True,0.011915346,0.0023980255,0.55861175,0.020076199,3.948886e-06,0.03802171,0.36897305
693,inesco,fyat,fyat_a306.wav,Angry,289,Angry,Angry,Angry,True,True,False,0.47212705,0.00038554764,0.23982273,0.2594341,9.2879945e-06,0.001779913,0.026441345
694,inesco,fyat,fyat_a307.wav,Angry,189,Angry,Happy,Happy,False,False,False,0.08699004,2.8097665e-07,0.010517357,0.9001096,4.5947885e-07,1.4206956e-06,0.002380827
695,inesco,fyat,fyat_a308.wav,Angry,340,Angry,Surprise,Happy,False,False,True,0.0024919922,2.3439249e-07,0.0021273058,0.029975316,8.968598e-09,1.4113652e-06,0.9654038
696,inesco,fyat,fyat_a309.wav,Angry,68,Angry,Fear,Happy,False,False,True,0.0012686808,1.620265e-06,0.9391418,0.0014040887,1.3790862e-05,5.1540188e-05,0.058118433
697,inesco,fyat,fyat_a310.wav,Angry,109,Angry,Fear,Happy,False,False,True,0.0040402384,8.787311e-07,0.98302263,0.009903763,2.0919979e-05,0.00056603336,0.0024454016
698,inesco,fyat,fyat_a311.wav,Angry,145,Angry,Fear,Happy,False,False,True,2.8049226e-05,8.621875e-09,0.9438408,0.038780242,0.0026996038,0.00034958648,0.014301708
699,inesco,fyat,fyat_a312.wav,Angry,202,Angry,Fear,Happy,False,False,True,0.0009901309,1.0309163e-07,0.45886177,0.4420686,1.9534352e-06,7.337255e-05,0.09800414
700,inesco,fyat,fyat_a313.wav,Angry,247,Angry,Happy,Happy,False,False,False,0.056896996,2.4226854e-06,0.31728876,0.62140316,6.211613e-07,1.0182236e-05,0.0043978454
701,inesco,fyat,fyat_a314.wav,Angry,279,Angry,Fear,Happy,False,False,True,0.09286662,0.00016134712,0.6139555,0.22514705,0.00028822315,0.0044350727,0.063146256
702,inesco,fyat,fyat_a315.wav,Angry,401,Angry,Happy,Happy,False,False,False,0.056499645,0.02959143,1.1735345e-05,0.8614933,1.5360603e-06,5.8583904e-05,0.0523438
703,inesco,fyat,fyat_a316.wav,Angry,401,Angry,Surprise,Angry,False,True,True,0.024723016,1.5011233e-05,0.0038148705,0.010263562,8.090912e-10,1.1385776e-05,0.96117216
704,inesco,fyat,fyat_a317.wav,Angry,362,Angry,Disgust,Sad,False,False,True,0.00043366948,0.6784739,0.00042683803,0.0033989851,4.3040138e-05,0.3166017,0.0006218493
705,inesco,fyat,fyat_a318.wav,Angry,199,Angry,Fear,Angry,False,True,True,0.3852192,2.7161107e-07,0.60355896,0.010524458,7.8528956e-08,1.5234535e-05,0.0006817134
706,inesco,fyat,fyat_a319.wav,Angry,401,Angry,Surprise,Happy,False,False,True,5.1992898e-05,6.109923e-07,0.061429344,0.36081177,4.262008e-08,9.5759984e-05,0.5776105
707,inesco,fyat,fyat_a320.wav,Angry,177,Angry,Happy,Happy,False,False,False,0.4450954,4.4357363e-05,0.0686067,0.45106196,0.00048810508,0.033093553,0.0016098984
708,inesco,fyat,fyat_a321.wav,Angry,103,Angry,Fear,Angry,False,True,True,0.29881075,0.004171561,0.69506365,0.00029716163,0.00072434335,6.759382e-05,0.00086486514
709,inesco,fyat,fyat_a322.wav,Angry,71,Angry,Angry,Angry,True,True,False,0.89688915,2.0400887e-06,0.05554935,0.043594602,0.00010668632,0.00013426406,0.003723827
710,inesco,fyat,fyat_a323.wav,Angry,58,Angry,Surprise,Happy,False,False,True,0.02646522,6.547537e-05,0.10236365,0.10080544,0.00079859706,0.0064441427,0.76305753
711,inesco,fyat,fyat_a324.wav,Angry,173,Angry,Fear,Happy,False,False,True,0.00026774543,1.2851491e-08,0.95087785,0.02684589,1.8360084e-06,1.4412906e-06,0.022005301
712,inesco,fyat,fyat_a325.wav,Angry,113,Angry,Surprise,Happy,False,False,True,0.0038453443,4.54331e-05,0.0056592287,0.025374865,0.0006402773,0.00013249309,0.96430236
713,inesco,fyat,fyat_a326.wav,Angry,317,Angry,Surprise,Angry,False,True,True,0.0014026787,2.5394203e-05,0.20289676,0.00010783066,7.173356e-07,0.00053071405,0.7950359
714,inesco,fyat,fyat_a327.wav,Angry,285,Angry,Happy,Happy,False,False,False,0.027823327,0.0002945038,0.02876631,0.8986735,1.2357589e-05,0.0001896897,0.044240426
715,inesco,fyat,fyat_a328.wav,Angry,330,Angry,Surprise,Sad,False,False,True,8.439934e-05,0.008581851,0.020873405,0.007004639,7.1460465e-07,0.010068387,0.95338666
716,inesco,fyat,fyat_a329.wav,Angry,205,Angry,Happy,Happy,False,False,False,5.324456e-05,8.834448e-06,0.3416441,0.6519512,3.6420038e-06,0.0060097827,0.00032911423
717,inesco,fyat,fyat_a330.wav,Angry,135,Angry,Surprise,Happy,False,False,True,0.0017450933,5.482213e-07,0.20037481,0.030406477,1.3290486e-05,8.505963e-05,0.76737475
718,inesco,fyat,fyat_a331.wav,Angry,193,Angry,Happy,Happy,False,False,False,0.082071066,1.3917937e-06,0.0051983143,0.53030515,1.5504135e-06,7.612377e-05,0.38234642
719,inesco,fyat,fyat_a332.wav,Angry,129,Angry,Fear,Happy,False,False,True,1.14013254e-07,5.163001e-10,0.99830174,1.01853075e-05,8.436192e-09,7.3290096e-07,0.0016871053
720,inesco,fyat,fyat_a333.wav,Angry,103,Angry,Angry,Angry,True,True,False,0.9992078,1.2475202e-08,0.00068618596,9.236957e-05,1.4532161e-06,6.978484e-08,1.2155857e-05
721,inesco,fyat,fyat_a334.wav,Angry,244,Angry,Angry,Angry,True,True,False,0.41892514,0.24916531,0.00096673216,0.3234047,1.1193074e-05,0.00451907,0.0030079272
722,inesco,fyat,fyat_a335.wav,Angry,173,Angry,Angry,Angry,True,True,False,0.8053707,4.3463475e-05,0.033848133,0.08405381,0.00033195966,0.00025034102,0.076101616
723,inesco,fyat,fyat_a336.wav,Angry,205,Angry,Happy,Happy,False,False,False,0.16413501,1.1242665e-06,0.2586817,0.564196,0.0003374143,0.012627394,2.137443e-05
724,inesco,fyat,fyat_a337.wav,Angry,170,Angry,Angry,Angry,True,True,False,0.868687,9.439544e-06,0.11234635,0.012447823,0.00013156219,0.00014606572,0.006231727
725,inesco,fyat,fyat_a338.wav,Angry,225,Angry,Angry,Angry,True,True,False,0.70875895,0.00012962989,0.19374743,0.014346785,1.3505071e-06,0.00063172803,0.08238414
726,inesco,fyat,fyat_a339.wav,Angry,397,Angry,Surprise,Happy,False,False,True,6.970886e-05,0.009227881,0.012841224,0.18888493,5.4344014e-09,0.0011386868,0.7878376
727,inesco,fyat,fyat_a340.wav,Angry,109,Angry,Fear,Angry,False,True,True,0.03942535,1.3227222e-05,0.79390365,0.0108374655,0.00053295103,0.019424409,0.1358629
728,inesco,fyat,fyat_a341.wav,Angry,289,Angry,Surprise,Happy,False,False,True,0.021427983,0.00015658633,0.019914884,0.14680547,4.8348866e-06,0.0016533106,0.81003696
729,inesco,fyat,fyat_a342.wav,Angry,298,Angry,Surprise,Sad,False,False,True,0.0048031304,0.002034072,0.08801861,0.03219708,0.0003446572,0.033792883,0.8388096
730,inesco,fyat,fyat_a343.wav,Angry,205,Angry,Fear,Happy,False,False,True,3.380383e-05,8.9129117e-07,0.9773631,0.015363811,2.2965534e-07,0.0061637987,0.0010743071
731,inesco,fyat,fyat_a344.wav,Angry,164,Angry,Fear,Angry,False,True,True,0.18375571,1.0657142e-06,0.5300344,0.16934611,1.0974421e-06,6.885573e-07,0.116860874
732,inesco,fyat,fyat_a345.wav,Angry,157,Angry,Happy,Happy,False,False,False,0.00020596171,2.375298e-07,0.41096622,0.5862186,0.0007352684,0.00011147645,0.0017622755
733,inesco,fyat,fyat_a346.wav,Angry,337,Angry,Fear,Angry,False,True,True,0.31530812,0.0040444597,0.56758237,0.05318279,0.010058258,0.030441986,0.019382078
734,inesco,fyat,fyat_a347.wav,Angry,225,Angry,Fear,Happy,False,False,True,3.5991063e-05,1.7820361e-06,0.99693274,0.0017536572,7.716569e-08,0.00040512465,0.00087054167
735,inesco,fyat,fyat_a348.wav,Angry,109,Angry,Fear,Happy,False,False,True,0.033513345,7.3062333e-06,0.695008,0.0659563,2.7882452e-05,2.033993e-05,0.20546685
736,inesco,fyat,fyat_a349.wav,Angry,186,Angry,Angry,Angry,True,True,False,0.86238027,3.707198e-05,0.0773119,0.02479991,1.8738458e-05,1.953146e-05,0.035432607
737,inesco,fyat,fyat_a350.wav,Angry,401,Angry,Fear,Happy,False,False,True,0.0057351924,7.07083e-08,0.67749506,0.017846705,3.2144562e-10,9.629213e-06,0.29891342
738,inesco,fyat,fyat_a351.wav,Angry,244,Angry,Angry,Angry,True,True,False,0.47904795,0.00016049332,0.29683724,0.072131194,7.1081718e-06,0.0022351793,0.14958079
739,inesco,fyat,fyat_a352.wav,Angry,189,Angry,Fear,Happy,False,False,True,0.0062429137,6.3752753e-07,0.7455209,0.24546185,4.501203e-05,0.0027136013,1.5099158e-05
740,inesco,fyat,fyat_a353.wav,Angry,263,Angry,Surprise,Happy,False,False,True,0.002215833,0.002257094,0.11296813,0.05015702,9.940092e-07,0.034744855,0.7976561
741,inesco,fyat,fyat_a354.wav,Angry,356,Angry,Surprise,Angry,False,True,True,0.041417424,0.00022474816,0.25081286,0.013994807,8.41354e-08,0.002925817,0.69062424
742,inesco,fyat,fyat_a355.wav,Angry,266,Angry,Surprise,Angry,False,True,True,0.0072862385,0.06688605,0.005014121,0.0005792152,3.5663444e-11,1.2110121e-05,0.9202222
743,inesco,fyat,fyat_a356.wav,Angry,308,Angry,Fear,Happy,False,False,True,0.0006181351,5.621574e-07,0.77704215,0.009184176,1.6973597e-06,1.3098262e-05,0.2131403
744,inesco,fyat,fyat_a357.wav,Angry,205,Angry,Surprise,Happy,False,False,True,0.0017213555,0.0009149878,0.28149363,0.13416137,0.0001603208,0.06711006,0.5144383
745,inesco,fyat,fyat_a358.wav,Angry,119,Angry,Surprise,Happy,False,False,True,0.00047275604,9.368492e-07,0.010893936,0.0070321406,5.8569964e-07,2.1317546e-05,0.98157835
746,inesco,fyat,fyat_a359.wav,Angry,209,Angry,Angry,Angry,True,True,False,0.7835245,7.096249e-05,0.0073738806,0.03220542,0.00017574844,0.17654696,0.000102443184
747,inesco,fyat,fyat_a360.wav,Angry,116,Angry,Fear,Happy,False,False,True,0.006797478,1.02508885e-07,0.96462506,0.024952376,0.0022571688,8.528805e-06,0.001359281
748,inesco,fyat,fyat_a361.wav,Angry,125,Angry,Surprise,Angry,False,True,True,0.0052352757,6.130807e-08,0.34018025,0.0025669094,1.9458588e-08,1.3391814e-06,0.65201616
749,inesco,fyat,fyat_a362.wav,Angry,71,Angry,Angry,Angry,True,True,False,0.4826358,8.6933895e-08,0.46087128,0.043629527,0.00015857015,3.997167e-05,0.012664766
750,inesco,fyat,fyat_a363.wav,Angry,141,Angry,Angry,Angry,True,True,False,0.86438614,3.963001e-08,0.10004259,0.03400993,1.1797557e-05,1.1469195e-05,0.0015380007
751,inesco,fyat,fyat_a364.wav,Angry,122,Angry,Surprise,Angry,False,True,True,0.24958202,1.5164948e-06,0.0006301148,1.46400425e-05,2.6261644e-08,2.629278e-07,0.7497715
752,inesco,fyat,fyat_a365.wav,Angry,145,Angry,Fear,Angry,False,True,True,0.15874222,6.42206e-07,0.71716136,0.07663262,8.815113e-05,0.00056244945,0.046812493
753,inesco,fyat,fyat_a366.wav,Angry,205,Angry,Angry,Angry,True,True,False,0.70127064,1.41124135e-08,0.20737313,0.091347344,2.771063e-07,1.8340858e-06,6.7480128e-06
754,inesco,fyat,fyat_a367.wav,Angry,68,Angry,Angry,Angry,True,True,False,0.4549504,5.620129e-06,0.3021117,0.19182126,0.00078548526,0.0024416489,0.047883898
755,inesco,fyat,fyat_a368.wav,Angry,167,Angry,Fear,Happy,False,False,True,2.929789e-05,2.4893976e-09,0.99751675,0.0018804248,2.0679857e-07,6.453394e-05,0.0005089349
756,inesco,fyat,fyat_a369.wav,Angry,193,Angry,Happy,Happy,False,False,False,0.15906397,2.1658547e-08,0.0031044655,0.837829,2.954726e-08,1.3224564e-08,2.4932094e-06
757,inesco,fyat,fyat_a370.wav,Angry,161,Angry,Fear,Happy,False,False,True,2.3833398e-05,5.659246e-09,0.71453404,0.01106447,1.152207e-08,2.0334735e-07,0.2743774
758,inesco,fyat,fyat_a371.wav,Angry,161,Angry,Fear,Happy,False,False,True,0.00077158323,7.9400814e-07,0.983649,0.0016913547,2.602731e-07,0.0009934321,0.012893547
759,inesco,fyat,fyat_a372.wav,Angry,237,Angry,Angry,Angry,True,True,False,0.51407504,2.1500107e-07,0.20166227,0.279092,3.5046353e-06,4.540691e-05,0.005121482
760,inesco,fyat,fyat_a373.wav,Angry,173,Angry,Fear,Happy,False,False,True,0.0031972397,2.9216856e-08,0.9837008,0.011810963,2.5194276e-09,3.5768096e-06,0.0012874344
761,inesco,fyat,fyat_a374.wav,Angry,61,Angry,Angry,Angry,True,True,False,0.99794465,1.07317994e-07,0.0010924389,0.0005357854,1.3270271e-06,4.482556e-07,0.0004252142
762,inesco,fyat,fyat_a375.wav,Angry,260,Angry,Fear,Angry,False,True,True,0.09239512,0.0061057704,0.8193388,0.009674438,2.9764171e-06,0.05431391,0.018169021
763,inesco,fyat,fyat_a376.wav,Angry,81,Angry,Angry,Angry,True,True,False,0.6003381,1.6691722e-05,0.35471803,0.003429475,5.1954532e-05,4.4995755e-05,0.041400768
764,inesco,fyat,fyat_a377.wav,Angry,132,Angry,Fear,Angry,False,True,True,0.051582623,2.6974956e-08,0.5379938,0.02479988,8.2665895e-07,5.857174e-07,0.38562226
765,inesco,fyat,fyat_a378.wav,Angry,167,Angry,Surprise,Angry,False,True,True,0.40431166,2.8666889e-06,0.0011093164,0.08704354,1.6662501e-05,0.00042781196,0.5070881
766,inesco,fyat,fyat_a379.wav,Angry,173,Angry,Fear,Angry,False,True,True,0.28043842,6.264414e-08,0.41655988,0.2786905,1.0595656e-06,1.281718e-07,0.024309915
767,inesco,fyat,fyat_a380.wav,Angry,305,Angry,Surprise,Happy,False,False,True,0.00014231588,3.0708998e-06,0.01917793,0.00220489,4.0369713e-08,3.437541e-05,0.9784373
768,inesco,fyat,fyat_a381.wav,Angry,237,Angry,Angry,Angry,True,True,False,0.71636695,0.0018703984,0.16841012,0.10121802,3.0165518e-06,0.009794615,0.002336975
769,inesco,fyat,fyat_a382.wav,Angry,113,Angry,Surprise,Angry,False,True,True,0.3966821,4.998477e-08,0.0708501,0.117889546,0.00043579005,3.1200915e-07,0.4141421
770,inesco,fyat,fyat_a383.wav,Angry,68,Angry,Happy,Happy,False,False,False,0.19179983,0.00060123083,0.22981581,0.26217446,0.19015193,0.09322593,0.032230843
771,inesco,fyat,fyat_a384.wav,Angry,125,Angry,Happy,Happy,False,False,False,0.22016518,7.634375e-07,0.010908542,0.42347282,1.5795895e-06,4.866712e-06,0.3454463
772,inesco,fyat,fyat_a385.wav,Angry,119,Angry,Surprise,Angry,False,True,True,0.11789776,5.2886626e-06,0.10285632,0.08659377,0.0049162023,0.00011224681,0.6876184
773,inesco,fyat,fyat_a386.wav,Angry,129,Angry,Happy,Happy,False,False,False,0.035643045,1.0426389e-06,0.10055021,0.82090867,0.007798676,0.0008963509,0.034201976
774,inesco,fyat,fyat_a387.wav,Angry,401,Angry,Angry,Angry,True,True,False,0.673217,1.1758996e-06,0.00067075924,0.06609323,3.5473667e-07,8.830721e-05,0.25992924
775,inesco,fyat,fyat_a388.wav,Angry,68,Angry,Fear,Angry,False,True,True,0.073434405,7.003915e-05,0.8246029,0.002563374,6.1912573e-07,0.00012471632,0.09920388
776,inesco,fyat,fyat_a389.wav,Angry,77,Angry,Angry,Angry,True,True,False,0.6051396,8.511398e-06,0.1225537,0.05102143,2.020317e-05,0.00012097211,0.22113559
777,inesco,fyat,fyat_a390.wav,Angry,81,Angry,Angry,Angry,True,True,False,0.996128,2.452473e-07,7.1200743e-06,0.00011822646,7.163578e-07,3.1402507e-07,0.0037453517
778,inesco,fyat,fyat_a391.wav,Angry,55,Angry,Surprise,Angry,False,True,True,0.1407684,2.7003928e-06,0.050486404,0.010470073,0.00012822481,0.00027251855,0.7978717
779,inesco,fyat,fyat_a392.wav,Angry,49,Angry,Surprise,Angry,False,True,True,0.10496156,4.945662e-06,0.024935354,0.006541752,1.1958156e-06,4.5505756e-05,0.86350965
780,inesco,fyat,fyat_a393.wav,Angry,106,Angry,Surprise,Angry,False,True,True,0.2515032,2.3176357e-05,0.043288615,0.014950678,9.279233e-06,4.714195e-05,0.69017786
781,inesco,fyat,fyat_a394.wav,Angry,157,Angry,Happy,Happy,False,False,False,0.017402599,7.552176e-08,0.00014306216,0.9798886,5.5207266e-07,6.7237322e-09,0.002565058
782,inesco,fyat,fyat_a395.wav,Angry,125,Angry,Surprise,Happy,False,False,True,0.04483185,1.1714241e-06,0.048199438,0.07471922,1.5662139e-05,1.5094703e-05,0.8322175
783,inesco,fyat,fyat_a396.wav,Angry,234,Angry,Happy,Happy,False,False,False,0.0013513721,4.4508454e-08,0.12972592,0.8686815,7.5445537e-06,0.00019135475,4.2247542e-05
784,inesco,fyat,fyat_a397.wav,Angry,61,Angry,Angry,Angry,True,True,False,0.9370298,8.949713e-05,0.0089176325,0.038489655,0.0014066462,0.00083162624,0.013235254
785,inesco,fyat,fyat_a398.wav,Angry,65,Angry,Surprise,Angry,False,True,True,0.004281849,4.790776e-06,0.15158817,0.0018221467,3.94021e-06,0.0009947777,0.84130436
786,inesco,fyat,fyat_a399.wav,Angry,401,Angry,Fear,Happy,False,False,True,0.034980383,1.803085e-06,0.8600862,0.10268175,3.41843e-07,0.0002707606,0.0019786933
787,inesco,fyat,fyat_a400.wav,Angry,241,Angry,Fear,Sad,False,False,True,0.0015419215,9.3702336e-05,0.86037457,0.0039728093,6.285929e-07,0.044017106,0.08999925
788,inesco,fyat,fyat_a401.wav,Angry,199,Angry,Fear,Happy,False,False,True,0.1288404,1.3403986e-05,0.39804986,0.18116753,4.1797015e-05,9.177643e-05,0.2917952
789,inesco,fyat,fyat_h001.wav,Happy,231,Happy,Surprise,Angry,False,False,True,0.067200966,0.010054195,0.0019200253,0.04713739,2.7633707e-05,0.000239901,0.87341994
790,inesco,fyat,fyat_h002.wav,Happy,148,Happy,Happy,Happy,True,True,False,0.031643774,2.3649706e-07,0.001937335,0.85836375,2.3687144e-06,6.6060835e-07,0.10805186
791,inesco,fyat,fyat_h003.wav,Happy,237,Happy,Happy,Happy,True,True,False,0.036172956,0.020795245,0.00822746,0.63244015,0.0010207425,0.09320909,0.2081344
792,inesco,fyat,fyat_h004.wav,Happy,84,Happy,Angry,Angry,False,False,False,0.6188277,2.7158344e-06,0.14693208,0.21838917,0.0007603145,0.00020409895,0.014883855
793,inesco,fyat,fyat_h005.wav,Happy,177,Happy,Surprise,Happy,False,True,True,0.0004633258,0.0003633938,7.231496e-05,0.05976255,3.3203877e-09,0.00014257125,0.9391959
794,inesco,fyat,fyat_h006.wav,Happy,234,Happy,Disgust,Sad,False,False,True,0.009164995,0.72675735,0.00035374542,0.0018044121,0.00046615556,0.24647196,0.014981387
795,inesco,fyat,fyat_h007.wav,Happy,157,Happy,Angry,Angry,False,False,False,0.6642855,0.0005871029,0.012542213,0.04859932,0.22458853,0.037365604,0.012031776
796,inesco,fyat,fyat_h008.wav,Happy,257,Happy,Angry,Angry,False,False,False,0.9288307,0.00865469,0.005780362,0.019522771,3.8759907e-05,0.03634636,0.00082627585
797,inesco,fyat,fyat_h009.wav,Happy,209,Happy,Surprise,Happy,False,True,True,1.3418922e-05,0.000298957,0.040382884,0.121835314,2.996926e-06,0.00045134418,0.83701515
798,inesco,fyat,fyat_h010.wav,Happy,247,Happy,Happy,Happy,True,True,False,0.026445013,0.00081680954,0.00084844197,0.91786724,0.0038857085,0.0123643,0.03777258
799,inesco,fyat,fyat_h011.wav,Happy,237,Happy,Sad,Sad,False,False,False,0.018389326,0.01562086,0.002198175,0.10051583,0.022450404,0.76036596,0.08045956
800,inesco,fyat,fyat_h012.wav,Happy,273,Happy,Happy,Happy,True,True,False,0.0034926976,3.531028e-06,0.018973397,0.6828728,1.1756692e-06,2.6892596e-05,0.29462948
801,inesco,fyat,fyat_h013.wav,Happy,337,Happy,Surprise,Happy,False,True,True,3.763343e-05,3.9020214e-09,2.5363568e-05,0.008143122,8.286111e-09,1.9953025e-07,0.9917936
802,inesco,fyat,fyat_h014.wav,Happy,401,Happy,Sad,Sad,False,False,False,0.00088381546,0.00018163334,0.00047579766,0.04742886,0.21430764,0.7367142,8.071426e-06
803,inesco,fyat,fyat_h015.wav,Happy,183,Happy,Surprise,Happy,False,True,True,1.1319432e-05,3.8915264e-08,0.0032682414,0.108123384,1.2102656e-09,3.0428163e-07,0.8885967
804,inesco,fyat,fyat_h016.wav,Happy,257,Happy,Surprise,Angry,False,False,True,0.010974257,0.0049586473,0.077559896,0.0026639393,6.318347e-09,0.0037002547,0.9001431
805,inesco,fyat,fyat_h017.wav,Happy,180,Happy,Happy,Happy,True,True,False,0.03837805,4.8686812e-05,0.3440761,0.48410872,0.00040326253,0.12611766,0.006867602
806,inesco,fyat,fyat_h018.wav,Happy,401,Happy,Disgust,Angry,False,False,True,0.2223129,0.7557521,1.9722793e-05,0.013707244,7.6123756e-06,0.0012838433,0.0069166105
807,inesco,fyat,fyat_h019.wav,Happy,276,Happy,Disgust,Sad,False,False,True,3.905169e-06,0.9807006,7.881454e-06,1.4059056e-05,7.888349e-08,0.00025304456,0.019020481
808,inesco,fyat,fyat_h020.wav,Happy,266,Happy,Surprise,Happy,False,True,True,0.037700027,0.004267095,0.015612391,0.06819558,3.6266203e-05,0.009621744,0.864567
809,inesco,fyat,fyat_h021.wav,Happy,378,Happy,Surprise,Happy,False,True,True,0.010673135,2.436146e-06,0.00023751575,0.012168719,1.6349214e-09,3.4656093e-08,0.9769182
810,inesco,fyat,fyat_h022.wav,Happy,372,Happy,Angry,Angry,False,False,False,0.8056345,0.012137346,5.070723e-05,0.07558862,3.1532659e-06,0.0024699643,0.1041157
811,inesco,fyat,fyat_h023.wav,Happy,228,Happy,Happy,Happy,True,True,False,0.060920533,3.0023315e-08,0.15871274,0.58023083,1.5612884e-09,1.2613897e-06,0.20013456
812,inesco,fyat,fyat_h024.wav,Happy,145,Happy,Happy,Happy,True,True,False,0.005264072,1.7489968e-07,0.23436862,0.58597565,0.00021147795,0.0021322116,0.17204781
813,inesco,fyat,fyat_h025.wav,Happy,218,Happy,Happy,Happy,True,True,False,0.11828804,0.0011994749,0.0021410163,0.5331623,0.029014876,0.022369599,0.29382473
814,inesco,fyat,fyat_h026.wav,Happy,289,Happy,Happy,Happy,True,True,False,6.964299e-05,0.002666235,0.015667718,0.8030613,0.00023435059,0.0036579797,0.17464274
815,inesco,fyat,fyat_h027.wav,Happy,260,Happy,Happy,Happy,True,True,False,0.07357613,0.112341315,0.00037423574,0.7985642,0.00018192723,0.00088890345,0.014073239
816,inesco,fyat,fyat_h028.wav,Happy,173,Happy,Happy,Happy,True,True,False,0.00095915527,1.9595857e-06,0.18925953,0.80633295,0.00015431318,0.0024835567,0.0008084777
817,inesco,fyat,fyat_h029.wav,Happy,324,Happy,Fear,Happy,False,True,True,0.03454478,0.0031110055,0.37806126,0.2563319,0.0005336847,0.19438033,0.13303708
818,inesco,fyat,fyat_h030.wav,Happy,218,Happy,Surprise,Happy,False,True,True,0.0024508073,8.092791e-05,1.4820125e-05,0.14683968,0.34054586,6.4538062e-06,0.5100615
819,inesco,fyat,fyat_h031.wav,Happy,401,Happy,Sad,Sad,False,False,False,1.9566365e-05,3.2489068e-05,0.11814927,0.16660485,0.00045883152,0.7112017,0.0035332735
820,inesco,fyat,fyat_h032.wav,Happy,285,Happy,Surprise,Angry,False,False,True,0.008756338,0.38860732,5.2742143e-05,0.0002614364,1.050601e-07,0.00036562188,0.6019564
821,inesco,fyat,fyat_h033.wav,Happy,273,Happy,Disgust,Sad,False,False,True,0.0013414758,0.94060403,0.00022715807,0.0007713415,7.783941e-09,0.050316617,0.006739342
822,inesco,fyat,fyat_h034.wav,Happy,285,Happy,Angry,Angry,False,False,False,0.79547775,0.035168618,7.182787e-05,0.0058788243,0.016617125,0.14576031,0.0010255555
823,inesco,fyat,fyat_h035.wav,Happy,346,Happy,Angry,Angry,False,False,False,0.6195664,0.27415037,0.00082662434,0.012669824,4.7040445e-05,0.08845241,0.004287297
824,inesco,fyat,fyat_h036.wav,Happy,401,Happy,Fear,Happy,False,True,True,0.0010240918,8.9607283e-07,0.528547,0.44229317,2.2296681e-05,0.0028727404,0.025239808
825,inesco,fyat,fyat_h037.wav,Happy,401,Happy,Neutral,Happy,False,True,True,3.2861877e-05,0.020806838,0.085247114,0.13759917,0.6958519,0.05729607,0.003166064
826,inesco,fyat,fyat_h038.wav,Happy,401,Happy,Sad,Sad,False,False,False,0.000100811485,0.024708312,5.5640583e-05,0.00051449414,5.9593865e-05,0.97454304,1.8154036e-05
827,inesco,fyat,fyat_h039.wav,Happy,282,Happy,Surprise,Angry,False,False,True,0.18446925,0.022642335,0.0077132084,0.046963215,3.4611755e-06,0.010817279,0.72739124
828,inesco,fyat,fyat_h040.wav,Happy,401,Happy,Surprise,Happy,False,True,True,0.00015355615,4.308e-05,0.004694594,0.09860423,1.7444427e-07,0.0015416163,0.8949628
829,inesco,fyat,fyat_h041.wav,Happy,100,Happy,Fear,Angry,False,False,True,0.065999396,1.3137779e-07,0.8955768,0.018810019,0.008138675,0.00016811868,0.011306924
830,inesco,fyat,fyat_h042.wav,Happy,253,Happy,Sad,Sad,False,False,False,8.070828e-05,0.00012748227,0.0014868435,0.00047689446,4.2802654e-05,0.9977518,3.3411823e-05
831,inesco,fyat,fyat_h043.wav,Happy,401,Happy,Fear,Happy,False,True,True,1.8186953e-05,3.3482007e-05,0.52383,0.38888165,0.023263782,0.012519834,0.05145313
832,inesco,fyat,fyat_h044.wav,Happy,372,Happy,Happy,Happy,True,True,False,0.042871356,0.00019819509,3.0375077e-05,0.8277112,7.549192e-07,0.0003309419,0.12885721
833,inesco,fyat,fyat_h045.wav,Happy,276,Happy,Neutral,Happy,False,True,True,0.0061214073,0.0044183675,0.00010700749,0.43561018,0.5200974,0.033421062,0.00022464078
834,inesco,fyat,fyat_h046.wav,Happy,269,Happy,Surprise,Angry,False,False,True,0.40279695,0.0023240608,0.00038134443,0.019422071,0.0022382878,0.0002632813,0.57257396
835,inesco,fyat,fyat_h047.wav,Happy,276,Happy,Sad,Sad,False,False,False,0.065617375,0.0037627022,8.605734e-06,0.0038305258,0.054559294,0.87221825,3.2605765e-06
836,inesco,fyat,fyat_h048.wav,Happy,237,Happy,Happy,Happy,True,True,False,0.33854657,0.00036038455,0.012234159,0.42440137,5.062738e-07,4.283359e-06,0.22445269
837,inesco,fyat,fyat_h049.wav,Happy,253,Happy,Sad,Sad,False,False,False,7.713842e-05,0.0043349913,0.00086931896,0.0023433878,0.0015689171,0.9907878,1.8564226e-05
838,inesco,fyat,fyat_h050.wav,Happy,173,Happy,Happy,Happy,True,True,False,4.7602804e-05,5.1205556e-10,0.089614764,0.83692497,4.4955152e-07,1.0910453e-05,0.07340132
839,inesco,fyat,fyat_h051.wav,Happy,401,Happy,Happy,Happy,True,True,False,0.06649906,0.00051120046,0.00033871311,0.9205664,0.00013355257,0.00022286132,0.011728124
840,inesco,fyat,fyat_h052.wav,Happy,401,Happy,Sad,Sad,False,False,False,0.0015226067,0.00028821066,0.00020218655,0.39696905,0.007862229,0.59218884,0.0009668438
841,inesco,fyat,fyat_h053.wav,Happy,401,Happy,Happy,Happy,True,True,False,0.00025703062,3.972594e-06,0.011700734,0.88767296,0.03289429,0.057259943,0.010211058
842,inesco,fyat,fyat_h054.wav,Happy,362,Happy,Happy,Happy,True,True,False,0.009227688,4.5319313e-05,0.00018511918,0.97404456,1.8486979e-05,1.0003373e-05,0.016468925
843,inesco,fyat,fyat_h055.wav,Happy,401,Happy,Sad,Sad,False,False,False,0.009633111,0.024724178,0.0006146782,0.034603857,0.00212274,0.92817634,0.00012507234
844,inesco,fyat,fyat_h056.wav,Happy,359,Happy,Surprise,Angry,False,False,True,0.27476656,0.1756723,0.00041988818,0.09521455,0.0002909769,0.019678028,0.4339577
845,inesco,fyat,fyat_h057.wav,Happy,369,Happy,Sad,Sad,False,False,False,0.009475235,0.019028889,0.0027043803,0.2704613,0.00093394454,0.3495789,0.34781736
846,inesco,fyat,fyat_h058.wav,Happy,401,Happy,Happy,Happy,True,True,False,0.010503477,0.036417108,0.0016065462,0.87663645,0.004016321,0.02607731,0.044742845
847,inesco,fyat,fyat_h059.wav,Happy,298,Happy,Happy,Happy,True,True,False,0.15375787,0.009696614,2.874479e-05,0.7182057,0.1083726,0.00985076,8.771989e-05
848,inesco,fyat,fyat_h060.wav,Happy,401,Happy,Happy,Happy,True,True,False,1.08637105e-05,1.968992e-05,0.0021265126,0.9577328,7.43735e-05,0.035308525,0.0047271973
849,inesco,fyat,fyat_h061.wav,Happy,148,Happy,Surprise,Sad,False,False,True,0.00015865205,0.00011378734,0.12218036,0.0001044249,3.412357e-07,0.00044815743,0.87699425
850,inesco,fyat,fyat_h062.wav,Happy,365,Happy,Happy,Happy,True,True,False,0.058022596,0.00844044,0.003430879,0.80472755,0.06349445,0.047788482,0.014095621
851,inesco,fyat,fyat_h063.wav,Happy,301,Happy,Neutral,Sad,False,False,True,0.011688732,0.00020517706,7.565515e-06,0.022315271,0.90020555,0.065575734,1.9322858e-06
852,inesco,fyat,fyat_h064.wav,Happy,276,Happy,Neutral,Happy,False,True,True,0.006629252,0.00034895592,0.009017362,0.2911928,0.427708,0.26374486,0.0013587743
853,inesco,fyat,fyat_h065.wav,Happy,375,Happy,Sad,Sad,False,False,False,0.23314236,0.115897216,0.033558268,0.019573856,0.0012441078,0.4345327,0.1620515
854,inesco,fyat,fyat_h066.wav,Happy,311,Happy,Happy,Happy,True,True,False,0.02358179,1.0381547e-05,0.18964918,0.6192379,6.8851723e-06,0.0002826362,0.16723117
855,inesco,fyat,fyat_h067.wav,Happy,401,Happy,Happy,Happy,True,True,False,0.0043073124,0.0011884746,0.0041375146,0.81801784,0.025626516,0.105077945,0.041644417
856,inesco,fyat,fyat_h068.wav,Happy,401,Happy,Sad,Sad,False,False,False,0.060744036,0.0021853629,0.061306737,0.09403015,0.0060598073,0.7577772,0.017896747
857,inesco,fyat,fyat_h069.wav,Happy,401,Happy,Sad,Sad,False,False,False,0.006627492,0.00016726316,0.01807281,0.31727365,0.056223784,0.6010499,0.0005850758
858,inesco,fyat,fyat_h070.wav,Happy,401,Happy,Happy,Happy,True,True,False,0.0027704928,0.009808447,0.0006866062,0.6684791,0.1072974,0.21020441,0.00075345254
859,inesco,fyat,fyat_h071.wav,Happy,381,Happy,Neutral,Sad,False,False,True,3.9415154e-05,0.00012599684,0.0007529089,0.033083886,0.5969969,0.36899948,1.318709e-06
860,inesco,fyat,fyat_h072.wav,Happy,372,Happy,Sad,Sad,False,False,False,1.0252334e-05,0.00032875637,3.077442e-05,0.01034258,0.06030025,0.92898005,7.3325627e-06
861,inesco,fyat,fyat_h073.wav,Happy,202,Happy,Neutral,Angry,False,False,True,0.007597616,7.6186865e-05,3.9896395e-07,0.0026830707,0.98928434,0.00033800254,2.036005e-05
862,inesco,fyat,fyat_h074.wav,Happy,353,Happy,Surprise,Angry,False,False,True,0.2047225,0.0021019136,0.0028593352,0.00590489,8.35711e-05,0.029535871,0.7547919
863,inesco,fyat,fyat_h075.wav,Happy,250,Happy,Surprise,Happy,False,True,True,0.06951309,0.0013526262,0.28363457,0.120591514,3.6023554e-05,0.0010862782,0.5237859
864,inesco,fyat,fyat_h076.wav,Happy,263,Happy,Sad,Sad,False,False,False,0.10276403,0.0005501222,0.094949074,0.05214826,0.03713281,0.7122903,0.00016542018
865,inesco,fyat,fyat_h077.wav,Happy,308,Happy,Angry,Angry,False,False,False,0.92955303,0.0076020285,7.268514e-06,0.0044329367,0.046397433,0.00040426792,0.011603052
866,inesco,fyat,fyat_h078.wav,Happy,273,Happy,Angry,Angry,False,False,False,0.88821876,0.052853234,5.23036e-05,0.00069407973,0.000527957,0.057338458,0.00031524792
867,inesco,fyat,fyat_h079.wav,Happy,401,Happy,Sad,Sad,False,False,False,0.0025736005,0.0049802884,0.000112866896,0.020688891,0.09525536,0.87636,2.8993803e-05
868,inesco,fyat,fyat_h080.wav,Happy,401,Happy,Surprise,Happy,False,True,True,0.0026117552,9.252621e-06,0.0012082411,0.10330448,2.7396078e-07,0.00030099053,0.892565
869,inesco,fyat,fyat_h081.wav,Happy,372,Happy,Happy,Happy,True,True,False,0.265059,0.0039765225,0.01605076,0.35425547,0.0010531963,0.013846344,0.34575868
870,inesco,fyat,fyat_h082.wav,Happy,391,Happy,Happy,Happy,True,True,False,0.04282561,0.0049819527,0.001441388,0.8010604,0.054054495,0.09420742,0.001428789
871,inesco,fyat,fyat_h083.wav,Happy,401,Happy,Sad,Sad,False,False,False,0.0029596165,0.0016680422,0.0032646384,0.25603092,0.110264584,0.6134381,0.012374076
872,inesco,fyat,fyat_h084.wav,Happy,244,Happy,Happy,Happy,True,True,False,0.026643088,0.0021761553,0.18021514,0.4367473,3.693098e-05,0.0066255317,0.3475559
873,inesco,fyat,fyat_h085.wav,Happy,401,Happy,Happy,Happy,True,True,False,0.019246755,0.009695452,0.0004319927,0.76484305,0.005429371,0.10907039,0.091282964
874,inesco,fyat,fyat_h086.wav,Happy,321,Happy,Sad,Sad,False,False,False,0.0014545289,0.00034061892,0.18300311,0.042137347,0.011774316,0.75119483,0.010095142
875,inesco,fyat,fyat_h087.wav,Happy,218,Happy,Fear,Happy,False,True,True,2.0456503e-06,1.1677053e-05,0.9674265,0.0011659245,2.2630988e-07,8.264331e-05,0.031310964
876,inesco,fyat,fyat_h088.wav,Happy,321,Happy,Disgust,Happy,False,True,True,0.015513204,0.77701026,0.002473085,0.1314377,0.00078641,0.04915766,0.023621632
877,inesco,fyat,fyat_h089.wav,Happy,401,Happy,Sad,Sad,False,False,False,0.0022141645,0.0018696618,5.8114787e-05,0.028346034,0.004852282,0.9626564,3.3006543e-06
878,inesco,fyat,fyat_h090.wav,Happy,113,Happy,Fear,Happy,False,True,True,0.00039643067,0.00016223684,0.9740316,0.003233878,8.035703e-05,0.0020150766,0.020080455
879,inesco,fyat,fyat_h091.wav,Happy,401,Happy,Sad,Sad,False,False,False,0.039541844,0.003515384,4.0619307e-06,0.00012623337,0.0030341663,0.9537778,5.756188e-07
880,inesco,fyat,fyat_h092.wav,Happy,215,Happy,Happy,Happy,True,True,False,0.0018004163,0.00012085734,4.9188096e-05,0.90582657,0.0069540176,0.08516325,8.570796e-05
881,inesco,fyat,fyat_h093.wav,Happy,378,Happy,Angry,Angry,False,False,False,0.52221644,0.013566057,0.00011765005,0.05325684,0.11743782,0.2914868,0.0019183247
882,inesco,fyat,fyat_h094.wav,Happy,375,Happy,Happy,Happy,True,True,False,0.006359733,4.4045526e-05,0.000558917,0.81664175,0.00047663666,0.00030992262,0.17560902
883,inesco,fyat,fyat_h095.wav,Happy,301,Happy,Angry,Angry,False,False,False,0.8039603,0.032400217,0.0018954264,0.0058605825,0.059407964,0.095429316,0.001046189
884,inesco,fyat,fyat_h096.wav,Happy,209,Happy,Neutral,Happy,False,True,True,0.00016175106,2.5138564e-07,1.7387405e-05,0.008844538,0.9849378,0.0060358285,2.5016845e-06
885,inesco,fyat,fyat_h097.wav,Happy,225,Happy,Surprise,Happy,False,True,True,0.00043120247,4.859114e-06,0.006166587,0.026927097,3.2075427e-08,6.77742e-05,0.9664024
886,inesco,fyat,fyat_h098.wav,Happy,401,Happy,Happy,Happy,True,True,False,0.0011332447,4.344461e-05,0.010726293,0.8347561,0.0015222463,0.10767707,0.044141646
887,inesco,fyat,fyat_h099.wav,Happy,109,Happy,Surprise,Happy,False,True,True,0.0012553514,9.4561315e-08,0.16234508,0.016414667,1.4584873e-06,2.2083019e-05,0.81996125
888,inesco,fyat,fyat_h100.wav,Happy,228,Happy,Surprise,Angry,False,False,True,0.019838605,0.00039730538,0.00021467662,0.0013414897,0.0012412751,7.695706e-06,0.97695893
889,inesco,fyat,fyat_h101.wav,Happy,273,Happy,Angry,Angry,False,False,False,0.9223124,0.0014437191,0.00013387085,0.02288127,0.040172737,0.012887992,0.00016799959
890,inesco,fyat,fyat_h102.wav,Happy,234,Happy,Neutral,Sad,False,False,True,0.001958383,0.00035639238,0.00034953744,0.095510826,0.60898274,0.29193136,0.0009108135
891,inesco,fyat,fyat_h103.wav,Happy,401,Happy,Happy,Happy,True,True,False,0.0017254481,0.0008515885,0.00047449305,0.9154344,0.0044701737,0.07343512,0.0036087083
892,inesco,fyat,fyat_h104.wav,Happy,401,Happy,Happy,Happy,True,True,False,0.0002638671,0.000443945,0.00018404421,0.9537823,0.00071125996,0.04031705,0.0042974637
893,inesco,fyat,fyat_h105.wav,Happy,263,Happy,Neutral,Sad,False,False,True,0.001012629,0.0005319098,8.6607026e-05,0.006524178,0.7156459,0.27618685,1.1871575e-05
894,inesco,fyat,fyat_h106.wav,Happy,305,Happy,Happy,Happy,True,True,False,0.09506919,0.00044481418,0.03743945,0.7984562,0.04553591,0.0049778833,0.018076604
895,inesco,fyat,fyat_h107.wav,Happy,401,Happy,Sad,Sad,False,False,False,0.02757029,0.014646322,0.0015724504,0.2227799,0.2795404,0.35631353,0.09757715
896,inesco,fyat,fyat_h108.wav,Happy,401,Happy,Surprise,Happy,False,True,True,0.0020147804,0.10279813,0.0034754646,0.092740566,0.00016098892,0.023235084,0.775575
897,inesco,fyat,fyat_h109.wav,Happy,276,Happy,Happy,Happy,True,True,False,0.09187178,0.012783339,0.012075249,0.7078109,0.043471247,0.12118874,0.010798747
898,inesco,fyat,fyat_h110.wav,Happy,401,Happy,Happy,Happy,True,True,False,0.00022993595,0.00019051039,0.0029717982,0.8441498,0.012384005,0.13276756,0.0073063537
899,inesco,fyat,fyat_h111.wav,Happy,327,Happy,Surprise,Angry,False,False,True,0.118520945,0.14737408,0.055141587,0.04882341,1.7234548e-05,0.09877199,0.53135073
900,inesco,fyat,fyat_h112.wav,Happy,401,Happy,Sad,Sad,False,False,False,0.016509105,0.011624044,0.00032481577,0.10777376,0.19534354,0.6679228,0.0005019514
901,inesco,fyat,fyat_h113.wav,Happy,401,Happy,Happy,Happy,True,True,False,0.010796407,0.0029541065,0.021415113,0.8876848,2.6898365e-07,0.0012286728,0.075920746
902,inesco,fyat,fyat_h114.wav,Happy,228,Happy,Angry,Angry,False,False,False,0.88796896,0.001320905,0.0023353058,0.09926677,0.00014310324,0.00011273554,0.008852125
903,inesco,fyat,fyat_h115.wav,Happy,401,Happy,Sad,Sad,False,False,False,0.2938768,0.07322962,2.5430938e-06,0.008771834,0.023665443,0.60022604,0.00022777762
904,inesco,fyat,fyat_h116.wav,Happy,135,Happy,Happy,Happy,True,True,False,0.07139954,0.0007636369,0.050640646,0.5510553,0.17209904,0.059415754,0.09462602
905,inesco,fyat,fyat_h117.wav,Happy,253,Happy,Disgust,Sad,False,False,True,0.0015571303,0.66289556,1.3366685e-05,0.006850544,0.05202819,0.275137,0.0015182304
906,inesco,fyat,fyat_h118.wav,Happy,349,Happy,Happy,Happy,True,True,False,0.0041920436,0.06773641,0.008125614,0.5533359,0.0006253372,0.06710956,0.29887512
907,inesco,fyat,fyat_h119.wav,Happy,317,Happy,Surprise,Sad,False,False,True,0.0015304016,0.004133129,0.20551032,0.0583472,0.0006241761,0.08154298,0.6483118
908,inesco,fyat,fyat_h120.wav,Happy,401,Happy,Happy,Happy,True,True,False,0.02252875,0.0029223207,0.00031457664,0.9446935,0.0012440727,0.010865606,0.017431218
909,inesco,fyat,fyat_h121.wav,Happy,266,Happy,Surprise,Happy,False,True,True,0.00011226621,0.008388704,0.00011362932,0.0073516592,1.2574385e-07,1.64152e-06,0.984032
910,inesco,fyat,fyat_h122.wav,Happy,276,Happy,Neutral,Sad,False,False,True,0.09333169,0.041121326,3.2844184e-06,0.00033557267,0.4724291,0.3927712,7.84149e-06
911,inesco,fyat,fyat_h123.wav,Happy,337,Happy,Surprise,Happy,False,True,True,2.91689e-07,1.6393705e-06,0.0044658757,0.029304205,2.3432996e-09,1.239339e-05,0.96621555
912,inesco,fyat,fyat_h124.wav,Happy,321,Happy,Surprise,Happy,False,True,True,0.0053218426,0.016654845,0.0050706463,0.02624499,7.6473036e-05,0.0024051908,0.944226
913,inesco,fyat,fyat_h125.wav,Happy,157,Happy,Fear,Happy,False,True,True,0.00014668175,3.7673703e-06,0.98262656,0.005033043,0.009534689,0.0002078941,0.0024473625
914,inesco,fyat,fyat_h126.wav,Happy,401,Happy,Sad,Sad,False,False,False,0.04065709,0.00326026,0.00021921334,0.46004507,0.010594519,0.4823918,0.0028320807
915,inesco,fyat,fyat_h127.wav,Happy,260,Happy,Surprise,Angry,False,False,True,0.04314348,0.15344352,0.00055627845,0.039949156,6.7200585e-06,0.0010285422,0.76187223
916,inesco,fyat,fyat_h128.wav,Happy,257,Happy,Happy,Happy,True,True,False,0.001872609,1.6531735e-06,0.000995166,0.9034738,3.1806636e-08,1.18336375e-05,0.093644895
917,inesco,fyat,fyat_h129.wav,Happy,212,Happy,Neutral,Happy,False,True,True,0.006382762,0.0021719662,0.0016353433,0.021111155,0.9642326,0.0017392176,0.0027268825
918,inesco,fyat,fyat_h130.wav,Happy,183,Happy,Fear,Happy,False,True,True,1.8863137e-06,3.266002e-07,0.9967602,0.0027011775,2.7124852e-07,4.9004284e-05,0.00048711535
919,inesco,fyat,fyat_h131.wav,Happy,202,Happy,Happy,Happy,True,True,False,0.003006148,5.0302704e-05,0.015172742,0.43921483,0.00087177637,0.13241827,0.40926588
920,inesco,fyat,fyat_h132.wav,Happy,372,Happy,Angry,Angry,False,False,False,0.59949064,0.06647384,0.00041715708,0.123937026,0.044906173,0.04427821,0.12049692
921,inesco,fyat,fyat_h133.wav,Happy,241,Happy,Sad,Sad,False,False,False,0.0021519682,0.0022772339,0.05816804,0.06747543,0.0001518672,0.85456854,0.01520694
922,inesco,fyat,fyat_h134.wav,Happy,401,Happy,Happy,Happy,True,True,False,0.28551847,0.024693336,5.467024e-05,0.54690164,0.006090211,0.13484421,0.0018974083
923,inesco,fyat,fyat_h135.wav,Happy,273,Happy,Surprise,Happy,False,True,True,0.106756866,0.0016646454,0.018325806,0.1379598,1.6088721e-05,0.10774374,0.627533
924,inesco,fyat,fyat_h136.wav,Happy,266,Happy,Fear,Happy,False,True,True,2.2731197e-06,5.1109716e-09,0.9886614,0.0014878772,2.474896e-09,1.2282112e-05,0.009836252
925,inesco,fyat,fyat_h137.wav,Happy,221,Happy,Neutral,Sad,False,False,True,0.0005338686,0.005875292,0.0034005477,0.0011701161,0.83868265,0.15027674,6.076373e-05
926,inesco,fyat,fyat_h138.wav,Happy,260,Happy,Neutral,Sad,False,False,True,0.00043347167,0.00799831,9.1965114e-07,0.0005760404,0.82155025,0.16942418,1.6857653e-05
927,inesco,fyat,fyat_h139.wav,Happy,314,Happy,Neutral,Sad,False,False,True,3.6766367e-05,0.00036817696,1.2548668e-06,0.00018678552,0.9853162,0.01409079,2.162427e-08
928,inesco,fyat,fyat_h140.wav,Happy,180,Happy,Neutral,Sad,False,False,True,0.00022415954,0.00017332529,9.852016e-05,0.030623538,0.79244304,0.17641337,2.400281e-05
929,inesco,fyat,fyat_h141.wav,Happy,237,Happy,Surprise,Happy,False,True,True,0.10497724,0.10506348,0.0072763436,0.107404985,1.3946491e-06,9.6677235e-05,0.6751799
930,inesco,fyat,fyat_h142.wav,Happy,180,Happy,Happy,Happy,True,True,False,0.21634018,4.3335403e-06,0.00071668124,0.7812446,0.00075048767,0.0007792135,0.00016455592
931,inesco,fyat,fyat_h143.wav,Happy,298,Happy,Happy,Happy,True,True,False,0.06721542,0.0019324133,0.011847406,0.63578516,0.0024591296,0.15694267,0.12381779
932,inesco,fyat,fyat_h144.wav,Happy,343,Happy,Happy,Happy,True,True,False,0.0009360345,6.3658714e-05,0.10258939,0.85791844,0.017584661,0.004623828,0.016283931
933,inesco,fyat,fyat_h145.wav,Happy,218,Happy,Neutral,Sad,False,False,True,0.0015306614,0.019498207,1.4264685e-05,0.00011377306,0.9365137,0.04231456,1.4866432e-05
934,inesco,fyat,fyat_h146.wav,Happy,93,Happy,Fear,Sad,False,False,True,0.029642083,0.0036575818,0.8778251,0.019109018,0.025413085,0.036473036,0.007880097
935,inesco,fyat,fyat_h147.wav,Happy,167,Happy,Surprise,Happy,False,True,True,0.037494395,1.9438428e-06,0.00048210652,0.32056156,0.009748902,1.9952215e-05,0.6316912
936,inesco,fyat,fyat_h148.wav,Happy,157,Happy,Neutral,Happy,False,True,True,3.6256824e-05,1.9212534e-06,0.0005886001,0.024213675,0.9728617,0.0022974287,3.32658e-07
937,inesco,fyat,fyat_h149.wav,Happy,346,Happy,Surprise,Happy,False,True,True,0.009848332,0.015644561,0.00493221,0.23412012,3.8285874e-05,0.033778034,0.7016384
938,inesco,fyat,fyat_h150.wav,Happy,237,Happy,Happy,Happy,True,True,False,0.005697439,9.550622e-05,0.00017923376,0.9837981,0.0057021515,0.0040494897,0.00047820335
939,inesco,fyat,fyat_h151.wav,Happy,305,Happy,Happy,Happy,True,True,False,0.17595482,0.01508845,0.053391114,0.47367013,0.03616298,0.2212378,0.024494702
940,inesco,fyat,fyat_h152.wav,Happy,401,Happy,Fear,Sad,False,False,True,0.00029901924,0.014251182,0.33694732,0.059308954,0.23903418,0.3344129,0.015746456
941,inesco,fyat,fyat_h153.wav,Happy,401,Happy,Disgust,Sad,False,False,True,0.008664177,0.9406338,7.8623765e-05,0.0043907035,4.086162e-07,0.0170012,0.029231053
942,inesco,fyat,fyat_h154.wav,Happy,285,Happy,Sad,Sad,False,False,False,0.016163953,0.012094242,0.31270948,0.2635272,0.0005848983,0.33023176,0.0646884
943,inesco,fyat,fyat_h155.wav,Happy,247,Happy,Disgust,Angry,False,False,True,0.14496571,0.5627203,0.118156776,0.040992808,0.00032172506,0.0016437563,0.13119891
944,inesco,fyat,fyat_h156.wav,Happy,388,Happy,Fear,Sad,False,False,True,0.0014374851,0.0007862081,0.50623125,0.002897426,1.41632345e-05,0.2898425,0.19879098
945,inesco,fyat,fyat_h157.wav,Happy,381,Happy,Happy,Happy,True,True,False,0.043998897,0.0006077193,3.277651e-05,0.93050784,0.017964356,0.006738773,0.00014967498
946,inesco,fyat,fyat_h158.wav,Happy,401,Happy,Sad,Sad,False,False,False,6.897249e-05,0.006379388,4.0374102e-06,0.0021083602,0.005970108,0.9854682,8.871764e-07
947,inesco,fyat,fyat_h159.wav,Happy,327,Happy,Angry,Angry,False,False,False,0.58458346,0.0016005111,0.00037572611,0.050320774,0.35521102,0.007472702,0.00043575768
948,inesco,fyat,fyat_h160.wav,Happy,346,Happy,Neutral,Sad,False,False,True,0.0086128805,5.8038448e-05,0.00065543246,0.14852595,0.6411742,0.2008721,0.00010135569
949,inesco,fyat,fyat_h161.wav,Happy,247,Happy,Neutral,Sad,False,False,True,0.00259469,0.009653885,4.5678435e-06,0.021331105,0.7010182,0.26539567,1.8670314e-06
950,inesco,fyat,fyat_h162.wav,Happy,343,Happy,Sad,Sad,False,False,False,2.6955058e-05,4.1599314e-06,0.0060601276,0.010980232,0.17836642,0.80456066,1.3086585e-06
951,inesco,fyat,fyat_h163.wav,Happy,308,Happy,Surprise,Happy,False,True,True,0.0087860385,0.0020420575,0.0006449787,0.033643402,9.784704e-05,0.0012392723,0.9535464
952,inesco,fyat,fyat_h164.wav,Happy,106,Happy,Surprise,Happy,False,True,True,0.00012551017,1.6524164e-05,0.120628364,0.27545014,0.0015612585,0.0017805933,0.6004376
953,inesco,fyat,fyat_h165.wav,Happy,279,Happy,Sad,Sad,False,False,False,9.350125e-05,0.0016704899,0.00092143175,0.00099869,0.0009391485,0.995368,8.821006e-06
954,inesco,fyat,fyat_h166.wav,Happy,141,Happy,Fear,Happy,False,True,True,0.013185623,2.6867452e-05,0.8777599,0.0404716,0.025434043,0.015769256,0.027352713
955,inesco,fyat,fyat_h167.wav,Happy,157,Happy,Happy,Happy,True,True,False,0.12400317,3.7638847e-07,0.007374015,0.8665845,0.00086101686,0.00079361984,0.0003833141
956,inesco,fyat,fyat_h168.wav,Happy,228,Happy,Sad,Sad,False,False,False,0.0014803194,3.5256984e-05,2.5411176e-05,0.0071572005,0.015811864,0.9754748,1.517605e-05
957,inesco,fyat,fyat_h169.wav,Happy,218,Happy,Happy,Happy,True,True,False,0.054902893,0.0047633704,0.0033525543,0.5600562,0.05180193,0.3223087,0.0028143646
958,inesco,fyat,fyat_h170.wav,Happy,186,Happy,Angry,Angry,False,False,False,0.761406,0.00016849714,4.811098e-05,0.08235668,0.15281779,8.3107305e-05,0.0031197998
959,inesco,fyat,fyat_h171.wav,Happy,157,Happy,Happy,Happy,True,True,False,0.042831745,1.7563998e-05,0.01416418,0.48930308,0.058273856,0.037919015,0.35749048
960,inesco,fyat,fyat_h172.wav,Happy,394,Happy,Fear,Happy,False,True,True,0.00040353567,5.0515737e-05,0.9840937,0.0014431467,1.3096849e-06,0.00042043588,0.013587319
961,inesco,fyat,fyat_h173.wav,Happy,186,Happy,Happy,Happy,True,True,False,0.0027382616,2.7023634e-05,0.043055166,0.71120036,0.07645451,0.1643874,0.0021371983
962,inesco,fyat,fyat_h174.wav,Happy,97,Happy,Surprise,Happy,False,True,True,4.682763e-05,5.000337e-08,0.13835676,0.026425935,6.764014e-07,4.2100837e-06,0.8351655
963,inesco,fyat,fyat_h175.wav,Happy,212,Happy,Neutral,Sad,False,False,True,0.0006141859,1.3178222e-05,3.9264773e-06,0.0028796874,0.98674786,0.009733279,7.914881e-06
964,inesco,fyat,fyat_h176.wav,Happy,183,Happy,Happy,Happy,True,True,False,0.012703621,8.979808e-05,0.0010150566,0.9212207,0.035338506,0.028970808,0.00066153466
965,inesco,fyat,fyat_h177.wav,Happy,324,Happy,Neutral,Happy,False,True,True,0.0007464921,0.0004898803,0.00050804013,0.048517775,0.9057948,0.04392322,1.9904275e-05
966,inesco,fyat,fyat_h178.wav,Happy,401,Happy,Sad,Sad,False,False,False,0.0021220574,0.0005068053,0.0043732845,0.3345729,0.023054022,0.6343903,0.0009806096
967,inesco,fyat,fyat_h179.wav,Happy,298,Happy,Happy,Happy,True,True,False,0.018769456,0.00025532057,0.0015800275,0.8699589,0.083768025,0.0250251,0.00064323744
968,inesco,fyat,fyat_h180.wav,Happy,266,Happy,Happy,Happy,True,True,False,0.038034387,0.00022438644,0.004410792,0.8515532,0.03359562,0.06905525,0.003126396
969,inesco,fyat,fyat_h181.wav,Happy,167,Happy,Neutral,Sad,False,False,True,2.3505916e-05,1.5847469e-05,0.00060020486,0.00078454934,0.9887183,0.009804173,5.343683e-05
970,inesco,fyat,fyat_h182.wav,Happy,247,Happy,Sad,Sad,False,False,False,0.0022276598,0.0005033788,1.729074e-05,0.014909513,0.2492565,0.7330587,2.6999935e-05
971,inesco,fyat,fyat_h183.wav,Happy,186,Happy,Neutral,Happy,False,True,True,0.0006499712,0.00029249847,0.0031139846,0.13447084,0.78757495,0.061655786,0.012241971
972,inesco,fyat,fyat_h184.wav,Happy,164,Happy,Happy,Happy,True,True,False,0.0011588101,9.206547e-05,0.2942463,0.44375792,0.19770856,0.05304357,0.009992888
973,inesco,fyat,fyat_h185.wav,Happy,301,Happy,Sad,Sad,False,False,False,3.6742134e-05,0.00015736373,0.0007442079,0.0003071225,0.00064447854,0.9978515,0.00025859743
974,inesco,fyat,fyat_h186.wav,Happy,401,Happy,Sad,Sad,False,False,False,0.050789185,0.007384282,0.008315153,0.1552655,0.004399838,0.77268624,0.0011598807
975,inesco,fyat,fyat_h187.wav,Happy,401,Happy,Sad,Sad,False,False,False,0.16878597,0.06509589,0.0010028847,0.028072476,0.0004187075,0.73284817,0.0037758488
976,inesco,fyat,fyat_h188.wav,Happy,330,Happy,Sad,Sad,False,False,False,0.008814373,0.00015286745,0.036686968,0.21204874,0.0027084132,0.7393845,0.0002040941
977,inesco,fyat,fyat_h189.wav,Happy,369,Happy,Happy,Happy,True,True,False,0.01508146,0.0012592692,0.00058198563,0.53223777,4.1458225e-05,9.398707e-05,0.4507041
978,inesco,fyat,fyat_h190.wav,Happy,340,Happy,Surprise,Happy,False,True,True,0.00012939349,3.0633669e-06,3.5337387e-05,0.0030833827,8.9982795e-09,3.8081919e-06,0.996745
979,inesco,fyat,fyat_h191.wav,Happy,225,Happy,Happy,Happy,True,True,False,0.0020809947,0.00046576833,0.00050681515,0.9251495,0.059643086,0.009834982,0.002318934
980,inesco,fyat,fyat_h192.wav,Happy,401,Happy,Sad,Sad,False,False,False,0.0019616778,0.0035027468,0.0007444142,0.00071051,0.0049780696,0.9876631,0.0004394449
981,inesco,fyat,fyat_h193.wav,Happy,378,Happy,Sad,Sad,False,False,False,0.0015108341,0.051070794,0.012869251,0.000878609,0.00038383037,0.9328867,0.0004000251
982,inesco,fyat,fyat_h194.wav,Happy,401,Happy,Surprise,Happy,False,True,True,0.012536495,0.029497536,0.015167468,0.45644647,2.6845325e-07,0.0008493217,0.48550248
983,inesco,fyat,fyat_h195.wav,Happy,359,Happy,Sad,Sad,False,False,False,0.011100666,0.00023709767,0.008920469,0.3328111,0.0007881429,0.6446336,0.0015089267
984,inesco,fyat,fyat_h196.wav,Happy,401,Happy,Sad,Sad,False,False,False,0.00016867141,6.272479e-05,0.0149027705,3.5109962e-05,0.0002606996,0.98451626,5.3812153e-05
985,inesco,fyat,fyat_h197.wav,Happy,372,Happy,Sad,Sad,False,False,False,4.3387423e-05,0.0011624577,5.1687077e-09,3.0365167e-05,0.00040323296,0.9983606,1.0837796e-09
986,inesco,fyat,fyat_h198.wav,Happy,378,Happy,Disgust,Sad,False,False,True,0.035366025,0.7183886,0.0008882161,0.005236746,0.002987327,0.23581655,0.0013165127
987,inesco,fyat,fyat_h199.wav,Happy,225,Happy,Sad,Sad,False,False,False,2.2626334e-06,0.014243059,8.823287e-05,0.00024558406,0.026865609,0.95855474,4.2959454e-07
988,inesco,fyat,fyat_h200.wav,Happy,100,Happy,Fear,Happy,False,True,True,0.0026856116,5.56184e-07,0.8901471,0.006184251,0.00016833452,6.0170878e-05,0.100754105
989,inesco,fyat,fyat_h201.wav,Happy,372,Happy,Sad,Sad,False,False,False,1.2452202e-05,4.8345023e-06,6.461432e-05,0.00040892733,0.007958173,0.99153906,1.185603e-05
990,inesco,fyat,fyat_h202.wav,Happy,324,Happy,Surprise,Happy,False,True,True,1.45859e-05,2.5279156e-05,0.0049363,0.0041285492,4.8942e-09,0.0014414259,0.9894539
991,inesco,fyat,fyat_h203.wav,Happy,324,Happy,Sad,Sad,False,False,False,0.0008712852,4.886542e-05,0.00018803768,0.1910701,0.08983059,0.71796227,2.8816523e-05
992,inesco,fyat,fyat_h204.wav,Happy,298,Happy,Sad,Sad,False,False,False,0.0011339843,0.00095196,0.0015894903,0.058671147,0.002714218,0.93285197,0.0020872587
993,inesco,fyat,fyat_h205.wav,Happy,401,Happy,Angry,Angry,False,False,False,0.33629757,0.32624918,0.00033623466,0.08875223,7.1143215e-05,0.22209214,0.026201477
994,inesco,fyat,fyat_h206.wav,Happy,401,Happy,Sad,Sad,False,False,False,8.1254075e-07,2.7077835e-05,0.0010516578,0.3101149,0.00020415141,0.68837434,0.00022706637
995,inesco,fyat,fyat_h207.wav,Happy,401,Happy,Sad,Sad,False,False,False,0.00011187089,0.00018813969,0.002727297,0.0010943746,0.0014914471,0.9943175,6.936068e-05
996,inesco,fyat,fyat_h208.wav,Happy,311,Happy,Fear,Angry,False,False,True,0.07841097,8.044679e-07,0.9207488,4.129539e-05,1.8174317e-08,1.9992773e-05,0.0007781958
997,inesco,fyat,fyat_h209.wav,Happy,401,Happy,Sad,Sad,False,False,False,0.00013512468,0.0006183141,0.0019184104,0.15584177,0.024537593,0.81656754,0.00038132776
998,inesco,fyat,fyat_h210.wav,Happy,401,Happy,Sad,Sad,False,False,False,4.896099e-05,0.0036048456,1.3699769e-06,2.6572845e-06,0.031776734,0.96456504,4.459624e-07
999,inesco,fyat,fyat_h211.wav,Happy,285,Happy,Sad,Sad,False,False,False,0.0013511676,0.0020401787,0.007594792,0.08850329,0.0106604425,0.88920426,0.0006458526
1000,inesco,fyat,fyat_s402.wav,Sad,340,Sad,Happy,Happy,False,False,False,0.25774926,0.19030786,0.00147195,0.3686108,0.0003343333,0.15351556,0.028010257
1001,inesco,fyat,fyat_s403.wav,Sad,285,Sad,Sad,Sad,True,True,False,5.209575e-05,2.2761562e-06,0.035165925,5.0745984e-05,1.1842754e-05,0.9647068,1.03290895e-05
1002,inesco,fyat,fyat_s404.wav,Sad,273,Sad,Fear,Sad,False,True,True,8.204027e-05,1.5215037e-05,0.9745107,0.005923934,3.140489e-06,0.015862457,0.0036024828
1003,inesco,fyat,fyat_s405.wav,Sad,401,Sad,Fear,Happy,False,False,True,0.0009627938,4.7430922e-07,0.8460213,0.112787396,8.205397e-08,3.4833534e-05,0.04019318
1004,inesco,fyat,fyat_s406.wav,Sad,273,Sad,Fear,Angry,False,False,True,0.3320866,1.1875286e-05,0.64349884,0.015707148,5.687013e-07,7.21174e-05,0.008622915
1005,inesco,fyat,fyat_s407.wav,Sad,205,Sad,Fear,Happy,False,False,True,2.5733366e-06,2.592593e-07,0.9973054,0.0019798651,3.4228192e-06,0.0005126515,0.00019577211
1006,inesco,fyat,fyat_s408.wav,Sad,180,Sad,Happy,Happy,False,False,False,0.23110332,2.9435657e-06,0.108616665,0.6562118,6.289775e-05,0.0032435572,0.00075876154
1007,inesco,fyat,fyat_s409.wav,Sad,273,Sad,Surprise,Happy,False,False,True,0.0013467318,3.6323804e-06,0.21987103,0.0123539455,5.4794424e-07,0.00055473944,0.7658694
1008,inesco,fyat,fyat_s410.wav,Sad,401,Sad,Fear,Happy,False,False,True,5.1129696e-06,7.3542292e-09,0.5043448,4.7834223e-05,2.5371762e-12,4.5862245e-07,0.49560174
1009,inesco,fyat,fyat_s411.wav,Sad,372,Sad,Sad,Sad,True,True,False,0.00905453,0.16329013,0.0015617805,0.01841058,3.1005109e-06,0.78296447,0.024715364
1010,inesco,fyat,fyat_s412.wav,Sad,167,Sad,Fear,Happy,False,False,True,4.9432185e-07,1.4404873e-07,0.992421,0.0065919165,1.1204349e-07,6.147688e-05,0.00092493696
1011,inesco,fyat,fyat_s413.wav,Sad,401,Sad,Disgust,Angry,False,False,True,0.052195504,0.63814527,0.2197091,0.008991098,1.258799e-05,0.03533653,0.045609884
1012,inesco,fyat,fyat_s414.wav,Sad,308,Sad,Happy,Happy,False,False,False,0.010117422,0.00027838128,0.01582665,0.7527135,0.119447134,0.09603526,0.0055816
1013,inesco,fyat,fyat_s415.wav,Sad,129,Sad,Neutral,Angry,False,False,True,0.116355695,0.0042210766,0.08981436,0.0011510851,0.78669673,0.0016127012,0.00014832294
1014,inesco,fyat,fyat_s416.wav,Sad,401,Sad,Sad,Sad,True,True,False,0.00045744498,0.0066352068,1.4159926e-06,4.7096564e-06,3.1565567e-06,0.99289775,1.9412266e-07
1015,inesco,fyat,fyat_s417.wav,Sad,401,Sad,Sad,Sad,True,True,False,0.001960307,0.0036753356,2.6081634e-05,0.0072929664,0.13551582,0.8515226,6.796732e-06
1016,inesco,fyat,fyat_s418.wav,Sad,359,Sad,Fear,Sad,False,True,True,0.00016337275,1.2821357e-09,0.9921957,2.7102724e-05,5.127964e-08,0.0076108966,2.8598827e-06
1017,inesco,fyat,fyat_s419.wav,Sad,346,Sad,Sad,Sad,True,True,False,0.08262932,0.022606663,0.020317234,0.03191631,0.099838935,0.7304724,0.012219083
1018,inesco,fyat,fyat_s420.wav,Sad,106,Sad,Fear,Angry,False,False,True,0.08126749,3.5257785e-06,0.8490533,0.04836713,0.019312084,0.00037895807,0.0016174298
1019,inesco,fyat,fyat_s421.wav,Sad,372,Sad,Fear,Sad,False,True,True,0.034962267,0.005037118,0.71273214,0.0044670813,7.5524506e-05,0.046083026,0.19664276
1020,inesco,fyat,fyat_s422.wav,Sad,359,Sad,Fear,Angry,False,False,True,0.13740984,0.025042417,0.7141335,0.0067594037,1.3421215e-05,0.032321837,0.0843195
1021,inesco,fyat,fyat_s423.wav,Sad,250,Sad,Fear,Angry,False,False,True,0.022210006,0.00013785275,0.9666704,0.00031366746,7.7354264e-07,0.009323781,0.0013435641
1022,inesco,fyat,fyat_s424.wav,Sad,401,Sad,Fear,Angry,False,False,True,0.00050722784,3.0770963e-08,0.9990368,6.122401e-05,4.4386997e-08,2.2861142e-05,0.0003718591
1023,inesco,fyat,fyat_s425.wav,Sad,401,Sad,Happy,Happy,False,False,False,0.007115747,3.833236e-05,0.0039449804,0.82442236,1.1697143e-05,8.85852e-05,0.16437821
1024,inesco,fyat,fyat_s426.wav,Sad,401,Sad,Surprise,Happy,False,False,True,0.089467585,0.22825842,0.11553333,0.1931986,0.0007173142,0.13758677,0.23523799
1025,inesco,fyat,fyat_s427.wav,Sad,247,Sad,Fear,Sad,False,True,True,0.005016495,2.4036362e-06,0.9840461,3.412728e-05,1.7162194e-10,0.01083933,6.157808e-05
1026,inesco,fyat,fyat_s428.wav,Sad,401,Sad,Surprise,Angry,False,False,True,0.01957925,0.00017959281,0.0025006898,0.0129228365,2.227169e-07,1.7789695e-05,0.9647996
1027,inesco,fyat,fyat_s429.wav,Sad,401,Sad,Fear,Angry,False,False,True,0.0016849376,9.347941e-05,0.99473023,0.0008128613,4.5238139e-07,0.00031768708,0.002360312
1028,inesco,fyat,fyat_s430.wav,Sad,401,Sad,Sad,Sad,True,True,False,0.02183935,0.052630655,0.08622255,0.33131605,2.2608698e-05,0.44793922,0.060029477
1029,inesco,fyat,fyat_s431.wav,Sad,266,Sad,Happy,Happy,False,False,False,0.042035624,1.5284026e-05,0.17092639,0.68832684,0.000110348694,0.0018676335,0.096717864
1030,inesco,fyat,fyat_s432.wav,Sad,401,Sad,Fear,Happy,False,False,True,0.0010797173,1.4444829e-06,0.7669391,0.2083613,0.003259191,0.011749805,0.00860941
1031,inesco,fyat,fyat_s433.wav,Sad,401,Sad,Angry,Angry,False,False,False,0.5651846,0.0029483954,0.07767733,0.2913324,1.0511263e-06,0.0021225219,0.060733654
1032,inesco,fyat,fyat_s434.wav,Sad,337,Sad,Fear,Sad,False,True,True,0.0014934484,8.4808664e-05,0.98704,0.0031016115,0.00014401833,0.0034152884,0.004720894
1033,inesco,fyat,fyat_s435.wav,Sad,212,Sad,Fear,Sad,False,True,True,1.4229301e-05,1.4262063e-06,0.9866747,0.001463086,9.190865e-05,0.011736847,1.7817458e-05
1034,inesco,fyat,fyat_s436.wav,Sad,231,Sad,Angry,Angry,False,False,False,0.55303687,0.00016293177,0.39488822,0.04812301,4.106234e-06,0.0037732814,1.159165e-05
1035,inesco,fyat,fyat_s437.wav,Sad,321,Sad,Happy,Happy,False,False,False,0.002685013,9.7836855e-05,0.3910724,0.5089524,7.83036e-05,0.012186842,0.08492721
1036,inesco,fyat,fyat_s438.wav,Sad,401,Sad,Angry,Angry,False,False,False,0.40473068,0.11507289,0.016772427,0.058800504,6.338854e-05,0.13022412,0.27433607
1037,inesco,fyat,fyat_s439.wav,Sad,401,Sad,Happy,Happy,False,False,False,0.016867355,0.00076359225,0.0048275385,0.5158293,8.142013e-06,0.00039899885,0.4613051
1038,inesco,fyat,fyat_s440.wav,Sad,365,Sad,Surprise,Angry,False,False,True,0.009616863,0.0041235243,0.26173404,0.00035470113,7.6042664e-07,0.0066246265,0.7175455
1039,inesco,fyat,fyat_s441.wav,Sad,401,Sad,Disgust,Sad,False,True,True,9.146121e-06,0.9824759,0.00015052744,7.129371e-05,2.2167898e-08,0.016469749,0.0008233806
1040,inesco,fyat,fyat_s442.wav,Sad,324,Sad,Angry,Angry,False,False,False,0.46707645,0.00023916044,0.2342293,0.23334342,1.5869333e-05,0.0013741663,0.0637217
1041,inesco,fyat,fyat_s443.wav,Sad,401,Sad,Fear,Sad,False,True,True,4.2750708e-06,0.00026352925,0.5697296,0.043989323,5.1082214e-05,0.18983726,0.19612487
1042,inesco,fyat,fyat_s444.wav,Sad,401,Sad,Fear,Happy,False,False,True,2.451567e-06,1.2214849e-08,0.89220154,0.100007385,1.8891857e-05,0.0056241844,0.0021455598
1043,inesco,fyat,fyat_s445.wav,Sad,401,Sad,Sad,Sad,True,True,False,1.031263e-05,0.00083158613,0.07662883,0.2560911,9.857019e-05,0.6638614,0.002478169
1044,inesco,fyat,fyat_s446.wav,Sad,401,Sad,Surprise,Happy,False,False,True,0.0071520293,0.11633678,0.0007618162,0.1283992,2.922269e-06,0.00018215504,0.7471651
1045,inesco,fyat,fyat_s447.wav,Sad,401,Sad,Surprise,Sad,False,True,True,0.007456003,0.0026874768,0.08313287,0.116716295,3.5930045e-06,0.3877465,0.40225726
1046,inesco,fyat,fyat_s448.wav,Sad,260,Sad,Fear,Angry,False,False,True,0.053184263,5.241277e-05,0.9060107,0.0037756835,7.781858e-06,0.036761083,0.00020810867
1047,inesco,fyat,fyat_s449.wav,Sad,391,Sad,Fear,Happy,False,False,True,0.0015898105,1.0368185e-07,0.97671854,0.021388322,1.0493344e-07,8.897737e-05,0.00021405492
1048,inesco,fyat,fyat_s450.wav,Sad,305,Sad,Angry,Angry,False,False,False,0.743862,6.398901e-06,0.18455516,0.003948408,1.2851714e-06,0.00024031813,0.06738646
1049,inesco,fyat,fyat_s451.wav,Sad,305,Sad,Fear,Happy,False,False,True,0.00021411368,1.8872179e-06,0.8007753,0.19347686,4.042435e-08,0.0010797061,0.004452022
1050,inesco,fyat,fyat_s452.wav,Sad,401,Sad,Sad,Sad,True,True,False,0.006897524,0.003362303,0.01414459,0.010989931,0.00014672424,0.9644489,9.972615e-06
1051,inesco,fyat,fyat_s453.wav,Sad,298,Sad,Fear,Angry,False,False,True,0.13042192,6.1536106e-05,0.78672266,0.028155597,1.3332193e-06,0.044926167,0.0097108325
1052,inesco,fyat,fyat_s454.wav,Sad,401,Sad,Fear,Sad,False,True,True,0.00034806778,4.5079605e-06,0.753545,0.008604953,2.5631276e-05,0.23746422,7.6268593e-06
1053,inesco,fyat,fyat_s455.wav,Sad,346,Sad,Fear,Sad,False,True,True,0.00022100928,8.521276e-05,0.9505202,0.0008092631,5.29275e-06,0.02817914,0.020179972
1054,inesco,fyat,fyat_s456.wav,Sad,401,Sad,Disgust,Happy,False,False,True,0.10716497,0.40767762,0.00018378484,0.36726004,2.3118313e-05,0.117560945,0.00012957041
1055,inesco,fyat,fyat_s457.wav,Sad,401,Sad,Fear,Sad,False,True,True,7.7192286e-05,0.0008391282,0.5557927,0.006568275,0.00034214347,0.4359601,0.00042047878
1056,inesco,fyat,fyat_s458.wav,Sad,340,Sad,Angry,Angry,False,False,False,0.5846239,0.00012811122,0.4015007,0.008902282,7.477794e-05,0.00044380227,0.0043265154
1057,inesco,fyat,fyat_s459.wav,Sad,401,Sad,Sad,Sad,True,True,False,0.0024485798,0.03030695,0.1464609,0.18439107,3.1683318e-05,0.51251245,0.12384838
1058,inesco,fyat,fyat_s460.wav,Sad,269,Sad,Fear,Happy,False,False,True,0.0012783965,0.0014193208,0.83781356,0.06293389,2.9512186e-08,0.000121499565,0.09643326
1059,inesco,fyat,fyat_s461.wav,Sad,343,Sad,Happy,Happy,False,False,False,0.1015495,9.7682416e-05,0.013788356,0.77144897,0.00022190466,0.06861269,0.04428099
1060,inesco,fyat,fyat_s462.wav,Sad,401,Sad,Happy,Happy,False,False,False,0.012328073,0.002193641,0.1496566,0.6496352,0.0005963147,0.12989046,0.05569978
1061,inesco,fyat,fyat_s463.wav,Sad,401,Sad,Surprise,Happy,False,False,True,0.016281925,0.0008406713,0.009278893,0.1930517,2.5396437e-05,0.00037924165,0.7801421
1062,inesco,fyat,fyat_s464.wav,Sad,375,Sad,Fear,Happy,False,False,True,0.0029463356,0.00024646777,0.91495025,0.02254611,2.5280789e-09,0.00023103501,0.059079736
1063,inesco,fyat,fyat_s465.wav,Sad,401,Sad,Happy,Happy,False,False,False,4.218753e-06,1.5314527e-06,0.029123798,0.79886925,1.6222049e-06,0.00013151596,0.17186812
1064,inesco,fyat,fyat_s466.wav,Sad,321,Sad,Fear,Sad,False,True,True,0.0003615942,0.00035372522,0.8061129,0.0008310645,2.3002669e-09,0.0074780327,0.18486275
1065,inesco,fyat,fyat_s467.wav,Sad,119,Sad,Fear,Happy,False,False,True,0.000168484,1.4253835e-08,0.56007916,0.27341163,9.876776e-08,1.9065146e-05,0.16632147
1066,inesco,fyat,fyat_s468.wav,Sad,234,Sad,Fear,Sad,False,True,True,0.0004765179,8.455887e-06,0.99190485,0.0006539988,2.579452e-05,0.0067787883,0.00015156956
1067,inesco,fyat,fyat_s469.wav,Sad,221,Sad,Fear,Sad,False,True,True,1.6500584e-05,0.00026133275,0.9692728,0.002174322,8.30047e-05,0.020694451,0.0074975914
1068,inesco,fyat,fyat_s470.wav,Sad,241,Sad,Fear,Sad,False,True,True,0.00024579652,2.3295204e-05,0.7461024,0.022696275,2.161347e-06,0.23084018,8.9894864e-05
1069,inesco,fyat,fyat_s471.wav,Sad,157,Sad,Sad,Sad,True,True,False,1.5420337e-05,6.184881e-07,0.015003579,0.01106599,2.2801913e-05,0.9738912,4.3886996e-07
1070,inesco,fyat,fyat_s472.wav,Sad,401,Sad,Surprise,Happy,False,False,True,7.351786e-05,0.0003492148,0.3290832,0.25912523,7.9282494e-05,0.067141555,0.34414798
1071,inesco,fyat,fyat_s473.wav,Sad,289,Sad,Fear,Sad,False,True,True,0.00079638767,8.9207975e-07,0.97991973,0.00020000103,5.819135e-09,0.017908668,0.0011743179
1072,inesco,fyat,fyat_s474.wav,Sad,401,Sad,Fear,Happy,False,False,True,1.4715985e-07,9.0713584e-08,0.839253,0.111366965,3.4406607e-06,0.0012306144,0.048145797
1073,inesco,fyat,fyat_s475.wav,Sad,401,Sad,Fear,Sad,False,True,True,0.0015037765,1.2101074e-08,0.9756091,0.0012198661,0.000113061076,0.021546064,8.096351e-06
1074,inesco,fyat,fyat_s476.wav,Sad,321,Sad,Fear,Sad,False,True,True,0.0006361339,1.9277647e-06,0.94903624,0.00051547395,2.5563284e-05,0.048506927,0.0012777273
1075,inesco,fyat,fyat_s477.wav,Sad,401,Sad,Surprise,Happy,False,False,True,0.00896174,5.688144e-07,0.43165442,0.06158535,8.098183e-08,8.4318395e-05,0.4977135
1076,inesco,fyat,fyat_s478.wav,Sad,273,Sad,Happy,Happy,False,False,False,0.065181226,0.0031942588,0.17616786,0.32590935,0.00010532146,0.22656067,0.20288132
1077,inesco,fyat,fyat_s479.wav,Sad,401,Sad,Sad,Sad,True,True,False,1.621057e-05,0.0003250856,0.41519788,0.039741777,0.00016616285,0.53990173,0.0046511153
1078,inesco,fyat,fyat_s480.wav,Sad,385,Sad,Fear,Angry,False,False,True,4.9380626e-05,2.4596561e-08,0.9998772,7.0537603e-06,2.8548717e-09,2.7371405e-05,3.9030372e-05
1079,inesco,fyat,fyat_s481.wav,Sad,401,Sad,Fear,Sad,False,True,True,2.2200198e-05,9.756385e-05,0.8401039,0.0043959203,4.520475e-06,0.15491174,0.00046417708
1080,inesco,fyat,fyat_s482.wav,Sad,311,Sad,Happy,Happy,False,False,False,6.6104236e-05,4.3303622e-05,0.0053339554,0.60744715,0.01395034,0.3730684,9.0740024e-05
1081,inesco,fyat,fyat_s483.wav,Sad,401,Sad,Happy,Happy,False,False,False,0.0013555601,0.00010346036,0.10726972,0.7150024,0.0017032314,0.03466977,0.13989581
1082,inesco,fyat,fyat_s484.wav,Sad,295,Sad,Fear,Happy,False,False,True,0.0048661795,0.0028006819,0.4888502,0.46171397,0.00036986117,0.0075715464,0.033827547
1083,inesco,fyat,fyat_s485.wav,Sad,186,Sad,Fear,Happy,False,False,True,3.835299e-07,9.0212616e-08,0.985657,0.014267463,2.5654124e-05,1.2274994e-06,4.8253893e-05
1084,inesco,fyat,fyat_s486.wav,Sad,401,Sad,Fear,Happy,False,False,True,5.610439e-07,4.1565644e-07,0.9057248,0.00021191739,2.3720979e-09,5.8768986e-05,0.09400348
1085,inesco,fyat,fyat_s487.wav,Sad,305,Sad,Angry,Angry,False,False,False,0.43841004,0.23437193,0.0020399464,0.02192623,0.00011354704,0.29289675,0.010241616
1086,inesco,fyat,fyat_s488.wav,Sad,177,Sad,Fear,Happy,False,False,True,0.00028343967,1.02188686e-07,0.97947514,0.019616358,1.895608e-06,5.6288158e-05,0.0005669037
1087,inesco,fyat,fyat_s489.wav,Sad,401,Sad,Happy,Happy,False,False,False,0.026291586,0.001836993,0.27823874,0.41381982,0.00024057172,0.2738952,0.005677109
1088,inesco,fyat,fyat_s490.wav,Sad,401,Sad,Surprise,Happy,False,False,True,3.2235548e-05,0.018083869,0.12762047,0.08337762,1.8137573e-06,0.012309907,0.75857407
1089,inesco,fyat,fyat_s491.wav,Sad,401,Sad,Happy,Happy,False,False,False,2.4166793e-05,0.000129372,0.28666618,0.6060833,6.0271753e-07,0.00016565164,0.10693084
1090,inesco,fyat,fyat_s492.wav,Sad,349,Sad,Fear,Happy,False,False,True,0.049829207,6.034554e-07,0.8813741,0.052496918,3.3807744e-05,0.00065851,0.015606781
1091,inesco,fyat,fyat_s493.wav,Sad,401,Sad,Fear,Happy,False,False,True,0.00011401833,3.5910256e-05,0.67337394,0.011714504,2.1052085e-09,0.00018581173,0.31457588
1092,inesco,fyat,fyat_s494.wav,Sad,269,Sad,Sad,Sad,True,True,False,7.677079e-06,0.0002864101,0.37561223,0.003727997,1.9396189e-06,0.59261376,0.027750013
1093,inesco,fyat,fyat_s495.wav,Sad,401,Sad,Surprise,Happy,False,False,True,0.022318557,0.0018667954,0.0007825606,0.0475464,7.016343e-07,0.0002961785,0.9271888
1094,inesco,fyat,fyat_s496.wav,Sad,305,Sad,Fear,Happy,False,False,True,0.005788837,0.0005761585,0.70037985,0.010759561,0.00035746596,0.004230446,0.27790764
1095,inesco,fyat,fyat_s497.wav,Sad,308,Sad,Surprise,Happy,False,False,True,0.010195973,1.933129e-05,0.28465515,0.084300555,2.4479188e-05,0.00024378161,0.6205607
1096,inesco,fyat,fyat_s498.wav,Sad,311,Sad,Surprise,Sad,False,True,True,0.15572079,0.0074578254,0.18473795,0.028257823,3.6648406e-05,0.1992766,0.42451242
1097,inesco,fyat,fyat_s499.wav,Sad,401,Sad,Surprise,Happy,False,False,True,0.0015664861,0.00038624412,0.009591034,0.08236418,1.2188236e-05,0.00255059,0.90352917
1098,inesco,fyat,fyat_s500.wav,Sad,324,Sad,Fear,Sad,False,True,True,0.00036666004,1.6832591e-07,0.9937564,0.0013621014,1.5613277e-07,0.0038007083,0.0007137643
1099,inesco,fyat,fyat_s501.wav,Sad,362,Sad,Surprise,Happy,False,False,True,1.6616775e-06,0.0005749087,0.00043221752,0.4563297,4.443333e-09,4.417273e-05,0.5426173
1100,inesco,fyat,fyat_s502.wav,Sad,257,Sad,Fear,Sad,False,True,True,2.6493599e-06,9.184076e-05,0.89586407,0.0069443295,1.0779112e-08,0.044950884,0.052146114
1101,inesco,fyat,fyat_s503.wav,Sad,330,Sad,Fear,Angry,False,False,True,0.0037023376,4.0667643e-08,0.99326384,0.0013307523,2.2716297e-07,8.234567e-06,0.0016946141
1102,inesco,fyat,fyat_s504.wav,Sad,186,Sad,Fear,Happy,False,False,True,0.000556932,1.4424288e-07,0.8672512,0.12486184,3.5631342e-07,9.341197e-05,0.007236089
1103,inesco,fyat,fyat_s505.wav,Sad,330,Sad,Fear,Happy,False,False,True,7.3539263e-06,1.10511955e-08,0.99952245,0.00032233883,2.854745e-06,3.5712692e-05,0.00010929814
1104,inesco,fyat,fyat_s506.wav,Sad,333,Sad,Disgust,Sad,False,True,True,0.0037550414,0.8276714,0.009596428,0.002322058,2.5094176e-08,0.14885554,0.0077995337
1105,inesco,fyat,fyat_s507.wav,Sad,301,Sad,Fear,Sad,False,True,True,0.007952913,0.0019749128,0.9071761,0.010912555,2.4123889e-05,0.06451683,0.0074426387
1106,inesco,fyat,fyat_s508.wav,Sad,369,Sad,Fear,Happy,False,False,True,0.0052623437,0.03100318,0.72455984,0.026617773,1.0250621e-05,0.018095288,0.19445135
1107,inesco,fyat,fyat_s509.wav,Sad,324,Sad,Sad,Sad,True,True,False,0.0042910133,0.009226738,0.017493898,0.0010211708,1.8672474e-05,0.9679106,3.794207e-05
1108,inesco,fyat,fyat_s510.wav,Sad,401,Sad,Fear,Sad,False,True,True,8.48279e-05,0.114882246,0.48502028,3.4320085e-05,4.1630734e-08,0.00073006935,0.39924815
1109,inesco,fyat,fyat_s511.wav,Sad,401,Sad,Fear,Sad,False,True,True,6.869667e-05,2.6588861e-05,0.8647149,0.023440603,5.6016393e-06,0.1084326,0.003310998
1110,inesco,fyat,fyat_s512.wav,Sad,401,Sad,Sad,Sad,True,True,False,3.8707247e-05,0.000651206,1.9359688e-05,0.00064892956,1.5642327e-06,0.9986364,3.8133594e-06
1111,inesco,fyat,fyat_s513.wav,Sad,401,Sad,Surprise,Happy,False,False,True,0.0019276605,0.0061715376,0.22165568,0.25630054,0.0031994637,0.14806525,0.36267993
1112,inesco,fyat,fyat_s514.wav,Sad,401,Sad,Fear,Happy,False,False,True,1.0689565e-05,4.6151882e-08,0.9736289,0.013238056,1.2705186e-06,0.0002834896,0.012837635
1113,inesco,fyat,fyat_s515.wav,Sad,317,Sad,Sad,Sad,True,True,False,0.011410167,0.07439574,0.0007731532,0.0013967917,1.9648742e-06,0.90136963,0.010652606
1114,inesco,fyat,fyat_s516.wav,Sad,260,Sad,Happy,Happy,False,False,False,0.0068931673,0.021026151,0.0015903924,0.7274667,8.127288e-05,0.15815152,0.08479076
1115,inesco,fyat,fyat_s517.wav,Sad,401,Sad,Fear,Sad,False,True,True,2.6522634e-05,0.0006362228,0.7948793,0.00057151756,2.8469016e-05,0.19587457,0.0079834545
1116,inesco,fyat,fyat_s518.wav,Sad,401,Sad,Sad,Sad,True,True,False,1.9400304e-06,0.00015822488,9.883856e-05,0.010278721,0.0030800118,0.9863819,3.460218e-07
1117,inesco,fyat,fyat_s519.wav,Sad,394,Sad,Sad,Sad,True,True,False,1.2763253e-06,0.0001034591,0.000323614,7.544207e-05,8.767101e-06,0.999329,0.00015842567
1118,inesco,fyat,fyat_s520.wav,Sad,257,Sad,Surprise,Sad,False,True,True,0.006456413,0.0015723985,0.00016785778,9.770957e-05,2.910466e-08,0.007870087,0.9838356
1119,inesco,fyat,fyat_s521.wav,Sad,148,Sad,Fear,Happy,False,False,True,6.503468e-06,2.3884623e-09,0.99692947,0.0030581288,7.4235885e-08,5.587434e-06,2.565202e-07
1120,inesco,fyat,fyat_s522.wav,Sad,119,Sad,Fear,Happy,False,False,True,9.311528e-05,1.2467298e-06,0.94537103,0.030722283,0.022684516,0.0008158413,0.00031196096
1121,inesco,fyat,fyat_s523.wav,Sad,119,Sad,Fear,Happy,False,False,True,0.0013839767,7.837436e-08,0.9936552,0.0020282117,1.4276497e-07,2.752484e-05,0.0029048359
1122,inesco,fyat,fyat_s524.wav,Sad,276,Sad,Sad,Sad,True,True,False,0.00010546343,6.983556e-05,0.19518963,0.09110976,7.5410564e-05,0.5366671,0.1767828
1123,inesco,fyat,fyat_s525.wav,Sad,349,Sad,Sad,Sad,True,True,False,0.0019335643,0.00092487124,0.013634693,0.022808054,0.0019173549,0.958347,0.00043443337
1124,inesco,fyat,fyat_s526.wav,Sad,388,Sad,Fear,Happy,False,False,True,1.6145185e-06,3.486578e-10,0.9998909,6.408602e-05,1.849751e-11,2.145519e-06,4.1105195e-05
1125,inesco,fyat,fyat_s527.wav,Sad,401,Sad,Happy,Happy,False,False,False,1.0313903e-05,2.435429e-06,0.0035041214,0.86804384,0.0009059969,0.0023619323,0.1251714
1126,inesco,fyat,fyat_s528.wav,Sad,388,Sad,Fear,Angry,False,False,True,0.0022040452,1.0256781e-05,0.97937244,0.00011677591,5.387143e-08,0.00063160015,0.017664887
1127,inesco,fyat,fyat_s529.wav,Sad,362,Sad,Fear,Sad,False,True,True,0.00011320074,5.599287e-05,0.99000883,0.0004824294,5.871103e-05,0.0054542446,0.0038265805
1128,inesco,fyat,fyat_s530.wav,Sad,365,Sad,Surprise,Sad,False,True,True,0.00023908874,0.000741786,0.3110787,0.004963745,2.424536e-05,0.04142676,0.6415256
1129,inesco,fyat,fyat_s531.wav,Sad,196,Sad,Fear,Sad,False,True,True,0.0003654723,2.011231e-05,0.99531883,0.0013534449,5.3356973e-07,0.0029152501,2.6262536e-05
1130,inesco,fyat,fyat_s532.wav,Sad,401,Sad,Sad,Sad,True,True,False,1.5872056e-05,3.2768978e-05,0.018552111,0.011070221,0.00053139386,0.9681473,0.0016504468
1131,inesco,fyat,fyat_s533.wav,Sad,401,Sad,Happy,Happy,False,False,False,0.002480795,6.9826215e-06,0.0003612001,0.93654644,0.008779729,0.05176756,5.7270572e-05
1132,inesco,fyat,fyat_s534.wav,Sad,401,Sad,Fear,Angry,False,False,True,0.005486529,8.581325e-06,0.98421764,0.0030777988,6.2959975e-06,0.00013879083,0.0070643695
1133,inesco,fyat,fyat_s535.wav,Sad,215,Sad,Angry,Angry,False,False,False,0.46908066,0.21844122,0.0001064311,0.010715615,0.00046488832,0.29854622,0.0026449312
1134,inesco,fyat,fyat_s536.wav,Sad,401,Sad,Sad,Sad,True,True,False,0.0018153698,0.0016676588,0.13110828,0.0070446483,0.000435502,0.856195,0.0017336318
1135,inesco,fyat,fyat_s537.wav,Sad,401,Sad,Sad,Sad,True,True,False,0.014937372,0.00020073958,0.104578,0.0015505999,3.2291486e-05,0.7581785,0.12052262
1136,inesco,fyat,fyat_s538.wav,Sad,401,Sad,Sad,Sad,True,True,False,5.762216e-05,0.00080001104,0.008355046,0.019910945,0.00010544431,0.9555244,0.015246493
1137,inesco,fyat,fyat_s539.wav,Sad,273,Sad,Sad,Sad,True,True,False,2.0325258e-05,0.00017099,0.000849529,9.593198e-05,6.1672444e-07,0.99861515,0.00024745605
1138,inesco,fyat,fyat_s540.wav,Sad,401,Sad,Happy,Happy,False,False,False,0.17291814,0.0064485534,0.012407075,0.417777,0.0013383602,0.14514571,0.24396516
1139,inesco,fyat,fyat_s541.wav,Sad,401,Sad,Fear,Sad,False,True,True,2.3160142e-06,5.2626143e-05,0.97399163,2.849302e-05,1.1323767e-07,0.000111305904,0.025813574
1140,inesco,fyat,fyat_s542.wav,Sad,401,Sad,Surprise,Happy,False,False,True,0.014137792,0.0034165997,0.00010644061,0.11685476,0.00019043055,0.0040493845,0.8612446
1141,inesco,fyat,fyat_s543.wav,Sad,401,Sad,Surprise,Happy,False,False,True,1.5160136e-05,8.152929e-05,0.027497565,0.19787608,9.123861e-06,0.009048652,0.7654719
1142,inesco,fyat,fyat_s544.wav,Sad,167,Sad,Sad,Sad,True,True,False,0.00028528256,0.00029349024,0.002776674,0.008516927,0.01833298,0.9696685,0.00012613664
1143,inesco,fyat,fyat_s545.wav,Sad,401,Sad,Happy,Happy,False,False,False,0.00014035402,0.32413527,0.025589468,0.3565571,0.00891778,0.13557597,0.14908409
1144,inesco,fyat,fyat_s546.wav,Sad,401,Sad,Fear,Sad,False,True,True,0.00052439736,4.4233157e-06,0.8112717,0.0027666194,2.2614908e-05,0.18402205,0.0013881916
1145,inesco,fyat,fyat_s547.wav,Sad,401,Sad,Happy,Happy,False,False,False,0.27292034,0.15957548,0.0032470264,0.4079171,0.020092726,0.10524978,0.030997593
1146,inesco,fyat,fyat_s548.wav,Sad,394,Sad,Sad,Sad,True,True,False,6.8890704e-06,1.1924828e-06,0.033122376,0.002056082,1.185779e-05,0.9643926,0.00040901673
1147,inesco,fyat,fyat_s549.wav,Sad,401,Sad,Surprise,Happy,False,False,True,1.1232033e-05,4.577757e-07,0.053457256,0.10823293,6.04754e-07,0.00016362545,0.8381339
1148,inesco,fyat,fyat_s550.wav,Sad,273,Sad,Fear,Happy,False,False,True,0.025770184,6.801621e-05,0.72048026,0.10903909,0.00012586878,0.02017909,0.1243375
1149,inesco,fyat,fyat_s551.wav,Sad,401,Sad,Sad,Sad,True,True,False,0.0007563547,0.004022497,2.5364385e-05,0.0030666068,0.013414817,0.9787113,3.1809802e-06
1150,inesco,fyat,fyat_s552.wav,Sad,289,Sad,Fear,Sad,False,True,True,4.84996e-09,8.7730106e-05,0.9632981,1.7492024e-05,1.3450293e-09,0.0005163657,0.03608033
1151,inesco,fyat,fyat_s553.wav,Sad,132,Sad,Surprise,Angry,False,False,True,0.009555222,0.00014467855,0.0010862075,0.00019624298,1.4374753e-07,0.002239111,0.9867784
1152,inesco,fyat,fyat_s554.wav,Sad,298,Sad,Fear,Sad,False,True,True,4.911833e-07,4.965445e-05,0.6564096,0.006782662,2.2082252e-06,0.32156715,0.015188194
1153,inesco,fyat,fyat_s555.wav,Sad,298,Sad,Fear,Happy,False,False,True,0.00037423786,0.00017996434,0.9391205,0.014143842,1.6884003e-05,0.004125241,0.042039417
1154,inesco,fyat,fyat_s556.wav,Sad,308,Sad,Sad,Sad,True,True,False,1.4517342e-06,1.0232532e-05,0.023888296,0.0062550185,3.8577346e-05,0.96902364,0.0007827753
1155,inesco,fyat,fyat_s557.wav,Sad,141,Sad,Fear,Happy,False,False,True,6.331145e-06,1.8298602e-10,0.99997747,1.4984797e-05,6.2448566e-07,5.373826e-07,5.7927945e-08
1156,inesco,fyat,fyat_s558.wav,Sad,231,Sad,Sad,Sad,True,True,False,0.0011587739,0.00425658,1.6882472e-05,0.0032513868,0.043889593,0.9474262,5.871805e-07
1157,inesco,fyat,fyat_s559.wav,Sad,401,Sad,Happy,Happy,False,False,False,4.7308853e-07,1.8791163e-06,0.0010036568,0.9800371,8.989183e-07,2.9881518e-05,0.018926103
1158,inesco,fyat,fyat_s560.wav,Sad,298,Sad,Surprise,Happy,False,False,True,4.334402e-06,2.2142383e-05,0.14934756,0.24904974,2.0151952e-05,0.002776962,0.59877914
1159,inesco,fyat,fyat_s561.wav,Sad,298,Sad,Fear,Sad,False,True,True,8.669339e-05,1.9914687e-06,0.9043413,0.0076015736,0.00018773066,0.033046745,0.05473397
1160,inesco,fyat,fyat_s562.wav,Sad,173,Sad,Sad,Sad,True,True,False,0.00066677475,0.0002035963,0.0023421783,0.009398495,0.025448479,0.9612735,0.0006669243
1161,inesco,fyat,fyat_s563.wav,Sad,401,Sad,Sad,Sad,True,True,False,2.8840142e-05,5.1889787e-05,0.017751733,0.010449277,5.1457457e-05,0.953225,0.018441765
1162,inesco,fyat,fyat_s564.wav,Sad,397,Sad,Happy,Happy,False,False,False,0.033332847,0.00034367765,0.2977056,0.32702833,3.839771e-06,0.11519813,0.22638762
1163,inesco,fyat,fyat_s565.wav,Sad,401,Sad,Fear,Sad,False,True,True,1.0756377e-06,2.5522124e-06,0.8466321,0.039644375,2.0953896e-05,0.09803278,0.015666153
1164,inesco,fyat,fyat_s566.wav,Sad,135,Sad,Fear,Happy,False,False,True,0.003767868,6.6754035e-07,0.98094213,0.015163925,4.584262e-06,5.538964e-06,0.000115221796
1165,inesco,fyat,fyat_s567.wav,Sad,305,Sad,Happy,Happy,False,False,False,0.059613593,0.004993103,0.009300162,0.5022254,0.016368529,0.0042416854,0.40325758
1166,inesco,fyat,fyat_s568.wav,Sad,189,Sad,Fear,Happy,False,False,True,0.0005279924,1.4885658e-06,0.99113923,0.0061388444,2.9834126e-07,5.9460603e-05,0.0021326952
1167,inesco,fyat,fyat_s569.wav,Sad,401,Sad,Fear,Happy,False,False,True,0.000103560946,2.5118183e-08,0.9972191,0.0024138398,4.5719357e-09,0.00011458168,0.00014897241
1168,inesco,fyat,fyat_s570.wav,Sad,401,Sad,Sad,Sad,True,True,False,1.5604714e-07,8.376413e-06,0.016475137,0.060412914,0.005219209,0.9140437,0.003840486
1169,inesco,fyat,fyat_s571.wav,Sad,401,Sad,Angry,Angry,False,False,False,0.6201654,0.0025340745,0.013073278,0.012632148,3.8439026e-05,0.14271335,0.2088433
1170,inesco,fyat,fyat_s572.wav,Sad,327,Sad,Surprise,Happy,False,False,True,0.009127573,0.004897482,0.09710779,0.06474013,1.2943725e-07,0.032769326,0.7913576
1171,inesco,fyat,fyat_s573.wav,Sad,234,Sad,Sad,Sad,True,True,False,5.817805e-06,0.0017930998,1.1972681e-05,5.8266418e-05,0.0003100362,0.9978192,1.6575809e-06
1172,inesco,fyat,fyat_s574.wav,Sad,324,Sad,Fear,Sad,False,True,True,3.711009e-06,2.1961666e-06,0.8327454,0.0016895351,1.5322233e-07,0.0029293338,0.16262968
1173,inesco,fyat,fyat_s575.wav,Sad,324,Sad,Happy,Happy,False,False,False,0.0011519402,0.00035359245,0.055294633,0.59660256,0.0001373476,0.34003782,0.006422152
1174,inesco,fyat,fyat_s576.wav,Sad,372,Sad,Sad,Sad,True,True,False,0.034360383,0.118519574,0.00011759612,0.00095020095,0.069916666,0.76945037,0.0066851065
1175,inesco,fyat,fyat_s577.wav,Sad,401,Sad,Sad,Sad,True,True,False,4.2652966e-05,0.00028097478,9.801382e-06,0.0135786915,0.004566954,0.98150545,1.5523969e-05
1176,inesco,fyat,fyat_s578.wav,Sad,202,Sad,Fear,Angry,False,False,True,0.00013922116,2.577835e-08,0.9998504,4.1992375e-06,1.046318e-12,6.1535784e-06,1.9732814e-08
1177,inesco,fyat,fyat_s579.wav,Sad,266,Sad,Fear,Happy,False,False,True,0.0027159206,4.4158187e-06,0.6674518,0.3153311,0.0006600898,0.013196872,0.00063984597
1178,inesco,fyat,fyat_s580.wav,Sad,401,Sad,Sad,Sad,True,True,False,3.919228e-07,8.70126e-05,3.5890423e-08,3.238114e-07,0.00015622572,0.99975604,4.5087262e-10
1179,inesco,fyat,fyat_s581.wav,Sad,215,Sad,Fear,Happy,False,False,True,0.0002887151,2.4268013e-07,0.9932707,0.004652938,2.2529207e-07,0.0015774551,0.00020976165
1180,inesco,fyat,fyat_s582.wav,Sad,401,Sad,Fear,Sad,False,True,True,2.3045783e-05,8.968605e-05,0.7181648,0.022231152,0.007524662,0.02241881,0.22954778
1181,inesco,fyat,fyat_s583.wav,Sad,186,Sad,Sad,Sad,True,True,False,1.5242407e-05,0.0031272913,0.33886734,2.5197844e-05,0.023510484,0.6343994,5.508551e-05
1182,inesco,fyat,fyat_s584.wav,Sad,401,Sad,Fear,Happy,False,False,True,8.518626e-05,1.1370739e-05,0.58480084,0.045362923,0.00014429427,0.0017741233,0.36782125
1183,inesco,fyat,fyat_s585.wav,Sad,401,Sad,Sad,Sad,True,True,False,3.7519856e-06,9.938208e-05,0.0007688505,0.0053224578,0.00046275422,0.991321,0.002021696
1184,inesco,fyat,fyat_s586.wav,Sad,401,Sad,Sad,Sad,True,True,False,3.5287915e-06,0.0038456644,1.1133169e-05,9.257018e-05,1.24290955e-05,0.9960318,2.8033755e-06
1185,inesco,fyat,fyat_s587.wav,Sad,401,Sad,Sad,Sad,True,True,False,1.0943297e-06,0.0031282445,0.018513724,0.0011430039,6.4520987e-06,0.9431474,0.034060087
1186,inesco,fyat,fyat_s588.wav,Sad,401,Sad,Happy,Happy,False,False,False,8.631408e-05,2.509144e-07,0.006351353,0.9038146,2.9703679e-05,0.08960149,0.000116362615
1187,inesco,fyat,fyat_s589.wav,Sad,317,Sad,Fear,Happy,False,False,True,0.00020601116,1.249411e-08,0.99627715,0.0032806862,2.4244823e-06,0.00011677823,0.00011690683
1188,inesco,fyat,fyat_s590.wav,Sad,289,Sad,Fear,Angry,False,False,True,0.0029263296,2.7796203e-05,0.8654435,0.0012637905,8.436831e-07,0.0009581938,0.1293795
1189,inesco,fyat,fyat_s591.wav,Sad,401,Sad,Sad,Sad,True,True,False,0.0008291013,0.000854712,3.9104292e-05,0.031218067,0.0266797,0.9403303,4.902813e-05
1190,inesco,fyat,fyat_s592.wav,Sad,401,Sad,Surprise,Sad,False,True,True,0.00024862023,0.0005704564,0.04106721,0.009625657,3.5476692e-06,0.03353457,0.91494995
1191,inesco,fyat,fyat_s593.wav,Sad,401,Sad,Sad,Sad,True,True,False,0.0017386904,0.0062570507,0.016903434,0.03735665,0.02065763,0.9170355,5.1099738e-05
1192,inesco,fyat,fyat_s594.wav,Sad,401,Sad,Sad,Sad,True,True,False,3.3278957e-06,0.00026446735,0.009462851,0.005066846,0.0011685903,0.9730882,0.010945776
1193,inesco,fyat,fyat_s595.wav,Sad,401,Sad,Fear,Angry,False,False,True,0.004699314,0.000114836184,0.8934552,0.004581333,3.1696354e-07,0.0012928019,0.09585621
1194,inesco,fyat,fyat_s596.wav,Sad,401,Sad,Sad,Sad,True,True,False,0.00019307969,3.982483e-05,0.06756709,0.11282169,0.040164363,0.77607733,0.0031366195
1195,inesco,fyat,fyat_s597.wav,Sad,401,Sad,Fear,Happy,False,False,True,0.022760646,0.0007221342,0.8365867,0.0371317,1.3929281e-06,0.001962635,0.1008348
1196,inesco,fyat,fyat_s598.wav,Sad,401,Sad,Sad,Sad,True,True,False,0.00026113025,0.0010542239,0.0005104563,0.28644106,0.32007122,0.3913788,0.00028317148
1197,inesco,fyat,fyat_s599.wav,Sad,401,Sad,Sad,Sad,True,True,False,0.0010624994,0.030074175,0.006858611,0.0014900224,0.27363667,0.68683547,4.2492393e-05
1198,inesco,fyat,fyat_s600.wav,Sad,401,Sad,Happy,Happy,False,False,False,0.0018133037,0.000416388,0.004822131,0.5736524,4.485689e-05,0.13362235,0.28562865
1199,inesco,mbaz,mbaz_a212.wav,Angry,100,Angry,Surprise,Happy,False,False,True,0.0002807428,3.3615234e-07,0.0003935197,0.13871188,9.7569e-07,5.4886772e-08,0.8606125
1200,inesco,mbaz,mbaz_a213.wav,Angry,177,Angry,Surprise,Happy,False,False,True,0.07466749,9.68688e-05,0.0041517587,0.33483025,0.00025542203,0.0013020815,0.5846961
1201,inesco,mbaz,mbaz_a214.wav,Angry,225,Angry,Happy,Happy,False,False,False,0.086309835,0.00036655346,0.0007740055,0.78295046,0.0010346473,0.0017293544,0.12683511
1202,inesco,mbaz,mbaz_a215.wav,Angry,276,Angry,Happy,Happy,False,False,False,0.012384412,0.001001055,0.004627079,0.9392009,0.0003660638,0.0012976747,0.041122843
1203,inesco,mbaz,mbaz_a216.wav,Angry,231,Angry,Surprise,Angry,False,True,True,0.24179342,0.00084527285,0.020331785,0.16930039,0.00012425323,0.014755464,0.5528495
1204,inesco,mbaz,mbaz_a217.wav,Angry,84,Angry,Fear,Happy,False,False,True,0.04911823,6.520084e-05,0.55561405,0.11155314,0.0014270424,0.00511945,0.2771028
1205,inesco,mbaz,mbaz_a218.wav,Angry,317,Angry,Happy,Happy,False,False,False,0.0023351042,9.784098e-08,0.0018722558,0.4996355,4.4793005e-09,7.581593e-09,0.4961571
1206,inesco,mbaz,mbaz_a219.wav,Angry,391,Angry,Surprise,Happy,False,False,True,9.976287e-07,2.4412307e-08,0.018543202,0.008531854,6.437815e-11,3.798996e-07,0.9729235
1207,inesco,mbaz,mbaz_a220.wav,Angry,218,Angry,Fear,Happy,False,False,True,0.00037962108,9.582985e-05,0.79026586,0.18892068,1.5771768e-05,0.010391772,0.009930453
1208,inesco,mbaz,mbaz_a221.wav,Angry,289,Angry,Surprise,Happy,False,False,True,0.00054470636,5.365814e-06,0.046932843,0.030310864,1.47540185e-08,5.6506968e-05,0.9221497
1209,inesco,mbaz,mbaz_a222.wav,Angry,135,Angry,Happy,Happy,False,False,False,0.0126338145,5.0689587e-06,0.004958703,0.8956004,0.000111666086,0.00012811752,0.0865621
1210,inesco,mbaz,mbaz_a223.wav,Angry,164,Angry,Surprise,Happy,False,False,True,4.4097756e-05,1.6452233e-05,0.42772967,0.055681538,1.972115e-07,0.0012900423,0.51523805
1211,inesco,mbaz,mbaz_a224.wav,Angry,308,Angry,Surprise,Happy,False,False,True,0.09814316,5.578407e-06,0.007337229,0.3623032,5.615659e-06,2.2751403e-05,0.53218246
1212,inesco,mbaz,mbaz_a225.wav,Angry,141,Angry,Angry,Angry,True,True,False,0.51346475,4.3805812e-05,0.48539096,4.724105e-05,0.00061919575,4.927555e-05,0.00038469845
1213,inesco,mbaz,mbaz_a226.wav,Angry,154,Angry,Fear,Sad,False,False,True,5.7059906e-06,1.300818e-06,0.9779309,0.009972245,9.2030314e-05,0.010882362,0.0011154748
1214,inesco,mbaz,mbaz_a227.wav,Angry,388,Angry,Surprise,Happy,False,False,True,0.004203232,7.1012582e-06,0.0003801287,0.0047526555,4.6788294e-08,5.41829e-06,0.9906515
1215,inesco,mbaz,mbaz_a228.wav,Angry,122,Angry,Surprise,Angry,False,True,True,0.18887205,3.0518465e-06,0.004252438,0.14987497,0.001419049,0.00018356372,0.6553949
1216,inesco,mbaz,mbaz_a229.wav,Angry,333,Angry,Surprise,Happy,False,False,True,2.1297858e-05,8.579688e-07,0.014960669,2.2316004e-05,8.790921e-12,2.0614486e-06,0.98499274
1217,inesco,mbaz,mbaz_a230.wav,Angry,221,Angry,Happy,Happy,False,False,False,0.011417296,0.0020543744,0.0052211313,0.91015553,4.0916448e-06,1.0131951e-05,0.07113744
1218,inesco,mbaz,mbaz_a231.wav,Angry,215,Angry,Surprise,Happy,False,False,True,0.0052890773,5.8224035e-05,0.017066607,0.37734774,2.9272474e-05,0.00092949026,0.5992796
1219,inesco,mbaz,mbaz_a232.wav,Angry,196,Angry,Fear,Happy,False,False,True,0.048493132,1.034802e-05,0.60979635,0.32251135,2.1333108e-05,0.003890025,0.015277478
1220,inesco,mbaz,mbaz_a233.wav,Angry,228,Angry,Angry,Angry,True,True,False,0.5077385,0.0029352093,0.04446685,0.40268704,0.01760475,0.015406038,0.009161658
1221,inesco,mbaz,mbaz_a234.wav,Angry,77,Angry,Angry,Angry,True,True,False,0.54645574,2.8695416e-05,0.4153119,0.018753365,0.016733652,0.00054503075,0.0021715548
1222,inesco,mbaz,mbaz_a235.wav,Angry,68,Angry,Fear,Happy,False,False,True,0.00038394192,5.1607247e-05,0.9966265,0.0004762494,0.00028743967,0.00026197926,0.0019123221
1223,inesco,mbaz,mbaz_a236.wav,Angry,164,Angry,Surprise,Happy,False,False,True,0.027737973,8.276313e-05,0.058577094,0.3517115,0.00051643705,0.0007322223,0.560642
1224,inesco,mbaz,mbaz_a237.wav,Angry,148,Angry,Angry,Angry,True,True,False,0.6806271,3.5345638e-05,0.000116565825,0.27394477,0.00010646132,7.2677765e-05,0.045097016
1225,inesco,mbaz,mbaz_a238.wav,Angry,180,Angry,Happy,Happy,False,False,False,0.0007131809,8.7375497e-07,0.022832075,0.9377878,0.00034611573,0.038286664,3.336996e-05
1226,inesco,mbaz,mbaz_a239.wav,Angry,193,Angry,Surprise,Happy,False,False,True,6.9861075e-05,1.1780762e-07,0.079518065,0.3033911,1.8997473e-06,0.0001512584,0.6168677
1227,inesco,mbaz,mbaz_a240.wav,Angry,164,Angry,Happy,Happy,False,False,False,0.0001301447,3.1033583e-06,0.064830944,0.7530418,2.990211e-08,9.276256e-05,0.18190119
1228,inesco,mbaz,mbaz_a241.wav,Angry,154,Angry,Happy,Happy,False,False,False,0.096264146,5.611513e-06,0.00042689245,0.6847818,9.815249e-05,6.0206108e-05,0.2183632
1229,inesco,mbaz,mbaz_a242.wav,Angry,391,Angry,Surprise,Happy,False,False,True,0.00027532742,4.1000567e-05,0.00019587605,0.3236964,3.5404832e-06,1.7962526e-05,0.67576987
1230,inesco,mbaz,mbaz_a243.wav,Angry,196,Angry,Happy,Happy,False,False,False,0.1802121,0.0006402317,0.04063063,0.66169643,1.2446419e-05,0.0002919561,0.11651622
1231,inesco,mbaz,mbaz_a244.wav,Angry,237,Angry,Happy,Happy,False,False,False,0.42772257,0.00018677786,0.00014667727,0.48088467,7.653223e-06,0.0012480034,0.089803696
1232,inesco,mbaz,mbaz_a245.wav,Angry,225,Angry,Happy,Happy,False,False,False,0.024148012,5.6112303e-06,0.05726546,0.7987167,8.53127e-06,0.00030896286,0.11954669
1233,inesco,mbaz,mbaz_a246.wav,Angry,84,Angry,Surprise,Angry,False,True,True,0.01968456,3.7929667e-06,0.0289532,0.017803054,8.0634716e-05,4.1759955e-05,0.93343294
1234,inesco,mbaz,mbaz_a247.wav,Angry,295,Angry,Surprise,Happy,False,False,True,0.020662824,0.000709735,0.0026958508,0.1442254,8.434349e-06,4.278041e-05,0.8316549
1235,inesco,mbaz,mbaz_a248.wav,Angry,231,Angry,Angry,Angry,True,True,False,0.9863537,1.4104891e-05,0.0022917874,0.011195019,1.6073103e-07,2.3005508e-05,0.00012214972
1236,inesco,mbaz,mbaz_a249.wav,Angry,218,Angry,Happy,Happy,False,False,False,0.0016842482,3.0076813e-05,0.08047363,0.60438645,2.5503912e-05,0.003221635,0.31017843
1237,inesco,mbaz,mbaz_a250.wav,Angry,285,Angry,Fear,Happy,False,False,True,4.3347132e-05,2.9530604e-06,0.8397991,0.010528735,1.0005954e-08,0.00015913621,0.14946671
1238,inesco,mbaz,mbaz_a251.wav,Angry,257,Angry,Angry,Angry,True,True,False,0.7202372,0.0006848402,0.00812048,0.0039324025,6.061893e-07,0.00010120597,0.26692325
1239,inesco,mbaz,mbaz_a252.wav,Angry,305,Angry,Fear,Happy,False,False,True,1.282325e-05,0.00021297799,0.98054427,0.009768072,1.4786229e-08,7.851216e-05,0.009383404
1240,inesco,mbaz,mbaz_a253.wav,Angry,193,Angry,Fear,Happy,False,False,True,7.3496544e-06,7.3748e-07,0.72916985,0.2695745,8.271618e-07,0.00037765584,0.00086911186
1241,inesco,mbaz,mbaz_a254.wav,Angry,196,Angry,Happy,Happy,False,False,False,0.23768891,1.97324e-05,0.07926535,0.52641475,0.0002607897,0.00025542922,0.15609503
1242,inesco,mbaz,mbaz_a255.wav,Angry,321,Angry,Surprise,Happy,False,False,True,3.7104464e-06,1.1908226e-06,0.15625975,0.012763556,1.9675928e-08,0.00020151562,0.83077025
1243,inesco,mbaz,mbaz_a256.wav,Angry,372,Angry,Surprise,Happy,False,False,True,0.0007470785,1.1713248e-05,0.16537596,0.0340457,5.7107363e-10,3.5769903e-05,0.79978377
1244,inesco,mbaz,mbaz_a257.wav,Angry,253,Angry,Angry,Angry,True,True,False,0.6872231,0.00020880262,0.0011194167,0.2759833,5.09917e-06,8.019474e-06,0.035452224
1245,inesco,mbaz,mbaz_a258.wav,Angry,154,Angry,Angry,Angry,True,True,False,0.90974396,3.4487724e-07,0.0016344615,0.08018905,0.0034619505,0.00017795348,0.0047922833
1246,inesco,mbaz,mbaz_a259.wav,Angry,193,Angry,Angry,Angry,True,True,False,0.9775873,4.0361792e-07,7.2365154e-05,0.022280114,1.7493603e-09,2.9648212e-10,5.9936323e-05
1247,inesco,mbaz,mbaz_a260.wav,Angry,266,Angry,Surprise,Angry,False,True,True,0.47785825,0.00054654083,0.0013598828,0.0022174413,4.695032e-10,1.2561676e-06,0.51801664
1248,inesco,mbaz,mbaz_a261.wav,Angry,253,Angry,Fear,Angry,False,True,True,0.054731224,1.4938209e-05,0.52328974,0.010326546,3.1151063e-07,0.0010399045,0.41059732
1249,inesco,mbaz,mbaz_a262.wav,Angry,189,Angry,Surprise,Happy,False,False,True,0.031181823,2.9698142e-05,0.10314187,0.1841304,3.8188027e-06,0.00053804216,0.6809743
1250,inesco,mbaz,mbaz_a263.wav,Angry,183,Angry,Happy,Happy,False,False,False,0.301835,1.0478721e-05,0.027938517,0.6465307,0.0014559285,0.00060054706,0.021628827
1251,inesco,mbaz,mbaz_a264.wav,Angry,87,Angry,Surprise,Happy,False,False,True,0.0076806317,3.4212396e-06,0.001144546,0.017210457,4.4804524e-06,1.5450229e-05,0.97394097
1252,inesco,mbaz,mbaz_a265.wav,Angry,106,Angry,Surprise,Happy,False,False,True,0.0016040616,9.635555e-06,0.26208976,0.0025230127,5.676878e-06,0.0009678399,0.7328
1253,inesco,mbaz,mbaz_a266.wav,Angry,388,Angry,Surprise,Happy,False,False,True,2.4433039e-06,3.4525427e-09,0.0010729986,0.0005170034,5.493586e-12,3.579494e-08,0.99840754
1254,inesco,mbaz,mbaz_a267.wav,Angry,129,Angry,Happy,Happy,False,False,False,0.0065321242,7.4699574e-06,0.0038702865,0.8544871,0.023091024,0.0014476472,0.1105643
1255,inesco,mbaz,mbaz_a268.wav,Angry,68,Angry,Happy,Happy,False,False,False,0.004761287,1.7501912e-05,0.015074766,0.7773003,0.0046942495,0.0054764776,0.1926753
1256,inesco,mbaz,mbaz_a269.wav,Angry,113,Angry,Happy,Happy,False,False,False,0.03011426,2.5920294e-06,0.0769675,0.7441795,0.11093541,0.00062594964,0.037174765
1257,inesco,mbaz,mbaz_a270.wav,Angry,167,Angry,Surprise,Happy,False,False,True,0.0014187614,5.6581058e-08,0.12127981,0.14023642,4.6485823e-07,0.00026604353,0.73679847
1258,inesco,mbaz,mbaz_a271.wav,Angry,266,Angry,Surprise,Sad,False,False,True,0.119900234,0.020894598,0.13758196,0.17716958,0.00015276925,0.26614198,0.27815884
1259,inesco,mbaz,mbaz_a272.wav,Angry,330,Angry,Surprise,Happy,False,False,True,0.0005018493,0.00094447646,0.0014473744,0.0007283156,4.8064358e-08,0.0002593219,0.99611866
1260,inesco,mbaz,mbaz_a273.wav,Angry,215,Angry,Angry,Angry,True,True,False,0.9864465,1.2762873e-06,8.879961e-05,0.0060897158,5.279423e-05,0.00026729578,0.0070536174
1261,inesco,mbaz,mbaz_a274.wav,Angry,346,Angry,Surprise,Happy,False,False,True,4.2010302e-05,8.0230564e-07,0.00029259405,0.0006795474,2.0024786e-11,1.1161944e-06,0.9989839
1262,inesco,mbaz,mbaz_a275.wav,Angry,132,Angry,Happy,Happy,False,False,False,0.006970994,3.464367e-06,0.11829987,0.6764314,0.0022010747,5.9676415e-05,0.19603357
1263,inesco,mbaz,mbaz_a276.wav,Angry,202,Angry,Angry,Angry,True,True,False,0.8881772,3.1082322e-07,0.006943806,0.103309385,7.976391e-08,9.417313e-07,0.0015682864
1264,inesco,mbaz,mbaz_a277.wav,Angry,250,Angry,Fear,Happy,False,False,True,0.006242287,0.000865272,0.6627653,0.08749057,0.00010775402,0.018419854,0.224109
1265,inesco,mbaz,mbaz_a278.wav,Angry,401,Angry,Happy,Happy,False,False,False,0.018879524,6.790523e-06,0.0014051719,0.8976927,5.5261025e-06,5.1426973e-06,0.0820051
1266,inesco,mbaz,mbaz_a279.wav,Angry,289,Angry,Surprise,Angry,False,True,True,0.004431424,0.0008369716,0.054529086,0.0043089995,7.3807795e-09,0.00073374226,0.93515974
1267,inesco,mbaz,mbaz_a280.wav,Angry,269,Angry,Fear,Happy,False,False,True,0.00069748843,0.018977549,0.65498275,0.047006566,5.2008745e-05,0.0021419246,0.2761416
1268,inesco,mbaz,mbaz_a281.wav,Angry,311,Angry,Fear,Angry,False,True,True,0.0065680966,3.8417777e-05,0.53800046,0.0027236897,1.349631e-08,0.00014700434,0.45252234
1269,inesco,mbaz,mbaz_a282.wav,Angry,218,Angry,Surprise,Angry,False,True,True,0.15657863,0.00010499074,0.00075886736,0.027529975,2.1352049e-08,3.60015e-05,0.8149915
1270,inesco,mbaz,mbaz_a283.wav,Angry,330,Angry,Surprise,Angry,False,True,True,0.0029796679,6.1308483e-06,8.323763e-06,1.3607434e-05,8.246862e-09,2.4310943e-06,0.9969897
1271,inesco,mbaz,mbaz_a284.wav,Angry,295,Angry,Surprise,Happy,False,False,True,7.004982e-05,3.4683984e-07,0.004869874,0.00146372,4.3322738e-11,3.1933023e-08,0.99359596
1272,inesco,mbaz,mbaz_a285.wav,Angry,228,Angry,Angry,Angry,True,True,False,0.97961146,0.0013445992,0.0004299468,0.018207304,5.474964e-06,0.00020515341,0.00019610781
1273,inesco,mbaz,mbaz_a286.wav,Angry,401,Angry,Surprise,Happy,False,False,True,0.06955901,0.0034174887,0.00027625446,0.3450639,0.00091059407,5.3354433e-05,0.5807194
1274,inesco,mbaz,mbaz_a287.wav,Angry,170,Angry,Happy,Happy,False,False,False,0.007848434,2.0216873e-09,0.00228953,0.98794204,2.1080293e-06,1.3433029e-07,0.0019178439
1275,inesco,mbaz,mbaz_a288.wav,Angry,241,Angry,Happy,Happy,False,False,False,0.008417615,0.012364004,0.028644811,0.79110765,8.599454e-09,0.027627276,0.13183862
1276,inesco,mbaz,mbaz_a289.wav,Angry,122,Angry,Happy,Happy,False,False,False,0.016837029,3.176109e-08,0.025159128,0.94092155,9.188235e-05,6.513393e-06,0.016983913
1277,inesco,mbaz,mbaz_a290.wav,Angry,308,Angry,Surprise,Happy,False,False,True,1.9469691e-05,3.0140452e-06,0.04296028,0.008866664,2.2898202e-08,2.9262636e-05,0.94812137
1278,inesco,mbaz,mbaz_a291.wav,Angry,148,Angry,Happy,Happy,False,False,False,0.00047310613,3.0937588e-06,0.35231766,0.63798237,3.052029e-06,0.0013407787,0.007880003
1279,inesco,mbaz,mbaz_a292.wav,Angry,77,Angry,Surprise,Happy,False,False,True,0.19768225,0.00012004145,0.117303275,0.30581632,0.00016484171,0.00038666016,0.37852666
1280,inesco,mbaz,mbaz_a293.wav,Angry,247,Angry,Surprise,Happy,False,False,True,0.015895842,0.011603563,0.2969799,0.03342116,0.00027497276,0.01919575,0.6226288
1281,inesco,mbaz,mbaz_a294.wav,Angry,340,Angry,Surprise,Happy,False,False,True,0.020520695,0.007985318,0.1456511,0.100586995,0.00034394933,0.00874259,0.71616936
1282,inesco,mbaz,mbaz_a295.wav,Angry,308,Angry,Fear,Happy,False,False,True,0.026160195,5.8930407e-05,0.6262816,0.15105096,0.00014883446,0.0009018795,0.19539753
1283,inesco,mbaz,mbaz_a296.wav,Angry,125,Angry,Surprise,Angry,False,True,True,0.015650297,4.4536982e-06,0.0033188392,0.014480101,5.2989573e-05,2.3897079e-05,0.96646947
1284,inesco,mbaz,mbaz_a297.wav,Angry,84,Angry,Surprise,Angry,False,True,True,0.23751745,5.6939034e-06,0.20242341,0.017704561,5.4453532e-05,0.00029770695,0.5419967
1285,inesco,mbaz,mbaz_a298.wav,Angry,154,Angry,Surprise,Happy,False,False,True,2.640449e-06,1.3017841e-06,0.003746556,0.08819799,1.3974322e-08,3.7804077e-06,0.9080477
1286,inesco,mbaz,mbaz_a299.wav,Angry,237,Angry,Happy,Happy,False,False,False,0.022371849,1.0677526e-07,0.007850596,0.96838343,5.8632686e-08,2.950746e-06,0.0013909424
1287,inesco,mbaz,mbaz_a300.wav,Angry,401,Angry,Surprise,Happy,False,False,True,1.04487015e-07,1.9089965e-05,0.00034008996,0.009028773,2.2458094e-10,8.399973e-06,0.9906035
1288,inesco,mbaz,mbaz_a301.wav,Angry,215,Angry,Happy,Happy,False,False,False,0.053709723,0.07912548,0.0077430727,0.7978932,0.0012732518,0.055643056,0.004612224
1289,inesco,mbaz,mbaz_a302.wav,Angry,333,Angry,Surprise,Happy,False,False,True,0.00012913701,3.189047e-08,0.00086602103,0.0017610156,1.12726745e-10,8.224496e-07,0.9972429
1290,inesco,mbaz,mbaz_a303.wav,Angry,282,Angry,Surprise,Happy,False,False,True,0.00092862407,7.111253e-06,0.01457176,0.010429803,8.1547086e-08,2.2843245e-05,0.9740398
1291,inesco,mbaz,mbaz_a304.wav,Angry,125,Angry,Surprise,Happy,False,False,True,0.22016342,9.558765e-07,0.07199312,0.24371083,0.00017143376,8.195598e-06,0.46395198
1292,inesco,mbaz,mbaz_a305.wav,Angry,282,Angry,Happy,Happy,False,False,False,0.055513658,0.0008755397,0.05158671,0.8015131,2.4462583e-05,0.013449803,0.07703675
1293,inesco,mbaz,mbaz_a306.wav,Angry,276,Angry,Happy,Happy,False,False,False,0.0030859513,1.1571726e-06,0.048508808,0.75082904,5.1427318e-08,0.00016035505,0.19741459
1294,inesco,mbaz,mbaz_a307.wav,Angry,193,Angry,Happy,Happy,False,False,False,0.36635888,7.760532e-07,0.057727173,0.4686151,1.1715398e-07,9.566031e-05,0.1072023
1295,inesco,mbaz,mbaz_a308.wav,Angry,327,Angry,Surprise,Happy,False,False,True,4.8775696e-06,3.27146e-07,0.0145675205,0.006325682,2.4475875e-09,5.679131e-06,0.97909594
1296,inesco,mbaz,mbaz_a309.wav,Angry,61,Angry,Surprise,Angry,False,True,True,0.030624198,3.0225567e-05,0.07704365,0.026816877,2.339088e-05,0.00046551225,0.86499614
1297,inesco,mbaz,mbaz_a310.wav,Angry,84,Angry,Angry,Angry,True,True,False,0.89839196,1.4937483e-05,0.03776045,0.022602871,4.8863467e-06,0.00012127659,0.041103657
1298,inesco,mbaz,mbaz_a311.wav,Angry,52,Angry,Surprise,Angry,False,True,True,0.010739809,1.3099459e-05,0.0022694834,0.0031341917,7.0157853e-07,3.0879203e-06,0.9838397
1299,inesco,mbaz,mbaz_a312.wav,Angry,170,Angry,Happy,Happy,False,False,False,0.018628431,2.9758353e-06,0.06138727,0.908559,7.524808e-07,2.8025848e-05,0.011393579
1300,inesco,mbaz,mbaz_a313.wav,Angry,173,Angry,Happy,Happy,False,False,False,0.009995307,7.568551e-08,0.0015070372,0.8528853,3.0812178e-06,3.1320884e-05,0.1355778
1301,inesco,mbaz,mbaz_a314.wav,Angry,221,Angry,Angry,Angry,True,True,False,0.68240696,5.430915e-06,0.13384478,0.17979541,1.4425282e-06,0.00016299273,0.0037830754
1302,inesco,mbaz,mbaz_a315.wav,Angry,301,Angry,Surprise,Angry,False,True,True,0.122668944,0.00031276428,0.015255404,0.050924886,9.859272e-07,1.3879168e-05,0.8108231
1303,inesco,mbaz,mbaz_a316.wav,Angry,349,Angry,Angry,Angry,True,True,False,0.69540024,2.7511553e-06,0.14374392,0.07094576,2.237621e-06,0.00011414958,0.08979101
1304,inesco,mbaz,mbaz_a317.wav,Angry,321,Angry,Fear,Happy,False,False,True,0.003398774,0.04039371,0.34682557,0.26074225,5.7980205e-06,0.06222376,0.28641015
1305,inesco,mbaz,mbaz_a318.wav,Angry,231,Angry,Surprise,Happy,False,False,True,0.0017957158,0.0006073479,0.00043583594,0.014128952,2.1921217e-07,5.2800565e-06,0.9830267
1306,inesco,mbaz,mbaz_a319.wav,Angry,401,Angry,Surprise,Happy,False,False,True,1.2371682e-06,1.7801414e-08,0.00042846336,0.0010256731,3.4091224e-10,2.4115133e-07,0.99854434
1307,inesco,mbaz,mbaz_a320.wav,Angry,113,Angry,Angry,Angry,True,True,False,0.6537441,0.00013320679,0.02363059,0.14803134,0.006632409,0.00041229487,0.16741613
1308,inesco,mbaz,mbaz_a321.wav,Angry,52,Angry,Angry,Angry,True,True,False,0.4955145,0.00016831487,0.0061700307,0.10802937,0.000980961,0.0007005814,0.38843626
1309,inesco,mbaz,mbaz_a322.wav,Angry,49,Angry,Angry,Angry,True,True,False,0.5927578,0.0010493424,0.029027108,0.0029044955,8.975463e-05,0.00014841057,0.37402305
1310,inesco,mbaz,mbaz_a323.wav,Angry,52,Angry,Angry,Angry,True,True,False,0.4904616,0.00012537185,0.101973765,0.0055188113,1.2524488e-05,6.605971e-05,0.40184185
1311,inesco,mbaz,mbaz_a324.wav,Angry,173,Angry,Happy,Happy,False,False,False,0.004802429,1.6980441e-06,0.0054904106,0.98473316,5.249967e-05,0.0011894489,0.0037302757
1312,inesco,mbaz,mbaz_a325.wav,Angry,138,Angry,Fear,Happy,False,False,True,0.020901032,8.9102116e-07,0.51756763,0.24380085,0.002215433,0.00051858317,0.2149956
1313,inesco,mbaz,mbaz_a326.wav,Angry,202,Angry,Happy,Happy,False,False,False,0.009441074,1.6622542e-05,0.0143183395,0.681048,0.0065410156,0.0021524013,0.28648263
1314,inesco,mbaz,mbaz_a327.wav,Angry,215,Angry,Surprise,Happy,False,False,True,0.04556195,0.000306143,0.0052990126,0.4244959,0.00027114103,0.00029358966,0.52377224
1315,inesco,mbaz,mbaz_a328.wav,Angry,215,Angry,Happy,Happy,False,False,False,0.0018405633,0.016229961,0.01023729,0.94687766,8.291106e-05,0.0020452233,0.022686271
1316,inesco,mbaz,mbaz_a329.wav,Angry,154,Angry,Fear,Happy,False,False,True,0.009195467,1.267888e-06,0.94740903,0.02312201,6.7772344e-05,0.014727389,0.005477115
1317,inesco,mbaz,mbaz_a330.wav,Angry,90,Angry,Happy,Happy,False,False,False,0.055280674,9.107123e-05,0.23798293,0.39009517,0.009780752,0.0622511,0.24451828
1318,inesco,mbaz,mbaz_a331.wav,Angry,167,Angry,Surprise,Happy,False,False,True,0.00011155407,3.8810091e-07,0.005589283,0.15072654,2.8937338e-05,6.803233e-06,0.8435365
1319,inesco,mbaz,mbaz_a332.wav,Angry,119,Angry,Happy,Happy,False,False,False,0.0032972097,1.3430968e-06,0.16926444,0.7950191,0.015684385,0.0017755604,0.014957937
1320,inesco,mbaz,mbaz_a333.wav,Angry,84,Angry,Angry,Angry,True,True,False,0.6658024,5.297361e-05,0.115617685,0.10429537,0.00047970697,0.00040468137,0.113347165
1321,inesco,mbaz,mbaz_a334.wav,Angry,161,Angry,Fear,Happy,False,False,True,8.5486885e-05,2.4846528e-08,0.7659284,0.23213127,2.1801917e-08,0.00013958763,0.0017151327
1322,inesco,mbaz,mbaz_a335.wav,Angry,157,Angry,Happy,Happy,False,False,False,0.13813983,7.426725e-06,0.33923388,0.39189297,4.3914963e-05,0.0023738123,0.12830816
1323,inesco,mbaz,mbaz_a336.wav,Angry,189,Angry,Happy,Happy,False,False,False,0.12100742,9.398569e-07,0.11529649,0.7515609,3.566922e-06,0.00017098179,0.0119596245
1324,inesco,mbaz,mbaz_a337.wav,Angry,157,Angry,Fear,Happy,False,False,True,0.0033051088,9.7176035e-06,0.7050334,0.06810575,4.372511e-05,5.440604e-05,0.22344789
1325,inesco,mbaz,mbaz_a338.wav,Angry,193,Angry,Happy,Happy,False,False,False,0.039303645,0.00028486442,0.40856886,0.52662677,0.0070605385,0.014029089,0.0041263173
1326,inesco,mbaz,mbaz_a339.wav,Angry,237,Angry,Surprise,Happy,False,False,True,0.07000485,0.0024235707,0.02336992,0.124732286,9.783974e-06,0.00066584477,0.77879375
1327,inesco,mbaz,mbaz_a340.wav,Angry,93,Angry,Happy,Happy,False,False,False,0.12489708,2.9540566e-05,0.19689393,0.51528907,0.0032448499,0.007975205,0.15167029
1328,inesco,mbaz,mbaz_a341.wav,Angry,273,Angry,Surprise,Happy,False,False,True,0.001020287,4.9578493e-06,6.145664e-05,0.04935375,7.2796027e-09,1.1437335e-05,0.9495481
1329,inesco,mbaz,mbaz_a342.wav,Angry,177,Angry,Happy,Happy,False,False,False,0.004660235,4.9764807e-05,0.0025353571,0.55371356,0.00040182736,0.00015070826,0.43848854
1330,inesco,mbaz,mbaz_a343.wav,Angry,202,Angry,Happy,Happy,False,False,False,0.059221085,1.6661393e-07,0.0040069898,0.9296065,0.005072457,0.0020624504,3.0503546e-05
1331,inesco,mbaz,mbaz_a344.wav,Angry,202,Angry,Angry,Angry,True,True,False,0.8180203,0.00019689382,0.009043452,0.1515099,4.2442634e-06,1.5612776e-06,0.02122376
1332,inesco,mbaz,mbaz_a345.wav,Angry,177,Angry,Happy,Happy,False,False,False,0.0013045185,1.3717612e-06,0.00075757154,0.980594,8.580616e-06,3.6780425e-06,0.017330337
1333,inesco,mbaz,mbaz_a346.wav,Angry,257,Angry,Angry,Angry,True,True,False,0.8864173,0.0022122466,0.009950332,0.017373083,9.699053e-07,0.00048021442,0.083565764
1334,inesco,mbaz,mbaz_a347.wav,Angry,209,Angry,Happy,Happy,False,False,False,0.00023694227,3.2359835e-06,0.0033176013,0.8308927,2.292672e-06,7.830125e-05,0.16546896
1335,inesco,mbaz,mbaz_a348.wav,Angry,109,Angry,Fear,Happy,False,False,True,0.008278752,2.7085967e-05,0.5499326,0.029751126,0.0014268906,0.00018105534,0.41040248
1336,inesco,mbaz,mbaz_a349.wav,Angry,212,Angry,Angry,Angry,True,True,False,0.9868009,2.3443891e-09,8.689347e-07,0.013128071,4.2709263e-09,8.758721e-10,7.01354e-05
1337,inesco,mbaz,mbaz_a350.wav,Angry,401,Angry,Surprise,Happy,False,False,True,2.9018045e-05,5.379744e-08,0.0013175996,0.0134853255,2.393494e-11,5.14056e-08,0.985168
1338,inesco,mbaz,mbaz_a351.wav,Angry,209,Angry,Happy,Happy,False,False,False,0.00016207447,5.052378e-06,0.14814019,0.7874616,2.0429814e-06,0.00013865808,0.06409039
1339,inesco,mbaz,mbaz_a352.wav,Angry,109,Angry,Surprise,Happy,False,False,True,0.00030881123,3.09005e-08,0.0033963018,0.016226066,3.0615844e-05,9.724634e-06,0.9800285
1340,inesco,mbaz,mbaz_a353.wav,Angry,212,Angry,Happy,Happy,False,False,False,0.00015701324,1.4098361e-05,0.10390055,0.6907645,2.543982e-06,0.00029555915,0.20486575
1341,inesco,mbaz,mbaz_a354.wav,Angry,321,Angry,Fear,Angry,False,True,True,0.19225329,1.5061079e-05,0.5187074,0.013627118,8.202447e-06,0.006868032,0.2685209
1342,inesco,mbaz,mbaz_a355.wav,Angry,212,Angry,Surprise,Angry,False,True,True,0.024438567,0.009042952,0.07965721,0.009076033,3.07723e-06,0.0058245314,0.8719576
1343,inesco,mbaz,mbaz_a356.wav,Angry,260,Angry,Angry,Angry,True,True,False,0.82520986,0.00036378534,0.008457605,0.12233608,4.508617e-05,0.0027140481,0.040873613
1344,inesco,mbaz,mbaz_a357.wav,Angry,148,Angry,Fear,Happy,False,False,True,2.136851e-05,2.2389127e-06,0.939787,0.023605205,8.7240984e-08,0.0012289267,0.035355136
1345,inesco,mbaz,mbaz_a358.wav,Angry,103,Angry,Angry,Angry,True,True,False,0.55853945,5.6971207e-05,0.04470067,0.30836374,0.009231175,0.00022013352,0.07888779
1346,inesco,mbaz,mbaz_a359.wav,Angry,177,Angry,Angry,Angry,True,True,False,0.7867775,4.6840767e-09,0.00014219251,0.21265268,1.1205888e-08,1.9559657e-08,0.0004276484
1347,inesco,mbaz,mbaz_a360.wav,Angry,84,Angry,Surprise,Happy,False,False,True,0.0032033103,8.979982e-06,0.24138057,0.0060088746,1.5122133e-06,0.00010463604,0.74929214
1348,inesco,mbaz,mbaz_a361.wav,Angry,119,Angry,Surprise,Angry,False,True,True,0.26504362,2.2744351e-07,0.014031258,0.007395043,6.3641784e-07,2.1784804e-07,0.713529
1349,inesco,mbaz,mbaz_a362.wav,Angry,77,Angry,Surprise,Angry,False,True,True,0.020634094,1.1273996e-05,0.4392463,0.0064838063,2.5836732e-06,0.00013940598,0.5334825
1350,inesco,mbaz,mbaz_a363.wav,Angry,141,Angry,Fear,Happy,False,False,True,0.03249194,8.798465e-07,0.7099434,0.21251981,1.7919117e-05,0.00053384586,0.04449225
1351,inesco,mbaz,mbaz_a364.wav,Angry,138,Angry,Angry,Angry,True,True,False,0.64002395,2.3199443e-06,0.03935121,0.18989454,0.0014784817,1.6473328e-05,0.12923303
1352,inesco,mbaz,mbaz_a365.wav,Angry,157,Angry,Angry,Angry,True,True,False,0.834203,5.411378e-06,0.0137767475,0.10877263,8.995659e-05,0.0003078549,0.04284441
1353,inesco,mbaz,mbaz_a366.wav,Angry,180,Angry,Happy,Happy,False,False,False,0.44137254,1.7071787e-07,0.013153974,0.5443475,0.0001610721,7.6234724e-06,0.0009570211
1354,inesco,mbaz,mbaz_a367.wav,Angry,49,Angry,Angry,Angry,True,True,False,0.7456628,0.00022601873,0.014493727,0.06316088,0.0008157462,0.00030515075,0.17533569
1355,inesco,mbaz,mbaz_a368.wav,Angry,119,Angry,Surprise,Happy,False,False,True,0.025562081,4.941741e-07,0.005884431,0.3907668,2.418992e-05,0.000141003,0.577621
1356,inesco,mbaz,mbaz_a369.wav,Angry,132,Angry,Angry,Angry,True,True,False,0.88346666,9.134988e-08,0.062698506,0.046412054,6.723565e-07,4.3865214e-07,0.007421529
1357,inesco,mbaz,mbaz_a370.wav,Angry,148,Angry,Fear,Happy,False,False,True,0.0006638063,8.9397247e-07,0.9686404,0.027252313,4.247576e-06,0.00037507917,0.0030632755
1358,inesco,mbaz,mbaz_a371.wav,Angry,132,Angry,Surprise,Happy,False,False,True,0.00015641778,1.8523903e-07,0.00096417184,0.0005053361,6.084305e-07,1.3401304e-06,0.998372
1359,inesco,mbaz,mbaz_a372.wav,Angry,161,Angry,Fear,Happy,False,False,True,0.0025702901,3.8501067e-08,0.9219396,0.073478796,1.2582714e-07,0.00026892388,0.0017421605
1360,inesco,mbaz,mbaz_a373.wav,Angry,173,Angry,Surprise,Happy,False,False,True,0.106959276,9.1056796e-07,0.012225282,0.19511639,1.0899423e-06,1.0694977e-05,0.68568635
1361,inesco,mbaz,mbaz_a374.wav,Angry,65,Angry,Surprise,Angry,False,True,True,0.06778191,0.00026218413,0.1785208,0.029246524,0.00010519318,0.000432754,0.72365063
1362,inesco,mbaz,mbaz_a375.wav,Angry,244,Angry,Surprise,Happy,False,False,True,0.00026882548,1.4594611e-05,0.002617869,0.06232167,1.574053e-08,5.053912e-06,0.9347721
1363,inesco,mbaz,mbaz_a376.wav,Angry,42,Angry,Angry,Angry,True,True,False,0.66067326,3.0692354e-05,0.33118454,0.004592086,8.492678e-06,1.02303e-05,0.0035006471
1364,inesco,mbaz,mbaz_a377.wav,Angry,87,Angry,Surprise,Happy,False,False,True,0.016013399,8.306e-06,0.026187459,0.08368706,1.800299e-05,0.0001527462,0.873933
1365,inesco,mbaz,mbaz_a378.wav,Angry,103,Angry,Surprise,Angry,False,True,True,0.11603243,1.0637208e-06,0.028778283,0.018391402,2.9612486e-06,8.657124e-05,0.8367073
1366,inesco,mbaz,mbaz_a379.wav,Angry,129,Angry,Surprise,Happy,False,False,True,0.02413616,1.8464848e-06,0.014669265,0.45695406,3.2795913e-06,1.27701705e-05,0.5042226
1367,inesco,mbaz,mbaz_a380.wav,Angry,199,Angry,Happy,Happy,False,False,False,0.07693301,2.9665944e-07,0.0024038253,0.7379479,4.3170818e-05,2.2626093e-05,0.18264918
1368,inesco,mbaz,mbaz_a381.wav,Angry,157,Angry,Happy,Happy,False,False,False,0.118803434,1.23972e-05,0.024243671,0.85238004,6.312652e-05,0.00021231818,0.0042849486
1369,inesco,mbaz,mbaz_a382.wav,Angry,125,Angry,Surprise,Happy,False,False,True,3.982226e-07,8.400637e-09,7.198506e-05,0.001736987,1.7347313e-08,1.8137502e-08,0.9981906
1370,inesco,mbaz,mbaz_a383.wav,Angry,65,Angry,Surprise,Angry,False,True,True,0.20687848,0.0008670888,0.36303714,0.005506558,0.0033959555,0.002254215,0.41806057
1371,inesco,mbaz,mbaz_a384.wav,Angry,132,Angry,Happy,Happy,False,False,False,0.10126697,2.092664e-06,0.023531277,0.5640689,3.8360395e-05,8.0972924e-05,0.3110114
1372,inesco,mbaz,mbaz_a385.wav,Angry,97,Angry,Happy,Happy,False,False,False,0.0313878,1.8287294e-07,0.25364357,0.6924966,9.391037e-05,4.6799854e-05,0.022331115
1373,inesco,mbaz,mbaz_a386.wav,Angry,93,Angry,Surprise,Happy,False,False,True,0.0047455104,4.5004153e-06,0.016538959,0.009236284,3.3158076e-06,0.0001766986,0.9692947
1374,inesco,mbaz,mbaz_a387.wav,Angry,378,Angry,Surprise,Happy,False,False,True,8.2126866e-07,6.337605e-09,0.00072919007,0.025883213,3.3928593e-08,2.3989671e-06,0.9733844
1375,inesco,mbaz,mbaz_a388.wav,Angry,52,Angry,Surprise,Angry,False,True,True,0.30923206,3.782293e-05,0.031251326,0.095374405,0.000106326195,0.0004675378,0.56353056
1376,inesco,mbaz,mbaz_a389.wav,Angry,87,Angry,Surprise,Happy,False,False,True,0.00062248926,9.544615e-07,0.05745752,0.020939194,1.3285291e-05,4.3019187e-05,0.9209236
1377,inesco,mbaz,mbaz_a390.wav,Angry,49,Angry,Angry,Angry,True,True,False,0.64182985,0.00010039116,0.00030337388,0.0042951,4.741955e-06,2.0594275e-06,0.35346457
1378,inesco,mbaz,mbaz_a391.wav,Angry,55,Angry,Angry,Angry,True,True,False,0.6695098,0.00011040656,0.032959,0.0114068,0.00052612857,0.00268641,0.28280148
1379,inesco,mbaz,mbaz_a392.wav,Angry,42,Angry,Angry,Angry,True,True,False,0.4927909,1.2549847e-05,0.33672887,0.15855154,0.0005930275,0.00043341928,0.010889661
1380,inesco,mbaz,mbaz_a393.wav,Angry,103,Angry,Surprise,Happy,False,False,True,0.0074324636,1.0762772e-06,0.0007272157,0.24406683,4.838587e-06,6.8956433e-06,0.74776065
1381,inesco,mbaz,mbaz_a394.wav,Angry,138,Angry,Happy,Happy,False,False,False,0.3472932,5.199638e-07,0.06051801,0.48977864,2.9092305e-06,1.00816405e-05,0.10239668
1382,inesco,mbaz,mbaz_a395.wav,Angry,129,Angry,Surprise,Happy,False,False,True,0.02098434,2.072364e-07,0.00010190216,0.2152331,5.5038167e-06,1.2145822e-06,0.76367366
1383,inesco,mbaz,mbaz_a396.wav,Angry,215,Angry,Fear,Happy,False,False,True,6.208095e-05,3.4031473e-05,0.97693604,0.014111805,4.9944425e-05,0.003659899,0.0051462427
1384,inesco,mbaz,mbaz_a397.wav,Angry,45,Angry,Angry,Angry,True,True,False,0.95374554,2.5754553e-05,0.009411896,0.019893683,0.00017166944,5.8664096e-05,0.016692717
1385,inesco,mbaz,mbaz_a398.wav,Angry,45,Angry,Surprise,Angry,False,True,True,0.045672193,1.8791758e-06,0.010387055,0.010163633,1.6891774e-05,4.7190465e-06,0.9337537
1386,inesco,mbaz,mbaz_a399.wav,Angry,388,Angry,Surprise,Happy,False,False,True,2.8801847e-05,1.1596627e-07,0.017915543,0.008214361,2.4432574e-09,5.395942e-06,0.9738357
1387,inesco,mbaz,mbaz_a400.wav,Angry,218,Angry,Angry,Angry,True,True,False,0.51490074,0.0040297327,0.09358488,0.3170045,0.0016500055,0.002210879,0.06661933
1388,inesco,mbaz,mbaz_a401.wav,Angry,212,Angry,Angry,Angry,True,True,False,0.6986775,1.7355122e-05,0.00127719,0.08739453,1.1541823e-05,9.824457e-06,0.21261218
1389,inesco,mbaz,mbaz_h001.wav,Happy,212,Happy,Surprise,Angry,False,False,True,0.05121847,0.0015989167,0.19537523,0.012896507,0.00093729777,0.0019014932,0.7360721
1390,inesco,mbaz,mbaz_h002.wav,Happy,113,Happy,Surprise,Angry,False,False,True,0.403831,0.0001606584,0.0069374326,0.057259735,0.019437805,0.00024764356,0.5121258
1391,inesco,mbaz,mbaz_h003.wav,Happy,212,Happy,Happy,Happy,True,True,False,0.016780764,2.7619364e-05,0.00046028983,0.9780437,0.0016265056,0.00022153082,0.002839609
1392,inesco,mbaz,mbaz_h004.wav,Happy,90,Happy,Fear,Angry,False,False,True,0.10485984,0.00061163347,0.53170466,0.032573573,0.008047404,0.011989796,0.31021315
1393,inesco,mbaz,mbaz_h005.wav,Happy,145,Happy,Surprise,Sad,False,False,True,9.688431e-05,0.0010410066,0.15197936,0.018334359,2.3977918e-05,0.023224493,0.8053
1394,inesco,mbaz,mbaz_h006.wav,Happy,180,Happy,Happy,Happy,True,True,False,6.819702e-05,3.89466e-05,0.008523279,0.5587411,0.0058517624,0.40146604,0.025310662
1395,inesco,mbaz,mbaz_h007.wav,Happy,154,Happy,Sad,Sad,False,False,False,0.016746491,0.0056503974,0.455032,0.024692863,0.0045231488,0.47274658,0.020608546
1396,inesco,mbaz,mbaz_h008.wav,Happy,269,Happy,Happy,Happy,True,True,False,0.19210416,0.002716978,0.0048768376,0.6690338,0.011942341,0.07786752,0.04145837
1397,inesco,mbaz,mbaz_h009.wav,Happy,209,Happy,Happy,Happy,True,True,False,0.063834906,0.0001466011,0.00050567463,0.8793311,2.3406442e-06,1.0106642e-05,0.05616928
1398,inesco,mbaz,mbaz_h010.wav,Happy,212,Happy,Happy,Happy,True,True,False,0.00015426126,1.0472083e-05,0.045620237,0.718732,0.0010919069,0.061533704,0.17285737
1399,inesco,mbaz,mbaz_h011.wav,Happy,189,Happy,Fear,Happy,False,True,True,0.027470218,5.094361e-05,0.61538523,0.3195574,0.0008164359,0.022547927,0.014171844
1400,inesco,mbaz,mbaz_h012.wav,Happy,266,Happy,Surprise,Happy,False,True,True,4.2967196e-05,4.27042e-05,0.036849853,0.035262212,1.380367e-06,0.0018037496,0.92599714
1401,inesco,mbaz,mbaz_h013.wav,Happy,359,Happy,Surprise,Angry,False,False,True,0.014180971,0.00015210145,0.014075767,0.006508103,1.2455638e-08,0.0010478674,0.96403515
1402,inesco,mbaz,mbaz_h014.wav,Happy,375,Happy,Happy,Happy,True,True,False,0.14250757,0.006081169,0.010556664,0.6597189,0.009609015,0.095715635,0.0758111
1403,inesco,mbaz,mbaz_h015.wav,Happy,164,Happy,Fear,Sad,False,False,True,0.11756871,0.0095062805,0.38459107,0.16136381,0.0049546207,0.17019488,0.15182064
1404,inesco,mbaz,mbaz_h016.wav,Happy,189,Happy,Surprise,Happy,False,True,True,0.0013295383,2.863789e-06,0.13949846,0.016231993,6.5176515e-08,0.0010414434,0.8418956
1405,inesco,mbaz,mbaz_h017.wav,Happy,257,Happy,Happy,Happy,True,True,False,0.0025976568,0.00011072642,0.004830579,0.9260349,0.0013239959,0.016043484,0.049058635
1406,inesco,mbaz,mbaz_h018.wav,Happy,353,Happy,Surprise,Sad,False,False,True,0.009495163,0.010274345,0.037169576,0.041083,0.0052480395,0.08219035,0.81453955
1407,inesco,mbaz,mbaz_h019.wav,Happy,215,Happy,Fear,Happy,False,True,True,0.018690016,0.012217799,0.73577607,0.088822894,0.0002233704,0.0615321,0.08273775
1408,inesco,mbaz,mbaz_h020.wav,Happy,244,Happy,Surprise,Happy,False,True,True,0.21289426,0.0028014663,0.023576451,0.28274873,2.9868512e-05,0.004458539,0.47349063
1409,inesco,mbaz,mbaz_h021.wav,Happy,401,Happy,Surprise,Angry,False,False,True,0.32791248,0.0014608448,0.012084406,0.04604187,1.1193178e-05,0.0013445246,0.61114466
1410,inesco,mbaz,mbaz_h022.wav,Happy,295,Happy,Angry,Angry,False,False,False,0.94290847,0.019780898,0.0027410279,0.016734926,0.00093301473,0.01484299,0.0020587107
1411,inesco,mbaz,mbaz_h023.wav,Happy,298,Happy,Surprise,Happy,False,True,True,0.0003878265,0.00011841483,0.0038355924,0.013151521,1.8497843e-07,0.00010211842,0.9824043
1412,inesco,mbaz,mbaz_h024.wav,Happy,225,Happy,Surprise,Angry,False,False,True,0.38022962,0.0040688603,0.05081631,0.16734676,1.8417742e-05,0.008376461,0.3891436
1413,inesco,mbaz,mbaz_h025.wav,Happy,209,Happy,Fear,Happy,False,True,True,0.09710691,0.0011630567,0.34051633,0.31833982,0.0015831855,0.016728364,0.22456236
1414,inesco,mbaz,mbaz_h026.wav,Happy,282,Happy,Surprise,Happy,False,True,True,2.1100963e-05,3.327026e-05,0.17224964,0.28556788,2.7487886e-06,0.00042028603,0.541705
1415,inesco,mbaz,mbaz_h027.wav,Happy,314,Happy,Fear,Happy,False,True,True,0.00044752,0.0046012667,0.95248944,0.0013458867,0.00023369252,0.0011749913,0.039707184
1416,inesco,mbaz,mbaz_h028.wav,Happy,218,Happy,Angry,Angry,False,False,False,0.9345317,6.2773506e-05,0.01145869,0.04583906,8.714194e-06,0.00086345227,0.0072356397
1417,inesco,mbaz,mbaz_h029.wav,Happy,372,Happy,Surprise,Angry,False,False,True,0.03314359,1.1284197e-05,0.10906699,0.011766161,1.0905746e-08,0.00027632184,0.8457356
1418,inesco,mbaz,mbaz_h030.wav,Happy,228,Happy,Angry,Angry,False,False,False,0.9191932,0.006814867,1.1120821e-05,0.008822244,0.022544065,5.9463146e-05,0.042554956
1419,inesco,mbaz,mbaz_h031.wav,Happy,401,Happy,Happy,Happy,True,True,False,0.028015234,0.00026395018,0.000941349,0.93520445,0.001118137,0.014026903,0.02043001
1420,inesco,mbaz,mbaz_h032.wav,Happy,285,Happy,Angry,Angry,False,False,False,0.48334506,0.33854425,0.005741433,0.028072948,0.00024046861,0.083813295,0.060242586
1421,inesco,mbaz,mbaz_h033.wav,Happy,221,Happy,Fear,Happy,False,True,True,9.976109e-05,0.00018313629,0.848032,0.07438686,2.5118194e-07,0.007915235,0.06938281
1422,inesco,mbaz,mbaz_h034.wav,Happy,218,Happy,Angry,Angry,False,False,False,0.8326441,0.0093384,0.00026852867,0.07657168,0.0026148637,0.07553524,0.0030272289
1423,inesco,mbaz,mbaz_h035.wav,Happy,333,Happy,Disgust,Angry,False,False,True,0.04596401,0.68164176,0.0008089598,0.0011330475,1.1348446e-07,0.0007881919,0.26966393
1424,inesco,mbaz,mbaz_h036.wav,Happy,401,Happy,Surprise,Happy,False,True,True,4.5598767e-06,1.0659148e-07,0.012829627,0.0032882316,8.990398e-08,6.15262e-06,0.9838712
1425,inesco,mbaz,mbaz_h037.wav,Happy,324,Happy,Surprise,Angry,False,False,True,0.03712481,0.00081542507,0.13339302,0.007423801,1.4405012e-05,0.036003873,0.7852246
1426,inesco,mbaz,mbaz_h038.wav,Happy,401,Happy,Fear,Happy,False,True,True,0.0021650437,0.0010472373,0.79959744,0.11677851,0.00047146855,0.058081247,0.021859013
1427,inesco,mbaz,mbaz_h039.wav,Happy,349,Happy,Fear,Sad,False,False,True,0.0023571867,0.0043408587,0.66659725,0.0016899324,6.075033e-06,0.0478843,0.27712435
1428,inesco,mbaz,mbaz_h040.wav,Happy,401,Happy,Surprise,Happy,False,True,True,5.1085094e-06,1.1363286e-06,0.07540756,0.43837965,1.986431e-05,0.00014204366,0.48604468
1429,inesco,mbaz,mbaz_h041.wav,Happy,141,Happy,Fear,Happy,False,True,True,0.00039411767,8.9727916e-07,0.56696844,0.08146745,2.5845965e-08,5.1703366e-05,0.35111734
1430,inesco,mbaz,mbaz_h042.wav,Happy,317,Happy,Surprise,Happy,False,True,True,0.00042750282,8.405074e-06,0.0058032004,0.0015824796,3.282739e-07,0.00018801462,0.99199003
1431,inesco,mbaz,mbaz_h043.wav,Happy,401,Happy,Happy,Happy,True,True,False,0.011032742,0.00027939896,0.062234197,0.8200927,0.03620449,0.011313269,0.058843285
1432,inesco,mbaz,mbaz_h044.wav,Happy,365,Happy,Happy,Happy,True,True,False,0.12397169,0.0008659933,3.2932698e-05,0.52029425,5.3317737e-05,0.000102230304,0.3546796
1433,inesco,mbaz,mbaz_h045.wav,Happy,285,Happy,Disgust,Angry,False,False,True,0.020366361,0.97518367,1.8099472e-06,0.00046257518,2.9371775e-05,0.001071538,0.0028846364
1434,inesco,mbaz,mbaz_h046.wav,Happy,221,Happy,Fear,Angry,False,False,True,0.27403605,0.0051004994,0.47718403,0.016919248,0.002117488,0.0010102848,0.22363247
1435,inesco,mbaz,mbaz_h047.wav,Happy,234,Happy,Happy,Happy,True,True,False,0.19418918,0.00060124113,0.002701464,0.62519044,0.12481902,0.0377352,0.01476347
1436,inesco,mbaz,mbaz_h048.wav,Happy,279,Happy,Surprise,Happy,False,True,True,0.025871705,0.00077560154,0.23373719,0.28693214,0.00022794044,0.005409305,0.44704613
1437,inesco,mbaz,mbaz_h049.wav,Happy,205,Happy,Happy,Happy,True,True,False,0.13588005,0.00018373561,0.002187445,0.6599021,0.15612611,0.045480188,0.00024037939
1438,inesco,mbaz,mbaz_h050.wav,Happy,167,Happy,Happy,Happy,True,True,False,0.0027264904,0.00015277554,0.026463022,0.76475066,0.15881725,0.045825135,0.0012646088
1439,inesco,mbaz,mbaz_h051.wav,Happy,401,Happy,Sad,Sad,False,False,False,0.020343903,0.025583792,0.076676995,0.08048142,0.055025157,0.7143184,0.027570345
1440,inesco,mbaz,mbaz_h052.wav,Happy,401,Happy,Fear,Happy,False,True,True,0.00023934101,6.088682e-06,0.6255024,0.023748599,3.897769e-05,0.013792488,0.3366721
1441,inesco,mbaz,mbaz_h053.wav,Happy,401,Happy,Happy,Happy,True,True,False,0.1281836,0.00040432063,0.02725978,0.52426827,0.00025883588,0.028532969,0.29109225
1442,inesco,mbaz,mbaz_h054.wav,Happy,346,Happy,Happy,Happy,True,True,False,0.002177854,0.00022079298,0.019890102,0.85435593,0.0093421545,0.101484105,0.0125291245
1443,inesco,mbaz,mbaz_h055.wav,Happy,401,Happy,Happy,Happy,True,True,False,0.14715084,0.027789284,0.030299028,0.5045422,0.110866226,0.12854876,0.0508037
1444,inesco,mbaz,mbaz_h056.wav,Happy,292,Happy,Surprise,Happy,False,True,True,0.07438103,0.07251046,0.3295021,0.08640715,0.001511485,0.03225266,0.4034351
1445,inesco,mbaz,mbaz_h057.wav,Happy,247,Happy,Happy,Happy,True,True,False,0.002468742,0.0005760932,0.0021115323,0.99349123,0.00077217934,0.00025934033,0.00032089194
1446,inesco,mbaz,mbaz_h058.wav,Happy,372,Happy,Fear,Angry,False,False,True,0.20913649,0.0007371478,0.34847957,0.10879707,0.012491702,0.01936238,0.30099565
1447,inesco,mbaz,mbaz_h059.wav,Happy,221,Happy,Happy,Happy,True,True,False,0.004874459,0.0008787093,0.009550975,0.68872327,0.0677778,0.22591862,0.0022761812
1448,inesco,mbaz,mbaz_h060.wav,Happy,317,Happy,Sad,Sad,False,False,False,0.021864336,0.0046944944,0.032814965,0.46409738,0.00028635917,0.4731885,0.003053937
1449,inesco,mbaz,mbaz_h061.wav,Happy,154,Happy,Sad,Sad,False,False,False,0.0003811604,0.00020058196,0.40734422,0.017729664,0.01635908,0.5517912,0.006194077
1450,inesco,mbaz,mbaz_h062.wav,Happy,279,Happy,Angry,Angry,False,False,False,0.3560788,0.01600587,0.06652751,0.29910037,0.006943405,0.0040310207,0.25131294
1451,inesco,mbaz,mbaz_h063.wav,Happy,263,Happy,Happy,Happy,True,True,False,0.06681972,6.3379004e-05,0.017407626,0.81482154,0.002490973,0.004544404,0.093852416
1452,inesco,mbaz,mbaz_h064.wav,Happy,231,Happy,Angry,Angry,False,False,False,0.6457059,0.00034663363,0.0017606196,0.17407991,0.17234816,0.0003477568,0.0054110684
1453,inesco,mbaz,mbaz_h065.wav,Happy,337,Happy,Fear,Sad,False,False,True,0.11942906,0.00085896644,0.48353583,0.1094309,0.002137569,0.16426355,0.120344155
1454,inesco,mbaz,mbaz_h066.wav,Happy,273,Happy,Happy,Happy,True,True,False,0.00025885875,0.00020483468,0.04405366,0.8533815,1.3162655e-05,0.015472105,0.086615816
1455,inesco,mbaz,mbaz_h067.wav,Happy,401,Happy,Happy,Happy,True,True,False,0.06001779,0.0009797342,0.17174707,0.3857606,0.007949924,0.28875706,0.084787786
1456,inesco,mbaz,mbaz_h068.wav,Happy,292,Happy,Sad,Sad,False,False,False,0.090646476,0.17074463,0.011941263,0.023368977,0.001572329,0.54843104,0.15329528
1457,inesco,mbaz,mbaz_h069.wav,Happy,340,Happy,Happy,Happy,True,True,False,0.4807379,0.0032722827,0.000677962,0.4823799,0.0004547809,0.011773305,0.020703878
1458,inesco,mbaz,mbaz_h070.wav,Happy,314,Happy,Surprise,Happy,False,True,True,0.19768013,0.001203008,0.0061376607,0.35728812,0.026151614,0.010050804,0.40148866
1459,inesco,mbaz,mbaz_h071.wav,Happy,269,Happy,Happy,Happy,True,True,False,0.029827604,0.0032235705,0.0034691188,0.49112117,0.0969956,0.3664047,0.008958309
1460,inesco,mbaz,mbaz_h072.wav,Happy,241,Happy,Happy,Happy,True,True,False,0.004110933,0.00084743294,0.01681258,0.7791507,0.0007667013,0.002304202,0.19600748
1461,inesco,mbaz,mbaz_h073.wav,Happy,138,Happy,Angry,Angry,False,False,False,0.49501786,0.0037260966,0.24081391,0.020348478,0.011978581,0.0009358025,0.22717932
1462,inesco,mbaz,mbaz_h074.wav,Happy,301,Happy,Happy,Happy,True,True,False,0.17744282,0.0063243494,0.016258057,0.39572996,0.028307969,0.002915076,0.37302172
1463,inesco,mbaz,mbaz_h075.wav,Happy,218,Happy,Happy,Happy,True,True,False,0.2559699,0.001036239,0.04819246,0.5262368,0.073347755,0.08875083,0.006466021
1464,inesco,mbaz,mbaz_h076.wav,Happy,241,Happy,Angry,Angry,False,False,False,0.7928474,0.0032573643,0.0057800007,0.040623896,0.01939854,0.13559636,0.002496415
1465,inesco,mbaz,mbaz_h077.wav,Happy,228,Happy,Happy,Happy,True,True,False,0.09352499,0.00020261573,0.0016930349,0.85337746,0.00083396514,0.011228265,0.03913974
1466,inesco,mbaz,mbaz_h078.wav,Happy,209,Happy,Happy,Happy,True,True,False,0.0067600957,2.5490808e-05,0.016959688,0.7030759,0.000464417,0.0003189393,0.27239552
1467,inesco,mbaz,mbaz_h079.wav,Happy,401,Happy,Sad,Sad,False,False,False,0.023978803,0.0019945817,3.2148655e-05,0.17991842,0.090801194,0.7032535,2.1408106e-05
1468,inesco,mbaz,mbaz_h080.wav,Happy,356,Happy,Surprise,Happy,False,True,True,0.0019394918,0.0009766972,0.04956845,0.33349347,8.990633e-05,0.114218414,0.4997136
1469,inesco,mbaz,mbaz_h081.wav,Happy,266,Happy,Happy,Happy,True,True,False,0.056444116,0.14687245,0.0020234836,0.41645178,0.23716892,0.11575004,0.025289252
1470,inesco,mbaz,mbaz_h082.wav,Happy,388,Happy,Fear,Happy,False,True,True,0.0013604396,0.00033133788,0.5991475,0.34501037,6.1703846e-05,0.0038713352,0.050217398
1471,inesco,mbaz,mbaz_h083.wav,Happy,388,Happy,Disgust,Sad,False,False,True,0.16431603,0.29856765,0.0043480913,0.0801786,0.104480535,0.21335346,0.13475566
1472,inesco,mbaz,mbaz_h084.wav,Happy,199,Happy,Happy,Happy,True,True,False,0.06353933,0.0028496727,0.015775476,0.781977,0.09167637,0.008596916,0.035585325
1473,inesco,mbaz,mbaz_h085.wav,Happy,321,Happy,Surprise,Sad,False,False,True,0.0789519,0.0004579535,0.2175286,0.05225673,0.00027529063,0.1307121,0.5198174
1474,inesco,mbaz,mbaz_h086.wav,Happy,225,Happy,Angry,Angry,False,False,False,0.5266651,0.007573226,0.009544038,0.056803573,0.14848197,0.24528538,0.005646717
1475,inesco,mbaz,mbaz_h087.wav,Happy,218,Happy,Happy,Happy,True,True,False,0.29264426,0.0009884583,0.013952684,0.4124315,0.16894422,0.10782383,0.00321508
1476,inesco,mbaz,mbaz_h088.wav,Happy,263,Happy,Sad,Sad,False,False,False,0.0014728162,0.0029245454,0.00014024945,0.37397277,0.07399886,0.5472192,0.000271554
1477,inesco,mbaz,mbaz_h089.wav,Happy,401,Happy,Happy,Happy,True,True,False,0.00300994,0.0024086067,0.03040975,0.74521893,0.00471899,0.19924973,0.014984159
1478,inesco,mbaz,mbaz_h090.wav,Happy,141,Happy,Neutral,Sad,False,False,True,0.0012405672,0.000684766,0.030176612,0.13292272,0.5216795,0.3092337,0.0040621236
1479,inesco,mbaz,mbaz_h091.wav,Happy,321,Happy,Angry,Angry,False,False,False,0.9498524,0.00012046162,0.014478746,0.0052115484,0.00061797013,0.0063008554,0.023417989
1480,inesco,mbaz,mbaz_h092.wav,Happy,193,Happy,Happy,Happy,True,True,False,0.00029173822,2.856703e-07,0.050240308,0.94821095,2.6612397e-05,0.0003702522,0.00085989607
1481,inesco,mbaz,mbaz_h093.wav,Happy,308,Happy,Angry,Angry,False,False,False,0.54717946,0.00045258194,0.0018202014,0.2578095,0.0037651642,0.003742575,0.18523054
1482,inesco,mbaz,mbaz_h094.wav,Happy,388,Happy,Surprise,Sad,False,False,True,0.009214961,0.0008723197,0.31345898,0.0053790514,0.00019015683,0.028878931,0.64200556
1483,inesco,mbaz,mbaz_h095.wav,Happy,215,Happy,Happy,Happy,True,True,False,0.0053666453,0.0053173783,0.023308227,0.9200768,0.00069330924,0.03169548,0.013542128
1484,inesco,mbaz,mbaz_h096.wav,Happy,183,Happy,Neutral,Happy,False,True,True,0.0034839232,4.1457665e-06,0.0053074057,0.17763579,0.80852836,0.0050188303,2.1553673e-05
1485,inesco,mbaz,mbaz_h097.wav,Happy,228,Happy,Angry,Angry,False,False,False,0.3332791,0.3315638,0.00015092555,0.00017156603,0.27660638,0.046961676,0.011266589
1486,inesco,mbaz,mbaz_h098.wav,Happy,401,Happy,Happy,Happy,True,True,False,0.00010334249,2.0417458e-05,0.030308835,0.683552,0.00080598425,0.19130184,0.093907505
1487,inesco,mbaz,mbaz_h099.wav,Happy,109,Happy,Surprise,Happy,False,True,True,0.003495733,6.164697e-05,0.08976145,0.043753322,0.00017445441,0.003016762,0.8597367
1488,inesco,mbaz,mbaz_h100.wav,Happy,199,Happy,Neutral,Happy,False,True,True,0.0029662186,0.00020766693,0.009713264,0.018779833,0.96665514,0.0014187216,0.00025920544
1489,inesco,mbaz,mbaz_h101.wav,Happy,202,Happy,Angry,Angry,False,False,False,0.41869345,0.0019648906,0.008516306,0.40603405,0.010438975,0.031794444,0.12255786
1490,inesco,mbaz,mbaz_h102.wav,Happy,170,Happy,Happy,Happy,True,True,False,0.16194601,0.00017564766,0.09695518,0.54166615,0.02829522,0.1503645,0.020597233
1491,inesco,mbaz,mbaz_h103.wav,Happy,289,Happy,Happy,Happy,True,True,False,0.075117014,0.0010932854,0.10848601,0.7046268,0.00084958103,0.051481828,0.058345504
1492,inesco,mbaz,mbaz_h104.wav,Happy,401,Happy,Happy,Happy,True,True,False,0.005826049,0.00033013427,0.0025196953,0.8889377,0.024122942,0.069661535,0.008601897
1493,inesco,mbaz,mbaz_h105.wav,Happy,189,Happy,Happy,Happy,True,True,False,0.05704082,0.00013563421,0.034214884,0.553792,0.19923012,0.1553808,0.00020571178
1494,inesco,mbaz,mbaz_h106.wav,Happy,257,Happy,Sad,Sad,False,False,False,3.0012567e-05,0.0057999454,0.036950618,0.20708431,9.6783675e-05,0.7372056,0.012832753
1495,inesco,mbaz,mbaz_h107.wav,Happy,321,Happy,Happy,Happy,True,True,False,0.0006148116,0.00013443905,0.012556165,0.9467345,0.0037611083,0.009755377,0.026443591
1496,inesco,mbaz,mbaz_h108.wav,Happy,401,Happy,Happy,Happy,True,True,False,0.013470885,0.000842787,0.13872404,0.69666,0.001707912,0.03510663,0.11348771
1497,inesco,mbaz,mbaz_h109.wav,Happy,260,Happy,Happy,Happy,True,True,False,0.003665474,2.7473861e-05,0.10109714,0.47676015,1.2301522e-06,0.00043031943,0.41801816
1498,inesco,mbaz,mbaz_h110.wav,Happy,314,Happy,Fear,Happy,False,True,True,0.10681333,0.0013866454,0.6044985,0.21013671,0.040011097,0.010852852,0.026300786
1499,inesco,mbaz,mbaz_h111.wav,Happy,330,Happy,Happy,Happy,True,True,False,0.016443156,0.0019959286,0.0047922963,0.808335,0.03164107,0.07874509,0.058047462
1500,inesco,mbaz,mbaz_h112.wav,Happy,401,Happy,Angry,Angry,False,False,False,0.48509708,0.015642377,0.03447274,0.3632862,0.00066194555,0.0047591245,0.09608055
1501,inesco,mbaz,mbaz_h113.wav,Happy,401,Happy,Sad,Sad,False,False,False,0.00014620593,1.0322323e-05,0.0024006623,0.4104957,0.003463717,0.5830554,0.0004280229
1502,inesco,mbaz,mbaz_h114.wav,Happy,205,Happy,Happy,Happy,True,True,False,0.059120752,0.00041002742,0.007545876,0.8084152,0.07789841,0.042340342,0.0042694025
1503,inesco,mbaz,mbaz_h115.wav,Happy,285,Happy,Surprise,Sad,False,False,True,0.046969667,0.0096850805,0.12584364,0.023737224,2.0476962e-05,0.083329245,0.7104147
1504,inesco,mbaz,mbaz_h116.wav,Happy,135,Happy,Fear,Happy,False,True,True,0.013767552,0.00010650474,0.72573566,0.093128376,0.15205076,0.010941975,0.0042691594
1505,inesco,mbaz,mbaz_h117.wav,Happy,177,Happy,Surprise,Happy,False,True,True,0.0045306743,0.0016723543,0.0012880578,0.048778925,0.0007319114,0.020699712,0.9222984
1506,inesco,mbaz,mbaz_h118.wav,Happy,282,Happy,Surprise,Happy,False,True,True,0.008315802,0.0030838575,0.06404103,0.34957674,8.703813e-05,0.0074830973,0.56741244
1507,inesco,mbaz,mbaz_h119.wav,Happy,289,Happy,Surprise,Happy,False,True,True,0.005209099,0.004298032,0.10522123,0.0075141327,6.644698e-06,0.0027545923,0.87499624
1508,inesco,mbaz,mbaz_h120.wav,Happy,292,Happy,Angry,Angry,False,False,False,0.82350653,0.004288579,0.027919985,0.08959165,0.00019418079,0.0025684058,0.05193074
1509,inesco,mbaz,mbaz_h121.wav,Happy,221,Happy,Happy,Happy,True,True,False,0.024985323,0.000105571446,0.35667357,0.57663095,0.00056459603,0.012125605,0.028914345
1510,inesco,mbaz,mbaz_h122.wav,Happy,183,Happy,Happy,Happy,True,True,False,0.0036640447,7.606135e-05,0.00048668747,0.9344677,0.005706729,5.9545266e-05,0.055539336
1511,inesco,mbaz,mbaz_h123.wav,Happy,279,Happy,Surprise,Happy,False,True,True,0.002410817,0.00012351305,0.06539925,0.09829015,2.192263e-05,0.00043380426,0.83332056
1512,inesco,mbaz,mbaz_h124.wav,Happy,282,Happy,Angry,Angry,False,False,False,0.6260715,0.145037,0.0024915542,0.05118954,0.00023111665,0.004020028,0.17095923
1513,inesco,mbaz,mbaz_h125.wav,Happy,116,Happy,Surprise,Angry,False,False,True,0.12526536,0.003821754,0.04232621,0.09357569,0.009958485,0.03477554,0.69027704
1514,inesco,mbaz,mbaz_h126.wav,Happy,359,Happy,Surprise,Happy,False,True,True,0.06665053,0.0006392986,0.19087811,0.23135257,4.199471e-05,0.002424029,0.5080135
1515,inesco,mbaz,mbaz_h127.wav,Happy,202,Happy,Happy,Happy,True,True,False,1.6914371e-05,0.00014086126,0.09330733,0.50889945,4.6408913e-05,0.1883074,0.20928162
1516,inesco,mbaz,mbaz_h128.wav,Happy,199,Happy,Surprise,Happy,False,True,True,0.00070328766,1.0181116e-05,0.01752271,0.3089775,5.11231e-05,0.0053980635,0.6673371
1517,inesco,mbaz,mbaz_h129.wav,Happy,193,Happy,Happy,Happy,True,True,False,0.0048909527,7.882534e-06,0.0070331115,0.9477441,0.038970653,0.0013026386,5.0756276e-05
1518,inesco,mbaz,mbaz_h130.wav,Happy,122,Happy,Happy,Happy,True,True,False,0.0073492187,7.329718e-07,0.014479399,0.69184995,0.015173383,7.156246e-05,0.27107584
1519,inesco,mbaz,mbaz_h131.wav,Happy,205,Happy,Happy,Happy,True,True,False,0.07021486,0.00036402006,0.0340162,0.82678044,0.02347699,0.009174214,0.03597332
1520,inesco,mbaz,mbaz_h132.wav,Happy,279,Happy,Neutral,Angry,False,False,True,0.3170295,0.0013462177,0.00022083853,0.19190474,0.48623973,0.0026651844,0.00059386523
1521,inesco,mbaz,mbaz_h133.wav,Happy,237,Happy,Sad,Sad,False,False,False,0.11331837,0.06594427,0.13347416,0.078069784,0.0002964849,0.54294366,0.06595331
1522,inesco,mbaz,mbaz_h134.wav,Happy,401,Happy,Happy,Happy,True,True,False,0.044523045,0.01146311,0.0054667047,0.67706347,0.0008725375,0.17801724,0.08259389
1523,inesco,mbaz,mbaz_h135.wav,Happy,269,Happy,Happy,Happy,True,True,False,0.09350317,0.001468454,0.041035246,0.6929686,0.019378582,0.0532118,0.098434165
1524,inesco,mbaz,mbaz_h136.wav,Happy,241,Happy,Happy,Happy,True,True,False,0.02278014,0.0004745131,0.0045130015,0.917703,0.042979643,0.010296264,0.0012533998
1525,inesco,mbaz,mbaz_h137.wav,Happy,103,Happy,Fear,Happy,False,True,True,0.007849257,0.000118636824,0.6575479,0.10579112,0.0095691485,0.07779663,0.14132729
1526,inesco,mbaz,mbaz_h139.wav,Happy,138,Happy,Fear,Happy,False,True,True,0.00810432,3.570203e-07,0.73745304,0.10899246,0.00021389192,0.0002885881,0.14494728
1527,inesco,mbaz,mbaz_h140.wav,Happy,151,Happy,Fear,Happy,False,True,True,0.046412654,8.350953e-05,0.5974655,0.22905031,0.025054144,0.092766024,0.009167854
1528,inesco,mbaz,mbaz_h141.wav,Happy,298,Happy,Surprise,Angry,False,False,True,0.12191197,0.32895762,5.303875e-06,0.006894792,5.0049863e-07,0.0002896211,0.5419402
1529,inesco,mbaz,mbaz_h142.wav,Happy,164,Happy,Surprise,Happy,False,True,True,0.0022168935,1.23432055e-05,0.006865324,0.0046597463,2.2422051e-05,0.00036671336,0.98585653
1530,inesco,mbaz,mbaz_h143.wav,Happy,237,Happy,Fear,Happy,False,True,True,0.08132736,0.005748501,0.44464865,0.16247147,0.13888957,0.15012637,0.016788103
1531,inesco,mbaz,mbaz_h144.wav,Happy,170,Happy,Surprise,Happy,False,True,True,0.0032664258,2.250291e-05,0.0007700194,0.37681136,0.011741013,0.005214012,0.6021747
1532,inesco,mbaz,mbaz_h145.wav,Happy,183,Happy,Neutral,Sad,False,False,True,6.296748e-05,0.00012990116,0.0069131237,0.0013668463,0.917905,0.07362071,1.4378007e-06
1533,inesco,mbaz,mbaz_h146.wav,Happy,71,Happy,Fear,Happy,False,True,True,0.0010226596,4.2532334e-05,0.94863796,0.017736893,6.278023e-05,0.0003365788,0.032160603
1534,inesco,mbaz,mbaz_h147.wav,Happy,148,Happy,Surprise,Happy,False,True,True,0.052106448,0.003953827,0.0076707527,0.24511494,0.094150506,0.013306571,0.583697
1535,inesco,mbaz,mbaz_h148.wav,Happy,125,Happy,Neutral,Happy,False,True,True,0.01191499,0.00079887296,0.03986864,0.14461918,0.6685489,0.12564671,0.008602679
1536,inesco,mbaz,mbaz_h149.wav,Happy,289,Happy,Angry,Angry,False,False,False,0.5103804,0.002202004,0.0022560079,0.16344571,0.010179762,0.018044768,0.29349142
1537,inesco,mbaz,mbaz_h150.wav,Happy,196,Happy,Happy,Happy,True,True,False,3.2641405e-05,8.857356e-07,0.0003972809,0.99782735,0.0003611004,0.00020474457,0.0011759128
1538,inesco,mbaz,mbaz_h151.wav,Happy,298,Happy,Happy,Happy,True,True,False,0.13484126,0.2384816,0.01803263,0.34086567,0.018009394,0.122453794,0.12731567
1539,inesco,mbaz,mbaz_h152.wav,Happy,401,Happy,Surprise,Happy,False,True,True,0.011416435,0.0007709813,0.0021538562,0.21794261,0.0015482061,0.001025803,0.7651421
1540,inesco,mbaz,mbaz_h153.wav,Happy,356,Happy,Happy,Happy,True,True,False,0.26842773,0.03117697,0.0013013979,0.55232745,0.015701788,0.023258511,0.10780617
1541,inesco,mbaz,mbaz_h154.wav,Happy,305,Happy,Surprise,Happy,False,True,True,0.0011106699,0.00018128863,0.0007655263,0.016401626,1.0863918e-06,4.6777877e-05,0.98149306
1542,inesco,mbaz,mbaz_h155.wav,Happy,189,Happy,Angry,Angry,False,False,False,0.5541697,0.026435964,0.0021877228,0.0023870084,6.0154438e-05,0.0006437481,0.41411564
1543,inesco,mbaz,mbaz_h156.wav,Happy,279,Happy,Surprise,Sad,False,False,True,0.00066743576,1.871362e-05,0.13224642,0.0005584468,7.363397e-07,0.049386483,0.81712174
1544,inesco,mbaz,mbaz_h157.wav,Happy,378,Happy,Angry,Angry,False,False,False,0.7898851,0.02859535,0.006615531,0.1057667,0.0036876798,0.02915593,0.036293693
1545,inesco,mbaz,mbaz_h158.wav,Happy,301,Happy,Happy,Happy,True,True,False,0.108258575,0.0053752586,0.05706395,0.6948152,0.0091855135,0.04852568,0.07677579
1546,inesco,mbaz,mbaz_h159.wav,Happy,273,Happy,Happy,Happy,True,True,False,0.039092887,2.4627067e-05,0.00051218737,0.94164145,0.00014460775,3.132693e-05,0.018552909
1547,inesco,mbaz,mbaz_h160.wav,Happy,285,Happy,Angry,Angry,False,False,False,0.2643212,0.22094059,0.0011875378,0.18172465,0.021012008,0.108704895,0.20210913
1548,inesco,mbaz,mbaz_h161.wav,Happy,177,Happy,Sad,Sad,False,False,False,0.0017439065,0.0016616851,0.053662285,0.009612236,0.26182994,0.67135555,0.0001343944
1549,inesco,mbaz,mbaz_h162.wav,Happy,205,Happy,Neutral,Happy,False,True,True,0.0076861386,8.168102e-06,0.01667665,0.35035297,0.58813936,0.036279976,0.00085675146
1550,inesco,mbaz,mbaz_h163.wav,Happy,282,Happy,Angry,Angry,False,False,False,0.49450904,0.036917396,0.003976812,0.19903111,0.010858556,0.24405205,0.010654963
1551,inesco,mbaz,mbaz_h164.wav,Happy,97,Happy,Fear,Sad,False,False,True,0.006132666,0.0011187145,0.79905224,0.006138991,0.014505592,0.15751643,0.015535466
1552,inesco,mbaz,mbaz_h165.wav,Happy,196,Happy,Sad,Sad,False,False,False,2.5583173e-05,0.0006570121,0.01804253,0.10388404,0.1309373,0.737928,0.008525566
1553,inesco,mbaz,mbaz_h166.wav,Happy,84,Happy,Fear,Happy,False,True,True,0.00733418,0.00048195422,0.6047901,0.06112149,0.015551292,0.0060132383,0.30470777
1554,inesco,mbaz,mbaz_h167.wav,Happy,125,Happy,Surprise,Happy,False,True,True,0.0011387521,1.0213428e-06,0.003923086,0.17742555,0.00034847457,0.00051647157,0.81664664
1555,inesco,mbaz,mbaz_h168.wav,Happy,199,Happy,Happy,Happy,True,True,False,0.006638164,3.1556814e-05,0.0046794377,0.6594315,0.24328955,0.084477134,0.0014526604
1556,inesco,mbaz,mbaz_h169.wav,Happy,196,Happy,Happy,Happy,True,True,False,6.0293455e-06,2.4783221e-05,0.11529896,0.58954227,0.0006249858,0.0046623573,0.28984067
1557,inesco,mbaz,mbaz_h170.wav,Happy,125,Happy,Surprise,Angry,False,False,True,0.051002044,8.1160484e-05,0.089279756,0.007594395,9.65944e-05,0.003375517,0.84857047
1558,inesco,mbaz,mbaz_h171.wav,Happy,173,Happy,Surprise,Happy,False,True,True,9.444734e-05,8.958901e-07,0.016156241,0.25499144,1.3606974e-05,0.00088349706,0.7278599
1559,inesco,mbaz,mbaz_h172.wav,Happy,273,Happy,Sad,Sad,False,False,False,0.060642432,0.0009791538,0.003038083,0.38171124,0.028869348,0.5245781,0.00018167519
1560,inesco,mbaz,mbaz_h173.wav,Happy,173,Happy,Surprise,Happy,False,True,True,0.23434296,0.00010033567,0.06833325,0.29199353,0.011014614,0.03309436,0.36112097
1561,inesco,mbaz,mbaz_h174.wav,Happy,81,Happy,Surprise,Happy,False,True,True,0.0092448145,6.464775e-05,0.023477277,0.041031905,4.424544e-05,0.00041332914,0.9257238
1562,inesco,mbaz,mbaz_h175.wav,Happy,183,Happy,Neutral,Sad,False,False,True,4.9733528e-05,0.0005052811,0.0037939223,0.050940905,0.4947472,0.4498628,0.000100130754
1563,inesco,mbaz,mbaz_h176.wav,Happy,164,Happy,Neutral,Sad,False,False,True,3.4831974e-05,7.5286766e-06,0.0010708758,0.00022668116,0.98074317,0.017916214,6.6462417e-07
1564,inesco,mbaz,mbaz_h177.wav,Happy,250,Happy,Happy,Happy,True,True,False,8.439511e-06,3.4071356e-05,0.016221866,0.6357348,7.1908784e-07,0.0044946107,0.34350553
1565,inesco,mbaz,mbaz_h178.wav,Happy,343,Happy,Happy,Happy,True,True,False,0.00052758516,0.011305679,0.002504689,0.62386817,3.5003168e-07,0.00093427737,0.36085927
1566,inesco,mbaz,mbaz_h179.wav,Happy,241,Happy,Happy,Happy,True,True,False,0.10716367,0.0009749876,0.02429809,0.7707662,0.019578472,0.07118508,0.0060335337
1567,inesco,mbaz,mbaz_h180.wav,Happy,196,Happy,Surprise,Happy,False,True,True,0.004153387,8.451671e-06,0.1091993,0.1531836,6.790908e-06,0.00051344966,0.7329351
1568,inesco,mbaz,mbaz_h181.wav,Happy,132,Happy,Fear,Happy,False,True,True,0.10734119,0.00012196902,0.347553,0.1362122,0.33014378,0.052301712,0.026326096
1569,inesco,mbaz,mbaz_h182.wav,Happy,193,Happy,Happy,Happy,True,True,False,0.0015474532,1.8385368e-05,0.10748006,0.6557128,0.13346742,0.082653575,0.019120302
1570,inesco,mbaz,mbaz_h183.wav,Happy,161,Happy,Sad,Sad,False,False,False,0.005388357,0.0021658647,0.2962047,0.20409657,0.07650397,0.3009325,0.11470805
1571,inesco,mbaz,mbaz_h184.wav,Happy,138,Happy,Sad,Sad,False,False,False,0.00078034896,0.00047985898,0.35996106,0.09654251,0.008408722,0.43774864,0.09607885
1572,inesco,mbaz,mbaz_h185.wav,Happy,269,Happy,Neutral,Happy,False,True,True,0.11919434,0.116231166,0.006781846,0.16931671,0.51542,0.04486465,0.028191261
1573,inesco,mbaz,mbaz_h186.wav,Happy,378,Happy,Happy,Happy,True,True,False,0.0269372,0.00071649614,0.02379874,0.6903661,0.14480829,0.08918067,0.024192585
1574,inesco,mbaz,mbaz_h187.wav,Happy,401,Happy,Happy,Happy,True,True,False,0.010574759,0.0034952394,0.008113743,0.90197766,0.0010879424,0.0088760555,0.06587455
1575,inesco,mbaz,mbaz_h188.wav,Happy,276,Happy,Happy,Happy,True,True,False,0.014755598,0.0005959231,0.09124924,0.7868043,0.0024945438,0.07155577,0.03254458
1576,inesco,mbaz,mbaz_h189.wav,Happy,314,Happy,Happy,Happy,True,True,False,0.0010797895,7.3350548e-06,0.026744349,0.8658817,0.0016769903,0.0018124058,0.10279736
1577,inesco,mbaz,mbaz_h190.wav,Happy,253,Happy,Surprise,Sad,False,False,True,0.03516175,0.0014576226,0.056542758,0.015424947,3.27249e-05,0.17926905,0.7121112
1578,inesco,mbaz,mbaz_h191.wav,Happy,225,Happy,Surprise,Happy,False,True,True,0.000652396,1.9277828e-05,0.3515125,0.2756226,1.292309e-06,0.00035280237,0.3718391
1579,inesco,mbaz,mbaz_h192.wav,Happy,401,Happy,Surprise,Sad,False,False,True,0.0033295134,0.0080774,0.032573927,0.060403306,0.00012193798,0.3174134,0.57808053
1580,inesco,mbaz,mbaz_h193.wav,Happy,349,Happy,Surprise,Happy,False,True,True,0.0010978088,0.0076189884,0.0007265712,0.44059908,1.625473e-05,0.0045002024,0.5454411
1581,inesco,mbaz,mbaz_h194.wav,Happy,401,Happy,Happy,Happy,True,True,False,0.042711426,0.004641508,0.001964083,0.8780987,0.0014178782,0.019368209,0.05179812
1582,inesco,mbaz,mbaz_h195.wav,Happy,321,Happy,Happy,Happy,True,True,False,0.06374474,0.0013210139,0.09197712,0.40759656,0.035487823,0.35696778,0.042904943
1583,inesco,mbaz,mbaz_h196.wav,Happy,401,Happy,Happy,Happy,True,True,False,3.0319708e-05,1.4780472e-06,0.015240796,0.9477626,0.01929738,0.00072964415,0.016937818
1584,inesco,mbaz,mbaz_h197.wav,Happy,193,Happy,Neutral,Sad,False,False,True,0.0010574934,4.829797e-06,0.00221484,0.051349733,0.8282747,0.117072605,2.573261e-05
1585,inesco,mbaz,mbaz_h198.wav,Happy,263,Happy,Sad,Sad,False,False,False,0.005180465,0.07570278,0.01901334,0.0019096088,8.233355e-05,0.8550034,0.04310798
1586,inesco,mbaz,mbaz_h199.wav,Happy,167,Happy,Surprise,Happy,False,True,True,0.055816736,9.838917e-06,0.041091435,0.32207012,0.0056616194,0.015194709,0.5601555
1587,inesco,mbaz,mbaz_h200.wav,Happy,71,Happy,Surprise,Sad,False,False,True,0.0019067657,0.002929542,0.4418606,0.028990963,0.0002145355,0.0328085,0.4912891
1588,inesco,mbaz,mbaz_h201.wav,Happy,250,Happy,Sad,Sad,False,False,False,0.008214469,0.0001627415,0.24118946,0.105298236,0.0007298978,0.6423181,0.002087144
1589,inesco,mbaz,mbaz_h202.wav,Happy,250,Happy,Sad,Sad,False,False,False,0.000121791076,0.00020418706,0.0022847662,0.06390803,0.02735087,0.9059883,0.00014202704
1590,inesco,mbaz,mbaz_h203.wav,Happy,189,Happy,Neutral,Sad,False,False,True,0.0014678146,8.928134e-06,0.0040635914,0.2815137,0.40414655,0.30879852,8.611199e-07
1591,inesco,mbaz,mbaz_h204.wav,Happy,228,Happy,Angry,Angry,False,False,False,0.39457718,0.0018262609,0.1802846,0.2943121,0.00041584892,0.0023386953,0.1262453
1592,inesco,mbaz,mbaz_h205.wav,Happy,305,Happy,Angry,Angry,False,False,False,0.76466167,0.0024109047,0.003614549,0.09014476,0.0038429936,0.0002688119,0.13505632
1593,inesco,mbaz,mbaz_h206.wav,Happy,369,Happy,Happy,Happy,True,True,False,0.08655059,0.012110305,0.019572105,0.3715281,0.0007020861,0.3113533,0.19818348
1594,inesco,mbaz,mbaz_h207.wav,Happy,401,Happy,Sad,Sad,False,False,False,0.00064867403,8.013379e-05,0.027720653,0.08268419,0.056635186,0.82780707,0.004424113
1595,inesco,mbaz,mbaz_h208.wav,Happy,285,Happy,Happy,Happy,True,True,False,0.05930452,0.0013212268,0.030912273,0.47856736,0.30725858,0.05980228,0.06283381
1596,inesco,mbaz,mbaz_h209.wav,Happy,356,Happy,Angry,Angry,False,False,False,0.5588877,0.0019107715,0.00045703,0.13774909,0.0002559714,0.00018290091,0.30055654
1597,inesco,mbaz,mbaz_h210.wav,Happy,401,Happy,Surprise,Angry,False,False,True,0.021543497,0.005456932,0.00053252553,0.020301022,9.847298e-06,0.0047102207,0.947446
1598,inesco,mbaz,mbaz_h211.wav,Happy,189,Happy,Happy,Happy,True,True,False,0.005221001,2.446238e-05,0.20976673,0.37016544,0.30055705,0.040567596,0.073697716
1599,inesco,mbaz,mbaz_s402.wav,Sad,231,Sad,Neutral,Sad,False,True,True,3.9089788e-05,0.00013470944,0.050483655,0.0209854,0.907351,0.020998303,7.737317e-06
1600,inesco,mbaz,mbaz_s403.wav,Sad,311,Sad,Sad,Sad,True,True,False,1.1167425e-05,0.00082939805,0.00011682191,4.348376e-05,3.434499e-05,0.9989489,1.5911137e-05
1601,inesco,mbaz,mbaz_s404.wav,Sad,260,Sad,Fear,Sad,False,True,True,0.0010446927,0.0010186227,0.75762975,0.09900062,0.00014520757,0.13686894,0.0042921705
1602,inesco,mbaz,mbaz_s405.wav,Sad,401,Sad,Sad,Sad,True,True,False,0.051406387,0.013685986,0.0009767953,0.0028086882,0.17284325,0.7579797,0.00029915498
1603,inesco,mbaz,mbaz_s406.wav,Sad,276,Sad,Disgust,Angry,False,False,True,0.3124303,0.44529274,0.0030497909,0.0065653785,0.0037866125,0.2214937,0.007381537
1604,inesco,mbaz,mbaz_s407.wav,Sad,180,Sad,Sad,Sad,True,True,False,0.0010751889,3.7855636e-05,0.008051204,0.11975648,0.2258076,0.64514595,0.00012567612
1605,inesco,mbaz,mbaz_s408.wav,Sad,154,Sad,Angry,Angry,False,False,False,0.44789913,0.002675923,0.16430594,0.22453274,0.012786928,0.14423788,0.0035614404
1606,inesco,mbaz,mbaz_s409.wav,Sad,253,Sad,Angry,Angry,False,False,False,0.56592435,0.003027097,0.024456775,0.37614524,0.0020253584,0.018176384,0.01024479
1607,inesco,mbaz,mbaz_s410.wav,Sad,282,Sad,Angry,Angry,False,False,False,0.8501596,0.02732603,0.0010586053,0.014359281,0.00014601977,0.002061093,0.10488937
1608,inesco,mbaz,mbaz_s411.wav,Sad,209,Sad,Happy,Happy,False,False,False,0.12034721,0.0004973959,0.21781974,0.4141801,0.0016259893,0.24332726,0.0022023625
1609,inesco,mbaz,mbaz_s412.wav,Sad,170,Sad,Happy,Happy,False,False,False,0.04431916,0.008721286,0.04267633,0.73958915,0.0018194861,0.03335795,0.1295166
1610,inesco,mbaz,mbaz_s413.wav,Sad,401,Sad,Sad,Sad,True,True,False,0.0029841233,0.3267137,0.015374605,0.21888946,0.0007481206,0.38799497,0.047294963
1611,inesco,mbaz,mbaz_s414.wav,Sad,241,Sad,Angry,Angry,False,False,False,0.7196484,0.046439342,0.027095864,0.18711826,0.00016324563,0.010740625,0.008794155
1612,inesco,mbaz,mbaz_s415.wav,Sad,132,Sad,Happy,Happy,False,False,False,0.15087786,5.2904e-05,0.0021489079,0.44460848,0.35312143,2.7671023e-05,0.049162704
1613,inesco,mbaz,mbaz_s416.wav,Sad,401,Sad,Fear,Happy,False,False,True,0.002606595,0.0042415867,0.7207274,0.027127422,0.22858033,0.016587064,0.0001296551
1614,inesco,mbaz,mbaz_s417.wav,Sad,265,Sad,Happy,Happy,False,False,False,0.042660378,0.011099403,0.29097098,0.5606115,0.010446897,0.04137684,0.042833976
1615,inesco,mbaz,mbaz_s418.wav,Sad,244,Sad,Angry,Angry,False,False,False,0.55261743,0.017772041,0.037036546,0.2206494,0.002556637,0.030208914,0.139159
1616,inesco,mbaz,mbaz_s419.wav,Sad,228,Sad,Sad,Sad,True,True,False,0.07674896,0.1107379,0.012386378,0.12340532,0.28100553,0.38958398,0.0061319857
1617,inesco,mbaz,mbaz_s420.wav,Sad,97,Sad,Happy,Happy,False,False,False,0.07082869,7.3917995e-06,0.0006546498,0.6097636,0.29146004,0.025413172,0.0018724606
1618,inesco,mbaz,mbaz_s421.wav,Sad,321,Sad,Happy,Happy,False,False,False,0.0029878318,0.010418975,0.029418703,0.9286265,0.009274241,0.012842811,0.006431021
1619,inesco,mbaz,mbaz_s422.wav,Sad,340,Sad,Sad,Sad,True,True,False,0.006389791,0.21850799,0.00351411,0.013164097,0.055127982,0.70178396,0.0015121712
1620,inesco,mbaz,mbaz_s423.wav,Sad,253,Sad,Angry,Angry,False,False,False,0.5621133,0.023264311,0.0015436173,0.037365805,0.00012572759,0.35233045,0.023256741
1621,inesco,mbaz,mbaz_s424.wav,Sad,397,Sad,Sad,Sad,True,True,False,0.03310746,0.05116246,0.3970707,0.078063466,0.0021544953,0.42214063,0.016300857
1622,inesco,mbaz,mbaz_s425.wav,Sad,324,Sad,Angry,Angry,False,False,False,0.94999856,0.02220108,6.773553e-05,0.0050240136,8.806761e-07,0.00044553654,0.022262167
1623,inesco,mbaz,mbaz_s426.wav,Sad,321,Sad,Happy,Happy,False,False,False,6.0168095e-06,1.6299671e-05,0.002723333,0.78582036,2.2345805e-05,0.00015820355,0.21125354
1624,inesco,mbaz,mbaz_s427.wav,Sad,186,Sad,Fear,Sad,False,True,True,0.0012958725,0.0023475303,0.7704556,0.036862887,0.0048462045,0.15397991,0.030212
1625,inesco,mbaz,mbaz_s428.wav,Sad,401,Sad,Sad,Sad,True,True,False,0.019243576,0.0072784587,0.025817387,0.08060795,0.007673434,0.85297585,0.0064032697
1626,inesco,mbaz,mbaz_s429.wav,Sad,401,Sad,Sad,Sad,True,True,False,0.081441104,0.00077722466,0.011692208,0.33034915,0.0049954467,0.5199645,0.050780322
1627,inesco,mbaz,mbaz_s430.wav,Sad,401,Sad,Sad,Sad,True,True,False,0.012036789,0.03502481,0.006435583,0.00049593474,0.0012200304,0.94464064,0.00014626079
1628,inesco,mbaz,mbaz_s431.wav,Sad,234,Sad,Fear,Happy,False,False,True,0.041827936,0.0018468746,0.80631757,0.1429335,0.0022697381,0.0017025496,0.0031019321
1629,inesco,mbaz,mbaz_s432.wav,Sad,289,Sad,Angry,Angry,False,False,False,0.57494974,0.18529496,0.006340203,0.015730467,7.9739104e-05,0.2153668,0.0022380014
1630,inesco,mbaz,mbaz_s433.wav,Sad,372,Sad,Sad,Sad,True,True,False,0.06450882,0.00024937233,0.035715785,0.04868439,0.004910873,0.8271398,0.018790968
1631,inesco,mbaz,mbaz_s434.wav,Sad,253,Sad,Sad,Sad,True,True,False,0.23982048,0.01109657,0.006466009,0.1473713,0.04347987,0.38993555,0.16183023
1632,inesco,mbaz,mbaz_s435.wav,Sad,145,Sad,Sad,Sad,True,True,False,0.00052958226,0.00044956984,0.15244596,0.0038305856,0.043124102,0.7994125,0.00020775701
1633,inesco,mbaz,mbaz_s436.wav,Sad,170,Sad,Fear,Sad,False,True,True,2.7494883e-05,3.9426803e-05,0.80096567,0.054264545,0.0023938415,0.13998501,0.0023240133
1634,inesco,mbaz,mbaz_s437.wav,Sad,301,Sad,Sad,Sad,True,True,False,0.025974903,0.0015581077,0.067092516,0.3047987,0.004223715,0.30591953,0.29043257
1635,inesco,mbaz,mbaz_s438.wav,Sad,391,Sad,Fear,Angry,False,False,True,0.109212056,0.0002681946,0.86202174,0.0020873982,0.0064691934,0.010630224,0.009311194
1636,inesco,mbaz,mbaz_s439.wav,Sad,401,Sad,Happy,Happy,False,False,False,0.003929635,0.0027466388,0.2545618,0.61072,0.02163049,0.06497479,0.041436642
1637,inesco,mbaz,mbaz_s440.wav,Sad,311,Sad,Angry,Angry,False,False,False,0.96944237,0.008521981,0.0027651784,0.0017483635,6.640954e-07,0.015417127,0.002104289
1638,inesco,mbaz,mbaz_s441.wav,Sad,311,Sad,Sad,Sad,True,True,False,0.024261883,0.026112668,0.005765839,0.05584463,0.00016660395,0.8399029,0.04794544
1639,inesco,mbaz,mbaz_s442.wav,Sad,257,Sad,Angry,Angry,False,False,False,0.67313033,0.005681658,0.0054979315,0.1735173,0.027620815,0.0049802214,0.109571785
1640,inesco,mbaz,mbaz_s443.wav,Sad,369,Sad,Happy,Happy,False,False,False,0.13603479,0.018740837,0.015251427,0.4434998,0.011652188,0.1840513,0.1907697
1641,inesco,mbaz,mbaz_s444.wav,Sad,401,Sad,Happy,Happy,False,False,False,0.0009393371,6.8863264e-05,0.030473411,0.9529914,0.0004780252,0.012839473,0.002209461
1642,inesco,mbaz,mbaz_s445.wav,Sad,301,Sad,Angry,Angry,False,False,False,0.88742363,0.04884231,0.0023071158,0.016442416,7.7359065e-05,0.0014243226,0.043482795
1643,inesco,mbaz,mbaz_s446.wav,Sad,295,Sad,Sad,Sad,True,True,False,0.0014733614,0.01635249,0.008233943,0.1259755,0.0034114537,0.7944242,0.050129022
1644,inesco,mbaz,mbaz_s447.wav,Sad,401,Sad,Happy,Happy,False,False,False,0.025937958,0.010939835,0.053276215,0.45963833,0.0016679191,0.19569238,0.25284737
1645,inesco,mbaz,mbaz_s448.wav,Sad,260,Sad,Angry,Angry,False,False,False,0.35674873,0.12467101,0.001792978,0.1596606,0.13879009,0.21831314,2.3380113e-05
1646,inesco,mbaz,mbaz_s449.wav,Sad,321,Sad,Happy,Happy,False,False,False,0.07966482,0.00053910894,0.16030003,0.5085703,0.00012354882,0.0032818795,0.24752031
1647,inesco,mbaz,mbaz_s450.wav,Sad,257,Sad,Angry,Angry,False,False,False,0.5845556,0.016450053,0.040303536,0.07259581,0.0025644419,0.27951774,0.004012805
1648,inesco,mbaz,mbaz_s451.wav,Sad,292,Sad,Surprise,Angry,False,False,True,0.27654436,0.0031415957,0.03787246,0.24738841,0.006514907,0.0012471981,0.42729107
1649,inesco,mbaz,mbaz_s452.wav,Sad,349,Sad,Sad,Sad,True,True,False,0.08627681,0.0035426877,0.067576304,0.1495707,0.05134169,0.6407691,0.0009226392
1650,inesco,mbaz,mbaz_s453.wav,Sad,269,Sad,Happy,Happy,False,False,False,0.27331,0.01164037,0.0019745696,0.53218347,0.00011941021,0.0067421403,0.17403011
1651,inesco,mbaz,mbaz_s454.wav,Sad,401,Sad,Sad,Sad,True,True,False,0.00042499293,0.00012813961,0.00042020847,0.05909966,0.005385998,0.9343477,0.00019323056
1652,inesco,mbaz,mbaz_s455.wav,Sad,356,Sad,Angry,Angry,False,False,False,0.7526461,0.0053546946,0.024941955,0.020148015,0.009550046,0.18387125,0.0034878603
1653,inesco,mbaz,mbaz_s456.wav,Sad,401,Sad,Neutral,Sad,False,True,True,0.0002642042,0.011642554,0.0003003506,0.079495676,0.75703937,0.15118268,7.5204465e-05
1654,inesco,mbaz,mbaz_s457.wav,Sad,401,Sad,Happy,Happy,False,False,False,0.004057634,0.0014014598,0.004049935,0.5291633,0.22410773,0.23677413,0.00044580438
1655,inesco,mbaz,mbaz_s458.wav,Sad,257,Sad,Angry,Angry,False,False,False,0.7876219,0.053451743,0.013996545,0.008828045,0.12016101,0.015438082,0.00050253834
1656,inesco,mbaz,mbaz_s459.wav,Sad,385,Sad,Sad,Sad,True,True,False,0.0026564847,0.015964428,8.671493e-05,0.0010188719,0.00041005574,0.9798018,6.1703686e-05
1657,inesco,mbaz,mbaz_s460.wav,Sad,247,Sad,Disgust,Angry,False,False,True,0.16989097,0.75189793,0.008019403,0.019778732,0.0008487684,0.02946882,0.020095324
1658,inesco,mbaz,mbaz_s461.wav,Sad,314,Sad,Happy,Happy,False,False,False,0.18114209,0.0060524996,0.002396941,0.47896433,0.00141181,0.32864606,0.0013862973
1659,inesco,mbaz,mbaz_s462.wav,Sad,372,Sad,Sad,Sad,True,True,False,0.004780521,0.026301784,0.0023632492,0.089877024,0.004675088,0.8708667,0.00113558
1660,inesco,mbaz,mbaz_s463.wav,Sad,324,Sad,Fear,Happy,False,False,True,0.038923517,0.00016620249,0.69983584,0.2285756,0.00050956133,0.0031120116,0.028877314
1661,inesco,mbaz,mbaz_s464.wav,Sad,353,Sad,Surprise,Happy,False,False,True,0.002469374,0.00036456352,0.034497306,0.13852458,4.380809e-06,0.000236388,0.8239034
1662,inesco,mbaz,mbaz_s465.wav,Sad,353,Sad,Sad,Sad,True,True,False,0.1149766,0.0120976865,0.0017357443,0.01709238,0.04008555,0.813574,0.0004380132
1663,inesco,mbaz,mbaz_s466.wav,Sad,285,Sad,Sad,Sad,True,True,False,0.02595382,0.004515224,0.005228571,0.07296809,0.0011439833,0.8863461,0.003844254
1664,inesco,mbaz,mbaz_s467.wav,Sad,122,Sad,Happy,Happy,False,False,False,0.25549227,0.00087680464,0.13420297,0.5453711,0.020287741,0.004655591,0.03911356
1665,inesco,mbaz,mbaz_s468.wav,Sad,183,Sad,Happy,Happy,False,False,False,0.00022243695,1.3480499e-06,0.030059956,0.896259,0.070981175,0.0015724322,0.0009035882
1666,inesco,mbaz,mbaz_s469.wav,Sad,135,Sad,Fear,Happy,False,False,True,0.090707846,2.0803114e-05,0.5538004,0.32374868,7.820487e-05,0.00028557226,0.031358544
1667,inesco,mbaz,mbaz_s470.wav,Sad,164,Sad,Happy,Happy,False,False,False,0.00092286785,6.853966e-06,0.004089318,0.96496594,0.008867451,0.002622555,0.018525047
1668,inesco,mbaz,mbaz_s471.wav,Sad,109,Sad,Fear,Sad,False,True,True,0.012380729,0.0068004522,0.7515859,0.0071624825,0.1840681,0.035155978,0.0028464163
1669,inesco,mbaz,mbaz_s472.wav,Sad,269,Sad,Happy,Happy,False,False,False,0.002939974,0.0016689308,0.007205798,0.9389304,0.003268367,0.04243922,0.0035472643
1670,inesco,mbaz,mbaz_s473.wav,Sad,250,Sad,Disgust,Happy,False,False,True,0.1903935,0.312314,0.0349876,0.24934915,0.03522393,0.17761026,0.00012151733
1671,inesco,mbaz,mbaz_s474.wav,Sad,401,Sad,Surprise,Happy,False,False,True,0.008662504,0.0030294845,0.008264906,0.009007318,3.67797e-07,0.0002662977,0.9707691
1672,inesco,mbaz,mbaz_s475.wav,Sad,349,Sad,Angry,Angry,False,False,False,0.90758926,0.000688899,0.0030189638,0.01964839,0.0011591433,0.06685793,0.0010374363
1673,inesco,mbaz,mbaz_s476.wav,Sad,301,Sad,Angry,Angry,False,False,False,0.80111367,0.003964749,0.026580092,0.019973677,0.010465924,0.0027062776,0.13519557
1674,inesco,mbaz,mbaz_s477.wav,Sad,401,Sad,Angry,Angry,False,False,False,0.58159345,0.003192489,0.22572526,0.10484565,0.016666045,0.0130806435,0.054896384
1675,inesco,mbaz,mbaz_s478.wav,Sad,205,Sad,Neutral,Angry,False,False,True,0.24035159,0.07221038,0.00041757798,0.05035383,0.4133973,0.2217778,0.0014915082
1676,inesco,mbaz,mbaz_s479.wav,Sad,369,Sad,Surprise,Happy,False,False,True,0.00014646217,0.0005647541,0.02145596,0.33280295,4.8130045e-05,0.035067253,0.6099145
1677,inesco,mbaz,mbaz_s480.wav,Sad,311,Sad,Angry,Angry,False,False,False,0.81515807,0.09837283,0.01491896,0.021011155,0.00033763907,0.023386307,0.026814993
1678,inesco,mbaz,mbaz_s481.wav,Sad,337,Sad,Surprise,Angry,False,False,True,0.28361356,0.0063405964,0.0844852,0.034529492,0.013314044,0.0030325663,0.5746845
1679,inesco,mbaz,mbaz_s482.wav,Sad,173,Sad,Happy,Happy,False,False,False,1.8578214e-05,2.653751e-08,0.01867013,0.9682496,0.0051639485,4.264241e-06,0.0078934105
1680,inesco,mbaz,mbaz_s483.wav,Sad,401,Sad,Surprise,Angry,False,False,True,0.16481002,3.0418067e-05,0.0062042736,0.13709939,5.54151e-05,0.0032812702,0.6885192
1681,inesco,mbaz,mbaz_s484.wav,Sad,228,Sad,Happy,Happy,False,False,False,0.025775686,0.0007514912,0.020079888,0.93049574,0.0072828173,0.014614934,0.0009995074
1682,inesco,mbaz,mbaz_s485.wav,Sad,113,Sad,Surprise,Angry,False,False,True,0.28530112,9.713052e-05,0.07931227,0.13530783,0.03362503,0.00063780724,0.46571884
1683,inesco,mbaz,mbaz_s486.wav,Sad,401,Sad,Sad,Sad,True,True,False,0.0012602764,0.0024837777,0.023424637,0.14679778,0.3293094,0.49549773,0.0012263609
1684,inesco,mbaz,mbaz_s487.wav,Sad,257,Sad,Sad,Sad,True,True,False,0.0062692654,0.04614717,0.062410466,0.11119013,0.0023232105,0.754553,0.017106757
1685,inesco,mbaz,mbaz_s488.wav,Sad,161,Sad,Happy,Happy,False,False,False,0.00069737714,0.00067663117,0.3882915,0.59512526,0.0071715396,0.0014888357,0.0065489
1686,inesco,mbaz,mbaz_s489.wav,Sad,401,Sad,Happy,Happy,False,False,False,0.024915123,0.0049797227,0.0035726742,0.86109215,0.053417396,0.045767926,0.0062551424
1687,inesco,mbaz,mbaz_s490.wav,Sad,340,Sad,Happy,Happy,False,False,False,0.13645193,0.0001233153,0.0009931799,0.7694139,0.049346704,0.041097753,0.0025731921
1688,inesco,mbaz,mbaz_s491.wav,Sad,401,Sad,Disgust,Sad,False,True,True,0.112613805,0.4392657,0.0008723415,0.12101957,0.001688954,0.21188076,0.11265895
1689,inesco,mbaz,mbaz_s492.wav,Sad,317,Sad,Happy,Happy,False,False,False,0.35272315,0.002226035,0.030036593,0.41900423,2.6686077e-05,0.013224854,0.18275845
1690,inesco,mbaz,mbaz_s493.wav,Sad,401,Sad,Happy,Happy,False,False,False,0.00071344693,0.00015021926,0.0635448,0.54425955,6.5435856e-06,0.003415499,0.38790992
1691,inesco,mbaz,mbaz_s494.wav,Sad,177,Sad,Neutral,Happy,False,False,True,0.00073040964,0.00036814762,0.00020328465,0.099567324,0.88759387,0.0115155745,2.1324608e-05
1692,inesco,mbaz,mbaz_s495.wav,Sad,401,Sad,Happy,Happy,False,False,False,0.003969101,9.262143e-05,0.17629649,0.5880553,0.0009649018,0.025891287,0.20473027
1693,inesco,mbaz,mbaz_s496.wav,Sad,250,Sad,Sad,Sad,True,True,False,0.0019289639,0.0003069432,0.0035488554,0.096298195,0.067443624,0.830426,4.7440495e-05
1694,inesco,mbaz,mbaz_s497.wav,Sad,247,Sad,Sad,Sad,True,True,False,0.0015143313,0.00038156266,0.00029803085,0.20940062,0.002236046,0.7861693,1.3062807e-07
1695,inesco,mbaz,mbaz_s498.wav,Sad,212,Sad,Fear,Angry,False,False,True,0.26088518,0.018859928,0.28156304,0.21086355,0.00034894008,0.027900854,0.19957851
1696,inesco,mbaz,mbaz_s499.wav,Sad,401,Sad,Sad,Sad,True,True,False,0.0014801952,0.00071441644,0.013128249,0.13483846,0.051329814,0.7861831,0.012325729
1697,inesco,mbaz,mbaz_s500.wav,Sad,241,Sad,Happy,Happy,False,False,False,0.45605764,0.0018197981,0.00016627267,0.50703436,0.0066366,0.028132843,0.00015249252
1698,inesco,mbaz,mbaz_s501.wav,Sad,282,Sad,Fear,Sad,False,True,True,0.14248604,0.15054394,0.41751742,0.033765543,0.024645437,0.18411198,0.046929628
1699,inesco,mbaz,mbaz_s502.wav,Sad,234,Sad,Happy,Happy,False,False,False,0.02128341,0.00064844656,0.003520132,0.73141396,0.05159911,0.17398337,0.017551592
1700,inesco,mbaz,mbaz_s503.wav,Sad,324,Sad,Angry,Angry,False,False,False,0.68961245,0.0013234132,0.045871153,0.17398608,0.04019572,0.044906825,0.004104369
1701,inesco,mbaz,mbaz_s504.wav,Sad,141,Sad,Happy,Happy,False,False,False,0.07168748,1.6101358e-05,0.14565805,0.66547614,0.11328969,0.0034166998,0.0004558863
1702,inesco,mbaz,mbaz_s505.wav,Sad,273,Sad,Angry,Angry,False,False,False,0.33654454,0.026753379,0.0036456021,0.27438667,0.029052082,0.32784566,0.0017720676
1703,inesco,mbaz,mbaz_s506.wav,Sad,234,Sad,Angry,Angry,False,False,False,0.5052884,0.0006491832,0.03394669,0.44115964,0.00017513032,0.010265894,0.008515096
1704,inesco,mbaz,mbaz_s507.wav,Sad,180,Sad,Happy,Happy,False,False,False,0.042955622,1.6429457e-06,0.00082265394,0.95576173,0.00038539752,3.066473e-05,4.2282514e-05
1705,inesco,mbaz,mbaz_s508.wav,Sad,266,Sad,Happy,Happy,False,False,False,0.0013733413,0.051254652,0.053216454,0.61978817,0.028551897,0.22612655,0.019688925
1706,inesco,mbaz,mbaz_s509.wav,Sad,234,Sad,Angry,Angry,False,False,False,0.4234491,0.0019572459,0.015697654,0.4107196,0.13299708,0.014917381,0.00026201873
1707,inesco,mbaz,mbaz_s510.wav,Sad,401,Sad,Happy,Happy,False,False,False,0.00026989603,2.3564524e-05,0.008519494,0.80659527,0.00086371746,0.017758055,0.16597
1708,inesco,mbaz,mbaz_s511.wav,Sad,401,Sad,Sad,Sad,True,True,False,2.453712e-06,5.2736236e-06,0.010964011,0.07371745,0.020088935,0.8951445,7.735933e-05
1709,inesco,mbaz,mbaz_s512.wav,Sad,397,Sad,Angry,Angry,False,False,False,0.9402456,0.004827702,0.022110812,0.0055957483,0.0033074035,0.017840052,0.0060727517
1710,inesco,mbaz,mbaz_s513.wav,Sad,282,Sad,Angry,Angry,False,False,False,0.81992745,0.00015662689,0.015226942,0.06402011,0.08987135,0.007834045,0.0029635516
1711,inesco,mbaz,mbaz_s514.wav,Sad,401,Sad,Sad,Sad,True,True,False,0.008977267,0.00048032738,0.023713011,0.34000248,0.063975826,0.5568355,0.0060156467
1712,inesco,mbaz,mbaz_s515.wav,Sad,193,Sad,Happy,Happy,False,False,False,0.026242174,8.517241e-06,0.43962786,0.53131485,0.00017328913,0.0016245863,0.0010087738
1713,inesco,mbaz,mbaz_s516.wav,Sad,170,Sad,Fear,Happy,False,False,True,0.00041301994,0.00022383023,0.68929946,0.25403136,0.003442143,0.052319158,0.00027112325
1714,inesco,mbaz,mbaz_s517.wav,Sad,247,Sad,Happy,Happy,False,False,False,0.13543348,0.008918848,0.0018194639,0.57682383,0.00035890087,0.0045222864,0.2721232
1715,inesco,mbaz,mbaz_s518.wav,Sad,388,Sad,Sad,Sad,True,True,False,0.008243897,0.065343276,0.035604108,0.0014394417,0.004735833,0.8806771,0.003956291
1716,inesco,mbaz,mbaz_s519.wav,Sad,289,Sad,Fear,Happy,False,False,True,0.0016018957,3.8281127e-05,0.68486166,0.24066792,0.0041542444,0.0614392,0.0072368407
1717,inesco,mbaz,mbaz_s520.wav,Sad,167,Sad,Fear,Happy,False,False,True,0.010063317,9.367531e-06,0.812036,0.1486361,0.026738232,0.002062476,0.0004545176
1718,inesco,mbaz,mbaz_s521.wav,Sad,116,Sad,Fear,Angry,False,False,True,0.18081175,0.00038245457,0.73534715,0.03261249,0.0068372604,0.00027256992,0.04373638
1719,inesco,mbaz,mbaz_s522.wav,Sad,125,Sad,Fear,Happy,False,False,True,0.027240394,0.00065167504,0.4935553,0.32893234,0.009616821,0.006979002,0.13302447
1720,inesco,mbaz,mbaz_s523.wav,Sad,113,Sad,Angry,Angry,False,False,False,0.92717475,0.008740605,0.01650238,0.0017861085,0.01784211,0.0012437372,0.02671027
1721,inesco,mbaz,mbaz_s524.wav,Sad,276,Sad,Angry,Angry,False,False,False,0.898605,0.02140645,0.013772749,0.012109073,0.00071518583,0.036463007,0.016928561
1722,inesco,mbaz,mbaz_s525.wav,Sad,330,Sad,Sad,Sad,True,True,False,0.14628337,0.040324543,0.24485897,0.15777369,0.07466457,0.2927043,0.04339051
1723,inesco,mbaz,mbaz_s526.wav,Sad,337,Sad,Fear,Happy,False,False,True,0.019035522,0.00030166176,0.5124989,0.2541783,0.17880742,0.0032515295,0.031926677
1724,inesco,mbaz,mbaz_s527.wav,Sad,349,Sad,Surprise,Angry,False,False,True,0.05680838,0.026265085,0.2808293,0.051209584,0.0009617027,0.013799694,0.57012624
1725,inesco,mbaz,mbaz_s528.wav,Sad,330,Sad,Neutral,Happy,False,False,True,0.14364195,0.0019448351,0.03074693,0.22283353,0.39497015,0.20003444,0.0058281245
1726,inesco,mbaz,mbaz_s529.wav,Sad,228,Sad,Fear,Happy,False,False,True,0.073296234,0.0011698822,0.48370513,0.113673456,0.23298237,0.0814971,0.013675909
1727,inesco,mbaz,mbaz_s530.wav,Sad,282,Sad,Angry,Angry,False,False,False,0.58893317,0.0035072356,0.072069906,0.31308222,0.00066045095,0.006952766,0.014794324
1728,inesco,mbaz,mbaz_s531.wav,Sad,145,Sad,Fear,Angry,False,False,True,0.050825432,0.078929976,0.5823189,0.043429676,0.22040352,0.020873468,0.0032190501
1729,inesco,mbaz,mbaz_s532.wav,Sad,276,Sad,Angry,Angry,False,False,False,0.93921864,0.0030847995,0.00014774474,0.03975223,0.0036277159,0.012302368,0.0018663893
1730,inesco,mbaz,mbaz_s533.wav,Sad,362,Sad,Neutral,Happy,False,False,True,0.010237335,0.011132237,0.22029443,0.050237954,0.6470649,0.013301632,0.04773144
1731,inesco,mbaz,mbaz_s534.wav,Sad,397,Sad,Happy,Happy,False,False,False,0.09602871,0.0038571488,0.15049736,0.5593887,0.002720451,0.087301984,0.10020568
1732,inesco,mbaz,mbaz_s535.wav,Sad,167,Sad,Fear,Sad,False,True,True,5.6035227e-05,1.0019694e-05,0.92025244,0.011250977,0.0025913059,0.0657402,9.902985e-05
1733,inesco,mbaz,mbaz_s536.wav,Sad,321,Sad,Angry,Angry,False,False,False,0.9542468,0.0023621358,2.2007469e-05,0.007902851,4.8911643e-05,2.5006484e-05,0.035392284
1734,inesco,mbaz,mbaz_s537.wav,Sad,401,Sad,Fear,Happy,False,False,True,0.0024606641,0.0003385587,0.5003032,0.22687319,0.001271129,0.042348165,0.22640504
1735,inesco,mbaz,mbaz_s538.wav,Sad,279,Sad,Happy,Happy,False,False,False,0.021463418,0.0043386286,0.011277189,0.4558724,0.11495535,0.38244197,0.009650974
1736,inesco,mbaz,mbaz_s539.wav,Sad,180,Sad,Happy,Happy,False,False,False,0.009493218,2.2369726e-05,0.00036555488,0.8558918,0.1319913,0.0021594216,7.6277785e-05
1737,inesco,mbaz,mbaz_s540.wav,Sad,372,Sad,Angry,Angry,False,False,False,0.38211408,0.024720863,0.03705019,0.093993925,0.011877412,0.37109065,0.07915284
1738,inesco,mbaz,mbaz_s541.wav,Sad,401,Sad,Angry,Angry,False,False,False,0.3710675,0.0380478,0.16857016,0.20019485,0.0013972505,0.04772778,0.17299458
1739,inesco,mbaz,mbaz_s542.wav,Sad,401,Sad,Angry,Angry,False,False,False,0.5792684,0.01717026,0.014244631,0.014915699,0.00020339341,0.00080768135,0.3733899
1740,inesco,mbaz,mbaz_s543.wav,Sad,401,Sad,Disgust,Sad,False,True,True,0.030820778,0.6674083,0.11102077,0.032481417,0.008685875,0.080354266,0.069228604
1741,inesco,mbaz,mbaz_s544.wav,Sad,129,Sad,Happy,Happy,False,False,False,0.07851311,0.00028965974,0.22603178,0.5190528,0.054158017,0.0051594116,0.11679523
1742,inesco,mbaz,mbaz_s545.wav,Sad,305,Sad,Angry,Angry,False,False,False,0.98714733,0.0029418725,0.0008149781,0.0011632901,0.000292915,0.00021794223,0.007421585
1743,inesco,mbaz,mbaz_s546.wav,Sad,391,Sad,Fear,Sad,False,True,True,0.04479799,0.00011469235,0.7988352,0.014663133,0.00019190894,0.13550535,0.0058917585
1744,inesco,mbaz,mbaz_s547.wav,Sad,369,Sad,Fear,Angry,False,False,True,0.052280467,0.004826713,0.86745507,0.04681767,0.0040283813,0.0007981937,0.023793526
1745,inesco,mbaz,mbaz_s548.wav,Sad,295,Sad,Angry,Angry,False,False,False,0.6104771,0.023843441,0.0010223348,0.23761702,0.0061884737,0.11260677,0.00824488
1746,inesco,mbaz,mbaz_s549.wav,Sad,333,Sad,Surprise,Happy,False,False,True,0.002535434,0.0006615453,0.0069878143,0.13814281,0.00039845868,0.01975716,0.83151686
1747,inesco,mbaz,mbaz_s550.wav,Sad,266,Sad,Angry,Angry,False,False,False,0.88915324,0.047929585,0.00042302918,0.011074934,0.034922488,0.015509399,0.0009873414
1748,inesco,mbaz,mbaz_s551.wav,Sad,292,Sad,Sad,Sad,True,True,False,0.31321898,0.036912896,0.014958386,0.1139769,0.18121916,0.3272234,0.012490256
1749,inesco,mbaz,mbaz_s552.wav,Sad,97,Sad,Angry,Angry,False,False,False,0.9375885,4.624274e-05,0.042763896,0.0065692607,0.01270725,1.1356982e-05,0.00031341382
1750,inesco,mbaz,mbaz_s553.wav,Sad,74,Sad,Fear,Angry,False,False,True,0.44613585,0.0015761981,0.5260603,0.0067594936,0.0028917065,0.014331959,0.0022445042
1751,inesco,mbaz,mbaz_s554.wav,Sad,135,Sad,Neutral,Angry,False,False,True,0.004113946,5.998019e-05,0.120321006,0.0007446989,0.8720993,0.0023417352,0.00031926692
1752,inesco,mbaz,mbaz_s555.wav,Sad,196,Sad,Happy,Happy,False,False,False,0.022210157,1.5574336e-05,0.058624163,0.91205037,0.0025804287,0.0029046317,0.0016146456
1753,inesco,mbaz,mbaz_s556.wav,Sad,180,Sad,Fear,Happy,False,False,True,0.00029768737,2.6229036e-06,0.88176167,0.08388909,0.03188815,0.0021405423,2.0233128e-05
1754,inesco,mbaz,mbaz_s557.wav,Sad,87,Sad,Happy,Happy,False,False,False,0.31598467,7.6004115e-05,0.03492115,0.45298436,0.09127621,0.055271167,0.049486484
1755,inesco,mbaz,mbaz_s558.wav,Sad,148,Sad,Fear,Angry,False,False,True,0.13172404,0.00012731948,0.6635826,0.035593584,0.063889906,0.10060728,0.004475239
1756,inesco,mbaz,mbaz_s559.wav,Sad,205,Sad,Fear,Happy,False,False,True,0.00021316158,0.00013984159,0.517485,0.19667144,0.0003120817,0.068736374,0.21644211
1757,inesco,mbaz,mbaz_s560.wav,Sad,116,Sad,Neutral,Happy,False,False,True,0.14801222,3.2589344e-06,0.048695683,0.15341808,0.6428807,0.005070553,0.0019195462
1758,inesco,mbaz,mbaz_s561.wav,Sad,276,Sad,Happy,Happy,False,False,False,0.002220307,0.00010741106,0.0018418212,0.7982921,0.1419132,0.05488088,0.00074432103
1759,inesco,mbaz,mbaz_s562.wav,Sad,103,Sad,Happy,Happy,False,False,False,0.42873836,0.00022724851,0.051998857,0.48153797,0.033897582,0.0003835007,0.0032165044
1760,inesco,mbaz,mbaz_s563.wav,Sad,241,Sad,Fear,Sad,False,True,True,0.026345076,0.04912969,0.40852547,0.16719618,0.03274106,0.3155558,0.00050667004
1761,inesco,mbaz,mbaz_s564.wav,Sad,289,Sad,Angry,Angry,False,False,False,0.94829834,0.042816047,4.3820288e-05,0.0016211717,7.3645984e-05,0.00012087487,0.007026123
1762,inesco,mbaz,mbaz_s565.wav,Sad,401,Sad,Happy,Happy,False,False,False,0.00210719,0.00065327866,0.02903506,0.5788342,3.375308e-05,0.038871843,0.3504648
1763,inesco,mbaz,mbaz_s566.wav,Sad,109,Sad,Angry,Angry,False,False,False,0.50427467,0.0112874685,0.12903558,0.09666416,0.205203,0.039711762,0.013823372
1764,inesco,mbaz,mbaz_s567.wav,Sad,154,Sad,Fear,Happy,False,False,True,0.0018747388,0.0002881766,0.778721,0.21209338,0.0010788223,0.0053172796,0.00062653754
1765,inesco,mbaz,mbaz_s568.wav,Sad,148,Sad,Fear,Angry,False,False,True,0.005008056,0.0056010243,0.9766287,0.00029883438,0.0076523745,0.004277765,0.00053321983
1766,inesco,mbaz,mbaz_s569.wav,Sad,401,Sad,Fear,Happy,False,False,True,4.932185e-05,3.538413e-07,0.98658156,0.008682779,3.779642e-06,0.0002467118,0.0044355793
1767,inesco,mbaz,mbaz_s570.wav,Sad,327,Sad,Fear,Happy,False,False,True,0.005679512,0.0001339587,0.6419502,0.17720143,0.008307769,0.014796982,0.15193018
1768,inesco,mbaz,mbaz_s571.wav,Sad,292,Sad,Neutral,Sad,False,True,True,0.14491437,0.004822782,0.0008098355,0.007858937,0.6929662,0.14841507,0.00021276006
1769,inesco,mbaz,mbaz_s572.wav,Sad,193,Sad,Happy,Happy,False,False,False,0.0011991361,0.00012132831,0.028975535,0.91914964,0.00043270478,0.0018709111,0.048250787
1770,inesco,mbaz,mbaz_s573.wav,Sad,148,Sad,Fear,Happy,False,False,True,0.005766414,8.830483e-06,0.94542366,0.019035377,0.021220071,0.008101746,0.00044395518
1771,inesco,mbaz,mbaz_s574.wav,Sad,234,Sad,Sad,Sad,True,True,False,0.014848871,0.020075545,0.26226297,0.043937206,0.014741295,0.5360227,0.10811141
1772,inesco,mbaz,mbaz_s575.wav,Sad,129,Sad,Neutral,Happy,False,False,True,0.0016287408,4.9663363e-06,0.0004152293,0.06079819,0.933383,0.0034567579,0.0003131026
1773,inesco,mbaz,mbaz_s576.wav,Sad,199,Sad,Angry,Angry,False,False,False,0.5554507,3.7073816e-05,0.035631444,0.26616448,0.13905314,0.003656627,6.6228044e-06
1774,inesco,mbaz,mbaz_s577.wav,Sad,401,Sad,Disgust,Happy,False,False,True,0.009876837,0.70820516,0.0024121609,0.19068415,0.023552032,0.057119533,0.008150101
1775,inesco,mbaz,mbaz_s578.wav,Sad,135,Sad,Happy,Happy,False,False,False,0.0016339697,0.00026204746,0.3321203,0.5539467,0.08946248,0.022249432,0.00032506045
1776,inesco,mbaz,mbaz_s579.wav,Sad,164,Sad,Neutral,Sad,False,True,True,8.4215535e-05,8.9660733e-07,6.552874e-05,0.0066560414,0.7650689,0.22812426,6.1527466e-08
1777,inesco,mbaz,mbaz_s580.wav,Sad,401,Sad,Surprise,Sad,False,True,True,0.01374696,0.1081255,0.2032422,0.010411462,0.009262119,0.29907334,0.35613844
1778,inesco,mbaz,mbaz_s581.wav,Sad,205,Sad,Happy,Happy,False,False,False,0.12336747,0.0004497384,0.08192352,0.39667237,0.22860661,0.16758627,0.0013940586
1779,inesco,mbaz,mbaz_s582.wav,Sad,381,Sad,Sad,Sad,True,True,False,0.022730235,0.0012226168,0.04303089,0.09185439,0.26233914,0.57871336,0.0001093771
1780,inesco,mbaz,mbaz_s583.wav,Sad,45,Sad,Fear,Angry,False,False,True,0.094705634,0.0009000095,0.87428474,0.010632979,0.0013731079,0.015479865,0.0026236647
1781,inesco,mbaz,mbaz_s584.wav,Sad,401,Sad,Sad,Sad,True,True,False,0.0065331063,0.00014151279,4.435656e-05,0.0015761469,0.0016595493,0.99003696,8.432175e-06
1782,inesco,mbaz,mbaz_s585.wav,Sad,314,Sad,Fear,Happy,False,False,True,0.0112576885,5.6108067e-05,0.72242546,0.14684466,0.0026632086,0.06559661,0.05115625
1783,inesco,mbaz,mbaz_s586.wav,Sad,314,Sad,Fear,Sad,False,True,True,0.0028198417,0.0002894736,0.8614619,0.041337293,0.00574764,0.08434563,0.0039983373
1784,inesco,mbaz,mbaz_s587.wav,Sad,237,Sad,Fear,Happy,False,False,True,0.009343471,1.81941e-05,0.66066605,0.32377473,0.00011096556,0.0011907314,0.0048958436
1785,inesco,mbaz,mbaz_s588.wav,Sad,401,Sad,Sad,Sad,True,True,False,0.03565417,0.0011502914,0.15517187,0.17802942,0.025884045,0.5927753,0.011334884
1786,inesco,mbaz,mbaz_s589.wav,Sad,317,Sad,Sad,Sad,True,True,False,0.34066805,0.036419794,0.0017918429,0.012422658,0.00041137383,0.59796095,0.010325316
1787,inesco,mbaz,mbaz_s590.wav,Sad,212,Sad,Fear,Happy,False,False,True,0.20861135,5.015745e-05,0.5458927,0.23908962,0.00019600261,0.0011600346,0.005000102
1788,inesco,mbaz,mbaz_s591.wav,Sad,401,Sad,Sad,Sad,True,True,False,0.17730151,0.01916422,0.1942567,0.023386197,0.0037156055,0.46027896,0.121896796
1789,inesco,mbaz,mbaz_s592.wav,Sad,401,Sad,Sad,Sad,True,True,False,0.07369666,0.05292395,0.137817,0.13983232,0.0007906423,0.55273086,0.04220855
1790,inesco,mbaz,mbaz_s593.wav,Sad,289,Sad,Fear,Sad,False,True,True,0.0070766765,0.00022965383,0.9250801,0.009933882,0.000109393244,0.011742834,0.045827422
1791,inesco,mbaz,mbaz_s594.wav,Sad,401,Sad,Neutral,Sad,False,True,True,0.0026024734,0.00047153785,0.02951204,0.037945062,0.6263389,0.30200666,0.0011232359
1792,inesco,mbaz,mbaz_s595.wav,Sad,401,Sad,Angry,Angry,False,False,False,0.70540947,0.004272233,0.007304964,0.14512093,0.00091589266,0.10695903,0.03001742
1793,inesco,mbaz,mbaz_s596.wav,Sad,349,Sad,Fear,Angry,False,False,True,0.21304263,0.0520037,0.4197747,0.029443052,0.0012616976,0.00587334,0.27860087
1794,inesco,mbaz,mbaz_s597.wav,Sad,401,Sad,Surprise,Happy,False,False,True,0.0108153755,1.9594709e-05,0.0150442,0.44208512,2.8662664e-05,0.0028261775,0.5291809
1795,inesco,mbaz,mbaz_s598.wav,Sad,317,Sad,Neutral,Happy,False,False,True,0.032533363,0.0063919625,0.15462707,0.06368398,0.713396,0.009804847,0.019562837
1796,inesco,mbaz,mbaz_s599.wav,Sad,346,Sad,Surprise,Angry,False,False,True,0.2094185,0.030816741,0.063831456,0.18056458,0.0038543453,0.0034261467,0.50808823
1797,inesco,mbaz,mbaz_s600.wav,Sad,401,Sad,Surprise,Sad,False,True,True,0.0002615043,0.00036240794,0.13738693,0.0011723095,5.2208733e-08,0.0035909794,0.85722584
1798,inesco,mdpa,mdpa_a212.wav,Angry,167,Angry,Happy,Happy,False,False,False,0.054220658,0.00049901503,0.0010013524,0.94204783,6.1509326e-07,3.3407566e-06,0.002227117
1799,inesco,mdpa,mdpa_a213.wav,Angry,132,Angry,Angry,Angry,True,True,False,0.7060852,4.735131e-07,4.368431e-05,0.08424399,8.825626e-07,9.906475e-07,0.20962474
1800,inesco,mdpa,mdpa_a214.wav,Angry,244,Angry,Angry,Angry,True,True,False,0.77297235,7.085873e-06,0.00034788015,0.21898547,1.1658755e-05,0.00063623604,0.0070393384
1801,inesco,mdpa,mdpa_a215.wav,Angry,285,Angry,Surprise,Angry,False,True,True,0.13346615,0.00014172844,0.00049594487,0.002442111,1.6519161e-08,4.905899e-05,0.863405
1802,inesco,mdpa,mdpa_a216.wav,Angry,263,Angry,Angry,Angry,True,True,False,0.66538906,0.00033625282,0.087938935,0.12800786,3.213336e-05,0.09163322,0.026662515
1803,inesco,mdpa,mdpa_a217.wav,Angry,100,Angry,Surprise,Happy,False,False,True,0.23065062,3.569417e-06,0.0984383,0.3088834,0.0002119126,0.00014301612,0.36166918
1804,inesco,mdpa,mdpa_a218.wav,Angry,401,Angry,Surprise,Happy,False,False,True,0.022849774,1.4305825e-05,0.0739415,0.23534548,4.9655547e-08,2.11981e-05,0.6678277
1805,inesco,mdpa,mdpa_a219.wav,Angry,401,Angry,Surprise,Happy,False,False,True,0.00011014171,5.266994e-08,0.004974884,0.07510995,2.7040827e-09,4.9119e-07,0.9198044
1806,inesco,mdpa,mdpa_a220.wav,Angry,346,Angry,Fear,Happy,False,False,True,0.00012576027,1.8813195e-06,0.5101611,0.010021433,4.1748127e-08,9.301757e-05,0.47959676
1807,inesco,mdpa,mdpa_a221.wav,Angry,353,Angry,Surprise,Happy,False,False,True,0.009509318,4.137566e-06,0.020676225,0.010581265,7.3412534e-09,3.20896e-06,0.9592258
1808,inesco,mdpa,mdpa_a222.wav,Angry,401,Angry,Happy,Happy,False,False,False,0.035736885,0.019614855,0.010083181,0.56111133,1.9568784e-06,0.016813638,0.3566382
1809,inesco,mdpa,mdpa_a223.wav,Angry,257,Angry,Surprise,Happy,False,False,True,1.4654404e-06,6.664078e-08,0.061084338,0.07932798,2.5022475e-09,8.655895e-06,0.85957754
1810,inesco,mdpa,mdpa_a224.wav,Angry,308,Angry,Angry,Angry,True,True,False,0.448719,0.00028244997,0.033725023,0.1356936,3.812558e-06,1.684623e-05,0.38155928
1811,inesco,mdpa,mdpa_a225.wav,Angry,97,Angry,Surprise,Happy,False,False,True,0.11567512,6.669818e-05,0.120883,0.30200595,0.0037781165,0.040217634,0.41737345
1812,inesco,mdpa,mdpa_a226.wav,Angry,215,Angry,Angry,Angry,True,True,False,0.81649697,5.901065e-06,0.13476631,0.04766522,2.4007995e-06,6.789242e-06,0.0010563978
1813,inesco,mdpa,mdpa_a227.wav,Angry,401,Angry,Happy,Happy,False,False,False,0.117780484,0.007379702,0.10482092,0.4887212,8.383505e-05,7.3996234e-05,0.28113988
1814,inesco,mdpa,mdpa_a228.wav,Angry,132,Angry,Angry,Angry,True,True,False,0.95173246,5.1502616e-07,4.6972084e-05,0.027137285,5.2588057e-06,3.6972979e-06,0.021073742
1815,inesco,mdpa,mdpa_a229.wav,Angry,353,Angry,Surprise,Angry,False,True,True,0.014268217,2.2626064e-07,0.0009888863,0.0022771915,2.174053e-10,3.1608087e-07,0.9824652
1816,inesco,mdpa,mdpa_a230.wav,Angry,260,Angry,Fear,Sad,False,False,True,0.009256637,0.0067591397,0.9450318,0.0018553686,4.7217006e-07,0.024590334,0.012506261
1817,inesco,mdpa,mdpa_a231.wav,Angry,183,Angry,Happy,Happy,False,False,False,0.0831245,1.1217484e-05,0.0014156369,0.8161451,0.043620426,0.055603422,7.970687e-05
1818,inesco,mdpa,mdpa_a232.wav,Angry,186,Angry,Happy,Happy,False,False,False,0.3571036,0.00015957416,0.047630057,0.5907963,0.000348081,0.0017396101,0.0022228404
1819,inesco,mdpa,mdpa_a233.wav,Angry,266,Angry,Happy,Happy,False,False,False,0.016752115,0.2748484,0.00016425703,0.4141221,4.2114723e-07,0.0027215935,0.29139113
1820,inesco,mdpa,mdpa_a234.wav,Angry,81,Angry,Surprise,Angry,False,True,True,0.092992954,2.2831331e-05,0.07501435,0.008004267,2.0967358e-05,0.00016503966,0.82377964
1821,inesco,mdpa,mdpa_a235.wav,Angry,90,Angry,Angry,Angry,True,True,False,0.97418743,2.0949856e-06,0.0058137337,0.0021331492,1.3755717e-06,1.7573608e-06,0.017860468
1822,inesco,mdpa,mdpa_a236.wav,Angry,234,Angry,Angry,Angry,True,True,False,0.9972939,4.2534907e-06,8.65638e-05,0.0017343546,9.056139e-10,1.3314703e-08,0.00088089926
1823,inesco,mdpa,mdpa_a237.wav,Angry,180,Angry,Happy,Happy,False,False,False,0.042366073,3.9522575e-08,0.041829865,0.91533065,4.0156473e-07,4.9302125e-06,0.00046802725
1824,inesco,mdpa,mdpa_a238.wav,Angry,154,Angry,Angry,Angry,True,True,False,0.9986539,1.4133756e-08,0.00085143157,0.00048202297,1.5796484e-06,1.0451004e-07,1.0953552e-05
1825,inesco,mdpa,mdpa_a239.wav,Angry,193,Angry,Happy,Happy,False,False,False,0.25024402,1.8726154e-05,0.030815493,0.7187848,2.2926462e-05,8.6799606e-05,2.7167207e-05
1826,inesco,mdpa,mdpa_a240.wav,Angry,189,Angry,Angry,Angry,True,True,False,0.9984206,3.293091e-07,3.8577405e-06,0.0015611224,5.8287856e-07,5.4306423e-07,1.2971454e-05
1827,inesco,mdpa,mdpa_a241.wav,Angry,138,Angry,Angry,Angry,True,True,False,0.99595046,4.1367274e-09,0.00074771047,7.9385536e-05,1.9038312e-08,7.261273e-10,0.0032224264
1828,inesco,mdpa,mdpa_a242.wav,Angry,375,Angry,Happy,Happy,False,False,False,0.048638906,0.09479165,0.0052272906,0.72124296,1.1197802e-06,0.005416629,0.12468146
1829,inesco,mdpa,mdpa_a243.wav,Angry,215,Angry,Fear,Happy,False,False,True,0.006514169,2.3066941e-05,0.5743528,0.4189097,4.1061385e-09,2.4237415e-06,0.00019782872
1830,inesco,mdpa,mdpa_a244.wav,Angry,189,Angry,Surprise,Angry,False,True,True,0.32172105,8.631724e-05,0.122011185,0.032233242,1.6740876e-07,9.7784505e-05,0.5238502
1831,inesco,mdpa,mdpa_a245.wav,Angry,196,Angry,Angry,Angry,True,True,False,0.9980155,4.3196573e-07,0.001279078,0.00069311657,7.129441e-07,3.0224706e-07,1.0817956e-05
1832,inesco,mdpa,mdpa_a246.wav,Angry,103,Angry,Surprise,Angry,False,True,True,0.009702157,4.852929e-06,0.028063826,0.0034957977,1.5808149e-06,2.0455711e-05,0.9587113
1833,inesco,mdpa,mdpa_a247.wav,Angry,317,Angry,Angry,Angry,True,True,False,0.97359395,0.00057873706,0.00970955,0.005362639,6.042124e-06,0.00019662842,0.01055248
1834,inesco,mdpa,mdpa_a248.wav,Angry,231,Angry,Angry,Angry,True,True,False,0.99873835,8.3125303e-07,5.1465187e-05,0.0011843932,8.5645215e-09,7.170716e-07,2.4237259e-05
1835,inesco,mdpa,mdpa_a249.wav,Angry,253,Angry,Angry,Angry,True,True,False,0.60152864,9.1300455e-05,0.001995992,0.01917399,1.1742668e-06,8.408485e-06,0.37720054
1836,inesco,mdpa,mdpa_a250.wav,Angry,333,Angry,Disgust,Angry,False,True,True,0.027957918,0.6939233,0.17234401,0.011340925,7.360404e-07,0.005443835,0.08898933
1837,inesco,mdpa,mdpa_a251.wav,Angry,337,Angry,Disgust,Happy,False,False,True,0.013426466,0.7439505,0.0045211785,0.02402638,6.45331e-05,0.017269889,0.19674109
1838,inesco,mdpa,mdpa_a252.wav,Angry,356,Angry,Happy,Happy,False,False,False,0.0035230883,0.00029517748,0.2983675,0.43369606,9.799622e-09,2.3872863e-05,0.26409426
1839,inesco,mdpa,mdpa_a253.wav,Angry,218,Angry,Surprise,Happy,False,False,True,0.010377649,0.004547382,0.020729287,0.25636613,2.8448983e-07,1.8019982e-06,0.7079774
1840,inesco,mdpa,mdpa_a254.wav,Angry,228,Angry,Angry,Angry,True,True,False,0.9970066,4.735037e-07,0.00018816176,0.0027701957,4.088663e-09,4.16601e-07,3.4198114e-05
1841,inesco,mdpa,mdpa_a255.wav,Angry,285,Angry,Surprise,Angry,False,True,True,0.40967047,0.0071454505,0.007348217,0.03966815,1.2972926e-06,0.0002736597,0.5358928
1842,inesco,mdpa,mdpa_a256.wav,Angry,362,Angry,Angry,Angry,True,True,False,0.9444675,8.584224e-05,0.0044212462,0.00042481642,8.882265e-10,2.6912441e-05,0.050573733
1843,inesco,mdpa,mdpa_a257.wav,Angry,244,Angry,Angry,Angry,True,True,False,0.711707,0.00019104843,0.012839843,0.23189154,4.9003916e-06,4.1334384e-05,0.04332426
1844,inesco,mdpa,mdpa_a258.wav,Angry,164,Angry,Angry,Angry,True,True,False,0.946382,9.433484e-06,0.017830407,0.03563679,4.2816575e-07,1.5237085e-06,0.00013940594
1845,inesco,mdpa,mdpa_a259.wav,Angry,218,Angry,Angry,Angry,True,True,False,0.99821943,2.1512456e-09,0.0015092987,0.00026831977,8.564073e-09,8.2751846e-08,2.8464024e-06
1846,inesco,mdpa,mdpa_a260.wav,Angry,250,Angry,Surprise,Angry,False,True,True,0.17342782,0.00038621717,0.0072376025,0.062959254,1.5319198e-07,0.00016099804,0.75582796
1847,inesco,mdpa,mdpa_a261.wav,Angry,237,Angry,Angry,Angry,True,True,False,0.9768579,3.5683308e-06,0.020205045,0.0006395308,1.1995833e-09,1.429212e-07,0.0022938687
1848,inesco,mdpa,mdpa_a262.wav,Angry,244,Angry,Angry,Angry,True,True,False,0.99877685,7.539856e-08,4.6355388e-05,0.0011311047,1.03345235e-10,3.4496227e-07,4.5234134e-05
1849,inesco,mdpa,mdpa_a263.wav,Angry,173,Angry,Happy,Happy,False,False,False,0.048144214,1.8056788e-09,0.00033778648,0.95151216,3.0469384e-06,4.6967114e-07,2.3558885e-06
1850,inesco,mdpa,mdpa_a264.wav,Angry,113,Angry,Surprise,Angry,False,True,True,0.36245248,8.395294e-06,0.00092854793,0.0023484814,2.6280718e-06,1.3371312e-06,0.63425815
1851,inesco,mdpa,mdpa_a265.wav,Angry,109,Angry,Angry,Angry,True,True,False,0.9918494,1.6349983e-05,0.00032815462,0.0028230336,1.9791783e-05,1.1871401e-06,0.0049621114
1852,inesco,mdpa,mdpa_a266.wav,Angry,401,Angry,Surprise,Angry,False,True,True,0.023189746,8.451319e-08,1.8277775e-05,0.0003651127,2.5571187e-10,2.6718874e-09,0.9764267
1853,inesco,mdpa,mdpa_a267.wav,Angry,154,Angry,Happy,Happy,False,False,False,0.004131091,2.69747e-10,0.0020027542,0.97578865,2.0124688e-07,1.6564593e-08,0.018077299
1854,inesco,mdpa,mdpa_a268.wav,Angry,84,Angry,Surprise,Angry,False,True,True,0.03839231,3.3987774e-06,0.006757317,0.012226479,2.1985665e-05,3.0536507e-05,0.94256794
1855,inesco,mdpa,mdpa_a269.wav,Angry,129,Angry,Angry,Angry,True,True,False,0.8781326,2.7980407e-06,0.0011342597,0.08762613,2.2370646e-06,8.273257e-07,0.033101086
1856,inesco,mdpa,mdpa_a270.wav,Angry,189,Angry,Happy,Happy,False,False,False,0.033778165,1.3336663e-07,0.027131023,0.93759984,2.5060197e-07,1.1099841e-07,0.0014905769
1857,inesco,mdpa,mdpa_a271.wav,Angry,327,Angry,Fear,Sad,False,False,True,7.014859e-05,1.721421e-05,0.94482976,0.0029010598,3.5670234e-07,0.0030003742,0.04918105
1858,inesco,mdpa,mdpa_a272.wav,Angry,308,Angry,Disgust,Angry,False,True,True,0.034624845,0.94910717,0.00013807714,9.515414e-05,2.7286917e-06,0.0059660533,0.010066003
1859,inesco,mdpa,mdpa_a273.wav,Angry,212,Angry,Angry,Angry,True,True,False,0.9905213,4.4658085e-05,0.0009539627,0.0020303475,2.1232532e-07,3.4233424e-05,0.006415236
1860,inesco,mdpa,mdpa_a274.wav,Angry,305,Angry,Angry,Angry,True,True,False,0.7378559,0.03170313,0.07115399,0.008789489,2.9198476e-05,0.0076327305,0.14283556
1861,inesco,mdpa,mdpa_a275.wav,Angry,148,Angry,Surprise,Happy,False,False,True,0.016225325,2.1801817e-08,0.04186248,0.30757844,5.608638e-06,1.6281334e-06,0.63432646
1862,inesco,mdpa,mdpa_a276.wav,Angry,209,Angry,Fear,Happy,False,False,True,0.0007765896,2.2632817e-07,0.9737742,0.018986281,1.4935585e-09,1.0947125e-07,0.0064625787
1863,inesco,mdpa,mdpa_a277.wav,Angry,247,Angry,Angry,Angry,True,True,False,0.4884414,4.123406e-05,0.064348474,0.4306055,1.7394368e-05,0.0001865589,0.01635945
1864,inesco,mdpa,mdpa_a278.wav,Angry,401,Angry,Happy,Happy,False,False,False,0.099501364,0.026547644,0.007706076,0.39179313,1.6623406e-07,0.36475074,0.10970094
1865,inesco,mdpa,mdpa_a279.wav,Angry,186,Angry,Happy,Happy,False,False,False,0.0034011349,3.6685355e-09,6.203145e-05,0.9965119,6.7149744e-09,2.6360877e-07,2.4720053e-05
1866,inesco,mdpa,mdpa_a280.wav,Angry,289,Angry,Disgust,Angry,False,True,True,0.028162409,0.5278549,0.06747215,0.024169045,2.0488937e-07,0.004399787,0.34794146
1867,inesco,mdpa,mdpa_a281.wav,Angry,292,Angry,Angry,Angry,True,True,False,0.89947003,1.2561234e-05,0.06528873,0.018733714,1.7174168e-07,0.00017268662,0.016322082
1868,inesco,mdpa,mdpa_a282.wav,Angry,365,Angry,Surprise,Happy,False,False,True,1.1979661e-06,4.49003e-07,0.00047884983,0.00097249553,5.7223504e-11,6.572322e-06,0.9985405
1869,inesco,mdpa,mdpa_a283.wav,Angry,401,Angry,Surprise,Happy,False,False,True,2.2501293e-08,3.83884e-10,0.0011190511,0.0015148625,1.95888e-12,5.083205e-09,0.99736613
1870,inesco,mdpa,mdpa_a284.wav,Angry,279,Angry,Angry,Angry,True,True,False,0.9992975,6.4201544e-07,4.4641015e-06,0.0005025933,3.572694e-12,3.7670524e-08,0.00019484946
1871,inesco,mdpa,mdpa_a285.wav,Angry,221,Angry,Angry,Angry,True,True,False,0.753902,4.7092225e-08,0.0016903754,0.24429919,6.3241252e-09,7.908452e-09,0.0001082861
1872,inesco,mdpa,mdpa_a286.wav,Angry,401,Angry,Surprise,Happy,False,False,True,0.10059286,0.026126202,0.012686347,0.24756137,1.4417776e-06,0.0012443769,0.61178744
1873,inesco,mdpa,mdpa_a287.wav,Angry,177,Angry,Angry,Angry,True,True,False,0.7701545,1.9092859e-07,2.9855819e-05,0.22979423,2.990771e-07,2.4634514e-07,2.062321e-05
1874,inesco,mdpa,mdpa_a288.wav,Angry,225,Angry,Fear,Angry,False,True,True,0.052976094,5.7447854e-05,0.86583763,0.051524732,3.5288215e-07,0.029497461,0.000106211985
1875,inesco,mdpa,mdpa_a289.wav,Angry,148,Angry,Surprise,Angry,False,True,True,0.10080058,2.6763902e-07,0.0048448807,0.012925258,1.456702e-08,1.1252141e-08,0.88142896
1876,inesco,mdpa,mdpa_a290.wav,Angry,375,Angry,Surprise,Angry,False,True,True,0.011458177,2.1705573e-05,0.0083590355,0.0023626431,2.6475622e-10,3.1121745e-06,0.97779524
1877,inesco,mdpa,mdpa_a291.wav,Angry,199,Angry,Fear,Angry,False,True,True,0.37898389,0.0017634318,0.6075592,0.0066740564,7.556621e-08,7.5688724e-05,0.0049436036
1878,inesco,mdpa,mdpa_a292.wav,Angry,100,Angry,Surprise,Angry,False,True,True,0.108297735,7.6060896e-06,0.076667376,0.07040041,1.0499748e-05,5.5880835e-05,0.7445604
1879,inesco,mdpa,mdpa_a293.wav,Angry,199,Angry,Angry,Angry,True,True,False,0.9835068,7.4701925e-06,0.011744538,0.004631212,5.7947894e-08,3.263064e-05,7.7236095e-05
1880,inesco,mdpa,mdpa_a294.wav,Angry,362,Angry,Happy,Happy,False,False,False,0.12549867,0.09254077,6.28348e-06,0.72777444,3.9531615e-06,4.584676e-06,0.05417133
1881,inesco,mdpa,mdpa_a295.wav,Angry,353,Angry,Angry,Angry,True,True,False,0.9876886,1.8055218e-05,0.0004905416,0.00018139364,7.877809e-10,5.7188128e-08,0.0116214445
1882,inesco,mdpa,mdpa_a296.wav,Angry,129,Angry,Happy,Happy,False,False,False,0.11380926,2.8473792e-08,0.18330917,0.50978804,1.1130387e-06,8.350677e-07,0.19309154
1883,inesco,mdpa,mdpa_a297.wav,Angry,93,Angry,Surprise,Angry,False,True,True,0.12660185,1.289547e-05,0.0005743659,0.044782188,1.9410301e-05,2.78476e-05,0.8279815
1884,inesco,mdpa,mdpa_a298.wav,Angry,186,Angry,Happy,Happy,False,False,False,0.025023717,6.0659286e-09,3.374601e-05,0.97494,8.755776e-08,1.6504572e-08,2.4520434e-06
1885,inesco,mdpa,mdpa_a299.wav,Angry,237,Angry,Angry,Angry,True,True,False,0.5567904,6.4947244e-07,0.00011823346,0.4430518,6.973017e-08,2.0395096e-06,3.678047e-05
1886,inesco,mdpa,mdpa_a300.wav,Angry,401,Angry,Surprise,Happy,False,False,True,0.0022513878,0.012405695,0.00025473468,0.05037361,2.505462e-09,2.7447142e-05,0.9346872
1887,inesco,mdpa,mdpa_a301.wav,Angry,247,Angry,Happy,Happy,False,False,False,0.375821,0.0010400967,0.014018819,0.4941374,7.192076e-07,3.5491354e-05,0.11494647
1888,inesco,mdpa,mdpa_a302.wav,Angry,353,Angry,Surprise,Happy,False,False,True,0.023933083,0.00076432485,0.000473545,0.037992533,7.8295e-08,5.734396e-07,0.9368358
1889,inesco,mdpa,mdpa_a303.wav,Angry,285,Angry,Angry,Angry,True,True,False,0.8834243,0.0010212469,0.055589493,0.045968827,2.8545414e-06,0.0031490328,0.010844387
1890,inesco,mdpa,mdpa_a304.wav,Angry,154,Angry,Angry,Angry,True,True,False,0.8683086,4.3128946e-08,0.004882364,0.12670955,1.2649595e-06,8.975999e-07,9.726876e-05
1891,inesco,mdpa,mdpa_a305.wav,Angry,317,Angry,Angry,Angry,True,True,False,0.567798,0.018255685,0.0048059565,0.0010498059,6.3614483e-09,0.0050098817,0.4030807
1892,inesco,mdpa,mdpa_a306.wav,Angry,266,Angry,Angry,Angry,True,True,False,0.8877327,0.0006502113,0.06024924,0.021496782,0.00029744237,0.026428206,0.0031454624
1893,inesco,mdpa,mdpa_a307.wav,Angry,173,Angry,Angry,Angry,True,True,False,0.95986074,1.9091347e-06,0.0008625081,0.038631134,3.4125478e-07,5.2673676e-07,0.0006427934
1894,inesco,mdpa,mdpa_a308.wav,Angry,247,Angry,Angry,Angry,True,True,False,0.99697876,6.0692184e-07,2.9730936e-05,0.0029790709,1.9968391e-08,7.05454e-06,4.810251e-06
1895,inesco,mdpa,mdpa_a309.wav,Angry,55,Angry,Fear,Angry,False,True,True,0.08227359,3.036568e-05,0.611531,0.005577561,0.00023752946,0.007306682,0.29304323
1896,inesco,mdpa,mdpa_a310.wav,Angry,113,Angry,Angry,Angry,True,True,False,0.9889107,3.552171e-06,0.007560485,0.0027603975,4.010242e-05,8.637166e-06,0.0007160772
1897,inesco,mdpa,mdpa_a311.wav,Angry,74,Angry,Angry,Angry,True,True,False,0.71729124,0.00012223079,0.11544255,0.011504691,0.0004649962,0.0005726652,0.15460168
1898,inesco,mdpa,mdpa_a312.wav,Angry,161,Angry,Angry,Angry,True,True,False,0.628774,1.8108099e-07,0.004740802,0.36324528,1.5582495e-05,7.4587438e-06,0.0032167842
1899,inesco,mdpa,mdpa_a313.wav,Angry,183,Angry,Angry,Angry,True,True,False,0.9821307,9.484188e-10,8.956598e-06,0.017860139,1.4654258e-08,1.1967062e-10,1.813674e-07
1900,inesco,mdpa,mdpa_a314.wav,Angry,269,Angry,Happy,Happy,False,False,False,0.033139292,2.282765e-06,0.09082587,0.8662509,1.8080656e-05,0.008045847,0.0017177359
1901,inesco,mdpa,mdpa_a315.wav,Angry,317,Angry,Angry,Angry,True,True,False,0.929288,8.938021e-06,0.057239737,0.011261374,2.5944823e-08,5.2562737e-05,0.0021492923
1902,inesco,mdpa,mdpa_a316.wav,Angry,375,Angry,Surprise,Angry,False,True,True,0.1493383,0.0005003416,0.013382176,0.019041574,1.3105355e-07,0.00017755193,0.81755996
1903,inesco,mdpa,mdpa_a317.wav,Angry,337,Angry,Surprise,Angry,False,True,True,0.057024088,0.00021057451,0.0010661596,9.4600335e-05,5.2181565e-11,7.2599926e-07,0.9416039
1904,inesco,mdpa,mdpa_a318.wav,Angry,221,Angry,Angry,Angry,True,True,False,0.994031,4.0351228e-08,0.004370261,0.0015975821,1.6482467e-08,3.406324e-08,1.0414125e-06
1905,inesco,mdpa,mdpa_a319.wav,Angry,401,Angry,Angry,Angry,True,True,False,0.74083996,3.4271281e-06,0.0644793,0.057976656,1.1988072e-07,9.1809925e-06,0.13669142
1906,inesco,mdpa,mdpa_a320.wav,Angry,116,Angry,Surprise,Angry,False,True,True,0.011125276,1.2206953e-08,0.0018921292,0.0027254731,4.68064e-06,7.355629e-08,0.9842523
1907,inesco,mdpa,mdpa_a321.wav,Angry,49,Angry,Surprise,Angry,False,True,True,0.22556597,4.6874993e-05,0.005114143,0.00091575173,1.2372142e-05,0.00018602682,0.76815885
1908,inesco,mdpa,mdpa_a322.wav,Angry,65,Angry,Angry,Angry,True,True,False,0.9669239,3.6540754e-05,0.001964411,0.0019661332,0.00017738107,0.0013894594,0.027542155
1909,inesco,mdpa,mdpa_a323.wav,Angry,77,Angry,Surprise,Happy,False,False,True,0.020521825,4.5043226e-08,0.0010461594,0.09704754,1.8924314e-06,4.9783733e-07,0.881382
1910,inesco,mdpa,mdpa_a324.wav,Angry,138,Angry,Happy,Happy,False,False,False,0.003938062,2.6407688e-08,0.0005846952,0.53272176,1.8461171e-06,6.9541356e-06,0.46274665
1911,inesco,mdpa,mdpa_a325.wav,Angry,129,Angry,Angry,Angry,True,True,False,0.6596559,1.0872001e-07,0.005529263,0.33241484,0.00020248225,3.802066e-07,0.0021970407
1912,inesco,mdpa,mdpa_a326.wav,Angry,196,Angry,Angry,Angry,True,True,False,0.47574052,1.1986674e-06,0.109774664,0.39944032,1.459416e-06,4.864298e-06,0.015036972
1913,inesco,mdpa,mdpa_a327.wav,Angry,244,Angry,Happy,Happy,False,False,False,0.4718508,8.573972e-05,1.815069e-05,0.51370513,6.118991e-07,1.395991e-07,0.0143394545
1914,inesco,mdpa,mdpa_a328.wav,Angry,289,Angry,Sad,Sad,False,False,False,1.1753156e-05,0.26235613,0.0049440563,0.017033393,4.7014076e-08,0.70892984,0.0067246696
1915,inesco,mdpa,mdpa_a329.wav,Angry,161,Angry,Happy,Happy,False,False,False,0.124234125,1.2828751e-07,0.023810197,0.851736,6.903813e-05,0.00013598998,1.4490359e-05
1916,inesco,mdpa,mdpa_a330.wav,Angry,84,Angry,Angry,Angry,True,True,False,0.90796834,3.7582122e-06,0.08112759,0.009140673,2.6133406e-05,9.126453e-06,0.0017243278
1917,inesco,mdpa,mdpa_a331.wav,Angry,145,Angry,Happy,Happy,False,False,False,0.24035463,3.147767e-08,0.00045229978,0.7037444,5.818465e-05,1.818331e-07,0.05539031
1918,inesco,mdpa,mdpa_a332.wav,Angry,138,Angry,Fear,Angry,False,True,True,0.24741198,1.9383043e-08,0.7221631,0.030047357,3.9055776e-06,3.715296e-07,0.00037327877
1919,inesco,mdpa,mdpa_a333.wav,Angry,103,Angry,Angry,Angry,True,True,False,0.57143503,2.6314865e-05,0.007681176,0.2708809,0.011414559,0.0019165828,0.13664542
1920,inesco,mdpa,mdpa_a334.wav,Angry,196,Angry,Happy,Happy,False,False,False,0.00038888393,4.838985e-06,0.13478918,0.8441914,2.5421357e-06,4.127189e-05,0.020581927
1921,inesco,mdpa,mdpa_a335.wav,Angry,151,Angry,Angry,Angry,True,True,False,0.98760194,2.0893797e-06,2.6925016e-05,0.012294163,9.779202e-07,7.796444e-07,7.30915e-05
1922,inesco,mdpa,mdpa_a336.wav,Angry,218,Angry,Angry,Angry,True,True,False,0.96961606,1.1964956e-07,0.00026801025,0.030111285,1.371904e-07,1.7476686e-06,2.670853e-06
1923,inesco,mdpa,mdpa_a337.wav,Angry,148,Angry,Angry,Angry,True,True,False,0.6853721,3.8021958e-06,0.003077317,0.046359,1.4266103e-05,1.4559017e-06,0.26517206
1924,inesco,mdpa,mdpa_a338.wav,Angry,186,Angry,Angry,Angry,True,True,False,0.9997739,1.544156e-08,3.941118e-06,0.00022119249,3.0380845e-09,2.927532e-07,6.216546e-07
1925,inesco,mdpa,mdpa_a339.wav,Angry,221,Angry,Angry,Angry,True,True,False,0.5892557,6.659747e-05,0.0032622174,0.4066882,2.1618621e-07,0.00050993514,0.00021719035
1926,inesco,mdpa,mdpa_a340.wav,Angry,125,Angry,Fear,Angry,False,True,True,0.013367146,1.15213915e-07,0.9589782,0.010311545,0.0001483604,5.3640826e-05,0.017141026
1927,inesco,mdpa,mdpa_a341.wav,Angry,221,Angry,Happy,Happy,False,False,False,0.042862236,9.976285e-07,0.3677435,0.5892895,1.0503281e-07,5.4535694e-06,9.819051e-05
1928,inesco,mdpa,mdpa_a342.wav,Angry,250,Angry,Surprise,Happy,False,False,True,0.0001265053,1.3055904e-07,0.000540489,0.06908935,5.453213e-08,3.4468917e-07,0.930243
1929,inesco,mdpa,mdpa_a343.wav,Angry,177,Angry,Happy,Happy,False,False,False,9.2787865e-05,2.7050604e-08,0.13287711,0.8588107,0.0030831073,0.0010335018,0.004102701
1930,inesco,mdpa,mdpa_a344.wav,Angry,141,Angry,Angry,Angry,True,True,False,0.99795496,1.8731068e-09,0.000484189,0.001532347,1.2869316e-07,1.1674529e-08,2.8315862e-05
1931,inesco,mdpa,mdpa_a345.wav,Angry,173,Angry,Happy,Happy,False,False,False,8.412401e-06,1.422705e-09,0.025359562,0.9386776,1.327657e-07,1.07392346e-07,0.035954222
1932,inesco,mdpa,mdpa_a346.wav,Angry,231,Angry,Angry,Angry,True,True,False,0.4921116,2.1917644e-05,0.42531207,0.0713438,4.758752e-06,2.3050556e-05,0.011182834
1933,inesco,mdpa,mdpa_a347.wav,Angry,205,Angry,Happy,Happy,False,False,False,0.004015191,7.598912e-06,0.04599472,0.94763434,1.5345116e-05,0.0018639927,0.00046893695
1934,inesco,mdpa,mdpa_a348.wav,Angry,103,Angry,Neutral,Angry,False,True,True,0.08155319,0.00036723213,0.12310178,0.018817795,0.77277476,0.0012303313,0.002154966
1935,inesco,mdpa,mdpa_a349.wav,Angry,161,Angry,Happy,Happy,False,False,False,0.2724068,0.00013015338,0.25173506,0.29283774,0.016580105,0.0044348855,0.16187532
1936,inesco,mdpa,mdpa_a350.wav,Angry,401,Angry,Surprise,Angry,False,True,True,0.24911307,0.0024164608,0.012290818,0.21721548,4.351875e-08,0.00022867997,0.5187354
1937,inesco,mdpa,mdpa_a351.wav,Angry,237,Angry,Angry,Angry,True,True,False,0.936305,0.0019586508,0.00010354781,0.060769357,7.590263e-07,6.639136e-05,0.00079626945
1938,inesco,mdpa,mdpa_a352.wav,Angry,122,Angry,Fear,Happy,False,False,True,0.007183859,2.804414e-07,0.78596646,0.202208,0.00057106453,6.526687e-05,0.0040051346
1939,inesco,mdpa,mdpa_a353.wav,Angry,263,Angry,Surprise,Happy,False,False,True,0.0060585337,0.026017178,0.036240783,0.18747856,6.397125e-07,0.004332373,0.739872
1940,inesco,mdpa,mdpa_a354.wav,Angry,295,Angry,Angry,Angry,True,True,False,0.9936572,6.554091e-06,0.0032513977,0.0020173618,1.4262551e-07,8.077446e-06,0.0010592325
1941,inesco,mdpa,mdpa_a355.wav,Angry,260,Angry,Disgust,Sad,False,False,True,0.012666045,0.9707875,1.5356689e-07,0.0008702311,1.8966433e-07,0.015668277,7.5094113e-06
1942,inesco,mdpa,mdpa_a356.wav,Angry,298,Angry,Angry,Angry,True,True,False,0.8861049,0.0023855136,0.004921021,0.10300389,2.9007106e-06,5.7074063e-05,0.00352471
1943,inesco,mdpa,mdpa_a357.wav,Angry,202,Angry,Happy,Happy,False,False,False,0.0003647724,2.1780224e-05,0.106215894,0.8865911,0.005578588,0.0007281984,0.00049976417
1944,inesco,mdpa,mdpa_a358.wav,Angry,125,Angry,Surprise,Angry,False,True,True,0.0035594308,1.5238064e-07,0.0025330863,0.0015242251,3.4163247e-07,2.918155e-07,0.99238247
1945,inesco,mdpa,mdpa_a359.wav,Angry,196,Angry,Angry,Angry,True,True,False,0.93590486,3.692038e-06,0.00029147687,0.06365776,8.404975e-06,3.2729353e-05,0.0001011496
1946,inesco,mdpa,mdpa_a360.wav,Angry,113,Angry,Fear,Angry,False,True,True,0.11745761,8.183574e-05,0.62226725,0.012201179,0.015944047,0.07683881,0.15520918
1947,inesco,mdpa,mdpa_a361.wav,Angry,170,Angry,Happy,Happy,False,False,False,0.06162469,8.857906e-06,0.08630473,0.7511349,1.3628801e-07,1.3443774e-05,0.10091325
1948,inesco,mdpa,mdpa_a362.wav,Angry,65,Angry,Angry,Angry,True,True,False,0.39867017,0.0007962962,0.15319721,0.079431176,0.000126359,0.01167368,0.35610515
1949,inesco,mdpa,mdpa_a363.wav,Angry,199,Angry,Surprise,Angry,False,True,True,0.23369688,7.227461e-05,0.15364937,0.02647303,3.857492e-07,0.00024129525,0.5858668
1950,inesco,mdpa,mdpa_a364.wav,Angry,138,Angry,Fear,Happy,False,False,True,0.0038236,8.42154e-09,0.9487358,0.03532222,9.743212e-06,1.3883393e-08,0.01210854
1951,inesco,mdpa,mdpa_a365.wav,Angry,119,Angry,Happy,Happy,False,False,False,0.09617071,1.8673934e-06,0.20616329,0.46410018,0.07995046,0.000109972985,0.15350354
1952,inesco,mdpa,mdpa_a366.wav,Angry,167,Angry,Happy,Happy,False,False,False,0.00021480433,2.9347868e-08,0.00061941956,0.99909985,1.3146695e-05,7.4218005e-06,4.5265464e-05
1953,inesco,mdpa,mdpa_a367.wav,Angry,81,Angry,Angry,Angry,True,True,False,0.7656352,2.7531207e-05,0.090089165,0.07274989,0.0042936895,3.6902646e-05,0.06716763
1954,inesco,mdpa,mdpa_a368.wav,Angry,170,Angry,Fear,Happy,False,False,True,0.0060790223,9.2006576e-07,0.60085124,0.27950227,1.1058492e-06,0.0002334401,0.11333203
1955,inesco,mdpa,mdpa_a369.wav,Angry,173,Angry,Happy,Happy,False,False,False,0.09522997,2.1868554e-09,0.018870668,0.885735,3.7300467e-06,2.7455403e-07,0.00016044613
1956,inesco,mdpa,mdpa_a370.wav,Angry,129,Angry,Happy,Happy,False,False,False,0.007352124,4.0219764e-08,7.7019795e-06,0.9859927,0.00046598655,4.276283e-06,0.006177105
1957,inesco,mdpa,mdpa_a371.wav,Angry,135,Angry,Surprise,Happy,False,False,True,0.04984557,0.000103111626,0.2890529,0.21374899,0.0019638948,0.00022928102,0.4450563
1958,inesco,mdpa,mdpa_a372.wav,Angry,218,Angry,Surprise,Happy,False,False,True,0.0038340348,6.7381393e-07,0.03490697,0.08779697,1.18526176e-08,2.191568e-06,0.8734591
1959,inesco,mdpa,mdpa_a373.wav,Angry,177,Angry,Angry,Angry,True,True,False,0.9887783,3.1873023e-07,0.00063476485,0.009912869,2.0143523e-06,8.708603e-05,0.0005846103
1960,inesco,mdpa,mdpa_a374.wav,Angry,81,Angry,Angry,Angry,True,True,False,0.81379366,1.027256e-06,3.826306e-05,0.0013467511,2.8794986e-05,3.040756e-07,0.18479107
1961,inesco,mdpa,mdpa_a375.wav,Angry,253,Angry,Surprise,Happy,False,False,True,0.002996191,3.892388e-05,0.00018400031,0.004384024,1.5002271e-07,5.224478e-06,0.9923915
1962,inesco,mdpa,mdpa_a376.wav,Angry,58,Angry,Angry,Angry,True,True,False,0.96955556,4.674193e-06,0.023818852,0.004229702,8.938485e-06,1.4604902e-06,0.0023809485
1963,inesco,mdpa,mdpa_a377.wav,Angry,74,Angry,Happy,Happy,False,False,False,0.003649173,1.1316778e-05,0.022696322,0.8046083,0.0010332793,0.00042834895,0.16757326
1964,inesco,mdpa,mdpa_a378.wav,Angry,148,Angry,Happy,Happy,False,False,False,0.013126973,1.0275893e-08,0.0049374816,0.7862544,1.5506646e-05,1.6269884e-07,0.19566548
1965,inesco,mdpa,mdpa_a379.wav,Angry,113,Angry,Surprise,Happy,False,False,True,0.0008584233,1.7074153e-07,0.0014493694,0.002369883,9.960243e-08,6.92612e-07,0.99532133
1966,inesco,mdpa,mdpa_a380.wav,Angry,276,Angry,Surprise,Angry,False,True,True,0.0053294455,4.325989e-06,0.00049122085,0.002758981,3.2494896e-07,5.8149544e-05,0.99135756
1967,inesco,mdpa,mdpa_a381.wav,Angry,132,Angry,Happy,Happy,False,False,False,0.012015411,1.8451345e-07,0.00044184146,0.97706544,0.010296564,0.00013976674,4.0811407e-05
1968,inesco,mdpa,mdpa_a382.wav,Angry,145,Angry,Surprise,Angry,False,True,True,0.10030008,3.5537646e-06,0.021089818,0.08462826,6.765134e-05,1.288712e-06,0.79390943
1969,inesco,mdpa,mdpa_a383.wav,Angry,103,Angry,Angry,Angry,True,True,False,0.9190458,2.9038361e-05,0.027003685,0.0303672,0.009947764,0.009602649,0.0040038885
1970,inesco,mdpa,mdpa_a384.wav,Angry,106,Angry,Surprise,Angry,False,True,True,0.41206563,3.5130248e-05,0.0016063926,0.023147712,1.4226157e-05,8.493837e-06,0.56312245
1971,inesco,mdpa,mdpa_a385.wav,Angry,103,Angry,Surprise,Happy,False,False,True,0.013391495,5.591585e-06,0.33983174,0.10583475,4.1804124e-05,0.0004484553,0.5404462
1972,inesco,mdpa,mdpa_a386.wav,Angry,93,Angry,Surprise,Angry,False,True,True,0.3970438,0.00010028936,0.027555928,0.05426203,1.2685327e-05,0.0001957348,0.52082956
1973,inesco,mdpa,mdpa_a387.wav,Angry,362,Angry,Surprise,Happy,False,False,True,0.000108618806,1.3515441e-08,0.058708984,0.11239696,4.5153047e-07,1.077414e-05,0.8287741
1974,inesco,mdpa,mdpa_a388.wav,Angry,55,Angry,Angry,Angry,True,True,False,0.63502455,0.00059029117,0.011957592,0.009636156,4.159311e-06,5.892175e-05,0.34272835
1975,inesco,mdpa,mdpa_a389.wav,Angry,65,Angry,Angry,Angry,True,True,False,0.96067154,2.6543587e-06,0.00042886517,0.00789396,2.0844593e-06,2.7052608e-06,0.0309982
1976,inesco,mdpa,mdpa_a390.wav,Angry,49,Angry,Angry,Angry,True,True,False,0.9988896,9.152188e-06,2.8473725e-05,0.0007574367,1.780313e-07,9.4007335e-09,0.0003151464
1977,inesco,mdpa,mdpa_a391.wav,Angry,39,Angry,Fear,Angry,False,True,True,0.28504524,0.00018767707,0.6446185,0.024109557,0.00012685938,0.0074183675,0.038493764
1978,inesco,mdpa,mdpa_a392.wav,Angry,39,Angry,Fear,Happy,False,False,True,0.04401556,3.635106e-05,0.8895151,0.05692719,0.00042080577,0.00474901,0.004336033
1979,inesco,mdpa,mdpa_a393.wav,Angry,103,Angry,Happy,Happy,False,False,False,0.010233882,1.7270209e-07,0.004171688,0.81798357,5.0209135e-05,1.4135797e-05,0.16754626
1980,inesco,mdpa,mdpa_a394.wav,Angry,151,Angry,Happy,Happy,False,False,False,0.032010697,1.0010657e-05,0.0343884,0.8758987,0.057394374,0.0001785959,0.000119198216
1981,inesco,mdpa,mdpa_a395.wav,Angry,97,Angry,Angry,Angry,True,True,False,0.9816227,4.4450044e-06,0.00044885612,0.015263232,4.1820235e-06,5.2004424e-07,0.0026560628
1982,inesco,mdpa,mdpa_a396.wav,Angry,173,Angry,Happy,Happy,False,False,False,0.013900958,2.03388e-06,0.19610105,0.7869844,8.68269e-05,0.001973173,0.0009516618
1983,inesco,mdpa,mdpa_a397.wav,Angry,52,Angry,Surprise,Angry,False,True,True,0.0795763,2.3686262e-05,0.0006843583,0.0031238731,3.8076888e-07,3.1076668e-06,0.9165883
1984,inesco,mdpa,mdpa_a398.wav,Angry,52,Angry,Angry,Angry,True,True,False,0.87063915,0.00015872996,0.0066592577,0.0027540447,4.0790833e-06,3.183406e-05,0.11975296
1985,inesco,mdpa,mdpa_a399.wav,Angry,401,Angry,Fear,Angry,False,True,True,0.046626415,2.5970926e-06,0.90788776,0.043267727,5.7839015e-06,0.0020600131,0.00014963484
1986,inesco,mdpa,mdpa_a400.wav,Angry,205,Angry,Happy,Happy,False,False,False,0.002812776,6.273805e-06,0.24234211,0.7370286,0.00067209906,0.0156377,0.0015005299
1987,inesco,mdpa,mdpa_a401.wav,Angry,157,Angry,Fear,Angry,False,True,True,0.36658862,2.3028399e-07,0.6300736,0.0031827772,6.1361206e-08,2.8193065e-07,0.00015435104
1988,inesco,mdpa,mdpa_h001.wav,Happy,196,Happy,Happy,Happy,True,True,False,0.000841609,2.7282336e-05,0.20220661,0.4917316,5.509853e-05,0.00080392027,0.30433384
1989,inesco,mdpa,mdpa_h002.wav,Happy,167,Happy,Happy,Happy,True,True,False,0.01768709,0.0010492505,0.00014153482,0.70041376,6.7606125e-06,6.734412e-07,0.28070086
1990,inesco,mdpa,mdpa_h003.wav,Happy,289,Happy,Angry,Angry,False,False,False,0.98913974,5.232391e-05,1.4479722e-05,0.0005301245,1.6053047e-05,0.010121678,0.00012555935
1991,inesco,mdpa,mdpa_h004.wav,Happy,129,Happy,Happy,Happy,True,True,False,0.060872264,1.4628588e-06,0.3936474,0.46756005,0.07567608,0.0013012022,0.0009414777
1992,inesco,mdpa,mdpa_h005.wav,Happy,167,Happy,Surprise,Happy,False,True,True,0.00010827084,0.014018206,0.08450912,0.17857726,0.00010714721,0.012327765,0.71035224
1993,inesco,mdpa,mdpa_h006.wav,Happy,183,Happy,Sad,Sad,False,False,False,2.0754553e-06,2.213132e-06,2.5012148e-06,0.009411241,0.0025327716,0.9880491,1.575209e-07
1994,inesco,mdpa,mdpa_h007.wav,Happy,164,Happy,Happy,Happy,True,True,False,0.00069032225,1.8294546e-05,0.010464189,0.83525985,0.019718904,0.0058566364,0.12799178
1995,inesco,mdpa,mdpa_h008.wav,Happy,279,Happy,Neutral,Sad,False,False,True,0.00010088628,0.00020383864,8.264883e-05,0.0026531634,0.9347111,0.06224613,2.2562429e-06
1996,inesco,mdpa,mdpa_h009.wav,Happy,157,Happy,Fear,Happy,False,True,True,1.7434181e-06,5.875286e-07,0.99287075,0.00018871928,1.106279e-06,5.2558325e-06,0.0069319033
1997,inesco,mdpa,mdpa_h010.wav,Happy,205,Happy,Happy,Happy,True,True,False,0.055361144,8.74867e-05,0.00012723946,0.9353053,0.0019082054,0.0068613323,0.00034931424
1998,inesco,mdpa,mdpa_h011.wav,Happy,180,Happy,Neutral,Angry,False,False,True,0.22455192,0.026304038,0.27027202,0.0645356,0.30378482,0.10278919,0.0077623967
1999,inesco,mdpa,mdpa_h012.wav,Happy,247,Happy,Angry,Angry,False,False,False,0.66914564,0.0006816442,0.0015962352,0.29708388,0.012203905,0.015854998,0.0034336632
2000,inesco,mdpa,mdpa_h013.wav,Happy,298,Happy,Happy,Happy,True,True,False,0.09657655,0.00012708778,0.010711861,0.8137614,0.016591597,0.0056184377,0.056613106
2001,inesco,mdpa,mdpa_h014.wav,Happy,301,Happy,Surprise,Angry,False,False,True,0.008515334,0.00030630158,0.00885233,0.0070304056,4.21546e-06,4.3836612e-06,0.9752871
2002,inesco,mdpa,mdpa_h015.wav,Happy,145,Happy,Fear,Happy,False,True,True,0.003704019,4.1771793e-05,0.6093198,0.024466002,2.4634337e-05,0.0006683837,0.36177534
2003,inesco,mdpa,mdpa_h016.wav,Happy,260,Happy,Sad,Sad,False,False,False,0.2538379,0.07766161,0.073493645,0.026632601,0.00017702466,0.54559404,0.022603117
2004,inesco,mdpa,mdpa_h017.wav,Happy,247,Happy,Sad,Sad,False,False,False,0.00034330648,0.024744438,0.009027226,0.0005742066,0.00011205207,0.96492916,0.00026967193
2005,inesco,mdpa,mdpa_h018.wav,Happy,324,Happy,Surprise,Sad,False,False,True,0.0030326524,0.0057565933,0.13369004,0.0051642726,2.2953318e-06,0.00815554,0.8441986
2006,inesco,mdpa,mdpa_h019.wav,Happy,282,Happy,Disgust,Angry,False,False,True,0.016045226,0.9822432,5.4514516e-08,1.5405016e-06,0.00044900944,0.0012551692,5.8236974e-06
2007,inesco,mdpa,mdpa_h020.wav,Happy,260,Happy,Happy,Happy,True,True,False,0.11943863,0.0033925492,0.015327242,0.7804735,0.0020045296,0.009801764,0.069561765
2008,inesco,mdpa,mdpa_h021.wav,Happy,372,Happy,Angry,Angry,False,False,False,0.7107642,0.0015386473,0.057662074,0.15650705,1.6211372e-05,0.0050682193,0.068443574
2009,inesco,mdpa,mdpa_h022.wav,Happy,276,Happy,Sad,Sad,False,False,False,0.20405012,0.01893258,0.010399042,0.18993798,0.19679023,0.3753446,0.0045454833
2010,inesco,mdpa,mdpa_h023.wav,Happy,279,Happy,Sad,Sad,False,False,False,0.03541683,0.0050699306,0.0065165316,0.001391884,0.0014849028,0.9498155,0.00030441725
2011,inesco,mdpa,mdpa_h024.wav,Happy,218,Happy,Fear,Happy,False,True,True,0.0010015733,0.003844657,0.8435493,0.1318999,9.090942e-06,0.009528967,0.0101664215
2012,inesco,mdpa,mdpa_h025.wav,Happy,266,Happy,Angry,Angry,False,False,False,0.86824524,0.09983939,0.0022958056,0.016400855,4.422783e-07,0.0018375098,0.011380669
2013,inesco,mdpa,mdpa_h026.wav,Happy,282,Happy,Angry,Angry,False,False,False,0.43856618,0.00048275894,0.058934007,0.42814395,0.0038278748,0.01432388,0.055721354
2014,inesco,mdpa,mdpa_h027.wav,Happy,228,Happy,Happy,Happy,True,True,False,0.069928326,0.0051692426,0.0052408683,0.8434945,9.8878154e-05,0.07586914,0.00019908138
2015,inesco,mdpa,mdpa_h028.wav,Happy,196,Happy,Happy,Happy,True,True,False,0.0075989,0.014063625,0.008136017,0.8859175,0.00582699,0.0770687,0.0013882789
2016,inesco,mdpa,mdpa_h029.wav,Happy,343,Happy,Surprise,Happy,False,True,True,0.2421218,0.04608822,0.00042692779,0.34655848,0.0030880172,0.0029460993,0.3587705
2017,inesco,mdpa,mdpa_h030.wav,Happy,253,Happy,Disgust,Angry,False,False,True,0.2328813,0.74338883,0.0030140672,0.007910628,1.1874782e-05,0.005945761,0.0068475273
2018,inesco,mdpa,mdpa_h031.wav,Happy,401,Happy,Fear,Happy,False,True,True,0.003957247,5.9025165e-06,0.74824065,0.121906295,0.028012754,0.095260985,0.0026161966
2019,inesco,mdpa,mdpa_h032.wav,Happy,324,Happy,Angry,Angry,False,False,False,0.9784864,0.018151917,0.00010719281,0.0010186149,0.00037544034,0.0016990883,0.00016127004
2020,inesco,mdpa,mdpa_h033.wav,Happy,298,Happy,Disgust,Sad,False,False,True,0.0014685163,0.7524488,0.004516609,0.0011945171,5.3450617e-07,0.025375126,0.21499586
2021,inesco,mdpa,mdpa_h034.wav,Happy,295,Happy,Angry,Angry,False,False,False,0.99625885,0.00069798215,4.848011e-07,0.00039062917,0.00050981186,0.0021398938,2.3855034e-06
2022,inesco,mdpa,mdpa_h035.wav,Happy,330,Happy,Surprise,Angry,False,False,True,0.14289081,0.01787614,0.0010163813,0.11475502,1.1352751e-05,0.0013934233,0.7220569
2023,inesco,mdpa,mdpa_h036.wav,Happy,401,Happy,Happy,Happy,True,True,False,0.00017864845,3.243405e-05,0.07545241,0.8391183,0.0006991205,0.001923991,0.08259518
2024,inesco,mdpa,mdpa_h037.wav,Happy,391,Happy,Surprise,Angry,False,False,True,0.028562412,0.004302224,0.32143334,0.017916292,1.349144e-07,0.00837771,0.61940783
2025,inesco,mdpa,mdpa_h038.wav,Happy,401,Happy,Happy,Happy,True,True,False,0.06919656,0.16267873,0.11326979,0.62279725,6.805327e-06,0.0043279803,0.02772294
2026,inesco,mdpa,mdpa_h039.wav,Happy,349,Happy,Surprise,Angry,False,False,True,0.37971765,0.0003729771,0.00046338735,0.13709772,2.8510578e-05,0.005053064,0.4772666
2027,inesco,mdpa,mdpa_h040.wav,Happy,401,Happy,Fear,Sad,False,False,True,3.926208e-05,1.0479901e-05,0.5921509,0.011976968,0.00017750396,0.36456633,0.03107846
2028,inesco,mdpa,mdpa_h041.wav,Happy,135,Happy,Surprise,Happy,False,True,True,0.0004347054,3.0862108e-08,0.20553495,0.0121866455,7.9365077e-07,2.324754e-06,0.7818406
2029,inesco,mdpa,mdpa_h042.wav,Happy,260,Happy,Angry,Angry,False,False,False,0.4381993,0.0032698612,0.15227246,0.19350284,0.002437485,0.0048835133,0.20543449
2030,inesco,mdpa,mdpa_h043.wav,Happy,401,Happy,Fear,Sad,False,False,True,0.0073250257,0.0060176263,0.7091829,0.011834999,0.0010080967,0.23663945,0.027991904
2031,inesco,mdpa,mdpa_h044.wav,Happy,321,Happy,Angry,Angry,False,False,False,0.70391124,0.01421294,0.008603109,0.24673672,0.0012965071,0.010874685,0.014364786
2032,inesco,mdpa,mdpa_h045.wav,Happy,346,Happy,Happy,Happy,True,True,False,0.0055080685,0.0057493527,0.0025504793,0.67165744,0.15403776,0.011821835,0.14867498
2033,inesco,mdpa,mdpa_h046.wav,Happy,250,Happy,Sad,Sad,False,False,False,0.0007900963,0.011603036,0.00042415917,0.0012900748,0.0012710931,0.98462045,1.0296545e-06
2034,inesco,mdpa,mdpa_h047.wav,Happy,183,Happy,Surprise,Happy,False,True,True,0.0005197548,8.149063e-06,0.036564365,0.13548084,0.0011776462,0.00015138894,0.82609785
2035,inesco,mdpa,mdpa_h048.wav,Happy,209,Happy,Neutral,Happy,False,True,True,0.0003676249,2.0764122e-05,0.004773046,0.051509194,0.9087085,0.03399999,0.00062085566
2036,inesco,mdpa,mdpa_h049.wav,Happy,215,Happy,Angry,Angry,False,False,False,0.5328232,0.035802163,0.024393285,0.10848848,0.1430368,0.15427159,0.0011844722
2037,inesco,mdpa,mdpa_h050.wav,Happy,164,Happy,Fear,Happy,False,True,True,3.5844042e-07,6.024394e-08,0.981604,0.0015273652,5.5028806e-07,9.250306e-06,0.016858315
2038,inesco,mdpa,mdpa_h051.wav,Happy,401,Happy,Happy,Happy,True,True,False,0.056145277,0.008487073,0.00043031297,0.891429,0.007875931,0.028725298,0.006907226
2039,inesco,mdpa,mdpa_h052.wav,Happy,401,Happy,Happy,Happy,True,True,False,0.005617675,3.2119606e-06,0.295563,0.62482214,6.683625e-05,0.008591984,0.06533506
2040,inesco,mdpa,mdpa_h053.wav,Happy,401,Happy,Happy,Happy,True,True,False,0.44889835,0.00021501668,0.010634396,0.48429516,0.0041595483,0.04396289,0.007834672
2041,inesco,mdpa,mdpa_h054.wav,Happy,289,Happy,Angry,Angry,False,False,False,0.59558153,0.27619085,0.014224216,0.015726846,0.0014180188,0.019259198,0.07759934
2042,inesco,mdpa,mdpa_h055.wav,Happy,401,Happy,Happy,Happy,True,True,False,0.25310922,0.0049264547,8.558474e-05,0.49952957,0.12584989,0.116368145,0.00013110727
2043,inesco,mdpa,mdpa_h056.wav,Happy,346,Happy,Angry,Angry,False,False,False,0.85808194,0.026896618,0.0028084258,0.013053887,0.024228334,0.008484275,0.06644655
2044,inesco,mdpa,mdpa_h057.wav,Happy,212,Happy,Angry,Angry,False,False,False,0.4336526,0.19174519,0.010967937,0.073876515,0.28615344,0.00013281948,0.003471529
2045,inesco,mdpa,mdpa_h058.wav,Happy,340,Happy,Angry,Angry,False,False,False,0.983318,0.0063959057,0.0008269689,0.00077797944,0.0003617371,0.00063101697,0.0076883943
2046,inesco,mdpa,mdpa_h059.wav,Happy,282,Happy,Neutral,Sad,False,False,True,0.0049197264,0.0130116055,0.0047433805,0.069218844,0.71028006,0.19741495,0.00041141285
2047,inesco,mdpa,mdpa_h060.wav,Happy,346,Happy,Happy,Happy,True,True,False,0.21563064,0.019961465,0.0068115243,0.68477285,0.0005577976,0.060793035,0.011472667
2048,inesco,mdpa,mdpa_h061.wav,Happy,125,Happy,Fear,Happy,False,True,True,8.027483e-05,5.111216e-06,0.3207616,0.21196589,0.302897,0.0026953244,0.16159478
2049,inesco,mdpa,mdpa_h062.wav,Happy,282,Happy,Fear,Happy,False,True,True,0.06702513,0.006397226,0.39858648,0.09035748,0.3447163,0.06791847,0.02499889
2050,inesco,mdpa,mdpa_h063.wav,Happy,260,Happy,Angry,Angry,False,False,False,0.89240223,0.0002103243,0.0021706787,0.072390504,0.0026829857,0.030099632,4.363546e-05
2051,inesco,mdpa,mdpa_h064.wav,Happy,225,Happy,Neutral,Angry,False,False,True,0.32914343,0.003576463,0.00047913368,0.029401924,0.6351405,0.00075684045,0.0015017509
2052,inesco,mdpa,mdpa_h065.wav,Happy,308,Happy,Happy,Happy,True,True,False,0.0021272737,6.7473834e-06,0.15166679,0.8163926,0.017618204,0.00036630244,0.011821953
2053,inesco,mdpa,mdpa_h066.wav,Happy,305,Happy,Sad,Sad,False,False,False,0.0013342804,0.05599455,0.011678778,0.14796816,0.0003863347,0.7733772,0.00926077
2054,inesco,mdpa,mdpa_h067.wav,Happy,401,Happy,Angry,Angry,False,False,False,0.8338894,0.13268162,0.00026851433,0.006333592,0.0018241762,0.019187761,0.0058149495
2055,inesco,mdpa,mdpa_h068.wav,Happy,346,Happy,Happy,Happy,True,True,False,0.00081741303,4.543947e-05,0.011904905,0.92487776,1.22224155e-05,0.015844423,0.04649781
2056,inesco,mdpa,mdpa_h069.wav,Happy,324,Happy,Happy,Happy,True,True,False,0.018599983,0.0061663534,0.0016166967,0.6956092,0.006270389,0.27099508,0.00074237195
2057,inesco,mdpa,mdpa_h070.wav,Happy,359,Happy,Fear,Happy,False,True,True,0.006281508,0.006319341,0.6156689,0.07711701,0.008084614,0.017913047,0.26861563
2058,inesco,mdpa,mdpa_h071.wav,Happy,276,Happy,Happy,Happy,True,True,False,0.029656429,0.01029698,0.00024780637,0.6497644,0.049527798,0.25868142,0.00182514
2059,inesco,mdpa,mdpa_h072.wav,Happy,244,Happy,Sad,Sad,False,False,False,0.17661086,0.0027341906,0.0063730357,0.13781157,0.10182144,0.5743648,0.00028418083
2060,inesco,mdpa,mdpa_h073.wav,Happy,141,Happy,Fear,Happy,False,True,True,0.00043389315,2.7236014e-05,0.73553103,0.06458965,0.15280491,0.021175977,0.025437344
2061,inesco,mdpa,mdpa_h074.wav,Happy,244,Happy,Sad,Sad,False,False,False,0.002404151,7.499511e-05,0.00041184187,0.0027847579,0.056589894,0.937726,8.414554e-06
2062,inesco,mdpa,mdpa_h075.wav,Happy,205,Happy,Sad,Sad,False,False,False,0.00029282033,5.9877534e-06,0.0031501004,0.069591865,0.19228265,0.7346477,2.8892035e-05
2063,inesco,mdpa,mdpa_h076.wav,Happy,225,Happy,Neutral,Happy,False,True,True,0.000948677,0.011358639,0.0014311186,0.08472041,0.84574825,0.055780176,1.2843838e-05
2064,inesco,mdpa,mdpa_h077.wav,Happy,205,Happy,Happy,Happy,True,True,False,0.008764123,9.049942e-05,0.0010095291,0.5737077,0.36252883,0.05101203,0.0028872744
2065,inesco,mdpa,mdpa_h078.wav,Happy,199,Happy,Happy,Happy,True,True,False,0.0004946521,3.436147e-05,0.09018474,0.5751276,0.17819239,0.00025676657,0.1557094
2066,inesco,mdpa,mdpa_h079.wav,Happy,401,Happy,Sad,Sad,False,False,False,0.0010260768,0.011106276,4.117939e-05,0.00049879274,0.39882702,0.5884966,4.0430596e-06
2067,inesco,mdpa,mdpa_h080.wav,Happy,375,Happy,Angry,Angry,False,False,False,0.49422735,0.012517566,0.033333577,0.11005978,0.0015027439,0.30911717,0.03924178
2068,inesco,mdpa,mdpa_h081.wav,Happy,308,Happy,Angry,Angry,False,False,False,0.69609374,0.0040712534,0.00020521764,0.25734824,0.020525305,0.021332828,0.00042341845
2069,inesco,mdpa,mdpa_h082.wav,Happy,327,Happy,Angry,Angry,False,False,False,0.98364925,0.0005118119,0.0014166541,0.0075913332,0.0014560014,0.00027908583,0.00509579
2070,inesco,mdpa,mdpa_h083.wav,Happy,401,Happy,Angry,Angry,False,False,False,0.27351022,0.103935316,0.05070608,0.18810196,0.12834989,0.22901025,0.026386281
2071,inesco,mdpa,mdpa_h084.wav,Happy,234,Happy,Happy,Happy,True,True,False,0.23245916,0.060005743,0.006107545,0.68449056,0.0063428464,0.0048824004,0.0057116956
2072,inesco,mdpa,mdpa_h085.wav,Happy,337,Happy,Angry,Angry,False,False,False,0.5593956,0.0023361102,0.027394224,0.24888319,0.0005428185,0.038900338,0.12254767
2073,inesco,mdpa,mdpa_h086.wav,Happy,247,Happy,Angry,Angry,False,False,False,0.27645406,0.022464551,0.15507683,0.2066665,0.14744098,0.17997989,0.011917177
2074,inesco,mdpa,mdpa_h087.wav,Happy,244,Happy,Neutral,Happy,False,True,True,0.19749086,0.00052320765,0.06916975,0.20268558,0.3486799,0.16757584,0.013874802
2075,inesco,mdpa,mdpa_h088.wav,Happy,285,Happy,Disgust,Sad,False,False,True,0.110726096,0.6509522,9.725969e-06,0.0008969939,0.027919948,0.20942803,6.696036e-05
2076,inesco,mdpa,mdpa_h089.wav,Happy,401,Happy,Happy,Happy,True,True,False,0.46161824,0.00080325996,0.00011063722,0.5301198,0.00020781248,0.004284619,0.0028556336
2077,inesco,mdpa,mdpa_h090.wav,Happy,212,Happy,Neutral,Sad,False,False,True,0.00016148802,7.9980186e-05,6.211838e-05,0.00017475677,0.96106845,0.038452964,2.8219458e-07
2078,inesco,mdpa,mdpa_h091.wav,Happy,343,Happy,Sad,Sad,False,False,False,0.050786577,0.02247514,0.010909417,0.01543044,0.0001597697,0.8980305,0.0022082403
2079,inesco,mdpa,mdpa_h092.wav,Happy,186,Happy,Neutral,Happy,False,True,True,0.049835034,2.5097825e-05,0.0016170088,0.17668581,0.7461701,0.011835137,0.013831755
2080,inesco,mdpa,mdpa_h093.wav,Happy,292,Happy,Angry,Angry,False,False,False,0.964882,0.00022413261,0.0013247859,0.02326092,0.0008070271,0.0011753625,0.008325722
2081,inesco,mdpa,mdpa_h094.wav,Happy,397,Happy,Happy,Happy,True,True,False,0.016408158,8.5802465e-05,0.21125568,0.50561464,0.0055619464,0.044956144,0.21611765
2082,inesco,mdpa,mdpa_h095.wav,Happy,253,Happy,Angry,Angry,False,False,False,0.9859483,2.203034e-05,9.7278375e-05,0.012082332,0.00014656916,0.00059774244,0.0011058114
2083,inesco,mdpa,mdpa_h096.wav,Happy,266,Happy,Angry,Angry,False,False,False,0.8098772,0.00097417657,7.741275e-05,0.17225572,0.00046433363,0.014422065,0.0019291366
2084,inesco,mdpa,mdpa_h097.wav,Happy,237,Happy,Angry,Angry,False,False,False,0.6149249,0.15959138,9.559376e-05,0.09244119,0.11925915,0.0073995907,0.0062882546
2085,inesco,mdpa,mdpa_h098.wav,Happy,401,Happy,Sad,Sad,False,False,False,0.16764437,0.041837424,0.062442046,0.024805032,0.0001692711,0.62507033,0.078031495
2086,inesco,mdpa,mdpa_h099.wav,Happy,122,Happy,Surprise,Happy,False,True,True,0.0019489705,1.3342981e-07,0.012918472,0.45360863,5.021844e-05,3.8425e-06,0.53146976
2087,inesco,mdpa,mdpa_h100.wav,Happy,189,Happy,Happy,Happy,True,True,False,0.022539498,0.00010487263,0.015535651,0.90316254,0.0074810497,0.041714083,0.009462282
2088,inesco,mdpa,mdpa_h101.wav,Happy,212,Happy,Happy,Happy,True,True,False,0.2942868,7.358177e-05,0.0003198997,0.70044816,0.0011375301,0.0032412973,0.0004927582
2089,inesco,mdpa,mdpa_h102.wav,Happy,199,Happy,Neutral,Sad,False,False,True,0.0022895746,1.4460057e-05,0.00018380501,0.068847045,0.5042505,0.42440724,7.2626226e-06
2090,inesco,mdpa,mdpa_h103.wav,Happy,324,Happy,Happy,Happy,True,True,False,0.031124549,0.00037249364,0.00013567322,0.8999857,0.00017333454,0.00040104,0.06780726
2091,inesco,mdpa,mdpa_h104.wav,Happy,401,Happy,Happy,Happy,True,True,False,0.15903723,0.056021966,0.00032295738,0.50084585,0.26458767,0.016357003,0.0028272797
2092,inesco,mdpa,mdpa_h105.wav,Happy,221,Happy,Sad,Sad,False,False,False,0.017541459,0.00035589712,0.00032613525,0.021607833,0.15112516,0.80903727,6.27135e-06
2093,inesco,mdpa,mdpa_h106.wav,Happy,263,Happy,Neutral,Happy,False,True,True,0.0017119861,0.00090203795,0.001955528,0.39683223,0.42865953,0.1699078,3.0915373e-05
2094,inesco,mdpa,mdpa_h107.wav,Happy,353,Happy,Sad,Sad,False,False,False,0.044709306,0.00020162303,0.008693469,0.14521374,0.023820803,0.7629102,0.014450892
2095,inesco,mdpa,mdpa_h108.wav,Happy,401,Happy,Neutral,Sad,False,False,True,0.12051653,0.00032179154,0.08377523,0.115505464,0.43383923,0.24561799,0.00042376024
2096,inesco,mdpa,mdpa_h109.wav,Happy,247,Happy,Angry,Angry,False,False,False,0.46566916,0.1106625,0.021406734,0.36201903,0.009769664,0.019413982,0.011058903
2097,inesco,mdpa,mdpa_h110.wav,Happy,308,Happy,Angry,Angry,False,False,False,0.69665396,0.0056972215,0.008235088,0.13645478,0.004745541,0.0029117463,0.14530164
2098,inesco,mdpa,mdpa_h111.wav,Happy,365,Happy,Angry,Angry,False,False,False,0.7443424,0.10533706,0.00036718894,0.017797796,0.00030860666,0.050402682,0.08144427
2099,inesco,mdpa,mdpa_h112.wav,Happy,401,Happy,Angry,Angry,False,False,False,0.8098829,0.0013171592,5.610664e-05,0.16784614,0.00033430773,0.00096101424,0.019602371
2100,inesco,mdpa,mdpa_h113.wav,Happy,401,Happy,Angry,Angry,False,False,False,0.89970505,0.00027274215,6.4532076e-05,0.089844614,0.0008066753,0.008730155,0.0005761685
2101,inesco,mdpa,mdpa_h114.wav,Happy,231,Happy,Angry,Angry,False,False,False,0.4996646,0.31366757,0.006122999,0.15824412,0.00076716783,0.0027101338,0.01882339
2102,inesco,mdpa,mdpa_h115.wav,Happy,369,Happy,Sad,Sad,False,False,False,0.085385874,0.059862018,0.0039920453,0.013899035,0.00038550023,0.8314585,0.005017055
2103,inesco,mdpa,mdpa_h116.wav,Happy,138,Happy,Happy,Happy,True,True,False,0.0024592255,9.105719e-06,0.1848605,0.3919073,0.32817712,0.08517539,0.0074112676
2104,inesco,mdpa,mdpa_h117.wav,Happy,173,Happy,Happy,Happy,True,True,False,6.865108e-05,0.0002608701,0.042802915,0.7269487,0.0041935337,0.0030849501,0.22264035
2105,inesco,mdpa,mdpa_h118.wav,Happy,247,Happy,Happy,Happy,True,True,False,0.015827887,0.00056240207,0.011830439,0.70105404,0.14257342,0.12763408,0.0005176865
2106,inesco,mdpa,mdpa_h119.wav,Happy,260,Happy,Happy,Happy,True,True,False,0.025651315,0.00024144992,0.08259432,0.54657763,0.054642756,0.024210274,0.2660822
2107,inesco,mdpa,mdpa_h120.wav,Happy,346,Happy,Angry,Angry,False,False,False,0.9626446,0.0014389553,3.7250727e-05,0.014964889,3.9445556e-05,2.0913727e-05,0.020853939
2108,inesco,mdpa,mdpa_h121.wav,Happy,212,Happy,Angry,Angry,False,False,False,0.994013,0.0034714204,1.791025e-05,0.0021366964,9.171368e-06,2.784705e-05,0.00032387
2109,inesco,mdpa,mdpa_h122.wav,Happy,209,Happy,Neutral,Sad,False,False,True,0.037479162,0.12606075,0.00047785492,0.007500483,0.7546587,0.06629866,0.007524366
2110,inesco,mdpa,mdpa_h123.wav,Happy,330,Happy,Neutral,Angry,False,False,True,0.3748938,0.020464042,3.4248977e-05,0.0016692225,0.5649514,0.037922055,6.5162385e-05
2111,inesco,mdpa,mdpa_h124.wav,Happy,308,Happy,Angry,Angry,False,False,False,0.74233145,0.045920152,0.01411506,0.07005313,0.023081724,0.0063402206,0.098158285
2112,inesco,mdpa,mdpa_h125.wav,Happy,138,Happy,Fear,Angry,False,False,True,0.000791891,1.9716094e-06,0.9982527,9.7386976e-05,8.665341e-06,2.2681338e-06,0.0008451619
2113,inesco,mdpa,mdpa_h126.wav,Happy,343,Happy,Angry,Angry,False,False,False,0.36433014,0.0143683,0.045053467,0.27081212,0.0031747238,0.013114524,0.2891468
2114,inesco,mdpa,mdpa_h127.wav,Happy,253,Happy,Disgust,Sad,False,False,True,0.0022241676,0.84967023,0.00010586303,9.3676186e-05,0.003569909,0.1442248,0.0001113637
2115,inesco,mdpa,mdpa_h128.wav,Happy,276,Happy,Happy,Happy,True,True,False,0.10706433,0.0030034122,0.008787324,0.7981984,0.027714118,0.016548902,0.03868345
2116,inesco,mdpa,mdpa_h129.wav,Happy,189,Happy,Neutral,Happy,False,True,True,0.0011512488,4.453811e-06,5.5932847e-05,0.32489613,0.6730415,0.00047331408,0.00037741984
2117,inesco,mdpa,mdpa_h130.wav,Happy,170,Happy,Neutral,Angry,False,False,True,0.24066862,2.667142e-05,7.258616e-05,0.05420276,0.7035749,0.0007983727,0.00065609225
2118,inesco,mdpa,mdpa_h131.wav,Happy,164,Happy,Happy,Happy,True,True,False,0.0053304955,1.0142729e-05,0.008888706,0.8032537,0.13621686,0.045993377,0.0003067178
2119,inesco,mdpa,mdpa_h132.wav,Happy,269,Happy,Sad,Sad,False,False,False,0.09055758,0.0025017427,0.3773572,0.06444402,0.020921491,0.41782832,0.026389599
2120,inesco,mdpa,mdpa_h133.wav,Happy,221,Happy,Neutral,Happy,False,True,True,0.08482293,0.0013104728,0.28522494,0.16368206,0.39090562,0.057205785,0.016848141
2121,inesco,mdpa,mdpa_h134.wav,Happy,401,Happy,Surprise,Sad,False,False,True,0.052821055,0.0973551,0.06239717,0.10534203,0.0021110058,0.15749785,0.5224758
2122,inesco,mdpa,mdpa_h135.wav,Happy,301,Happy,Angry,Angry,False,False,False,0.8538437,0.0072180294,0.00035383747,0.049666435,0.0030629397,0.07544233,0.010412758
2123,inesco,mdpa,mdpa_h136.wav,Happy,253,Happy,Happy,Happy,True,True,False,0.18833736,0.008996605,0.00075404847,0.77134997,0.012173212,0.006654844,0.011734048
2124,inesco,mdpa,mdpa_h137.wav,Happy,97,Happy,Surprise,Happy,False,True,True,0.00012239354,1.8478528e-06,0.43625042,0.0011494888,1.8820543e-07,4.7370784e-05,0.56242836
2125,inesco,mdpa,mdpa_h138.wav,Happy,193,Happy,Happy,Happy,True,True,False,0.042174753,0.00019909751,0.00010065189,0.9561272,0.0010091384,0.00038701366,2.124263e-06
2126,inesco,mdpa,mdpa_h139.wav,Happy,180,Happy,Happy,Happy,True,True,False,0.00014236014,0.00020985898,0.0031787583,0.9914853,0.00021512061,0.004615111,0.00015357448
2127,inesco,mdpa,mdpa_h140.wav,Happy,167,Happy,Neutral,Sad,False,False,True,1.5115214e-05,7.0360816e-06,0.001192653,0.11048568,0.63561374,0.25254273,0.00014297695
2128,inesco,mdpa,mdpa_h141.wav,Happy,215,Happy,Happy,Happy,True,True,False,0.00013785937,3.3591357e-05,0.03084938,0.967319,0.00020952833,0.0012741241,0.00017654356
2129,inesco,mdpa,mdpa_h142.wav,Happy,189,Happy,Neutral,Happy,False,True,True,0.007920388,0.00014905396,0.005880036,0.31823227,0.46211025,0.20565538,5.2531057e-05
2130,inesco,mdpa,mdpa_h143.wav,Happy,276,Happy,Angry,Angry,False,False,False,0.6749017,0.05212377,0.00015593386,0.018764932,0.22077242,0.033181276,9.993537e-05
2131,inesco,mdpa,mdpa_h144.wav,Happy,205,Happy,Angry,Angry,False,False,False,0.9528113,0.043532155,2.6139726e-06,0.0033697062,0.00016075984,7.145802e-05,5.198954e-05
2132,inesco,mdpa,mdpa_h145.wav,Happy,170,Happy,Happy,Happy,True,True,False,0.00052740163,5.220225e-05,0.044507854,0.6038049,0.3121966,0.014782438,0.024128586
2133,inesco,mdpa,mdpa_h146.wav,Happy,84,Happy,Angry,Angry,False,False,False,0.91525334,9.004605e-05,0.012170718,0.010861239,0.002561002,0.0007530575,0.05831059
2134,inesco,mdpa,mdpa_h147.wav,Happy,164,Happy,Surprise,Happy,False,True,True,0.009027412,0.00020691085,0.028661447,0.08831981,5.4403044e-05,3.1422293e-05,0.8736986
2135,inesco,mdpa,mdpa_h148.wav,Happy,148,Happy,Happy,Happy,True,True,False,0.16820905,0.00044005268,0.050342564,0.64555043,0.067719564,0.04450028,0.023238072
2136,inesco,mdpa,mdpa_h149.wav,Happy,301,Happy,Angry,Angry,False,False,False,0.75547683,0.031385537,0.00071742747,0.014605861,0.0001831181,0.18447465,0.013156502
2137,inesco,mdpa,mdpa_h150.wav,Happy,253,Happy,Surprise,Happy,False,True,True,0.003300334,2.9631805e-05,0.0020618502,0.3558154,9.506216e-05,3.6630267e-05,0.6386611
2138,inesco,mdpa,mdpa_h151.wav,Happy,250,Happy,Happy,Happy,True,True,False,0.10849907,0.015077143,0.19486406,0.51807696,0.0016475249,0.15300947,0.008825712
2139,inesco,mdpa,mdpa_h152.wav,Happy,401,Happy,Surprise,Angry,False,False,True,0.17619817,0.004215499,0.16409592,0.016259568,4.402353e-05,0.006841961,0.63234484
2140,inesco,mdpa,mdpa_h153.wav,Happy,401,Happy,Sad,Sad,False,False,False,0.2208276,0.009329227,0.049252775,0.12212368,0.0021507312,0.436319,0.15999703
2141,inesco,mdpa,mdpa_h154.wav,Happy,317,Happy,Surprise,Angry,False,False,True,0.019156672,0.00023849642,0.001345002,0.0010464047,1.3685747e-08,2.3221955e-05,0.9781902
2142,inesco,mdpa,mdpa_h155.wav,Happy,221,Happy,Sad,Sad,False,False,False,0.21359935,0.0018334828,0.00024324642,0.20920558,0.09578424,0.47931886,1.5275467e-05
2143,inesco,mdpa,mdpa_h156.wav,Happy,314,Happy,Angry,Angry,False,False,False,0.6723398,0.00018976977,0.07772191,0.056961317,0.001665697,0.060428374,0.13069306
2144,inesco,mdpa,mdpa_h157.wav,Happy,308,Happy,Sad,Sad,False,False,False,0.0016508197,0.003249121,2.2037528e-05,0.0032746557,0.1414086,0.8503898,4.995949e-06
2145,inesco,mdpa,mdpa_h158.wav,Happy,257,Happy,Happy,Happy,True,True,False,0.041076627,0.00046969444,0.13757591,0.56635463,0.019014519,0.16057266,0.0749359
2146,inesco,mdpa,mdpa_h159.wav,Happy,253,Happy,Happy,Happy,True,True,False,0.00037660028,4.145213e-07,0.0022607872,0.99471045,7.157216e-08,4.428914e-07,0.0026512065
2147,inesco,mdpa,mdpa_h160.wav,Happy,250,Happy,Angry,Angry,False,False,False,0.49151507,0.25774074,0.004200059,0.021282187,0.0047415025,0.22017394,0.00034653762
2148,inesco,mdpa,mdpa_h161.wav,Happy,186,Happy,Happy,Happy,True,True,False,0.0007554195,7.467207e-05,7.277241e-05,0.9950358,0.0012310744,0.0028290485,1.1384284e-06
2149,inesco,mdpa,mdpa_h162.wav,Happy,260,Happy,Sad,Sad,False,False,False,0.010218857,0.003219013,0.03117601,0.0018280245,0.17101057,0.78092736,0.0016201319
2150,inesco,mdpa,mdpa_h163.wav,Happy,301,Happy,Surprise,Happy,False,True,True,0.00068596104,0.0053583733,0.4474021,0.013774277,2.6154464e-06,0.008890089,0.5238866
2151,inesco,mdpa,mdpa_h164.wav,Happy,167,Happy,Neutral,Happy,False,True,True,4.7630914e-05,1.7826868e-06,0.0055210716,0.30887964,0.6843315,0.0012170922,1.315602e-06
2152,inesco,mdpa,mdpa_h165.wav,Happy,193,Happy,Happy,Happy,True,True,False,1.6890286e-05,0.0033791515,0.0037399554,0.5633797,0.0032965192,0.4256974,0.00049043365
2153,inesco,mdpa,mdpa_h166.wav,Happy,87,Happy,Surprise,Happy,False,True,True,0.00042008274,8.0133605e-06,0.17590106,0.009038206,0.00038828637,0.0004360563,0.81380826
2154,inesco,mdpa,mdpa_h167.wav,Happy,157,Happy,Happy,Happy,True,True,False,0.016454112,2.5700418e-05,0.002111489,0.928595,0.041611254,0.0065635424,0.004638901
2155,inesco,mdpa,mdpa_h168.wav,Happy,193,Happy,Fear,Happy,False,True,True,0.0006576737,0.0010565884,0.47594544,0.4522896,0.00040768608,0.00017003421,0.069473036
2156,inesco,mdpa,mdpa_h169.wav,Happy,189,Happy,Sad,Sad,False,False,False,0.00010332688,9.90334e-05,0.037895903,0.04055553,0.05998201,0.85524845,0.006115733
2157,inesco,mdpa,mdpa_h170.wav,Happy,180,Happy,Angry,Angry,False,False,False,0.8725327,1.2585539e-06,3.3536899e-06,0.016109472,0.11133737,1.40593775e-05,1.7505231e-06
2158,inesco,mdpa,mdpa_h171.wav,Happy,173,Happy,Angry,Angry,False,False,False,0.8200813,2.676262e-05,0.0002845908,0.16396014,0.0016070005,0.00043981703,0.013600368
2159,inesco,mdpa,mdpa_h172.wav,Happy,295,Happy,Happy,Happy,True,True,False,0.0010781293,0.00016732315,0.1162408,0.85811156,0.002661682,0.008853873,0.0128865605
2160,inesco,mdpa,mdpa_h173.wav,Happy,212,Happy,Angry,Angry,False,False,False,0.8745638,0.005706819,0.0004461005,0.05082758,0.048843045,0.019008113,0.00060451543
2161,inesco,mdpa,mdpa_h174.wav,Happy,103,Happy,Fear,Angry,False,False,True,0.29109502,0.00010913395,0.55489415,0.0985633,0.0003593761,0.000329288,0.054649774
2162,inesco,mdpa,mdpa_h175.wav,Happy,218,Happy,Neutral,Happy,False,True,True,0.0009613903,0.0006355092,0.03958649,0.1698246,0.76473343,0.008546535,0.01571196
2163,inesco,mdpa,mdpa_h176.wav,Happy,196,Happy,Happy,Happy,True,True,False,0.057325058,0.001457461,8.5547e-05,0.7784465,0.017863652,0.14480385,1.7912891e-05
2164,inesco,mdpa,mdpa_h177.wav,Happy,285,Happy,Surprise,Happy,False,True,True,0.03284667,0.0027994567,0.01914674,0.23763788,0.00038933588,0.008683532,0.69849634
2165,inesco,mdpa,mdpa_h178.wav,Happy,401,Happy,Surprise,Sad,False,False,True,0.05729179,0.01556313,0.014089015,0.06085182,4.7249723e-05,0.28657296,0.56558394
2166,inesco,mdpa,mdpa_h179.wav,Happy,241,Happy,Happy,Happy,True,True,False,0.14276136,0.042863287,0.0046123657,0.7750159,0.006473783,0.017492339,0.010780995
2167,inesco,mdpa,mdpa_h180.wav,Happy,221,Happy,Happy,Happy,True,True,False,0.09008503,5.7806945e-05,0.059976343,0.61237556,0.00073685864,0.23674609,2.2345623e-05
2168,inesco,mdpa,mdpa_h181.wav,Happy,138,Happy,Surprise,Angry,False,False,True,0.4224362,7.448701e-05,0.095059164,0.0052976836,0.0011191604,9.441065e-05,0.47591883
2169,inesco,mdpa,mdpa_h182.wav,Happy,205,Happy,Fear,Sad,False,False,True,0.016869336,0.00035068084,0.90705454,0.02057268,0.002143295,0.050664015,0.0023454672
2170,inesco,mdpa,mdpa_h183.wav,Happy,180,Happy,Neutral,Happy,False,True,True,0.007971377,0.0013143005,0.008448447,0.022729637,0.9455409,0.013548452,0.00044676434
2171,inesco,mdpa,mdpa_h184.wav,Happy,141,Happy,Fear,Happy,False,True,True,0.00014659377,0.00013906616,0.6739221,0.003793056,0.00015520435,0.0016461738,0.32019773
2172,inesco,mdpa,mdpa_h185.wav,Happy,269,Happy,Sad,Sad,False,False,False,0.0060222484,0.019931423,0.0013658339,0.18844837,0.1695572,0.60878617,0.005888721
2173,inesco,mdpa,mdpa_h186.wav,Happy,337,Happy,Angry,Angry,False,False,False,0.9212564,0.0006247428,0.0014061508,0.004933816,2.8795026e-05,0.0003197523,0.07143033
2174,inesco,mdpa,mdpa_h187.wav,Happy,401,Happy,Disgust,Angry,False,False,True,0.39661098,0.57456255,9.710599e-05,0.003944591,1.8709434e-05,0.009666503,0.015099603
2175,inesco,mdpa,mdpa_h188.wav,Happy,285,Happy,Happy,Happy,True,True,False,0.36383578,0.039033875,0.01543946,0.4940103,0.007023934,0.006982272,0.073674425
2176,inesco,mdpa,mdpa_h189.wav,Happy,311,Happy,Angry,Angry,False,False,False,0.88294005,0.015529106,0.0028387029,0.040568575,0.04399541,0.0026867636,0.011441413
2177,inesco,mdpa,mdpa_h190.wav,Happy,269,Happy,Angry,Angry,False,False,False,0.9830147,0.0013946361,0.002508294,0.0031495234,0.00010106714,0.009387266,0.00044452012
2178,inesco,mdpa,mdpa_h191.wav,Happy,244,Happy,Happy,Happy,True,True,False,0.00051909155,0.00070937944,0.008982148,0.7828999,0.004506713,0.12807526,0.07430748
2179,inesco,mdpa,mdpa_h192.wav,Happy,397,Happy,Disgust,Angry,False,False,True,0.10267867,0.7950656,0.011145611,0.016513918,0.00036375108,0.0011414204,0.073091134
2180,inesco,mdpa,mdpa_h193.wav,Happy,343,Happy,Surprise,Happy,False,True,True,0.00082736096,0.0008577022,0.15401146,0.033383388,2.4711708e-05,0.004303985,0.80659133
2181,inesco,mdpa,mdpa_h194.wav,Happy,401,Happy,Angry,Angry,False,False,False,0.77636564,0.010974105,0.0031767692,0.0003725172,7.993982e-09,2.5541434e-05,0.20908543
2182,inesco,mdpa,mdpa_h195.wav,Happy,276,Happy,Surprise,Sad,False,False,True,0.15634806,0.24598561,0.018172365,0.09106729,0.0027986632,0.21857274,0.26705527
2183,inesco,mdpa,mdpa_h196.wav,Happy,401,Happy,Happy,Happy,True,True,False,0.014639166,0.06311746,0.0016066323,0.6620306,0.012719052,0.24471988,0.0011672135
2184,inesco,mdpa,mdpa_h197.wav,Happy,189,Happy,Angry,Angry,False,False,False,0.9455912,5.867007e-06,0.0007193832,0.04236664,0.0003613641,0.010922305,3.3269524e-05
2185,inesco,mdpa,mdpa_h198.wav,Happy,292,Happy,Sad,Sad,False,False,False,0.002660069,0.052222304,0.012938938,0.018830854,2.5126726e-06,0.91086,0.0024853933
2186,inesco,mdpa,mdpa_h199.wav,Happy,199,Happy,Neutral,Happy,False,True,True,0.018807882,0.00053006236,0.00044962688,0.44865412,0.52128124,0.009854365,0.00042277752
2187,inesco,mdpa,mdpa_h200.wav,Happy,74,Happy,Surprise,Angry,False,False,True,0.3204911,0.00022354112,0.07458356,0.044415474,0.00034181424,0.00048395756,0.5594605
2188,inesco,mdpa,mdpa_h201.wav,Happy,266,Happy,Sad,Sad,False,False,False,0.0020890832,0.00029401682,0.011618613,0.0126535585,0.020631459,0.95199835,0.00071490905
2189,inesco,mdpa,mdpa_h202.wav,Happy,282,Happy,Sad,Sad,False,False,False,0.0016401256,0.00022454941,0.00093871896,0.17521837,0.24879059,0.5728151,0.00037255342
2190,inesco,mdpa,mdpa_h203.wav,Happy,209,Happy,Angry,Angry,False,False,False,0.99599993,0.0005144593,2.8950742e-05,0.0031250168,3.84679e-05,0.00027939206,1.3749588e-05
2191,inesco,mdpa,mdpa_h204.wav,Happy,244,Happy,Happy,Happy,True,True,False,0.3650781,0.00010394396,0.0013088034,0.630621,0.0018085041,0.0007896754,0.0002898901
2192,inesco,mdpa,mdpa_h205.wav,Happy,388,Happy,Angry,Angry,False,False,False,0.4546749,0.088328965,0.00017100191,0.0031090698,1.2205086e-07,0.00070987554,0.45300606
2193,inesco,mdpa,mdpa_h206.wav,Happy,308,Happy,Angry,Angry,False,False,False,0.95432115,0.019784154,0.001181035,0.004205555,0.0011488283,0.017068842,0.002290434
2194,inesco,mdpa,mdpa_h207.wav,Happy,401,Happy,Happy,Happy,True,True,False,0.10201134,0.0077816336,0.0017630364,0.64019805,0.0031579009,0.22599925,0.01908881
2195,inesco,mdpa,mdpa_h208.wav,Happy,257,Happy,Surprise,Happy,False,True,True,0.06703318,0.004643343,0.08589905,0.38091102,0.002738197,0.02744726,0.43132788
2196,inesco,mdpa,mdpa_h209.wav,Happy,375,Happy,Angry,Angry,False,False,False,0.82955986,0.0035708332,0.020180194,0.07643747,0.0012263507,0.026827583,0.042197745
2197,inesco,mdpa,mdpa_h210.wav,Happy,401,Happy,Surprise,Happy,False,True,True,0.00019680467,0.0016516767,0.04908254,0.03949337,7.8684434e-07,0.012564437,0.8970104
2198,inesco,mdpa,mdpa_h211.wav,Happy,260,Happy,Sad,Sad,False,False,False,0.038791187,0.014631091,0.048161674,0.0021718645,6.736227e-05,0.88462913,0.011547629
2199,inesco,mdpa,mdpa_s402.wav,Sad,401,Sad,Fear,Sad,False,True,True,0.0039061843,0.0010403143,0.47712284,0.010280404,7.336962e-06,0.18625008,0.3213929
2200,inesco,mdpa,mdpa_s403.wav,Sad,391,Sad,Sad,Sad,True,True,False,0.00020687403,0.00031290806,8.820651e-05,0.0012203887,0.0014784684,0.99669135,1.8617359e-06
2201,inesco,mdpa,mdpa_s404.wav,Sad,401,Sad,Sad,Sad,True,True,False,0.00858102,0.19148758,0.036194015,0.0073790597,0.00040668654,0.73810804,0.017843656
2202,inesco,mdpa,mdpa_s405.wav,Sad,401,Sad,Happy,Happy,False,False,False,0.0002191696,0.046444293,0.043060426,0.79092574,0.050846573,0.062324736,0.0061789835
2203,inesco,mdpa,mdpa_s406.wav,Sad,401,Sad,Surprise,Happy,False,False,True,1.4909054e-07,8.342066e-08,0.021346085,0.0053737652,5.706342e-09,0.00010300463,0.97317696
2204,inesco,mdpa,mdpa_s407.wav,Sad,401,Sad,Sad,Sad,True,True,False,0.00018076875,0.15188552,0.0040483274,0.0028656214,0.0002727315,0.8401191,0.00062792323
2205,inesco,mdpa,mdpa_s408.wav,Sad,269,Sad,Sad,Sad,True,True,False,0.06996573,0.01259222,0.18101284,0.002161938,3.0142037e-06,0.6860186,0.04824567
2206,inesco,mdpa,mdpa_s409.wav,Sad,401,Sad,Surprise,Sad,False,True,True,0.0734537,0.0076507055,0.073170476,0.16921969,0.0021345266,0.29143232,0.38293853
2207,inesco,mdpa,mdpa_s410.wav,Sad,401,Sad,Happy,Happy,False,False,False,0.0005034143,6.5788074e-05,0.00026844005,0.99199295,0.00032652004,0.0009977029,0.0058451723
2208,inesco,mdpa,mdpa_s411.wav,Sad,372,Sad,Sad,Sad,True,True,False,0.00047942036,0.039192453,0.00050118536,0.0067519317,6.795999e-06,0.9485669,0.004501318
2209,inesco,mdpa,mdpa_s412.wav,Sad,199,Sad,Sad,Sad,True,True,False,0.005837967,0.00015865904,0.039235763,0.00470878,0.001561271,0.9420951,0.006402426
2210,inesco,mdpa,mdpa_s413.wav,Sad,401,Sad,Sad,Sad,True,True,False,2.167844e-05,0.00025628638,1.1030073e-05,4.041741e-06,2.2086348e-05,0.99968493,2.357124e-08
2211,inesco,mdpa,mdpa_s414.wav,Sad,356,Sad,Angry,Angry,False,False,False,0.84964234,0.11900211,8.529238e-05,0.0016133459,0.00019450062,0.001045162,0.028417313
2212,inesco,mdpa,mdpa_s415.wav,Sad,135,Sad,Fear,Happy,False,False,True,0.024802845,1.2463665e-05,0.47686258,0.062118758,0.00040765916,0.0005643802,0.4352314
2213,inesco,mdpa,mdpa_s416.wav,Sad,401,Sad,Disgust,Angry,False,False,True,0.03346069,0.9485807,0.00068859634,3.0442052e-05,1.0098237e-05,0.016452692,0.0007767637
2214,inesco,mdpa,mdpa_s417.wav,Sad,282,Sad,Angry,Angry,False,False,False,0.8568631,0.00012783657,0.020218343,0.099222645,0.009468459,0.011774162,0.0023253942
2215,inesco,mdpa,mdpa_s418.wav,Sad,401,Sad,Fear,Sad,False,True,True,0.00019672354,3.049581e-05,0.7321694,0.019453513,2.4632045e-05,0.07995481,0.16817051
2216,inesco,mdpa,mdpa_s419.wav,Sad,401,Sad,Happy,Happy,False,False,False,0.00030732327,0.0015044898,0.00088466617,0.86445737,0.00015861077,0.052626234,0.08006122
2217,inesco,mdpa,mdpa_s420.wav,Sad,132,Sad,Angry,Angry,False,False,False,0.49109736,2.3781172e-06,0.12810768,0.37164044,0.004225128,1.843112e-05,0.0049085245
2218,inesco,mdpa,mdpa_s421.wav,Sad,401,Sad,Angry,Angry,False,False,False,0.53983134,0.041877832,0.0018312563,0.16037351,4.9834896e-05,0.25448266,0.0015535447
2219,inesco,mdpa,mdpa_s422.wav,Sad,401,Sad,Happy,Happy,False,False,False,0.31006622,0.047066916,0.0060533783,0.4839344,0.0002786206,0.14737836,0.0052221343
2220,inesco,mdpa,mdpa_s423.wav,Sad,305,Sad,Surprise,Happy,False,False,True,0.00066392595,0.00042008376,0.01809109,0.007332039,3.5798087e-07,0.0022685227,0.97122395
2221,inesco,mdpa,mdpa_s424.wav,Sad,340,Sad,Surprise,Angry,False,False,True,0.46221277,0.0021207668,0.0070954836,0.048459496,3.4137108e-06,0.00061260385,0.47949547
2222,inesco,mdpa,mdpa_s425.wav,Sad,401,Sad,Surprise,Happy,False,False,True,0.0005102939,0.0034753068,0.33064005,0.0048831464,2.2077547e-05,0.00364927,0.65681976
2223,inesco,mdpa,mdpa_s426.wav,Sad,401,Sad,Angry,Angry,False,False,False,0.8577037,0.00900916,0.005003788,0.003850066,0.00010152025,0.023802478,0.10052936
2224,inesco,mdpa,mdpa_s427.wav,Sad,401,Sad,Surprise,Happy,False,False,True,7.300101e-07,1.11740974e-07,0.003346373,0.16598888,2.8330895e-08,1.6467372e-06,0.83066225
2225,inesco,mdpa,mdpa_s428.wav,Sad,401,Sad,Happy,Happy,False,False,False,1.1781282e-06,0.00016998254,0.31970608,0.49899083,4.6632842e-05,0.0016478676,0.17943746
2226,inesco,mdpa,mdpa_s429.wav,Sad,401,Sad,Sad,Sad,True,True,False,0.021669619,0.1895069,1.5017349e-05,0.00012541992,2.3365687e-05,0.78862286,3.6873e-05
2227,inesco,mdpa,mdpa_s430.wav,Sad,401,Sad,Sad,Sad,True,True,False,0.0010380225,0.0046267677,1.40561115e-05,2.8878369e-05,0.0035665997,0.9907256,1.1259503e-07
2228,inesco,mdpa,mdpa_s431.wav,Sad,234,Sad,Neutral,Happy,False,False,True,0.0024740677,9.9150784e-05,0.009051546,0.11464933,0.822443,0.051210172,7.272001e-05
2229,inesco,mdpa,mdpa_s432.wav,Sad,330,Sad,Angry,Angry,False,False,False,0.9927101,0.00092123955,0.000118466625,0.002920372,7.0195245e-05,4.719455e-05,0.0032123877
2230,inesco,mdpa,mdpa_s433.wav,Sad,330,Sad,Angry,Angry,False,False,False,0.5862459,0.17052697,0.0062505915,0.0061187604,0.2128127,0.013468516,0.004576579
2231,inesco,mdpa,mdpa_s434.wav,Sad,311,Sad,Neutral,Angry,False,False,True,0.1733111,0.119685195,0.020717373,0.1417056,0.36762807,0.09453721,0.08241544
2232,inesco,mdpa,mdpa_s435.wav,Sad,202,Sad,Neutral,Sad,False,True,True,0.08697169,0.0002438397,0.0017013862,0.06626471,0.4532081,0.3915876,2.270937e-05
2233,inesco,mdpa,mdpa_s436.wav,Sad,212,Sad,Neutral,Angry,False,False,True,0.020575615,0.0023368248,0.0038551434,0.0089616645,0.95755094,0.0033669728,0.00335289
2234,inesco,mdpa,mdpa_s437.wav,Sad,295,Sad,Sad,Sad,True,True,False,0.04185756,0.00231254,0.14860809,0.11277976,0.0025812252,0.68200487,0.009855988
2235,inesco,mdpa,mdpa_s438.wav,Sad,401,Sad,Surprise,Sad,False,True,True,0.007452739,0.12588207,0.02702955,0.15101354,0.0019946634,0.16203415,0.5245933
2236,inesco,mdpa,mdpa_s439.wav,Sad,401,Sad,Sad,Sad,True,True,False,7.0404625e-05,0.006914693,3.2439744e-05,0.00051735836,0.0040476234,0.9884166,7.6881025e-07
2237,inesco,mdpa,mdpa_s440.wav,Sad,401,Sad,Angry,Angry,False,False,False,0.43241087,0.0035129965,0.083938286,0.13317269,9.8011566e-05,0.33532402,0.011543141
2238,inesco,mdpa,mdpa_s441.wav,Sad,401,Sad,Sad,Sad,True,True,False,0.26896164,0.15785843,0.0020269735,0.0060060024,0.008587646,0.5564355,0.00012386523
2239,inesco,mdpa,mdpa_s442.wav,Sad,314,Sad,Angry,Angry,False,False,False,0.35758078,0.006953059,0.019406185,0.3230312,0.062490866,0.19565035,0.034887612
2240,inesco,mdpa,mdpa_s443.wav,Sad,401,Sad,Fear,Happy,False,False,True,6.923384e-05,0.0015562071,0.97628504,0.00049153843,5.2801374e-06,0.00046052775,0.021132316
2241,inesco,mdpa,mdpa_s444.wav,Sad,401,Sad,Sad,Sad,True,True,False,0.0006195976,7.471526e-05,0.06462521,0.3698554,0.14464612,0.41972345,0.00045549008
2242,inesco,mdpa,mdpa_s445.wav,Sad,401,Sad,Disgust,Sad,False,True,True,0.00017674526,0.67903817,0.0037641143,0.03172663,3.6833768e-05,0.27598205,0.009275422
2243,inesco,mdpa,mdpa_s446.wav,Sad,401,Sad,Happy,Happy,False,False,False,0.16408451,0.17795384,0.0002698727,0.42621303,0.005616807,0.22377308,0.0020888103
2244,inesco,mdpa,mdpa_s447.wav,Sad,401,Sad,Angry,Angry,False,False,False,0.6336472,0.025205633,0.016377274,0.14909478,0.00037253852,0.06918504,0.106117554
2245,inesco,mdpa,mdpa_s448.wav,Sad,301,Sad,Angry,Angry,False,False,False,0.6515298,0.025363497,0.0044120853,0.018516032,0.031443153,0.2675071,0.001228386
2246,inesco,mdpa,mdpa_s449.wav,Sad,401,Sad,Happy,Happy,False,False,False,0.014708225,0.021048205,0.06441906,0.7643521,0.03466991,0.06583499,0.034967482
2247,inesco,mdpa,mdpa_s450.wav,Sad,263,Sad,Angry,Angry,False,False,False,0.9822702,0.005983792,0.00016310804,0.002691759,0.0055420566,0.0014143401,0.0019346973
2248,inesco,mdpa,mdpa_s451.wav,Sad,321,Sad,Happy,Happy,False,False,False,0.2588844,0.0005825466,0.008230257,0.6611047,0.0012494453,0.0010682088,0.068880446
2249,inesco,mdpa,mdpa_s452.wav,Sad,401,Sad,Angry,Angry,False,False,False,0.35495088,0.049214605,0.025441423,0.032746073,0.33013454,0.20704465,0.00046777236
2250,inesco,mdpa,mdpa_s453.wav,Sad,349,Sad,Sad,Sad,True,True,False,0.15569082,0.015854668,0.005892277,0.16709657,0.0040607965,0.64822567,0.0031792426
2251,inesco,mdpa,mdpa_s454.wav,Sad,388,Sad,Neutral,Angry,False,False,True,0.22354433,0.0007682581,0.01450689,0.006289555,0.68437994,0.06954737,0.0009635757
2252,inesco,mdpa,mdpa_s455.wav,Sad,295,Sad,Angry,Angry,False,False,False,0.94860643,0.0020468226,0.009306469,0.02790205,0.00072953186,0.006691305,0.004717499
2253,inesco,mdpa,mdpa_s456.wav,Sad,401,Sad,Disgust,Angry,False,False,True,0.25547162,0.5927162,0.00040103172,0.06989443,0.035964224,0.010759481,0.034793064
2254,inesco,mdpa,mdpa_s457.wav,Sad,401,Sad,Sad,Sad,True,True,False,0.0025012416,0.0037289865,0.016821919,0.13798164,0.003212396,0.79106265,0.04469114
2255,inesco,mdpa,mdpa_s458.wav,Sad,276,Sad,Neutral,Angry,False,False,True,0.38348207,0.0003769473,0.019754589,0.025044998,0.5565234,0.012755673,0.0020624225
2256,inesco,mdpa,mdpa_s459.wav,Sad,401,Sad,Angry,Angry,False,False,False,0.6145201,0.24325982,0.005863582,0.0028647007,0.0016941128,0.12937954,0.002418174
2257,inesco,mdpa,mdpa_s460.wav,Sad,257,Sad,Happy,Happy,False,False,False,0.055359717,0.0018250073,0.03156089,0.87729645,0.001777186,0.009412963,0.022767711
2258,inesco,mdpa,mdpa_s461.wav,Sad,346,Sad,Angry,Angry,False,False,False,0.9190722,0.0007260045,0.0034814763,0.060262643,3.414319e-05,0.015070144,0.001353411
2259,inesco,mdpa,mdpa_s462.wav,Sad,401,Sad,Disgust,Sad,False,True,True,0.0012905604,0.65179324,0.012856648,0.0060391845,6.0786255e-07,0.09503566,0.2329841
2260,inesco,mdpa,mdpa_s463.wav,Sad,356,Sad,Happy,Happy,False,False,False,0.013352929,3.6802256e-05,0.03507876,0.9069087,0.0007977999,0.002237845,0.04158711
2261,inesco,mdpa,mdpa_s464.wav,Sad,276,Sad,Angry,Angry,False,False,False,0.9728045,0.0001250326,0.005731722,0.014747834,0.00024242062,0.00056680525,0.005781702
2262,inesco,mdpa,mdpa_s465.wav,Sad,388,Sad,Angry,Angry,False,False,False,0.7360863,0.01689015,0.001637938,0.1533828,0.0016071553,0.013499411,0.076896235
2263,inesco,mdpa,mdpa_s466.wav,Sad,301,Sad,Angry,Angry,False,False,False,0.51094407,0.0817993,0.00075953524,0.0034993575,0.0046290657,0.3823964,0.015972331
2264,inesco,mdpa,mdpa_s467.wav,Sad,106,Sad,Angry,Angry,False,False,False,0.99978083,1.48688905e-05,6.193664e-05,5.6860383e-05,2.2919881e-05,2.6144676e-06,5.997034e-05
2265,inesco,mdpa,mdpa_s468.wav,Sad,234,Sad,Angry,Angry,False,False,False,0.91099465,0.007931432,0.00033054553,0.010954853,0.01713877,0.05218032,0.0004694215
2266,inesco,mdpa,mdpa_s469.wav,Sad,186,Sad,Happy,Happy,False,False,False,0.19559082,0.0010670269,0.008481102,0.6864942,0.023028925,0.06447174,0.020866165
2267,inesco,mdpa,mdpa_s470.wav,Sad,228,Sad,Sad,Sad,True,True,False,0.1904097,0.06163565,0.005152214,0.053746432,0.17390311,0.5149942,0.00015863239
2268,inesco,mdpa,mdpa_s471.wav,Sad,215,Sad,Sad,Sad,True,True,False,0.0015042209,0.018168515,1.9733108e-05,0.0007079001,0.0009695359,0.97863,5.413589e-08
2269,inesco,mdpa,mdpa_s472.wav,Sad,353,Sad,Sad,Sad,True,True,False,0.0017610372,0.0008610635,0.006556204,0.113961644,0.04383407,0.83249754,0.00052848493
2270,inesco,mdpa,mdpa_s473.wav,Sad,327,Sad,Neutral,Happy,False,False,True,0.09451556,0.04504312,0.0012203209,0.18263984,0.6631098,0.011424242,0.0020471385
2271,inesco,mdpa,mdpa_s474.wav,Sad,401,Sad,Sad,Sad,True,True,False,0.10532531,0.049783856,0.10346106,0.026663233,0.048454225,0.6629025,0.0034098895
2272,inesco,mdpa,mdpa_s475.wav,Sad,381,Sad,Angry,Angry,False,False,False,0.6362106,0.037256002,0.030051257,0.0977317,0.04039855,0.12635252,0.031999405
2273,inesco,mdpa,mdpa_s476.wav,Sad,305,Sad,Angry,Angry,False,False,False,0.5120099,0.0057368237,0.004621521,0.013116316,0.35667607,0.10643217,0.0014071695
2274,inesco,mdpa,mdpa_s477.wav,Sad,401,Sad,Fear,Happy,False,False,True,0.009858535,0.002014702,0.5240632,0.20636305,0.18874402,0.013271652,0.05568486
2275,inesco,mdpa,mdpa_s478.wav,Sad,244,Sad,Sad,Sad,True,True,False,0.016508171,0.08619143,0.16804798,0.010142497,0.095258534,0.60744613,0.016405284
2276,inesco,mdpa,mdpa_s479.wav,Sad,401,Sad,Disgust,Sad,False,True,True,0.008447827,0.5217782,0.0012577805,0.030381666,0.09674092,0.34122244,0.00017115808
2277,inesco,mdpa,mdpa_s480.wav,Sad,324,Sad,Angry,Angry,False,False,False,0.63024884,0.001678473,0.0017142422,0.045202218,0.042792242,0.27759814,0.0007658662
2278,inesco,mdpa,mdpa_s481.wav,Sad,394,Sad,Neutral,Happy,False,False,True,0.039787974,0.0076779197,0.24303138,0.15683411,0.4037966,0.13039811,0.018473836
2279,inesco,mdpa,mdpa_s482.wav,Sad,231,Sad,Happy,Happy,False,False,False,0.057876866,0.009441406,0.011045956,0.8240393,0.087099336,0.010275977,0.00022112788
2280,inesco,mdpa,mdpa_s483.wav,Sad,401,Sad,Angry,Angry,False,False,False,0.85730636,0.07019745,0.00039134378,0.0007691615,0.0012406885,0.06324518,0.00684992
2281,inesco,mdpa,mdpa_s484.wav,Sad,340,Sad,Sad,Sad,True,True,False,0.00969679,0.011262234,0.006919872,0.015268924,0.00030841338,0.9514531,0.0050907778
2282,inesco,mdpa,mdpa_s485.wav,Sad,116,Sad,Happy,Happy,False,False,False,0.053827193,6.374384e-05,0.2427253,0.35012355,0.27778926,0.0007062825,0.07476464
2283,inesco,mdpa,mdpa_s486.wav,Sad,401,Sad,Fear,Happy,False,False,True,1.2503917e-06,0.000682077,0.6739443,0.24328914,3.0625383e-06,0.003341727,0.07873854
2284,inesco,mdpa,mdpa_s487.wav,Sad,292,Sad,Sad,Sad,True,True,False,0.027135616,0.0059384177,0.00044231527,0.0026273467,0.007521224,0.95628524,4.9865e-05
2285,inesco,mdpa,mdpa_s488.wav,Sad,263,Sad,Angry,Angry,False,False,False,0.75321805,0.0012685051,0.0042062276,0.13992529,0.0013299258,0.09995809,9.40294e-05
2286,inesco,mdpa,mdpa_s489.wav,Sad,401,Sad,Happy,Happy,False,False,False,0.0028397047,0.0005312494,0.06634054,0.90375865,0.0013157568,0.015285728,0.009928364
2287,inesco,mdpa,mdpa_s490.wav,Sad,375,Sad,Happy,Happy,False,False,False,0.022708468,0.00010766292,0.0007143074,0.79986936,0.050270926,0.12609985,0.00022946433
2288,inesco,mdpa,mdpa_s491.wav,Sad,401,Sad,Surprise,Happy,False,False,True,0.0023498451,0.00021487343,3.6233967e-05,0.47511464,1.2831093e-06,0.008561564,0.5137215
2289,inesco,mdpa,mdpa_s492.wav,Sad,349,Sad,Fear,Happy,False,False,True,0.23129313,0.0010151338,0.31505153,0.27051163,0.045393653,0.09788004,0.03885486
2290,inesco,mdpa,mdpa_s493.wav,Sad,401,Sad,Happy,Happy,False,False,False,0.030595105,0.017995585,0.009059779,0.7989728,0.0006727373,0.11848029,0.024223737
2291,inesco,mdpa,mdpa_s494.wav,Sad,180,Sad,Sad,Sad,True,True,False,0.32141376,0.07852445,0.24445134,0.017640036,0.0047141276,0.3329242,0.00033201335
2292,inesco,mdpa,mdpa_s495.wav,Sad,401,Sad,Fear,Happy,False,False,True,0.039709184,1.6266467e-05,0.42686063,0.3911779,7.042844e-05,0.008624997,0.1335405
2293,inesco,mdpa,mdpa_s496.wav,Sad,298,Sad,Fear,Sad,False,True,True,0.01774422,0.0003119518,0.83437586,0.057814796,0.0026983975,0.08617228,0.00088247034
2294,inesco,mdpa,mdpa_s497.wav,Sad,237,Sad,Neutral,Sad,False,True,True,0.00014859304,5.975353e-05,7.666968e-05,0.06384743,0.6588598,0.2769946,1.3195755e-05
2295,inesco,mdpa,mdpa_s498.wav,Sad,237,Sad,Angry,Angry,False,False,False,0.4707488,0.14886793,0.04489592,0.15164883,0.0011097223,0.18205675,0.0006719685
2296,inesco,mdpa,mdpa_s499.wav,Sad,401,Sad,Fear,Happy,False,False,True,2.1193377e-05,0.00034936026,0.62371767,0.06483188,9.148094e-06,0.0062983423,0.30477238
2297,inesco,mdpa,mdpa_s500.wav,Sad,266,Sad,Happy,Happy,False,False,False,0.28026327,0.000116550706,0.29131186,0.42265812,0.00050962775,0.0013680853,0.0037725808
2298,inesco,mdpa,mdpa_s501.wav,Sad,397,Sad,Happy,Happy,False,False,False,0.11340255,0.21382262,0.08173466,0.38704866,0.00047485664,0.1377077,0.06580897
2299,inesco,mdpa,mdpa_s502.wav,Sad,173,Sad,Happy,Happy,False,False,False,0.30098167,5.4213015e-05,0.005563815,0.62557715,0.046313033,0.020664172,0.0008459498
2300,inesco,mdpa,mdpa_s503.wav,Sad,295,Sad,Angry,Angry,False,False,False,0.8486278,0.0010686122,0.0027921433,0.09896634,0.01595927,0.032307062,0.00027880416
2301,inesco,mdpa,mdpa_s504.wav,Sad,164,Sad,Happy,Happy,False,False,False,0.01862348,0.0006505185,0.005888965,0.8247098,0.1425073,0.0019695205,0.0056504714
2302,inesco,mdpa,mdpa_s505.wav,Sad,257,Sad,Sad,Sad,True,True,False,0.002028145,1.6398779e-05,0.001689178,0.0010445263,0.13828655,0.8569344,8.2514606e-07
2303,inesco,mdpa,mdpa_s506.wav,Sad,225,Sad,Angry,Angry,False,False,False,0.9973961,0.00041129347,0.002047211,0.00010779743,1.5323129e-05,1.0329863e-05,1.1865539e-05
2304,inesco,mdpa,mdpa_s507.wav,Sad,215,Sad,Happy,Happy,False,False,False,0.29676968,3.524901e-05,0.0029387823,0.6711426,0.027478132,0.0015935699,4.19742e-05
2305,inesco,mdpa,mdpa_s508.wav,Sad,266,Sad,Happy,Happy,False,False,False,0.17792527,2.2027896e-05,0.005640852,0.79764813,0.0053009703,0.013445796,1.693287e-05
2306,inesco,mdpa,mdpa_s509.wav,Sad,285,Sad,Angry,Angry,False,False,False,0.44567788,0.00030872322,0.0012697179,0.038182773,0.18255891,0.33194143,6.045014e-05
2307,inesco,mdpa,mdpa_s510.wav,Sad,401,Sad,Happy,Happy,False,False,False,0.013089151,0.34871367,0.059127647,0.491444,0.00622147,0.0003171187,0.081086904
2308,inesco,mdpa,mdpa_s511.wav,Sad,401,Sad,Fear,Sad,False,True,True,0.011723051,0.00027071443,0.61676407,0.004243888,4.629927e-06,0.2753816,0.09161213
2309,inesco,mdpa,mdpa_s512.wav,Sad,401,Sad,Sad,Sad,True,True,False,0.0013063984,0.022675557,0.00014303038,0.013976155,0.0007157709,0.96111643,6.671403e-05
2310,inesco,mdpa,mdpa_s513.wav,Sad,292,Sad,Happy,Happy,False,False,False,0.1481931,0.0005166136,0.06311453,0.582845,0.15777218,0.021499256,0.02605937
2311,inesco,mdpa,mdpa_s514.wav,Sad,381,Sad,Happy,Happy,False,False,False,0.3365428,0.0012369449,0.0059456145,0.5678845,0.054477192,0.03148159,0.0024312926
2312,inesco,mdpa,mdpa_s515.wav,Sad,215,Sad,Happy,Happy,False,False,False,0.036078583,0.0001280012,0.011380799,0.86595416,0.0011013896,0.00022457991,0.08513249
2313,inesco,mdpa,mdpa_s516.wav,Sad,173,Sad,Happy,Happy,False,False,False,0.0002721096,5.3712585e-05,0.0017506224,0.9710931,0.012657966,0.014153779,1.8707555e-05
2314,inesco,mdpa,mdpa_s517.wav,Sad,279,Sad,Sad,Sad,True,True,False,0.06194306,0.004053074,0.0022200807,0.006181768,0.009798057,0.91519284,0.0006111415
2315,inesco,mdpa,mdpa_s518.wav,Sad,375,Sad,Neutral,Sad,False,True,True,0.009601518,0.0023317118,0.00014118558,0.00020309465,0.55659616,0.4311245,1.7017585e-06
2316,inesco,mdpa,mdpa_s519.wav,Sad,298,Sad,Neutral,Angry,False,False,True,0.37989503,0.00035208973,0.0036091502,0.00571343,0.5744477,0.03595062,3.1877862e-05
2317,inesco,mdpa,mdpa_s520.wav,Sad,170,Sad,Sad,Sad,True,True,False,0.0044422294,0.0009276505,0.0073538935,0.07494209,0.048395045,0.86390054,3.8573206e-05
2318,inesco,mdpa,mdpa_s521.wav,Sad,154,Sad,Neutral,Happy,False,False,True,0.0005951196,0.015001853,0.00053849816,0.2047486,0.76781553,0.011292492,7.852665e-06
2319,inesco,mdpa,mdpa_s522.wav,Sad,132,Sad,Happy,Happy,False,False,False,0.12703702,3.0034229e-05,0.09188513,0.705813,0.060425483,0.013753952,0.0010553913
2320,inesco,mdpa,mdpa_s523.wav,Sad,135,Sad,Fear,Sad,False,True,True,0.00097051513,0.00013734652,0.9871458,0.0012519457,0.0027347447,0.0076851496,7.458121e-05
2321,inesco,mdpa,mdpa_s524.wav,Sad,253,Sad,Angry,Angry,False,False,False,0.7898997,0.00057670847,0.014219686,0.12457516,0.0076178215,0.062250536,0.00086033455
2322,inesco,mdpa,mdpa_s525.wav,Sad,292,Sad,Happy,Happy,False,False,False,0.013720208,0.0004305726,0.3704574,0.5082494,0.037638124,0.032708652,0.03679559
2323,inesco,mdpa,mdpa_s526.wav,Sad,356,Sad,Neutral,Angry,False,False,True,0.35905606,0.025112154,0.15218015,0.045799598,0.3895405,0.027121088,0.001190405
2324,inesco,mdpa,mdpa_s527.wav,Sad,378,Sad,Surprise,Angry,False,False,True,0.026276214,7.3097886e-05,0.4565348,0.0019436886,1.5283242e-05,0.0021275945,0.5130294
2325,inesco,mdpa,mdpa_s528.wav,Sad,333,Sad,Neutral,Sad,False,True,True,0.010234315,0.00014821402,0.09700628,0.10199941,0.6000045,0.18969199,0.00091535266
2326,inesco,mdpa,mdpa_s529.wav,Sad,228,Sad,Happy,Happy,False,False,False,0.012789046,0.0023834775,0.0751777,0.83679193,0.038061865,0.027573224,0.007222821
2327,inesco,mdpa,mdpa_s530.wav,Sad,337,Sad,Angry,Angry,False,False,False,0.7590652,0.0036869885,0.05197125,0.09468329,2.9491053e-05,0.0016012776,0.08896242
2328,inesco,mdpa,mdpa_s531.wav,Sad,148,Sad,Angry,Angry,False,False,False,0.9658571,9.1660026e-05,0.005931113,0.019252054,0.006153311,0.0005393888,0.0021753868
2329,inesco,mdpa,mdpa_s532.wav,Sad,260,Sad,Sad,Sad,True,True,False,0.073961146,0.07242873,0.0008666616,0.01229816,0.13661277,0.7037881,4.4489527e-05
2330,inesco,mdpa,mdpa_s533.wav,Sad,369,Sad,Angry,Angry,False,False,False,0.78171194,0.003078545,0.07120871,0.00937731,0.035801694,0.09212247,0.0066993693
2331,inesco,mdpa,mdpa_s534.wav,Sad,401,Sad,Sad,Sad,True,True,False,0.053879518,0.0063291127,0.000104255516,0.28562555,0.0025102806,0.65071994,0.00083122845
2332,inesco,mdpa,mdpa_s535.wav,Sad,170,Sad,Fear,Happy,False,False,True,2.421266e-05,1.7275605e-06,0.45068738,0.16739842,0.34543055,0.036061488,0.00039619338
2333,inesco,mdpa,mdpa_s536.wav,Sad,263,Sad,Angry,Angry,False,False,False,0.9267097,0.026693646,0.0004332965,0.032570973,0.00017400879,0.00088801165,0.01253026
2334,inesco,mdpa,mdpa_s537.wav,Sad,401,Sad,Fear,Sad,False,True,True,0.0032241223,0.036531348,0.91256136,0.0058036363,0.0042156526,0.03723446,0.00042950065
2335,inesco,mdpa,mdpa_s538.wav,Sad,276,Sad,Happy,Happy,False,False,False,0.019973492,0.0005051741,0.0051966724,0.85088706,0.020380335,0.0028831318,0.100174196
2336,inesco,mdpa,mdpa_s539.wav,Sad,234,Sad,Happy,Happy,False,False,False,0.10847695,0.009394237,0.009420298,0.74009275,0.009062142,0.07986066,0.043692943
2337,inesco,mdpa,mdpa_s540.wav,Sad,401,Sad,Sad,Sad,True,True,False,0.018760905,0.001074434,1.1952594e-05,2.5412226e-05,0.00037111552,0.97975343,2.8471839e-06
2338,inesco,mdpa,mdpa_s541.wav,Sad,401,Sad,Sad,Sad,True,True,False,0.033905204,0.002747895,0.13406955,0.0038456526,3.0734427e-05,0.6994506,0.12595029
2339,inesco,mdpa,mdpa_s542.wav,Sad,401,Sad,Sad,Sad,True,True,False,0.1387389,0.116998315,0.008410389,0.10123702,0.0027671768,0.6246406,0.0072076065
2340,inesco,mdpa,mdpa_s543.wav,Sad,401,Sad,Fear,Angry,False,False,True,0.2927158,0.00012421505,0.68616915,0.0076696766,0.0021745095,0.0088426955,0.002303975
2341,inesco,mdpa,mdpa_s544.wav,Sad,116,Sad,Happy,Happy,False,False,False,0.110409826,3.989825e-06,0.019810287,0.7200576,0.05521385,0.0027087843,0.091795675
2342,inesco,mdpa,mdpa_s545.wav,Sad,401,Sad,Surprise,Happy,False,False,True,0.0013401171,0.0035433152,0.17516187,0.047313087,3.869796e-06,0.026727384,0.74591035
2343,inesco,mdpa,mdpa_s546.wav,Sad,340,Sad,Angry,Angry,False,False,False,0.9532963,0.0005053092,0.03728666,0.0054112305,0.003181731,0.00022222604,9.644754e-05
2344,inesco,mdpa,mdpa_s547.wav,Sad,397,Sad,Angry,Angry,False,False,False,0.9562951,0.023862183,0.0007050104,0.010539183,0.00027144823,0.0022819976,0.006045094
2345,inesco,mdpa,mdpa_s548.wav,Sad,314,Sad,Angry,Angry,False,False,False,0.38249162,0.30346546,0.00036189565,0.009156261,0.06729465,0.23592052,0.0013096109
2346,inesco,mdpa,mdpa_s549.wav,Sad,388,Sad,Fear,Sad,False,True,True,0.0027476493,0.00015201009,0.6726355,0.03373352,0.0008154448,0.14613883,0.14377715
2347,inesco,mdpa,mdpa_s550.wav,Sad,273,Sad,Angry,Angry,False,False,False,0.78141356,0.075421534,0.0044478253,0.043190747,0.000736029,0.038656574,0.05613374
2348,inesco,mdpa,mdpa_s551.wav,Sad,257,Sad,Disgust,Angry,False,False,True,0.08816756,0.64868456,0.0018337979,0.004711393,0.18924123,0.06714356,0.0002179035
2349,inesco,mdpa,mdpa_s552.wav,Sad,109,Sad,Surprise,Angry,False,False,True,0.08227385,3.960119e-06,0.000855518,0.0076449933,0.00042502332,0.00012424887,0.9086724
2350,inesco,mdpa,mdpa_s553.wav,Sad,125,Sad,Angry,Angry,False,False,False,0.4175302,0.00017046159,0.0063527315,0.27305952,0.026193578,0.001648042,0.27504542
2351,inesco,mdpa,mdpa_s554.wav,Sad,138,Sad,Angry,Angry,False,False,False,0.65433395,0.0007000432,0.003971981,0.00071736635,0.0058805333,0.0004095652,0.3339865
2352,inesco,mdpa,mdpa_s555.wav,Sad,218,Sad,Happy,Happy,False,False,False,0.02843308,8.46714e-05,0.012223331,0.9562592,0.0019128511,0.0010414834,4.534732e-05
2353,inesco,mdpa,mdpa_s556.wav,Sad,167,Sad,Happy,Happy,False,False,False,0.004409276,0.00016127167,0.28115878,0.69734716,0.012397217,0.00403042,0.0004958577
2354,inesco,mdpa,mdpa_s557.wav,Sad,84,Sad,Angry,Angry,False,False,False,0.8192584,0.00014139687,2.6475544e-05,0.0025932826,0.0011334189,3.9646693e-06,0.17684306
2355,inesco,mdpa,mdpa_s558.wav,Sad,177,Sad,Angry,Angry,False,False,False,0.90044355,3.5113415e-05,0.00079817226,0.09837289,4.212252e-05,0.00029120082,1.6964814e-05
2356,inesco,mdpa,mdpa_s559.wav,Sad,292,Sad,Sad,Sad,True,True,False,6.2670035e-05,0.10251285,0.029654529,0.010916811,9.26434e-06,0.7713415,0.08550235
2357,inesco,mdpa,mdpa_s560.wav,Sad,116,Sad,Surprise,Happy,False,False,True,0.030841803,1.0567924e-07,0.007922652,0.12175814,0.0060117906,3.583695e-05,0.8334297
2358,inesco,mdpa,mdpa_s561.wav,Sad,250,Sad,Angry,Angry,False,False,False,0.3770626,0.008094085,0.06539736,0.18651216,0.032169573,0.32855806,0.002206179
2359,inesco,mdpa,mdpa_s562.wav,Sad,132,Sad,Angry,Angry,False,False,False,0.9678931,7.318393e-06,3.3429953e-06,0.0026116134,0.015544054,3.4364416e-07,0.0139403185
2360,inesco,mdpa,mdpa_s563.wav,Sad,260,Sad,Angry,Angry,False,False,False,0.55025965,0.03491709,0.11804587,0.083157495,0.004196939,0.1982309,0.011192056
2361,inesco,mdpa,mdpa_s564.wav,Sad,301,Sad,Angry,Angry,False,False,False,0.9850718,0.007073305,0.00028984385,0.0036501603,0.000102367274,0.0004529299,0.0033596659
2362,inesco,mdpa,mdpa_s565.wav,Sad,401,Sad,Angry,Angry,False,False,False,0.8456463,0.038551927,0.006729615,0.012515793,1.5052152e-05,0.023292003,0.073249176
2363,inesco,mdpa,mdpa_s566.wav,Sad,100,Sad,Angry,Angry,False,False,False,0.80495757,0.00029582856,0.0026248116,0.08439752,0.0005128637,0.0006441623,0.10656721
2364,inesco,mdpa,mdpa_s567.wav,Sad,199,Sad,Happy,Happy,False,False,False,0.00069958525,0.000347817,0.012981774,0.88311976,0.01586861,0.086222395,0.00076006417
2365,inesco,mdpa,mdpa_s568.wav,Sad,157,Sad,Happy,Happy,False,False,False,0.23878916,0.004609529,0.013241777,0.58810097,0.086801805,0.06785168,0.00060514914
2366,inesco,mdpa,mdpa_s569.wav,Sad,401,Sad,Angry,Angry,False,False,False,0.5188589,0.00080481777,0.0010080442,0.3170526,0.10877876,0.052434675,0.0010621209
2367,inesco,mdpa,mdpa_s570.wav,Sad,375,Sad,Surprise,Angry,False,False,True,0.14758769,0.033893447,0.009519987,0.016274422,6.465664e-05,0.022216396,0.77044344
2368,inesco,mdpa,mdpa_s571.wav,Sad,289,Sad,Sad,Sad,True,True,False,3.483994e-05,4.1106186e-06,0.0774778,0.17380597,0.06880559,0.67864656,0.0012251501
2369,inesco,mdpa,mdpa_s572.wav,Sad,186,Sad,Angry,Angry,False,False,False,0.84600717,0.0010179227,0.028828233,0.10715261,0.0046324884,0.010327902,0.0020336194
2370,inesco,mdpa,mdpa_s573.wav,Sad,205,Sad,Neutral,Happy,False,False,True,0.0050605624,6.1162214e-06,3.346408e-06,0.015191326,0.97928363,0.00045374854,1.3091433e-06
2371,inesco,mdpa,mdpa_s574.wav,Sad,263,Sad,Happy,Happy,False,False,False,0.07445166,0.0022593543,0.028280567,0.78468895,0.064289846,0.033697944,0.012331781
2372,inesco,mdpa,mdpa_s575.wav,Sad,186,Sad,Happy,Happy,False,False,False,0.017459318,5.7676687e-05,0.0039854795,0.6881083,0.09913866,0.19121428,3.6270612e-05
2373,inesco,mdpa,mdpa_s576.wav,Sad,209,Sad,Angry,Angry,False,False,False,0.91801894,0.03351912,0.0010853965,0.029454751,0.006647377,0.011272356,2.0185234e-06
2374,inesco,mdpa,mdpa_s577.wav,Sad,391,Sad,Neutral,Happy,False,False,True,0.047037635,0.01405515,0.0012311995,0.2007747,0.6709565,0.06346657,0.0024782834
2375,inesco,mdpa,mdpa_s578.wav,Sad,170,Sad,Angry,Angry,False,False,False,0.70349383,0.0005324263,0.14602494,0.14234748,0.0047556893,0.0027896345,5.5979894e-05
2376,inesco,mdpa,mdpa_s579.wav,Sad,212,Sad,Neutral,Sad,False,True,True,0.0061439443,2.2995653e-07,3.035557e-05,0.022948392,0.94752353,0.023353368,1.342241e-07
2377,inesco,mdpa,mdpa_s580.wav,Sad,401,Sad,Sad,Sad,True,True,False,0.084964104,0.095561154,0.0011249136,0.0005753326,9.75186e-06,0.8044112,0.01335352
2378,inesco,mdpa,mdpa_s581.wav,Sad,189,Sad,Sad,Sad,True,True,False,0.034088433,2.1564869e-05,0.03662093,0.20741518,0.021189565,0.7006382,2.6118338e-05
2379,inesco,mdpa,mdpa_s582.wav,Sad,401,Sad,Sad,Sad,True,True,False,0.16576236,0.09597035,0.00201758,0.086576685,0.001185174,0.60313624,0.045351624
2380,inesco,mdpa,mdpa_s583.wav,Sad,87,Sad,Happy,Happy,False,False,False,0.11106609,2.4274306e-05,0.119609244,0.5731951,0.0071789534,0.009953016,0.17897335
2381,inesco,mdpa,mdpa_s584.wav,Sad,401,Sad,Happy,Happy,False,False,False,0.035139684,3.4969303e-06,0.009490624,0.8170549,1.5054073e-06,0.00084402104,0.13746576
2382,inesco,mdpa,mdpa_s585.wav,Sad,301,Sad,Disgust,Sad,False,True,True,0.023366777,0.63223034,0.007686637,0.027676946,0.22211167,0.08499224,0.0019354069
2383,inesco,mdpa,mdpa_s586.wav,Sad,273,Sad,Angry,Angry,False,False,False,0.3651932,0.10942286,0.026079983,0.19302355,0.008622402,0.2933728,0.004285162
2384,inesco,mdpa,mdpa_s587.wav,Sad,269,Sad,Happy,Happy,False,False,False,0.12588121,6.596804e-05,0.083388574,0.73955786,0.0080601815,0.0063843066,0.03666197
2385,inesco,mdpa,mdpa_s588.wav,Sad,388,Sad,Happy,Happy,False,False,False,0.019530203,0.00043644462,0.028204285,0.44933262,0.14435339,0.35536417,0.0027788805
2386,inesco,mdpa,mdpa_s589.wav,Sad,276,Sad,Fear,Happy,False,False,True,0.06591754,0.08871902,0.3307503,0.23282921,0.00012129627,0.1745399,0.10712275
2387,inesco,mdpa,mdpa_s590.wav,Sad,231,Sad,Happy,Happy,False,False,False,0.0051545133,8.68768e-05,0.099324115,0.866686,0.00043510416,0.023160985,0.005152354
2388,inesco,mdpa,mdpa_s591.wav,Sad,346,Sad,Happy,Happy,False,False,False,0.19396165,0.000987737,0.009535952,0.71935576,0.019503973,0.0549901,0.0016649236
2389,inesco,mdpa,mdpa_s592.wav,Sad,401,Sad,Sad,Sad,True,True,False,0.035065886,0.0013066473,0.0006494724,0.0025591846,1.9211802e-05,0.9593004,0.0010991904
2390,inesco,mdpa,mdpa_s593.wav,Sad,279,Sad,Angry,Angry,False,False,False,0.72103506,0.014867825,0.009699876,0.07732114,0.005180507,0.15713237,0.014763177
2391,inesco,mdpa,mdpa_s594.wav,Sad,401,Sad,Sad,Sad,True,True,False,0.0030755117,0.0012514291,0.0049651894,0.28069532,0.02354391,0.68598986,0.0004787257
2392,inesco,mdpa,mdpa_s595.wav,Sad,401,Sad,Angry,Angry,False,False,False,0.64735514,0.0014777688,0.05997335,0.011411018,0.00027031236,0.21142508,0.06808729
2393,inesco,mdpa,mdpa_s596.wav,Sad,343,Sad,Happy,Happy,False,False,False,0.10263141,0.00048365025,0.018848617,0.47043934,0.07705548,0.32974008,0.0008014834
2394,inesco,mdpa,mdpa_s597.wav,Sad,401,Sad,Sad,Sad,True,True,False,0.000116076,2.3092474e-05,0.014004845,0.04030964,4.5488458e-05,0.9453433,0.00015757412
2395,inesco,mdpa,mdpa_s598.wav,Sad,321,Sad,Angry,Angry,False,False,False,0.753863,0.00094854,0.07240852,0.09304278,0.0055714957,0.00250757,0.07165808
2396,inesco,mdpa,mdpa_s599.wav,Sad,401,Sad,Sad,Sad,True,True,False,0.06489842,0.14441475,0.00021035539,0.015301871,0.0036553035,0.77149117,2.8177305e-05
2397,inesco,mdpa,mdpa_s600.wav,Sad,401,Sad,Angry,Angry,False,False,False,0.90035903,0.004868733,0.032318875,0.0035820361,2.179439e-06,0.006728053,0.052141156
