row_index,dataset,speaker,filename,emotion,real_frames,true_label,predicted_label,correct,confidence,prob_Angry,prob_Disgust,prob_Fear,prob_Happy,prob_Neutral,prob_Sad,prob_Surprise
2398,ravdess,01,03-01-01-01-01-01-01.wav,Neutral,138,Neutral,Sad,False,0.46880776,0.045741856,0.00081685104,0.036273878,0.39695522,0.0485206,0.46880776,0.0028838974
2399,ravdess,01,03-01-01-01-01-02-01.wav,Neutral,138,Neutral,Sad,False,0.7289616,0.00025301572,4.6088637e-05,0.0013370179,0.013925521,0.25546283,0.7289616,1.3958312e-05
2400,ravdess,01,03-01-01-01-02-01-01.wav,Neutral,135,Neutral,Neutral,True,0.7648418,0.00010859516,0.00020167948,0.023220187,0.16643782,0.7648418,0.044542894,0.00064710673
2401,ravdess,01,03-01-01-01-02-02-01.wav,Neutral,129,Neutral,Neutral,True,0.4885565,0.02845561,0.0028056188,0.060071386,0.40107664,0.4885565,0.0038273146,0.015206912
2402,ravdess,01,03-01-03-01-01-01-01.wav,Happy,161,Happy,Sad,False,0.947931,6.162136e-05,0.00088285824,0.01947832,0.022717822,0.0081574535,0.947931,0.00077102956
2403,ravdess,01,03-01-03-01-01-02-01.wav,Happy,180,Happy,Happy,True,0.56717664,0.0036431903,0.00012463072,0.30607596,0.56717664,0.011184447,0.06870086,0.043094214
2404,ravdess,01,03-01-03-01-02-01-01.wav,Happy,157,Happy,Sad,False,0.37425056,0.01770312,0.022168694,0.0033085279,0.22760065,0.35446104,0.37425056,0.0005073555
2405,ravdess,01,03-01-03-01-02-02-01.wav,Happy,180,Happy,Sad,False,0.9727525,0.00081621506,0.011604839,0.00990184,0.000624102,0.0011785952,0.9727525,0.0031219258
2406,ravdess,01,03-01-03-02-01-01-01.wav,Happy,170,Happy,Happy,True,0.6447652,0.32926878,0.003274002,0.004538785,0.6447652,5.6711333e-06,0.00034085443,0.017806718
2407,ravdess,01,03-01-03-02-01-02-01.wav,Happy,189,Happy,Happy,True,0.919596,0.00035672897,6.438229e-06,0.062010013,0.919596,0.0002751697,0.001522092,0.016233573
2408,ravdess,01,03-01-03-02-02-01-01.wav,Happy,199,Happy,Disgust,False,0.48211354,0.03320243,0.48211354,0.016168993,0.011402385,0.00096113124,0.39813608,0.05801544
2409,ravdess,01,03-01-03-02-02-02-01.wav,Happy,202,Happy,Sad,False,0.5909157,0.12672618,0.25226873,0.010299394,0.013614095,0.0022700757,0.5909157,0.0039058963
2410,ravdess,01,03-01-04-01-01-01-01.wav,Sad,186,Sad,Neutral,False,0.9090809,0.0065687164,0.00031472545,0.00021887475,0.016193898,0.9090809,0.06762251,3.1024481e-07
2411,ravdess,01,03-01-04-01-01-02-01.wav,Sad,167,Sad,Sad,True,0.59398806,0.0043932237,0.012894015,0.00019027457,0.0006367987,0.38785255,0.59398806,4.5007764e-05
2412,ravdess,01,03-01-04-01-02-01-01.wav,Sad,154,Sad,Sad,True,0.72756225,0.00019837523,0.0010465392,4.9568982e-05,0.00062725134,0.27051416,0.72756225,1.8096772e-06
2413,ravdess,01,03-01-04-01-02-02-01.wav,Sad,148,Sad,Sad,True,0.6510915,0.00060030544,0.00013104381,0.0009672398,0.0022960238,0.34486997,0.6510915,4.3850796e-05
2414,ravdess,01,03-01-04-02-01-01-01.wav,Sad,189,Sad,Neutral,False,0.5761299,3.3524047e-05,1.4819454e-05,0.00030052228,0.0014429293,0.5761299,0.42207828,5.6137317e-08
2415,ravdess,01,03-01-04-02-01-02-01.wav,Sad,173,Sad,Fear,False,0.55389166,0.2149682,0.0025112422,0.55389166,0.081550546,0.00022460322,0.109221004,0.03763275
2416,ravdess,01,03-01-04-02-02-01-01.wav,Sad,180,Sad,Sad,True,0.84764415,0.0020874268,0.0011646835,0.13694136,0.003498645,0.0012792649,0.84764415,0.007384408
2417,ravdess,01,03-01-04-02-02-02-01.wav,Sad,180,Sad,Sad,True,0.9940241,5.5266704e-05,4.4777003e-05,0.00034948427,0.00086539314,0.0046529626,0.9940241,7.953408e-06
2418,ravdess,01,03-01-05-01-01-01-01.wav,Angry,193,Angry,Angry,True,0.59143615,0.59143615,0.40448135,0.00045367263,0.00029801932,4.1327577e-05,0.0010238731,0.0022656058
2419,ravdess,01,03-01-05-01-01-02-01.wav,Angry,205,Angry,Angry,True,0.99868196,0.99868196,0.00034779258,1.2822215e-06,0.00073987234,6.873892e-06,8.453817e-07,0.00022143776
2420,ravdess,01,03-01-05-01-02-01-01.wav,Angry,157,Angry,Angry,True,0.802297,0.802297,0.0009121311,0.016475616,0.1443004,0.00065315136,0.027046321,0.0083153425
2421,ravdess,01,03-01-05-01-02-02-01.wav,Angry,180,Angry,Angry,True,0.81366533,0.81366533,0.02336191,0.00043594497,0.09782538,0.03240932,0.02760667,0.004695456
2422,ravdess,01,03-01-05-02-01-01-01.wav,Angry,209,Angry,Angry,True,0.9826057,0.9826057,3.9565825e-06,0.00020084935,0.016895987,3.286749e-05,1.0508329e-05,0.00025019742
2423,ravdess,01,03-01-05-02-01-02-01.wav,Angry,321,Angry,Surprise,False,0.6306664,0.020069238,7.136558e-05,0.028334055,0.32085863,1.2870315e-10,3.1141772e-07,0.6306664
2424,ravdess,01,03-01-05-02-02-01-01.wav,Angry,212,Angry,Angry,True,0.99162817,0.99162817,0.00019381355,0.005441255,0.00027323829,9.9889895e-08,5.822047e-05,0.0024052
2425,ravdess,01,03-01-05-02-02-02-01.wav,Angry,241,Angry,Angry,True,0.9999856,0.9999856,7.862959e-06,1.6849771e-08,5.846321e-06,4.4390308e-10,1.8825455e-07,4.933306e-07
2426,ravdess,01,03-01-06-01-01-01-01.wav,Fear,173,Fear,Sad,False,0.976636,5.820377e-06,2.9770815e-06,0.0100814095,0.0040818956,0.00918841,0.976636,3.5256212e-06
2427,ravdess,01,03-01-06-01-01-02-01.wav,Fear,177,Fear,Happy,False,0.7673015,0.0001107823,7.712767e-06,0.1430708,0.7673015,0.011375145,0.0731629,0.00497126
2428,ravdess,01,03-01-06-01-02-01-01.wav,Fear,341,Fear,Sad,False,0.8779255,5.1847117e-05,0.09350247,0.006671412,0.0005745081,0.020864334,0.8779255,0.00040989954
2429,ravdess,01,03-01-06-01-02-02-01.wav,Fear,196,Fear,Sad,False,0.9641569,1.5641268e-05,0.0002057845,0.00027193024,0.0006604355,0.03468738,0.9641569,1.8586417e-06
2430,ravdess,01,03-01-06-02-01-01-01.wav,Fear,289,Fear,Surprise,False,0.6682036,0.0029845792,0.0003153969,0.32697594,0.0014806284,2.3254186e-08,3.989287e-05,0.6682036
2431,ravdess,01,03-01-06-02-01-02-01.wav,Fear,231,Fear,Angry,False,0.9871941,0.9871941,0.00081722555,0.00015052021,0.010928681,2.5600284e-05,5.104708e-06,0.00087871717
2432,ravdess,01,03-01-06-02-02-01-01.wav,Fear,183,Fear,Happy,False,0.56931674,0.42071095,5.695018e-07,0.009822877,0.56931674,4.706041e-06,6.923138e-05,7.4960764e-05
2433,ravdess,01,03-01-06-02-02-02-01.wav,Fear,183,Fear,Happy,False,0.8654227,0.012974619,2.7542574e-06,0.0933123,0.8654227,3.514712e-08,0.0005135458,0.027774017
2434,ravdess,01,03-01-07-01-01-01-01.wav,Disgust,205,Disgust,Disgust,True,0.95580435,7.828887e-06,0.95580435,6.5762697e-06,1.1293869e-07,2.0055466e-05,0.04414315,1.789898e-05
2435,ravdess,01,03-01-07-01-01-02-01.wav,Disgust,202,Disgust,Disgust,True,0.99923396,3.8014125e-05,0.99923396,4.5944964e-07,2.7676444e-07,4.9151345e-09,0.00047301562,0.00025428805
2436,ravdess,01,03-01-07-01-02-01-01.wav,Disgust,202,Disgust,Disgust,True,0.9976254,0.0004461884,0.9976254,1.0923299e-08,5.0215245e-09,7.87038e-06,0.001920478,6.454807e-08
2437,ravdess,01,03-01-07-01-02-02-01.wav,Disgust,193,Disgust,Disgust,True,0.7974608,0.0003260739,0.7974608,5.6836223e-05,7.2623156e-06,0.0001593195,0.20198831,1.4515991e-06
2438,ravdess,01,03-01-07-02-01-01-01.wav,Disgust,234,Disgust,Disgust,True,0.7433682,0.24889307,0.7433682,1.7316592e-06,0.002251706,4.121228e-08,0.0054512704,3.3919623e-05
2439,ravdess,01,03-01-07-02-01-02-01.wav,Disgust,209,Disgust,Surprise,False,0.62992966,0.00020992708,0.0006240283,0.0005745379,0.3686543,2.0189217e-08,7.521843e-06,0.62992966
2440,ravdess,01,03-01-07-02-02-01-01.wav,Disgust,244,Disgust,Disgust,True,0.9925305,0.003662521,0.9925305,3.2202053e-08,2.5147518e-05,2.4594229e-09,1.7787437e-05,0.0037639025
2441,ravdess,01,03-01-07-02-02-02-01.wav,Disgust,237,Disgust,Disgust,True,0.40901014,0.19016393,0.40901014,0.0013766708,0.021669313,2.9491302e-06,0.008194467,0.36958253
2442,ravdess,01,03-01-08-01-01-01-01.wav,Surprise,148,Surprise,Sad,False,0.49392506,0.02058017,0.00096802803,0.007831502,0.37806642,0.0859621,0.49392506,0.012666772
2443,ravdess,01,03-01-08-01-01-02-01.wav,Surprise,135,Surprise,Happy,False,0.54633236,0.029618982,0.0007558135,0.12516634,0.54633236,0.009037,0.012267401,0.2768221
2444,ravdess,01,03-01-08-01-02-01-01.wav,Surprise,161,Surprise,Sad,False,0.8843285,0.0027677517,0.046567902,0.0023164356,0.0010427425,0.06297183,0.8843285,4.9288606e-06
2445,ravdess,01,03-01-08-01-02-02-01.wav,Surprise,141,Surprise,Happy,False,0.8472163,0.000413901,5.5125412e-05,0.07015024,0.8472163,0.005723841,0.0043218904,0.072118655
2446,ravdess,01,03-01-08-02-01-01-01.wav,Surprise,148,Surprise,Happy,False,0.9727999,0.0010789689,2.8694365e-06,0.020344432,0.9727999,0.00030657966,0.0008196699,0.004647572
2447,ravdess,01,03-01-08-02-01-02-01.wav,Surprise,164,Surprise,Surprise,True,0.42365894,0.37068623,0.0006668396,0.0047577843,0.20008512,3.661849e-05,0.00010849019,0.42365894
2448,ravdess,01,03-01-08-02-02-01-01.wav,Surprise,161,Surprise,Fear,False,0.8352967,0.005936237,0.000679595,0.8352967,0.09353708,0.018310566,0.0077389646,0.038500857
2449,ravdess,01,03-01-08-02-02-02-01.wav,Surprise,135,Surprise,Surprise,True,0.6391452,4.584544e-05,1.0215463e-07,0.0013772015,0.3594299,1.6887299e-06,7.013857e-08,0.6391452
2554,ravdess,04,03-01-01-01-01-01-04.wav,Neutral,145,Neutral,Happy,False,0.9801209,0.00014636856,1.4839539e-07,0.0006328519,0.9801209,0.00072147313,1.915618e-05,0.018359136
2555,ravdess,04,03-01-01-01-01-02-04.wav,Neutral,148,Neutral,Happy,False,0.6214222,0.017593332,3.986188e-05,0.020943437,0.6214222,0.03548285,0.0002973533,0.304221
2556,ravdess,04,03-01-01-01-02-01-04.wav,Neutral,135,Neutral,Surprise,False,0.96834177,1.3106816e-05,4.1132757e-06,1.4007742e-05,0.03154942,7.609209e-05,1.4834225e-06,0.96834177
2557,ravdess,04,03-01-01-01-02-02-04.wav,Neutral,132,Neutral,Surprise,False,0.8706984,5.4798875e-06,1.4115425e-06,0.0005394341,0.12871067,4.2877036e-05,1.7525582e-06,0.8706984
2558,ravdess,04,03-01-03-01-01-01-04.wav,Happy,161,Happy,Happy,True,0.9995129,6.340987e-06,3.7910333e-08,8.01611e-06,0.9995129,1.8709196e-05,8.9292575e-07,0.00045307787
2559,ravdess,04,03-01-03-01-01-02-04.wav,Happy,161,Happy,Surprise,False,0.66167027,6.755674e-10,1.07418185e-10,4.7266378e-05,0.3382825,2.02696e-13,3.7309777e-11,0.66167027
2560,ravdess,04,03-01-03-01-02-01-04.wav,Happy,161,Happy,Happy,True,0.99936515,1.601366e-05,6.520271e-08,3.1946496e-05,0.99936515,0.00018657069,1.6183917e-06,0.00039870793
2561,ravdess,04,03-01-03-01-02-02-04.wav,Happy,154,Happy,Happy,True,0.96621555,0.0005647256,1.9467318e-06,7.348767e-06,0.96621555,1.2379381e-05,5.301163e-07,0.033197485
2562,ravdess,04,03-01-03-02-01-01-04.wav,Happy,189,Happy,Happy,True,0.9744465,0.00083612977,3.645602e-06,0.0021714945,0.9744465,1.4340645e-11,3.803107e-07,0.0225419
2563,ravdess,04,03-01-03-02-01-02-04.wav,Happy,161,Happy,Fear,False,0.56418526,0.00032947806,5.6051388e-08,0.56418526,0.14361976,2.2996109e-07,3.422679e-06,0.29186174
2564,ravdess,04,03-01-03-02-02-01-04.wav,Happy,167,Happy,Happy,True,0.7717319,0.001469394,0.00024265182,0.009576107,0.7717319,1.2980569e-05,1.6141288e-05,0.21695076
2565,ravdess,04,03-01-03-02-02-02-04.wav,Happy,180,Happy,Happy,True,0.68769675,2.6455027e-05,2.4506796e-06,0.000634379,0.68769675,1.0499521e-06,9.372549e-07,0.31163797
2566,ravdess,04,03-01-04-01-01-01-04.wav,Sad,151,Sad,Sad,True,0.70395327,0.0022369104,0.006123604,0.25506508,0.0022779272,0.024760488,0.70395327,0.005582617
2567,ravdess,04,03-01-04-01-01-02-04.wav,Sad,151,Sad,Happy,False,0.9214254,0.00032306675,2.03958e-06,0.0013150718,0.9214254,0.06993282,5.9378443e-05,0.006942245
2568,ravdess,04,03-01-04-01-02-01-04.wav,Sad,154,Sad,Happy,False,0.92125875,0.011801481,6.08688e-06,0.0010523985,0.92125875,0.020899437,5.1431575e-06,0.044976667
2569,ravdess,04,03-01-04-01-02-02-04.wav,Sad,157,Sad,Happy,False,0.9027827,0.012552779,1.0146585e-05,0.06506355,0.9027827,0.014036005,0.0014468828,0.0041079256
2570,ravdess,04,03-01-04-02-01-01-04.wav,Sad,173,Sad,Happy,False,0.8691655,0.00049038,1.4153981e-06,0.011281725,0.8691655,5.7470184e-05,0.00044498485,0.11855856
2571,ravdess,04,03-01-04-02-01-02-04.wav,Sad,177,Sad,Surprise,False,0.7295949,0.001419702,4.9604587e-06,0.04239033,0.2265782,1.8885151e-09,1.1895665e-05,0.7295949
2572,ravdess,04,03-01-04-02-02-01-04.wav,Sad,183,Sad,Happy,False,0.5094529,0.46750447,4.64737e-05,0.009118613,0.5094529,0.00013036632,8.9792695e-05,0.013657396
2573,ravdess,04,03-01-04-02-02-02-04.wav,Sad,209,Sad,Surprise,False,0.7230234,0.00070253713,3.472978e-08,0.0040805475,0.27219057,5.714026e-08,2.8303295e-06,0.7230234
2574,ravdess,04,03-01-05-01-01-01-04.wav,Angry,177,Angry,Happy,False,0.5461789,0.44842884,0.0030481657,1.3253855e-05,0.5461789,0.0013316012,0.000708932,0.0002903489
2575,ravdess,04,03-01-05-01-01-02-04.wav,Angry,164,Angry,Surprise,False,0.8182128,0.17424561,5.4790775e-07,6.291494e-07,0.0075403964,9.360175e-09,1.9255375e-09,0.8182128
2576,ravdess,04,03-01-05-01-02-01-04.wav,Angry,154,Angry,Angry,True,0.7390125,0.7390125,2.1921285e-06,9.256272e-05,0.050801195,2.5912004e-05,2.523248e-07,0.21006547
2577,ravdess,04,03-01-05-01-02-02-04.wav,Angry,183,Angry,Angry,True,0.99905413,0.99905413,0.0004892304,1.6608466e-08,0.0003380609,3.2711482e-06,6.338037e-07,0.000114583294
2578,ravdess,04,03-01-05-02-01-01-04.wav,Angry,173,Angry,Surprise,False,0.9602979,1.745533e-05,2.1964373e-08,0.02580726,0.013876143,5.3162375e-10,1.3037674e-06,0.9602979
2579,ravdess,04,03-01-05-02-01-02-04.wav,Angry,186,Angry,Fear,False,0.59655565,0.19186293,5.8431846e-07,0.59655565,0.035104576,2.898732e-08,1.8502049e-05,0.1764578
2580,ravdess,04,03-01-05-02-02-01-04.wav,Angry,173,Angry,Surprise,False,0.8898317,0.0074968687,1.3401389e-06,0.00011259547,0.10255749,2.0623582e-10,1.7420724e-08,0.8898317
2581,ravdess,04,03-01-05-02-02-02-04.wav,Angry,189,Angry,Angry,True,0.76791453,0.76791453,1.163242e-06,1.7131457e-06,0.23207018,8.300189e-09,1.5948008e-07,1.2227659e-05
2582,ravdess,04,03-01-06-01-01-01-04.wav,Fear,138,Fear,Surprise,False,0.99409336,1.2789633e-06,3.2031135e-08,0.0055477545,0.0003576242,6.7951846e-11,4.536749e-08,0.99409336
2583,ravdess,04,03-01-06-01-01-02-04.wav,Fear,151,Fear,Surprise,False,0.99157625,2.6128733e-08,8.032658e-10,0.008417561,6.21886e-06,6.2579786e-13,7.906271e-09,0.99157625
2584,ravdess,04,03-01-06-01-02-01-04.wav,Fear,148,Fear,Surprise,False,0.7515754,5.974477e-07,1.7829095e-08,0.24823819,0.00018581562,1.6428675e-10,6.8565225e-09,0.7515754
2585,ravdess,04,03-01-06-01-02-02-04.wav,Fear,148,Fear,Surprise,False,0.85123104,0.00018080432,2.5728639e-06,0.14788601,0.0006976051,2.457276e-08,1.9059406e-06,0.85123104
2586,ravdess,04,03-01-06-02-01-01-04.wav,Fear,218,Fear,Fear,True,0.9657993,0.00052431447,1.7872541e-09,0.9657993,0.02858042,4.5901885e-10,9.76283e-05,0.004998354
2587,ravdess,04,03-01-06-02-01-02-04.wav,Fear,141,Fear,Fear,True,0.62979525,0.28688303,4.9123933e-06,0.62979525,0.0022119575,3.723139e-08,2.131042e-05,0.0810835
2588,ravdess,04,03-01-06-02-02-01-04.wav,Fear,157,Fear,Happy,False,0.5707122,0.107854836,1.3526927e-06,0.01634388,0.5707122,1.6385895e-05,1.8852415e-06,0.30506945
2589,ravdess,04,03-01-06-02-02-02-04.wav,Fear,157,Fear,Fear,True,0.9318083,0.023464577,1.4733789e-05,0.9318083,0.033019997,1.1339899e-05,0.00083840033,0.010842507
2590,ravdess,04,03-01-07-01-01-01-04.wav,Disgust,196,Disgust,Angry,False,0.86842513,0.86842513,0.105646916,0.002327779,0.010897926,8.425641e-05,0.0053305426,0.007287454
2591,ravdess,04,03-01-07-01-01-02-04.wav,Disgust,196,Disgust,Disgust,True,0.92310464,0.0028088426,0.92310464,0.00019860148,0.050119605,1.3170799e-09,0.00029909384,0.023469253
2592,ravdess,04,03-01-07-01-02-01-04.wav,Disgust,186,Disgust,Disgust,True,0.9486428,0.023738913,0.9486428,0.001995243,0.00010712115,2.3014167e-07,0.005835365,0.019680299
2593,ravdess,04,03-01-07-01-02-02-04.wav,Disgust,183,Disgust,Surprise,False,0.9998753,3.0140663e-07,1.3189426e-05,0.00010831621,2.8543943e-06,8.4810875e-13,9.858014e-09,0.9998753
2594,ravdess,04,03-01-07-02-01-01-04.wav,Disgust,202,Disgust,Disgust,True,0.5970982,0.37174395,0.5970982,0.014703558,0.0071866014,1.7576866e-05,0.005869478,0.0033806157
2595,ravdess,04,03-01-07-02-01-02-04.wav,Disgust,202,Disgust,Surprise,False,0.86191744,9.657703e-05,0.13778254,0.00011696859,8.291493e-05,7.6719346e-08,3.51229e-06,0.86191744
2596,ravdess,04,03-01-07-02-02-01-04.wav,Disgust,193,Disgust,Disgust,True,0.97582686,0.022007711,0.97582686,4.6548894e-06,7.5376926e-07,8.131221e-09,7.257121e-06,0.0021527675
2597,ravdess,04,03-01-07-02-02-02-04.wav,Disgust,218,Disgust,Disgust,True,0.9953565,0.001863638,0.9953565,1.6157222e-07,0.0025400438,4.75617e-10,1.0718585e-05,0.0002289585
2598,ravdess,04,03-01-08-01-01-01-04.wav,Surprise,135,Surprise,Surprise,True,0.9999238,8.051967e-08,6.641384e-11,1.2676949e-05,6.339351e-05,4.2321317e-14,2.6701267e-12,0.9999238
2599,ravdess,04,03-01-08-01-01-02-04.wav,Surprise,145,Surprise,Surprise,True,0.99976224,1.2868239e-07,4.1193093e-09,0.00010503218,0.00013261456,3.0434377e-12,1.8588504e-10,0.99976224
2600,ravdess,04,03-01-08-01-02-01-04.wav,Surprise,170,Surprise,Happy,False,0.773138,0.11793658,3.2008913e-05,3.5002447e-06,0.773138,2.2543367e-05,4.098432e-07,0.10886704
2601,ravdess,04,03-01-08-01-02-02-04.wav,Surprise,148,Surprise,Surprise,True,0.9121049,0.004551359,5.8230494e-08,1.9234583e-06,0.08334173,4.1188657e-11,1.08740184e-10,0.9121049
2602,ravdess,04,03-01-08-02-01-01-04.wav,Surprise,186,Surprise,Surprise,True,0.9835986,0.00083171466,3.145956e-05,0.013458207,0.0020754926,1.9831978e-08,4.4157055e-06,0.9835986
2603,ravdess,04,03-01-08-02-01-02-04.wav,Surprise,161,Surprise,Surprise,True,0.99309945,5.3270123e-06,8.288481e-07,0.004447735,0.0024446594,1.02059644e-07,1.9618262e-06,0.99309945
2604,ravdess,04,03-01-08-02-02-01-04.wav,Surprise,154,Surprise,Surprise,True,0.89810896,0.001589132,5.9395853e-07,6.535732e-05,0.10023598,7.714675e-09,1.9702282e-09,0.89810896
2605,ravdess,04,03-01-08-02-02-02-04.wav,Surprise,164,Surprise,Surprise,True,0.79935384,0.049706645,1.8931812e-06,3.0477739e-05,0.15090714,5.7080833e-09,5.7113505e-09,0.79935384
3438,ravdess,21,03-01-01-01-01-01-21.wav,Neutral,189,Neutral,Neutral,True,0.99970704,0.0001028664,2.2830877e-06,4.24249e-09,0.00015526231,0.99970704,3.240449e-05,7.955022e-08
3439,ravdess,21,03-01-01-01-01-02-21.wav,Neutral,205,Neutral,Neutral,True,0.9999727,8.093792e-09,5.901642e-06,7.788851e-12,1.284431e-08,0.9999727,2.119856e-05,1.0699862e-07
3440,ravdess,21,03-01-01-01-02-01-21.wav,Neutral,173,Neutral,Neutral,True,0.9999782,4.1501014e-08,9.091472e-09,9.065523e-11,2.8861764e-06,0.9999782,1.8830755e-05,5.9529124e-09
3441,ravdess,21,03-01-01-01-02-02-21.wav,Neutral,173,Neutral,Neutral,True,0.9998673,9.80701e-07,1.00240726e-07,2.72505e-10,6.2801955e-06,0.9998673,0.00012497554,1.9503743e-07
3442,ravdess,21,03-01-03-01-01-01-21.wav,Happy,193,Happy,Neutral,False,0.9994118,9.933786e-05,3.6500228e-07,1.8849904e-09,0.0004861217,0.9994118,2.3469504e-06,3.7707398e-08
3443,ravdess,21,03-01-03-01-01-02-21.wav,Happy,183,Happy,Neutral,False,0.87232274,0.012881654,1.7902526e-05,9.5355966e-07,0.114517376,0.87232274,0.0002490967,1.0323066e-05
3444,ravdess,21,03-01-03-01-02-01-21.wav,Happy,177,Happy,Neutral,False,0.99993575,3.2436262e-07,7.7670945e-09,5.0156324e-10,3.9238377e-05,0.99993575,2.453787e-05,1.2092131e-07
3445,ravdess,21,03-01-03-01-02-02-21.wav,Happy,189,Happy,Neutral,False,0.8632018,0.08820209,0.0021394135,1.6028677e-06,0.044126287,0.8632018,0.0022833121,4.544608e-05
3446,ravdess,21,03-01-03-02-01-01-21.wav,Happy,189,Happy,Happy,True,0.9966593,0.0018476604,3.408156e-06,2.1017185e-07,0.9966593,5.9728787e-05,3.303484e-08,0.0014296123
3447,ravdess,21,03-01-03-02-01-02-21.wav,Happy,202,Happy,Happy,True,0.9309866,0.036607634,2.948215e-05,2.4132675e-07,0.9309866,0.014025787,2.845199e-06,0.018347465
3448,ravdess,21,03-01-03-02-02-01-21.wav,Happy,173,Happy,Happy,True,0.66789836,0.00015845928,1.7599787e-05,5.3751904e-05,0.66789836,0.31788585,0.00032565495,0.013660413
3449,ravdess,21,03-01-03-02-02-02-21.wav,Happy,183,Happy,Happy,True,0.97950816,0.002970643,1.06332045e-05,1.1610433e-06,0.97950816,6.110304e-05,6.8912684e-08,0.017448196
3450,ravdess,21,03-01-04-01-01-01-21.wav,Sad,257,Sad,Disgust,False,0.49569127,4.380024e-05,0.49569127,1.46398e-10,4.8211285e-07,0.021646677,0.4826176,2.465865e-07
3451,ravdess,21,03-01-04-01-01-02-21.wav,Sad,285,Sad,Disgust,False,0.97418314,0.00014513692,0.97418314,4.336218e-11,4.562596e-05,0.01738079,0.008241086,4.250072e-06
3452,ravdess,21,03-01-04-01-02-01-21.wav,Sad,225,Sad,Disgust,False,0.715949,0.0039094123,0.715949,4.1928033e-06,2.1630178e-06,0.26984772,0.010271621,1.595581e-05
3453,ravdess,21,03-01-04-01-02-02-21.wav,Sad,234,Sad,Sad,True,0.74971944,7.634815e-06,0.24302125,6.729769e-08,3.3609895e-06,0.0072465986,0.74971944,1.6615636e-06
3454,ravdess,21,03-01-04-02-01-01-21.wav,Sad,228,Sad,Sad,True,0.32164645,0.28740424,0.021427473,0.059137773,0.061338693,0.24892838,0.32164645,0.00011693044
3455,ravdess,21,03-01-04-02-01-02-21.wav,Sad,244,Sad,Happy,False,0.5328532,0.14495021,0.10459766,0.0015640685,0.5328532,0.18746515,0.028366622,0.00020312553
3456,ravdess,21,03-01-04-02-02-01-21.wav,Sad,237,Sad,Sad,True,0.78856707,3.1878706e-05,0.20923473,9.484795e-05,0.00080183084,0.0010943268,0.78856707,0.00017533507
3457,ravdess,21,03-01-04-02-02-02-21.wav,Sad,225,Sad,Sad,True,0.38586494,0.003746144,0.029006701,0.2048331,0.0017538217,0.37461624,0.38586494,0.00017905384
3458,ravdess,21,03-01-05-01-01-01-21.wav,Angry,221,Angry,Angry,True,0.93982095,0.93982095,0.057297144,3.463959e-07,0.001057542,0.0017554617,4.379711e-05,2.474624e-05
3459,ravdess,21,03-01-05-01-01-02-21.wav,Angry,212,Angry,Angry,True,0.9974235,0.9974235,0.0005548729,6.542238e-08,0.0018392706,0.0001549329,2.0747152e-06,2.5286172e-05
3460,ravdess,21,03-01-05-01-02-01-21.wav,Angry,212,Angry,Angry,True,0.9624189,0.9624189,0.01267578,1.1531218e-06,0.02469742,0.00010582186,9.957876e-05,1.3432029e-06
3461,ravdess,21,03-01-05-01-02-02-21.wav,Angry,202,Angry,Happy,False,0.41770712,0.40677226,0.010752784,1.29850705e-05,0.41770712,0.16326553,0.00035421815,0.0011350969
3462,ravdess,21,03-01-05-02-01-01-21.wav,Angry,237,Angry,Angry,True,0.99844223,0.99844223,0.00028945433,4.8199217e-10,0.0012596155,7.3830483e-06,6.052889e-09,1.2452942e-06
3463,ravdess,21,03-01-05-02-01-02-21.wav,Angry,250,Angry,Angry,True,0.97150034,0.97150034,0.008745746,1.0419395e-08,0.019565549,2.102644e-05,4.0214272e-05,0.00012708837
3464,ravdess,21,03-01-05-02-02-01-21.wav,Angry,215,Angry,Happy,False,0.5989249,0.39966136,0.0012655786,1.1568791e-06,0.5989249,0.0001161632,2.5581483e-05,5.285954e-06
3465,ravdess,21,03-01-05-02-02-02-21.wav,Angry,225,Angry,Angry,True,0.99973863,0.99973863,0.00023951006,4.6637922e-08,1.9391593e-05,2.2721188e-06,4.8188977e-09,5.9151507e-08
3466,ravdess,21,03-01-06-01-01-01-21.wav,Fear,202,Fear,Neutral,False,0.5791404,0.18966785,0.18684678,1.430328e-05,0.017542286,0.5791404,0.023974914,0.002813429
3467,ravdess,21,03-01-06-01-01-02-21.wav,Fear,199,Fear,Neutral,False,0.9975435,0.00027172294,0.00048626334,8.344079e-08,0.000106602034,0.9975435,0.0015882315,3.5998191e-06
3468,ravdess,21,03-01-06-01-02-01-21.wav,Fear,231,Fear,Disgust,False,0.7309807,0.011059859,0.7309807,0.00032703608,0.17408954,0.024949081,0.0584053,0.00018850989
3469,ravdess,21,03-01-06-01-02-02-21.wav,Fear,221,Fear,Disgust,False,0.98396975,0.0003140947,0.98396975,5.2088114e-07,4.5230565e-05,0.014040836,0.0016273045,2.228119e-06
3470,ravdess,21,03-01-06-02-01-01-21.wav,Fear,202,Fear,Disgust,False,0.44332004,0.18803222,0.44332004,0.0008843565,0.0874261,0.26110032,0.016752679,0.0024842755
3471,ravdess,21,03-01-06-02-01-02-21.wav,Fear,193,Fear,Happy,False,0.54442596,0.43656844,0.0060768127,0.00037081592,0.54442596,0.006086037,0.0062771183,0.00019476311
3472,ravdess,21,03-01-06-02-02-01-21.wav,Fear,186,Fear,Angry,False,0.9606743,0.9606743,0.0025763018,0.001436837,0.01838516,0.01447289,0.0005546144,0.0018998985
3473,ravdess,21,03-01-06-02-02-02-21.wav,Fear,173,Fear,Neutral,False,0.56439835,0.013651181,0.00015086704,0.0015290251,0.41549367,0.56439835,0.0016975733,0.0030793098
3474,ravdess,21,03-01-07-01-01-01-21.wav,Disgust,205,Disgust,Disgust,True,0.99507564,0.0049128286,0.99507564,2.0686075e-10,1.2950535e-06,9.215648e-06,4.238062e-07,6.0125154e-07
3475,ravdess,21,03-01-07-01-01-02-21.wav,Disgust,218,Disgust,Angry,False,0.63929874,0.63929874,0.3587362,4.9987516e-08,0.0006833152,0.0012334662,1.07322485e-05,3.7526774e-05
3476,ravdess,21,03-01-07-01-02-01-21.wav,Disgust,180,Disgust,Angry,False,0.86754936,0.86754936,0.008225593,2.8135722e-05,0.031272624,0.09057524,3.5535963e-05,0.0023134812
3477,ravdess,21,03-01-07-01-02-02-21.wav,Disgust,173,Disgust,Angry,False,0.6734106,0.6734106,0.0044068513,6.26944e-05,0.17332616,0.0308095,0.00018324461,0.11780085
3478,ravdess,21,03-01-07-02-01-01-21.wav,Disgust,218,Disgust,Disgust,True,0.8695359,0.13010237,0.8695359,5.9092713e-09,6.5684224e-05,0.00011839916,0.00017692003,6.722771e-07
3479,ravdess,21,03-01-07-02-01-02-21.wav,Disgust,215,Disgust,Angry,False,0.8910067,0.8910067,0.10224248,3.7044774e-08,0.0005402304,0.002260852,0.003945539,4.1634717e-06
3480,ravdess,21,03-01-07-02-02-01-21.wav,Disgust,234,Disgust,Disgust,True,0.9999398,3.4201585e-05,0.9999398,8.2961395e-11,2.1378009e-08,5.1203614e-08,2.5955602e-05,9.045892e-09
3481,ravdess,21,03-01-07-02-02-02-21.wav,Disgust,205,Disgust,Disgust,True,0.98618186,0.0019472591,0.98618186,1.398169e-06,5.9589024e-07,0.00074626814,0.0111221,4.500594e-07
3482,ravdess,21,03-01-08-01-01-01-21.wav,Surprise,157,Surprise,Surprise,True,0.96857977,1.1860949e-06,1.5988064e-09,0.00013439922,0.031284615,5.948359e-09,8.737007e-10,0.96857977
3483,ravdess,21,03-01-08-01-01-02-21.wav,Surprise,157,Surprise,Surprise,True,0.9996107,8.11471e-09,9.118088e-11,5.213736e-07,0.00038880762,2.8427352e-12,3.681651e-12,0.9996107
3484,ravdess,21,03-01-08-01-02-01-21.wav,Surprise,151,Surprise,Surprise,True,0.71348196,0.043006685,5.2406494e-07,0.0058650146,0.23764504,7.1563285e-08,7.2914395e-07,0.71348196
3485,ravdess,21,03-01-08-01-02-02-21.wav,Surprise,167,Surprise,Surprise,True,0.9516844,2.3684575e-05,2.2134833e-08,3.5625624e-05,0.04825485,1.3937307e-06,2.0453072e-08,0.9516844
3486,ravdess,21,03-01-08-02-01-01-21.wav,Surprise,173,Surprise,Surprise,True,0.99411976,0.002129996,3.6784848e-05,7.945865e-06,0.0037053616,4.7080604e-08,1.5986686e-08,0.99411976
3487,ravdess,21,03-01-08-02-01-02-21.wav,Surprise,173,Surprise,Surprise,True,0.90918815,0.059754413,8.874811e-06,1.5206631e-06,0.031047055,2.483957e-08,2.1575086e-10,0.90918815
3488,ravdess,21,03-01-08-02-02-01-21.wav,Surprise,154,Surprise,Surprise,True,0.99552983,0.0003311411,6.7458427e-07,0.002210815,0.0019274936,1.1494812e-08,7.9064606e-08,0.99552983
3489,ravdess,21,03-01-08-02-02-02-21.wav,Surprise,164,Surprise,Surprise,True,0.9696554,0.00048722443,2.09457e-07,7.4830923e-06,0.029849418,2.1347026e-07,2.9713936e-09,0.9696554
3646,savee,DC,DC_a01.wav,Angry,365,Angry,Surprise,False,0.54627895,0.000107506385,5.604363e-07,0.019815937,0.43379593,5.1633066e-07,5.854432e-07,0.54627895
3647,savee,DC,DC_a02.wav,Angry,344,Angry,Fear,False,0.34521213,0.15462983,0.013744371,0.34521213,0.21092999,0.05617159,0.0025566511,0.21675539
3648,savee,DC,DC_a03.wav,Angry,208,Angry,Surprise,False,0.6549109,0.0017060528,0.00013381922,0.12793395,0.21470849,0.00014065576,0.00046611074,0.6549109
3649,savee,DC,DC_a04.wav,Angry,231,Angry,Angry,True,0.48789597,0.48789597,0.0002905287,0.006853961,0.08874403,2.6415678e-06,0.00030165925,0.41591123
3650,savee,DC,DC_a05.wav,Angry,212,Angry,Happy,False,0.90062445,0.097474396,0.00012801599,0.0009735968,0.90062445,0.0004073488,0.0002562273,0.00013600253
3651,savee,DC,DC_a06.wav,Angry,374,Angry,Surprise,False,0.9390557,0.00030943402,0.000103857274,0.023890853,0.036592748,1.0193406e-05,3.7293677e-05,0.9390557
3652,savee,DC,DC_a07.wav,Angry,215,Angry,Fear,False,0.9850519,0.0026281793,0.00064501207,0.9850519,0.00017383193,0.0022853012,6.2353174e-05,0.009153518
3653,savee,DC,DC_a08.wav,Angry,228,Angry,Surprise,False,0.88342613,0.10877231,0.0006190268,0.002112291,0.0050436743,1.6211674e-05,1.03145e-05,0.88342613
3654,savee,DC,DC_a09.wav,Angry,400,Angry,Surprise,False,0.34311464,0.33604556,0.04922413,0.078435935,0.11930487,0.0639477,0.009927134,0.34311464
3655,savee,DC,DC_a10.wav,Angry,362,Angry,Angry,True,0.4363616,0.4363616,0.0014540101,0.000419329,0.20714982,6.295147e-05,1.5909187e-05,0.35453635
3656,savee,DC,DC_a11.wav,Angry,266,Angry,Happy,False,0.93309534,0.0015807521,0.0012036548,0.009492937,0.93309534,0.027096326,0.002286635,0.025244385
3657,savee,DC,DC_a12.wav,Angry,332,Angry,Happy,False,0.6462833,0.0013575935,7.76378e-08,0.058481876,0.6462833,2.6894822e-06,4.417431e-07,0.29387403
3658,savee,DC,DC_a13.wav,Angry,401,Angry,Angry,True,0.65915996,0.65915996,0.013080095,0.010660558,0.054421425,5.1316285e-05,0.0028942705,0.25973237
3659,savee,DC,DC_a14.wav,Angry,401,Angry,Angry,True,0.89902306,0.89902306,0.00031164527,9.622049e-05,0.023570098,8.5367195e-05,2.7081064e-06,0.07691086
3660,savee,DC,DC_a15.wav,Angry,388,Angry,Angry,True,0.8923867,0.8923867,9.566225e-05,6.103699e-07,0.10684267,0.00024007302,2.3568969e-06,0.00043196086
3661,savee,DC,DC_d01.wav,Disgust,401,Disgust,Happy,False,0.5803489,0.03379745,0.007815218,0.13127479,0.5803489,0.00021197286,0.010272469,0.23627923
3662,savee,DC,DC_d02.wav,Disgust,393,Disgust,Happy,False,0.6500104,0.1741894,0.0024531686,0.036890466,0.6500104,0.008693158,0.00035887377,0.12740451
3663,savee,DC,DC_d03.wav,Disgust,235,Disgust,Happy,False,0.45619413,0.078266,0.0019715037,0.05831546,0.45619413,0.3526152,0.042641558,0.009996118
3664,savee,DC,DC_d04.wav,Disgust,401,Disgust,Happy,False,0.78518355,0.029560084,0.006001981,0.0023962278,0.78518355,0.16021957,0.0139001,0.0027385259
3665,savee,DC,DC_d05.wav,Disgust,311,Disgust,Happy,False,0.535444,0.060972072,0.040336423,0.041642226,0.535444,0.0111905,0.00017301593,0.31024173
3666,savee,DC,DC_d06.wav,Disgust,331,Disgust,Angry,False,0.33789465,0.33789465,0.015592225,0.031631105,0.28539357,0.23192215,8.9754285e-05,0.097476594
3667,savee,DC,DC_d07.wav,Disgust,270,Disgust,Disgust,True,0.29722673,0.006575504,0.29722673,0.17264633,0.065373436,0.1521393,0.215031,0.09100771
3668,savee,DC,DC_d08.wav,Disgust,401,Disgust,Disgust,True,0.7436155,0.117446244,0.7436155,0.014699777,0.0017254039,0.067870095,0.052893642,0.0017493874
3669,savee,DC,DC_d09.wav,Disgust,401,Disgust,Angry,False,0.92260784,0.92260784,0.018698571,0.00047634097,0.007414415,0.039667558,0.00963027,0.0015049931
3670,savee,DC,DC_d10.wav,Disgust,401,Disgust,Disgust,True,0.98853135,0.009170481,0.98853135,2.8933699e-05,0.00017518083,0.00026755536,0.0015652297,0.00026126226
3671,savee,DC,DC_d11.wav,Disgust,357,Disgust,Neutral,False,0.6156068,0.042545892,0.13331874,0.02321297,0.1462029,0.6156068,0.00064713054,0.038465556
3672,savee,DC,DC_d12.wav,Disgust,373,Disgust,Surprise,False,0.55108815,0.08556921,0.000178282,0.20399658,0.15254804,0.006511134,0.00010850705,0.55108815
3673,savee,DC,DC_d13.wav,Disgust,401,Disgust,Disgust,True,0.5122461,0.066067725,0.5122461,0.0034027046,0.41252917,2.8482606e-05,0.00035615006,0.0053696544
3674,savee,DC,DC_d14.wav,Disgust,401,Disgust,Angry,False,0.662517,0.662517,0.019806549,0.01636115,0.10814578,1.6899716e-05,0.0038928518,0.18925974
3675,savee,DC,DC_d15.wav,Disgust,401,Disgust,Angry,False,0.5661477,0.5661477,0.003703014,0.03944886,0.33910695,0.028721506,0.00034286873,0.022529108
3676,savee,DC,DC_f01.wav,Fear,332,Fear,Surprise,False,0.7802102,0.00040018364,0.00034221576,0.19346176,0.025366437,4.9231498e-05,0.00017002363,0.7802102
3677,savee,DC,DC_f02.wav,Fear,340,Fear,Happy,False,0.74420625,0.007231543,1.718031e-05,0.20357317,0.74420625,0.0005523906,0.00077112723,0.043648295
3678,savee,DC,DC_f03.wav,Fear,229,Fear,Happy,False,0.9456372,0.0001644617,6.767499e-06,0.0008828546,0.9456372,0.00040025124,0.0004788311,0.052429505
3679,savee,DC,DC_f04.wav,Fear,302,Fear,Surprise,False,0.98700595,0.0007568058,3.4436283e-08,0.0017397548,0.010492659,4.8475404e-06,8.281576e-09,0.98700595
3680,savee,DC,DC_f05.wav,Fear,330,Fear,Surprise,False,0.5007587,0.004711358,0.0012547916,0.0021607578,0.49056882,0.00049354555,5.2089035e-05,0.5007587
3681,savee,DC,DC_f06.wav,Fear,299,Fear,Happy,False,0.9198463,0.05685546,0.0029440874,0.0010059228,0.9198463,0.0010823403,5.4094722e-05,0.018211797
3682,savee,DC,DC_f07.wav,Fear,362,Fear,Surprise,False,0.3489153,0.330922,0.059936102,0.08212823,0.07016735,0.095606804,0.012324186,0.3489153
3683,savee,DC,DC_f08.wav,Fear,391,Fear,Surprise,False,0.4588565,0.0021097525,8.491274e-05,0.12137744,0.41729298,0.0001743922,0.000104012164,0.4588565
3684,savee,DC,DC_f09.wav,Fear,388,Fear,Angry,False,0.85537666,0.85537666,0.0018380396,0.00014961303,0.04108507,0.08216477,7.179069e-06,0.019378595
3685,savee,DC,DC_f10.wav,Fear,250,Fear,Neutral,False,0.698504,0.092240274,0.034711644,0.008850886,0.13121422,0.698504,0.0063887043,0.02809039
3686,savee,DC,DC_f11.wav,Fear,401,Fear,Surprise,False,0.5073762,0.016354695,0.013639277,0.12811978,0.3327229,0.0002462888,0.0015408803,0.5073762
3687,savee,DC,DC_f12.wav,Fear,401,Fear,Fear,True,0.8623336,0.013478814,3.111345e-05,0.8623336,0.11942744,1.2698064e-05,6.5753826e-05,0.00465053
3688,savee,DC,DC_f13.wav,Fear,247,Fear,Happy,False,0.5319125,4.5738225e-06,1.1092686e-05,0.44719458,0.5319125,5.2365243e-07,7.8868834e-05,0.020797847
3689,savee,DC,DC_f14.wav,Fear,401,Fear,Sad,False,0.94702595,0.0017917913,0.0030175152,0.036116756,0.0020109671,0.0026141664,0.94702595,0.0074227536
3690,savee,DC,DC_f15.wav,Fear,401,Fear,Happy,False,0.80537075,0.034715783,5.8263373e-05,0.00050224614,0.80537075,0.00085204927,1.1706529e-05,0.15848915
3691,savee,DC,DC_h01.wav,Happy,384,Happy,Fear,False,0.7175363,0.003797189,0.00010430616,0.7175363,0.095804386,0.000121941586,0.001080607,0.18155529
3692,savee,DC,DC_h02.wav,Happy,340,Happy,Surprise,False,0.6091437,0.055494774,0.0014147814,0.19966911,0.12076616,0.0093205245,0.0041908934,0.6091437
3693,savee,DC,DC_h03.wav,Happy,227,Happy,Happy,True,0.81870127,0.035855435,3.5844227e-05,0.0056266147,0.81870127,8.470887e-05,6.470422e-05,0.13963132
3694,savee,DC,DC_h04.wav,Happy,323,Happy,Happy,True,0.97207606,0.009048552,0.00012865674,0.013984118,0.97207606,0.00023042382,3.1980486e-05,0.004500251
3695,savee,DC,DC_h05.wav,Happy,401,Happy,Surprise,False,0.84010106,0.0013076345,3.313675e-05,0.0067113666,0.1518403,6.0058255e-07,5.9356207e-06,0.84010106
3696,savee,DC,DC_h06.wav,Happy,346,Happy,Happy,True,0.9537136,0.0031291184,0.00029016924,0.012220829,0.9537136,0.00045067965,4.6322566e-05,0.030149356
3697,savee,DC,DC_h07.wav,Happy,361,Happy,Happy,True,0.73800796,0.030615458,0.00026265602,0.009814383,0.73800796,0.0004497294,2.310369e-05,0.22082666
3698,savee,DC,DC_h08.wav,Happy,205,Happy,Surprise,False,0.6287066,0.0017315181,0.00025128518,0.06499119,0.2999106,0.0004475413,0.003961294,0.6287066
3699,savee,DC,DC_h09.wav,Happy,244,Happy,Happy,True,0.9931491,0.0037855422,3.469003e-08,0.00057178515,0.9931491,8.3505164e-08,3.9008575e-07,0.0024929515
3700,savee,DC,DC_h10.wav,Happy,244,Happy,Happy,True,0.9810539,0.018622829,0.00024791216,3.0628573e-06,0.9810539,2.3282122e-05,3.5086254e-07,4.8745907e-05
3701,savee,DC,DC_h11.wav,Happy,401,Happy,Angry,False,0.9886109,0.9886109,0.00016941606,1.2943696e-05,0.010670758,0.00010878391,8.6437874e-05,0.00034068472
3702,savee,DC,DC_h12.wav,Happy,401,Happy,Happy,True,0.8875831,5.8777376e-05,2.2304417e-05,0.019574527,0.8875831,7.190395e-05,0.016461689,0.07622777
3703,savee,DC,DC_h13.wav,Happy,277,Happy,Happy,True,0.70873904,0.0062954184,0.0003760188,0.030413732,0.70873904,0.0026448332,0.0008504146,0.25068048
3704,savee,DC,DC_h14.wav,Happy,401,Happy,Happy,True,0.6128178,0.010431095,0.0002657656,0.16337705,0.6128178,0.0015652962,0.000725797,0.21081714
3705,savee,DC,DC_h15.wav,Happy,401,Happy,Happy,True,0.8639632,0.00091751356,8.894071e-07,0.0014432477,0.8639632,6.568952e-08,1.6687392e-06,0.1336735
3706,savee,DC,DC_n01.wav,Neutral,378,Neutral,Neutral,True,0.9713651,0.001990589,0.0006276046,0.020389523,4.1670253e-05,0.9713651,0.0055154967,7.0030816e-05
3707,savee,DC,DC_n02.wav,Neutral,378,Neutral,Neutral,True,0.86818224,0.022147996,0.09458789,0.0037583522,0.0097406795,0.86818224,0.000878027,0.00070476474
3708,savee,DC,DC_n03.wav,Neutral,206,Neutral,Neutral,True,0.55439806,0.21688612,0.15088953,0.0107222805,0.012895839,0.55439806,0.04702027,0.007187898
3709,savee,DC,DC_n04.wav,Neutral,361,Neutral,Neutral,True,0.9760173,0.00026318608,0.022110127,6.885907e-05,7.887492e-05,0.9760173,0.0014399276,2.1739395e-05
3710,savee,DC,DC_n05.wav,Neutral,284,Neutral,Neutral,True,0.829523,0.020490944,0.10366526,0.001084352,0.0017887162,0.829523,0.042715427,0.0007322913
3711,savee,DC,DC_n06.wav,Neutral,401,Neutral,Neutral,True,0.9243199,0.003996372,0.020686436,0.011859711,0.0075072963,0.9243199,0.030102838,0.0015275216
3712,savee,DC,DC_n07.wav,Neutral,401,Neutral,Sad,False,0.9268451,0.000102814134,0.06246347,6.860508e-05,3.516496e-06,0.0105093075,0.9268451,7.2165653e-06
3713,savee,DC,DC_n08.wav,Neutral,350,Neutral,Angry,False,0.6979003,0.6979003,0.0012817133,1.1629874e-05,0.0011917034,0.2996018,4.5488023e-06,8.313874e-06
3714,savee,DC,DC_n09.wav,Neutral,379,Neutral,Neutral,True,0.9987212,0.00019489444,0.000144972,1.5905296e-05,6.531832e-05,0.9987212,0.00085606036,1.6877793e-06
3715,savee,DC,DC_n10.wav,Neutral,401,Neutral,Neutral,True,0.5952475,0.001027246,0.27840596,0.0035664595,2.9410849e-05,0.5952475,0.12168556,3.786186e-05
3716,savee,DC,DC_n11.wav,Neutral,401,Neutral,Neutral,True,0.7724014,0.000314907,0.0005117874,0.00041158785,0.00055280613,0.7724014,0.22563471,0.00017285028
3717,savee,DC,DC_n12.wav,Neutral,298,Neutral,Neutral,True,0.99756765,0.00040649352,0.0019493556,7.855951e-07,6.178609e-05,0.99756765,1.1681619e-05,2.2396944e-06
3718,savee,DC,DC_n13.wav,Neutral,279,Neutral,Disgust,False,0.7731572,0.0071947197,0.7731572,0.00025337117,0.011678306,0.20526193,0.0023021018,0.00015243508
3719,savee,DC,DC_n14.wav,Neutral,401,Neutral,Fear,False,0.9378819,0.029151145,0.00043235507,0.9378819,0.0034742062,0.0028140321,0.0040189386,0.022227382
3720,savee,DC,DC_n15.wav,Neutral,401,Neutral,Sad,False,0.5066913,0.00067995134,0.14427075,0.0011790871,4.1674713e-05,0.34625065,0.5066913,0.0008865945
3721,savee,DC,DC_n16.wav,Neutral,382,Neutral,Neutral,True,0.97776276,0.017639512,0.0004114835,0.0018652779,0.0006777413,0.97776276,0.0014079749,0.00023526435
3722,savee,DC,DC_n17.wav,Neutral,346,Neutral,Neutral,True,0.49449924,0.35572773,0.11078537,0.0023185313,0.028269434,0.49449924,0.00014351064,0.008256156
3723,savee,DC,DC_n18.wav,Neutral,189,Neutral,Neutral,True,0.833131,0.14289156,0.0074821897,0.0021765805,0.0060136155,0.833131,0.008179757,0.00012536954
3724,savee,DC,DC_n19.wav,Neutral,325,Neutral,Angry,False,0.5704446,0.5704446,0.003118733,9.4386356e-05,0.35632375,0.06925697,0.00028659293,0.0004750403
3725,savee,DC,DC_n20.wav,Neutral,330,Neutral,Neutral,True,0.9933961,0.0013796733,0.0050918506,1.5443859e-05,4.4759337e-05,0.9933961,6.323267e-05,9.056336e-06
3726,savee,DC,DC_n21.wav,Neutral,401,Neutral,Neutral,True,0.89479154,0.00014194786,0.09931675,3.2207959e-06,2.5010646e-05,0.89479154,0.0057212966,2.4931413e-07
3727,savee,DC,DC_n22.wav,Neutral,306,Neutral,Neutral,True,0.96490365,0.026597384,0.0074337325,0.000106349326,0.00052088173,0.96490365,2.0478257e-05,0.00041751805
3728,savee,DC,DC_n23.wav,Neutral,332,Neutral,Neutral,True,0.98199606,0.0137653705,0.0025716226,2.0292538e-05,0.0013738065,0.98199606,0.00026983095,3.0696783e-06
3729,savee,DC,DC_n24.wav,Neutral,387,Neutral,Neutral,True,0.98892957,0.010080296,0.00061205076,9.008166e-06,3.305088e-06,0.98892957,0.00036527825,5.539561e-07
3730,savee,DC,DC_n25.wav,Neutral,401,Neutral,Surprise,False,0.4464251,0.0058900304,0.003682006,0.34696057,0.01157469,0.18259367,0.0028739488,0.4464251
3731,savee,DC,DC_n26.wav,Neutral,314,Neutral,Neutral,True,0.949882,0.0003634542,0.0049395063,0.032283004,0.0009477392,0.949882,0.011049192,0.00053511455
3732,savee,DC,DC_n27.wav,Neutral,401,Neutral,Neutral,True,0.6347099,0.218072,0.019094173,0.0008497111,0.012063418,0.6347099,0.10706354,0.00814731
3733,savee,DC,DC_n28.wav,Neutral,401,Neutral,Sad,False,0.9851736,1.2779029e-05,0.005055171,0.00027073972,0.00025552628,0.009222091,0.9851736,1.012737e-05
3734,savee,DC,DC_n29.wav,Neutral,329,Neutral,Neutral,True,0.66660863,0.029391147,0.0031869956,0.0023413196,0.2964398,0.66660863,0.0003792721,0.0016528232
3735,savee,DC,DC_n30.wav,Neutral,401,Neutral,Sad,False,0.7650014,0.014127809,0.041565683,0.00078459794,0.0004897285,0.17466131,0.7650014,0.003369443
3736,savee,DC,DC_sa01.wav,Sad,401,Sad,Sad,True,0.57088727,0.030778052,0.1055256,0.13723391,0.054691546,0.030251998,0.57088727,0.07063172
3737,savee,DC,DC_sa02.wav,Sad,394,Sad,Surprise,False,0.4998243,0.10163602,0.15680367,0.1132532,0.06900401,0.051237687,0.008241161,0.4998243
3738,savee,DC,DC_sa03.wav,Sad,243,Sad,Surprise,False,0.8795894,0.0050588036,0.010531143,0.04472672,0.053391784,0.0046622464,0.0020399045,0.8795894
3739,savee,DC,DC_sa04.wav,Sad,401,Sad,Disgust,False,0.29324174,0.06127392,0.29324174,0.27892447,0.023309764,0.054084036,0.13462675,0.15453938
3740,savee,DC,DC_sa05.wav,Sad,401,Sad,Sad,True,0.74783295,0.0014471473,0.089838594,0.040357444,0.07665843,1.8543538e-05,0.74783295,0.043846846
3741,savee,DC,DC_sa06.wav,Sad,401,Sad,Surprise,False,0.7085733,5.9796705e-05,0.00211236,0.15194874,0.12070734,0.0006300258,0.015968427,0.7085733
3742,savee,DC,DC_sa07.wav,Sad,292,Sad,Surprise,False,0.71452016,0.027803678,0.00039071325,0.114235885,0.13706906,0.003228036,0.002752449,0.71452016
3743,savee,DC,DC_sa08.wav,Sad,307,Sad,Fear,False,0.5015802,0.009132549,0.00012656684,0.5015802,0.086805195,0.002198597,0.0012692385,0.3988877
3744,savee,DC,DC_sa09.wav,Sad,275,Sad,Neutral,False,0.51761156,0.021249304,0.04819504,0.0025275839,0.39387858,0.51761156,0.004289412,0.012248483
3745,savee,DC,DC_sa10.wav,Sad,401,Sad,Happy,False,0.97116953,0.011710005,0.00012720452,0.0003817686,0.97116953,0.0007051383,0.0017235662,0.014182687
3746,savee,DC,DC_sa11.wav,Sad,401,Sad,Angry,False,0.8099702,0.8099702,0.0040142043,0.006887843,0.032038167,0.008589497,0.0034175455,0.13508254
3747,savee,DC,DC_sa12.wav,Sad,401,Sad,Happy,False,0.6644864,0.31454393,0.00027224445,0.0033430373,0.6644864,2.5468222e-05,4.597761e-05,0.017282996
3748,savee,DC,DC_sa13.wav,Sad,401,Sad,Surprise,False,0.6902292,0.15998493,0.0031840613,0.00070468796,0.13958575,0.000261907,0.0060495166,0.6902292
3749,savee,DC,DC_sa14.wav,Sad,401,Sad,Angry,False,0.9550666,0.9550666,0.00028634636,0.0006130643,0.030224763,6.8185e-05,0.00016285598,0.013578137
3750,savee,DC,DC_sa15.wav,Sad,401,Sad,Angry,False,0.85591173,0.85591173,0.01763937,0.0026156136,0.084634215,0.0009880242,0.027749417,0.010461573
3751,savee,DC,DC_su01.wav,Surprise,325,Surprise,Surprise,True,0.96807855,5.354909e-06,2.2880239e-07,0.021505594,0.010409704,2.4503024e-08,5.2996006e-07,0.96807855
3752,savee,DC,DC_su02.wav,Surprise,323,Surprise,Surprise,True,0.8187487,0.08985149,0.002325365,0.030686438,0.033637103,0.02411004,0.0006408885,0.8187487
3753,savee,DC,DC_su03.wav,Surprise,187,Surprise,Surprise,True,0.4776187,0.01230782,0.00036191096,0.009885739,0.46606743,0.028974438,0.0047839363,0.4776187
3754,savee,DC,DC_su04.wav,Surprise,336,Surprise,Happy,False,0.57636803,8.3198036e-05,1.6101318e-07,0.0056613684,0.57636803,2.9386243e-07,3.3032453e-08,0.4178869
3755,savee,DC,DC_su05.wav,Surprise,284,Surprise,Surprise,True,0.922198,0.0017566053,0.0048618945,0.019651204,0.050320946,0.0008307716,0.00038063838,0.922198
3756,savee,DC,DC_su06.wav,Surprise,243,Surprise,Surprise,True,0.92501175,0.0039160964,1.3115196e-06,0.040835563,0.03018249,1.0618847e-05,4.2223975e-05,0.92501175
3757,savee,DC,DC_su07.wav,Surprise,346,Surprise,Surprise,True,0.50231713,0.00039844422,0.00012338518,0.010867704,0.48584694,0.000430998,1.541639e-05,0.50231713
3758,savee,DC,DC_su08.wav,Surprise,381,Surprise,Surprise,True,0.7300695,0.008674429,6.802665e-05,0.024099106,0.2367173,3.5294153e-05,0.00033629182,0.7300695
3759,savee,DC,DC_su09.wav,Surprise,344,Surprise,Surprise,True,0.985254,3.4283377e-05,0.00011251781,0.003521205,0.011015432,6.1903476e-05,6.569849e-07,0.985254
3760,savee,DC,DC_su10.wav,Surprise,401,Surprise,Surprise,True,0.54830176,0.048597865,0.0040216926,0.008335012,0.38642517,0.0040061167,0.0003123353,0.54830176
3761,savee,DC,DC_su11.wav,Surprise,268,Surprise,Fear,False,0.6578803,1.2800814e-06,1.197222e-05,0.6578803,0.03691612,2.0478898e-07,0.00091059355,0.30427954
3762,savee,DC,DC_su12.wav,Surprise,401,Surprise,Surprise,True,0.6229287,0.0062781735,1.5436866e-05,0.2598023,0.11032722,7.5714124e-05,0.0005725003,0.6229287
3763,savee,DC,DC_su13.wav,Surprise,401,Surprise,Surprise,True,0.97425926,8.201863e-05,7.631507e-07,0.013564215,0.012092611,1.7080908e-09,1.1537011e-06,0.97425926
3764,savee,DC,DC_su14.wav,Surprise,401,Surprise,Surprise,True,0.8194548,0.012573303,0.061901394,0.081090406,0.016971808,0.0005250292,0.007483289,0.8194548
3765,savee,DC,DC_su15.wav,Surprise,401,Surprise,Surprise,True,0.67608196,0.0010412822,3.6304857e-07,0.09415153,0.2286943,2.161112e-07,3.0349414e-05,0.67608196
4143,tess,OAF,OAF_base_fear.wav,Fear,170,Fear,Fear,True,0.99999976,2.4380003e-07,6.9072313e-12,0.99999976,1.1827399e-10,1.1292336e-09,8.865755e-10,6.0237304e-09
4145,tess,OAF,OAF_base_neutral.wav,Neutral,215,Neutral,Neutral,True,0.9999995,1.1898367e-08,1.8533514e-09,7.929348e-09,1.5992436e-09,0.9999995,1.9668727e-07,2.5623882e-07
4147,tess,OAF,OAF_base_sad.wav,Sad,253,Sad,Sad,True,0.99999976,7.749097e-08,4.0101655e-10,2.9042962e-10,1.9891747e-10,1.6530477e-07,0.99999976,3.8113703e-09
4149,tess,OAF,OAF_bath_disgust.wav,Disgust,228,Disgust,Disgust,True,0.9999945,1.295208e-07,0.9999945,9.970456e-10,3.3960573e-10,4.1203545e-08,1.0975271e-08,5.3273425e-06
4150,tess,OAF,OAF_bath_fear.wav,Fear,164,Fear,Fear,True,0.97803444,1.8596841e-06,1.659876e-08,0.97803444,6.31072e-05,2.4503666e-10,2.0403871e-07,0.021900455
4164,tess,OAF,OAF_beg_fear.wav,Fear,157,Fear,Fear,True,1.0,1.4688765e-09,3.0875979e-12,1.0,5.2228333e-11,9.6938915e-11,1.4005073e-10,1.1438749e-09
4166,tess,OAF,OAF_beg_neutral.wav,Neutral,198,Neutral,Neutral,True,0.99999475,1.0030648e-07,8.895268e-10,4.1177339e-07,2.6903722e-08,0.99999475,3.351689e-06,1.2733277e-06
4171,tess,OAF,OAF_bite_fear.wav,Fear,131,Fear,Fear,True,0.99999976,2.8786204e-07,9.1668464e-11,0.99999976,3.4803778e-11,4.678878e-11,1.7742843e-10,1.1006248e-08
4178,tess,OAF,OAF_boat_happy.wav,Happy,160,Happy,Happy,True,0.9927912,3.5925455e-05,6.096e-10,1.6919458e-10,0.9927912,6.866294e-10,7.728556e-14,0.007172857
4182,tess,OAF,OAF_bone_angry.wav,Angry,157,Angry,Angry,True,0.99999976,0.99999976,7.68949e-10,9.084457e-09,2.5159713e-07,1.3789803e-11,1.7756376e-11,2.6593764e-08
4185,tess,OAF,OAF_bone_happy.wav,Happy,209,Happy,Happy,True,0.99990857,1.3790452e-09,1.635276e-08,2.4859807e-08,0.99990857,5.104434e-12,2.8365418e-11,9.139293e-05
4188,tess,OAF,OAF_bone_sad.wav,Sad,247,Sad,Sad,True,0.99997497,4.190647e-08,3.286354e-08,1.0678304e-09,2.152721e-08,2.4869583e-05,0.99997497,2.1988567e-10
4194,tess,OAF,OAF_book_ps.wav,Surprise,170,Surprise,Surprise,True,0.99999785,3.7379195e-07,1.858646e-07,4.4015884e-08,1.5372602e-06,5.6692095e-08,6.125999e-11,0.99999785
4195,tess,OAF,OAF_book_sad.wav,Sad,249,Sad,Sad,True,0.9999993,6.5022547e-09,3.9588824e-07,1.9247032e-10,1.591065e-09,3.5474977e-07,0.9999993,1.8767926e-10
4200,tess,OAF,OAF_bought_neutral.wav,Neutral,196,Neutral,Neutral,True,1.0,7.253967e-11,1.8632037e-11,3.1043577e-11,1.2834012e-11,1.0,3.1743824e-08,5.769314e-09
4201,tess,OAF,OAF_bought_ps.wav,Surprise,194,Surprise,Surprise,True,0.9999999,2.4628238e-10,8.948312e-08,4.246858e-09,3.4625952e-10,1.4523277e-10,5.893348e-12,0.9999999
4204,tess,OAF,OAF_burn_disgust.wav,Disgust,221,Disgust,Disgust,True,0.99998033,1.7037202e-06,0.99998033,3.0836105e-09,1.4341832e-05,1.7773084e-06,1.0080067e-06,9.4577223e-07
4207,tess,OAF,OAF_burn_neutral.wav,Neutral,214,Neutral,Neutral,True,0.9999949,1.8243666e-08,2.4797828e-08,1.9812146e-07,3.290796e-09,0.9999949,3.571969e-07,4.5811635e-06
4232,tess,OAF,OAF_cause_disgust.wav,Disgust,249,Disgust,Disgust,True,0.99999225,6.6750144e-06,0.99999225,2.3558244e-09,1.0037834e-08,2.078897e-07,4.3286175e-07,3.8662668e-07
4242,tess,OAF,OAF_chain_neutral.wav,Neutral,212,Neutral,Neutral,True,0.99977106,1.1018487e-06,1.574021e-05,2.7933804e-05,9.051492e-09,0.99977106,1.0170739e-07,0.00018405568
4250,tess,OAF,OAF_chair_ps.wav,Surprise,196,Surprise,Surprise,True,0.99999917,3.6710381e-09,1.9422616e-07,1.2887546e-08,6.199691e-07,4.4170984e-10,1.0755205e-11,0.99999917
4258,tess,OAF,OAF_chalk_sad.wav,Sad,245,Sad,Sad,True,0.9991554,5.542782e-06,0.00077604345,3.164355e-07,2.9253819e-08,5.863243e-05,0.9991554,4.0364694e-06
4262,tess,OAF,OAF_chat_happy.wav,Happy,180,Happy,Happy,True,0.9998646,1.7234079e-08,2.123715e-10,1.0452608e-10,0.9998646,1.4769702e-09,9.68051e-12,0.00013545115
4270,tess,OAF,OAF_check_neutral.wav,Neutral,184,Neutral,Neutral,True,0.999995,2.168933e-08,8.449534e-09,3.6039712e-06,6.787472e-10,0.999995,6.482442e-08,1.3312418e-06
4271,tess,OAF,OAF_check_ps.wav,Surprise,212,Surprise,Surprise,True,0.99999833,7.417296e-12,1.4017096e-11,1.2651032e-07,1.5849989e-06,4.3208026e-13,4.0641007e-13,0.99999833
4281,tess,OAF,OAF_chief_disgust.wav,Disgust,245,Disgust,Disgust,True,0.9999896,9.079645e-07,0.9999896,4.1472564e-10,4.216825e-07,1.4787738e-08,6.8681425e-07,8.244172e-06
4291,tess,OAF,OAF_choice_neutral.wav,Neutral,207,Neutral,Neutral,True,0.9999975,1.9666266e-09,1.1941835e-08,1.4187193e-06,4.1499004e-10,0.9999975,9.907633e-08,9.4218296e-07
4296,tess,OAF,OAF_cool_fear.wav,Fear,157,Fear,Fear,True,0.9999999,1.2215646e-07,9.796081e-11,0.9999999,1.0375795e-10,7.94414e-09,5.6797034e-10,8.746291e-09
4303,tess,OAF,OAF_dab_fear.wav,Fear,147,Fear,Fear,True,1.0,3.2330792e-08,4.8931085e-11,1.0,2.0726225e-12,3.3892558e-10,5.623961e-10,4.1880785e-10
4305,tess,OAF,OAF_dab_neutral.wav,Neutral,199,Neutral,Neutral,True,1.0,1.4197985e-12,1.0005892e-12,4.1331423e-09,1.6304785e-13,1.0,2.597225e-10,9.6398045e-09
4311,tess,OAF,OAF_date_happy.wav,Happy,212,Happy,Happy,True,0.99998105,1.8898272e-09,6.1730066e-09,1.4245362e-10,0.99998105,1.8289255e-09,1.0122744e-11,1.8984185e-05
4314,tess,OAF,OAF_date_sad.wav,Sad,245,Sad,Sad,True,0.9999968,7.3174986e-09,2.3878724e-06,1.7544477e-10,1.0818461e-08,7.9719155e-07,0.9999968,5.047805e-09
4315,tess,OAF,OAF_dead_angry.wav,Angry,142,Angry,Angry,True,1.0,1.0,2.0228146e-09,1.1774514e-09,2.947515e-09,1.25758935e-11,5.253383e-12,3.8409984e-10
4320,tess,OAF,OAF_dead_ps.wav,Surprise,196,Surprise,Surprise,True,0.9999994,3.1659497e-09,1.17596606e-07,5.022451e-07,3.2617052e-08,3.2521121e-09,9.356945e-09,0.9999994
4327,tess,OAF,OAF_death_ps.wav,Surprise,180,Surprise,Surprise,True,0.99999857,1.3540244e-07,6.2762564e-07,6.3101896e-07,1.8041489e-10,2.407198e-09,1.9812094e-10,0.99999857
4338,tess,OAF,OAF_dime_fear.wav,Fear,161,Fear,Fear,True,1.0,4.682035e-09,7.0001934e-12,1.0,7.7054904e-11,1.881761e-11,6.9594526e-09,1.0144638e-08
4347,tess,OAF,OAF_dip_neutral.wav,Neutral,173,Neutral,Neutral,True,0.99992025,7.203252e-09,4.7273705e-09,7.701073e-05,9.075862e-11,0.99992025,1.4130184e-06,1.2768467e-06
4350,tess,OAF,OAF_ditch_angry.wav,Angry,152,Angry,Angry,True,0.9999863,0.9999863,1.9591384e-06,1.0598079e-08,1.1161191e-05,1.3792197e-07,3.4803476e-09,4.1064675e-07
4354,tess,OAF,OAF_ditch_neutral.wav,Neutral,199,Neutral,Neutral,True,0.9999175,1.5932163e-06,1.1221994e-05,2.1852911e-06,2.6994984e-08,0.9999175,8.85971e-08,6.732503e-05
4360,tess,OAF,OAF_dodge_happy.wav,Happy,210,Happy,Happy,True,0.9999989,7.798041e-10,5.4401147e-07,2.9532245e-12,0.9999989,1.0032496e-13,1.0217022e-11,4.426212e-07
4373,tess,OAF,OAF_doll_fear.wav,Fear,151,Fear,Fear,True,0.99988365,9.699017e-05,1.553446e-07,0.99988365,3.8404622e-07,2.8055283e-07,3.6271326e-06,1.4880023e-05
4393,tess,OAF,OAF_fall_disgust.wav,Disgust,240,Disgust,Disgust,True,0.9999995,1.7673085e-07,0.9999995,3.786328e-09,3.716405e-08,8.332489e-08,3.1546813e-07,3.085817e-09
4394,tess,OAF,OAF_fall_fear.wav,Fear,159,Fear,Fear,True,1.0,3.2044623e-09,6.692766e-12,1.0,1.7642257e-13,4.386696e-12,5.7402566e-10,2.9585714e-09
4397,tess,OAF,OAF_fall_ps.wav,Surprise,184,Surprise,Surprise,True,1.0,7.814815e-14,3.1983634e-12,1.3608628e-11,1.6411109e-10,6.607961e-15,1.3871819e-15,1.0
4402,tess,OAF,OAF_far_happy.wav,Happy,204,Happy,Happy,True,0.999998,3.6120298e-10,7.602522e-08,1.4378114e-09,0.999998,1.5273868e-09,9.481657e-11,1.935188e-06
4406,tess,OAF,OAF_fat_angry.wav,Angry,145,Angry,Angry,True,1.0,1.0,4.829074e-09,1.6542797e-09,5.560316e-10,2.3784025e-10,1.5983508e-13,2.0035111e-10
4409,tess,OAF,OAF_fat_happy.wav,Happy,183,Happy,Happy,True,0.9999988,2.5714938e-12,1.7599302e-11,2.6532517e-13,0.9999988,2.483162e-16,5.4491523e-15,1.2165693e-06
4410,tess,OAF,OAF_fat_neutral.wav,Neutral,197,Neutral,Neutral,True,1.0,1.2833297e-08,9.189895e-09,3.259734e-09,2.898398e-10,1.0,1.003282e-08,5.9593276e-08
4416,tess,OAF,OAF_fit_happy.wav,Happy,183,Happy,Happy,True,0.9273734,4.377955e-08,2.9902193e-08,1.7704115e-06,0.9273734,6.915423e-08,2.7595872e-09,0.07262461
4418,tess,OAF,OAF_fit_ps.wav,Surprise,187,Surprise,Surprise,True,0.99940467,1.2473787e-07,6.402203e-06,8.130534e-07,0.00058747816,4.928522e-07,2.8636586e-09,0.99940467
4426,tess,OAF,OAF_five_sad.wav,Sad,255,Sad,Sad,True,0.9997389,2.5656493e-07,7.9549945e-06,1.11855115e-07,8.66763e-08,0.00025199982,0.9997389,6.614862e-07
4427,tess,OAF,OAF_food_angry.wav,Angry,148,Angry,Angry,True,1.0,1.0,6.1258366e-11,1.2536857e-11,7.313259e-11,1.7072811e-12,6.974398e-14,1.139944e-12
4445,tess,OAF,OAF_gas_neutral.wav,Neutral,209,Neutral,Neutral,True,0.9999324,4.32697e-08,2.8851568e-07,3.4582035e-06,3.6250095e-10,0.9999324,3.0603367e-09,6.3826286e-05
4450,tess,OAF,OAF_gaze_fear.wav,Fear,167,Fear,Fear,True,1.0,1.1322797e-08,1.2193671e-11,1.0,2.264639e-11,8.8935326e-10,3.9246523e-10,1.2224982e-09
4454,tess,OAF,OAF_gaze_sad.wav,Sad,295,Sad,Sad,True,0.99999714,1.1752139e-08,2.0129207e-06,1.0551084e-07,6.705184e-07,8.635476e-08,0.99999714,4.6247126e-09
4462,tess,OAF,OAF_get_angry.wav,Angry,161,Angry,Angry,True,0.99999964,0.99999964,6.683905e-10,2.2991202e-08,2.9106442e-07,1.1699286e-10,6.1223894e-11,1.1099746e-08
4467,tess,OAF,OAF_get_ps.wav,Surprise,186,Surprise,Surprise,True,0.9969007,1.8182465e-08,7.889803e-07,1.6259161e-08,0.003098563,2.8653357e-08,3.794029e-11,0.9969007
4468,tess,OAF,OAF_get_sad.wav,Sad,237,Sad,Sad,True,0.9999956,1.12099364e-07,1.8569932e-06,4.634799e-07,4.958137e-07,1.136327e-06,0.9999956,1.9877356e-07
4476,tess,OAF,OAF_goal_angry.wav,Angry,149,Angry,Angry,True,0.9999975,0.9999975,1.7066837e-09,2.8476622e-08,2.4164708e-06,9.591851e-10,2.1257156e-10,7.575404e-09
4482,tess,OAF,OAF_goal_sad.wav,Sad,257,Sad,Sad,True,1.0,1.4507988e-11,4.012988e-11,2.0463113e-13,2.8849388e-11,2.534584e-10,1.0,7.433687e-14
4489,tess,OAF,OAF_good_sad.wav,Sad,236,Sad,Sad,True,0.9999932,5.849078e-11,4.9078017e-09,9.757756e-10,1.619312e-11,6.746526e-06,0.9999932,4.3802555e-11
4493,tess,OAF,OAF_goose_happy.wav,Happy,183,Happy,Happy,True,0.99989736,1.7555006e-11,7.443988e-11,3.256796e-09,0.99989736,4.4698183e-14,2.2227158e-14,0.00010267338
4507,tess,OAF,OAF_half_happy.wav,Happy,206,Happy,Happy,True,0.9842823,5.6524768e-11,2.1637175e-11,6.890111e-09,0.9842823,1.18353e-10,1.20695e-12,0.01571772
4513,tess,OAF,OAF_hall_fear.wav,Fear,133,Fear,Fear,True,0.9999994,3.9284305e-07,5.8441213e-10,0.9999994,2.6619116e-09,1.8676031e-08,7.5315526e-08,8.534547e-08
4535,tess,OAF,OAF_have_happy.wav,Happy,205,Happy,Happy,True,0.9999933,1.4220766e-08,6.790779e-09,7.810792e-12,0.9999933,7.464417e-09,3.4225563e-11,6.6463354e-06
4543,tess,OAF,OAF_haze_neutral.wav,Neutral,198,Neutral,Neutral,True,0.99998176,1.935405e-09,1.25385125e-08,1.0055181e-05,3.464172e-09,0.99998176,7.949435e-06,1.7782494e-07
4544,tess,OAF,OAF_haze_ps.wav,Surprise,211,Surprise,Surprise,True,0.99999964,3.8694964e-11,5.86239e-09,1.7716336e-09,3.235041e-07,2.569335e-11,2.369634e-11,0.99999964
4571,tess,OAF,OAF_home_neutral.wav,Neutral,202,Neutral,Neutral,True,0.9999988,2.4162535e-11,1.3101217e-10,3.722821e-07,3.513579e-10,0.9999988,3.7155218e-07,4.4485134e-07
4591,tess,OAF,OAF_jail_happy.wav,Happy,176,Happy,Happy,True,0.99999046,5.8043145e-07,7.63261e-09,7.487491e-10,0.99999046,4.858696e-12,4.1338612e-12,8.897037e-06
4597,tess,OAF,OAF_jar_fear.wav,Fear,166,Fear,Fear,True,0.9999999,6.651524e-11,1.3501945e-12,0.9999999,5.971925e-11,3.3834036e-10,1.0212566e-08,7.043372e-08
4622,tess,OAF,OAF_jug_sad.wav,Sad,242,Sad,Sad,True,0.9999683,1.4225693e-09,9.3709296e-08,2.030529e-08,2.0993116e-09,3.1646618e-05,0.9999683,1.14955645e-08
4629,tess,OAF,OAF_juice_sad.wav,Sad,254,Sad,Sad,True,0.99999905,2.6924178e-07,9.0703615e-08,2.5186112e-10,5.5121627e-09,5.639523e-07,0.99999905,1.3292759e-08
4636,tess,OAF,OAF_keen_sad.wav,Sad,246,Sad,Sad,True,0.99902034,1.2084669e-07,1.671544e-05,5.8763453e-06,2.601816e-07,0.00095646037,0.99902034,1.8226558e-07
4641,tess,OAF,OAF_keep_neutral.wav,Neutral,190,Neutral,Neutral,True,0.9999999,5.2169588e-11,1.7663485e-11,2.0705166e-08,3.548657e-11,0.9999999,1.2488968e-07,2.0205595e-08
4654,tess,OAF,OAF_kick_happy.wav,Happy,218,Happy,Happy,True,0.9999908,3.7543013e-09,6.745374e-09,2.6366713e-11,0.9999908,3.2711625e-10,2.1124432e-11,9.22765e-06
4664,tess,OAF,OAF_kill_sad.wav,Sad,260,Sad,Sad,True,0.9999877,1.0111539e-06,9.074706e-08,1.9285695e-09,8.959548e-07,1.0151139e-05,0.9999877,1.0792564e-07
4668,tess,OAF,OAF_king_happy.wav,Happy,188,Happy,Happy,True,0.9999871,8.7038254e-13,2.0036114e-10,9.474047e-12,0.9999871,4.7215917e-14,3.7957586e-14,1.2843068e-05
4670,tess,OAF,OAF_king_ps.wav,Surprise,192,Surprise,Surprise,True,1.0,1.3760589e-11,1.8829431e-10,5.6323124e-10,6.9273507e-09,6.6430206e-10,6.173844e-12,1.0
4676,tess,OAF,OAF_kite_neutral.wav,Neutral,193,Neutral,Neutral,True,1.0,8.6912633e-13,8.5017437e-13,8.7573255e-09,1.3276104e-11,1.0,4.0935404e-08,1.8358426e-08
4686,tess,OAF,OAF_late_angry.wav,Angry,145,Angry,Angry,True,0.99999976,0.99999976,1.9823732e-09,1.3653698e-07,5.020343e-08,6.621514e-10,6.8147425e-11,1.03995e-08
4689,tess,OAF,OAF_late_happy.wav,Happy,197,Happy,Happy,True,0.99999475,3.744415e-11,1.5270082e-10,9.264675e-10,0.99999475,1.8959229e-12,1.267842e-12,5.197954e-06
4699,tess,OAF,OAF_laud_sad.wav,Sad,236,Sad,Sad,True,0.9999902,3.0879582e-07,6.589556e-08,2.0517109e-10,1.01080204e-07,9.280906e-06,0.9999902,2.8345679e-10
4717,tess,OAF,OAF_lease_happy.wav,Happy,225,Happy,Happy,True,0.69116056,8.195597e-08,4.8585497e-07,4.2632644e-05,0.69116056,2.2793997e-06,1.3844733e-06,0.30879262
4722,tess,OAF,OAF_lid_disgust.wav,Disgust,201,Disgust,Disgust,True,0.9998702,1.8286697e-06,0.9998702,1.247058e-07,2.7872474e-08,6.349166e-06,4.5745833e-07,0.000121071775
4723,tess,OAF,OAF_lid_fear.wav,Fear,152,Fear,Fear,True,1.0,2.8317009e-09,5.773581e-14,1.0,3.6994083e-10,2.8221527e-12,6.546823e-09,1.7241425e-10
4735,tess,OAF,OAF_limb_angry.wav,Angry,163,Angry,Angry,True,0.99999964,0.99999964,3.1298657e-09,1.2706501e-07,1.8784111e-07,2.0278348e-10,6.6404726e-10,5.983899e-10
4738,tess,OAF,OAF_limb_happy.wav,Happy,187,Happy,Happy,True,0.9999927,1.752352e-08,3.0193603e-09,5.190968e-10,0.9999927,2.299022e-11,1.8478798e-11,7.2509024e-06
4750,tess,OAF,OAF_loaf_disgust.wav,Disgust,253,Disgust,Disgust,True,0.99997044,2.747698e-05,0.99997044,5.479165e-09,6.7142577e-07,3.0292202e-09,3.725985e-08,1.2924149e-06
4755,tess,OAF,OAF_loaf_sad.wav,Sad,268,Sad,Sad,True,0.99999976,8.841965e-09,2.298055e-08,5.894357e-09,2.1474268e-08,2.583375e-07,0.99999976,5.3115173e-08
4764,tess,OAF,OAF_lore_disgust.wav,Disgust,237,Disgust,Disgust,True,0.9999958,1.7818488e-06,0.9999958,3.0668518e-10,3.027236e-08,4.8998384e-08,1.7207377e-07,2.1520439e-06
4765,tess,OAF,OAF_lore_fear.wav,Fear,155,Fear,Fear,True,0.99999833,1.155704e-06,5.1561373e-09,0.99999833,9.047775e-11,1.5608184e-10,8.73759e-09,4.967848e-07
4771,tess,OAF,OAF_lose_disgust.wav,Disgust,225,Disgust,Disgust,True,0.97333944,1.3519621e-05,0.97333944,0.0075391503,2.7002065e-07,0.018102547,0.00033651455,0.00066852977
4772,tess,OAF,OAF_lose_fear.wav,Fear,138,Fear,Fear,True,0.9999999,4.344337e-09,8.6069755e-14,0.9999999,5.713998e-09,7.480225e-10,1.3978306e-10,1.6445256e-07
4776,tess,OAF,OAF_lose_sad.wav,Sad,248,Sad,Sad,True,0.99999976,1.1760331e-08,4.910627e-08,7.627296e-09,3.3794077e-08,1.1710143e-07,0.99999976,2.2029718e-09
4785,tess,OAF,OAF_love_disgust.wav,Disgust,235,Disgust,Disgust,True,0.99999535,4.133658e-06,0.99999535,7.560029e-09,1.0939714e-07,9.038076e-10,2.0097261e-07,1.17682966e-07
4786,tess,OAF,OAF_love_fear.wav,Fear,155,Fear,Fear,True,1.0,2.5829368e-11,5.1802984e-16,1.0,5.5769864e-12,2.2605222e-11,3.0661904e-11,1.1257852e-11
4794,tess,OAF,OAF_luck_happy.wav,Happy,194,Happy,Happy,True,0.9999931,1.6228544e-12,1.6662357e-12,9.718276e-12,0.9999931,3.4205126e-15,4.7295495e-15,6.9460743e-06
4801,tess,OAF,OAF_make_happy.wav,Happy,177,Happy,Happy,True,0.9998747,1.1001284e-08,2.0916537e-09,8.542333e-10,0.9998747,1.5976416e-13,1.5572512e-13,0.00012528326
4811,tess,OAF,OAF_match_sad.wav,Sad,285,Sad,Sad,True,0.9992167,0.00017704553,0.00041598344,1.8566894e-05,2.4820858e-05,0.0001385659,0.9992167,8.309229e-06
4816,tess,OAF,OAF_merge_neutral.wav,Neutral,206,Neutral,Neutral,True,1.0,3.4651021e-12,1.3384952e-11,6.364049e-10,3.1070693e-12,1.0,2.0076062e-08,1.5067567e-08
4819,tess,OAF,OAF_mess_angry.wav,Angry,170,Angry,Angry,True,0.9999987,0.9999987,6.4803114e-09,1.9677707e-08,1.0775874e-06,1.2743075e-09,1.9713007e-09,2.0587014e-07
4826,tess,OAF,OAF_met_angry.wav,Angry,151,Angry,Angry,True,0.999828,0.999828,1.09851905e-08,0.0001634078,6.8972136e-06,7.470421e-08,1.8556366e-09,1.640469e-06
4827,tess,OAF,OAF_met_disgust.wav,Disgust,237,Disgust,Disgust,True,0.99999964,3.3274016e-08,0.99999964,1.5681088e-12,1.8352146e-07,6.24643e-11,8.552372e-09,6.574115e-08
4831,tess,OAF,OAF_met_ps.wav,Surprise,222,Surprise,Surprise,True,0.9999907,2.0063357e-08,3.5545452e-07,8.14811e-06,6.506144e-07,5.758215e-08,5.1793494e-09,0.9999907
4837,tess,OAF,OAF_mill_neutral.wav,Neutral,185,Neutral,Neutral,True,0.999995,4.4706862e-08,9.459547e-09,4.52499e-08,4.0013948e-08,0.999995,4.6750497e-06,2.8438896e-07
4839,tess,OAF,OAF_mill_sad.wav,Sad,268,Sad,Sad,True,0.99999845,2.9648686e-07,1.2196742e-06,4.0725887e-10,2.3308377e-08,5.7755727e-08,0.99999845,1.9803742e-10
4859,tess,OAF,OAF_mood_ps.wav,Surprise,209,Surprise,Surprise,True,0.9999865,4.852847e-10,1.3380804e-05,1.1839442e-08,4.9859135e-08,1.4456326e-08,1.4837757e-08,0.9999865
4861,tess,OAF,OAF_moon_angry.wav,Angry,151,Angry,Angry,True,0.99999404,0.99999404,1.7699326e-08,2.6173652e-06,3.323568e-06,8.52428e-09,5.819721e-09,7.365957e-09
4874,tess,OAF,OAF_mop_sad.wav,Sad,249,Sad,Sad,True,0.99999905,1.09009086e-07,4.1710612e-07,1.6242104e-09,3.7713654e-08,3.0951145e-07,0.99999905,5.8450134e-09
4881,tess,OAF,OAF_mouse_sad.wav,Sad,266,Sad,Sad,True,0.99971145,4.5202206e-09,1.5158902e-09,4.432415e-11,2.444222e-09,0.00028834457,0.99971145,9.362538e-08
4887,tess,OAF,OAF_nag_ps.wav,Surprise,215,Surprise,Surprise,True,0.99999964,6.900578e-09,7.4337176e-09,2.1059188e-07,7.4109e-08,5.1026624e-11,6.7242316e-11,0.99999964
4895,tess,OAF,OAF_name_sad.wav,Sad,261,Sad,Sad,True,0.9999989,9.950163e-08,5.0647156e-08,2.4048657e-07,3.6589945e-08,4.3851753e-07,0.9999989,6.85222e-08
4898,tess,OAF,OAF_near_fear.wav,Fear,138,Fear,Fear,True,0.99999774,2.1351334e-06,3.2283978e-10,0.99999774,3.8362327e-09,6.130882e-08,2.9112244e-09,1.0098764e-08
4901,tess,OAF,OAF_near_ps.wav,Surprise,219,Surprise,Surprise,True,0.99999154,1.3360552e-08,7.414602e-06,7.813833e-08,9.794674e-07,1.812734e-08,2.6953226e-10,0.99999154
4905,tess,OAF,OAF_neat_fear.wav,Fear,147,Fear,Fear,True,0.99999976,1.8900401e-08,1.3636427e-11,0.99999976,3.619937e-08,4.5794692e-08,1.2181164e-07,4.476749e-08
4915,tess,OAF,OAF_nice_ps.wav,Surprise,210,Surprise,Surprise,True,0.9999857,9.432757e-13,2.9034704e-09,1.4911283e-08,1.42814715e-05,6.207908e-11,5.552897e-12,0.9999857
4922,tess,OAF,OAF_note_ps.wav,Surprise,201,Surprise,Surprise,True,0.9999994,2.1060796e-12,3.6270367e-10,4.3262256e-09,5.465525e-07,4.0007838e-13,2.3938533e-13,0.9999994
4939,tess,OAF,OAF_page_disgust.wav,Disgust,252,Disgust,Disgust,True,0.99996173,1.8068343e-06,0.99996173,3.907141e-08,6.1256537e-06,1.4199463e-06,3.798058e-07,2.8478473e-05
4944,tess,OAF,OAF_page_sad.wav,Sad,260,Sad,Sad,True,1.0,6.911819e-12,2.986242e-10,2.9997103e-09,9.50736e-10,4.4516016e-10,1.0,3.298097e-12
4946,tess,OAF,OAF_pain_disgust.wav,Disgust,232,Disgust,Disgust,True,0.59922653,1.2115672e-05,0.59922653,0.0021067683,0.00016963638,0.00038591187,0.0009136084,0.39718542
4954,tess,OAF,OAF_pass_fear.wav,Fear,153,Fear,Fear,True,1.0,5.4491e-10,1.7529679e-14,1.0,1.6520693e-09,9.419874e-13,2.8702514e-11,2.9583682e-09
4955,tess,OAF,OAF_pass_happy.wav,Happy,228,Happy,Happy,True,0.9996458,2.0867253e-08,3.0173815e-08,5.2758664e-09,0.9996458,7.0634313e-13,1.9769542e-11,0.00035418893
4960,tess,OAF,OAF_pearl_disgust.wav,Disgust,234,Disgust,Disgust,True,0.9371694,8.617526e-05,0.9371694,9.52185e-06,2.625965e-05,4.7668104e-06,6.5561613e-07,0.062703334
4968,tess,OAF,OAF_peg_fear.wav,Fear,148,Fear,Fear,True,0.9999976,1.8915833e-06,6.146659e-10,0.9999976,4.8948383e-09,2.8719982e-10,5.2089213e-08,4.4838941e-07
4972,tess,OAF,OAF_peg_sad.wav,Sad,260,Sad,Sad,True,0.99999976,2.1149638e-09,8.484543e-08,5.4599447e-08,4.7553414e-08,3.7068397e-09,0.99999976,6.020227e-09
4973,tess,OAF,OAF_perch_angry.wav,Angry,145,Angry,Angry,True,1.0,1.0,2.633721e-10,2.159362e-09,4.4871318e-10,5.9706307e-10,7.485527e-12,5.2886535e-11
4976,tess,OAF,OAF_perch_happy.wav,Happy,193,Happy,Happy,True,0.99998987,2.8517702e-09,1.6301739e-08,2.6646257e-08,0.99998987,7.2288764e-12,7.121668e-11,1.012242e-05
4978,tess,OAF,OAF_perch_ps.wav,Surprise,228,Surprise,Surprise,True,0.9817727,1.02650965e-07,5.3249187e-06,5.0675203e-07,0.018221237,2.2683397e-09,1.284681e-07,0.9817727
4992,tess,OAF,OAF_pick_ps.wav,Surprise,177,Surprise,Surprise,True,0.9999386,7.69027e-09,3.0270023e-10,1.3214074e-08,6.138041e-05,4.9018576e-12,2.7814085e-13,0.9999386
5003,tess,OAF,OAF_pole_fear.wav,Fear,161,Fear,Fear,True,0.9999999,4.547907e-08,5.5956108e-12,0.9999999,1.5774794e-10,2.6512074e-12,3.897937e-10,6.9280276e-08
5009,tess,OAF,OAF_pool_disgust.wav,Disgust,228,Disgust,Disgust,True,0.9999809,1.6663373e-07,0.9999809,5.811229e-08,5.6137717e-09,1.9894816e-07,1.5325558e-08,1.8648678e-05
5010,tess,OAF,OAF_pool_fear.wav,Fear,152,Fear,Fear,True,1.0,1.894714e-09,2.187915e-12,1.0,2.7690458e-12,2.4115855e-13,5.9757286e-12,1.2889622e-08
5022,tess,OAF,OAF_rag_angry.wav,Angry,161,Angry,Angry,True,0.9999968,0.9999968,2.3401306e-08,9.412582e-07,2.2450004e-06,4.013484e-09,4.683324e-09,2.6515523e-09
5023,tess,OAF,OAF_rag_disgust.wav,Disgust,237,Disgust,Disgust,True,0.9999945,1.1267696e-07,0.9999945,6.55418e-10,3.2752095e-07,3.094761e-09,4.941631e-06,1.0568392e-08
5027,tess,OAF,OAF_rag_ps.wav,Surprise,194,Surprise,Surprise,True,0.9999256,1.2799403e-10,5.4336022e-11,1.6018026e-09,7.436997e-05,7.69677e-10,1.232661e-11,0.9999256
5028,tess,OAF,OAF_rag_sad.wav,Sad,282,Sad,Sad,True,0.99999666,1.311935e-07,2.4234107e-06,1.087651e-09,1.8474523e-07,5.890068e-07,0.99999666,8.6178076e-10
5036,tess,OAF,OAF_rain_angry.wav,Angry,151,Angry,Angry,True,0.99995124,0.99995124,4.471804e-08,5.3138333e-06,4.321136e-05,1.5497582e-09,6.5299552e-09,2.096897e-07
5049,tess,OAF,OAF_raise_sad.wav,Sad,292,Sad,Sad,True,0.9985958,9.886909e-06,1.0499024e-07,3.8040475e-06,7.889825e-06,0.0013654985,0.9985958,1.7013816e-05
5052,tess,OAF,OAF_rat_fear.wav,Fear,148,Fear,Fear,True,0.9999267,7.2361705e-05,2.742941e-11,0.9999267,1.7097544e-07,7.295658e-07,2.2784095e-08,3.3269874e-08
5055,tess,OAF,OAF_rat_ps.wav,Surprise,180,Surprise,Surprise,True,0.9999864,3.6252086e-08,3.097011e-08,4.76644e-07,1.305915e-05,2.2639184e-10,4.2418666e-11,0.9999864
5060,tess,OAF,OAF_reach_happy.wav,Happy,199,Happy,Happy,True,0.99654883,5.0633585e-06,4.405989e-05,2.243594e-05,0.99654883,2.4924707e-06,1.0411028e-07,0.0033769377
5076,tess,OAF,OAF_red_ps.wav,Surprise,211,Surprise,Surprise,True,0.9791672,0.0006550543,0.00904194,0.0018798503,0.006655546,0.002579062,2.140827e-05,0.9791672
5077,tess,OAF,OAF_red_sad.wav,Sad,244,Sad,Sad,True,0.9997069,7.309451e-05,1.3241419e-05,7.911956e-08,4.5621546e-06,0.00020216004,0.9997069,5.1935896e-08
5097,tess,OAF,OAF_road_ps.wav,Surprise,189,Surprise,Surprise,True,1.0,4.401228e-12,1.9227424e-09,8.5130497e-10,4.760767e-09,3.0353494e-08,3.0246125e-11,1.0
5104,tess,OAF,OAF_room_ps.wav,Surprise,180,Surprise,Surprise,True,0.9995726,7.11146e-08,7.302368e-08,2.4774683e-05,0.00040151237,9.073054e-07,6.776658e-08,0.9995726
5112,tess,OAF,OAF_rose_sad.wav,Sad,266,Sad,Sad,True,0.9999764,2.3212724e-06,1.4872656e-06,2.4555545e-08,1.2742646e-05,5.1621478e-06,0.9999764,1.8603876e-06
5133,tess,OAF,OAF_rush_sad.wav,Sad,241,Sad,Sad,True,0.99999845,2.437819e-08,2.81394e-07,3.3621886e-10,1.2987319e-09,1.2095123e-06,0.99999845,7.7699475e-10
5136,tess,OAF,OAF_said_fear.wav,Fear,156,Fear,Fear,True,0.99999964,2.5739953e-07,3.6686702e-11,0.99999964,1.7502247e-10,2.6382943e-11,7.7011834e-11,1.4020564e-07
5138,tess,OAF,OAF_said_neutral.wav,Neutral,202,Neutral,Neutral,True,0.9999969,2.9838105e-08,2.506252e-10,2.0563696e-06,3.1858967e-08,0.9999969,8.2915216e-07,1.2369816e-07
5143,tess,OAF,OAF_sail_fear.wav,Fear,150,Fear,Fear,True,0.99999976,2.803179e-07,2.2817312e-10,0.99999976,3.279377e-09,1.6463e-09,8.515489e-09,4.9301192e-08
5152,tess,OAF,OAF_search_neutral.wav,Neutral,229,Neutral,Neutral,True,0.9999763,5.579453e-07,1.7226235e-05,4.0337914e-06,4.1143228e-10,0.9999763,3.1693654e-07,1.5629531e-06
5165,tess,OAF,OAF_sell_happy.wav,Happy,199,Happy,Happy,True,0.9999422,7.0001294e-10,6.686425e-11,1.3444543e-10,0.9999422,2.8160549e-11,1.3175262e-12,5.7857967e-05
5169,tess,OAF,OAF_shack_angry.wav,Angry,141,Angry,Angry,True,0.9999982,0.9999982,4.219357e-10,1.648685e-06,1.4426644e-07,1.8952662e-10,1.0207826e-10,8.942714e-09
5171,tess,OAF,OAF_shack_fear.wav,Fear,161,Fear,Fear,True,1.0,2.594528e-09,1.4435425e-14,1.0,5.3922228e-11,2.2915394e-11,3.9231707e-10,5.1920657e-10
5177,tess,OAF,OAF_shall_disgust.wav,Disgust,228,Disgust,Disgust,True,0.9999933,6.598614e-06,0.9999933,1.3103151e-09,3.7790393e-09,8.099643e-09,6.30335e-10,6.926541e-08
5179,tess,OAF,OAF_shall_happy.wav,Happy,204,Happy,Happy,True,0.99995434,7.2675745e-09,3.9958724e-07,2.2066198e-08,0.99995434,1.5706743e-09,1.4029545e-09,4.5295757e-05
5183,tess,OAF,OAF_shawl_angry.wav,Angry,153,Angry,Angry,True,1.0,1.0,3.5216477e-10,3.255538e-10,8.304259e-10,6.6498434e-13,1.7141979e-13,8.4843495e-12
5184,tess,OAF,OAF_shawl_disgust.wav,Disgust,234,Disgust,Disgust,True,0.99586487,0.004090698,0.99586487,3.535027e-08,3.453947e-05,1.6367854e-07,4.643551e-08,9.629886e-06
5194,tess,OAF,OAF_sheep_neutral.wav,Neutral,184,Neutral,Neutral,True,0.9994735,2.7680315e-08,6.773699e-08,0.0005258154,5.665742e-11,0.9994735,2.6488571e-08,5.7794676e-07
5196,tess,OAF,OAF_sheep_sad.wav,Sad,268,Sad,Sad,True,0.9999989,3.6980904e-07,3.956656e-08,5.560462e-09,5.737698e-07,6.193866e-08,0.9999989,1.5550652e-08
5199,tess,OAF,OAF_shirt_fear.wav,Fear,130,Fear,Fear,True,0.9999999,5.993936e-08,1.3620831e-11,0.9999999,1.2303572e-10,1.6268928e-10,3.7296743e-10,5.248976e-08
5200,tess,OAF,OAF_shirt_happy.wav,Happy,181,Happy,Happy,True,0.9999616,6.075681e-08,4.9213206e-10,1.4594257e-09,0.9999616,2.7282909e-11,7.844196e-12,3.830779e-05
5224,tess,OAF,OAF_size_sad.wav,Sad,244,Sad,Sad,True,0.9999895,2.7113454e-06,9.903612e-07,4.5928996e-07,4.5275834e-07,5.8739683e-06,0.9999895,1.9633277e-09
5226,tess,OAF,OAF_soap_disgust.wav,Disgust,239,Disgust,Disgust,True,0.9999975,1.5750894e-07,0.9999975,9.816469e-10,1.6860308e-06,1.0472747e-08,3.2863358e-07,3.2069036e-07
5228,tess,OAF,OAF_soap_happy.wav,Happy,190,Happy,Happy,True,0.99999833,4.4286914e-15,5.1641552e-14,3.6960745e-13,0.99999833,2.8330244e-17,6.1804864e-17,1.6748176e-06
5238,tess,OAF,OAF_soup_sad.wav,Sad,262,Sad,Sad,True,0.99993646,9.564385e-06,4.414e-06,3.7400505e-07,1.8837882e-06,1.2571476e-05,0.99993646,3.4752462e-05
5240,tess,OAF,OAF_sour_disgust.wav,Disgust,220,Disgust,Disgust,True,0.9999976,2.1704739e-06,0.9999976,3.0064868e-08,8.145224e-09,1.0877134e-07,3.8753736e-08,8.644016e-08
5244,tess,OAF,OAF_sour_ps.wav,Surprise,212,Surprise,Surprise,True,0.9999629,6.626675e-07,2.2179485e-05,1.264559e-07,1.4000209e-05,9.4111265e-08,4.534418e-08,0.9999629
5253,tess,OAF,OAF_sub_angry.wav,Angry,135,Angry,Angry,True,1.0,1.0,4.6913023e-10,4.4618614e-10,1.3889739e-08,3.063158e-10,8.3807034e-13,2.3595301e-09
5256,tess,OAF,OAF_sub_happy.wav,Happy,191,Happy,Happy,True,0.9999982,1.389773e-10,1.58698e-10,1.9980835e-11,0.9999982,2.6410569e-13,1.6147383e-13,1.8060077e-06
5257,tess,OAF,OAF_sub_neutral.wav,Neutral,202,Neutral,Neutral,True,0.99980515,4.34743e-08,1.3246872e-09,0.00019304745,4.262859e-10,0.99980515,1.6755738e-06,9.899702e-08
5271,tess,OAF,OAF_sure_neutral.wav,Neutral,193,Neutral,Neutral,True,0.99999905,9.467572e-11,9.102092e-12,9.513461e-07,1.1783342e-11,0.99999905,2.494347e-08,3.6100396e-08
5272,tess,OAF,OAF_sure_ps.wav,Surprise,194,Surprise,Surprise,True,1.0,2.7717648e-10,1.7022577e-08,3.3188317e-09,3.3729815e-08,1.08378315e-11,7.290151e-12,1.0
5277,tess,OAF,OAF_take_happy.wav,Happy,199,Happy,Happy,True,0.9998963,6.073931e-11,2.9664646e-08,1.6080494e-09,0.9998963,3.590814e-11,4.4909708e-11,0.00010365455
5285,tess,OAF,OAF_talk_neutral.wav,Neutral,197,Neutral,Neutral,True,0.9999999,3.5778416e-10,8.308726e-10,2.4719846e-08,2.5909128e-09,0.9999999,1.744943e-07,5.769955e-08
5307,tess,OAF,OAF_tell_ps.wav,Surprise,219,Surprise,Surprise,True,1.0,2.7965557e-12,2.6342502e-09,6.887145e-12,6.277752e-10,7.572685e-15,2.3496889e-14,1.0
5309,tess,OAF,OAF_thin_angry.wav,Angry,148,Angry,Angry,True,1.0,1.0,7.906534e-12,1.5903674e-10,5.5512983e-10,3.8835736e-12,6.1160826e-13,1.8886637e-12
5328,tess,OAF,OAF_thought_ps.wav,Surprise,178,Surprise,Surprise,True,0.9999944,5.7300383e-07,3.9240435e-06,4.2282878e-08,1.1094025e-06,4.4797543e-09,1.9569171e-10,0.9999944
5333,tess,OAF,OAF_thumb_happy.wav,Happy,200,Happy,Happy,True,0.9998969,7.032686e-08,1.7839335e-08,1.6984437e-08,0.9998969,2.5855562e-09,1.854564e-10,0.00010296593
5341,tess,OAF,OAF_time_neutral.wav,Neutral,205,Neutral,Neutral,True,0.99998784,1.0314104e-07,3.1045737e-08,3.403447e-06,3.6058618e-09,0.99998784,4.2841623e-07,8.098661e-06
5344,tess,OAF,OAF_tip_angry.wav,Angry,134,Angry,Angry,True,1.0,1.0,2.1449649e-10,7.518413e-11,5.051662e-10,3.1388325e-10,2.570196e-13,4.652493e-11
5359,tess,OAF,OAF_ton_disgust.wav,Disgust,224,Disgust,Disgust,True,0.999998,1.5869512e-06,0.999998,1.2735721e-10,2.5931305e-07,2.1991602e-09,1.4040506e-07,1.0799347e-07
5368,tess,OAF,OAF_tool_happy.wav,Happy,180,Happy,Happy,True,0.99999034,3.2497732e-07,5.876262e-09,9.12945e-12,0.99999034,1.0479327e-08,1.8728342e-11,9.2726e-06
5373,tess,OAF,OAF_tough_disgust.wav,Disgust,226,Disgust,Disgust,True,0.99998164,6.5276045e-06,0.99998164,3.5229437e-08,6.8668726e-08,5.064449e-06,6.4221916e-07,6.020644e-06
5376,tess,OAF,OAF_tough_neutral.wav,Neutral,191,Neutral,Neutral,True,0.9999987,1.6487461e-09,2.9054342e-10,8.6846165e-07,5.0116644e-10,0.9999987,4.9954743e-08,4.6413643e-07
5380,tess,OAF,OAF_turn_disgust.wav,Disgust,230,Disgust,Disgust,True,0.999985,6.210507e-06,0.999985,1.7913708e-08,1.1804273e-06,7.0219897e-09,1.9262631e-09,7.655617e-06
5389,tess,OAF,OAF_vine_happy.wav,Happy,183,Happy,Happy,True,0.9989128,4.703213e-11,6.5161315e-10,2.3726047e-11,0.9989128,5.146857e-13,1.0570458e-12,0.0010872295
5390,tess,OAF,OAF_vine_neutral.wav,Neutral,192,Neutral,Neutral,True,0.99999964,7.112347e-10,1.6687675e-10,3.4413443e-08,7.399216e-09,0.99999964,7.685065e-09,3.0597545e-07
5396,tess,OAF,OAF_voice_happy.wav,Happy,213,Happy,Happy,True,0.9999993,8.022574e-15,1.8760443e-14,2.1426067e-15,0.9999993,3.6995054e-17,4.7714503e-18,7.5180645e-07
5405,tess,OAF,OAF_void_ps.wav,Surprise,240,Surprise,Surprise,True,1.0,7.195362e-18,3.9787937e-13,7.3452675e-16,3.5232015e-09,3.152286e-16,7.728897e-18,1.0
5415,tess,OAF,OAF_wag_disgust.wav,Disgust,228,Disgust,Disgust,True,1.0,2.8263643e-09,1.0,6.5452935e-11,9.109392e-09,9.0384705e-12,4.3164836e-10,6.104833e-10
5435,tess,OAF,OAF_week_angry.wav,Angry,151,Angry,Angry,True,0.9728433,0.9728433,3.0124298e-08,0.026986504,0.0001618565,2.9449507e-07,1.6554634e-06,6.3478187e-06
5438,tess,OAF,OAF_week_happy.wav,Happy,196,Happy,Happy,True,0.99169874,2.070846e-07,1.4141726e-07,3.7906066e-08,0.99169874,1.06014156e-07,2.154296e-09,0.0083008455
5443,tess,OAF,OAF_wheat_disgust.wav,Disgust,189,Disgust,Disgust,True,0.8711213,0.014268414,0.8711213,0.007302345,0.00028444905,0.06011796,0.00058990164,0.046315648
5449,tess,OAF,OAF_when_angry.wav,Angry,151,Angry,Angry,True,0.9999968,0.9999968,1.0017954e-07,1.8235579e-06,1.1783895e-06,4.120836e-08,4.5748436e-09,5.7932485e-08
5456,tess,OAF,OAF_which_angry.wav,Angry,141,Angry,Angry,True,0.99995124,0.99995124,6.129635e-09,1.0995986e-05,3.7364836e-05,2.9807634e-07,6.4854198e-09,8.2254864e-08
5465,tess,OAF,OAF_whip_fear.wav,Fear,155,Fear,Fear,True,1.0,3.9052397e-09,1.7291053e-14,1.0,2.0936778e-11,1.5239778e-11,9.810256e-11,1.2552638e-09
5487,tess,OAF,OAF_wire_happy.wav,Happy,214,Happy,Happy,True,0.9999974,7.648766e-13,3.7149228e-08,1.2304514e-12,0.9999974,5.7047384e-13,1.9041935e-13,2.595186e-06
5488,tess,OAF,OAF_wire_neutral.wav,Neutral,215,Neutral,Neutral,True,0.999938,2.3100388e-07,9.081328e-06,8.875994e-06,7.2304466e-08,0.999938,2.9462226e-05,1.4269341e-05
5492,tess,OAF,OAF_witch_disgust.wav,Disgust,230,Disgust,Disgust,True,0.9999987,2.1291908e-07,0.9999987,3.0515885e-11,5.220855e-07,2.4955298e-07,3.292457e-07,3.2615535e-08
5496,tess,OAF,OAF_witch_ps.wav,Surprise,201,Surprise,Surprise,True,0.99804914,2.748331e-05,6.231286e-07,8.435321e-07,0.0019217454,7.9524696e-08,9.8792655e-11,0.99804914
5501,tess,OAF,OAF_yearn_happy.wav,Happy,210,Happy,Happy,True,0.9999987,1.9086716e-10,1.1969443e-06,6.177499e-12,0.9999987,3.4929427e-11,5.917425e-11,9.9249895e-08
5516,tess,OAF,OAF_young_neutral.wav,Neutral,190,Neutral,Neutral,True,0.99998415,4.1730674e-11,1.3707471e-09,1.2222533e-08,5.616336e-10,0.99998415,1.6696085e-07,1.569004e-05
5518,tess,OAF,OAF_young_sad.wav,Sad,233,Sad,Sad,True,0.99999344,4.954985e-08,4.612473e-07,6.802117e-07,8.2723425e-08,5.2976634e-06,0.99999344,1.0857516e-08
5524,tess,OAF,OAF_youth_ps.wav,Surprise,190,Surprise,Surprise,True,0.9999987,1.3680211e-14,4.7737383e-12,3.4775717e-12,1.2673938e-06,2.8213216e-11,1.8739975e-14,0.9999987
5526,tess,YAF,YAF_back_angry.wav,Angry,199,Angry,Angry,True,1.0,1.0,3.774105e-11,1.3572204e-08,1.9664242e-10,5.449838e-10,1.8247151e-10,2.122906e-09
5533,tess,YAF,YAF_bar_angry.wav,Angry,208,Angry,Angry,True,1.0,1.0,4.8712487e-09,1.6861443e-10,4.394832e-10,5.0421417e-10,2.2632682e-09,1.2994915e-10
5548,tess,YAF,YAF_bath_disgust.wav,Disgust,212,Disgust,Disgust,True,0.99998844,1.117034e-05,0.99998844,6.642396e-11,8.4813685e-09,1.4359244e-07,1.2981259e-07,3.2843932e-08
5558,tess,YAF,YAF_bean_neutral.wav,Neutral,180,Neutral,Neutral,True,1.0,6.0215763e-15,1.5951894e-13,2.0611967e-13,2.8710931e-12,1.0,7.582955e-09,5.3761787e-12
5561,tess,YAF,YAF_beg_angry.wav,Angry,205,Angry,Angry,True,1.0,1.0,3.1932462e-10,2.2082352e-09,6.953943e-10,1.3547827e-10,1.3127072e-10,4.196941e-09
5565,tess,YAF,YAF_beg_neutral.wav,Neutral,200,Neutral,Neutral,True,0.9999999,6.527368e-10,7.536765e-10,8.797752e-10,1.4589239e-07,0.9999999,2.8118192e-09,2.1832339e-08
5568,tess,YAF,YAF_bite_angry.wav,Angry,196,Angry,Angry,True,0.99999976,0.99999976,1.3188611e-09,3.750937e-08,1.0421269e-07,3.7390566e-09,1.09481e-09,1.280301e-07
5570,tess,YAF,YAF_bite_fear.wav,Fear,145,Fear,Fear,True,0.99998903,9.028062e-06,1.2046343e-09,0.99998903,5.3467846e-07,5.581134e-10,7.552128e-09,1.4299748e-06
5579,tess,YAF,YAF_boat_neutral.wav,Neutral,192,Neutral,Neutral,True,0.9999989,9.56432e-09,8.0914155e-08,3.005289e-10,2.778364e-07,0.9999989,6.920193e-07,1.6557206e-09
5581,tess,YAF,YAF_boat_sad.wav,Sad,237,Sad,Sad,True,0.9999987,2.533814e-07,2.1833279e-07,4.5625764e-08,1.0643344e-08,8.54347e-07,0.9999987,1.8147238e-10
5585,tess,YAF,YAF_bone_happy.wav,Happy,169,Happy,Happy,True,0.9999999,6.600338e-08,2.6518511e-11,1.3570318e-11,0.9999999,5.106402e-11,1.4121667e-11,7.0605646e-11
5593,tess,YAF,YAF_book_neutral.wav,Neutral,193,Neutral,Neutral,True,0.99999917,3.7102683e-07,9.494201e-09,1.4891409e-09,4.03147e-07,0.99999917,5.2051026e-09,6.689415e-09
5601,tess,YAF,YAF_bought_ps.wav,Surprise,192,Surprise,Surprise,True,1.0,2.398837e-09,1.7954825e-11,9.793836e-12,1.0691438e-08,2.0729209e-14,1.7035454e-14,1.0
5616,tess,YAF,YAF_cab_sad.wav,Sad,241,Sad,Sad,True,0.9999993,1.1817625e-07,6.23147e-07,2.7732594e-10,5.211163e-09,5.6700287e-08,0.9999993,6.4064876e-10
5617,tess,YAF,YAF_calm_angry.wav,Angry,205,Angry,Angry,True,1.0,1.0,1.0544766e-09,3.072569e-09,3.2964482e-09,2.8469552e-10,6.706251e-11,3.959867e-09
5623,tess,YAF,YAF_calm_sad.wav,Sad,209,Sad,Sad,True,0.9999895,3.9429584e-09,2.951166e-07,2.3434464e-11,1.3974716e-07,1.0023453e-05,0.9999895,6.9904235e-11
5624,tess,YAF,YAF_came_angry.wav,Angry,218,Angry,Angry,True,0.99992347,0.99992347,7.325739e-05,7.625406e-09,3.0533145e-06,3.5550435e-08,2.0775696e-08,5.3086914e-08
5631,tess,YAF,YAF_cause_angry.wav,Angry,215,Angry,Angry,True,0.9999989,0.9999989,6.5165956e-08,3.3892894e-07,6.6129866e-07,7.023316e-10,2.350441e-09,5.442442e-08
5638,tess,YAF,YAF_chain_angry.wav,Angry,218,Angry,Angry,True,0.9999995,0.9999995,1.9429422e-07,3.4771304e-08,2.6501096e-08,4.3494983e-10,3.0867017e-08,1.15669046e-07
5639,tess,YAF,YAF_chain_disgust.wav,Disgust,266,Disgust,Disgust,True,0.9999579,1.1786107e-05,0.9999579,1.60439e-08,2.7026697e-05,4.2265995e-07,2.7513831e-06,6.7074595e-09
5642,tess,YAF,YAF_chain_neutral.wav,Neutral,212,Neutral,Neutral,True,0.99999845,5.212009e-07,6.541309e-07,2.0161421e-07,1.6763254e-07,0.99999845,4.3099988e-08,5.2505605e-08
5645,tess,YAF,YAF_chair_angry.wav,Angry,199,Angry,Angry,True,1.0,1.0,6.244931e-11,3.4023243e-11,1.2905124e-11,2.5191765e-13,2.9025813e-13,2.3314501e-12
5647,tess,YAF,YAF_chair_fear.wav,Fear,173,Fear,Fear,True,1.0,7.148301e-12,3.4026972e-13,1.0,8.4436076e-11,6.3916044e-13,6.3764055e-10,4.0940225e-09
5656,tess,YAF,YAF_chalk_neutral.wav,Neutral,202,Neutral,Neutral,True,0.9999856,4.1381665e-11,2.58548e-09,5.46797e-10,1.1047357e-08,0.9999856,1.4375579e-05,3.760106e-10
5672,tess,YAF,YAF_check_sad.wav,Sad,205,Sad,Sad,True,0.9999875,1.1393175e-07,3.039477e-08,8.865401e-08,1.1453092e-07,1.2174557e-05,0.9999875,4.455387e-09
5676,tess,YAF,YAF_cheek_happy.wav,Happy,161,Happy,Happy,True,1.0,6.1751493e-09,5.3921607e-11,2.595049e-08,1.0,3.5248192e-14,7.0412437e-10,1.9269672e-10
5681,tess,YAF,YAF_chief_disgust.wav,Disgust,218,Disgust,Disgust,True,0.99997437,1.6105601e-05,0.99997437,4.268001e-09,8.598046e-06,1.5868099e-07,6.052138e-09,8.006059e-07
5682,tess,YAF,YAF_chief_fear.wav,Fear,161,Fear,Fear,True,0.9999993,3.6624172e-08,1.7241282e-10,0.9999993,6.160642e-08,4.8822213e-09,5.1837232e-09,6.030286e-07
5690,tess,YAF,YAF_choice_happy.wav,Happy,145,Happy,Happy,True,1.0,1.9916978e-08,7.916086e-12,2.828698e-10,1.0,6.610511e-14,4.902539e-13,7.4112387e-09
5691,tess,YAF,YAF_choice_neutral.wav,Neutral,193,Neutral,Neutral,True,0.99999535,2.0447902e-07,4.3360225e-07,2.8173224e-07,1.6286428e-06,0.99999535,2.1139979e-06,9.596918e-10
5704,tess,YAF,YAF_dab_happy.wav,Happy,157,Happy,Happy,True,0.99999964,3.432496e-07,1.880152e-12,8.076449e-12,0.99999964,6.530461e-12,6.290869e-12,5.2827034e-11
5708,tess,YAF,YAF_date_angry.wav,Angry,218,Angry,Angry,True,0.9999999,0.9999999,5.279588e-09,1.178005e-07,4.0049395e-09,1.2279659e-10,5.311178e-10,6.665793e-09
5710,tess,YAF,YAF_date_fear.wav,Fear,177,Fear,Fear,True,0.99999785,4.062047e-08,2.9291736e-11,0.99999785,1.642896e-06,7.4730725e-12,4.5852704e-09,4.911542e-07
5712,tess,YAF,YAF_date_neutral.wav,Neutral,207,Neutral,Neutral,True,1.0,2.1643833e-10,2.091474e-08,2.010736e-09,1.7712905e-08,1.0,2.190808e-09,2.483658e-08
5713,tess,YAF,YAF_date_ps.wav,Surprise,179,Surprise,Surprise,True,1.0,8.1439355e-10,1.705005e-10,2.0241547e-12,1.616931e-11,7.3077997e-13,6.426517e-13,1.0
5717,tess,YAF,YAF_dead_fear.wav,Fear,162,Fear,Fear,True,1.0,3.173855e-08,1.4238012e-12,1.0,2.8925244e-08,6.2486724e-11,4.1068857e-10,2.9475219e-08
5719,tess,YAF,YAF_dead_neutral.wav,Neutral,192,Neutral,Neutral,True,0.99992,6.541993e-07,9.973965e-06,7.8278964e-07,6.7448906e-05,0.99992,5.8132946e-07,4.7197432e-07
5720,tess,YAF,YAF_dead_ps.wav,Surprise,184,Surprise,Surprise,True,1.0,8.129454e-14,4.8944807e-11,7.943519e-13,5.27956e-12,1.6739457e-13,2.3526407e-13,1.0
5725,tess,YAF,YAF_death_happy.wav,Happy,141,Happy,Happy,True,0.9999999,1.4077847e-07,1.3108824e-11,9.598728e-12,0.9999999,9.630484e-13,2.5573643e-13,4.4365662e-09
5736,tess,YAF,YAF_dime_angry.wav,Angry,175,Angry,Angry,True,0.99998546,0.99998546,9.9506174e-08,9.72212e-07,1.32474315e-05,6.475724e-10,7.152331e-08,1.6089491e-07
5738,tess,YAF,YAF_dime_fear.wav,Fear,125,Fear,Fear,True,0.9983866,0.0015892814,1.5814237e-07,0.9983866,1.0060566e-06,4.0391e-07,2.0469007e-07,2.2393016e-05
5760,tess,YAF,YAF_dodge_happy.wav,Happy,177,Happy,Happy,True,0.9999995,4.969238e-07,1.1237494e-10,1.3760282e-09,0.9999995,3.803473e-14,2.0672423e-10,2.2304426e-11
5773,tess,YAF,YAF_doll_fear.wav,Fear,182,Fear,Fear,True,0.99999976,6.6422117e-09,1.3303578e-11,0.99999976,1.0988111e-07,1.6119453e-11,1.1282217e-09,1.3495013e-07
5787,tess,YAF,YAF_fail_fear.wav,Fear,170,Fear,Fear,True,1.0,4.38049e-09,1.3844456e-12,1.0,3.2032418e-08,5.4317137e-12,3.8503875e-10,3.5412654e-08
5793,tess,YAF,YAF_fall_disgust.wav,Disgust,237,Disgust,Disgust,True,0.99999976,1.9932328e-08,0.99999976,2.4313765e-12,2.1830242e-07,6.5651495e-10,4.8942912e-08,1.467283e-09
5795,tess,YAF,YAF_fall_happy.wav,Happy,164,Happy,Happy,True,0.9999112,7.82656e-05,1.3061313e-06,8.276832e-06,0.9999112,7.238911e-10,8.6817204e-07,1.2694113e-07
5812,tess,YAF,YAF_fat_sad.wav,Sad,202,Sad,Sad,True,0.9999591,1.680429e-05,2.1130111e-07,9.9502785e-08,2.3629154e-05,1.3455129e-07,0.9999591,9.4011195e-11
5813,tess,YAF,YAF_fit_angry.wav,Angry,215,Angry,Angry,True,1.0,1.0,2.57474e-09,4.2757062e-08,9.305728e-09,1.1066703e-09,3.1433216e-09,2.9491865e-08
5814,tess,YAF,YAF_fit_disgust.wav,Disgust,241,Disgust,Disgust,True,0.9999951,4.1582853e-06,0.9999951,6.844828e-11,7.0567074e-07,4.5613285e-10,3.4630823e-09,1.740052e-09
5817,tess,YAF,YAF_fit_neutral.wav,Neutral,191,Neutral,Neutral,True,0.9943019,9.073896e-05,5.945505e-06,0.00406876,0.0009001841,0.9943019,3.3334967e-05,0.0005992117
5818,tess,YAF,YAF_fit_ps.wav,Surprise,189,Surprise,Surprise,True,1.0,4.5339608e-09,2.4940434e-09,1.3675232e-12,2.5366684e-10,3.7449505e-14,6.7686945e-14,1.0
5853,tess,YAF,YAF_gaze_ps.wav,Surprise,196,Surprise,Surprise,True,1.0,4.265648e-11,9.428872e-11,3.1089587e-13,1.8198908e-10,3.23562e-12,1.3491641e-13,1.0
5864,tess,YAF,YAF_get_fear.wav,Fear,164,Fear,Fear,True,0.99999964,1.5448163e-07,1.3993827e-10,0.99999964,4.0730093e-08,4.7037523e-11,7.16484e-09,1.839906e-07
5883,tess,YAF,YAF_good_angry.wav,Angry,202,Angry,Angry,True,0.99999964,0.99999964,5.0901255e-10,1.6591407e-07,1.5501584e-09,3.03132e-09,3.7880765e-09,1.7788885e-07
5888,tess,YAF,YAF_good_ps.wav,Surprise,181,Surprise,Surprise,True,1.0,7.0232194e-13,7.505629e-12,3.7174055e-16,9.9544296e-11,5.3375165e-12,7.907212e-16,1.0
5890,tess,YAF,YAF_goose_angry.wav,Angry,183,Angry,Angry,True,0.99999964,0.99999964,8.0963847e-10,2.9190173e-07,6.196151e-08,6.4843075e-10,3.5895589e-09,3.863571e-09
5891,tess,YAF,YAF_goose_disgust.wav,Disgust,244,Disgust,Disgust,True,1.0,2.0692918e-09,1.0,1.7380016e-12,2.1207418e-08,2.1005135e-11,1.874853e-08,1.9856734e-09
5892,tess,YAF,YAF_goose_fear.wav,Fear,141,Fear,Fear,True,0.9999964,2.9932e-06,1.1814109e-09,0.9999964,1.709625e-08,1.1315302e-09,6.037694e-10,5.8556776e-07
5898,tess,YAF,YAF_gun_disgust.wav,Disgust,237,Disgust,Disgust,True,0.999998,3.956345e-07,0.999998,1.2378973e-09,3.8888197e-07,3.1747327e-08,1.247544e-06,4.0366204e-09
5907,tess,YAF,YAF_half_happy.wav,Happy,148,Happy,Happy,True,1.0,4.015304e-09,4.044792e-12,9.439201e-11,1.0,1.0300927e-13,9.438398e-13,5.8708344e-11
5909,tess,YAF,YAF_half_ps.wav,Surprise,173,Surprise,Surprise,True,1.0,4.1890694e-10,6.812282e-09,6.4214016e-11,1.7609741e-10,2.7160975e-13,7.4144895e-13,1.0
5914,tess,YAF,YAF_hall_happy.wav,Happy,171,Happy,Happy,True,1.0,6.6874684e-09,3.088387e-12,1.35710385e-08,1.0,1.4078571e-13,4.855394e-10,4.5258022e-10
5916,tess,YAF,YAF_hall_ps.wav,Surprise,176,Surprise,Surprise,True,0.99999976,1.3078044e-07,7.959522e-08,1.11755105e-10,4.507809e-08,1.5132718e-11,1.183542e-12,0.99999976
5918,tess,YAF,YAF_hash_angry.wav,Angry,205,Angry,Angry,True,0.99999285,0.99999285,1.0667637e-07,5.9778868e-06,8.51937e-07,1.8684888e-08,1.4689235e-07,1.931544e-08
5920,tess,YAF,YAF_hash_fear.wav,Fear,154,Fear,Fear,True,0.999997,9.9172894e-08,9.588202e-11,0.999997,6.111412e-07,1.7135154e-10,1.1882483e-08,2.2869644e-06
5926,tess,YAF,YAF_hate_disgust.wav,Disgust,236,Disgust,Disgust,True,0.99990344,6.7068584e-07,0.99990344,4.667754e-09,7.40447e-07,2.6677145e-09,8.0780914e-08,9.50044e-05
5930,tess,YAF,YAF_hate_ps.wav,Surprise,191,Surprise,Surprise,True,1.0,6.3646226e-09,6.531226e-11,2.6763482e-11,8.002504e-10,1.2563013e-12,1.7948962e-12,1.0
5946,tess,YAF,YAF_hire_angry.wav,Angry,208,Angry,Angry,True,1.0,1.0,2.9885897e-10,1.7122988e-10,2.565793e-09,2.7495953e-11,6.1437014e-12,2.3749255e-10
5967,tess,YAF,YAF_home_angry.wav,Angry,177,Angry,Angry,True,0.9999999,0.9999999,3.9135757e-09,3.1264076e-08,9.811485e-08,8.7411334e-10,4.432278e-09,2.111985e-09
5968,tess,YAF,YAF_home_disgust.wav,Disgust,226,Disgust,Disgust,True,0.99999774,2.0870816e-08,0.99999774,8.9363283e-10,2.391634e-07,2.332556e-09,8.754171e-08,1.9385293e-06
5969,tess,YAF,YAF_home_fear.wav,Fear,140,Fear,Fear,True,0.9999981,7.2264174e-07,4.8130344e-10,0.9999981,4.946783e-08,1.5993024e-09,3.4061348e-08,1.195927e-06
5970,tess,YAF,YAF_home_happy.wav,Happy,157,Happy,Happy,True,0.99998164,8.57578e-07,1.7200389e-09,1.7235941e-05,0.99998164,6.372808e-11,2.1725938e-07,3.4591932e-09
5974,tess,YAF,YAF_hurl_angry.wav,Angry,189,Angry,Angry,True,1.0,1.0,4.224309e-10,3.6412744e-11,3.4848274e-08,6.7751374e-11,6.527826e-11,2.951005e-11
5986,tess,YAF,YAF_hush_ps.wav,Surprise,178,Surprise,Surprise,True,1.0,4.0177324e-09,1.5431204e-09,9.9584174e-11,1.6571828e-08,1.4125035e-11,5.940984e-13,1.0
5995,tess,YAF,YAF_jar_angry.wav,Angry,196,Angry,Angry,True,0.99999964,0.99999964,3.6539427e-07,2.8153696e-10,7.488335e-09,7.7779595e-11,6.46527e-12,4.2947876e-09
5998,tess,YAF,YAF_jar_happy.wav,Happy,165,Happy,Happy,True,1.0,3.742996e-09,2.885412e-11,2.6047808e-10,1.0,1.9692852e-13,2.4927903e-11,7.947664e-11
6000,tess,YAF,YAF_jar_ps.wav,Surprise,203,Surprise,Surprise,True,0.9999999,9.377992e-10,8.152475e-08,5.225307e-10,2.6465958e-11,8.369996e-10,4.6609796e-09,0.9999999
6007,tess,YAF,YAF_join_ps.wav,Surprise,183,Surprise,Surprise,True,1.0,1.6958394e-10,1.1454987e-10,9.453167e-14,1.9290118e-10,1.0670691e-13,1.7263758e-15,1.0
6008,tess,YAF,YAF_join_sad.wav,Sad,224,Sad,Sad,True,0.9999927,7.174825e-06,9.8576535e-08,1.667659e-09,1.6934596e-08,1.843078e-08,0.9999927,1.5849869e-10
6009,tess,YAF,YAF_judge_angry.wav,Angry,234,Angry,Angry,True,1.0,1.0,4.0673958e-09,8.237235e-09,2.7914906e-10,1.3961414e-10,6.831953e-10,3.2083964e-08
6016,tess,YAF,YAF_jug_angry.wav,Angry,199,Angry,Angry,True,1.0,1.0,2.005609e-11,5.279404e-10,4.6416707e-11,1.8122243e-11,7.688897e-12,8.160433e-10
6020,tess,YAF,YAF_jug_neutral.wav,Neutral,197,Neutral,Neutral,True,0.9999999,6.993046e-10,3.6924852e-10,3.417312e-09,9.0491135e-08,0.9999999,6.6454153e-10,2.7936183e-08
6032,tess,YAF,YAF_keen_fear.wav,Fear,154,Fear,Fear,True,0.9999993,1.262328e-10,2.8590212e-11,0.9999993,3.0670277e-09,4.0745636e-11,9.425189e-09,6.658235e-07
6039,tess,YAF,YAF_keep_fear.wav,Fear,195,Fear,Fear,True,1.0,4.5476627e-09,1.2219724e-11,1.0,1.7280019e-09,1.0198163e-08,1.9113427e-08,4.8577773e-09
6041,tess,YAF,YAF_keep_neutral.wav,Neutral,217,Neutral,Neutral,True,0.9999951,1.2634563e-08,2.5016914e-06,1.9128697e-07,6.076004e-07,0.9999951,1.0930426e-06,5.133027e-07
6045,tess,YAF,YAF_keg_disgust.wav,Disgust,247,Disgust,Disgust,True,0.99999976,2.5107625e-09,0.99999976,3.846668e-12,5.93197e-09,6.7175154e-11,2.3299553e-07,8.3284785e-10
6058,tess,YAF,YAF_kill_angry.wav,Angry,202,Angry,Angry,True,1.0,1.0,1.34006e-09,4.579937e-10,2.6467895e-10,1.2663032e-10,2.0876019e-10,1.8852835e-09
6060,tess,YAF,YAF_kill_fear.wav,Fear,164,Fear,Fear,True,1.0,9.4490665e-12,9.680351e-14,1.0,3.6631614e-11,1.3617845e-15,3.6665167e-11,1.8405936e-08
6063,tess,YAF,YAF_kill_ps.wav,Surprise,180,Surprise,Surprise,True,0.99999964,2.562193e-07,4.086736e-08,1.0506517e-09,1.2274768e-09,3.7040315e-10,1.8248884e-10,0.99999964
6066,tess,YAF,YAF_king_disgust.wav,Disgust,247,Disgust,Disgust,True,1.0,2.813383e-11,1.0,8.910001e-14,6.058943e-10,1.2489521e-12,5.234105e-10,7.1577255e-09
6070,tess,YAF,YAF_king_ps.wav,Surprise,218,Surprise,Surprise,True,0.99999964,9.0320786e-11,2.869365e-10,4.9439532e-11,3.477919e-07,5.996724e-12,5.842278e-12,0.99999964
6073,tess,YAF,YAF_kite_disgust.wav,Disgust,250,Disgust,Disgust,True,0.99999166,8.6602404e-07,0.99999166,7.379235e-11,1.5418367e-07,8.981899e-10,6.5167224e-06,8.167018e-07
6080,tess,YAF,YAF_knock_disgust.wav,Disgust,205,Disgust,Disgust,True,0.9997259,1.4878705e-06,0.9997259,6.9249662e-12,0.00027222207,1.8194147e-08,3.676884e-07,3.7931503e-08
6083,tess,YAF,YAF_knock_neutral.wav,Neutral,196,Neutral,Neutral,True,0.9999995,2.4032113e-11,2.449287e-08,5.079083e-12,1.9964312e-09,0.9999995,5.2371763e-07,2.6232443e-12
6091,tess,YAF,YAF_late_ps.wav,Surprise,190,Surprise,Surprise,True,1.0,2.2378453e-11,2.661286e-11,1.1685555e-13,3.11564e-11,4.2299602e-14,1.2030371e-14,1.0
6092,tess,YAF,YAF_late_sad.wav,Sad,212,Sad,Sad,True,0.9998877,0.000104164195,7.184297e-07,1.2153437e-07,7.9753455e-08,6.133962e-06,0.9998877,1.1129846e-06
6096,tess,YAF,YAF_laud_happy.wav,Happy,159,Happy,Happy,True,1.0,5.9571118e-08,6.6413793e-12,3.435826e-10,1.0,4.409311e-12,1.3608324e-10,2.361779e-11
6098,tess,YAF,YAF_laud_ps.wav,Surprise,224,Surprise,Surprise,True,1.0,1.0320531e-10,8.279745e-10,1.4538037e-12,8.0758546e-11,3.8670464e-12,6.2038742e-12,1.0
6099,tess,YAF,YAF_laud_sad.wav,Sad,215,Sad,Sad,True,0.999959,1.0166222e-05,1.7830883e-08,1.5383472e-08,4.912169e-06,2.5898193e-05,0.999959,1.0994753e-10
6115,tess,YAF,YAF_lease_disgust.wav,Disgust,260,Disgust,Disgust,True,0.99998593,6.5624495e-06,0.99998593,1.3721725e-09,5.1437095e-08,1.5064786e-06,4.4352882e-06,1.5578029e-06
6131,tess,YAF,YAF_life_happy.wav,Happy,151,Happy,Happy,True,1.0,9.745347e-09,1.1444642e-09,1.1999772e-11,1.0,2.221642e-11,1.0546384e-11,2.1554662e-08
6139,tess,YAF,YAF_limb_neutral.wav,Neutral,193,Neutral,Neutral,True,1.0,3.7390304e-12,5.8660836e-09,9.14402e-12,1.3571361e-10,1.0,1.8493735e-08,2.1927646e-09
6142,tess,YAF,YAF_live_angry.wav,Angry,189,Angry,Angry,True,0.9999999,0.9999999,8.6221424e-10,1.4186427e-08,5.8750885e-08,1.3608245e-10,2.0265796e-09,4.5212462e-10
6143,tess,YAF,YAF_live_disgust.wav,Disgust,221,Disgust,Disgust,True,0.99995875,3.656788e-05,0.99995875,4.6445103e-10,1.5283492e-06,2.1952855e-09,3.602928e-07,2.69644e-06
6159,tess,YAF,YAF_long_happy.wav,Happy,184,Happy,Happy,True,1.0,3.927513e-10,7.032217e-12,1.3271938e-13,1.0,1.87177e-15,3.0048522e-13,8.4451126e-13
6162,tess,YAF,YAF_long_sad.wav,Sad,220,Sad,Sad,True,0.9999995,2.3642751e-07,1.5795979e-07,1.2293587e-08,4.0269008e-08,5.7719557e-08,0.9999995,4.9125624e-09
6168,tess,YAF,YAF_lore_ps.wav,Surprise,173,Surprise,Surprise,True,0.9999794,4.5021986e-07,3.9025103e-08,5.7223097e-06,1.4353708e-05,6.5116215e-12,2.8918459e-09,0.9999794
6170,tess,YAF,YAF_lose_angry.wav,Angry,231,Angry,Angry,True,0.9999993,0.9999993,5.5469843e-07,3.0924287e-08,1.1105396e-08,2.7223976e-09,3.536889e-08,1.2852524e-07
6176,tess,YAF,YAF_lose_sad.wav,Sad,231,Sad,Sad,True,0.9999999,2.0272727e-08,6.820579e-08,3.2677328e-09,2.7176456e-10,3.3107448e-09,0.9999999,1.7761205e-09
6179,tess,YAF,YAF_lot_fear.wav,Fear,144,Fear,Fear,True,1.0,2.97929e-10,5.997432e-13,1.0,6.435963e-09,2.3583477e-12,1.9149925e-11,1.5700161e-08
6225,tess,YAF,YAF_mess_sad.wav,Sad,228,Sad,Sad,True,1.0,3.1989373e-08,8.774581e-09,1.3122597e-09,2.1275839e-09,7.805465e-09,1.0,3.9256107e-10
6227,tess,YAF,YAF_met_disgust.wav,Disgust,241,Disgust,Disgust,True,0.9999969,8.365367e-08,0.9999969,5.898461e-11,2.5534227e-06,5.547672e-10,4.4316604e-07,2.3196845e-08
6228,tess,YAF,YAF_met_fear.wav,Fear,141,Fear,Fear,True,0.99999976,2.416422e-07,3.244205e-11,0.99999976,4.6438554e-08,3.3282554e-10,9.22079e-10,2.5246566e-08
6234,tess,YAF,YAF_mill_disgust.wav,Disgust,228,Disgust,Disgust,True,1.0,1.8456875e-08,1.0,2.4652856e-11,1.42956225e-08,4.69947e-10,3.0666145e-09,3.103717e-08
6239,tess,YAF,YAF_mill_sad.wav,Sad,212,Sad,Sad,True,0.99999917,4.080345e-09,5.7820905e-08,1.2791694e-08,1.5564424e-08,7.3629474e-07,0.99999917,1.3580193e-08
6243,tess,YAF,YAF_mob_happy.wav,Happy,167,Happy,Happy,True,1.0,1.7163616e-08,2.4529137e-10,7.3639467e-10,1.0,6.4307204e-10,4.540871e-11,1.2839467e-08
6244,tess,YAF,YAF_mob_neutral.wav,Neutral,209,Neutral,Neutral,True,1.0,7.446002e-11,2.8560626e-08,6.196211e-12,2.7868425e-09,1.0,8.233842e-09,5.965118e-11
6246,tess,YAF,YAF_mob_sad.wav,Sad,231,Sad,Sad,True,0.9999999,1.5699609e-09,6.6921665e-08,3.8399944e-10,9.946961e-09,1.1408401e-08,0.9999999,7.4564334e-11
6247,tess,YAF,YAF_mode_angry.wav,Angry,193,Angry,Angry,True,0.99983025,0.99983025,1.798426e-08,1.6172815e-05,0.00015180244,1.2203212e-07,7.347661e-09,1.6025309e-06
6253,tess,YAF,YAF_mode_sad.wav,Sad,218,Sad,Sad,True,0.99858165,4.1930354e-05,1.9834918e-06,1.3782605e-06,1.2383968e-05,0.0013605047,0.99858165,7.120744e-08
6259,tess,YAF,YAF_mood_ps.wav,Surprise,177,Surprise,Surprise,True,1.0,4.6428772e-10,3.0993515e-08,5.1638316e-13,1.0102746e-10,8.9419067e-10,1.7428755e-11,1.0
6265,tess,YAF,YAF_moon_neutral.wav,Neutral,192,Neutral,Neutral,True,0.9999826,5.029446e-07,9.7903e-07,2.4378144e-07,7.0492106e-06,0.9999826,8.500742e-06,6.3337076e-08
6266,tess,YAF,YAF_moon_ps.wav,Surprise,209,Surprise,Surprise,True,0.9999974,3.5340106e-11,1.0047793e-07,4.8366984e-11,2.917481e-10,2.2565544e-06,1.9270477e-07,0.9999974
6268,tess,YAF,YAF_mop_angry.wav,Angry,211,Angry,Angry,True,0.9999939,0.9999939,9.0483354e-08,6.3495736e-07,1.6586544e-06,3.0491296e-06,2.444648e-08,5.7498517e-07
6276,tess,YAF,YAF_mouse_disgust.wav,Disgust,247,Disgust,Disgust,True,0.9997477,0.0002484164,0.9997477,1.4698377e-08,7.097057e-07,1.7986483e-06,1.1071052e-06,3.5438126e-07
6282,tess,YAF,YAF_nag_angry.wav,Angry,205,Angry,Angry,True,0.9999993,0.9999993,2.008795e-09,2.3504732e-07,3.35555e-07,4.1915438e-10,1.9153518e-08,4.0073694e-08
6286,tess,YAF,YAF_nag_neutral.wav,Neutral,193,Neutral,Neutral,True,1.0,9.911919e-14,2.2001547e-09,4.070191e-12,6.8817646e-11,1.0,8.991968e-10,1.2606459e-12
6295,tess,YAF,YAF_name_sad.wav,Sad,226,Sad,Sad,True,0.99999845,8.364981e-08,1.1587512e-06,6.2386656e-09,3.5480565e-07,2.2891673e-08,0.99999845,6.090034e-09
6297,tess,YAF,YAF_near_disgust.wav,Disgust,237,Disgust,Disgust,True,0.9999982,1.3463209e-06,0.9999982,3.3268113e-09,2.1871908e-07,3.5685094e-08,6.1347336e-08,1.907931e-07
6299,tess,YAF,YAF_near_happy.wav,Happy,174,Happy,Happy,True,1.0,2.6503424e-09,3.3709682e-12,6.686891e-10,1.0,4.8399934e-12,2.181213e-10,5.005607e-09
6302,tess,YAF,YAF_near_sad.wav,Sad,215,Sad,Sad,True,0.999997,1.4554946e-08,9.924893e-07,1.2109929e-09,1.2405666e-06,7.639091e-07,0.999997,1.891831e-08
6313,tess,YAF,YAF_nice_happy.wav,Happy,177,Happy,Happy,True,0.9999999,3.6817713e-08,2.0379688e-12,2.1286186e-09,0.9999999,7.935863e-11,3.113515e-10,1.4701601e-07
6315,tess,YAF,YAF_nice_ps.wav,Surprise,180,Surprise,Surprise,True,1.0,4.7770765e-09,2.1536868e-08,8.4483993e-13,3.210038e-11,1.8054089e-09,1.8694607e-12,1.0
6317,tess,YAF,YAF_note_angry.wav,Angry,221,Angry,Angry,True,0.99999905,0.99999905,4.6074708e-10,7.737444e-07,1.34225155e-08,1.2969126e-10,1.9895192e-09,1.352514e-07
6319,tess,YAF,YAF_note_fear.wav,Fear,167,Fear,Fear,True,0.9999999,7.437715e-10,3.910615e-12,0.9999999,3.1062164e-08,1.0092334e-12,3.6403588e-10,1.2182339e-07
6320,tess,YAF,YAF_note_happy.wav,Happy,173,Happy,Happy,True,1.0,5.4677387e-09,3.3829614e-12,2.962401e-12,1.0,5.1507485e-13,1.3974948e-10,4.33694e-11
6322,tess,YAF,YAF_note_ps.wav,Surprise,172,Surprise,Surprise,True,1.0,1.2322321e-09,3.735352e-12,5.150791e-12,4.233458e-09,2.3197663e-12,1.4780345e-14,1.0
6334,tess,YAF,YAF_pad_happy.wav,Happy,167,Happy,Happy,True,1.0,8.805425e-10,1.3957718e-13,3.34379e-09,1.0,1.0327431e-16,3.307422e-11,1.3013412e-11
6343,tess,YAF,YAF_page_ps.wav,Surprise,223,Surprise,Surprise,True,0.99999976,1.9299756e-10,1.8173975e-07,1.7436708e-10,1.3498616e-09,6.7575195e-11,1.1121082e-09,0.99999976
6346,tess,YAF,YAF_pain_disgust.wav,Disgust,254,Disgust,Disgust,True,0.9999976,6.3189724e-08,0.9999976,6.281602e-11,5.7524505e-07,2.2876887e-09,1.5896649e-06,5.2039457e-08
6353,tess,YAF,YAF_pass_disgust.wav,Disgust,263,Disgust,Disgust,True,0.9999999,4.2183707e-08,0.9999999,4.0770243e-10,3.1915794e-09,9.9054276e-08,4.817332e-10,2.4782633e-08
6356,tess,YAF,YAF_pass_neutral.wav,Neutral,223,Neutral,Neutral,True,0.9999995,4.4351285e-08,1.0932996e-08,4.1054585e-10,3.6831872e-07,0.9999995,2.881686e-08,1.6331329e-09
6359,tess,YAF,YAF_pearl_angry.wav,Angry,207,Angry,Angry,True,1.0,1.0,4.9107446e-10,1.0823428e-08,5.3237175e-09,6.3847386e-11,7.8440254e-10,1.4349329e-08
6360,tess,YAF,YAF_pearl_disgust.wav,Disgust,249,Disgust,Disgust,True,0.9999995,1.1084708e-07,0.9999995,1.6663794e-09,1.519953e-08,9.428356e-09,3.8262104e-07,1.9119907e-08
6383,tess,YAF,YAF_phone_happy.wav,Happy,192,Happy,Happy,True,1.0,2.8180207e-09,5.4551804e-11,1.7377465e-08,1.0,3.222185e-14,1.1476332e-10,1.2525861e-11
6389,tess,YAF,YAF_pick_fear.wav,Fear,170,Fear,Fear,True,0.99999976,7.54534e-09,2.072124e-12,0.99999976,5.7983813e-09,1.1309303e-12,5.7530797e-10,2.1212743e-07
6391,tess,YAF,YAF_pick_neutral.wav,Neutral,209,Neutral,Neutral,True,0.99999833,5.245672e-09,2.6918858e-08,2.580435e-08,5.5001925e-07,0.99999833,1.1071294e-06,1.6028643e-08
6395,tess,YAF,YAF_pike_disgust.wav,Disgust,231,Disgust,Disgust,True,0.9999999,6.8719764e-08,0.9999999,1.0072391e-12,4.3748063e-08,8.119866e-09,3.2353615e-08,3.9221298e-10
6398,tess,YAF,YAF_pike_neutral.wav,Neutral,221,Neutral,Neutral,True,1.0,3.223247e-11,8.356554e-09,1.6206656e-09,3.1408105e-09,1.0,2.4420999e-08,1.5162525e-09
6403,tess,YAF,YAF_pole_fear.wav,Fear,170,Fear,Fear,True,1.0,8.979845e-11,1.6945621e-14,1.0,8.341453e-10,1.6409762e-14,7.2303184e-11,1.7732614e-08
6405,tess,YAF,YAF_pole_neutral.wav,Neutral,212,Neutral,Neutral,True,1.0,6.5342044e-11,1.16396e-09,8.444614e-09,1.8302967e-09,1.0,5.705872e-10,7.879117e-09
6407,tess,YAF,YAF_pole_sad.wav,Sad,215,Sad,Sad,True,0.9999912,2.9127984e-06,5.312693e-06,4.1293887e-08,3.684901e-08,1.9417496e-07,0.9999912,2.4087993e-07
6415,tess,YAF,YAF_puff_angry.wav,Angry,167,Angry,Angry,True,0.9999999,0.9999999,1.687864e-08,4.0694694e-08,1.2343796e-07,1.7800001e-09,3.0001162e-09,2.1760581e-08
6421,tess,YAF,YAF_puff_sad.wav,Sad,177,Sad,Sad,True,0.99768114,0.00094944023,2.0117263e-08,0.00042417843,1.7510374e-05,0.00092750095,0.99768114,6.284334e-08
6423,tess,YAF,YAF_rag_disgust.wav,Disgust,231,Disgust,Disgust,True,0.9999994,8.909084e-09,0.9999994,7.3369007e-13,1.4707484e-07,8.8904234e-10,4.4108214e-07,1.9406336e-08
6449,tess,YAF,YAF_raise_sad.wav,Sad,247,Sad,Sad,True,0.9999963,1.3898622e-06,6.116347e-07,7.016152e-07,9.573358e-07,9.245607e-10,0.9999963,2.7311672e-10
6455,tess,YAF,YAF_rat_ps.wav,Surprise,173,Surprise,Surprise,True,0.99999464,4.9994856e-06,2.423215e-09,4.0512695e-09,3.1275854e-07,3.772293e-11,1.4379689e-12,0.99999464
6472,tess,YAF,YAF_red_disgust.wav,Disgust,225,Disgust,Disgust,True,1.0,4.8809214e-09,1.0,1.0804514e-12,3.8671132e-08,1.9811885e-11,1.0942863e-09,8.673578e-09
6480,tess,YAF,YAF_ring_fear.wav,Fear,164,Fear,Fear,True,0.9999987,5.036075e-08,3.859873e-11,0.9999987,2.1507898e-08,5.5538224e-10,5.644786e-08,1.2580358e-06
6508,tess,YAF,YAF_rose_fear.wav,Fear,167,Fear,Fear,True,0.9999981,1.9007543e-06,5.655443e-11,0.9999981,1.6924765e-09,8.002218e-09,2.432929e-10,3.8904004e-09
6525,tess,YAF,YAF_rough_ps.wav,Surprise,173,Surprise,Surprise,True,0.9999999,4.609229e-08,7.788514e-08,1.8698609e-11,8.712766e-11,1.5823303e-11,2.2447137e-12,0.9999999
6526,tess,YAF,YAF_rough_sad.wav,Sad,215,Sad,Sad,True,0.999998,1.2399103e-06,1.7371986e-09,6.539811e-08,9.16752e-09,7.53774e-07,0.999998,9.545267e-09
6527,tess,YAF,YAF_rush_angry.wav,Angry,225,Angry,Angry,True,0.9999995,0.9999995,8.145822e-11,5.3294247e-07,3.7901268e-10,1.227661e-10,3.030792e-10,2.4926598e-08
6528,tess,YAF,YAF_rush_disgust.wav,Disgust,266,Disgust,Disgust,True,0.9999999,6.651864e-08,0.9999999,1.2507143e-11,8.368644e-09,2.3127675e-09,1.3809592e-08,5.238592e-09
6530,tess,YAF,YAF_rush_happy.wav,Happy,196,Happy,Happy,True,0.9999999,6.069034e-08,1.7071273e-09,5.364343e-10,0.9999999,1.1852265e-10,1.0104966e-09,1.0089256e-08
6532,tess,YAF,YAF_rush_ps.wav,Surprise,187,Surprise,Surprise,True,0.99999547,6.6153696e-08,1.0986376e-09,3.647019e-06,7.8475256e-07,3.050927e-11,1.4708287e-10,0.99999547
6533,tess,YAF,YAF_rush_sad.wav,Sad,237,Sad,Sad,True,0.9999993,4.5434632e-07,8.108938e-08,9.951049e-10,6.331772e-08,6.5429134e-08,0.9999993,9.148121e-10
6542,tess,YAF,YAF_sail_disgust.wav,Disgust,247,Disgust,Disgust,True,0.99999297,6.018869e-06,0.99999297,3.2539916e-08,8.9656766e-08,2.0010138e-07,7.07575e-07,9.588835e-08
6543,tess,YAF,YAF_sail_fear.wav,Fear,164,Fear,Fear,True,1.0,1.0165861e-09,9.159787e-11,1.0,1.2857134e-12,1.9787724e-10,3.8059284e-10,8.901377e-09
6552,tess,YAF,YAF_search_neutral.wav,Neutral,209,Neutral,Neutral,True,0.99992394,2.6900678e-05,2.4655794e-06,7.6220185e-06,1.1545522e-05,0.99992394,2.3792732e-05,3.6670795e-06
6566,tess,YAF,YAF_sell_neutral.wav,Neutral,177,Neutral,Neutral,True,0.99998975,1.1196259e-07,9.043743e-08,4.2318646e-07,7.999791e-06,0.99998975,1.1651393e-06,4.3990286e-07
6571,tess,YAF,YAF_shack_fear.wav,Fear,167,Fear,Fear,True,1.0,6.877914e-09,4.5510765e-11,1.0,4.215763e-09,8.508399e-12,7.373968e-10,2.2535374e-09
6587,tess,YAF,YAF_shawl_neutral.wav,Neutral,225,Neutral,Neutral,True,0.99999785,2.3891435e-08,1.7051578e-06,3.787297e-07,1.261398e-09,0.99999785,1.9427047e-08,2.0084101e-08
6588,tess,YAF,YAF_shawl_ps.wav,Surprise,185,Surprise,Surprise,True,1.0,8.0928704e-13,3.6450266e-11,9.501717e-15,8.576431e-14,5.895697e-16,1.2240857e-15,1.0
6606,tess,YAF,YAF_should_fear.wav,Fear,164,Fear,Fear,True,0.9999995,4.206143e-07,3.0456023e-11,0.9999995,2.8042634e-11,1.8397809e-09,1.7063445e-10,5.4054166e-09
6615,tess,YAF,YAF_shout_neutral.wav,Neutral,192,Neutral,Neutral,True,0.9997328,5.8728083e-06,1.3641008e-07,8.184851e-06,0.00025262416,0.9997328,5.8686364e-08,3.7729745e-07
6620,tess,YAF,YAF_size_fear.wav,Fear,132,Fear,Fear,True,0.9999876,7.388459e-07,5.94705e-11,0.9999876,1.0561921e-06,3.3378272e-10,2.3166802e-10,1.0575655e-05
6631,tess,YAF,YAF_soap_sad.wav,Sad,206,Sad,Sad,True,0.9999938,4.3980794e-08,1.6527462e-09,6.050793e-06,1.5694216e-09,1.2752811e-07,0.9999938,4.852924e-08
6639,tess,YAF,YAF_sour_angry.wav,Angry,209,Angry,Angry,True,1.0,1.0,3.4284502e-09,2.3986551e-08,4.0201704e-09,2.136241e-09,4.260757e-09,4.0280836e-09
6640,tess,YAF,YAF_sour_disgust.wav,Disgust,257,Disgust,Disgust,True,0.9999291,5.1911262e-05,0.9999291,2.5709457e-09,1.875599e-05,1.8929126e-07,1.6105163e-07,1.7437921e-08
6643,tess,YAF,YAF_sour_neutral.wav,Neutral,197,Neutral,Neutral,True,0.9999989,1.7112866e-08,5.89528e-07,2.1342758e-07,1.9819386e-07,0.9999989,1.066499e-08,4.5541093e-08
6661,tess,YAF,YAF_such_disgust.wav,Disgust,247,Disgust,Disgust,True,0.9998869,0.000111298585,0.9998869,2.9581647e-08,6.723778e-08,5.502073e-08,1.286828e-06,3.143047e-07
6664,tess,YAF,YAF_such_neutral.wav,Neutral,200,Neutral,Neutral,True,0.99999845,2.2456517e-09,1.5001325e-09,2.4354396e-08,6.5448904e-09,0.99999845,1.5644254e-06,1.07225326e-10
6668,tess,YAF,YAF_sure_disgust.wav,Disgust,228,Disgust,Disgust,True,1.0,4.0118915e-12,1.0,8.171237e-15,3.0089073e-09,4.3020606e-13,7.678577e-09,5.4060194e-12
6687,tess,YAF,YAF_talk_sad.wav,Sad,209,Sad,Sad,True,0.99999976,3.351287e-08,5.261294e-08,9.924546e-08,2.5635044e-08,1.10122755e-08,0.99999976,1.5402796e-09
6700,tess,YAF,YAF_team_ps.wav,Surprise,185,Surprise,Surprise,True,1.0,2.9154208e-09,4.1388756e-10,1.4055778e-11,1.7890815e-09,6.3391375e-11,3.638815e-12,1.0
6705,tess,YAF,YAF_tell_happy.wav,Happy,176,Happy,Happy,True,0.9999994,6.218926e-07,1.6551103e-11,1.0279999e-09,0.9999994,1.2147208e-12,4.2260126e-11,6.601373e-10
6709,tess,YAF,YAF_thin_angry.wav,Angry,221,Angry,Angry,True,1.0,1.0,5.7106625e-10,1.924824e-08,3.7286028e-09,2.1968578e-10,2.0881166e-09,6.667307e-09
6710,tess,YAF,YAF_thin_disgust.wav,Disgust,253,Disgust,Disgust,True,0.99999976,1.2302397e-10,0.99999976,5.644708e-11,2.7752478e-08,9.7578896e-11,2.9464238e-07,1.7185419e-09
6711,tess,YAF,YAF_thin_fear.wav,Fear,162,Fear,Fear,True,0.99999976,1.5387643e-09,1.2575657e-10,0.99999976,1.1584333e-10,7.9555786e-11,5.3620535e-09,2.0100686e-07
6716,tess,YAF,YAF_third_angry.wav,Angry,209,Angry,Angry,True,0.99997747,0.99997747,2.1680438e-05,3.7339934e-08,2.3766881e-07,5.0782097e-07,9.116353e-08,3.671128e-08
6718,tess,YAF,YAF_third_fear.wav,Fear,163,Fear,Fear,True,1.0,4.3965068e-11,1.8163603e-14,1.0,7.3388057e-10,2.5777186e-12,3.874546e-09,6.760558e-09
6719,tess,YAF,YAF_third_happy.wav,Happy,178,Happy,Happy,True,0.99999964,1.9785955e-09,1.0625732e-11,3.5333488e-07,0.99999964,4.4112337e-13,1.5083376e-08,2.352959e-09
6723,tess,YAF,YAF_thought_angry.wav,Angry,209,Angry,Angry,True,1.0,1.0,1.1406662e-08,8.952061e-10,2.0282231e-09,4.8163684e-10,4.956333e-11,1.1827679e-09
6724,tess,YAF,YAF_thought_disgust.wav,Disgust,244,Disgust,Disgust,True,0.99999607,4.7517513e-08,0.99999607,2.0233305e-10,3.5488588e-06,1.1010639e-08,6.665806e-09,3.4102865e-07
6730,tess,YAF,YAF_thumb_angry.wav,Angry,202,Angry,Angry,True,0.9999764,0.9999764,2.6940367e-07,4.6808307e-07,1.6849431e-07,2.0119758e-05,1.1684915e-07,2.5596266e-06
6734,tess,YAF,YAF_thumb_neutral.wav,Neutral,199,Neutral,Neutral,True,0.9999999,8.628333e-09,7.318205e-09,5.677212e-10,9.2416826e-08,0.9999999,1.13251275e-08,1.7697925e-10
6760,tess,YAF,YAF_ton_fear.wav,Fear,177,Fear,Fear,True,1.0,4.473521e-09,1.778581e-10,1.0,1.0246082e-09,1.9780104e-10,3.0646674e-09,2.8494787e-08
6771,tess,YAF,YAF_tool_sad.wav,Sad,218,Sad,Sad,True,0.99999964,1.0720497e-07,2.7788428e-07,1.5202627e-09,3.348403e-09,5.6102047e-09,0.99999964,6.1713933e-12
6777,tess,YAF,YAF_tough_ps.wav,Surprise,205,Surprise,Surprise,True,1.0,2.577286e-12,3.8354694e-11,2.5999572e-13,2.725952e-10,1.0721209e-12,3.5002682e-12,1.0
6782,tess,YAF,YAF_turn_happy.wav,Happy,164,Happy,Happy,True,1.0,2.872157e-11,2.2408831e-14,9.234692e-11,1.0,3.672583e-16,1.8371237e-13,4.133982e-11
6795,tess,YAF,YAF_voice_fear.wav,Fear,164,Fear,Fear,True,0.9999999,1.0944267e-08,3.4399335e-12,0.9999999,1.1198183e-08,8.173644e-13,1.6249546e-10,7.722083e-08
6798,tess,YAF,YAF_voice_ps.wav,Surprise,177,Surprise,Surprise,True,1.0,1.5493825e-08,5.2789035e-09,1.5387396e-11,8.3754265e-10,6.2606825e-12,7.168286e-13,1.0
6815,tess,YAF,YAF_wag_disgust.wav,Disgust,250,Disgust,Disgust,True,1.0,4.861689e-09,1.0,5.8986984e-13,3.2734662e-09,1.3406158e-11,1.6957086e-08,7.6960943e-10
6818,tess,YAF,YAF_wag_neutral.wav,Neutral,210,Neutral,Neutral,True,1.0,7.2206063e-10,3.3831926e-09,2.3239052e-10,2.569494e-10,1.0,1.1663579e-09,1.4194255e-11
6833,tess,YAF,YAF_wash_ps.wav,Surprise,196,Surprise,Surprise,True,1.0,3.3557282e-11,3.405114e-12,3.2030597e-11,6.7462175e-10,1.4144129e-14,2.4239708e-14,1.0
6857,tess,YAF,YAF_which_disgust.wav,Disgust,244,Disgust,Disgust,True,0.99998677,5.8610153e-06,0.99998677,2.0376897e-08,5.3128615e-06,8.0237434e-08,1.3346289e-06,5.693781e-07
6859,tess,YAF,YAF_which_happy.wav,Happy,177,Happy,Happy,True,0.99987197,0.00012298717,1.4451796e-09,4.5093333e-07,0.99987197,7.914028e-09,4.4921107e-06,8.625025e-09
6862,tess,YAF,YAF_which_sad.wav,Sad,231,Sad,Sad,True,0.9997111,0.00025188207,4.4042017e-06,8.8687924e-10,4.6817387e-08,3.2536784e-05,0.9997111,9.4601896e-11
6869,tess,YAF,YAF_whip_sad.wav,Sad,221,Sad,Sad,True,0.99999964,7.443156e-08,6.4635997e-10,1.3473946e-09,9.5560175e-08,1.9071186e-07,0.99999964,3.032332e-09
6874,tess,YAF,YAF_white_neutral.wav,Neutral,209,Neutral,Neutral,True,1.0,1.6492673e-09,1.3503262e-08,1.6426861e-10,1.3738528e-08,1.0,7.544306e-09,1.8217472e-08
6881,tess,YAF,YAF_wife_neutral.wav,Neutral,170,Neutral,Neutral,True,0.9999994,1.9112433e-08,4.226918e-10,9.66639e-08,5.1845694e-07,0.9999994,4.837057e-08,2.580605e-08
6886,tess,YAF,YAF_wire_fear.wav,Fear,157,Fear,Fear,True,1.0,5.5209826e-10,1.6411366e-13,1.0,2.4535982e-09,2.1901363e-12,2.3074481e-10,7.790472e-09
6890,tess,YAF,YAF_wire_sad.wav,Sad,237,Sad,Sad,True,0.99999714,2.6736382e-06,5.899124e-08,2.5153684e-08,3.169164e-08,1.750642e-07,0.99999714,4.6968784e-09
6907,tess,YAF,YAF_yes_fear.wav,Fear,154,Fear,Fear,True,1.0,2.726087e-10,5.156509e-13,1.0,1.9418066e-10,1.33189675e-11,2.2677383e-11,2.907796e-09
6912,tess,YAF,YAF_young_angry.wav,Angry,211,Angry,Angry,True,1.0,1.0,2.8921814e-09,9.660179e-09,2.3704251e-08,1.1155479e-09,1.5875447e-08,3.0414966e-09
