row_index,dataset,speaker,filename,emotion,real_frames,true_label,pred_mode1,pred_mode2,correct_mode1,correct_mode2,outside_target,prob_Angry,prob_Disgust,prob_Fear,prob_Happy,prob_Neutral,prob_Sad,prob_Surprise
0,inesco,fcim,fcim_a212.wav,Angry,87,Angry,Angry,Angry,True,True,False,0.72440714,1.8167027e-06,0.2635302,0.007598693,1.8192964e-06,9.839414e-06,0.0044504195
1,inesco,fcim,fcim_a213.wav,Angry,164,Angry,Happy,Happy,False,False,False,0.3940449,7.184098e-07,0.033244234,0.55931735,1.2464688e-05,3.7897633e-05,0.01334241
2,inesco,fcim,fcim_a214.wav,Angry,138,Angry,Fear,Happy,False,False,True,0.0023749443,1.3448494e-08,0.9934001,0.0033434574,1.8234778e-06,0.00025203812,0.00062773406
3,inesco,fcim,fcim_a215.wav,Angry,260,Angry,Happy,Happy,False,False,False,6.0452894e-05,8.5702384e-05,0.008989204,0.61999094,3.937429e-06,0.00029919663,0.37057045
4,inesco,fcim,fcim_a216.wav,Angry,202,Angry,Fear,Happy,False,False,True,0.0012700298,6.3436864e-06,0.3409967,0.33498618,9.591872e-06,0.00027471688,0.32245642
5,inesco,fcim,fcim_a217.wav,Angry,97,Angry,Angry,Angry,True,True,False,0.85652477,2.124036e-05,0.040580332,0.06620615,0.020508198,0.003918188,0.01224124
6,inesco,fcim,fcim_a218.wav,Angry,359,Angry,Surprise,Happy,False,False,True,0.0028425087,8.6392356e-05,0.0010433508,0.008340431,3.944782e-07,4.974067e-05,0.98763716
7,inesco,fcim,fcim_a219.wav,Angry,401,Angry,Surprise,Angry,False,True,True,0.3302862,0.0010440303,0.048195515,0.036588494,6.139004e-05,0.0005933283,0.583231
8,inesco,fcim,fcim_a220.wav,Angry,215,Angry,Surprise,Happy,False,False,True,0.0010825435,1.7357272e-05,0.254478,0.011613187,9.669643e-08,0.0005808934,0.7322279
9,inesco,fcim,fcim_a221.wav,Angry,257,Angry,Surprise,Happy,False,False,True,0.014828527,0.00028664476,0.028335229,0.017977031,6.176393e-08,0.000864777,0.93770766
10,inesco,fcim,fcim_a222.wav,Angry,157,Angry,Happy,Happy,False,False,False,3.1636573e-05,1.0457736e-07,0.0053379466,0.9683562,1.8834152e-06,2.4236217e-06,0.026269846
11,inesco,fcim,fcim_a223.wav,Angry,225,Angry,Fear,Happy,False,False,True,2.9220257e-06,3.7712317e-07,0.91654193,0.0014584175,1.924979e-06,5.0416897e-05,0.08194403
12,inesco,fcim,fcim_a224.wav,Angry,266,Angry,Surprise,Happy,False,False,True,0.0028705476,0.00012286492,0.013869538,0.009294094,1.7544859e-09,0.00044597566,0.973397
13,inesco,fcim,fcim_a225.wav,Angry,154,Angry,Fear,Happy,False,False,True,0.026248995,6.4673156e-07,0.9035373,0.06391897,0.00016573437,0.0010971964,0.005031096
14,inesco,fcim,fcim_a226.wav,Angry,154,Angry,Fear,Happy,False,False,True,0.007992815,8.270771e-08,0.8994271,0.02258283,2.0998286e-07,2.7577784e-07,0.06999659
15,inesco,fcim,fcim_a227.wav,Angry,401,Angry,Surprise,Angry,False,True,True,0.2248087,5.10369e-05,0.029912388,0.04202352,1.1554342e-08,1.1924072e-06,0.7032032
16,inesco,fcim,fcim_a228.wav,Angry,113,Angry,Angry,Angry,True,True,False,0.73817796,1.3911608e-06,0.047214255,0.12618375,3.2223745e-06,1.7195254e-05,0.08840223
17,inesco,fcim,fcim_a229.wav,Angry,324,Angry,Surprise,Happy,False,False,True,0.00075236626,1.8368964e-05,0.07158336,0.0027515874,1.1372047e-08,1.4508713e-05,0.9248798
18,inesco,fcim,fcim_a230.wav,Angry,234,Angry,Fear,Happy,False,False,True,0.00058612815,4.791173e-06,0.9897911,0.008663164,3.3113113e-07,0.0005914101,0.00036321473
19,inesco,fcim,fcim_a231.wav,Angry,189,Angry,Angry,Angry,True,True,False,0.97698444,6.0851515e-05,0.002722053,0.01571927,1.15209076e-07,1.0004099e-05,0.0045033884
20,inesco,fcim,fcim_a232.wav,Angry,241,Angry,Happy,Happy,False,False,False,0.38073286,1.2427746e-05,0.17496924,0.4307115,3.453327e-05,0.00043135666,0.013107992
21,inesco,fcim,fcim_a233.wav,Angry,266,Angry,Angry,Angry,True,True,False,0.8256649,0.0021072219,0.015019512,0.116836704,2.4230763e-05,0.0014762667,0.038871177
22,inesco,fcim,fcim_a234.wav,Angry,81,Angry,Angry,Angry,True,True,False,0.5575555,9.4098016e-07,0.075013004,0.017724069,0.00017187875,0.00024855448,0.34928608
23,inesco,fcim,fcim_a235.wav,Angry,71,Angry,Fear,Angry,False,True,True,0.4113473,7.3737385e-05,0.57465744,0.00034448647,0.0002266178,0.0038417326,0.009508702
24,inesco,fcim,fcim_a236.wav,Angry,231,Angry,Surprise,Happy,False,False,True,0.0059025814,0.03494925,0.15431233,0.021742644,6.097666e-08,0.00011214818,0.78298104
25,inesco,fcim,fcim_a237.wav,Angry,145,Angry,Surprise,Happy,False,False,True,0.03810096,6.960133e-07,0.027481783,0.3154865,2.2290436e-05,5.836556e-05,0.61884946
26,inesco,fcim,fcim_a238.wav,Angry,186,Angry,Fear,Angry,False,True,True,0.016934415,4.793834e-06,0.5817217,0.0010745771,1.8496263e-06,4.8450323e-07,0.40026206
27,inesco,fcim,fcim_a239.wav,Angry,209,Angry,Fear,Happy,False,False,True,0.16428567,1.4894148e-05,0.6492321,0.18300538,1.4518439e-05,0.00017212264,0.0032753663
28,inesco,fcim,fcim_a240.wav,Angry,167,Angry,Fear,Happy,False,False,True,0.11496519,4.2526767e-06,0.56853974,0.2977975,1.0640283e-06,1.2153538e-05,0.01868006
29,inesco,fcim,fcim_a241.wav,Angry,109,Angry,Angry,Angry,True,True,False,0.37499815,6.506644e-07,0.12640122,0.21080342,4.8812748e-05,0.00010678607,0.287641
30,inesco,fcim,fcim_a242.wav,Angry,401,Angry,Happy,Happy,False,False,False,0.0034899556,0.0063098674,0.00096414535,0.54370445,1.1232837e-06,4.2963493e-05,0.44548756
31,inesco,fcim,fcim_a243.wav,Angry,202,Angry,Fear,Happy,False,False,True,0.000527203,0.00029840806,0.8199449,0.17673068,5.4695e-07,1.4978701e-05,0.0024832587
32,inesco,fcim,fcim_a244.wav,Angry,180,Angry,Angry,Angry,True,True,False,0.9946148,2.8620786e-07,0.0012921048,0.0037059647,9.7919504e-08,4.090672e-06,0.0003827201
33,inesco,fcim,fcim_a245.wav,Angry,218,Angry,Fear,Angry,False,True,True,0.018512618,2.5406642e-05,0.54314625,0.01154373,1.3606201e-05,0.0005355183,0.4262229
34,inesco,fcim,fcim_a246.wav,Angry,87,Angry,Angry,Angry,True,True,False,0.62570655,9.440432e-06,0.28757656,0.060412284,0.00012586547,5.8284335e-05,0.026111
35,inesco,fcim,fcim_a247.wav,Angry,324,Angry,Fear,Angry,False,True,True,0.0267593,0.006397223,0.5347971,0.0042677894,5.9260344e-07,0.00012338533,0.42765462
36,inesco,fcim,fcim_a248.wav,Angry,225,Angry,Angry,Angry,True,True,False,0.8440427,0.0031198738,0.010049227,0.047986113,8.0876575e-08,0.00015923932,0.094642855
37,inesco,fcim,fcim_a249.wav,Angry,273,Angry,Angry,Angry,True,True,False,0.4157943,0.004414767,0.31559646,0.20691472,1.1659109e-05,0.00032419065,0.056943938
38,inesco,fcim,fcim_a250.wav,Angry,317,Angry,Surprise,Happy,False,False,True,1.8981396e-05,5.159571e-05,0.061028447,0.001420158,1.0483057e-10,7.9716375e-07,0.93748003
39,inesco,fcim,fcim_a251.wav,Angry,295,Angry,Surprise,Happy,False,False,True,9.6483425e-05,0.000111368856,0.015552172,0.0762542,1.3083252e-07,0.0002858974,0.90769976
40,inesco,fcim,fcim_a252.wav,Angry,356,Angry,Angry,Angry,True,True,False,0.41670945,0.0022228688,0.03179003,0.35748678,0.0010823493,0.0004030208,0.19030549
41,inesco,fcim,fcim_a253.wav,Angry,215,Angry,Happy,Happy,False,False,False,0.35867554,0.0058842995,0.0045805364,0.61569995,2.7365938e-06,0.0005182642,0.014638612
42,inesco,fcim,fcim_a254.wav,Angry,209,Angry,Angry,Angry,True,True,False,0.90185064,1.3510044e-06,0.06703565,0.0018527003,7.413261e-08,7.1022436e-07,0.029258853
43,inesco,fcim,fcim_a255.wav,Angry,308,Angry,Surprise,Happy,False,False,True,0.00037551185,2.2786187e-05,0.008515661,0.00042913438,2.738745e-09,1.2922143e-07,0.99065673
44,inesco,fcim,fcim_a256.wav,Angry,401,Angry,Surprise,Angry,False,True,True,0.30801925,0.0006892617,0.007503155,0.03177152,1.735946e-07,0.0003170108,0.6516996
45,inesco,fcim,fcim_a257.wav,Angry,237,Angry,Angry,Angry,True,True,False,0.92800444,0.0015517505,0.009916202,0.011368858,2.6539485e-07,0.00042218235,0.048736278
46,inesco,fcim,fcim_a258.wav,Angry,167,Angry,Fear,Happy,False,False,True,8.777629e-05,3.4252085e-07,0.998461,0.0013193442,1.3818875e-05,7.961791e-05,3.811568e-05
47,inesco,fcim,fcim_a259.wav,Angry,228,Angry,Happy,Happy,False,False,False,0.033073016,0.0006511943,0.05908265,0.821778,2.4460958e-06,0.0023710807,0.0830416
48,inesco,fcim,fcim_a260.wav,Angry,285,Angry,Surprise,Angry,False,True,True,0.37835947,0.009253381,0.039133377,0.01756643,1.0136612e-05,0.00064300257,0.5550343
49,inesco,fcim,fcim_a261.wav,Angry,260,Angry,Surprise,Angry,False,True,True,0.39263827,4.735201e-05,0.014605595,0.01093448,2.478328e-07,0.00037604518,0.581398
50,inesco,fcim,fcim_a262.wav,Angry,186,Angry,Happy,Happy,False,False,False,0.07483673,4.428967e-06,0.030017346,0.84415543,1.7166934e-06,3.8604244e-06,0.050980505
51,inesco,fcim,fcim_a263.wav,Angry,173,Angry,Happy,Happy,False,False,False,0.12925157,5.8879297e-05,0.03635832,0.75503814,0.040418535,0.038837902,3.6678844e-05
52,inesco,fcim,fcim_a264.wav,Angry,100,Angry,Fear,Angry,False,True,True,0.30643895,3.059002e-06,0.5217046,0.05032527,7.7281824e-05,2.1573369e-05,0.12142924
53,inesco,fcim,fcim_a265.wav,Angry,122,Angry,Fear,Happy,False,False,True,0.00021184767,7.6361104e-08,0.95662147,0.0013873358,9.832734e-08,5.7573693e-08,0.041779064
54,inesco,fcim,fcim_a266.wav,Angry,375,Angry,Surprise,Angry,False,True,True,0.1409958,3.6769925e-05,0.10818747,0.060432464,1.9825842e-07,0.00024936014,0.6900979
55,inesco,fcim,fcim_a267.wav,Angry,151,Angry,Fear,Happy,False,False,True,0.008122292,4.7582247e-07,0.6961637,0.29352105,6.7365065e-05,1.1738613e-05,0.0021133714
56,inesco,fcim,fcim_a268.wav,Angry,90,Angry,Angry,Angry,True,True,False,0.98371005,9.421499e-08,0.014977344,0.0012661539,4.0899726e-05,1.4300847e-06,3.971215e-06
57,inesco,fcim,fcim_a269.wav,Angry,154,Angry,Angry,Angry,True,True,False,0.97784585,1.3220148e-06,0.020538617,0.001597868,1.1419169e-05,1.4978034e-06,3.5667315e-06
58,inesco,fcim,fcim_a270.wav,Angry,173,Angry,Fear,Happy,False,False,True,0.0047793747,2.5645804e-06,0.9637212,0.030263802,9.504395e-06,3.9901475e-05,0.0011836762
59,inesco,fcim,fcim_a271.wav,Angry,343,Angry,Surprise,Happy,False,False,True,0.0009547808,1.674373e-05,0.20093478,0.022044908,2.6046057e-06,0.00020373055,0.7758424
60,inesco,fcim,fcim_a272.wav,Angry,324,Angry,Surprise,Happy,False,False,True,0.001715145,0.00057050254,0.0059367246,0.008473341,7.421892e-09,3.0833178e-06,0.9833013
61,inesco,fcim,fcim_a273.wav,Angry,247,Angry,Angry,Angry,True,True,False,0.6903292,0.0002311009,0.116785295,0.033766713,7.597039e-07,0.008284891,0.15060206
62,inesco,fcim,fcim_a274.wav,Angry,330,Angry,Surprise,Happy,False,False,True,0.0003215856,1.9049001e-05,0.17679967,0.0014436251,4.6193065e-08,6.1364975e-05,0.8213547
63,inesco,fcim,fcim_a275.wav,Angry,145,Angry,Fear,Happy,False,False,True,6.5231393e-06,5.788149e-10,0.9992872,0.0004946358,2.9115553e-08,1.2466161e-07,0.0002115646
64,inesco,fcim,fcim_a276.wav,Angry,244,Angry,Angry,Angry,True,True,False,0.5309651,0.014843095,0.1525681,0.16159853,2.4917392e-05,0.10443769,0.03556257
65,inesco,fcim,fcim_a277.wav,Angry,260,Angry,Surprise,Angry,False,True,True,0.0015872754,3.7622252e-05,0.36671388,0.0006699902,9.597092e-08,2.2907969e-05,0.6309683
66,inesco,fcim,fcim_a278.wav,Angry,401,Angry,Fear,Happy,False,False,True,0.00021985148,7.697835e-05,0.64511704,0.2816842,5.5750647e-08,0.0026885616,0.07021321
67,inesco,fcim,fcim_a279.wav,Angry,289,Angry,Surprise,Angry,False,True,True,0.009762286,4.2456824e-05,0.059666164,0.0033000011,2.046986e-05,0.00047089296,0.92673767
68,inesco,fcim,fcim_a280.wav,Angry,282,Angry,Surprise,Sad,False,False,True,0.0015861382,0.022862727,0.05577158,0.00599905,9.396539e-07,0.070537075,0.84324247
69,inesco,fcim,fcim_a281.wav,Angry,276,Angry,Surprise,Angry,False,True,True,0.4469508,0.0017868918,0.018962247,0.004933696,6.180414e-09,0.0005152161,0.5268512
70,inesco,fcim,fcim_a282.wav,Angry,225,Angry,Fear,Angry,False,True,True,0.34263894,0.054140355,0.38444984,0.007921399,1.1800299e-06,0.0040401113,0.2068082
71,inesco,fcim,fcim_a283.wav,Angry,359,Angry,Surprise,Angry,False,True,True,0.008233063,4.2380898e-07,0.0010620229,0.00017273927,5.5591645e-08,2.7015365e-06,0.990529
72,inesco,fcim,fcim_a284.wav,Angry,263,Angry,Angry,Angry,True,True,False,0.6825276,0.0007102069,0.036719117,0.26249883,4.6333655e-05,0.014968662,0.0025293159
73,inesco,fcim,fcim_a285.wav,Angry,295,Angry,Angry,Angry,True,True,False,0.9485474,0.0012441558,0.0009914319,0.04750342,2.311982e-05,0.0002325942,0.0014578783
74,inesco,fcim,fcim_a286.wav,Angry,362,Angry,Happy,Happy,False,False,False,0.1296215,0.00015987708,0.00022430546,0.44625023,1.2459695e-06,4.923405e-06,0.42373797
75,inesco,fcim,fcim_a287.wav,Angry,186,Angry,Angry,Angry,True,True,False,0.9026989,1.7661657e-07,0.006269495,0.09094336,6.5148083e-06,6.937875e-06,7.464305e-05
76,inesco,fcim,fcim_a288.wav,Angry,221,Angry,Fear,Angry,False,True,True,0.046631884,0.00094568793,0.66177416,0.002041509,6.104521e-08,0.002541222,0.2860655
77,inesco,fcim,fcim_a289.wav,Angry,135,Angry,Fear,Angry,False,True,True,0.10218977,3.618998e-08,0.88865,0.0025945192,1.0544427e-06,1.2276841e-07,0.006564509
78,inesco,fcim,fcim_a290.wav,Angry,298,Angry,Surprise,Happy,False,False,True,9.040635e-05,0.0005049097,0.015232406,0.010307596,4.5495177e-08,1.7948738e-05,0.9738467
79,inesco,fcim,fcim_a291.wav,Angry,148,Angry,Happy,Happy,False,False,False,0.018317077,5.180895e-07,0.014045916,0.95026374,1.2028552e-06,0.00015975017,0.017211664
80,inesco,fcim,fcim_a292.wav,Angry,84,Angry,Angry,Angry,True,True,False,0.8861728,3.9146275e-07,0.04066217,0.05870883,7.848191e-06,3.8996022e-06,0.01444406
81,inesco,fcim,fcim_a293.wav,Angry,205,Angry,Angry,Angry,True,True,False,0.75548667,0.00021937709,0.15041344,0.06969269,1.2036944e-06,0.003542703,0.020643916
82,inesco,fcim,fcim_a294.wav,Angry,372,Angry,Surprise,Happy,False,False,True,0.0022594326,5.6451886e-06,0.01263721,0.0035338688,6.463799e-09,1.5386142e-05,0.98154837
83,inesco,fcim,fcim_a295.wav,Angry,301,Angry,Happy,Happy,False,False,False,0.17074999,0.00089283596,0.014241629,0.64923185,8.2728786e-07,4.7532343e-05,0.16483527
84,inesco,fcim,fcim_a296.wav,Angry,154,Angry,Fear,Happy,False,False,True,0.103101164,2.1842235e-08,0.74839646,0.14613159,5.1111083e-06,5.6184916e-07,0.0023651812
85,inesco,fcim,fcim_a297.wav,Angry,77,Angry,Angry,Angry,True,True,False,0.52081853,5.8429478e-06,0.35677126,0.0024281899,1.5707016e-06,9.8453354e-05,0.1198762
86,inesco,fcim,fcim_a298.wav,Angry,161,Angry,Happy,Happy,False,False,False,6.031636e-05,7.155979e-09,8.99645e-05,0.99954236,4.035447e-07,1.1974282e-05,0.00029506863
87,inesco,fcim,fcim_a299.wav,Angry,269,Angry,Angry,Angry,True,True,False,0.9229328,5.6493016e-05,0.022548757,0.03739564,1.5686406e-05,0.00059532584,0.016455425
88,inesco,fcim,fcim_a300.wav,Angry,401,Angry,Happy,Happy,False,False,False,0.0001449333,3.8784165e-06,1.0705215e-06,0.9865579,4.7122086e-08,5.5686104e-07,0.013291701
89,inesco,fcim,fcim_a301.wav,Angry,225,Angry,Angry,Angry,True,True,False,0.49769443,0.015802508,0.36903885,0.023132434,7.450959e-06,0.0017082553,0.09261604
90,inesco,fcim,fcim_a302.wav,Angry,359,Angry,Surprise,Happy,False,False,True,0.001963781,5.0874263e-07,0.0022296514,0.0109491795,9.510619e-11,3.700096e-08,0.98485684
91,inesco,fcim,fcim_a303.wav,Angry,308,Angry,Surprise,Happy,False,False,True,0.012393349,4.2203617e-05,0.0046422835,0.083084464,3.4391883e-09,1.0744396e-06,0.8998366
92,inesco,fcim,fcim_a304.wav,Angry,132,Angry,Fear,Angry,False,True,True,0.05152985,2.8980228e-08,0.9456866,0.0013284744,2.4162483e-07,1.5020572e-06,0.0014533234
93,inesco,fcim,fcim_a305.wav,Angry,311,Angry,Surprise,Angry,False,True,True,0.1583767,0.006259857,0.009210657,0.012386797,8.4503796e-08,0.000111553905,0.81365436
94,inesco,fcim,fcim_a306.wav,Angry,314,Angry,Fear,Angry,False,True,True,0.3675647,2.6000525e-05,0.6119307,0.0062948656,1.6315124e-05,0.00030909697,0.013858294
95,inesco,fcim,fcim_a307.wav,Angry,189,Angry,Angry,Angry,True,True,False,0.84548473,1.9117365e-07,0.1413858,0.005746223,1.4116765e-07,8.460334e-06,0.007374466
96,inesco,fcim,fcim_a308.wav,Angry,337,Angry,Surprise,Angry,False,True,True,0.012103222,1.091393e-06,0.014635712,0.007412633,1.7649471e-08,3.4569848e-07,0.96584696
97,inesco,fcim,fcim_a309.wav,Angry,58,Angry,Fear,Angry,False,True,True,0.26062006,5.6883023e-06,0.6343912,0.0014077127,6.238682e-07,5.628794e-05,0.103518456
98,inesco,fcim,fcim_a310.wav,Angry,97,Angry,Angry,Angry,True,True,False,0.7586649,1.6894505e-07,0.24065548,0.00058064045,2.5393372e-06,1.2229735e-05,8.401419e-05
99,inesco,fcim,fcim_a311.wav,Angry,97,Angry,Angry,Angry,True,True,False,0.6075845,5.920497e-06,0.3524321,0.020767367,2.7495676e-05,0.00014800623,0.019034661
100,inesco,fcim,fcim_a312.wav,Angry,193,Angry,Surprise,Angry,False,True,True,0.026228603,9.410602e-07,0.007883724,0.008561223,1.3016941e-07,3.9448096e-07,0.957325
101,inesco,fcim,fcim_a313.wav,Angry,193,Angry,Angry,Angry,True,True,False,0.7586423,1.2330237e-05,0.13932641,0.08925053,9.129755e-07,4.267031e-06,0.01276322
102,inesco,fcim,fcim_a314.wav,Angry,244,Angry,Angry,Angry,True,True,False,0.99511224,4.8974243e-07,0.0019003917,0.0029509165,2.3523286e-08,8.920765e-07,3.5081954e-05
103,inesco,fcim,fcim_a315.wav,Angry,298,Angry,Fear,Angry,False,True,True,0.06472637,1.6214028e-05,0.9136302,0.007279553,1.70179e-06,0.00010493618,0.014241002
104,inesco,fcim,fcim_a316.wav,Angry,401,Angry,Happy,Happy,False,False,False,0.0019644692,7.9014154e-07,1.5707249e-06,0.9878806,3.9220818e-09,1.4097326e-06,0.01015117
105,inesco,fcim,fcim_a317.wav,Angry,365,Angry,Surprise,Sad,False,False,True,0.009118621,0.0042080036,0.09986229,0.011762401,1.311116e-06,0.0202304,0.854817
106,inesco,fcim,fcim_a318.wav,Angry,247,Angry,Happy,Happy,False,False,False,0.13200977,0.0069538993,0.3291959,0.4981522,3.4546105e-08,0.008410701,0.025277503
107,inesco,fcim,fcim_a319.wav,Angry,401,Angry,Happy,Happy,False,False,False,0.004787324,4.884049e-07,0.0004417618,0.9911141,5.2361935e-07,0.00010267645,0.003553134
108,inesco,fcim,fcim_a320.wav,Angry,113,Angry,Angry,Angry,True,True,False,0.97453326,2.3393324e-07,0.020331727,0.0025585396,5.622115e-07,6.2244914e-07,0.002575036
109,inesco,fcim,fcim_a321.wav,Angry,68,Angry,Angry,Angry,True,True,False,0.97864795,1.01373635e-05,0.0047075376,0.004821895,2.7721517e-06,3.800466e-05,0.011771657
110,inesco,fcim,fcim_a322.wav,Angry,58,Angry,Angry,Angry,True,True,False,0.98830086,5.7875204e-06,0.001295412,0.00075839163,2.4834812e-06,0.00022305372,0.009414106
111,inesco,fcim,fcim_a323.wav,Angry,52,Angry,Angry,Angry,True,True,False,0.9003501,6.879354e-05,0.038063135,0.004871614,3.9847823e-06,0.00039825184,0.05624416
112,inesco,fcim,fcim_a324.wav,Angry,154,Angry,Angry,Angry,True,True,False,0.9844674,1.9327658e-07,0.004233154,0.011245865,1.18689e-05,3.234017e-06,3.834212e-05
113,inesco,fcim,fcim_a325.wav,Angry,145,Angry,Happy,Happy,False,False,False,0.05248224,8.770249e-06,0.08897174,0.85081357,8.1827e-07,2.2208005e-05,0.0077007115
114,inesco,fcim,fcim_a326.wav,Angry,215,Angry,Happy,Happy,False,False,False,0.018297713,9.7290385e-06,0.042977136,0.93592846,1.4764681e-05,0.000863384,0.0019088432
115,inesco,fcim,fcim_a327.wav,Angry,241,Angry,Happy,Happy,False,False,False,0.0025523691,2.88091e-05,1.0281336e-05,0.88585746,1.7338257e-08,3.5463484e-07,0.11155076
116,inesco,fcim,fcim_a328.wav,Angry,202,Angry,Happy,Happy,False,False,False,1.4252107e-06,1.7290583e-08,2.9751873e-05,0.99963987,2.0945834e-07,1.1037473e-08,0.0003286275
117,inesco,fcim,fcim_a329.wav,Angry,180,Angry,Happy,Happy,False,False,False,0.011589872,8.3025996e-05,0.012753347,0.9722306,7.7921277e-07,0.0012633244,0.0020789602
118,inesco,fcim,fcim_a330.wav,Angry,97,Angry,Fear,Angry,False,True,True,0.0024343473,2.0953157e-08,0.9971738,0.00027838143,4.470258e-06,1.5887166e-05,9.3072056e-05
119,inesco,fcim,fcim_a331.wav,Angry,183,Angry,Angry,Angry,True,True,False,0.49205646,9.137348e-05,0.19166633,0.08870536,1.1182438e-05,0.00028694185,0.22718228
120,inesco,fcim,fcim_a333.wav,Angry,84,Angry,Fear,Angry,False,True,True,0.017906373,4.7341478e-06,0.94008964,0.003700298,1.5993169e-06,5.3580934e-05,0.03824381
121,inesco,fcim,fcim_a334.wav,Angry,180,Angry,Happy,Happy,False,False,False,0.008728932,1.133746e-06,0.35574666,0.63111323,1.09456505e-05,8.8622655e-06,0.0043903086
122,inesco,fcim,fcim_a335.wav,Angry,180,Angry,Happy,Happy,False,False,False,0.020175328,3.5349683e-05,0.11372964,0.8646484,8.3545725e-05,0.0006701919,0.0006575029
123,inesco,fcim,fcim_a336.wav,Angry,186,Angry,Happy,Happy,False,False,False,0.38989156,4.1283423e-07,0.0069371485,0.6031024,2.5154125e-06,3.7826147e-05,2.8149276e-05
124,inesco,fcim,fcim_a337.wav,Angry,199,Angry,Fear,Happy,False,False,True,0.22762525,1.3929964e-06,0.51757413,0.2545571,0.0001207288,0.00010622929,1.5172005e-05
125,inesco,fcim,fcim_a338.wav,Angry,173,Angry,Happy,Happy,False,False,False,0.15161732,1.2504133e-06,0.0007775305,0.84734964,3.4490185e-05,0.00014117868,7.868305e-05
126,inesco,fcim,fcim_a339.wav,Angry,260,Angry,Angry,Angry,True,True,False,0.80640763,0.110180534,9.000589e-05,0.08244113,1.8892254e-09,0.00062279654,0.00025798246
127,inesco,fcim,fcim_a340.wav,Angry,93,Angry,Angry,Angry,True,True,False,0.5291551,5.547369e-07,0.46686485,0.003756149,3.1545776e-05,1.1269391e-05,0.00018046904
128,inesco,fcim,fcim_a341.wav,Angry,266,Angry,Surprise,Happy,False,False,True,0.0023889875,0.000112615715,0.050749063,0.20468077,1.397046e-07,0.00348542,0.73858297
129,inesco,fcim,fcim_a342.wav,Angry,209,Angry,Surprise,Happy,False,False,True,9.919151e-05,3.7590692e-07,0.079348326,0.012006638,3.47966e-08,6.2046234e-07,0.90854484
130,inesco,fcim,fcim_a343.wav,Angry,183,Angry,Fear,Happy,False,False,True,4.9736973e-06,9.930219e-09,0.99952865,0.00045945,1.352574e-07,3.469159e-06,3.28288e-06
131,inesco,fcim,fcim_a344.wav,Angry,183,Angry,Angry,Angry,True,True,False,0.8055251,3.2673797e-06,0.17222968,0.018116886,1.4890032e-05,6.0907255e-06,0.004104148
132,inesco,fcim,fcim_a345.wav,Angry,202,Angry,Happy,Happy,False,False,False,0.064816184,5.3952904e-06,0.08189812,0.8530885,3.674594e-06,0.00010169783,8.6420194e-05
133,inesco,fcim,fcim_a346.wav,Angry,289,Angry,Angry,Angry,True,True,False,0.7769273,0.00017646955,0.01267733,0.0029689407,6.04894e-08,1.1265044e-05,0.2072387
134,inesco,fcim,fcim_a347.wav,Angry,209,Angry,Fear,Happy,False,False,True,0.014261792,5.6829167e-06,0.73314863,0.24817264,7.309696e-05,0.00016455445,0.0041736355
135,inesco,fcim,fcim_a348.wav,Angry,106,Angry,Fear,Angry,False,True,True,0.31559825,7.2157677e-06,0.6359849,0.0015625007,0.0002481511,0.00024224752,0.046356723
136,inesco,fcim,fcim_a349.wav,Angry,253,Angry,Surprise,Happy,False,False,True,0.104129046,0.00022344533,0.016618999,0.15428919,1.3934874e-06,0.00040580615,0.7243321
137,inesco,fcim,fcim_a350.wav,Angry,401,Angry,Happy,Happy,False,False,False,0.26204613,3.468568e-07,2.2155245e-05,0.7352539,7.771847e-08,8.552498e-06,0.002668801
138,inesco,fcim,fcim_a351.wav,Angry,257,Angry,Fear,Happy,False,False,True,0.038501095,8.945056e-05,0.49125963,0.46735245,7.826358e-06,0.00041497394,0.002374456
139,inesco,fcim,fcim_a352.wav,Angry,109,Angry,Fear,Angry,False,True,True,0.011704995,6.7260785e-08,0.98567826,0.0024042586,7.516931e-05,6.318584e-06,0.00013098636
140,inesco,fcim,fcim_a353.wav,Angry,253,Angry,Surprise,Happy,False,False,True,1.150777e-06,0.00015453785,0.01822164,0.015577963,9.599216e-07,0.0017030636,0.96434075
141,inesco,fcim,fcim_a354.wav,Angry,314,Angry,Surprise,Angry,False,True,True,0.14680281,0.00040084947,0.39587808,0.021773348,5.6311455e-06,0.0006802702,0.43445894
142,inesco,fcim,fcim_a355.wav,Angry,247,Angry,Surprise,Angry,False,True,True,0.08516398,0.15855314,0.08250114,0.0021737006,2.4725402e-08,0.007469193,0.66413885
143,inesco,fcim,fcim_a356.wav,Angry,324,Angry,Angry,Angry,True,True,False,0.43951318,6.2068066e-05,0.15902646,0.0039266436,1.0430057e-05,0.00015445211,0.39730674
144,inesco,fcim,fcim_a357.wav,Angry,199,Angry,Happy,Happy,False,False,False,0.124052554,5.279917e-05,0.38564175,0.4843314,0.00037369374,0.004762917,0.0007849109
145,inesco,fcim,fcim_a358.wav,Angry,135,Angry,Angry,Angry,True,True,False,0.9957287,3.5168856e-07,0.0007227846,0.0031928867,3.5336536e-06,3.9451952e-05,0.000312343
146,inesco,fcim,fcim_a359.wav,Angry,218,Angry,Angry,Angry,True,True,False,0.99482733,3.1423492e-06,0.002052895,0.0014306399,2.7740958e-07,6.6648627e-06,0.0016791314
147,inesco,fcim,fcim_a360.wav,Angry,93,Angry,Fear,Happy,False,False,True,0.001205833,3.3642186e-07,0.98456556,0.0076100123,2.6743364e-06,3.7266875e-06,0.006611851
148,inesco,fcim,fcim_a361.wav,Angry,145,Angry,Surprise,Angry,False,True,True,0.054317765,9.984138e-08,0.2799395,0.032021202,3.1971293e-08,8.013216e-07,0.63372064
149,inesco,fcim,fcim_a362.wav,Angry,81,Angry,Angry,Angry,True,True,False,0.85765326,1.7229086e-05,0.034407567,0.011431799,2.9226844e-06,0.0001791496,0.096308015
150,inesco,fcim,fcim_a363.wav,Angry,138,Angry,Angry,Angry,True,True,False,0.82570994,2.00356e-06,0.026329776,0.12603723,2.4409587e-07,3.7714412e-07,0.021920403
151,inesco,fcim,fcim_a364.wav,Angry,151,Angry,Surprise,Angry,False,True,True,0.3639393,3.5217678e-07,0.14686026,0.068301335,5.9490196e-07,2.1876967e-06,0.42089596
152,inesco,fcim,fcim_a365.wav,Angry,141,Angry,Angry,Angry,True,True,False,0.99587786,2.4686223e-08,0.00022589088,0.0038860394,2.521175e-08,1.09836364e-07,1.01024025e-05
153,inesco,fcim,fcim_a366.wav,Angry,186,Angry,Fear,Happy,False,False,True,0.04710976,1.3707857e-08,0.89737993,0.055425897,1.5685725e-06,1.4886745e-05,6.792966e-05
154,inesco,fcim,fcim_a367.wav,Angry,68,Angry,Angry,Angry,True,True,False,0.9772528,3.0914032e-06,0.022545602,5.532283e-05,1.1062233e-05,1.495352e-05,0.000117195974
155,inesco,fcim,fcim_a368.wav,Angry,129,Angry,Surprise,Angry,False,True,True,0.25951263,1.021537e-06,0.025505321,0.25932723,9.447015e-07,1.0177703e-05,0.45564264
156,inesco,fcim,fcim_a369.wav,Angry,145,Angry,Angry,Angry,True,True,False,0.99947804,1.00481316e-07,6.075822e-07,0.0005161765,3.2995624e-06,2.1242489e-08,1.8428042e-06
157,inesco,fcim,fcim_a370.wav,Angry,151,Angry,Happy,Happy,False,False,False,0.004763392,2.3962961e-08,0.08994455,0.9050634,1.2580631e-06,9.259552e-06,0.00021815466
158,inesco,fcim,fcim_a371.wav,Angry,145,Angry,Fear,Angry,False,True,True,0.00013358325,1.8443183e-09,0.999699,0.00012529876,2.1390223e-07,3.2369337e-06,3.8704962e-05
159,inesco,fcim,fcim_a372.wav,Angry,157,Angry,Happy,Happy,False,False,False,0.16183862,1.9553377e-07,0.3910803,0.4461592,6.374484e-06,7.476275e-06,0.000907712
160,inesco,fcim,fcim_a373.wav,Angry,189,Angry,Angry,Angry,True,True,False,0.5966414,8.588961e-06,0.23201585,0.078645065,9.838355e-06,0.0033662019,0.08931304
161,inesco,fcim,fcim_a374.wav,Angry,77,Angry,Angry,Angry,True,True,False,0.9986609,7.2961616e-06,0.00010080861,0.0005710568,0.00011428517,0.00017297259,0.0003726282
162,inesco,fcim,fcim_a375.wav,Angry,244,Angry,Surprise,Happy,False,False,True,1.5855356e-05,0.0003325632,2.8954746e-06,0.18837865,3.6772478e-06,0.009043353,0.802223
163,inesco,fcim,fcim_a376.wav,Angry,52,Angry,Angry,Angry,True,True,False,0.88728416,7.496947e-07,0.11203846,0.00061019784,1.3173839e-06,1.8280272e-05,4.6817982e-05
164,inesco,fcim,fcim_a377.wav,Angry,74,Angry,Angry,Angry,True,True,False,0.95684135,6.593366e-07,0.01930905,0.01993754,6.6431057e-06,7.20706e-05,0.0038326483
165,inesco,fcim,fcim_a378.wav,Angry,116,Angry,Fear,Happy,False,False,True,0.054341905,8.5541146e-08,0.65656245,0.19638577,5.514594e-06,4.0401655e-06,0.09270027
166,inesco,fcim,fcim_a379.wav,Angry,154,Angry,Fear,Angry,False,True,True,0.05271857,1.3799271e-07,0.91286784,0.008458056,3.1721183e-07,6.053219e-07,0.025954355
167,inesco,fcim,fcim_a380.wav,Angry,260,Angry,Angry,Angry,True,True,False,0.99672014,3.871677e-05,0.00021056278,0.0013972183,1.943443e-06,0.00034215674,0.001289319
168,inesco,fcim,fcim_a381.wav,Angry,186,Angry,Angry,Angry,True,True,False,0.33883032,0.00010497339,0.32199922,0.3345571,5.925148e-06,0.0029139274,0.0015884731
169,inesco,fcim,fcim_a382.wav,Angry,132,Angry,Fear,Happy,False,False,True,4.5730644e-06,2.6077404e-07,0.83108187,0.07273615,7.8777816e-07,1.014541e-05,0.09616614
170,inesco,fcim,fcim_a383.wav,Angry,97,Angry,Fear,Sad,False,False,True,1.557794e-05,1.2192153e-06,0.9998815,3.2468747e-06,1.1722786e-06,2.4946667e-05,7.233228e-05
171,inesco,fcim,fcim_a384.wav,Angry,116,Angry,Happy,Happy,False,False,False,0.2804875,4.7347794e-06,0.024000866,0.39898938,5.4724546e-07,4.23928e-05,0.29647458
172,inesco,fcim,fcim_a385.wav,Angry,109,Angry,Angry,Angry,True,True,False,0.94502234,2.7603718e-07,0.011032889,0.030944694,0.0006822985,2.5740148e-05,0.0122917835
173,inesco,fcim,fcim_a386.wav,Angry,109,Angry,Angry,Angry,True,True,False,0.4951555,4.5102374e-06,0.4690284,0.016759418,0.00014359453,0.0001716774,0.018736966
174,inesco,fcim,fcim_a387.wav,Angry,353,Angry,Surprise,Happy,False,False,True,6.533776e-05,4.339611e-06,0.00038367856,0.0040805214,4.906493e-09,3.7419636e-06,0.99546236
175,inesco,fcim,fcim_a388.wav,Angry,58,Angry,Angry,Angry,True,True,False,0.96249205,2.930636e-06,0.026192186,0.008275835,1.0125318e-05,2.911477e-05,0.0029977218
176,inesco,fcim,fcim_a389.wav,Angry,93,Angry,Angry,Angry,True,True,False,0.74673826,3.157737e-06,0.024451042,0.0079493355,6.124739e-06,2.9438277e-05,0.22082272
177,inesco,fcim,fcim_a390.wav,Angry,65,Angry,Angry,Angry,True,True,False,0.9598489,2.2416243e-05,0.039357375,1.31929555e-05,3.930854e-07,0.00022372855,0.00053408014
178,inesco,fcim,fcim_a391.wav,Angry,55,Angry,Angry,Angry,True,True,False,0.9960424,3.803737e-06,0.0027507234,0.00025735432,1.9253717e-07,4.1903645e-06,0.0009413936
179,inesco,fcim,fcim_a392.wav,Angry,39,Angry,Angry,Angry,True,True,False,0.6742862,2.326775e-05,0.3215404,0.0032265019,1.3188007e-05,0.00066961837,0.00024092401
180,inesco,fcim,fcim_a393.wav,Angry,125,Angry,Angry,Angry,True,True,False,0.8160609,5.691276e-07,0.033842962,0.0071524717,3.107938e-06,1.0259336e-06,0.14293897
181,inesco,fcim,fcim_a394.wav,Angry,129,Angry,Angry,Angry,True,True,False,0.9107215,1.0494246e-07,0.04920719,0.02666626,1.6058202e-06,1.0643623e-06,0.0134024
182,inesco,fcim,fcim_a395.wav,Angry,164,Angry,Angry,Angry,True,True,False,0.9107443,7.961372e-08,0.00060909375,0.08730742,2.482287e-07,1.0824956e-07,0.0013387232
183,inesco,fcim,fcim_a396.wav,Angry,218,Angry,Happy,Happy,False,False,False,0.052642472,1.2056644e-05,0.42059532,0.44822624,0.00039185712,0.07750873,0.00062329025
184,inesco,fcim,fcim_a397.wav,Angry,52,Angry,Angry,Angry,True,True,False,0.9750056,6.1352675e-06,0.006625047,0.0112882685,4.005322e-06,2.0979942e-05,0.0070499624
185,inesco,fcim,fcim_a398.wav,Angry,68,Angry,Fear,Happy,False,False,True,0.0022019688,6.97955e-07,0.98404825,0.0028612511,8.775665e-07,0.00011678195,0.010770151
186,inesco,fcim,fcim_a399.wav,Angry,346,Angry,Angry,Angry,True,True,False,0.8214764,2.2236694e-05,0.0021875168,0.033091586,2.242693e-08,8.8675915e-07,0.14322135
187,inesco,fcim,fcim_a400.wav,Angry,301,Angry,Surprise,Angry,False,True,True,0.18319973,0.0013215534,0.16994034,0.17311192,2.9838377e-06,0.015696345,0.4567271
188,inesco,fcim,fcim_a401.wav,Angry,215,Angry,Angry,Angry,True,True,False,0.99428576,1.6220574e-07,0.0008115429,0.00488928,9.32498e-07,5.8895705e-07,1.1773897e-05
189,inesco,fcim,fcim_h001.wav,Happy,199,Happy,Happy,Happy,True,True,False,0.0031027156,5.4315274e-06,0.054176934,0.92699975,1.8075798e-05,0.000335971,0.015361197
190,inesco,fcim,fcim_h002.wav,Happy,113,Happy,Fear,Happy,False,True,True,0.0072297924,2.0885002e-06,0.84827864,0.014094037,2.3824628e-05,3.642424e-07,0.13037121
191,inesco,fcim,fcim_h003.wav,Happy,228,Happy,Happy,Happy,True,True,False,0.001206317,5.1504034e-05,0.20462777,0.41548458,5.4011625e-06,0.0019915747,0.37663287
192,inesco,fcim,fcim_h004.wav,Happy,81,Happy,Angry,Angry,False,False,False,0.91798484,1.0695418e-05,0.07939702,0.0023432577,9.869632e-06,2.4265e-05,0.00023007681
193,inesco,fcim,fcim_h005.wav,Happy,135,Happy,Surprise,Happy,False,True,True,0.002557987,4.3635805e-06,0.00077597523,0.029107116,6.451592e-08,9.178237e-05,0.9674627
194,inesco,fcim,fcim_h006.wav,Happy,196,Happy,Sad,Sad,False,False,False,1.824939e-05,0.00077782304,0.2303389,0.07543359,0.016445065,0.6746106,0.0023757718
195,inesco,fcim,fcim_h007.wav,Happy,125,Happy,Angry,Angry,False,False,False,0.49734703,0.00038098404,0.0718577,0.075955644,0.00018440216,0.013512146,0.34076208
196,inesco,fcim,fcim_h008.wav,Happy,266,Happy,Happy,Happy,True,True,False,0.007625009,0.045914594,0.05144386,0.62917817,8.830137e-05,0.014980446,0.2507696
197,inesco,fcim,fcim_h009.wav,Happy,173,Happy,Fear,Happy,False,True,True,7.3361684e-06,6.508733e-08,0.9996481,0.00015867891,9.0488686e-07,9.921524e-09,0.00018485748
198,inesco,fcim,fcim_h010.wav,Happy,244,Happy,Sad,Sad,False,False,False,0.095036395,0.26882786,0.21108246,0.064786285,0.0016140665,0.318602,0.040050916
199,inesco,fcim,fcim_h011.wav,Happy,167,Happy,Fear,Happy,False,True,True,0.0009923824,6.4534214e-07,0.9620002,0.02800289,5.179796e-07,1.1800606e-06,0.009002248
200,inesco,fcim,fcim_h012.wav,Happy,253,Happy,Angry,Angry,False,False,False,0.9039317,0.0072732237,0.0065609105,0.02630835,7.720308e-07,0.0016598139,0.05426531
201,inesco,fcim,fcim_h013.wav,Happy,311,Happy,Surprise,Happy,False,True,True,5.542656e-06,6.43504e-06,7.7961e-05,0.00022826159,1.02455114e-10,2.8216004e-07,0.9996816
202,inesco,fcim,fcim_h014.wav,Happy,340,Happy,Surprise,Happy,False,True,True,0.002504194,3.3107677e-05,0.0030695968,0.0056671337,3.0356782e-07,1.3911794e-05,0.9887117
203,inesco,fcim,fcim_h015.wav,Happy,157,Happy,Surprise,Happy,False,True,True,2.3420582e-06,5.387877e-08,4.223273e-05,1.5355414e-05,1.0811797e-09,6.5033596e-08,0.9999399
204,inesco,fcim,fcim_h016.wav,Happy,193,Happy,Surprise,Angry,False,False,True,0.40728647,0.00023894952,0.04543276,0.05838403,1.8021097e-05,0.008410173,0.4802296
205,inesco,fcim,fcim_h017.wav,Happy,228,Happy,Fear,Happy,False,True,True,0.0042119296,9.724504e-07,0.96488935,0.0061844853,4.8765804e-07,1.7226102e-05,0.02469561
206,inesco,fcim,fcim_h018.wav,Happy,324,Happy,Surprise,Happy,False,True,True,0.0073715393,0.0038620583,0.001562423,0.13329576,2.654108e-07,7.838514e-06,0.85390013
207,inesco,fcim,fcim_h019.wav,Happy,234,Happy,Surprise,Happy,False,True,True,2.5774827e-06,0.0020019573,0.004146333,0.009356924,1.6672184e-08,7.385338e-05,0.9844184
208,inesco,fcim,fcim_h020.wav,Happy,247,Happy,Surprise,Happy,False,True,True,4.2344545e-05,6.4815085e-06,0.022640444,0.00076687295,1.6127019e-09,0.00023528238,0.9763085
209,inesco,fcim,fcim_h021.wav,Happy,365,Happy,Surprise,Happy,False,True,True,0.0034937512,0.00035009737,0.041300017,0.1535128,3.9378216e-07,9.145028e-05,0.8012514
210,inesco,fcim,fcim_h022.wav,Happy,279,Happy,Surprise,Angry,False,False,True,0.06366575,0.0025152052,0.00023411892,0.05969773,1.7302214e-07,2.3468292e-06,0.8738847
211,inesco,fcim,fcim_h023.wav,Happy,205,Happy,Happy,Happy,True,True,False,0.08744976,1.957639e-05,0.06444928,0.82711583,1.029693e-06,2.89479e-05,0.020935502
212,inesco,fcim,fcim_h024.wav,Happy,167,Happy,Surprise,Happy,False,True,True,0.00013541072,7.364526e-07,0.13070647,0.0055642873,4.3909104e-06,1.0226294e-05,0.8635785
213,inesco,fcim,fcim_h025.wav,Happy,183,Happy,Happy,Happy,True,True,False,0.26770774,0.00010719038,0.039784163,0.68727845,0.00013056886,0.0005445745,0.0044474015
214,inesco,fcim,fcim_h026.wav,Happy,308,Happy,Happy,Happy,True,True,False,2.5462046e-05,6.945711e-06,0.006407767,0.6275356,2.4379041e-08,6.234821e-07,0.3660236
215,inesco,fcim,fcim_h027.wav,Happy,231,Happy,Surprise,Happy,False,True,True,8.834935e-05,0.00043896076,0.18825659,0.017538602,1.6594643e-06,9.88448e-07,0.7936748
216,inesco,fcim,fcim_h028.wav,Happy,193,Happy,Surprise,Happy,False,True,True,0.00015215608,1.3343391e-07,0.29707593,0.037209235,4.7046406e-08,5.699281e-06,0.66555685
217,inesco,fcim,fcim_h029.wav,Happy,321,Happy,Surprise,Happy,False,True,True,0.00036842792,0.00016470345,0.01377709,0.03381564,2.7719327e-07,0.00051863445,0.9513552
218,inesco,fcim,fcim_h030.wav,Happy,250,Happy,Disgust,Angry,False,False,True,0.011406337,0.9546917,0.00015843849,0.009467519,6.578821e-06,0.0032414724,0.021027945
219,inesco,fcim,fcim_h031.wav,Happy,401,Happy,Happy,Happy,True,True,False,0.0156212635,4.8770726e-06,0.00012173197,0.98235923,1.4628322e-05,1.4423633e-05,0.0018640283
220,inesco,fcim,fcim_h032.wav,Happy,269,Happy,Surprise,Happy,False,True,True,7.422325e-05,0.01322342,1.5829212e-07,0.2513896,2.405245e-09,2.6791444e-08,0.7353126
221,inesco,fcim,fcim_h033.wav,Happy,212,Happy,Surprise,Happy,False,True,True,0.000542831,3.4559747e-05,0.018652951,0.059601743,1.2179267e-07,7.5251573e-06,0.9211602
222,inesco,fcim,fcim_h034.wav,Happy,231,Happy,Surprise,Happy,False,True,True,3.8469247e-07,4.639511e-07,2.0589396e-05,3.404223e-05,1.9741372e-12,3.633824e-10,0.99994457
223,inesco,fcim,fcim_h035.wav,Happy,337,Happy,Angry,Angry,False,False,False,0.7822063,0.0036744927,0.1822106,0.0048435307,0.00019340376,0.015907548,0.01096411
224,inesco,fcim,fcim_h036.wav,Happy,401,Happy,Happy,Happy,True,True,False,0.0047608484,0.00018320286,0.0003845618,0.9470963,4.7267702e-07,4.8438033e-05,0.047526263
225,inesco,fcim,fcim_h037.wav,Happy,292,Happy,Surprise,Happy,False,True,True,1.5815196e-05,3.6078695e-06,0.0009411255,0.020158963,3.5511655e-10,4.705966e-06,0.97887576
226,inesco,fcim,fcim_h038.wav,Happy,401,Happy,Surprise,Happy,False,True,True,0.005184763,3.7007885e-05,7.078858e-06,0.09624947,6.112068e-09,2.3503368e-07,0.8985215
227,inesco,fcim,fcim_h039.wav,Happy,266,Happy,Surprise,Happy,False,True,True,0.0054302677,0.0020096113,0.004534267,0.23101029,5.323642e-07,0.0067283805,0.75028664
228,inesco,fcim,fcim_h040.wav,Happy,401,Happy,Surprise,Happy,False,True,True,0.00016895222,9.661422e-06,0.01440117,0.18240295,6.359018e-07,0.0076417653,0.79537493
229,inesco,fcim,fcim_h041.wav,Happy,97,Happy,Fear,Angry,False,False,True,0.107612066,1.9086656e-06,0.8614484,0.027151296,1.5896152e-05,5.085602e-06,0.0037653327
230,inesco,fcim,fcim_h042.wav,Happy,228,Happy,Surprise,Happy,False,True,True,8.420319e-06,1.3461511e-05,0.003032797,0.1178409,1.643202e-08,9.469445e-07,0.87910354
231,inesco,fcim,fcim_h043.wav,Happy,369,Happy,Surprise,Happy,False,True,True,0.0018086727,8.2556006e-05,0.14364217,0.0019826444,4.6792016e-07,1.6035041e-05,0.85246754
232,inesco,fcim,fcim_h044.wav,Happy,365,Happy,Happy,Happy,True,True,False,0.026953697,2.3075298e-05,7.9888105e-07,0.7687448,8.679718e-08,1.2171964e-07,0.20427741
233,inesco,fcim,fcim_h045.wav,Happy,231,Happy,Surprise,Happy,False,True,True,6.4243606e-05,0.00016092845,0.2997646,0.00030052508,1.6889365e-08,0.0001350929,0.69957465
234,inesco,fcim,fcim_h046.wav,Happy,205,Happy,Happy,Happy,True,True,False,0.13225599,5.45732e-05,0.035218984,0.619211,4.643757e-05,0.00032455908,0.21288846
235,inesco,fcim,fcim_h047.wav,Happy,241,Happy,Surprise,Happy,False,True,True,0.002201384,0.0003395424,0.0056553013,0.10826324,9.784072e-07,0.0023835641,0.8811559
236,inesco,fcim,fcim_h048.wav,Happy,225,Happy,Surprise,Happy,False,True,True,0.00032364004,0.00017232742,0.0012198827,0.001176617,1.1956041e-09,1.0104674e-07,0.99710745
237,inesco,fcim,fcim_h049.wav,Happy,193,Happy,Fear,Happy,False,True,True,0.00036656173,5.272022e-05,0.9918887,0.004316236,0.001390692,0.0009481562,0.0010369562
238,inesco,fcim,fcim_h050.wav,Happy,138,Happy,Surprise,Happy,False,True,True,3.3087161e-07,8.2658985e-10,0.019420767,0.00022815472,3.8899056e-10,2.3142e-09,0.9803507
239,inesco,fcim,fcim_h051.wav,Happy,401,Happy,Surprise,Angry,False,False,True,0.026047898,4.084253e-05,0.0015461746,0.0045446986,4.3374308e-07,0.00014331423,0.96767664
240,inesco,fcim,fcim_h052.wav,Happy,401,Happy,Surprise,Happy,False,True,True,0.00021461118,2.6146326e-06,1.8900582e-05,0.066126876,5.693939e-09,4.0026675e-06,0.93363297
241,inesco,fcim,fcim_h053.wav,Happy,401,Happy,Happy,Happy,True,True,False,0.014886213,1.9774605e-05,5.597744e-05,0.4979763,7.151946e-07,2.975122e-06,0.4870581
242,inesco,fcim,fcim_h054.wav,Happy,369,Happy,Surprise,Happy,False,True,True,0.00022320781,8.070258e-08,0.00027187428,0.2214274,5.1042726e-09,1.8189209e-07,0.77807724
243,inesco,fcim,fcim_h055.wav,Happy,401,Happy,Surprise,Happy,False,True,True,0.0966126,0.0045316564,3.8972583e-05,0.39197692,1.20738e-07,2.01266e-05,0.50681967
244,inesco,fcim,fcim_h056.wav,Happy,321,Happy,Surprise,Angry,False,False,True,0.0030804588,9.397252e-06,0.097645655,0.001960143,2.462897e-06,1.556391e-05,0.89728624
245,inesco,fcim,fcim_h057.wav,Happy,269,Happy,Happy,Happy,True,True,False,0.23493694,0.00026216975,0.14659727,0.5146296,0.0001814989,0.00492881,0.098463744
246,inesco,fcim,fcim_h058.wav,Happy,362,Happy,Surprise,Angry,False,False,True,0.028205344,0.00016613724,0.007248553,0.017242622,4.811348e-08,4.7438575e-06,0.94713265
247,inesco,fcim,fcim_h059.wav,Happy,241,Happy,Surprise,Sad,False,False,True,0.0008681306,0.0010177311,0.22708301,0.0002028607,1.2614152e-08,0.0031551346,0.7676731
248,inesco,fcim,fcim_h060.wav,Happy,343,Happy,Surprise,Happy,False,True,True,0.017266285,0.014077849,0.000602941,0.17264275,3.0888552e-07,2.6542588e-05,0.79538333
249,inesco,fcim,fcim_h061.wav,Happy,141,Happy,Fear,Sad,False,False,True,0.00022105928,1.777672e-05,0.9893656,0.0020311237,0.0010405484,0.0065579335,0.0007660759
250,inesco,fcim,fcim_h062.wav,Happy,266,Happy,Happy,Happy,True,True,False,3.0195077e-05,0.00010602961,0.0010734254,0.52405244,1.7661838e-08,3.7766202e-07,0.4747375
251,inesco,fcim,fcim_h063.wav,Happy,266,Happy,Angry,Angry,False,False,False,0.50578314,0.0003473802,0.0012370712,0.0054160785,7.9360467e-07,3.6561163e-05,0.48717895
252,inesco,fcim,fcim_h064.wav,Happy,250,Happy,Angry,Angry,False,False,False,0.5521164,0.0030758432,0.26539358,0.015550629,0.00057367614,0.028811278,0.13447861
253,inesco,fcim,fcim_h065.wav,Happy,321,Happy,Surprise,Happy,False,True,True,0.015083559,0.02259553,0.27414572,0.043073095,0.00020432385,0.002121093,0.64277667
254,inesco,fcim,fcim_h066.wav,Happy,279,Happy,Surprise,Happy,False,True,True,1.2770453e-05,1.3069394e-05,0.0034519169,0.0037995968,9.968262e-09,0.00015359624,0.992569
255,inesco,fcim,fcim_h067.wav,Happy,401,Happy,Happy,Happy,True,True,False,0.00014265525,2.5120999e-05,0.00043134062,0.78427,1.9057493e-06,0.00019875652,0.21493024
256,inesco,fcim,fcim_h068.wav,Happy,340,Happy,Surprise,Angry,False,False,True,0.018557085,0.0011455162,0.013465479,0.0034792237,1.2800574e-07,2.3050417e-07,0.9633523
257,inesco,fcim,fcim_h069.wav,Happy,276,Happy,Fear,Happy,False,True,True,0.00074133894,1.38882715e-05,0.98385584,0.0049052555,1.7455615e-05,0.00030129883,0.010164953
258,inesco,fcim,fcim_h070.wav,Happy,295,Happy,Happy,Happy,True,True,False,0.0038378134,1.797778e-05,0.3106259,0.67699105,1.0453381e-06,0.0019006255,0.006625619
259,inesco,fcim,fcim_h071.wav,Happy,289,Happy,Happy,Happy,True,True,False,0.18863383,0.0009573275,0.0023058483,0.7503391,3.5527093e-05,2.6393136e-05,0.057701934
260,inesco,fcim,fcim_h072.wav,Happy,237,Happy,Fear,Happy,False,True,True,0.0009348835,1.5713433e-05,0.96787393,0.007370604,1.6874327e-07,6.68979e-06,0.023798026
261,inesco,fcim,fcim_h073.wav,Happy,122,Happy,Fear,Angry,False,False,True,0.38300636,8.697614e-06,0.61191666,0.0032244835,3.3962654e-06,4.6689678e-05,0.0017937293
262,inesco,fcim,fcim_h074.wav,Happy,257,Happy,Surprise,Happy,False,True,True,0.036073256,0.0026268978,0.23577914,0.11400583,2.80826e-06,0.0021438329,0.6093682
263,inesco,fcim,fcim_h075.wav,Happy,205,Happy,Fear,Angry,False,False,True,0.034827348,9.6454474e-05,0.8829073,0.002253509,4.891056e-06,2.7970951e-05,0.07988259
264,inesco,fcim,fcim_h076.wav,Happy,225,Happy,Fear,Angry,False,False,True,0.07961171,9.322378e-05,0.9046407,0.011468067,7.551741e-08,0.00012399523,0.004062254
265,inesco,fcim,fcim_h077.wav,Happy,237,Happy,Surprise,Happy,False,True,True,0.1743163,0.0021730287,0.04957233,0.33897135,0.0016411204,0.005717925,0.42760798
266,inesco,fcim,fcim_h078.wav,Happy,221,Happy,Happy,Happy,True,True,False,0.0372679,0.0004472871,0.127997,0.7859359,2.3817051e-06,5.6266813e-06,0.04834396
267,inesco,fcim,fcim_h079.wav,Happy,401,Happy,Happy,Happy,True,True,False,0.010835163,0.0009508079,0.0015352397,0.9569753,3.7602487e-05,0.00065809744,0.029007789
268,inesco,fcim,fcim_h080.wav,Happy,349,Happy,Surprise,Happy,False,True,True,0.012090558,0.00022443934,0.13191976,0.12731548,1.2134863e-06,8.8935296e-05,0.72835964
269,inesco,fcim,fcim_h081.wav,Happy,285,Happy,Surprise,Happy,False,True,True,0.013801085,0.0017313937,0.029547235,0.014614851,5.6934516e-07,6.7488468e-06,0.9402982
270,inesco,fcim,fcim_h082.wav,Happy,401,Happy,Happy,Happy,True,True,False,0.00050545135,1.5595722e-06,0.016671013,0.8165152,2.6036707e-07,6.0187278e-05,0.16624638
271,inesco,fcim,fcim_h083.wav,Happy,394,Happy,Happy,Happy,True,True,False,0.00063745707,5.4854398e-05,0.00010347999,0.56920165,4.588725e-06,4.8198426e-06,0.42999312
272,inesco,fcim,fcim_h084.wav,Happy,215,Happy,Surprise,Happy,False,True,True,2.6268091e-05,1.3366008e-05,0.13939688,0.000108166896,1.6291634e-07,7.666004e-07,0.86045444
273,inesco,fcim,fcim_h085.wav,Happy,311,Happy,Surprise,Angry,False,False,True,0.0089507885,0.0002682509,2.8303413e-05,0.0075628734,1.72928e-09,6.552044e-08,0.9831897
274,inesco,fcim,fcim_h086.wav,Happy,221,Happy,Angry,Angry,False,False,False,0.4498271,0.028491275,0.40453717,0.0008205095,0.00037538676,0.0024291566,0.11351937
275,inesco,fcim,fcim_h087.wav,Happy,237,Happy,Surprise,Happy,False,True,True,0.0001109573,0.0006615722,0.18297793,0.0035107683,1.3772512e-07,0.00016450835,0.8125741
276,inesco,fcim,fcim_h088.wav,Happy,247,Happy,Surprise,Angry,False,False,True,0.034727167,0.017165622,0.0066476697,0.0015678463,3.0790056e-07,0.00020302997,0.93968844
277,inesco,fcim,fcim_h089.wav,Happy,401,Happy,Surprise,Happy,False,True,True,0.0036764143,3.9293565e-05,0.00027871894,0.33067006,3.5090488e-09,1.1389874e-06,0.6653344
278,inesco,fcim,fcim_h090.wav,Happy,145,Happy,Fear,Sad,False,False,True,0.00014851693,7.7221773e-07,0.99277556,0.0012081892,3.6578792e-06,0.004008344,0.0018549416
279,inesco,fcim,fcim_h091.wav,Happy,327,Happy,Surprise,Happy,False,True,True,0.0004661443,0.000386616,0.015269641,0.010716559,2.9578038e-09,5.6537127e-05,0.97310454
280,inesco,fcim,fcim_h092.wav,Happy,199,Happy,Happy,Happy,True,True,False,3.0461117e-05,1.726497e-08,0.003741593,0.98067296,5.712846e-06,1.097456e-07,0.015549163
281,inesco,fcim,fcim_h093.wav,Happy,273,Happy,Surprise,Happy,False,True,True,0.013177026,0.00056753674,0.0005740148,0.27588853,1.2461802e-06,1.2970348e-05,0.70977867
282,inesco,fcim,fcim_h094.wav,Happy,369,Happy,Happy,Happy,True,True,False,0.364163,7.380284e-05,0.000121977864,0.6342448,1.2014742e-05,9.871792e-06,0.001374627
283,inesco,fcim,fcim_h095.wav,Happy,253,Happy,Surprise,Happy,False,True,True,0.00032964154,1.2818957e-05,0.00012916794,0.0075825797,9.986917e-10,4.059533e-07,0.99194545
284,inesco,fcim,fcim_h096.wav,Happy,228,Happy,Fear,Happy,False,True,True,6.1084747e-06,6.2430067e-06,0.9036205,0.026417129,1.1649032e-05,0.0007646007,0.069173746
285,inesco,fcim,fcim_h097.wav,Happy,202,Happy,Fear,Happy,False,True,True,0.13319308,0.00028698752,0.6288619,0.23162328,2.5601517e-05,0.005597354,0.0004117569
286,inesco,fcim,fcim_h098.wav,Happy,401,Happy,Happy,Happy,True,True,False,0.056390762,0.00038932802,0.005143965,0.65686333,6.351607e-05,0.019342247,0.26180682
287,inesco,fcim,fcim_h099.wav,Happy,109,Happy,Fear,Happy,False,True,True,1.8729857e-05,2.267575e-07,0.68190205,0.010152466,6.559604e-08,1.0968175e-05,0.30791554
288,inesco,fcim,fcim_h100.wav,Happy,228,Happy,Happy,Happy,True,True,False,0.00059955387,0.00015821913,0.029758096,0.95387375,0.0004106405,6.1233914e-07,0.015199122
289,inesco,fcim,fcim_h101.wav,Happy,205,Happy,Fear,Happy,False,True,True,0.041979667,7.5081836e-05,0.6551122,0.21109399,5.7371713e-06,0.0057549183,0.08597849
290,inesco,fcim,fcim_h102.wav,Happy,215,Happy,Surprise,Happy,False,True,True,7.320812e-05,6.7672874e-05,0.026587507,0.007976286,5.4345264e-07,0.0010068071,0.96428794
291,inesco,fcim,fcim_h103.wav,Happy,330,Happy,Fear,Happy,False,True,True,0.025267141,4.742233e-05,0.90221566,0.06592243,0.00014042346,0.0001809557,0.0062260325
292,inesco,fcim,fcim_h104.wav,Happy,401,Happy,Surprise,Happy,False,True,True,6.885429e-08,1.0984805e-08,8.304064e-07,0.006782588,2.4127233e-13,5.7648677e-11,0.99321645
293,inesco,fcim,fcim_h105.wav,Happy,218,Happy,Happy,Happy,True,True,False,0.076546304,8.5493906e-05,0.21806951,0.4631687,0.0003086135,0.011400476,0.2304209
294,inesco,fcim,fcim_h106.wav,Happy,279,Happy,Angry,Angry,False,False,False,0.4638271,0.0001381504,0.21153666,0.16810471,8.4297935e-06,0.0004827182,0.15590219
295,inesco,fcim,fcim_h107.wav,Happy,356,Happy,Surprise,Happy,False,True,True,2.3839286e-06,4.031254e-08,7.0064783e-07,0.04296803,9.993013e-11,1.9827812e-07,0.95702857
296,inesco,fcim,fcim_h108.wav,Happy,401,Happy,Surprise,Happy,False,True,True,0.023399917,6.576519e-05,0.00014437447,0.12776065,1.2992302e-07,4.981902e-07,0.8486287
297,inesco,fcim,fcim_h109.wav,Happy,250,Happy,Fear,Happy,False,True,True,0.045296725,4.5121527e-05,0.76585996,0.15095091,6.810795e-07,0.0011732617,0.036673315
298,inesco,fcim,fcim_h110.wav,Happy,346,Happy,Surprise,Angry,False,False,True,0.1474822,0.0031152484,0.038606256,0.041837383,2.1513525e-08,9.213018e-05,0.76886684
299,inesco,fcim,fcim_h111.wav,Happy,388,Happy,Happy,Happy,True,True,False,0.25942224,0.00043198082,0.0069704014,0.5329891,0.0019250896,0.00067851844,0.19758268
300,inesco,fcim,fcim_h112.wav,Happy,397,Happy,Surprise,Happy,False,True,True,0.01899405,4.356043e-06,1.6566813e-05,0.149755,3.904577e-09,1.3310486e-07,0.8312299
301,inesco,fcim,fcim_h113.wav,Happy,401,Happy,Happy,Happy,True,True,False,0.0015779043,7.764872e-07,0.0023593095,0.9546213,3.6930654e-08,2.3471532e-06,0.041438412
302,inesco,fcim,fcim_h114.wav,Happy,234,Happy,Surprise,Happy,False,True,True,0.012392405,0.00075089757,0.0032304004,0.10466935,2.7259766e-08,1.0173269e-06,0.87895596
303,inesco,fcim,fcim_h115.wav,Happy,314,Happy,Angry,Angry,False,False,False,0.85105413,5.3141415e-05,9.326724e-05,0.0014726649,1.3467948e-08,9.1259056e-07,0.14732584
304,inesco,fcim,fcim_h116.wav,Happy,116,Happy,Fear,Angry,False,False,True,0.3375377,1.7908453e-06,0.6425585,0.019102588,1.0903276e-05,1.0091717e-06,0.0007874473
305,inesco,fcim,fcim_h117.wav,Happy,177,Happy,Fear,Happy,False,True,True,0.0018073985,6.627099e-05,0.9944975,0.0020339305,1.4769426e-05,7.8841855e-05,0.0015014285
306,inesco,fcim,fcim_h118.wav,Happy,253,Happy,Fear,Happy,False,True,True,0.000465114,0.00018820353,0.49328667,0.036088917,1.4222263e-06,0.00073243154,0.4692372
307,inesco,fcim,fcim_h119.wav,Happy,273,Happy,Angry,Angry,False,False,False,0.9044416,0.0021132561,0.05452455,0.011273426,2.9710793e-05,0.00013474416,0.027482782
308,inesco,fcim,fcim_h120.wav,Happy,381,Happy,Surprise,Happy,False,True,True,4.535337e-05,1.7517559e-07,6.8920315e-05,0.3602748,5.162762e-06,3.816726e-07,0.6396052
309,inesco,fcim,fcim_h121.wav,Happy,263,Happy,Surprise,Angry,False,False,True,0.29241,0.0058590737,0.0011940193,0.059118733,2.7044243e-05,8.0914804e-05,0.6413103
310,inesco,fcim,fcim_h122.wav,Happy,209,Happy,Surprise,Happy,False,True,True,0.00037987545,2.8602823e-05,0.0024130193,0.37130436,3.3777687e-05,0.00063049566,0.62520987
311,inesco,fcim,fcim_h123.wav,Happy,324,Happy,Surprise,Happy,False,True,True,1.5200584e-08,8.7863805e-07,3.3037709e-06,2.4250481e-05,8.089225e-14,2.1639067e-08,0.9999715
312,inesco,fcim,fcim_h124.wav,Happy,314,Happy,Surprise,Happy,False,True,True,1.9997144e-06,1.9953025e-06,0.0014345569,9.463205e-05,7.521777e-11,1.207546e-07,0.99846673
313,inesco,fcim,fcim_h125.wav,Happy,132,Happy,Fear,Angry,False,False,True,0.022291027,3.8482867e-06,0.96669436,2.1808684e-05,2.8526538e-06,4.997247e-06,0.010981125
314,inesco,fcim,fcim_h126.wav,Happy,349,Happy,Surprise,Angry,False,False,True,0.025457714,0.00013544975,1.7614104e-05,0.0069636605,9.1347437e-07,4.427623e-07,0.9674242
315,inesco,fcim,fcim_h127.wav,Happy,234,Happy,Surprise,Happy,False,True,True,4.2381055e-07,0.00012545827,0.00016284743,0.0009487937,3.3393395e-09,1.06895605e-07,0.99876237
316,inesco,fcim,fcim_h128.wav,Happy,257,Happy,Surprise,Angry,False,False,True,0.43182072,9.041014e-05,0.010586928,0.10266785,9.675889e-08,1.9332714e-05,0.4548146
317,inesco,fcim,fcim_h129.wav,Happy,193,Happy,Fear,Angry,False,False,True,0.045123696,0.0007157051,0.9329255,0.018012028,5.3287135e-05,0.0008110817,0.0023586757
318,inesco,fcim,fcim_h130.wav,Happy,148,Happy,Fear,Happy,False,True,True,1.9938118e-06,2.2227436e-08,0.99986863,3.1047886e-05,1.6458777e-08,1.341783e-07,9.8139375e-05
319,inesco,fcim,fcim_h131.wav,Happy,180,Happy,Angry,Angry,False,False,False,0.68115175,3.278167e-06,0.0023704572,0.3162063,4.9371693e-06,2.280006e-05,0.00024048744
320,inesco,fcim,fcim_h132.wav,Happy,289,Happy,Surprise,Happy,False,True,True,0.0016394665,4.555811e-05,0.0036632016,0.022855993,6.1214405e-07,0.00020753843,0.97158766
321,inesco,fcim,fcim_h133.wav,Happy,231,Happy,Surprise,Happy,False,True,True,0.00074491644,0.00015383937,0.0055246656,0.091479346,1.9668427e-07,4.0634364e-05,0.90205634
322,inesco,fcim,fcim_h134.wav,Happy,401,Happy,Happy,Happy,True,True,False,0.0009129247,5.7127538e-05,5.5252094e-06,0.9687622,1.1481651e-07,0.00020985115,0.030052181
323,inesco,fcim,fcim_h135.wav,Happy,263,Happy,Fear,Sad,False,False,True,0.0011417193,1.089219e-05,0.53060794,0.0010674124,1.265886e-07,0.0020848296,0.4650871
324,inesco,fcim,fcim_h136.wav,Happy,289,Happy,Surprise,Happy,False,True,True,0.006267517,0.018387545,0.23186179,0.04942592,3.4482833e-05,0.000967512,0.6930553
325,inesco,fcim,fcim_h137.wav,Happy,93,Happy,Fear,Happy,False,True,True,0.0033809484,7.3546657e-06,0.98248327,0.008764815,2.784492e-06,4.7485322e-05,0.0053134505
326,inesco,fcim,fcim_h138.wav,Happy,177,Happy,Happy,Happy,True,True,False,0.027626151,7.795285e-07,0.00015302218,0.9699606,4.219454e-07,4.54218e-08,0.0022590735
327,inesco,fcim,fcim_h139.wav,Happy,164,Happy,Fear,Angry,False,False,True,0.011586793,2.1544904e-06,0.62870085,0.005441995,7.294384e-07,0.0002872121,0.3539803
328,inesco,fcim,fcim_h140.wav,Happy,138,Happy,Fear,Happy,False,True,True,0.046923757,2.216398e-07,0.55941904,0.39154845,0.00015783525,0.0004835688,0.0014671547
329,inesco,fcim,fcim_h141.wav,Happy,221,Happy,Fear,Happy,False,True,True,0.00029853865,0.00054922485,0.6492298,0.13704298,1.1345526e-07,2.0259642e-05,0.21285903
330,inesco,fcim,fcim_h142.wav,Happy,180,Happy,Surprise,Happy,False,True,True,0.00014396886,6.997338e-05,0.013145935,0.0054102163,1.5774442e-06,1.0280502e-05,0.9812181
331,inesco,fcim,fcim_h143.wav,Happy,276,Happy,Surprise,Happy,False,True,True,0.006326313,0.0006213842,0.485216,0.017031854,5.157834e-06,0.0007173336,0.49008188
332,inesco,fcim,fcim_h144.wav,Happy,221,Happy,Happy,Happy,True,True,False,0.0021874842,9.176705e-05,4.242239e-05,0.5870381,5.4162106e-06,0.000101106765,0.4105337
333,inesco,fcim,fcim_h145.wav,Happy,170,Happy,Fear,Happy,False,True,True,0.028212396,0.00010382722,0.4816609,0.445095,0.0008313385,0.022732303,0.02136432
334,inesco,fcim,fcim_h146.wav,Happy,65,Happy,Surprise,Happy,False,True,True,0.0047577014,3.4658333e-06,0.3060396,0.1514316,7.630605e-06,1.0444871e-05,0.5377495
335,inesco,fcim,fcim_h147.wav,Happy,157,Happy,Surprise,Happy,False,True,True,0.0054543135,3.675189e-05,0.3728345,0.19242522,5.063697e-06,3.172365e-05,0.42921245
336,inesco,fcim,fcim_h148.wav,Happy,145,Happy,Happy,Happy,True,True,False,0.48010093,1.7372362e-06,0.0072308886,0.50739914,0.0026045651,8.121324e-05,0.0025814981
337,inesco,fcim,fcim_h149.wav,Happy,327,Happy,Surprise,Happy,False,True,True,0.002158488,2.0550944e-05,0.0005122208,0.009039588,8.8561734e-08,1.5232768e-06,0.9882675
338,inesco,fcim,fcim_h150.wav,Happy,218,Happy,Fear,Happy,False,True,True,2.828838e-05,3.3858805e-06,0.85574114,0.12804933,3.5366745e-07,1.1145049e-05,0.016166437
339,inesco,fcim,fcim_h151.wav,Happy,273,Happy,Surprise,Happy,False,True,True,0.03643394,0.00019238894,0.22411248,0.04326062,2.4430983e-06,0.0005929273,0.6954052
340,inesco,fcim,fcim_h152.wav,Happy,401,Happy,Happy,Happy,True,True,False,0.01536166,3.9988786e-06,5.8764832e-05,0.6380627,4.986388e-07,4.4194e-06,0.34650794
341,inesco,fcim,fcim_h153.wav,Happy,388,Happy,Happy,Happy,True,True,False,0.0012117684,0.0016454889,0.00268448,0.6166581,9.153557e-06,0.003351938,0.3744391
342,inesco,fcim,fcim_h154.wav,Happy,279,Happy,Surprise,Happy,False,True,True,0.013753117,0.00019140035,0.0011260386,0.10205461,8.636561e-06,0.00013642912,0.8827297
343,inesco,fcim,fcim_h155.wav,Happy,253,Happy,Fear,Angry,False,False,True,0.16251972,0.10602522,0.35073757,0.04168798,2.5258156e-08,0.063566506,0.27546293
344,inesco,fcim,fcim_h156.wav,Happy,305,Happy,Surprise,Happy,False,True,True,7.742972e-06,5.6518903e-08,1.7856531e-05,5.233881e-05,2.6405153e-10,6.597306e-07,0.9999213
345,inesco,fcim,fcim_h157.wav,Happy,356,Happy,Surprise,Happy,False,True,True,0.013030889,0.00054760376,0.022613378,0.019508725,1.5012885e-08,2.2676782e-06,0.94429713
346,inesco,fcim,fcim_h158.wav,Happy,295,Happy,Surprise,Happy,False,True,True,0.007116532,0.0024639268,0.12022192,0.17071253,0.00015294952,0.0030715107,0.6962606
347,inesco,fcim,fcim_h159.wav,Happy,273,Happy,Happy,Happy,True,True,False,0.018133078,1.9250927e-05,0.004570147,0.8449554,4.2816043e-07,0.00032754586,0.13199416
348,inesco,fcim,fcim_h160.wav,Happy,298,Happy,Surprise,Angry,False,False,True,0.11146758,0.0069176937,0.08381321,0.04461198,8.35195e-05,0.0059676236,0.74713844
349,inesco,fcim,fcim_h161.wav,Happy,138,Happy,Fear,Happy,False,True,True,0.0072541903,9.6118484e-08,0.93443626,0.042792093,1.1112128e-05,3.022318e-07,0.01550592
350,inesco,fcim,fcim_h162.wav,Happy,247,Happy,Fear,Sad,False,False,True,1.2696765e-05,1.0404343e-08,0.97505546,0.0014219867,3.0281876e-06,0.023506591,2.3848543e-07
351,inesco,fcim,fcim_h163.wav,Happy,289,Happy,Happy,Happy,True,True,False,1.0042033e-05,8.0508944e-05,0.0028250145,0.7925503,4.3540427e-07,0.0022131328,0.20232052
352,inesco,fcim,fcim_h164.wav,Happy,116,Happy,Fear,Happy,False,True,True,0.017494481,7.0056825e-07,0.8943852,0.055523127,0.0007095958,0.00014824992,0.031738605
353,inesco,fcim,fcim_h165.wav,Happy,162,Happy,Fear,Happy,False,True,True,3.63136e-05,5.061002e-08,0.9534679,0.0011580647,4.8540255e-07,5.649603e-06,0.045331422
354,inesco,fcim,fcim_h166.wav,Happy,68,Happy,Fear,Angry,False,False,True,0.033877794,1.2374078e-05,0.5052085,0.01152388,3.053628e-07,0.0017293443,0.44764787
355,inesco,fcim,fcim_h167.wav,Happy,145,Happy,Angry,Angry,False,False,False,0.77729845,8.429029e-06,0.05357803,0.16084097,2.2856193e-05,3.0968902e-05,0.008220226
356,inesco,fcim,fcim_h168.wav,Happy,221,Happy,Surprise,Happy,False,True,True,0.05459232,0.23232473,0.2239028,0.075697854,0.05379231,0.023622239,0.33606777
357,inesco,fcim,fcim_h169.wav,Happy,244,Happy,Fear,Sad,False,False,True,0.0011244519,0.00062985806,0.7540115,0.0035342518,0.00016251906,0.24049737,4.002257e-05
358,inesco,fcim,fcim_h170.wav,Happy,125,Happy,Fear,Happy,False,True,True,0.07467938,8.67672e-08,0.5072836,0.40637976,0.0002273082,3.450701e-05,0.01139539
359,inesco,fcim,fcim_h171.wav,Happy,148,Happy,Surprise,Angry,False,False,True,0.001751518,5.5730574e-08,0.00063226017,0.00063311966,2.743674e-10,7.057758e-07,0.9969823
360,inesco,fcim,fcim_h172.wav,Happy,305,Happy,Surprise,Angry,False,False,True,0.08199356,0.0022937306,0.0075475825,0.007993399,4.2456196e-07,1.7219567e-05,0.9001541
361,inesco,fcim,fcim_h173.wav,Happy,193,Happy,Surprise,Happy,False,True,True,4.8009875e-05,3.1469806e-06,0.12994365,0.055066925,3.1312908e-08,1.5701214e-06,0.8149367
362,inesco,fcim,fcim_h174.wav,Happy,87,Happy,Fear,Happy,False,True,True,0.0010904819,1.3094519e-06,0.9694416,0.005692917,9.8052415e-06,0.00020224309,0.023561701
363,inesco,fcim,fcim_h175.wav,Happy,180,Happy,Fear,Sad,False,False,True,4.6040786e-05,2.5873637e-06,0.96123034,0.014718328,0.00048909616,0.02337344,0.00014022303
364,inesco,fcim,fcim_h176.wav,Happy,157,Happy,Angry,Angry,False,False,False,0.9309953,3.875299e-05,0.0461517,0.008719881,7.001284e-05,0.00011268996,0.013911778
365,inesco,fcim,fcim_h177.wav,Happy,276,Happy,Happy,Happy,True,True,False,0.005421583,0.003193362,0.0010115576,0.553669,8.5592634e-05,3.6922174e-05,0.43658194
366,inesco,fcim,fcim_h178.wav,Happy,353,Happy,Surprise,Happy,False,True,True,0.00021783721,8.469628e-05,0.022083981,0.007313478,5.9954345e-08,3.0752005e-06,0.9702969
367,inesco,fcim,fcim_h179.wav,Happy,279,Happy,Surprise,Happy,False,True,True,0.025264997,0.000108515225,0.014528112,0.037849654,5.963438e-08,7.1593786e-07,0.92224795
368,inesco,fcim,fcim_h180.wav,Happy,231,Happy,Angry,Angry,False,False,False,0.8095032,0.0007268941,0.041593093,0.05048145,0.00019536029,0.0014289798,0.09607106
369,inesco,fcim,fcim_h181.wav,Happy,132,Happy,Angry,Angry,False,False,False,0.52011436,1.2202322e-06,0.42915535,0.0063592303,1.9262122e-06,1.0979566e-05,0.044356886
370,inesco,fcim,fcim_h182.wav,Happy,212,Happy,Surprise,Happy,False,True,True,0.0003529398,1.6205861e-07,0.0005791144,0.11443321,3.553846e-06,0.00083923223,0.8837918
371,inesco,fcim,fcim_h183.wav,Happy,164,Happy,Fear,Happy,False,True,True,6.5589775e-05,7.787897e-08,0.99906474,0.00043776966,2.934442e-05,5.2041738e-05,0.0003504399
372,inesco,fcim,fcim_h184.wav,Happy,141,Happy,Surprise,Angry,False,False,True,0.2096853,3.0990057e-05,0.067766935,0.00095999474,7.002628e-06,0.004220025,0.71732974
373,inesco,fcim,fcim_h185.wav,Happy,321,Happy,Angry,Angry,False,False,False,0.43822664,0.074887455,0.022421228,0.08392092,3.984896e-05,0.0041551404,0.37634876
374,inesco,fcim,fcim_h186.wav,Happy,401,Happy,Happy,Happy,True,True,False,0.00040214384,8.631767e-07,1.5700693e-05,0.92408186,8.5984345e-07,5.232981e-05,0.075446256
375,inesco,fcim,fcim_h187.wav,Happy,401,Happy,Surprise,Happy,False,True,True,0.006564286,0.012086509,7.733734e-05,0.019142473,1.1302612e-06,0.00041009655,0.9617182
376,inesco,fcim,fcim_h188.wav,Happy,308,Happy,Surprise,Happy,False,True,True,0.05322613,0.034807052,0.103051014,0.17847458,6.903372e-05,0.0011460753,0.62922615
377,inesco,fcim,fcim_h189.wav,Happy,349,Happy,Happy,Happy,True,True,False,0.01114311,0.000822774,0.0001298814,0.68466526,4.0279454e-07,8.0519084e-07,0.3032377
378,inesco,fcim,fcim_h190.wav,Happy,333,Happy,Surprise,Happy,False,True,True,0.11955181,0.051924895,0.0009797835,0.1369867,2.0666716e-06,0.00017411387,0.69038063
379,inesco,fcim,fcim_h191.wav,Happy,215,Happy,Surprise,Angry,False,False,True,0.00042106,8.304393e-08,0.044988576,0.00022539617,1.7695944e-09,1.7695835e-06,0.95436305
380,inesco,fcim,fcim_h192.wav,Happy,391,Happy,Surprise,Happy,False,True,True,0.00045572006,1.1192653e-05,0.00054084253,0.07261105,5.198873e-07,4.594023e-05,0.9263347
381,inesco,fcim,fcim_h193.wav,Happy,321,Happy,Surprise,Happy,False,True,True,4.1469383e-07,1.0682073e-06,0.00046842,0.025057372,1.7535434e-10,2.742333e-06,0.9744699
382,inesco,fcim,fcim_h194.wav,Happy,401,Happy,Happy,Happy,True,True,False,0.15613435,9.979391e-05,6.839564e-05,0.8192432,1.3438162e-05,2.434056e-05,0.024416523
383,inesco,fcim,fcim_h195.wav,Happy,311,Happy,Surprise,Happy,False,True,True,0.004377314,0.0019712741,0.0005391793,0.35953024,2.2392105e-06,1.28343045e-05,0.63356686
384,inesco,fcim,fcim_h196.wav,Happy,401,Happy,Happy,Happy,True,True,False,0.24734,1.931379e-05,3.5864923e-05,0.7151105,5.5316832e-08,5.9013155e-06,0.037488367
385,inesco,fcim,fcim_h197.wav,Happy,221,Happy,Fear,Happy,False,True,True,0.00049752207,0.00092425186,0.98034555,0.0040265503,7.754678e-06,0.00014914163,0.014049238
386,inesco,fcim,fcim_h198.wav,Happy,253,Happy,Fear,Happy,False,True,True,5.4816453e-05,6.722574e-06,0.97662216,0.0016852273,5.129546e-07,0.00038805502,0.02124252
387,inesco,fcim,fcim_h199.wav,Happy,180,Happy,Fear,Happy,False,True,True,0.00014790295,8.558663e-06,0.99790907,0.0012904349,8.698364e-07,0.00016414232,0.00047899128
388,inesco,fcim,fcim_h200.wav,Happy,68,Happy,Fear,Happy,False,True,True,0.0066103516,4.325692e-05,0.83297014,0.018563056,1.3369504e-05,0.0012732579,0.14052656
389,inesco,fcim,fcim_h201.wav,Happy,298,Happy,Surprise,Happy,False,True,True,3.098459e-05,3.5968537e-07,0.24256124,0.00061379955,2.475533e-07,0.00032560754,0.7564678
390,inesco,fcim,fcim_h202.wav,Happy,301,Happy,Fear,Happy,False,True,True,2.4812084e-07,7.595667e-06,0.66309154,0.008768682,4.729462e-10,9.7345415e-05,0.3280346
391,inesco,fcim,fcim_h203.wav,Happy,250,Happy,Happy,Happy,True,True,False,0.00027422118,0.0008092133,0.22843088,0.7493692,2.3155967e-06,0.0013902447,0.019723924
392,inesco,fcim,fcim_h204.wav,Happy,257,Happy,Surprise,Angry,False,False,True,0.35201466,0.00015262637,0.04895072,0.00035673287,2.5177408e-07,0.0013504892,0.59717447
393,inesco,fcim,fcim_h205.wav,Happy,346,Happy,Surprise,Angry,False,False,True,0.025651941,9.574212e-06,0.005950819,0.012089028,2.6174062e-08,9.5270457e-07,0.9562976
394,inesco,fcim,fcim_h206.wav,Happy,359,Happy,Surprise,Happy,False,True,True,2.3735993e-05,1.0323269e-05,0.0001881101,0.0007545682,3.3216834e-09,3.1142255e-05,0.998992
395,inesco,fcim,fcim_h207.wav,Happy,401,Happy,Surprise,Happy,False,True,True,0.00011377145,6.005532e-05,0.0021590285,0.052344188,6.9185364e-07,0.0005707739,0.9447515
396,inesco,fcim,fcim_h208.wav,Happy,311,Happy,Fear,Happy,False,True,True,0.062541254,0.00021746157,0.56508374,0.08162942,0.00018402435,0.0029491107,0.287395
397,inesco,fcim,fcim_h209.wav,Happy,378,Happy,Surprise,Happy,False,True,True,0.0037425954,0.0021660605,0.00042320683,0.052169763,9.338391e-07,1.6115047e-05,0.94148135
398,inesco,fcim,fcim_h210.wav,Happy,401,Happy,Happy,Happy,True,True,False,0.011172766,0.001891458,0.0005675554,0.7551063,3.5368645e-05,0.005102765,0.2261238
399,inesco,fcim,fcim_h211.wav,Happy,263,Happy,Angry,Angry,False,False,False,0.5484839,0.014380463,0.043352187,0.0070941458,0.0019211775,0.0049130204,0.37985516
400,inesco,fcim,fcim_s402.wav,Sad,343,Sad,Angry,Angry,False,False,False,0.59493977,0.027996711,0.15759781,0.13320483,0.0030108844,0.020782331,0.062467676
401,inesco,fcim,fcim_s403.wav,Sad,340,Sad,Surprise,Sad,False,True,True,0.001966131,4.6830177e-05,0.17970029,0.001052225,2.4561356e-07,0.001992455,0.8152419
402,inesco,fcim,fcim_s404.wav,Sad,311,Sad,Fear,Sad,False,True,True,7.759706e-05,2.2584043e-06,0.9830278,4.3664772e-06,5.586101e-09,0.00010919421,0.016778782
403,inesco,fcim,fcim_s405.wav,Sad,401,Sad,Happy,Happy,False,False,False,0.06744983,6.635661e-05,0.004779394,0.8422426,2.6981656e-05,0.00392925,0.0815056
404,inesco,fcim,fcim_s406.wav,Sad,327,Sad,Surprise,Happy,False,False,True,0.00049181725,0.00021265984,0.01151616,0.0012036131,6.736202e-09,8.219588e-06,0.9865675
405,inesco,fcim,fcim_s407.wav,Sad,218,Sad,Fear,Angry,False,False,True,0.00013377187,2.2457011e-06,0.9373314,8.97215e-05,1.1280394e-08,0.00012226304,0.06232063
406,inesco,fcim,fcim_s408.wav,Sad,228,Sad,Surprise,Angry,False,False,True,0.10544929,0.00024115038,0.12895566,0.066288956,3.832738e-05,0.0013256323,0.69770104
407,inesco,fcim,fcim_s409.wav,Sad,279,Sad,Surprise,Happy,False,False,True,6.729027e-05,2.8160475e-06,0.032469332,8.537674e-05,7.958468e-10,3.3211116e-05,0.967342
408,inesco,fcim,fcim_s410.wav,Sad,401,Sad,Fear,Sad,False,True,True,0.00027567826,0.00010952444,0.6206234,0.0003996217,4.8316885e-08,0.0037934235,0.37479833
409,inesco,fcim,fcim_s411.wav,Sad,253,Sad,Fear,Happy,False,False,True,0.0036546928,0.00017568978,0.890176,0.036638062,8.013214e-07,0.011919087,0.05743573
410,inesco,fcim,fcim_s412.wav,Sad,209,Sad,Surprise,Happy,False,False,True,0.0021311708,2.6289152e-05,0.0376197,0.03331602,4.603642e-06,0.00042989725,0.92647237
411,inesco,fcim,fcim_s413.wav,Sad,401,Sad,Happy,Happy,False,False,False,0.003287844,4.593819e-05,0.035853166,0.948373,7.8319565e-05,0.010571333,0.0017902959
412,inesco,fcim,fcim_s414.wav,Sad,269,Sad,Surprise,Happy,False,False,True,0.0049953526,0.0029979062,0.28403133,0.14912817,7.903754e-05,0.012319692,0.54644847
413,inesco,fcim,fcim_s415.wav,Sad,180,Sad,Fear,Angry,False,False,True,0.08250429,0.0002936918,0.90774953,0.0060281768,3.015255e-05,7.475985e-05,0.003319376
414,inesco,fcim,fcim_s416.wav,Sad,401,Sad,Happy,Happy,False,False,False,0.10355142,0.0037491955,0.02955428,0.7951514,4.933554e-05,0.0017377293,0.06620662
415,inesco,fcim,fcim_s417.wav,Sad,327,Sad,Fear,Happy,False,False,True,0.013609195,9.649543e-06,0.8202418,0.018174678,5.2876225e-05,0.00075853476,0.14715329
416,inesco,fcim,fcim_s418.wav,Sad,250,Sad,Fear,Angry,False,False,True,0.19923238,0.0009690718,0.75827175,0.013473772,3.8999865e-06,0.004143234,0.023905894
417,inesco,fcim,fcim_s419.wav,Sad,292,Sad,Surprise,Happy,False,False,True,0.004268801,0.0009070475,0.054432224,0.010506199,1.8061119e-05,0.005711775,0.92415583
418,inesco,fcim,fcim_s420.wav,Sad,106,Sad,Fear,Angry,False,False,True,0.057052158,1.4336699e-06,0.8887025,0.030117393,0.0034293684,0.017904142,0.0027929721
419,inesco,fcim,fcim_s421.wav,Sad,317,Sad,Surprise,Happy,False,False,True,0.016537115,0.009317839,0.22205725,0.10802163,0.00017630211,0.00022091318,0.6436689
420,inesco,fcim,fcim_s422.wav,Sad,314,Sad,Fear,Angry,False,False,True,0.010183645,0.0009711146,0.98346245,0.00022957759,1.1330138e-07,0.0046549095,0.00049827923
421,inesco,fcim,fcim_s423.wav,Sad,273,Sad,Surprise,Angry,False,False,True,0.01858017,0.0818496,0.03550586,0.00047056327,1.9876306e-07,0.0025159314,0.8610777
422,inesco,fcim,fcim_s424.wav,Sad,372,Sad,Surprise,Happy,False,False,True,0.17074409,0.00010553855,0.06362178,0.29086325,1.5148237e-06,5.569673e-06,0.47465822
423,inesco,fcim,fcim_s425.wav,Sad,401,Sad,Happy,Happy,False,False,False,0.016563939,2.5936277e-05,0.10137741,0.8389423,4.890704e-06,0.00051079085,0.04257468
424,inesco,fcim,fcim_s426.wav,Sad,365,Sad,Fear,Happy,False,False,True,0.008829021,9.801017e-06,0.8257682,0.011511239,2.7861577e-07,5.959705e-06,0.15387546
425,inesco,fcim,fcim_s427.wav,Sad,241,Sad,Surprise,Sad,False,True,True,0.0018426499,8.153325e-05,0.07512188,0.00066453137,1.6082157e-07,0.0025623108,0.91972685
426,inesco,fcim,fcim_s428.wav,Sad,401,Sad,Fear,Happy,False,False,True,0.0012414813,4.6592654e-06,0.55355936,0.011467949,1.2493952e-06,3.069847e-05,0.4336945
427,inesco,fcim,fcim_s429.wav,Sad,401,Sad,Surprise,Happy,False,False,True,0.009941141,1.7912638e-05,0.16037136,0.03629918,3.2698406e-09,8.5525835e-06,0.7933619
428,inesco,fcim,fcim_s430.wav,Sad,401,Sad,Surprise,Happy,False,False,True,0.0037295064,9.8650846e-05,0.0063861893,0.01128171,1.9374937e-07,4.366647e-05,0.97846
429,inesco,fcim,fcim_s431.wav,Sad,263,Sad,Fear,Angry,False,False,True,0.009697945,2.7853657e-05,0.7622712,0.0072162263,1.7961476e-05,0.0023437557,0.21842504
430,inesco,fcim,fcim_s432.wav,Sad,311,Sad,Fear,Angry,False,False,True,0.013048673,2.7603537e-05,0.85266054,0.0010234682,2.6804088e-07,4.487535e-05,0.13319464
431,inesco,fcim,fcim_s433.wav,Sad,381,Sad,Surprise,Happy,False,False,True,0.018745603,3.7393193e-06,0.027848909,0.086157195,9.748933e-09,7.6335783e-07,0.86724377
432,inesco,fcim,fcim_s434.wav,Sad,279,Sad,Sad,Sad,True,True,False,0.3147391,0.033115357,0.015438116,0.06239354,1.2234823e-07,0.53417504,0.040138695
433,inesco,fcim,fcim_s435.wav,Sad,161,Sad,Fear,Sad,False,True,True,1.961752e-05,5.2461115e-07,0.986919,0.0021634602,6.823329e-05,0.010822033,7.128818e-06
434,inesco,fcim,fcim_s436.wav,Sad,180,Sad,Fear,Angry,False,False,True,0.14643022,2.257937e-05,0.838109,0.00047792302,1.1171183e-05,0.00015546713,0.01479353
435,inesco,fcim,fcim_s437.wav,Sad,295,Sad,Surprise,Happy,False,False,True,0.003941838,0.00030262992,0.048726246,0.034134954,1.700965e-07,8.596786e-05,0.9128081
436,inesco,fcim,fcim_s438.wav,Sad,401,Sad,Surprise,Happy,False,False,True,0.021395693,0.00014998383,0.01788027,0.047211617,1.1660167e-05,0.00016715731,0.9131835
437,inesco,fcim,fcim_s439.wav,Sad,401,Sad,Surprise,Happy,False,False,True,3.1975076e-05,4.706199e-05,0.009495385,0.016580474,8.54618e-08,0.0010079879,0.9728371
438,inesco,fcim,fcim_s440.wav,Sad,372,Sad,Surprise,Happy,False,False,True,0.007375239,4.812322e-05,0.0008539331,0.031980943,5.6157504e-08,2.3697754e-05,0.959718
439,inesco,fcim,fcim_s441.wav,Sad,343,Sad,Surprise,Happy,False,False,True,0.022275595,0.0011835943,0.22523782,0.089063495,6.699513e-06,0.0039345967,0.6582982
440,inesco,fcim,fcim_s442.wav,Sad,314,Sad,Fear,Angry,False,False,True,0.0050184024,2.9275416e-06,0.7899002,0.00010762155,8.784814e-10,2.1857865e-07,0.2049706
441,inesco,fcim,fcim_s443.wav,Sad,401,Sad,Surprise,Happy,False,False,True,0.00061805494,2.6096337e-05,0.3673388,0.050066557,3.6409958e-06,0.019123787,0.5628231
442,inesco,fcim,fcim_s444.wav,Sad,401,Sad,Happy,Happy,False,False,False,0.00012749496,3.4558028e-07,0.27072066,0.6123837,3.2952583e-05,0.0059521734,0.11078263
443,inesco,fcim,fcim_s445.wav,Sad,365,Sad,Surprise,Happy,False,False,True,0.0006689228,0.00027044612,0.00856496,0.008644877,9.5200846e-08,7.2120514e-05,0.9817786
444,inesco,fcim,fcim_s446.wav,Sad,298,Sad,Surprise,Happy,False,False,True,0.0014802472,0.00200749,0.022767821,0.048621397,1.8058148e-07,0.010849537,0.9142734
445,inesco,fcim,fcim_s447.wav,Sad,401,Sad,Surprise,Happy,False,False,True,0.007337466,6.539085e-05,0.016472898,0.012680005,1.4323049e-06,5.707512e-05,0.9633858
446,inesco,fcim,fcim_s448.wav,Sad,276,Sad,Fear,Happy,False,False,True,0.00015916859,1.9226459e-06,0.9979038,0.00024083849,6.625876e-09,5.498359e-05,0.00163923
447,inesco,fcim,fcim_s449.wav,Sad,359,Sad,Surprise,Happy,False,False,True,0.018840637,2.8892939e-05,0.02216255,0.20766668,1.809402e-07,3.104792e-05,0.75126994
448,inesco,fcim,fcim_s450.wav,Sad,289,Sad,Surprise,Happy,False,False,True,0.00046393948,0.00030571816,0.033556398,0.016523493,9.836229e-08,1.6140717e-05,0.9491342
449,inesco,fcim,fcim_s451.wav,Sad,311,Sad,Fear,Happy,False,False,True,1.7568058e-06,9.412727e-09,0.99965477,1.2747881e-05,3.7843875e-09,7.303348e-07,0.00032992742
450,inesco,fcim,fcim_s452.wav,Sad,372,Sad,Angry,Angry,False,False,False,0.5615364,0.00034905013,0.11046135,0.24957535,1.772799e-05,0.001135569,0.07692458
451,inesco,fcim,fcim_s453.wav,Sad,305,Sad,Fear,Sad,False,True,True,0.00018717074,1.1405267e-05,0.9567107,0.00020549982,1.1764678e-06,0.00061794475,0.04226611
452,inesco,fcim,fcim_s454.wav,Sad,401,Sad,Fear,Angry,False,False,True,0.010150108,9.9240526e-05,0.97838646,0.0057714395,4.4705766e-06,0.00082370796,0.004764584
453,inesco,fcim,fcim_s455.wav,Sad,333,Sad,Fear,Happy,False,False,True,0.0009447261,6.183891e-06,0.9345465,0.006401298,1.4183213e-07,0.00029846933,0.057802763
454,inesco,fcim,fcim_s456.wav,Sad,401,Sad,Happy,Happy,False,False,False,0.016553745,0.0005472756,0.010493917,0.90602183,1.716047e-05,0.0101804035,0.056185693
455,inesco,fcim,fcim_s457.wav,Sad,401,Sad,Sad,Sad,True,True,False,0.27488664,1.8097122e-05,0.3031738,0.028903311,0.0001262827,0.39142278,0.0014690214
456,inesco,fcim,fcim_s458.wav,Sad,266,Sad,Fear,Happy,False,False,True,0.0005204958,6.364543e-06,0.6097217,0.3749411,5.3038787e-07,0.00090012554,0.013909703
457,inesco,fcim,fcim_s459.wav,Sad,401,Sad,Surprise,Happy,False,False,True,0.0023132816,0.001316708,0.0010082466,0.080992736,3.0173453e-07,2.6789263e-05,0.9143419
458,inesco,fcim,fcim_s460.wav,Sad,250,Sad,Fear,Sad,False,True,True,1.9593648e-05,0.0001328635,0.99650735,0.001293917,6.6873525e-08,0.0016505828,0.00039563715
459,inesco,fcim,fcim_s461.wav,Sad,343,Sad,Fear,Happy,False,False,True,1.3281402e-06,3.5906684e-09,0.98747694,0.0002728683,3.8513654e-09,1.5156734e-06,0.012247334
460,inesco,fcim,fcim_s462.wav,Sad,375,Sad,Surprise,Happy,False,False,True,0.00015000152,3.6376543e-05,0.0057407306,0.0067611123,5.087807e-08,8.882099e-06,0.9873029
461,inesco,fcim,fcim_s463.wav,Sad,343,Sad,Surprise,Happy,False,False,True,0.0026969127,6.569924e-05,0.25159734,0.006278792,2.3420437e-08,2.5035079e-05,0.73933625
462,inesco,fcim,fcim_s464.wav,Sad,330,Sad,Surprise,Happy,False,False,True,0.0032522792,3.755604e-05,0.108434536,0.0041394033,6.3023258e-09,5.0461344e-06,0.88413113
463,inesco,fcim,fcim_s465.wav,Sad,365,Sad,Surprise,Happy,False,False,True,0.0001545506,1.9280033e-05,0.004156207,0.012696011,6.188673e-09,6.6780462e-06,0.98296726
464,inesco,fcim,fcim_s466.wav,Sad,321,Sad,Fear,Happy,False,False,True,0.000114938826,6.1363667e-06,0.5108164,0.0009965333,7.760968e-07,0.00044766744,0.48761758
465,inesco,fcim,fcim_s467.wav,Sad,167,Sad,Fear,Sad,False,True,True,0.002878454,0.00025619747,0.539606,0.10777304,0.009616131,0.33971915,0.00015107203
466,inesco,fcim,fcim_s468.wav,Sad,253,Sad,Fear,Sad,False,True,True,0.000116985786,0.0003623057,0.9494167,0.0079551125,0.0015698838,0.024260618,0.016318362
467,inesco,fcim,fcim_s469.wav,Sad,154,Sad,Fear,Angry,False,False,True,0.0026038447,2.2719543e-05,0.98190707,5.617899e-05,5.8847843e-07,5.2859643e-05,0.015356754
468,inesco,fcim,fcim_s470.wav,Sad,253,Sad,Fear,Angry,False,False,True,0.30639875,0.0033838362,0.675221,6.0911258e-05,3.3671418e-07,0.012987634,0.001947512
469,inesco,fcim,fcim_s471.wav,Sad,141,Sad,Sad,Sad,True,True,False,5.1898182e-06,4.9305356e-07,0.21841604,0.0044990676,0.0008603265,0.7486297,0.02758919
470,inesco,fcim,fcim_s472.wav,Sad,324,Sad,Fear,Sad,False,True,True,1.7731794e-05,1.815978e-06,0.9722725,4.0550258e-05,1.3368968e-07,0.00015667989,0.027510492
471,inesco,fcim,fcim_s473.wav,Sad,305,Sad,Fear,Angry,False,False,True,0.0016444532,7.4697164e-06,0.9851328,0.00097403774,2.3386214e-07,4.8169186e-06,0.012236201
472,inesco,fcim,fcim_s474.wav,Sad,401,Sad,Fear,Happy,False,False,True,0.026768759,0.00026710925,0.61793214,0.038382918,2.7190996e-05,0.00223385,0.314388
473,inesco,fcim,fcim_s475.wav,Sad,401,Sad,Surprise,Angry,False,False,True,0.0009787478,3.0507493e-07,9.846352e-05,0.0004429226,4.1593723e-10,4.4049932e-07,0.99847907
474,inesco,fcim,fcim_s476.wav,Sad,330,Sad,Surprise,Angry,False,False,True,0.26642263,0.0018861786,0.118190184,0.0014584726,1.7068801e-08,2.6353484e-06,0.6120399
475,inesco,fcim,fcim_s477.wav,Sad,401,Sad,Angry,Angry,False,False,False,0.6764755,0.00021719838,0.05911315,0.24493054,2.7594957e-05,0.0014980541,0.017738014
476,inesco,fcim,fcim_s478.wav,Sad,247,Sad,Surprise,Angry,False,False,True,0.32474467,0.00018610172,0.09355812,0.0014207567,1.3073745e-07,4.2135092e-05,0.5800481
477,inesco,fcim,fcim_s479.wav,Sad,401,Sad,Surprise,Angry,False,False,True,0.0061664623,0.0007970051,0.14429083,0.0016078554,2.9616645e-08,0.0006142404,0.84652364
478,inesco,fcim,fcim_s480.wav,Sad,337,Sad,Surprise,Angry,False,False,True,0.015267944,0.0008934766,0.15594678,0.009778026,1.5127321e-07,3.4724373e-05,0.8180789
479,inesco,fcim,fcim_s481.wav,Sad,401,Sad,Surprise,Happy,False,False,True,0.002233917,1.7966371e-05,0.040517326,0.015262433,1.3219592e-07,3.0490635e-06,0.9419652
480,inesco,fcim,fcim_s482.wav,Sad,199,Sad,Fear,Happy,False,False,True,3.8047194e-05,9.223825e-09,0.5946044,0.40504745,0.00017285772,8.622821e-06,0.00012864795
481,inesco,fcim,fcim_s483.wav,Sad,391,Sad,Surprise,Happy,False,False,True,0.0010943686,1.1920812e-07,0.31499085,0.008109065,2.7808111e-09,2.2617187e-06,0.67580336
482,inesco,fcim,fcim_s484.wav,Sad,250,Sad,Fear,Happy,False,False,True,0.002175395,0.00016785438,0.73916286,0.199601,0.0009865548,0.01008925,0.04781707
483,inesco,fcim,fcim_s485.wav,Sad,135,Sad,Angry,Angry,False,False,False,0.53060913,1.9781348e-05,0.26706314,0.14689666,0.00023893821,0.0003108406,0.05486143
484,inesco,fcim,fcim_s486.wav,Sad,401,Sad,Fear,Happy,False,False,True,0.0063967523,2.2492752e-06,0.4181901,0.19429371,5.4169297e-05,0.000715402,0.3803476
485,inesco,fcim,fcim_s487.wav,Sad,269,Sad,Fear,Sad,False,True,True,0.003671484,0.003071325,0.74906486,0.0022423905,1.1536123e-07,0.15214482,0.089804985
486,inesco,fcim,fcim_s488.wav,Sad,193,Sad,Fear,Happy,False,False,True,1.4298076e-06,7.1588646e-09,0.98411614,0.01584015,1.967923e-06,3.1745985e-05,8.6015125e-06
487,inesco,fcim,fcim_s489.wav,Sad,401,Sad,Happy,Happy,False,False,False,0.027844703,0.0003263583,0.0037705365,0.9637433,8.220041e-05,0.0010155106,0.0032174645
488,inesco,fcim,fcim_s490.wav,Sad,375,Sad,Surprise,Happy,False,False,True,0.0012974701,0.0007574431,0.0017598126,0.054289483,1.4541268e-07,4.4559533e-06,0.9418912
489,inesco,fcim,fcim_s491.wav,Sad,401,Sad,Surprise,Happy,False,False,True,0.0015778083,0.00010629699,3.3938937e-05,0.035100866,1.0047002e-08,5.5110297e-07,0.96318054
490,inesco,fcim,fcim_s492.wav,Sad,346,Sad,Happy,Happy,False,False,False,0.02426411,1.4196154e-05,0.4612673,0.49291593,4.4107903e-05,0.007995349,0.013498968
491,inesco,fcim,fcim_s493.wav,Sad,401,Sad,Happy,Happy,False,False,False,0.03130903,0.00021217119,0.0107324645,0.58283496,1.1908234e-08,2.4269284e-05,0.37488717
492,inesco,fcim,fcim_s494.wav,Sad,183,Sad,Fear,Sad,False,True,True,0.0005039427,0.0002241645,0.55394995,0.00018189197,0.00022647271,0.44490507,8.5175025e-06
493,inesco,fcim,fcim_s495.wav,Sad,401,Sad,Fear,Happy,False,False,True,0.002424376,0.0010079797,0.50197864,0.06387305,1.8220163e-06,0.014643749,0.41607037
494,inesco,fcim,fcim_s496.wav,Sad,289,Sad,Fear,Angry,False,False,True,0.009559788,0.0037656345,0.6208233,0.0007132362,2.3759103e-06,0.008279523,0.35685617
495,inesco,fcim,fcim_s497.wav,Sad,263,Sad,Fear,Happy,False,False,True,7.354881e-05,8.940852e-05,0.9623159,0.031235255,1.7979462e-05,0.0013096279,0.004958176
496,inesco,fcim,fcim_s498.wav,Sad,250,Sad,Surprise,Happy,False,False,True,0.011112298,7.055646e-05,0.14161924,0.07935259,3.92653e-07,0.00052144955,0.76732343
497,inesco,fcim,fcim_s499.wav,Sad,401,Sad,Surprise,Sad,False,True,True,0.0011429687,4.6866016e-06,0.4510605,0.00083554845,1.1757595e-06,0.0018629505,0.54509217
498,inesco,fcim,fcim_s500.wav,Sad,327,Sad,Fear,Angry,False,False,True,0.10901813,0.0046287575,0.6274306,0.061653763,0.0017911552,0.04267541,0.15280218
499,inesco,fcim,fcim_s501.wav,Sad,327,Sad,Surprise,Happy,False,False,True,0.010443931,0.00048813107,0.16715463,0.18205576,2.594819e-06,0.002213969,0.6376411
500,inesco,fcim,fcim_s502.wav,Sad,196,Sad,Fear,Happy,False,False,True,0.0012949075,5.8670057e-08,0.9816822,0.016887521,5.805271e-06,0.00011237923,1.7092721e-05
501,inesco,fcim,fcim_s503.wav,Sad,362,Sad,Angry,Angry,False,False,False,0.92998993,6.220026e-05,0.013161889,0.0480865,4.283681e-06,1.9533136e-05,0.008675641
502,inesco,fcim,fcim_s504.wav,Sad,276,Sad,Surprise,Angry,False,False,True,0.13569435,0.0023985489,0.18050043,0.0014167536,1.1425061e-06,0.00013318012,0.67985564
503,inesco,fcim,fcim_s505.wav,Sad,340,Sad,Fear,Sad,False,True,True,0.014380983,0.00031818647,0.6219095,0.009860798,2.2662257e-06,0.02282444,0.33070382
504,inesco,fcim,fcim_s506.wav,Sad,308,Sad,Surprise,Angry,False,False,True,0.00053770415,1.1157293e-06,0.005113982,0.000535759,9.377954e-09,1.4832101e-06,0.9938099
505,inesco,fcim,fcim_s507.wav,Sad,237,Sad,Fear,Angry,False,False,True,0.021095246,9.3220837e-07,0.955254,0.016785227,7.091868e-07,0.00011613477,0.0067477813
506,inesco,fcim,fcim_s508.wav,Sad,340,Sad,Angry,Angry,False,False,False,0.9431296,0.0017957935,0.01777804,0.002041562,9.502777e-06,0.009572849,0.02567264
507,inesco,fcim,fcim_s509.wav,Sad,369,Sad,Surprise,Happy,False,False,True,0.09202318,8.819331e-05,0.048045173,0.11279762,5.3379773e-07,0.00041338897,0.7466319
508,inesco,fcim,fcim_s510.wav,Sad,401,Sad,Surprise,Happy,False,False,True,6.767376e-05,5.487735e-07,0.00012843593,0.01302857,3.3167205e-11,1.3580176e-08,0.9867748
509,inesco,fcim,fcim_s511.wav,Sad,401,Sad,Fear,Happy,False,False,True,3.468185e-07,3.6453812e-07,0.9819626,0.00016327745,2.49982e-09,0.00013817022,0.017735267
510,inesco,fcim,fcim_s512.wav,Sad,401,Sad,Surprise,Happy,False,False,True,0.00020967738,0.0012788067,0.00033971024,0.037094615,1.8138104e-10,1.4947494e-05,0.96106225
511,inesco,fcim,fcim_s513.wav,Sad,378,Sad,Surprise,Happy,False,False,True,6.994407e-05,3.0786662e-06,0.19163737,0.012815195,7.2015547e-07,5.635503e-05,0.7954173
512,inesco,fcim,fcim_s514.wav,Sad,401,Sad,Fear,Sad,False,True,True,0.0006307292,0.00043367184,0.7388399,0.009860852,8.125509e-07,0.105136395,0.14509757
513,inesco,fcim,fcim_s515.wav,Sad,212,Sad,Fear,Happy,False,False,True,7.4714895e-05,3.8528214e-07,0.88742983,0.0054417215,1.7874232e-06,0.00018795632,0.1068636
514,inesco,fcim,fcim_s516.wav,Sad,215,Sad,Fear,Happy,False,False,True,0.000538159,0.0063346853,0.9509395,0.0028930383,5.117158e-06,0.0014012892,0.037888166
515,inesco,fcim,fcim_s517.wav,Sad,295,Sad,Fear,Happy,False,False,True,0.0017093915,2.0828065e-05,0.9358586,0.011144184,3.335821e-05,0.0017441164,0.04948952
516,inesco,fcim,fcim_s518.wav,Sad,401,Sad,Fear,Happy,False,False,True,0.11211212,0.009200619,0.5431576,0.11864965,3.3487208e-06,0.0010244774,0.21585228
517,inesco,fcim,fcim_s519.wav,Sad,343,Sad,Fear,Happy,False,False,True,7.495967e-05,6.9441035e-07,0.9410393,0.044001117,9.3837436e-08,0.0021933352,0.012690511
518,inesco,fcim,fcim_s520.wav,Sad,196,Sad,Fear,Happy,False,False,True,2.3546407e-05,1.1876845e-09,0.99787915,0.0019093866,1.8345673e-07,0.00018743236,3.227528e-07
519,inesco,fcim,fcim_s521.wav,Sad,196,Sad,Fear,Happy,False,False,True,7.625076e-05,1.4618254e-07,0.9349143,0.06423735,1.2810846e-05,0.0005387209,0.00022049481
520,inesco,fcim,fcim_s522.wav,Sad,103,Sad,Fear,Happy,False,False,True,0.0027155762,1.2056951e-06,0.6789077,0.12772667,6.448081e-06,0.00042961305,0.1902128
521,inesco,fcim,fcim_s523.wav,Sad,151,Sad,Fear,Happy,False,False,True,7.047459e-06,1.05864736e-07,0.99916124,0.00046491795,4.052117e-06,1.8382756e-05,0.0003442523
522,inesco,fcim,fcim_s524.wav,Sad,253,Sad,Fear,Happy,False,False,True,0.0025026775,0.00021041199,0.8222121,0.002746061,1.02195095e-07,0.00050184486,0.17182685
523,inesco,fcim,fcim_s525.wav,Sad,340,Sad,Fear,Angry,False,False,True,0.0027305027,0.00012302512,0.8724761,0.00054772757,1.1896128e-06,0.00022021467,0.12390131
524,inesco,fcim,fcim_s526.wav,Sad,401,Sad,Angry,Angry,False,False,False,0.39331156,0.00058615237,0.065721504,0.23985486,2.0411717e-07,0.0012410869,0.29928467
525,inesco,fcim,fcim_s527.wav,Sad,401,Sad,Fear,Happy,False,False,True,0.0046613384,1.3613485e-05,0.4568154,0.3535511,7.902548e-06,0.00044582254,0.18450485
526,inesco,fcim,fcim_s528.wav,Sad,401,Sad,Surprise,Happy,False,False,True,0.027299471,0.00011766168,0.2222745,0.16807234,6.01094e-07,0.00020259383,0.5820328
527,inesco,fcim,fcim_s529.wav,Sad,295,Sad,Surprise,Happy,False,False,True,5.235233e-05,7.781018e-06,0.19985352,0.0054441625,4.4539e-06,0.00014529047,0.7944924
528,inesco,fcim,fcim_s530.wav,Sad,340,Sad,Surprise,Angry,False,False,True,0.006237779,1.2658677e-06,0.00207276,7.8891426e-05,3.770442e-08,1.5444342e-05,0.99159384
529,inesco,fcim,fcim_s531.wav,Sad,193,Sad,Fear,Happy,False,False,True,7.5413736e-05,1.6158927e-05,0.9957093,0.0035824636,4.4346893e-07,0.00036664362,0.00024971255
530,inesco,fcim,fcim_s532.wav,Sad,282,Sad,Surprise,Happy,False,False,True,0.0006691787,2.6157262e-05,0.16472363,0.00078748347,5.4252133e-08,2.745323e-05,0.833766
531,inesco,fcim,fcim_s533.wav,Sad,397,Sad,Fear,Happy,False,False,True,0.036597207,5.259827e-05,0.6951864,0.20420438,6.296852e-05,0.0013397683,0.06255669
532,inesco,fcim,fcim_s534.wav,Sad,401,Sad,Surprise,Angry,False,False,True,0.14526561,0.00088189903,0.07699892,0.021896679,2.0826029e-07,3.616322e-05,0.7549206
533,inesco,fcim,fcim_s535.wav,Sad,205,Sad,Fear,Happy,False,False,True,0.008592426,1.0335469e-05,0.928991,0.04106859,1.4727128e-05,0.016023062,0.005299921
534,inesco,fcim,fcim_s536.wav,Sad,333,Sad,Angry,Angry,False,False,False,0.9895214,2.7538981e-05,0.00039383548,0.0015196053,2.5434753e-07,6.6464236e-07,0.008536787
535,inesco,fcim,fcim_s537.wav,Sad,401,Sad,Surprise,Happy,False,False,True,0.16164269,0.00034176468,0.007935582,0.2158336,3.9789784e-06,0.00013472416,0.6141076
536,inesco,fcim,fcim_s538.wav,Sad,317,Sad,Fear,Sad,False,True,True,0.00095045305,1.3876417e-05,0.9511178,0.0006293742,8.676923e-05,0.032400303,0.014801378
537,inesco,fcim,fcim_s539.wav,Sad,231,Sad,Fear,Angry,False,False,True,0.007201989,7.1824506e-06,0.9824071,0.0037843697,2.9241628e-05,0.00026365192,0.006306471
538,inesco,fcim,fcim_s540.wav,Sad,401,Sad,Surprise,Angry,False,False,True,0.042715967,0.0009013953,0.24725872,0.0002795179,1.0240549e-07,0.00046637465,0.7083779
539,inesco,fcim,fcim_s541.wav,Sad,401,Sad,Surprise,Happy,False,False,True,0.011663387,2.1065282e-05,0.15930915,0.35089508,3.4917139e-06,0.00037596517,0.47773182
540,inesco,fcim,fcim_s542.wav,Sad,401,Sad,Surprise,Angry,False,False,True,0.018917568,0.00076718844,0.025416236,0.0058209086,7.1885444e-07,0.00038573914,0.94869167
541,inesco,fcim,fcim_s543.wav,Sad,401,Sad,Fear,Angry,False,False,True,0.0043171276,7.191926e-05,0.84378403,0.0004766927,3.5334772e-06,6.0658913e-05,0.15128607
542,inesco,fcim,fcim_s544.wav,Sad,170,Sad,Fear,Happy,False,False,True,0.00013312315,1.7895116e-08,0.9948211,0.0049499786,7.573629e-05,1.9439856e-05,4.8915626e-07
543,inesco,fcim,fcim_s545.wav,Sad,372,Sad,Surprise,Happy,False,False,True,0.008926272,0.00042912274,0.03059722,0.028979007,1.776064e-06,0.00021242294,0.93085426
544,inesco,fcim,fcim_s546.wav,Sad,401,Sad,Surprise,Happy,False,False,True,0.0022259345,3.9791237e-07,0.42459825,0.06611939,4.9869096e-09,1.3690644e-06,0.5070547
545,inesco,fcim,fcim_s547.wav,Sad,401,Sad,Surprise,Happy,False,False,True,0.0022743524,0.000292992,0.23653412,0.3459866,1.2059376e-05,0.0021218825,0.4127779
546,inesco,fcim,fcim_s548.wav,Sad,324,Sad,Fear,Angry,False,False,True,0.027749157,4.3151326e-06,0.89769846,0.009694505,5.744858e-07,7.30077e-05,0.064780034
547,inesco,fcim,fcim_s549.wav,Sad,359,Sad,Surprise,Happy,False,False,True,0.00046246577,8.608718e-06,0.10966978,0.008647785,6.660179e-08,6.508084e-05,0.8811462
548,inesco,fcim,fcim_s550.wav,Sad,305,Sad,Fear,Angry,False,False,True,0.06506766,2.1488157e-05,0.68089193,0.0027841232,5.4171494e-07,3.91983e-05,0.25119507
549,inesco,fcim,fcim_s551.wav,Sad,330,Sad,Surprise,Angry,False,False,True,0.09336555,0.0021161085,0.25694746,0.004913943,2.0589065e-05,0.0056420034,0.63699436
550,inesco,fcim,fcim_s552.wav,Sad,205,Sad,Sad,Sad,True,True,False,0.00021499232,0.00018371952,0.35323814,0.24836981,0.0005640005,0.39742634,2.9990283e-06
551,inesco,fcim,fcim_s553.wav,Sad,161,Sad,Happy,Happy,False,False,False,1.4526722e-05,3.588292e-06,0.007360504,0.9921876,3.609756e-05,2.3728035e-05,0.00037392095
552,inesco,fcim,fcim_s554.wav,Sad,148,Sad,Fear,Angry,False,False,True,0.0015998872,1.15541845e-07,0.9983322,2.1591588e-06,1.0618391e-05,2.1332602e-05,3.3756638e-05
553,inesco,fcim,fcim_s555.wav,Sad,311,Sad,Fear,Happy,False,False,True,0.00030555527,4.188849e-05,0.8423938,0.00082789623,4.7171918e-07,0.00018568743,0.15624472
554,inesco,fcim,fcim_s556.wav,Sad,231,Sad,Fear,Sad,False,True,True,3.358992e-05,1.8322135e-05,0.9988318,7.1476476e-05,1.037212e-06,0.00054857426,0.0004952761
555,inesco,fcim,fcim_s557.wav,Sad,106,Sad,Fear,Angry,False,False,True,0.022305893,2.4428252e-07,0.96782917,0.00865479,0.0010585326,5.4569657e-05,9.683978e-05
556,inesco,fcim,fcim_s558.wav,Sad,221,Sad,Fear,Angry,False,False,True,0.0009011682,1.14068946e-07,0.9983846,0.000589721,8.7855774e-08,2.0398757e-05,0.00010390094
557,inesco,fcim,fcim_s559.wav,Sad,292,Sad,Happy,Happy,False,False,False,0.0008921461,8.739339e-06,0.002853519,0.68926734,4.7264944e-06,0.00012834689,0.30684528
558,inesco,fcim,fcim_s560.wav,Sad,119,Sad,Angry,Angry,False,False,False,0.5502483,1.2799023e-06,0.2940587,0.15229316,5.604282e-05,7.51624e-05,0.003267233
559,inesco,fcim,fcim_s561.wav,Sad,292,Sad,Surprise,Happy,False,False,True,0.002474922,2.2637347e-05,0.20969167,0.038494725,1.04979485e-07,8.984957e-06,0.7493069
560,inesco,fcim,fcim_s562.wav,Sad,125,Sad,Happy,Happy,False,False,False,0.46709275,1.321754e-07,0.033747263,0.4973433,0.0016395128,3.6508254e-06,0.00017338601
561,inesco,fcim,fcim_s563.wav,Sad,298,Sad,Angry,Angry,False,False,False,0.56605625,0.21868713,0.047034413,0.05988348,3.287065e-06,0.10430978,0.0040256167
562,inesco,fcim,fcim_s564.wav,Sad,378,Sad,Fear,Sad,False,True,True,0.0010434643,1.9618017e-06,0.9933702,3.222704e-05,1.6004484e-05,0.0012966773,0.004239517
563,inesco,fcim,fcim_s565.wav,Sad,401,Sad,Angry,Angry,False,False,False,0.6987744,0.02454437,0.0061874334,0.019475264,6.1257543e-07,0.19364247,0.057375446
564,inesco,fcim,fcim_s566.wav,Sad,109,Sad,Angry,Angry,False,False,False,0.87480533,5.614949e-07,0.112920456,0.009841654,0.002102921,3.1752737e-05,0.00029734342
565,inesco,fcim,fcim_s567.wav,Sad,183,Sad,Fear,Happy,False,False,True,0.00016666374,9.950261e-06,0.9790652,0.017249582,1.36620265e-05,0.0007175738,0.0027774656
566,inesco,fcim,fcim_s568.wav,Sad,161,Sad,Fear,Happy,False,False,True,0.00011074673,3.1085303e-09,0.9914152,0.008434871,7.235226e-07,1.6903465e-05,2.1484391e-05
567,inesco,fcim,fcim_s569.wav,Sad,401,Sad,Happy,Happy,False,False,False,0.07039315,6.9993456e-07,0.346243,0.51633674,4.1485194e-08,3.1113006e-05,0.06699532
568,inesco,fcim,fcim_s570.wav,Sad,375,Sad,Surprise,Angry,False,False,True,7.895649e-05,7.6084217e-07,0.21957286,7.465754e-05,2.984761e-08,1.0058204e-06,0.78027177
569,inesco,fcim,fcim_s571.wav,Sad,324,Sad,Surprise,Happy,False,False,True,0.0015363966,4.592444e-05,0.08094995,0.002629958,7.6367776e-08,1.556555e-06,0.9148361
570,inesco,fcim,fcim_s572.wav,Sad,228,Sad,Fear,Angry,False,False,True,0.0012739232,7.9108423e-07,0.99810934,0.0004464004,4.307777e-08,1.0753212e-05,0.00015876698
571,inesco,fcim,fcim_s573.wav,Sad,237,Sad,Fear,Happy,False,False,True,0.002627453,3.431086e-06,0.9888609,0.004021265,4.5501193e-07,0.00082701724,0.003659501
572,inesco,fcim,fcim_s574.wav,Sad,295,Sad,Angry,Angry,False,False,False,0.58814144,0.00043156272,0.2506258,0.036301132,0.00026395824,0.00089289615,0.1233432
573,inesco,fcim,fcim_s575.wav,Sad,228,Sad,Happy,Happy,False,False,False,0.027945546,2.9441586e-05,0.011803245,0.959237,2.5670743e-05,0.00094751327,1.1557035e-05
574,inesco,fcim,fcim_s576.wav,Sad,209,Sad,Fear,Happy,False,False,True,1.5440174e-06,2.2282734e-10,0.9979144,0.0005370845,1.0643392e-07,4.827817e-05,0.0014986106
575,inesco,fcim,fcim_s577.wav,Sad,401,Sad,Fear,Happy,False,False,True,9.5023324e-07,7.264052e-07,0.9976755,0.0004636218,5.965172e-08,7.782363e-05,0.0017813708
576,inesco,fcim,fcim_s578.wav,Sad,196,Sad,Fear,Happy,False,False,True,0.0062547554,3.853864e-05,0.8237587,0.16609028,4.019897e-05,0.0038054124,1.2099815e-05
577,inesco,fcim,fcim_s579.wav,Sad,196,Sad,Fear,Happy,False,False,True,2.388023e-05,3.029915e-08,0.98529214,0.014649774,7.582978e-07,2.6821626e-05,6.4543333e-06
578,inesco,fcim,fcim_s580.wav,Sad,401,Sad,Fear,Happy,False,False,True,6.033849e-06,1.6152737e-06,0.60923976,0.00049090275,1.9958431e-10,2.857489e-07,0.39026144
579,inesco,fcim,fcim_s581.wav,Sad,199,Sad,Fear,Happy,False,False,True,0.010342771,1.2166491e-06,0.5559167,0.42572182,0.0003211098,0.0071901903,0.00050617295
580,inesco,fcim,fcim_s582.wav,Sad,401,Sad,Happy,Happy,False,False,False,0.4504911,9.161952e-05,0.0034218628,0.50472146,7.708423e-07,0.00014552918,0.041127723
581,inesco,fcim,fcim_s583.wav,Sad,58,Sad,Fear,Angry,False,False,True,0.15526856,2.1417252e-06,0.8441838,0.000379945,3.2779117e-05,8.361504e-05,4.9281014e-05
582,inesco,fcim,fcim_s584.wav,Sad,401,Sad,Surprise,Angry,False,False,True,0.08873522,0.0003441043,0.12273999,0.030027358,1.2696394e-05,0.00054588396,0.75759476
583,inesco,fcim,fcim_s585.wav,Sad,353,Sad,Surprise,Angry,False,False,True,0.032643344,6.800879e-05,0.012295152,0.0036633906,3.809659e-08,1.9798012e-05,0.9513102
584,inesco,fcim,fcim_s586.wav,Sad,388,Sad,Surprise,Happy,False,False,True,0.0003661806,0.00013402425,0.015680203,0.0005338633,3.2309542e-09,4.60537e-07,0.98328525
585,inesco,fcim,fcim_s587.wav,Sad,308,Sad,Fear,Angry,False,False,True,0.15886785,5.138073e-06,0.82815874,0.0018582506,4.987817e-05,0.00025251307,0.010807568
586,inesco,fcim,fcim_s588.wav,Sad,401,Sad,Happy,Happy,False,False,False,0.07882199,8.190704e-06,0.026081853,0.7019367,2.8746769e-07,0.00082179724,0.19232915
587,inesco,fcim,fcim_s589.wav,Sad,269,Sad,Fear,Happy,False,False,True,0.002503943,0.0016280125,0.84298563,0.007766547,1.8960273e-07,0.0005252358,0.14459053
588,inesco,fcim,fcim_s590.wav,Sad,247,Sad,Angry,Angry,False,False,False,0.89395434,2.0089155e-05,0.042663243,0.036288776,1.488016e-06,9.3697345e-06,0.027062641
589,inesco,fcim,fcim_s591.wav,Sad,401,Sad,Surprise,Happy,False,False,True,0.024250403,0.0025150497,0.15053484,0.042533863,1.788402e-05,0.0015971016,0.7785508
590,inesco,fcim,fcim_s592.wav,Sad,401,Sad,Surprise,Happy,False,False,True,0.000999115,6.346631e-05,0.06611806,0.0031680153,5.527105e-07,4.321477e-05,0.9296076
591,inesco,fcim,fcim_s593.wav,Sad,353,Sad,Fear,Angry,False,False,True,0.033558786,7.268441e-05,0.832104,0.025460796,2.1792962e-06,0.00016395797,0.10863753
592,inesco,fcim,fcim_s594.wav,Sad,401,Sad,Surprise,Happy,False,False,True,0.0053118137,1.3728676e-05,0.07204919,0.02997917,9.77048e-06,0.0017601207,0.8908761
593,inesco,fcim,fcim_s595.wav,Sad,401,Sad,Surprise,Happy,False,False,True,0.00019543587,1.17261525e-05,0.00024948808,0.007877652,7.0751065e-11,4.7036187e-06,0.99166095
594,inesco,fcim,fcim_s596.wav,Sad,401,Sad,Surprise,Angry,False,False,True,0.2927588,0.00028205875,0.0036924367,0.10810009,7.2304883e-06,0.003717809,0.59144163
595,inesco,fcim,fcim_s597.wav,Sad,401,Sad,Surprise,Sad,False,True,True,0.0023328501,0.00078522676,0.11677324,0.0019312525,1.8845961e-06,0.0057470175,0.87242854
596,inesco,fcim,fcim_s598.wav,Sad,397,Sad,Angry,Angry,False,False,False,0.9887235,2.4079459e-06,3.111601e-05,0.011053806,4.962501e-08,4.6879823e-08,0.00018907574
597,inesco,fcim,fcim_s599.wav,Sad,401,Sad,Happy,Happy,False,False,False,0.0024374663,0.007529993,0.0016040584,0.8297081,1.9112397e-06,0.0028129343,0.15590549
598,inesco,fcim,fcim_s600.wav,Sad,401,Sad,Surprise,Angry,False,False,True,0.37172592,5.0893934e-05,0.061441265,0.0043793204,2.7399937e-08,6.007793e-06,0.56239665
599,inesco,fyat,fyat_a212.wav,Angry,189,Angry,Surprise,Happy,False,False,True,0.00017240936,0.00812332,0.0025123758,0.10054828,1.0225964e-05,0.011631065,0.87700236
600,inesco,fyat,fyat_a213.wav,Angry,173,Angry,Angry,Angry,True,True,False,0.8349501,4.0756873e-07,0.006307852,0.15724593,9.414895e-07,3.2527172e-05,0.0014623074
601,inesco,fyat,fyat_a214.wav,Angry,225,Angry,Fear,Happy,False,False,True,0.004930385,0.0007444133,0.4865721,0.41214293,0.002241878,0.016250344,0.07711798
602,inesco,fyat,fyat_a215.wav,Angry,257,Angry,Happy,Happy,False,False,False,5.2393476e-05,3.7085312e-05,0.0010513851,0.8924594,7.0090014e-09,1.7905175e-05,0.106381856
603,inesco,fyat,fyat_a216.wav,Angry,228,Angry,Fear,Happy,False,False,True,3.9890223e-05,1.0432775e-05,0.87640786,0.016591262,6.9760827e-06,0.00025257026,0.106690966
604,inesco,fyat,fyat_a217.wav,Angry,151,Angry,Happy,Happy,False,False,False,0.00040354228,6.7590435e-07,0.4436469,0.54580295,0.00070212834,0.003496698,0.005947029
605,inesco,fyat,fyat_a218.wav,Angry,346,Angry,Surprise,Happy,False,False,True,9.253602e-05,7.480928e-05,9.864339e-05,0.048117947,7.5142043e-07,6.1457404e-06,0.9516092
606,inesco,fyat,fyat_a219.wav,Angry,369,Angry,Surprise,Happy,False,False,True,0.0004489205,6.2957793e-06,2.433227e-05,0.093043916,1.5249288e-08,8.155102e-06,0.9064683
607,inesco,fyat,fyat_a220.wav,Angry,241,Angry,Angry,Angry,True,True,False,0.76193494,0.088789366,0.000104780636,0.07536018,3.6979508e-09,0.0071651535,0.06664558
608,inesco,fyat,fyat_a221.wav,Angry,401,Angry,Sad,Sad,False,False,False,0.082466744,0.017165845,0.0017402548,0.07522371,0.0002624453,0.7203185,0.10282255
609,inesco,fyat,fyat_a222.wav,Angry,148,Angry,Fear,Angry,False,True,True,0.0039315973,0.00012055968,0.9939201,0.0014803688,4.254678e-06,0.00010913993,0.00043400843
610,inesco,fyat,fyat_a223.wav,Angry,269,Angry,Surprise,Happy,False,False,True,0.0008286822,0.0009591061,0.011308018,0.03943844,8.4678146e-07,0.007025739,0.9404392
611,inesco,fyat,fyat_a224.wav,Angry,330,Angry,Happy,Happy,False,False,False,0.015472451,0.006243096,0.00043507502,0.77640265,8.397908e-05,0.0036484783,0.19771421
612,inesco,fyat,fyat_a225.wav,Angry,228,Angry,Fear,Angry,False,True,True,0.2742819,0.0923663,0.38447163,0.14385282,0.0010489699,0.10219676,0.001781695
613,inesco,fyat,fyat_a226.wav,Angry,273,Angry,Disgust,Angry,False,True,True,0.11432952,0.6898185,0.0027110125,0.09202817,2.0257079e-05,0.069940105,0.031152384
614,inesco,fyat,fyat_a227.wav,Angry,401,Angry,Fear,Happy,False,False,True,0.0028218345,0.00019742282,0.5868093,0.31796876,0.0003129958,0.0864576,0.005432098
615,inesco,fyat,fyat_a228.wav,Angry,125,Angry,Fear,Happy,False,False,True,5.0413553e-05,1.0489234e-08,0.9263731,0.0008488936,6.9780637e-10,1.07211626e-07,0.07272743
616,inesco,fyat,fyat_a229.wav,Angry,401,Angry,Surprise,Happy,False,False,True,0.0077448194,0.00043134292,1.0226866e-05,0.3678405,5.2832934e-07,1.6774762e-06,0.6239709
617,inesco,fyat,fyat_a230.wav,Angry,401,Angry,Disgust,Angry,False,True,True,0.16407175,0.55400735,0.047957115,0.1350324,2.7135536e-06,5.5476386e-05,0.09887319
618,inesco,fyat,fyat_a231.wav,Angry,311,Angry,Surprise,Happy,False,False,True,5.2598403e-05,6.817127e-05,1.7459733e-06,0.07820837,1.7923825e-10,1.5311898e-05,0.92165387
619,inesco,fyat,fyat_a232.wav,Angry,221,Angry,Fear,Happy,False,False,True,8.23642e-06,5.256481e-09,0.9706546,0.028035011,3.624735e-08,1.0000505e-05,0.001292096
620,inesco,fyat,fyat_a233.wav,Angry,349,Angry,Sad,Sad,False,False,False,0.00025935663,0.1554626,1.854179e-05,0.024273094,4.776205e-05,0.8134228,0.0065158023
621,inesco,fyat,fyat_a234.wav,Angry,84,Angry,Fear,Angry,False,True,True,0.12878796,7.327248e-06,0.75816196,0.099178135,9.305207e-05,0.0005558248,0.013215644
622,inesco,fyat,fyat_a235.wav,Angry,135,Angry,Fear,Happy,False,False,True,4.9834864e-07,5.266695e-10,0.99995494,2.9845792e-06,8.379536e-07,8.299839e-08,4.0690637e-05
623,inesco,fyat,fyat_a236.wav,Angry,228,Angry,Surprise,Angry,False,True,True,0.021693526,0.00065641705,0.0014981495,0.0011395488,1.1307087e-06,0.00020013422,0.9748111
624,inesco,fyat,fyat_a237.wav,Angry,141,Angry,Surprise,Happy,False,False,True,0.0010546736,3.563745e-08,0.28612652,0.017620437,2.759868e-05,6.2538186e-07,0.6951701
625,inesco,fyat,fyat_a238.wav,Angry,148,Angry,Angry,Angry,True,True,False,0.9654686,1.8024883e-07,0.028070664,0.0058014607,3.4339762e-06,9.547765e-07,0.0006545811
626,inesco,fyat,fyat_a239.wav,Angry,161,Angry,Happy,Happy,False,False,False,0.012901123,2.2245522e-06,0.1406055,0.8407091,9.977546e-07,1.2010044e-05,0.005769043
627,inesco,fyat,fyat_a240.wav,Angry,237,Angry,Surprise,Angry,False,True,True,0.21411563,0.23780689,0.038000096,0.19885689,0.00059657544,0.0006332179,0.30999067
628,inesco,fyat,fyat_a241.wav,Angry,119,Angry,Fear,Happy,False,False,True,0.02835415,1.0919496e-05,0.880258,0.051857546,0.00011235126,0.0009018028,0.038505223
629,inesco,fyat,fyat_a242.wav,Angry,401,Angry,Happy,Happy,False,False,False,0.017103195,0.013987378,0.005912183,0.9250169,1.0901247e-05,0.0017375713,0.036231954
630,inesco,fyat,fyat_a243.wav,Angry,228,Angry,Fear,Happy,False,False,True,0.0026105673,0.003779437,0.8973095,0.031786483,5.006174e-06,0.0022634545,0.06224551
631,inesco,fyat,fyat_a244.wav,Angry,289,Angry,Angry,Angry,True,True,False,0.86586463,0.008487428,9.3545776e-07,0.06589521,2.6691723e-08,0.00063235307,0.059119496
632,inesco,fyat,fyat_a245.wav,Angry,349,Angry,Angry,Angry,True,True,False,0.8899078,0.0044511324,0.0012159112,0.014640531,4.976811e-06,0.00072492537,0.08905475
633,inesco,fyat,fyat_a246.wav,Angry,113,Angry,Angry,Angry,True,True,False,0.6880114,2.0724068e-05,0.027727673,0.2535755,0.0064204033,0.00014747433,0.024096794
634,inesco,fyat,fyat_a247.wav,Angry,385,Angry,Surprise,Happy,False,False,True,0.000500259,0.0037735016,1.3714745e-05,0.12579139,2.169193e-10,2.963467e-07,0.8699208
635,inesco,fyat,fyat_a248.wav,Angry,327,Angry,Angry,Angry,True,True,False,0.4813663,0.0011331749,0.03282139,0.27630946,0.00069140235,0.0004133705,0.20726492
636,inesco,fyat,fyat_a249.wav,Angry,263,Angry,Angry,Angry,True,True,False,0.8101569,0.009227661,0.0011224617,0.012962947,0.0127376085,0.0060212575,0.14777113
637,inesco,fyat,fyat_a250.wav,Angry,346,Angry,Happy,Happy,False,False,False,0.095572665,0.0013225585,0.0012637585,0.644366,1.7417884e-06,5.7232766e-05,0.257416
638,inesco,fyat,fyat_a251.wav,Angry,241,Angry,Angry,Angry,True,True,False,0.5019592,0.011168375,0.014729109,0.4639863,2.0658026e-05,0.0012913989,0.006844934
639,inesco,fyat,fyat_a252.wav,Angry,314,Angry,Neutral,Sad,False,False,True,0.0019246419,0.000105921696,0.017479349,0.063937746,0.7042677,0.21217102,0.00011360207
640,inesco,fyat,fyat_a253.wav,Angry,228,Angry,Happy,Happy,False,False,False,0.020493524,0.010834761,0.063250154,0.8566046,3.8512843e-07,1.37402085e-05,0.04880283
641,inesco,fyat,fyat_a254.wav,Angry,231,Angry,Angry,Angry,True,True,False,0.87015325,3.6749538e-05,0.017603302,0.10977741,3.7158213e-06,1.2955275e-05,0.0024127348
642,inesco,fyat,fyat_a255.wav,Angry,269,Angry,Surprise,Angry,False,True,True,0.13500808,0.0010400095,0.3506478,0.032338094,0.00047889075,0.048571464,0.4319156
643,inesco,fyat,fyat_a256.wav,Angry,349,Angry,Angry,Angry,True,True,False,0.86716366,8.995412e-05,0.12883066,0.0023824656,5.812094e-06,0.0007063123,0.00082120224
644,inesco,fyat,fyat_a257.wav,Angry,282,Angry,Angry,Angry,True,True,False,0.54887956,0.029640386,0.00013426476,0.010603582,6.03429e-07,0.00016420729,0.4105774
645,inesco,fyat,fyat_a258.wav,Angry,138,Angry,Surprise,Angry,False,True,True,0.055270277,1.4212063e-06,0.24313253,0.04043145,7.932819e-06,4.4104477e-06,0.6611519
646,inesco,fyat,fyat_a259.wav,Angry,292,Angry,Happy,Happy,False,False,False,0.07973591,0.0047946656,0.00367834,0.9090303,9.082333e-06,0.0001913663,0.0025603527
647,inesco,fyat,fyat_a260.wav,Angry,356,Angry,Fear,Angry,False,True,True,0.23191994,0.0055492967,0.5598749,0.0015604799,0.00027084767,0.14719468,0.05362978
648,inesco,fyat,fyat_a261.wav,Angry,247,Angry,Angry,Angry,True,True,False,0.6428571,2.3736311e-05,0.32427904,0.027965758,8.803639e-07,0.0015688506,0.0033046158
649,inesco,fyat,fyat_a262.wav,Angry,202,Angry,Angry,Angry,True,True,False,0.5431198,2.8829124e-06,0.17722318,0.2786147,2.1349308e-05,1.6234357e-05,0.0010018154
650,inesco,fyat,fyat_a263.wav,Angry,276,Angry,Angry,Angry,True,True,False,0.9791703,5.305926e-05,0.0011728945,0.016796812,0.0008550022,0.0007410511,0.0012109065
651,inesco,fyat,fyat_a264.wav,Angry,100,Angry,Surprise,Angry,False,True,True,0.44837844,3.4084587e-06,0.07298135,0.020185668,1.3088219e-05,3.5752906e-05,0.4584023
652,inesco,fyat,fyat_a265.wav,Angry,93,Angry,Angry,Angry,True,True,False,0.8626721,2.016338e-06,0.0007460658,0.029838335,8.925194e-07,5.8687852e-05,0.10668184
653,inesco,fyat,fyat_a266.wav,Angry,372,Angry,Surprise,Happy,False,False,True,0.020711187,0.0020808117,0.0005205747,0.41603163,1.3446232e-06,0.0004921454,0.5601623
654,inesco,fyat,fyat_a267.wav,Angry,129,Angry,Angry,Angry,True,True,False,0.5234296,4.6338423e-06,0.0040996727,0.00094166875,8.679465e-05,0.00037038708,0.47106728
655,inesco,fyat,fyat_a268.wav,Angry,87,Angry,Angry,Angry,True,True,False,0.7520417,9.1807915e-06,0.12611675,0.022399602,0.0003551604,0.00033275594,0.09874484
656,inesco,fyat,fyat_a269.wav,Angry,129,Angry,Fear,Happy,False,False,True,0.036590286,7.146429e-06,0.9218129,0.039321322,0.0012930083,0.00029598043,0.0006793571
657,inesco,fyat,fyat_a270.wav,Angry,170,Angry,Angry,Angry,True,True,False,0.56415653,4.799493e-06,0.18301147,0.24798381,0.0008085097,0.00018231684,0.0038525995
658,inesco,fyat,fyat_a271.wav,Angry,337,Angry,Surprise,Sad,False,False,True,0.010497338,0.042639613,0.03202665,0.054776244,6.130375e-06,0.17823754,0.68181646
659,inesco,fyat,fyat_a272.wav,Angry,260,Angry,Happy,Happy,False,False,False,0.025829664,0.00060715433,0.057708487,0.8821529,4.0779323e-06,0.011101902,0.022595838
660,inesco,fyat,fyat_a273.wav,Angry,241,Angry,Fear,Happy,False,False,True,0.0313175,0.0017714888,0.8108654,0.13605995,1.264579e-07,0.0078996485,0.012085847
661,inesco,fyat,fyat_a274.wav,Angry,401,Angry,Fear,Sad,False,False,True,0.004194773,0.00017371768,0.8221423,0.038023148,0.00018431777,0.12137046,0.013911265
662,inesco,fyat,fyat_a275.wav,Angry,151,Angry,Happy,Happy,False,False,False,0.40744382,9.6923465e-08,0.01729086,0.5696476,9.327161e-05,3.5821708e-05,0.00548846
663,inesco,fyat,fyat_a276.wav,Angry,218,Angry,Angry,Angry,True,True,False,0.7612025,0.00055774767,0.00081698317,0.23463644,0.0007133239,0.00012036284,0.0019526277
664,inesco,fyat,fyat_a277.wav,Angry,308,Angry,Happy,Happy,False,False,False,0.0007777779,9.066444e-05,0.1925666,0.5649922,6.3699446e-09,5.904252e-07,0.24157216
665,inesco,fyat,fyat_a278.wav,Angry,401,Angry,Surprise,Happy,False,False,True,0.00051633094,0.009547319,0.00043396905,0.07050497,1.00504366e-07,4.7328936e-06,0.9189925
666,inesco,fyat,fyat_a279.wav,Angry,385,Angry,Surprise,Happy,False,False,True,0.001543842,3.4429722e-05,0.004883453,0.003971645,3.0641883e-07,0.00035283566,0.9892134
667,inesco,fyat,fyat_a280.wav,Angry,314,Angry,Surprise,Happy,False,False,True,0.00022600505,0.2733554,0.0002533995,0.10877254,3.8602015e-05,0.07755872,0.5397954
668,inesco,fyat,fyat_a281.wav,Angry,279,Angry,Surprise,Happy,False,False,True,7.185085e-05,0.000245294,0.216935,0.0028102524,3.1508134e-09,0.0005615744,0.77937603
669,inesco,fyat,fyat_a282.wav,Angry,260,Angry,Surprise,Angry,False,True,True,0.002954462,0.00036816768,0.009781497,0.00027755185,5.7808796e-07,0.0005212417,0.98609656
670,inesco,fyat,fyat_a283.wav,Angry,378,Angry,Surprise,Happy,False,False,True,0.044750262,6.8916954e-08,1.8702869e-05,0.09076588,1.11195945e-07,5.043549e-06,0.8644599
671,inesco,fyat,fyat_a284.wav,Angry,266,Angry,Happy,Happy,False,False,False,1.3521805e-05,9.861796e-05,0.010041478,0.5222767,3.417382e-09,0.0013129027,0.4662568
672,inesco,fyat,fyat_a285.wav,Angry,218,Angry,Happy,Happy,False,False,False,0.41428286,5.284564e-05,0.0067334743,0.5703916,0.003003208,0.005131581,0.00040448728
673,inesco,fyat,fyat_a286.wav,Angry,359,Angry,Happy,Happy,False,False,False,0.0040923646,0.08279745,7.951255e-06,0.7135979,7.816904e-06,6.117012e-05,0.19943537
674,inesco,fyat,fyat_a287.wav,Angry,273,Angry,Angry,Angry,True,True,False,0.54162526,0.15160939,0.0020793746,0.10960904,5.613487e-06,0.118729346,0.076341935
675,inesco,fyat,fyat_a288.wav,Angry,289,Angry,Fear,Sad,False,False,True,0.037586994,0.0008866653,0.4389519,0.0004468641,7.0774183e-07,0.22395353,0.2981734
676,inesco,fyat,fyat_a289.wav,Angry,132,Angry,Angry,Angry,True,True,False,0.9765732,8.4295766e-07,0.021886833,0.00078220194,4.916061e-07,1.8853708e-06,0.0007546207
677,inesco,fyat,fyat_a290.wav,Angry,353,Angry,Surprise,Happy,False,False,True,0.0005080326,0.0026203792,0.0002012788,0.123600274,2.6810016e-08,0.0008895311,0.87218046
678,inesco,fyat,fyat_a291.wav,Angry,161,Angry,Surprise,Angry,False,True,True,0.28910688,2.139305e-06,0.17866015,0.00787038,1.0409052e-06,0.00014208045,0.52421737
679,inesco,fyat,fyat_a292.wav,Angry,71,Angry,Angry,Angry,True,True,False,0.9968267,2.4672447e-06,0.000579164,0.0009106352,1.5597153e-07,5.807212e-05,0.001622707
680,inesco,fyat,fyat_a293.wav,Angry,225,Angry,Fear,Happy,False,False,True,0.026213586,0.12456003,0.447434,0.37746838,8.655493e-06,0.005006227,0.019309195
681,inesco,fyat,fyat_a294.wav,Angry,401,Angry,Angry,Angry,True,True,False,0.7981941,0.0071999016,0.08263759,0.069865435,0.0010116764,0.004326152,0.036765184
682,inesco,fyat,fyat_a295.wav,Angry,333,Angry,Angry,Angry,True,True,False,0.43048173,0.022625295,0.02765924,0.27513567,0.0016576309,0.0041789045,0.23826158
683,inesco,fyat,fyat_a296.wav,Angry,141,Angry,Happy,Happy,False,False,False,0.061627734,9.2119194e-08,0.407046,0.44310853,4.6643888e-07,3.4095015e-07,0.08821678
684,inesco,fyat,fyat_a297.wav,Angry,116,Angry,Angry,Angry,True,True,False,0.7152543,1.0952609e-05,0.055786278,0.039354276,7.7499186e-05,0.0007432816,0.18877345
685,inesco,fyat,fyat_a298.wav,Angry,186,Angry,Happy,Happy,False,False,False,2.4273662e-05,1.6019617e-07,0.006239563,0.5691567,1.00757724e-07,1.4632787e-05,0.42456457
686,inesco,fyat,fyat_a299.wav,Angry,250,Angry,Angry,Angry,True,True,False,0.480706,0.0005516345,0.00013061771,0.26634145,2.8576213e-07,2.1831576e-05,0.2522481
687,inesco,fyat,fyat_a300.wav,Angry,401,Angry,Surprise,Happy,False,False,True,5.3097824e-06,1.2985375e-05,4.845468e-06,0.36597294,3.0566295e-07,6.6308667e-07,0.634003
688,inesco,fyat,fyat_a301.wav,Angry,250,Angry,Happy,Happy,False,False,False,0.014484067,0.41560802,0.013412472,0.5531244,2.4793655e-05,0.0012284546,0.0021177365
689,inesco,fyat,fyat_a302.wav,Angry,333,Angry,Angry,Angry,True,True,False,0.76147,0.0029372966,0.005265602,0.17062391,3.3488912e-05,1.1670705e-05,0.059658
690,inesco,fyat,fyat_a303.wav,Angry,372,Angry,Angry,Angry,True,True,False,0.583376,1.1150883e-05,0.00641448,0.2333693,0.00011140748,0.0003720861,0.1763456
691,inesco,fyat,fyat_a304.wav,Angry,196,Angry,Fear,Happy,False,False,True,0.00086649583,1.7215998e-08,0.9858882,0.009511107,5.229894e-05,8.183781e-05,0.0036000728
692,inesco,fyat,fyat_a305.wav,Angry,346,Angry,Angry,Angry,True,True,False,0.6470753,0.17480777,0.036895707,0.0091193,2.2599762e-07,0.010074237,0.12202745
693,inesco,fyat,fyat_a306.wav,Angry,289,Angry,Angry,Angry,True,True,False,0.9434267,0.00024543123,0.012405398,0.019017192,2.4317742e-07,1.569365e-05,0.024889357
694,inesco,fyat,fyat_a307.wav,Angry,189,Angry,Fear,Angry,False,True,True,0.39904964,0.00017721778,0.4814191,0.10124046,2.1208896e-06,0.00033167264,0.017779738
695,inesco,fyat,fyat_a308.wav,Angry,340,Angry,Angry,Angry,True,True,False,0.62599397,0.00014565319,0.000113029215,0.057337757,1.0190008e-09,1.1401564e-07,0.3164095
696,inesco,fyat,fyat_a309.wav,Angry,68,Angry,Fear,Angry,False,True,True,0.08840174,1.235109e-06,0.9078811,0.0029007993,3.0353806e-06,3.232337e-05,0.0007796755
697,inesco,fyat,fyat_a310.wav,Angry,109,Angry,Angry,Angry,True,True,False,0.9778175,2.2915135e-07,0.02133234,0.0008097919,3.000688e-06,1.0036721e-05,2.7209648e-05
698,inesco,fyat,fyat_a311.wav,Angry,145,Angry,Fear,Happy,False,False,True,0.00071506755,5.251768e-08,0.9723528,0.018799113,0.006742916,0.0004000976,0.0009899976
699,inesco,fyat,fyat_a312.wav,Angry,202,Angry,Happy,Happy,False,False,False,0.0018295591,3.8508453e-08,0.3461832,0.648717,3.12808e-06,2.38082e-05,0.0032432417
700,inesco,fyat,fyat_a313.wav,Angry,247,Angry,Happy,Happy,False,False,False,0.0035542357,3.6468402e-05,0.025933076,0.8013893,5.5952733e-06,5.2498628e-05,0.16902879
701,inesco,fyat,fyat_a314.wav,Angry,279,Angry,Fear,Angry,False,True,True,0.31530088,0.00030951318,0.6128522,0.057520673,0.0002648977,0.01151704,0.0022348072
702,inesco,fyat,fyat_a315.wav,Angry,401,Angry,Surprise,Happy,False,False,True,0.016820556,0.0030172297,2.190063e-05,0.37880793,1.6619407e-06,0.00035681218,0.6009739
703,inesco,fyat,fyat_a316.wav,Angry,401,Angry,Surprise,Angry,False,True,True,0.091091484,0.0020291344,0.010968178,0.07675424,6.7221966e-09,0.00010403901,0.8190528
704,inesco,fyat,fyat_a317.wav,Angry,362,Angry,Disgust,Sad,False,False,True,1.4896919e-05,0.9551944,0.0017988096,0.000303937,1.7879498e-06,0.022397866,0.020288276
705,inesco,fyat,fyat_a318.wav,Angry,199,Angry,Angry,Angry,True,True,False,0.89102286,6.99174e-06,0.036630463,0.071233645,5.6606477e-06,1.0458376e-05,0.0010898706
706,inesco,fyat,fyat_a319.wav,Angry,401,Angry,Happy,Happy,False,False,False,0.0011296885,9.2718057e-07,0.045504663,0.52627873,1.0939265e-06,0.0057517653,0.42133316
707,inesco,fyat,fyat_a320.wav,Angry,177,Angry,Angry,Angry,True,True,False,0.5153729,0.00097204035,0.027748825,0.43220896,0.0061508114,0.0132809905,0.0042654662
708,inesco,fyat,fyat_a321.wav,Angry,103,Angry,Angry,Angry,True,True,False,0.8458338,9.917545e-07,0.15414587,5.1677216e-07,4.304511e-06,2.6443536e-06,1.1910587e-05
709,inesco,fyat,fyat_a322.wav,Angry,71,Angry,Angry,Angry,True,True,False,0.96952695,3.3792726e-06,0.00068494363,0.02891349,0.00010610733,0.00071828446,4.6852638e-05
710,inesco,fyat,fyat_a323.wav,Angry,58,Angry,Angry,Angry,True,True,False,0.9585887,7.472843e-06,0.006195719,0.021122485,6.07508e-05,0.00032476173,0.013700031
711,inesco,fyat,fyat_a324.wav,Angry,173,Angry,Fear,Happy,False,False,True,1.7538758e-06,2.9649722e-10,0.8551354,0.014148285,8.349394e-08,6.145144e-09,0.13071448
712,inesco,fyat,fyat_a325.wav,Angry,113,Angry,Surprise,Angry,False,True,True,0.107692584,0.0001646243,0.047800247,0.044465736,0.00090276264,0.00012928905,0.7988448
713,inesco,fyat,fyat_a326.wav,Angry,317,Angry,Surprise,Angry,False,True,True,0.3385094,0.000282349,0.051721647,0.0025597091,2.2274508e-06,1.8236404e-05,0.6069064
714,inesco,fyat,fyat_a327.wav,Angry,285,Angry,Happy,Happy,False,False,False,0.06775747,9.967166e-05,0.004671386,0.8844716,6.2378263e-06,1.3325534e-05,0.04298031
715,inesco,fyat,fyat_a328.wav,Angry,330,Angry,Surprise,Sad,False,False,True,8.3969375e-05,0.005153777,0.15126565,0.00076117745,1.2948434e-05,0.010848651,0.8318739
716,inesco,fyat,fyat_a329.wav,Angry,205,Angry,Fear,Happy,False,False,True,0.0005762183,1.0836826e-06,0.641554,0.35673088,0.00046788913,0.00055230665,0.00011765519
717,inesco,fyat,fyat_a330.wav,Angry,135,Angry,Fear,Happy,False,False,True,0.0015796004,7.598566e-08,0.98973244,0.008354062,2.4550849e-05,5.9734706e-05,0.0002494376
718,inesco,fyat,fyat_a331.wav,Angry,193,Angry,Surprise,Angry,False,True,True,0.02833078,2.2443337e-06,0.0055605145,0.0012659776,6.7219264e-07,8.369612e-05,0.9647561
719,inesco,fyat,fyat_a332.wav,Angry,129,Angry,Fear,Happy,False,False,True,5.0988604e-07,1.2291933e-09,0.99942696,0.00014399104,5.104701e-08,2.3807183e-05,0.0004047038
720,inesco,fyat,fyat_a333.wav,Angry,103,Angry,Angry,Angry,True,True,False,0.9804159,3.3526027e-07,0.017485129,0.0019715799,4.9127493e-06,2.156093e-06,0.00012000409
721,inesco,fyat,fyat_a334.wav,Angry,244,Angry,Happy,Happy,False,False,False,0.022782916,0.00332299,0.012539947,0.9537024,1.1529095e-06,0.00562229,0.0020283565
722,inesco,fyat,fyat_a335.wav,Angry,173,Angry,Angry,Angry,True,True,False,0.60594064,0.0002156876,0.36175314,0.028420782,0.00041246694,0.00037229504,0.002884905
723,inesco,fyat,fyat_a336.wav,Angry,205,Angry,Angry,Angry,True,True,False,0.80887705,2.5677118e-06,0.029371465,0.16113727,0.0003014413,0.00027020948,3.993835e-05
724,inesco,fyat,fyat_a337.wav,Angry,170,Angry,Angry,Angry,True,True,False,0.9963566,1.7834832e-07,0.0014368765,0.0022010682,1.3301986e-06,1.7911229e-07,3.7242537e-06
725,inesco,fyat,fyat_a338.wav,Angry,225,Angry,Angry,Angry,True,True,False,0.88674754,0.002747068,0.048067693,0.033319686,3.8136818e-07,0.00014799314,0.028969672
726,inesco,fyat,fyat_a339.wav,Angry,397,Angry,Surprise,Happy,False,False,True,0.015372346,0.103562996,1.0712126e-06,0.13876313,5.072817e-10,2.1299868e-06,0.7422983
727,inesco,fyat,fyat_a340.wav,Angry,109,Angry,Angry,Angry,True,True,False,0.85946333,4.249094e-06,0.13739039,0.002402745,8.132126e-06,8.5463515e-05,0.00064576895
728,inesco,fyat,fyat_a341.wav,Angry,289,Angry,Surprise,Happy,False,False,True,0.00068091805,4.5651115e-05,0.0010808756,0.062962994,3.609845e-08,0.00024206252,0.9349874
729,inesco,fyat,fyat_a342.wav,Angry,298,Angry,Surprise,Happy,False,False,True,0.02756546,0.018123692,0.026009958,0.15683988,0.00014442543,0.029799769,0.74151677
730,inesco,fyat,fyat_a343.wav,Angry,205,Angry,Fear,Happy,False,False,True,5.7819227e-05,9.228121e-06,0.8882342,0.052985106,1.2550028e-07,0.001032582,0.05768091
731,inesco,fyat,fyat_a344.wav,Angry,164,Angry,Happy,Happy,False,False,False,0.10428265,1.4004747e-08,0.0019489533,0.8913412,1.1878841e-06,2.368441e-09,0.0024260248
732,inesco,fyat,fyat_a345.wav,Angry,157,Angry,Fear,Happy,False,False,True,0.0041078413,1.1053799e-07,0.6040172,0.39020845,5.085553e-05,5.339252e-06,0.0016102876
733,inesco,fyat,fyat_a346.wav,Angry,337,Angry,Angry,Angry,True,True,False,0.6402069,0.022741813,0.20355217,0.070049345,1.734532e-05,0.0015434679,0.06188901
734,inesco,fyat,fyat_a347.wav,Angry,225,Angry,Fear,Sad,False,False,True,0.0010768751,0.0006834168,0.79832685,0.0012621732,9.3978986e-07,0.007620075,0.19102956
735,inesco,fyat,fyat_a348.wav,Angry,109,Angry,Fear,Angry,False,True,True,0.24319834,3.463709e-05,0.71284795,0.008792542,3.0849947e-06,0.00023775356,0.034885675
736,inesco,fyat,fyat_a349.wav,Angry,186,Angry,Fear,Happy,False,False,True,0.13790497,1.3525001e-06,0.63025546,0.20078325,6.2275435e-06,5.369484e-05,0.030995023
737,inesco,fyat,fyat_a350.wav,Angry,401,Angry,Surprise,Happy,False,False,True,2.8081991e-05,3.4968137e-09,0.0005900658,0.006278834,3.4285983e-12,1.608884e-08,0.993103
738,inesco,fyat,fyat_a351.wav,Angry,244,Angry,Angry,Angry,True,True,False,0.9900898,1.8435205e-05,0.0029157288,0.0066238386,2.8077751e-05,0.00028059428,4.353656e-05
739,inesco,fyat,fyat_a352.wav,Angry,189,Angry,Fear,Happy,False,False,True,2.4322484e-05,2.5402073e-08,0.991723,0.008104465,4.947952e-06,0.00013298108,1.0248144e-05
740,inesco,fyat,fyat_a353.wav,Angry,263,Angry,Surprise,Sad,False,False,True,0.00035030514,0.002838323,0.008286762,0.010736141,1.5341236e-06,0.12841369,0.8493732
741,inesco,fyat,fyat_a354.wav,Angry,356,Angry,Surprise,Happy,False,False,True,0.096803635,6.259168e-05,0.03467142,0.121990636,1.6232523e-06,0.00032094697,0.74614906
742,inesco,fyat,fyat_a355.wav,Angry,266,Angry,Angry,Angry,True,True,False,0.6112753,0.014387462,0.17191072,0.000110277564,3.591187e-08,0.0007571789,0.20155904
743,inesco,fyat,fyat_a356.wav,Angry,308,Angry,Happy,Happy,False,False,False,0.2005731,9.385199e-05,0.20966445,0.4145763,0.00010149813,2.9760364e-05,0.17496102
744,inesco,fyat,fyat_a357.wav,Angry,205,Angry,Happy,Happy,False,False,False,0.0011749179,1.8480061e-05,0.39672127,0.49757323,0.007538862,0.07444101,0.02253222
745,inesco,fyat,fyat_a358.wav,Angry,119,Angry,Surprise,Angry,False,True,True,0.10842255,0.0006089483,0.32120645,0.003858243,4.2523217e-05,0.043546412,0.52231485
746,inesco,fyat,fyat_a359.wav,Angry,209,Angry,Angry,Angry,True,True,False,0.5208049,5.941009e-05,0.06117347,0.35567912,0.030586947,0.024958732,0.0067374664
747,inesco,fyat,fyat_a360.wav,Angry,116,Angry,Fear,Angry,False,True,True,0.045407034,1.4488222e-07,0.9429776,0.003101795,0.008444706,2.6914535e-05,4.189748e-05
748,inesco,fyat,fyat_a361.wav,Angry,125,Angry,Fear,Angry,False,True,True,0.26822844,3.8547554e-07,0.5972909,0.0015529556,6.001379e-08,5.0813505e-06,0.13292226
749,inesco,fyat,fyat_a362.wav,Angry,71,Angry,Angry,Angry,True,True,False,0.91756314,8.8530544e-07,0.0785375,0.0036908665,5.0562703e-06,0.00017539767,2.714671e-05
750,inesco,fyat,fyat_a363.wav,Angry,141,Angry,Angry,Angry,True,True,False,0.9420268,6.876991e-07,0.018878508,0.03887049,1.1546327e-05,2.6816388e-05,0.00018520765
751,inesco,fyat,fyat_a364.wav,Angry,122,Angry,Surprise,Angry,False,True,True,0.2375928,2.3533755e-07,0.004420802,0.00070622854,1.3609068e-06,7.4902077e-06,0.75727105
752,inesco,fyat,fyat_a365.wav,Angry,145,Angry,Fear,Happy,False,False,True,0.042178422,6.0840716e-07,0.78465927,0.15816234,0.00039795172,0.00014898724,0.014452477
753,inesco,fyat,fyat_a366.wav,Angry,205,Angry,Fear,Happy,False,False,True,0.022888638,2.46695e-08,0.78068066,0.19602582,8.237208e-06,0.0003817489,1.49714515e-05
754,inesco,fyat,fyat_a367.wav,Angry,68,Angry,Angry,Angry,True,True,False,0.9998845,5.452887e-07,5.455655e-05,5.055361e-05,7.9754564e-08,7.285821e-06,2.4206952e-06
755,inesco,fyat,fyat_a368.wav,Angry,167,Angry,Fear,Happy,False,False,True,0.0023143382,9.098554e-09,0.982847,0.014666558,5.015433e-06,7.2281837e-06,0.00015982555
756,inesco,fyat,fyat_a369.wav,Angry,193,Angry,Happy,Happy,False,False,False,0.105143815,1.213639e-06,0.056671415,0.83808416,9.119997e-07,9.195568e-07,9.7530174e-05
757,inesco,fyat,fyat_a370.wav,Angry,161,Angry,Fear,Happy,False,False,True,8.763108e-05,4.4324157e-08,0.71535236,0.07101385,1.9099295e-07,2.8402556e-07,0.2135456
758,inesco,fyat,fyat_a371.wav,Angry,161,Angry,Happy,Happy,False,False,False,0.003215655,2.0233192e-06,0.2278358,0.7664459,0.00029643235,0.001010205,0.0011940056
759,inesco,fyat,fyat_a372.wav,Angry,237,Angry,Fear,Happy,False,False,True,0.00094087364,3.9002757e-06,0.86446,0.10807007,2.5101761e-05,0.012150383,0.014349737
760,inesco,fyat,fyat_a373.wav,Angry,173,Angry,Fear,Angry,False,True,True,0.01613304,6.863966e-07,0.96217906,0.0012830385,1.213775e-06,7.3553806e-06,0.02039563
761,inesco,fyat,fyat_a374.wav,Angry,61,Angry,Angry,Angry,True,True,False,0.99910885,1.5241513e-07,0.00046859117,0.0003926681,3.3407994e-06,2.285088e-06,2.413381e-05
762,inesco,fyat,fyat_a375.wav,Angry,260,Angry,Sad,Sad,False,False,False,0.083755635,0.15948734,0.00042331807,0.039121654,2.6933034e-05,0.6884344,0.028750703
763,inesco,fyat,fyat_a376.wav,Angry,81,Angry,Angry,Angry,True,True,False,0.9921991,5.901187e-07,0.0077039176,2.8750548e-05,5.7462225e-06,7.401715e-06,5.4533568e-05
764,inesco,fyat,fyat_a377.wav,Angry,132,Angry,Fear,Angry,False,True,True,0.38847873,2.0732016e-06,0.55983156,0.03955538,3.3595593e-06,3.1891275e-05,0.0120969955
765,inesco,fyat,fyat_a378.wav,Angry,167,Angry,Surprise,Happy,False,False,True,0.028738612,5.302076e-06,0.028330296,0.12369257,3.837186e-05,0.0132808015,0.805914
766,inesco,fyat,fyat_a379.wav,Angry,173,Angry,Fear,Happy,False,False,True,0.16020359,9.000038e-07,0.45491692,0.38033283,3.80451e-06,9.513607e-07,0.004541087
767,inesco,fyat,fyat_a380.wav,Angry,305,Angry,Surprise,Happy,False,False,True,5.0513616e-05,8.712348e-06,0.0018880349,0.0016739102,4.03731e-07,2.3399476e-05,0.99635506
768,inesco,fyat,fyat_a381.wav,Angry,237,Angry,Fear,Sad,False,False,True,0.059309233,0.0002988645,0.80892414,0.05426234,4.4933156e-05,0.076313585,0.00084690104
769,inesco,fyat,fyat_a382.wav,Angry,113,Angry,Angry,Angry,True,True,False,0.6890168,1.3673152e-06,0.03209639,0.2537818,0.0010691937,2.0282785e-05,0.024014216
770,inesco,fyat,fyat_a383.wav,Angry,68,Angry,Fear,Angry,False,True,True,0.32398424,0.00074449985,0.62944853,0.011351997,9.8955345e-05,0.0079387305,0.026433019
771,inesco,fyat,fyat_a384.wav,Angry,125,Angry,Surprise,Angry,False,True,True,0.1789765,7.44049e-06,0.088234365,0.06577116,2.416985e-07,1.2954054e-05,0.6669973
772,inesco,fyat,fyat_a385.wav,Angry,119,Angry,Angry,Angry,True,True,False,0.9881577,1.2629557e-06,0.0027594545,0.0072686165,0.00097308727,6.23381e-06,0.0008335609
773,inesco,fyat,fyat_a386.wav,Angry,129,Angry,Fear,Happy,False,False,True,0.099836335,4.4728245e-07,0.4897824,0.38709593,0.0039783497,0.001139425,0.018167075
774,inesco,fyat,fyat_a387.wav,Angry,401,Angry,Surprise,Happy,False,False,True,0.006428029,0.0016986707,0.012938073,0.06079397,1.725276e-06,0.00019913314,0.9179404
775,inesco,fyat,fyat_a388.wav,Angry,68,Angry,Angry,Angry,True,True,False,0.99196273,1.8866295e-07,0.00654597,0.0014083508,1.2086173e-06,1.897988e-05,6.260019e-05
776,inesco,fyat,fyat_a389.wav,Angry,77,Angry,Fear,Angry,False,True,True,0.21603386,4.9478135e-06,0.4319643,0.13748755,8.7298595e-06,0.00037884075,0.21412174
777,inesco,fyat,fyat_a390.wav,Angry,81,Angry,Angry,Angry,True,True,False,0.9999597,4.29024e-07,2.6296568e-05,5.955929e-06,8.087303e-08,2.4835915e-06,4.9920936e-06
778,inesco,fyat,fyat_a391.wav,Angry,55,Angry,Angry,Angry,True,True,False,0.86571044,2.5630501e-05,0.100573845,0.00821378,1.2952885e-05,0.0029497184,0.022513615
779,inesco,fyat,fyat_a392.wav,Angry,49,Angry,Angry,Angry,True,True,False,0.98047674,6.9980647e-06,0.01676767,0.0010516361,1.8887885e-06,7.4932315e-05,0.0016200901
780,inesco,fyat,fyat_a393.wav,Angry,106,Angry,Angry,Angry,True,True,False,0.9088794,4.5092506e-06,0.009710767,0.019263308,1.1184733e-05,3.734183e-05,0.06209343
781,inesco,fyat,fyat_a394.wav,Angry,157,Angry,Angry,Angry,True,True,False,0.8669133,3.8832904e-06,3.953235e-05,0.13274941,8.511953e-07,1.1309337e-07,0.00029281536
782,inesco,fyat,fyat_a395.wav,Angry,125,Angry,Angry,Angry,True,True,False,0.9003026,3.1355611e-07,0.05527369,0.0015488573,5.495991e-05,3.0405836e-05,0.04278912
783,inesco,fyat,fyat_a396.wav,Angry,234,Angry,Fear,Happy,False,False,True,0.0008522089,6.0608018e-06,0.5553334,0.42778015,2.0921265e-05,0.014744926,0.0012623915
784,inesco,fyat,fyat_a397.wav,Angry,61,Angry,Angry,Angry,True,True,False,0.9987005,1.3823609e-06,0.00013879803,0.0011009325,2.157663e-05,1.0164793e-05,2.6629306e-05
785,inesco,fyat,fyat_a398.wav,Angry,65,Angry,Angry,Angry,True,True,False,0.9867343,1.7043554e-05,0.012263774,6.494833e-05,5.5409578e-06,0.00020891473,0.0007055649
786,inesco,fyat,fyat_a399.wav,Angry,401,Angry,Happy,Happy,False,False,False,0.20614463,1.6896985e-05,0.11279055,0.6499658,5.5992596e-06,0.004778837,0.026297634
787,inesco,fyat,fyat_a400.wav,Angry,241,Angry,Fear,Angry,False,True,True,0.012056528,0.000249232,0.69098306,0.0033769424,1.165085e-06,0.009252311,0.28408086
788,inesco,fyat,fyat_a401.wav,Angry,199,Angry,Angry,Angry,True,True,False,0.7052992,8.35353e-05,0.027027898,0.2630498,0.0010606374,0.00036055376,0.0031183383
789,inesco,fyat,fyat_h001.wav,Happy,231,Happy,Surprise,Happy,False,True,True,0.0027729284,0.004586365,0.008167421,0.021133112,1.2773502e-06,5.1280465e-05,0.9632876
790,inesco,fyat,fyat_h002.wav,Happy,148,Happy,Happy,Happy,True,True,False,0.21351194,1.4308646e-06,0.033709392,0.5847384,8.370284e-06,1.9303625e-06,0.1680285
791,inesco,fyat,fyat_h003.wav,Happy,237,Happy,Angry,Angry,False,False,False,0.53671664,0.010738284,0.0164109,0.19516535,7.122644e-05,0.009728465,0.23116918
792,inesco,fyat,fyat_h004.wav,Happy,84,Happy,Angry,Angry,False,False,False,0.9892854,8.5521975e-07,0.008688799,0.0019953405,8.599954e-07,2.2774454e-06,2.6413984e-05
793,inesco,fyat,fyat_h005.wav,Happy,177,Happy,Surprise,Happy,False,True,True,0.0037974329,0.003322916,0.0001662699,0.083756246,8.798265e-07,0.00059544004,0.9083608
794,inesco,fyat,fyat_h006.wav,Happy,234,Happy,Disgust,Sad,False,False,True,0.00079902617,0.9629171,0.00016724189,0.00010932902,6.20147e-06,0.02279037,0.013210835
795,inesco,fyat,fyat_h007.wav,Happy,157,Happy,Angry,Angry,False,False,False,0.9337459,0.0020578026,0.0040709907,0.0056576193,0.0030091363,0.027401369,0.024057154
796,inesco,fyat,fyat_h008.wav,Happy,257,Happy,Happy,Happy,True,True,False,0.15534377,0.0008165896,0.051024973,0.7715208,3.2774242e-05,0.00035284698,0.02090831
797,inesco,fyat,fyat_h009.wav,Happy,209,Happy,Surprise,Happy,False,True,True,0.007997599,0.0010379875,0.067050725,0.29101318,2.1942113e-05,0.0003906168,0.6324879
798,inesco,fyat,fyat_h010.wav,Happy,247,Happy,Happy,Happy,True,True,False,0.0137996245,0.0007803243,0.0026680448,0.7436394,0.0015147002,0.04989697,0.18770087
799,inesco,fyat,fyat_h011.wav,Happy,237,Happy,Disgust,Sad,False,False,True,0.01996617,0.83215606,0.0005306224,0.0006570633,0.0005114446,0.1384055,0.007773145
800,inesco,fyat,fyat_h012.wav,Happy,273,Happy,Surprise,Happy,False,True,True,0.020023713,0.0004163731,0.09358563,0.39385355,2.6050545e-06,0.0017302452,0.49038786
801,inesco,fyat,fyat_h013.wav,Happy,337,Happy,Surprise,Happy,False,True,True,0.0005913074,3.058815e-05,1.8461229e-05,0.003371531,1.2612216e-08,1.9815782e-06,0.99598604
802,inesco,fyat,fyat_h014.wav,Happy,401,Happy,Sad,Sad,False,False,False,0.0007603015,0.0042309863,0.032580066,0.09865746,0.12045378,0.7423673,0.0009499763
803,inesco,fyat,fyat_h015.wav,Happy,183,Happy,Surprise,Happy,False,True,True,0.00042395157,9.507315e-06,0.00038749745,0.018077599,1.300126e-08,2.8166678e-06,0.9810986
804,inesco,fyat,fyat_h016.wav,Happy,257,Happy,Surprise,Angry,False,False,True,0.09490275,0.028148629,0.0134333735,0.002168756,3.3709977e-09,0.00087157433,0.8604749
805,inesco,fyat,fyat_h017.wav,Happy,180,Happy,Angry,Angry,False,False,False,0.9310526,3.1996585e-06,0.028770706,0.039554987,8.684399e-05,0.00047746339,5.4139233e-05
806,inesco,fyat,fyat_h018.wav,Happy,401,Happy,Angry,Angry,False,False,False,0.83788407,0.010703606,5.438855e-06,0.1435208,8.406781e-07,6.8986315e-05,0.007816301
807,inesco,fyat,fyat_h019.wav,Happy,276,Happy,Disgust,Angry,False,False,True,0.026283773,0.53349316,0.00028147665,0.002771869,3.1497592e-07,0.00048240105,0.43668696
808,inesco,fyat,fyat_h020.wav,Happy,266,Happy,Surprise,Sad,False,False,True,0.0047124336,0.37076697,0.019700348,0.0002929044,4.5182894e-08,0.054926705,0.5496006
809,inesco,fyat,fyat_h021.wav,Happy,378,Happy,Surprise,Angry,False,False,True,0.045574706,7.2334215e-06,0.00028178515,0.0003393253,2.335136e-10,3.452607e-07,0.9537966
810,inesco,fyat,fyat_h022.wav,Happy,372,Happy,Angry,Angry,False,False,False,0.38005558,0.1572272,2.3713852e-05,0.26109,1.5574506e-06,0.00039891538,0.20120308
811,inesco,fyat,fyat_h023.wav,Happy,228,Happy,Surprise,Angry,False,False,True,0.23215695,2.9937632e-05,0.070638426,0.19079106,4.1349146e-08,1.3616524e-05,0.50637
812,inesco,fyat,fyat_h024.wav,Happy,145,Happy,Happy,Happy,True,True,False,0.020139514,1.0452752e-07,0.013209115,0.90932316,8.42802e-06,1.7622341e-06,0.057317924
813,inesco,fyat,fyat_h025.wav,Happy,218,Happy,Angry,Angry,False,False,False,0.8181726,0.0015762973,0.0002656654,0.08701878,0.00015532732,6.0037608e-05,0.09275131
814,inesco,fyat,fyat_h026.wav,Happy,289,Happy,Happy,Happy,True,True,False,0.016850311,0.0016359737,0.010362421,0.92888284,3.1005915e-05,8.03297e-05,0.042157073
815,inesco,fyat,fyat_h027.wav,Happy,260,Happy,Disgust,Angry,False,False,True,0.12459268,0.81144184,0.0005130444,0.05546534,3.7385812e-06,0.0022512262,0.0057321144
816,inesco,fyat,fyat_h028.wav,Happy,173,Happy,Happy,Happy,True,True,False,0.0039682896,7.89522e-07,0.08312649,0.9126488,5.7516572e-05,0.00012523086,7.283935e-05
817,inesco,fyat,fyat_h029.wav,Happy,324,Happy,Fear,Happy,False,True,True,0.13088581,0.00022822758,0.62589914,0.20202824,0.003236431,0.0218207,0.015901478
818,inesco,fyat,fyat_h030.wav,Happy,218,Happy,Neutral,Happy,False,True,True,1.746255e-05,0.00015675563,2.5612187e-07,0.0074032107,0.70753485,6.565411e-07,0.28488675
819,inesco,fyat,fyat_h031.wav,Happy,401,Happy,Sad,Sad,False,False,False,0.20948052,0.0006219248,0.11267619,0.038603786,0.03844417,0.59958386,0.00058952585
820,inesco,fyat,fyat_h032.wav,Happy,285,Happy,Surprise,Angry,False,False,True,0.0034881392,0.023680585,0.0012189382,0.00036390044,3.2176314e-07,0.00042333791,0.9708247
821,inesco,fyat,fyat_h033.wav,Happy,273,Happy,Happy,Happy,True,True,False,0.018984646,0.075776264,0.001707064,0.5622974,6.6899196e-07,0.30980754,0.031426456
822,inesco,fyat,fyat_h034.wav,Happy,285,Happy,Disgust,Angry,False,False,True,0.2162743,0.74891984,8.951488e-05,0.0005248706,2.571536e-05,0.006537863,0.0276278
823,inesco,fyat,fyat_h035.wav,Happy,346,Happy,Sad,Sad,False,False,False,0.01210655,0.4144842,0.0004912018,0.00070982584,0.0031440516,0.56753016,0.0015339609
824,inesco,fyat,fyat_h036.wav,Happy,401,Happy,Fear,Happy,False,True,True,0.0026279185,6.487521e-05,0.43385476,0.346388,8.2462466e-05,0.0031568692,0.21382515
825,inesco,fyat,fyat_h037.wav,Happy,401,Happy,Disgust,Angry,False,False,True,0.06600835,0.8650464,0.011908581,0.03439751,0.0015726907,0.000521936,0.020544624
826,inesco,fyat,fyat_h038.wav,Happy,401,Happy,Sad,Sad,False,False,False,0.11548862,0.11911269,0.017015902,0.1954978,0.001101996,0.5434232,0.008359809
827,inesco,fyat,fyat_h039.wav,Happy,282,Happy,Disgust,Angry,False,False,True,0.25726733,0.4885968,0.0055434215,0.019783827,1.6870265e-06,0.013426792,0.21538013
828,inesco,fyat,fyat_h040.wav,Happy,401,Happy,Surprise,Sad,False,False,True,0.00022126341,6.653252e-05,0.08275244,0.0025180848,9.63498e-07,0.007102056,0.90733874
829,inesco,fyat,fyat_h041.wav,Happy,100,Happy,Angry,Angry,False,False,False,0.7593109,1.8990203e-06,0.09875833,0.016793799,0.00017798504,2.8852914e-05,0.1249282
830,inesco,fyat,fyat_h042.wav,Happy,253,Happy,Sad,Sad,False,False,False,0.004910619,0.0021409094,0.28126317,0.24583548,0.0012317693,0.44831142,0.016306601
831,inesco,fyat,fyat_h043.wav,Happy,401,Happy,Fear,Happy,False,True,True,0.002166444,3.216585e-05,0.44552922,0.27193803,0.030262489,0.2329344,0.017137308
832,inesco,fyat,fyat_h044.wav,Happy,372,Happy,Happy,Happy,True,True,False,0.052690197,0.00012939206,1.8058827e-05,0.9229499,3.3100584e-06,2.0458998e-05,0.02418875
833,inesco,fyat,fyat_h045.wav,Happy,276,Happy,Angry,Angry,False,False,False,0.6268791,0.29248983,0.010532711,0.0020964101,0.039060995,0.02705712,0.0018838699
834,inesco,fyat,fyat_h046.wav,Happy,269,Happy,Angry,Angry,False,False,False,0.9557238,0.0027891533,0.0024602727,0.011313283,4.1563017e-05,0.0003339397,0.027337916
835,inesco,fyat,fyat_h047.wav,Happy,276,Happy,Neutral,Sad,False,False,True,6.728731e-05,2.8805716e-06,2.8043905e-05,0.00015500652,0.81290805,0.18683873,2.5035217e-08
836,inesco,fyat,fyat_h048.wav,Happy,237,Happy,Angry,Angry,False,False,False,0.37371904,0.014428274,0.20717424,0.33294836,7.1509163e-07,0.00020004908,0.07152937
837,inesco,fyat,fyat_h049.wav,Happy,253,Happy,Sad,Sad,False,False,False,0.0004467863,0.0008973343,0.0016083202,0.0015336757,0.16054147,0.8349651,7.338633e-06
838,inesco,fyat,fyat_h050.wav,Happy,173,Happy,Fear,Happy,False,True,True,0.00034369048,3.6059491e-06,0.9144429,0.042768124,1.3404966e-06,0.008287236,0.03415313
839,inesco,fyat,fyat_h051.wav,Happy,401,Happy,Happy,Happy,True,True,False,0.0010547644,0.00091073866,0.0036504804,0.95393,0.00070103025,0.038735814,0.0010172236
840,inesco,fyat,fyat_h052.wav,Happy,401,Happy,Sad,Sad,False,False,False,0.0068318523,0.006538475,0.0044053923,0.43990842,0.049000483,0.47930574,0.014009544
841,inesco,fyat,fyat_h053.wav,Happy,401,Happy,Neutral,Sad,False,False,True,0.00076623255,0.004175845,0.024302693,0.042998243,0.7607343,0.15973493,0.007287735
842,inesco,fyat,fyat_h054.wav,Happy,362,Happy,Happy,Happy,True,True,False,0.030199971,0.00014134518,0.0040940167,0.954061,1.3650535e-05,0.011129101,0.00036091948
843,inesco,fyat,fyat_h055.wav,Happy,401,Happy,Happy,Happy,True,True,False,0.041593038,0.012731931,0.002717714,0.899248,0.0014748938,0.04073565,0.0014987537
844,inesco,fyat,fyat_h056.wav,Happy,359,Happy,Disgust,Angry,False,False,True,0.1538292,0.69703627,8.416429e-05,0.0016186691,0.0038716963,0.12949765,0.01406233
845,inesco,fyat,fyat_h057.wav,Happy,369,Happy,Sad,Sad,False,False,False,0.008183375,0.02850085,0.0014337193,0.01709968,0.0077874293,0.8611279,0.075867005
846,inesco,fyat,fyat_h058.wav,Happy,401,Happy,Angry,Angry,False,False,False,0.60222805,0.045362856,0.0010744453,0.16996048,0.011099216,0.15819973,0.012075211
847,inesco,fyat,fyat_h059.wav,Happy,298,Happy,Happy,Happy,True,True,False,0.38793454,0.044508673,0.00051553495,0.44604942,0.018414887,0.10210679,0.00047018734
848,inesco,fyat,fyat_h060.wav,Happy,401,Happy,Happy,Happy,True,True,False,0.00022982784,2.799337e-05,0.00030232404,0.98733926,1.2673514e-06,0.00289684,0.009202521
849,inesco,fyat,fyat_h061.wav,Happy,148,Happy,Fear,Angry,False,False,True,0.0326771,3.498101e-06,0.8161772,0.0019509745,1.5743759e-05,0.00036037568,0.1488151
850,inesco,fyat,fyat_h062.wav,Happy,365,Happy,Sad,Sad,False,False,False,0.027665034,0.010076679,0.002253753,0.31848007,0.17059936,0.4525301,0.018394953
851,inesco,fyat,fyat_h063.wav,Happy,301,Happy,Angry,Angry,False,False,False,0.98260164,0.00029542873,1.9041914e-05,0.009262632,0.0072777704,0.00046767094,7.576645e-05
852,inesco,fyat,fyat_h064.wav,Happy,276,Happy,Sad,Sad,False,False,False,0.0055317758,0.0031001726,0.0010666829,0.002137449,0.15242821,0.8356413,9.438033e-05
853,inesco,fyat,fyat_h065.wav,Happy,375,Happy,Surprise,Sad,False,False,True,0.035736743,0.17246988,0.0103366375,0.0014610043,0.0009773712,0.07902382,0.6999945
854,inesco,fyat,fyat_h066.wav,Happy,311,Happy,Happy,Happy,True,True,False,0.011972767,0.000118382675,0.0020523358,0.9519477,1.3974031e-07,6.3751366e-05,0.03384489
855,inesco,fyat,fyat_h067.wav,Happy,401,Happy,Surprise,Happy,False,True,True,0.008571715,0.00065705506,0.043200552,0.05123384,2.2742486e-05,0.008046114,0.88826805
856,inesco,fyat,fyat_h068.wav,Happy,401,Happy,Angry,Angry,False,False,False,0.5596046,0.014676455,0.21561871,0.0012170788,0.11940161,0.08113572,0.008345769
857,inesco,fyat,fyat_h069.wav,Happy,401,Happy,Sad,Sad,False,False,False,0.0010228559,9.0354464e-05,0.0022373453,0.05392787,0.14677031,0.7959487,2.5918891e-06
858,inesco,fyat,fyat_h070.wav,Happy,401,Happy,Angry,Angry,False,False,False,0.49361843,0.11842628,0.0013535628,0.059652265,0.014992251,0.31148732,0.00046986924
859,inesco,fyat,fyat_h071.wav,Happy,381,Happy,Sad,Sad,False,False,False,0.001616446,0.001978464,0.0106338,0.037989512,0.13263877,0.814632,0.00051104126
860,inesco,fyat,fyat_h072.wav,Happy,372,Happy,Sad,Sad,False,False,False,0.0002219744,0.053920314,0.0032610935,0.0071024457,0.03891586,0.89107484,0.0055034496
861,inesco,fyat,fyat_h073.wav,Happy,202,Happy,Angry,Angry,False,False,False,0.9025057,0.026165873,4.1666077e-05,0.005474501,0.06563869,1.5071626e-05,0.00015850483
862,inesco,fyat,fyat_h074.wav,Happy,353,Happy,Surprise,Happy,False,True,True,0.03999243,9.288015e-05,0.0024678647,0.27923396,0.00030884295,0.051640015,0.62626404
863,inesco,fyat,fyat_h075.wav,Happy,250,Happy,Angry,Angry,False,False,False,0.8904343,0.00068973907,0.008581367,0.008304661,1.7010204e-07,1.5628017e-05,0.09197412
864,inesco,fyat,fyat_h076.wav,Happy,263,Happy,Angry,Angry,False,False,False,0.67913675,0.0006273298,0.013231401,0.14886177,0.0017657641,0.1560194,0.00035759856
865,inesco,fyat,fyat_h077.wav,Happy,308,Happy,Angry,Angry,False,False,False,0.5070838,0.06525423,0.00021335456,0.0043781647,0.38607106,0.007151941,0.029847467
866,inesco,fyat,fyat_h078.wav,Happy,273,Happy,Angry,Angry,False,False,False,0.75687164,0.11890342,0.00036983294,0.0050817104,0.018129947,0.09927404,0.0013693867
867,inesco,fyat,fyat_h079.wav,Happy,401,Happy,Happy,Happy,True,True,False,0.06267967,0.0046296674,0.0007053302,0.39593133,0.13914004,0.39504027,0.0018736443
868,inesco,fyat,fyat_h080.wav,Happy,401,Happy,Surprise,Happy,False,True,True,0.0021930623,0.0008071789,0.0011605975,0.032715652,2.7689955e-05,0.0006407475,0.96245503
869,inesco,fyat,fyat_h081.wav,Happy,372,Happy,Happy,Happy,True,True,False,0.15674515,0.08209351,0.0754023,0.49143985,0.004095004,0.13293321,0.05729099
870,inesco,fyat,fyat_h082.wav,Happy,391,Happy,Sad,Sad,False,False,False,0.014628659,0.00052823126,0.0025129097,0.0900606,0.06180453,0.8302981,0.00016701371
871,inesco,fyat,fyat_h083.wav,Happy,401,Happy,Happy,Happy,True,True,False,0.0037931395,0.00029652475,0.008022456,0.49087203,0.39295274,0.09187483,0.0121882325
872,inesco,fyat,fyat_h084.wav,Happy,244,Happy,Angry,Angry,False,False,False,0.66442674,0.010034621,0.03515138,0.2279909,6.933528e-06,0.003752665,0.058636848
873,inesco,fyat,fyat_h085.wav,Happy,401,Happy,Surprise,Happy,False,True,True,0.031524587,0.0027961219,0.00089323067,0.37085736,6.664904e-05,0.0046796044,0.5891824
874,inesco,fyat,fyat_h086.wav,Happy,321,Happy,Fear,Sad,False,False,True,0.023272647,0.0049423203,0.44889373,0.06410604,0.028117655,0.40549856,0.02516907
875,inesco,fyat,fyat_h087.wav,Happy,218,Happy,Fear,Happy,False,True,True,0.0002916223,4.7815698e-05,0.924614,0.001502202,2.1400733e-06,6.696948e-06,0.07353541
876,inesco,fyat,fyat_h088.wav,Happy,321,Happy,Disgust,Angry,False,False,True,0.009003144,0.91791004,0.00025953047,0.0043309852,5.980509e-06,0.001635831,0.06685453
877,inesco,fyat,fyat_h089.wav,Happy,401,Happy,Happy,Happy,True,True,False,0.0122778,0.00035809455,3.591397e-06,0.9539909,0.00018997176,0.03309587,8.364296e-05
878,inesco,fyat,fyat_h090.wav,Happy,113,Happy,Fear,Happy,False,True,True,0.015465783,0.00011077689,0.93458223,0.040968955,0.00071020547,0.008048277,0.00011385839
879,inesco,fyat,fyat_h091.wav,Happy,401,Happy,Angry,Angry,False,False,False,0.69031096,0.028791115,0.00015421533,0.0002003393,0.059034515,0.2215022,6.550905e-06
880,inesco,fyat,fyat_h092.wav,Happy,215,Happy,Neutral,Happy,False,True,True,0.1279243,0.008698445,0.0009546769,0.18493484,0.6372272,0.03158808,0.008672477
881,inesco,fyat,fyat_h093.wav,Happy,378,Happy,Angry,Angry,False,False,False,0.6100929,0.017930707,0.00085381785,0.00061519665,0.23751712,0.12793928,0.0050510224
882,inesco,fyat,fyat_h094.wav,Happy,375,Happy,Happy,Happy,True,True,False,0.0036289368,6.789403e-06,7.369887e-05,0.99300075,4.3270622e-05,0.00012421934,0.0031223202
883,inesco,fyat,fyat_h095.wav,Happy,301,Happy,Angry,Angry,False,False,False,0.99287224,0.0038737848,5.2920164e-05,0.00045067264,0.0023376374,0.00034776842,6.4972344e-05
884,inesco,fyat,fyat_h096.wav,Happy,209,Happy,Neutral,Happy,False,True,True,0.0083486475,7.356417e-05,0.012195399,0.05252866,0.8787318,0.04687541,0.0012465421
885,inesco,fyat,fyat_h097.wav,Happy,225,Happy,Angry,Angry,False,False,False,0.97440696,0.0009909458,0.0041688676,0.015708638,7.2759503e-06,0.00012784319,0.0045895046
886,inesco,fyat,fyat_h098.wav,Happy,401,Happy,Happy,Happy,True,True,False,0.002586275,7.6207776e-05,0.017546741,0.89152193,0.0010018197,0.051954817,0.035312172
887,inesco,fyat,fyat_h099.wav,Happy,109,Happy,Fear,Happy,False,True,True,8.650293e-05,3.1405992e-08,0.50530773,0.055063836,6.7290614e-08,5.1893735e-06,0.43953657
888,inesco,fyat,fyat_h100.wav,Happy,228,Happy,Surprise,Angry,False,False,True,0.30756024,0.23148258,0.00018931682,0.000988442,1.6069798e-05,3.8733153e-05,0.4597246
889,inesco,fyat,fyat_h101.wav,Happy,273,Happy,Angry,Angry,False,False,False,0.9967866,0.00013410632,4.0409006e-05,0.0019794384,0.00094543974,0.00010021375,1.3839649e-05
890,inesco,fyat,fyat_h102.wav,Happy,234,Happy,Sad,Sad,False,False,False,0.024993608,0.08858473,0.004961917,0.018430622,0.04289051,0.81985635,0.0002823016
891,inesco,fyat,fyat_h103.wav,Happy,401,Happy,Happy,Happy,True,True,False,0.0018275239,0.0019406751,0.006106798,0.4945792,0.018175205,0.47358721,0.0037834113
892,inesco,fyat,fyat_h104.wav,Happy,401,Happy,Happy,Happy,True,True,False,0.0033920123,0.0005854526,0.0013463515,0.7471892,0.003267607,0.24319012,0.0010292637
893,inesco,fyat,fyat_h105.wav,Happy,263,Happy,Sad,Sad,False,False,False,0.095245324,0.0060171154,5.8472226e-05,0.001064064,0.09219283,0.8054091,1.3127218e-05
894,inesco,fyat,fyat_h106.wav,Happy,305,Happy,Angry,Angry,False,False,False,0.8936938,0.00019563097,0.00082045386,0.09836383,7.2870374e-05,3.314418e-05,0.0068202745
895,inesco,fyat,fyat_h107.wav,Happy,401,Happy,Surprise,Sad,False,False,True,0.16424686,0.111661844,0.0005422074,0.025330262,0.079770975,0.22986671,0.3885812
896,inesco,fyat,fyat_h108.wav,Happy,401,Happy,Surprise,Happy,False,True,True,0.004892312,0.10797028,0.0038541886,0.021680657,0.001296639,0.0071098423,0.85319614
897,inesco,fyat,fyat_h109.wav,Happy,276,Happy,Neutral,Angry,False,False,True,0.22806211,0.064309195,0.041238602,0.09590307,0.4004905,0.16343445,0.0065620476
898,inesco,fyat,fyat_h110.wav,Happy,401,Happy,Happy,Happy,True,True,False,0.03301162,0.0050208196,0.011311501,0.92134,0.007037889,0.008606353,0.0136719085
899,inesco,fyat,fyat_h111.wav,Happy,327,Happy,Angry,Angry,False,False,False,0.34881148,0.016928885,0.07676175,0.25489786,0.011935673,0.24670425,0.04396011
900,inesco,fyat,fyat_h112.wav,Happy,401,Happy,Angry,Angry,False,False,False,0.57084316,0.0019919947,0.000103361206,0.4095837,0.00079083955,0.0011732746,0.015513663
901,inesco,fyat,fyat_h113.wav,Happy,401,Happy,Happy,Happy,True,True,False,1.8124882e-05,2.0711681e-07,0.00016997424,0.999332,4.70003e-07,0.00036148264,0.00011768778
902,inesco,fyat,fyat_h114.wav,Happy,228,Happy,Angry,Angry,False,False,False,0.8084679,0.002846579,0.00014994916,0.13676496,4.5806314e-06,3.3326214e-07,0.051765706
903,inesco,fyat,fyat_h115.wav,Happy,401,Happy,Angry,Angry,False,False,False,0.56566644,0.058178417,7.665324e-06,0.00029059988,0.2103063,0.1653956,0.0001550008
904,inesco,fyat,fyat_h116.wav,Happy,135,Happy,Angry,Angry,False,False,False,0.86752623,9.393227e-05,0.009172017,0.1197429,0.0009183575,0.0004518333,0.0020948094
905,inesco,fyat,fyat_h117.wav,Happy,253,Happy,Disgust,Sad,False,False,True,0.00011084904,0.63485384,2.1777485e-05,0.00022873389,0.003153146,0.36112028,0.00051140576
906,inesco,fyat,fyat_h118.wav,Happy,349,Happy,Happy,Happy,True,True,False,0.0041994364,0.08599826,0.0015167481,0.7889341,9.419262e-05,0.024388524,0.0948688
907,inesco,fyat,fyat_h119.wav,Happy,317,Happy,Surprise,Angry,False,False,True,0.022456584,0.04585768,0.07966953,0.010022549,1.5007029e-05,0.007162847,0.83481586
908,inesco,fyat,fyat_h120.wav,Happy,401,Happy,Happy,Happy,True,True,False,0.07291896,0.0019870296,2.6938427e-05,0.9009714,0.0007164981,0.014421834,0.008957217
909,inesco,fyat,fyat_h121.wav,Happy,266,Happy,Happy,Happy,True,True,False,8.6442175e-05,0.03654236,9.116888e-05,0.49207163,1.00431755e-07,5.975762e-07,0.47120768
910,inesco,fyat,fyat_h122.wav,Happy,276,Happy,Disgust,Angry,False,False,True,0.08721581,0.6141529,2.407425e-05,0.00010523267,0.29154974,0.0063722837,0.00057997927
911,inesco,fyat,fyat_h123.wav,Happy,337,Happy,Surprise,Happy,False,True,True,1.8453906e-07,0.00027566068,1.7326833e-05,0.0001793837,5.5642324e-11,5.3072135e-06,0.9995221
912,inesco,fyat,fyat_h124.wav,Happy,321,Happy,Surprise,Angry,False,False,True,0.009662228,0.03221819,0.00073081127,0.0012993822,8.261486e-06,4.2574964e-05,0.95603853
913,inesco,fyat,fyat_h125.wav,Happy,157,Happy,Fear,Angry,False,False,True,0.00023486669,4.727299e-07,0.99712545,3.392658e-05,0.0025796841,2.359446e-05,2.0263153e-06
914,inesco,fyat,fyat_h126.wav,Happy,401,Happy,Surprise,Happy,False,True,True,0.014961541,0.05364608,0.0052456604,0.07506494,1.5115571e-05,0.0006393314,0.8504274
915,inesco,fyat,fyat_h127.wav,Happy,260,Happy,Surprise,Happy,False,True,True,0.0013522668,0.01820375,0.01265279,0.0038600129,1.870537e-05,0.003504365,0.96040815
916,inesco,fyat,fyat_h128.wav,Happy,257,Happy,Surprise,Angry,False,False,True,0.04118281,3.5173813e-05,0.023909522,0.032249264,1.5863765e-08,7.318614e-05,0.90255004
917,inesco,fyat,fyat_h129.wav,Happy,212,Happy,Neutral,Angry,False,False,True,0.19515562,0.1532723,0.00023306107,0.020011429,0.62751746,2.9705568e-06,0.0038070986
918,inesco,fyat,fyat_h130.wav,Happy,183,Happy,Fear,Happy,False,True,True,0.013866676,5.437484e-05,0.95753914,0.027418954,6.926749e-05,0.0010019088,4.960433e-05
919,inesco,fyat,fyat_h131.wav,Happy,202,Happy,Happy,Happy,True,True,False,0.024162356,2.6712176e-05,0.0004007837,0.9675991,1.4585645e-05,0.0006745274,0.0071218885
920,inesco,fyat,fyat_h132.wav,Happy,372,Happy,Angry,Angry,False,False,False,0.2584185,0.1278923,0.08652123,0.25009987,0.029629305,0.021736586,0.22570217
921,inesco,fyat,fyat_h133.wav,Happy,241,Happy,Happy,Happy,True,True,False,0.042748418,0.002216427,0.11326295,0.7086238,3.203511e-05,0.103954956,0.029161349
922,inesco,fyat,fyat_h134.wav,Happy,401,Happy,Happy,Happy,True,True,False,0.09832572,0.0011144327,7.851544e-06,0.89868695,1.4509768e-05,5.463614e-05,0.0017959155
923,inesco,fyat,fyat_h135.wav,Happy,273,Happy,Surprise,Happy,False,True,True,0.14874393,0.0018814423,0.022095827,0.29472202,3.977232e-05,0.0100665465,0.52245045
924,inesco,fyat,fyat_h136.wav,Happy,266,Happy,Fear,Happy,False,True,True,0.00030366637,5.1451403e-05,0.8797913,0.02677018,3.5389994e-07,4.6330268e-05,0.09303665
925,inesco,fyat,fyat_h137.wav,Happy,221,Happy,Happy,Happy,True,True,False,0.012567471,0.18207136,0.038081538,0.41948003,0.004217741,0.34353396,4.7883095e-05
926,inesco,fyat,fyat_h138.wav,Happy,260,Happy,Happy,Happy,True,True,False,0.21051133,0.03806063,0.003445025,0.450587,0.10466925,0.15054336,0.042183433
927,inesco,fyat,fyat_h139.wav,Happy,314,Happy,Neutral,Angry,False,False,True,0.01148762,0.013530614,0.00025468468,0.00017179955,0.97438127,0.00014363388,3.0309939e-05
928,inesco,fyat,fyat_h140.wav,Happy,180,Happy,Neutral,Happy,False,True,True,0.08480183,0.0011677617,0.00053019164,0.09576769,0.787186,0.030519096,2.7443526e-05
929,inesco,fyat,fyat_h141.wav,Happy,237,Happy,Happy,Happy,True,True,False,0.17421132,0.015608138,0.10258408,0.6034041,0.000100550984,0.000118685646,0.103973165
930,inesco,fyat,fyat_h142.wav,Happy,180,Happy,Angry,Angry,False,False,False,0.55124855,0.00016693736,0.18916994,0.1467751,0.00832164,0.05709916,0.04721869
931,inesco,fyat,fyat_h143.wav,Happy,298,Happy,Angry,Angry,False,False,False,0.9700959,0.007591424,0.00026575083,0.009308604,4.012385e-06,0.00051210774,0.012222238
932,inesco,fyat,fyat_h144.wav,Happy,343,Happy,Surprise,Happy,False,True,True,0.0010595665,7.762713e-05,0.044614237,0.3359952,9.399981e-05,0.0037652263,0.6143941
933,inesco,fyat,fyat_h145.wav,Happy,218,Happy,Neutral,Angry,False,False,True,0.034590553,0.04925271,1.9981708e-05,0.000444852,0.91463184,0.001045326,1.4848763e-05
934,inesco,fyat,fyat_h146.wav,Happy,93,Happy,Angry,Angry,False,False,False,0.9817168,2.2219141e-05,0.015041632,0.0020248895,0.00058071205,0.00057029177,4.335498e-05
935,inesco,fyat,fyat_h147.wav,Happy,167,Happy,Angry,Angry,False,False,False,0.80361634,5.5768647e-05,0.0044813273,0.1748957,0.0016353141,6.282621e-05,0.0152527075
936,inesco,fyat,fyat_h148.wav,Happy,157,Happy,Neutral,Happy,False,True,True,0.00085026416,1.2657322e-05,0.018569347,0.0013048777,0.9792045,5.707717e-05,1.2417888e-06
937,inesco,fyat,fyat_h149.wav,Happy,346,Happy,Surprise,Angry,False,False,True,0.25882974,0.28382564,0.0038578475,0.106231585,0.00017494745,0.0022920903,0.3447881
938,inesco,fyat,fyat_h150.wav,Happy,237,Happy,Happy,Happy,True,True,False,0.014772547,0.0033649814,0.033392143,0.860761,0.0003163796,0.000608444,0.08678442
939,inesco,fyat,fyat_h151.wav,Happy,305,Happy,Happy,Happy,True,True,False,0.022893637,0.001162443,0.08874802,0.58194226,0.0021311068,0.048212726,0.25490978
940,inesco,fyat,fyat_h152.wav,Happy,401,Happy,Surprise,Sad,False,False,True,0.064905204,0.0501651,0.038193382,0.11092674,0.10482222,0.3105591,0.32042822
941,inesco,fyat,fyat_h153.wav,Happy,401,Happy,Surprise,Angry,False,False,True,0.0979858,0.104817316,4.1381183e-05,0.008657287,3.137649e-08,9.336815e-06,0.7884888
942,inesco,fyat,fyat_h154.wav,Happy,285,Happy,Angry,Angry,False,False,False,0.85478675,0.0034384558,0.13034417,0.0040943003,1.6876158e-05,0.004564463,0.0027549479
943,inesco,fyat,fyat_h155.wav,Happy,247,Happy,Angry,Angry,False,False,False,0.8617477,0.010819132,0.006635174,0.073403455,2.571376e-06,0.00075868546,0.04663329
944,inesco,fyat,fyat_h156.wav,Happy,388,Happy,Surprise,Sad,False,False,True,0.0033317076,0.00022209626,0.008181623,0.00032096868,0.00053004856,0.099014506,0.88839906
945,inesco,fyat,fyat_h157.wav,Happy,381,Happy,Happy,Happy,True,True,False,0.45507056,0.002375364,0.00035600233,0.5370989,5.7585265e-05,0.0002890917,0.004752496
946,inesco,fyat,fyat_h158.wav,Happy,401,Happy,Sad,Sad,False,False,False,0.00022409199,0.05704802,1.2812575e-05,3.4002176e-06,0.01141175,0.93126005,3.98199e-05
947,inesco,fyat,fyat_h159.wav,Happy,327,Happy,Neutral,Angry,False,False,True,0.013592086,0.0012405914,0.001798215,0.0024747644,0.97786707,0.0017576661,0.0012696479
948,inesco,fyat,fyat_h160.wav,Happy,346,Happy,Angry,Angry,False,False,False,0.99382645,0.00010465033,0.0003367979,0.004623294,0.0008305595,9.831805e-05,0.00017990396
949,inesco,fyat,fyat_h161.wav,Happy,247,Happy,Disgust,Angry,False,False,True,0.005600401,0.98696405,0.00071705505,0.0007499391,0.0056696576,0.00018355784,0.00011537423
950,inesco,fyat,fyat_h162.wav,Happy,343,Happy,Neutral,Angry,False,False,True,0.2616433,0.008756393,0.0059195673,0.06688893,0.4060664,0.25068936,3.606755e-05
951,inesco,fyat,fyat_h163.wav,Happy,308,Happy,Surprise,Happy,False,True,True,0.004379941,0.119774245,5.9631498e-06,0.0762781,2.1709075e-05,0.00030398276,0.7992361
952,inesco,fyat,fyat_h164.wav,Happy,106,Happy,Happy,Happy,True,True,False,0.009402285,3.0113271e-05,0.038605507,0.89221245,0.016907303,0.00041155668,0.04243082
953,inesco,fyat,fyat_h165.wav,Happy,279,Happy,Sad,Sad,False,False,False,6.0234834e-05,0.00013747686,0.0037404795,0.008277561,0.00040545542,0.9872593,0.00011942601
954,inesco,fyat,fyat_h166.wav,Happy,141,Happy,Happy,Happy,True,True,False,0.26834315,0.00011792334,0.03877895,0.45175228,0.017388728,0.11688207,0.106736876
955,inesco,fyat,fyat_h167.wav,Happy,157,Happy,Angry,Angry,False,False,False,0.99277097,2.8473908e-06,0.00087573007,0.0060470365,8.7649496e-05,3.1591848e-05,0.00018425348
956,inesco,fyat,fyat_h168.wav,Happy,228,Happy,Sad,Sad,False,False,False,0.006299193,0.0010411423,0.00030124912,0.00025537802,0.31674433,0.6753564,2.3058283e-06
957,inesco,fyat,fyat_h169.wav,Happy,218,Happy,Sad,Sad,False,False,False,0.0007127709,0.000668603,0.006236715,0.015354657,0.04924323,0.9276638,0.000120260825
958,inesco,fyat,fyat_h170.wav,Happy,186,Happy,Angry,Angry,False,False,False,0.6746936,6.863923e-05,0.0004033917,0.0390677,0.28550455,2.9146064e-05,0.00023306232
959,inesco,fyat,fyat_h171.wav,Happy,157,Happy,Angry,Angry,False,False,False,0.7644016,5.840521e-05,0.0051724957,0.0321042,0.1908681,0.0032847698,0.004110413
960,inesco,fyat,fyat_h172.wav,Happy,394,Happy,Happy,Happy,True,True,False,0.0042210184,0.00027177233,0.069801316,0.88536614,4.4400284e-05,0.0019065227,0.03838879
961,inesco,fyat,fyat_h173.wav,Happy,186,Happy,Fear,Happy,False,True,True,0.047837045,0.00084907,0.5464541,0.22027814,0.07790709,0.10587204,0.00080255774
962,inesco,fyat,fyat_h174.wav,Happy,97,Happy,Fear,Happy,False,True,True,0.0038125343,3.4987679e-07,0.86890095,0.06328214,6.609508e-06,7.594906e-06,0.06398983
963,inesco,fyat,fyat_h175.wav,Happy,212,Happy,Neutral,Angry,False,False,True,0.02426548,0.0016556563,4.3987806e-05,0.003502946,0.9552474,0.01525017,3.440514e-05
964,inesco,fyat,fyat_h176.wav,Happy,183,Happy,Sad,Sad,False,False,False,0.04754179,0.0034880165,0.003053541,0.020118853,0.0024124293,0.9230477,0.0003376334
965,inesco,fyat,fyat_h177.wav,Happy,324,Happy,Neutral,Angry,False,False,True,0.0033020403,0.00031045792,4.0319006e-05,4.7280686e-05,0.9960264,0.0002729137,7.3497085e-07
966,inesco,fyat,fyat_h178.wav,Happy,401,Happy,Disgust,Happy,False,True,True,0.021125676,0.33787733,0.039140955,0.23811339,0.000613264,0.11995757,0.24317186
967,inesco,fyat,fyat_h179.wav,Happy,298,Happy,Happy,Happy,True,True,False,0.024203407,0.0017780578,0.0062258225,0.92311937,0.0018590338,0.0037653928,0.03904891
968,inesco,fyat,fyat_h180.wav,Happy,266,Happy,Sad,Sad,False,False,False,0.014184767,0.0001702763,0.00017404901,0.086949244,0.00639582,0.89211565,1.0255225e-05
969,inesco,fyat,fyat_h181.wav,Happy,167,Happy,Fear,Sad,False,False,True,0.011410155,0.022051163,0.75590634,0.0047620656,0.046520412,0.15364292,0.0057068868
970,inesco,fyat,fyat_h182.wav,Happy,247,Happy,Happy,Happy,True,True,False,0.002965275,0.03981097,8.760131e-05,0.71066433,0.00017175858,0.24060518,0.005694859
971,inesco,fyat,fyat_h183.wav,Happy,186,Happy,Sad,Sad,False,False,False,0.00023660825,0.021176491,0.00025510008,0.010143988,0.3771493,0.5895223,0.0015161396
972,inesco,fyat,fyat_h184.wav,Happy,164,Happy,Fear,Sad,False,False,True,0.00039211527,0.0014111089,0.7358925,0.032294106,0.04814517,0.17353362,0.00833144
973,inesco,fyat,fyat_h185.wav,Happy,301,Happy,Sad,Sad,False,False,False,0.20010702,0.0016099149,0.011228691,0.053709194,0.12775092,0.4735862,0.13200796
974,inesco,fyat,fyat_h186.wav,Happy,401,Happy,Angry,Angry,False,False,False,0.5247888,0.06929772,0.0037414741,0.16212095,0.0045820735,0.1473694,0.088099524
975,inesco,fyat,fyat_h187.wav,Happy,401,Happy,Angry,Angry,False,False,False,0.5465954,0.104060166,0.0005760578,0.21279292,0.010412424,0.122175016,0.0033880488
976,inesco,fyat,fyat_h188.wav,Happy,330,Happy,Fear,Sad,False,False,True,0.014597382,0.021073107,0.61607,0.016013637,6.78559e-05,0.22265774,0.10952028
977,inesco,fyat,fyat_h189.wav,Happy,369,Happy,Happy,Happy,True,True,False,0.17874658,7.002971e-06,0.00011670562,0.54504913,5.7281386e-06,1.2524477e-05,0.2760623
978,inesco,fyat,fyat_h190.wav,Happy,340,Happy,Surprise,Happy,False,True,True,0.0007340383,7.1864546e-05,2.692204e-06,0.0024162508,2.6271818e-08,3.8842514e-05,0.9967362
979,inesco,fyat,fyat_h191.wav,Happy,225,Happy,Happy,Happy,True,True,False,0.00064332515,0.000228503,0.0038008331,0.9467101,0.04499489,0.0012686437,0.0023537334
980,inesco,fyat,fyat_h192.wav,Happy,401,Happy,Neutral,Sad,False,False,True,0.003636773,0.010786728,0.0003847296,1.3789842e-05,0.9649958,0.019965583,0.00021660244
981,inesco,fyat,fyat_h193.wav,Happy,378,Happy,Sad,Sad,False,False,False,0.0018409225,0.1110026,0.004098845,5.892002e-05,0.00052532525,0.88084865,0.0016247549
982,inesco,fyat,fyat_h194.wav,Happy,401,Happy,Happy,Happy,True,True,False,0.030783469,6.3193576e-05,1.523632e-05,0.89821935,1.4933345e-07,3.913973e-06,0.07091464
983,inesco,fyat,fyat_h195.wav,Happy,359,Happy,Happy,Happy,True,True,False,0.01346917,0.0061984113,0.0001062202,0.9118508,2.6141595e-06,0.0242555,0.044117294
984,inesco,fyat,fyat_h196.wav,Happy,401,Happy,Sad,Sad,False,False,False,0.006890686,0.0055421633,0.08528235,0.00571577,0.06189646,0.81703854,0.017634109
985,inesco,fyat,fyat_h197.wav,Happy,372,Happy,Disgust,Angry,False,False,True,0.15375085,0.8162764,0.00096509245,0.0015385612,9.9497025e-05,0.0050013526,0.022368222
986,inesco,fyat,fyat_h198.wav,Happy,378,Happy,Disgust,Angry,False,False,True,0.008174441,0.88264436,0.0005157655,0.001147458,0.00045957777,0.00190639,0.10515206
987,inesco,fyat,fyat_h199.wav,Happy,225,Happy,Neutral,Sad,False,False,True,5.258141e-06,0.0021623867,9.857561e-05,0.006176184,0.91720366,0.07434444,9.4932275e-06
988,inesco,fyat,fyat_h200.wav,Happy,100,Happy,Fear,Angry,False,False,True,0.00022373832,1.7130766e-07,0.9990416,2.5909618e-05,6.1955543e-06,2.2770175e-05,0.0006795778
989,inesco,fyat,fyat_h201.wav,Happy,372,Happy,Neutral,Sad,False,False,True,7.432234e-05,5.53612e-07,1.7720626e-05,0.0013699303,0.90729564,0.09124142,3.8933857e-07
990,inesco,fyat,fyat_h202.wav,Happy,324,Happy,Surprise,Happy,False,True,True,1.2568534e-05,2.6154063e-05,0.12335448,0.004280213,3.296088e-08,0.0021690794,0.8701575
991,inesco,fyat,fyat_h203.wav,Happy,324,Happy,Happy,Happy,True,True,False,0.000993202,9.469249e-05,0.0070168315,0.50583935,0.17847782,0.3075385,3.9598202e-05
992,inesco,fyat,fyat_h204.wav,Happy,298,Happy,Sad,Sad,False,False,False,1.6507356e-05,0.011025605,7.4610894e-06,0.0003243419,6.881838e-05,0.9885457,1.1529719e-05
993,inesco,fyat,fyat_h205.wav,Happy,401,Happy,Happy,Happy,True,True,False,0.033084393,0.00039007864,8.871568e-06,0.89485675,1.9224493e-05,0.06951396,0.002126798
994,inesco,fyat,fyat_h206.wav,Happy,401,Happy,Sad,Sad,False,False,False,5.047136e-05,0.00016575583,0.041260406,0.22092915,0.0005386231,0.7356957,0.0013597825
995,inesco,fyat,fyat_h207.wav,Happy,401,Happy,Sad,Sad,False,False,False,0.007121438,0.005100752,0.22269899,0.01002231,0.09195228,0.6611562,0.0019480174
996,inesco,fyat,fyat_h208.wav,Happy,311,Happy,Fear,Angry,False,False,True,0.02367012,1.1228258e-05,0.97455215,0.00056389655,6.750402e-07,0.00032000506,0.00088180543
997,inesco,fyat,fyat_h209.wav,Happy,401,Happy,Sad,Sad,False,False,False,0.015378357,0.0013610217,0.10361481,0.26091838,0.023350915,0.59225726,0.0031192682
998,inesco,fyat,fyat_h210.wav,Happy,401,Happy,Neutral,Sad,False,False,True,0.00032646352,0.0019969288,6.212918e-05,3.1099462e-05,0.5774268,0.41899627,0.0011602826
999,inesco,fyat,fyat_h211.wav,Happy,285,Happy,Happy,Happy,True,True,False,0.027742196,0.00030623775,0.032489803,0.9293469,1.9240644e-05,0.0010194601,0.009076151
1000,inesco,fyat,fyat_s402.wav,Sad,340,Sad,Angry,Angry,False,False,False,0.77727205,0.15402557,0.005082072,0.021110402,0.0045257695,0.03583715,0.0021470613
1001,inesco,fyat,fyat_s403.wav,Sad,285,Sad,Sad,Sad,True,True,False,1.8147875e-05,4.175403e-05,0.14369741,0.00042584032,4.8374863e-05,0.8557377,3.0843617e-05
1002,inesco,fyat,fyat_s404.wav,Sad,273,Sad,Fear,Sad,False,True,True,1.2627591e-05,7.972458e-06,0.9977847,0.00020625834,3.5904588e-07,0.0017907181,0.00019745322
1003,inesco,fyat,fyat_s405.wav,Sad,401,Sad,Happy,Happy,False,False,False,0.05627995,7.317022e-05,0.008957085,0.9175021,2.9439954e-07,0.0008524415,0.0163348
1004,inesco,fyat,fyat_s406.wav,Sad,273,Sad,Fear,Angry,False,False,True,0.126387,0.00018204245,0.75595284,0.01821851,2.2642273e-07,5.4099077e-05,0.09920535
1005,inesco,fyat,fyat_s407.wav,Sad,205,Sad,Fear,Happy,False,False,True,3.7933974e-06,1.322611e-07,0.9596601,0.03983338,6.591418e-06,0.00038985282,0.00010613031
1006,inesco,fyat,fyat_s408.wav,Sad,180,Sad,Happy,Happy,False,False,False,0.13317238,6.906429e-07,0.40083805,0.46526197,5.443217e-06,0.0005114307,0.00021002188
1007,inesco,fyat,fyat_s409.wav,Sad,273,Sad,Fear,Happy,False,False,True,0.0005789712,0.00017140554,0.82925373,0.051577948,4.1260896e-07,0.0008969992,0.11752051
1008,inesco,fyat,fyat_s410.wav,Sad,401,Sad,Surprise,Happy,False,False,True,5.1751256e-05,1.3773897e-07,0.011107885,0.00070671964,2.96682e-11,1.0814669e-07,0.9881334
1009,inesco,fyat,fyat_s411.wav,Sad,372,Sad,Sad,Sad,True,True,False,0.00030283575,0.20363533,0.002042498,0.00026589408,1.6177369e-06,0.79364854,0.00010325403
1010,inesco,fyat,fyat_s412.wav,Sad,167,Sad,Fear,Happy,False,False,True,2.6653415e-05,7.567422e-08,0.98527366,0.0015041067,4.6843663e-08,5.633715e-07,0.013194807
1011,inesco,fyat,fyat_s413.wav,Sad,401,Sad,Happy,Happy,False,False,False,8.901385e-05,0.0005623773,0.00017154907,0.9810874,2.2768686e-06,0.017409503,0.00067786436
1012,inesco,fyat,fyat_s414.wav,Sad,308,Sad,Sad,Sad,True,True,False,0.03569069,0.0016322898,0.17700948,0.27142546,0.03596523,0.4766878,0.0015890993
1013,inesco,fyat,fyat_s415.wav,Sad,129,Sad,Angry,Angry,False,False,False,0.9543161,7.189547e-05,0.041988395,0.0031531362,0.00013809362,1.9000507e-05,0.00031344517
1014,inesco,fyat,fyat_s416.wav,Sad,401,Sad,Sad,Sad,True,True,False,0.00014168871,0.19024399,0.00065856654,5.993203e-07,0.0013750442,0.80757976,4.0708892e-07
1015,inesco,fyat,fyat_s417.wav,Sad,401,Sad,Disgust,Sad,False,True,True,0.001770585,0.46810472,7.565046e-05,2.9628367e-05,0.09334411,0.43642676,0.00024849747
1016,inesco,fyat,fyat_s418.wav,Sad,359,Sad,Fear,Angry,False,False,True,0.12972288,5.823287e-06,0.8621201,0.0055746674,3.6854167e-06,0.000555935,0.0020168745
1017,inesco,fyat,fyat_s419.wav,Sad,346,Sad,Sad,Sad,True,True,False,0.004064641,0.003993525,0.0002853268,0.00010943208,0.00040108417,0.99110425,4.169822e-05
1018,inesco,fyat,fyat_s420.wav,Sad,106,Sad,Fear,Angry,False,False,True,0.4137003,2.0960924e-06,0.5257772,0.057197653,0.001583502,0.0011388506,0.0006003422
1019,inesco,fyat,fyat_s421.wav,Sad,372,Sad,Happy,Happy,False,False,False,0.22789553,0.0021398603,0.15426263,0.46052554,0.0028885868,0.02798628,0.12430164
1020,inesco,fyat,fyat_s422.wav,Sad,359,Sad,Fear,Angry,False,False,True,0.06088665,0.00020941623,0.92524666,0.0100269085,1.6400634e-05,0.0027093666,0.0009046553
1021,inesco,fyat,fyat_s423.wav,Sad,250,Sad,Angry,Angry,False,False,False,0.4793098,0.023422824,0.4711065,0.0015461608,6.0597854e-06,0.023582472,0.0010261855
1022,inesco,fyat,fyat_s424.wav,Sad,401,Sad,Fear,Happy,False,False,True,4.889682e-06,1.9449363e-08,0.9996259,0.0002221255,2.1915776e-08,3.7491063e-06,0.00014325342
1023,inesco,fyat,fyat_s425.wav,Sad,401,Sad,Surprise,Happy,False,False,True,0.015765728,4.3958687e-05,0.0021707558,0.44776416,3.9853834e-08,1.3691202e-06,0.534254
1024,inesco,fyat,fyat_s426.wav,Sad,401,Sad,Disgust,Angry,False,False,True,0.30493012,0.44734585,0.15968926,0.024372187,0.000562574,0.038787466,0.024312546
1025,inesco,fyat,fyat_s427.wav,Sad,247,Sad,Fear,Sad,False,True,True,1.20377545e-05,4.9797345e-06,0.99937314,6.0347465e-05,5.2569693e-10,0.00043731421,0.000112139
1026,inesco,fyat,fyat_s428.wav,Sad,401,Sad,Surprise,Happy,False,False,True,0.0047697714,0.00016978952,0.0073601436,0.032269165,5.291026e-07,4.4570723e-05,0.955386
1027,inesco,fyat,fyat_s429.wav,Sad,401,Sad,Fear,Sad,False,True,True,0.0016225347,0.006052369,0.9678596,0.000101496415,5.782393e-06,0.012127246,0.012230873
1028,inesco,fyat,fyat_s430.wav,Sad,401,Sad,Happy,Happy,False,False,False,0.018381622,0.0002820373,0.020467198,0.94495994,0.00026447544,0.009823714,0.0058210045
1029,inesco,fyat,fyat_s431.wav,Sad,266,Sad,Fear,Happy,False,False,True,3.8202484e-06,1.9263378e-05,0.89436775,0.0915846,6.5727465e-07,0.0026849166,0.011338936
1030,inesco,fyat,fyat_s432.wav,Sad,401,Sad,Happy,Happy,False,False,False,0.00020304913,6.010954e-07,0.13809827,0.8512872,0.0014245117,0.0078086206,0.0011777258
1031,inesco,fyat,fyat_s433.wav,Sad,401,Sad,Fear,Happy,False,False,True,0.0019125511,0.003928134,0.8254987,0.124452546,1.0668694e-08,3.338501e-05,0.044174723
1032,inesco,fyat,fyat_s434.wav,Sad,337,Sad,Fear,Happy,False,False,True,0.055179358,4.2164167e-05,0.82809395,0.0696541,2.8174794e-05,0.0003461206,0.04665624
1033,inesco,fyat,fyat_s435.wav,Sad,212,Sad,Fear,Happy,False,False,True,0.00011716269,3.772227e-06,0.93831307,0.052508183,0.00037718622,0.0050242986,0.003656327
1034,inesco,fyat,fyat_s436.wav,Sad,231,Sad,Sad,Sad,True,True,False,0.060073964,0.001354449,0.08668867,0.10642245,5.2086834e-05,0.7454076,8.772524e-07
1035,inesco,fyat,fyat_s437.wav,Sad,321,Sad,Happy,Happy,False,False,False,0.3522082,0.0007274456,0.07431109,0.5626555,0.0011651212,0.005259698,0.003672925
1036,inesco,fyat,fyat_s438.wav,Sad,401,Sad,Angry,Angry,False,False,False,0.6016666,0.043437757,0.005887604,0.0037593353,5.307226e-06,0.002648079,0.34259534
1037,inesco,fyat,fyat_s439.wav,Sad,401,Sad,Happy,Happy,False,False,False,0.009897476,0.012566517,0.015901467,0.55667096,0.002147388,0.37632525,0.026490966
1038,inesco,fyat,fyat_s440.wav,Sad,365,Sad,Surprise,Angry,False,False,True,0.1088567,0.0008264198,0.024803692,0.0022542353,6.8612126e-06,0.00034186596,0.8629102
1039,inesco,fyat,fyat_s441.wav,Sad,401,Sad,Fear,Sad,False,True,True,0.0004171975,0.019021936,0.54311794,0.00862206,9.9493736e-05,0.40126017,0.027461141
1040,inesco,fyat,fyat_s442.wav,Sad,324,Sad,Fear,Angry,False,False,True,0.12004333,8.201429e-05,0.80304444,0.0036939515,1.4689424e-07,5.3332402e-05,0.07308277
1041,inesco,fyat,fyat_s443.wav,Sad,401,Sad,Sad,Sad,True,True,False,0.0027444558,0.003954995,0.22833084,0.14510755,0.0024200205,0.5610636,0.056378517
1042,inesco,fyat,fyat_s444.wav,Sad,401,Sad,Fear,Happy,False,False,True,0.0007859682,4.3566797e-07,0.7387106,0.25372097,0.00014291966,0.0051998324,0.0014393335
1043,inesco,fyat,fyat_s445.wav,Sad,401,Sad,Sad,Sad,True,True,False,1.0392111e-05,4.9378203e-05,0.02657034,0.00731718,0.00015654751,0.9658126,8.348294e-05
1044,inesco,fyat,fyat_s446.wav,Sad,401,Sad,Happy,Happy,False,False,False,0.007850485,0.016914789,2.1376462e-05,0.735629,5.120638e-06,1.7804836e-05,0.2395614
1045,inesco,fyat,fyat_s447.wav,Sad,401,Sad,Angry,Angry,False,False,False,0.693042,0.08818333,0.113521315,0.04817849,6.226718e-05,0.014919303,0.042093296
1046,inesco,fyat,fyat_s448.wav,Sad,260,Sad,Fear,Sad,False,True,True,0.00025161737,9.97666e-06,0.99715877,0.00024168791,4.4411344e-08,0.0023177837,2.0103882e-05
1047,inesco,fyat,fyat_s449.wav,Sad,391,Sad,Angry,Angry,False,False,False,0.78805,0.00027538612,0.091796726,0.097485304,1.0155429e-06,5.347694e-05,0.02233809
1048,inesco,fyat,fyat_s450.wav,Sad,305,Sad,Fear,Angry,False,False,True,0.04594142,0.0001343629,0.9478049,0.00025555585,2.3434177e-06,0.00085218076,0.0050091986
1049,inesco,fyat,fyat_s451.wav,Sad,305,Sad,Happy,Happy,False,False,False,0.0014535309,9.728349e-05,0.24562857,0.70254284,3.707286e-08,0.0016788334,0.04859895
1050,inesco,fyat,fyat_s452.wav,Sad,401,Sad,Angry,Angry,False,False,False,0.43893132,0.00047395675,0.033649344,0.07425282,0.019832904,0.4328211,3.8614944e-05
1051,inesco,fyat,fyat_s453.wav,Sad,298,Sad,Fear,Happy,False,False,True,0.0144843245,3.1437732e-05,0.93301713,0.043801617,0.00010612937,0.0046096654,0.0039496846
1052,inesco,fyat,fyat_s454.wav,Sad,401,Sad,Sad,Sad,True,True,False,0.00041818083,1.6087488e-05,0.03211841,0.0612469,1.2334004e-06,0.9061991,9.34286e-08
1053,inesco,fyat,fyat_s455.wav,Sad,346,Sad,Fear,Angry,False,False,True,0.21657568,0.0021089637,0.71932155,0.008583647,0.00022025243,0.052935626,0.00025424283
1054,inesco,fyat,fyat_s456.wav,Sad,401,Sad,Sad,Sad,True,True,False,0.0147533035,0.14836533,0.0019297609,0.4052049,0.00048111836,0.42769057,0.0015750678
1055,inesco,fyat,fyat_s457.wav,Sad,401,Sad,Fear,Sad,False,True,True,0.00031873555,2.5885873e-05,0.9047837,0.02975722,6.5374035e-05,0.064200774,0.0008482941
1056,inesco,fyat,fyat_s458.wav,Sad,340,Sad,Fear,Angry,False,False,True,0.17295963,0.00043102162,0.8061524,0.01360015,0.00016075827,0.00019874921,0.006497247
1057,inesco,fyat,fyat_s459.wav,Sad,401,Sad,Sad,Sad,True,True,False,1.2068296e-05,0.005414217,0.0019678457,0.015210194,7.2489725e-05,0.97175217,0.0055709286
1058,inesco,fyat,fyat_s460.wav,Sad,269,Sad,Fear,Happy,False,False,True,0.008790845,0.29829997,0.63013333,0.041569818,3.0283022e-08,0.0031747918,0.018031249
1059,inesco,fyat,fyat_s461.wav,Sad,343,Sad,Happy,Happy,False,False,False,0.002512642,5.5507575e-05,0.005651957,0.9791996,3.4158635e-05,0.0020257265,0.0105204005
1060,inesco,fyat,fyat_s462.wav,Sad,401,Sad,Sad,Sad,True,True,False,0.015913568,0.1006894,0.11252643,0.13127464,0.065398015,0.5692684,0.0049296007
1061,inesco,fyat,fyat_s463.wav,Sad,401,Sad,Happy,Happy,False,False,False,0.06480295,0.00031311493,0.0014227984,0.80396134,1.0743226e-05,0.00022986617,0.12925917
1062,inesco,fyat,fyat_s464.wav,Sad,375,Sad,Fear,Happy,False,False,True,0.0015535541,0.023474433,0.9619968,0.0038613917,2.332006e-08,0.00025845718,0.00885538
1063,inesco,fyat,fyat_s465.wav,Sad,401,Sad,Surprise,Happy,False,False,True,5.8720043e-06,2.2440849e-05,0.031327404,0.2569617,5.4193496e-08,2.0661731e-05,0.7116619
1064,inesco,fyat,fyat_s466.wav,Sad,321,Sad,Surprise,Angry,False,False,True,0.013395535,0.0003350016,0.007815416,0.0058044335,5.0094893e-09,5.077907e-05,0.9725989
1065,inesco,fyat,fyat_s467.wav,Sad,119,Sad,Surprise,Happy,False,False,True,0.0003396302,1.2280852e-07,0.17771862,0.0023426607,3.5733045e-08,1.8678069e-05,0.8195802
1066,inesco,fyat,fyat_s468.wav,Sad,234,Sad,Fear,Sad,False,True,True,0.0091228,0.003688012,0.7856257,0.04234311,3.476803e-05,0.1591817,3.952678e-06
1067,inesco,fyat,fyat_s469.wav,Sad,221,Sad,Fear,Happy,False,False,True,0.0002128365,2.3499826e-05,0.9867018,0.0016548202,0.00018793737,0.00089786126,0.010321229
1068,inesco,fyat,fyat_s470.wav,Sad,241,Sad,Fear,Sad,False,True,True,6.660186e-06,0.00013037605,0.9933255,0.0029953637,1.8710649e-09,0.0035002052,4.1886557e-05
1069,inesco,fyat,fyat_s471.wav,Sad,157,Sad,Fear,Sad,False,True,True,3.747726e-05,2.45952e-06,0.8552801,0.050803743,3.297321e-06,0.09383467,3.8270926e-05
1070,inesco,fyat,fyat_s472.wav,Sad,401,Sad,Fear,Happy,False,False,True,1.3199443e-05,3.8606093e-05,0.9710905,0.020410763,5.690596e-07,0.00032285578,0.008123449
1071,inesco,fyat,fyat_s473.wav,Sad,289,Sad,Fear,Happy,False,False,True,0.0011198263,4.357974e-05,0.9957814,0.0014514325,7.701235e-08,0.0012816325,0.00032200516
1072,inesco,fyat,fyat_s474.wav,Sad,401,Sad,Fear,Happy,False,False,True,4.441936e-05,5.137398e-05,0.5910065,0.359443,0.000110369896,0.009660378,0.0396839
1073,inesco,fyat,fyat_s475.wav,Sad,401,Sad,Fear,Happy,False,False,True,0.0003450956,9.953521e-07,0.8668174,0.11604966,5.6539087e-05,0.013435917,0.0032944225
1074,inesco,fyat,fyat_s476.wav,Sad,321,Sad,Fear,Happy,False,False,True,0.0008098521,4.340547e-05,0.92847794,0.053203996,1.803169e-06,0.016397433,0.0010655914
1075,inesco,fyat,fyat_s477.wav,Sad,401,Sad,Angry,Angry,False,False,False,0.7004485,0.0009793254,0.0019351968,0.24624199,1.0471181e-05,0.005693756,0.04469076
1076,inesco,fyat,fyat_s478.wav,Sad,273,Sad,Angry,Angry,False,False,False,0.30963108,0.14184779,0.18535526,0.08012482,1.1329126e-06,0.06261617,0.22042377
1077,inesco,fyat,fyat_s479.wav,Sad,401,Sad,Happy,Happy,False,False,False,3.7594104e-06,0.0020532287,0.3775188,0.5756157,1.9178013e-05,0.023200748,0.02158862
1078,inesco,fyat,fyat_s480.wav,Sad,385,Sad,Fear,Happy,False,False,True,0.0005648056,2.312507e-05,0.923294,0.01895866,1.728914e-06,0.00017728416,0.05698044
1079,inesco,fyat,fyat_s481.wav,Sad,401,Sad,Happy,Happy,False,False,False,0.0011646164,3.088009e-06,0.3181598,0.54183257,0.0001441828,0.13867962,1.6149948e-05
1080,inesco,fyat,fyat_s482.wav,Sad,311,Sad,Happy,Happy,False,False,False,2.7493552e-05,0.0007757791,0.0029430063,0.9339731,0.0027508673,0.043582335,0.015947446
1081,inesco,fyat,fyat_s483.wav,Sad,401,Sad,Happy,Happy,False,False,False,0.00031510316,7.6377524e-05,0.019094095,0.9464091,8.386494e-05,0.0021992733,0.031822074
1082,inesco,fyat,fyat_s484.wav,Sad,295,Sad,Fear,Sad,False,True,True,1.0654284e-05,0.0005130262,0.9788047,0.0058429376,1.69903e-05,0.014227528,0.00058416586
1083,inesco,fyat,fyat_s485.wav,Sad,186,Sad,Happy,Happy,False,False,False,3.7145877e-05,5.801266e-05,0.061491672,0.8229496,0.039802715,2.3252325e-05,0.07563757
1084,inesco,fyat,fyat_s486.wav,Sad,401,Sad,Surprise,Happy,False,False,True,0.008543246,0.005935713,0.2115909,0.28371176,0.0006820282,0.018882563,0.47065377
1085,inesco,fyat,fyat_s487.wav,Sad,305,Sad,Sad,Sad,True,True,False,0.013536776,0.028618362,0.018371012,0.0014763749,6.0325256e-06,0.93752563,0.00046581085
1086,inesco,fyat,fyat_s488.wav,Sad,177,Sad,Fear,Happy,False,False,True,7.180839e-06,7.3745696e-07,0.9808668,0.018788703,1.5253461e-05,0.00025169883,6.955201e-05
1087,inesco,fyat,fyat_s489.wav,Sad,401,Sad,Happy,Happy,False,False,False,0.043449502,0.082517594,0.021718642,0.47933063,0.0002187914,0.3645674,0.008197408
1088,inesco,fyat,fyat_s490.wav,Sad,401,Sad,Surprise,Happy,False,False,True,7.701728e-05,0.14556208,0.1028464,0.020198211,3.3976704e-07,0.0032996493,0.7280163
1089,inesco,fyat,fyat_s491.wav,Sad,401,Sad,Surprise,Happy,False,False,True,2.008866e-06,8.699887e-05,0.0052072066,0.15017523,1.3497837e-08,1.4722899e-05,0.84451383
1090,inesco,fyat,fyat_s492.wav,Sad,349,Sad,Fear,Happy,False,False,True,0.027221525,1.1956606e-06,0.93791324,0.030169075,4.3752745e-05,0.004266176,0.00038515305
1091,inesco,fyat,fyat_s493.wav,Sad,401,Sad,Happy,Happy,False,False,False,0.05290396,0.20891841,0.003974944,0.65288496,2.400974e-06,0.010971236,0.070344076
1092,inesco,fyat,fyat_s494.wav,Sad,269,Sad,Sad,Sad,True,True,False,5.960482e-07,0.00015061213,0.010010959,0.004361454,7.5298814e-08,0.9853536,0.00012263261
1093,inesco,fyat,fyat_s495.wav,Sad,401,Sad,Fear,Happy,False,False,True,0.00037488068,0.00016258066,0.5549272,0.019166768,2.4051544e-06,0.01013375,0.41523242
1094,inesco,fyat,fyat_s496.wav,Sad,305,Sad,Angry,Angry,False,False,False,0.7100106,0.0061838105,0.26382896,0.007212012,0.00029588566,0.0076247137,0.004844054
1095,inesco,fyat,fyat_s497.wav,Sad,308,Sad,Fear,Angry,False,False,True,0.1671393,0.0011730365,0.59340936,0.14365172,6.1609666e-05,0.0002535614,0.09431132
1096,inesco,fyat,fyat_s498.wav,Sad,311,Sad,Fear,Angry,False,False,True,0.019702826,0.00036628675,0.95513904,0.008768159,0.0002438493,0.014770307,0.0010095568
1097,inesco,fyat,fyat_s499.wav,Sad,401,Sad,Sad,Sad,True,True,False,0.034728397,0.004454137,0.006793917,0.10646818,0.031638373,0.6152233,0.2006937
1098,inesco,fyat,fyat_s500.wav,Sad,324,Sad,Fear,Happy,False,False,True,0.19558087,0.00046194386,0.40388215,0.36209628,3.8348035e-06,0.03275105,0.0052238526
1099,inesco,fyat,fyat_s501.wav,Sad,362,Sad,Happy,Happy,False,False,False,8.788804e-06,0.0008838488,0.00012701176,0.99334335,7.0553845e-08,0.0002595046,0.0053774174
1100,inesco,fyat,fyat_s502.wav,Sad,257,Sad,Fear,Sad,False,True,True,0.0011565948,0.00017748294,0.92421633,0.016180076,5.242879e-07,0.021532994,0.036735974
1101,inesco,fyat,fyat_s503.wav,Sad,330,Sad,Fear,Happy,False,False,True,0.0004306067,6.508989e-08,0.9977902,0.00091996684,6.3399267e-07,7.000394e-05,0.0007885007
1102,inesco,fyat,fyat_s504.wav,Sad,186,Sad,Fear,Happy,False,False,True,0.03357229,9.010847e-07,0.7799987,0.18608111,6.2477266e-06,9.307634e-05,0.00024761324
1103,inesco,fyat,fyat_s505.wav,Sad,330,Sad,Fear,Sad,False,True,True,1.0458668e-06,3.347511e-08,0.9989398,0.00026986422,1.4776174e-06,0.0007594668,2.8343507e-05
1104,inesco,fyat,fyat_s506.wav,Sad,333,Sad,Disgust,Angry,False,False,True,0.1176134,0.733089,0.07366808,0.024173627,1.5531656e-05,0.0031814019,0.048258968
1105,inesco,fyat,fyat_s507.wav,Sad,301,Sad,Sad,Sad,True,True,False,0.014394654,0.019979589,0.2971283,0.06925408,0.00049058546,0.5967633,0.0019895097
1106,inesco,fyat,fyat_s508.wav,Sad,369,Sad,Sad,Sad,True,True,False,0.021900864,0.17421718,0.37771264,0.013159781,0.0004273969,0.40960592,0.002976142
1107,inesco,fyat,fyat_s509.wav,Sad,324,Sad,Fear,Sad,False,True,True,0.026423678,0.012523929,0.7946764,0.0453715,0.00044674656,0.10229855,0.01825918
1108,inesco,fyat,fyat_s510.wav,Sad,401,Sad,Surprise,Happy,False,False,True,0.009054951,0.0039606905,0.06273447,0.012571561,9.1724805e-06,0.003119616,0.90854955
1109,inesco,fyat,fyat_s511.wav,Sad,401,Sad,Sad,Sad,True,True,False,0.07805013,0.006111177,0.2570983,0.028137721,0.00015221421,0.62870216,0.0017483138
1110,inesco,fyat,fyat_s512.wav,Sad,401,Sad,Sad,Sad,True,True,False,0.008507047,0.0030855369,0.006628869,0.06946935,0.0008474996,0.9114304,3.1308136e-05
1111,inesco,fyat,fyat_s513.wav,Sad,401,Sad,Happy,Happy,False,False,False,0.03225063,0.006121595,0.014983569,0.69547594,0.0040567718,0.032243315,0.2148682
1112,inesco,fyat,fyat_s514.wav,Sad,401,Sad,Fear,Sad,False,True,True,3.324863e-05,6.611825e-07,0.83961517,0.06947504,1.0079326e-05,0.08821336,0.0026524065
1113,inesco,fyat,fyat_s515.wav,Sad,317,Sad,Sad,Sad,True,True,False,0.013226564,0.053512823,0.03728849,0.17955297,5.2583724e-05,0.7152955,0.0010710473
1114,inesco,fyat,fyat_s516.wav,Sad,260,Sad,Sad,Sad,True,True,False,0.0013853727,0.025260413,0.00030580116,0.25037327,4.8484264e-05,0.72258854,3.808195e-05
1115,inesco,fyat,fyat_s517.wav,Sad,401,Sad,Fear,Sad,False,True,True,9.076608e-05,0.0053840624,0.8896842,0.00016219768,4.444911e-05,0.102330044,0.0023042893
1116,inesco,fyat,fyat_s518.wav,Sad,401,Sad,Sad,Sad,True,True,False,7.178019e-06,2.5953132e-05,1.4091416e-05,0.008342598,0.00018010491,0.9914301,8.342038e-09
1117,inesco,fyat,fyat_s519.wav,Sad,394,Sad,Sad,Sad,True,True,False,0.001896405,0.013017098,0.22401725,0.0014246576,0.0008516695,0.7469259,0.011867076
1118,inesco,fyat,fyat_s520.wav,Sad,257,Sad,Surprise,Angry,False,False,True,0.24966025,0.043867007,0.005903674,0.00019351901,6.627257e-08,0.07582806,0.62454736
1119,inesco,fyat,fyat_s521.wav,Sad,148,Sad,Fear,Happy,False,False,True,0.00011132392,1.8286803e-08,0.9299724,0.069311656,8.5235354e-07,1.3788283e-05,0.0005900216
1120,inesco,fyat,fyat_s522.wav,Sad,119,Sad,Happy,Happy,False,False,False,0.0037304247,1.4821652e-06,0.33759493,0.62180716,0.035582624,0.0011783132,0.000105092244
1121,inesco,fyat,fyat_s523.wav,Sad,119,Sad,Fear,Angry,False,False,True,0.00018719284,1.0340157e-06,0.9997253,5.378577e-05,4.866401e-09,3.4876615e-07,3.244484e-05
1122,inesco,fyat,fyat_s524.wav,Sad,276,Sad,Surprise,Happy,False,False,True,0.0014366921,0.0011366982,0.22120418,0.061807394,2.4505072e-05,0.029149612,0.68524086
1123,inesco,fyat,fyat_s525.wav,Sad,349,Sad,Fear,Sad,False,True,True,0.021770008,0.02207057,0.33278364,0.07566963,0.17629504,0.30785626,0.0635549
1124,inesco,fyat,fyat_s526.wav,Sad,388,Sad,Fear,Happy,False,False,True,0.0055585965,0.0025381206,0.73665786,0.074943826,3.772752e-07,9.7618475e-05,0.18020369
1125,inesco,fyat,fyat_s527.wav,Sad,401,Sad,Happy,Happy,False,False,False,0.000811117,2.447732e-05,0.0048233033,0.9801758,0.00059915136,0.0048443293,0.008721901
1126,inesco,fyat,fyat_s528.wav,Sad,388,Sad,Fear,Happy,False,False,True,0.008042292,6.20788e-07,0.96994543,0.018092405,7.0551756e-09,4.575257e-05,0.003873515
1127,inesco,fyat,fyat_s529.wav,Sad,362,Sad,Fear,Sad,False,True,True,0.00013424139,9.831233e-07,0.98911965,3.211253e-05,2.019335e-05,0.0002580328,0.010434759
1128,inesco,fyat,fyat_s530.wav,Sad,365,Sad,Surprise,Sad,False,True,True,0.0019530833,0.0035665897,0.030928558,0.0003721515,9.873015e-06,0.27134025,0.6918295
1129,inesco,fyat,fyat_s531.wav,Sad,196,Sad,Fear,Sad,False,True,True,8.211594e-05,0.0018743791,0.801891,0.009515806,1.05328745e-05,0.18662563,5.396878e-07
1130,inesco,fyat,fyat_s532.wav,Sad,401,Sad,Sad,Sad,True,True,False,0.00054004503,0.0024932926,0.030147156,0.0005863072,0.0006056309,0.9653026,0.00032494575
1131,inesco,fyat,fyat_s533.wav,Sad,401,Sad,Sad,Sad,True,True,False,0.0025652586,0.00025851576,0.014294287,0.31140295,0.04397666,0.6272894,0.00021294148
1132,inesco,fyat,fyat_s534.wav,Sad,401,Sad,Surprise,Happy,False,False,True,0.08932828,0.00036976536,0.17843929,0.20499903,6.4091473e-06,9.657466e-05,0.52676064
1133,inesco,fyat,fyat_s535.wav,Sad,215,Sad,Angry,Angry,False,False,False,0.36923784,0.27226165,0.00091500126,0.04243595,7.778779e-05,0.31495765,0.00011415944
1134,inesco,fyat,fyat_s536.wav,Sad,401,Sad,Sad,Sad,True,True,False,0.007516907,0.008410544,0.17024249,0.11633146,0.0016877956,0.6647029,0.031107964
1135,inesco,fyat,fyat_s537.wav,Sad,401,Sad,Fear,Sad,False,True,True,0.000391416,0.00016886783,0.8969069,2.8157043e-05,3.6367567e-06,0.09708846,0.0054125777
1136,inesco,fyat,fyat_s538.wav,Sad,401,Sad,Sad,Sad,True,True,False,0.011803389,0.029273305,0.084188804,0.0073333364,0.0009734763,0.7116674,0.15476027
1137,inesco,fyat,fyat_s539.wav,Sad,273,Sad,Sad,Sad,True,True,False,0.00010666728,0.0071818447,0.0019248954,0.012100343,1.0789479e-06,0.9784057,0.00027946656
1138,inesco,fyat,fyat_s540.wav,Sad,401,Sad,Surprise,Angry,False,False,True,0.3859624,0.00780187,0.0060110325,0.08620343,9.0008085e-05,0.021184517,0.49274674
1139,inesco,fyat,fyat_s541.wav,Sad,401,Sad,Fear,Sad,False,True,True,6.291957e-06,1.858634e-05,0.6997107,0.000101146805,7.443211e-07,0.0010557098,0.29910675
1140,inesco,fyat,fyat_s542.wav,Sad,401,Sad,Surprise,Happy,False,False,True,0.046900634,0.00011080775,6.1665646e-06,0.09565383,0.0001247714,0.0033371458,0.85386664
1141,inesco,fyat,fyat_s543.wav,Sad,401,Sad,Surprise,Happy,False,False,True,0.00018100542,0.0002080683,0.0142751895,0.2746417,3.5448353e-05,0.02102482,0.6896338
1142,inesco,fyat,fyat_s544.wav,Sad,167,Sad,Sad,Sad,True,True,False,0.000555354,0.0017944785,0.34019858,0.023125153,0.0132762985,0.6131474,0.0079027945
1143,inesco,fyat,fyat_s545.wav,Sad,401,Sad,Surprise,Happy,False,False,True,0.01781057,0.0073775286,4.979364e-05,0.24975552,0.0003097712,0.10672703,0.6179698
1144,inesco,fyat,fyat_s546.wav,Sad,401,Sad,Fear,Happy,False,False,True,0.015164754,0.006555333,0.89450043,0.029054005,0.0002601128,0.02112196,0.033343397
1145,inesco,fyat,fyat_s547.wav,Sad,401,Sad,Sad,Sad,True,True,False,0.091236874,0.19908248,0.0001835536,0.009210459,0.0022141035,0.65149516,0.046577375
1146,inesco,fyat,fyat_s548.wav,Sad,394,Sad,Fear,Happy,False,False,True,0.06428154,0.00025041695,0.530877,0.37778306,0.0016214782,0.015049982,0.010136505
1147,inesco,fyat,fyat_s549.wav,Sad,401,Sad,Surprise,Happy,False,False,True,0.0006430091,0.00015459069,0.007489958,0.026976323,1.1653881e-06,0.0003790321,0.9643559
1148,inesco,fyat,fyat_s550.wav,Sad,273,Sad,Fear,Angry,False,False,True,0.11572267,7.20105e-05,0.8288912,0.047355566,5.721503e-06,0.00629877,0.0016541074
1149,inesco,fyat,fyat_s551.wav,Sad,401,Sad,Sad,Sad,True,True,False,0.00088585104,0.0034139706,4.9370296e-06,0.00019466654,0.021425009,0.9740753,3.7918176e-07
1150,inesco,fyat,fyat_s552.wav,Sad,289,Sad,Fear,Sad,False,True,True,3.839932e-07,7.213041e-05,0.9966708,2.3491759e-05,1.2292153e-08,0.0005485726,0.002684673
1151,inesco,fyat,fyat_s553.wav,Sad,132,Sad,Surprise,Angry,False,False,True,0.22777964,0.0007700613,0.0017757334,0.009030527,1.3822404e-06,0.032430116,0.72821254
1152,inesco,fyat,fyat_s554.wav,Sad,298,Sad,Fear,Sad,False,True,True,1.126611e-06,2.9044542e-05,0.50770026,0.009790989,1.1118732e-05,0.481671,0.0007964507
1153,inesco,fyat,fyat_s555.wav,Sad,298,Sad,Fear,Happy,False,False,True,0.002074174,0.00014173203,0.6503736,0.24957459,0.000273358,0.08903572,0.008526844
1154,inesco,fyat,fyat_s556.wav,Sad,308,Sad,Sad,Sad,True,True,False,8.565029e-08,8.179724e-06,0.0041041495,0.00079088163,1.25158795e-05,0.99508345,7.3218143e-07
1155,inesco,fyat,fyat_s557.wav,Sad,141,Sad,Fear,Happy,False,False,True,0.00017136023,1.1571018e-08,0.99599576,0.0038196202,5.3473445e-06,7.4549503e-06,5.1485443e-07
1156,inesco,fyat,fyat_s558.wav,Sad,231,Sad,Happy,Happy,False,False,False,0.00019583807,0.00987358,0.005022296,0.9446732,0.022531144,0.016619407,0.0010845485
1157,inesco,fyat,fyat_s559.wav,Sad,401,Sad,Happy,Happy,False,False,False,0.00035405898,0.00011534001,0.000118715754,0.9945957,1.6754909e-06,9.039186e-06,0.0048055206
1158,inesco,fyat,fyat_s560.wav,Sad,298,Sad,Surprise,Happy,False,False,True,0.00046136006,0.00039613873,0.2879369,0.13017952,0.00045190094,0.031579632,0.54899454
1159,inesco,fyat,fyat_s561.wav,Sad,298,Sad,Fear,Sad,False,True,True,8.103456e-06,1.4436063e-06,0.9951062,0.0008328287,6.2965196e-06,0.0016536332,0.0023915037
1160,inesco,fyat,fyat_s562.wav,Sad,173,Sad,Sad,Sad,True,True,False,0.038255543,0.0018726704,0.1123932,0.044295948,0.06168562,0.73606944,0.005427539
1161,inesco,fyat,fyat_s563.wav,Sad,401,Sad,Sad,Sad,True,True,False,0.017370744,0.0123821525,0.081965566,0.0709603,0.0007415271,0.664681,0.15189882
1162,inesco,fyat,fyat_s564.wav,Sad,397,Sad,Fear,Happy,False,False,True,0.023892656,0.0011830678,0.8523346,0.036896065,0.00042231477,0.016629407,0.068641916
1163,inesco,fyat,fyat_s565.wav,Sad,401,Sad,Sad,Sad,True,True,False,0.0001940655,0.00087330345,0.068585515,0.17898524,2.1000089e-05,0.74220675,0.009134141
1164,inesco,fyat,fyat_s566.wav,Sad,135,Sad,Fear,Angry,False,False,True,0.20295194,0.00028394847,0.7775138,0.018575557,7.781249e-05,0.00015993594,0.0004370221
1165,inesco,fyat,fyat_s567.wav,Sad,305,Sad,Surprise,Happy,False,False,True,0.02703456,0.027291143,0.30033377,0.30126446,0.0031720854,0.009154792,0.3317492
1166,inesco,fyat,fyat_s568.wav,Sad,189,Sad,Fear,Happy,False,False,True,0.0018443236,1.4104176e-06,0.7543557,0.24297015,2.2551847e-06,0.0008020649,2.4028936e-05
1167,inesco,fyat,fyat_s569.wav,Sad,401,Sad,Happy,Happy,False,False,False,5.9118072e-05,1.1564191e-07,0.30555323,0.6874292,9.5025525e-06,0.006930428,1.8337694e-05
1168,inesco,fyat,fyat_s570.wav,Sad,401,Sad,Sad,Sad,True,True,False,0.00017643005,0.00015829771,0.021975424,0.04258669,0.0126749035,0.92226964,0.00015853866
1169,inesco,fyat,fyat_s571.wav,Sad,401,Sad,Surprise,Angry,False,False,True,0.035422217,0.00020748099,0.02465695,0.0010070546,5.548255e-08,0.0003659129,0.93834025
1170,inesco,fyat,fyat_s572.wav,Sad,327,Sad,Surprise,Happy,False,False,True,0.025413807,0.40001148,0.027642915,0.0462488,1.2407049e-06,0.015239361,0.4854424
1171,inesco,fyat,fyat_s573.wav,Sad,234,Sad,Sad,Sad,True,True,False,1.55163e-05,0.008236882,0.0005490142,0.000192266,0.0018471571,0.9891233,3.592706e-05
1172,inesco,fyat,fyat_s574.wav,Sad,324,Sad,Fear,Happy,False,False,True,0.0014172315,0.0002096358,0.58766854,0.18778232,4.223267e-06,0.0019449005,0.22097307
1173,inesco,fyat,fyat_s575.wav,Sad,324,Sad,Happy,Happy,False,False,False,0.0013227772,0.0007085883,0.09480479,0.66052073,0.005481625,0.22787926,0.009282229
1174,inesco,fyat,fyat_s576.wav,Sad,372,Sad,Neutral,Sad,False,True,True,0.017692959,0.0572343,0.00013750247,0.00044981355,0.77596503,0.14762105,0.00089927064
1175,inesco,fyat,fyat_s577.wav,Sad,401,Sad,Happy,Happy,False,False,False,0.19917245,0.028647183,0.13096745,0.51792264,0.014880267,0.053308643,0.055101328
1176,inesco,fyat,fyat_s578.wav,Sad,202,Sad,Fear,Angry,False,False,True,0.12991606,0.0006274812,0.8552626,0.010714677,1.5198344e-06,0.0034067445,7.090943e-05
1177,inesco,fyat,fyat_s579.wav,Sad,266,Sad,Fear,Sad,False,True,True,4.9964052e-05,6.9019434e-06,0.9849777,0.0063920515,1.1027622e-05,0.007486458,0.0010759883
1178,inesco,fyat,fyat_s580.wav,Sad,401,Sad,Sad,Sad,True,True,False,0.00012344569,0.10606608,0.0001518767,2.9535022e-07,0.016026454,0.8776046,2.73084e-05
1179,inesco,fyat,fyat_s581.wav,Sad,215,Sad,Fear,Happy,False,False,True,7.628091e-05,2.1408e-06,0.97671,0.022097852,5.63257e-06,0.001016152,9.194358e-05
1180,inesco,fyat,fyat_s582.wav,Sad,401,Sad,Fear,Sad,False,True,True,0.009215719,0.01175035,0.3499062,0.116051584,0.2632044,0.20164981,0.04822194
1181,inesco,fyat,fyat_s583.wav,Sad,186,Sad,Sad,Sad,True,True,False,0.0002281574,0.048020262,0.04514223,7.776543e-05,0.118990846,0.7841446,0.0033961604
1182,inesco,fyat,fyat_s584.wav,Sad,401,Sad,Fear,Happy,False,False,True,0.00012957217,6.381529e-05,0.7327367,0.121591926,7.336652e-05,0.010096907,0.13530767
1183,inesco,fyat,fyat_s585.wav,Sad,401,Sad,Sad,Sad,True,True,False,0.0013251121,0.00092389184,0.00012901485,0.0020114728,0.0023941693,0.9921456,0.0010707811
1184,inesco,fyat,fyat_s586.wav,Sad,401,Sad,Sad,Sad,True,True,False,0.0035377322,0.025648363,0.00021786719,0.0055006295,0.0054724948,0.9595491,7.376002e-05
1185,inesco,fyat,fyat_s587.wav,Sad,401,Sad,Sad,Sad,True,True,False,2.9837394e-05,0.01643917,0.011574777,7.72273e-05,0.000904054,0.97020257,0.0007723346
1186,inesco,fyat,fyat_s588.wav,Sad,401,Sad,Happy,Happy,False,False,False,0.008128238,0.00012636739,0.0005018972,0.92987686,0.000121765086,0.061115004,0.00012991329
1187,inesco,fyat,fyat_s589.wav,Sad,317,Sad,Fear,Angry,False,False,True,0.033625014,8.937712e-05,0.9316282,0.021519689,1.5173829e-07,0.00018951242,0.012947866
1188,inesco,fyat,fyat_s590.wav,Sad,289,Sad,Fear,Angry,False,False,True,0.27792948,0.0018175611,0.49244428,0.09233423,1.138975e-06,0.0019313823,0.13354199
1189,inesco,fyat,fyat_s591.wav,Sad,401,Sad,Sad,Sad,True,True,False,0.010115916,0.0021801067,0.00096591195,0.0019967481,0.09265966,0.8920376,4.4058983e-05
1190,inesco,fyat,fyat_s592.wav,Sad,401,Sad,Surprise,Happy,False,False,True,8.185943e-05,0.0009977276,0.051185817,0.011469382,2.2408101e-05,0.008709732,0.92753315
1191,inesco,fyat,fyat_s593.wav,Sad,401,Sad,Sad,Sad,True,True,False,0.030000541,0.0018069412,0.0011551776,0.051987533,0.0018761471,0.9131695,4.0833484e-06
1192,inesco,fyat,fyat_s594.wav,Sad,401,Sad,Neutral,Sad,False,True,True,0.0024481532,0.0067660077,0.027613169,0.025564788,0.54612017,0.38378793,0.0076998314
1193,inesco,fyat,fyat_s595.wav,Sad,401,Sad,Fear,Angry,False,False,True,0.0037319718,4.49248e-05,0.95709056,0.0012549232,1.1479899e-07,0.0012729865,0.03660457
1194,inesco,fyat,fyat_s596.wav,Sad,401,Sad,Happy,Happy,False,False,False,0.017213224,0.0023040944,0.06703244,0.5948535,0.000990111,0.18228814,0.1353184
1195,inesco,fyat,fyat_s597.wav,Sad,401,Sad,Surprise,Happy,False,False,True,0.072923735,0.0025186534,0.23212098,0.089348294,0.00012789361,0.008144853,0.5948157
1196,inesco,fyat,fyat_s598.wav,Sad,401,Sad,Happy,Happy,False,False,False,0.020705888,0.0071621225,5.386758e-05,0.8355781,0.019208716,0.11561517,0.0016761007
1197,inesco,fyat,fyat_s599.wav,Sad,401,Sad,Neutral,Sad,False,True,True,1.3833467e-05,0.0005496471,7.824437e-05,1.6589729e-07,0.86786896,0.13148914,1.4875972e-09
1198,inesco,fyat,fyat_s600.wav,Sad,401,Sad,Happy,Happy,False,False,False,0.08680119,0.03510867,0.012889567,0.5087001,0.00013247025,0.032688864,0.32367915
1199,inesco,mbaz,mbaz_a212.wav,Angry,100,Angry,Surprise,Happy,False,False,True,0.0014031186,0.00010994692,0.0039130547,0.19351223,3.252877e-07,9.570817e-07,0.8010604
1200,inesco,mbaz,mbaz_a213.wav,Angry,177,Angry,Angry,Angry,True,True,False,0.96089166,1.0779382e-05,0.00017999475,0.03640194,8.689078e-06,2.4966266e-07,0.0025067334
1201,inesco,mbaz,mbaz_a214.wav,Angry,225,Angry,Surprise,Happy,False,False,True,0.051020272,0.0011938786,8.3626925e-05,0.33747855,0.00011162273,0.00013127096,0.6099809
1202,inesco,mbaz,mbaz_a215.wav,Angry,276,Angry,Happy,Happy,False,False,False,0.0008807919,0.00024596025,0.0033358939,0.9901197,7.3394103e-06,0.0006921229,0.0047182026
1203,inesco,mbaz,mbaz_a216.wav,Angry,231,Angry,Angry,Angry,True,True,False,0.8852169,0.0011951459,0.03476978,0.046842996,0.0004321806,0.00075637177,0.030786538
1204,inesco,mbaz,mbaz_a217.wav,Angry,84,Angry,Happy,Happy,False,False,False,0.0286116,1.0626943e-05,0.028937502,0.9074952,0.0005508477,0.0018859995,0.03250826
1205,inesco,mbaz,mbaz_a218.wav,Angry,317,Angry,Happy,Happy,False,False,False,0.009300888,0.000442301,0.00022818046,0.57404816,2.9352423e-08,5.847104e-06,0.4159746
1206,inesco,mbaz,mbaz_a219.wav,Angry,391,Angry,Surprise,Happy,False,False,True,0.0064302124,1.6897706e-06,0.00046652812,0.08396742,2.798799e-06,1.2245163e-05,0.90911907
1207,inesco,mbaz,mbaz_a220.wav,Angry,218,Angry,Fear,Happy,False,False,True,0.00035128466,0.00022573333,0.7209939,0.26702198,1.0930828e-05,0.009697426,0.0016987752
1208,inesco,mbaz,mbaz_a221.wav,Angry,289,Angry,Surprise,Happy,False,False,True,0.024290109,2.4500669e-05,0.016365454,0.03232056,2.0435473e-07,3.1547355e-05,0.9269677
1209,inesco,mbaz,mbaz_a222.wav,Angry,135,Angry,Happy,Happy,False,False,False,0.0071899737,2.166626e-05,0.047371306,0.47783956,2.5803627e-05,0.0017613529,0.46579036
1210,inesco,mbaz,mbaz_a223.wav,Angry,164,Angry,Fear,Happy,False,False,True,1.7912644e-05,1.6983636e-06,0.9721014,0.00576113,8.244697e-07,0.0007270763,0.021389954
1211,inesco,mbaz,mbaz_a224.wav,Angry,308,Angry,Happy,Happy,False,False,False,0.044488322,1.1886665e-05,0.0055613634,0.8933375,2.6044998e-05,8.248826e-05,0.056492414
1212,inesco,mbaz,mbaz_a225.wav,Angry,141,Angry,Fear,Angry,False,True,True,0.45086682,7.555651e-05,0.5413357,0.0003853288,0.0036094238,6.391304e-05,0.0036633005
1213,inesco,mbaz,mbaz_a226.wav,Angry,154,Angry,Fear,Happy,False,False,True,0.00039527088,1.3097464e-06,0.90779316,0.043849193,2.948494e-05,0.03848762,0.00944393
1214,inesco,mbaz,mbaz_a227.wav,Angry,388,Angry,Surprise,Angry,False,True,True,0.33300102,4.1332896e-05,0.003334373,0.12871136,1.0793353e-06,9.710012e-07,0.5349099
1215,inesco,mbaz,mbaz_a228.wav,Angry,122,Angry,Angry,Angry,True,True,False,0.9228212,2.0872708e-06,0.0020741944,0.067014314,0.00060319534,1.5422269e-05,0.007469514
1216,inesco,mbaz,mbaz_a229.wav,Angry,333,Angry,Surprise,Happy,False,False,True,0.00010201793,1.076437e-05,0.1511552,0.0054997923,5.2895043e-08,3.6312842e-05,0.84319586
1217,inesco,mbaz,mbaz_a230.wav,Angry,221,Angry,Happy,Happy,False,False,False,0.0122785615,0.0005048041,0.00039332447,0.9577193,5.4706703e-07,4.3729624e-06,0.02909909
1218,inesco,mbaz,mbaz_a231.wav,Angry,215,Angry,Happy,Happy,False,False,False,3.9508333e-05,7.2898706e-07,0.00019937754,0.95134085,6.1561866e-07,9.990986e-06,0.04840891
1219,inesco,mbaz,mbaz_a232.wav,Angry,196,Angry,Fear,Happy,False,False,True,0.21394348,3.781928e-06,0.55122566,0.23438755,0.00010036845,9.965541e-05,0.00023952872
1220,inesco,mbaz,mbaz_a233.wav,Angry,228,Angry,Angry,Angry,True,True,False,0.8921145,0.0009768002,0.055147413,0.035351817,0.00011228779,5.9629507e-05,0.016237512
1221,inesco,mbaz,mbaz_a234.wav,Angry,77,Angry,Angry,Angry,True,True,False,0.69890106,7.084536e-07,0.26921317,0.027428387,0.0003038435,0.00079900236,0.0033538113
1222,inesco,mbaz,mbaz_a235.wav,Angry,68,Angry,Fear,Angry,False,True,True,0.007984449,1.7323206e-06,0.9912341,0.00016045093,3.9906652e-05,0.000513442,6.598623e-05
1223,inesco,mbaz,mbaz_a236.wav,Angry,164,Angry,Happy,Happy,False,False,False,0.3289003,0.00094808737,0.036919966,0.48394942,9.853604e-05,3.0002882e-05,0.14915363
1224,inesco,mbaz,mbaz_a237.wav,Angry,148,Angry,Happy,Happy,False,False,False,0.23026147,1.6146942e-05,0.00083737687,0.49606007,0.0001648693,6.875837e-05,0.27259135
1225,inesco,mbaz,mbaz_a238.wav,Angry,180,Angry,Sad,Sad,False,False,False,0.0030277506,1.3803967e-06,0.4379366,0.062214736,0.0002618032,0.4965563,1.4095542e-06
1226,inesco,mbaz,mbaz_a239.wav,Angry,193,Angry,Happy,Happy,False,False,False,0.00020198169,4.8473544e-07,0.45411426,0.5023469,1.6911952e-07,5.0071678e-05,0.043286137
1227,inesco,mbaz,mbaz_a240.wav,Angry,164,Angry,Happy,Happy,False,False,False,0.0009192038,9.828938e-07,0.017019184,0.97128254,5.375143e-06,6.8546666e-05,0.0107042305
1228,inesco,mbaz,mbaz_a241.wav,Angry,154,Angry,Happy,Happy,False,False,False,0.011490715,1.5209353e-06,0.0022489603,0.5723097,8.10424e-05,5.667754e-05,0.41381145
1229,inesco,mbaz,mbaz_a242.wav,Angry,391,Angry,Happy,Happy,False,False,False,0.003120939,0.00030051026,0.0006008924,0.6383063,2.5911297e-05,2.4277515e-05,0.3576211
1230,inesco,mbaz,mbaz_a243.wav,Angry,196,Angry,Surprise,Happy,False,False,True,0.006061262,0.00035756823,0.0026792337,0.15913497,4.504031e-08,2.742953e-05,0.83173954
1231,inesco,mbaz,mbaz_a244.wav,Angry,237,Angry,Surprise,Angry,False,True,True,0.21172997,2.4023479e-05,0.0001308426,0.009411109,4.1520106e-08,0.00012794188,0.77857614
1232,inesco,mbaz,mbaz_a245.wav,Angry,225,Angry,Surprise,Angry,False,True,True,0.16888872,2.7127075e-05,0.007063585,0.019027526,1.1015679e-05,0.0046988465,0.80028313
1233,inesco,mbaz,mbaz_a246.wav,Angry,84,Angry,Angry,Angry,True,True,False,0.74683815,1.1065191e-05,0.111093774,0.063008286,0.00060697243,0.0001981688,0.07824353
1234,inesco,mbaz,mbaz_a247.wav,Angry,295,Angry,Surprise,Happy,False,False,True,0.014589665,0.058836035,0.004281815,0.018032769,2.381115e-05,0.00011778635,0.90411806
1235,inesco,mbaz,mbaz_a248.wav,Angry,231,Angry,Fear,Happy,False,False,True,0.011538646,0.00023839733,0.5663908,0.083301425,5.455109e-05,0.024603022,0.31387317
1236,inesco,mbaz,mbaz_a249.wav,Angry,218,Angry,Surprise,Happy,False,False,True,0.0031422214,2.9515199e-05,0.06659902,0.027104426,5.6371397e-07,6.931546e-05,0.9030549
1237,inesco,mbaz,mbaz_a250.wav,Angry,285,Angry,Surprise,Happy,False,False,True,2.402213e-05,0.00018512346,0.111099035,0.010616796,8.638845e-09,2.021464e-05,0.8780548
1238,inesco,mbaz,mbaz_a251.wav,Angry,257,Angry,Surprise,Happy,False,False,True,0.0017917911,0.0016963471,0.026178367,0.03267233,3.756403e-09,2.8269742e-05,0.9376329
1239,inesco,mbaz,mbaz_a252.wav,Angry,305,Angry,Surprise,Happy,False,False,True,0.00011347052,0.00048462942,0.026029343,0.48604995,3.0069548e-06,4.045229e-05,0.48727915
1240,inesco,mbaz,mbaz_a253.wav,Angry,193,Angry,Fear,Happy,False,False,True,1.2282517e-05,3.607964e-05,0.5151395,0.48449725,9.0386515e-05,0.00014931535,7.511357e-05
1241,inesco,mbaz,mbaz_a254.wav,Angry,196,Angry,Angry,Angry,True,True,False,0.99459237,7.3700967e-06,0.0022353714,0.002490829,2.4792787e-06,3.1796155e-06,0.00066841784
1242,inesco,mbaz,mbaz_a255.wav,Angry,321,Angry,Surprise,Happy,False,False,True,1.0583796e-05,1.9976842e-06,7.619762e-06,4.6587495e-05,1.1710311e-11,7.112478e-08,0.9999331
1243,inesco,mbaz,mbaz_a256.wav,Angry,372,Angry,Surprise,Happy,False,False,True,0.0048027663,3.3670005e-06,0.023227412,0.08114427,1.8636912e-08,9.2016935e-06,0.89081293
1244,inesco,mbaz,mbaz_a257.wav,Angry,253,Angry,Angry,Angry,True,True,False,0.48693496,0.00030942835,0.0023785692,0.10320864,3.23327e-06,0.0004065416,0.40675855
1245,inesco,mbaz,mbaz_a258.wav,Angry,154,Angry,Angry,Angry,True,True,False,0.9829254,3.3117146e-06,0.002061785,0.012798502,0.00028388368,4.270364e-05,0.0018844209
1246,inesco,mbaz,mbaz_a259.wav,Angry,193,Angry,Angry,Angry,True,True,False,0.547586,8.243237e-06,0.00025239596,0.44630998,1.587064e-07,6.8505835e-07,0.0058424966
1247,inesco,mbaz,mbaz_a260.wav,Angry,266,Angry,Angry,Angry,True,True,False,0.8387717,0.009887407,8.080579e-05,0.012652954,8.2634735e-09,6.1039536e-06,0.13860102
1248,inesco,mbaz,mbaz_a261.wav,Angry,253,Angry,Fear,Angry,False,True,True,0.06036326,3.5896028e-05,0.513447,0.012043747,8.589577e-07,3.83474e-05,0.41407087
1249,inesco,mbaz,mbaz_a262.wav,Angry,189,Angry,Surprise,Happy,False,False,True,0.014061817,2.8958595e-05,0.0029352084,0.047676165,8.194881e-07,3.5688332e-05,0.93526137
1250,inesco,mbaz,mbaz_a263.wav,Angry,183,Angry,Angry,Angry,True,True,False,0.61474097,1.6355028e-05,0.034099795,0.20665802,0.14075169,0.0019861935,0.0017469978
1251,inesco,mbaz,mbaz_a264.wav,Angry,87,Angry,Surprise,Angry,False,True,True,0.22995535,2.72059e-06,0.0221539,0.024768244,0.00015756745,1.4092051e-05,0.7229481
1252,inesco,mbaz,mbaz_a265.wav,Angry,106,Angry,Happy,Happy,False,False,False,0.012440273,1.9138129e-06,0.28308505,0.6534619,9.340237e-05,0.000119987766,0.050797448
1253,inesco,mbaz,mbaz_a266.wav,Angry,388,Angry,Surprise,Happy,False,False,True,0.00013729736,6.0728627e-07,0.0020154365,0.027715553,1.0219043e-08,1.3176331e-05,0.9701179
1254,inesco,mbaz,mbaz_a267.wav,Angry,129,Angry,Happy,Happy,False,False,False,0.006812848,5.7726525e-06,0.010995033,0.9434955,0.0011887938,4.3271077e-05,0.037458748
1255,inesco,mbaz,mbaz_a268.wav,Angry,68,Angry,Happy,Happy,False,False,False,0.21554905,1.1117833e-05,0.03690334,0.70189315,0.01024983,0.018631754,0.01676175
1256,inesco,mbaz,mbaz_a269.wav,Angry,113,Angry,Angry,Angry,True,True,False,0.99604815,2.9719845e-07,0.00035559313,0.0035540177,3.3379167e-06,7.444284e-07,3.7888083e-05
1257,inesco,mbaz,mbaz_a270.wav,Angry,167,Angry,Fear,Happy,False,False,True,0.0033354594,3.433696e-07,0.6018692,0.1681159,5.2724426e-06,0.00040965993,0.2262641
1258,inesco,mbaz,mbaz_a271.wav,Angry,266,Angry,Surprise,Sad,False,False,True,0.002884408,0.0047503402,0.35872298,0.0071874475,6.421579e-07,0.07461405,0.5518401
1259,inesco,mbaz,mbaz_a272.wav,Angry,330,Angry,Surprise,Happy,False,False,True,8.5542915e-06,0.00021972046,1.6289161e-05,0.0055115665,6.383588e-10,4.185689e-06,0.9942397
1260,inesco,mbaz,mbaz_a273.wav,Angry,215,Angry,Angry,Angry,True,True,False,0.98196274,1.1483042e-06,0.0009042249,0.0013266657,6.224205e-05,0.0006292887,0.015113637
1261,inesco,mbaz,mbaz_a274.wav,Angry,346,Angry,Surprise,Happy,False,False,True,0.0001090048,1.816413e-06,1.0779322e-06,0.0024793579,8.079711e-12,7.9494434e-08,0.99740857
1262,inesco,mbaz,mbaz_a275.wav,Angry,132,Angry,Happy,Happy,False,False,False,0.34337226,1.1481336e-06,0.013868569,0.63389164,0.0003117084,8.8257923e-07,0.008553792
1263,inesco,mbaz,mbaz_a276.wav,Angry,202,Angry,Angry,Angry,True,True,False,0.6924075,1.2042338e-05,0.048468452,0.24289729,5.665583e-06,1.1110662e-05,0.016197955
1264,inesco,mbaz,mbaz_a277.wav,Angry,250,Angry,Fear,Happy,False,False,True,0.007412191,0.007116715,0.48336488,0.047496963,6.1150837e-07,0.00082406396,0.45378458
1265,inesco,mbaz,mbaz_a278.wav,Angry,401,Angry,Surprise,Happy,False,False,True,0.015711974,0.00056563027,0.013400623,0.3508955,1.4184003e-06,0.0032654272,0.61615944
1266,inesco,mbaz,mbaz_a279.wav,Angry,289,Angry,Surprise,Happy,False,False,True,0.0066957176,0.0076559004,0.0051005073,0.020051286,1.0931844e-05,0.005296203,0.9551895
1267,inesco,mbaz,mbaz_a280.wav,Angry,269,Angry,Happy,Happy,False,False,False,0.016129415,0.25695223,0.013613985,0.4618831,0.00046583093,0.024414293,0.22654112
1268,inesco,mbaz,mbaz_a281.wav,Angry,311,Angry,Surprise,Happy,False,False,True,0.02758557,0.00024762072,0.022367649,0.05042394,1.5314228e-08,7.1348234e-07,0.8993745
1269,inesco,mbaz,mbaz_a282.wav,Angry,218,Angry,Surprise,Angry,False,True,True,0.013925302,0.0016467405,0.0010707591,0.00013132271,9.98835e-09,2.616726e-05,0.9831997
1270,inesco,mbaz,mbaz_a283.wav,Angry,330,Angry,Surprise,Angry,False,True,True,0.0025925983,2.7371427e-06,2.2115413e-05,8.243952e-05,1.9889828e-08,7.147802e-06,0.99729294
1271,inesco,mbaz,mbaz_a284.wav,Angry,295,Angry,Surprise,Happy,False,False,True,9.3531e-07,1.981532e-06,0.0004314401,0.0072791637,1.1089928e-11,1.0078624e-06,0.9922854
1272,inesco,mbaz,mbaz_a285.wav,Angry,228,Angry,Angry,Angry,True,True,False,0.8908592,0.00023612769,5.9213755e-05,0.10788329,1.6740023e-07,2.1595984e-06,0.00095991266
1273,inesco,mbaz,mbaz_a286.wav,Angry,401,Angry,Happy,Happy,False,False,False,0.00839634,0.0002984094,6.0273114e-06,0.9858468,5.3266567e-06,1.22454185e-05,0.0054348437
1274,inesco,mbaz,mbaz_a287.wav,Angry,170,Angry,Happy,Happy,False,False,False,0.17286928,7.907844e-07,0.007549638,0.79618686,0.0003511139,1.452897e-05,0.023027843
1275,inesco,mbaz,mbaz_a288.wav,Angry,241,Angry,Surprise,Angry,False,True,True,0.055120274,0.090117335,0.009137701,0.0052093538,2.2171665e-09,0.0025777917,0.83783764
1276,inesco,mbaz,mbaz_a289.wav,Angry,122,Angry,Angry,Angry,True,True,False,0.82371795,1.7268484e-07,0.0032975862,0.17113854,4.2386464e-06,3.050574e-07,0.0018411296
1277,inesco,mbaz,mbaz_a290.wav,Angry,308,Angry,Surprise,Happy,False,False,True,5.46982e-06,1.4189183e-06,0.00019715274,0.002107735,2.921392e-11,5.761932e-07,0.9976876
1278,inesco,mbaz,mbaz_a291.wav,Angry,148,Angry,Happy,Happy,False,False,False,0.08716868,1.1459549e-06,0.31673652,0.5952154,7.391537e-06,5.404504e-05,0.00081687525
1279,inesco,mbaz,mbaz_a292.wav,Angry,77,Angry,Angry,Angry,True,True,False,0.9540398,1.2477598e-05,0.013802062,0.012631045,0.00039307686,0.00066658534,0.01845486
1280,inesco,mbaz,mbaz_a293.wav,Angry,247,Angry,Surprise,Angry,False,True,True,0.023397818,0.017931974,0.13646978,0.006124244,1.6070367e-06,0.009344781,0.80672985
1281,inesco,mbaz,mbaz_a294.wav,Angry,340,Angry,Surprise,Happy,False,False,True,0.0002890321,0.005507764,0.17975931,0.019484159,3.0285462e-06,0.0020167967,0.7929399
1282,inesco,mbaz,mbaz_a295.wav,Angry,308,Angry,Happy,Happy,False,False,False,0.012299806,0.00015075465,0.23100533,0.38519087,6.018205e-05,0.000118868425,0.37117416
1283,inesco,mbaz,mbaz_a296.wav,Angry,125,Angry,Surprise,Angry,False,True,True,0.062499564,1.7861871e-06,0.02004824,0.02783485,4.7741963e-07,1.369078e-05,0.88960135
1284,inesco,mbaz,mbaz_a297.wav,Angry,84,Angry,Angry,Angry,True,True,False,0.8034023,1.1761783e-06,0.18898043,0.0005640065,8.098496e-06,2.4296407e-05,0.007019729
1285,inesco,mbaz,mbaz_a298.wav,Angry,154,Angry,Happy,Happy,False,False,False,9.661526e-07,2.9821257e-07,0.00013921848,0.99918586,1.6445667e-07,3.4132183e-05,0.0006392816
1286,inesco,mbaz,mbaz_a299.wav,Angry,237,Angry,Angry,Angry,True,True,False,0.9717561,5.7556713e-06,0.0025373488,0.024867797,5.5030473e-06,2.0972331e-05,0.00080647465
1287,inesco,mbaz,mbaz_a300.wav,Angry,401,Angry,Happy,Happy,False,False,False,0.015277835,0.0043530455,0.00085166213,0.5050435,4.4799533e-05,0.00011090762,0.47431824
1288,inesco,mbaz,mbaz_a301.wav,Angry,215,Angry,Sad,Sad,False,False,False,0.004303197,0.0039229114,0.2927471,0.0754992,0.0026258456,0.54814035,0.0727614
1289,inesco,mbaz,mbaz_a302.wav,Angry,333,Angry,Surprise,Happy,False,False,True,0.0006337919,2.0581115e-06,2.0425656e-05,0.014702933,8.899617e-11,1.6064513e-07,0.9846407
1290,inesco,mbaz,mbaz_a303.wav,Angry,282,Angry,Surprise,Happy,False,False,True,0.0037835245,8.423839e-05,0.04804426,0.044119738,3.9883412e-07,0.0010367266,0.90293115
1291,inesco,mbaz,mbaz_a304.wav,Angry,125,Angry,Angry,Angry,True,True,False,0.94611406,8.751467e-07,0.001402781,0.03124532,8.1843114e-05,1.705783e-06,0.021153444
1292,inesco,mbaz,mbaz_a305.wav,Angry,282,Angry,Happy,Happy,False,False,False,0.2930848,0.00422077,0.00348786,0.6695064,2.0047966e-05,0.0012149436,0.028465213
1293,inesco,mbaz,mbaz_a306.wav,Angry,276,Angry,Angry,Angry,True,True,False,0.50399494,0.00034708073,0.30203462,0.046137355,4.867074e-06,0.0003328007,0.14714833
1294,inesco,mbaz,mbaz_a307.wav,Angry,193,Angry,Angry,Angry,True,True,False,0.8801913,6.0927385e-07,0.009303279,0.102324456,7.5156568e-06,7.010874e-05,0.00810271
1295,inesco,mbaz,mbaz_a308.wav,Angry,327,Angry,Surprise,Happy,False,False,True,0.0012217404,6.080039e-07,0.009888316,0.049448397,2.0315056e-08,1.8172602e-06,0.9394391
1296,inesco,mbaz,mbaz_a309.wav,Angry,61,Angry,Angry,Angry,True,True,False,0.8516617,2.6435531e-05,0.13869424,0.0032121825,7.307842e-06,0.00017402535,0.0062241103
1297,inesco,mbaz,mbaz_a310.wav,Angry,84,Angry,Angry,Angry,True,True,False,0.9558894,5.686799e-07,0.031410933,0.012441076,1.18930175e-05,5.5129545e-05,0.00019099333
1298,inesco,mbaz,mbaz_a311.wav,Angry,52,Angry,Angry,Angry,True,True,False,0.946267,2.437327e-06,0.01325985,0.0010830205,1.5266643e-07,6.690366e-06,0.039380774
1299,inesco,mbaz,mbaz_a312.wav,Angry,170,Angry,Happy,Happy,False,False,False,0.004370007,2.0446417e-07,0.01457384,0.9797785,4.699289e-05,0.00013474781,0.0010957088
1300,inesco,mbaz,mbaz_a313.wav,Angry,173,Angry,Happy,Happy,False,False,False,0.0037228847,2.2308981e-09,0.0003077279,0.99484116,1.083958e-06,3.4534543e-07,0.0011267668
1301,inesco,mbaz,mbaz_a314.wav,Angry,221,Angry,Fear,Angry,False,True,True,0.34409758,3.0729595e-07,0.6389536,0.014042295,1.0071422e-05,0.00016435095,0.0027317163
1302,inesco,mbaz,mbaz_a315.wav,Angry,301,Angry,Surprise,Happy,False,False,True,0.0025716426,0.00010519402,0.03351117,0.008623758,6.135725e-07,3.0329684e-06,0.95518464
1303,inesco,mbaz,mbaz_a316.wav,Angry,349,Angry,Angry,Angry,True,True,False,0.6133169,2.1449835e-06,0.0762776,0.18637036,3.6390324e-05,4.626283e-05,0.12395041
1304,inesco,mbaz,mbaz_a317.wav,Angry,321,Angry,Surprise,Happy,False,False,True,0.00027948897,0.070531465,0.053634446,0.27322048,1.6126814e-06,0.024664976,0.57766753
1305,inesco,mbaz,mbaz_a318.wav,Angry,231,Angry,Disgust,Angry,False,True,True,0.09678797,0.7931712,0.0010774393,0.039336435,7.686842e-05,0.0027354187,0.066814676
1306,inesco,mbaz,mbaz_a319.wav,Angry,401,Angry,Surprise,Happy,False,False,True,0.00012193918,3.2108144e-07,0.0013918761,0.0030597178,2.1873948e-06,2.5784222e-05,0.9953981
1307,inesco,mbaz,mbaz_a320.wav,Angry,113,Angry,Angry,Angry,True,True,False,0.96527183,1.3916857e-05,0.0014937517,0.028740631,0.00071581913,2.1372623e-06,0.003761944
1308,inesco,mbaz,mbaz_a321.wav,Angry,52,Angry,Angry,Angry,True,True,False,0.9751365,6.241696e-06,0.014935767,0.009349889,8.981882e-06,0.00011994005,0.00044270098
1309,inesco,mbaz,mbaz_a322.wav,Angry,49,Angry,Angry,Angry,True,True,False,0.9977646,5.7637208e-06,0.0016161135,0.00036313964,1.7441727e-06,2.8813276e-05,0.00021987851
1310,inesco,mbaz,mbaz_a323.wav,Angry,52,Angry,Angry,Angry,True,True,False,0.9863219,5.4109278e-06,0.013257535,0.00018131912,6.6993e-07,5.5620727e-05,0.0001774494
1311,inesco,mbaz,mbaz_a324.wav,Angry,173,Angry,Happy,Happy,False,False,False,0.006466829,3.4184228e-07,0.18445484,0.80154467,1.3244853e-05,0.00057640066,0.006943684
1312,inesco,mbaz,mbaz_a325.wav,Angry,138,Angry,Fear,Happy,False,False,True,0.012154188,3.3293245e-06,0.9620597,0.016556252,5.3093103e-05,0.0011509554,0.0080225095
1313,inesco,mbaz,mbaz_a326.wav,Angry,202,Angry,Happy,Happy,False,False,False,0.0027083636,1.2102742e-05,0.0030565045,0.9788159,0.005574801,0.0048448383,0.004987476
1314,inesco,mbaz,mbaz_a327.wav,Angry,215,Angry,Happy,Happy,False,False,False,0.08547805,3.171586e-06,0.047679216,0.72793186,1.2641404e-05,5.1362917e-06,0.13889
1315,inesco,mbaz,mbaz_a328.wav,Angry,215,Angry,Happy,Happy,False,False,False,2.7529884e-06,0.0005384102,7.982627e-05,0.99414307,1.0591324e-05,4.160591e-05,0.005183775
1316,inesco,mbaz,mbaz_a329.wav,Angry,154,Angry,Fear,Happy,False,False,True,0.0012618693,6.952633e-08,0.9665299,0.03153952,2.6882228e-06,0.00010091725,0.00056498987
1317,inesco,mbaz,mbaz_a330.wav,Angry,90,Angry,Angry,Angry,True,True,False,0.5892269,2.473629e-06,0.2800594,0.12089503,0.0007468951,0.0008694753,0.008199886
1318,inesco,mbaz,mbaz_a331.wav,Angry,167,Angry,Happy,Happy,False,False,False,0.0066526216,3.315539e-08,0.0028758598,0.98515075,3.8856684e-05,3.7046223e-06,0.0052781175
1319,inesco,mbaz,mbaz_a332.wav,Angry,119,Angry,Happy,Happy,False,False,False,0.30904543,0.00025839912,0.24824291,0.37546778,0.038043097,0.015801936,0.013140447
1320,inesco,mbaz,mbaz_a333.wav,Angry,84,Angry,Angry,Angry,True,True,False,0.82783574,8.846531e-06,0.08530365,0.08443815,8.525774e-05,0.00018449988,0.002143761
1321,inesco,mbaz,mbaz_a334.wav,Angry,161,Angry,Fear,Happy,False,False,True,0.00013008261,2.176591e-07,0.49633786,0.42642853,2.391146e-08,4.8402795e-05,0.07705489
1322,inesco,mbaz,mbaz_a335.wav,Angry,157,Angry,Angry,Angry,True,True,False,0.6606706,3.0167598e-06,0.0861666,0.11581962,4.318345e-05,0.000102072656,0.13719486
1323,inesco,mbaz,mbaz_a336.wav,Angry,189,Angry,Happy,Happy,False,False,False,0.067247935,2.4977091e-06,0.03367028,0.8959348,6.498559e-06,7.623742e-06,0.0031302928
1324,inesco,mbaz,mbaz_a337.wav,Angry,157,Angry,Happy,Happy,False,False,False,0.009355491,4.2395334e-07,0.058393624,0.90395623,3.4405453e-05,3.7080133e-07,0.028259479
1325,inesco,mbaz,mbaz_a338.wav,Angry,193,Angry,Happy,Happy,False,False,False,0.38415816,0.00018859426,0.11539451,0.47098508,0.027479338,0.0012596168,0.0005347238
1326,inesco,mbaz,mbaz_a339.wav,Angry,237,Angry,Surprise,Angry,False,True,True,0.2797571,0.00024189524,0.0002159348,0.04189395,6.657653e-07,3.168116e-05,0.67785877
1327,inesco,mbaz,mbaz_a340.wav,Angry,93,Angry,Angry,Angry,True,True,False,0.6689172,1.4324354e-05,0.12218746,0.18057439,0.0008457131,0.006785457,0.020675492
1328,inesco,mbaz,mbaz_a341.wav,Angry,273,Angry,Surprise,Angry,False,True,True,0.17171898,8.7738765e-05,9.393885e-05,0.12136823,7.54201e-09,1.7091163e-05,0.70671403
1329,inesco,mbaz,mbaz_a342.wav,Angry,177,Angry,Happy,Happy,False,False,False,0.0017547496,3.26234e-06,0.00016607273,0.68119216,0.00013169786,1.5812063e-06,0.31675053
1330,inesco,mbaz,mbaz_a343.wav,Angry,202,Angry,Happy,Happy,False,False,False,0.00024207713,5.465569e-07,0.08928634,0.90952253,3.2402613e-06,3.5546214e-05,0.0009097432
1331,inesco,mbaz,mbaz_a344.wav,Angry,202,Angry,Angry,Angry,True,True,False,0.9857808,0.00020439451,0.0004842526,0.007780087,1.5253012e-07,5.681468e-07,0.0057498678
1332,inesco,mbaz,mbaz_a345.wav,Angry,177,Angry,Fear,Happy,False,False,True,0.0010604546,2.26035e-05,0.50513816,0.016514815,1.0048294e-06,3.1027696e-05,0.47723192
1333,inesco,mbaz,mbaz_a346.wav,Angry,257,Angry,Angry,Angry,True,True,False,0.51007783,0.0061268616,0.0026554961,0.0012266021,5.43768e-08,4.196978e-05,0.47987118
1334,inesco,mbaz,mbaz_a347.wav,Angry,209,Angry,Happy,Happy,False,False,False,0.006257374,3.170337e-05,0.0042091426,0.9821786,5.963975e-06,8.972566e-05,0.007227386
1335,inesco,mbaz,mbaz_a348.wav,Angry,109,Angry,Fear,Angry,False,True,True,0.023032473,7.670389e-07,0.9733499,0.0008819619,2.0224295e-05,4.4886427e-05,0.0026697956
1336,inesco,mbaz,mbaz_a349.wav,Angry,212,Angry,Angry,Angry,True,True,False,0.5860058,1.664046e-05,0.0004179761,0.39568564,5.7074114e-05,3.2392365e-06,0.017813604
1337,inesco,mbaz,mbaz_a350.wav,Angry,401,Angry,Surprise,Happy,False,False,True,1.6311858e-05,3.85376e-07,4.6913385e-07,0.05283296,7.084036e-12,6.306895e-10,0.9471499
1338,inesco,mbaz,mbaz_a351.wav,Angry,209,Angry,Happy,Happy,False,False,False,0.002270417,2.7885742e-06,0.0007799043,0.9961306,2.9570099e-06,9.687686e-06,0.0008036124
1339,inesco,mbaz,mbaz_a352.wav,Angry,109,Angry,Surprise,Happy,False,False,True,0.0013548872,3.584248e-07,0.06767041,0.110689685,5.1200972e-05,2.660415e-06,0.8202307
1340,inesco,mbaz,mbaz_a353.wav,Angry,212,Angry,Surprise,Happy,False,False,True,1.4226872e-05,8.294465e-06,0.0014977355,0.48630807,3.935257e-08,1.0279399e-06,0.5121706
1341,inesco,mbaz,mbaz_a354.wav,Angry,321,Angry,Surprise,Happy,False,False,True,0.03123053,0.000557573,0.01243339,0.10550597,5.9978734e-06,0.00042704702,0.84983945
1342,inesco,mbaz,mbaz_a355.wav,Angry,212,Angry,Surprise,Happy,False,False,True,0.028751388,0.0029042289,0.0007732518,0.03340155,1.0430141e-06,0.0007943152,0.9333743
1343,inesco,mbaz,mbaz_a356.wav,Angry,260,Angry,Angry,Angry,True,True,False,0.9476319,5.558883e-05,0.00021899112,0.0058561517,1.4070191e-06,6.6140815e-06,0.04622943
1344,inesco,mbaz,mbaz_a357.wav,Angry,148,Angry,Happy,Happy,False,False,False,0.00019706195,7.767019e-07,0.23544912,0.7178177,3.2465723e-05,0.00035258895,0.04615027
1345,inesco,mbaz,mbaz_a358.wav,Angry,103,Angry,Angry,Angry,True,True,False,0.6856983,6.876146e-06,0.06396783,0.18770541,0.002921029,6.0131362e-05,0.05964045
1346,inesco,mbaz,mbaz_a359.wav,Angry,177,Angry,Happy,Happy,False,False,False,0.21748583,3.8073527e-08,0.019704636,0.76237756,5.265428e-06,2.7136679e-05,0.0003995822
1347,inesco,mbaz,mbaz_a360.wav,Angry,84,Angry,Fear,Angry,False,True,True,0.13276985,2.507074e-06,0.85280776,0.01055097,1.5486397e-05,0.0003419054,0.0035114922
1348,inesco,mbaz,mbaz_a361.wav,Angry,119,Angry,Surprise,Angry,False,True,True,0.27246442,4.6765678e-07,0.052132823,0.11072144,1.0315612e-06,6.2953004e-06,0.56467354
1349,inesco,mbaz,mbaz_a362.wav,Angry,77,Angry,Angry,Angry,True,True,False,0.5327644,5.6520216e-06,0.44582167,0.014744483,6.6837566e-07,1.8022005e-05,0.006645134
1350,inesco,mbaz,mbaz_a363.wav,Angry,141,Angry,Fear,Angry,False,True,True,0.18866716,5.8821936e-08,0.6313898,0.15137027,2.7209614e-06,2.0527332e-05,0.028549427
1351,inesco,mbaz,mbaz_a364.wav,Angry,138,Angry,Surprise,Happy,False,False,True,0.05158231,1.7265435e-07,0.012971103,0.16443357,2.8544089e-06,9.693885e-08,0.7710099
1352,inesco,mbaz,mbaz_a365.wav,Angry,157,Angry,Happy,Happy,False,False,False,0.20850709,1.8334076e-07,0.00040695895,0.789858,0.00017125974,9.816985e-05,0.00095834857
1353,inesco,mbaz,mbaz_a366.wav,Angry,180,Angry,Angry,Angry,True,True,False,0.80867636,4.6421943e-07,0.040778205,0.14997505,0.00010618927,1.2092335e-05,0.00045157498
1354,inesco,mbaz,mbaz_a367.wav,Angry,49,Angry,Angry,Angry,True,True,False,0.9993518,1.0710799e-06,0.00042433257,0.00015900843,1.01300074e-07,8.6210645e-07,6.2787265e-05
1355,inesco,mbaz,mbaz_a368.wav,Angry,119,Angry,Happy,Happy,False,False,False,0.393904,1.1115868e-06,0.04083252,0.40083322,1.581117e-05,0.00011236403,0.16430098
1356,inesco,mbaz,mbaz_a369.wav,Angry,132,Angry,Angry,Angry,True,True,False,0.8914413,1.1304786e-07,0.010346917,0.095333226,3.416023e-05,3.5888302e-06,0.0028406885
1357,inesco,mbaz,mbaz_a370.wav,Angry,148,Angry,Fear,Happy,False,False,True,0.008820188,2.0724158e-07,0.7828082,0.20612048,4.045106e-05,7.496811e-05,0.002135483
1358,inesco,mbaz,mbaz_a371.wav,Angry,132,Angry,Surprise,Happy,False,False,True,0.057816017,4.563193e-07,0.017111683,0.110559836,4.2045165e-05,9.9740755e-06,0.81446
1359,inesco,mbaz,mbaz_a372.wav,Angry,161,Angry,Fear,Happy,False,False,True,0.012987423,1.7878262e-08,0.8570547,0.12832144,2.6865982e-06,0.000100397454,0.0015333762
1360,inesco,mbaz,mbaz_a373.wav,Angry,173,Angry,Fear,Happy,False,False,True,0.12228275,4.999956e-07,0.39584807,0.13053283,1.2936611e-06,2.7331793e-05,0.35130718
1361,inesco,mbaz,mbaz_a374.wav,Angry,65,Angry,Angry,Angry,True,True,False,0.97957146,4.2755605e-06,0.015004066,0.001779964,1.8857609e-05,0.00019314242,0.0034281805
1362,inesco,mbaz,mbaz_a375.wav,Angry,244,Angry,Surprise,Happy,False,False,True,0.0007709594,7.886905e-05,4.968058e-06,0.28607613,4.5011403e-09,1.1971649e-06,0.7130678
1363,inesco,mbaz,mbaz_a376.wav,Angry,42,Angry,Angry,Angry,True,True,False,0.99502975,6.324648e-07,0.004807205,0.00011850734,3.5003185e-07,9.532723e-06,3.4181125e-05
1364,inesco,mbaz,mbaz_a377.wav,Angry,87,Angry,Happy,Happy,False,False,False,0.39118788,3.682507e-07,0.0039217514,0.590045,1.5446945e-05,9.625043e-05,0.01473335
1365,inesco,mbaz,mbaz_a378.wav,Angry,103,Angry,Angry,Angry,True,True,False,0.4915788,2.1579767e-06,0.47311747,0.020493293,8.825818e-06,0.00014236788,0.014657085
1366,inesco,mbaz,mbaz_a379.wav,Angry,129,Angry,Fear,Happy,False,False,True,0.09903346,9.244065e-07,0.40322185,0.14426409,9.709006e-07,5.055784e-05,0.3534281
1367,inesco,mbaz,mbaz_a380.wav,Angry,199,Angry,Happy,Happy,False,False,False,0.027005183,1.9316528e-07,0.00060650107,0.9135258,2.5000474e-05,3.9352126e-05,0.05879795
1368,inesco,mbaz,mbaz_a381.wav,Angry,157,Angry,Angry,Angry,True,True,False,0.69260395,2.5160866e-06,0.19281673,0.11367508,1.798558e-05,1.35925775e-05,0.0008701
1369,inesco,mbaz,mbaz_a382.wav,Angry,125,Angry,Surprise,Happy,False,False,True,3.9423503e-05,3.4817833e-07,0.0022611362,0.20742905,2.4371994e-07,5.643594e-08,0.79026973
1370,inesco,mbaz,mbaz_a383.wav,Angry,65,Angry,Angry,Angry,True,True,False,0.9151674,6.908124e-05,0.08347529,0.00010029659,9.549111e-06,0.0005489043,0.00062946323
1371,inesco,mbaz,mbaz_a384.wav,Angry,132,Angry,Happy,Happy,False,False,False,0.007265643,4.5715538e-07,0.0014721412,0.9831315,4.5635386e-07,1.2676249e-05,0.008117199
1372,inesco,mbaz,mbaz_a385.wav,Angry,97,Angry,Fear,Happy,False,False,True,0.05684185,3.4412605e-07,0.713356,0.20890485,2.6401145e-05,0.00012881335,0.020741677
1373,inesco,mbaz,mbaz_a386.wav,Angry,93,Angry,Angry,Angry,True,True,False,0.89392114,2.057663e-06,0.05296204,0.005232183,1.1137038e-05,4.8137223e-05,0.04782336
1374,inesco,mbaz,mbaz_a387.wav,Angry,378,Angry,Surprise,Happy,False,False,True,0.00010197216,1.2101e-07,0.00026221966,0.111944385,1.7802178e-08,3.5819698e-07,0.8876909
1375,inesco,mbaz,mbaz_a388.wav,Angry,52,Angry,Angry,Angry,True,True,False,0.9983424,9.93164e-07,0.0008056421,0.0006762137,4.2741405e-07,5.4930297e-06,0.00016885574
1376,inesco,mbaz,mbaz_a389.wav,Angry,87,Angry,Surprise,Happy,False,False,True,0.004698323,3.452604e-07,0.04272895,0.03388465,1.065182e-06,3.3110261e-06,0.91868335
1377,inesco,mbaz,mbaz_a390.wav,Angry,49,Angry,Angry,Angry,True,True,False,0.9997409,4.0817318e-07,8.8099434e-05,0.00010307041,1.16782644e-07,1.4807237e-07,6.7293564e-05
1378,inesco,mbaz,mbaz_a391.wav,Angry,55,Angry,Angry,Angry,True,True,False,0.998615,2.9957992e-05,0.00044638512,0.00011398288,9.302935e-08,3.4309385e-05,0.0007602298
1379,inesco,mbaz,mbaz_a392.wav,Angry,42,Angry,Angry,Angry,True,True,False,0.98166704,1.7261189e-06,0.017675258,0.00047677013,2.861944e-06,6.768881e-05,0.00010861545
1380,inesco,mbaz,mbaz_a393.wav,Angry,103,Angry,Happy,Happy,False,False,False,0.13314377,9.40437e-07,0.0019599737,0.6625876,4.667513e-05,6.2649747e-06,0.20225477
1381,inesco,mbaz,mbaz_a394.wav,Angry,138,Angry,Happy,Happy,False,False,False,0.03932685,2.462062e-07,0.041750275,0.82321864,2.1639984e-05,1.6902459e-05,0.09566535
1382,inesco,mbaz,mbaz_a395.wav,Angry,129,Angry,Angry,Angry,True,True,False,0.5764224,8.998648e-07,0.0045699524,0.06177941,6.933367e-07,6.681152e-07,0.35722595
1383,inesco,mbaz,mbaz_a396.wav,Angry,215,Angry,Fear,Angry,False,True,True,0.16464253,0.00035079342,0.6720509,0.14789373,0.0061733495,0.0042364215,0.004652353
1384,inesco,mbaz,mbaz_a397.wav,Angry,45,Angry,Angry,Angry,True,True,False,0.9997811,6.000324e-07,5.5777848e-05,0.00014885004,2.7855816e-07,8.5705204e-07,1.2587744e-05
1385,inesco,mbaz,mbaz_a398.wav,Angry,45,Angry,Angry,Angry,True,True,False,0.98241466,8.5764157e-07,0.011849713,0.0030764614,2.3731639e-07,1.1632016e-05,0.0026464993
1386,inesco,mbaz,mbaz_a399.wav,Angry,388,Angry,Surprise,Happy,False,False,True,0.0022685006,3.984012e-07,0.0009133046,0.060819685,1.3312926e-09,9.4012776e-08,0.935998
1387,inesco,mbaz,mbaz_a400.wav,Angry,218,Angry,Happy,Happy,False,False,False,0.22599792,0.00035361576,0.28169504,0.47279486,0.00014478673,0.0019442155,0.017069608
1388,inesco,mbaz,mbaz_a401.wav,Angry,212,Angry,Angry,Angry,True,True,False,0.52152777,2.4827324e-07,0.03327122,0.30536404,1.4546515e-05,5.8976702e-06,0.13981631
1389,inesco,mbaz,mbaz_h001.wav,Happy,212,Happy,Surprise,Angry,False,False,True,0.06271134,0.006806009,0.04246651,0.0021090126,0.00062690466,0.000114051174,0.88516617
1390,inesco,mbaz,mbaz_h002.wav,Happy,113,Happy,Angry,Angry,False,False,False,0.99086154,1.1816434e-05,0.0010205394,0.0030993952,6.4389635e-05,3.8928733e-06,0.0049384222
1391,inesco,mbaz,mbaz_h003.wav,Happy,212,Happy,Happy,Happy,True,True,False,0.0012080068,2.8366478e-06,0.00030913486,0.9901315,0.00015841414,0.00047704924,0.0077129463
1392,inesco,mbaz,mbaz_h004.wav,Happy,90,Happy,Angry,Angry,False,False,False,0.9993831,2.8328182e-06,0.00025409544,0.00028945034,3.718614e-05,2.5976702e-05,7.3619813e-06
1393,inesco,mbaz,mbaz_h005.wav,Happy,145,Happy,Surprise,Happy,False,True,True,1.3552286e-05,2.7112495e-05,0.007061644,0.011720465,3.8878895e-08,7.5213866e-05,0.98110205
1394,inesco,mbaz,mbaz_h006.wav,Happy,180,Happy,Happy,Happy,True,True,False,0.00014978122,8.794661e-05,0.0028005682,0.68053204,0.0006833692,0.30413318,0.011613149
1395,inesco,mbaz,mbaz_h007.wav,Happy,154,Happy,Fear,Sad,False,False,True,0.10212148,0.00032815806,0.73801744,0.008084718,0.035053927,0.11606603,0.00032831708
1396,inesco,mbaz,mbaz_h008.wav,Happy,269,Happy,Happy,Happy,True,True,False,0.00034652185,0.0008979106,0.0017932156,0.9369838,9.142051e-06,0.004275207,0.055694256
1397,inesco,mbaz,mbaz_h009.wav,Happy,209,Happy,Happy,Happy,True,True,False,0.013490671,1.32111845e-05,0.0007994189,0.90379506,1.6367632e-07,3.3405622e-06,0.0818981
1398,inesco,mbaz,mbaz_h010.wav,Happy,212,Happy,Happy,Happy,True,True,False,1.9353833e-05,6.4860086e-07,0.02188663,0.9514343,5.795556e-06,0.00012418146,0.026529172
1399,inesco,mbaz,mbaz_h011.wav,Happy,189,Happy,Angry,Angry,False,False,False,0.8245011,0.0004918869,0.00367241,0.14855935,5.357928e-06,0.00019678283,0.022573035
1400,inesco,mbaz,mbaz_h012.wav,Happy,266,Happy,Surprise,Happy,False,True,True,0.00031491288,4.62373e-06,0.0071332064,0.025595693,5.028942e-07,9.2600014e-05,0.96685845
1401,inesco,mbaz,mbaz_h013.wav,Happy,359,Happy,Surprise,Happy,False,True,True,0.10752688,0.00019658961,0.0020770684,0.25315946,5.9532198e-05,0.0027265134,0.6342539
1402,inesco,mbaz,mbaz_h014.wav,Happy,375,Happy,Surprise,Happy,False,True,True,0.08728719,0.04606595,0.045344014,0.14056073,0.0015075647,0.019041978,0.66019255
1403,inesco,mbaz,mbaz_h015.wav,Happy,164,Happy,Happy,Happy,True,True,False,0.08956872,2.6736267e-05,0.016876133,0.72845197,4.970622e-06,9.9393386e-05,0.16497213
1404,inesco,mbaz,mbaz_h016.wav,Happy,189,Happy,Surprise,Happy,False,True,True,0.00019143969,5.3116185e-07,0.052897595,0.0034540726,2.99079e-07,4.846192e-05,0.94340754
1405,inesco,mbaz,mbaz_h017.wav,Happy,257,Happy,Happy,Happy,True,True,False,0.017535962,0.015824366,0.20678082,0.6073909,0.0019186455,0.0055593504,0.14498997
1406,inesco,mbaz,mbaz_h018.wav,Happy,353,Happy,Surprise,Happy,False,True,True,0.0018651236,0.0035662595,0.01038121,0.16505343,4.49267e-05,0.0028001948,0.8162889
1407,inesco,mbaz,mbaz_h019.wav,Happy,215,Happy,Fear,Happy,False,True,True,4.379049e-05,0.0032484778,0.46584117,0.24332768,0.0001374424,0.16143128,0.12597014
1408,inesco,mbaz,mbaz_h020.wav,Happy,244,Happy,Angry,Angry,False,False,False,0.51843846,0.0023394139,0.024004601,0.3213329,1.7781664e-05,0.0056283227,0.12823854
1409,inesco,mbaz,mbaz_h021.wav,Happy,401,Happy,Angry,Angry,False,False,False,0.48523924,0.0001930797,0.00045390052,0.36650473,9.963841e-07,0.00012068707,0.14748736
1410,inesco,mbaz,mbaz_h022.wav,Happy,295,Happy,Angry,Angry,False,False,False,0.92152977,0.03675382,0.00064958,0.02523901,0.00010297372,0.0015429076,0.014181895
1411,inesco,mbaz,mbaz_h023.wav,Happy,298,Happy,Surprise,Angry,False,False,True,0.0040601892,0.00020079152,0.00011296882,0.00043593007,8.421282e-08,0.0001272121,0.9950629
1412,inesco,mbaz,mbaz_h024.wav,Happy,225,Happy,Angry,Angry,False,False,False,0.66656107,0.018281272,0.13770586,0.066976115,0.0002405078,0.03567322,0.07456197
1413,inesco,mbaz,mbaz_h025.wav,Happy,209,Happy,Happy,Happy,True,True,False,0.014090819,2.1541298e-05,0.048329383,0.7897626,4.045306e-06,0.00015154642,0.14764011
1414,inesco,mbaz,mbaz_h026.wav,Happy,282,Happy,Surprise,Happy,False,True,True,0.0003408307,3.024358e-05,0.0053887563,0.4199825,9.619661e-09,1.1174321e-05,0.5742465
1415,inesco,mbaz,mbaz_h027.wav,Happy,314,Happy,Angry,Angry,False,False,False,0.63059795,0.08251015,0.23225437,0.004981017,0.0037480742,0.033784844,0.012123626
1416,inesco,mbaz,mbaz_h028.wav,Happy,218,Happy,Angry,Angry,False,False,False,0.9858547,0.002302782,0.0001513329,0.007406394,4.717131e-07,0.00023635577,0.004048114
1417,inesco,mbaz,mbaz_h029.wav,Happy,372,Happy,Angry,Angry,False,False,False,0.7911744,0.00021696201,0.0010074197,0.018248519,3.8041668e-07,2.5805093e-05,0.18932648
1418,inesco,mbaz,mbaz_h030.wav,Happy,228,Happy,Neutral,Happy,False,True,True,0.04803383,0.00027217504,1.1473299e-05,0.054849997,0.8964441,0.00016262717,0.00022579453
1419,inesco,mbaz,mbaz_h031.wav,Happy,401,Happy,Happy,Happy,True,True,False,0.018594429,5.9909682e-05,0.00259415,0.9610213,0.00060532027,0.0048759393,0.012248967
1420,inesco,mbaz,mbaz_h032.wav,Happy,285,Happy,Happy,Happy,True,True,False,0.36057848,0.0028671937,0.0021815652,0.6160572,0.0009839501,0.0006053411,0.01672629
1421,inesco,mbaz,mbaz_h033.wav,Happy,221,Happy,Happy,Happy,True,True,False,4.8875474e-05,8.70777e-05,0.059300993,0.8356495,2.1292847e-06,0.0013535004,0.103557885
1422,inesco,mbaz,mbaz_h034.wav,Happy,218,Happy,Angry,Angry,False,False,False,0.92070824,0.0330257,0.0040145773,0.01036075,0.00036452655,0.011515451,0.02001077
1423,inesco,mbaz,mbaz_h035.wav,Happy,333,Happy,Disgust,Sad,False,False,True,0.011287877,0.7009284,0.0019048365,0.0024743392,4.0474184e-05,0.03056517,0.25279891
1424,inesco,mbaz,mbaz_h036.wav,Happy,401,Happy,Surprise,Angry,False,False,True,0.0137073295,5.7034213e-05,0.0013453383,0.0064543476,1.2919946e-06,4.362518e-05,0.978391
1425,inesco,mbaz,mbaz_h037.wav,Happy,324,Happy,Surprise,Angry,False,False,True,0.028475754,0.002430887,0.15103433,0.014156627,0.00018156185,0.003926682,0.7997942
1426,inesco,mbaz,mbaz_h038.wav,Happy,401,Happy,Happy,Happy,True,True,False,0.14225145,0.0014464309,0.015242395,0.83183306,4.337131e-06,0.0018586025,0.0073636957
1427,inesco,mbaz,mbaz_h039.wav,Happy,349,Happy,Happy,Happy,True,True,False,0.056475,0.0031157616,0.008730536,0.6008006,1.2675444e-05,0.003010092,0.32785538
1428,inesco,mbaz,mbaz_h040.wav,Happy,401,Happy,Happy,Happy,True,True,False,0.0048880707,0.0041753757,0.28253037,0.49782252,0.008985446,0.041699223,0.15989904
1429,inesco,mbaz,mbaz_h041.wav,Happy,141,Happy,Happy,Happy,True,True,False,0.0035459427,2.3557661e-07,0.2080098,0.5741147,4.916018e-07,7.025172e-06,0.21432179
1430,inesco,mbaz,mbaz_h042.wav,Happy,317,Happy,Surprise,Angry,False,False,True,0.0005216948,1.3297908e-05,0.0035337124,7.038291e-05,7.1780484e-08,3.2523763e-05,0.9958282
1431,inesco,mbaz,mbaz_h043.wav,Happy,401,Happy,Surprise,Happy,False,True,True,0.030403852,0.0004398998,0.20150533,0.32445,0.0032636514,0.0072440947,0.43269318
1432,inesco,mbaz,mbaz_h044.wav,Happy,365,Happy,Happy,Happy,True,True,False,0.06510873,0.00053659367,2.16981e-05,0.9147927,1.2987132e-05,5.718149e-05,0.019470027
1433,inesco,mbaz,mbaz_h045.wav,Happy,285,Happy,Disgust,Sad,False,False,True,0.008227132,0.8302365,0.005268712,0.010014964,3.628657e-05,0.071439825,0.07477662
1434,inesco,mbaz,mbaz_h046.wav,Happy,221,Happy,Fear,Happy,False,True,True,0.044479262,0.0002967121,0.42221475,0.25523642,0.00016263474,0.00031566332,0.27729455
1435,inesco,mbaz,mbaz_h047.wav,Happy,234,Happy,Happy,Happy,True,True,False,0.04441515,9.298459e-05,7.66126e-05,0.89236194,0.03309578,0.0021282162,0.02782937
1436,inesco,mbaz,mbaz_h048.wav,Happy,279,Happy,Happy,Happy,True,True,False,0.005051347,0.0001685289,0.15792786,0.42444217,8.5208514e-05,0.00035351023,0.41197136
1437,inesco,mbaz,mbaz_h049.wav,Happy,205,Happy,Happy,Happy,True,True,False,0.015141416,0.0012101212,0.19430278,0.2979157,0.22954467,0.25116906,0.010716223
1438,inesco,mbaz,mbaz_h050.wav,Happy,167,Happy,Neutral,Angry,False,False,True,0.06914597,2.9221694e-05,0.007994864,0.06480799,0.8562221,0.001626119,0.00017380985
1439,inesco,mbaz,mbaz_h051.wav,Happy,401,Happy,Sad,Sad,False,False,False,0.0172258,0.002026849,0.0053254697,0.28032804,0.111436225,0.5801465,0.00351112
1440,inesco,mbaz,mbaz_h052.wav,Happy,401,Happy,Fear,Happy,False,True,True,0.006048108,0.00013657095,0.750283,0.07395931,0.0005015669,0.011808213,0.15726323
1441,inesco,mbaz,mbaz_h053.wav,Happy,401,Happy,Happy,Happy,True,True,False,0.05425423,0.00010215583,0.0022192313,0.50412965,0.37596038,0.04500468,0.018329615
1442,inesco,mbaz,mbaz_h054.wav,Happy,346,Happy,Happy,Happy,True,True,False,0.0028512718,3.661891e-05,0.018058177,0.8298747,0.0014795639,0.09103813,0.05666154
1443,inesco,mbaz,mbaz_h055.wav,Happy,401,Happy,Happy,Happy,True,True,False,0.19435063,0.00017501935,0.0044017127,0.7938059,0.00047505644,0.0059061004,0.0008857372
1444,inesco,mbaz,mbaz_h056.wav,Happy,292,Happy,Angry,Angry,False,False,False,0.5702481,0.0008491196,0.2265775,0.10237154,0.0012123915,0.00045110748,0.098290205
1445,inesco,mbaz,mbaz_h057.wav,Happy,247,Happy,Happy,Happy,True,True,False,0.24929619,0.00042298104,0.028845843,0.7196026,5.4446497e-05,0.00052162894,0.0012563318
1446,inesco,mbaz,mbaz_h058.wav,Happy,372,Happy,Happy,Happy,True,True,False,0.03943375,0.00070264644,0.005877584,0.52499044,0.001884733,0.0032554027,0.42385545
1447,inesco,mbaz,mbaz_h059.wav,Happy,221,Happy,Sad,Sad,False,False,False,4.422395e-05,0.00028606429,0.008776353,0.009602037,0.18862076,0.7926125,5.8087066e-05
1448,inesco,mbaz,mbaz_h060.wav,Happy,317,Happy,Happy,Happy,True,True,False,0.00079821463,0.00030037796,0.26643354,0.581878,0.0008619604,0.040650275,0.109077685
1449,inesco,mbaz,mbaz_h061.wav,Happy,154,Happy,Fear,Sad,False,False,True,8.536224e-05,0.0003890421,0.5214284,0.011419537,0.02756619,0.4385468,0.0005646204
1450,inesco,mbaz,mbaz_h062.wav,Happy,279,Happy,Surprise,Happy,False,True,True,0.011310206,0.0014703177,0.46550703,0.05376391,1.3416383e-05,0.0005179377,0.46741712
1451,inesco,mbaz,mbaz_h063.wav,Happy,263,Happy,Happy,Happy,True,True,False,0.04784892,0.0004792971,0.00418965,0.88485193,0.0015483813,0.0012194378,0.059862357
1452,inesco,mbaz,mbaz_h064.wav,Happy,231,Happy,Angry,Angry,False,False,False,0.63123876,0.0011576473,0.00047749496,0.1060209,0.25517607,0.00043982567,0.005489344
1453,inesco,mbaz,mbaz_h065.wav,Happy,337,Happy,Fear,Sad,False,False,True,0.004917476,0.0013582332,0.8431006,0.0026595197,0.0003439133,0.07013801,0.07748231
1454,inesco,mbaz,mbaz_h066.wav,Happy,273,Happy,Happy,Happy,True,True,False,0.00034258762,0.00013318556,0.012387337,0.9498793,1.3997656e-05,0.0056841094,0.031559434
1455,inesco,mbaz,mbaz_h067.wav,Happy,401,Happy,Happy,Happy,True,True,False,0.018138742,0.00015127604,0.021653911,0.9135935,0.00035674535,0.0059647933,0.04014105
1456,inesco,mbaz,mbaz_h068.wav,Happy,292,Happy,Surprise,Happy,False,True,True,0.010657569,0.0022289439,0.11069397,0.019625595,0.00055741845,0.007877423,0.8483591
1457,inesco,mbaz,mbaz_h069.wav,Happy,340,Happy,Happy,Happy,True,True,False,0.11605976,0.0090557365,0.034532305,0.6518934,0.00050151924,0.0459799,0.14197737
1458,inesco,mbaz,mbaz_h070.wav,Happy,314,Happy,Angry,Angry,False,False,False,0.5454766,2.1992593e-05,0.0010833772,0.43596283,1.1325318e-05,0.00015798406,0.01728582
1459,inesco,mbaz,mbaz_h071.wav,Happy,269,Happy,Happy,Happy,True,True,False,0.24893475,0.001817141,0.012347915,0.3908252,0.15128523,0.17669767,0.018092094
1460,inesco,mbaz,mbaz_h072.wav,Happy,241,Happy,Happy,Happy,True,True,False,0.13493136,0.0034434262,0.080656335,0.7643412,0.0008955927,0.0025159137,0.013216194
1461,inesco,mbaz,mbaz_h073.wav,Happy,138,Happy,Surprise,Angry,False,False,True,0.4002292,6.490177e-05,0.07639503,0.0015064663,0.00021521094,0.00013956272,0.5214497
1462,inesco,mbaz,mbaz_h074.wav,Happy,301,Happy,Surprise,Happy,False,True,True,0.13838442,0.009029588,0.047787018,0.16107778,0.0007013741,0.029355865,0.6136639
1463,inesco,mbaz,mbaz_h075.wav,Happy,218,Happy,Angry,Angry,False,False,False,0.91775906,0.0004986651,0.010334932,0.06591756,0.0016086656,0.0018746143,0.0020064109
1464,inesco,mbaz,mbaz_h076.wav,Happy,241,Happy,Angry,Angry,False,False,False,0.6042211,0.018928552,0.23039001,0.03502113,0.001011958,0.06274565,0.047681566
1465,inesco,mbaz,mbaz_h077.wav,Happy,228,Happy,Happy,Happy,True,True,False,0.02090484,3.293364e-07,0.007228379,0.96734244,0.00016579883,0.00015502317,0.004203152
1466,inesco,mbaz,mbaz_h078.wav,Happy,209,Happy,Happy,Happy,True,True,False,0.006313639,6.4673727e-06,0.0013071238,0.977032,7.5464727e-06,3.8359653e-07,0.015332855
1467,inesco,mbaz,mbaz_h079.wav,Happy,401,Happy,Sad,Sad,False,False,False,0.022205304,0.013824791,0.0004017559,0.06507236,0.025219398,0.8730436,0.00023275032
1468,inesco,mbaz,mbaz_h080.wav,Happy,356,Happy,Happy,Happy,True,True,False,0.20976149,0.0013718377,0.0011241807,0.69629943,0.01588637,0.036304872,0.039251834
1469,inesco,mbaz,mbaz_h081.wav,Happy,266,Happy,Surprise,Happy,False,True,True,0.013589851,0.0049492014,0.0051981597,0.15194643,7.5370095e-05,6.6805806e-05,0.82417417
1470,inesco,mbaz,mbaz_h082.wav,Happy,388,Happy,Happy,Happy,True,True,False,0.41546023,0.00013645894,0.10016055,0.45205507,0.0018259904,0.0019824991,0.028379155
1471,inesco,mbaz,mbaz_h083.wav,Happy,388,Happy,Sad,Sad,False,False,False,0.14906007,0.00072343106,0.019067679,0.011170859,0.015292628,0.5548982,0.24978714
1472,inesco,mbaz,mbaz_h084.wav,Happy,199,Happy,Happy,Happy,True,True,False,0.033360336,0.0036524378,0.049965274,0.5910323,0.25411496,0.052984115,0.01489058
1473,inesco,mbaz,mbaz_h085.wav,Happy,321,Happy,Angry,Angry,False,False,False,0.5922626,0.0008941154,0.0044208816,0.029530238,2.9103947e-05,0.00042568555,0.37243733
1474,inesco,mbaz,mbaz_h086.wav,Happy,225,Happy,Sad,Sad,False,False,False,0.07735214,0.012532342,0.014384526,0.33411166,0.11701375,0.39937454,0.045231096
1475,inesco,mbaz,mbaz_h087.wav,Happy,218,Happy,Angry,Angry,False,False,False,0.85193044,0.0012000098,0.035465725,0.0065448494,0.094503425,0.00915949,0.0011960876
1476,inesco,mbaz,mbaz_h088.wav,Happy,263,Happy,Sad,Sad,False,False,False,0.054285187,0.33569685,0.00013787745,0.056672055,0.0024676232,0.5502513,0.00048906094
1477,inesco,mbaz,mbaz_h089.wav,Happy,401,Happy,Happy,Happy,True,True,False,0.018330205,0.00056961115,0.00208993,0.9425788,0.00094473263,0.00935706,0.026129741
1478,inesco,mbaz,mbaz_h090.wav,Happy,141,Happy,Neutral,Happy,False,True,True,0.0018972857,3.899885e-06,0.004973195,0.15907644,0.7780285,0.055469718,0.0005509269
1479,inesco,mbaz,mbaz_h091.wav,Happy,321,Happy,Angry,Angry,False,False,False,0.36647364,9.7719945e-05,0.21384153,0.36109173,0.0007805207,0.021688376,0.03602654
1480,inesco,mbaz,mbaz_h092.wav,Happy,193,Happy,Happy,Happy,True,True,False,0.0034215988,7.754697e-07,0.113696136,0.86972255,0.00023923883,0.00023598212,0.012683736
1481,inesco,mbaz,mbaz_h093.wav,Happy,308,Happy,Angry,Angry,False,False,False,0.97044206,0.00041569147,0.00074490544,0.018776972,8.065712e-05,0.0001170965,0.009422626
1482,inesco,mbaz,mbaz_h094.wav,Happy,388,Happy,Surprise,Happy,False,True,True,0.07749461,0.00044183273,0.045284305,0.314924,0.0026315995,0.006675304,0.55254835
1483,inesco,mbaz,mbaz_h095.wav,Happy,215,Happy,Angry,Angry,False,False,False,0.70190287,0.0046462854,0.027553929,0.17804278,0.0010623983,0.007019376,0.07977241
1484,inesco,mbaz,mbaz_h096.wav,Happy,183,Happy,Neutral,Happy,False,True,True,3.700325e-05,9.518095e-08,0.00093310705,0.16361676,0.82945234,0.005711478,0.00024913807
1485,inesco,mbaz,mbaz_h097.wav,Happy,228,Happy,Angry,Angry,False,False,False,0.59118617,0.013943531,0.011993663,0.0005746688,0.2137272,0.04729469,0.121280044
1486,inesco,mbaz,mbaz_h098.wav,Happy,401,Happy,Happy,Happy,True,True,False,0.00025532697,4.404699e-05,0.0012393807,0.98231953,0.00066368026,0.0062864604,0.009191448
1487,inesco,mbaz,mbaz_h099.wav,Happy,109,Happy,Fear,Happy,False,True,True,0.003533863,7.595082e-06,0.7990934,0.026306272,2.9925932e-05,9.376631e-05,0.1709352
1488,inesco,mbaz,mbaz_h100.wav,Happy,199,Happy,Surprise,Angry,False,False,True,0.109398805,0.014083472,0.027895696,0.09584884,0.22976485,0.00016706268,0.5228412
1489,inesco,mbaz,mbaz_h101.wav,Happy,202,Happy,Surprise,Angry,False,False,True,0.016594907,7.5324315e-05,0.014362447,0.0034736544,0.0001536361,9.354249e-05,0.9652465
1490,inesco,mbaz,mbaz_h102.wav,Happy,170,Happy,Fear,Happy,False,True,True,0.2343846,8.4791194e-05,0.35955006,0.34337613,0.0074384157,0.054132055,0.001033908
1491,inesco,mbaz,mbaz_h103.wav,Happy,289,Happy,Happy,Happy,True,True,False,0.16998014,0.00038734797,0.08280825,0.6203896,0.06804159,0.036633227,0.021759879
1492,inesco,mbaz,mbaz_h104.wav,Happy,401,Happy,Happy,Happy,True,True,False,0.028198441,5.665858e-05,0.0018269627,0.81232154,0.0102539295,0.051165026,0.0961774
1493,inesco,mbaz,mbaz_h105.wav,Happy,189,Happy,Fear,Angry,False,False,True,0.15372485,0.0053535243,0.6106624,0.06754466,0.0701415,0.077864856,0.014708173
1494,inesco,mbaz,mbaz_h106.wav,Happy,257,Happy,Happy,Happy,True,True,False,6.8701986e-05,0.00018570051,0.02568461,0.94812095,3.5506346e-05,0.0030357926,0.022868695
1495,inesco,mbaz,mbaz_h107.wav,Happy,321,Happy,Happy,Happy,True,True,False,0.0050756065,0.0070253764,0.06992057,0.7586195,0.0009899245,0.061085276,0.097283706
1496,inesco,mbaz,mbaz_h108.wav,Happy,401,Happy,Happy,Happy,True,True,False,0.22450739,0.0004114136,0.030610263,0.46379167,0.10430936,0.16624577,0.010124198
1497,inesco,mbaz,mbaz_h109.wav,Happy,260,Happy,Surprise,Happy,False,True,True,0.00023770769,1.590868e-05,0.1355873,0.09737383,3.1978311e-06,0.0001927536,0.76658934
1498,inesco,mbaz,mbaz_h110.wav,Happy,314,Happy,Happy,Happy,True,True,False,0.06255928,0.0024613794,0.1757025,0.3753721,0.00359272,0.016818222,0.36349377
1499,inesco,mbaz,mbaz_h111.wav,Happy,330,Happy,Happy,Happy,True,True,False,0.16277447,0.00032307007,0.00056954275,0.7112852,0.0010529235,0.00030890483,0.1236859
1500,inesco,mbaz,mbaz_h112.wav,Happy,401,Happy,Happy,Happy,True,True,False,0.15284969,0.009914515,0.033022042,0.70293206,0.005300704,0.007939705,0.08804124
1501,inesco,mbaz,mbaz_h113.wav,Happy,401,Happy,Happy,Happy,True,True,False,0.0018870968,4.5337556e-06,0.009442604,0.5592126,0.0960212,0.3331302,0.00030174578
1502,inesco,mbaz,mbaz_h114.wav,Happy,205,Happy,Neutral,Angry,False,False,True,0.21289438,0.00020329247,0.10918903,0.14515668,0.50142473,0.002277824,0.028854022
1503,inesco,mbaz,mbaz_h115.wav,Happy,285,Happy,Happy,Happy,True,True,False,0.17306925,0.004258254,0.01850399,0.5322161,0.0017063565,0.18973193,0.08051413
1504,inesco,mbaz,mbaz_h116.wav,Happy,135,Happy,Angry,Angry,False,False,False,0.6666825,0.00018087153,0.16120076,0.115498684,0.056134034,6.118283e-05,0.0002419477
1505,inesco,mbaz,mbaz_h117.wav,Happy,177,Happy,Surprise,Angry,False,False,True,0.052459862,0.0019690483,0.004188699,0.030606478,0.023742164,0.0021074247,0.88492626
1506,inesco,mbaz,mbaz_h118.wav,Happy,282,Happy,Surprise,Happy,False,True,True,0.018757839,0.0010166552,0.016166314,0.06931281,5.6185468e-06,0.00013993688,0.8946008
1507,inesco,mbaz,mbaz_h119.wav,Happy,289,Happy,Surprise,Happy,False,True,True,0.01861237,0.035802018,0.05792099,0.1110604,0.00094999035,0.02303501,0.7526192
1508,inesco,mbaz,mbaz_h120.wav,Happy,292,Happy,Angry,Angry,False,False,False,0.9335757,0.0019363627,0.008187122,0.037601937,0.0024331743,0.00023342116,0.016032241
1509,inesco,mbaz,mbaz_h121.wav,Happy,221,Happy,Angry,Angry,False,False,False,0.5058815,7.0176306e-05,0.0141945435,0.4534757,0.000117465366,9.6696094e-05,0.026163856
1510,inesco,mbaz,mbaz_h122.wav,Happy,183,Happy,Fear,Happy,False,True,True,0.007646841,0.03797964,0.37659848,0.30519715,0.10322779,0.012539635,0.15681046
1511,inesco,mbaz,mbaz_h123.wav,Happy,279,Happy,Surprise,Happy,False,True,True,0.0035184093,0.00085247436,0.00046438418,0.006536238,1.3612577e-05,0.00027928493,0.9883356
1512,inesco,mbaz,mbaz_h124.wav,Happy,282,Happy,Surprise,Angry,False,False,True,0.25759643,0.03229783,0.007401214,0.0013281344,7.252325e-05,0.0018135343,0.69949037
1513,inesco,mbaz,mbaz_h125.wav,Happy,116,Happy,Angry,Angry,False,False,False,0.52480966,7.630286e-05,0.0048612603,0.0076132594,0.0018630947,6.6777466e-05,0.46070957
1514,inesco,mbaz,mbaz_h126.wav,Happy,359,Happy,Surprise,Happy,False,True,True,0.0015337197,0.00020215147,0.051545527,0.0797067,1.3996956e-05,0.00048052016,0.8665174
1515,inesco,mbaz,mbaz_h127.wav,Happy,202,Happy,Fear,Happy,False,True,True,0.00042051825,0.0023030802,0.60762453,0.26253277,0.00041181422,0.055572994,0.07113431
1516,inesco,mbaz,mbaz_h128.wav,Happy,199,Happy,Surprise,Happy,False,True,True,0.0003467078,2.3749408e-06,0.01378252,0.012937617,1.8060549e-06,0.00019496646,0.972734
1517,inesco,mbaz,mbaz_h129.wav,Happy,193,Happy,Happy,Happy,True,True,False,0.3186086,0.0004972142,0.09625399,0.50054246,0.058638643,3.54418e-06,0.025455497
1518,inesco,mbaz,mbaz_h130.wav,Happy,122,Happy,Fear,Angry,False,False,True,0.16601217,0.00014998007,0.51587874,0.13844416,0.17146294,0.0024776387,0.005574336
1519,inesco,mbaz,mbaz_h131.wav,Happy,205,Happy,Happy,Happy,True,True,False,0.076399565,6.723203e-05,0.0061599337,0.8894541,0.00018459678,0.0006099501,0.02712468
1520,inesco,mbaz,mbaz_h132.wav,Happy,279,Happy,Angry,Angry,False,False,False,0.9965791,0.00013330778,0.00056730397,0.0012846779,0.00077862345,0.00021818287,0.000438833
1521,inesco,mbaz,mbaz_h133.wav,Happy,237,Happy,Fear,Sad,False,False,True,0.0077983798,0.0047250083,0.6961201,0.04880619,0.00028028002,0.061442018,0.18082808
1522,inesco,mbaz,mbaz_h134.wav,Happy,401,Happy,Happy,Happy,True,True,False,0.042272046,0.0010937211,0.0073476564,0.86023074,0.0028912881,0.07765514,0.008509421
1523,inesco,mbaz,mbaz_h135.wav,Happy,269,Happy,Happy,Happy,True,True,False,0.053934667,0.15884095,0.03925981,0.46217605,0.004928251,0.23178823,0.049072005
1524,inesco,mbaz,mbaz_h136.wav,Happy,241,Happy,Happy,Happy,True,True,False,0.09976507,0.0005786061,0.016149132,0.8563523,0.011484373,0.004020795,0.011649701
1525,inesco,mbaz,mbaz_h137.wav,Happy,103,Happy,Fear,Angry,False,False,True,0.06566951,7.940173e-05,0.91637135,0.008352904,0.00024340763,0.00070313615,0.008580254
1526,inesco,mbaz,mbaz_h139.wav,Happy,138,Happy,Fear,Happy,False,True,True,0.10547862,7.201673e-07,0.5102541,0.35909778,4.2934356e-05,2.4332401e-05,0.025101483
1527,inesco,mbaz,mbaz_h140.wav,Happy,151,Happy,Fear,Happy,False,True,True,0.023373306,8.75977e-06,0.79253983,0.13663948,0.03626451,0.0023757245,0.0087984055
1528,inesco,mbaz,mbaz_h141.wav,Happy,298,Happy,Disgust,Angry,False,False,True,0.11893769,0.45416573,6.953364e-05,0.0008648772,6.4148486e-07,9.202835e-05,0.4258695
1529,inesco,mbaz,mbaz_h142.wav,Happy,164,Happy,Surprise,Happy,False,True,True,3.087876e-05,3.1397354e-05,0.017701255,0.001512763,8.459481e-06,0.0012115338,0.97950375
1530,inesco,mbaz,mbaz_h143.wav,Happy,237,Happy,Angry,Angry,False,False,False,0.5238987,0.01151107,0.07031222,0.13562739,0.18488805,0.0732442,0.0005183669
1531,inesco,mbaz,mbaz_h144.wav,Happy,170,Happy,Happy,Happy,True,True,False,3.6009635e-05,9.0351776e-08,1.273121e-05,0.98469526,0.01208565,0.0027632387,0.0004070125
1532,inesco,mbaz,mbaz_h145.wav,Happy,183,Happy,Neutral,Sad,False,False,True,0.0002715104,0.00016430416,0.0037211843,0.014605883,0.5200472,0.46112883,6.11523e-05
1533,inesco,mbaz,mbaz_h146.wav,Happy,71,Happy,Fear,Happy,False,True,True,0.07354756,0.0009758894,0.80563265,0.0854859,0.0032151095,0.0013341192,0.029808678
1534,inesco,mbaz,mbaz_h147.wav,Happy,148,Happy,Happy,Happy,True,True,False,0.083040275,5.1952153e-05,0.0025094023,0.53578556,0.0025781097,0.0014039208,0.37463075
1535,inesco,mbaz,mbaz_h148.wav,Happy,125,Happy,Angry,Angry,False,False,False,0.8143069,3.063293e-05,0.0066000163,0.031208638,0.14677618,0.0010023952,7.5154225e-05
1536,inesco,mbaz,mbaz_h149.wav,Happy,289,Happy,Angry,Angry,False,False,False,0.5534691,0.0009846214,0.00012831298,0.086529285,0.0016395547,0.00073462614,0.35651448
1537,inesco,mbaz,mbaz_h150.wav,Happy,196,Happy,Fear,Happy,False,True,True,0.0032670181,7.367599e-05,0.4071663,0.33999506,0.00020837529,5.0771632e-05,0.24923888
1538,inesco,mbaz,mbaz_h151.wav,Happy,298,Happy,Disgust,Happy,False,True,True,0.0050764326,0.33676353,0.060284603,0.26022306,8.552203e-05,0.017117675,0.32044914
1539,inesco,mbaz,mbaz_h152.wav,Happy,401,Happy,Angry,Angry,False,False,False,0.74311024,7.913928e-05,0.00068465964,0.2225966,3.2089134e-05,5.753171e-06,0.033491552
1540,inesco,mbaz,mbaz_h153.wav,Happy,356,Happy,Angry,Angry,False,False,False,0.50514024,0.00012914665,0.00018145877,0.45218316,1.4792602e-05,1.3402062e-05,0.042337768
1541,inesco,mbaz,mbaz_h154.wav,Happy,305,Happy,Surprise,Happy,False,True,True,0.011391942,0.00093922915,0.0015065419,0.232856,5.8283757e-05,8.9795794e-05,0.7531583
1542,inesco,mbaz,mbaz_h155.wav,Happy,189,Happy,Surprise,Angry,False,False,True,0.005040636,0.0005528858,0.000113820905,0.0045382166,3.420973e-05,0.0004770344,0.98924315
1543,inesco,mbaz,mbaz_h156.wav,Happy,279,Happy,Sad,Sad,False,False,False,0.0013112648,0.00034999402,0.074040234,0.00101617,1.1730214e-05,0.5948619,0.32840872
1544,inesco,mbaz,mbaz_h157.wav,Happy,378,Happy,Angry,Angry,False,False,False,0.9224344,0.0007318779,0.018634694,0.044728726,0.0070757973,0.0013366968,0.0050577903
1545,inesco,mbaz,mbaz_h158.wav,Happy,301,Happy,Fear,Happy,False,True,True,0.13104428,0.0011682872,0.37768614,0.3615818,0.00057591574,0.0053155464,0.122628085
1546,inesco,mbaz,mbaz_h159.wav,Happy,273,Happy,Happy,Happy,True,True,False,0.031028273,0.00064742594,0.011102529,0.8472882,0.00591256,0.0017989229,0.102222174
1547,inesco,mbaz,mbaz_h160.wav,Happy,285,Happy,Angry,Angry,False,False,False,0.7140581,0.1357852,0.0005018141,0.040857334,0.0029573902,0.0030108914,0.102829255
1548,inesco,mbaz,mbaz_h161.wav,Happy,177,Happy,Neutral,Happy,False,True,True,0.0005462457,0.00018074238,0.004719689,0.04457837,0.9477837,0.0018161746,0.00037500265
1549,inesco,mbaz,mbaz_h162.wav,Happy,205,Happy,Happy,Happy,True,True,False,0.00910841,1.9260411e-05,0.032325227,0.8591037,0.004717427,0.0064554345,0.08827051
1550,inesco,mbaz,mbaz_h163.wav,Happy,282,Happy,Happy,Happy,True,True,False,0.04294421,0.12249136,0.02322977,0.3865215,0.022298442,0.11973308,0.2827816
1551,inesco,mbaz,mbaz_h164.wav,Happy,97,Happy,Angry,Angry,False,False,False,0.6821728,2.055547e-05,0.034014802,0.053644635,0.16447185,0.06554091,0.00013444677
1552,inesco,mbaz,mbaz_h165.wav,Happy,196,Happy,Sad,Sad,False,False,False,2.8001616e-06,1.1288358e-06,0.030708672,0.27776992,0.18232152,0.50909024,0.0001057817
1553,inesco,mbaz,mbaz_h166.wav,Happy,84,Happy,Fear,Sad,False,False,True,0.00017916407,5.6616095e-06,0.82074714,0.0048924736,0.0008046755,0.17113654,0.0022343383
1554,inesco,mbaz,mbaz_h167.wav,Happy,125,Happy,Happy,Happy,True,True,False,0.16355099,9.269624e-08,0.021156281,0.8089473,0.005166505,0.00016593676,0.0010129296
1555,inesco,mbaz,mbaz_h168.wav,Happy,199,Happy,Neutral,Sad,False,False,True,0.00021440478,1.3663202e-05,0.002051978,0.0013973376,0.98887795,0.00744125,3.3906924e-06
1556,inesco,mbaz,mbaz_h169.wav,Happy,196,Happy,Fear,Happy,False,True,True,2.4814358e-06,8.600823e-07,0.9370976,0.04406493,8.735642e-05,0.013660388,0.0050863517
1557,inesco,mbaz,mbaz_h170.wav,Happy,125,Happy,Surprise,Angry,False,False,True,0.08522234,9.042961e-06,0.30394986,0.0046414705,4.7383287e-06,0.00046122796,0.60571134
1558,inesco,mbaz,mbaz_h171.wav,Happy,173,Happy,Surprise,Happy,False,True,True,0.00017432295,1.1515101e-06,0.005101445,0.40964574,2.673997e-07,1.4903275e-05,0.58506215
1559,inesco,mbaz,mbaz_h172.wav,Happy,273,Happy,Angry,Angry,False,False,False,0.94451714,0.0004772474,0.010465764,0.037308045,0.0011346004,0.0048363837,0.0012608028
1560,inesco,mbaz,mbaz_h173.wav,Happy,173,Happy,Angry,Angry,False,False,False,0.9222961,0.00026932562,0.009592626,0.059388522,0.0021284828,0.0017156537,0.00460924
1561,inesco,mbaz,mbaz_h174.wav,Happy,81,Happy,Angry,Angry,False,False,False,0.5031596,3.7133505e-05,0.017707074,0.20162776,0.00016687854,0.00025697367,0.2770446
1562,inesco,mbaz,mbaz_h175.wav,Happy,183,Happy,Sad,Sad,False,False,False,0.00019670045,0.0005929566,0.23746483,0.004280671,0.089130394,0.59920555,0.06912894
1563,inesco,mbaz,mbaz_h176.wav,Happy,164,Happy,Neutral,Happy,False,True,True,3.5020897e-05,4.1086463e-07,0.011576218,0.0006513734,0.98743933,0.00029745625,2.3626619e-07
1564,inesco,mbaz,mbaz_h177.wav,Happy,250,Happy,Happy,Happy,True,True,False,0.0001993283,4.774405e-06,0.006295407,0.9500715,3.4823595e-06,0.0007399012,0.04268562
1565,inesco,mbaz,mbaz_h178.wav,Happy,343,Happy,Surprise,Happy,False,True,True,0.0010170995,0.01582934,0.0026235916,0.07882105,7.985848e-06,0.000760092,0.90094084
1566,inesco,mbaz,mbaz_h179.wav,Happy,241,Happy,Angry,Angry,False,False,False,0.945186,1.5254104e-05,0.0009207807,0.05297746,0.00030319765,0.00037916735,0.00021814505
1567,inesco,mbaz,mbaz_h180.wav,Happy,196,Happy,Happy,Happy,True,True,False,0.045646552,8.454849e-06,0.0130490465,0.6148252,2.2325357e-06,5.949777e-05,0.326409
1568,inesco,mbaz,mbaz_h181.wav,Happy,132,Happy,Fear,Angry,False,False,True,0.23218414,0.015213665,0.63413763,0.029202743,0.061130103,0.01337066,0.0147609925
1569,inesco,mbaz,mbaz_h182.wav,Happy,193,Happy,Fear,Happy,False,True,True,0.0004974321,0.00016242283,0.64663935,0.13118817,0.010967893,0.06646275,0.14408197
1570,inesco,mbaz,mbaz_h183.wav,Happy,161,Happy,Happy,Happy,True,True,False,0.001055893,6.520227e-05,0.0065137567,0.50096786,0.42804715,0.059767142,0.0035829302
1571,inesco,mbaz,mbaz_h184.wav,Happy,138,Happy,Fear,Angry,False,False,True,0.13515456,0.0020075839,0.7189654,0.08528444,0.00127782,0.03999643,0.01731377
1572,inesco,mbaz,mbaz_h185.wav,Happy,269,Happy,Angry,Angry,False,False,False,0.39076433,0.17515078,0.006861146,0.004322229,0.2021616,0.047382172,0.17335775
1573,inesco,mbaz,mbaz_h186.wav,Happy,378,Happy,Fear,Sad,False,False,True,0.20040078,0.0010367316,0.22785562,0.13514549,0.032362998,0.21807705,0.1851213
1574,inesco,mbaz,mbaz_h187.wav,Happy,401,Happy,Happy,Happy,True,True,False,0.0039469325,0.00019094546,3.3250402e-05,0.98720944,9.1903746e-07,3.7440714e-06,0.008614668
1575,inesco,mbaz,mbaz_h188.wav,Happy,276,Happy,Fear,Happy,False,True,True,0.0039927,0.00047084218,0.4395235,0.11902871,0.0006377412,0.02047092,0.41587552
1576,inesco,mbaz,mbaz_h189.wav,Happy,314,Happy,Surprise,Happy,False,True,True,0.010100948,0.0002470291,0.0186419,0.44135034,0.00021360305,0.0017193116,0.52772695
1577,inesco,mbaz,mbaz_h190.wav,Happy,253,Happy,Surprise,Sad,False,False,True,0.0076859775,0.00014642286,0.013034948,0.0061184936,2.7796126e-05,0.02493228,0.9480541
1578,inesco,mbaz,mbaz_h191.wav,Happy,225,Happy,Fear,Happy,False,True,True,0.00044323195,0.00030245082,0.84636366,0.031255875,1.7696016e-07,0.0018430309,0.119791605
1579,inesco,mbaz,mbaz_h192.wav,Happy,401,Happy,Sad,Sad,False,False,False,0.011172002,0.0014119181,0.006113323,0.31727937,0.20570578,0.39917076,0.059146896
1580,inesco,mbaz,mbaz_h193.wav,Happy,349,Happy,Happy,Happy,True,True,False,5.6273337e-05,0.00054366066,2.4938987e-05,0.6286444,1.4375675e-07,4.290759e-06,0.37072638
1581,inesco,mbaz,mbaz_h194.wav,Happy,401,Happy,Happy,Happy,True,True,False,0.024905821,0.0005092167,0.000563209,0.9440535,0.0003673372,0.0047225775,0.02487839
1582,inesco,mbaz,mbaz_h195.wav,Happy,321,Happy,Surprise,Happy,False,True,True,0.0030253378,0.00020999605,0.09525376,0.19343938,0.0002905148,0.08373121,0.6240498
1583,inesco,mbaz,mbaz_h196.wav,Happy,401,Happy,Happy,Happy,True,True,False,0.08016654,0.00041897807,0.023073716,0.7730983,0.008706281,0.009202364,0.10533394
1584,inesco,mbaz,mbaz_h197.wav,Happy,193,Happy,Neutral,Happy,False,True,True,1.062093e-05,1.7667059e-08,0.0007991846,0.018190859,0.9643948,0.016601276,3.1633529e-06
1585,inesco,mbaz,mbaz_h198.wav,Happy,263,Happy,Sad,Sad,False,False,False,0.0018548113,0.0091272,0.0034631344,0.14082772,0.026429493,0.79844093,0.019856773
1586,inesco,mbaz,mbaz_h199.wav,Happy,167,Happy,Angry,Angry,False,False,False,0.6071715,7.8661695e-05,0.0034307018,0.19483064,0.013185244,0.0032884707,0.17801477
1587,inesco,mbaz,mbaz_h200.wav,Happy,71,Happy,Fear,Sad,False,False,True,0.021626242,0.00075016567,0.7078803,0.010949564,0.0013616936,0.17165042,0.08578161
1588,inesco,mbaz,mbaz_h201.wav,Happy,250,Happy,Sad,Sad,False,False,False,0.007297286,0.0038898746,0.32452616,0.22334324,0.0014793833,0.41021156,0.029252542
1589,inesco,mbaz,mbaz_h202.wav,Happy,250,Happy,Fear,Sad,False,False,True,1.4144809e-05,0.00024835442,0.97680306,0.0002135598,4.688439e-06,0.021735933,0.0009802778
1590,inesco,mbaz,mbaz_h203.wav,Happy,189,Happy,Neutral,Sad,False,False,True,0.0072382786,7.762029e-06,0.0021183954,0.1153508,0.7123502,0.16292685,7.718323e-06
1591,inesco,mbaz,mbaz_h204.wav,Happy,228,Happy,Happy,Happy,True,True,False,0.438067,0.0011159134,0.034972854,0.4704129,0.0003844797,0.007313548,0.04773336
1592,inesco,mbaz,mbaz_h205.wav,Happy,305,Happy,Surprise,Angry,False,False,True,0.3672559,0.00026854803,0.064947106,0.09534337,0.0006955065,8.899829e-05,0.47140056
1593,inesco,mbaz,mbaz_h206.wav,Happy,369,Happy,Happy,Happy,True,True,False,0.008844909,0.0013544486,0.014048917,0.65503573,0.01776977,0.28942227,0.013523942
1594,inesco,mbaz,mbaz_h207.wav,Happy,401,Happy,Happy,Happy,True,True,False,0.0031694213,9.677023e-05,0.34442866,0.47634864,0.013906497,0.13884935,0.023200732
1595,inesco,mbaz,mbaz_h208.wav,Happy,285,Happy,Sad,Sad,False,False,False,0.034420367,0.0004976302,0.0062410026,0.08084407,0.121575564,0.67309207,0.08332931
1596,inesco,mbaz,mbaz_h209.wav,Happy,356,Happy,Happy,Happy,True,True,False,0.17544067,0.0018061494,0.006772289,0.5135591,0.00015691604,0.0016236297,0.30064127
1597,inesco,mbaz,mbaz_h210.wav,Happy,401,Happy,Happy,Happy,True,True,False,0.42922837,0.005870734,0.0010928549,0.5003591,0.003924578,0.0014940008,0.05803038
1598,inesco,mbaz,mbaz_h211.wav,Happy,189,Happy,Happy,Happy,True,True,False,0.00057237333,0.00019963575,0.0457785,0.5924336,0.3281485,0.031291164,0.0015762356
1599,inesco,mbaz,mbaz_s402.wav,Sad,231,Sad,Fear,Happy,False,False,True,0.00013330174,0.0057729753,0.9117956,0.02523367,0.03741925,0.018670592,0.00097471004
1600,inesco,mbaz,mbaz_s403.wav,Sad,311,Sad,Sad,Sad,True,True,False,0.008440986,0.007718166,0.0029552674,0.0019436062,0.005005864,0.9583929,0.015543328
1601,inesco,mbaz,mbaz_s404.wav,Sad,260,Sad,Happy,Happy,False,False,False,0.010250158,0.002370555,0.0130378045,0.94759786,0.0002480239,0.025870867,0.00062471716
1602,inesco,mbaz,mbaz_s405.wav,Sad,401,Sad,Sad,Sad,True,True,False,0.0046714633,0.00070347515,0.01777916,0.0022262016,0.17413047,0.7954829,0.005006372
1603,inesco,mbaz,mbaz_s406.wav,Sad,276,Sad,Angry,Angry,False,False,False,0.39645365,0.22739442,0.0029533468,0.0026134057,0.00038460045,0.009813084,0.36038747
1604,inesco,mbaz,mbaz_s407.wav,Sad,180,Sad,Fear,Happy,False,False,True,0.006857637,0.00055039575,0.6084096,0.23999421,0.021082282,0.098944545,0.024161335
1605,inesco,mbaz,mbaz_s408.wav,Sad,154,Sad,Angry,Angry,False,False,False,0.9073894,0.0013309576,0.060266472,0.029565247,0.00024304913,0.00024860798,0.0009563052
1606,inesco,mbaz,mbaz_s409.wav,Sad,253,Sad,Angry,Angry,False,False,False,0.5086193,0.0010348784,0.01758126,0.43161494,0.00034103615,0.0012179711,0.039590657
1607,inesco,mbaz,mbaz_s410.wav,Sad,282,Sad,Angry,Angry,False,False,False,0.5811544,0.0034569562,0.0040405584,0.28983617,0.008367362,0.0031384644,0.11000612
1608,inesco,mbaz,mbaz_s411.wav,Sad,209,Sad,Sad,Sad,True,True,False,0.04577604,0.0024132596,0.18532777,0.23194578,0.11507156,0.41784725,0.0016183367
1609,inesco,mbaz,mbaz_s412.wav,Sad,170,Sad,Surprise,Happy,False,False,True,0.00028064195,0.022855362,0.00557851,0.063086726,6.5420405e-05,0.0044935104,0.90363985
1610,inesco,mbaz,mbaz_s413.wav,Sad,401,Sad,Sad,Sad,True,True,False,0.10433207,0.110148616,0.0012385804,0.16660033,0.003590107,0.6140076,8.270084e-05
1611,inesco,mbaz,mbaz_s414.wav,Sad,241,Sad,Happy,Happy,False,False,False,0.22617278,0.0022860232,0.33905628,0.37979263,0.0059685665,0.0122259315,0.03449776
1612,inesco,mbaz,mbaz_s415.wav,Sad,132,Sad,Happy,Happy,False,False,False,0.23854686,1.0366412e-05,0.010348122,0.728971,0.005369239,2.9602583e-07,0.016754128
1613,inesco,mbaz,mbaz_s416.wav,Sad,401,Sad,Happy,Happy,False,False,False,0.001181835,0.0004422926,0.034403276,0.6201646,0.07410565,0.26968715,1.5216493e-05
1614,inesco,mbaz,mbaz_s417.wav,Sad,265,Sad,Happy,Happy,False,False,False,0.29100412,0.016708566,0.06777267,0.59129405,0.004176825,0.004912286,0.024131427
1615,inesco,mbaz,mbaz_s418.wav,Sad,244,Sad,Surprise,Happy,False,False,True,0.13501517,0.0013823576,0.1333252,0.34427074,0.00055463595,0.0004424846,0.38500947
1616,inesco,mbaz,mbaz_s419.wav,Sad,228,Sad,Disgust,Sad,False,True,True,0.0025933257,0.46244857,0.06968753,0.0019000716,0.021879116,0.42080972,0.020681664
1617,inesco,mbaz,mbaz_s420.wav,Sad,97,Sad,Angry,Angry,False,False,False,0.83321327,8.1629834e-05,0.043270946,0.05852623,0.043882314,0.01584734,0.005178193
1618,inesco,mbaz,mbaz_s421.wav,Sad,321,Sad,Happy,Happy,False,False,False,0.040906448,0.42886028,0.008343665,0.48029205,0.016828993,0.0026287755,0.022139741
1619,inesco,mbaz,mbaz_s422.wav,Sad,340,Sad,Sad,Sad,True,True,False,0.00043979578,0.0020681426,0.02208042,0.0001981746,0.21356721,0.76161885,2.7442942e-05
1620,inesco,mbaz,mbaz_s423.wav,Sad,253,Sad,Angry,Angry,False,False,False,0.96320474,0.019858787,0.007681949,0.0045501217,7.374055e-05,0.0017703285,0.0028603894
1621,inesco,mbaz,mbaz_s424.wav,Sad,397,Sad,Angry,Angry,False,False,False,0.581099,0.010773923,0.008184784,0.395689,0.0005443534,0.0016311761,0.0020777949
1622,inesco,mbaz,mbaz_s425.wav,Sad,324,Sad,Surprise,Angry,False,False,True,0.22281687,0.053723678,0.004630038,0.18643488,7.845621e-05,0.0005842399,0.53173184
1623,inesco,mbaz,mbaz_s426.wav,Sad,321,Sad,Happy,Happy,False,False,False,0.04859785,0.0020488647,0.032214627,0.5877897,0.00026609615,0.018466493,0.31061637
1624,inesco,mbaz,mbaz_s427.wav,Sad,186,Sad,Angry,Angry,False,False,False,0.6473325,0.011861473,0.28840768,0.016993271,5.7134293e-05,0.0005581794,0.034789797
1625,inesco,mbaz,mbaz_s428.wav,Sad,401,Sad,Sad,Sad,True,True,False,0.022613272,0.018005243,0.09429083,0.2765251,0.05326647,0.51054263,0.024756372
1626,inesco,mbaz,mbaz_s429.wav,Sad,401,Sad,Happy,Happy,False,False,False,0.23278223,0.0019477118,0.0905525,0.3498919,0.005854364,0.30279177,0.016179547
1627,inesco,mbaz,mbaz_s430.wav,Sad,401,Sad,Sad,Sad,True,True,False,0.022334907,0.015033238,0.0016503067,0.0006674936,0.014809734,0.94549924,5.108313e-06
1628,inesco,mbaz,mbaz_s431.wav,Sad,234,Sad,Happy,Happy,False,False,False,0.3428735,0.063126944,0.076877356,0.43444526,0.014495307,0.0056972634,0.06248445
1629,inesco,mbaz,mbaz_s432.wav,Sad,289,Sad,Angry,Angry,False,False,False,0.67557675,0.02363358,0.113538034,0.022916662,9.638045e-05,0.0053170235,0.15892163
1630,inesco,mbaz,mbaz_s433.wav,Sad,372,Sad,Happy,Happy,False,False,False,0.09175429,0.0002717162,0.053615957,0.5652275,0.0061507854,0.011376673,0.27160305
1631,inesco,mbaz,mbaz_s434.wav,Sad,253,Sad,Sad,Sad,True,True,False,0.08868573,0.0031730086,0.030177485,0.08905344,0.24272165,0.34311578,0.20307289
1632,inesco,mbaz,mbaz_s435.wav,Sad,145,Sad,Fear,Sad,False,True,True,0.0024052346,7.07995e-05,0.62598675,0.0026392387,0.33720857,0.030679079,0.0010104041
1633,inesco,mbaz,mbaz_s436.wav,Sad,170,Sad,Fear,Sad,False,True,True,0.00022891564,9.926573e-05,0.47181922,0.039403412,0.04276168,0.44195202,0.0037354983
1634,inesco,mbaz,mbaz_s437.wav,Sad,301,Sad,Surprise,Happy,False,False,True,0.0056318725,0.00075468357,0.015248236,0.14518349,4.1078518e-05,0.0021145327,0.83102614
1635,inesco,mbaz,mbaz_s438.wav,Sad,391,Sad,Angry,Angry,False,False,False,0.4085148,0.04639007,0.28589442,0.111200914,0.0054689413,0.0063715735,0.13615935
1636,inesco,mbaz,mbaz_s439.wav,Sad,401,Sad,Happy,Happy,False,False,False,0.17532206,0.00014591466,0.00017367087,0.8191623,0.00019266926,0.00071274413,0.00429063
1637,inesco,mbaz,mbaz_s440.wav,Sad,311,Sad,Angry,Angry,False,False,False,0.94866896,0.0002509149,0.00018098402,0.039582636,2.0687511e-07,7.2800844e-06,0.011308974
1638,inesco,mbaz,mbaz_s441.wav,Sad,311,Sad,Happy,Happy,False,False,False,0.1472624,0.00263916,0.19149813,0.4891304,0.0001746149,0.029818926,0.13947639
1639,inesco,mbaz,mbaz_s442.wav,Sad,257,Sad,Angry,Angry,False,False,False,0.3176709,0.00045976188,0.1500322,0.20854814,0.004665289,0.009546518,0.30907714
1640,inesco,mbaz,mbaz_s443.wav,Sad,369,Sad,Sad,Sad,True,True,False,0.059319943,0.043681517,0.021655569,0.1513136,0.18551189,0.47687116,0.0616463
1641,inesco,mbaz,mbaz_s444.wav,Sad,401,Sad,Happy,Happy,False,False,False,0.011111189,0.00021757917,0.096314386,0.69153154,0.0010102284,0.008818956,0.1909961
1642,inesco,mbaz,mbaz_s445.wav,Sad,301,Sad,Angry,Angry,False,False,False,0.7362884,0.0030914024,0.00011399595,0.12612633,0.0003253605,7.81535e-05,0.13397628
1643,inesco,mbaz,mbaz_s446.wav,Sad,295,Sad,Happy,Happy,False,False,False,0.026411887,0.24238794,0.009407077,0.4102699,0.0018595982,0.26925987,0.040403772
1644,inesco,mbaz,mbaz_s447.wav,Sad,401,Sad,Happy,Happy,False,False,False,0.0024799248,0.00018002235,0.011205691,0.8847709,0.0005494728,0.0069444934,0.09386965
1645,inesco,mbaz,mbaz_s448.wav,Sad,260,Sad,Sad,Sad,True,True,False,0.00072130025,0.0032644246,0.011022184,0.3516477,0.005745834,0.62729275,0.00030587902
1646,inesco,mbaz,mbaz_s449.wav,Sad,321,Sad,Happy,Happy,False,False,False,0.3475639,0.00017176659,0.0039263302,0.6398385,0.003979912,0.0007230051,0.0037966338
1647,inesco,mbaz,mbaz_s450.wav,Sad,257,Sad,Happy,Happy,False,False,False,0.33411092,0.09130458,0.033922877,0.45418683,0.00013605574,0.013390969,0.0729477
1648,inesco,mbaz,mbaz_s451.wav,Sad,292,Sad,Surprise,Happy,False,False,True,0.028785134,0.00022136401,0.107073,0.37345323,0.00032063617,6.1030078e-05,0.49008566
1649,inesco,mbaz,mbaz_s452.wav,Sad,349,Sad,Sad,Sad,True,True,False,0.023021089,0.0010370275,0.16434169,0.039524894,0.08432367,0.6874365,0.0003150659
1650,inesco,mbaz,mbaz_s453.wav,Sad,269,Sad,Happy,Happy,False,False,False,0.060389478,0.00074423215,0.40063143,0.48103055,0.0034353137,0.0063977437,0.0473712
1651,inesco,mbaz,mbaz_s454.wav,Sad,401,Sad,Sad,Sad,True,True,False,0.00033283458,0.00013649953,0.0013389175,0.0082934145,0.014442959,0.97501695,0.0004383981
1652,inesco,mbaz,mbaz_s455.wav,Sad,356,Sad,Angry,Angry,False,False,False,0.77019316,0.012040289,0.014080948,0.03182625,0.09564093,0.07570517,0.0005132483
1653,inesco,mbaz,mbaz_s456.wav,Sad,401,Sad,Neutral,Sad,False,True,True,0.00013634012,2.2483327e-05,1.0649581e-05,0.0027039947,0.5107107,0.4864149,9.3835666e-07
1654,inesco,mbaz,mbaz_s457.wav,Sad,401,Sad,Happy,Happy,False,False,False,0.07367721,0.00060953776,0.0009078128,0.82219595,0.082264006,0.0072135385,0.013132014
1655,inesco,mbaz,mbaz_s458.wav,Sad,257,Sad,Angry,Angry,False,False,False,0.900673,0.00012609604,0.030182786,0.0453285,0.01157856,0.011658176,0.00045300496
1656,inesco,mbaz,mbaz_s459.wav,Sad,385,Sad,Sad,Sad,True,True,False,0.1014493,0.08575178,0.008468145,0.034470372,0.0066230423,0.75736225,0.005875101
1657,inesco,mbaz,mbaz_s460.wav,Sad,247,Sad,Angry,Angry,False,False,False,0.90148556,0.08242827,0.0017500201,0.008772635,8.8977446e-05,0.0035005626,0.0019738986
1658,inesco,mbaz,mbaz_s461.wav,Sad,314,Sad,Angry,Angry,False,False,False,0.9042786,0.00068967795,0.0023179417,0.08791124,0.00014523401,0.00022888447,0.0044283774
1659,inesco,mbaz,mbaz_s462.wav,Sad,372,Sad,Sad,Sad,True,True,False,0.00043912238,0.0005429029,0.0015527284,0.010617542,0.39159018,0.5952467,1.0872052e-05
1660,inesco,mbaz,mbaz_s463.wav,Sad,324,Sad,Angry,Angry,False,False,False,0.567006,0.00018204108,0.10736808,0.31309643,0.0007784909,3.430339e-05,0.011534615
1661,inesco,mbaz,mbaz_s464.wav,Sad,353,Sad,Happy,Happy,False,False,False,0.004804038,6.70564e-05,0.0044182185,0.80718327,3.032204e-07,7.3729866e-06,0.1835197
1662,inesco,mbaz,mbaz_s465.wav,Sad,353,Sad,Sad,Sad,True,True,False,0.03270236,0.039378867,0.14308007,0.0017894272,0.00084197306,0.7814679,0.000739437
1663,inesco,mbaz,mbaz_s466.wav,Sad,285,Sad,Fear,Happy,False,False,True,0.077475004,0.021318506,0.5361745,0.09347333,0.0007351017,0.09099729,0.17982629
1664,inesco,mbaz,mbaz_s467.wav,Sad,122,Sad,Angry,Angry,False,False,False,0.97051144,0.0001371035,0.0061377706,0.02142692,0.00047355116,0.00010537866,0.0012078566
1665,inesco,mbaz,mbaz_s468.wav,Sad,183,Sad,Neutral,Happy,False,False,True,5.818708e-05,2.1158937e-06,0.013200126,0.11276602,0.8015243,0.07171988,0.00072944886
1666,inesco,mbaz,mbaz_s469.wav,Sad,135,Sad,Angry,Angry,False,False,False,0.8960276,9.825492e-05,0.09386763,0.0030669093,3.5827787e-05,2.079775e-06,0.0069016186
1667,inesco,mbaz,mbaz_s470.wav,Sad,164,Sad,Happy,Happy,False,False,False,5.067509e-05,1.8435844e-06,0.0011098873,0.9959223,0.0016826034,0.00033230093,0.0009003966
1668,inesco,mbaz,mbaz_s471.wav,Sad,109,Sad,Fear,Angry,False,False,True,0.28579333,6.2931664e-05,0.71124965,0.0013223786,0.00012538883,7.898114e-05,0.0013673637
1669,inesco,mbaz,mbaz_s472.wav,Sad,269,Sad,Angry,Angry,False,False,False,0.41580364,0.0026026368,0.37071538,0.14148156,0.0007883379,0.0071117366,0.0614967
1670,inesco,mbaz,mbaz_s473.wav,Sad,250,Sad,Fear,Happy,False,False,True,0.17641374,0.00012276946,0.46189657,0.3549587,0.0013162607,0.0016954589,0.0035963824
1671,inesco,mbaz,mbaz_s474.wav,Sad,401,Sad,Fear,Angry,False,False,True,0.068535075,0.050611034,0.45711318,0.050141267,0.00023573426,0.021662127,0.35170165
1672,inesco,mbaz,mbaz_s475.wav,Sad,349,Sad,Angry,Angry,False,False,False,0.9119551,0.009809233,0.0043557156,0.019667674,0.007767954,0.003285926,0.043158364
1673,inesco,mbaz,mbaz_s476.wav,Sad,301,Sad,Angry,Angry,False,False,False,0.860438,0.013927123,0.00999299,0.0172617,0.04673876,0.022318222,0.029323207
1674,inesco,mbaz,mbaz_s477.wav,Sad,401,Sad,Angry,Angry,False,False,False,0.8727017,3.53131e-05,0.002620397,0.119745106,8.8001696e-05,5.6454205e-06,0.0048039076
1675,inesco,mbaz,mbaz_s478.wav,Sad,205,Sad,Angry,Angry,False,False,False,0.61209357,0.004899205,0.0010474703,0.008439535,0.36768106,0.0019954394,0.0038437254
1676,inesco,mbaz,mbaz_s479.wav,Sad,369,Sad,Happy,Happy,False,False,False,0.0027197385,0.0020549085,0.010426659,0.88250566,0.00057730294,0.010667468,0.09104825
1677,inesco,mbaz,mbaz_s480.wav,Sad,311,Sad,Angry,Angry,False,False,False,0.5341801,0.042968366,0.03926349,0.28288883,0.0010154169,0.0056332434,0.09405049
1678,inesco,mbaz,mbaz_s481.wav,Sad,337,Sad,Angry,Angry,False,False,False,0.79292107,0.00030356948,0.00058852864,0.19946447,0.0004922854,3.2251242e-05,0.0061977687
1679,inesco,mbaz,mbaz_s482.wav,Sad,173,Sad,Happy,Happy,False,False,False,3.278078e-05,1.395651e-07,0.0043422137,0.9925057,0.0014799444,1.7808933e-06,0.0016374533
1680,inesco,mbaz,mbaz_s483.wav,Sad,401,Sad,Angry,Angry,False,False,False,0.9035511,0.00067698956,0.005279109,0.06525957,0.00069531,0.014055101,0.010482886
1681,inesco,mbaz,mbaz_s484.wav,Sad,228,Sad,Happy,Happy,False,False,False,8.0098966e-05,0.00012528576,0.051541682,0.87411034,0.0030075824,0.06998592,0.0011490686
1682,inesco,mbaz,mbaz_s485.wav,Sad,113,Sad,Angry,Angry,False,False,False,0.7847243,1.2646763e-05,0.004536761,0.19378728,0.0027656034,2.7883814e-06,0.0141706215
1683,inesco,mbaz,mbaz_s486.wav,Sad,401,Sad,Happy,Happy,False,False,False,0.14184576,0.006412096,0.10868148,0.5503612,0.008883248,0.008287223,0.17552894
1684,inesco,mbaz,mbaz_s487.wav,Sad,257,Sad,Fear,Sad,False,True,True,0.0009766156,0.0005259019,0.9048898,0.0028473374,4.8319243e-06,0.018164586,0.07259085
1685,inesco,mbaz,mbaz_s488.wav,Sad,161,Sad,Happy,Happy,False,False,False,6.6956825e-05,0.0009542713,0.17221451,0.5628467,0.26024166,0.003102916,0.0005729736
1686,inesco,mbaz,mbaz_s489.wav,Sad,401,Sad,Happy,Happy,False,False,False,0.0028464363,0.00012589789,0.0020294741,0.965836,0.013567427,0.01473427,0.0008604109
1687,inesco,mbaz,mbaz_s490.wav,Sad,340,Sad,Happy,Happy,False,False,False,0.10533559,3.351284e-05,0.005852518,0.8348139,0.0047692284,0.042604707,0.006590532
1688,inesco,mbaz,mbaz_s491.wav,Sad,401,Sad,Surprise,Happy,False,False,True,0.03143585,0.0003358762,6.954892e-06,0.33851963,0.0002011426,0.00062293565,0.62887764
1689,inesco,mbaz,mbaz_s492.wav,Sad,317,Sad,Angry,Angry,False,False,False,0.786484,0.019853918,0.029000908,0.045672916,0.005813913,0.03890518,0.074269176
1690,inesco,mbaz,mbaz_s493.wav,Sad,401,Sad,Happy,Happy,False,False,False,0.0062732846,0.015015193,0.17622136,0.34087718,0.00044898334,0.17079538,0.29036862
1691,inesco,mbaz,mbaz_s494.wav,Sad,177,Sad,Neutral,Angry,False,False,True,0.36213923,0.008648775,0.015157344,0.035848573,0.5665715,0.00055185694,0.0110827265
1692,inesco,mbaz,mbaz_s495.wav,Sad,401,Sad,Happy,Happy,False,False,False,0.047204852,0.0054751425,0.006466244,0.8305198,0.00081898173,0.010954374,0.09856056
1693,inesco,mbaz,mbaz_s496.wav,Sad,250,Sad,Fear,Sad,False,True,True,0.008069056,0.0035268215,0.5452367,0.08253678,0.0024469122,0.3388876,0.019296056
1694,inesco,mbaz,mbaz_s497.wav,Sad,247,Sad,Sad,Sad,True,True,False,6.057706e-06,0.00020688961,0.0051333066,0.018998222,0.015144007,0.96050984,1.7166805e-06
1695,inesco,mbaz,mbaz_s498.wav,Sad,212,Sad,Fear,Happy,False,False,True,0.06632942,8.703937e-05,0.8156328,0.10261634,0.00015193882,0.00048972934,0.01469277
1696,inesco,mbaz,mbaz_s499.wav,Sad,401,Sad,Surprise,Happy,False,False,True,0.057405595,0.014872195,0.015752828,0.09527919,0.2489027,0.08908826,0.4786992
1697,inesco,mbaz,mbaz_s500.wav,Sad,241,Sad,Happy,Happy,False,False,False,0.39681742,0.0072036353,0.006340636,0.4555379,0.0064591663,0.12487021,0.0027711191
1698,inesco,mbaz,mbaz_s501.wav,Sad,282,Sad,Fear,Angry,False,False,True,0.09568705,0.00065533264,0.8075576,0.0042757066,0.0069360305,0.07284209,0.012046252
1699,inesco,mbaz,mbaz_s502.wav,Sad,234,Sad,Angry,Angry,False,False,False,0.6633284,0.010096783,0.011352145,0.1565835,0.0024615442,0.04861506,0.10756258
1700,inesco,mbaz,mbaz_s503.wav,Sad,324,Sad,Angry,Angry,False,False,False,0.99611086,0.0021932942,0.0006304304,0.00013902278,4.9510338e-05,1.7300237e-05,0.0008594971
1701,inesco,mbaz,mbaz_s504.wav,Sad,141,Sad,Happy,Happy,False,False,False,0.109775834,2.1831305e-05,0.020413032,0.86147505,0.008106559,0.00012250207,8.519599e-05
1702,inesco,mbaz,mbaz_s505.wav,Sad,273,Sad,Sad,Sad,True,True,False,0.20330206,0.019361276,0.16542384,0.23894589,0.0220797,0.24254537,0.10834178
1703,inesco,mbaz,mbaz_s506.wav,Sad,234,Sad,Angry,Angry,False,False,False,0.61905277,0.00083629484,0.19558695,0.15656948,1.1505662e-05,0.0001847165,0.027758317
1704,inesco,mbaz,mbaz_s507.wav,Sad,180,Sad,Happy,Happy,False,False,False,0.0012238853,3.632764e-08,0.013857431,0.9848165,9.217096e-05,6.799641e-06,3.1787683e-06
1705,inesco,mbaz,mbaz_s508.wav,Sad,266,Sad,Happy,Happy,False,False,False,0.0047128415,0.0022635318,0.32956862,0.4784575,0.0070524584,0.017526066,0.16041888
1706,inesco,mbaz,mbaz_s509.wav,Sad,234,Sad,Angry,Angry,False,False,False,0.7815901,0.006429175,0.10030778,0.10360276,0.0007463737,0.0029043483,0.0044194786
1707,inesco,mbaz,mbaz_s510.wav,Sad,401,Sad,Happy,Happy,False,False,False,0.0009865452,3.3363256e-05,0.0003964846,0.707729,6.0178038e-05,0.00049749005,0.290297
1708,inesco,mbaz,mbaz_s511.wav,Sad,401,Sad,Sad,Sad,True,True,False,0.00027072686,0.000586874,0.014686404,0.0065436414,0.007987696,0.969851,7.3657924e-05
1709,inesco,mbaz,mbaz_s512.wav,Sad,397,Sad,Angry,Angry,False,False,False,0.7815196,0.04021305,0.00044791045,0.0065272404,0.024985902,0.05671097,0.08959538
1710,inesco,mbaz,mbaz_s513.wav,Sad,282,Sad,Fear,Happy,False,False,True,0.11329826,1.5490004e-05,0.66161925,0.20087413,0.0035450587,0.004338061,0.016309816
1711,inesco,mbaz,mbaz_s514.wav,Sad,401,Sad,Angry,Angry,False,False,False,0.59452057,0.0011352912,0.007489186,0.33420143,0.01131388,0.036804628,0.014535018
1712,inesco,mbaz,mbaz_s515.wav,Sad,193,Sad,Fear,Happy,False,False,True,0.172736,6.0753886e-05,0.5465819,0.27660415,0.00030726547,0.0003704608,0.0033394154
1713,inesco,mbaz,mbaz_s516.wav,Sad,170,Sad,Fear,Angry,False,False,True,0.0001893197,0.00060277904,0.99821305,0.00018907522,5.0451734e-05,0.00016021864,0.00059508666
1714,inesco,mbaz,mbaz_s517.wav,Sad,247,Sad,Angry,Angry,False,False,False,0.79655075,0.024024898,0.007825899,0.030588927,0.00029266108,0.001020038,0.13969687
1715,inesco,mbaz,mbaz_s518.wav,Sad,388,Sad,Sad,Sad,True,True,False,0.0021092612,0.22807196,0.02463402,0.00048775552,0.015154797,0.72915506,0.00038714774
1716,inesco,mbaz,mbaz_s519.wav,Sad,289,Sad,Fear,Happy,False,False,True,0.012417216,7.499827e-05,0.80675554,0.08911304,0.01153005,0.0787931,0.0013161057
1717,inesco,mbaz,mbaz_s520.wav,Sad,167,Sad,Fear,Happy,False,False,True,0.024909772,7.3763376e-06,0.82405037,0.08195919,0.0672437,0.0012528838,0.00057665666
1718,inesco,mbaz,mbaz_s521.wav,Sad,116,Sad,Angry,Angry,False,False,False,0.56294435,9.331002e-05,0.004792043,0.38451216,0.03823617,0.00042124902,0.009000806
1719,inesco,mbaz,mbaz_s522.wav,Sad,125,Sad,Happy,Happy,False,False,False,0.025334867,4.9179603e-06,0.0027035428,0.96871537,0.0021812657,0.000766949,0.00029315898
1720,inesco,mbaz,mbaz_s523.wav,Sad,113,Sad,Fear,Angry,False,False,True,0.37772754,0.0023980318,0.60097206,0.0014854474,0.014625635,5.681646e-05,0.0027345517
1721,inesco,mbaz,mbaz_s524.wav,Sad,276,Sad,Fear,Angry,False,False,True,0.031647477,0.0018873048,0.9146412,0.009804028,0.017857501,0.018824866,0.0053377007
1722,inesco,mbaz,mbaz_s525.wav,Sad,330,Sad,Fear,Happy,False,False,True,0.0010608584,0.0001416405,0.9003819,0.038152266,0.0003148656,5.905721e-05,0.059889384
1723,inesco,mbaz,mbaz_s526.wav,Sad,337,Sad,Fear,Happy,False,False,True,0.0025024503,8.4113024e-05,0.8003214,0.10985093,0.038858276,0.045561694,0.0028211128
1724,inesco,mbaz,mbaz_s527.wav,Sad,349,Sad,Surprise,Angry,False,False,True,0.14791861,0.030436652,0.19536936,0.13264179,0.006070532,0.0043768394,0.48318624
1725,inesco,mbaz,mbaz_s528.wav,Sad,330,Sad,Sad,Sad,True,True,False,0.1063279,0.001670095,0.12783077,0.054670572,0.22460179,0.3402974,0.14460142
1726,inesco,mbaz,mbaz_s529.wav,Sad,228,Sad,Sad,Sad,True,True,False,0.0030201823,0.003926889,0.059539516,0.0002834013,0.45899874,0.47357526,0.00065606035
1727,inesco,mbaz,mbaz_s530.wav,Sad,282,Sad,Angry,Angry,False,False,False,0.97295207,0.0002632036,0.0047127,0.020046145,0.00051279104,0.00010050523,0.0014125708
1728,inesco,mbaz,mbaz_s531.wav,Sad,145,Sad,Happy,Happy,False,False,False,0.05128363,0.0008781767,0.23665169,0.5651346,0.13233742,0.001224717,0.012489814
1729,inesco,mbaz,mbaz_s532.wav,Sad,276,Sad,Angry,Angry,False,False,False,0.9811125,0.015777156,3.058792e-05,0.00087352993,1.2861583e-06,1.8873661e-05,0.0021860981
1730,inesco,mbaz,mbaz_s533.wav,Sad,362,Sad,Fear,Angry,False,False,True,0.026344476,0.00033616746,0.89150566,0.009472161,0.06534547,0.0060174763,0.0009786278
1731,inesco,mbaz,mbaz_s534.wav,Sad,397,Sad,Angry,Angry,False,False,False,0.520843,0.005635814,0.28331104,0.05582578,0.12635505,0.0038222845,0.004207024
1732,inesco,mbaz,mbaz_s535.wav,Sad,167,Sad,Fear,Sad,False,True,True,1.6434466e-05,5.0654908e-06,0.9745446,0.009880734,0.00199442,0.0135573745,1.2970952e-06
1733,inesco,mbaz,mbaz_s536.wav,Sad,321,Sad,Angry,Angry,False,False,False,0.7831145,0.20335168,6.409796e-05,0.0006719286,1.3920792e-05,1.2978147e-06,0.012782584
1734,inesco,mbaz,mbaz_s537.wav,Sad,401,Sad,Fear,Sad,False,True,True,9.4284354e-05,8.455981e-05,0.9070283,0.03313779,0.0026987277,0.05440927,0.0025470948
1735,inesco,mbaz,mbaz_s538.wav,Sad,279,Sad,Disgust,Angry,False,False,True,0.21137276,0.33450666,0.09235373,0.13353817,0.062671795,0.16063839,0.0049184817
1736,inesco,mbaz,mbaz_s539.wav,Sad,180,Sad,Happy,Happy,False,False,False,0.0645883,1.6601324e-06,0.015032816,0.89638525,0.02344736,0.0005309283,1.3629107e-05
1737,inesco,mbaz,mbaz_s540.wav,Sad,372,Sad,Happy,Happy,False,False,False,0.030457478,0.015041576,0.08631139,0.6101144,0.01841641,0.15789936,0.08175939
1738,inesco,mbaz,mbaz_s541.wav,Sad,401,Sad,Sad,Sad,True,True,False,0.063648686,0.009148242,0.25402153,0.15832376,0.040080167,0.41659874,0.058178846
1739,inesco,mbaz,mbaz_s542.wav,Sad,401,Sad,Angry,Angry,False,False,False,0.8034601,0.011490106,0.007864449,0.061306804,0.050413277,0.0075276163,0.05793753
1740,inesco,mbaz,mbaz_s543.wav,Sad,401,Sad,Disgust,Sad,False,True,True,0.00074130564,0.5119665,0.004684939,0.0069511635,0.0545098,0.19509016,0.22605614
1741,inesco,mbaz,mbaz_s544.wav,Sad,129,Sad,Angry,Angry,False,False,False,0.6860859,3.758046e-05,0.13660772,0.014012099,0.16233923,0.0006136512,0.00030386122
1742,inesco,mbaz,mbaz_s545.wav,Sad,305,Sad,Angry,Angry,False,False,False,0.95271164,0.0051445127,0.0005618616,0.037639037,0.0019773543,0.00031558424,0.0016500562
1743,inesco,mbaz,mbaz_s546.wav,Sad,391,Sad,Fear,Angry,False,False,True,0.007994129,2.6823123e-05,0.9846699,0.0045897537,0.00012628733,0.002067129,0.0005259403
1744,inesco,mbaz,mbaz_s547.wav,Sad,369,Sad,Happy,Happy,False,False,False,0.0326855,9.5354706e-05,0.3102379,0.43669397,0.0016897069,0.006238962,0.21235855
1745,inesco,mbaz,mbaz_s548.wav,Sad,295,Sad,Happy,Happy,False,False,False,0.43819588,0.00059318874,0.0015181549,0.55200285,0.0019619525,0.002785501,0.0029424713
1746,inesco,mbaz,mbaz_s549.wav,Sad,333,Sad,Neutral,Angry,False,False,True,0.19901493,0.003508933,0.0026661772,0.13174029,0.6299624,0.0047982763,0.028309045
1747,inesco,mbaz,mbaz_s550.wav,Sad,266,Sad,Angry,Angry,False,False,False,0.47265223,0.004489977,0.3291834,0.12355831,0.003534211,0.008165888,0.05841596
1748,inesco,mbaz,mbaz_s551.wav,Sad,292,Sad,Angry,Angry,False,False,False,0.79273564,0.000996191,0.015772816,0.123937115,0.019340014,0.0466329,0.0005852626
1749,inesco,mbaz,mbaz_s552.wav,Sad,97,Sad,Angry,Angry,False,False,False,0.9324662,2.612566e-06,0.06121163,0.005835422,0.00034997455,5.6123223e-05,7.784792e-05
1750,inesco,mbaz,mbaz_s553.wav,Sad,74,Sad,Angry,Angry,False,False,False,0.99341005,6.552077e-05,0.00635937,7.367457e-05,5.4037478e-06,6.271444e-05,2.3284634e-05
1751,inesco,mbaz,mbaz_s554.wav,Sad,135,Sad,Fear,Angry,False,False,True,0.018870728,8.603236e-05,0.73107123,0.00032833932,0.24401802,0.005580714,4.4901375e-05
1752,inesco,mbaz,mbaz_s555.wav,Sad,196,Sad,Happy,Happy,False,False,False,0.009201896,3.0595304e-05,0.29729152,0.6853157,0.0012683088,0.001232514,0.0056594624
1753,inesco,mbaz,mbaz_s556.wav,Sad,180,Sad,Fear,Sad,False,True,True,0.000100461686,4.1985973e-06,0.73873764,0.03411719,0.13963313,0.0873818,2.557351e-05
1754,inesco,mbaz,mbaz_s557.wav,Sad,87,Sad,Angry,Angry,False,False,False,0.9437954,9.935137e-06,0.048996203,0.0056045167,0.00032416105,0.0005597687,0.0007101555
1755,inesco,mbaz,mbaz_s558.wav,Sad,148,Sad,Angry,Angry,False,False,False,0.66543025,0.00012509867,0.32258075,0.00210496,0.0006057958,3.7431804e-05,0.009115673
1756,inesco,mbaz,mbaz_s559.wav,Sad,205,Sad,Fear,Sad,False,True,True,0.0003016223,0.00024129162,0.7952728,0.022174772,0.004486252,0.1689139,0.008609354
1757,inesco,mbaz,mbaz_s560.wav,Sad,116,Sad,Angry,Angry,False,False,False,0.9323684,7.5903426e-07,0.06680682,0.000543394,0.00022125644,2.7131471e-05,3.2247946e-05
1758,inesco,mbaz,mbaz_s561.wav,Sad,276,Sad,Happy,Happy,False,False,False,0.00015144602,2.3383916e-06,0.00035949377,0.9938905,0.0008465017,0.003100149,0.0016496163
1759,inesco,mbaz,mbaz_s562.wav,Sad,103,Sad,Angry,Angry,False,False,False,0.90098315,1.8382137e-06,0.00069798814,0.09776228,0.00052794645,1.0418382e-05,1.635101e-05
1760,inesco,mbaz,mbaz_s563.wav,Sad,241,Sad,Fear,Sad,False,True,True,0.014092034,0.0038917866,0.89473677,0.007722257,0.044091493,0.03540917,5.6534667e-05
1761,inesco,mbaz,mbaz_s564.wav,Sad,289,Sad,Angry,Angry,False,False,False,0.68640625,0.046518978,0.003093515,0.0025482452,5.1277344e-05,0.00077279785,0.2606089
1762,inesco,mbaz,mbaz_s565.wav,Sad,401,Sad,Happy,Happy,False,False,False,0.0001940041,1.769323e-05,0.00038567535,0.9881131,1.5958336e-05,0.007235673,0.0040379767
1763,inesco,mbaz,mbaz_s566.wav,Sad,109,Sad,Angry,Angry,False,False,False,0.6994942,8.5174026e-05,0.04495463,0.19416426,0.058329318,0.0026814581,0.00029103534
1764,inesco,mbaz,mbaz_s567.wav,Sad,154,Sad,Fear,Happy,False,False,True,0.027518801,3.5168944e-06,0.7394266,0.22645256,0.00597902,0.00052093423,9.848509e-05
1765,inesco,mbaz,mbaz_s568.wav,Sad,148,Sad,Fear,Angry,False,False,True,0.0011019938,1.5599331e-05,0.99847966,1.6917225e-05,0.00014291501,3.6106016e-05,0.00020691325
1766,inesco,mbaz,mbaz_s569.wav,Sad,401,Sad,Fear,Happy,False,False,True,0.00010020656,1.9747185e-07,0.99084014,0.008705068,5.238822e-07,3.314644e-05,0.00032077418
1767,inesco,mbaz,mbaz_s570.wav,Sad,327,Sad,Fear,Happy,False,False,True,0.008192208,0.0002823973,0.6074912,0.28261703,0.0019701181,0.0067804246,0.09266662
1768,inesco,mbaz,mbaz_s571.wav,Sad,292,Sad,Neutral,Sad,False,True,True,0.0007956159,0.0010262028,0.00056379155,8.579877e-05,0.9115099,0.08584323,0.0001755139
1769,inesco,mbaz,mbaz_s572.wav,Sad,193,Sad,Happy,Happy,False,False,False,0.0153471455,0.00016355887,0.05538816,0.81706756,0.11023476,0.0013231016,0.00047569015
1770,inesco,mbaz,mbaz_s573.wav,Sad,148,Sad,Fear,Happy,False,False,True,0.0003423076,1.1821545e-06,0.9862861,0.008896016,0.0001690062,0.0022565636,0.0020488466
1771,inesco,mbaz,mbaz_s574.wav,Sad,234,Sad,Surprise,Happy,False,False,True,0.0005673774,0.0032385602,0.116364904,0.008339992,1.2307606e-06,0.0013580908,0.87012976
1772,inesco,mbaz,mbaz_s575.wav,Sad,129,Sad,Neutral,Happy,False,False,True,0.0002652461,3.4775278e-06,0.010690187,0.090387926,0.8972394,7.8359124e-05,0.0013353339
1773,inesco,mbaz,mbaz_s576.wav,Sad,199,Sad,Happy,Happy,False,False,False,0.017070832,8.065539e-06,0.016114056,0.96507525,0.0011103029,0.00048615987,0.00013536774
1774,inesco,mbaz,mbaz_s577.wav,Sad,401,Sad,Happy,Happy,False,False,False,0.025946658,0.011385572,0.00037330657,0.91413736,0.007886642,0.0011043433,0.03916614
1775,inesco,mbaz,mbaz_s578.wav,Sad,135,Sad,Fear,Happy,False,False,True,0.010385503,5.6323388e-05,0.92264664,0.028667027,0.023543535,0.014691103,9.819558e-06
1776,inesco,mbaz,mbaz_s579.wav,Sad,164,Sad,Neutral,Sad,False,True,True,0.00020705308,1.7639696e-06,5.9793183e-05,0.00041309916,0.9908166,0.008501423,1.9130432e-07
1777,inesco,mbaz,mbaz_s580.wav,Sad,401,Sad,Surprise,Happy,False,False,True,0.00023528752,0.00097306486,0.006040834,0.19491114,5.3779495e-05,0.0028050242,0.7949809
1778,inesco,mbaz,mbaz_s581.wav,Sad,205,Sad,Happy,Happy,False,False,False,0.4119011,3.3562057e-05,0.0066813664,0.50445366,0.07347131,0.0033746045,8.4438994e-05
1779,inesco,mbaz,mbaz_s582.wav,Sad,381,Sad,Happy,Happy,False,False,False,0.013780278,8.701071e-05,0.047288373,0.50479835,0.033691034,0.4001194,0.00023556924
1780,inesco,mbaz,mbaz_s583.wav,Sad,45,Sad,Fear,Angry,False,False,True,0.34708527,1.36050885e-05,0.6412512,0.0058019245,0.0005594855,0.005259204,2.9270861e-05
1781,inesco,mbaz,mbaz_s584.wav,Sad,401,Sad,Angry,Angry,False,False,False,0.54476106,0.0075563947,0.0024609733,0.25908247,0.07623188,0.105355546,0.00455169
1782,inesco,mbaz,mbaz_s585.wav,Sad,314,Sad,Fear,Angry,False,False,True,0.18406095,0.0059596156,0.7776141,0.0015851773,0.0033642363,0.02703242,0.00038355566
1783,inesco,mbaz,mbaz_s586.wav,Sad,314,Sad,Fear,Angry,False,False,True,0.3993025,0.0026306636,0.43603173,0.039516862,0.00081526383,0.0034016804,0.118301265
1784,inesco,mbaz,mbaz_s587.wav,Sad,237,Sad,Fear,Happy,False,False,True,0.004010312,2.3327515e-05,0.9343046,0.05744719,0.0012487499,0.0027899365,0.00017588484
1785,inesco,mbaz,mbaz_s588.wav,Sad,401,Sad,Angry,Angry,False,False,False,0.5384933,0.00024096403,0.38281178,0.019814298,0.025051594,0.03344329,0.0001448516
1786,inesco,mbaz,mbaz_s589.wav,Sad,317,Sad,Surprise,Angry,False,False,True,0.28106412,0.038590077,0.032195076,0.03202411,0.0014959546,0.049871214,0.56475943
1787,inesco,mbaz,mbaz_s590.wav,Sad,212,Sad,Angry,Angry,False,False,False,0.9858056,0.004306285,0.004950927,0.0037018757,0.0011071777,0.00010636504,2.1854275e-05
1788,inesco,mbaz,mbaz_s591.wav,Sad,401,Sad,Fear,Angry,False,False,True,0.35343754,0.027891839,0.5054224,0.08312596,0.0074705137,0.004676491,0.017975286
1789,inesco,mbaz,mbaz_s592.wav,Sad,401,Sad,Fear,Happy,False,False,True,0.0024167537,0.0006568057,0.4922885,0.40853432,0.002294333,0.06434903,0.029460283
1790,inesco,mbaz,mbaz_s593.wav,Sad,289,Sad,Fear,Happy,False,False,True,0.0010908955,8.716812e-05,0.60274714,0.27268463,0.0046699177,0.09117109,0.027549135
1791,inesco,mbaz,mbaz_s594.wav,Sad,401,Sad,Angry,Angry,False,False,False,0.57952493,0.0006162527,0.009569605,0.13879311,0.16023238,0.1091011,0.0021626905
1792,inesco,mbaz,mbaz_s595.wav,Sad,401,Sad,Surprise,Happy,False,False,True,0.047993988,0.04194494,0.014605417,0.37556142,0.000332434,0.05162868,0.46793318
1793,inesco,mbaz,mbaz_s596.wav,Sad,349,Sad,Angry,Angry,False,False,False,0.7603814,0.028234774,0.04864482,0.052206583,0.046461016,0.007963433,0.05610799
1794,inesco,mbaz,mbaz_s597.wav,Sad,401,Sad,Happy,Happy,False,False,False,0.10061371,0.0009234408,0.00047869273,0.83742195,1.9803447e-05,0.0009499383,0.059592508
1795,inesco,mbaz,mbaz_s598.wav,Sad,317,Sad,Neutral,Angry,False,False,True,0.22190753,0.0020240422,0.022443023,0.026073348,0.70730144,0.0036077618,0.016642904
1796,inesco,mbaz,mbaz_s599.wav,Sad,346,Sad,Angry,Angry,False,False,False,0.4755411,0.022013465,0.012735021,0.0416585,0.037981354,0.40871242,0.0013581086
1797,inesco,mbaz,mbaz_s600.wav,Sad,401,Sad,Surprise,Happy,False,False,True,0.00084970426,4.5219065e-05,0.04982337,0.027615711,2.6453634e-07,3.1306176e-05,0.92163444
1798,inesco,mdpa,mdpa_a212.wav,Angry,167,Angry,Happy,Happy,False,False,False,0.064299226,6.900222e-05,0.009076011,0.9230718,0.00045771623,0.00034815155,0.0026780837
1799,inesco,mdpa,mdpa_a213.wav,Angry,132,Angry,Angry,Angry,True,True,False,0.83329326,4.6720934e-06,0.018117867,0.04948639,1.7912004e-06,1.6719701e-05,0.09907937
1800,inesco,mdpa,mdpa_a214.wav,Angry,244,Angry,Happy,Happy,False,False,False,0.014524891,0.00073275494,0.024351574,0.8319868,0.00013749517,0.008206807,0.12005969
1801,inesco,mdpa,mdpa_a215.wav,Angry,285,Angry,Surprise,Angry,False,True,True,0.07130305,4.702857e-05,0.0005040771,0.0023318306,1.2650267e-07,9.960146e-05,0.92571425
1802,inesco,mdpa,mdpa_a216.wav,Angry,263,Angry,Angry,Angry,True,True,False,0.87516147,0.03893408,0.0049578124,0.00795435,3.848265e-06,0.06562976,0.007358719
1803,inesco,mdpa,mdpa_a217.wav,Angry,100,Angry,Fear,Happy,False,False,True,0.09488889,2.6443484e-05,0.52129763,0.1291503,2.2776583e-05,4.0161e-05,0.2545738
1804,inesco,mdpa,mdpa_a218.wav,Angry,401,Angry,Surprise,Angry,False,True,True,0.3465709,0.0017798197,6.2796236e-05,0.2512115,1.741623e-07,8.079369e-05,0.40029398
1805,inesco,mdpa,mdpa_a219.wav,Angry,401,Angry,Surprise,Happy,False,False,True,0.0053709922,3.538323e-06,0.0005478741,0.16742116,2.987435e-07,2.2178407e-05,0.826634
1806,inesco,mdpa,mdpa_a220.wav,Angry,346,Angry,Surprise,Happy,False,False,True,0.006751274,7.5291624e-05,0.17282055,0.055547696,3.2455348e-06,0.0014621889,0.76333976
1807,inesco,mdpa,mdpa_a221.wav,Angry,353,Angry,Surprise,Angry,False,True,True,0.18392833,0.0015799841,0.015523093,0.004117154,4.727776e-06,0.00052737474,0.79431933
1808,inesco,mdpa,mdpa_a222.wav,Angry,401,Angry,Happy,Happy,False,False,False,0.0018948845,1.7908747e-05,5.7849405e-07,0.9888015,7.717312e-07,0.00016124376,0.009123219
1809,inesco,mdpa,mdpa_a223.wav,Angry,257,Angry,Surprise,Happy,False,False,True,1.6889102e-05,0.00014196447,0.0066057304,0.005372052,1.7840131e-07,0.0001937898,0.9876694
1810,inesco,mdpa,mdpa_a224.wav,Angry,308,Angry,Angry,Angry,True,True,False,0.8797404,0.00032115195,0.005705618,0.013635317,5.1697345e-05,0.00012321219,0.10042262
1811,inesco,mdpa,mdpa_a225.wav,Angry,97,Angry,Angry,Angry,True,True,False,0.4933686,1.564641e-05,0.20121813,0.028915863,0.00030590346,0.009368336,0.2668075
1812,inesco,mdpa,mdpa_a226.wav,Angry,215,Angry,Angry,Angry,True,True,False,0.9538125,0.00015700592,0.012986317,0.02605048,1.9132935e-06,1.6672398e-05,0.006975107
1813,inesco,mdpa,mdpa_a227.wav,Angry,401,Angry,Angry,Angry,True,True,False,0.9469324,0.00026334674,0.00333218,0.0404086,3.0283918e-06,4.8725283e-06,0.009055572
1814,inesco,mdpa,mdpa_a228.wav,Angry,132,Angry,Angry,Angry,True,True,False,0.58523935,2.9867104e-05,0.11592589,0.17663702,6.157189e-05,0.0010273723,0.121079005
1815,inesco,mdpa,mdpa_a229.wav,Angry,353,Angry,Surprise,Happy,False,False,True,0.00024993226,1.1691327e-05,9.607871e-05,0.0025878574,2.734589e-07,4.8082616e-06,0.99704933
1816,inesco,mdpa,mdpa_a230.wav,Angry,260,Angry,Angry,Angry,True,True,False,0.8701125,0.003972265,0.0029281098,0.11365935,2.4829092e-06,0.006130541,0.0031947982
1817,inesco,mdpa,mdpa_a231.wav,Angry,183,Angry,Angry,Angry,True,True,False,0.62074566,3.8060866e-06,0.0033168786,0.37187296,0.003176448,0.00088058674,3.6846577e-06
1818,inesco,mdpa,mdpa_a232.wav,Angry,186,Angry,Happy,Happy,False,False,False,0.13281131,2.0486556e-05,0.0030051093,0.8591914,0.004551305,0.00017766985,0.00024268428
1819,inesco,mdpa,mdpa_a233.wav,Angry,266,Angry,Surprise,Happy,False,False,True,0.07404179,0.00392188,0.0013198252,0.31677508,1.6323656e-07,4.4939945e-05,0.60389626
1820,inesco,mdpa,mdpa_a234.wav,Angry,81,Angry,Surprise,Angry,False,True,True,0.021239769,6.0989805e-06,0.47327927,0.0031543418,7.729973e-07,2.20704e-05,0.5022977
1821,inesco,mdpa,mdpa_a235.wav,Angry,90,Angry,Angry,Angry,True,True,False,0.902263,5.0517533e-06,0.06392045,0.0010896022,7.887089e-06,2.0989905e-06,0.03271191
1822,inesco,mdpa,mdpa_a236.wav,Angry,234,Angry,Angry,Angry,True,True,False,0.9765732,0.00023623528,0.0012211088,0.006847171,1.0398381e-08,7.1496515e-06,0.015115152
1823,inesco,mdpa,mdpa_a237.wav,Angry,180,Angry,Happy,Happy,False,False,False,0.0035131613,5.9848287e-07,0.07281497,0.8681847,6.581369e-06,2.6240268e-06,0.055477288
1824,inesco,mdpa,mdpa_a238.wav,Angry,154,Angry,Fear,Angry,False,True,True,0.31585425,1.9405151e-07,0.60237265,0.053089105,0.00088965945,6.595606e-06,0.027787574
1825,inesco,mdpa,mdpa_a239.wav,Angry,193,Angry,Fear,Happy,False,False,True,0.0006849002,7.8248675e-08,0.8833716,0.11556364,1.3434129e-06,2.3344863e-05,0.0003550265
1826,inesco,mdpa,mdpa_a240.wav,Angry,189,Angry,Angry,Angry,True,True,False,0.6806229,1.3647959e-06,0.004120353,0.30078182,3.669575e-06,6.4553274e-06,0.0144633865
1827,inesco,mdpa,mdpa_a241.wav,Angry,138,Angry,Surprise,Angry,False,True,True,0.026934016,4.0735756e-08,0.35138717,0.0021016821,1.2411026e-07,1.0307271e-07,0.61957693
1828,inesco,mdpa,mdpa_a242.wav,Angry,375,Angry,Happy,Happy,False,False,False,0.0035290837,0.029032854,0.00012946181,0.58226717,1.0404298e-05,0.000121592835,0.38490942
1829,inesco,mdpa,mdpa_a243.wav,Angry,215,Angry,Happy,Happy,False,False,False,0.01983107,5.4684773e-05,0.02404584,0.9509811,9.3444655e-08,3.8118842e-06,0.005083455
1830,inesco,mdpa,mdpa_a244.wav,Angry,189,Angry,Surprise,Angry,False,True,True,0.25760815,8.293366e-06,0.10782848,0.18115303,1.2381549e-06,0.00016054211,0.4532403
1831,inesco,mdpa,mdpa_a245.wav,Angry,196,Angry,Angry,Angry,True,True,False,0.78095,8.6513e-06,0.10831536,0.07056218,5.1717812e-05,0.0005240325,0.03958801
1832,inesco,mdpa,mdpa_a246.wav,Angry,103,Angry,Angry,Angry,True,True,False,0.854609,7.2894013e-06,0.12468315,0.0006998365,5.415876e-06,2.4421011e-05,0.019970866
1833,inesco,mdpa,mdpa_a247.wav,Angry,317,Angry,Angry,Angry,True,True,False,0.76519173,0.016480073,0.009203596,0.07287361,0.0006542803,0.0017947963,0.13380189
1834,inesco,mdpa,mdpa_a248.wav,Angry,231,Angry,Angry,Angry,True,True,False,0.6767708,1.8646977e-05,0.019770676,0.29366145,2.8804873e-06,6.551594e-06,0.009768962
1835,inesco,mdpa,mdpa_a249.wav,Angry,253,Angry,Surprise,Angry,False,True,True,0.22629191,0.0003938497,0.028280985,0.0427891,6.5191966e-06,0.00030497147,0.7019326
1836,inesco,mdpa,mdpa_a250.wav,Angry,333,Angry,Surprise,Angry,False,True,True,0.3224076,0.01991555,0.010870259,0.024255313,4.0603787e-08,1.6687516e-05,0.6225346
1837,inesco,mdpa,mdpa_a251.wav,Angry,337,Angry,Surprise,Angry,False,True,True,0.11855987,0.0071598375,0.017281825,0.0045863,1.3675386e-05,0.0008678831,0.8515306
1838,inesco,mdpa,mdpa_a252.wav,Angry,356,Angry,Angry,Angry,True,True,False,0.3956597,0.026792591,0.014797339,0.32952088,8.41521e-07,0.00015471152,0.2330739
1839,inesco,mdpa,mdpa_a253.wav,Angry,218,Angry,Surprise,Angry,False,True,True,0.08956932,0.011861295,0.051477138,0.05192921,3.7137553e-07,2.9803266e-05,0.79513294
1840,inesco,mdpa,mdpa_a254.wav,Angry,228,Angry,Angry,Angry,True,True,False,0.996795,5.4854313e-06,0.00028974973,0.00033145412,1.6315246e-08,1.1148193e-07,0.0025781898
1841,inesco,mdpa,mdpa_a255.wav,Angry,285,Angry,Surprise,Angry,False,True,True,0.42924264,0.0059215217,0.1001432,0.013877885,7.207658e-08,0.0002233986,0.45059133
1842,inesco,mdpa,mdpa_a256.wav,Angry,362,Angry,Surprise,Angry,False,True,True,0.12195222,0.00025121128,0.0323075,0.011833022,5.251126e-07,0.00012284661,0.8335327
1843,inesco,mdpa,mdpa_a257.wav,Angry,244,Angry,Happy,Happy,False,False,False,0.0061275447,1.7415154e-05,0.028886503,0.80606693,1.7875165e-05,0.00032507352,0.15855865
1844,inesco,mdpa,mdpa_a258.wav,Angry,164,Angry,Angry,Angry,True,True,False,0.7983453,3.488158e-05,0.05926208,0.131881,3.3855667e-06,3.742518e-07,0.0104728155
1845,inesco,mdpa,mdpa_a259.wav,Angry,218,Angry,Angry,Angry,True,True,False,0.900043,5.9060067e-06,0.017908458,0.07635436,5.4934603e-06,4.7315894e-05,0.005635484
1846,inesco,mdpa,mdpa_a260.wav,Angry,250,Angry,Angry,Angry,True,True,False,0.52167994,0.00041369468,0.00016514427,0.0126758255,4.6256343e-10,8.642281e-07,0.4650645
1847,inesco,mdpa,mdpa_a261.wav,Angry,237,Angry,Angry,Angry,True,True,False,0.61303234,8.86369e-06,0.22509,0.0038711498,2.5014108e-08,9.443383e-07,0.1579967
1848,inesco,mdpa,mdpa_a262.wav,Angry,244,Angry,Angry,Angry,True,True,False,0.9952003,5.6042027e-05,0.0017121014,0.001762632,2.8055372e-06,0.0002843976,0.0009817956
1849,inesco,mdpa,mdpa_a263.wav,Angry,173,Angry,Happy,Happy,False,False,False,0.30406848,4.9338007e-07,0.035676025,0.64911705,3.121366e-05,0.0002802517,0.010826517
1850,inesco,mdpa,mdpa_a264.wav,Angry,113,Angry,Angry,Angry,True,True,False,0.94354016,2.9055196e-05,0.033891108,0.0009923325,2.0830173e-06,8.74586e-06,0.021536443
1851,inesco,mdpa,mdpa_a265.wav,Angry,109,Angry,Angry,Angry,True,True,False,0.9910821,4.190546e-05,0.007518293,3.7984606e-05,5.6053295e-07,1.2048572e-06,0.0013179062
1852,inesco,mdpa,mdpa_a266.wav,Angry,401,Angry,Surprise,Happy,False,False,True,0.021927109,5.0550835e-07,0.002221821,0.15376367,3.44123e-07,2.8564014e-06,0.8220837
1853,inesco,mdpa,mdpa_a267.wav,Angry,154,Angry,Happy,Happy,False,False,False,0.008729567,1.3094804e-07,0.019646872,0.8781152,6.9488203e-07,1.9589827e-07,0.09350732
1854,inesco,mdpa,mdpa_a268.wav,Angry,84,Angry,Surprise,Angry,False,True,True,0.26960728,5.8266164e-06,0.015963359,0.088516295,8.187751e-05,0.00011552252,0.62570983
1855,inesco,mdpa,mdpa_a269.wav,Angry,129,Angry,Angry,Angry,True,True,False,0.87857854,3.2923274e-06,0.005455624,0.11458163,3.0163083e-05,1.6712373e-05,0.0013341426
1856,inesco,mdpa,mdpa_a270.wav,Angry,189,Angry,Happy,Happy,False,False,False,0.0048653493,4.93638e-07,0.0098752845,0.95283175,5.4629345e-07,2.6820685e-06,0.032423884
1857,inesco,mdpa,mdpa_a271.wav,Angry,327,Angry,Fear,Angry,False,True,True,0.10444619,0.0030582766,0.5281397,0.031454783,0.00022754952,0.025601333,0.30707216
1858,inesco,mdpa,mdpa_a272.wav,Angry,308,Angry,Disgust,Sad,False,False,True,0.0014269566,0.5925583,0.00064754364,0.0015181142,1.3963652e-06,0.3762151,0.027632542
1859,inesco,mdpa,mdpa_a273.wav,Angry,212,Angry,Angry,Angry,True,True,False,0.99722964,5.1705837e-07,0.00088209467,0.0016550312,3.2817312e-07,1.2651705e-05,0.00021978536
1860,inesco,mdpa,mdpa_a274.wav,Angry,305,Angry,Angry,Angry,True,True,False,0.44241887,0.06727617,0.032158844,0.043820035,4.2560314e-05,0.013377054,0.40090647
1861,inesco,mdpa,mdpa_a275.wav,Angry,148,Angry,Happy,Happy,False,False,False,0.0024732433,2.3516562e-09,0.039498493,0.57380223,1.4331879e-06,6.179167e-07,0.38422397
1862,inesco,mdpa,mdpa_a276.wav,Angry,209,Angry,Fear,Happy,False,False,True,0.00019644573,1.0883862e-06,0.6284816,0.049494993,1.4653807e-07,2.3054697e-06,0.3218234
1863,inesco,mdpa,mdpa_a277.wav,Angry,247,Angry,Angry,Angry,True,True,False,0.97794265,0.0015394911,0.0013059519,0.007105465,7.105335e-08,1.0649551e-05,0.012095689
1864,inesco,mdpa,mdpa_a278.wav,Angry,401,Angry,Happy,Happy,False,False,False,0.098125495,0.014107121,0.00066090655,0.6437391,1.3794719e-05,0.15493295,0.08842065
1865,inesco,mdpa,mdpa_a279.wav,Angry,186,Angry,Angry,Angry,True,True,False,0.5073507,4.9684554e-06,0.02743156,0.4468861,2.690916e-07,4.0021655e-06,0.018322416
1866,inesco,mdpa,mdpa_a280.wav,Angry,289,Angry,Surprise,Happy,False,False,True,0.0039050262,0.1411192,0.09834527,0.048742622,5.026663e-07,0.0052312515,0.7026561
1867,inesco,mdpa,mdpa_a281.wav,Angry,292,Angry,Angry,Angry,True,True,False,0.9437428,2.706226e-05,0.018688027,0.0014306586,4.02893e-08,9.678506e-06,0.036101647
1868,inesco,mdpa,mdpa_a282.wav,Angry,365,Angry,Surprise,Happy,False,False,True,0.0025521908,3.7533668e-05,9.858814e-05,0.02325475,3.6445513e-09,1.9954392e-05,0.974037
1869,inesco,mdpa,mdpa_a283.wav,Angry,401,Angry,Surprise,Happy,False,False,True,1.6981205e-05,5.1331535e-09,9.59111e-05,0.068092056,4.0465542e-10,3.7647578e-07,0.93179476
1870,inesco,mdpa,mdpa_a284.wav,Angry,279,Angry,Angry,Angry,True,True,False,0.99107695,4.272682e-05,3.880572e-05,0.0012622197,1.3178432e-08,1.243004e-05,0.0075668143
1871,inesco,mdpa,mdpa_a285.wav,Angry,221,Angry,Angry,Angry,True,True,False,0.6814317,3.4303066e-06,0.008216328,0.30688402,4.846872e-08,7.720391e-08,0.0034643847
1872,inesco,mdpa,mdpa_a286.wav,Angry,401,Angry,Happy,Happy,False,False,False,0.09536737,0.00010765914,0.00019103897,0.6958797,2.584207e-06,0.00014967975,0.20830193
1873,inesco,mdpa,mdpa_a287.wav,Angry,177,Angry,Happy,Happy,False,False,False,0.24638996,6.858169e-08,0.0011731319,0.75222886,6.213796e-07,1.4605661e-06,0.00020594789
1874,inesco,mdpa,mdpa_a288.wav,Angry,225,Angry,Angry,Angry,True,True,False,0.9851665,0.0007312117,0.009267208,0.0020481187,4.0884505e-08,0.0025993825,0.00018757966
1875,inesco,mdpa,mdpa_a289.wav,Angry,148,Angry,Surprise,Happy,False,False,True,0.0027448048,5.3281145e-08,0.006371548,0.019784035,4.3788835e-09,7.699304e-10,0.9710996
1876,inesco,mdpa,mdpa_a290.wav,Angry,375,Angry,Happy,Happy,False,False,False,0.0040706177,2.5306901e-05,9.673089e-05,0.66082925,1.8450663e-08,5.1456072e-06,0.33497292
1877,inesco,mdpa,mdpa_a291.wav,Angry,199,Angry,Fear,Angry,False,True,True,0.30428,4.1724412e-05,0.6575174,0.019381786,5.4270345e-07,1.581033e-05,0.01876279
1878,inesco,mdpa,mdpa_a292.wav,Angry,100,Angry,Angry,Angry,True,True,False,0.9799985,2.7452093e-06,0.009736684,0.004736487,3.0084928e-05,1.3267934e-05,0.0054822387
1879,inesco,mdpa,mdpa_a293.wav,Angry,199,Angry,Fear,Angry,False,True,True,0.1820811,1.6657674e-06,0.7462474,0.07075858,4.807582e-07,0.000116944924,0.0007937631
1880,inesco,mdpa,mdpa_a294.wav,Angry,362,Angry,Happy,Happy,False,False,False,0.00010454474,0.00039794968,3.3157983e-05,0.98874474,4.16733e-08,1.4398178e-07,0.010719505
1881,inesco,mdpa,mdpa_a295.wav,Angry,353,Angry,Surprise,Angry,False,True,True,0.1592525,0.00022143238,0.0040064957,0.05629555,2.1001074e-06,4.5482637e-05,0.7801764
1882,inesco,mdpa,mdpa_a296.wav,Angry,129,Angry,Fear,Angry,False,True,True,0.22955412,4.8836885e-08,0.6286107,0.09142353,5.6760297e-07,3.9049096e-06,0.050407067
1883,inesco,mdpa,mdpa_a297.wav,Angry,93,Angry,Angry,Angry,True,True,False,0.9751279,1.5387352e-05,0.0006426016,0.0006186829,8.998002e-07,1.4430563e-05,0.023580158
1884,inesco,mdpa,mdpa_a298.wav,Angry,186,Angry,Happy,Happy,False,False,False,0.010571895,9.335338e-07,0.002573982,0.9800693,6.2810557e-07,3.6338045e-06,0.0067797187
1885,inesco,mdpa,mdpa_a299.wav,Angry,237,Angry,Angry,Angry,True,True,False,0.99008894,9.530317e-06,3.1522068e-05,0.009788817,5.988133e-07,2.808243e-06,7.762415e-05
1886,inesco,mdpa,mdpa_a300.wav,Angry,401,Angry,Surprise,Happy,False,False,True,0.018211847,0.0018642648,0.0028943387,0.031574514,6.818702e-08,2.6249247e-05,0.94542867
1887,inesco,mdpa,mdpa_a301.wav,Angry,247,Angry,Angry,Angry,True,True,False,0.97409904,0.0006924958,0.00056188257,0.015759626,1.4050822e-07,2.8913114e-06,0.0088838665
1888,inesco,mdpa,mdpa_a302.wav,Angry,353,Angry,Surprise,Happy,False,False,True,0.0017557162,0.0003973051,0.00036226917,0.07728682,2.5219398e-09,1.974062e-07,0.9201976
1889,inesco,mdpa,mdpa_a303.wav,Angry,285,Angry,Angry,Angry,True,True,False,0.8226475,4.7306035e-05,0.01833992,0.010426503,2.8106285e-08,1.7254457e-06,0.14853707
1890,inesco,mdpa,mdpa_a304.wav,Angry,154,Angry,Angry,Angry,True,True,False,0.53408337,3.371585e-08,0.0006565564,0.46506238,0.00014297882,2.3229916e-06,5.2344167e-05
1891,inesco,mdpa,mdpa_a305.wav,Angry,317,Angry,Surprise,Angry,False,True,True,0.09697995,0.0014267655,0.0052907914,0.025683068,3.6367445e-07,0.00018145838,0.8704377
1892,inesco,mdpa,mdpa_a306.wav,Angry,266,Angry,Angry,Angry,True,True,False,0.9730191,0.00014898574,0.012272169,0.013136172,1.039916e-05,0.00097295915,0.0004402509
1893,inesco,mdpa,mdpa_a307.wav,Angry,173,Angry,Angry,Angry,True,True,False,0.8833844,3.144494e-07,0.0008117426,0.1154758,3.7993887e-05,4.1634844e-06,0.0002855469
1894,inesco,mdpa,mdpa_a308.wav,Angry,247,Angry,Angry,Angry,True,True,False,0.953711,5.140235e-05,0.008018202,0.03658381,1.1933215e-06,0.00035205067,0.0012824755
1895,inesco,mdpa,mdpa_a309.wav,Angry,55,Angry,Fear,Angry,False,True,True,0.4237427,5.2437977e-06,0.556476,0.012597307,0.0003702435,0.0042459355,0.0025626032
1896,inesco,mdpa,mdpa_a310.wav,Angry,113,Angry,Angry,Angry,True,True,False,0.9994684,1.8520208e-07,0.00031233282,0.00019578719,5.0529053e-07,5.1665785e-07,2.224815e-05
1897,inesco,mdpa,mdpa_a311.wav,Angry,74,Angry,Angry,Angry,True,True,False,0.9946503,2.8140807e-06,0.003438324,0.00055018853,1.1069062e-05,7.075911e-05,0.0012765685
1898,inesco,mdpa,mdpa_a312.wav,Angry,161,Angry,Angry,Angry,True,True,False,0.97910017,2.5153437e-08,0.00047880813,0.02028459,1.2336816e-05,1.03449324e-07,0.00012405084
1899,inesco,mdpa,mdpa_a313.wav,Angry,183,Angry,Angry,Angry,True,True,False,0.9633168,7.946336e-07,3.6324416e-06,0.03662384,2.2073975e-06,2.1094696e-08,5.2670097e-05
1900,inesco,mdpa,mdpa_a314.wav,Angry,269,Angry,Happy,Happy,False,False,False,0.32088873,0.00095205975,0.12583226,0.53384763,1.0803333e-05,0.0017504948,0.01671801
1901,inesco,mdpa,mdpa_a315.wav,Angry,317,Angry,Fear,Happy,False,False,True,0.07779423,5.5213237e-05,0.6435603,0.23399025,3.070898e-06,0.00028953265,0.044307496
1902,inesco,mdpa,mdpa_a316.wav,Angry,375,Angry,Angry,Angry,True,True,False,0.98423505,9.9534445e-06,0.0003673471,0.002923263,1.854768e-07,2.4244537e-06,0.012461728
1903,inesco,mdpa,mdpa_a317.wav,Angry,337,Angry,Angry,Angry,True,True,False,0.9820503,0.014580276,8.447305e-06,0.00081925525,4.4629935e-09,0.00010381434,0.0024378323
1904,inesco,mdpa,mdpa_a318.wav,Angry,221,Angry,Angry,Angry,True,True,False,0.82347053,4.8443508e-05,0.17175886,0.0030187569,1.5891756e-06,2.1897364e-05,0.0016799966
1905,inesco,mdpa,mdpa_a319.wav,Angry,401,Angry,Angry,Angry,True,True,False,0.60484624,2.1332023e-06,0.0026722567,0.32043895,9.353305e-06,1.4761698e-06,0.07202955
1906,inesco,mdpa,mdpa_a320.wav,Angry,116,Angry,Angry,Angry,True,True,False,0.6550269,4.7917894e-07,0.1466078,0.03198065,2.1647758e-05,5.744797e-07,0.166362
1907,inesco,mdpa,mdpa_a321.wav,Angry,49,Angry,Angry,Angry,True,True,False,0.992814,1.7242475e-06,0.005642869,0.0007330513,5.755733e-07,7.16302e-06,0.00080066064
1908,inesco,mdpa,mdpa_a322.wav,Angry,65,Angry,Angry,Angry,True,True,False,0.9990652,4.6852733e-06,0.0005892113,5.3187872e-05,4.4322906e-06,0.00015964497,0.00012367623
1909,inesco,mdpa,mdpa_a323.wav,Angry,77,Angry,Angry,Angry,True,True,False,0.5617871,5.5453374e-06,0.09217207,0.057075102,2.3189017e-05,1.9674184e-05,0.28891724
1910,inesco,mdpa,mdpa_a324.wav,Angry,138,Angry,Happy,Happy,False,False,False,0.46728823,3.5079796e-07,0.00451181,0.523327,1.0686783e-05,4.229269e-05,0.0048196265
1911,inesco,mdpa,mdpa_a325.wav,Angry,129,Angry,Angry,Angry,True,True,False,0.8628362,1.2297536e-06,0.003958618,0.13256752,6.196745e-06,2.0216403e-07,0.0006300804
1912,inesco,mdpa,mdpa_a326.wav,Angry,196,Angry,Angry,Angry,True,True,False,0.6678261,4.3716354e-05,0.0071865474,0.30017322,9.9226e-06,5.93285e-05,0.024701074
1913,inesco,mdpa,mdpa_a327.wav,Angry,244,Angry,Happy,Happy,False,False,False,0.2688407,0.0011157515,0.12231565,0.56386864,2.9526768e-06,2.1921152e-05,0.043834385
1914,inesco,mdpa,mdpa_a328.wav,Angry,289,Angry,Sad,Sad,False,False,False,2.6844551e-05,0.1769861,0.000682538,0.009878103,2.1661368e-08,0.8115488,0.00087756413
1915,inesco,mdpa,mdpa_a329.wav,Angry,161,Angry,Happy,Happy,False,False,False,0.009792035,2.0701218e-07,0.42245072,0.56744534,3.5817397e-06,2.5859948e-05,0.00028225232
1916,inesco,mdpa,mdpa_a330.wav,Angry,84,Angry,Angry,Angry,True,True,False,0.9989748,2.7866844e-07,0.0009296672,8.943374e-05,1.7239397e-06,8.2608e-07,3.3293823e-06
1917,inesco,mdpa,mdpa_a331.wav,Angry,145,Angry,Happy,Happy,False,False,False,0.004387934,1.6702348e-08,0.0006393876,0.74169266,8.461715e-07,4.0857196e-07,0.25327864
1918,inesco,mdpa,mdpa_a332.wav,Angry,138,Angry,Angry,Angry,True,True,False,0.64818037,2.5533766e-06,0.33959603,0.0049879877,2.2952071e-07,7.4203336e-07,0.007232019
1919,inesco,mdpa,mdpa_a333.wav,Angry,103,Angry,Angry,Angry,True,True,False,0.47975883,4.2490633e-06,0.014161183,0.25784615,0.0024306108,0.00014681724,0.24565226
1920,inesco,mdpa,mdpa_a334.wav,Angry,196,Angry,Happy,Happy,False,False,False,0.00020225755,3.7706013e-06,0.034722824,0.9452071,8.475629e-06,6.3722844e-05,0.019791985
1921,inesco,mdpa,mdpa_a335.wav,Angry,151,Angry,Angry,Angry,True,True,False,0.9534814,2.1305445e-06,0.0005663158,0.039684806,4.9727134e-07,1.2829122e-06,0.006263629
1922,inesco,mdpa,mdpa_a336.wav,Angry,218,Angry,Angry,Angry,True,True,False,0.99920815,6.06352e-07,2.7824142e-05,0.0007532444,2.5871598e-08,7.6513096e-08,1.0116706e-05
1923,inesco,mdpa,mdpa_a337.wav,Angry,148,Angry,Angry,Angry,True,True,False,0.68766105,1.2525984e-05,0.0210032,0.10882814,0.0004215402,1.8772954e-06,0.18207157
1924,inesco,mdpa,mdpa_a338.wav,Angry,186,Angry,Angry,Angry,True,True,False,0.78183454,4.64605e-07,0.0022927087,0.21559091,2.0481562e-05,7.21951e-06,0.00025367553
1925,inesco,mdpa,mdpa_a339.wav,Angry,221,Angry,Angry,Angry,True,True,False,0.98560566,0.00043981802,0.004736204,0.00593666,1.773908e-07,2.6963141e-06,0.0032788117
1926,inesco,mdpa,mdpa_a340.wav,Angry,125,Angry,Fear,Happy,False,False,True,0.15662971,2.1617186e-06,0.5640966,0.24222575,0.000483372,0.0002706156,0.036291733
1927,inesco,mdpa,mdpa_a341.wav,Angry,221,Angry,Fear,Happy,False,False,True,0.00022582969,1.41878305e-08,0.9597369,0.040011507,7.2347405e-08,2.7873798e-06,2.2854345e-05
1928,inesco,mdpa,mdpa_a342.wav,Angry,250,Angry,Surprise,Happy,False,False,True,0.0003097716,0.00092114456,0.0005076033,0.2088066,6.1729814e-08,1.1961777e-05,0.7894428
1929,inesco,mdpa,mdpa_a343.wav,Angry,177,Angry,Happy,Happy,False,False,False,0.00011281811,2.8138138e-09,0.054277174,0.94525397,1.5149987e-05,1.0259551e-05,0.00033066026
1930,inesco,mdpa,mdpa_a344.wav,Angry,141,Angry,Angry,Angry,True,True,False,0.939509,7.2163626e-09,0.0066174488,0.053677175,2.010906e-06,2.2068711e-07,0.00019409663
1931,inesco,mdpa,mdpa_a345.wav,Angry,173,Angry,Fear,Happy,False,False,True,1.4223397e-06,2.3641158e-09,0.681717,0.24643987,1.5440426e-08,3.819662e-08,0.07184158
1932,inesco,mdpa,mdpa_a346.wav,Angry,231,Angry,Surprise,Angry,False,True,True,0.31062526,2.0693044e-05,0.1431185,0.10476271,3.408779e-05,0.000104532395,0.44133416
1933,inesco,mdpa,mdpa_a347.wav,Angry,205,Angry,Fear,Happy,False,False,True,0.008453779,0.00046552552,0.6271029,0.35416332,0.00019930922,0.005700565,0.003914632
1934,inesco,mdpa,mdpa_a348.wav,Angry,103,Angry,Angry,Angry,True,True,False,0.99879444,5.9874415e-06,0.0006516533,0.00038917392,0.00014868175,7.7061026e-07,9.2299715e-06
1935,inesco,mdpa,mdpa_a349.wav,Angry,161,Angry,Angry,Angry,True,True,False,0.96164244,2.6696446e-06,0.032696128,0.004346988,0.00016937783,1.9569907e-06,0.0011404369
1936,inesco,mdpa,mdpa_a350.wav,Angry,401,Angry,Happy,Happy,False,False,False,0.020361314,6.395505e-05,3.243278e-06,0.97689974,2.758565e-08,5.8015336e-05,0.0026136646
1937,inesco,mdpa,mdpa_a351.wav,Angry,237,Angry,Angry,Angry,True,True,False,0.9553232,0.0012884465,3.9355928e-05,0.03558822,1.3012325e-07,6.239543e-06,0.0077543734
1938,inesco,mdpa,mdpa_a352.wav,Angry,122,Angry,Happy,Happy,False,False,False,0.031829916,2.1218513e-07,0.26682952,0.6975168,0.0023611952,0.00017683876,0.0012855231
1939,inesco,mdpa,mdpa_a353.wav,Angry,263,Angry,Surprise,Angry,False,True,True,0.07606777,0.050957546,0.121640176,0.06735006,6.0473453e-06,0.00024945478,0.6837289
1940,inesco,mdpa,mdpa_a354.wav,Angry,295,Angry,Angry,Angry,True,True,False,0.9926253,0.0007849905,0.00014346163,0.005264867,4.1505956e-07,1.2589377e-05,0.0011683732
1941,inesco,mdpa,mdpa_a355.wav,Angry,260,Angry,Sad,Sad,False,False,False,0.094967216,0.15533775,4.6421055e-06,4.666761e-05,1.9242972e-07,0.74960387,3.965001e-05
1942,inesco,mdpa,mdpa_a356.wav,Angry,298,Angry,Angry,Angry,True,True,False,0.99624974,0.00029446627,0.0002941533,0.0018836336,9.3873105e-06,1.0700473e-05,0.0012580457
1943,inesco,mdpa,mdpa_a357.wav,Angry,202,Angry,Fear,Happy,False,False,True,0.00047385378,3.5743637e-06,0.5229428,0.47483888,5.394172e-05,0.00030726098,0.0013796304
1944,inesco,mdpa,mdpa_a358.wav,Angry,125,Angry,Surprise,Angry,False,True,True,0.09055826,1.1223006e-05,0.010672532,0.003691413,1.2689032e-05,9.7251366e-05,0.8949567
1945,inesco,mdpa,mdpa_a359.wav,Angry,196,Angry,Angry,Angry,True,True,False,0.9960478,3.918944e-06,0.0007166474,0.0030739354,1.0070422e-06,4.6193004e-06,0.00015210597
1946,inesco,mdpa,mdpa_a360.wav,Angry,113,Angry,Angry,Angry,True,True,False,0.99053484,1.2693342e-06,0.008936413,0.00029877518,4.9109763e-05,2.5360214e-05,0.00015413386
1947,inesco,mdpa,mdpa_a361.wav,Angry,170,Angry,Fear,Happy,False,False,True,0.061123684,3.8223512e-05,0.66013265,0.27676198,1.8354983e-06,0.0015836514,0.00035798474
1948,inesco,mdpa,mdpa_a362.wav,Angry,65,Angry,Angry,Angry,True,True,False,0.96069765,2.9517932e-05,0.022848723,0.012882751,4.875013e-05,0.0015930793,0.0018994347
1949,inesco,mdpa,mdpa_a363.wav,Angry,199,Angry,Angry,Angry,True,True,False,0.84084386,0.0002645369,0.084582075,0.007464166,3.8859477e-07,3.4217515e-05,0.06681075
1950,inesco,mdpa,mdpa_a364.wav,Angry,138,Angry,Fear,Happy,False,False,True,4.028041e-05,1.8529033e-09,0.9432714,0.0008070201,3.098039e-08,1.9055972e-09,0.05588125
1951,inesco,mdpa,mdpa_a365.wav,Angry,119,Angry,Happy,Happy,False,False,False,0.07468238,1.449442e-06,0.029721126,0.88186437,0.007203091,0.00017522184,0.0063523697
1952,inesco,mdpa,mdpa_a366.wav,Angry,167,Angry,Happy,Happy,False,False,False,0.0011127213,4.6408393e-09,0.30651173,0.69171536,4.1684766e-07,8.714206e-07,0.0006589048
1953,inesco,mdpa,mdpa_a367.wav,Angry,81,Angry,Angry,Angry,True,True,False,0.9961831,4.2820684e-06,0.002979903,0.0007639246,1.9242652e-05,3.851499e-05,1.0958029e-05
1954,inesco,mdpa,mdpa_a368.wav,Angry,170,Angry,Fear,Happy,False,False,True,0.006600845,1.1999949e-06,0.82843935,0.09542203,9.5155286e-07,0.00013331135,0.06940229
1955,inesco,mdpa,mdpa_a369.wav,Angry,173,Angry,Happy,Happy,False,False,False,0.0045558736,6.553616e-09,0.035446778,0.95402235,0.0050821686,0.00088667014,6.2050967e-06
1956,inesco,mdpa,mdpa_a370.wav,Angry,129,Angry,Happy,Happy,False,False,False,0.007854081,4.887501e-07,0.0009671787,0.9814231,0.0002742036,0.00020440687,0.009276556
1957,inesco,mdpa,mdpa_a371.wav,Angry,135,Angry,Happy,Happy,False,False,False,0.09584071,2.3587156e-06,0.17825599,0.71627426,0.004670944,1.6324182e-05,0.0049394127
1958,inesco,mdpa,mdpa_a372.wav,Angry,218,Angry,Surprise,Happy,False,False,True,0.00027236663,3.903161e-06,0.048205875,0.16103199,1.1226351e-06,3.8636805e-05,0.79044604
1959,inesco,mdpa,mdpa_a373.wav,Angry,177,Angry,Angry,Angry,True,True,False,0.9721869,2.3682935e-08,0.0040819533,0.023154095,5.508144e-06,9.745762e-05,0.00047412264
1960,inesco,mdpa,mdpa_a374.wav,Angry,81,Angry,Angry,Angry,True,True,False,0.9660453,4.5491652e-07,0.000351792,0.010795458,4.0055533e-05,7.674947e-06,0.022759212
1961,inesco,mdpa,mdpa_a375.wav,Angry,253,Angry,Surprise,Happy,False,False,True,0.0008640052,0.0068978444,0.00028129408,0.009950455,2.2541026e-06,0.004644096,0.97736007
1962,inesco,mdpa,mdpa_a376.wav,Angry,58,Angry,Angry,Angry,True,True,False,0.9884427,1.2085673e-06,0.0077426536,0.0036605669,4.6264568e-06,4.655753e-06,0.00014350805
1963,inesco,mdpa,mdpa_a377.wav,Angry,74,Angry,Angry,Angry,True,True,False,0.9253438,1.527e-05,0.009990053,0.03667242,1.643449e-05,8.995756e-05,0.027872087
1964,inesco,mdpa,mdpa_a378.wav,Angry,148,Angry,Happy,Happy,False,False,False,0.0014015201,3.2119911e-09,0.010990633,0.9727769,9.0878316e-08,7.481505e-09,0.014830904
1965,inesco,mdpa,mdpa_a379.wav,Angry,113,Angry,Surprise,Angry,False,True,True,0.08321688,1.349214e-05,0.21266785,0.020126838,1.8688907e-07,3.5433889e-06,0.6839712
1966,inesco,mdpa,mdpa_a380.wav,Angry,276,Angry,Surprise,Angry,False,True,True,0.16342926,0.00060303346,0.027676325,0.011539055,8.058017e-06,0.009484687,0.78725964
1967,inesco,mdpa,mdpa_a381.wav,Angry,132,Angry,Angry,Angry,True,True,False,0.6257679,6.059569e-07,0.0006725758,0.37299266,0.00034661638,1.14265e-06,0.00021851057
1968,inesco,mdpa,mdpa_a382.wav,Angry,145,Angry,Surprise,Happy,False,False,True,0.00036442836,7.760578e-07,0.0041401414,0.23199464,3.529475e-07,8.110383e-07,0.7634989
1969,inesco,mdpa,mdpa_a383.wav,Angry,103,Angry,Angry,Angry,True,True,False,0.9982351,4.6845776e-06,0.0004706265,0.0007144417,0.00014525841,8.33225e-05,0.00034653253
1970,inesco,mdpa,mdpa_a384.wav,Angry,106,Angry,Angry,Angry,True,True,False,0.946652,2.07215e-05,0.0054861708,0.0198535,1.7218155e-05,3.7005418e-06,0.027966551
1971,inesco,mdpa,mdpa_a385.wav,Angry,103,Angry,Angry,Angry,True,True,False,0.89331484,2.4672902e-06,0.05729538,0.048780244,0.00017011247,1.8180388e-05,0.00041883998
1972,inesco,mdpa,mdpa_a386.wav,Angry,93,Angry,Angry,Angry,True,True,False,0.99403,2.7639908e-05,0.00079344254,0.004473359,7.688093e-06,5.32825e-05,0.00061475433
1973,inesco,mdpa,mdpa_a387.wav,Angry,362,Angry,Surprise,Happy,False,False,True,0.0004240456,6.3486386e-06,0.006009756,0.21180041,4.4047695e-07,1.9854555e-05,0.7817391
1974,inesco,mdpa,mdpa_a388.wav,Angry,55,Angry,Angry,Angry,True,True,False,0.9986539,3.3459248e-06,0.00015897787,0.00112712,1.0258848e-05,5.8704773e-06,4.059551e-05
1975,inesco,mdpa,mdpa_a389.wav,Angry,65,Angry,Angry,Angry,True,True,False,0.99876237,1.6993829e-06,0.0011296922,7.486314e-05,2.9588282e-06,1.7132463e-05,1.140041e-05
1976,inesco,mdpa,mdpa_a390.wav,Angry,49,Angry,Angry,Angry,True,True,False,0.99967504,4.4694007e-06,5.2114166e-05,0.00020518668,1.3827143e-07,5.1066017e-08,6.301396e-05
1977,inesco,mdpa,mdpa_a391.wav,Angry,39,Angry,Angry,Angry,True,True,False,0.97974694,8.5775595e-05,0.01703971,0.000565967,1.8107461e-05,0.0025371036,6.5056374e-06
1978,inesco,mdpa,mdpa_a392.wav,Angry,39,Angry,Angry,Angry,True,True,False,0.97026205,9.303203e-07,0.013158666,0.01633606,0.00010281085,0.00013005028,9.491132e-06
1979,inesco,mdpa,mdpa_a393.wav,Angry,103,Angry,Happy,Happy,False,False,False,0.11993446,4.1706872e-07,0.0050791646,0.8741241,0.00013765783,5.2632106e-05,0.0006715305
1980,inesco,mdpa,mdpa_a394.wav,Angry,151,Angry,Angry,Angry,True,True,False,0.9879864,6.8874544e-07,0.00058304035,0.011082855,1.711277e-05,3.224276e-07,0.00032956534
1981,inesco,mdpa,mdpa_a395.wav,Angry,97,Angry,Angry,Angry,True,True,False,0.9993563,1.3195609e-07,4.356884e-05,0.0005648051,8.4469497e-07,5.4126172e-08,3.429248e-05
1982,inesco,mdpa,mdpa_a396.wav,Angry,173,Angry,Fear,Happy,False,False,True,0.0020122663,1.1506114e-05,0.7065889,0.18382463,0.0006453705,0.100497104,0.0064202277
1983,inesco,mdpa,mdpa_a397.wav,Angry,52,Angry,Angry,Angry,True,True,False,0.9947826,1.1904999e-06,0.0009263789,0.0027159867,1.5721726e-07,1.172716e-06,0.0015724353
1984,inesco,mdpa,mdpa_a398.wav,Angry,52,Angry,Angry,Angry,True,True,False,0.9989108,2.1111655e-06,0.00071662216,0.000326931,9.3099385e-07,1.2329484e-05,3.018338e-05
1985,inesco,mdpa,mdpa_a399.wav,Angry,401,Angry,Happy,Happy,False,False,False,0.00856639,9.098026e-07,0.032756083,0.9527824,1.8035604e-07,4.5485638e-05,0.0058486094
1986,inesco,mdpa,mdpa_a400.wav,Angry,205,Angry,Happy,Happy,False,False,False,0.00239029,1.5748931e-06,0.4843501,0.5078916,4.442491e-05,0.0045694746,0.000752555
1987,inesco,mdpa,mdpa_a401.wav,Angry,157,Angry,Angry,Angry,True,True,False,0.48117617,1.5240337e-06,0.45889592,0.059278984,3.7555296e-06,1.581914e-05,0.00062779407
1988,inesco,mdpa,mdpa_h001.wav,Happy,196,Happy,Angry,Angry,False,False,False,0.47318098,0.00034098263,0.08069426,0.4448783,0.00017665105,0.0005201301,0.00020881466
1989,inesco,mdpa,mdpa_h002.wav,Happy,167,Happy,Surprise,Happy,False,True,True,2.1761287e-05,1.3648925e-05,0.00074269064,0.032644685,2.3580382e-08,2.8510138e-07,0.9665768
1990,inesco,mdpa,mdpa_h003.wav,Happy,289,Happy,Angry,Angry,False,False,False,0.99983144,2.8932169e-05,3.2795401e-06,3.8957965e-05,5.499628e-08,6.8557034e-05,2.8745946e-05
1991,inesco,mdpa,mdpa_h004.wav,Happy,129,Happy,Fear,Angry,False,False,True,0.40363163,9.3390355e-07,0.4100226,0.16343617,0.018992908,0.00034477562,0.0035710218
1992,inesco,mdpa,mdpa_h005.wav,Happy,167,Happy,Surprise,Sad,False,False,True,7.866569e-05,0.0023089314,0.11959474,0.013678323,3.7720965e-05,0.020308083,0.84399354
1993,inesco,mdpa,mdpa_h006.wav,Happy,183,Happy,Happy,Happy,True,True,False,0.0030850556,0.0002780265,8.41289e-05,0.79551893,0.00038382792,0.1904801,0.010169952
1994,inesco,mdpa,mdpa_h007.wav,Happy,164,Happy,Happy,Happy,True,True,False,9.18452e-05,4.8445752e-05,0.17239456,0.42522392,0.3453227,0.011342481,0.04557602
1995,inesco,mdpa,mdpa_h008.wav,Happy,279,Happy,Neutral,Sad,False,False,True,0.002951329,0.006922985,0.000357635,0.0063374243,0.95750594,0.02563774,0.00028684863
1996,inesco,mdpa,mdpa_h009.wav,Happy,157,Happy,Fear,Angry,False,False,True,1.9972851e-05,1.4818158e-06,0.99643,3.0331817e-06,3.1354368e-06,5.7267453e-08,0.0035422484
1997,inesco,mdpa,mdpa_h010.wav,Happy,205,Happy,Happy,Happy,True,True,False,0.40250865,0.00024463478,0.009312745,0.50722706,0.065834835,0.01431739,0.0005546606
1998,inesco,mdpa,mdpa_h011.wav,Happy,180,Happy,Angry,Angry,False,False,False,0.39954248,0.021961916,0.25899637,0.10616933,0.048294414,0.0009574741,0.16407804
1999,inesco,mdpa,mdpa_h012.wav,Happy,247,Happy,Angry,Angry,False,False,False,0.9919045,0.0035659827,0.00080742565,0.0018258658,1.2057243e-05,0.00028237706,0.0016017131
2000,inesco,mdpa,mdpa_h013.wav,Happy,298,Happy,Angry,Angry,False,False,False,0.47555125,0.0010035718,0.013363067,0.46707785,0.014869657,0.026250277,0.0018842354
2001,inesco,mdpa,mdpa_h014.wav,Happy,301,Happy,Surprise,Angry,False,False,True,0.26008514,0.02227724,0.004391323,0.011887322,1.4570574e-05,4.0482006e-05,0.7013039
2002,inesco,mdpa,mdpa_h015.wav,Happy,145,Happy,Surprise,Happy,False,True,True,0.0001893561,8.865192e-06,0.19949941,0.00028776293,1.0106362e-06,1.039027e-05,0.8000031
2003,inesco,mdpa,mdpa_h016.wav,Happy,260,Happy,Surprise,Sad,False,False,True,0.17635868,0.021541849,0.22311264,0.11069613,0.00093413633,0.22437553,0.24298103
2004,inesco,mdpa,mdpa_h017.wav,Happy,247,Happy,Sad,Sad,False,False,False,0.139125,0.07755891,0.033262327,0.01243963,0.00010348375,0.73581815,0.0016925188
2005,inesco,mdpa,mdpa_h018.wav,Happy,324,Happy,Surprise,Sad,False,False,True,0.007887776,0.0817307,0.15003802,0.082425445,0.0008033923,0.18041843,0.49669626
2006,inesco,mdpa,mdpa_h019.wav,Happy,282,Happy,Disgust,Angry,False,False,True,0.062419094,0.9361985,1.0632302e-05,2.9519547e-06,6.222168e-05,0.0012796468,2.6900718e-05
2007,inesco,mdpa,mdpa_h020.wav,Happy,260,Happy,Angry,Angry,False,False,False,0.5405004,0.037309356,0.019746736,0.077270634,0.006429947,0.29445055,0.024292378
2008,inesco,mdpa,mdpa_h021.wav,Happy,372,Happy,Angry,Angry,False,False,False,0.72621006,0.0012821658,0.00016035198,0.27092588,3.441099e-06,9.304431e-05,0.0013249846
2009,inesco,mdpa,mdpa_h022.wav,Happy,276,Happy,Angry,Angry,False,False,False,0.9962603,0.0020103725,5.223032e-06,0.0009199295,0.00017088019,0.0006250031,8.305411e-06
2010,inesco,mdpa,mdpa_h023.wav,Happy,279,Happy,Sad,Sad,False,False,False,0.0020551847,0.032270774,0.00022746802,0.00010527654,4.4027247e-06,0.96329445,0.002042486
2011,inesco,mdpa,mdpa_h024.wav,Happy,218,Happy,Happy,Happy,True,True,False,0.009910659,0.009120168,0.06708328,0.86683613,0.00020647215,0.037350476,0.009492853
2012,inesco,mdpa,mdpa_h025.wav,Happy,266,Happy,Angry,Angry,False,False,False,0.8925842,0.10209423,0.0008030316,0.00032117247,2.4900666e-07,0.003267753,0.00092946267
2013,inesco,mdpa,mdpa_h026.wav,Happy,282,Happy,Angry,Angry,False,False,False,0.5835787,0.001115827,0.092869826,0.2633394,0.001220325,0.009146265,0.04872966
2014,inesco,mdpa,mdpa_h027.wav,Happy,228,Happy,Happy,Happy,True,True,False,0.082140684,0.0019565837,0.007232783,0.9044942,0.00063781714,0.0013170841,0.002220752
2015,inesco,mdpa,mdpa_h028.wav,Happy,196,Happy,Happy,Happy,True,True,False,0.0016310355,0.076104596,0.04917735,0.8623867,0.001437398,0.009066602,0.00019627275
2016,inesco,mdpa,mdpa_h029.wav,Happy,343,Happy,Surprise,Angry,False,False,True,0.1909179,0.0063198074,7.693526e-05,0.04108993,4.171719e-05,3.1345414e-06,0.7615506
2017,inesco,mdpa,mdpa_h030.wav,Happy,253,Happy,Surprise,Happy,False,True,True,0.0007704445,0.018788787,0.05460063,0.21542455,2.4949622e-05,0.024891036,0.6854996
2018,inesco,mdpa,mdpa_h031.wav,Happy,401,Happy,Happy,Happy,True,True,False,0.12613155,0.00048451498,0.020667676,0.5739243,0.12019567,0.15755422,0.0010420993
2019,inesco,mdpa,mdpa_h032.wav,Happy,324,Happy,Angry,Angry,False,False,False,0.867021,0.11814706,1.5409127e-05,0.0017087349,0.0073992247,0.0022946945,0.0034138882
2020,inesco,mdpa,mdpa_h033.wav,Happy,298,Happy,Disgust,Sad,False,False,True,0.019439124,0.8981842,0.00010354908,0.00036949088,6.9228026e-06,0.07838323,0.003513499
2021,inesco,mdpa,mdpa_h034.wav,Happy,295,Happy,Angry,Angry,False,False,False,0.94193876,0.05204549,1.5961781e-05,0.00030708962,1.6783297e-05,0.0056412905,3.4547385e-05
2022,inesco,mdpa,mdpa_h035.wav,Happy,330,Happy,Surprise,Angry,False,False,True,0.08526539,0.008936809,0.0003434095,0.0043176473,0.0013604996,0.017901177,0.88187504
2023,inesco,mdpa,mdpa_h036.wav,Happy,401,Happy,Happy,Happy,True,True,False,0.008412466,0.0006202842,0.19765803,0.76294774,0.015545759,0.005477681,0.00933802
2024,inesco,mdpa,mdpa_h037.wav,Happy,391,Happy,Surprise,Happy,False,True,True,0.025332188,1.3966323e-05,0.0007298879,0.26780102,4.867885e-06,7.1434064e-05,0.70604664
2025,inesco,mdpa,mdpa_h038.wav,Happy,401,Happy,Happy,Happy,True,True,False,0.031982098,0.0017800084,0.014215704,0.92426246,0.0004739456,0.004535817,0.022749959
2026,inesco,mdpa,mdpa_h039.wav,Happy,349,Happy,Angry,Angry,False,False,False,0.6990744,8.245966e-05,0.0044943416,0.05958676,1.693513e-05,0.00021213079,0.23653305
2027,inesco,mdpa,mdpa_h040.wav,Happy,401,Happy,Surprise,Sad,False,False,True,0.00028315952,1.3017792e-05,0.17931509,0.031710993,0.00026156515,0.06095016,0.72746605
2028,inesco,mdpa,mdpa_h041.wav,Happy,135,Happy,Surprise,Happy,False,True,True,3.699069e-05,5.1061115e-09,0.051368643,0.010091637,5.5494684e-08,1.0320317e-08,0.93850255
2029,inesco,mdpa,mdpa_h042.wav,Happy,260,Happy,Angry,Angry,False,False,False,0.4621055,0.015905607,0.19329903,0.20064265,0.00032967853,0.03645296,0.091264516
2030,inesco,mdpa,mdpa_h043.wav,Happy,401,Happy,Fear,Sad,False,False,True,0.012180234,0.007883065,0.47648272,0.029195243,0.0016625178,0.4006752,0.07192108
2031,inesco,mdpa,mdpa_h044.wav,Happy,321,Happy,Happy,Happy,True,True,False,0.4054148,0.0029317772,0.00036476098,0.56702375,0.0002926373,0.0006233274,0.02334894
2032,inesco,mdpa,mdpa_h045.wav,Happy,346,Happy,Neutral,Sad,False,False,True,0.038704656,0.00016874103,0.0028064859,0.072419286,0.49752253,0.38587543,0.0025028384
2033,inesco,mdpa,mdpa_h046.wav,Happy,250,Happy,Sad,Sad,False,False,False,0.020937763,0.15735593,0.0025282137,0.15109755,0.00036739136,0.6667039,0.0010092858
2034,inesco,mdpa,mdpa_h047.wav,Happy,183,Happy,Fear,Happy,False,True,True,0.00043881327,4.0811166e-05,0.45759642,0.18231507,0.012685431,9.0541624e-05,0.346833
2035,inesco,mdpa,mdpa_h048.wav,Happy,209,Happy,Fear,Sad,False,False,True,0.0406927,0.0048039006,0.43737575,0.13691792,0.18895832,0.1469627,0.044288754
2036,inesco,mdpa,mdpa_h049.wav,Happy,215,Happy,Angry,Angry,False,False,False,0.94477034,0.0018913416,0.0020777949,0.008841065,0.021919724,0.020462897,3.6937974e-05
2037,inesco,mdpa,mdpa_h050.wav,Happy,164,Happy,Surprise,Happy,False,True,True,0.0011611796,3.396746e-05,0.2847976,0.01050908,2.0371826e-06,7.169012e-07,0.7034953
2038,inesco,mdpa,mdpa_h051.wav,Happy,401,Happy,Angry,Angry,False,False,False,0.48091865,0.12177536,0.0014151683,0.05025664,0.024766795,0.25486448,0.06600292
2039,inesco,mdpa,mdpa_h052.wav,Happy,401,Happy,Happy,Happy,True,True,False,0.08073307,2.9652301e-05,0.0045363023,0.89791983,0.0012353294,0.0034563988,0.0120894015
2040,inesco,mdpa,mdpa_h053.wav,Happy,401,Happy,Angry,Angry,False,False,False,0.8649194,0.00038965364,0.0187135,0.046432097,0.05347659,0.015241821,0.00082692417
2041,inesco,mdpa,mdpa_h054.wav,Happy,289,Happy,Angry,Angry,False,False,False,0.67739,0.002327782,0.010180754,0.24888979,0.00067869347,0.002222412,0.058310553
2042,inesco,mdpa,mdpa_h055.wav,Happy,401,Happy,Angry,Angry,False,False,False,0.82178754,0.0006356025,0.00022106226,0.03486191,0.016262671,0.1261815,4.9672053e-05
2043,inesco,mdpa,mdpa_h056.wav,Happy,346,Happy,Angry,Angry,False,False,False,0.72003436,0.07469701,0.0005281362,0.002073853,0.04753309,0.14919381,0.005939703
2044,inesco,mdpa,mdpa_h057.wav,Happy,212,Happy,Angry,Angry,False,False,False,0.95971197,0.00010228187,0.008037003,0.028315013,0.00028392643,2.0640364e-05,0.0035291791
2045,inesco,mdpa,mdpa_h058.wav,Happy,340,Happy,Angry,Angry,False,False,False,0.9900836,0.003810656,0.00095762016,0.00085712294,4.6814283e-05,0.00067225454,0.0035718973
2046,inesco,mdpa,mdpa_h059.wav,Happy,282,Happy,Angry,Angry,False,False,False,0.69189256,0.007488801,0.02381596,0.0070160525,0.100388125,0.16926968,0.00012878868
2047,inesco,mdpa,mdpa_h060.wav,Happy,346,Happy,Happy,Happy,True,True,False,0.22331057,0.00041487074,0.0016119181,0.77334666,0.00039258125,0.00034447762,0.00057885726
2048,inesco,mdpa,mdpa_h061.wav,Happy,125,Happy,Fear,Happy,False,True,True,0.0018093571,1.03211705e-05,0.5895885,0.073843524,0.056631483,8.6739296e-05,0.27803013
2049,inesco,mdpa,mdpa_h062.wav,Happy,282,Happy,Neutral,Happy,False,True,True,0.10548362,0.0015028393,0.06935551,0.23545769,0.5493078,0.0043758377,0.03451665
2050,inesco,mdpa,mdpa_h063.wav,Happy,260,Happy,Happy,Happy,True,True,False,0.2086035,0.0014389533,0.0028212124,0.73452336,0.0004883328,0.04414013,0.007984516
2051,inesco,mdpa,mdpa_h064.wav,Happy,225,Happy,Neutral,Angry,False,False,True,0.14735955,0.00014262905,0.0012083475,0.027755976,0.8229318,0.00031476942,0.00028698906
2052,inesco,mdpa,mdpa_h065.wav,Happy,308,Happy,Neutral,Happy,False,True,True,0.0027032834,0.00015795241,0.15880138,0.021727925,0.81409365,0.00019305396,0.0023228142
2053,inesco,mdpa,mdpa_h066.wav,Happy,305,Happy,Sad,Sad,False,False,False,0.0028666002,0.022140663,0.00027776594,0.0017442853,0.0023713547,0.97011966,0.0004797098
2054,inesco,mdpa,mdpa_h067.wav,Happy,401,Happy,Angry,Angry,False,False,False,0.72805816,0.002656172,0.0006215909,0.012905612,0.0066567864,0.13271162,0.11639011
2055,inesco,mdpa,mdpa_h068.wav,Happy,346,Happy,Happy,Happy,True,True,False,0.0030238575,0.0006448598,0.0064381366,0.5053125,2.1745906e-05,0.0054725986,0.47908628
2056,inesco,mdpa,mdpa_h069.wav,Happy,324,Happy,Sad,Sad,False,False,False,0.001321799,0.0002569495,1.1250237e-05,0.015045684,0.0010342305,0.9823199,1.0135865e-05
2057,inesco,mdpa,mdpa_h070.wav,Happy,359,Happy,Happy,Happy,True,True,False,0.1061718,6.486175e-05,0.0042903516,0.86730576,6.5046306e-06,0.00031049218,0.021850316
2058,inesco,mdpa,mdpa_h071.wav,Happy,276,Happy,Sad,Sad,False,False,False,0.1744066,0.007987471,0.0067150467,0.012398746,0.041314043,0.7558172,0.0013609516
2059,inesco,mdpa,mdpa_h072.wav,Happy,244,Happy,Angry,Angry,False,False,False,0.8361098,0.019026995,0.0027229474,0.0017162331,0.003457588,0.1212432,0.015723232
2060,inesco,mdpa,mdpa_h073.wav,Happy,141,Happy,Fear,Happy,False,True,True,0.00018899905,1.5990556e-05,0.56827533,0.008981244,0.41638047,0.0018932385,0.004264738
2061,inesco,mdpa,mdpa_h074.wav,Happy,244,Happy,Angry,Angry,False,False,False,0.74960923,0.00088047975,0.0068273004,0.09993164,0.018950423,0.12285992,0.000941005
2062,inesco,mdpa,mdpa_h075.wav,Happy,205,Happy,Happy,Happy,True,True,False,0.087690726,0.00033909047,0.00080964726,0.7504138,0.15314697,0.0075341547,6.557483e-05
2063,inesco,mdpa,mdpa_h076.wav,Happy,225,Happy,Angry,Angry,False,False,False,0.92444694,0.022227261,0.017268417,0.033655696,0.0017996174,0.00038276077,0.00021934733
2064,inesco,mdpa,mdpa_h077.wav,Happy,205,Happy,Happy,Happy,True,True,False,0.055786263,4.6030086e-06,0.0010410085,0.8350484,0.09888234,3.7705002e-05,0.0091996025
2065,inesco,mdpa,mdpa_h078.wav,Happy,199,Happy,Happy,Happy,True,True,False,0.0375841,0.0004943186,0.08274727,0.8267553,0.016500693,0.00021344298,0.03570483
2066,inesco,mdpa,mdpa_h079.wav,Happy,401,Happy,Sad,Sad,False,False,False,0.13769002,0.30364892,4.4592314e-05,0.004706268,0.12051129,0.43241715,0.0009817361
2067,inesco,mdpa,mdpa_h080.wav,Happy,375,Happy,Surprise,Happy,False,True,True,0.0058275084,9.361822e-05,0.052776378,0.46411517,2.5122908e-05,0.0013946049,0.47576755
2068,inesco,mdpa,mdpa_h081.wav,Happy,308,Happy,Angry,Angry,False,False,False,0.8812536,0.0041461936,0.03744292,0.04474534,0.004866751,0.006565053,0.020980172
2069,inesco,mdpa,mdpa_h082.wav,Happy,327,Happy,Angry,Angry,False,False,False,0.77403164,2.7234853e-05,0.0012203221,0.21862355,0.004248265,0.000121589605,0.0017274858
2070,inesco,mdpa,mdpa_h083.wav,Happy,401,Happy,Angry,Angry,False,False,False,0.5394724,0.006997285,0.0016290459,0.43041942,0.0012463438,0.005677574,0.014557957
2071,inesco,mdpa,mdpa_h084.wav,Happy,234,Happy,Happy,Happy,True,True,False,0.0062195826,0.005400025,0.0011752616,0.96969956,0.015559802,0.0017620755,0.00018366703
2072,inesco,mdpa,mdpa_h085.wav,Happy,337,Happy,Happy,Happy,True,True,False,0.23645452,8.192142e-05,0.0048773154,0.64220035,0.000331978,0.0016583032,0.11439556
2073,inesco,mdpa,mdpa_h086.wav,Happy,247,Happy,Disgust,Angry,False,False,True,0.24732974,0.60688454,0.0060830703,0.06637512,0.014146099,0.045212593,0.013968784
2074,inesco,mdpa,mdpa_h087.wav,Happy,244,Happy,Angry,Angry,False,False,False,0.5685882,0.012173709,0.020381324,0.03990915,0.08349264,0.025327345,0.25012758
2075,inesco,mdpa,mdpa_h088.wav,Happy,285,Happy,Disgust,Angry,False,False,True,0.36004683,0.63339674,2.2223927e-05,0.00035368145,0.00022073124,0.001988787,0.00397103
2076,inesco,mdpa,mdpa_h089.wav,Happy,401,Happy,Happy,Happy,True,True,False,0.26127118,2.0880198e-05,2.0951647e-05,0.72400856,0.00046543434,0.014031451,0.00018152375
2077,inesco,mdpa,mdpa_h090.wav,Happy,212,Happy,Neutral,Sad,False,False,True,3.6619012e-06,1.5967894e-06,1.0694359e-06,1.3631297e-06,0.999826,0.00016553295,7.162195e-07
2078,inesco,mdpa,mdpa_h091.wav,Happy,343,Happy,Sad,Sad,False,False,False,0.003010927,0.030186964,0.0014024744,0.019393805,8.013288e-06,0.9418916,0.0041062967
2079,inesco,mdpa,mdpa_h092.wav,Happy,186,Happy,Neutral,Happy,False,True,True,8.242262e-05,1.6700452e-07,9.582209e-06,0.0010121627,0.9987721,3.3886103e-05,8.963024e-05
2080,inesco,mdpa,mdpa_h093.wav,Happy,292,Happy,Angry,Angry,False,False,False,0.95841986,0.0004989861,0.0001681556,0.026369575,0.012035588,0.0018256436,0.00068223383
2081,inesco,mdpa,mdpa_h094.wav,Happy,397,Happy,Neutral,Happy,False,True,True,0.120754935,0.0011359339,0.083128676,0.28095388,0.40348414,0.042146742,0.06839566
2082,inesco,mdpa,mdpa_h095.wav,Happy,253,Happy,Angry,Angry,False,False,False,0.991744,0.00029779924,0.0005749654,0.0054029617,6.963696e-05,0.0002466035,0.0016639968
2083,inesco,mdpa,mdpa_h096.wav,Happy,266,Happy,Angry,Angry,False,False,False,0.889885,0.008124156,0.00014377493,0.078890435,1.4422559e-05,0.012611988,0.010330327
2084,inesco,mdpa,mdpa_h097.wav,Happy,237,Happy,Angry,Angry,False,False,False,0.862754,0.041222896,0.001481447,0.0025278262,0.08728839,0.0016542559,0.0030711975
2085,inesco,mdpa,mdpa_h098.wav,Happy,401,Happy,Sad,Sad,False,False,False,0.096066,0.001837911,0.00744941,0.0225488,0.019609042,0.58915746,0.26333132
2086,inesco,mdpa,mdpa_h099.wav,Happy,122,Happy,Happy,Happy,True,True,False,0.035501707,1.9723288e-06,0.022458734,0.9313977,0.0025660952,3.8920367e-05,0.0080348905
2087,inesco,mdpa,mdpa_h100.wav,Happy,189,Happy,Angry,Angry,False,False,False,0.5728583,0.0015397897,0.029575879,0.3941593,0.0006086581,0.0001528247,0.0011052657
2088,inesco,mdpa,mdpa_h101.wav,Happy,212,Happy,Angry,Angry,False,False,False,0.90761155,0.0002706291,0.017476019,0.05017162,0.020780398,0.0018833743,0.0018064319
2089,inesco,mdpa,mdpa_h102.wav,Happy,199,Happy,Neutral,Happy,False,True,True,0.013816353,0.00021479487,0.008565856,0.04515428,0.9133128,0.018697482,0.00023840151
2090,inesco,mdpa,mdpa_h103.wav,Happy,324,Happy,Happy,Happy,True,True,False,0.136092,0.0005558483,0.017262338,0.6992169,0.12431073,0.0049158274,0.017646302
2091,inesco,mdpa,mdpa_h104.wav,Happy,401,Happy,Happy,Happy,True,True,False,0.32405984,0.000121753896,0.00077407726,0.54595226,0.089407295,0.032877684,0.0068070707
2092,inesco,mdpa,mdpa_h105.wav,Happy,221,Happy,Neutral,Sad,False,False,True,0.0010147103,3.181808e-06,8.293185e-05,0.00050536747,0.95664316,0.041737735,1.28615475e-05
2093,inesco,mdpa,mdpa_h106.wav,Happy,263,Happy,Happy,Happy,True,True,False,0.0010400476,6.2716914e-05,0.0423314,0.5441624,0.017449684,0.3948139,0.00013989733
2094,inesco,mdpa,mdpa_h107.wav,Happy,353,Happy,Happy,Happy,True,True,False,0.05123674,0.002397505,0.0750114,0.56987816,0.014738283,0.05716936,0.2295685
2095,inesco,mdpa,mdpa_h108.wav,Happy,401,Happy,Sad,Sad,False,False,False,0.33597392,0.0006975225,0.07862802,0.15850465,0.0732304,0.3528616,0.00010390819
2096,inesco,mdpa,mdpa_h109.wav,Happy,247,Happy,Angry,Angry,False,False,False,0.6039092,0.0078034545,0.12758005,0.12524225,0.06006845,0.061004415,0.014392149
2097,inesco,mdpa,mdpa_h110.wav,Happy,308,Happy,Surprise,Angry,False,False,True,0.3296281,0.0074071726,0.007380469,0.0098578995,0.00026246734,0.001147445,0.64431643
2098,inesco,mdpa,mdpa_h111.wav,Happy,365,Happy,Angry,Angry,False,False,False,0.93006927,5.067529e-06,1.52094535e-05,0.044238437,0.01991653,0.0009389075,0.004816545
2099,inesco,mdpa,mdpa_h112.wav,Happy,401,Happy,Happy,Happy,True,True,False,0.47158954,0.00278375,4.9306804e-05,0.51167613,0.0005503707,0.0022822437,0.011068698
2100,inesco,mdpa,mdpa_h113.wav,Happy,401,Happy,Happy,Happy,True,True,False,0.28322488,8.7928015e-08,1.4006627e-05,0.7164937,1.9513013e-06,2.7199385e-05,0.00023820066
2101,inesco,mdpa,mdpa_h114.wav,Happy,231,Happy,Disgust,Sad,False,False,True,0.13118114,0.4826936,0.06388631,0.077761054,0.080749676,0.1629454,0.0007828292
2102,inesco,mdpa,mdpa_h115.wav,Happy,369,Happy,Sad,Sad,False,False,False,0.002912515,0.0059689563,0.0068044695,0.223352,0.0052230796,0.7436134,0.0121255545
2103,inesco,mdpa,mdpa_h116.wav,Happy,138,Happy,Happy,Happy,True,True,False,0.160108,6.519785e-06,0.1819526,0.5782904,0.011620929,9.9504825e-05,0.06792198
2104,inesco,mdpa,mdpa_h117.wav,Happy,173,Happy,Happy,Happy,True,True,False,0.0003902431,0.00019768205,0.2781383,0.4335063,0.012692954,0.00048613435,0.27458832
2105,inesco,mdpa,mdpa_h118.wav,Happy,247,Happy,Happy,Happy,True,True,False,0.006701472,0.0018722782,0.014892254,0.65991336,0.10446291,0.21028203,0.0018756497
2106,inesco,mdpa,mdpa_h119.wav,Happy,260,Happy,Surprise,Happy,False,True,True,0.008539788,0.00015501543,0.030909646,0.36377126,0.0017607932,0.001383798,0.59347963
2107,inesco,mdpa,mdpa_h120.wav,Happy,346,Happy,Angry,Angry,False,False,False,0.9821438,0.0006581318,4.664884e-06,0.00918989,3.4708157e-06,2.50967e-07,0.007999742
2108,inesco,mdpa,mdpa_h121.wav,Happy,212,Happy,Angry,Angry,False,False,False,0.8730574,0.02563413,0.0055210716,0.09006081,0.0011028246,0.0016614583,0.0029622568
2109,inesco,mdpa,mdpa_h122.wav,Happy,209,Happy,Neutral,Sad,False,False,True,7.1919596e-05,0.0013430887,0.00085851573,0.009367337,0.94829553,0.040051755,1.1885325e-05
2110,inesco,mdpa,mdpa_h123.wav,Happy,330,Happy,Neutral,Sad,False,False,True,0.0887116,0.009173133,0.00027800407,9.602882e-05,0.46495453,0.4328375,0.0039492045
2111,inesco,mdpa,mdpa_h124.wav,Happy,308,Happy,Angry,Angry,False,False,False,0.9750167,0.0012087184,0.0005749639,0.017533695,0.0042837383,0.0004086379,0.0009735087
2112,inesco,mdpa,mdpa_h125.wav,Happy,138,Happy,Fear,Angry,False,False,True,0.108094916,8.125488e-06,0.88357157,0.0002883186,0.0080063725,1.5186985e-05,1.5518399e-05
2113,inesco,mdpa,mdpa_h126.wav,Happy,343,Happy,Angry,Angry,False,False,False,0.78613234,0.000116617404,0.009310425,0.056318197,0.1449416,0.0026828425,0.0004979815
2114,inesco,mdpa,mdpa_h127.wav,Happy,253,Happy,Disgust,Sad,False,False,True,0.004598872,0.79945695,8.72774e-06,0.0007330742,0.096642934,0.0974793,0.0010801451
2115,inesco,mdpa,mdpa_h128.wav,Happy,276,Happy,Happy,Happy,True,True,False,0.37379006,0.0001803993,0.02334183,0.46963042,6.450937e-05,0.00046339055,0.13252933
2116,inesco,mdpa,mdpa_h129.wav,Happy,189,Happy,Fear,Happy,False,True,True,0.044065274,0.0016811463,0.62792695,0.16931005,0.1470294,0.00011321391,0.00987401
2117,inesco,mdpa,mdpa_h130.wav,Happy,170,Happy,Neutral,Angry,False,False,True,0.099017076,0.000111031644,0.09064914,0.021355165,0.7719626,0.016707683,0.00019733178
2118,inesco,mdpa,mdpa_h131.wav,Happy,164,Happy,Angry,Angry,False,False,False,0.9288433,0.000118417396,0.0066129765,0.054431632,0.00803202,0.00084677985,0.0011148176
2119,inesco,mdpa,mdpa_h132.wav,Happy,269,Happy,Angry,Angry,False,False,False,0.984681,0.00043308033,0.00027158498,0.014064647,0.00019108044,0.0001680134,0.00019066759
2120,inesco,mdpa,mdpa_h133.wav,Happy,221,Happy,Neutral,Sad,False,False,True,0.00012775832,0.00031738196,0.0002481897,4.0596613e-05,0.9971992,0.0005649679,0.0015018872
2121,inesco,mdpa,mdpa_h134.wav,Happy,401,Happy,Happy,Happy,True,True,False,0.3546214,0.013784465,0.0072714523,0.5694003,0.008060529,0.037019998,0.009841844
2122,inesco,mdpa,mdpa_h135.wav,Happy,301,Happy,Angry,Angry,False,False,False,0.49172816,0.05396057,0.00043608196,0.052361213,0.31000233,0.04976379,0.04174789
2123,inesco,mdpa,mdpa_h136.wav,Happy,253,Happy,Disgust,Happy,False,True,True,0.22052157,0.34310225,0.002656463,0.32547835,0.005655974,0.00053382263,0.10205163
2124,inesco,mdpa,mdpa_h137.wav,Happy,97,Happy,Fear,Angry,False,False,True,0.012205934,8.4121475e-06,0.7986265,0.003700181,1.539297e-06,6.0079965e-05,0.18539734
2125,inesco,mdpa,mdpa_h138.wav,Happy,193,Happy,Angry,Angry,False,False,False,0.97292364,2.144817e-05,1.094801e-05,0.027011769,1.1564087e-05,8.806627e-06,1.18021135e-05
2126,inesco,mdpa,mdpa_h139.wav,Happy,180,Happy,Happy,Happy,True,True,False,0.0151786525,0.00035424787,0.43354803,0.52398926,0.007674219,0.018622436,0.0006331445
2127,inesco,mdpa,mdpa_h140.wav,Happy,167,Happy,Happy,Happy,True,True,False,4.2868915e-06,2.99051e-08,0.0005988729,0.9875172,0.008023659,0.003854073,1.8848774e-06
2128,inesco,mdpa,mdpa_h141.wav,Happy,215,Happy,Fear,Happy,False,True,True,7.92879e-05,1.0245104e-05,0.5437864,0.4315989,0.0063015893,0.017674904,0.000548717
2129,inesco,mdpa,mdpa_h142.wav,Happy,189,Happy,Neutral,Sad,False,False,True,0.00047298972,0.00043454982,0.0031164656,0.016975645,0.90962905,0.0687532,0.0006180614
2130,inesco,mdpa,mdpa_h143.wav,Happy,276,Happy,Angry,Angry,False,False,False,0.6879887,0.058632746,0.002535276,0.006313116,0.038858816,0.20521541,0.00045589797
2131,inesco,mdpa,mdpa_h144.wav,Happy,205,Happy,Angry,Angry,False,False,False,0.9956434,0.00032596546,5.2757646e-06,0.0040024044,1.13383285e-05,4.520268e-06,7.18869e-06
2132,inesco,mdpa,mdpa_h145.wav,Happy,170,Happy,Fear,Happy,False,True,True,0.0073698726,9.430751e-05,0.3755274,0.2275836,0.24212044,0.002186599,0.14511779
2133,inesco,mdpa,mdpa_h146.wav,Happy,84,Happy,Angry,Angry,False,False,False,0.995917,0.00013576463,0.00048280545,0.00042400378,0.00010815236,0.0027488722,0.00018337325
2134,inesco,mdpa,mdpa_h147.wav,Happy,164,Happy,Surprise,Angry,False,False,True,0.32269415,0.0005736273,0.09639344,0.0062166406,8.847972e-05,3.502865e-05,0.57399863
2135,inesco,mdpa,mdpa_h148.wav,Happy,148,Happy,Neutral,Angry,False,False,True,0.1273231,2.1481683e-06,0.011729806,0.06258174,0.7282219,0.069342904,0.0007984116
2136,inesco,mdpa,mdpa_h149.wav,Happy,301,Happy,Angry,Angry,False,False,False,0.82644826,0.02280442,0.013262543,0.028551463,0.016379936,0.087597646,0.00495573
2137,inesco,mdpa,mdpa_h150.wav,Happy,253,Happy,Angry,Angry,False,False,False,0.5675332,0.01847289,0.04784282,0.35206658,0.005844913,0.00030498108,0.007934563
2138,inesco,mdpa,mdpa_h151.wav,Happy,250,Happy,Angry,Angry,False,False,False,0.9546004,0.0008116532,0.03010205,0.0035757625,3.1219093e-05,0.0015096157,0.009369414
2139,inesco,mdpa,mdpa_h152.wav,Happy,401,Happy,Surprise,Angry,False,False,True,0.007793113,0.00032077302,0.0028656658,0.0016399062,7.884799e-06,0.00025692623,0.9871158
2140,inesco,mdpa,mdpa_h153.wav,Happy,401,Happy,Surprise,Angry,False,False,True,0.01785019,6.3617445e-05,0.002341046,0.0031902979,6.237516e-06,0.0014599537,0.9750886
2141,inesco,mdpa,mdpa_h154.wav,Happy,317,Happy,Surprise,Happy,False,True,True,0.0053082327,0.00023184634,0.21875045,0.0058719194,5.5622295e-06,0.00041305996,0.7694189
2142,inesco,mdpa,mdpa_h155.wav,Happy,221,Happy,Angry,Angry,False,False,False,0.45612702,0.0017536293,0.019781232,0.25810733,0.16445757,0.099721834,5.1451614e-05
2143,inesco,mdpa,mdpa_h156.wav,Happy,314,Happy,Surprise,Sad,False,False,True,0.06351517,0.0026805424,0.007322052,0.038502727,0.002861482,0.32697102,0.55814695
2144,inesco,mdpa,mdpa_h157.wav,Happy,308,Happy,Angry,Angry,False,False,False,0.5872933,0.2913952,0.0004990565,0.0051288325,0.083141536,0.019830955,0.012711082
2145,inesco,mdpa,mdpa_h158.wav,Happy,257,Happy,Angry,Angry,False,False,False,0.8514767,0.0009593246,0.077675365,0.03364273,0.00011142998,0.005864936,0.030269595
2146,inesco,mdpa,mdpa_h159.wav,Happy,253,Happy,Happy,Happy,True,True,False,0.003956034,2.9999532e-05,0.00067545153,0.98096955,8.4046025e-07,4.536304e-07,0.014367636
2147,inesco,mdpa,mdpa_h160.wav,Happy,250,Happy,Angry,Angry,False,False,False,0.88481647,0.016445233,0.006269327,0.07670584,5.8335343e-05,0.006746888,0.008957895
2148,inesco,mdpa,mdpa_h161.wav,Happy,186,Happy,Happy,Happy,True,True,False,0.0017075856,0.00028456206,0.011073458,0.8244099,0.01081376,0.15169509,1.558129e-05
2149,inesco,mdpa,mdpa_h162.wav,Happy,260,Happy,Sad,Sad,False,False,False,0.007533982,0.0015713798,0.035397016,0.14303276,0.0814036,0.7288821,0.0021792336
2150,inesco,mdpa,mdpa_h163.wav,Happy,301,Happy,Surprise,Happy,False,True,True,0.0015485083,0.018547205,0.0059861946,0.3035209,5.367144e-06,0.00689649,0.66349536
2151,inesco,mdpa,mdpa_h164.wav,Happy,167,Happy,Neutral,Happy,False,True,True,0.00011035247,4.9463333e-06,0.0025898037,0.1365018,0.8604183,8.046334e-05,0.00029439846
2152,inesco,mdpa,mdpa_h165.wav,Happy,193,Happy,Happy,Happy,True,True,False,0.0002001058,0.0038888014,0.0034402881,0.85214895,0.00089347846,0.13931128,0.00011719496
2153,inesco,mdpa,mdpa_h166.wav,Happy,87,Happy,Fear,Happy,False,True,True,0.03195376,8.175267e-05,0.6483089,0.27345476,0.0056394367,0.024629531,0.015931891
2154,inesco,mdpa,mdpa_h167.wav,Happy,157,Happy,Happy,Happy,True,True,False,0.20013975,7.336386e-05,0.00095299433,0.7952189,0.0025671043,0.0006608852,0.00038704622
2155,inesco,mdpa,mdpa_h168.wav,Happy,193,Happy,Neutral,Angry,False,False,True,0.0041798917,0.025864339,0.15548635,0.0005955223,0.81223124,0.00090050086,0.0007421396
2156,inesco,mdpa,mdpa_h169.wav,Happy,189,Happy,Fear,Sad,False,False,True,0.00011601235,2.5265914e-05,0.90278864,0.02284657,0.00016664469,0.045470532,0.028586319
2157,inesco,mdpa,mdpa_h170.wav,Happy,180,Happy,Neutral,Angry,False,False,True,0.2073446,6.3167995e-06,7.1633413e-06,0.0014922335,0.79112154,2.755013e-05,6.2413517e-07
2158,inesco,mdpa,mdpa_h171.wav,Happy,173,Happy,Surprise,Angry,False,False,True,0.13456894,0.0007586401,0.0009606902,0.013609952,4.7919343e-06,1.4199534e-05,0.8500828
2159,inesco,mdpa,mdpa_h172.wav,Happy,295,Happy,Happy,Happy,True,True,False,0.18080218,0.0043839063,0.19179168,0.52630717,0.00283672,0.023753172,0.07012523
2160,inesco,mdpa,mdpa_h173.wav,Happy,212,Happy,Neutral,Sad,False,False,True,0.00072862016,0.00018515665,0.0014234161,0.006456076,0.9174788,0.07349633,0.00023149107
2161,inesco,mdpa,mdpa_h174.wav,Happy,103,Happy,Angry,Angry,False,False,False,0.9059148,8.10282e-07,0.055856682,0.03757974,0.00052068045,3.987977e-05,8.737474e-05
2162,inesco,mdpa,mdpa_h175.wav,Happy,218,Happy,Fear,Happy,False,True,True,0.00027788474,0.00024580795,0.93537754,0.024838064,0.008044885,0.0060371314,0.02517855
2163,inesco,mdpa,mdpa_h176.wav,Happy,196,Happy,Happy,Happy,True,True,False,0.044588458,0.0006916416,0.0011220094,0.94190323,5.155698e-05,0.011554789,8.834431e-05
2164,inesco,mdpa,mdpa_h177.wav,Happy,285,Happy,Happy,Happy,True,True,False,0.007721986,0.00042728617,0.028728677,0.93593454,0.0003135342,0.009980925,0.016893132
2165,inesco,mdpa,mdpa_h178.wav,Happy,401,Happy,Sad,Sad,False,False,False,0.35298523,0.04349492,0.00115306,0.0013219721,0.0013945794,0.40514854,0.19450171
2166,inesco,mdpa,mdpa_h179.wav,Happy,241,Happy,Angry,Angry,False,False,False,0.9619596,0.00030270685,0.0025255564,0.019985974,0.0005262662,1.1989391e-05,0.014687925
2167,inesco,mdpa,mdpa_h180.wav,Happy,221,Happy,Sad,Sad,False,False,False,0.0039180815,5.807917e-06,0.1860405,0.18927221,0.030937728,0.58982235,3.3271626e-06
2168,inesco,mdpa,mdpa_h181.wav,Happy,138,Happy,Angry,Angry,False,False,False,0.98731726,1.525287e-05,0.008666222,0.00010329673,0.0003570292,1.3402495e-05,0.0035275074
2169,inesco,mdpa,mdpa_h182.wav,Happy,205,Happy,Angry,Angry,False,False,False,0.6112426,0.00017266713,0.3505089,0.008596283,0.0018740274,0.019345438,0.008260073
2170,inesco,mdpa,mdpa_h183.wav,Happy,180,Happy,Neutral,Angry,False,False,True,0.18294953,0.0027361875,0.07580011,0.008578958,0.6559306,0.07360139,0.00040330912
2171,inesco,mdpa,mdpa_h184.wav,Happy,141,Happy,Fear,Happy,False,True,True,0.021370484,0.0001755802,0.82921535,0.10042529,0.00040755467,0.0030314662,0.04537426
2172,inesco,mdpa,mdpa_h185.wav,Happy,269,Happy,Sad,Sad,False,False,False,0.0024697534,0.04618003,0.00012329598,0.0016174748,0.028105678,0.9211135,0.00039032256
2173,inesco,mdpa,mdpa_h186.wav,Happy,337,Happy,Angry,Angry,False,False,False,0.9794946,0.00014747572,0.0017238947,0.007858968,0.00010630132,0.0016544157,0.009014328
2174,inesco,mdpa,mdpa_h187.wav,Happy,401,Happy,Disgust,Angry,False,False,True,0.0049214023,0.99261594,2.4500325e-06,2.8424578e-05,1.6053355e-06,0.0018522403,0.0005779169
2175,inesco,mdpa,mdpa_h188.wav,Happy,285,Happy,Happy,Happy,True,True,False,0.15283467,0.00081552967,0.09090937,0.65537995,0.001126262,0.0073653753,0.09156886
2176,inesco,mdpa,mdpa_h189.wav,Happy,311,Happy,Angry,Angry,False,False,False,0.6821488,0.01382349,0.0007978371,0.04602791,0.22080302,0.0106391935,0.025759669
2177,inesco,mdpa,mdpa_h190.wav,Happy,269,Happy,Angry,Angry,False,False,False,0.99785656,0.0013752066,0.00022662696,4.1275773e-05,3.2757524e-07,0.00016048265,0.0003394655
2178,inesco,mdpa,mdpa_h191.wav,Happy,244,Happy,Angry,Angry,False,False,False,0.48635882,0.033213332,0.036811836,0.1405321,0.13652843,0.12909953,0.03745605
2179,inesco,mdpa,mdpa_h192.wav,Happy,397,Happy,Angry,Angry,False,False,False,0.57050014,0.40971866,0.0042646006,0.0016164986,0.0004842924,0.00010825261,0.013307618
2180,inesco,mdpa,mdpa_h193.wav,Happy,343,Happy,Surprise,Happy,False,True,True,0.00019569104,0.00010659871,0.0016468768,0.01922421,1.2278531e-06,0.00023621508,0.97858924
2181,inesco,mdpa,mdpa_h194.wav,Happy,401,Happy,Angry,Angry,False,False,False,0.9253348,0.00034234038,0.055074174,0.0040303026,4.4476296e-06,4.3378917e-05,0.015170503
2182,inesco,mdpa,mdpa_h195.wav,Happy,276,Happy,Surprise,Happy,False,True,True,0.009979292,0.016814588,0.37632054,0.09481273,0.00066055806,0.058372542,0.4430398
2183,inesco,mdpa,mdpa_h196.wav,Happy,401,Happy,Angry,Angry,False,False,False,0.42585462,0.0036514555,0.0034660916,0.3839065,0.13503952,0.040764768,0.0073170597
2184,inesco,mdpa,mdpa_h197.wav,Happy,189,Happy,Happy,Happy,True,True,False,0.24203704,3.6774684e-06,0.013264814,0.73629737,0.0034147268,0.004963494,1.8806842e-05
2185,inesco,mdpa,mdpa_h198.wav,Happy,292,Happy,Sad,Sad,False,False,False,0.0042351084,0.021332428,0.005733496,0.19404308,1.8307047e-07,0.52188796,0.25276777
2186,inesco,mdpa,mdpa_h199.wav,Happy,199,Happy,Fear,Happy,False,True,True,0.030475333,0.027612794,0.605007,0.20363326,0.05561432,0.021563241,0.056094013
2187,inesco,mdpa,mdpa_h200.wav,Happy,74,Happy,Angry,Angry,False,False,False,0.99925536,1.1242828e-06,0.00038759876,7.857094e-05,9.454107e-06,5.8885205e-05,0.00020906543
2188,inesco,mdpa,mdpa_h201.wav,Happy,266,Happy,Sad,Sad,False,False,False,0.008766082,0.0007839456,0.022023097,0.02753046,0.0011213546,0.9392803,0.00049471954
2189,inesco,mdpa,mdpa_h202.wav,Happy,282,Happy,Sad,Sad,False,False,False,0.017034933,0.0015208833,0.00059363747,0.013761443,0.21314791,0.7538478,9.347965e-05
2190,inesco,mdpa,mdpa_h203.wav,Happy,209,Happy,Angry,Angry,False,False,False,0.9919905,2.9035944e-05,9.970874e-05,0.007262452,0.00024723567,0.0002451926,0.0001257615
2191,inesco,mdpa,mdpa_h204.wav,Happy,244,Happy,Angry,Angry,False,False,False,0.692354,0.007936848,0.011473295,0.27301523,0.000708654,0.00026197944,0.014249954
2192,inesco,mdpa,mdpa_h205.wav,Happy,388,Happy,Angry,Angry,False,False,False,0.7596004,0.08777441,0.0011529771,0.016786719,0.00011089483,0.0019422369,0.13263242
2193,inesco,mdpa,mdpa_h206.wav,Happy,308,Happy,Angry,Angry,False,False,False,0.9609068,0.0018134819,0.0005532363,0.0055481377,0.021823445,0.009313406,4.1560008e-05
2194,inesco,mdpa,mdpa_h207.wav,Happy,401,Happy,Angry,Angry,False,False,False,0.7485978,0.0019090633,0.0039571524,0.060783304,0.010718669,0.12749363,0.046540342
2195,inesco,mdpa,mdpa_h208.wav,Happy,257,Happy,Surprise,Angry,False,False,True,0.29985788,0.038912006,0.01174045,0.19211051,0.00032126447,0.00031505394,0.45674282
2196,inesco,mdpa,mdpa_h209.wav,Happy,375,Happy,Angry,Angry,False,False,False,0.95788294,0.0042009945,0.0040098196,0.0021597138,4.5430747e-06,0.0001555076,0.03158652
2197,inesco,mdpa,mdpa_h210.wav,Happy,401,Happy,Happy,Happy,True,True,False,0.0016430748,0.00040094607,0.005296553,0.77646345,8.770869e-05,0.007511322,0.20859696
2198,inesco,mdpa,mdpa_h211.wav,Happy,260,Happy,Sad,Sad,False,False,False,0.0028346481,0.025791004,0.0012904927,0.00079285784,3.544341e-05,0.9687755,0.00047992406
2199,inesco,mdpa,mdpa_s402.wav,Sad,401,Sad,Fear,Sad,False,True,True,0.0014773535,0.0004631216,0.83845496,0.00022424651,1.042095e-05,0.0077320132,0.15163784
2200,inesco,mdpa,mdpa_s403.wav,Sad,391,Sad,Sad,Sad,True,True,False,5.9271522e-05,0.0011461236,0.0043370877,7.397982e-05,0.0052301898,0.98834085,0.00081242464
2201,inesco,mdpa,mdpa_s404.wav,Sad,401,Sad,Fear,Sad,False,True,True,0.0009128738,0.107947186,0.29156715,0.094491705,0.00482512,0.28873923,0.21151681
2202,inesco,mdpa,mdpa_s405.wav,Sad,401,Sad,Happy,Happy,False,False,False,0.0076130764,0.054122422,0.0360449,0.47844806,0.41374072,0.00255594,0.00747481
2203,inesco,mdpa,mdpa_s406.wav,Sad,401,Sad,Surprise,Happy,False,False,True,0.00027397054,2.038365e-05,0.010302733,0.024993762,7.923666e-07,0.00030821204,0.9641001
2204,inesco,mdpa,mdpa_s407.wav,Sad,401,Sad,Sad,Sad,True,True,False,8.403059e-05,0.0075704562,0.0002923179,0.0038432821,0.015186821,0.9729275,9.569834e-05
2205,inesco,mdpa,mdpa_s408.wav,Sad,269,Sad,Surprise,Sad,False,True,True,0.0043734596,0.0012557219,0.0132280765,0.002543892,1.8760837e-05,0.044400956,0.9341791
2206,inesco,mdpa,mdpa_s409.wav,Sad,401,Sad,Angry,Angry,False,False,False,0.8772671,0.0008834096,0.0046357024,0.034763556,0.03512913,0.041465804,0.0058552553
2207,inesco,mdpa,mdpa_s410.wav,Sad,401,Sad,Happy,Happy,False,False,False,0.17974962,0.080564074,6.556663e-05,0.7076488,0.001950661,0.018761117,0.011260205
2208,inesco,mdpa,mdpa_s411.wav,Sad,372,Sad,Sad,Sad,True,True,False,0.0017781195,0.005030158,0.0010755578,0.07694527,0.0048160353,0.90641165,0.0039432
2209,inesco,mdpa,mdpa_s412.wav,Sad,199,Sad,Sad,Sad,True,True,False,0.22915864,0.00020502583,0.023911968,0.21072285,0.07435283,0.44452193,0.017126756
2210,inesco,mdpa,mdpa_s413.wav,Sad,401,Sad,Sad,Sad,True,True,False,4.1936717e-05,1.2547603e-06,0.00031931337,0.027098915,0.024620159,0.94791824,1.8973718e-07
2211,inesco,mdpa,mdpa_s414.wav,Sad,356,Sad,Angry,Angry,False,False,False,0.94836974,0.023034226,0.0003777705,0.014880317,0.00066406414,0.0036453444,0.009028641
2212,inesco,mdpa,mdpa_s415.wav,Sad,135,Sad,Happy,Happy,False,False,False,0.048443567,5.388653e-07,0.0039999313,0.9358467,0.000288343,1.3024323e-05,0.011407912
2213,inesco,mdpa,mdpa_s416.wav,Sad,401,Sad,Disgust,Sad,False,True,True,0.10744919,0.4715703,0.11398409,0.0195613,0.02582679,0.20008485,0.061523527
2214,inesco,mdpa,mdpa_s417.wav,Sad,282,Sad,Angry,Angry,False,False,False,0.9972228,2.081722e-05,0.00010861801,0.0009646881,0.0006068363,0.0009065505,0.00016974381
2215,inesco,mdpa,mdpa_s418.wav,Sad,401,Sad,Surprise,Happy,False,False,True,0.0068951123,9.849974e-05,0.37151742,0.109898984,0.00014984421,0.034863822,0.47657627
2216,inesco,mdpa,mdpa_s419.wav,Sad,401,Sad,Happy,Happy,False,False,False,0.028381502,0.0022420585,3.5949943e-05,0.91904855,0.00027557876,0.038360402,0.011656066
2217,inesco,mdpa,mdpa_s420.wav,Sad,132,Sad,Angry,Angry,False,False,False,0.78633046,8.0228676e-07,0.12706761,0.046972044,0.03948805,0.00013945837,1.4586036e-06
2218,inesco,mdpa,mdpa_s421.wav,Sad,401,Sad,Angry,Angry,False,False,False,0.90467364,0.0015608007,0.00035805468,0.08046254,0.00050819514,0.0123540005,8.275271e-05
2219,inesco,mdpa,mdpa_s422.wav,Sad,401,Sad,Sad,Sad,True,True,False,0.010513589,0.01860828,0.0063110897,0.008932916,0.0006555039,0.95497453,4.1312865e-06
2220,inesco,mdpa,mdpa_s423.wav,Sad,305,Sad,Surprise,Sad,False,True,True,0.0004277692,0.03733497,0.003838053,0.00052438676,6.15191e-05,0.33875203,0.61906123
2221,inesco,mdpa,mdpa_s424.wav,Sad,340,Sad,Happy,Happy,False,False,False,0.30603138,0.0012116333,0.00085285975,0.5157807,1.2196449e-05,7.964976e-05,0.17603152
2222,inesco,mdpa,mdpa_s425.wav,Sad,401,Sad,Angry,Angry,False,False,False,0.3979638,0.014623751,0.20501094,0.121014744,0.014808385,0.0901865,0.15639195
2223,inesco,mdpa,mdpa_s426.wav,Sad,401,Sad,Angry,Angry,False,False,False,0.9709589,7.57362e-05,5.5925542e-05,0.025492983,0.000107264306,2.1091319e-05,0.0032881214
2224,inesco,mdpa,mdpa_s427.wav,Sad,401,Sad,Happy,Happy,False,False,False,1.2556929e-05,1.18855205e-05,1.1077033e-05,0.9283449,1.7372294e-07,4.3691354e-05,0.07157569
2225,inesco,mdpa,mdpa_s428.wav,Sad,401,Sad,Fear,Happy,False,False,True,1.1011181e-05,0.00029740698,0.7234093,0.12128434,0.0021198576,0.10063273,0.05224539
2226,inesco,mdpa,mdpa_s429.wav,Sad,401,Sad,Disgust,Sad,False,True,True,0.024145681,0.47021776,0.042057876,0.002366453,0.00030444126,0.3863564,0.0745514
2227,inesco,mdpa,mdpa_s430.wav,Sad,401,Sad,Sad,Sad,True,True,False,0.00014409728,0.00019310189,5.799126e-05,1.1770914e-05,0.12714934,0.8724437,3.305536e-08
2228,inesco,mdpa,mdpa_s431.wav,Sad,234,Sad,Happy,Happy,False,False,False,0.0029208828,0.007941959,0.14427592,0.51786727,0.039253857,0.0015723702,0.28616774
2229,inesco,mdpa,mdpa_s432.wav,Sad,330,Sad,Angry,Angry,False,False,False,0.97747964,0.00023192687,0.00072367815,0.020528356,0.00092851295,5.5122833e-05,5.279598e-05
2230,inesco,mdpa,mdpa_s433.wav,Sad,330,Sad,Angry,Angry,False,False,False,0.39107084,0.0104501,0.028564433,0.30232784,0.17348814,0.05486615,0.039232522
2231,inesco,mdpa,mdpa_s434.wav,Sad,311,Sad,Angry,Angry,False,False,False,0.35275736,0.0030944322,0.014586999,0.27046165,0.10508949,0.24719433,0.006815738
2232,inesco,mdpa,mdpa_s435.wav,Sad,202,Sad,Neutral,Sad,False,True,True,0.00010247886,4.0642826e-05,0.0023514165,0.0040721567,0.96490866,0.027139485,0.001385163
2233,inesco,mdpa,mdpa_s436.wav,Sad,212,Sad,Neutral,Sad,False,True,True,0.0056119887,0.006749014,0.0032675338,0.0013170629,0.7010225,0.011853132,0.27017874
2234,inesco,mdpa,mdpa_s437.wav,Sad,295,Sad,Angry,Angry,False,False,False,0.51195675,0.032273345,0.0026582768,0.0044106115,0.0038513485,0.435119,0.009730729
2235,inesco,mdpa,mdpa_s438.wav,Sad,401,Sad,Surprise,Happy,False,False,True,0.0017897312,0.015300121,0.0089627225,0.08895846,6.8135945e-05,0.004809319,0.8801115
2236,inesco,mdpa,mdpa_s439.wav,Sad,401,Sad,Sad,Sad,True,True,False,0.0049018455,0.095513456,0.0021110259,0.0029321245,0.021458952,0.8730647,1.7951294e-05
2237,inesco,mdpa,mdpa_s440.wav,Sad,401,Sad,Angry,Angry,False,False,False,0.53045416,0.30772132,0.012284055,0.010133815,6.702808e-06,0.0195765,0.11982352
2238,inesco,mdpa,mdpa_s441.wav,Sad,401,Sad,Sad,Sad,True,True,False,0.0027492223,0.0010383761,6.21641e-05,2.9558441e-05,0.19352205,0.8025981,4.9713447e-07
2239,inesco,mdpa,mdpa_s442.wav,Sad,314,Sad,Fear,Happy,False,False,True,0.18345201,0.019655155,0.30510646,0.27798098,0.010471629,0.08302415,0.120309666
2240,inesco,mdpa,mdpa_s443.wav,Sad,401,Sad,Fear,Sad,False,True,True,0.00788364,0.021663137,0.29884708,0.20664354,0.017576223,0.28176785,0.16561848
2241,inesco,mdpa,mdpa_s444.wav,Sad,401,Sad,Fear,Happy,False,False,True,0.008205444,3.49963e-05,0.53332317,0.23933016,0.012849861,0.16671447,0.03954191
2242,inesco,mdpa,mdpa_s445.wav,Sad,401,Sad,Sad,Sad,True,True,False,3.7439047e-05,0.21936673,4.3622076e-05,1.7595607e-05,0.0059678783,0.7745487,1.7968128e-05
2243,inesco,mdpa,mdpa_s446.wav,Sad,401,Sad,Sad,Sad,True,True,False,0.00010451835,0.00035667123,5.2829193e-05,0.00080009934,0.022468667,0.97621036,6.848923e-06
2244,inesco,mdpa,mdpa_s447.wav,Sad,401,Sad,Angry,Angry,False,False,False,0.635028,0.0005084404,0.037497215,0.064720176,0.21590628,0.026173543,0.02016638
2245,inesco,mdpa,mdpa_s448.wav,Sad,301,Sad,Angry,Angry,False,False,False,0.5347437,0.062378064,0.03286338,0.033125043,0.056958493,0.22483364,0.055097662
2246,inesco,mdpa,mdpa_s449.wav,Sad,401,Sad,Happy,Happy,False,False,False,0.15675955,0.0007510676,0.0024576492,0.8260827,0.0018962845,0.006774342,0.005278384
2247,inesco,mdpa,mdpa_s450.wav,Sad,263,Sad,Angry,Angry,False,False,False,0.99633044,0.0008805671,0.0001119366,0.001481514,4.0119535e-06,0.00014611249,0.0010454091
2248,inesco,mdpa,mdpa_s451.wav,Sad,321,Sad,Happy,Happy,False,False,False,0.011795387,0.00056155265,0.02316152,0.84226036,0.0005661383,0.0007510779,0.12090402
2249,inesco,mdpa,mdpa_s452.wav,Sad,401,Sad,Sad,Sad,True,True,False,0.001246951,0.053836588,0.031077921,0.0022061428,0.0010660868,0.9105068,5.9561422e-05
2250,inesco,mdpa,mdpa_s453.wav,Sad,349,Sad,Surprise,Angry,False,False,True,0.2931368,0.0534252,0.004638948,0.011449628,0.0005982325,0.02247808,0.6142731
2251,inesco,mdpa,mdpa_s454.wav,Sad,388,Sad,Sad,Sad,True,True,False,0.0028091858,0.00015072519,0.25836274,0.009317965,0.08041506,0.6489092,3.5141893e-05
2252,inesco,mdpa,mdpa_s455.wav,Sad,295,Sad,Angry,Angry,False,False,False,0.37502763,0.011104201,0.29277408,0.012319882,0.21925028,0.06862256,0.020901417
2253,inesco,mdpa,mdpa_s456.wav,Sad,401,Sad,Angry,Angry,False,False,False,0.36505255,0.01402216,0.029795798,0.0017945593,0.35806835,0.22573423,0.0055324095
2254,inesco,mdpa,mdpa_s457.wav,Sad,401,Sad,Sad,Sad,True,True,False,5.719822e-05,3.3233857e-05,3.753541e-05,0.00046039704,0.03955946,0.95984143,1.0761278e-05
2255,inesco,mdpa,mdpa_s458.wav,Sad,276,Sad,Neutral,Angry,False,False,True,0.23743643,0.0009933169,0.036144014,0.018919103,0.6742301,0.03145016,0.0008268701
2256,inesco,mdpa,mdpa_s459.wav,Sad,401,Sad,Sad,Sad,True,True,False,0.00595481,0.00548582,0.00022797182,4.6175126e-05,0.10727429,0.88088673,0.00012416003
2257,inesco,mdpa,mdpa_s460.wav,Sad,257,Sad,Angry,Angry,False,False,False,0.84919935,0.050175168,0.003991707,0.08154094,0.00023706567,0.0063716713,0.008484068
2258,inesco,mdpa,mdpa_s461.wav,Sad,346,Sad,Angry,Angry,False,False,False,0.7358182,8.2395774e-05,0.0026252987,0.25969183,0.0001804078,0.00080765237,0.0007942502
2259,inesco,mdpa,mdpa_s462.wav,Sad,401,Sad,Disgust,Happy,False,False,True,0.033221222,0.46890736,0.0015797975,0.24316218,0.0026586747,0.19477154,0.05569918
2260,inesco,mdpa,mdpa_s463.wav,Sad,356,Sad,Happy,Happy,False,False,False,0.10016905,2.1371387e-05,0.01816524,0.8715531,0.0007703846,0.005789777,0.0035310914
2261,inesco,mdpa,mdpa_s464.wav,Sad,276,Sad,Angry,Angry,False,False,False,0.98086286,3.90718e-05,0.0017312233,0.014815319,0.0011670734,0.00074293365,0.0006414485
2262,inesco,mdpa,mdpa_s465.wav,Sad,388,Sad,Angry,Angry,False,False,False,0.9693615,0.0009946107,0.0001878545,0.025347672,9.3836825e-06,1.348602e-05,0.0040854746
2263,inesco,mdpa,mdpa_s466.wav,Sad,301,Sad,Angry,Angry,False,False,False,0.9280171,0.049053114,0.0006898163,0.00014345226,3.430969e-05,0.010213442,0.011848781
2264,inesco,mdpa,mdpa_s467.wav,Sad,106,Sad,Angry,Angry,False,False,False,0.99997306,1.8745272e-08,1.16905385e-05,1.2797016e-05,1.8442058e-06,2.4472297e-07,4.088329e-07
2265,inesco,mdpa,mdpa_s468.wav,Sad,234,Sad,Angry,Angry,False,False,False,0.57799673,0.005387036,0.02345065,0.31659764,0.01821798,0.048163667,0.010186347
2266,inesco,mdpa,mdpa_s469.wav,Sad,186,Sad,Happy,Happy,False,False,False,0.056535263,0.0014332926,0.0034645267,0.7152627,0.037005454,0.002057408,0.18424131
2267,inesco,mdpa,mdpa_s470.wav,Sad,228,Sad,Angry,Angry,False,False,False,0.95701176,0.021112014,0.007443291,0.004749048,0.0067929053,0.0011335791,0.0017573264
2268,inesco,mdpa,mdpa_s471.wav,Sad,215,Sad,Sad,Sad,True,True,False,0.0027977969,0.007834225,0.0026656415,0.003113287,0.0008809911,0.98269767,1.0465315e-05
2269,inesco,mdpa,mdpa_s472.wav,Sad,353,Sad,Sad,Sad,True,True,False,0.04057984,0.0007322058,0.049483676,0.21620783,0.2854593,0.3724078,0.03512941
2270,inesco,mdpa,mdpa_s473.wav,Sad,327,Sad,Happy,Happy,False,False,False,0.057084616,0.00018993231,0.009094642,0.8288268,0.03166597,0.03614247,0.03699568
2271,inesco,mdpa,mdpa_s474.wav,Sad,401,Sad,Angry,Angry,False,False,False,0.61874354,0.0009416154,0.0026224873,0.33467224,0.0009746156,0.039308757,0.00273667
2272,inesco,mdpa,mdpa_s475.wav,Sad,381,Sad,Sad,Sad,True,True,False,0.008852699,8.622514e-05,0.056745674,0.028717326,0.44948596,0.45380598,0.0023061128
2273,inesco,mdpa,mdpa_s476.wav,Sad,305,Sad,Angry,Angry,False,False,False,0.5519196,0.009558148,0.019781347,0.05745098,0.02355681,0.31732774,0.020405406
2274,inesco,mdpa,mdpa_s477.wav,Sad,401,Sad,Neutral,Angry,False,False,True,0.20279731,0.058196977,0.25475028,0.050275356,0.2824044,0.0007519821,0.15082367
2275,inesco,mdpa,mdpa_s478.wav,Sad,244,Sad,Sad,Sad,True,True,False,0.2893264,0.049715865,0.025424333,0.0012334563,0.010603666,0.62046486,0.003231398
2276,inesco,mdpa,mdpa_s479.wav,Sad,401,Sad,Disgust,Angry,False,False,True,0.16451132,0.7296601,0.035963845,0.018339945,0.0031612092,0.047513828,0.00084977335
2277,inesco,mdpa,mdpa_s480.wav,Sad,324,Sad,Angry,Angry,False,False,False,0.5580604,0.00060597627,0.051494054,0.17576699,0.13169603,0.066917,0.015459437
2278,inesco,mdpa,mdpa_s481.wav,Sad,394,Sad,Angry,Angry,False,False,False,0.8533795,0.00030871225,0.007991404,0.120051496,0.013662707,0.0017216976,0.00288439
2279,inesco,mdpa,mdpa_s482.wav,Sad,231,Sad,Happy,Happy,False,False,False,0.007202309,0.00052365015,0.019968515,0.9043469,0.0037489105,0.00015733165,0.0640524
2280,inesco,mdpa,mdpa_s483.wav,Sad,401,Sad,Angry,Angry,False,False,False,0.819487,0.039503686,0.0018494301,0.0015943045,0.008131135,0.10467805,0.024756525
2281,inesco,mdpa,mdpa_s484.wav,Sad,340,Sad,Happy,Happy,False,False,False,0.2617883,0.0027384192,0.20672593,0.29031307,0.0052200193,0.05182328,0.18139099
2282,inesco,mdpa,mdpa_s485.wav,Sad,116,Sad,Happy,Happy,False,False,False,0.0015025943,1.211739e-05,0.1394091,0.6073656,0.014084884,0.00028560509,0.23734008
2283,inesco,mdpa,mdpa_s486.wav,Sad,401,Sad,Fear,Happy,False,False,True,0.00075592083,0.00030731468,0.49799895,0.37535444,0.0063208123,0.06979755,0.049465075
2284,inesco,mdpa,mdpa_s487.wav,Sad,292,Sad,Angry,Angry,False,False,False,0.7677393,0.019843658,0.039347142,0.004962254,0.011467506,0.10950789,0.047132295
2285,inesco,mdpa,mdpa_s488.wav,Sad,263,Sad,Sad,Sad,True,True,False,0.12834989,0.024983099,0.005452064,0.38545835,0.030125363,0.4254154,0.0002158127
2286,inesco,mdpa,mdpa_s489.wav,Sad,401,Sad,Happy,Happy,False,False,False,0.022941994,0.002672172,0.12798123,0.78815365,0.0076626656,0.04932663,0.001261667
2287,inesco,mdpa,mdpa_s490.wav,Sad,375,Sad,Happy,Happy,False,False,False,0.00048782054,4.5146575e-07,0.0018857995,0.9962155,0.00013715203,0.0008386407,0.0004347074
2288,inesco,mdpa,mdpa_s491.wav,Sad,401,Sad,Happy,Happy,False,False,False,0.0064860107,0.00013328802,0.00028581044,0.9266359,3.3807944e-05,0.017968295,0.04845684
2289,inesco,mdpa,mdpa_s492.wav,Sad,349,Sad,Happy,Happy,False,False,False,0.39232728,0.00014906371,0.17425591,0.4077726,0.0017509827,0.0049531474,0.018790971
2290,inesco,mdpa,mdpa_s493.wav,Sad,401,Sad,Happy,Happy,False,False,False,0.3917636,7.99432e-05,0.0003687471,0.59472233,0.00041367864,0.012433537,0.00021822607
2291,inesco,mdpa,mdpa_s494.wav,Sad,180,Sad,Neutral,Angry,False,False,True,0.3188505,0.030821051,0.19499996,0.007835752,0.39056745,0.04843419,0.008491147
2292,inesco,mdpa,mdpa_s495.wav,Sad,401,Sad,Angry,Angry,False,False,False,0.9667567,0.000101132384,0.0008876151,0.029839976,1.0165081e-05,6.763753e-05,0.0023367081
2293,inesco,mdpa,mdpa_s496.wav,Sad,298,Sad,Fear,Sad,False,True,True,0.00066126493,6.5312255e-05,0.9481985,0.010530466,0.00016144109,0.03018841,0.010194618
2294,inesco,mdpa,mdpa_s497.wav,Sad,237,Sad,Sad,Sad,True,True,False,0.00026268818,8.488104e-05,0.016846152,0.0036946696,0.24110629,0.7379673,3.8024627e-05
2295,inesco,mdpa,mdpa_s498.wav,Sad,237,Sad,Fear,Sad,False,True,True,0.17170517,0.029183306,0.34911567,0.16584091,0.0013003664,0.2692782,0.013576426
2296,inesco,mdpa,mdpa_s499.wav,Sad,401,Sad,Surprise,Happy,False,False,True,6.412943e-05,0.00058315723,0.18219374,0.06613158,7.888312e-05,0.0076650847,0.7432834
2297,inesco,mdpa,mdpa_s500.wav,Sad,266,Sad,Fear,Happy,False,False,True,0.0047629606,0.0053149182,0.41584226,0.31909353,0.0017375717,0.14971235,0.103536464
2298,inesco,mdpa,mdpa_s501.wav,Sad,397,Sad,Happy,Happy,False,False,False,0.16966112,0.10515574,0.0028463923,0.67775494,0.00077467057,0.013560723,0.030246507
2299,inesco,mdpa,mdpa_s502.wav,Sad,173,Sad,Angry,Angry,False,False,False,0.5164976,4.2966303e-06,0.004579532,0.46190882,0.0067884848,0.0069737183,0.003247548
2300,inesco,mdpa,mdpa_s503.wav,Sad,295,Sad,Fear,Sad,False,True,True,0.16375253,8.9329566e-05,0.27396348,0.15447725,0.1619618,0.24530265,0.0004530263
2301,inesco,mdpa,mdpa_s504.wav,Sad,164,Sad,Angry,Angry,False,False,False,0.9173463,1.2991145e-05,0.00072669546,0.06368078,0.017702963,0.00019521773,0.0003350192
2302,inesco,mdpa,mdpa_s505.wav,Sad,257,Sad,Sad,Sad,True,True,False,0.005951201,0.00038851547,0.001638006,0.0060251607,0.03439424,0.9513576,0.0002451711
2303,inesco,mdpa,mdpa_s506.wav,Sad,225,Sad,Angry,Angry,False,False,False,0.9887631,6.977454e-05,0.00873258,0.0019917858,8.504195e-06,4.2281163e-06,0.00043001876
2304,inesco,mdpa,mdpa_s507.wav,Sad,215,Sad,Happy,Happy,False,False,False,0.2693724,3.685815e-06,0.0047746645,0.7239628,0.0016274954,9.251918e-05,0.00016650879
2305,inesco,mdpa,mdpa_s508.wav,Sad,266,Sad,Angry,Angry,False,False,False,0.9970395,4.2359807e-06,0.0003668125,0.0024349692,3.624842e-05,0.000117458214,6.3765566e-07
2306,inesco,mdpa,mdpa_s509.wav,Sad,285,Sad,Neutral,Sad,False,True,True,0.0072392453,2.5646887e-06,0.0014870003,0.006941981,0.71723026,0.26692104,0.00017791547
2307,inesco,mdpa,mdpa_s510.wav,Sad,401,Sad,Disgust,Happy,False,False,True,0.018361507,0.63880306,0.051246434,0.26581275,0.0015507148,0.0013422539,0.02288323
2308,inesco,mdpa,mdpa_s511.wav,Sad,401,Sad,Surprise,Angry,False,False,True,0.2018902,0.0006383943,0.0862006,0.015452578,0.00052877096,0.12292016,0.5723693
2309,inesco,mdpa,mdpa_s512.wav,Sad,401,Sad,Sad,Sad,True,True,False,0.00023110937,0.01627018,0.0032235682,0.0018892473,0.0043142713,0.9740704,1.13598e-06
2310,inesco,mdpa,mdpa_s513.wav,Sad,292,Sad,Happy,Happy,False,False,False,0.10921882,0.00046452862,0.25874454,0.5148493,0.063350104,0.050760683,0.0026119822
2311,inesco,mdpa,mdpa_s514.wav,Sad,381,Sad,Angry,Angry,False,False,False,0.56309444,5.513812e-05,0.00023682302,0.42938215,2.1106092e-05,2.39429e-05,0.0071864575
2312,inesco,mdpa,mdpa_s515.wav,Sad,215,Sad,Angry,Angry,False,False,False,0.46413264,0.0011061765,0.016399339,0.40055546,0.111796215,0.003402789,0.0026072927
2313,inesco,mdpa,mdpa_s516.wav,Sad,173,Sad,Happy,Happy,False,False,False,0.0036002041,2.7455832e-05,0.00094125274,0.995327,6.5689383e-06,8.097473e-06,8.9364694e-05
2314,inesco,mdpa,mdpa_s517.wav,Sad,279,Sad,Angry,Angry,False,False,False,0.52613086,0.045033954,0.016015807,0.012146857,0.0746609,0.27350685,0.052504808
2315,inesco,mdpa,mdpa_s518.wav,Sad,375,Sad,Angry,Angry,False,False,False,0.5870874,0.004300351,0.10464037,0.008507945,0.13425586,0.16120182,6.156241e-06
2316,inesco,mdpa,mdpa_s519.wav,Sad,298,Sad,Angry,Angry,False,False,False,0.898918,0.00017281828,0.023199487,0.034437496,0.004208541,0.038800403,0.00026326397
2317,inesco,mdpa,mdpa_s520.wav,Sad,170,Sad,Happy,Happy,False,False,False,0.0040167817,0.002122351,0.0043066046,0.55507714,0.19367407,0.24079926,3.7096813e-06
2318,inesco,mdpa,mdpa_s521.wav,Sad,154,Sad,Angry,Angry,False,False,False,0.94779354,0.0001674544,0.00034520804,0.03514211,0.016492508,5.846803e-05,6.4798996e-07
2319,inesco,mdpa,mdpa_s522.wav,Sad,132,Sad,Angry,Angry,False,False,False,0.5012329,2.7738486e-06,0.02925307,0.46868137,2.3840243e-05,0.00010893141,0.0006970932
2320,inesco,mdpa,mdpa_s523.wav,Sad,135,Sad,Fear,Happy,False,False,True,0.00050801015,2.1960502e-06,0.9964761,0.001334597,0.00046264994,0.0011829383,3.3492684e-05
2321,inesco,mdpa,mdpa_s524.wav,Sad,253,Sad,Angry,Angry,False,False,False,0.7917226,0.00046426064,0.07460466,0.10597688,0.0009057579,0.026115168,0.00021073774
2322,inesco,mdpa,mdpa_s525.wav,Sad,292,Sad,Happy,Happy,False,False,False,0.020509472,0.00010041412,0.25112087,0.38914427,0.27058783,0.038766593,0.029770521
2323,inesco,mdpa,mdpa_s526.wav,Sad,356,Sad,Angry,Angry,False,False,False,0.9702922,0.00030037345,0.0020264413,0.019477969,0.0030426548,0.004445652,0.0004147138
2324,inesco,mdpa,mdpa_s527.wav,Sad,378,Sad,Surprise,Happy,False,False,True,0.010524485,5.0597566e-05,0.025607802,0.019170968,1.0829239e-05,0.0019922068,0.94264305
2325,inesco,mdpa,mdpa_s528.wav,Sad,333,Sad,Fear,Happy,False,False,True,0.020147562,0.0013715802,0.40699822,0.2773877,0.01980825,0.2338456,0.040441047
2326,inesco,mdpa,mdpa_s529.wav,Sad,228,Sad,Happy,Happy,False,False,False,0.1299461,0.002760608,0.23219344,0.4197847,0.20151593,0.013195231,0.00060395227
2327,inesco,mdpa,mdpa_s530.wav,Sad,337,Sad,Angry,Angry,False,False,False,0.9619508,0.0013294969,0.0025797633,0.026802193,0.00029544474,0.00010728746,0.0069349706
2328,inesco,mdpa,mdpa_s531.wav,Sad,148,Sad,Angry,Angry,False,False,False,0.9991387,3.164346e-06,0.00027140812,0.00032921226,6.072005e-05,2.5463821e-06,0.00019409672
2329,inesco,mdpa,mdpa_s532.wav,Sad,260,Sad,Angry,Angry,False,False,False,0.88201874,0.11556746,6.3169355e-05,0.0016179313,0.00017291731,0.0005253846,3.4461445e-05
2330,inesco,mdpa,mdpa_s533.wav,Sad,369,Sad,Fear,Sad,False,True,True,0.0031239202,4.0992254e-05,0.8490926,0.0030517306,0.029674344,0.114789955,0.0002264074
2331,inesco,mdpa,mdpa_s534.wav,Sad,401,Sad,Sad,Sad,True,True,False,0.043382168,0.004820275,0.00553653,0.1124566,0.0012119673,0.83145666,0.0011357031
2332,inesco,mdpa,mdpa_s535.wav,Sad,170,Sad,Neutral,Sad,False,True,True,0.0020605435,0.000107327236,0.35896456,0.015205102,0.6014941,0.022105934,6.250612e-05
2333,inesco,mdpa,mdpa_s536.wav,Sad,263,Sad,Angry,Angry,False,False,False,0.9889831,0.000496018,0.00020033239,0.010068438,1.4946967e-05,4.3559452e-05,0.00019369701
2334,inesco,mdpa,mdpa_s537.wav,Sad,401,Sad,Neutral,Sad,False,True,True,6.531596e-05,1.8316827e-06,0.0011971949,0.00047201736,0.61778194,0.3804816,9.611729e-08
2335,inesco,mdpa,mdpa_s538.wav,Sad,276,Sad,Angry,Angry,False,False,False,0.4806951,0.007636295,0.008123369,0.46499944,0.016092163,0.00038382673,0.022069778
2336,inesco,mdpa,mdpa_s539.wav,Sad,234,Sad,Surprise,Happy,False,False,True,0.004345197,0.0001850261,0.3192864,0.25687853,0.005398491,0.004331585,0.40957472
2337,inesco,mdpa,mdpa_s540.wav,Sad,401,Sad,Angry,Angry,False,False,False,0.7453541,0.002825448,0.0011994693,6.923923e-05,0.0077388235,0.23727566,0.005537258
2338,inesco,mdpa,mdpa_s541.wav,Sad,401,Sad,Surprise,Angry,False,False,True,0.004382763,0.00010535647,0.00603379,0.0013907187,4.208234e-06,0.0028915836,0.9851916
2339,inesco,mdpa,mdpa_s542.wav,Sad,401,Sad,Fear,Angry,False,False,True,0.26156777,0.0032335678,0.3100944,0.18486106,0.010121084,0.22481525,0.005306929
2340,inesco,mdpa,mdpa_s543.wav,Sad,401,Sad,Fear,Sad,False,True,True,0.0020230215,3.1896678e-05,0.84110093,0.0010396536,0.01736676,0.06331168,0.07512613
2341,inesco,mdpa,mdpa_s544.wav,Sad,116,Sad,Angry,Angry,False,False,False,0.793683,1.9732163e-06,0.017634204,0.16437267,0.023450483,6.111794e-05,0.00079650973
2342,inesco,mdpa,mdpa_s545.wav,Sad,401,Sad,Surprise,Happy,False,False,True,0.025291998,0.00075839605,0.001830431,0.22085077,2.5557873e-07,0.00026873502,0.75099945
2343,inesco,mdpa,mdpa_s546.wav,Sad,340,Sad,Angry,Angry,False,False,False,0.7724804,0.0005021604,0.20500156,0.0077163693,0.0007296027,0.011010232,0.0025596751
2344,inesco,mdpa,mdpa_s547.wav,Sad,397,Sad,Happy,Happy,False,False,False,0.43452063,0.00021324906,0.001888168,0.55086845,0.0012655675,0.003498357,0.0077455277
2345,inesco,mdpa,mdpa_s548.wav,Sad,314,Sad,Angry,Angry,False,False,False,0.91451955,0.028622262,0.0011205093,0.014645252,0.0005476865,0.01988643,0.020658327
2346,inesco,mdpa,mdpa_s549.wav,Sad,388,Sad,Surprise,Happy,False,False,True,0.0012816029,5.7836974e-06,0.2711465,0.022675851,0.00032932588,0.018477002,0.6860839
2347,inesco,mdpa,mdpa_s550.wav,Sad,273,Sad,Angry,Angry,False,False,False,0.97232157,0.0083212005,0.00012365908,0.01052126,0.0001955432,0.0019755114,0.0065413346
2348,inesco,mdpa,mdpa_s551.wav,Sad,257,Sad,Angry,Angry,False,False,False,0.98020715,0.002584707,2.187313e-05,0.002011398,0.014775428,0.00038264535,1.6780212e-05
2349,inesco,mdpa,mdpa_s552.wav,Sad,109,Sad,Happy,Happy,False,False,False,0.03270416,1.1112272e-05,8.887482e-05,0.5048495,5.416941e-05,0.0023438698,0.4599483
2350,inesco,mdpa,mdpa_s553.wav,Sad,125,Sad,Angry,Angry,False,False,False,0.4876072,4.4021646e-05,0.0010219794,0.41341347,0.090109825,0.00049294456,0.0073105586
2351,inesco,mdpa,mdpa_s554.wav,Sad,138,Sad,Angry,Angry,False,False,False,0.7095986,3.2007727e-05,0.012623792,0.1921004,0.0031486927,0.0039994824,0.07849712
2352,inesco,mdpa,mdpa_s555.wav,Sad,218,Sad,Happy,Happy,False,False,False,0.012916151,4.5746536e-05,0.047426824,0.86640054,0.046397608,0.02662097,0.00019214585
2353,inesco,mdpa,mdpa_s556.wav,Sad,167,Sad,Happy,Happy,False,False,False,0.003665624,4.072822e-06,0.057539392,0.9357626,0.0024841723,0.00035357496,0.00019049652
2354,inesco,mdpa,mdpa_s557.wav,Sad,84,Sad,Angry,Angry,False,False,False,0.9991074,1.1762077e-05,3.4006465e-05,0.00058309856,0.00022475499,6.7598435e-06,3.217034e-05
2355,inesco,mdpa,mdpa_s558.wav,Sad,177,Sad,Angry,Angry,False,False,False,0.9439293,3.140393e-06,0.0003067166,0.055615555,6.879265e-05,7.320587e-05,3.2618439e-06
2356,inesco,mdpa,mdpa_s559.wav,Sad,292,Sad,Sad,Sad,True,True,False,0.00012390906,0.09949612,0.0048378953,0.0029141493,4.5705365e-06,0.88163584,0.01098758
2357,inesco,mdpa,mdpa_s560.wav,Sad,116,Sad,Angry,Angry,False,False,False,0.4976893,7.029888e-06,0.029076453,0.067555144,0.13059042,0.000825737,0.2742559
2358,inesco,mdpa,mdpa_s561.wav,Sad,250,Sad,Happy,Happy,False,False,False,0.0035967878,0.0004931603,0.03631899,0.93893933,0.008500628,0.0019883078,0.0101628015
2359,inesco,mdpa,mdpa_s562.wav,Sad,132,Sad,Angry,Angry,False,False,False,0.9395338,5.8815685e-06,0.0045796945,0.02460469,0.026772013,2.3376986e-05,0.00448051
2360,inesco,mdpa,mdpa_s563.wav,Sad,260,Sad,Angry,Angry,False,False,False,0.4734252,0.041834608,0.30802956,0.058614686,0.012733447,0.09798948,0.007373016
2361,inesco,mdpa,mdpa_s564.wav,Sad,301,Sad,Angry,Angry,False,False,False,0.99683577,0.0027608534,0.00013140374,1.4215605e-05,9.558152e-06,0.00012414317,0.00012410541
2362,inesco,mdpa,mdpa_s565.wav,Sad,401,Sad,Angry,Angry,False,False,False,0.9734624,0.002091853,0.00043095576,0.015165116,3.0367943e-05,0.0011838463,0.007635458
2363,inesco,mdpa,mdpa_s566.wav,Sad,100,Sad,Angry,Angry,False,False,False,0.9980545,1.3718746e-06,0.00047571483,0.0009954949,0.00037598706,9.004657e-05,6.9516095e-06
2364,inesco,mdpa,mdpa_s567.wav,Sad,199,Sad,Happy,Happy,False,False,False,0.0013153288,4.0968072e-05,0.01972561,0.9342336,0.026040467,0.018203517,0.00044052638
2365,inesco,mdpa,mdpa_s568.wav,Sad,157,Sad,Happy,Happy,False,False,False,0.11293466,5.254061e-05,0.057652634,0.767411,0.05229238,0.009211532,0.00044519827
2366,inesco,mdpa,mdpa_s569.wav,Sad,401,Sad,Happy,Happy,False,False,False,0.07345696,0.00087546365,0.0017758607,0.63601357,0.07624628,0.20810582,0.0035260296
2367,inesco,mdpa,mdpa_s570.wav,Sad,375,Sad,Surprise,Sad,False,True,True,0.02694695,8.935603e-05,0.007565283,0.007844231,2.6489119e-05,0.041726127,0.9158015
2368,inesco,mdpa,mdpa_s571.wav,Sad,289,Sad,Happy,Happy,False,False,False,3.4377717e-06,1.763401e-05,0.24098113,0.41134366,0.02619332,0.32086325,0.0005975795
2369,inesco,mdpa,mdpa_s572.wav,Sad,186,Sad,Happy,Happy,False,False,False,0.052019496,9.263517e-06,0.025681617,0.9193266,0.002706292,0.00013622288,0.00012053014
2370,inesco,mdpa,mdpa_s573.wav,Sad,205,Sad,Neutral,Sad,False,True,True,0.009519997,0.003735015,0.00038933652,0.0122834295,0.52453023,0.449503,3.9014398e-05
2371,inesco,mdpa,mdpa_s574.wav,Sad,263,Sad,Angry,Angry,False,False,False,0.99566793,0.0005939771,5.1208764e-05,0.0012057393,0.0001915594,0.0020945482,0.00019506745
2372,inesco,mdpa,mdpa_s575.wav,Sad,186,Sad,Happy,Happy,False,False,False,0.007482108,3.7573315e-07,0.0001187235,0.9849605,0.002725154,0.0047126105,5.803568e-07
2373,inesco,mdpa,mdpa_s576.wav,Sad,209,Sad,Angry,Angry,False,False,False,0.7459249,0.024055526,0.014312631,0.13147932,0.035813272,0.04817178,0.00024258828
2374,inesco,mdpa,mdpa_s577.wav,Sad,391,Sad,Angry,Angry,False,False,False,0.97301394,0.0015450708,0.00057732326,0.0057234718,0.00033719346,0.0002810712,0.018521957
2375,inesco,mdpa,mdpa_s578.wav,Sad,170,Sad,Fear,Angry,False,False,True,0.1320934,0.0011021779,0.75054175,0.09421149,0.01057472,0.010151672,0.0013247951
2376,inesco,mdpa,mdpa_s579.wav,Sad,212,Sad,Neutral,Angry,False,False,True,0.00429682,2.8604627e-05,4.0823837e-05,3.800645e-05,0.9929114,0.0026720816,1.2344724e-05
2377,inesco,mdpa,mdpa_s580.wav,Sad,401,Sad,Angry,Angry,False,False,False,0.6338879,0.019757623,0.005076532,0.029091304,4.7129055e-05,0.05419431,0.2579452
2378,inesco,mdpa,mdpa_s581.wav,Sad,189,Sad,Happy,Happy,False,False,False,0.07124472,7.991543e-06,0.10752175,0.73623693,0.015333125,0.06963339,2.2085083e-05
2379,inesco,mdpa,mdpa_s582.wav,Sad,401,Sad,Angry,Angry,False,False,False,0.87297547,0.00117415,0.00036361747,0.047961,1.8155188e-05,0.00017809359,0.07732946
2380,inesco,mdpa,mdpa_s583.wav,Sad,87,Sad,Angry,Angry,False,False,False,0.76665145,0.00026606413,0.21831271,0.0068337214,0.0009746404,0.0060141794,0.0009472648
2381,inesco,mdpa,mdpa_s584.wav,Sad,401,Sad,Happy,Happy,False,False,False,0.006638843,1.0006635e-06,0.032989647,0.93332434,3.755465e-06,0.0027587302,0.024283761
2382,inesco,mdpa,mdpa_s585.wav,Sad,301,Sad,Angry,Angry,False,False,False,0.52655035,0.04060502,0.01626381,0.24506836,0.111171685,0.005303788,0.05503698
2383,inesco,mdpa,mdpa_s586.wav,Sad,273,Sad,Fear,Angry,False,False,True,0.16413672,0.010291671,0.47748715,0.15849757,0.0006188463,0.011796838,0.17717123
2384,inesco,mdpa,mdpa_s587.wav,Sad,269,Sad,Happy,Happy,False,False,False,0.17458865,0.0023520705,0.01126646,0.7561679,0.00047896948,0.003337185,0.051808774
2385,inesco,mdpa,mdpa_s588.wav,Sad,388,Sad,Happy,Happy,False,False,False,0.009998199,3.6377332e-05,0.0591925,0.89189065,0.00023623835,0.0045751235,0.03407099
2386,inesco,mdpa,mdpa_s589.wav,Sad,276,Sad,Angry,Angry,False,False,False,0.90003335,0.00038518274,0.007150497,0.07873585,7.3872856e-05,0.011503919,0.0021173095
2387,inesco,mdpa,mdpa_s590.wav,Sad,231,Sad,Fear,Happy,False,False,True,0.068529546,0.00011640835,0.5933107,0.33350185,0.00010327193,0.0020922811,0.0023458677
2388,inesco,mdpa,mdpa_s591.wav,Sad,346,Sad,Happy,Happy,False,False,False,0.07452971,4.043597e-05,0.13809454,0.4991639,0.08153323,0.20656595,7.2191695e-05
2389,inesco,mdpa,mdpa_s592.wav,Sad,401,Sad,Angry,Angry,False,False,False,0.71326095,0.0004020941,0.00019153935,0.24798727,4.4860648e-05,0.0037577052,0.034355603
2390,inesco,mdpa,mdpa_s593.wav,Sad,279,Sad,Sad,Sad,True,True,False,0.07662447,0.004505516,0.0029794783,0.07590163,0.12264492,0.7165531,0.0007909085
2391,inesco,mdpa,mdpa_s594.wav,Sad,401,Sad,Sad,Sad,True,True,False,0.013878385,0.0028876674,0.012344748,0.18160053,0.3232099,0.45594493,0.010133873
2392,inesco,mdpa,mdpa_s595.wav,Sad,401,Sad,Surprise,Angry,False,False,True,0.23990193,0.0045406087,0.03175744,0.19708583,0.0040400107,0.123273365,0.3994008
2393,inesco,mdpa,mdpa_s596.wav,Sad,343,Sad,Angry,Angry,False,False,False,0.78175163,0.0005502408,0.0058047604,0.17354588,0.016664358,0.02148783,0.00019532973
2394,inesco,mdpa,mdpa_s597.wav,Sad,401,Sad,Happy,Happy,False,False,False,0.01845663,1.371985e-05,0.0013359933,0.977491,0.00087515527,0.0014030517,0.0004244691
2395,inesco,mdpa,mdpa_s598.wav,Sad,321,Sad,Angry,Angry,False,False,False,0.9477792,0.0004653082,0.032867517,0.0061297272,0.0046791146,3.5309953e-05,0.008043885
2396,inesco,mdpa,mdpa_s599.wav,Sad,401,Sad,Sad,Sad,True,True,False,8.395346e-05,3.7863203e-05,2.6472194e-06,0.00053509534,0.0029908393,0.9963496,3.1074233e-08
2397,inesco,mdpa,mdpa_s600.wav,Sad,401,Sad,Angry,Angry,False,False,False,0.6706177,0.0005025626,0.027435401,0.049231727,0.0010098438,0.008857693,0.2423451
