row_index,dataset,speaker,filename,emotion,real_frames,true_label,predicted_label,correct,confidence,prob_Angry,prob_Disgust,prob_Fear,prob_Happy,prob_Neutral,prob_Sad,prob_Surprise
4126,tess,OAF,OA_bite_neutral.wav,Neutral,209,Neutral,Surprise,False,0.51229304,0.0011224292,0.017822446,0.32862747,0.0834959,0.005357629,0.05128101,0.51229304
4127,tess,OAF,OAF_back_angry.wav,Angry,135,Angry,Surprise,False,0.53343135,0.09892602,0.003898984,0.20898938,0.10704014,0.033692274,0.014021827,0.53343135
4128,tess,OAF,OAF_back_disgust.wav,Disgust,227,Disgust,Surprise,False,0.40334728,0.01705975,0.115141466,0.1687928,0.041250166,0.11515182,0.13925667,0.40334728
4129,tess,OAF,OAF_back_fear.wav,Fear,154,Fear,Surprise,False,0.819588,0.0013721032,0.00015738422,0.13785382,0.038966496,5.683745e-05,0.0020053748,0.819588
4130,tess,OAF,OAF_back_happy.wav,Happy,186,Happy,Surprise,False,0.93537444,0.0005062347,0.008326503,0.04711389,0.0039067655,0.00024803833,0.0045242123,0.93537444
4131,tess,OAF,OAF_back_neutral.wav,Neutral,205,Neutral,Surprise,False,0.47253412,0.0030491087,0.046721913,0.35289487,0.0648488,0.0068640686,0.05308716,0.47253412
4132,tess,OAF,OAF_back_ps.wav,Surprise,201,Surprise,Surprise,True,0.85253114,0.0056357463,0.010194133,0.08503922,0.03370057,0.002509618,0.01038958,0.85253114
4133,tess,OAF,OAF_back_sad.wav,Sad,257,Sad,Fear,False,0.36653128,0.012091692,0.1318587,0.36653128,0.06814014,0.16819316,0.16403508,0.08914989
4134,tess,OAF,OAF_bar_angry.wav,Angry,157,Angry,Surprise,False,0.7506422,0.038846824,0.01584611,0.12811776,0.032458138,0.015307018,0.01878199,0.7506422
4135,tess,OAF,OAF_bar_disgust.wav,Disgust,225,Disgust,Disgust,True,0.84153366,0.008153329,0.84153366,0.023450697,0.0011961226,0.008025071,0.063401625,0.054239556
4136,tess,OAF,OAF_bar_fear.wav,Fear,164,Fear,Surprise,False,0.66543186,0.0017587482,0.0012967986,0.26871952,0.05323008,0.00035240274,0.0092105605,0.66543186
4137,tess,OAF,OAF_bar_happy.wav,Happy,193,Happy,Surprise,False,0.9495214,0.0087792,0.014992509,0.018179102,0.0051458515,0.000785124,0.002596835,0.9495214
4138,tess,OAF,OAF_bar_neutral.wav,Neutral,201,Neutral,Surprise,False,0.39287457,0.007810846,0.2315827,0.12540376,0.03210547,0.039781813,0.17044088,0.39287457
4139,tess,OAF,OAF_bar_ps.wav,Surprise,180,Surprise,Surprise,True,0.86426973,0.008593425,0.010697832,0.08410116,0.023353172,0.0020051275,0.0069794985,0.86426973
4140,tess,OAF,OAF_bar_sad.wav,Sad,250,Sad,Disgust,False,0.4478081,0.010756686,0.4478081,0.060205024,0.01812486,0.18820015,0.25617173,0.01873344
4141,tess,OAF,OAF_base_angry.wav,Angry,148,Angry,Surprise,False,0.5614991,0.018287897,0.00087554444,0.28621575,0.12481718,0.0043471083,0.003957431,0.5614991
4142,tess,OAF,OAF_base_disgust.wav,Disgust,250,Disgust,Disgust,True,0.38894197,0.011991583,0.38894197,0.19358361,0.009566973,0.1173509,0.20512407,0.073440835
4143,tess,OAF,OAF_base_fear.wav,Fear,170,Fear,Surprise,False,0.8448846,0.003451413,0.0005078806,0.1080697,0.039343912,0.0009359205,0.0028065583,0.8448846
4144,tess,OAF,OAF_base_happy.wav,Happy,202,Happy,Surprise,False,0.8166319,0.005470083,0.029147789,0.096224636,0.015713602,0.014692325,0.02211967,0.8166319
4145,tess,OAF,OAF_base_neutral.wav,Neutral,215,Neutral,Fear,False,0.42275566,0.006027598,0.12124577,0.42275566,0.04536075,0.034468725,0.08508344,0.2850581
4146,tess,OAF,OAF_base_ps.wav,Surprise,205,Surprise,Surprise,True,0.8377661,0.005452867,0.046407785,0.07424589,0.011472909,0.0062181354,0.018436322,0.8377661
4147,tess,OAF,OAF_base_sad.wav,Sad,253,Sad,Fear,False,0.42621577,0.009276454,0.12781952,0.42621577,0.05131599,0.1515696,0.20646717,0.027335493
4148,tess,OAF,OAF_bath_angry.wav,Angry,141,Angry,Surprise,False,0.48721507,0.088573866,0.0037864998,0.23094699,0.13720831,0.036402464,0.015866749,0.48721507
4149,tess,OAF,OAF_bath_disgust.wav,Disgust,228,Disgust,Neutral,False,0.44992274,0.049946193,0.19172327,0.07521661,0.0072545246,0.44992274,0.16644338,0.05949323
4150,tess,OAF,OAF_bath_fear.wav,Fear,164,Fear,Surprise,False,0.7679006,0.002367172,0.0008877961,0.1748047,0.05069485,0.00021044636,0.0031344115,0.7679006
4151,tess,OAF,OAF_bath_happy.wav,Happy,204,Happy,Surprise,False,0.7111296,0.022615734,0.049693055,0.11672666,0.028819624,0.03397941,0.037035916,0.7111296
4152,tess,OAF,OAF_bath_neutral.wav,Neutral,217,Neutral,Surprise,False,0.29953232,0.01002151,0.24985188,0.25674337,0.021395162,0.036735393,0.12572038,0.29953232
4153,tess,OAF,OAF_bath_ps.wav,Surprise,205,Surprise,Surprise,True,0.5643434,0.013090511,0.16005798,0.1703487,0.01858766,0.021428468,0.052143265,0.5643434
4154,tess,OAF,OAF_bath_sad.wav,Sad,259,Sad,Disgust,False,0.36290762,0.017207198,0.36290762,0.25582242,0.01687253,0.11885144,0.15994531,0.06839356
4155,tess,OAF,OAF_bean_angry.wav,Angry,140,Angry,Fear,False,0.47584608,0.048201203,0.013895181,0.47584608,0.07553059,0.048345137,0.031480614,0.30670115
4156,tess,OAF,OAF_bean_disgust.wav,Disgust,232,Disgust,Disgust,True,0.5863092,0.003714559,0.5863092,0.15919828,0.0043107704,0.027696848,0.097799845,0.12097049
4157,tess,OAF,OAF_bean_fear.wav,Fear,158,Fear,Surprise,False,0.788932,0.0026977677,0.002407322,0.19006968,0.01208429,0.00017290759,0.0036359064,0.788932
4158,tess,OAF,OAF_bean_happy.wav,Happy,185,Happy,Surprise,False,0.9401382,0.0021997232,0.0035815253,0.04526418,0.005361629,0.0008691038,0.0025856416,0.9401382
4159,tess,OAF,OAF_bean_neutral.wav,Neutral,208,Neutral,Fear,False,0.49591884,0.003405898,0.26814032,0.49591884,0.017406711,0.006895829,0.07375552,0.13447697
4160,tess,OAF,OAF_bean_ps.wav,Surprise,182,Surprise,Surprise,True,0.7690309,0.011144717,0.01249309,0.13810235,0.034755275,0.007494281,0.026979357,0.7690309
4161,tess,OAF,OAF_bean_sad.wav,Sad,237,Sad,Fear,False,0.5166306,0.009389837,0.19503182,0.5166306,0.018370153,0.09662561,0.14413026,0.019821763
4162,tess,OAF,OAF_beg_angry.wav,Angry,154,Angry,Surprise,False,0.7387444,0.01071847,0.0030693647,0.16522895,0.06334708,0.006689171,0.012202618,0.7387444
4163,tess,OAF,OAF_beg_disgust.wav,Disgust,228,Disgust,Disgust,True,0.434851,0.013007292,0.434851,0.17800938,0.010161417,0.025603754,0.07425836,0.26410884
4164,tess,OAF,OAF_beg_fear.wav,Fear,157,Fear,Surprise,False,0.67356604,0.004389499,0.00028796768,0.17385466,0.14101247,0.0013724198,0.005517036,0.67356604
4165,tess,OAF,OAF_beg_happy.wav,Happy,198,Happy,Surprise,False,0.84216857,0.0006980295,0.02109069,0.11871513,0.00944152,0.0005762198,0.007309867,0.84216857
4166,tess,OAF,OAF_beg_neutral.wav,Neutral,198,Neutral,Fear,False,0.4550407,0.0028201786,0.046764474,0.4550407,0.035283294,0.006436065,0.04653408,0.4071212
4167,tess,OAF,OAF_beg_ps.wav,Surprise,203,Surprise,Surprise,True,0.89036185,0.0012800556,0.016450046,0.07724972,0.007901201,0.0005168534,0.0062403106,0.89036185
4168,tess,OAF,OAF_beg_sad.wav,Sad,243,Sad,Sad,True,0.36958578,0.011097001,0.103123434,0.26082703,0.065401495,0.16914769,0.36958578,0.02081761
4169,tess,OAF,OAF_bite_angry.wav,Angry,141,Angry,Surprise,False,0.669718,0.026835147,0.0008941691,0.23906203,0.05630729,0.004052582,0.0031307675,0.669718
4170,tess,OAF,OAF_bite_disgust.wav,Disgust,237,Disgust,Surprise,False,0.6549856,0.004759308,0.109468244,0.16566241,0.010255147,0.014570253,0.04029902,0.6549856
4171,tess,OAF,OAF_bite_fear.wav,Fear,131,Fear,Surprise,False,0.6634673,0.01404346,0.0011078196,0.27973002,0.03717259,0.0014724704,0.0030063444,0.6634673
4172,tess,OAF,OAF_bite_happy.wav,Happy,172,Happy,Surprise,False,0.95877093,0.00025850104,0.0043078293,0.03426408,0.0010511209,4.7490714e-05,0.0013000233,0.95877093
4173,tess,OAF,OAF_bite_ps.wav,Surprise,157,Surprise,Surprise,True,0.8377736,0.003231937,0.000339149,0.07212228,0.08270879,0.0014397305,0.0023845108,0.8377736
4174,tess,OAF,OAF_bite_sad.wav,Sad,272,Sad,Fear,False,0.31079435,0.005544234,0.19299464,0.31079435,0.011305813,0.22703892,0.19397727,0.05834473
4175,tess,OAF,OAF_boat_angry.wav,Angry,130,Angry,Surprise,False,0.4949084,0.039673243,0.012164424,0.36758363,0.040565524,0.028227005,0.01687776,0.4949084
4176,tess,OAF,OAF_boat_disgust.wav,Disgust,218,Disgust,Disgust,True,0.43488035,0.014128553,0.43488035,0.18540183,0.0057213358,0.014356666,0.06357889,0.28193238
4177,tess,OAF,OAF_boat_fear.wav,Fear,145,Fear,Surprise,False,0.80230016,0.007335687,0.0011267777,0.16035347,0.022086484,0.0014451162,0.0053523052,0.80230016
4178,tess,OAF,OAF_boat_happy.wav,Happy,160,Happy,Surprise,False,0.957074,0.0040652505,0.0009899373,0.02803918,0.009031943,0.00015476845,0.0006449452,0.957074
4179,tess,OAF,OAF_boat_neutral.wav,Neutral,191,Neutral,Surprise,False,0.5225623,0.003144967,0.09577159,0.28988773,0.03122576,0.0065974705,0.050810196,0.5225623
4180,tess,OAF,OAF_boat_ps.wav,Surprise,180,Surprise,Surprise,True,0.88750774,0.006905473,0.0064916653,0.04233246,0.032535594,0.0048447726,0.019382246,0.88750774
4181,tess,OAF,OAF_boat_sad.wav,Sad,255,Sad,Disgust,False,0.3512434,0.016247725,0.3512434,0.20449805,0.026378414,0.123235345,0.19738247,0.081014566
4182,tess,OAF,OAF_bone_angry.wav,Angry,157,Angry,Surprise,False,0.5745011,0.00920507,0.0025033548,0.28776583,0.10224523,0.008296154,0.015483285,0.5745011
4183,tess,OAF,OAF_bone_disgust.wav,Disgust,219,Disgust,Angry,False,0.24585964,0.24585964,0.17893931,0.09726705,0.055693258,0.12621687,0.05327808,0.2427458
4184,tess,OAF,OAF_bone_fear.wav,Fear,136,Fear,Surprise,False,0.741946,0.027587404,0.0019898065,0.16908035,0.0346133,0.0108307125,0.013952433,0.741946
4185,tess,OAF,OAF_bone_happy.wav,Happy,209,Happy,Surprise,False,0.9034047,0.0021861352,0.008228657,0.065995865,0.014898873,0.0008096241,0.004476137,0.9034047
4186,tess,OAF,OAF_bone_neutral.wav,Neutral,203,Neutral,Surprise,False,0.80554885,0.00414009,0.04547159,0.07074217,0.01464026,0.013261175,0.046195854,0.80554885
4187,tess,OAF,OAF_bone_ps.wav,Surprise,204,Surprise,Surprise,True,0.7700306,0.016714191,0.12654585,0.06745047,0.0056280517,0.0024990377,0.011131754,0.7700306
4188,tess,OAF,OAF_bone_sad.wav,Sad,247,Sad,Sad,True,0.38192084,0.0044073416,0.3199908,0.155425,0.013905404,0.110025145,0.38192084,0.014325453
4189,tess,OAF,OAF_book_angry.wav,Angry,141,Angry,Surprise,False,0.66790056,0.03681912,0.00413889,0.21028608,0.036209416,0.025163844,0.019482106,0.66790056
4190,tess,OAF,OAF_book_disgust.wav,Disgust,214,Disgust,Surprise,False,0.48704818,0.012650356,0.24126476,0.18430193,0.017023318,0.029812783,0.027898628,0.48704818
4191,tess,OAF,OAF_book_fear.wav,Fear,138,Fear,Surprise,False,0.9064366,0.0020751636,0.00023748673,0.08048989,0.009742138,0.00010558862,0.0009130589,0.9064366
4192,tess,OAF,OAF_book_happy.wav,Happy,186,Happy,Surprise,False,0.9718508,0.00030622445,0.0005141056,0.019916816,0.0062227543,0.00014616433,0.0010430976,0.9718508
4193,tess,OAF,OAF_book_neutral.wav,Neutral,174,Neutral,Surprise,False,0.6896268,0.0033959723,0.044838913,0.14307243,0.02047347,0.015037131,0.083555296,0.6896268
4194,tess,OAF,OAF_book_ps.wav,Surprise,170,Surprise,Surprise,True,0.94677335,0.0014726066,0.0012634664,0.03369318,0.01342435,0.0007324597,0.002640593,0.94677335
4195,tess,OAF,OAF_book_sad.wav,Sad,249,Sad,Disgust,False,0.5507514,0.01268662,0.5507514,0.12538666,0.006662837,0.13495949,0.14308402,0.026468975
4196,tess,OAF,OAF_bought_angry.wav,Angry,141,Angry,Surprise,False,0.42984644,0.13619143,0.0034704613,0.36707985,0.055622455,0.0041482267,0.0036410626,0.42984644
4197,tess,OAF,OAF_bought_disgust.wav,Disgust,234,Disgust,Disgust,True,0.35328904,0.02224755,0.35328904,0.22000743,0.014611798,0.11693762,0.111905985,0.16100061
4198,tess,OAF,OAF_bought_fear.wav,Fear,141,Fear,Surprise,False,0.61271906,0.024482142,0.0022350312,0.29049304,0.05178385,0.005755013,0.01253185,0.61271906
4199,tess,OAF,OAF_bought_happy.wav,Happy,180,Happy,Surprise,False,0.9292775,0.0012849779,0.0054570455,0.051829625,0.0068017603,0.0012063965,0.004142757,0.9292775
4200,tess,OAF,OAF_bought_neutral.wav,Neutral,196,Neutral,Sad,False,0.4330184,0.003853663,0.11927123,0.14003319,0.06751203,0.073751375,0.4330184,0.16256009
4201,tess,OAF,OAF_bought_ps.wav,Surprise,194,Surprise,Surprise,True,0.58978015,0.005351814,0.009228436,0.19539754,0.17633317,0.0044718254,0.01943698,0.58978015
4202,tess,OAF,OAF_bought_sad.wav,Sad,247,Sad,Neutral,False,0.57574767,0.01904832,0.12931737,0.05435139,0.0070761186,0.57574767,0.2070689,0.007390314
4203,tess,OAF,OAF_burn_angry.wav,Angry,163,Angry,Surprise,False,0.5657979,0.01733115,0.008091166,0.24798866,0.09863115,0.03140698,0.03075293,0.5657979
4204,tess,OAF,OAF_burn_disgust.wav,Disgust,221,Disgust,Disgust,True,0.8383891,0.001554932,0.8383891,0.021807065,0.0004954883,0.0058828997,0.10724464,0.024625901
4205,tess,OAF,OAF_burn_fear.wav,Fear,146,Fear,Surprise,False,0.6771209,0.010658155,0.002401093,0.26449072,0.032737177,0.0024399587,0.010151995,0.6771209
4206,tess,OAF,OAF_burn_happy.wav,Happy,184,Happy,Surprise,False,0.95419395,0.0005740389,0.0053814915,0.028830508,0.0039940896,0.0006329875,0.0063929386,0.95419395
4207,tess,OAF,OAF_burn_neutral.wav,Neutral,214,Neutral,Disgust,False,0.48633423,0.0027463527,0.48633423,0.17050631,0.0052427333,0.008610181,0.11785578,0.20870447
4208,tess,OAF,OAF_burn_ps.wav,Surprise,179,Surprise,Surprise,True,0.9074762,0.0015427321,0.009867126,0.06572965,0.007416776,0.00035987582,0.007607652,0.9074762
4209,tess,OAF,OAF_burn_sad.wav,Sad,222,Sad,Disgust,False,0.8092008,0.0012139656,0.8092008,0.018018976,0.0004382001,0.009400282,0.15818946,0.0035381955
4210,tess,OAF,OAF_cab_angry.wav,Angry,146,Angry,Surprise,False,0.50399643,0.04953307,0.006578297,0.26530808,0.09711328,0.049685683,0.027785169,0.50399643
4211,tess,OAF,OAF_cab_disgust.wav,Disgust,244,Disgust,Disgust,True,0.342544,0.020853175,0.342544,0.16848981,0.014391147,0.112136625,0.2418027,0.099782474
4212,tess,OAF,OAF_cab_fear.wav,Fear,160,Fear,Surprise,False,0.5667159,0.018927975,0.0025256765,0.31622782,0.08431213,0.0022817869,0.009008662,0.5667159
4213,tess,OAF,OAF_cab_happy.wav,Happy,200,Happy,Surprise,False,0.84102035,0.006970621,0.0700359,0.055418473,0.009133648,0.0032506564,0.014170261,0.84102035
4214,tess,OAF,OAF_cab_neutral.wav,Neutral,191,Neutral,Fear,False,0.30576527,0.008116057,0.2756643,0.30576527,0.02309932,0.011107441,0.092945725,0.28330195
4215,tess,OAF,OAF_cab_ps.wav,Surprise,187,Surprise,Surprise,True,0.68771136,0.0031859656,0.026952667,0.2479775,0.020258918,0.0015250915,0.0123884585,0.68771136
4216,tess,OAF,OAF_cab_sad.wav,Sad,230,Sad,Disgust,False,0.49203163,0.01796826,0.49203163,0.019778129,0.003306915,0.0874746,0.37609452,0.0033460236
4217,tess,OAF,OAF_calm_angry.wav,Angry,146,Angry,Fear,False,0.4246733,0.11873336,0.003985099,0.4246733,0.14391325,0.03820827,0.013480237,0.25700653
4218,tess,OAF,OAF_calm_disgust.wav,Disgust,236,Disgust,Disgust,True,0.4227852,0.046924107,0.4227852,0.12283284,0.021154033,0.15484977,0.11685675,0.114597276
4219,tess,OAF,OAF_calm_fear.wav,Fear,146,Fear,Surprise,False,0.48216954,0.021269087,0.0010457204,0.44193608,0.051789112,0.00025259814,0.001537858,0.48216954
4220,tess,OAF,OAF_calm_happy.wav,Happy,204,Happy,Surprise,False,0.8112596,0.007847446,0.026403772,0.12680106,0.022249011,0.00090137025,0.004537716,0.8112596
4221,tess,OAF,OAF_calm_neutral.wav,Neutral,185,Neutral,Fear,False,0.67670316,0.02407753,0.049157858,0.67670316,0.09355258,0.0066192127,0.030668154,0.119221464
4222,tess,OAF,OAF_calm_ps.wav,Surprise,214,Surprise,Surprise,True,0.5036396,0.06564733,0.08938266,0.22877242,0.056690626,0.024531648,0.03133574,0.5036396
4223,tess,OAF,OAF_calm_sad.wav,Sad,257,Sad,Neutral,False,0.43455788,0.011041008,0.064682715,0.08569213,0.022602662,0.43455788,0.37401733,0.007406336
4224,tess,OAF,OAF_came_angry.wav,Angry,151,Angry,Surprise,False,0.50998443,0.021937178,0.0027209935,0.3073624,0.1312278,0.010810794,0.015956411,0.50998443
4225,tess,OAF,OAF_came_disgust.wav,Disgust,230,Disgust,Neutral,False,0.21566053,0.1270059,0.20779993,0.113972366,0.015917642,0.21566053,0.12111713,0.1985265
4226,tess,OAF,OAF_came_fear.wav,Fear,151,Fear,Surprise,False,0.60843307,0.01043055,0.0014479598,0.34406626,0.03341529,0.0002509443,0.0019559083,0.60843307
4227,tess,OAF,OAF_came_happy.wav,Happy,205,Happy,Surprise,False,0.8448353,0.0008765978,0.101983026,0.041122116,0.0024719378,0.00041852638,0.0082924925,0.8448353
4228,tess,OAF,OAF_came_neutral.wav,Neutral,211,Neutral,Fear,False,0.40042105,0.0039303284,0.18720141,0.40042105,0.018172653,0.032822255,0.24585137,0.11160099
4229,tess,OAF,OAF_came_ps.wav,Surprise,212,Surprise,Surprise,True,0.4966307,0.025045335,0.11334038,0.28375068,0.019251201,0.018455781,0.043525912,0.4966307
4230,tess,OAF,OAF_came_sad.wav,Sad,249,Sad,Sad,True,0.30312228,0.015780367,0.15356514,0.24793458,0.03932483,0.19281586,0.30312228,0.04745694
4231,tess,OAF,OAF_cause_angry.wav,Angry,167,Angry,Surprise,False,0.5086041,0.01826417,0.0024790382,0.18651246,0.20884806,0.053221337,0.02207085,0.5086041
4232,tess,OAF,OAF_cause_disgust.wav,Disgust,249,Disgust,Neutral,False,0.34335777,0.05634457,0.1874993,0.18605275,0.043497887,0.34335777,0.100623295,0.08262441
4233,tess,OAF,OAF_cause_fear.wav,Fear,167,Fear,Surprise,False,0.5655897,0.0071542053,0.00014621645,0.24915229,0.1768007,0.00018795309,0.0009689156,0.5655897
4234,tess,OAF,OAF_cause_happy.wav,Happy,209,Happy,Surprise,False,0.7084969,0.013840173,0.037365172,0.14031959,0.07004464,0.00901494,0.020918569,0.7084969
4235,tess,OAF,OAF_cause_neutral.wav,Neutral,202,Neutral,Fear,False,0.5282827,0.0060388306,0.027236981,0.5282827,0.21101043,0.013556916,0.05076164,0.16311254
4236,tess,OAF,OAF_cause_ps.wav,Surprise,193,Surprise,Surprise,True,0.44948527,0.0045672776,0.012036076,0.42627758,0.09555915,0.00142379,0.010650882,0.44948527
4237,tess,OAF,OAF_cause_sad.wav,Sad,247,Sad,Fear,False,0.3087288,0.04402056,0.25221136,0.3087288,0.066281796,0.1322338,0.13217115,0.064352535
4238,tess,OAF,OAF_chain_angry.wav,Angry,151,Angry,Surprise,False,0.5167024,0.05561488,0.0014917987,0.22117026,0.17465034,0.022381607,0.007988668,0.5167024
4239,tess,OAF,OAF_chain_disgust.wav,Disgust,232,Disgust,Disgust,True,0.38800624,0.023182401,0.38800624,0.12570518,0.006739313,0.1795239,0.20862386,0.06821916
4240,tess,OAF,OAF_chain_fear.wav,Fear,143,Fear,Surprise,False,0.74731785,0.011179826,0.0011172047,0.15182486,0.070553735,0.004481058,0.013525476,0.74731785
4241,tess,OAF,OAF_chain_happy.wav,Happy,199,Happy,Surprise,False,0.82638294,0.0014784858,0.028100666,0.11815255,0.014001694,0.0012242445,0.010659468,0.82638294
4242,tess,OAF,OAF_chain_neutral.wav,Neutral,212,Neutral,Disgust,False,0.37263614,0.004220725,0.37263614,0.30367085,0.00988274,0.011204048,0.08126196,0.21712352
4243,tess,OAF,OAF_chain_ps.wav,Surprise,196,Surprise,Surprise,True,0.77520823,0.004644273,0.011585574,0.17451921,0.021422291,0.0012896659,0.011330757,0.77520823
4244,tess,OAF,OAF_chain_sad.wav,Sad,252,Sad,Sad,True,0.33218357,0.014329966,0.20770358,0.2224486,0.021668842,0.1790135,0.33218357,0.02265197
4245,tess,OAF,OAF_chair_angry.wav,Angry,159,Angry,Surprise,False,0.38654244,0.0122056445,0.0015683031,0.3639405,0.21870759,0.0058071176,0.01122842,0.38654244
4246,tess,OAF,OAF_chair_disgust.wav,Disgust,228,Disgust,Disgust,True,0.60628074,0.009046074,0.60628074,0.15411976,0.0126605155,0.008078379,0.05538428,0.15443026
4247,tess,OAF,OAF_chair_fear.wav,Fear,167,Fear,Surprise,False,0.5812351,0.0015373563,0.0007972171,0.37464333,0.04031141,4.5543977e-05,0.0014300897,0.5812351
4248,tess,OAF,OAF_chair_happy.wav,Happy,206,Happy,Surprise,False,0.8471145,0.0025611164,0.039671917,0.09938372,0.0077927615,0.00046007975,0.0030158511,0.8471145
4249,tess,OAF,OAF_chair_neutral.wav,Neutral,230,Neutral,Fear,False,0.41364178,0.0048494986,0.25362027,0.41364178,0.014554407,0.025250606,0.16908228,0.11900113
4250,tess,OAF,OAF_chair_ps.wav,Surprise,196,Surprise,Surprise,True,0.7495849,0.0034693608,0.073872276,0.15081675,0.011075253,0.00028005306,0.010901321,0.7495849
4251,tess,OAF,OAF_chair_sad.wav,Sad,253,Sad,Sad,True,0.34195754,0.0071395035,0.32428077,0.13847367,0.0053376625,0.17039949,0.34195754,0.012411354
4252,tess,OAF,OAF_chalk_angry.wav,Angry,135,Angry,Surprise,False,0.5873078,0.068718165,0.0023061119,0.23054332,0.07276418,0.022719625,0.015640749,0.5873078
4253,tess,OAF,OAF_chalk_disgust.wav,Disgust,225,Disgust,Disgust,True,0.46270064,0.04579416,0.46270064,0.095925584,0.009261936,0.16467717,0.18288174,0.038758714
4254,tess,OAF,OAF_chalk_fear.wav,Fear,158,Fear,Surprise,False,0.8800192,0.0009425839,0.00039198238,0.083845146,0.030049447,0.0005271295,0.004224527,0.8800192
4255,tess,OAF,OAF_chalk_happy.wav,Happy,181,Happy,Surprise,False,0.77690214,0.0011596989,0.0030861534,0.15949279,0.0501872,0.0020011666,0.0071708425,0.77690214
4256,tess,OAF,OAF_chalk_neutral.wav,Neutral,206,Neutral,Fear,False,0.39404336,0.008061984,0.18262918,0.39404336,0.030392185,0.039916597,0.088061385,0.25689527
4257,tess,OAF,OAF_chalk_ps.wav,Surprise,198,Surprise,Fear,False,0.4213585,0.0038651538,0.016057106,0.4213585,0.23071764,0.0071009877,0.027082382,0.2938182
4258,tess,OAF,OAF_chalk_sad.wav,Sad,245,Sad,Neutral,False,0.43957567,0.09824185,0.21120559,0.10738873,0.015074211,0.43957567,0.106327906,0.022186069
4259,tess,OAF,OAF_chat_angry.wav,Angry,145,Angry,Fear,False,0.6291925,0.0180431,0.010205353,0.6291925,0.028361555,0.0052023623,0.02093759,0.28805757
4260,tess,OAF,OAF_chat_disgust.wav,Disgust,242,Disgust,Disgust,True,0.2688898,0.019339504,0.2688898,0.26797023,0.015718505,0.122224614,0.16746347,0.13839382
4261,tess,OAF,OAF_chat_fear.wav,Fear,162,Fear,Surprise,False,0.64208734,0.0015201772,0.00059167173,0.20371233,0.14007537,0.0012818547,0.010731307,0.64208734
4262,tess,OAF,OAF_chat_happy.wav,Happy,180,Happy,Surprise,False,0.86169636,0.001092964,0.027041635,0.097738855,0.0056037484,0.00034367837,0.006482763,0.86169636
4263,tess,OAF,OAF_chat_neutral.wav,Neutral,190,Neutral,Fear,False,0.44202942,0.005129179,0.15946093,0.44202942,0.02820547,0.014490089,0.08899763,0.2616873
4264,tess,OAF,OAF_chat_ps.wav,Surprise,185,Surprise,Surprise,True,0.8717501,0.0031242918,0.035478354,0.075874366,0.0062179696,0.0002342613,0.0073206425,0.8717501
4265,tess,OAF,OAF_chat_sad.wav,Sad,238,Sad,Sad,True,0.28183228,0.009055834,0.13525642,0.24913242,0.060581457,0.2005632,0.28183228,0.06357841
4266,tess,OAF,OAF_check_angry.wav,Angry,148,Angry,Surprise,False,0.55260444,0.06484397,0.0063888766,0.30070308,0.0594004,0.0069494466,0.009109743,0.55260444
4267,tess,OAF,OAF_check_disgust.wav,Disgust,237,Disgust,Disgust,True,0.30812132,0.022944355,0.30812132,0.2646223,0.019089706,0.06759734,0.10675931,0.21086565
4268,tess,OAF,OAF_check_fear.wav,Fear,129,Fear,Surprise,False,0.61886567,0.0052594547,0.000104955805,0.30912226,0.0660753,4.8763668e-05,0.00052360084,0.61886567
4269,tess,OAF,OAF_check_happy.wav,Happy,204,Happy,Surprise,False,0.9107994,0.00038275492,0.021108275,0.06084654,0.0027406916,0.00015282778,0.003969567,0.9107994
4270,tess,OAF,OAF_check_neutral.wav,Neutral,184,Neutral,Surprise,False,0.5319001,0.0015139524,0.029531747,0.39458838,0.021875385,0.000931062,0.019659417,0.5319001
4271,tess,OAF,OAF_check_ps.wav,Surprise,212,Surprise,Surprise,True,0.9138889,0.00070468447,0.010973649,0.06709477,0.005145998,7.027091e-05,0.002121764,0.9138889
4272,tess,OAF,OAF_check_sad.wav,Sad,235,Sad,Sad,True,0.29468828,0.0071108555,0.251651,0.22976178,0.017842466,0.13042675,0.29468828,0.06851883
4273,tess,OAF,OAF_cheek_angry.wav,Angry,148,Angry,Surprise,False,0.64944166,0.007316688,0.0023762055,0.28710154,0.044481065,0.0019462116,0.007336668,0.64944166
4274,tess,OAF,OAF_cheek_disgust.wav,Disgust,244,Disgust,Fear,False,0.23461246,0.04455528,0.22393548,0.23461246,0.036817577,0.21564336,0.13648124,0.10795454
4275,tess,OAF,OAF_cheek_fear.wav,Fear,151,Fear,Surprise,False,0.7495571,0.011540496,0.00043286663,0.17528585,0.058103547,0.0015204049,0.003559776,0.7495571
4276,tess,OAF,OAF_cheek_happy.wav,Happy,183,Happy,Surprise,False,0.94932866,0.0004093872,0.0010129416,0.041844547,0.0059766066,6.3162304e-05,0.0013646807,0.94932866
4277,tess,OAF,OAF_cheek_neutral.wav,Neutral,198,Neutral,Fear,False,0.5867134,0.0016220195,0.021901356,0.5867134,0.07449736,0.010884429,0.08010706,0.22427446
4278,tess,OAF,OAF_cheek_ps.wav,Surprise,200,Surprise,Surprise,True,0.6526244,0.002744684,0.0061769383,0.28242186,0.04767197,0.0012234292,0.007136659,0.6526244
4279,tess,OAF,OAF_cheek_sad.wav,Sad,241,Sad,Neutral,False,0.3463634,0.009606337,0.021290384,0.19313851,0.079789735,0.3463634,0.30240828,0.04740341
4280,tess,OAF,OAF_chief_angry.wav,Angry,148,Angry,Surprise,False,0.4384056,0.03893481,0.0033431703,0.3189845,0.1548162,0.029918605,0.0155970985,0.4384056
4281,tess,OAF,OAF_chief_disgust.wav,Disgust,245,Disgust,Fear,False,0.3433557,0.029139873,0.09537315,0.3433557,0.0815689,0.096199825,0.107797205,0.24656528
4282,tess,OAF,OAF_chief_fear.wav,Fear,170,Fear,Surprise,False,0.73496807,0.0134593425,0.0044820854,0.15802401,0.062462866,0.011349555,0.015254008,0.73496807
4283,tess,OAF,OAF_chief_happy.wav,Happy,200,Happy,Surprise,False,0.96272355,0.0005722476,0.0012333746,0.031285934,0.0031617556,5.7820696e-05,0.0009653658,0.96272355
4284,tess,OAF,OAF_chief_neutral.wav,Neutral,201,Neutral,Fear,False,0.77522826,0.0030623772,0.030710964,0.77522826,0.06946974,0.0036413306,0.03954651,0.07834082
4285,tess,OAF,OAF_chief_ps.wav,Surprise,216,Surprise,Surprise,True,0.5855139,0.006575978,0.009325755,0.33111513,0.05130945,0.0032763889,0.012883424,0.5855139
4286,tess,OAF,OAF_chief_sad.wav,Sad,290,Sad,Neutral,False,0.33263576,0.0141468095,0.18302847,0.20498975,0.03677693,0.33263576,0.18113159,0.04729068
4287,tess,OAF,OAF_choice_angry.wav,Angry,145,Angry,Surprise,False,0.8276903,0.007646489,0.000116986914,0.087307155,0.07559359,0.000754209,0.0008913163,0.8276903
4288,tess,OAF,OAF_choice_disgust.wav,Disgust,237,Disgust,Disgust,True,0.5227611,0.0064638034,0.5227611,0.16418524,0.007259823,0.01801419,0.080535404,0.20078044
4289,tess,OAF,OAF_choice_fear.wav,Fear,166,Fear,Surprise,False,0.862584,0.00086781563,0.00010223607,0.10244078,0.033315826,4.7468886e-05,0.00064184284,0.862584
4290,tess,OAF,OAF_choice_happy.wav,Happy,192,Happy,Surprise,False,0.91345114,0.00065112003,0.0011176072,0.06619275,0.01675734,0.00025902802,0.0015710396,0.91345114
4291,tess,OAF,OAF_choice_neutral.wav,Neutral,207,Neutral,Fear,False,0.52954066,0.00089827954,0.11725871,0.52954066,0.019103471,0.008053305,0.10977902,0.21536654
4292,tess,OAF,OAF_choice_ps.wav,Surprise,188,Surprise,Surprise,True,0.89879835,0.0011863962,0.0006263094,0.071498625,0.026905807,9.169897e-05,0.0008929003,0.89879835
4293,tess,OAF,OAF_choice_sad.wav,Sad,282,Sad,Disgust,False,0.31698152,0.010945323,0.31698152,0.18626887,0.00984258,0.21005107,0.23070513,0.03520553
4294,tess,OAF,OAF_cool_angry.wav,Angry,143,Angry,Surprise,False,0.40346283,0.14131255,0.003621805,0.33719802,0.094695374,0.013034864,0.0066745076,0.40346283
4295,tess,OAF,OAF_cool_disgust.wav,Disgust,236,Disgust,Disgust,True,0.5208118,0.033872277,0.5208118,0.16875824,0.015154952,0.06303118,0.07301031,0.1253612
4296,tess,OAF,OAF_cool_fear.wav,Fear,157,Fear,Surprise,False,0.54730886,0.014250191,0.00091627176,0.32118827,0.11323795,0.00048568452,0.002612752,0.54730886
4297,tess,OAF,OAF_cool_happy.wav,Happy,199,Happy,Surprise,False,0.75814766,0.0074066,0.019863093,0.1750327,0.032512326,0.0016908019,0.005346825,0.75814766
4298,tess,OAF,OAF_cool_neutral.wav,Neutral,199,Neutral,Fear,False,0.51756114,0.004296006,0.15580563,0.51756114,0.03543019,0.012981547,0.111537,0.16238846
4299,tess,OAF,OAF_cool_ps.wav,Surprise,171,Surprise,Surprise,True,0.9007842,0.019479891,0.0026488297,0.05813543,0.016226986,0.0006001366,0.0021244898,0.9007842
4300,tess,OAF,OAF_cool_sad.wav,Sad,254,Sad,Fear,False,0.50179374,0.01279482,0.18653154,0.50179374,0.11210448,0.028620943,0.091169566,0.06698487
4301,tess,OAF,OAF_dab_angry.wav,Angry,154,Angry,Surprise,False,0.48371843,0.1265315,0.005929966,0.17572725,0.15250066,0.033584606,0.022007665,0.48371843
4302,tess,OAF,OAF_dab_disgust.wav,Disgust,238,Disgust,Disgust,True,0.6666012,0.009033161,0.6666012,0.0693882,0.008304123,0.031704586,0.177321,0.037647706
4303,tess,OAF,OAF_dab_fear.wav,Fear,147,Fear,Surprise,False,0.6795892,0.017787408,0.011328771,0.22211678,0.029574348,0.011445292,0.028158184,0.6795892
4304,tess,OAF,OAF_dab_happy.wav,Happy,190,Happy,Surprise,False,0.9449484,0.001976549,0.013295942,0.027858617,0.004128337,0.0009911207,0.006801088,0.9449484
4305,tess,OAF,OAF_dab_neutral.wav,Neutral,199,Neutral,Disgust,False,0.41863298,0.00516191,0.41863298,0.20566377,0.026368586,0.02445191,0.20451976,0.11520102
4306,tess,OAF,OAF_dab_ps.wav,Surprise,203,Surprise,Fear,False,0.46165746,0.007797342,0.059373934,0.46165746,0.13120666,0.0090418,0.033637516,0.29728532
4307,tess,OAF,OAF_dab_sad.wav,Sad,279,Sad,Neutral,False,0.54146224,0.0060520316,0.30904993,0.009240122,0.0014959436,0.54146224,0.13075006,0.0019497045
4308,tess,OAF,OAF_date_angry.wav,Angry,145,Angry,Surprise,False,0.6677429,0.009961207,0.0037008557,0.2765695,0.03011964,0.004404859,0.0075010443,0.6677429
4309,tess,OAF,OAF_date_disgust.wav,Disgust,241,Disgust,Disgust,True,0.61559284,0.012595508,0.61559284,0.08537498,0.0071047684,0.05432134,0.0959665,0.1290441
4310,tess,OAF,OAF_date_fear.wav,Fear,155,Fear,Surprise,False,0.89234066,0.0026044163,0.0003525316,0.07910264,0.02397319,0.00020648427,0.0014200644,0.89234066
4311,tess,OAF,OAF_date_happy.wav,Happy,212,Happy,Surprise,False,0.87100524,0.0005053528,0.008385923,0.09924786,0.013582754,0.0004495151,0.006823379,0.87100524
4312,tess,OAF,OAF_date_neutral.wav,Neutral,193,Neutral,Fear,False,0.4250706,0.0011265118,0.04112784,0.4250706,0.030226175,0.008810519,0.11372559,0.37991276
4313,tess,OAF,OAF_date_ps.wav,Surprise,196,Surprise,Surprise,True,0.9566417,0.0002704846,0.004880033,0.029981997,0.0042701033,0.00018111535,0.0037745577,0.9566417
4314,tess,OAF,OAF_date_sad.wav,Sad,245,Sad,Neutral,False,0.429542,0.007465758,0.08895601,0.037151247,0.026964419,0.429542,0.40040082,0.009519782
4315,tess,OAF,OAF_dead_angry.wav,Angry,142,Angry,Surprise,False,0.6892624,0.013863547,0.002778457,0.2418316,0.04445172,0.0026566084,0.005155724,0.6892624
4316,tess,OAF,OAF_dead_disgust.wav,Disgust,235,Disgust,Disgust,True,0.38885635,0.013112829,0.38885635,0.17730066,0.021625685,0.037994493,0.05166506,0.30944487
4317,tess,OAF,OAF_dead_fear.wav,Fear,148,Fear,Surprise,False,0.7643288,0.0049414397,0.000812616,0.19021276,0.036853068,0.0003736385,0.0024776089,0.7643288
4318,tess,OAF,OAF_dead_happy.wav,Happy,194,Happy,Surprise,False,0.8963084,0.0010677523,0.033710822,0.049143847,0.005818884,0.0010533618,0.012896898,0.8963084
4319,tess,OAF,OAF_dead_neutral.wav,Neutral,195,Neutral,Fear,False,0.37364298,0.003585372,0.11931313,0.37364298,0.03790659,0.04432248,0.22887611,0.19235334
4320,tess,OAF,OAF_dead_ps.wav,Surprise,196,Surprise,Surprise,True,0.6693263,0.004557106,0.07883079,0.1609736,0.03653653,0.008760076,0.04101563,0.6693263
4321,tess,OAF,OAF_dead_sad.wav,Sad,267,Sad,Sad,True,0.26669818,0.017769655,0.11261156,0.202913,0.10491709,0.17107926,0.26669818,0.12401129
4322,tess,OAF,OAF_death_angry.wav,Angry,161,Angry,Surprise,False,0.79845095,0.010438611,0.0016529139,0.088259585,0.07321163,0.016527323,0.011458986,0.79845095
4323,tess,OAF,OAF_death_disgust.wav,Disgust,231,Disgust,Disgust,True,0.64020044,0.0066610696,0.64020044,0.1303649,0.0025014484,0.02430604,0.099198505,0.09676757
4324,tess,OAF,OAF_death_fear.wav,Fear,138,Fear,Surprise,False,0.7698081,0.004642224,0.0010998329,0.16244815,0.048217393,0.0048640072,0.008920337,0.7698081
4325,tess,OAF,OAF_death_happy.wav,Happy,185,Happy,Surprise,False,0.9472261,0.00260437,0.0049505895,0.02865288,0.0070954645,0.0028442417,0.0066263587,0.9472261
4326,tess,OAF,OAF_death_neutral.wav,Neutral,205,Neutral,Fear,False,0.39099783,0.003066034,0.18309237,0.39099783,0.017927857,0.019309537,0.11280342,0.27280298
4327,tess,OAF,OAF_death_ps.wav,Surprise,180,Surprise,Surprise,True,0.7441665,0.0042301523,0.008762882,0.18163832,0.049186528,0.0021574455,0.009858199,0.7441665
4328,tess,OAF,OAF_death_sad.wav,Sad,249,Sad,Neutral,False,0.42192033,0.025357636,0.2533706,0.0882239,0.009360666,0.42192033,0.18372564,0.018041221
4329,tess,OAF,OAF_deep_angry.wav,Angry,145,Angry,Surprise,False,0.49136633,0.016184654,0.010829483,0.2723157,0.08012463,0.069731906,0.05944733,0.49136633
4330,tess,OAF,OAF_deep_disgust.wav,Disgust,241,Disgust,Fear,False,0.36107695,0.00856356,0.29826313,0.36107695,0.018539151,0.045627143,0.09693268,0.1709974
4331,tess,OAF,OAF_deep_fear.wav,Fear,148,Fear,Surprise,False,0.82618433,0.0038348914,0.0005211248,0.12848833,0.033260502,0.0016373798,0.0060735526,0.82618433
4332,tess,OAF,OAF_deep_happy.wav,Happy,184,Happy,Surprise,False,0.9533338,0.00029191238,0.009010691,0.031644396,0.002465514,6.483296e-05,0.0031888736,0.9533338
4333,tess,OAF,OAF_deep_neutral.wav,Neutral,182,Neutral,Fear,False,0.60035646,0.0025144976,0.08743395,0.60035646,0.04287549,0.010744916,0.071428604,0.18464608
4334,tess,OAF,OAF_deep_ps.wav,Surprise,206,Surprise,Surprise,True,0.8196414,0.0018705527,0.0058012516,0.13586153,0.01997795,0.0025054119,0.014341868,0.8196414
4335,tess,OAF,OAF_deep_sad.wav,Sad,256,Sad,Neutral,False,0.5203297,0.0065586483,0.07213378,0.029438673,0.024148274,0.5203297,0.3405459,0.006845021
4336,tess,OAF,OAF_dime_angry.wav,Angry,165,Angry,Surprise,False,0.4158952,0.015886797,0.005969269,0.34511372,0.17925991,0.014170985,0.023704182,0.4158952
4337,tess,OAF,OAF_dime_disgust.wav,Disgust,248,Disgust,Disgust,True,0.42062733,0.012624037,0.42062733,0.04300415,0.0023136344,0.25592908,0.2521626,0.01333911
4338,tess,OAF,OAF_dime_fear.wav,Fear,161,Fear,Surprise,False,0.73761684,0.0028468797,0.0016645468,0.19279301,0.043766737,0.00086555205,0.020446481,0.73761684
4339,tess,OAF,OAF_dime_happy.wav,Happy,190,Happy,Surprise,False,0.9559247,0.0016710596,0.0030899749,0.025637934,0.009046487,0.00081220426,0.0038177283,0.9559247
4340,tess,OAF,OAF_dime_neutral.wav,Neutral,206,Neutral,Disgust,False,0.48530352,0.0024656616,0.48530352,0.14805217,0.006705733,0.01938373,0.2170774,0.1210118
4341,tess,OAF,OAF_dime_ps.wav,Surprise,182,Surprise,Surprise,True,0.8695684,0.0070867,0.005897973,0.054310504,0.046683673,0.0046571544,0.011795538,0.8695684
4342,tess,OAF,OAF_dime_sad.wav,Sad,244,Sad,Disgust,False,0.4566437,0.003772659,0.4566437,0.028493164,0.0041481303,0.16955952,0.33342427,0.0039585494
4343,tess,OAF,OAF_dip_angry.wav,Angry,134,Angry,Surprise,False,0.78335035,0.045835666,0.0031361722,0.0723878,0.0471184,0.03636201,0.011809616,0.78335035
4344,tess,OAF,OAF_dip_disgust.wav,Disgust,213,Disgust,Disgust,True,0.3156162,0.077830784,0.3156162,0.11432117,0.021953935,0.13331424,0.106228285,0.23073539
4345,tess,OAF,OAF_dip_fear.wav,Fear,137,Fear,Surprise,False,0.7492605,0.004769466,0.0007829887,0.14195298,0.08856109,0.0071331,0.007539892,0.7492605
4346,tess,OAF,OAF_dip_happy.wav,Happy,206,Happy,Surprise,False,0.7787425,0.0014439424,0.09165758,0.10477729,0.0032871866,0.0017852191,0.018306218,0.7787425
4347,tess,OAF,OAF_dip_neutral.wav,Neutral,173,Neutral,Sad,False,0.42440194,0.00079486356,0.14904645,0.24376102,0.009535398,0.021095058,0.42440194,0.1513653
4348,tess,OAF,OAF_dip_ps.wav,Surprise,227,Surprise,Surprise,True,0.8849612,0.0014896182,0.03673665,0.057176493,0.003066934,0.0014008522,0.015168319,0.8849612
4349,tess,OAF,OAF_dip_sad.wav,Sad,259,Sad,Neutral,False,0.42060286,0.0046814545,0.12306037,0.12839691,0.01218371,0.42060286,0.28734475,0.02372995
4350,tess,OAF,OAF_ditch_angry.wav,Angry,152,Angry,Surprise,False,0.3996836,0.025904313,0.015005705,0.13646793,0.08613137,0.25824744,0.078559645,0.3996836
4351,tess,OAF,OAF_ditch_disgust.wav,Disgust,257,Disgust,Disgust,True,0.44694558,0.024417916,0.44694558,0.18359607,0.007268343,0.120703734,0.114098206,0.10297009
4352,tess,OAF,OAF_ditch_fear.wav,Fear,174,Fear,Surprise,False,0.815524,0.0017357488,0.00055060786,0.0947797,0.07950765,0.0017713867,0.0061308425,0.815524
4353,tess,OAF,OAF_ditch_happy.wav,Happy,202,Happy,Surprise,False,0.8960091,0.0023504368,0.011735362,0.069958396,0.010047729,0.002639827,0.0072590923,0.8960091
4354,tess,OAF,OAF_ditch_neutral.wav,Neutral,199,Neutral,Surprise,False,0.35668895,0.0043125465,0.19752103,0.34856614,0.01277312,0.0125139095,0.067624286,0.35668895
4355,tess,OAF,OAF_ditch_ps.wav,Surprise,201,Surprise,Surprise,True,0.7659394,0.006705804,0.027644988,0.15022866,0.023488363,0.00598637,0.020006482,0.7659394
4356,tess,OAF,OAF_ditch_sad.wav,Sad,253,Sad,Sad,True,0.35199448,0.015527185,0.09693481,0.13649836,0.053214844,0.31507352,0.35199448,0.030756788
4357,tess,OAF,OAF_dodge_angry.wav,Angry,161,Angry,Surprise,False,0.653206,0.012785146,0.0055920384,0.19087833,0.08868745,0.023620667,0.025230318,0.653206
4358,tess,OAF,OAF_dodge_disgust.wav,Disgust,237,Disgust,Disgust,True,0.50138366,0.0134077575,0.50138366,0.11385011,0.008593764,0.114628166,0.17050105,0.07763547
4359,tess,OAF,OAF_dodge_fear.wav,Fear,171,Fear,Surprise,False,0.529645,0.002932102,0.00037617123,0.2268975,0.23390499,0.0011640617,0.005080176,0.529645
4360,tess,OAF,OAF_dodge_happy.wav,Happy,210,Happy,Surprise,False,0.5948478,0.005993063,0.19029763,0.1414668,0.01719628,0.008034073,0.042164374,0.5948478
4361,tess,OAF,OAF_dodge_neutral.wav,Neutral,212,Neutral,Disgust,False,0.44377908,0.0023120646,0.44377908,0.24292225,0.004740241,0.010519199,0.14434776,0.15137939
4362,tess,OAF,OAF_dodge_ps.wav,Surprise,206,Surprise,Surprise,True,0.5336643,0.013453862,0.10443139,0.2427384,0.038258974,0.0151377,0.052315395,0.5336643
4363,tess,OAF,OAF_dodge_sad.wav,Sad,246,Sad,Disgust,False,0.33999708,0.019102015,0.33999708,0.10170834,0.015923962,0.23872791,0.2689733,0.015567313
4364,tess,OAF,OAF_dog_angry.wav,Angry,151,Angry,Surprise,False,0.44598088,0.05934182,0.007873078,0.2990331,0.15892191,0.013455419,0.015393679,0.44598088
4365,tess,OAF,OAF_dog_disgust.wav,Disgust,235,Disgust,Disgust,True,0.4710821,0.024249794,0.4710821,0.13623628,0.010994335,0.03492952,0.062935315,0.25957257
4366,tess,OAF,OAF_dog_fear.wav,Fear,142,Fear,Surprise,False,0.8010207,0.010980678,0.00038810275,0.09959551,0.08406064,0.0013215485,0.0026328166,0.8010207
4367,tess,OAF,OAF_dog_happy.wav,Happy,203,Happy,Surprise,False,0.651977,0.0020636437,0.2800698,0.036557384,0.0025589631,0.0018088196,0.02496439,0.651977
4368,tess,OAF,OAF_dog_neutral.wav,Neutral,203,Neutral,Sad,False,0.40117463,0.0027400644,0.3841749,0.07043089,0.00374965,0.07606581,0.40117463,0.06166409
4369,tess,OAF,OAF_dog_ps.wav,Surprise,215,Surprise,Disgust,False,0.45364484,0.022375528,0.45364484,0.05147051,0.0065408857,0.006027729,0.02270436,0.43723607
4370,tess,OAF,OAF_dog_sad.wav,Sad,249,Sad,Disgust,False,0.3391236,0.013279863,0.3391236,0.069512144,0.013697659,0.3277225,0.22980419,0.006860025
4371,tess,OAF,OAF_doll_angry.wav,Angry,151,Angry,Fear,False,0.5015998,0.077664405,0.009429289,0.5015998,0.17762677,0.018629387,0.01680723,0.1982431
4372,tess,OAF,OAF_doll_disgust.wav,Disgust,225,Disgust,Disgust,True,0.4638512,0.065513946,0.4638512,0.052003503,0.019693201,0.1725295,0.09006293,0.13634577
4373,tess,OAF,OAF_doll_fear.wav,Fear,151,Fear,Surprise,False,0.4999015,0.021983193,0.0017550493,0.29342508,0.17560689,0.001493184,0.005835143,0.4999015
4374,tess,OAF,OAF_doll_happy.wav,Happy,194,Happy,Surprise,False,0.7964438,0.0047328747,0.0395898,0.09510652,0.023501374,0.007033359,0.03359229,0.7964438
4375,tess,OAF,OAF_doll_neutral.wav,Neutral,224,Neutral,Sad,False,0.55882496,0.003675549,0.26167068,0.045314975,0.004483844,0.09585581,0.55882496,0.03017426
4376,tess,OAF,OAF_doll_ps.wav,Surprise,217,Surprise,Disgust,False,0.434325,0.04105668,0.434325,0.094365604,0.009835062,0.04493005,0.07644061,0.29904696
4377,tess,OAF,OAF_doll_sad.wav,Sad,228,Sad,Sad,True,0.517644,0.005158196,0.2197396,0.05267878,0.010288451,0.1794353,0.517644,0.015055701
4378,tess,OAF,OAF_door_angry.wav,Angry,154,Angry,Surprise,False,0.5095319,0.10521693,0.047901902,0.26747856,0.044120643,0.0063926443,0.019357419,0.5095319
4379,tess,OAF,OAF_door_disgust.wav,Disgust,240,Disgust,Disgust,True,0.96885407,0.0016214754,0.96885407,0.008821394,0.000128244,0.00024649198,0.015573939,0.0047544623
4380,tess,OAF,OAF_door_fear.wav,Fear,150,Fear,Surprise,False,0.6386579,0.0034982867,0.01227804,0.3271548,0.011338401,0.00014402083,0.006928543,0.6386579
4381,tess,OAF,OAF_door_happy.wav,Happy,196,Happy,Surprise,False,0.94249034,0.0031322062,0.030250238,0.01853453,0.0021485477,0.00041437964,0.0030297241,0.94249034
4382,tess,OAF,OAF_door_neutral.wav,Neutral,187,Neutral,Disgust,False,0.8159334,0.003171476,0.8159334,0.04514481,0.0011800579,0.010202217,0.07950938,0.044858642
4383,tess,OAF,OAF_door_ps.wav,Surprise,173,Surprise,Surprise,True,0.6807805,0.001414903,0.095239416,0.139604,0.006233451,0.0010630876,0.07566471,0.6807805
4384,tess,OAF,OAF_door_sad.wav,Sad,234,Sad,Disgust,False,0.8762131,0.012257444,0.8762131,0.031972516,0.0019642606,0.012941854,0.05381021,0.010840692
4385,tess,OAF,OAF_fail_angry.wav,Angry,143,Angry,Surprise,False,0.43872404,0.06882902,0.0019906524,0.3452206,0.13750832,0.0045022587,0.0032251307,0.43872404
4386,tess,OAF,OAF_fail_disgust.wav,Disgust,248,Disgust,Disgust,True,0.33856246,0.057036363,0.33856246,0.27432224,0.03614604,0.094798476,0.09178732,0.10734712
4387,tess,OAF,OAF_fail_fear.wav,Fear,150,Fear,Surprise,False,0.6420545,0.014826694,0.013719031,0.28535157,0.028373588,0.00263053,0.013044122,0.6420545
4388,tess,OAF,OAF_fail_happy.wav,Happy,195,Happy,Surprise,False,0.86057377,0.0033382052,0.018652907,0.091203384,0.0147060305,0.0021644158,0.009361282,0.86057377
4389,tess,OAF,OAF_fail_neutral.wav,Neutral,217,Neutral,Fear,False,0.4254159,0.03405772,0.18463218,0.4254159,0.07063168,0.039203167,0.14787753,0.0981818
4390,tess,OAF,OAF_fail_ps.wav,Surprise,197,Surprise,Surprise,True,0.7714747,0.008226744,0.026483485,0.15808982,0.02300871,0.0018242389,0.010892276,0.7714747
4391,tess,OAF,OAF_fail_sad.wav,Sad,272,Sad,Neutral,False,0.30664745,0.018562958,0.15020604,0.17134476,0.07558471,0.30664745,0.23090217,0.046751864
4392,tess,OAF,OAF_fall_angry.wav,Angry,140,Angry,Fear,False,0.4454052,0.056730248,0.005243133,0.4454052,0.06547569,0.0031273603,0.0047946433,0.4192238
4393,tess,OAF,OAF_fall_disgust.wav,Disgust,240,Disgust,Disgust,True,0.394036,0.06917812,0.394036,0.12424685,0.015004693,0.10322094,0.11531085,0.17900252
4394,tess,OAF,OAF_fall_fear.wav,Fear,159,Fear,Surprise,False,0.72331154,0.017369187,0.0011469985,0.2240992,0.030373197,0.00055904774,0.0031407864,0.72331154
4395,tess,OAF,OAF_fall_happy.wav,Happy,195,Happy,Surprise,False,0.9363308,0.0040098205,0.0035037643,0.041277394,0.0133952405,0.00030321348,0.0011797237,0.9363308
4396,tess,OAF,OAF_fall_neutral.wav,Neutral,205,Neutral,Fear,False,0.35207534,0.009441046,0.23266774,0.35207534,0.029705422,0.025021745,0.07366086,0.27742785
4397,tess,OAF,OAF_fall_ps.wav,Surprise,184,Surprise,Surprise,True,0.9046107,0.0047648475,0.0018687057,0.07141858,0.015772175,0.00023040768,0.0013344871,0.9046107
4398,tess,OAF,OAF_fall_sad.wav,Sad,248,Sad,Fear,False,0.27299678,0.026991857,0.16687022,0.27299678,0.07997579,0.206573,0.20899388,0.03759852
4399,tess,OAF,OAF_far_angry.wav,Angry,148,Angry,Surprise,False,0.4546465,0.05892964,0.0045373384,0.2851345,0.13002762,0.042867303,0.02385713,0.4546465
4400,tess,OAF,OAF_far_disgust.wav,Disgust,251,Disgust,Disgust,True,0.50710666,0.037632577,0.50710666,0.18332256,0.020895053,0.04703669,0.06875723,0.13524918
4401,tess,OAF,OAF_far_fear.wav,Fear,157,Fear,Surprise,False,0.88414323,0.00292588,0.004059196,0.09975479,0.0064351284,0.00022085637,0.0024608604,0.88414323
4402,tess,OAF,OAF_far_happy.wav,Happy,204,Happy,Surprise,False,0.93278754,0.0029460804,0.0079622995,0.04206363,0.01020879,0.000737699,0.0032939657,0.93278754
4403,tess,OAF,OAF_far_neutral.wav,Neutral,199,Neutral,Fear,False,0.3270045,0.016159222,0.23304546,0.3270045,0.055501673,0.028086806,0.14805654,0.1921458
4404,tess,OAF,OAF_far_ps.wav,Surprise,202,Surprise,Surprise,True,0.86887676,0.004265824,0.030514741,0.07462848,0.010678589,0.0010469395,0.009988643,0.86887676
4405,tess,OAF,OAF_far_sad.wav,Sad,263,Sad,Disgust,False,0.31614083,0.02919293,0.31614083,0.08684649,0.0388971,0.26140326,0.24109319,0.026426181
4406,tess,OAF,OAF_fat_angry.wav,Angry,145,Angry,Surprise,False,0.4536462,0.02850512,0.010818554,0.4082777,0.04763007,0.027286587,0.023835702,0.4536462
4407,tess,OAF,OAF_fat_disgust.wav,Disgust,218,Disgust,Surprise,False,0.30867937,0.11477021,0.09260403,0.26165694,0.06667762,0.08837558,0.06723624,0.30867937
4408,tess,OAF,OAF_fat_fear.wav,Fear,161,Fear,Surprise,False,0.89755845,0.00051146036,0.00030448154,0.06408704,0.029139455,0.00064026366,0.00775888,0.89755845
4409,tess,OAF,OAF_fat_happy.wav,Happy,183,Happy,Surprise,False,0.9791566,0.00032250458,0.0008910132,0.016059829,0.0021805568,0.00010277396,0.0012867468,0.9791566
4410,tess,OAF,OAF_fat_neutral.wav,Neutral,197,Neutral,Surprise,False,0.49847284,0.003497041,0.09076908,0.25508657,0.035203505,0.014412185,0.102558754,0.49847284
4411,tess,OAF,OAF_fat_ps.wav,Surprise,189,Surprise,Surprise,True,0.887981,0.0006488598,0.008907845,0.08642577,0.010418837,0.00012967075,0.005488085,0.887981
4412,tess,OAF,OAF_fat_sad.wav,Sad,249,Sad,Disgust,False,0.37618914,0.033417378,0.37618914,0.2437317,0.023259839,0.11803529,0.13796559,0.067401044
4413,tess,OAF,OAF_fit_angry.wav,Angry,145,Angry,Surprise,False,0.5449399,0.007260863,0.0019199076,0.35355833,0.07462206,0.008437433,0.009261583,0.5449399
4414,tess,OAF,OAF_fit_disgust.wav,Disgust,211,Disgust,Fear,False,0.43839523,0.012839833,0.13821422,0.43839523,0.05428715,0.017455645,0.054762576,0.28404534
4415,tess,OAF,OAF_fit_fear.wav,Fear,145,Fear,Surprise,False,0.65183216,0.004490799,0.0004973052,0.30498853,0.03468776,0.00045083344,0.0030525273,0.65183216
4416,tess,OAF,OAF_fit_happy.wav,Happy,183,Happy,Surprise,False,0.9124059,0.0021237521,0.009289846,0.06529109,0.0053651156,0.0010036565,0.004520593,0.9124059
4417,tess,OAF,OAF_fit_neutral.wav,Neutral,187,Neutral,Surprise,False,0.5252962,0.002520786,0.15495062,0.15833384,0.015807498,0.012977855,0.13011312,0.5252962
4418,tess,OAF,OAF_fit_ps.wav,Surprise,187,Surprise,Surprise,True,0.88091564,0.0026040769,0.010790245,0.0906742,0.010020568,0.00047772317,0.0045175734,0.88091564
4419,tess,OAF,OAF_fit_sad.wav,Sad,234,Sad,Fear,False,0.229392,0.019887023,0.22375312,0.229392,0.07961877,0.11605666,0.19637287,0.13491955
4420,tess,OAF,OAF_five_angry.wav,Angry,160,Angry,Surprise,False,0.3899911,0.03657334,0.004260059,0.28707394,0.21971774,0.040170744,0.022213109,0.3899911
4421,tess,OAF,OAF_five_disgust.wav,Disgust,239,Disgust,Surprise,False,0.37543058,0.020623079,0.19367392,0.30508184,0.038962252,0.020225964,0.046002332,0.37543058
4422,tess,OAF,OAF_five_fear.wav,Fear,157,Fear,Surprise,False,0.83004063,0.0014196015,7.130893e-05,0.081563585,0.08439656,0.0003178639,0.002190492,0.83004063
4423,tess,OAF,OAF_five_happy.wav,Happy,205,Happy,Surprise,False,0.91002166,0.000591974,0.0029645823,0.07768214,0.008095393,4.8398364e-05,0.0005958576,0.91002166
4424,tess,OAF,OAF_five_neutral.wav,Neutral,194,Neutral,Surprise,False,0.4779586,0.0038850603,0.060087454,0.25052524,0.053631656,0.017192895,0.13671912,0.4779586
4425,tess,OAF,OAF_five_ps.wav,Surprise,219,Surprise,Surprise,True,0.8059213,0.007297162,0.048067894,0.10793031,0.017774435,0.0018097486,0.01119908,0.8059213
4426,tess,OAF,OAF_five_sad.wav,Sad,255,Sad,Disgust,False,0.4069454,0.020162677,0.4069454,0.20369078,0.051480446,0.116404325,0.14085412,0.060462233
4427,tess,OAF,OAF_food_angry.wav,Angry,148,Angry,Surprise,False,0.42114937,0.011019493,0.01379568,0.41353613,0.06045334,0.027998561,0.052047398,0.42114937
4428,tess,OAF,OAF_food_disgust.wav,Disgust,207,Disgust,Surprise,False,0.3856167,0.015680604,0.16371599,0.15454212,0.020051135,0.09948506,0.16090843,0.3856167
4429,tess,OAF,OAF_food_fear.wav,Fear,138,Fear,Surprise,False,0.7053153,0.010797011,0.0028167712,0.19475266,0.058604788,0.008880659,0.018832851,0.7053153
4430,tess,OAF,OAF_food_happy.wav,Happy,206,Happy,Surprise,False,0.8091601,0.0005578898,0.021401716,0.14729036,0.011368759,0.0005606671,0.009660589,0.8091601
4431,tess,OAF,OAF_food_neutral.wav,Neutral,186,Neutral,Fear,False,0.40133405,0.0022863594,0.22195159,0.40133405,0.01839698,0.008968284,0.10935249,0.23771025
4432,tess,OAF,OAF_food_ps.wav,Surprise,209,Surprise,Surprise,True,0.6836578,0.004714434,0.045741644,0.22288175,0.012141983,0.004853455,0.026008945,0.6836578
4433,tess,OAF,OAF_food_sad.wav,Sad,242,Sad,Sad,True,0.27155784,0.02587568,0.19537464,0.1665948,0.033316903,0.21912128,0.27155784,0.08815892
4434,tess,OAF,OAF_gap_angry.wav,Angry,154,Angry,Surprise,False,0.6565757,0.023294449,0.0021706976,0.081118576,0.13893975,0.06593073,0.031970143,0.6565757
4435,tess,OAF,OAF_gap_disgust.wav,Disgust,237,Disgust,Disgust,True,0.4822665,0.03930767,0.4822665,0.10911113,0.0075769466,0.07710671,0.15147576,0.13315529
4436,tess,OAF,OAF_gap_fear.wav,Fear,169,Fear,Surprise,False,0.5659742,0.0008401238,0.00017636037,0.24173333,0.17357725,0.00063722394,0.01706153,0.5659742
4437,tess,OAF,OAF_gap_happy.wav,Happy,177,Happy,Surprise,False,0.96704,0.0004240599,0.0018145795,0.024246551,0.0028679895,0.00015520335,0.003451547,0.96704
4438,tess,OAF,OAF_gap_neutral.wav,Neutral,194,Neutral,Surprise,False,0.46271896,0.0110187195,0.1252644,0.21291202,0.037912782,0.041328724,0.10884442,0.46271896
4439,tess,OAF,OAF_gap_ps.wav,Surprise,199,Surprise,Surprise,True,0.80336475,0.010814754,0.011255296,0.10250212,0.054376278,0.005881921,0.0118048405,0.80336475
4440,tess,OAF,OAF_gap_sad.wav,Sad,299,Sad,Disgust,False,0.7120449,0.0047101947,0.7120449,0.050910477,0.0034042129,0.10735924,0.11252005,0.009050969
4441,tess,OAF,OAF_gas_angry.wav,Angry,145,Angry,Surprise,False,0.6533507,0.024933172,0.0019304464,0.25116926,0.060238373,0.0028500396,0.005528033,0.6533507
4442,tess,OAF,OAF_gas_disgust.wav,Disgust,228,Disgust,Disgust,True,0.31191018,0.035290897,0.31191018,0.1726284,0.023392923,0.11524648,0.15044022,0.19109088
4443,tess,OAF,OAF_gas_fear.wav,Fear,141,Fear,Fear,True,0.47278026,0.0016162114,0.00026982027,0.47278026,0.15379514,0.00037492218,0.0051673898,0.36599624
4444,tess,OAF,OAF_gas_happy.wav,Happy,220,Happy,Surprise,False,0.7846446,0.0112556685,0.082552515,0.0885595,0.011470116,0.005797453,0.015720118,0.7846446
4445,tess,OAF,OAF_gas_neutral.wav,Neutral,209,Neutral,Fear,False,0.43876696,0.004990129,0.056847114,0.43876696,0.095333315,0.0049711387,0.056028277,0.34306312
4446,tess,OAF,OAF_gas_ps.wav,Surprise,241,Surprise,Surprise,True,0.39228895,0.020155085,0.29962552,0.17975761,0.013561171,0.018049804,0.07656187,0.39228895
4447,tess,OAF,OAF_gas_sad.wav,Sad,268,Sad,Sad,True,0.28397968,0.016778931,0.2354441,0.1676097,0.02719551,0.23682135,0.28397968,0.032170728
4448,tess,OAF,OAF_gaze_angry.wav,Angry,164,Angry,Surprise,False,0.72291136,0.00641983,0.00084408355,0.13279483,0.12528168,0.0029484471,0.008799702,0.72291136
4449,tess,OAF,OAF_gaze_disgust.wav,Disgust,261,Disgust,Disgust,True,0.34798494,0.024139361,0.34798494,0.1669855,0.028447082,0.16290307,0.1555002,0.114039816
4450,tess,OAF,OAF_gaze_fear.wav,Fear,167,Fear,Surprise,False,0.7908329,0.005178389,0.0009917426,0.1515114,0.049188714,0.00034018338,0.0019567076,0.7908329
4451,tess,OAF,OAF_gaze_happy.wav,Happy,209,Happy,Surprise,False,0.8790456,0.0022192572,0.003942046,0.08995219,0.019720646,0.0011617835,0.003958509,0.8790456
4452,tess,OAF,OAF_gaze_neutral.wav,Neutral,219,Neutral,Fear,False,0.42621428,0.009651189,0.08546797,0.42621428,0.040722065,0.028820068,0.12532966,0.28379476
4453,tess,OAF,OAF_gaze_ps.wav,Surprise,205,Surprise,Surprise,True,0.56303567,0.024002483,0.026157156,0.26142415,0.081723124,0.0115384115,0.032119,0.56303567
4454,tess,OAF,OAF_gaze_sad.wav,Sad,295,Sad,Neutral,False,0.30774567,0.010414737,0.2912709,0.09576692,0.08495929,0.30774567,0.18045078,0.029391743
4455,tess,OAF,OAF_germ_angry.wav,Angry,142,Angry,Fear,False,0.42092007,0.06435908,0.019381367,0.42092007,0.10605281,0.0414232,0.030861225,0.31700218
4456,tess,OAF,OAF_germ_disgust.wav,Disgust,244,Disgust,Disgust,True,0.82877135,0.0065396,0.82877135,0.03703641,0.0032335464,0.009703272,0.06223392,0.052481983
4457,tess,OAF,OAF_germ_fear.wav,Fear,163,Fear,Surprise,False,0.82842064,0.011862266,0.0075740097,0.13320732,0.015526409,0.0002694313,0.0031398619,0.82842064
4458,tess,OAF,OAF_germ_happy.wav,Happy,215,Happy,Surprise,False,0.8944019,0.0032072815,0.04046527,0.054943122,0.0033866211,0.00025288813,0.0033428783,0.8944019
4459,tess,OAF,OAF_germ_neutral.wav,Neutral,210,Neutral,Disgust,False,0.50669384,0.001973921,0.50669384,0.17986792,0.0036353571,0.0072394162,0.21310869,0.08748088
4460,tess,OAF,OAF_germ_ps.wav,Surprise,212,Surprise,Surprise,True,0.72356486,0.00948635,0.21807417,0.037685905,0.001745932,0.00053309597,0.008909646,0.72356486
4461,tess,OAF,OAF_germ_sad.wav,Sad,251,Sad,Disgust,False,0.30206707,0.020848682,0.30206707,0.1642467,0.029319666,0.1273881,0.28707698,0.06905278
4462,tess,OAF,OAF_get_angry.wav,Angry,161,Angry,Surprise,False,0.6673009,0.0075582145,0.0021961408,0.15543608,0.100940935,0.043809038,0.022758713,0.6673009
4463,tess,OAF,OAF_get_disgust.wav,Disgust,215,Disgust,Surprise,False,0.52721,0.02289911,0.0779383,0.22913219,0.054961197,0.03871408,0.04914511,0.52721
4464,tess,OAF,OAF_get_fear.wav,Fear,125,Fear,Surprise,False,0.6946922,0.010553551,0.00024462515,0.21745262,0.0754821,0.0004201453,0.0011547998,0.6946922
4465,tess,OAF,OAF_get_happy.wav,Happy,189,Happy,Surprise,False,0.8951707,0.00085774873,0.024879083,0.06503647,0.004128289,0.0006667832,0.009260877,0.8951707
4466,tess,OAF,OAF_get_neutral.wav,Neutral,187,Neutral,Surprise,False,0.7521102,0.0015598811,0.031424247,0.15410411,0.020042894,0.0047670854,0.03599161,0.7521102
4467,tess,OAF,OAF_get_ps.wav,Surprise,186,Surprise,Surprise,True,0.9596936,0.00078966253,0.009258749,0.024918387,0.0025091462,0.00015654237,0.0026739927,0.9596936
4468,tess,OAF,OAF_get_sad.wav,Sad,237,Sad,Sad,True,0.5433594,0.0034463252,0.120270945,0.08731884,0.02926831,0.19850007,0.5433594,0.01783617
4469,tess,OAF,OAF_gin_angry.wav,Angry,158,Angry,Surprise,False,0.7228608,0.011500818,0.0034866685,0.16068532,0.08157413,0.009942004,0.009950314,0.7228608
4470,tess,OAF,OAF_gin_disgust.wav,Disgust,241,Disgust,Disgust,True,0.50910854,0.005086135,0.50910854,0.14893319,0.0062897187,0.046526425,0.16389717,0.12015878
4471,tess,OAF,OAF_gin_fear.wav,Fear,154,Fear,Surprise,False,0.5068891,0.018681498,0.004838966,0.3955323,0.063774936,0.002946007,0.007337173,0.5068891
4472,tess,OAF,OAF_gin_happy.wav,Happy,193,Happy,Surprise,False,0.8109932,0.0011786622,0.021791749,0.1459367,0.010375614,0.00047809415,0.009245947,0.8109932
4473,tess,OAF,OAF_gin_neutral.wav,Neutral,209,Neutral,Surprise,False,0.32140806,0.002323828,0.27804706,0.29199713,0.009306481,0.004369147,0.09254829,0.32140806
4474,tess,OAF,OAF_gin_ps.wav,Surprise,202,Surprise,Surprise,True,0.86418664,0.0033752108,0.036568902,0.08051964,0.007839313,0.00083261397,0.0066776806,0.86418664
4475,tess,OAF,OAF_gin_sad.wav,Sad,268,Sad,Disgust,False,0.33195412,0.0072644562,0.33195412,0.14603995,0.045942064,0.18593115,0.2508046,0.03206367
4476,tess,OAF,OAF_goal_angry.wav,Angry,149,Angry,Surprise,False,0.41893724,0.065578535,0.008112357,0.33297276,0.15099658,0.012270992,0.011131472,0.41893724
4477,tess,OAF,OAF_goal_disgust.wav,Disgust,239,Disgust,Disgust,True,0.56906974,0.015155943,0.56906974,0.14281335,0.012345972,0.045611236,0.10888297,0.10612079
4478,tess,OAF,OAF_goal_fear.wav,Fear,157,Fear,Fear,True,0.5601862,0.01677149,0.0025756941,0.5601862,0.06571667,0.000598684,0.009920975,0.34423023
4479,tess,OAF,OAF_goal_happy.wav,Happy,198,Happy,Surprise,False,0.90400696,0.008349964,0.008757591,0.0552864,0.017817026,0.0013569838,0.0044251103,0.90400696
4480,tess,OAF,OAF_goal_neutral.wav,Neutral,195,Neutral,Disgust,False,0.2836531,0.018844668,0.2836531,0.24342272,0.0364193,0.022124132,0.1725309,0.22300519
4481,tess,OAF,OAF_goal_ps.wav,Surprise,195,Surprise,Surprise,True,0.81428623,0.028184569,0.007701934,0.07701247,0.06529052,0.0015558348,0.005968494,0.81428623
4482,tess,OAF,OAF_goal_sad.wav,Sad,257,Sad,Disgust,False,0.47491586,0.0137717435,0.47491586,0.10457721,0.05601047,0.11882666,0.19418944,0.03770862
4483,tess,OAF,OAF_good_angry.wav,Angry,150,Angry,Surprise,False,0.5176902,0.025075424,0.0052871965,0.29530922,0.1100107,0.026421478,0.02020586,0.5176902
4484,tess,OAF,OAF_good_disgust.wav,Disgust,231,Disgust,Disgust,True,0.5956346,0.0041661602,0.5956346,0.18095255,0.0074404357,0.007938133,0.046494495,0.15737362
4485,tess,OAF,OAF_good_fear.wav,Fear,142,Fear,Fear,True,0.49343684,0.010027565,0.0015353707,0.49343684,0.03524288,0.00078452344,0.0067750127,0.45219776
4486,tess,OAF,OAF_good_happy.wav,Happy,188,Happy,Surprise,False,0.8906298,0.00065269606,0.018975936,0.079288036,0.0050536804,0.00050786446,0.004892024,0.8906298
4487,tess,OAF,OAF_good_neutral.wav,Neutral,187,Neutral,Fear,False,0.40526807,0.0018487042,0.12810634,0.40526807,0.034270234,0.012268259,0.15503721,0.26320124
4488,tess,OAF,OAF_good_ps.wav,Surprise,178,Surprise,Surprise,True,0.9700833,0.0005097404,0.0011219258,0.021378037,0.005285588,0.00011706202,0.0015043683,0.9700833
4489,tess,OAF,OAF_good_sad.wav,Sad,236,Sad,Sad,True,0.30543008,0.006052222,0.15537457,0.22755156,0.050673943,0.22207323,0.30543008,0.03284436
4490,tess,OAF,OAF_goose_angry.wav,Angry,145,Angry,Surprise,False,0.45593503,0.036405697,0.0016740151,0.34309506,0.1432876,0.0131347785,0.006467875,0.45593503
4491,tess,OAF,OAF_goose_disgust.wav,Disgust,231,Disgust,Fear,False,0.3572512,0.009869803,0.29078332,0.3572512,0.020834232,0.061170705,0.101296626,0.15879409
4492,tess,OAF,OAF_goose_fear.wav,Fear,154,Fear,Surprise,False,0.53093004,0.012174365,0.00046901777,0.28093833,0.16476779,0.004512447,0.006207973,0.53093004
4493,tess,OAF,OAF_goose_happy.wav,Happy,183,Happy,Surprise,False,0.9837006,0.00049483497,0.00012778732,0.010649986,0.0047758953,3.193879e-05,0.00021904835,0.9837006
4494,tess,OAF,OAF_goose_neutral.wav,Neutral,225,Neutral,Fear,False,0.47018197,0.0037521548,0.18472733,0.47018197,0.019534117,0.017349005,0.09218108,0.21227431
4495,tess,OAF,OAF_goose_ps.wav,Surprise,213,Surprise,Surprise,True,0.8727086,0.008785993,0.00961511,0.07945062,0.019629328,0.0024458894,0.0073644132,0.8727086
4496,tess,OAF,OAF_goose_sad.wav,Sad,252,Sad,Neutral,False,0.27307588,0.04588052,0.13695545,0.23422047,0.032102715,0.27307588,0.22641549,0.05134947
4497,tess,OAF,OAF_gun_angry.wav,Angry,151,Angry,Surprise,False,0.4119558,0.021821778,0.011577282,0.3701698,0.098869786,0.04570687,0.03989874,0.4119558
4498,tess,OAF,OAF_gun_disgust.wav,Disgust,235,Disgust,Disgust,True,0.41000226,0.008647084,0.41000226,0.24485576,0.011003498,0.030068317,0.06543743,0.22998556
4499,tess,OAF,OAF_gun_fear.wav,Fear,159,Fear,Fear,True,0.49409723,0.008678063,0.0006645467,0.49409723,0.14047985,0.00042909064,0.0029469205,0.3527043
4500,tess,OAF,OAF_gun_happy.wav,Happy,197,Happy,Surprise,False,0.97686464,0.00015365628,0.00065415894,0.019808702,0.0022169854,1.5560776e-05,0.00028627514,0.97686464
4501,tess,OAF,OAF_gun_neutral.wav,Neutral,194,Neutral,Surprise,False,0.5251571,0.003085838,0.034330845,0.3739968,0.04554485,0.0021260153,0.015758555,0.5251571
4502,tess,OAF,OAF_gun_ps.wav,Surprise,199,Surprise,Surprise,True,0.9319794,0.0020674805,0.014474432,0.039330333,0.0065229614,0.00045670453,0.0051686596,0.9319794
4503,tess,OAF,OAF_gun_sad.wav,Sad,251,Sad,Sad,True,0.5296788,0.003577133,0.058264527,0.15185985,0.043585338,0.18953377,0.5296788,0.023500565
4504,tess,OAF,OAF_half_angry.wav,Angry,167,Angry,Surprise,False,0.62852347,0.003446015,0.0020524259,0.27043292,0.064369135,0.0059217657,0.02525427,0.62852347
4505,tess,OAF,OAF_half_disgust.wav,Disgust,222,Disgust,Surprise,False,0.3054317,0.051314384,0.060439672,0.27247185,0.090308554,0.14036514,0.07966879,0.3054317
4506,tess,OAF,OAF_half_fear.wav,Fear,166,Fear,Surprise,False,0.6785958,0.0022033216,0.0002429943,0.15056564,0.16119519,0.00071597303,0.0064810687,0.6785958
4507,tess,OAF,OAF_half_happy.wav,Happy,206,Happy,Surprise,False,0.8265643,0.0023712898,0.005208066,0.12328075,0.034424,0.0011819742,0.006969598,0.8265643
4508,tess,OAF,OAF_half_neutral.wav,Neutral,187,Neutral,Sad,False,0.2748526,0.009530537,0.09539232,0.23721232,0.110614285,0.076463364,0.2748526,0.19593452
4509,tess,OAF,OAF_half_ps.wav,Surprise,196,Surprise,Surprise,True,0.7211521,0.0058627995,0.0045029405,0.12912695,0.11545981,0.0064452947,0.017450105,0.7211521
4510,tess,OAF,OAF_half_sad.wav,Sad,254,Sad,Neutral,False,0.342584,0.081570506,0.086509034,0.16323285,0.11255676,0.342584,0.16954388,0.044002883
4511,tess,OAF,OAF_hall_angry.wav,Angry,148,Angry,Fear,False,0.41360012,0.016288003,0.0020479574,0.41360012,0.13026416,0.01354835,0.019805217,0.40444615
4512,tess,OAF,OAF_hall_disgust.wav,Disgust,211,Disgust,Fear,False,0.27882197,0.057011224,0.14115603,0.27882197,0.08251628,0.15187567,0.12082475,0.16779408
4513,tess,OAF,OAF_hall_fear.wav,Fear,133,Fear,Surprise,False,0.6994816,0.014199434,0.0006075842,0.2304639,0.04654312,0.0027152654,0.00598908,0.6994816
4514,tess,OAF,OAF_hall_happy.wav,Happy,199,Happy,Surprise,False,0.8108756,0.0037776923,0.008160606,0.11511677,0.04958705,0.0018314563,0.010650813,0.8108756
4515,tess,OAF,OAF_hall_neutral.wav,Neutral,195,Neutral,Fear,False,0.3522232,0.0042513157,0.023467442,0.3522232,0.16117208,0.009101255,0.10493885,0.34484583
4516,tess,OAF,OAF_hall_ps.wav,Surprise,205,Surprise,Fear,False,0.45666772,0.0322217,0.053281244,0.45666772,0.1558062,0.010666093,0.04801723,0.24333988
4517,tess,OAF,OAF_hall_sad.wav,Sad,243,Sad,Sad,True,0.4116323,0.010960485,0.09297787,0.14027354,0.11957322,0.1965568,0.4116323,0.028025756
4518,tess,OAF,OAF_hash_angry.wav,Angry,164,Angry,Surprise,False,0.42892742,0.084230594,0.006121064,0.253695,0.11895535,0.079087555,0.028983016,0.42892742
4519,tess,OAF,OAF_hash_disgust.wav,Disgust,260,Disgust,Disgust,True,0.26095504,0.060186338,0.26095504,0.16018215,0.062228568,0.106121846,0.17113876,0.17918727
4520,tess,OAF,OAF_hash_fear.wav,Fear,180,Fear,Surprise,False,0.42662448,0.002386596,0.0009065004,0.25606906,0.28807092,0.0012263606,0.024716133,0.42662448
4521,tess,OAF,OAF_hash_happy.wav,Happy,202,Happy,Surprise,False,0.743518,0.0052664196,0.0036687902,0.15951894,0.068561405,0.0050296853,0.0144366585,0.743518
4522,tess,OAF,OAF_hash_neutral.wav,Neutral,216,Neutral,Fear,False,0.4773533,0.012384915,0.06969985,0.4773533,0.1328109,0.05353723,0.15598588,0.09822788
4523,tess,OAF,OAF_hash_ps.wav,Surprise,193,Surprise,Surprise,True,0.70393395,0.0060203765,0.0031398563,0.16917084,0.095599785,0.005120281,0.017014842,0.70393395
4524,tess,OAF,OAF_hash_sad.wav,Sad,236,Sad,Fear,False,0.45397097,0.022129508,0.12519161,0.45397097,0.11137363,0.11441339,0.13399784,0.038923047
4525,tess,OAF,OAF_hate_angry.wav,Angry,141,Angry,Fear,False,0.51474905,0.008790204,0.001910625,0.51474905,0.057649106,0.0042005223,0.012743127,0.39995733
4526,tess,OAF,OAF_hate_disgust.wav,Disgust,237,Disgust,Surprise,False,0.34170842,0.008920289,0.123176396,0.19019887,0.0788665,0.04298126,0.21414833,0.34170842
4527,tess,OAF,OAF_hate_fear.wav,Fear,145,Fear,Surprise,False,0.70637816,0.0024870653,0.00096050184,0.24790506,0.033054825,0.0009717903,0.008242531,0.70637816
4528,tess,OAF,OAF_hate_happy.wav,Happy,173,Happy,Surprise,False,0.9159809,0.00055376376,0.00027813407,0.066476814,0.014922434,0.000115869465,0.0016721165,0.9159809
4529,tess,OAF,OAF_hate_neutral.wav,Neutral,176,Neutral,Fear,False,0.73385715,0.0021471004,0.03343644,0.73385715,0.07465911,0.01007999,0.052253023,0.09356718
4530,tess,OAF,OAF_hate_ps.wav,Surprise,199,Surprise,Surprise,True,0.69856083,0.0019600752,0.0024996034,0.237131,0.053826068,0.0008653863,0.005156952,0.69856083
4531,tess,OAF,OAF_hate_sad.wav,Sad,235,Sad,Fear,False,0.30971664,0.01564984,0.092602715,0.30971664,0.13987483,0.124743134,0.21486555,0.102547236
4532,tess,OAF,OAF_have_angry.wav,Angry,141,Angry,Fear,False,0.34893477,0.045490123,0.0033624864,0.34893477,0.18044506,0.1429992,0.053453006,0.22531532
4533,tess,OAF,OAF_have_disgust.wav,Disgust,240,Disgust,Disgust,True,0.20975155,0.09916146,0.20975155,0.15705667,0.08911365,0.19058952,0.13344882,0.12087829
4534,tess,OAF,OAF_have_fear.wav,Fear,147,Fear,Surprise,False,0.6380483,0.0015793872,0.00041716223,0.2807877,0.06458573,0.0006603636,0.013921347,0.6380483
4535,tess,OAF,OAF_have_happy.wav,Happy,205,Happy,Surprise,False,0.35804814,0.012220285,0.083733775,0.35106257,0.08050298,0.042071614,0.07236068,0.35804814
4536,tess,OAF,OAF_have_neutral.wav,Neutral,192,Neutral,Fear,False,0.38667977,0.0017558333,0.029755516,0.38667977,0.15846586,0.011915758,0.1370429,0.27438438
4537,tess,OAF,OAF_have_ps.wav,Surprise,213,Surprise,Surprise,True,0.7664893,0.02478641,0.029411737,0.12361806,0.029541453,0.0070923427,0.019060742,0.7664893
4538,tess,OAF,OAF_have_sad.wav,Sad,242,Sad,Disgust,False,0.32409903,0.040405586,0.32409903,0.20412861,0.078506865,0.10589046,0.20284368,0.04412576
4539,tess,OAF,OAF_haze_angry.wav,Angry,145,Angry,Surprise,False,0.4355247,0.023657791,0.0022635378,0.3645521,0.13197882,0.026862353,0.015160632,0.4355247
4540,tess,OAF,OAF_haze_disgust.wav,Disgust,233,Disgust,Fear,False,0.37024656,0.023002436,0.079028055,0.37024656,0.1055939,0.10484855,0.11991799,0.19736256
4541,tess,OAF,OAF_haze_fear.wav,Fear,154,Fear,Surprise,False,0.6637173,0.00315503,0.000650238,0.23364477,0.08501525,0.0034840498,0.010333305,0.6637173
4542,tess,OAF,OAF_haze_happy.wav,Happy,202,Happy,Surprise,False,0.90629387,0.0004040906,0.0011507435,0.079171196,0.01047641,0.00019387831,0.0023097636,0.90629387
4543,tess,OAF,OAF_haze_neutral.wav,Neutral,198,Neutral,Fear,False,0.7114189,0.0035099697,0.057958454,0.7114189,0.0717338,0.010614039,0.07714704,0.06761785
4544,tess,OAF,OAF_haze_ps.wav,Surprise,211,Surprise,Surprise,True,0.835976,0.011726341,0.014077588,0.10103594,0.019220056,0.0038545013,0.014109537,0.835976
4545,tess,OAF,OAF_haze_sad.wav,Sad,264,Sad,Fear,False,0.33397433,0.024005989,0.1388712,0.33397433,0.172607,0.11342404,0.1629945,0.054122936
4546,tess,OAF,OAF_hire_angry.wav,Angry,151,Angry,Surprise,False,0.42149737,0.020217707,0.0024266432,0.27180684,0.21274926,0.04762534,0.023676803,0.42149737
4547,tess,OAF,OAF_hire_disgust.wav,Disgust,205,Disgust,Surprise,False,0.32776144,0.014883296,0.07346154,0.26061168,0.14068747,0.06830185,0.11429275,0.32776144
4548,tess,OAF,OAF_hire_fear.wav,Fear,163,Fear,Surprise,False,0.62978107,0.0011941055,0.00024488638,0.2654981,0.099354565,0.0003213827,0.0036059055,0.62978107
4549,tess,OAF,OAF_hire_happy.wav,Happy,196,Happy,Surprise,False,0.86686414,0.0011723454,0.008466944,0.09381555,0.024596844,0.0006810901,0.0044030817,0.86686414
4550,tess,OAF,OAF_hire_neutral.wav,Neutral,196,Neutral,Surprise,False,0.30168772,0.0045441627,0.06099269,0.30130392,0.116594546,0.036582105,0.17829488,0.30168772
4551,tess,OAF,OAF_hire_ps.wav,Surprise,205,Surprise,Surprise,True,0.4660778,0.011538259,0.06569241,0.34344983,0.071919784,0.006274436,0.035047535,0.4660778
4552,tess,OAF,OAF_hire_sad.wav,Sad,250,Sad,Sad,True,0.3286513,0.020308614,0.12170014,0.10761585,0.10650495,0.27489325,0.3286513,0.04032592
4553,tess,OAF,OAF_hit_angry.wav,Angry,136,Angry,Surprise,False,0.55251515,0.017620282,0.0072359466,0.3930719,0.019766435,0.002178258,0.0076120086,0.55251515
4554,tess,OAF,OAF_hit_disgust.wav,Disgust,215,Disgust,Fear,False,0.34849176,0.01909244,0.12349397,0.34849176,0.053342238,0.018922303,0.11362168,0.32303563
4555,tess,OAF,OAF_hit_fear.wav,Fear,157,Fear,Surprise,False,0.72421044,0.0007089095,0.00014910268,0.15093718,0.11437336,0.001139251,0.00848176,0.72421044
4556,tess,OAF,OAF_hit_happy.wav,Happy,199,Happy,Surprise,False,0.9623299,0.00019427476,0.0005226387,0.024676276,0.009552936,8.658924e-05,0.0026373395,0.9623299
4557,tess,OAF,OAF_hit_neutral.wav,Neutral,186,Neutral,Fear,False,0.36373085,0.0014115714,0.034187913,0.36373085,0.08110256,0.009464848,0.23137608,0.2787262
4558,tess,OAF,OAF_hit_ps.wav,Surprise,177,Surprise,Surprise,True,0.93746305,0.00092654425,0.001144911,0.05008774,0.009037795,4.9519454e-05,0.0012903628,0.93746305
4559,tess,OAF,OAF_hit_sad.wav,Sad,220,Sad,Fear,False,0.40965936,0.0059047625,0.059816543,0.40965936,0.13644294,0.010419906,0.14687237,0.23088415
4560,tess,OAF,OAF_hole_angry.wav,Angry,148,Angry,Surprise,False,0.4655345,0.022142503,0.0018165848,0.40529543,0.08898294,0.0050762477,0.011151745,0.4655345
4561,tess,OAF,OAF_hole_disgust.wav,Disgust,228,Disgust,Fear,False,0.44776353,0.08586308,0.117049314,0.44776353,0.1109237,0.033265393,0.05631909,0.14881593
4562,tess,OAF,OAF_hole_fear.wav,Fear,142,Fear,Surprise,False,0.66653156,0.0045458074,0.0005238847,0.30613568,0.019328665,0.00011392591,0.0028205002,0.66653156
4563,tess,OAF,OAF_hole_happy.wav,Happy,200,Happy,Surprise,False,0.7705391,0.002628171,0.0033101274,0.122712396,0.08771808,0.0021641,0.010928016,0.7705391
4564,tess,OAF,OAF_hole_neutral.wav,Neutral,189,Neutral,Fear,False,0.29613674,0.006427853,0.23228456,0.29613674,0.040588398,0.00624188,0.20980504,0.20851555
4565,tess,OAF,OAF_hole_ps.wav,Surprise,216,Surprise,Surprise,True,0.78603476,0.02265604,0.015702335,0.14936522,0.01929721,0.00080401025,0.0061403667,0.78603476
4566,tess,OAF,OAF_hole_sad.wav,Sad,258,Sad,Neutral,False,0.39516878,0.025133707,0.18969868,0.056455117,0.048453778,0.39516878,0.26186043,0.023229532
4567,tess,OAF,OAF_home_angry.wav,Angry,145,Angry,Fear,False,0.48552677,0.00978571,0.000939649,0.48552677,0.10282865,0.002576622,0.0061416295,0.39220098
4568,tess,OAF,OAF_home_disgust.wav,Disgust,234,Disgust,Fear,False,0.55071497,0.029454323,0.14455561,0.55071497,0.086699225,0.024826407,0.08665258,0.0770969
4569,tess,OAF,OAF_home_fear.wav,Fear,157,Fear,Surprise,False,0.6499917,0.004204178,0.0007676238,0.28085217,0.057103757,0.00026702415,0.006813537,0.6499917
4570,tess,OAF,OAF_home_happy.wav,Happy,179,Happy,Surprise,False,0.92255956,0.0011372273,0.0006509018,0.060357787,0.013042592,0.00019769381,0.0020541588,0.92255956
4571,tess,OAF,OAF_home_neutral.wav,Neutral,202,Neutral,Fear,False,0.5508804,0.002046678,0.04778694,0.5508804,0.10237623,0.013906278,0.19549903,0.08750456
4572,tess,OAF,OAF_home_ps.wav,Surprise,186,Surprise,Surprise,True,0.8183039,0.0041566207,0.009063924,0.14564018,0.018552845,0.000265608,0.0040169843,0.8183039
4573,tess,OAF,OAF_home_sad.wav,Sad,222,Sad,Sad,True,0.26981622,0.026512124,0.18630041,0.20363227,0.06885384,0.19199045,0.26981622,0.052894685
4574,tess,OAF,OAF_hurl_angry.wav,Angry,158,Angry,Surprise,False,0.3256432,0.1593774,0.023969365,0.30145514,0.110024616,0.057657156,0.021873066,0.3256432
4575,tess,OAF,OAF_hurl_disgust.wav,Disgust,227,Disgust,Disgust,True,0.30696064,0.024314048,0.30696064,0.24740228,0.05456189,0.010706553,0.05859686,0.29745772
4576,tess,OAF,OAF_hurl_fear.wav,Fear,140,Fear,Surprise,False,0.6678888,0.0061386493,0.0008655772,0.28745106,0.028541641,0.0017370642,0.007377227,0.6678888
4577,tess,OAF,OAF_hurl_happy.wav,Happy,186,Happy,Surprise,False,0.9624028,0.00072454073,0.0011272421,0.031983882,0.0033119072,1.381747e-05,0.0004358045,0.9624028
4578,tess,OAF,OAF_hurl_neutral.wav,Neutral,198,Neutral,Fear,False,0.44593447,0.0028850539,0.14622682,0.44593447,0.05672845,0.012312734,0.17200771,0.16390482
4579,tess,OAF,OAF_hurl_ps.wav,Surprise,184,Surprise,Surprise,True,0.91155446,0.0031495013,0.01003468,0.052850943,0.013046143,0.0006287794,0.008735488,0.91155446
4580,tess,OAF,OAF_hurl_sad.wav,Sad,248,Sad,Disgust,False,0.28556812,0.07837908,0.28556812,0.14326821,0.062104087,0.24089843,0.15347143,0.036310695
4581,tess,OAF,OAF_hush_angry.wav,Angry,154,Angry,Fear,False,0.3527379,0.041106205,0.012184746,0.3527379,0.14711335,0.11050726,0.044234212,0.29211637
4582,tess,OAF,OAF_hush_disgust.wav,Disgust,253,Disgust,Fear,False,0.30765277,0.041193753,0.22367074,0.30765277,0.03330986,0.081384145,0.05468337,0.2581054
4583,tess,OAF,OAF_hush_fear.wav,Fear,154,Fear,Fear,True,0.4363149,0.0016373937,0.00026329208,0.4363149,0.1311602,0.00024419767,0.0028901577,0.42748985
4584,tess,OAF,OAF_hush_happy.wav,Happy,189,Happy,Surprise,False,0.8541074,0.004607515,0.0004631724,0.10364596,0.034843445,0.0005215099,0.0018110428,0.8541074
4585,tess,OAF,OAF_hush_neutral.wav,Neutral,205,Neutral,Fear,False,0.51925296,0.012158165,0.08987592,0.51925296,0.08788256,0.039149955,0.11743333,0.13424705
4586,tess,OAF,OAF_hush_ps.wav,Surprise,196,Surprise,Surprise,True,0.6715141,0.0042705,0.003285089,0.23223512,0.0807938,0.0010555693,0.0068458226,0.6715141
4587,tess,OAF,OAF_hush_sad.wav,Sad,274,Sad,Neutral,False,0.31782442,0.024714598,0.14658403,0.17900334,0.08293289,0.31782442,0.16937049,0.079570234
4588,tess,OAF,OAF_jail_angry.wav,Angry,148,Angry,Fear,False,0.47441462,0.10471344,0.012536585,0.47441462,0.123148076,0.011341896,0.01165206,0.26219335
4589,tess,OAF,OAF_jail_disgust.wav,Disgust,255,Disgust,Disgust,True,0.59564465,0.018521149,0.59564465,0.08027066,0.029500572,0.071604565,0.13493553,0.0695228
4590,tess,OAF,OAF_jail_fear.wav,Fear,170,Fear,Fear,True,0.45351377,0.0038776144,0.0032460396,0.45351377,0.111185394,0.0015114883,0.02710723,0.39955845
4591,tess,OAF,OAF_jail_happy.wav,Happy,176,Happy,Surprise,False,0.91805315,0.0056665107,0.016214356,0.04387998,0.00959236,0.0009932908,0.005600296,0.91805315
4592,tess,OAF,OAF_jail_neutral.wav,Neutral,214,Neutral,Fear,False,0.4270995,0.008235457,0.30727926,0.4270995,0.013515061,0.014372761,0.066728316,0.16276954
4593,tess,OAF,OAF_jail_ps.wav,Surprise,203,Surprise,Surprise,True,0.6476529,0.02969607,0.029967394,0.24336793,0.038491398,0.0041087978,0.006715499,0.6476529
4594,tess,OAF,OAF_jail_sad.wav,Sad,246,Sad,Disgust,False,0.45265052,0.015661417,0.45265052,0.14514387,0.011071184,0.1253207,0.2078738,0.042278536
4595,tess,OAF,OAF_jar_angry.wav,Angry,156,Angry,Surprise,False,0.6265923,0.09074563,0.019863682,0.193697,0.03869841,0.014119263,0.016283726,0.6265923
4596,tess,OAF,OAF_jar_disgust.wav,Disgust,243,Disgust,Disgust,True,0.7856669,0.014485161,0.7856669,0.04122621,0.0015577722,0.020438613,0.10575213,0.030873219
4597,tess,OAF,OAF_jar_fear.wav,Fear,166,Fear,Surprise,False,0.58986783,0.001465671,0.0005055441,0.32838792,0.06977571,0.00038832825,0.009609008,0.58986783
4598,tess,OAF,OAF_jar_happy.wav,Happy,193,Happy,Surprise,False,0.9131061,0.0029478557,0.008458606,0.05267826,0.013513107,0.0018070913,0.007488957,0.9131061
4599,tess,OAF,OAF_jar_neutral.wav,Neutral,206,Neutral,Disgust,False,0.54236865,0.008313662,0.54236865,0.2360274,0.0057733958,0.010601278,0.09781347,0.099102184
4600,tess,OAF,OAF_jar_ps.wav,Surprise,196,Surprise,Surprise,True,0.5806933,0.00455122,0.004428055,0.31366816,0.089596905,0.0005319076,0.006530495,0.5806933
4601,tess,OAF,OAF_jar_sad.wav,Sad,249,Sad,Disgust,False,0.6577794,0.0224946,0.6577794,0.07715661,0.007780387,0.07850211,0.14038351,0.015903307
4602,tess,OAF,OAF_join_angry.wav,Angry,159,Angry,Surprise,False,0.59029484,0.022244893,0.0047900598,0.27584964,0.09065528,0.007979437,0.008185828,0.59029484
4603,tess,OAF,OAF_join_disgust.wav,Disgust,227,Disgust,Disgust,True,0.83065313,0.008734346,0.83065313,0.037506763,0.0012866013,0.012233056,0.05260037,0.056985755
4604,tess,OAF,OAF_join_fear.wav,Fear,148,Fear,Surprise,False,0.6874179,0.0049717496,0.00073326816,0.22333942,0.07358315,0.0013974815,0.0085569965,0.6874179
4605,tess,OAF,OAF_join_happy.wav,Happy,201,Happy,Surprise,False,0.56109136,0.0017237522,0.3361488,0.08373241,0.0029941255,0.00068401214,0.013625526,0.56109136
4606,tess,OAF,OAF_join_neutral.wav,Neutral,224,Neutral,Disgust,False,0.5074794,0.001312076,0.5074794,0.21132311,0.0030638785,0.004503288,0.0888,0.18351816
4607,tess,OAF,OAF_join_ps.wav,Surprise,209,Surprise,Surprise,True,0.4777923,0.026052464,0.29705948,0.1291824,0.010296999,0.01278667,0.04682972,0.4777923
4608,tess,OAF,OAF_join_sad.wav,Sad,248,Sad,Disgust,False,0.41951993,0.008518362,0.41951993,0.16194558,0.010567638,0.14479914,0.23624672,0.018402595
4609,tess,OAF,OAF_judge_angry.wav,Angry,148,Angry,Surprise,False,0.57357204,0.025143664,0.003780672,0.26020658,0.111715905,0.015139583,0.010441499,0.57357204
4610,tess,OAF,OAF_judge_disgust.wav,Disgust,225,Disgust,Disgust,True,0.50019956,0.010148629,0.50019956,0.15830371,0.011070267,0.029259168,0.11313514,0.17788354
4611,tess,OAF,OAF_judge_fear.wav,Fear,138,Fear,Surprise,False,0.64827764,0.01158233,0.0005599599,0.24929768,0.084698796,0.0014532283,0.0041304156,0.64827764
4612,tess,OAF,OAF_judge_happy.wav,Happy,211,Happy,Surprise,False,0.8112827,0.001746745,0.01497717,0.14670557,0.019376326,0.00063440483,0.005277033,0.8112827
4613,tess,OAF,OAF_judge_neutral.wav,Neutral,210,Neutral,Surprise,False,0.4158046,0.0013923798,0.13547322,0.35898256,0.018660588,0.004017489,0.06566919,0.4158046
4614,tess,OAF,OAF_judge_ps.wav,Surprise,231,Surprise,Surprise,True,0.47950938,0.008402271,0.35460538,0.09928594,0.00681308,0.0062749805,0.04510898,0.47950938
4615,tess,OAF,OAF_judge_sad.wav,Sad,263,Sad,Disgust,False,0.6241438,0.019250585,0.6241438,0.084360585,0.02233632,0.057008,0.16215086,0.03074991
4616,tess,OAF,OAF_jug_angry.wav,Angry,155,Angry,Surprise,False,0.63391167,0.014316078,0.0072077843,0.20587808,0.07257698,0.03445461,0.031654816,0.63391167
4617,tess,OAF,OAF_jug_disgust.wav,Disgust,225,Disgust,Disgust,True,0.59882385,0.005706746,0.59882385,0.09669243,0.005260315,0.025751721,0.10671074,0.16105425
4618,tess,OAF,OAF_jug_fear.wav,Fear,180,Fear,Surprise,False,0.48704624,0.00054249406,0.0007805529,0.32146487,0.17769615,0.00056676136,0.011902953,0.48704624
4619,tess,OAF,OAF_jug_happy.wav,Happy,209,Happy,Surprise,False,0.8357419,0.000875568,0.017980406,0.11882958,0.012996391,0.0014306955,0.012145428,0.8357419
4620,tess,OAF,OAF_jug_neutral.wav,Neutral,212,Neutral,Surprise,False,0.42017454,0.0024319226,0.040345583,0.38095644,0.037340246,0.02893423,0.08981695,0.42017454
4621,tess,OAF,OAF_jug_ps.wav,Surprise,215,Surprise,Surprise,True,0.87055665,0.002792058,0.035999324,0.07365791,0.011450024,0.00037315072,0.005170909,0.87055665
4622,tess,OAF,OAF_jug_sad.wav,Sad,242,Sad,Disgust,False,0.4359981,0.0025189943,0.4359981,0.1471768,0.006835,0.067228794,0.31900042,0.02124187
4623,tess,OAF,OAF_juice_angry.wav,Angry,161,Angry,Neutral,False,0.59151274,0.05015632,0.018771669,0.062042464,0.05538074,0.59151274,0.06877222,0.15336388
4624,tess,OAF,OAF_juice_disgust.wav,Disgust,242,Disgust,Neutral,False,0.27683038,0.058691736,0.20497365,0.19570246,0.03755444,0.27683038,0.12280423,0.103443064
4625,tess,OAF,OAF_juice_fear.wav,Fear,164,Fear,Surprise,False,0.68568397,0.004660681,0.0026677116,0.18965943,0.07905793,0.007560189,0.03071008,0.68568397
4626,tess,OAF,OAF_juice_happy.wav,Happy,203,Happy,Surprise,False,0.9178721,0.002204509,0.0046839155,0.061834365,0.008994521,0.0008512369,0.003559451,0.9178721
4627,tess,OAF,OAF_juice_neutral.wav,Neutral,215,Neutral,Fear,False,0.35617277,0.003618441,0.2408864,0.35617277,0.012359729,0.020849317,0.15726398,0.20884939
4628,tess,OAF,OAF_juice_ps.wav,Surprise,218,Surprise,Surprise,True,0.5994332,0.016135167,0.10965033,0.20391464,0.016270733,0.016950741,0.037645213,0.5994332
4629,tess,OAF,OAF_juice_sad.wav,Sad,254,Sad,Neutral,False,0.44328317,0.0056962585,0.12903835,0.08496761,0.03398499,0.44328317,0.2935706,0.009458997
4630,tess,OAF,OAF_keen_angry.wav,Angry,169,Angry,Surprise,False,0.5538543,0.017640976,0.011187544,0.2930088,0.08221353,0.01661828,0.025476616,0.5538543
4631,tess,OAF,OAF_keen_disgust.wav,Disgust,261,Disgust,Disgust,True,0.3024106,0.03635446,0.3024106,0.27542657,0.018336715,0.10314816,0.16821563,0.09610785
4632,tess,OAF,OAF_keen_fear.wav,Fear,157,Fear,Surprise,False,0.48285055,0.033649474,0.004411995,0.3867706,0.078185186,0.00495687,0.009175336,0.48285055
4633,tess,OAF,OAF_keen_happy.wav,Happy,187,Happy,Surprise,False,0.93116486,0.0012371478,0.012962275,0.04675696,0.0038875996,0.00032637725,0.0036647078,0.93116486
4634,tess,OAF,OAF_keen_neutral.wav,Neutral,215,Neutral,Fear,False,0.32773846,0.009829069,0.2920175,0.32773846,0.009759142,0.046879202,0.20270687,0.11106977
4635,tess,OAF,OAF_keen_ps.wav,Surprise,193,Surprise,Surprise,True,0.84639984,0.0058383956,0.02198173,0.10624851,0.01230945,0.0012777714,0.005944249,0.84639984
4636,tess,OAF,OAF_keen_sad.wav,Sad,246,Sad,Disgust,False,0.4084595,0.0071941987,0.4084595,0.3104563,0.014496017,0.07619186,0.13120125,0.052000917
4637,tess,OAF,OAF_keep_angry.wav,Angry,156,Angry,Surprise,False,0.71697843,0.007759888,0.008274464,0.17652822,0.05016302,0.016935866,0.023360107,0.71697843
4638,tess,OAF,OAF_keep_disgust.wav,Disgust,255,Disgust,Disgust,True,0.31649247,0.020705014,0.31649247,0.25273722,0.013118545,0.17068149,0.15823603,0.068029195
4639,tess,OAF,OAF_keep_fear.wav,Fear,167,Fear,Surprise,False,0.7638426,0.005284729,0.0018422197,0.12936364,0.07829862,0.00970789,0.011660288,0.7638426
4640,tess,OAF,OAF_keep_happy.wav,Happy,186,Happy,Surprise,False,0.95383674,0.00021185154,0.008815008,0.03249741,0.0018528408,6.084166e-05,0.002725339,0.95383674
4641,tess,OAF,OAF_keep_neutral.wav,Neutral,190,Neutral,Fear,False,0.57281697,0.0021621543,0.028700685,0.57281697,0.10489501,0.018588353,0.15425994,0.11857695
4642,tess,OAF,OAF_keep_ps.wav,Surprise,210,Surprise,Surprise,True,0.772736,0.00410711,0.020612866,0.16457504,0.016223036,0.004090292,0.017655686,0.772736
4643,tess,OAF,OAF_keep_sad.wav,Sad,277,Sad,Neutral,False,0.30992,0.010044469,0.09827752,0.2797274,0.044811614,0.30992,0.19655478,0.060664203
4644,tess,OAF,OAF_keg_angry.wav,Angry,141,Angry,Surprise,False,0.50781685,0.026196998,0.0035449434,0.37954822,0.07092433,0.004465921,0.007502745,0.50781685
4645,tess,OAF,OAF_keg_disgust.wav,Disgust,243,Disgust,Disgust,True,0.29643878,0.017476775,0.29643878,0.24619052,0.028397053,0.0933923,0.16468397,0.15342063
4646,tess,OAF,OAF_keg_fear.wav,Fear,160,Fear,Surprise,False,0.69449955,0.008430314,0.001620411,0.24405311,0.04797411,0.00037297205,0.0030494935,0.69449955
4647,tess,OAF,OAF_keg_happy.wav,Happy,184,Happy,Surprise,False,0.960706,0.00041452592,0.004976385,0.030041438,0.0019618548,6.078786e-05,0.0018391144,0.960706
4648,tess,OAF,OAF_keg_neutral.wav,Neutral,187,Neutral,Surprise,False,0.49452728,0.0073911743,0.10814862,0.3192159,0.031498812,0.0044546053,0.03476364,0.49452728
4649,tess,OAF,OAF_keg_ps.wav,Surprise,189,Surprise,Surprise,True,0.8774588,0.001284644,0.009968579,0.09653933,0.0102024665,0.0002654124,0.0042807767,0.8774588
4650,tess,OAF,OAF_keg_sad.wav,Sad,241,Sad,Fear,False,0.27843806,0.017035542,0.12439249,0.27843806,0.06925181,0.2225848,0.24421848,0.04407882
4651,tess,OAF,OAF_kick_angry.wav,Angry,141,Angry,Surprise,False,0.7850406,0.015773494,0.0027666085,0.17359611,0.017954804,0.0010050512,0.003863307,0.7850406
4652,tess,OAF,OAF_kick_disgust.wav,Disgust,221,Disgust,Surprise,False,0.42073244,0.013317774,0.19556859,0.2822028,0.017698161,0.015523903,0.054956306,0.42073244
4653,tess,OAF,OAF_kick_fear.wav,Fear,132,Fear,Surprise,False,0.5840141,0.0077127623,0.00023237232,0.34018922,0.06712712,0.0001639971,0.00056041183,0.5840141
4654,tess,OAF,OAF_kick_happy.wav,Happy,218,Happy,Surprise,False,0.93944836,0.0006341533,0.008334489,0.045016006,0.0036474406,0.00023762885,0.0026818549,0.93944836
4655,tess,OAF,OAF_kick_neutral.wav,Neutral,200,Neutral,Surprise,False,0.47955444,0.0027785546,0.034705926,0.38698754,0.053114485,0.0067027127,0.036156315,0.47955444
4656,tess,OAF,OAF_kick_ps.wav,Surprise,203,Surprise,Surprise,True,0.8906626,0.0013884436,0.014321486,0.07237653,0.012921837,0.0004424826,0.007886662,0.8906626
4657,tess,OAF,OAF_kick_sad.wav,Sad,262,Sad,Fear,False,0.36579,0.01080123,0.18226741,0.36579,0.043994226,0.12797196,0.14417303,0.12500213
4658,tess,OAF,OAF_kill_angry.wav,Angry,147,Angry,Surprise,False,0.5035512,0.019601867,0.0009516552,0.36006182,0.11093546,0.001902639,0.002995376,0.5035512
4659,tess,OAF,OAF_kill_disgust.wav,Disgust,218,Disgust,Disgust,True,0.51052547,0.004985146,0.51052547,0.20978166,0.009010106,0.010798036,0.08899421,0.1659054
4660,tess,OAF,OAF_kill_fear.wav,Fear,148,Fear,Surprise,False,0.7014922,0.0102336155,0.0009725063,0.23517115,0.050106715,0.0003073569,0.0017164774,0.7014922
4661,tess,OAF,OAF_kill_happy.wav,Happy,221,Happy,Surprise,False,0.6218324,0.00481176,0.2189241,0.13293244,0.007433435,0.0018252969,0.012240597,0.6218324
4662,tess,OAF,OAF_kill_neutral.wav,Neutral,208,Neutral,Disgust,False,0.39809468,0.0023994858,0.39809468,0.19409226,0.008655548,0.043024115,0.29653007,0.057203773
4663,tess,OAF,OAF_kill_ps.wav,Surprise,224,Surprise,Disgust,False,0.44703594,0.006607714,0.44703594,0.08773123,0.0048573692,0.0014205546,0.021544682,0.43080255
4664,tess,OAF,OAF_kill_sad.wav,Sad,260,Sad,Neutral,False,0.28591958,0.020971568,0.22971933,0.1529871,0.022199258,0.28591958,0.25617313,0.03203001
4665,tess,OAF,OAF_king_angry.wav,Angry,160,Angry,Fear,False,0.45709524,0.032607563,0.020891575,0.45709524,0.05359982,0.03144315,0.031388912,0.3729737
4666,tess,OAF,OAF_king_disgust.wav,Disgust,227,Disgust,Disgust,True,0.4424193,0.013090725,0.4424193,0.23060104,0.006106125,0.026657764,0.14579536,0.1353297
4667,tess,OAF,OAF_king_fear.wav,Fear,161,Fear,Surprise,False,0.7440539,0.00874919,0.001978672,0.2134812,0.026770808,0.0008981248,0.004068097,0.7440539
4668,tess,OAF,OAF_king_happy.wav,Happy,188,Happy,Surprise,False,0.93192923,0.00026092515,0.002117442,0.0590256,0.0046403175,9.655328e-05,0.0019298783,0.93192923
4669,tess,OAF,OAF_king_neutral.wav,Neutral,213,Neutral,Fear,False,0.3993039,0.0047391457,0.20146291,0.3993039,0.020626716,0.008407878,0.11719454,0.24826486
4670,tess,OAF,OAF_king_ps.wav,Surprise,192,Surprise,Surprise,True,0.823417,0.0029642559,0.03814074,0.12288528,0.006003855,0.00048042106,0.006108399,0.823417
4671,tess,OAF,OAF_king_sad.wav,Sad,255,Sad,Fear,False,0.3984907,0.0049323644,0.31101206,0.3984907,0.029533302,0.01964831,0.077466875,0.1589164
4672,tess,OAF,OAF_kite_angry.wav,Angry,150,Angry,Surprise,False,0.5241182,0.009516511,0.0015445533,0.35128734,0.103770725,0.0024927624,0.0072698835,0.5241182
4673,tess,OAF,OAF_kite_disgust.wav,Disgust,215,Disgust,Fear,False,0.5452675,0.008668212,0.13776211,0.5452675,0.03576649,0.01165063,0.04340912,0.21747597
4674,tess,OAF,OAF_kite_fear.wav,Fear,141,Fear,Surprise,False,0.8146216,0.009491635,0.0005681465,0.14856856,0.024755692,0.000196773,0.001797628,0.8146216
4675,tess,OAF,OAF_kite_happy.wav,Happy,187,Happy,Surprise,False,0.9152328,0.00022513035,0.0023948736,0.07757187,0.0030846125,4.7120495e-05,0.0014437041,0.9152328
4676,tess,OAF,OAF_kite_neutral.wav,Neutral,193,Neutral,Fear,False,0.41372186,0.0012181102,0.08801536,0.41372186,0.04819544,0.026755907,0.21126644,0.21082689
4677,tess,OAF,OAF_kite_ps.wav,Surprise,192,Surprise,Surprise,True,0.60923916,0.0027976918,0.0021042675,0.31609932,0.06767523,0.00016806043,0.0019162508,0.60923916
4678,tess,OAF,OAF_kite_sad.wav,Sad,265,Sad,Neutral,False,0.2651426,0.01579949,0.207164,0.21564811,0.010554169,0.2651426,0.26044428,0.025247332
4679,tess,OAF,OAF_knock_angry.wav,Angry,167,Angry,Surprise,False,0.40341708,0.053171054,0.025806118,0.18186687,0.082253054,0.18021625,0.07326959,0.40341708
4680,tess,OAF,OAF_knock_disgust.wav,Disgust,237,Disgust,Disgust,True,0.32234788,0.054835554,0.32234788,0.06281031,0.024802048,0.21251592,0.27625945,0.046428785
4681,tess,OAF,OAF_knock_fear.wav,Fear,148,Fear,Surprise,False,0.53584087,0.0014930223,0.00019948262,0.3300097,0.11992941,0.0015670246,0.010960496,0.53584087
4682,tess,OAF,OAF_knock_happy.wav,Happy,186,Happy,Surprise,False,0.8415823,0.0015342467,0.028124617,0.08347659,0.018486412,0.0020638164,0.024732077,0.8415823
4683,tess,OAF,OAF_knock_neutral.wav,Neutral,194,Neutral,Sad,False,0.5165828,0.0007901258,0.040839385,0.2638231,0.08482028,0.043234263,0.5165828,0.049910046
4684,tess,OAF,OAF_knock_ps.wav,Surprise,207,Surprise,Surprise,True,0.50002563,0.0012636064,0.0059185675,0.3106719,0.14633726,0.0027979217,0.032985203,0.50002563
4685,tess,OAF,OAF_knock_sad.wav,Sad,254,Sad,Neutral,False,0.5244048,0.050707534,0.11406764,0.027540557,0.009475227,0.5244048,0.2697362,0.004067964
4686,tess,OAF,OAF_late_angry.wav,Angry,145,Angry,Fear,False,0.7515974,0.004469688,0.0025191703,0.7515974,0.07266494,0.005258133,0.018428192,0.14506248
4687,tess,OAF,OAF_late_disgust.wav,Disgust,232,Disgust,Surprise,False,0.47579443,0.0027198838,0.03872675,0.31800905,0.07765568,0.0077924044,0.07930173,0.47579443
4688,tess,OAF,OAF_late_fear.wav,Fear,157,Fear,Fear,True,0.4539042,0.0012561707,0.00016184474,0.4539042,0.1673199,0.0004586053,0.011146518,0.36575285
4689,tess,OAF,OAF_late_happy.wav,Happy,197,Happy,Surprise,False,0.8536806,0.00012369934,0.00019477181,0.09206882,0.050637975,7.1998526e-05,0.0032220976,0.8536806
4690,tess,OAF,OAF_late_neutral.wav,Neutral,203,Neutral,Fear,False,0.36439118,0.0019380845,0.0135785,0.36439118,0.22067323,0.011698655,0.1668048,0.22091548
4691,tess,OAF,OAF_late_ps.wav,Surprise,193,Surprise,Surprise,True,0.6263995,0.00063661585,0.001255181,0.25712645,0.10633428,0.00054814987,0.00769988,0.6263995
4692,tess,OAF,OAF_late_sad.wav,Sad,240,Sad,Neutral,False,0.3408438,0.022181744,0.16211982,0.14344807,0.04538768,0.3408438,0.23593439,0.05008446
4693,tess,OAF,OAF_laud_angry.wav,Angry,166,Angry,Fear,False,0.58605564,0.011051457,0.0060003647,0.58605564,0.14223075,0.006450354,0.041511446,0.20670006
4694,tess,OAF,OAF_laud_disgust.wav,Disgust,225,Disgust,Sad,False,0.39055154,0.036260124,0.31514344,0.05333501,0.019574353,0.12147064,0.39055154,0.06366487
4695,tess,OAF,OAF_laud_fear.wav,Fear,153,Fear,Fear,True,0.47319624,0.0027918655,0.0006268024,0.47319624,0.05524316,0.00014116873,0.010140472,0.45786026
4696,tess,OAF,OAF_laud_happy.wav,Happy,188,Happy,Surprise,False,0.54119116,0.0006356395,0.0010309948,0.27641165,0.16305661,0.00069276843,0.016981093,0.54119116
4697,tess,OAF,OAF_laud_neutral.wav,Neutral,202,Neutral,Sad,False,0.664902,0.0014890853,0.020188525,0.09749708,0.12900095,0.064872324,0.664902,0.022050137
4698,tess,OAF,OAF_laud_ps.wav,Surprise,179,Surprise,Surprise,True,0.6840913,0.00888427,0.006800975,0.10480013,0.13671193,0.01294659,0.045764826,0.6840913
4699,tess,OAF,OAF_laud_sad.wav,Sad,236,Sad,Sad,True,0.322269,0.037813064,0.1264295,0.12859176,0.119353145,0.2543894,0.322269,0.011154165
4700,tess,OAF,OAF_lean_angry.wav,Angry,156,Angry,Fear,False,0.5865354,0.0046717077,0.001738568,0.5865354,0.24499346,0.04393791,0.079115964,0.039006945
4701,tess,OAF,OAF_lean_disgust.wav,Disgust,217,Disgust,Fear,False,0.40639684,0.007667639,0.048186176,0.40639684,0.061374497,0.07771486,0.24772288,0.15093713
4702,tess,OAF,OAF_lean_fear.wav,Fear,143,Fear,Surprise,False,0.582381,0.0015708482,0.00032664798,0.33668607,0.06474576,0.0016129354,0.0126766935,0.582381
4703,tess,OAF,OAF_lean_happy.wav,Happy,209,Happy,Surprise,False,0.7490943,0.0015066736,0.013690679,0.13793638,0.04447855,0.0065958714,0.04669764,0.7490943
4704,tess,OAF,OAF_lean_neutral.wav,Neutral,186,Neutral,Sad,False,0.5868866,0.0015098655,0.05257107,0.2158533,0.032467615,0.048265416,0.5868866,0.06244618
4705,tess,OAF,OAF_lean_ps.wav,Surprise,204,Surprise,Surprise,True,0.48591408,0.00095599977,0.006797993,0.33551398,0.083523296,0.0059037693,0.081390835,0.48591408
4706,tess,OAF,OAF_lean_sad.wav,Sad,244,Sad,Sad,True,0.44512677,0.0051719984,0.089017585,0.14980628,0.04602069,0.25344303,0.44512677,0.0114137065
4707,tess,OAF,OAF_learn_angry.wav,Angry,141,Angry,Fear,False,0.5273098,0.0051001105,0.004163244,0.5273098,0.13301918,0.026513522,0.059239876,0.24465436
4708,tess,OAF,OAF_learn_disgust.wav,Disgust,228,Disgust,Disgust,True,0.32494086,0.01699415,0.32494086,0.28672758,0.041193057,0.015711302,0.2063607,0.10807234
4709,tess,OAF,OAF_learn_fear.wav,Fear,158,Fear,Fear,True,0.5816894,0.00194485,0.0007164477,0.5816894,0.12532608,0.0008098594,0.03125576,0.25825757
4710,tess,OAF,OAF_learn_happy.wav,Happy,193,Happy,Surprise,False,0.8364473,0.00022364303,0.0018136097,0.117834486,0.034745507,6.4691994e-05,0.008870731,0.8364473
4711,tess,OAF,OAF_learn_neutral.wav,Neutral,209,Neutral,Sad,False,0.536301,0.002000805,0.33203062,0.092397906,0.005706682,0.011371635,0.536301,0.020191252
4712,tess,OAF,OAF_learn_ps.wav,Surprise,201,Surprise,Surprise,True,0.5203397,0.005840862,0.05614248,0.3549039,0.029271629,0.0007543679,0.032747045,0.5203397
4713,tess,OAF,OAF_learn_sad.wav,Sad,244,Sad,Sad,True,0.7111617,0.0052263583,0.14235896,0.018251706,0.00837972,0.112723105,0.7111617,0.0018984858
4714,tess,OAF,OAF_lease_angry.wav,Angry,154,Angry,Fear,False,0.47984868,0.005656378,0.0024727173,0.47984868,0.18117926,0.112522475,0.0696274,0.14869304
4715,tess,OAF,OAF_lease_disgust.wav,Disgust,221,Disgust,Fear,False,0.37661237,0.011883897,0.035709824,0.37661237,0.1758794,0.13937822,0.14401478,0.11652142
4716,tess,OAF,OAF_lease_fear.wav,Fear,154,Fear,Surprise,False,0.49425298,0.001414084,0.0003229558,0.22068366,0.25093785,0.009930223,0.022458257,0.49425298
4717,tess,OAF,OAF_lease_happy.wav,Happy,225,Happy,Surprise,False,0.6399439,0.0033913325,0.009132999,0.24727397,0.049367722,0.0071685626,0.04372151,0.6399439
4718,tess,OAF,OAF_lease_neutral.wav,Neutral,211,Neutral,Sad,False,0.42777345,0.0042397236,0.05694253,0.27549487,0.06064026,0.10327874,0.42777345,0.071630396
4719,tess,OAF,OAF_lease_ps.wav,Surprise,218,Surprise,Fear,False,0.36118057,0.0045952797,0.02766951,0.36118057,0.05219989,0.018987866,0.20931578,0.3260511
4720,tess,OAF,OAF_lease_sad.wav,Sad,260,Sad,Neutral,False,0.6215266,0.019618265,0.020156434,0.035097744,0.044656504,0.6215266,0.24828453,0.010659956
4721,tess,OAF,OAF_lid_angry.wav,Angry,138,Angry,Fear,False,0.5521418,0.009414304,0.00055626134,0.5521418,0.2070343,0.012794408,0.013520925,0.20453806
4722,tess,OAF,OAF_lid_disgust.wav,Disgust,201,Disgust,Fear,False,0.43844828,0.0009545247,0.05713464,0.43844828,0.06288571,0.0058483714,0.13477758,0.29995102
4723,tess,OAF,OAF_lid_fear.wav,Fear,152,Fear,Fear,True,0.6306197,0.0014806694,0.00025671913,0.6306197,0.10988564,0.00070748,0.016756482,0.2402933
4724,tess,OAF,OAF_lid_happy.wav,Happy,202,Happy,Surprise,False,0.8428923,0.00028924356,0.0012757321,0.12608357,0.023712037,9.774289e-05,0.005649474,0.8428923
4725,tess,OAF,OAF_lid_neutral.wav,Neutral,198,Neutral,Sad,False,0.3978526,0.00067622546,0.021846894,0.35715312,0.07811601,0.033873677,0.3978526,0.11048145
4726,tess,OAF,OAF_lid_ps.wav,Surprise,195,Surprise,Surprise,True,0.85622066,0.0015725346,0.002945043,0.09428227,0.034211807,0.0007107419,0.01005693,0.85622066
4727,tess,OAF,OAF_lid_sad.wav,Sad,253,Sad,Fear,False,0.35540143,0.009987856,0.083109684,0.35540143,0.17694138,0.08862274,0.18320866,0.10272831
4728,tess,OAF,OAF_life_angry.wav,Angry,138,Angry,Surprise,False,0.5005316,0.03493549,0.002131422,0.36981934,0.07422963,0.009635567,0.008716972,0.5005316
4729,tess,OAF,OAF_life_disgust.wav,Disgust,241,Disgust,Fear,False,0.30155662,0.009068276,0.10404315,0.30155662,0.07864047,0.07300798,0.20936137,0.22432214
4730,tess,OAF,OAF_life_fear.wav,Fear,177,Fear,Surprise,False,0.46882895,0.00022839462,0.00010300528,0.22411352,0.28959018,0.00037560414,0.016760373,0.46882895
4731,tess,OAF,OAF_life_happy.wav,Happy,198,Happy,Surprise,False,0.8923582,0.00010739223,0.00041052097,0.076848544,0.02582715,5.3480224e-05,0.004394687,0.8923582
4732,tess,OAF,OAF_life_neutral.wav,Neutral,195,Neutral,Sad,False,0.3819414,0.00046991266,0.0110880565,0.25631106,0.21278098,0.017340269,0.3819414,0.12006828
4733,tess,OAF,OAF_life_ps.wav,Surprise,224,Surprise,Surprise,True,0.5509158,0.0024898234,0.011822797,0.34309855,0.07202645,0.00227858,0.017368082,0.5509158
4734,tess,OAF,OAF_life_sad.wav,Sad,254,Sad,Disgust,False,0.2965815,0.024970166,0.2965815,0.26418355,0.056721874,0.12143825,0.14198378,0.09412087
4735,tess,OAF,OAF_limb_angry.wav,Angry,163,Angry,Fear,False,0.4264605,0.0121629825,0.0019238888,0.4264605,0.21177621,0.014175251,0.018622922,0.31487826
4736,tess,OAF,OAF_limb_disgust.wav,Disgust,245,Disgust,Sad,False,0.38671607,0.022884304,0.22118051,0.24271816,0.019093515,0.08939692,0.38671607,0.018010601
4737,tess,OAF,OAF_limb_fear.wav,Fear,144,Fear,Fear,True,0.5057811,0.004921409,0.0011147172,0.5057811,0.07604987,0.006561822,0.030907305,0.37466377
4738,tess,OAF,OAF_limb_happy.wav,Happy,187,Happy,Surprise,False,0.45327234,0.0012390428,0.002245552,0.3439498,0.15587667,0.0026363933,0.04078024,0.45327234
4739,tess,OAF,OAF_limb_neutral.wav,Neutral,197,Neutral,Sad,False,0.7448225,0.00044688195,0.017597212,0.11255199,0.04598214,0.06644338,0.7448225,0.0121558895
4740,tess,OAF,OAF_limb_ps.wav,Surprise,190,Surprise,Fear,False,0.36204472,0.017798332,0.020588538,0.36204472,0.21969834,0.043697152,0.10263366,0.2335393
4741,tess,OAF,OAF_limb_sad.wav,Sad,223,Sad,Sad,True,0.4251775,0.0018211873,0.015823413,0.21038462,0.1351764,0.20031701,0.4251775,0.01129984
4742,tess,OAF,OAF_live_angry.wav,Angry,151,Angry,Fear,False,0.33824334,0.004740283,0.0013115522,0.33824334,0.21965764,0.05771219,0.04464365,0.33369136
4743,tess,OAF,OAF_live_disgust.wav,Disgust,240,Disgust,Sad,False,0.23783776,0.039228212,0.18852283,0.17938201,0.054452334,0.19674583,0.23783776,0.10383098
4744,tess,OAF,OAF_live_fear.wav,Fear,159,Fear,Surprise,False,0.47084957,0.0017438954,0.000634041,0.3005189,0.186577,0.006018933,0.033657648,0.47084957
4745,tess,OAF,OAF_live_happy.wav,Happy,200,Happy,Surprise,False,0.883648,0.0004311921,0.0006992764,0.069276385,0.033249572,0.0012804391,0.011415102,0.883648
4746,tess,OAF,OAF_live_neutral.wav,Neutral,202,Neutral,Sad,False,0.5986409,0.00060570816,0.034295626,0.2250531,0.058924012,0.0614042,0.5986409,0.021076404
4747,tess,OAF,OAF_live_ps.wav,Surprise,199,Surprise,Surprise,True,0.7062464,0.0007146657,0.0028082803,0.20215487,0.07022182,0.0007284805,0.017125476,0.7062464
4748,tess,OAF,OAF_live_sad.wav,Sad,241,Sad,Sad,True,0.38937616,0.008068282,0.18904519,0.076235764,0.029594207,0.29505673,0.38937616,0.012623688
4749,tess,OAF,OAF_loaf_angry.wav,Angry,161,Angry,Surprise,False,0.5550148,0.0036005555,0.005134675,0.24814402,0.08583845,0.0304693,0.071798235,0.5550148
4750,tess,OAF,OAF_loaf_disgust.wav,Disgust,253,Disgust,Disgust,True,0.26508898,0.055090655,0.26508898,0.1982577,0.107858874,0.061897665,0.11404555,0.19776052
4751,tess,OAF,OAF_loaf_fear.wav,Fear,161,Fear,Surprise,False,0.689745,0.00073939044,0.00011267055,0.2122702,0.08812114,0.00036726016,0.008644352,0.689745
4752,tess,OAF,OAF_loaf_happy.wav,Happy,198,Happy,Surprise,False,0.92795384,0.00014210431,0.00023066993,0.036841325,0.02775359,0.00016559626,0.006912932,0.92795384
4753,tess,OAF,OAF_loaf_neutral.wav,Neutral,220,Neutral,Sad,False,0.32340544,0.0016314638,0.04500554,0.29391974,0.02370369,0.013674377,0.32340544,0.29865977
4754,tess,OAF,OAF_loaf_ps.wav,Surprise,203,Surprise,Surprise,True,0.75318354,0.000614484,0.0027689766,0.16561657,0.059661977,0.0005163045,0.01763815,0.75318354
4755,tess,OAF,OAF_loaf_sad.wav,Sad,268,Sad,Sad,True,0.46438223,0.012612558,0.10242992,0.0811923,0.038530592,0.27539372,0.46438223,0.025458656
4756,tess,OAF,OAF_long_angry.wav,Angry,154,Angry,Surprise,False,0.35689855,0.0053773406,0.0028406414,0.21923888,0.18281384,0.09581008,0.1370206,0.35689855
4757,tess,OAF,OAF_long_disgust.wav,Disgust,223,Disgust,Fear,False,0.4287103,0.028164122,0.21287014,0.4287103,0.06774795,0.016479895,0.1568888,0.08913881
4758,tess,OAF,OAF_long_fear.wav,Fear,145,Fear,Surprise,False,0.56832635,0.0025193773,0.00046143457,0.32806218,0.08249245,0.0015821711,0.016556049,0.56832635
4759,tess,OAF,OAF_long_happy.wav,Happy,199,Happy,Surprise,False,0.5632052,0.0038409529,0.0061052316,0.14235315,0.16723217,0.015880119,0.10138322,0.5632052
4760,tess,OAF,OAF_long_neutral.wav,Neutral,198,Neutral,Sad,False,0.56426316,0.0015310952,0.06586612,0.19111271,0.08365875,0.027562112,0.56426316,0.066006
4761,tess,OAF,OAF_long_ps.wav,Surprise,210,Surprise,Fear,False,0.590027,0.0025471558,0.016369222,0.590027,0.20272055,0.0030665286,0.064562984,0.12070666
4762,tess,OAF,OAF_long_sad.wav,Sad,260,Sad,Sad,True,0.44962922,0.029105505,0.16941369,0.025368834,0.10511637,0.21793102,0.44962922,0.0034354618
4763,tess,OAF,OAF_lore_angry.wav,Angry,161,Angry,Fear,False,0.4218068,0.034897488,0.028074881,0.4218068,0.12172911,0.096067265,0.1283881,0.16903631
4764,tess,OAF,OAF_lore_disgust.wav,Disgust,237,Disgust,Disgust,True,0.23246883,0.09568772,0.23246883,0.1947898,0.07704392,0.047836598,0.18697584,0.16519734
4765,tess,OAF,OAF_lore_fear.wav,Fear,155,Fear,Surprise,False,0.51344466,0.008481274,0.01808029,0.42507464,0.009761568,0.00025007298,0.024907514,0.51344466
4766,tess,OAF,OAF_lore_happy.wav,Happy,202,Happy,Surprise,False,0.6097424,0.011530556,0.11303428,0.08805539,0.05197362,0.025241196,0.10042254,0.6097424
4767,tess,OAF,OAF_lore_neutral.wav,Neutral,191,Neutral,Sad,False,0.36975276,0.0065066703,0.3435252,0.16108732,0.025204562,0.015173099,0.36975276,0.0787504
4768,tess,OAF,OAF_lore_ps.wav,Surprise,207,Surprise,Fear,False,0.3652315,0.00696877,0.0740323,0.3652315,0.13749659,0.0013045582,0.052692518,0.36227378
4769,tess,OAF,OAF_lore_sad.wav,Sad,244,Sad,Sad,True,0.5328289,0.005329895,0.025203228,0.0020640136,0.003463023,0.4309218,0.5328289,0.00018917519
4770,tess,OAF,OAF_lose_angry.wav,Angry,148,Angry,Fear,False,0.38970304,0.008813813,0.006675704,0.38970304,0.13840841,0.10965359,0.2096406,0.13710481
4771,tess,OAF,OAF_lose_disgust.wav,Disgust,225,Disgust,Sad,False,0.57894754,0.0019018211,0.032587625,0.121550724,0.033833884,0.21316715,0.57894754,0.018011242
4772,tess,OAF,OAF_lose_fear.wav,Fear,138,Fear,Surprise,False,0.5779024,0.0015335248,0.00015610507,0.30417484,0.11153934,0.00052750827,0.0041663186,0.5779024
4773,tess,OAF,OAF_lose_happy.wav,Happy,202,Happy,Surprise,False,0.5290514,0.0005109575,0.003815869,0.24525192,0.14845513,0.006308379,0.06660629,0.5290514
4774,tess,OAF,OAF_lose_neutral.wav,Neutral,220,Neutral,Sad,False,0.46100038,0.0037834935,0.03743583,0.19700979,0.047174904,0.17398685,0.46100038,0.07960884
4775,tess,OAF,OAF_lose_ps.wav,Surprise,234,Surprise,Surprise,True,0.37879562,0.008075915,0.03700538,0.3786023,0.104789875,0.02048279,0.07224814,0.37879562
4776,tess,OAF,OAF_lose_sad.wav,Sad,248,Sad,Sad,True,0.457457,0.009162089,0.041494157,0.08751094,0.08024663,0.31499976,0.457457,0.009129431
4777,tess,OAF,OAF_lot_angry.wav,Angry,148,Angry,Surprise,False,0.38158083,0.10508598,0.0029576754,0.2620991,0.20094329,0.026471289,0.020861879,0.38158083
4778,tess,OAF,OAF_lot_disgust.wav,Disgust,238,Disgust,Disgust,True,0.3441126,0.061050426,0.3441126,0.096615806,0.026518892,0.14206219,0.18637437,0.14326571
4779,tess,OAF,OAF_lot_fear.wav,Fear,148,Fear,Surprise,False,0.8123129,0.0013707543,0.0001540467,0.14180805,0.038059883,0.00015021727,0.006144171,0.8123129
4780,tess,OAF,OAF_lot_happy.wav,Happy,189,Happy,Surprise,False,0.49676928,0.00059867575,0.008492024,0.1582836,0.1016101,0.0065996647,0.22764671,0.49676928
4781,tess,OAF,OAF_lot_neutral.wav,Neutral,202,Neutral,Sad,False,0.672301,0.0008536118,0.018452212,0.08752375,0.08193949,0.065127455,0.672301,0.073802546
4782,tess,OAF,OAF_lot_ps.wav,Surprise,194,Surprise,Surprise,True,0.5087547,0.016148819,0.013963834,0.1686512,0.22329882,0.014573153,0.054609474,0.5087547
4783,tess,OAF,OAF_lot_sad.wav,Sad,257,Sad,Neutral,False,0.41859826,0.024764255,0.27877322,0.03714975,0.0034119342,0.41859826,0.22650453,0.010798046
4784,tess,OAF,OAF_love_angry.wav,Angry,154,Angry,Fear,False,0.5088318,0.0030769252,0.00068614405,0.5088318,0.20805697,0.007084937,0.015035768,0.25722748
4785,tess,OAF,OAF_love_disgust.wav,Disgust,235,Disgust,Sad,False,0.22678925,0.02135355,0.13779211,0.22576058,0.08607859,0.19966349,0.22678925,0.10256249
4786,tess,OAF,OAF_love_fear.wav,Fear,155,Fear,Fear,True,0.44989112,0.001641994,0.0006577512,0.44989112,0.13782519,0.0010670413,0.013007237,0.39590958
4787,tess,OAF,OAF_love_happy.wav,Happy,202,Happy,Surprise,False,0.76559883,0.003420934,0.0055547897,0.12856533,0.0725637,0.0036255457,0.020670883,0.76559883
4788,tess,OAF,OAF_love_neutral.wav,Neutral,193,Neutral,Sad,False,0.74021226,0.00060130237,0.023355471,0.12162521,0.06338016,0.019519253,0.74021226,0.03130633
4789,tess,OAF,OAF_love_ps.wav,Surprise,183,Surprise,Surprise,True,0.39887798,0.0024737387,0.004487437,0.3986174,0.18271668,0.0005683162,0.0122584095,0.39887798
4790,tess,OAF,OAF_love_sad.wav,Sad,255,Sad,Neutral,False,0.28815,0.08158875,0.23427454,0.098545134,0.07798206,0.28815,0.1921423,0.02731727
4791,tess,OAF,OAF_luck_angry.wav,Angry,161,Angry,Surprise,False,0.45021048,0.0052488265,0.0030964974,0.20857386,0.12499447,0.1146163,0.09325947,0.45021048
4792,tess,OAF,OAF_luck_disgust.wav,Disgust,215,Disgust,Surprise,False,0.2841124,0.0059979646,0.12368932,0.23937203,0.08521836,0.049430776,0.21217911,0.2841124
4793,tess,OAF,OAF_luck_fear.wav,Fear,156,Fear,Surprise,False,0.5243302,0.0005871286,0.0003641701,0.3060032,0.14920525,0.0011622909,0.018347759,0.5243302
4794,tess,OAF,OAF_luck_happy.wav,Happy,194,Happy,Surprise,False,0.9391931,0.000293221,0.0008380214,0.0267666,0.02419303,0.00055550673,0.008160465,0.9391931
4795,tess,OAF,OAF_luck_neutral.wav,Neutral,201,Neutral,Sad,False,0.36388856,0.0015639714,0.048400406,0.18450475,0.05729373,0.03067327,0.36388856,0.31367537
4796,tess,OAF,OAF_luck_ps.wav,Surprise,205,Surprise,Fear,False,0.40659547,0.0009334071,0.0058507826,0.40659547,0.18103649,0.0007517043,0.0602458,0.34458634
4797,tess,OAF,OAF_luck_sad.wav,Sad,233,Sad,Sad,True,0.49364406,0.004356464,0.029016929,0.1277631,0.07947544,0.21144766,0.49364406,0.054296404
4798,tess,OAF,OAF_make_angry.wav,Angry,141,Angry,Fear,False,0.5919965,0.0049389484,0.002395943,0.5919965,0.048329487,0.0034404509,0.013427427,0.33547127
4799,tess,OAF,OAF_make_disgust.wav,Disgust,237,Disgust,Surprise,False,0.35812053,0.0067008715,0.10746969,0.2832636,0.05747904,0.032711115,0.15425512,0.35812053
4800,tess,OAF,OAF_make_fear.wav,Fear,141,Fear,Surprise,False,0.52064276,0.002571009,9.5519055e-05,0.38402554,0.08989844,0.00020689296,0.0025598232,0.52064276
4801,tess,OAF,OAF_make_happy.wav,Happy,177,Happy,Surprise,False,0.9472305,0.00013336222,0.0002620765,0.04373835,0.0066616274,3.9399507e-05,0.0019346429,0.9472305
4802,tess,OAF,OAF_make_neutral.wav,Neutral,194,Neutral,Surprise,False,0.58012295,0.00081895414,0.005309045,0.21559687,0.079586975,0.0055813715,0.11298386,0.58012295
4803,tess,OAF,OAF_make_ps.wav,Surprise,205,Surprise,Surprise,True,0.7209833,0.0010563083,0.0050392114,0.22714555,0.03580725,0.0002887443,0.009679545,0.7209833
4804,tess,OAF,OAF_make_sad.wav,Sad,248,Sad,Sad,True,0.44839194,0.011413771,0.042478845,0.11084832,0.07365931,0.27745906,0.44839194,0.035748802
4805,tess,OAF,OAF_match_angry.wav,Angry,138,Angry,Surprise,False,0.342106,0.03381531,0.0030039856,0.26565477,0.12007004,0.16657396,0.068775915,0.342106
4806,tess,OAF,OAF_match_disgust.wav,Disgust,237,Disgust,Disgust,True,0.28333035,0.015756736,0.28333035,0.1928219,0.007701817,0.15478338,0.27856213,0.06704369
4807,tess,OAF,OAF_match_fear.wav,Fear,154,Fear,Surprise,False,0.5647114,0.0026537222,0.00064671034,0.306007,0.10482813,0.0040422077,0.017110886,0.5647114
4808,tess,OAF,OAF_match_happy.wav,Happy,207,Happy,Surprise,False,0.96071005,0.00050167565,0.0013393599,0.02475473,0.0061915712,0.00054407015,0.0059585804,0.96071005
4809,tess,OAF,OAF_match_neutral.wav,Neutral,209,Neutral,Sad,False,0.4103011,0.0051442306,0.07087824,0.18661653,0.10814707,0.056401927,0.4103011,0.16251095
4810,tess,OAF,OAF_match_ps.wav,Surprise,178,Surprise,Surprise,True,0.84812313,0.0017581304,0.0012971482,0.09599918,0.034626406,0.0022157934,0.015980221,0.84812313
4811,tess,OAF,OAF_match_sad.wav,Sad,285,Sad,Neutral,False,0.5767003,0.015474327,0.10285569,0.044123314,0.034256734,0.5767003,0.20923667,0.017352967
4812,tess,OAF,OAF_merge_angry.wav,Angry,154,Angry,Surprise,False,0.31115532,0.0068706037,0.007449681,0.25224993,0.22775678,0.085896105,0.108621545,0.31115532
4813,tess,OAF,OAF_merge_disgust.wav,Disgust,239,Disgust,Disgust,True,0.3807955,0.021225486,0.3807955,0.14213645,0.02510929,0.1263164,0.22861645,0.07580044
4814,tess,OAF,OAF_merge_fear.wav,Fear,164,Fear,Surprise,False,0.53903234,0.0016704765,0.0007013702,0.25496238,0.15740764,0.008012329,0.038213447,0.53903234
4815,tess,OAF,OAF_merge_happy.wav,Happy,199,Happy,Surprise,False,0.940624,0.00015916495,0.00067356904,0.047335446,0.008361476,5.6828543e-05,0.0027895346,0.940624
4816,tess,OAF,OAF_merge_neutral.wav,Neutral,206,Neutral,Fear,False,0.462187,0.001018671,0.1001415,0.462187,0.029746352,0.005208674,0.30688816,0.09480963
4817,tess,OAF,OAF_merge_ps.wav,Surprise,202,Surprise,Surprise,True,0.5369053,0.0036691565,0.033793904,0.26248837,0.043221608,0.0044960803,0.115425594,0.5369053
4818,tess,OAF,OAF_merge_sad.wav,Sad,259,Sad,Disgust,False,0.5397414,0.014651637,0.5397414,0.06253338,0.040570248,0.08945102,0.23331822,0.019734109
4819,tess,OAF,OAF_mess_angry.wav,Angry,170,Angry,Surprise,False,0.49549806,0.02427826,0.008421546,0.1286493,0.09082252,0.2025879,0.049742337,0.49549806
4820,tess,OAF,OAF_mess_disgust.wav,Disgust,247,Disgust,Neutral,False,0.27348578,0.031128556,0.21114509,0.17303371,0.025371427,0.27348578,0.17999567,0.10583975
4821,tess,OAF,OAF_mess_fear.wav,Fear,167,Fear,Surprise,False,0.42136335,0.0018045554,0.00033856623,0.32608184,0.23576969,0.0028234012,0.011818568,0.42136335
4822,tess,OAF,OAF_mess_happy.wav,Happy,205,Happy,Surprise,False,0.7348354,0.0047477395,0.02149119,0.15825582,0.021988511,0.007706235,0.050975174,0.7348354
4823,tess,OAF,OAF_mess_neutral.wav,Neutral,213,Neutral,Fear,False,0.4060395,0.0038086195,0.051024534,0.4060395,0.055539876,0.01788907,0.14681534,0.31888306
4824,tess,OAF,OAF_mess_ps.wav,Surprise,210,Surprise,Surprise,True,0.8571264,0.0056241746,0.0055014514,0.086764105,0.03086984,0.0026462995,0.011467655,0.8571264
4825,tess,OAF,OAF_mess_sad.wav,Sad,257,Sad,Neutral,False,0.3274083,0.041925102,0.05621428,0.15485604,0.09020076,0.3274083,0.30521792,0.024177661
4826,tess,OAF,OAF_met_angry.wav,Angry,151,Angry,Fear,False,0.46166474,0.004461252,0.0015645799,0.46166474,0.11098038,0.01493802,0.04160017,0.36479092
4827,tess,OAF,OAF_met_disgust.wav,Disgust,237,Disgust,Disgust,True,0.28373548,0.03219455,0.28373548,0.14769453,0.015932325,0.17809358,0.24579974,0.0965498
4828,tess,OAF,OAF_met_fear.wav,Fear,145,Fear,Fear,True,0.5256147,0.006304964,0.0011743889,0.5256147,0.06749785,0.0013288885,0.013076251,0.38500294
4829,tess,OAF,OAF_met_happy.wav,Happy,186,Happy,Surprise,False,0.8569645,0.0007243327,0.0032538988,0.098215364,0.03069657,0.00043369058,0.00971168,0.8569645
4830,tess,OAF,OAF_met_neutral.wav,Neutral,200,Neutral,Sad,False,0.51149887,0.0002470322,0.008195037,0.18652235,0.23273781,0.020422475,0.51149887,0.04037638
4831,tess,OAF,OAF_met_ps.wav,Surprise,222,Surprise,Surprise,True,0.56166875,0.0012461836,0.0061061657,0.26297203,0.092220955,0.0052210437,0.07056482,0.56166875
4832,tess,OAF,OAF_met_sad.wav,Sad,245,Sad,Neutral,False,0.53167164,0.011931645,0.03620968,0.11914242,0.043390505,0.53167164,0.24233855,0.015315567
4833,tess,OAF,OAF_mill_angry.wav,Angry,148,Angry,Fear,False,0.38765186,0.06270038,0.0070022754,0.38765186,0.13384025,0.022412851,0.020463401,0.36592907
4834,tess,OAF,OAF_mill_disgust.wav,Disgust,225,Disgust,Disgust,True,0.3523596,0.014334609,0.3523596,0.2946467,0.04764422,0.04266021,0.1903524,0.05800231
4835,tess,OAF,OAF_mill_fear.wav,Fear,150,Fear,Fear,True,0.47288167,0.015962195,0.0058723134,0.47288167,0.097141825,0.012150749,0.030249702,0.36574152
4836,tess,OAF,OAF_mill_happy.wav,Happy,185,Happy,Surprise,False,0.8246328,0.0016248657,0.009724127,0.1245264,0.021756897,0.000719583,0.017015308,0.8246328
4837,tess,OAF,OAF_mill_neutral.wav,Neutral,185,Neutral,Sad,False,0.47369522,0.0045684273,0.086994074,0.18134776,0.07195191,0.12379089,0.47369522,0.05765171
4838,tess,OAF,OAF_mill_ps.wav,Surprise,208,Surprise,Surprise,True,0.83655924,0.0066498728,0.03471044,0.08482322,0.018017152,0.0013158119,0.017924303,0.83655924
4839,tess,OAF,OAF_mill_sad.wav,Sad,268,Sad,Neutral,False,0.41619417,0.017156193,0.20973723,0.09459423,0.016381497,0.41619417,0.234635,0.011301705
4840,tess,OAF,OAF_mob_angry.wav,Angry,147,Angry,Fear,False,0.27305934,0.025417823,0.008279515,0.27305934,0.09550189,0.20914699,0.18477593,0.20381851
4841,tess,OAF,OAF_mob_disgust.wav,Disgust,212,Disgust,Neutral,False,0.4364995,0.048479296,0.112253465,0.04171932,0.016126473,0.4364995,0.29162264,0.053299285
4842,tess,OAF,OAF_mob_fear.wav,Fear,154,Fear,Surprise,False,0.5337924,0.009467828,0.0011913152,0.2828303,0.13194154,0.0063463994,0.03443029,0.5337924
4843,tess,OAF,OAF_mob_happy.wav,Happy,180,Happy,Surprise,False,0.87448996,0.004741207,0.0040767626,0.063181415,0.02957065,0.0018620348,0.02207795,0.87448996
4844,tess,OAF,OAF_mob_neutral.wav,Neutral,184,Neutral,Sad,False,0.34273955,0.0048158444,0.056042265,0.23775715,0.10945433,0.035695415,0.34273955,0.2134954
4845,tess,OAF,OAF_mob_ps.wav,Surprise,210,Surprise,Surprise,True,0.37871534,0.0074773366,0.022201387,0.26945773,0.23071687,0.012097529,0.07933377,0.37871534
4846,tess,OAF,OAF_mob_sad.wav,Sad,248,Sad,Disgust,False,0.36544344,0.03838748,0.36544344,0.043062296,0.053244956,0.12496481,0.35917354,0.015723463
4847,tess,OAF,OAF_mode_angry.wav,Angry,148,Angry,Fear,False,0.4541093,0.00624155,0.0007895926,0.4541093,0.15362288,0.02196405,0.055379096,0.30789346
4848,tess,OAF,OAF_mode_disgust.wav,Disgust,244,Disgust,Disgust,True,0.29010755,0.027510818,0.29010755,0.17877698,0.024024613,0.11672293,0.278897,0.08396008
4849,tess,OAF,OAF_mode_fear.wav,Fear,154,Fear,Surprise,False,0.86792916,0.0017269597,0.0023993594,0.07423918,0.015865242,0.0026361486,0.035203937,0.86792916
4850,tess,OAF,OAF_mode_happy.wav,Happy,191,Happy,Surprise,False,0.91165715,0.0033378354,0.006731684,0.044182517,0.013488981,0.002103908,0.018497868,0.91165715
4851,tess,OAF,OAF_mode_neutral.wav,Neutral,198,Neutral,Sad,False,0.50576496,0.005341545,0.1501881,0.20358256,0.054444414,0.051132977,0.50576496,0.029545436
4852,tess,OAF,OAF_mode_ps.wav,Surprise,220,Surprise,Surprise,True,0.84763074,0.0013878676,0.0075947945,0.11619511,0.014832055,0.00036438083,0.011995093,0.84763074
4853,tess,OAF,OAF_mode_sad.wav,Sad,257,Sad,Disgust,False,0.25076288,0.08192969,0.25076288,0.09104102,0.07369209,0.22782594,0.23236111,0.042387255
4854,tess,OAF,OAF_mood_angry.wav,Angry,154,Angry,Fear,False,0.6016421,0.0063836277,0.0055582803,0.6016421,0.0939496,0.014664621,0.044927165,0.23287465
4855,tess,OAF,OAF_mood_disgust.wav,Disgust,232,Disgust,Sad,False,0.5190173,0.008235946,0.17241834,0.08168871,0.010550908,0.1819399,0.5190173,0.026148958
4856,tess,OAF,OAF_mood_fear.wav,Fear,136,Fear,Surprise,False,0.72308105,0.016753841,0.0021489982,0.17037849,0.04346593,0.015304236,0.028867466,0.72308105
4857,tess,OAF,OAF_mood_happy.wav,Happy,191,Happy,Surprise,False,0.5611801,0.0023059815,0.009276699,0.2715377,0.1168987,0.0052230894,0.033577662,0.5611801
4858,tess,OAF,OAF_mood_neutral.wav,Neutral,194,Neutral,Sad,False,0.459954,0.0028947317,0.12857671,0.22590168,0.045314416,0.072651275,0.459954,0.06470721
4859,tess,OAF,OAF_mood_ps.wav,Surprise,209,Surprise,Surprise,True,0.8032758,0.0060473005,0.037867848,0.10681261,0.015920276,0.0033273587,0.026748769,0.8032758
4860,tess,OAF,OAF_mood_sad.wav,Sad,240,Sad,Neutral,False,0.6708427,0.0079990635,0.038145762,0.010226047,0.010937199,0.6708427,0.25940427,0.0024450163
4861,tess,OAF,OAF_moon_angry.wav,Angry,151,Angry,Fear,False,0.5811641,0.0036164362,0.0018361532,0.5811641,0.12387294,0.024150934,0.043249533,0.22210996
4862,tess,OAF,OAF_moon_disgust.wav,Disgust,231,Disgust,Fear,False,0.49268845,0.0044846036,0.20147997,0.49268845,0.030967975,0.02507814,0.19982563,0.045475133
4863,tess,OAF,OAF_moon_fear.wav,Fear,154,Fear,Surprise,False,0.7020136,0.005424148,0.0024916315,0.23705873,0.03125261,0.0028601603,0.018899059,0.7020136
4864,tess,OAF,OAF_moon_happy.wav,Happy,183,Happy,Surprise,False,0.91739815,0.00022169857,0.00039089267,0.057719745,0.01911422,0.0003511317,0.004804201,0.91739815
4865,tess,OAF,OAF_moon_neutral.wav,Neutral,205,Neutral,Fear,False,0.76461387,0.0019152517,0.09022332,0.76461387,0.035731655,0.006108309,0.06690461,0.034503017
4866,tess,OAF,OAF_moon_ps.wav,Surprise,214,Surprise,Surprise,True,0.874539,0.0040961793,0.0139319645,0.07901434,0.009688632,0.0021208972,0.016608896,0.874539
4867,tess,OAF,OAF_moon_sad.wav,Sad,261,Sad,Neutral,False,0.57690287,0.015338887,0.12662451,0.025470598,0.013117074,0.57690287,0.23638122,0.006164896
4868,tess,OAF,OAF_mop_angry.wav,Angry,140,Angry,Surprise,False,0.45757204,0.071641766,0.009772347,0.34412137,0.043912463,0.037483655,0.035496444,0.45757204
4869,tess,OAF,OAF_mop_disgust.wav,Disgust,209,Disgust,Sad,False,0.39218986,0.07196102,0.3075092,0.05736214,0.01742172,0.07371914,0.39218986,0.0798369
4870,tess,OAF,OAF_mop_fear.wav,Fear,155,Fear,Surprise,False,0.7370586,0.00090743,0.0002272347,0.15541518,0.07812769,0.0019623511,0.026301555,0.7370586
4871,tess,OAF,OAF_mop_happy.wav,Happy,212,Happy,Surprise,False,0.77392584,0.0028283973,0.008795249,0.050666034,0.08221657,0.01128562,0.07028229,0.77392584
4872,tess,OAF,OAF_mop_neutral.wav,Neutral,177,Neutral,Sad,False,0.41770536,0.0055528684,0.12506822,0.18437758,0.039668098,0.10947727,0.41770536,0.11815062
4873,tess,OAF,OAF_mop_ps.wav,Surprise,196,Surprise,Surprise,True,0.34703118,0.0021128608,0.0071940147,0.2708598,0.23727839,0.020362427,0.11516134,0.34703118
4874,tess,OAF,OAF_mop_sad.wav,Sad,249,Sad,Sad,True,0.37598523,0.009335051,0.14960243,0.068142146,0.040701255,0.31966403,0.37598523,0.03656982
4875,tess,OAF,OAF_mouse_angry.wav,Angry,135,Angry,Fear,False,0.6486255,0.017874409,0.002587309,0.6486255,0.11204972,0.057844214,0.039704017,0.12131486
4876,tess,OAF,OAF_mouse_disgust.wav,Disgust,221,Disgust,Fear,False,0.36792764,0.014830016,0.14319688,0.36792764,0.12017109,0.11029679,0.14291553,0.1006621
4877,tess,OAF,OAF_mouse_fear.wav,Fear,157,Fear,Surprise,False,0.3594347,0.0014404528,0.00010724158,0.3220294,0.31111613,0.00097142323,0.004900611,0.3594347
4878,tess,OAF,OAF_mouse_happy.wav,Happy,212,Happy,Surprise,False,0.9120541,0.0003437437,0.00153511,0.065655336,0.01377916,0.000344289,0.0062881573,0.9120541
4879,tess,OAF,OAF_mouse_neutral.wav,Neutral,211,Neutral,Fear,False,0.32548386,0.002512399,0.05375777,0.32548386,0.07324908,0.022517044,0.28516585,0.23731396
4880,tess,OAF,OAF_mouse_ps.wav,Surprise,208,Surprise,Surprise,True,0.6455315,0.009139431,0.04583583,0.1825433,0.04548103,0.021116814,0.05035218,0.6455315
4881,tess,OAF,OAF_mouse_sad.wav,Sad,266,Sad,Sad,True,0.235256,0.039423816,0.1406526,0.16476817,0.10873953,0.21422029,0.235256,0.096939534
4882,tess,OAF,OAF_nag_angry.wav,Angry,143,Angry,Surprise,False,0.41169658,0.0153139215,0.002139559,0.26912946,0.20528854,0.054132897,0.042299014,0.41169658
4883,tess,OAF,OAF_nag_disgust.wav,Disgust,234,Disgust,Fear,False,0.29632607,0.033766963,0.16450715,0.29632607,0.05333483,0.15965055,0.19826953,0.09414489
4884,tess,OAF,OAF_nag_fear.wav,Fear,164,Fear,Fear,True,0.44573268,0.0016197789,0.00060170575,0.44573268,0.10676672,0.0011105527,0.014263412,0.4299052
4885,tess,OAF,OAF_nag_happy.wav,Happy,189,Happy,Surprise,False,0.7168573,0.003368465,0.0041184854,0.093360655,0.1355661,0.0047652223,0.04196368,0.7168573
4886,tess,OAF,OAF_nag_neutral.wav,Neutral,215,Neutral,Sad,False,0.47203618,0.0035979329,0.053136114,0.28771496,0.100226596,0.0634001,0.47203618,0.019888055
4887,tess,OAF,OAF_nag_ps.wav,Surprise,215,Surprise,Surprise,True,0.5587546,0.0024482254,0.00313615,0.3177952,0.083655916,0.0028495558,0.03136029,0.5587546
4888,tess,OAF,OAF_nag_sad.wav,Sad,231,Sad,Neutral,False,0.37306976,0.019089205,0.07633657,0.09923398,0.06172701,0.37306976,0.35067987,0.019863585
4889,tess,OAF,OAF_name_angry.wav,Angry,138,Angry,Surprise,False,0.36591747,0.042035572,0.0042523015,0.3404781,0.10761428,0.0970051,0.04269721,0.36591747
4890,tess,OAF,OAF_name_disgust.wav,Disgust,226,Disgust,Sad,False,0.26378676,0.025677811,0.15936066,0.20372194,0.026905399,0.20393988,0.26378676,0.11660755
4891,tess,OAF,OAF_name_fear.wav,Fear,151,Fear,Fear,True,0.46605584,0.007988349,0.0005336759,0.46605584,0.08860108,0.0015733952,0.017448207,0.41779944
4892,tess,OAF,OAF_name_happy.wav,Happy,212,Happy,Surprise,False,0.68761563,0.002597412,0.09255995,0.1362044,0.01113369,0.0073419246,0.06254696,0.68761563
4893,tess,OAF,OAF_name_neutral.wav,Neutral,201,Neutral,Fear,False,0.39103076,0.0032918844,0.111864164,0.39103076,0.027344882,0.017914696,0.29672062,0.15183301
4894,tess,OAF,OAF_name_ps.wav,Surprise,182,Surprise,Surprise,True,0.66327137,0.009064496,0.010362938,0.2094409,0.07646604,0.0061972355,0.025196979,0.66327137
4895,tess,OAF,OAF_name_sad.wav,Sad,261,Sad,Sad,True,0.36549422,0.021234607,0.19092311,0.05554776,0.027749471,0.31758004,0.36549422,0.02147077
4896,tess,OAF,OAF_near_angry.wav,Angry,145,Angry,Fear,False,0.6553994,0.029811455,0.0072193416,0.6553994,0.08500469,0.07133741,0.07534918,0.07587851
4897,tess,OAF,OAF_near_disgust.wav,Disgust,211,Disgust,Disgust,True,0.3683562,0.01664704,0.3683562,0.17159592,0.019515704,0.11245757,0.25776926,0.053658247
4898,tess,OAF,OAF_near_fear.wav,Fear,138,Fear,Surprise,False,0.7260217,0.0034468486,0.0003904465,0.21264438,0.043462623,0.0024779432,0.011556067,0.7260217
4899,tess,OAF,OAF_near_happy.wav,Happy,202,Happy,Surprise,False,0.5967271,0.0027073894,0.003717809,0.25194484,0.12269118,0.0010980844,0.021113629,0.5967271
4900,tess,OAF,OAF_near_neutral.wav,Neutral,191,Neutral,Fear,False,0.5048922,0.0014308592,0.108917885,0.5048922,0.024045052,0.004426654,0.19717023,0.15911715
4901,tess,OAF,OAF_near_ps.wav,Surprise,219,Surprise,Surprise,True,0.43998995,0.10480545,0.16420773,0.19213998,0.05120104,0.0058613373,0.041794546,0.43998995
4902,tess,OAF,OAF_near_sad.wav,Sad,248,Sad,Sad,True,0.43708912,0.0107120285,0.15953077,0.19369498,0.07590962,0.06378229,0.43708912,0.059281208
4903,tess,OAF,OAF_neat_angry.wav,Angry,129,Angry,Fear,False,0.47744003,0.06530669,0.0029556172,0.47744003,0.1136161,0.042800717,0.017978957,0.27990186
4904,tess,OAF,OAF_neat_disgust.wav,Disgust,231,Disgust,Neutral,False,0.34094405,0.026485361,0.12529734,0.14101346,0.01428303,0.34094405,0.29569092,0.056285843
4905,tess,OAF,OAF_neat_fear.wav,Fear,147,Fear,Surprise,False,0.56240475,0.0035891496,0.0013596016,0.18333149,0.13143794,0.062671475,0.05520561,0.56240475
4906,tess,OAF,OAF_neat_happy.wav,Happy,193,Happy,Surprise,False,0.7779518,0.0004894887,0.0008329517,0.1633599,0.044130106,0.00035454132,0.012881246,0.7779518
4907,tess,OAF,OAF_neat_neutral.wav,Neutral,196,Neutral,Sad,False,0.5354298,0.0017135493,0.03926647,0.16359131,0.03558151,0.10168473,0.5354298,0.12273266
4908,tess,OAF,OAF_neat_ps.wav,Surprise,206,Surprise,Surprise,True,0.7314929,0.0011689913,0.013897428,0.12994027,0.025336698,0.0064189667,0.09174472,0.7314929
4909,tess,OAF,OAF_neat_sad.wav,Sad,270,Sad,Neutral,False,0.3728608,0.034558784,0.09008162,0.1142219,0.047964774,0.3728608,0.30480492,0.035507225
4910,tess,OAF,OAF_nice_angry.wav,Angry,161,Angry,Surprise,False,0.45581487,0.012531054,0.0017730828,0.28929296,0.20934637,0.015415959,0.015825687,0.45581487
4911,tess,OAF,OAF_nice_disgust.wav,Disgust,247,Disgust,Neutral,False,0.22764714,0.030135691,0.2275163,0.20893548,0.039713763,0.22764714,0.19793658,0.06811498
4912,tess,OAF,OAF_nice_fear.wav,Fear,174,Fear,Surprise,False,0.63997597,0.0012552539,0.0016857969,0.2120897,0.100563735,0.0037363763,0.0406931,0.63997597
4913,tess,OAF,OAF_nice_happy.wav,Happy,212,Happy,Surprise,False,0.6979168,0.006959408,0.011565506,0.20484236,0.054956213,0.003163954,0.020595768,0.6979168
4914,tess,OAF,OAF_nice_neutral.wav,Neutral,208,Neutral,Fear,False,0.5940151,0.0026135677,0.008220647,0.5940151,0.19797258,0.010742231,0.069355026,0.117080875
4915,tess,OAF,OAF_nice_ps.wav,Surprise,210,Surprise,Surprise,True,0.58546966,0.010817088,0.026912738,0.22494055,0.10367473,0.014070608,0.034114596,0.58546966
4916,tess,OAF,OAF_nice_sad.wav,Sad,267,Sad,Fear,False,0.32796696,0.014588438,0.17584229,0.32796696,0.119934164,0.10898258,0.15355457,0.09913102
4917,tess,OAF,OAF_note_angry.wav,Angry,132,Angry,Fear,False,0.4422383,0.03191018,0.0052246638,0.4422383,0.07266817,0.086775586,0.07666944,0.28451374
4918,tess,OAF,OAF_note_disgust.wav,Disgust,225,Disgust,Fear,False,0.24605456,0.02751478,0.12212254,0.24605456,0.061980076,0.22571369,0.18630253,0.13031192
4919,tess,OAF,OAF_note_fear.wav,Fear,135,Fear,Surprise,False,0.62326044,0.007154601,0.0006872216,0.285903,0.05237835,0.011742803,0.01887357,0.62326044
4920,tess,OAF,OAF_note_happy.wav,Happy,205,Happy,Surprise,False,0.36620396,0.00057524676,0.009283658,0.20397535,0.1416256,0.023685656,0.2546505,0.36620396
4921,tess,OAF,OAF_note_neutral.wav,Neutral,207,Neutral,Sad,False,0.4449678,0.00094217155,0.01734883,0.17280881,0.05304505,0.04436236,0.4449678,0.2665249
4922,tess,OAF,OAF_note_ps.wav,Surprise,201,Surprise,Surprise,True,0.7467901,0.0010992014,0.0027734009,0.13472366,0.095352046,0.0029544386,0.016307164,0.7467901
4923,tess,OAF,OAF_note_sad.wav,Sad,250,Sad,Sad,True,0.34176695,0.06368427,0.088554315,0.122190066,0.09105658,0.25226006,0.34176695,0.04048771
4924,tess,OAF,OAF_numb_angry.wav,Angry,148,Angry,Fear,False,0.34356865,0.012988749,0.0013187897,0.34356865,0.31678963,0.040328003,0.026049493,0.25895667
4925,tess,OAF,OAF_numb_disgust.wav,Disgust,222,Disgust,Fear,False,0.28277603,0.03327096,0.21783093,0.28277603,0.034860305,0.08638077,0.09057431,0.2543067
4926,tess,OAF,OAF_numb_fear.wav,Fear,157,Fear,Surprise,False,0.6272957,0.014655478,0.003187145,0.17121358,0.13790148,0.010354692,0.03539192,0.6272957
4927,tess,OAF,OAF_numb_happy.wav,Happy,203,Happy,Surprise,False,0.87952733,0.0017386414,0.011362213,0.066986606,0.021324968,0.0013091832,0.017751077,0.87952733
4928,tess,OAF,OAF_numb_neutral.wav,Neutral,191,Neutral,Sad,False,0.41445217,0.0046594953,0.12596314,0.2321689,0.0735345,0.07618434,0.41445217,0.07303746
4929,tess,OAF,OAF_numb_ps.wav,Surprise,195,Surprise,Surprise,True,0.91039914,0.0040024854,0.008566709,0.044332847,0.026141081,0.00051853317,0.006039142,0.91039914
4930,tess,OAF,OAF_numb_sad.wav,Sad,238,Sad,Fear,False,0.46184972,0.009129127,0.1748282,0.46184972,0.08899777,0.048929796,0.16059276,0.055672664
4931,tess,OAF,OAF_pad_angry.wav,Angry,155,Angry,Surprise,False,0.53885305,0.016910342,0.0012626642,0.273979,0.15737699,0.005279242,0.006338695,0.53885305
4932,tess,OAF,OAF_pad_disgust.wav,Disgust,211,Disgust,Disgust,True,0.30130455,0.022678077,0.30130455,0.1774942,0.036433436,0.05306755,0.20773286,0.20128936
4933,tess,OAF,OAF_pad_fear.wav,Fear,151,Fear,Surprise,False,0.60463274,0.0094742095,0.0009672508,0.30266562,0.07699442,0.0009816342,0.004284189,0.60463274
4934,tess,OAF,OAF_pad_happy.wav,Happy,186,Happy,Surprise,False,0.91537476,0.0026641286,0.007900206,0.05622005,0.011144802,0.0011164849,0.005579566,0.91537476
4935,tess,OAF,OAF_pad_neutral.wav,Neutral,186,Neutral,Fear,False,0.3721263,0.0045765224,0.12170404,0.3721263,0.07599394,0.02723778,0.23305017,0.16531132
4936,tess,OAF,OAF_pad_ps.wav,Surprise,173,Surprise,Surprise,True,0.7490155,0.014705043,0.00575474,0.16834444,0.045397967,0.0076583144,0.009123979,0.7490155
4937,tess,OAF,OAF_pad_sad.wav,Sad,239,Sad,Fear,False,0.55750585,0.011563478,0.0750572,0.55750585,0.07440369,0.07910105,0.15117756,0.05119114
4938,tess,OAF,OAF_page_angry.wav,Angry,145,Angry,Surprise,False,0.4736,0.016715199,0.0037855927,0.33634418,0.1163051,0.027676785,0.025573175,0.4736
4939,tess,OAF,OAF_page_disgust.wav,Disgust,252,Disgust,Disgust,True,0.25989905,0.023873094,0.25989905,0.25398585,0.027710445,0.08227292,0.13522239,0.21703622
4940,tess,OAF,OAF_page_fear.wav,Fear,164,Fear,Surprise,False,0.8560258,0.0030003972,0.0005956098,0.103309415,0.032961104,0.000463514,0.0036441272,0.8560258
4941,tess,OAF,OAF_page_happy.wav,Happy,196,Happy,Surprise,False,0.8000595,0.0025869878,0.0022168297,0.14964844,0.04180454,0.00066391146,0.0030197066,0.8000595
4942,tess,OAF,OAF_page_neutral.wav,Neutral,215,Neutral,Fear,False,0.41546866,0.010236463,0.09931327,0.41546866,0.029447233,0.03154528,0.09265679,0.32133225
4943,tess,OAF,OAF_page_ps.wav,Surprise,215,Surprise,Surprise,True,0.8680419,0.005640577,0.005052058,0.0967868,0.013661822,0.0014251927,0.009391733,0.8680419
4944,tess,OAF,OAF_page_sad.wav,Sad,260,Sad,Sad,True,0.3330757,0.01085783,0.18652909,0.15031339,0.029990124,0.27303302,0.3330757,0.016200854
4945,tess,OAF,OAF_pain_angry.wav,Angry,146,Angry,Surprise,False,0.40695173,0.031766295,0.008468283,0.29521644,0.13440934,0.08620284,0.036985025,0.40695173
4946,tess,OAF,OAF_pain_disgust.wav,Disgust,232,Disgust,Fear,False,0.23642996,0.010919107,0.19971706,0.23642996,0.030067485,0.06925277,0.23438862,0.21922497
4947,tess,OAF,OAF_pain_fear.wav,Fear,168,Fear,Surprise,False,0.59136766,0.0070741028,0.0026331537,0.352329,0.04258261,0.00041618766,0.0035972998,0.59136766
4948,tess,OAF,OAF_pain_happy.wav,Happy,196,Happy,Surprise,False,0.7286847,0.0042672944,0.078774646,0.13134123,0.024814824,0.006439444,0.025677865,0.7286847
4949,tess,OAF,OAF_pain_neutral.wav,Neutral,195,Neutral,Fear,False,0.3606633,0.0028889629,0.19281545,0.3606633,0.018100932,0.013370358,0.1943277,0.21783328
4950,tess,OAF,OAF_pain_ps.wav,Surprise,197,Surprise,Surprise,True,0.75370145,0.0017082414,0.02283282,0.20089152,0.011452332,0.0006919229,0.008721757,0.75370145
4951,tess,OAF,OAF_pain_sad.wav,Sad,243,Sad,Fear,False,0.34660563,0.004774177,0.33081043,0.34660563,0.0270783,0.025266783,0.1917567,0.07370799
4952,tess,OAF,OAF_pass_angry.wav,Angry,160,Angry,Surprise,False,0.49417228,0.023786766,0.003517235,0.26908064,0.14934081,0.040773287,0.01932897,0.49417228
4953,tess,OAF,OAF_pass_disgust.wav,Disgust,226,Disgust,Fear,False,0.3124644,0.047086094,0.08679248,0.3124644,0.091134496,0.13004084,0.12737647,0.20510529
4954,tess,OAF,OAF_pass_fear.wav,Fear,153,Fear,Surprise,False,0.8430524,0.0008908021,0.00013855181,0.11286309,0.041513056,0.00011421626,0.0014279404,0.8430524
4955,tess,OAF,OAF_pass_happy.wav,Happy,228,Happy,Surprise,False,0.5582498,0.031814028,0.03173288,0.23946446,0.07857684,0.03276032,0.027401732,0.5582498
4956,tess,OAF,OAF_pass_neutral.wav,Neutral,222,Neutral,Disgust,False,0.29742482,0.0034722213,0.29742482,0.28753635,0.01686971,0.011434074,0.1437721,0.23949066
4957,tess,OAF,OAF_pass_ps.wav,Surprise,230,Surprise,Surprise,True,0.48182344,0.058188174,0.0785357,0.23545155,0.04861425,0.041450515,0.05593635,0.48182344
4958,tess,OAF,OAF_pass_sad.wav,Sad,267,Sad,Neutral,False,0.37914544,0.03444074,0.16923246,0.12514134,0.02425921,0.37914544,0.22054484,0.047235936
4959,tess,OAF,OAF_pearl_angry.wav,Angry,145,Angry,Surprise,False,0.4265552,0.051072616,0.0023602308,0.37455496,0.13274537,0.0057654986,0.0069461307,0.4265552
4960,tess,OAF,OAF_pearl_disgust.wav,Disgust,234,Disgust,Surprise,False,0.40491304,0.015160069,0.32733127,0.17256756,0.029903447,0.011319818,0.03880472,0.40491304
4961,tess,OAF,OAF_pearl_fear.wav,Fear,152,Fear,Surprise,False,0.69831467,0.0064116986,0.0054430873,0.26699367,0.019560121,0.00024147678,0.0030353398,0.69831467
4962,tess,OAF,OAF_pearl_happy.wav,Happy,193,Happy,Surprise,False,0.91293824,0.003435312,0.043846637,0.029560903,0.0040498814,0.0005041918,0.005664858,0.91293824
4963,tess,OAF,OAF_pearl_neutral.wav,Neutral,202,Neutral,Disgust,False,0.32585233,0.0041196896,0.32585233,0.19490351,0.011621387,0.02282931,0.13496661,0.30570713
4964,tess,OAF,OAF_pearl_ps.wav,Surprise,205,Surprise,Surprise,True,0.71792316,0.009565834,0.021592895,0.19178204,0.053242367,0.00038310967,0.005510553,0.71792316
4965,tess,OAF,OAF_pearl_sad.wav,Sad,237,Sad,Fear,False,0.47121146,0.010199128,0.2940608,0.47121146,0.033820603,0.0480304,0.0873877,0.055289913
4966,tess,OAF,OAF_peg_angry.wav,Angry,138,Angry,Surprise,False,0.4568706,0.040361986,0.0060963617,0.31896526,0.107291386,0.049509816,0.020904684,0.4568706
4967,tess,OAF,OAF_peg_disgust.wav,Disgust,221,Disgust,Fear,False,0.3578994,0.005084133,0.24613366,0.3578994,0.022898844,0.012704448,0.07720214,0.27807742
4968,tess,OAF,OAF_peg_fear.wav,Fear,148,Fear,Surprise,False,0.5160709,0.01874369,0.0006116684,0.3328158,0.12571305,0.0013202038,0.0047246898,0.5160709
4969,tess,OAF,OAF_peg_happy.wav,Happy,209,Happy,Surprise,False,0.8578188,0.0022200071,0.018255426,0.09941518,0.013123556,0.0014255358,0.0077415546,0.8578188
4970,tess,OAF,OAF_peg_neutral.wav,Neutral,200,Neutral,Fear,False,0.53907335,0.0034648804,0.074291304,0.53907335,0.047165807,0.016409464,0.15336871,0.16622642
4971,tess,OAF,OAF_peg_ps.wav,Surprise,205,Surprise,Surprise,True,0.65191394,0.010783367,0.056953974,0.23275204,0.023348067,0.005354255,0.018894365,0.65191394
4972,tess,OAF,OAF_peg_sad.wav,Sad,260,Sad,Fear,False,0.3360395,0.014221882,0.06299119,0.3360395,0.14837426,0.11700311,0.24152869,0.07984138
4973,tess,OAF,OAF_perch_angry.wav,Angry,145,Angry,Surprise,False,0.60043544,0.026819063,0.005460425,0.30434638,0.047504548,0.0054235356,0.010010612,0.60043544
4974,tess,OAF,OAF_perch_disgust.wav,Disgust,250,Disgust,Disgust,True,0.5357422,0.015204578,0.5357422,0.11047863,0.0110568255,0.012211417,0.06251521,0.25279117
4975,tess,OAF,OAF_perch_fear.wav,Fear,155,Fear,Surprise,False,0.8047518,0.0010870118,0.0005185937,0.13818842,0.05076002,0.0007864948,0.003907624,0.8047518
4976,tess,OAF,OAF_perch_happy.wav,Happy,193,Happy,Surprise,False,0.89357615,0.0005833542,0.0022100133,0.0922443,0.009238124,0.00011103798,0.0020370358,0.89357615
4977,tess,OAF,OAF_perch_neutral.wav,Neutral,224,Neutral,Surprise,False,0.37912783,0.0020918455,0.18851842,0.3437271,0.02061579,0.005916696,0.06000233,0.37912783
4978,tess,OAF,OAF_perch_ps.wav,Surprise,228,Surprise,Surprise,True,0.82073784,0.0026188386,0.11107628,0.05184573,0.0021548995,0.0003415738,0.011224855,0.82073784
4979,tess,OAF,OAF_perch_sad.wav,Sad,279,Sad,Disgust,False,0.36715198,0.006916466,0.36715198,0.31527418,0.030394873,0.026028555,0.07697399,0.17725995
4980,tess,OAF,OAF_phone_angry.wav,Angry,149,Angry,Surprise,False,0.4398165,0.007993224,0.0017116878,0.381164,0.13102835,0.018176565,0.020109707,0.4398165
4981,tess,OAF,OAF_phone_disgust.wav,Disgust,214,Disgust,Surprise,False,0.6620672,0.018458243,0.13923024,0.13994844,0.0063275797,0.008438751,0.02552955,0.6620672
4982,tess,OAF,OAF_phone_fear.wav,Fear,147,Fear,Surprise,False,0.8053092,0.0036371918,0.0004420522,0.17235783,0.01672332,0.000117446325,0.001412997,0.8053092
4983,tess,OAF,OAF_phone_happy.wav,Happy,203,Happy,Surprise,False,0.9652452,0.00061709,0.0008147814,0.024563614,0.007589983,0.00014953331,0.0010197996,0.9652452
4984,tess,OAF,OAF_phone_neutral.wav,Neutral,206,Neutral,Disgust,False,0.29535958,0.013473541,0.29535958,0.29416502,0.032092303,0.04251928,0.089284725,0.2331055
4985,tess,OAF,OAF_phone_ps.wav,Surprise,192,Surprise,Surprise,True,0.8579447,0.0023015824,0.010849156,0.110297896,0.0095831305,0.0010664761,0.007957047,0.8579447
4986,tess,OAF,OAF_phone_sad.wav,Sad,245,Sad,Sad,True,0.31163335,0.013458929,0.15432273,0.20743108,0.064620115,0.18838835,0.31163335,0.06014545
4987,tess,OAF,OAF_pick_angry.wav,Angry,162,Angry,Surprise,False,0.6842989,0.015273337,0.0040098852,0.16590965,0.07703533,0.03495532,0.01851758,0.6842989
4988,tess,OAF,OAF_pick_disgust.wav,Disgust,202,Disgust,Fear,False,0.29052457,0.0358516,0.12228935,0.29052457,0.06194551,0.17734583,0.15203425,0.1600088
4989,tess,OAF,OAF_pick_fear.wav,Fear,138,Fear,Surprise,False,0.8342381,0.007399441,0.00059989514,0.124196306,0.03117757,0.00043144182,0.0019572016,0.8342381
4990,tess,OAF,OAF_pick_happy.wav,Happy,193,Happy,Surprise,False,0.9537278,0.00038053212,0.0020698323,0.037027918,0.004993676,0.00014765003,0.0016526072,0.9537278
4991,tess,OAF,OAF_pick_neutral.wav,Neutral,190,Neutral,Surprise,False,0.45368582,0.001185575,0.11741101,0.33933172,0.01664062,0.004742927,0.06700231,0.45368582
4992,tess,OAF,OAF_pick_ps.wav,Surprise,177,Surprise,Surprise,True,0.9303977,0.0007939181,0.0010867164,0.050128944,0.013346353,0.00037858737,0.0038677591,0.9303977
4993,tess,OAF,OAF_pick_sad.wav,Sad,241,Sad,Fear,False,0.53759503,0.010156378,0.1488246,0.53759503,0.036078602,0.059959445,0.09155806,0.11582787
4994,tess,OAF,OAF_pike_angry.wav,Angry,154,Angry,Surprise,False,0.50194,0.0053023417,0.0018260477,0.36155728,0.11634543,0.0052630184,0.007765855,0.50194
4995,tess,OAF,OAF_pike_disgust.wav,Disgust,236,Disgust,Surprise,False,0.44578266,0.0018160631,0.13858588,0.3471486,0.025208049,0.003945846,0.037512906,0.44578266
4996,tess,OAF,OAF_pike_fear.wav,Fear,151,Fear,Surprise,False,0.83188415,0.0016246497,0.00015145494,0.117520936,0.04766112,0.00013660804,0.0010210343,0.83188415
4997,tess,OAF,OAF_pike_happy.wav,Happy,203,Happy,Surprise,False,0.8574056,0.0005678111,0.0050341436,0.120468765,0.012783544,0.00024472867,0.0034953912,0.8574056
4998,tess,OAF,OAF_pike_neutral.wav,Neutral,183,Neutral,Surprise,False,0.5089069,0.0007955444,0.009656094,0.39781576,0.057707764,0.001633815,0.02348408,0.5089069
4999,tess,OAF,OAF_pike_ps.wav,Surprise,167,Surprise,Surprise,True,0.8027459,0.002684204,0.00050225045,0.1672046,0.02572567,8.200382e-05,0.0010552933,0.8027459
5000,tess,OAF,OAF_pike_sad.wav,Sad,256,Sad,Fear,False,0.32215717,0.011524152,0.10318701,0.32215717,0.12755725,0.1584107,0.19185837,0.08530537
5001,tess,OAF,OAF_pole_angry.wav,Angry,155,Angry,Surprise,False,0.51685417,0.026997196,0.0028190077,0.33128306,0.11681312,0.0009546636,0.0042788056,0.51685417
5002,tess,OAF,OAF_pole_disgust.wav,Disgust,215,Disgust,Surprise,False,0.44890785,0.029091273,0.21255727,0.2455367,0.03182706,0.008210946,0.02386883,0.44890785
5003,tess,OAF,OAF_pole_fear.wav,Fear,161,Fear,Surprise,False,0.7283493,0.007976126,0.0009030263,0.20833771,0.05211745,0.00022079336,0.0020955564,0.7283493
5004,tess,OAF,OAF_pole_happy.wav,Happy,199,Happy,Surprise,False,0.9069207,0.0022083446,0.010632108,0.06518002,0.012478343,0.00036145974,0.0022190756,0.9069207
5005,tess,OAF,OAF_pole_neutral.wav,Neutral,189,Neutral,Surprise,False,0.45921987,0.0057109804,0.26054832,0.15561688,0.012395952,0.01048832,0.09601969,0.45921987
5006,tess,OAF,OAF_pole_ps.wav,Surprise,185,Surprise,Surprise,True,0.7844737,0.07568429,0.008673401,0.081829056,0.037717372,0.0055679874,0.0060541457,0.7844737
5007,tess,OAF,OAF_pole_sad.wav,Sad,240,Sad,Sad,True,0.36511943,0.011485717,0.32337317,0.1699538,0.034111608,0.050012738,0.36511943,0.045943514
5008,tess,OAF,OAF_pool_angry.wav,Angry,135,Angry,Surprise,False,0.5504261,0.03510866,0.0058735525,0.3410468,0.052514203,0.0052923914,0.009738246,0.5504261
5009,tess,OAF,OAF_pool_disgust.wav,Disgust,228,Disgust,Disgust,True,0.5117775,0.013051913,0.5117775,0.18657103,0.006537337,0.023137596,0.13190754,0.12701702
5010,tess,OAF,OAF_pool_fear.wav,Fear,152,Fear,Surprise,False,0.5956355,0.010374424,0.003473019,0.35485977,0.029840697,0.00050635723,0.005310226,0.5956355
5011,tess,OAF,OAF_pool_happy.wav,Happy,194,Happy,Surprise,False,0.854277,0.0020071564,0.033359498,0.08014441,0.017055836,0.0016540292,0.011502116,0.854277
5012,tess,OAF,OAF_pool_neutral.wav,Neutral,225,Neutral,Disgust,False,0.42530686,0.004944107,0.42530686,0.19488522,0.010430043,0.04443867,0.20545089,0.11454422
5013,tess,OAF,OAF_pool_ps.wav,Surprise,208,Surprise,Surprise,True,0.86161053,0.0048972205,0.025411699,0.088943556,0.011576868,0.0011640153,0.006396067,0.86161053
5014,tess,OAF,OAF_pool_sad.wav,Sad,251,Sad,Disgust,False,0.34294876,0.027865533,0.34294876,0.22585379,0.058768857,0.12329459,0.15211467,0.06915369
5015,tess,OAF,OAF_puff_angry.wav,Angry,135,Angry,Surprise,False,0.6219676,0.076866,0.0014907852,0.23227787,0.054690223,0.007983557,0.0047238683,0.6219676
5016,tess,OAF,OAF_puff_disgust.wav,Disgust,235,Disgust,Fear,False,0.3249095,0.043551106,0.20996901,0.3249095,0.05099573,0.09095589,0.050103802,0.22951494
5017,tess,OAF,OAF_puff_fear.wav,Fear,151,Fear,Surprise,False,0.8066897,0.0052605304,0.00028549094,0.14087841,0.045439847,0.0002754321,0.0011706138,0.8066897
5018,tess,OAF,OAF_puff_happy.wav,Happy,197,Happy,Surprise,False,0.8887902,0.0010008677,0.013042118,0.07770157,0.009665407,0.0010590442,0.008740732,0.8887902
5019,tess,OAF,OAF_puff_neutral.wav,Neutral,205,Neutral,Fear,False,0.44494337,0.0034242666,0.078807004,0.44494337,0.052895907,0.015964916,0.057928912,0.34603566
5020,tess,OAF,OAF_puff_ps.wav,Surprise,201,Surprise,Surprise,True,0.6368852,0.0020281451,0.015706396,0.26920557,0.058277044,0.0015119857,0.01638562,0.6368852
5021,tess,OAF,OAF_puff_sad.wav,Sad,226,Sad,Neutral,False,0.4960253,0.031121092,0.06117132,0.18666252,0.030519081,0.4960253,0.15550154,0.038999155
5022,tess,OAF,OAF_rag_angry.wav,Angry,161,Angry,Surprise,False,0.43133765,0.01205864,0.0032658244,0.34415606,0.18181841,0.010847944,0.016515367,0.43133765
5023,tess,OAF,OAF_rag_disgust.wav,Disgust,237,Disgust,Fear,False,0.32288328,0.02197148,0.14663686,0.32288328,0.09167766,0.10085386,0.15823157,0.15774526
5024,tess,OAF,OAF_rag_fear.wav,Fear,148,Fear,Fear,True,0.52243096,0.0018437746,0.00025301808,0.52243096,0.20087112,0.0014837811,0.014929615,0.25818774
5025,tess,OAF,OAF_rag_happy.wav,Happy,207,Happy,Surprise,False,0.6636083,0.0030930892,0.00845084,0.16801667,0.11113933,0.0030838407,0.042607907,0.6636083
5026,tess,OAF,OAF_rag_neutral.wav,Neutral,231,Neutral,Sad,False,0.4390903,0.0047008465,0.10548425,0.19816037,0.06369604,0.07882758,0.4390903,0.11004054
5027,tess,OAF,OAF_rag_ps.wav,Surprise,194,Surprise,Surprise,True,0.43852326,0.0023795175,0.0008708538,0.25546983,0.27281344,0.0052928696,0.024650272,0.43852326
5028,tess,OAF,OAF_rag_sad.wav,Sad,282,Sad,Disgust,False,0.32644573,0.018658884,0.32644573,0.22358583,0.05883774,0.114410125,0.18648988,0.07157177
5029,tess,OAF,OAF_raid_angry.wav,Angry,154,Angry,Fear,False,0.4571454,0.007902223,0.0003747975,0.4571454,0.15638882,0.0007318016,0.003644074,0.37381285
5030,tess,OAF,OAF_raid_disgust.wav,Disgust,241,Disgust,Sad,False,0.41657785,0.023606611,0.24309464,0.085578114,0.040689442,0.0943847,0.41657785,0.0960687
5031,tess,OAF,OAF_raid_fear.wav,Fear,153,Fear,Surprise,False,0.41106266,0.0017356903,0.0018417437,0.23577309,0.15331931,0.010609515,0.18565811,0.41106266
5032,tess,OAF,OAF_raid_happy.wav,Happy,201,Happy,Surprise,False,0.7928327,0.00041963047,0.0016640212,0.09700838,0.072087586,0.00060713524,0.035380572,0.7928327
5033,tess,OAF,OAF_raid_neutral.wav,Neutral,212,Neutral,Sad,False,0.3661636,0.0041146474,0.11250632,0.27870157,0.053930234,0.059390705,0.3661636,0.12519297
5034,tess,OAF,OAF_raid_ps.wav,Surprise,220,Surprise,Surprise,True,0.74993324,0.0020681205,0.0025850632,0.1249757,0.06927756,0.0044693225,0.04669097,0.74993324
5035,tess,OAF,OAF_raid_sad.wav,Sad,248,Sad,Neutral,False,0.29857203,0.027161043,0.2600742,0.12072203,0.057700522,0.29857203,0.20165592,0.03411429
5036,tess,OAF,OAF_rain_angry.wav,Angry,151,Angry,Fear,False,0.5364262,0.0055118185,0.0011032819,0.5364262,0.16548827,0.007795697,0.020724123,0.26295057
5037,tess,OAF,OAF_rain_disgust.wav,Disgust,229,Disgust,Sad,False,0.34550747,0.020207727,0.111850664,0.24060251,0.1057479,0.105517246,0.34550747,0.07056641
5038,tess,OAF,OAF_rain_fear.wav,Fear,156,Fear,Surprise,False,0.42581934,0.0024335773,0.00076132896,0.3596989,0.1760209,0.0043949303,0.03087103,0.42581934
5039,tess,OAF,OAF_rain_happy.wav,Happy,207,Happy,Surprise,False,0.85849845,0.00085157825,0.011498495,0.10186665,0.017261667,0.00037540102,0.00964782,0.85849845
5040,tess,OAF,OAF_rain_neutral.wav,Neutral,198,Neutral,Surprise,False,0.47909603,0.0012066276,0.032354213,0.28786355,0.04241296,0.0050069056,0.15205975,0.47909603
5041,tess,OAF,OAF_rain_ps.wav,Surprise,186,Surprise,Surprise,True,0.52093333,0.0029645474,0.0038674318,0.24234745,0.16133706,0.012842684,0.05570752,0.52093333
5042,tess,OAF,OAF_rain_sad.wav,Sad,227,Sad,Sad,True,0.38330442,0.00866339,0.12226888,0.1784637,0.080342524,0.17865056,0.38330442,0.04830658
5043,tess,OAF,OAF_raise_angry.wav,Angry,161,Angry,Fear,False,0.40757325,0.010464991,0.0013822973,0.40757325,0.22544532,0.022565007,0.022016155,0.31055295
5044,tess,OAF,OAF_raise_disgust.wav,Disgust,265,Disgust,Fear,False,0.23188353,0.042041577,0.20505849,0.23188353,0.036022153,0.16596344,0.14739503,0.1716358
5045,tess,OAF,OAF_raise_fear.wav,Fear,157,Fear,Surprise,False,0.6873779,0.0038770426,0.0003107332,0.18243304,0.11042932,0.0010520422,0.014519886,0.6873779
5046,tess,OAF,OAF_raise_happy.wav,Happy,216,Happy,Surprise,False,0.68271697,0.001415407,0.005830747,0.1800374,0.08074968,0.0051686508,0.04408116,0.68271697
5047,tess,OAF,OAF_raise_neutral.wav,Neutral,230,Neutral,Sad,False,0.30811673,0.0127528105,0.060849167,0.28996816,0.08369934,0.10523215,0.30811673,0.13938163
5048,tess,OAF,OAF_raise_ps.wav,Surprise,205,Surprise,Fear,False,0.40572184,0.005095489,0.002995769,0.40572184,0.29258987,0.004601014,0.029737148,0.2592589
5049,tess,OAF,OAF_raise_sad.wav,Sad,292,Sad,Disgust,False,0.36980233,0.018447526,0.36980233,0.12016193,0.026390083,0.275346,0.14981681,0.040035248
5050,tess,OAF,OAF_rat_angry.wav,Angry,141,Angry,Surprise,False,0.40397453,0.0064676404,0.003507914,0.3055141,0.1195989,0.060773402,0.10016353,0.40397453
5051,tess,OAF,OAF_rat_disgust.wav,Disgust,215,Disgust,Surprise,False,0.48226944,0.026063394,0.046732746,0.1574471,0.05792081,0.1342462,0.095320314,0.48226944
5052,tess,OAF,OAF_rat_fear.wav,Fear,148,Fear,Surprise,False,0.45589408,0.0014471181,0.0008808181,0.2924164,0.1747915,0.008181659,0.06638836,0.45589408
5053,tess,OAF,OAF_rat_happy.wav,Happy,214,Happy,Surprise,False,0.8893963,0.0014046857,0.020344073,0.07083511,0.012174061,0.0002886614,0.0055570994,0.8893963
5054,tess,OAF,OAF_rat_neutral.wav,Neutral,209,Neutral,Sad,False,0.51937485,0.0023970616,0.029481074,0.15605664,0.09715516,0.03740891,0.51937485,0.15812622
5055,tess,OAF,OAF_rat_ps.wav,Surprise,180,Surprise,Surprise,True,0.72584784,0.0014951156,0.001129337,0.11966979,0.12335582,0.0025433525,0.025958776,0.72584784
5056,tess,OAF,OAF_rat_sad.wav,Sad,246,Sad,Sad,True,0.53080344,0.004387286,0.033016432,0.01905563,0.028752534,0.37265417,0.53080344,0.011330524
5057,tess,OAF,OAF_reach_angry.wav,Angry,158,Angry,Surprise,False,0.5979828,0.0053278436,0.0012650383,0.20060496,0.13603756,0.024481824,0.034299932,0.5979828
5058,tess,OAF,OAF_reach_disgust.wav,Disgust,262,Disgust,Disgust,True,0.3887206,0.035733733,0.3887206,0.11094872,0.013063848,0.13732807,0.22677442,0.087430544
5059,tess,OAF,OAF_reach_fear.wav,Fear,167,Fear,Surprise,False,0.537325,0.004091113,0.0005176248,0.26303104,0.1605466,0.009697809,0.024790758,0.537325
5060,tess,OAF,OAF_reach_happy.wav,Happy,199,Happy,Surprise,False,0.84585065,0.00070380984,0.00216334,0.117253445,0.029013336,0.00027529223,0.0047401492,0.84585065
5061,tess,OAF,OAF_reach_neutral.wav,Neutral,220,Neutral,Sad,False,0.31149653,0.0035998777,0.020775003,0.23462369,0.18903902,0.04595342,0.31149653,0.19451243
5062,tess,OAF,OAF_reach_ps.wav,Surprise,218,Surprise,Surprise,True,0.70166427,0.002003425,0.0033870633,0.1670397,0.07947607,0.0045194146,0.041910026,0.70166427
5063,tess,OAF,OAF_reach_sad.wav,Sad,251,Sad,Neutral,False,0.41627726,0.018875437,0.063877225,0.12269522,0.06383374,0.41627726,0.27698103,0.037460115
5064,tess,OAF,OAF_read_angry.wav,Angry,153,Angry,Fear,False,0.5166092,0.002503291,0.0005963029,0.5166092,0.2699389,0.026117096,0.06206287,0.12217235
5065,tess,OAF,OAF_read_disgust.wav,Disgust,215,Disgust,Neutral,False,0.38276714,0.02128885,0.05580437,0.07692779,0.039017342,0.38276714,0.34574872,0.07844577
5066,tess,OAF,OAF_read_fear.wav,Fear,164,Fear,Fear,True,0.4115626,0.0017018318,0.00043182296,0.4115626,0.1939271,0.0025782033,0.027326483,0.3624719
5067,tess,OAF,OAF_read_happy.wav,Happy,193,Happy,Surprise,False,0.97021234,0.000109875196,0.00014270596,0.021049945,0.0064694136,5.3595028e-05,0.0019621013,0.97021234
5068,tess,OAF,OAF_read_neutral.wav,Neutral,201,Neutral,Sad,False,0.66048425,0.0008211303,0.010140331,0.07153223,0.105296716,0.09710401,0.66048425,0.054621354
5069,tess,OAF,OAF_read_ps.wav,Surprise,201,Surprise,Surprise,True,0.6666224,0.0009336521,0.0022862188,0.21641372,0.056202635,0.00176253,0.05577894,0.6666224
5070,tess,OAF,OAF_read_sad.wav,Sad,246,Sad,Neutral,False,0.39137682,0.01968486,0.07230514,0.04274452,0.107717335,0.39137682,0.3404331,0.02573816
5071,tess,OAF,OAF_red_angry.wav,Angry,154,Angry,Fear,False,0.62112945,0.005018014,0.0005823722,0.62112945,0.20583822,0.0025197868,0.008945189,0.1559669
5072,tess,OAF,OAF_red_disgust.wav,Disgust,222,Disgust,Sad,False,0.2393993,0.023698304,0.1223269,0.18066347,0.19916812,0.04738802,0.2393993,0.18735588
5073,tess,OAF,OAF_red_fear.wav,Fear,135,Fear,Fear,True,0.6593564,0.0057921056,0.0005361785,0.6593564,0.08093903,0.0008754893,0.0076081064,0.24489267
5074,tess,OAF,OAF_red_happy.wav,Happy,193,Happy,Surprise,False,0.84096754,0.00048949145,0.0020352907,0.059405252,0.056416128,0.00075594086,0.03993042,0.84096754
5075,tess,OAF,OAF_red_neutral.wav,Neutral,194,Neutral,Surprise,False,0.37571973,0.00074810954,0.007534324,0.25933278,0.24190228,0.0015536011,0.113209166,0.37571973
5076,tess,OAF,OAF_red_ps.wav,Surprise,211,Surprise,Surprise,True,0.755158,0.0008994758,0.0061955024,0.13129735,0.061152283,0.0013207904,0.043976545,0.755158
5077,tess,OAF,OAF_red_sad.wav,Sad,244,Sad,Fear,False,0.27217117,0.015276335,0.105994366,0.27217117,0.19192888,0.10516458,0.23528609,0.074178554
5078,tess,OAF,OAF_ring_angry.wav,Angry,144,Angry,Fear,False,0.6662291,0.0075476835,0.0010302804,0.6662291,0.16383962,0.026834602,0.035415985,0.09910263
5079,tess,OAF,OAF_ring_disgust.wav,Disgust,227,Disgust,Fear,False,0.37152508,0.016922817,0.062289096,0.37152508,0.15365049,0.09252626,0.23741187,0.06567442
5080,tess,OAF,OAF_ring_fear.wav,Fear,157,Fear,Surprise,False,0.44094092,0.0012935147,0.00030374574,0.4342942,0.112542614,0.0007764712,0.009848536,0.44094092
5081,tess,OAF,OAF_ring_happy.wav,Happy,209,Happy,Surprise,False,0.85832065,0.00050298654,0.005170151,0.095446624,0.027587073,0.00028369308,0.012688871,0.85832065
5082,tess,OAF,OAF_ring_neutral.wav,Neutral,220,Neutral,Sad,False,0.59764206,0.0035049296,0.09688992,0.10988956,0.06400116,0.10616142,0.59764206,0.02191095
5083,tess,OAF,OAF_ring_ps.wav,Surprise,189,Surprise,Surprise,True,0.77327764,0.0015392129,0.0039788866,0.18536367,0.028647806,0.0002662328,0.0069265775,0.77327764
5084,tess,OAF,OAF_ring_sad.wav,Sad,253,Sad,Fear,False,0.25620088,0.01630188,0.1531256,0.25620088,0.13397682,0.1491411,0.22679336,0.06446042
5085,tess,OAF,OAF_ripe_angry.wav,Angry,151,Angry,Fear,False,0.63336885,0.0036601836,0.0028559715,0.63336885,0.17839488,0.008319574,0.049705096,0.12369548
5086,tess,OAF,OAF_ripe_disgust.wav,Disgust,227,Disgust,Sad,False,0.31690967,0.0123763485,0.08405664,0.19520985,0.10669635,0.051600568,0.31690967,0.23315057
5087,tess,OAF,OAF_ripe_fear.wav,Fear,147,Fear,Surprise,False,0.66518056,0.0028949438,0.0006030805,0.18326844,0.10210404,0.013586628,0.03236226,0.66518056
5088,tess,OAF,OAF_ripe_happy.wav,Happy,186,Happy,Surprise,False,0.9764483,4.7597186e-05,0.00035298013,0.02011523,0.002233233,3.9276474e-06,0.00079865666,0.9764483
5089,tess,OAF,OAF_ripe_neutral.wav,Neutral,205,Neutral,Sad,False,0.38159955,0.0008202491,0.005932075,0.201261,0.23431896,0.07231051,0.38159955,0.10375762
5090,tess,OAF,OAF_ripe_ps.wav,Surprise,215,Surprise,Surprise,True,0.7894518,0.0006634084,0.006276492,0.115856156,0.04475923,0.00045770383,0.042535186,0.7894518
5091,tess,OAF,OAF_ripe_sad.wav,Sad,253,Sad,Sad,True,0.4092425,0.022292215,0.044269357,0.08295461,0.12345821,0.26396853,0.4092425,0.053814564
5092,tess,OAF,OAF_road_angry.wav,Angry,151,Angry,Fear,False,0.61165273,0.0029698084,0.0055388217,0.61165273,0.10137761,0.018393,0.091426596,0.16864148
5093,tess,OAF,OAF_road_disgust.wav,Disgust,215,Disgust,Sad,False,0.39479336,0.0053733126,0.055048876,0.30125254,0.122547135,0.068110734,0.39479336,0.05287401
5094,tess,OAF,OAF_road_fear.wav,Fear,164,Fear,Surprise,False,0.5475064,0.0007592813,0.00033800994,0.16412807,0.25307435,0.002266365,0.031927526,0.5475064
5095,tess,OAF,OAF_road_happy.wav,Happy,205,Happy,Surprise,False,0.8372267,0.0023483972,0.050319232,0.03888333,0.015289876,0.0016570679,0.054275353,0.8372267
5096,tess,OAF,OAF_road_neutral.wav,Neutral,206,Neutral,Sad,False,0.6006244,0.001629047,0.073679395,0.16405484,0.08703926,0.03787639,0.6006244,0.035096705
5097,tess,OAF,OAF_road_ps.wav,Surprise,189,Surprise,Surprise,True,0.78375053,0.0015083518,0.0049853334,0.09907893,0.08639618,0.002159542,0.022121092,0.78375053
5098,tess,OAF,OAF_road_sad.wav,Sad,236,Sad,Neutral,False,0.4807665,0.011105709,0.062808774,0.01576847,0.014441275,0.4807665,0.40755826,0.0075510065
5099,tess,OAF,OAF_room_angry.wav,Angry,154,Angry,Fear,False,0.49778026,0.0076790215,0.00151626,0.49778026,0.22450449,0.023306873,0.03582136,0.20939174
5100,tess,OAF,OAF_room_disgust.wav,Disgust,226,Disgust,Surprise,False,0.30156636,0.03014962,0.26143017,0.21592665,0.015281342,0.049621277,0.1260246,0.30156636
5101,tess,OAF,OAF_room_fear.wav,Fear,156,Fear,Surprise,False,0.5091215,0.0031749115,0.000530773,0.42598528,0.05499158,0.00032088076,0.005875091,0.5091215
5102,tess,OAF,OAF_room_happy.wav,Happy,195,Happy,Surprise,False,0.88518995,0.00092273916,0.00088312704,0.08915181,0.019560944,0.0005633941,0.0037279811,0.88518995
5103,tess,OAF,OAF_room_neutral.wav,Neutral,198,Neutral,Sad,False,0.63485956,0.0007949996,0.017741576,0.1483055,0.09802917,0.0376541,0.63485956,0.062615074
5104,tess,OAF,OAF_room_ps.wav,Surprise,180,Surprise,Surprise,True,0.8276027,0.00034535173,0.0004476602,0.08575087,0.06157729,0.0019297348,0.022346439,0.8276027
5105,tess,OAF,OAF_room_sad.wav,Sad,240,Sad,Sad,True,0.349236,0.012537308,0.08815733,0.15710479,0.06941715,0.2914293,0.349236,0.032118116
5106,tess,OAF,OAF_rose_angry.wav,Angry,157,Angry,Fear,False,0.59349227,0.0040402603,0.0010194147,0.59349227,0.25990623,0.0078917965,0.02607313,0.10757687
5107,tess,OAF,OAF_rose_disgust.wav,Disgust,257,Disgust,Fear,False,0.30209377,0.091854155,0.124476,0.30209377,0.12806158,0.11726894,0.16922402,0.06702152
5108,tess,OAF,OAF_rose_fear.wav,Fear,148,Fear,Surprise,False,0.5299197,0.002208408,0.00019373064,0.3830941,0.079781264,0.0002661407,0.00453669,0.5299197
5109,tess,OAF,OAF_rose_happy.wav,Happy,218,Happy,Surprise,False,0.71588826,0.0034330518,0.017001063,0.12877688,0.0694956,0.01254901,0.052856103,0.71588826
5110,tess,OAF,OAF_rose_neutral.wav,Neutral,208,Neutral,Fear,False,0.42320773,0.00091653137,0.017851051,0.42320773,0.31301138,0.005157747,0.14107706,0.09877851
5111,tess,OAF,OAF_rose_ps.wav,Surprise,209,Surprise,Surprise,True,0.6742095,0.001319454,0.0028108887,0.25047216,0.05808518,0.0006528168,0.012450043,0.6742095
5112,tess,OAF,OAF_rose_sad.wav,Sad,266,Sad,Sad,True,0.38743365,0.037292928,0.11726803,0.10237829,0.17243977,0.144444,0.38743365,0.038743347
5113,tess,OAF,OAF_rot_angry.wav,Angry,134,Angry,Surprise,False,0.5051517,0.0665576,0.0024859589,0.30406046,0.06581092,0.03763292,0.01830046,0.5051517
5114,tess,OAF,OAF_rot_disgust.wav,Disgust,210,Disgust,Sad,False,0.4091448,0.0048516695,0.06488445,0.1461783,0.09059376,0.06437319,0.4091448,0.21997383
5115,tess,OAF,OAF_rot_fear.wav,Fear,161,Fear,Surprise,False,0.67056817,0.0016221368,0.00022602083,0.13445236,0.1777219,0.0010168934,0.014392535,0.67056817
5116,tess,OAF,OAF_rot_happy.wav,Happy,211,Happy,Surprise,False,0.82336855,0.0012874474,0.009653052,0.10074786,0.03664712,0.002852359,0.025443625,0.82336855
5117,tess,OAF,OAF_rot_neutral.wav,Neutral,211,Neutral,Sad,False,0.5029984,0.004031016,0.02964703,0.09352553,0.1380389,0.16171707,0.5029984,0.07004203
5118,tess,OAF,OAF_rot_ps.wav,Surprise,180,Surprise,Surprise,True,0.81085813,0.0011269116,0.0028171488,0.051728968,0.06403835,0.006838771,0.062591724,0.81085813
5119,tess,OAF,OAF_rot_sad.wav,Sad,228,Sad,Neutral,False,0.4030214,0.032709893,0.08262466,0.069290236,0.03887652,0.4030214,0.36065876,0.012818498
5120,tess,OAF,OAF_rough_angry.wav,Angry,161,Angry,Surprise,False,0.2988002,0.002954799,0.0020249053,0.24553269,0.2839665,0.073491976,0.09322889,0.2988002
5121,tess,OAF,OAF_rough_disgust.wav,Disgust,253,Disgust,Disgust,True,0.40576872,0.023157805,0.40576872,0.15203208,0.02568327,0.041254267,0.09757804,0.25452575
5122,tess,OAF,OAF_rough_fear.wav,Fear,154,Fear,Surprise,False,0.44227588,0.00088777073,0.0005730493,0.33771846,0.19597246,0.0034100767,0.019162241,0.44227588
5123,tess,OAF,OAF_rough_happy.wav,Happy,211,Happy,Surprise,False,0.95804274,0.00015882125,0.0015265194,0.031506617,0.004785303,0.00011421348,0.0038658362,0.95804274
5124,tess,OAF,OAF_rough_neutral.wav,Neutral,197,Neutral,Sad,False,0.50671184,0.0012212395,0.03752917,0.17702284,0.07075796,0.02931633,0.50671184,0.17744061
5125,tess,OAF,OAF_rough_ps.wav,Surprise,218,Surprise,Surprise,True,0.7069648,0.002120698,0.017734954,0.16721222,0.04641586,0.008122407,0.051429104,0.7069648
5126,tess,OAF,OAF_rough_sad.wav,Sad,239,Sad,Sad,True,0.46104115,0.00833591,0.026462102,0.043114122,0.06273576,0.37697676,0.46104115,0.02133422
5127,tess,OAF,OAF_rush_angry.wav,Angry,148,Angry,Fear,False,0.3977502,0.009722458,0.00083023176,0.3977502,0.3227007,0.03648875,0.020756533,0.21175112
5128,tess,OAF,OAF_rush_disgust.wav,Disgust,225,Disgust,Neutral,False,0.27910003,0.0317472,0.035325162,0.24970745,0.15316692,0.27910003,0.19079317,0.060160052
5129,tess,OAF,OAF_rush_fear.wav,Fear,157,Fear,Fear,True,0.42246872,0.0012096384,0.00015382105,0.42246872,0.2419169,0.0012398532,0.008319229,0.3246919
5130,tess,OAF,OAF_rush_happy.wav,Happy,206,Happy,Surprise,False,0.8501106,0.0020940136,0.005598343,0.10266542,0.019043779,0.001456833,0.019031076,0.8501106
5131,tess,OAF,OAF_rush_neutral.wav,Neutral,217,Neutral,Sad,False,0.46108744,0.003939379,0.050386313,0.25779608,0.08360081,0.040400453,0.46108744,0.102789626
5132,tess,OAF,OAF_rush_ps.wav,Surprise,186,Surprise,Surprise,True,0.81273127,0.0014692814,0.000932935,0.103487894,0.07520421,0.0005127858,0.0056615733,0.81273127
5133,tess,OAF,OAF_rush_sad.wav,Sad,241,Sad,Neutral,False,0.3696695,0.016562724,0.1050811,0.083709605,0.095010534,0.3696695,0.28989977,0.040066727
5134,tess,OAF,OAF_said_angry.wav,Angry,147,Angry,Surprise,False,0.61594987,0.006109231,0.0009058104,0.31967875,0.051421024,0.0009213155,0.005014024,0.61594987
5135,tess,OAF,OAF_said_disgust.wav,Disgust,223,Disgust,Surprise,False,0.6109229,0.014821476,0.06318841,0.24316108,0.041173033,0.003510688,0.023222482,0.6109229
5136,tess,OAF,OAF_said_fear.wav,Fear,156,Fear,Surprise,False,0.7405305,0.0028328313,0.00015244656,0.21762998,0.037242904,0.00012558175,0.0014857873,0.7405305
5137,tess,OAF,OAF_said_happy.wav,Happy,195,Happy,Surprise,False,0.8485256,0.000642785,0.0038012287,0.12904139,0.012319828,0.00017036647,0.0054988125,0.8485256
5138,tess,OAF,OAF_said_neutral.wav,Neutral,202,Neutral,Fear,False,0.40240595,0.003184943,0.058504187,0.40240595,0.061957914,0.008210854,0.10160041,0.36413577
5139,tess,OAF,OAF_said_ps.wav,Surprise,190,Surprise,Surprise,True,0.91345817,0.0029623674,0.0017174095,0.06000439,0.017471807,0.00068793434,0.0036979497,0.91345817
5140,tess,OAF,OAF_said_sad.wav,Sad,240,Sad,Fear,False,0.35392085,0.012400895,0.11881135,0.35392085,0.06198268,0.08097597,0.30834407,0.06356424
5141,tess,OAF,OAF_sail_angry.wav,Angry,157,Angry,Fear,False,0.6080547,0.007312442,0.0018334836,0.6080547,0.2744559,0.014313274,0.025886098,0.068144076
5142,tess,OAF,OAF_sail_disgust.wav,Disgust,250,Disgust,Disgust,True,0.56716675,0.031860083,0.56716675,0.0993781,0.018372066,0.06775377,0.18968855,0.02578072
5143,tess,OAF,OAF_sail_fear.wav,Fear,150,Fear,Fear,True,0.53992915,0.00723273,0.006668309,0.53992915,0.03703855,0.0012569618,0.012211307,0.39566308
5144,tess,OAF,OAF_sail_happy.wav,Happy,198,Happy,Surprise,False,0.93255746,0.00095753034,0.005205176,0.04990986,0.007962131,0.00026401665,0.0031437934,0.93255746
5145,tess,OAF,OAF_sail_neutral.wav,Neutral,207,Neutral,Disgust,False,0.33305198,0.008121186,0.33305198,0.26487094,0.026919186,0.028016683,0.17341122,0.16560878
5146,tess,OAF,OAF_sail_ps.wav,Surprise,209,Surprise,Surprise,True,0.50678575,0.026680695,0.077548824,0.23609324,0.053399786,0.020207029,0.07928467,0.50678575
5147,tess,OAF,OAF_sail_sad.wav,Sad,264,Sad,Disgust,False,0.25196347,0.032298286,0.25196347,0.21780017,0.10576817,0.12062236,0.20069507,0.07085247
5148,tess,OAF,OAF_search_angry.wav,Angry,157,Angry,Surprise,False,0.49824315,0.004455111,0.0011411735,0.30315766,0.17033136,0.0064103627,0.016261205,0.49824315
5149,tess,OAF,OAF_search_disgust.wav,Disgust,228,Disgust,Surprise,False,0.4120163,0.0038632108,0.30649537,0.16932122,0.016264966,0.005822714,0.086216226,0.4120163
5150,tess,OAF,OAF_search_fear.wav,Fear,183,Fear,Surprise,False,0.75382024,0.0002966736,0.00020928009,0.17127982,0.06884031,0.00012845677,0.0054252567,0.75382024
5151,tess,OAF,OAF_search_happy.wav,Happy,204,Happy,Surprise,False,0.9566468,0.00015558384,0.00090027944,0.036862046,0.003505949,4.077797e-05,0.0018885445,0.9566468
5152,tess,OAF,OAF_search_neutral.wav,Neutral,229,Neutral,Surprise,False,0.48068818,0.0019098202,0.19392036,0.19895591,0.012349978,0.002286448,0.10988927,0.48068818
5153,tess,OAF,OAF_search_ps.wav,Surprise,227,Surprise,Surprise,True,0.86124384,0.0017237528,0.044770952,0.067872174,0.0056832875,0.00048370202,0.018222213,0.86124384
5154,tess,OAF,OAF_search_sad.wav,Sad,245,Sad,Disgust,False,0.3599939,0.015257865,0.3599939,0.273655,0.039013647,0.050059322,0.17435454,0.08766573
5155,tess,OAF,OAF_seize_angry.wav,Angry,161,Angry,Fear,False,0.5332008,0.007983532,0.0010561665,0.5332008,0.22639714,0.015190715,0.019935766,0.1962359
5156,tess,OAF,OAF_seize_disgust.wav,Disgust,247,Disgust,Neutral,False,0.2804922,0.040285014,0.16906539,0.19641705,0.030718556,0.2804922,0.17791854,0.10510323
5157,tess,OAF,OAF_seize_fear.wav,Fear,167,Fear,Surprise,False,0.6202148,0.0047014453,0.00026756214,0.2821469,0.08904106,0.000499006,0.0031291167,0.6202148
5158,tess,OAF,OAF_seize_happy.wav,Happy,221,Happy,Surprise,False,0.84180206,0.0036150902,0.0060892124,0.11916012,0.015873682,0.0019356037,0.011524227,0.84180206
5159,tess,OAF,OAF_seize_neutral.wav,Neutral,214,Neutral,Fear,False,0.510782,0.008521427,0.052150387,0.510782,0.06680768,0.048463494,0.18919304,0.124082
5160,tess,OAF,OAF_seize_ps.wav,Surprise,205,Surprise,Surprise,True,0.71683496,0.020027116,0.0029247827,0.19264215,0.052643698,0.004560762,0.010366531,0.71683496
5161,tess,OAF,OAF_seize_sad.wav,Sad,272,Sad,Fear,False,0.36978793,0.02652502,0.07816984,0.36978793,0.070826575,0.17035924,0.20726746,0.077064
5162,tess,OAF,OAF_sell_angry.wav,Angry,139,Angry,Fear,False,0.48825878,0.072686076,0.0054068104,0.48825878,0.049835455,0.006602906,0.0075301523,0.36967984
5163,tess,OAF,OAF_sell_disgust.wav,Disgust,248,Disgust,Disgust,True,0.39852312,0.026367098,0.39852312,0.26723966,0.038355794,0.025828142,0.08256879,0.16111737
5164,tess,OAF,OAF_sell_fear.wav,Fear,157,Fear,Surprise,False,0.51498383,0.008744299,0.004998969,0.41963318,0.04395897,0.0010434102,0.0066373153,0.51498383
5165,tess,OAF,OAF_sell_happy.wav,Happy,199,Happy,Surprise,False,0.8677395,0.0015410738,0.005253493,0.0912955,0.025896747,0.00073806185,0.007535622,0.8677395
5166,tess,OAF,OAF_sell_neutral.wav,Neutral,225,Neutral,Fear,False,0.37480122,0.008090916,0.207713,0.37480122,0.044725846,0.017409882,0.08188842,0.26537073
5167,tess,OAF,OAF_sell_ps.wav,Surprise,191,Surprise,Surprise,True,0.8583861,0.00068080326,0.0022494465,0.104045525,0.030361317,0.00010966094,0.0041671176,0.8583861
5168,tess,OAF,OAF_sell_sad.wav,Sad,277,Sad,Disgust,False,0.41649362,0.03337266,0.41649362,0.19629118,0.08939677,0.110940576,0.084811084,0.068694055
5169,tess,OAF,OAF_shack_angry.wav,Angry,141,Angry,Surprise,False,0.42989287,0.040854495,0.0011486621,0.4206824,0.09332186,0.006210284,0.007889506,0.42989287
5170,tess,OAF,OAF_shack_disgust.wav,Disgust,231,Disgust,Fear,False,0.36474222,0.027636716,0.13645633,0.36474222,0.041252285,0.09974708,0.123912126,0.20625326
5171,tess,OAF,OAF_shack_fear.wav,Fear,161,Fear,Surprise,False,0.74543905,0.00051533146,9.562611e-05,0.13857576,0.110474035,0.00029813603,0.0046020234,0.74543905
5172,tess,OAF,OAF_shack_happy.wav,Happy,193,Happy,Surprise,False,0.97033644,0.00054300623,0.0016983296,0.020347334,0.0055708126,3.668224e-05,0.0014674023,0.97033644
5173,tess,OAF,OAF_shack_neutral.wav,Neutral,199,Neutral,Surprise,False,0.47206616,0.0022735982,0.033026468,0.3692485,0.059621662,0.0050651315,0.058698464,0.47206616
5174,tess,OAF,OAF_shack_ps.wav,Surprise,180,Surprise,Surprise,True,0.91513634,0.00066760404,0.0014205194,0.06911224,0.008798485,0.00017529851,0.0046895766,0.91513634
5175,tess,OAF,OAF_shack_sad.wav,Sad,249,Sad,Neutral,False,0.33197334,0.02460834,0.09962932,0.21418476,0.07160673,0.33197334,0.19446047,0.063537024
5176,tess,OAF,OAF_shall_angry.wav,Angry,157,Angry,Fear,False,0.48228186,0.020998336,0.00088513084,0.48228186,0.20076616,0.0012354734,0.0029837005,0.29084942
5177,tess,OAF,OAF_shall_disgust.wav,Disgust,228,Disgust,Surprise,False,0.33730045,0.13849959,0.13841297,0.22420655,0.0481751,0.058263477,0.055141926,0.33730045
5178,tess,OAF,OAF_shall_fear.wav,Fear,173,Fear,Surprise,False,0.5670391,0.0021490634,0.0012510744,0.37310594,0.053415,5.4152202e-05,0.00298573,0.5670391
5179,tess,OAF,OAF_shall_happy.wav,Happy,204,Happy,Surprise,False,0.79542494,0.0073386445,0.05309654,0.10622131,0.019904427,0.00345091,0.014563159,0.79542494
5180,tess,OAF,OAF_shall_neutral.wav,Neutral,195,Neutral,Surprise,False,0.4973901,0.010250812,0.04497253,0.3613733,0.04484536,0.0050396556,0.03612834,0.4973901
5181,tess,OAF,OAF_shall_ps.wav,Surprise,216,Surprise,Surprise,True,0.6889561,0.018180193,0.038343165,0.18784687,0.053578448,0.0020993503,0.010995851,0.6889561
5182,tess,OAF,OAF_shall_sad.wav,Sad,245,Sad,Fear,False,0.28078058,0.055603664,0.1871141,0.28078058,0.057012886,0.13091631,0.18504618,0.10352629
5183,tess,OAF,OAF_shawl_angry.wav,Angry,153,Angry,Fear,False,0.41726148,0.06681764,0.0019920666,0.41726148,0.11418988,0.005809694,0.0063981186,0.3875311
5184,tess,OAF,OAF_shawl_disgust.wav,Disgust,234,Disgust,Fear,False,0.24722208,0.08085447,0.22589314,0.24722208,0.03925683,0.08639401,0.085332945,0.23504648
5185,tess,OAF,OAF_shawl_fear.wav,Fear,161,Fear,Surprise,False,0.54681134,0.013162553,0.0006724839,0.33399993,0.103073165,0.00032342534,0.0019571686,0.54681134
5186,tess,OAF,OAF_shawl_happy.wav,Happy,195,Happy,Surprise,False,0.7619615,0.0031350025,0.0047254874,0.18245633,0.044992615,0.00014428218,0.0025847952,0.7619615
5187,tess,OAF,OAF_shawl_neutral.wav,Neutral,198,Neutral,Fear,False,0.4224785,0.0136047965,0.05681281,0.4224785,0.098997705,0.040185105,0.15841061,0.20951045
5188,tess,OAF,OAF_shawl_ps.wav,Surprise,199,Surprise,Surprise,True,0.80850077,0.0023808898,0.001630541,0.14128593,0.041847557,0.0004900018,0.0038643247,0.80850077
5189,tess,OAF,OAF_shawl_sad.wav,Sad,261,Sad,Fear,False,0.40105134,0.06157983,0.2278258,0.40105134,0.108165465,0.08286953,0.04626114,0.0722469
5190,tess,OAF,OAF_sheep_angry.wav,Angry,141,Angry,Fear,False,0.76588726,0.008473526,0.0021784103,0.76588726,0.05929863,0.0065664332,0.016159719,0.14143603
5191,tess,OAF,OAF_sheep_disgust.wav,Disgust,218,Disgust,Neutral,False,0.27707604,0.022799173,0.045523692,0.22725873,0.072282545,0.27707604,0.20172101,0.15333878
5192,tess,OAF,OAF_sheep_fear.wav,Fear,171,Fear,Surprise,False,0.73110616,0.0039206618,0.00043662498,0.13117178,0.11915201,0.00307596,0.011136836,0.73110616
5193,tess,OAF,OAF_sheep_happy.wav,Happy,200,Happy,Surprise,False,0.8849007,0.0007468632,0.0009898128,0.0884501,0.018546646,0.00066202367,0.005703839,0.8849007
5194,tess,OAF,OAF_sheep_neutral.wav,Neutral,184,Neutral,Surprise,False,0.50657994,0.0029969588,0.006485979,0.36342302,0.076474085,0.0028300455,0.041209985,0.50657994
5195,tess,OAF,OAF_sheep_ps.wav,Surprise,208,Surprise,Surprise,True,0.90377116,0.0004265802,0.0009451854,0.0777289,0.01307136,0.00023136627,0.0038253644,0.90377116
5196,tess,OAF,OAF_sheep_sad.wav,Sad,268,Sad,Neutral,False,0.27471176,0.05394677,0.20665555,0.11594079,0.08811092,0.27471176,0.19779405,0.062840134
5197,tess,OAF,OAF_shirt_angry.wav,Angry,151,Angry,Fear,False,0.71723473,0.0087654535,0.0028561433,0.71723473,0.04760519,0.0019902799,0.017427523,0.20412074
5198,tess,OAF,OAF_shirt_disgust.wav,Disgust,249,Disgust,Disgust,True,0.6310735,0.023665177,0.6310735,0.08397708,0.01175149,0.04873743,0.12519957,0.075595744
5199,tess,OAF,OAF_shirt_fear.wav,Fear,130,Fear,Surprise,False,0.7880135,0.00056879944,0.00020830406,0.20145738,0.008508513,8.962365e-06,0.0012344662,0.7880135
5200,tess,OAF,OAF_shirt_happy.wav,Happy,181,Happy,Surprise,False,0.94063306,0.0009113333,0.0043936637,0.04989575,0.0024186983,4.479844e-05,0.0017027109,0.94063306
5201,tess,OAF,OAF_shirt_neutral.wav,Neutral,203,Neutral,Surprise,False,0.50020176,0.0015580079,0.17567882,0.24396111,0.008938644,0.0016776357,0.06798401,0.50020176
5202,tess,OAF,OAF_shirt_ps.wav,Surprise,193,Surprise,Surprise,True,0.97647786,6.999894e-05,0.0002476255,0.01935212,0.0030269132,3.589492e-06,0.0008218726,0.97647786
5203,tess,OAF,OAF_shirt_sad.wav,Sad,233,Sad,Disgust,False,0.40863386,0.020538133,0.40863386,0.34552363,0.036204252,0.01011704,0.098878905,0.08010421
5204,tess,OAF,OAF_should_angry.wav,Angry,151,Angry,Fear,False,0.55491227,0.0025273513,0.0004682193,0.55491227,0.19726442,0.0025342018,0.009166624,0.23312686
5205,tess,OAF,OAF_should_disgust.wav,Disgust,230,Disgust,Disgust,True,0.35826775,0.049206354,0.35826775,0.17632501,0.023782631,0.038061302,0.12335591,0.23100103
5206,tess,OAF,OAF_should_fear.wav,Fear,143,Fear,Surprise,False,0.7227682,0.0016730449,0.00025633496,0.24057809,0.03304424,7.645676e-05,0.0016036489,0.7227682
5207,tess,OAF,OAF_should_happy.wav,Happy,198,Happy,Surprise,False,0.8362104,0.002256443,0.0097045405,0.12048269,0.017985662,0.0012584955,0.012101755,0.8362104
5208,tess,OAF,OAF_should_neutral.wav,Neutral,206,Neutral,Surprise,False,0.37098035,0.0025205524,0.17802246,0.32100356,0.013438318,0.0064442595,0.1075905,0.37098035
5209,tess,OAF,OAF_should_ps.wav,Surprise,196,Surprise,Surprise,True,0.9592213,0.00032068096,0.0062150005,0.028252915,0.002819336,8.1961996e-05,0.0030888256,0.9592213
5210,tess,OAF,OAF_should_sad.wav,Sad,264,Sad,Fear,False,0.26246354,0.038065583,0.24170242,0.26246354,0.11994638,0.08898698,0.12193026,0.12690486
5211,tess,OAF,OAF_shout_angry.wav,Angry,138,Angry,Fear,False,0.5038111,0.024578677,0.0016102999,0.5038111,0.08267665,0.008470404,0.01018372,0.3686692
5212,tess,OAF,OAF_shout_disgust.wav,Disgust,249,Disgust,Disgust,True,0.3958779,0.017154353,0.3958779,0.15959273,0.01856684,0.11633294,0.19297467,0.09950062
5213,tess,OAF,OAF_shout_fear.wav,Fear,161,Fear,Surprise,False,0.90601003,0.00030771346,0.0001291027,0.06629222,0.02544514,7.012181e-05,0.0017456738,0.90601003
5214,tess,OAF,OAF_shout_happy.wav,Happy,202,Happy,Surprise,False,0.8947909,0.00025624488,0.0011419303,0.08206897,0.019210616,0.00016974236,0.0023615991,0.8947909
5215,tess,OAF,OAF_shout_neutral.wav,Neutral,204,Neutral,Surprise,False,0.3373078,0.010085088,0.19575568,0.29120544,0.015968073,0.027681818,0.12199604,0.3373078
5216,tess,OAF,OAF_shout_ps.wav,Surprise,209,Surprise,Surprise,True,0.8485289,0.000791874,0.02593819,0.11496614,0.0057410556,0.00010522834,0.0039285524,0.8485289
5217,tess,OAF,OAF_shout_sad.wav,Sad,263,Sad,Disgust,False,0.52508867,0.044226076,0.52508867,0.120613374,0.030997604,0.14676736,0.095821045,0.036485896
5218,tess,OAF,OAF_size_angry.wav,Angry,154,Angry,Fear,False,0.5439998,0.008489733,0.0005067399,0.5439998,0.19859204,0.0012099396,0.0038193886,0.24338244
5219,tess,OAF,OAF_size_disgust.wav,Disgust,247,Disgust,Disgust,True,0.40784547,0.034589395,0.40784547,0.2018134,0.033929013,0.07803043,0.11073811,0.13305418
5220,tess,OAF,OAF_size_fear.wav,Fear,177,Fear,Surprise,False,0.7294306,0.0009148027,0.0017693848,0.17259583,0.08200235,0.000791641,0.012495424,0.7294306
5221,tess,OAF,OAF_size_happy.wav,Happy,215,Happy,Surprise,False,0.7326962,0.002765223,0.0054675653,0.19534655,0.055725873,0.00086594874,0.0071327058,0.7326962
5222,tess,OAF,OAF_size_neutral.wav,Neutral,224,Neutral,Disgust,False,0.34313673,0.009132567,0.34313673,0.3038941,0.029676773,0.020235842,0.15857866,0.13534537
5223,tess,OAF,OAF_size_ps.wav,Surprise,234,Surprise,Surprise,True,0.45156318,0.011721292,0.21616435,0.27291813,0.01664267,0.0055733924,0.02541699,0.45156318
5224,tess,OAF,OAF_size_sad.wav,Sad,244,Sad,Fear,False,0.3506096,0.023314165,0.33236384,0.3506096,0.030155953,0.09824309,0.1321404,0.033172872
5225,tess,OAF,OAF_soap_angry.wav,Angry,141,Angry,Surprise,False,0.48748064,0.025700174,0.010650999,0.40422836,0.026616847,0.014618789,0.030704152,0.48748064
5226,tess,OAF,OAF_soap_disgust.wav,Disgust,239,Disgust,Surprise,False,0.38840201,0.025947675,0.17936298,0.26682183,0.041334327,0.017926201,0.08020494,0.38840201
5227,tess,OAF,OAF_soap_fear.wav,Fear,157,Fear,Surprise,False,0.70511556,0.0054192776,0.0001435478,0.24854946,0.040263638,2.3950524e-05,0.00048461623,0.70511556
5228,tess,OAF,OAF_soap_happy.wav,Happy,190,Happy,Surprise,False,0.960092,8.309425e-05,0.00022859302,0.03285794,0.005675855,2.16197e-05,0.0010409447,0.960092
5229,tess,OAF,OAF_soap_neutral.wav,Neutral,212,Neutral,Fear,False,0.50294745,0.0022414397,0.13037986,0.50294745,0.016098356,0.005929994,0.10953779,0.23286507
5230,tess,OAF,OAF_soap_ps.wav,Surprise,194,Surprise,Surprise,True,0.90627027,0.0008921538,0.0041009714,0.07101254,0.012684448,0.00025808887,0.004781574,0.90627027
5231,tess,OAF,OAF_soap_sad.wav,Sad,272,Sad,Fear,False,0.41281584,0.013396836,0.12479176,0.41281584,0.077218674,0.13252482,0.1318395,0.10741259
5232,tess,OAF,OAF_soup_angry.wav,Angry,138,Angry,Fear,False,0.47106862,0.012126697,0.0010341452,0.47106862,0.054150313,0.0024812338,0.0047346083,0.45440438
5233,tess,OAF,OAF_soup_disgust.wav,Disgust,234,Disgust,Disgust,True,0.40374264,0.014705999,0.40374264,0.1870297,0.006073804,0.05033573,0.14815767,0.1899544
5234,tess,OAF,OAF_soup_fear.wav,Fear,176,Fear,Surprise,False,0.7911085,0.000574896,0.00036091573,0.13322958,0.06356414,0.0008790751,0.010282954,0.7911085
5235,tess,OAF,OAF_soup_happy.wav,Happy,209,Happy,Surprise,False,0.8385395,0.00056471524,0.005842156,0.1332742,0.011980531,0.0005207195,0.009278258,0.8385395
5236,tess,OAF,OAF_soup_neutral.wav,Neutral,201,Neutral,Fear,False,0.55378354,0.0015456099,0.036644176,0.55378354,0.049902633,0.007267631,0.060983196,0.28987312
5237,tess,OAF,OAF_soup_ps.wav,Surprise,222,Surprise,Surprise,True,0.9453598,0.00033096672,0.0036527924,0.039187644,0.008245453,8.644123e-05,0.0031368295,0.9453598
5238,tess,OAF,OAF_soup_sad.wav,Sad,262,Sad,Fear,False,0.3023239,0.024915662,0.06167391,0.3023239,0.12131434,0.16242166,0.16608559,0.16126494
5239,tess,OAF,OAF_sour_angry.wav,Angry,161,Angry,Fear,False,0.50946766,0.030051729,0.004788414,0.50946766,0.20319992,0.043602332,0.034979053,0.17391086
5240,tess,OAF,OAF_sour_disgust.wav,Disgust,220,Disgust,Disgust,True,0.44966123,0.06799705,0.44966123,0.18431069,0.020057522,0.05501836,0.12884888,0.09410625
5241,tess,OAF,OAF_sour_fear.wav,Fear,151,Fear,Surprise,False,0.72201693,0.0033648422,0.00028573757,0.23211035,0.04084922,9.757565e-05,0.0012753808,0.72201693
5242,tess,OAF,OAF_sour_happy.wav,Happy,206,Happy,Surprise,False,0.89664423,0.0006707576,0.0036931536,0.07971725,0.01425816,0.00028448045,0.0047319815,0.89664423
5243,tess,OAF,OAF_sour_neutral.wav,Neutral,211,Neutral,Disgust,False,0.30060542,0.011404612,0.30060542,0.23694864,0.024398921,0.02700886,0.205632,0.19400157
5244,tess,OAF,OAF_sour_ps.wav,Surprise,212,Surprise,Surprise,True,0.63214755,0.026179563,0.118495025,0.16414475,0.012048729,0.00979757,0.037186854,0.63214755
5245,tess,OAF,OAF_sour_sad.wav,Sad,271,Sad,Neutral,False,0.32015213,0.05181947,0.28998882,0.08403734,0.03083893,0.32015213,0.2077163,0.015447029
5246,tess,OAF,OAF_south_angry.wav,Angry,148,Angry,Fear,False,0.44417527,0.0053628394,0.0016148584,0.44417527,0.10019379,0.007751986,0.01335392,0.4275474
5247,tess,OAF,OAF_south_disgust.wav,Disgust,269,Disgust,Fear,False,0.34115416,0.01344231,0.25200048,0.34115416,0.04216986,0.043704182,0.07387942,0.23364955
5248,tess,OAF,OAF_south_fear.wav,Fear,164,Fear,Surprise,False,0.8358127,0.00048489793,2.2929631e-05,0.08472112,0.077976376,6.639472e-05,0.0009156344,0.8358127
5249,tess,OAF,OAF_south_happy.wav,Happy,202,Happy,Surprise,False,0.84517545,0.00072277244,0.013147415,0.11202993,0.017230252,0.0009812545,0.010712877,0.84517545
5250,tess,OAF,OAF_south_neutral.wav,Neutral,228,Neutral,Fear,False,0.51082784,0.0074321395,0.17860727,0.51082784,0.018624434,0.05071511,0.12972961,0.104063585
5251,tess,OAF,OAF_south_ps.wav,Surprise,218,Surprise,Surprise,True,0.8358694,0.0007581595,0.0059371605,0.13930777,0.013218419,0.00019286465,0.0047162795,0.8358694
5252,tess,OAF,OAF_south_sad.wav,Sad,273,Sad,Fear,False,0.27732915,0.031476144,0.12398,0.27732915,0.22514203,0.09592257,0.08852591,0.15762423
5253,tess,OAF,OAF_sub_angry.wav,Angry,135,Angry,Fear,False,0.46737957,0.10473655,0.0018047635,0.46737957,0.09796592,0.0032963885,0.0031852005,0.32163158
5254,tess,OAF,OAF_sub_disgust.wav,Disgust,238,Disgust,Disgust,True,0.5494542,0.019368945,0.5494542,0.17792991,0.018779678,0.015298065,0.10302188,0.11614727
5255,tess,OAF,OAF_sub_fear.wav,Fear,158,Fear,Surprise,False,0.648506,0.005178349,0.0012666477,0.31182808,0.03154799,6.4767526e-05,0.0016080752,0.648506
5256,tess,OAF,OAF_sub_happy.wav,Happy,191,Happy,Surprise,False,0.94932693,0.00033230457,0.001804335,0.04544755,0.0023226382,2.4024224e-05,0.00074218423,0.94932693
5257,tess,OAF,OAF_sub_neutral.wav,Neutral,202,Neutral,Fear,False,0.6411865,0.0029028265,0.10264549,0.6411865,0.022398748,0.010016045,0.11960427,0.10124609
5258,tess,OAF,OAF_sub_ps.wav,Surprise,183,Surprise,Surprise,True,0.84917533,0.0017982775,0.0051489393,0.11749666,0.023348602,6.4188054e-05,0.0029680468,0.84917533
5259,tess,OAF,OAF_sub_sad.wav,Sad,252,Sad,Disgust,False,0.28202838,0.03763123,0.28202838,0.20395248,0.093994334,0.19377235,0.13232064,0.05630067
5260,tess,OAF,OAF_such_angry.wav,Angry,141,Angry,Surprise,False,0.81313336,0.017531218,0.00095674506,0.10897344,0.04962434,0.0035154636,0.0062655066,0.81313336
5261,tess,OAF,OAF_such_disgust.wav,Disgust,238,Disgust,Disgust,True,0.3407531,0.028079757,0.3407531,0.21103892,0.018811297,0.07798919,0.10910036,0.2142274
5262,tess,OAF,OAF_such_fear.wav,Fear,144,Fear,Surprise,False,0.740251,0.008787802,0.00044459593,0.12741062,0.11937144,0.0011063687,0.002628171,0.740251
5263,tess,OAF,OAF_such_happy.wav,Happy,203,Happy,Surprise,False,0.89498514,0.0016053882,0.0008266124,0.07974634,0.019950714,0.00028151603,0.0026042967,0.89498514
5264,tess,OAF,OAF_such_neutral.wav,Neutral,201,Neutral,Fear,False,0.4816171,0.0038281989,0.07798108,0.4816171,0.06710616,0.013964651,0.08457136,0.27093148
5265,tess,OAF,OAF_such_ps.wav,Surprise,226,Surprise,Surprise,True,0.86742574,0.007334329,0.017282303,0.08227128,0.008145354,0.0024146766,0.015126413,0.86742574
5266,tess,OAF,OAF_such_sad.wav,Sad,258,Sad,Fear,False,0.34330177,0.025232684,0.15627517,0.34330177,0.101906225,0.12203162,0.17273764,0.078514874
5267,tess,OAF,OAF_sure_angry.wav,Angry,140,Angry,Fear,False,0.622953,0.043021403,0.0024371934,0.622953,0.04905506,0.00074550277,0.0037171002,0.27807072
5268,tess,OAF,OAF_sure_disgust.wav,Disgust,228,Disgust,Disgust,True,0.38753664,0.014816863,0.38753664,0.11390018,0.006565621,0.011634309,0.14865302,0.31689343
5269,tess,OAF,OAF_sure_fear.wav,Fear,151,Fear,Surprise,False,0.7338782,0.0045186067,0.00065435277,0.24954396,0.009590015,3.8093942e-05,0.0017768247,0.7338782
5270,tess,OAF,OAF_sure_happy.wav,Happy,188,Happy,Surprise,False,0.80024207,0.0019664469,0.004402717,0.15507224,0.030956184,0.00038134726,0.006978983,0.80024207
5271,tess,OAF,OAF_sure_neutral.wav,Neutral,193,Neutral,Fear,False,0.45979962,0.003624105,0.13412964,0.45979962,0.020279514,0.005912863,0.12707104,0.24918333
5272,tess,OAF,OAF_sure_ps.wav,Surprise,194,Surprise,Surprise,True,0.930799,0.00062154565,0.022991644,0.041153107,0.0021265326,2.4947114e-05,0.002283217,0.930799
5273,tess,OAF,OAF_sure_sad.wav,Sad,231,Sad,Fear,False,0.39231265,0.007924674,0.3760837,0.39231265,0.012201229,0.021894688,0.13814439,0.05143868
5274,tess,OAF,OAF_take_angry.wav,Angry,125,Angry,Fear,False,0.43077427,0.037861075,0.0006767643,0.43077427,0.10160853,0.0018273472,0.0014945769,0.42575744
5275,tess,OAF,OAF_take_disgust.wav,Disgust,231,Disgust,Surprise,False,0.49201936,0.006177426,0.16053623,0.24788989,0.027635485,0.01457297,0.05116868,0.49201936
5276,tess,OAF,OAF_take_fear.wav,Fear,154,Fear,Surprise,False,0.90645105,0.0014336135,0.00038063852,0.0763753,0.0136894435,0.00012821968,0.0015416957,0.90645105
5277,tess,OAF,OAF_take_happy.wav,Happy,199,Happy,Surprise,False,0.95080215,0.00016402446,0.0018274011,0.04076366,0.0050553842,7.126654e-05,0.0013160821,0.95080215
5278,tess,OAF,OAF_take_neutral.wav,Neutral,212,Neutral,Fear,False,0.59511614,0.0021534858,0.10518252,0.59511614,0.033255775,0.01640779,0.119164854,0.12871948
5279,tess,OAF,OAF_take_ps.wav,Surprise,202,Surprise,Surprise,True,0.78998154,0.00036248635,0.0022985938,0.18447813,0.020133715,0.00010595596,0.0026395663,0.78998154
5280,tess,OAF,OAF_take_sad.wav,Sad,247,Sad,Sad,True,0.35320067,0.0041260985,0.14757468,0.29841062,0.014796379,0.1558857,0.35320067,0.026005847
5281,tess,OAF,OAF_talk_angry.wav,Angry,141,Angry,Surprise,False,0.3554607,0.1185413,0.016893651,0.19164108,0.0745229,0.18539988,0.057540547,0.3554607
5282,tess,OAF,OAF_talk_disgust.wav,Disgust,216,Disgust,Disgust,True,0.27716818,0.041126832,0.27716818,0.20120981,0.044872254,0.21137731,0.13752261,0.08672302
5283,tess,OAF,OAF_talk_fear.wav,Fear,161,Fear,Surprise,False,0.91307735,0.0019802833,0.00035854144,0.05515493,0.028055578,0.00017038059,0.0012029717,0.91307735
5284,tess,OAF,OAF_talk_happy.wav,Happy,220,Happy,Surprise,False,0.6689915,0.007647638,0.07276173,0.15582624,0.02472961,0.027374554,0.042668767,0.6689915
5285,tess,OAF,OAF_talk_neutral.wav,Neutral,197,Neutral,Surprise,False,0.34471726,0.005212124,0.19551906,0.29611558,0.02333359,0.037129708,0.09797261,0.34471726
5286,tess,OAF,OAF_talk_ps.wav,Surprise,199,Surprise,Surprise,True,0.37810284,0.0451106,0.24172688,0.15964027,0.07411688,0.040339526,0.06096305,0.37810284
5287,tess,OAF,OAF_talk_sad.wav,Sad,260,Sad,Neutral,False,0.44535783,0.024867596,0.13146162,0.08372526,0.0676121,0.44535783,0.22311175,0.023863854
5288,tess,OAF,OAF_tape_angry.wav,Angry,141,Angry,Surprise,False,0.45968914,0.015855191,0.005791869,0.39801082,0.0775937,0.01785629,0.02520293,0.45968914
5289,tess,OAF,OAF_tape_disgust.wav,Disgust,233,Disgust,Surprise,False,0.3460378,0.01368916,0.10034166,0.32939902,0.057737008,0.05516986,0.09762549,0.3460378
5290,tess,OAF,OAF_tape_fear.wav,Fear,151,Fear,Surprise,False,0.82582927,0.002350364,0.00057573384,0.10251362,0.058400694,0.0033797973,0.0069504897,0.82582927
5291,tess,OAF,OAF_tape_happy.wav,Happy,183,Happy,Surprise,False,0.8982357,0.0013906276,0.010663248,0.0664236,0.011030758,0.0013093947,0.010946629,0.8982357
5292,tess,OAF,OAF_tape_neutral.wav,Neutral,175,Neutral,Surprise,False,0.6819994,0.0018343058,0.039439984,0.23167263,0.0181857,0.002723912,0.024144048,0.6819994
5293,tess,OAF,OAF_tape_ps.wav,Surprise,215,Surprise,Surprise,True,0.9029869,0.0027199625,0.018200496,0.05605591,0.007749634,0.0012223826,0.011064745,0.9029869
5294,tess,OAF,OAF_tape_sad.wav,Sad,268,Sad,Neutral,False,0.3035179,0.014051172,0.08928877,0.23776832,0.0747887,0.3035179,0.22380573,0.056779422
5295,tess,OAF,OAF_team_angry.wav,Angry,157,Angry,Fear,False,0.4811589,0.0075072753,0.0035522715,0.4811589,0.09754705,0.00567607,0.014451526,0.39010695
5296,tess,OAF,OAF_team_disgust.wav,Disgust,242,Disgust,Disgust,True,0.48234892,0.018352257,0.48234892,0.1128343,0.006377342,0.13434239,0.17310466,0.072640166
5297,tess,OAF,OAF_team_fear.wav,Fear,165,Fear,Fear,True,0.52556914,0.007972864,0.0069961995,0.52556914,0.042605173,0.0028444787,0.019372342,0.3946398
5298,tess,OAF,OAF_team_happy.wav,Happy,209,Happy,Surprise,False,0.86702937,0.0015725804,0.028679863,0.084164836,0.0049062106,0.0015580213,0.012089188,0.86702937
5299,tess,OAF,OAF_team_neutral.wav,Neutral,216,Neutral,Fear,False,0.37864247,0.005258136,0.28909463,0.37864247,0.011961163,0.023711432,0.11775737,0.1735748
5300,tess,OAF,OAF_team_ps.wav,Surprise,204,Surprise,Surprise,True,0.889786,0.006207654,0.01896609,0.07063436,0.005403749,0.0014918152,0.007510302,0.889786
5301,tess,OAF,OAF_team_sad.wav,Sad,267,Sad,Sad,True,0.36496085,0.0060124313,0.22132048,0.11621291,0.008312924,0.27094048,0.36496085,0.01223998
5302,tess,OAF,OAF_tell_angry.wav,Angry,151,Angry,Fear,False,0.4188048,0.025295995,0.0020106933,0.4188048,0.2860586,0.0037444662,0.007211802,0.25687367
5303,tess,OAF,OAF_tell_disgust.wav,Disgust,209,Disgust,Surprise,False,0.37671983,0.030860545,0.12507626,0.28167102,0.1210858,0.026355824,0.0382307,0.37671983
5304,tess,OAF,OAF_tell_fear.wav,Fear,170,Fear,Surprise,False,0.5204746,0.0040690163,0.0038830603,0.40560144,0.059174743,0.0005305682,0.0062665083,0.5204746
5305,tess,OAF,OAF_tell_happy.wav,Happy,203,Happy,Surprise,False,0.8422497,0.0012398398,0.034955718,0.1037974,0.011965794,0.0004144087,0.0053771683,0.8422497
5306,tess,OAF,OAF_tell_neutral.wav,Neutral,192,Neutral,Disgust,False,0.31198302,0.0033882894,0.31198302,0.2121859,0.018036267,0.023529569,0.12475395,0.30612305
5307,tess,OAF,OAF_tell_ps.wav,Surprise,219,Surprise,Surprise,True,0.49170423,0.0326245,0.27869058,0.1296584,0.028806696,0.005188221,0.03332732,0.49170423
5308,tess,OAF,OAF_tell_sad.wav,Sad,234,Sad,Disgust,False,0.31040725,0.016160762,0.31040725,0.123223506,0.029754667,0.26533493,0.2407357,0.014383231
5309,tess,OAF,OAF_thin_angry.wav,Angry,148,Angry,Fear,False,0.5500995,0.016569989,0.0007719782,0.5500995,0.22124134,0.0086651975,0.0070249373,0.19562703
5310,tess,OAF,OAF_thin_disgust.wav,Disgust,218,Disgust,Fear,False,0.46952266,0.016980184,0.07011414,0.46952266,0.088689685,0.039051306,0.043407597,0.2722345
5311,tess,OAF,OAF_thin_fear.wav,Fear,161,Fear,Surprise,False,0.6465617,0.0062883263,0.0013806068,0.30507123,0.03722007,0.000458332,0.0030197399,0.6465617
5312,tess,OAF,OAF_thin_happy.wav,Happy,209,Happy,Surprise,False,0.755315,0.0009570621,0.011979442,0.20850636,0.018714841,0.0003781887,0.004149072,0.755315
5313,tess,OAF,OAF_thin_neutral.wav,Neutral,194,Neutral,Fear,False,0.50072867,0.003649271,0.12170971,0.50072867,0.04150392,0.01829182,0.13751589,0.17660072
5314,tess,OAF,OAF_thin_ps.wav,Surprise,211,Surprise,Surprise,True,0.76870763,0.0018566462,0.038264938,0.18079975,0.005255538,0.0004597757,0.0046556666,0.76870763
5315,tess,OAF,OAF_thin_sad.wav,Sad,238,Sad,Sad,True,0.40291256,0.0043785986,0.098387115,0.24194995,0.08977762,0.13380745,0.40291256,0.028786732
5316,tess,OAF,OAF_third_angry.wav,Angry,138,Angry,Surprise,False,0.43611652,0.0115488805,0.0014212825,0.4192621,0.12194456,0.0029730736,0.0067336373,0.43611652
5317,tess,OAF,OAF_third_disgust.wav,Disgust,228,Disgust,Disgust,True,0.5661839,0.008792315,0.5661839,0.066855974,0.0050617824,0.0047604768,0.13359715,0.21474838
5318,tess,OAF,OAF_third_fear.wav,Fear,161,Fear,Fear,True,0.51162344,0.0008479132,0.0014382517,0.51162344,0.013902294,1.2866499e-05,0.0018715558,0.47030362
5319,tess,OAF,OAF_third_happy.wav,Happy,205,Happy,Surprise,False,0.92649233,9.790263e-05,0.0028580567,0.063615575,0.0044963094,2.925603e-05,0.0024104887,0.92649233
5320,tess,OAF,OAF_third_neutral.wav,Neutral,192,Neutral,Fear,False,0.415124,0.0023330168,0.13457017,0.415124,0.034235988,0.0052304864,0.17643332,0.23207304
5321,tess,OAF,OAF_third_ps.wav,Surprise,197,Surprise,Surprise,True,0.8422818,0.0007579509,0.03424447,0.114671916,0.0036644107,5.870269e-05,0.0043207854,0.8422818
5322,tess,OAF,OAF_third_sad.wav,Sad,250,Sad,Disgust,False,0.43527395,0.0152317975,0.43527395,0.13045478,0.031066978,0.11465264,0.24471234,0.02860751
5323,tess,OAF,OAF_thought_angry.wav,Angry,141,Angry,Surprise,False,0.38651708,0.053195193,0.00786032,0.26890448,0.06699225,0.15816575,0.058364928,0.38651708
5324,tess,OAF,OAF_thought_disgust.wav,Disgust,217,Disgust,Surprise,False,0.35759723,0.033119522,0.30435607,0.17798455,0.030877335,0.032869138,0.06319614,0.35759723
5325,tess,OAF,OAF_thought_fear.wav,Fear,159,Fear,Surprise,False,0.7094695,0.0120701045,0.0028031573,0.21372223,0.05839842,0.000491247,0.0030453783,0.7094695
5326,tess,OAF,OAF_thought_happy.wav,Happy,185,Happy,Surprise,False,0.9354536,0.0016741204,0.015699856,0.041208807,0.0031361333,0.00022208132,0.0026053619,0.9354536
5327,tess,OAF,OAF_thought_neutral.wav,Neutral,183,Neutral,Surprise,False,0.42963064,0.0025382193,0.07572902,0.3300343,0.024805078,0.006896754,0.13036604,0.42963064
5328,tess,OAF,OAF_thought_ps.wav,Surprise,178,Surprise,Surprise,True,0.845104,0.015737157,0.017105948,0.09653834,0.017145354,0.0019545446,0.006414715,0.845104
5329,tess,OAF,OAF_thought_sad.wav,Sad,225,Sad,Neutral,False,0.37403843,0.061265167,0.18755986,0.12958792,0.025330862,0.37403843,0.19659202,0.025625812
5330,tess,OAF,OAF_thumb_angry.wav,Angry,148,Angry,Surprise,False,0.5198459,0.023079861,0.00088219653,0.26811868,0.17024802,0.011513999,0.0063113626,0.5198459
5331,tess,OAF,OAF_thumb_disgust.wav,Disgust,216,Disgust,Fear,False,0.5426057,0.011487816,0.15263134,0.5426057,0.050652094,0.022473956,0.045853492,0.17429566
5332,tess,OAF,OAF_thumb_fear.wav,Fear,140,Fear,Surprise,False,0.6645897,0.009247722,0.00048709766,0.29146096,0.031184731,0.0004654055,0.0025643834,0.6645897
5333,tess,OAF,OAF_thumb_happy.wav,Happy,200,Happy,Surprise,False,0.7156469,0.001273263,0.014230329,0.23710953,0.023606345,0.00041388176,0.0077197603,0.7156469
5334,tess,OAF,OAF_thumb_neutral.wav,Neutral,194,Neutral,Surprise,False,0.544975,0.0026314515,0.052351236,0.3173798,0.031127723,0.004961242,0.046573553,0.544975
5335,tess,OAF,OAF_thumb_ps.wav,Surprise,213,Surprise,Surprise,True,0.58461416,0.004437217,0.06004028,0.3124585,0.0276133,0.0014911448,0.009345404,0.58461416
5336,tess,OAF,OAF_thumb_sad.wav,Sad,254,Sad,Fear,False,0.34427688,0.025585629,0.13995184,0.34427688,0.080602705,0.13448462,0.21723877,0.0578595
5337,tess,OAF,OAF_time_angry.wav,Angry,154,Angry,Surprise,False,0.4665145,0.009429845,0.010340819,0.31727234,0.14178655,0.014112844,0.04054304,0.4665145
5338,tess,OAF,OAF_time_disgust.wav,Disgust,220,Disgust,Surprise,False,0.31578073,0.02088811,0.30134225,0.2283389,0.031055097,0.036840145,0.06575474,0.31578073
5339,tess,OAF,OAF_time_fear.wav,Fear,149,Fear,Surprise,False,0.53431857,0.014930027,0.002707521,0.3090666,0.11116527,0.0037343998,0.024077574,0.53431857
5340,tess,OAF,OAF_time_happy.wav,Happy,204,Happy,Surprise,False,0.6482289,0.010284208,0.123171404,0.15400542,0.018584337,0.01160943,0.0341163,0.6482289
5341,tess,OAF,OAF_time_neutral.wav,Neutral,205,Neutral,Disgust,False,0.5023737,0.0017412018,0.5023737,0.25045508,0.01016275,0.0067756413,0.094102055,0.1343896
5342,tess,OAF,OAF_time_ps.wav,Surprise,215,Surprise,Surprise,True,0.5390022,0.00511137,0.27034694,0.1363677,0.007431188,0.0029360591,0.038804628,0.5390022
5343,tess,OAF,OAF_time_sad.wav,Sad,246,Sad,Disgust,False,0.31846398,0.034038544,0.31846398,0.07101326,0.067823015,0.23339325,0.2602328,0.015035145
5344,tess,OAF,OAF_tip_angry.wav,Angry,134,Angry,Surprise,False,0.56298405,0.05955657,0.007806437,0.31236503,0.037297156,0.010694268,0.009296447,0.56298405
5345,tess,OAF,OAF_tip_disgust.wav,Disgust,230,Disgust,Disgust,True,0.6151988,0.008554623,0.6151988,0.06651506,0.002393545,0.07382193,0.20687643,0.026639612
5346,tess,OAF,OAF_tip_fear.wav,Fear,166,Fear,Surprise,False,0.8656074,0.0009423929,0.0011243322,0.07462269,0.041343566,0.003292157,0.01306757,0.8656074
5347,tess,OAF,OAF_tip_happy.wav,Happy,167,Happy,Surprise,False,0.9693643,0.0009445463,0.0008427634,0.020621337,0.005171022,0.0004951044,0.002560889,0.9693643
5348,tess,OAF,OAF_tip_neutral.wav,Neutral,194,Neutral,Fear,False,0.4197648,0.003013383,0.10720792,0.4197648,0.02326345,0.010854031,0.059860434,0.37603605
5349,tess,OAF,OAF_tip_ps.wav,Surprise,199,Surprise,Surprise,True,0.92727983,0.0020023999,0.006490019,0.050097425,0.009126412,0.000733211,0.0042707357,0.92727983
5350,tess,OAF,OAF_tip_sad.wav,Sad,273,Sad,Disgust,False,0.32251367,0.0030669097,0.32251367,0.16739759,0.02336214,0.18663846,0.23182869,0.06519245
5351,tess,OAF,OAF_tire_angry.wav,Angry,161,Angry,Happy,False,0.353862,0.010559951,0.0013271925,0.32961693,0.353862,0.01402982,0.01057875,0.28002536
5352,tess,OAF,OAF_tire_disgust.wav,Disgust,245,Disgust,Disgust,True,0.5486212,0.008575132,0.5486212,0.24433157,0.01145571,0.015733609,0.07000898,0.10127382
5353,tess,OAF,OAF_tire_fear.wav,Fear,149,Fear,Surprise,False,0.51704246,0.012787131,0.0013789296,0.3867439,0.077499546,0.00067709666,0.0038709752,0.51704246
5354,tess,OAF,OAF_tire_happy.wav,Happy,201,Happy,Surprise,False,0.48581913,0.0050070058,0.20379145,0.22637866,0.03325774,0.007871309,0.037874646,0.48581913
5355,tess,OAF,OAF_tire_neutral.wav,Neutral,197,Neutral,Disgust,False,0.35768583,0.0026886845,0.35768583,0.2887223,0.033211622,0.020947436,0.13059716,0.166147
5356,tess,OAF,OAF_tire_ps.wav,Surprise,225,Surprise,Disgust,False,0.5195678,0.024542011,0.5195678,0.11991145,0.014743465,0.023297518,0.08241476,0.215523
5357,tess,OAF,OAF_tire_sad.wav,Sad,261,Sad,Disgust,False,0.28230068,0.012769408,0.28230068,0.19633888,0.048022505,0.21210067,0.20030224,0.04816561
5358,tess,OAF,OAF_ton_angry.wav,Angry,147,Angry,Fear,False,0.5452867,0.018016001,0.008243459,0.5452867,0.082615905,0.024567705,0.028492384,0.2927778
5359,tess,OAF,OAF_ton_disgust.wav,Disgust,224,Disgust,Disgust,True,0.43770996,0.009809789,0.43770996,0.22700611,0.014295963,0.030328471,0.10972835,0.17112133
5360,tess,OAF,OAF_ton_fear.wav,Fear,161,Fear,Surprise,False,0.8885818,0.0057845023,0.0020528224,0.07977762,0.020580012,0.0006501167,0.0025730717,0.8885818
5361,tess,OAF,OAF_ton_happy.wav,Happy,189,Happy,Surprise,False,0.9571466,0.00017555026,0.0036844634,0.035392337,0.0024749204,3.695707e-05,0.0010892557,0.9571466
5362,tess,OAF,OAF_ton_neutral.wav,Neutral,190,Neutral,Fear,False,0.50287175,0.0032811358,0.14477679,0.50287175,0.03129537,0.008937303,0.056183405,0.2526542
5363,tess,OAF,OAF_ton_ps.wav,Surprise,189,Surprise,Surprise,True,0.79767036,0.0031292709,0.037973247,0.13054815,0.0142201055,0.0024001738,0.014058719,0.79767036
5364,tess,OAF,OAF_ton_sad.wav,Sad,266,Sad,Fear,False,0.25684693,0.00847853,0.2490626,0.25684693,0.058621455,0.06120123,0.17443499,0.19135426
5365,tess,OAF,OAF_tool_angry.wav,Angry,148,Angry,Surprise,False,0.6108983,0.034459397,0.01744584,0.27976072,0.038263842,0.0065960945,0.012575782,0.6108983
5366,tess,OAF,OAF_tool_disgust.wav,Disgust,226,Disgust,Disgust,True,0.3469578,0.0061599435,0.3469578,0.2878006,0.018717386,0.006298683,0.057205725,0.27685985
5367,tess,OAF,OAF_tool_fear.wav,Fear,164,Fear,Surprise,False,0.4977313,0.014328878,0.0032621163,0.34745836,0.12899147,0.0018559896,0.0063719293,0.4977313
5368,tess,OAF,OAF_tool_happy.wav,Happy,180,Happy,Surprise,False,0.7055431,0.0056953607,0.09983241,0.13326776,0.016486377,0.0066236285,0.03255141,0.7055431
5369,tess,OAF,OAF_tool_neutral.wav,Neutral,186,Neutral,Fear,False,0.4435718,0.0044636335,0.29081497,0.4435718,0.012495938,0.009230379,0.06751351,0.1719098
5370,tess,OAF,OAF_tool_ps.wav,Surprise,190,Surprise,Surprise,True,0.6496413,0.009060071,0.059328116,0.21169354,0.04216383,0.0037106716,0.02440249,0.6496413
5371,tess,OAF,OAF_tool_sad.wav,Sad,253,Sad,Neutral,False,0.2635423,0.023302538,0.23006625,0.19091853,0.06466801,0.2635423,0.19829117,0.029211253
5372,tess,OAF,OAF_tough_angry.wav,Angry,138,Angry,Fear,False,0.45727342,0.03855165,0.0028851824,0.45727342,0.08530934,0.008567355,0.0066414084,0.40077162
5373,tess,OAF,OAF_tough_disgust.wav,Disgust,226,Disgust,Disgust,True,0.29937446,0.033663444,0.29937446,0.20411135,0.024786219,0.10109951,0.09273248,0.2442325
5374,tess,OAF,OAF_tough_fear.wav,Fear,161,Fear,Surprise,False,0.8558441,0.0041705114,0.0025407167,0.10534406,0.025972538,0.0014793026,0.004648772,0.8558441
5375,tess,OAF,OAF_tough_happy.wav,Happy,194,Happy,Surprise,False,0.97616893,0.0005175322,0.0013341908,0.016292702,0.0038462349,0.00024367208,0.0015966459,0.97616893
5376,tess,OAF,OAF_tough_neutral.wav,Neutral,191,Neutral,Fear,False,0.49242404,0.00481917,0.046665486,0.49242404,0.09929092,0.04243766,0.096896075,0.2174667
5377,tess,OAF,OAF_tough_ps.wav,Surprise,199,Surprise,Surprise,True,0.8293167,0.0014808918,0.010767668,0.113632955,0.032896657,0.0015237511,0.0103814425,0.8293167
5378,tess,OAF,OAF_tough_sad.wav,Sad,234,Sad,Neutral,False,0.40272313,0.0265319,0.07412459,0.27244675,0.037281286,0.40272313,0.1378464,0.049045954
5379,tess,OAF,OAF_turn_angry.wav,Angry,151,Angry,Fear,False,0.51951414,0.01706378,0.008778304,0.51951414,0.06496516,0.0037073863,0.010992123,0.37497914
5380,tess,OAF,OAF_turn_disgust.wav,Disgust,230,Disgust,Disgust,True,0.6712189,0.017312694,0.6712189,0.08068684,0.007310232,0.02204519,0.101565674,0.099860474
5381,tess,OAF,OAF_turn_fear.wav,Fear,171,Fear,Surprise,False,0.9648806,0.00073106453,0.0011506651,0.028989436,0.0031407839,2.9157423e-05,0.001078332,0.9648806
5382,tess,OAF,OAF_turn_happy.wav,Happy,198,Happy,Surprise,False,0.96634245,0.00020576903,0.004707594,0.025350932,0.002020985,3.6817208e-05,0.001335392,0.96634245
5383,tess,OAF,OAF_turn_neutral.wav,Neutral,201,Neutral,Fear,False,0.33642638,0.00299567,0.3156002,0.33642638,0.012570675,0.013648677,0.124513455,0.19424498
5384,tess,OAF,OAF_turn_ps.wav,Surprise,187,Surprise,Surprise,True,0.83303547,0.004846139,0.024826474,0.10157436,0.013376068,0.0028902246,0.019451262,0.83303547
5385,tess,OAF,OAF_turn_sad.wav,Sad,253,Sad,Disgust,False,0.50712407,0.004429504,0.50712407,0.1337454,0.0050219027,0.053457007,0.27263364,0.023588486
5386,tess,OAF,OAF_vine_angry.wav,Angry,149,Angry,Fear,False,0.3574822,0.06876951,0.0064090677,0.3574822,0.19087838,0.10996621,0.03585956,0.23063506
5387,tess,OAF,OAF_vine_disgust.wav,Disgust,240,Disgust,Disgust,True,0.3670494,0.011670215,0.3670494,0.24180809,0.015402861,0.022808557,0.07686459,0.2643963
5388,tess,OAF,OAF_vine_fear.wav,Fear,168,Fear,Surprise,False,0.49058363,0.0044183545,0.0015820866,0.35882112,0.12440582,0.0029042785,0.01728474,0.49058363
5389,tess,OAF,OAF_vine_happy.wav,Happy,183,Happy,Surprise,False,0.9823261,0.0006911175,0.0010956272,0.012234996,0.0028121294,4.5901015e-05,0.0007941478,0.9823261
5390,tess,OAF,OAF_vine_neutral.wav,Neutral,192,Neutral,Fear,False,0.3682667,0.014549264,0.15657657,0.3682667,0.08553737,0.048908215,0.08829786,0.23786399
5391,tess,OAF,OAF_vine_ps.wav,Surprise,198,Surprise,Surprise,True,0.7263986,0.0070424573,0.009233171,0.1805683,0.06723277,0.002245914,0.007278774,0.7263986
5392,tess,OAF,OAF_vine_sad.wav,Sad,251,Sad,Disgust,False,0.40554118,0.009449013,0.40554118,0.19133465,0.013531021,0.08061786,0.27597004,0.023556264
5393,tess,OAF,OAF_voice_angry.wav,Angry,151,Angry,Surprise,False,0.625457,0.017059991,0.00071184954,0.21466146,0.13748682,0.0025554723,0.0020673797,0.625457
5394,tess,OAF,OAF_voice_disgust.wav,Disgust,247,Disgust,Disgust,True,0.5536064,0.011538912,0.5536064,0.1523644,0.008463096,0.02718159,0.06175007,0.18509552
5395,tess,OAF,OAF_voice_fear.wav,Fear,177,Fear,Surprise,False,0.6661856,0.0009256178,8.574132e-05,0.21048284,0.12101995,6.6542234e-05,0.001233667,0.6661856
5396,tess,OAF,OAF_voice_happy.wav,Happy,213,Happy,Surprise,False,0.9774441,0.00062265067,0.00046544717,0.017335238,0.0035130112,3.683075e-05,0.0005827169,0.9774441
5397,tess,OAF,OAF_voice_neutral.wav,Neutral,209,Neutral,Fear,False,0.487189,0.0038185907,0.047043562,0.487189,0.06999679,0.023263179,0.08201873,0.28667012
5398,tess,OAF,OAF_voice_ps.wav,Surprise,202,Surprise,Surprise,True,0.7580229,0.0035570227,0.008892393,0.16958077,0.05083828,0.0012145368,0.007894118,0.7580229
5399,tess,OAF,OAF_voice_sad.wav,Sad,256,Sad,Fear,False,0.34922433,0.010224288,0.17908223,0.34922433,0.07144721,0.04618111,0.12047847,0.22336231
5400,tess,OAF,OAF_void_angry.wav,Angry,148,Angry,Surprise,False,0.6474287,0.015838578,0.0007337223,0.16632351,0.16199735,0.003104759,0.004573381,0.6474287
5401,tess,OAF,OAF_void_disgust.wav,Disgust,221,Disgust,Disgust,True,0.7496527,0.016400116,0.7496527,0.05785186,0.0055491254,0.016728807,0.068333685,0.08548375
5402,tess,OAF,OAF_void_fear.wav,Fear,169,Fear,Surprise,False,0.9241535,0.0009789687,0.0003016038,0.05115977,0.01840759,0.00018053109,0.004817963,0.9241535
5403,tess,OAF,OAF_void_happy.wav,Happy,210,Happy,Surprise,False,0.7151825,0.0056888233,0.06794024,0.18141824,0.01358288,0.0025687204,0.013618606,0.7151825
5404,tess,OAF,OAF_void_neutral.wav,Neutral,218,Neutral,Surprise,False,0.50920093,0.001144414,0.16713847,0.24012089,0.007668372,0.0022110022,0.072515935,0.50920093
5405,tess,OAF,OAF_void_ps.wav,Surprise,240,Surprise,Surprise,True,0.77172875,0.008568898,0.07381719,0.09513419,0.018671952,0.005875724,0.026203284,0.77172875
5406,tess,OAF,OAF_void_sad.wav,Sad,255,Sad,Sad,True,0.38405362,0.01659171,0.21460427,0.19169255,0.04210205,0.06757094,0.38405362,0.083384834
5407,tess,OAF,OAF_vote_angry.wav,Angry,141,Angry,Surprise,False,0.5592463,0.017598767,0.0041268454,0.28983685,0.07927584,0.023741685,0.026173687,0.5592463
5408,tess,OAF,OAF_vote_disgust.wav,Disgust,237,Disgust,Surprise,False,0.2783993,0.037328944,0.24991459,0.12507823,0.021400185,0.18389691,0.10398189,0.2783993
5409,tess,OAF,OAF_vote_fear.wav,Fear,141,Fear,Surprise,False,0.71268904,0.025913853,0.00035741876,0.20905563,0.04738592,0.0010328973,0.0035651738,0.71268904
5410,tess,OAF,OAF_vote_happy.wav,Happy,186,Happy,Surprise,False,0.78370476,0.0033955798,0.010005455,0.122109726,0.049996283,0.0050809984,0.025707131,0.78370476
5411,tess,OAF,OAF_vote_neutral.wav,Neutral,173,Neutral,Surprise,False,0.78367615,0.0017551135,0.028784502,0.13394368,0.012137674,0.005059957,0.034642953,0.78367615
5412,tess,OAF,OAF_vote_ps.wav,Surprise,225,Surprise,Surprise,True,0.6963869,0.008339804,0.03976159,0.16227406,0.03417286,0.017078796,0.041986007,0.6963869
5413,tess,OAF,OAF_vote_sad.wav,Sad,234,Sad,Sad,True,0.37421244,0.010658185,0.057739973,0.15772846,0.055407934,0.31610778,0.37421244,0.028145159
5414,tess,OAF,OAF_wag_angry.wav,Angry,155,Angry,Fear,False,0.3888985,0.010545429,0.0009342298,0.3888985,0.2564602,0.007062656,0.012416309,0.3236827
5415,tess,OAF,OAF_wag_disgust.wav,Disgust,228,Disgust,Surprise,False,0.4332604,0.031771917,0.111864015,0.17950563,0.05833985,0.07748404,0.10777418,0.4332604
5416,tess,OAF,OAF_wag_fear.wav,Fear,164,Fear,Surprise,False,0.59922427,0.0019970837,0.000223556,0.2699971,0.11909422,0.0006735723,0.008790206,0.59922427
5417,tess,OAF,OAF_wag_happy.wav,Happy,190,Happy,Surprise,False,0.9377176,0.00094805827,0.0009493394,0.035842393,0.017560933,0.00028984752,0.0066917813,0.9377176
5418,tess,OAF,OAF_wag_neutral.wav,Neutral,187,Neutral,Sad,False,0.39576882,0.0013560381,0.013479837,0.23762795,0.23101856,0.020126456,0.39576882,0.10062235
5419,tess,OAF,OAF_wag_ps.wav,Surprise,186,Surprise,Surprise,True,0.9020806,0.0008074003,0.00047467012,0.05831453,0.031121023,0.0011155276,0.0060863267,0.9020806
5420,tess,OAF,OAF_wag_sad.wav,Sad,262,Sad,Fear,False,0.23550735,0.032451402,0.1058259,0.23550735,0.21792214,0.07810445,0.21605572,0.11413309
5421,tess,OAF,OAF_walk_angry.wav,Angry,138,Angry,Surprise,False,0.41480467,0.15603198,0.0017171798,0.22705635,0.15034103,0.034317426,0.015731342,0.41480467
5422,tess,OAF,OAF_walk_disgust.wav,Disgust,218,Disgust,Disgust,True,0.40238056,0.02068587,0.40238056,0.14155747,0.02603089,0.06558844,0.17036778,0.1733889
5423,tess,OAF,OAF_walk_fear.wav,Fear,161,Fear,Surprise,False,0.6243028,0.0013832717,0.0004148855,0.2673985,0.08543009,0.00025560427,0.020814884,0.6243028
5424,tess,OAF,OAF_walk_happy.wav,Happy,183,Happy,Surprise,False,0.93630505,0.007358157,0.008994329,0.021542607,0.015854003,0.0010709853,0.008874778,0.93630505
5425,tess,OAF,OAF_walk_neutral.wav,Neutral,189,Neutral,Sad,False,0.4998906,0.0024897608,0.04707734,0.12741967,0.07227175,0.05672419,0.4998906,0.19412671
5426,tess,OAF,OAF_walk_ps.wav,Surprise,215,Surprise,Surprise,True,0.49641058,0.06429732,0.1520651,0.17264965,0.064465135,0.0025358363,0.04757634,0.49641058
5427,tess,OAF,OAF_walk_sad.wav,Sad,237,Sad,Disgust,False,0.4789779,0.05045504,0.4789779,0.016271664,0.019754937,0.14242847,0.28694242,0.0051695458
5428,tess,OAF,OAF_wash_angry.wav,Angry,157,Angry,Happy,False,0.26271096,0.020010322,0.0028209619,0.13425446,0.26271096,0.2479744,0.086424544,0.24580443
5429,tess,OAF,OAF_wash_disgust.wav,Disgust,237,Disgust,Fear,False,0.20825131,0.029378127,0.14437203,0.20825131,0.10579991,0.20134978,0.12543814,0.18541068
5430,tess,OAF,OAF_wash_fear.wav,Fear,151,Fear,Fear,True,0.47925472,0.0027285814,0.00032036917,0.47925472,0.19700629,0.0018245471,0.01202012,0.3068454
5431,tess,OAF,OAF_wash_happy.wav,Happy,216,Happy,Surprise,False,0.4924863,0.008648837,0.01461474,0.22857532,0.22177362,0.0050760075,0.028825259,0.4924863
5432,tess,OAF,OAF_wash_neutral.wav,Neutral,199,Neutral,Sad,False,0.49455872,0.004000071,0.033468414,0.1397296,0.12055761,0.06981605,0.49455872,0.1378695
5433,tess,OAF,OAF_wash_ps.wav,Surprise,231,Surprise,Surprise,True,0.35769162,0.05056339,0.19457202,0.2100806,0.05033102,0.057174128,0.07958723,0.35769162
5434,tess,OAF,OAF_wash_sad.wav,Sad,258,Sad,Neutral,False,0.29973093,0.084077656,0.101888314,0.11479224,0.10125476,0.29973093,0.2564607,0.041795373
5435,tess,OAF,OAF_week_angry.wav,Angry,151,Angry,Fear,False,0.48074082,0.003284072,0.00088055915,0.48074082,0.07343605,0.0023195196,0.010340196,0.4289988
5436,tess,OAF,OAF_week_disgust.wav,Disgust,241,Disgust,Fear,False,0.35490274,0.009544922,0.17988658,0.35490274,0.027520217,0.056395188,0.15469676,0.21705364
5437,tess,OAF,OAF_week_fear.wav,Fear,151,Fear,Surprise,False,0.5401797,0.0017768749,0.0006945004,0.35573098,0.08630894,0.0021504064,0.013158626,0.5401797
5438,tess,OAF,OAF_week_happy.wav,Happy,196,Happy,Surprise,False,0.85197437,0.00011351119,0.000603094,0.09520211,0.041861847,0.00011138321,0.010133746,0.85197437
5439,tess,OAF,OAF_week_neutral.wav,Neutral,218,Neutral,Fear,False,0.41150716,0.0026955416,0.05682471,0.41150716,0.04284818,0.02827424,0.25183102,0.2060192
5440,tess,OAF,OAF_week_ps.wav,Surprise,184,Surprise,Surprise,True,0.7393196,0.00034838874,0.00071018346,0.20005363,0.05213328,0.0002767478,0.00715815,0.7393196
5441,tess,OAF,OAF_week_sad.wav,Sad,260,Sad,Fear,False,0.27538505,0.024955465,0.10816172,0.27538505,0.12605506,0.16751087,0.18626487,0.111666985
5442,tess,OAF,OAF_wheat_angry.wav,Angry,145,Angry,Fear,False,0.38900542,0.009192128,0.0032997574,0.38900542,0.12154557,0.049106903,0.057371277,0.370479
5443,tess,OAF,OAF_wheat_disgust.wav,Disgust,189,Disgust,Fear,False,0.4083463,0.0009772236,0.013757787,0.4083463,0.11559887,0.032825194,0.24717045,0.18132411
5444,tess,OAF,OAF_wheat_fear.wav,Fear,129,Fear,Surprise,False,0.77301687,0.0026527396,0.0004203064,0.18833584,0.026007248,0.0012225958,0.008344422,0.77301687
5445,tess,OAF,OAF_wheat_happy.wav,Happy,202,Happy,Surprise,False,0.7649776,0.0004725622,0.0082390765,0.14156796,0.03324881,0.00175419,0.049739797,0.7649776
5446,tess,OAF,OAF_wheat_neutral.wav,Neutral,192,Neutral,Fear,False,0.3672783,0.0011792049,0.013272072,0.3672783,0.1890589,0.013469768,0.2520144,0.16372737
5447,tess,OAF,OAF_wheat_ps.wav,Surprise,196,Surprise,Surprise,True,0.83483654,0.0009797105,0.0026943982,0.13585308,0.018158892,0.0003068898,0.007170505,0.83483654
5448,tess,OAF,OAF_wheat_sad.wav,Sad,246,Sad,Sad,True,0.34892052,0.021747408,0.089386,0.23411997,0.042662572,0.23466042,0.34892052,0.028503137
5449,tess,OAF,OAF_when_angry.wav,Angry,151,Angry,Fear,False,0.5401263,0.0021286819,0.00046144912,0.5401263,0.18050213,0.003156887,0.012387688,0.26123685
5450,tess,OAF,OAF_when_disgust.wav,Disgust,237,Disgust,Fear,False,0.37989685,0.013048777,0.24532147,0.37989685,0.036682874,0.0495184,0.1346317,0.14089996
5451,tess,OAF,OAF_when_fear.wav,Fear,165,Fear,Surprise,False,0.6603351,0.0031972977,0.0018118426,0.27416107,0.04169954,0.00319574,0.015599347,0.6603351
5452,tess,OAF,OAF_when_happy.wav,Happy,194,Happy,Surprise,False,0.9284278,0.00030463812,0.001679064,0.055126052,0.008199998,0.00022099914,0.0060414663,0.9284278
5453,tess,OAF,OAF_when_neutral.wav,Neutral,216,Neutral,Fear,False,0.364535,0.001713848,0.07845128,0.364535,0.043734312,0.012544396,0.26334003,0.23568112
5454,tess,OAF,OAF_when_ps.wav,Surprise,180,Surprise,Surprise,True,0.831172,0.0011821319,0.0021616428,0.13816564,0.017539045,0.0006659224,0.009113684,0.831172
5455,tess,OAF,OAF_when_sad.wav,Sad,235,Sad,Fear,False,0.39103037,0.00676639,0.026187537,0.39103037,0.32276383,0.048102945,0.1539658,0.051183105
5456,tess,OAF,OAF_which_angry.wav,Angry,141,Angry,Surprise,False,0.41602144,0.019108057,0.001649811,0.3740798,0.17122814,0.010775478,0.0071372846,0.41602144
5457,tess,OAF,OAF_which_disgust.wav,Disgust,231,Disgust,Surprise,False,0.39634255,0.015914027,0.20223889,0.22627321,0.020791693,0.028981542,0.109458104,0.39634255
5458,tess,OAF,OAF_which_fear.wav,Fear,164,Fear,Surprise,False,0.6726863,0.0012574309,0.00034853537,0.23439726,0.08613952,0.0009481924,0.0042227535,0.6726863
5459,tess,OAF,OAF_which_happy.wav,Happy,206,Happy,Surprise,False,0.9306898,0.0009578062,0.002394471,0.04507992,0.013531923,0.0010432146,0.0063027935,0.9306898
5460,tess,OAF,OAF_which_neutral.wav,Neutral,202,Neutral,Fear,False,0.3218103,0.003646557,0.022657886,0.3218103,0.1531871,0.06782735,0.31662992,0.11424088
5461,tess,OAF,OAF_which_ps.wav,Surprise,199,Surprise,Surprise,True,0.93331677,0.00017117457,0.000582596,0.052485887,0.008725704,0.00013244728,0.0045854477,0.93331677
5462,tess,OAF,OAF_which_sad.wav,Sad,250,Sad,Fear,False,0.31626755,0.0232871,0.051165674,0.31626755,0.20458345,0.10465632,0.20453271,0.09550726
5463,tess,OAF,OAF_whip_angry.wav,Angry,126,Angry,Surprise,False,0.54293054,0.02063429,0.0071540703,0.37137967,0.03634106,0.009006939,0.01255345,0.54293054
5464,tess,OAF,OAF_whip_disgust.wav,Disgust,237,Disgust,Disgust,True,0.27404228,0.016705701,0.27404228,0.16480267,0.025447179,0.04785285,0.19738786,0.27376148
5465,tess,OAF,OAF_whip_fear.wav,Fear,155,Fear,Surprise,False,0.6914854,0.00037269853,0.00022835683,0.2134439,0.084513836,0.00093809864,0.009017698,0.6914854
5466,tess,OAF,OAF_whip_happy.wav,Happy,192,Happy,Surprise,False,0.8391076,0.00081922684,0.0038788526,0.0831653,0.020620253,0.0055602333,0.04684854,0.8391076
5467,tess,OAF,OAF_whip_neutral.wav,Neutral,181,Neutral,Sad,False,0.8227225,0.0009525779,0.02940119,0.033197552,0.021771604,0.05932138,0.8227225,0.032633185
5468,tess,OAF,OAF_whip_ps.wav,Surprise,169,Surprise,Surprise,True,0.86828023,0.004562615,0.006491085,0.073624216,0.011745422,0.0013443353,0.033952106,0.86828023
5469,tess,OAF,OAF_whip_sad.wav,Sad,248,Sad,Sad,True,0.422671,0.011358511,0.12285096,0.16705209,0.022361265,0.18766439,0.422671,0.06604178
5470,tess,OAF,OAF_white_angry.wav,Angry,138,Angry,Surprise,False,0.57762223,0.005549088,0.0014104124,0.3752757,0.034036774,0.0013402852,0.0047655124,0.57762223
5471,tess,OAF,OAF_white_disgust.wav,Disgust,231,Disgust,Disgust,True,0.30196473,0.026853807,0.30196473,0.19830453,0.021554843,0.06481455,0.19851302,0.18799457
5472,tess,OAF,OAF_white_fear.wav,Fear,151,Fear,Surprise,False,0.6485359,0.000528729,0.00015476384,0.24663521,0.09666236,0.00012606184,0.0073569384,0.6485359
5473,tess,OAF,OAF_white_happy.wav,Happy,189,Happy,Surprise,False,0.87682956,0.00014883811,0.0027719382,0.06118659,0.029057575,0.00010946642,0.029896079,0.87682956
5474,tess,OAF,OAF_white_neutral.wav,Neutral,196,Neutral,Surprise,False,0.32537434,0.000991429,0.01166865,0.29585972,0.14284013,0.013898023,0.20936769,0.32537434
5475,tess,OAF,OAF_white_ps.wav,Surprise,189,Surprise,Surprise,True,0.861414,0.00035894982,0.0017842657,0.07084197,0.044961557,0.0005287222,0.020110557,0.861414
5476,tess,OAF,OAF_white_sad.wav,Sad,237,Sad,Sad,True,0.36404762,0.012003898,0.116972946,0.13594198,0.07401667,0.22734287,0.36404762,0.06967397
5477,tess,OAF,OAF_wife_angry.wav,Angry,141,Angry,Fear,False,0.41561636,0.0062187947,0.0015840044,0.41561636,0.20972593,0.03476296,0.04476797,0.28732395
5478,tess,OAF,OAF_wife_disgust.wav,Disgust,246,Disgust,Fear,False,0.39039457,0.021036886,0.09418207,0.39039457,0.05029962,0.04097875,0.09169711,0.31141102
5479,tess,OAF,OAF_wife_fear.wav,Fear,145,Fear,Surprise,False,0.57352495,0.0008304872,0.00014694381,0.30253083,0.12149644,0.00022937298,0.0012409784,0.57352495
5480,tess,OAF,OAF_wife_happy.wav,Happy,205,Happy,Surprise,False,0.95294285,0.00011201671,0.001515612,0.040447917,0.0033051518,1.8180954e-05,0.0016583535,0.95294285
5481,tess,OAF,OAF_wife_neutral.wav,Neutral,199,Neutral,Fear,False,0.40170035,0.0009524855,0.011114501,0.40170035,0.23512293,0.005293764,0.15885879,0.18695714
5482,tess,OAF,OAF_wife_ps.wav,Surprise,218,Surprise,Surprise,True,0.8028885,0.0010760106,0.0098058125,0.11359923,0.0420812,0.00074430835,0.029805021,0.8028885
5483,tess,OAF,OAF_wife_sad.wav,Sad,257,Sad,Sad,True,0.3380091,0.026416922,0.20844567,0.13439675,0.051460642,0.19439003,0.3380091,0.04688085
5484,tess,OAF,OAF_wire_angry.wav,Angry,154,Angry,Fear,False,0.46876717,0.005721797,0.0008379314,0.46876717,0.29062945,0.014379196,0.021194112,0.19847032
5485,tess,OAF,OAF_wire_disgust.wav,Disgust,220,Disgust,Fear,False,0.40241712,0.020176148,0.05696395,0.40241712,0.22518444,0.10052532,0.13184148,0.06289151
5486,tess,OAF,OAF_wire_fear.wav,Fear,164,Fear,Surprise,False,0.6912008,0.0018975383,0.0012147982,0.19542322,0.087731294,0.0014105935,0.021121766,0.6912008
5487,tess,OAF,OAF_wire_happy.wav,Happy,214,Happy,Surprise,False,0.7695684,0.0042131185,0.055236373,0.113230035,0.032983586,0.0009609312,0.023807632,0.7695684
5488,tess,OAF,OAF_wire_neutral.wav,Neutral,215,Neutral,Sad,False,0.49317175,0.0065496406,0.23064837,0.12592083,0.015817704,0.05738223,0.49317175,0.0705095
5489,tess,OAF,OAF_wire_ps.wav,Surprise,190,Surprise,Surprise,True,0.38710377,0.0101857,0.005502625,0.31390107,0.2577012,0.004736155,0.020869492,0.38710377
5490,tess,OAF,OAF_wire_sad.wav,Sad,267,Sad,Sad,True,0.36172432,0.06068924,0.1361153,0.09782187,0.07247807,0.24001537,0.36172432,0.031155875
5491,tess,OAF,OAF_witch_angry.wav,Angry,148,Angry,Surprise,False,0.3451889,0.029949613,0.0035851763,0.30596462,0.1908228,0.08606603,0.038422808,0.3451889
5492,tess,OAF,OAF_witch_disgust.wav,Disgust,230,Disgust,Sad,False,0.36833686,0.011627246,0.071478315,0.14728524,0.031319305,0.28085503,0.36833686,0.089098044
5493,tess,OAF,OAF_witch_fear.wav,Fear,175,Fear,Surprise,False,0.85983264,0.0003818103,0.00017920158,0.074276075,0.05645646,0.0016207721,0.0072530843,0.85983264
5494,tess,OAF,OAF_witch_happy.wav,Happy,195,Happy,Surprise,False,0.95921963,0.00034539003,0.0017158558,0.019789888,0.007187368,0.00083239,0.010909369,0.95921963
5495,tess,OAF,OAF_witch_neutral.wav,Neutral,191,Neutral,Fear,False,0.39226797,0.00087277,0.0297498,0.39226797,0.08951839,0.016763717,0.24622105,0.22460632
5496,tess,OAF,OAF_witch_ps.wav,Surprise,201,Surprise,Surprise,True,0.5793774,0.0022486988,0.0065669687,0.2574702,0.11633161,0.004013892,0.03399124,0.5793774
5497,tess,OAF,OAF_witch_sad.wav,Sad,262,Sad,Neutral,False,0.5159375,0.013550038,0.035891645,0.034996476,0.054277513,0.5159375,0.32686505,0.018481815
5498,tess,OAF,OAF_yearn_angry.wav,Angry,160,Angry,Happy,False,0.48476845,0.0028446447,0.0015255879,0.31506723,0.48476845,0.06976516,0.077071115,0.048957776
5499,tess,OAF,OAF_yearn_disgust.wav,Disgust,233,Disgust,Disgust,True,0.36626843,0.090334535,0.36626843,0.13877818,0.030488912,0.10455887,0.17054382,0.09902727
5500,tess,OAF,OAF_yearn_fear.wav,Fear,140,Fear,Fear,True,0.5960544,0.003727168,0.0015245003,0.5960544,0.073361464,0.0055329027,0.034999497,0.28480008
5501,tess,OAF,OAF_yearn_happy.wav,Happy,210,Happy,Surprise,False,0.5531451,0.0018206915,0.02267123,0.36080712,0.037463,0.0009348239,0.023158034,0.5531451
5502,tess,OAF,OAF_yearn_neutral.wav,Neutral,194,Neutral,Fear,False,0.3680453,0.0027581714,0.13124944,0.3680453,0.06998033,0.021390926,0.36074692,0.04582894
5503,tess,OAF,OAF_yearn_ps.wav,Surprise,212,Surprise,Surprise,True,0.6399473,0.019058019,0.04304192,0.2356874,0.027856026,0.005572759,0.028836647,0.6399473
5504,tess,OAF,OAF_yearn_sad.wav,Sad,260,Sad,Sad,True,0.3664575,0.014802184,0.24625562,0.13036625,0.01956093,0.16398185,0.3664575,0.05857566
5505,tess,OAF,OAF_yes_angry.wav,Angry,154,Angry,Surprise,False,0.42134944,0.006313955,0.00089268136,0.37118712,0.17043945,0.01127696,0.018540388,0.42134944
5506,tess,OAF,OAF_yes_disgust.wav,Disgust,255,Disgust,Disgust,True,0.27930707,0.03641801,0.27930707,0.26309854,0.01675943,0.12379115,0.14556848,0.13505729
5507,tess,OAF,OAF_yes_fear.wav,Fear,156,Fear,Surprise,False,0.4167793,0.0019238854,0.00033086768,0.3167913,0.2514829,0.0029115188,0.009780204,0.4167793
5508,tess,OAF,OAF_yes_happy.wav,Happy,195,Happy,Surprise,False,0.94951963,0.00087181147,0.0007428181,0.03566079,0.011844079,0.00011244917,0.0012484937,0.94951963
5509,tess,OAF,OAF_yes_neutral.wav,Neutral,212,Neutral,Fear,False,0.63655823,0.0040129707,0.02164247,0.63655823,0.06845979,0.011236798,0.10274149,0.15534829
5510,tess,OAF,OAF_yes_ps.wav,Surprise,198,Surprise,Surprise,True,0.7049914,0.0015163202,0.0016612769,0.14289048,0.117182806,0.0067650033,0.024992717,0.7049914
5511,tess,OAF,OAF_yes_sad.wav,Sad,256,Sad,Fear,False,0.4243656,0.027463442,0.07962947,0.4243656,0.07087642,0.17427815,0.119258985,0.10412792
5512,tess,OAF,OAF_young_angry.wav,Angry,141,Angry,Fear,False,0.627058,0.013704509,0.0017639311,0.627058,0.123802446,0.008872099,0.013004007,0.21179499
5513,tess,OAF,OAF_young_disgust.wav,Disgust,210,Disgust,Fear,False,0.40369985,0.018320259,0.17330152,0.40369985,0.04823547,0.08544448,0.13168477,0.13931376
5514,tess,OAF,OAF_young_fear.wav,Fear,153,Fear,Surprise,False,0.55222225,0.008805961,0.00049946073,0.34855017,0.0810254,0.0014509287,0.007445866,0.55222225
5515,tess,OAF,OAF_young_happy.wav,Happy,192,Happy,Surprise,False,0.8980329,0.00022300115,0.0012600522,0.07491834,0.01926342,7.350684e-05,0.006228788,0.8980329
5516,tess,OAF,OAF_young_neutral.wav,Neutral,190,Neutral,Fear,False,0.35222572,0.0029904826,0.09758389,0.35222572,0.03318247,0.014289037,0.22693829,0.27279004
5517,tess,OAF,OAF_young_ps.wav,Surprise,186,Surprise,Surprise,True,0.63935256,0.0010677207,0.005247652,0.22722378,0.06454661,0.007661183,0.054900497,0.63935256
5518,tess,OAF,OAF_young_sad.wav,Sad,233,Sad,Fear,False,0.35149843,0.015056716,0.16437016,0.35149843,0.1298668,0.11454098,0.17212887,0.052537996
5519,tess,OAF,OAF_youth_angry.wav,Angry,138,Angry,Fear,False,0.4363545,0.010106717,0.0056645162,0.4363545,0.10186496,0.06082856,0.07377267,0.311408
5520,tess,OAF,OAF_youth_disgust.wav,Disgust,212,Disgust,Fear,False,0.31021222,0.0076555065,0.05572908,0.31021222,0.09188857,0.10040454,0.235489,0.19862102
5521,tess,OAF,OAF_youth_fear.wav,Fear,173,Fear,Surprise,False,0.7789115,0.0014194057,0.00029827163,0.11511181,0.096504495,0.0014731542,0.0062814336,0.7789115
5522,tess,OAF,OAF_youth_happy.wav,Happy,186,Happy,Surprise,False,0.90252316,0.0016521439,0.0029751041,0.061875742,0.021791127,0.00079484814,0.008387858,0.90252316
5523,tess,OAF,OAF_youth_neutral.wav,Neutral,217,Neutral,Fear,False,0.33242488,0.0027255467,0.07306133,0.33242488,0.030957824,0.02598038,0.22354336,0.31130666
5524,tess,OAF,OAF_youth_ps.wav,Surprise,190,Surprise,Surprise,True,0.9266195,0.0006138038,0.0009829871,0.042453602,0.024030419,0.00084394246,0.004455643,0.9266195
5525,tess,OAF,OAF_youth_sad.wav,Sad,269,Sad,Sad,True,0.34671107,0.025820129,0.09378597,0.16918577,0.062412173,0.26964384,0.34671107,0.032441083
5526,tess,YAF,YAF_back_angry.wav,Angry,199,Angry,Fear,False,0.3875237,0.007909461,0.027254427,0.3875237,0.08496986,0.045268297,0.07624513,0.37082908
5527,tess,YAF,YAF_back_disgust.wav,Disgust,212,Disgust,Neutral,False,0.27161193,0.078155674,0.25103042,0.21621776,0.0088882595,0.27161193,0.13740629,0.036689647
5528,tess,YAF,YAF_back_fear.wav,Fear,151,Fear,Surprise,False,0.8903656,0.0026542228,0.0007044873,0.060348757,0.037369065,0.0026824193,0.0058753896,0.8903656
5529,tess,YAF,YAF_back_happy.wav,Happy,148,Happy,Angry,False,0.3556688,0.3556688,0.0024429993,0.111204535,0.114768945,0.08252705,0.009738293,0.32364944
5530,tess,YAF,YAF_back_neutral.wav,Neutral,183,Neutral,Disgust,False,0.47153533,0.061396576,0.47153533,0.07854179,0.036545463,0.09746539,0.14469862,0.10981688
5531,tess,YAF,YAF_back_ps.wav,Surprise,161,Surprise,Surprise,True,0.5224325,0.27880055,0.004414873,0.09592508,0.0635789,0.028320078,0.0065279747,0.5224325
5532,tess,YAF,YAF_back_sad.wav,Sad,199,Sad,Neutral,False,0.35425943,0.003665167,0.009769292,0.08793587,0.24783103,0.35425943,0.21065058,0.08588863
5533,tess,YAF,YAF_bar_angry.wav,Angry,208,Angry,Neutral,False,0.50598735,0.047534447,0.109639816,0.055213105,0.04456991,0.50598735,0.19054629,0.046509184
5534,tess,YAF,YAF_bar_disgust.wav,Disgust,247,Disgust,Neutral,False,0.40890884,0.105881,0.33677343,0.04792008,0.009571958,0.40890884,0.07814467,0.012800069
5535,tess,YAF,YAF_bar_fear.wav,Fear,161,Fear,Surprise,False,0.6531446,0.000477605,7.087802e-05,0.21604243,0.1289742,5.4538712e-05,0.0012356662,0.6531446
5536,tess,YAF,YAF_bar_happy.wav,Happy,176,Happy,Fear,False,0.35318574,0.118023224,0.0140646715,0.35318574,0.26842204,0.12541394,0.056851722,0.06403872
5537,tess,YAF,YAF_bar_neutral.wav,Neutral,196,Neutral,Fear,False,0.3370272,0.037671156,0.2190742,0.3370272,0.17664751,0.06018926,0.117389,0.052001595
5538,tess,YAF,YAF_bar_ps.wav,Surprise,179,Surprise,Surprise,True,0.7646712,0.028929561,0.015916852,0.10087414,0.054251723,0.013703543,0.021652969,0.7646712
5539,tess,YAF,YAF_bar_sad.wav,Sad,209,Sad,Neutral,False,0.55176383,0.0023880976,0.020655567,0.0654669,0.07880398,0.55176383,0.27137715,0.009544477
5540,tess,YAF,YAF_base_angry.wav,Angry,199,Angry,Fear,False,0.6013806,0.008496251,0.012296409,0.6013806,0.108781055,0.015582389,0.040771727,0.21269156
5541,tess,YAF,YAF_base_disgust.wav,Disgust,263,Disgust,Disgust,True,0.52649647,0.04129726,0.52649647,0.16263649,0.0060920096,0.077910334,0.14303984,0.0425276
5542,tess,YAF,YAF_base_fear.wav,Fear,170,Fear,Surprise,False,0.8410325,0.0006213197,0.00043977273,0.094155274,0.05684397,0.000661008,0.006246134,0.8410325
5543,tess,YAF,YAF_base_happy.wav,Happy,148,Happy,Surprise,False,0.44778886,0.23502405,0.00291337,0.12880157,0.10917756,0.058846366,0.017448151,0.44778886
5544,tess,YAF,YAF_base_neutral.wav,Neutral,202,Neutral,Fear,False,0.48067102,0.01905228,0.041866295,0.48067102,0.13860448,0.037245817,0.101368636,0.18119153
5545,tess,YAF,YAF_base_ps.wav,Surprise,189,Surprise,Surprise,True,0.73874927,0.13264027,0.0039309957,0.050936315,0.031330254,0.03234403,0.010068893,0.73874927
5546,tess,YAF,YAF_base_sad.wav,Sad,225,Sad,Neutral,False,0.54386747,0.0059126457,0.020573327,0.086300924,0.041758895,0.54386747,0.28554854,0.016038286
5547,tess,YAF,YAF_bath_angry.wav,Angry,202,Angry,Fear,False,0.41762567,0.011336528,0.05431062,0.41762567,0.07874433,0.07035913,0.15037045,0.21725324
5548,tess,YAF,YAF_bath_disgust.wav,Disgust,212,Disgust,Neutral,False,0.32614022,0.06450002,0.18534166,0.18699929,0.019877983,0.32614022,0.20219211,0.014948679
5549,tess,YAF,YAF_bath_fear.wav,Fear,157,Fear,Surprise,False,0.7208426,0.0029413109,0.0006399062,0.12704544,0.1354526,0.005858947,0.007219185,0.7208426
5550,tess,YAF,YAF_bath_happy.wav,Happy,154,Happy,Angry,False,0.33806437,0.33806437,0.0037554312,0.21500935,0.13315287,0.10010468,0.013899466,0.19601376
5551,tess,YAF,YAF_bath_neutral.wav,Neutral,186,Neutral,Fear,False,0.2686341,0.028603371,0.09925042,0.2686341,0.14531669,0.14521502,0.16702893,0.14595145
5552,tess,YAF,YAF_bath_ps.wav,Surprise,170,Surprise,Surprise,True,0.7678089,0.08747865,0.008425693,0.061086286,0.027144933,0.035774294,0.012281258,0.7678089
5553,tess,YAF,YAF_bath_sad.wav,Sad,212,Sad,Neutral,False,0.45817366,0.0031857481,0.02470085,0.07355342,0.07592978,0.45817366,0.3433619,0.021094617
5554,tess,YAF,YAF_bean_angry.wav,Angry,167,Angry,Fear,False,0.40588823,0.022603204,0.014189573,0.40588823,0.16650318,0.10059702,0.08985594,0.20036286
5555,tess,YAF,YAF_bean_disgust.wav,Disgust,229,Disgust,Neutral,False,0.62922335,0.033802513,0.078205414,0.04367848,0.012144462,0.62922335,0.17812362,0.024822207
5556,tess,YAF,YAF_bean_fear.wav,Fear,138,Fear,Surprise,False,0.5699843,0.009050203,0.0021832117,0.35649657,0.0550046,0.0013703131,0.0059108054,0.5699843
5557,tess,YAF,YAF_bean_happy.wav,Happy,170,Happy,Fear,False,0.30913508,0.015034435,0.01950984,0.30913508,0.03795547,0.29845732,0.2718571,0.04805072
5558,tess,YAF,YAF_bean_neutral.wav,Neutral,180,Neutral,Sad,False,0.5738357,0.0010240136,0.025406558,0.10859492,0.045625906,0.23873347,0.5738357,0.006779341
5559,tess,YAF,YAF_bean_ps.wav,Surprise,186,Surprise,Fear,False,0.27252546,0.16195153,0.023579996,0.27252546,0.087318614,0.22153789,0.096170835,0.13691565
5560,tess,YAF,YAF_bean_sad.wav,Sad,223,Sad,Neutral,False,0.58316785,0.0051858346,0.015312014,0.04506621,0.042972896,0.58316785,0.29639876,0.011896458
5561,tess,YAF,YAF_beg_angry.wav,Angry,205,Angry,Fear,False,0.64221567,0.016756823,0.026217869,0.64221567,0.060588527,0.025462534,0.05003713,0.17872141
5562,tess,YAF,YAF_beg_disgust.wav,Disgust,247,Disgust,Disgust,True,0.4411579,0.027365314,0.4411579,0.059409745,0.00389074,0.2031306,0.25701982,0.008025896
5563,tess,YAF,YAF_beg_fear.wav,Fear,154,Fear,Surprise,False,0.674473,0.0047939974,0.00055228954,0.17920803,0.12626469,0.0039511686,0.010756836,0.674473
5564,tess,YAF,YAF_beg_happy.wav,Happy,157,Happy,Fear,False,0.4428237,0.19250621,0.0059414716,0.4428237,0.11412238,0.06596276,0.03040704,0.14823641
5565,tess,YAF,YAF_beg_neutral.wav,Neutral,200,Neutral,Sad,False,0.29076162,0.04257842,0.10715686,0.14989254,0.09043928,0.24134032,0.29076162,0.077830955
5566,tess,YAF,YAF_beg_ps.wav,Surprise,170,Surprise,Surprise,True,0.7440167,0.097676195,0.014928732,0.088101745,0.015882794,0.027224077,0.0121697495,0.7440167
5567,tess,YAF,YAF_beg_sad.wav,Sad,199,Sad,Sad,True,0.48875856,0.0020772393,0.065582186,0.06912879,0.084919386,0.27039725,0.48875856,0.019136583
5568,tess,YAF,YAF_bite_angry.wav,Angry,196,Angry,Fear,False,0.56086725,0.012511833,0.009989842,0.56086725,0.14631945,0.010798945,0.015937611,0.24357507
5569,tess,YAF,YAF_bite_disgust.wav,Disgust,215,Disgust,Fear,False,0.41397774,0.02834632,0.1400446,0.41397774,0.025598168,0.086249866,0.107129246,0.19865403
5570,tess,YAF,YAF_bite_fear.wav,Fear,145,Fear,Surprise,False,0.624868,0.008665282,0.0011062104,0.25980222,0.102482684,0.0008283419,0.0022472881,0.624868
5571,tess,YAF,YAF_bite_happy.wav,Happy,170,Happy,Fear,False,0.2786511,0.04988318,0.0047919312,0.2786511,0.24170728,0.19643964,0.06215102,0.16637589
5572,tess,YAF,YAF_bite_neutral.wav,Neutral,199,Neutral,Fear,False,0.3289981,0.023790669,0.03086196,0.3289981,0.22826882,0.11049634,0.10873658,0.16884749
5573,tess,YAF,YAF_bite_ps.wav,Surprise,183,Surprise,Surprise,True,0.8224623,0.05602679,0.009202277,0.04198161,0.023873363,0.031709876,0.014743827,0.8224623
5574,tess,YAF,YAF_bite_sad.wav,Sad,193,Sad,Neutral,False,0.7668619,0.0030916252,0.008051955,0.012370481,0.018449506,0.7668619,0.18763082,0.0035437425
5575,tess,YAF,YAF_boat_angry.wav,Angry,167,Angry,Surprise,False,0.40474385,0.008953255,0.010206957,0.40371692,0.07801437,0.04122065,0.053143945,0.40474385
5576,tess,YAF,YAF_boat_disgust.wav,Disgust,221,Disgust,Fear,False,0.46573275,0.029295823,0.06075666,0.46573275,0.07502254,0.033839304,0.05406086,0.28129214
5577,tess,YAF,YAF_boat_fear.wav,Fear,119,Fear,Surprise,False,0.42278054,0.05045208,0.0007198975,0.3784209,0.14050347,0.004497146,0.0026259555,0.42278054
5578,tess,YAF,YAF_boat_happy.wav,Happy,157,Happy,Happy,True,0.3507257,0.09962252,0.0019771925,0.13651305,0.3507257,0.116937146,0.023874104,0.27035025
5579,tess,YAF,YAF_boat_neutral.wav,Neutral,192,Neutral,Neutral,True,0.61877865,0.009092534,0.023799652,0.059867784,0.104621805,0.61877865,0.13858356,0.04525609
5580,tess,YAF,YAF_boat_ps.wav,Surprise,196,Surprise,Surprise,True,0.24161088,0.025820104,0.013982464,0.23615475,0.19879617,0.10658652,0.1770491,0.24161088
5581,tess,YAF,YAF_boat_sad.wav,Sad,237,Sad,Neutral,False,0.32996657,0.022944286,0.10391921,0.25096557,0.068778604,0.32996657,0.16092035,0.062505454
5582,tess,YAF,YAF_bone_angry.wav,Angry,205,Angry,Fear,False,0.37011507,0.013470568,0.06815046,0.37011507,0.0795234,0.16870967,0.22345619,0.076574646
5583,tess,YAF,YAF_bone_disgust.wav,Disgust,250,Disgust,Neutral,False,0.44607413,0.041653443,0.19994923,0.1021762,0.010672234,0.44607413,0.17446263,0.02501216
5584,tess,YAF,YAF_bone_fear.wav,Fear,164,Fear,Surprise,False,0.7869356,0.0071790083,9.626016e-05,0.0890475,0.115476266,0.00036405513,0.0009012977,0.7869356
5585,tess,YAF,YAF_bone_happy.wav,Happy,169,Happy,Fear,False,0.34036812,0.21657878,0.0061174305,0.34036812,0.20549297,0.10666166,0.031766806,0.09301424
5586,tess,YAF,YAF_bone_neutral.wav,Neutral,203,Neutral,Disgust,False,0.42605942,0.03518464,0.42605942,0.10767518,0.013141193,0.113768995,0.2672847,0.03688589
5587,tess,YAF,YAF_bone_ps.wav,Surprise,179,Surprise,Surprise,True,0.35006192,0.22332267,0.049082726,0.07316683,0.053487424,0.19351898,0.057359513,0.35006192
5588,tess,YAF,YAF_bone_sad.wav,Sad,210,Sad,Neutral,False,0.6061546,0.0023372036,0.010843625,0.07254866,0.02962852,0.6061546,0.26818863,0.010298718
5589,tess,YAF,YAF_book_angry.wav,Angry,199,Angry,Fear,False,0.43868577,0.012364068,0.03483241,0.43868577,0.07643838,0.05322755,0.077979974,0.30647182
5590,tess,YAF,YAF_book_disgust.wav,Disgust,189,Disgust,Surprise,False,0.26873237,0.073373824,0.24865617,0.20619178,0.06569567,0.04835295,0.08899719,0.26873237
5591,tess,YAF,YAF_book_fear.wav,Fear,161,Fear,Surprise,False,0.5219389,0.006242351,0.0018874805,0.25414243,0.17961824,0.020474417,0.015696151,0.5219389
5592,tess,YAF,YAF_book_happy.wav,Happy,148,Happy,Surprise,False,0.5322028,0.081944905,0.0045110383,0.13997316,0.11734134,0.094381094,0.029645652,0.5322028
5593,tess,YAF,YAF_book_neutral.wav,Neutral,193,Neutral,Fear,False,0.2930873,0.0063334187,0.07436714,0.2930873,0.19301097,0.17201762,0.19134007,0.0698434
5594,tess,YAF,YAF_book_ps.wav,Surprise,183,Surprise,Surprise,True,0.7125505,0.022160115,0.023147075,0.13825808,0.04193777,0.026812598,0.035133786,0.7125505
5595,tess,YAF,YAF_book_sad.wav,Sad,202,Sad,Neutral,False,0.72342837,0.001683871,0.014635778,0.008850752,0.009319097,0.72342837,0.23881081,0.003271331
5596,tess,YAF,YAF_bought_angry.wav,Angry,202,Angry,Fear,False,0.6019286,0.026897073,0.019719318,0.6019286,0.10327444,0.035724442,0.036418315,0.17603788
5597,tess,YAF,YAF_bought_disgust.wav,Disgust,225,Disgust,Neutral,False,0.3084292,0.112724096,0.12983575,0.19559671,0.03372927,0.3084292,0.13935457,0.08033041
5598,tess,YAF,YAF_bought_fear.wav,Fear,154,Fear,Surprise,False,0.83235323,0.0051443,0.00034118874,0.07322136,0.08533192,0.0013464396,0.0022615672,0.83235323
5599,tess,YAF,YAF_bought_happy.wav,Happy,170,Happy,Neutral,False,0.31714463,0.09054687,0.0056457235,0.2039626,0.1584958,0.31714463,0.042998705,0.18120566
5600,tess,YAF,YAF_bought_neutral.wav,Neutral,202,Neutral,Fear,False,0.27895668,0.01840932,0.2387614,0.27895668,0.09296747,0.15913135,0.14521122,0.06656248
5601,tess,YAF,YAF_bought_ps.wav,Surprise,192,Surprise,Surprise,True,0.48160845,0.060504876,0.012753208,0.25351152,0.15043986,0.016932154,0.024249878,0.48160845
5602,tess,YAF,YAF_bought_sad.wav,Sad,204,Sad,Neutral,False,0.8308499,0.0035670632,0.0060940497,0.0057431213,0.008454923,0.8308499,0.14253141,0.0027594494
5603,tess,YAF,YAF_burn_angry.wav,Angry,164,Angry,Surprise,False,0.618751,0.009125368,0.0029338484,0.2185495,0.120294176,0.010353565,0.019992506,0.618751
5604,tess,YAF,YAF_burn_disgust.wav,Disgust,221,Disgust,Disgust,True,0.48837265,0.016594382,0.48837265,0.12589742,0.008401829,0.060855035,0.18505532,0.11482335
5605,tess,YAF,YAF_burn_fear.wav,Fear,151,Fear,Surprise,False,0.60798484,0.003327903,0.0002563997,0.22932562,0.15167509,0.0007659216,0.0066641783,0.60798484
5606,tess,YAF,YAF_burn_happy.wav,Happy,160,Happy,Fear,False,0.33836457,0.06321509,0.004278108,0.33836457,0.21824847,0.19721887,0.069470935,0.10920396
5607,tess,YAF,YAF_burn_neutral.wav,Neutral,191,Neutral,Sad,False,0.48471203,0.0013767405,0.123635225,0.1844482,0.03213212,0.1437076,0.48471203,0.02998802
5608,tess,YAF,YAF_burn_ps.wav,Surprise,209,Surprise,Neutral,False,0.29948097,0.072858386,0.10988623,0.10548072,0.033293914,0.29948097,0.16874407,0.21025567
5609,tess,YAF,YAF_burn_sad.wav,Sad,216,Sad,Sad,True,0.5073196,0.0015847646,0.015426831,0.042238258,0.029954595,0.3991844,0.5073196,0.0042915493
5610,tess,YAF,YAF_cab_angry.wav,Angry,205,Angry,Fear,False,0.45519632,0.02435058,0.09153297,0.45519632,0.089946866,0.079633914,0.118425064,0.14091432
5611,tess,YAF,YAF_cab_disgust.wav,Disgust,250,Disgust,Neutral,False,0.43623427,0.04915678,0.25482762,0.048302628,0.005215969,0.43623427,0.20155266,0.004710088
5612,tess,YAF,YAF_cab_fear.wav,Fear,186,Fear,Surprise,False,0.7439199,0.0006425212,0.0007253645,0.10756182,0.123813875,0.0032096768,0.02012686,0.7439199
5613,tess,YAF,YAF_cab_happy.wav,Happy,173,Happy,Fear,False,0.60636854,0.11505934,0.0069297487,0.60636854,0.18441744,0.029856754,0.014836519,0.042531665
5614,tess,YAF,YAF_cab_neutral.wav,Neutral,209,Neutral,Neutral,True,0.3040945,0.018412462,0.2807998,0.10485292,0.023402758,0.3040945,0.2555503,0.012887258
5615,tess,YAF,YAF_cab_ps.wav,Surprise,173,Surprise,Surprise,True,0.7360245,0.09678122,0.005823632,0.08838434,0.050724093,0.013710761,0.008551519,0.7360245
5616,tess,YAF,YAF_cab_sad.wav,Sad,241,Sad,Neutral,False,0.6017399,0.010027358,0.027110402,0.075493015,0.068954974,0.6017399,0.20893022,0.0077441386
5617,tess,YAF,YAF_calm_angry.wav,Angry,205,Angry,Fear,False,0.38974398,0.062253993,0.0692634,0.38974398,0.13304745,0.1267999,0.0827416,0.13614964
5618,tess,YAF,YAF_calm_disgust.wav,Disgust,222,Disgust,Fear,False,0.38979468,0.07874287,0.18643565,0.38979468,0.037666585,0.140675,0.10935608,0.057329148
5619,tess,YAF,YAF_calm_fear.wav,Fear,161,Fear,Surprise,False,0.91781694,0.0023887148,0.00011862965,0.056204468,0.022726381,4.5527922e-05,0.0006993715,0.91781694
5620,tess,YAF,YAF_calm_happy.wav,Happy,173,Happy,Fear,False,0.6456891,0.14261784,0.0118733775,0.6456891,0.08521025,0.04315951,0.036576655,0.03487336
5621,tess,YAF,YAF_calm_neutral.wav,Neutral,203,Neutral,Fear,False,0.31645307,0.05882429,0.16913141,0.31645307,0.13980936,0.10105063,0.15072584,0.06400538
5622,tess,YAF,YAF_calm_ps.wav,Surprise,171,Surprise,Surprise,True,0.8574536,0.06499392,0.0041468567,0.032066446,0.027433418,0.008341262,0.0055645653,0.8574536
5623,tess,YAF,YAF_calm_sad.wav,Sad,209,Sad,Neutral,False,0.8514682,0.0033596957,0.009356173,0.0025163016,0.0013889149,0.8514682,0.13154812,0.00036253044
5624,tess,YAF,YAF_came_angry.wav,Angry,218,Angry,Fear,False,0.30135983,0.19606371,0.11896414,0.30135983,0.050207175,0.1794746,0.07984003,0.0740905
5625,tess,YAF,YAF_came_disgust.wav,Disgust,255,Disgust,Disgust,True,0.3416514,0.04116498,0.3416514,0.126511,0.010328864,0.264849,0.18522929,0.030265532
5626,tess,YAF,YAF_came_fear.wav,Fear,199,Fear,Surprise,False,0.7915171,0.008195362,0.0035252452,0.15058164,0.039883237,0.0007643541,0.0055330936,0.7915171
5627,tess,YAF,YAF_came_happy.wav,Happy,209,Happy,Fear,False,0.39634416,0.022808975,0.045967914,0.39634416,0.042331837,0.15584004,0.32761124,0.009095899
5628,tess,YAF,YAF_came_neutral.wav,Neutral,237,Neutral,Neutral,True,0.35477853,0.019043446,0.22151478,0.08212309,0.005901936,0.35477853,0.3068934,0.009744767
5629,tess,YAF,YAF_came_ps.wav,Surprise,212,Surprise,Angry,False,0.27995214,0.27995214,0.0335459,0.15062128,0.054450266,0.27736023,0.07879507,0.12527509
5630,tess,YAF,YAF_came_sad.wav,Sad,247,Sad,Fear,False,0.44814622,0.016339144,0.029261008,0.44814622,0.09127137,0.22545189,0.16955568,0.019974662
5631,tess,YAF,YAF_cause_angry.wav,Angry,215,Angry,Fear,False,0.45705214,0.04973438,0.052217543,0.45705214,0.18478662,0.098478764,0.079973966,0.077756606
5632,tess,YAF,YAF_cause_disgust.wav,Disgust,241,Disgust,Neutral,False,0.35803792,0.17560829,0.24108183,0.0704643,0.038568202,0.35803792,0.075852044,0.0403874
5633,tess,YAF,YAF_cause_fear.wav,Fear,161,Fear,Surprise,False,0.7546033,0.003444993,0.00028811867,0.19934033,0.041316014,6.728974e-05,0.0009399536,0.7546033
5634,tess,YAF,YAF_cause_happy.wav,Happy,167,Happy,Fear,False,0.71208394,0.06308958,0.005863831,0.71208394,0.15024054,0.012814334,0.012022182,0.04388566
5635,tess,YAF,YAF_cause_neutral.wav,Neutral,221,Neutral,Fear,False,0.6340654,0.01940683,0.11031567,0.6340654,0.09733029,0.032055233,0.082891874,0.02393474
5636,tess,YAF,YAF_cause_ps.wav,Surprise,177,Surprise,Surprise,True,0.42580613,0.124168284,0.017406287,0.287919,0.101773866,0.028206041,0.01472035,0.42580613
5637,tess,YAF,YAF_cause_sad.wav,Sad,231,Sad,Neutral,False,0.44590047,0.030917656,0.034428794,0.20825073,0.12681666,0.44590047,0.1381838,0.015501901
5638,tess,YAF,YAF_chain_angry.wav,Angry,218,Angry,Fear,False,0.5810751,0.014885987,0.09694267,0.5810751,0.034171276,0.046349812,0.1823954,0.04417975
5639,tess,YAF,YAF_chain_disgust.wav,Disgust,266,Disgust,Neutral,False,0.46197864,0.04198454,0.24284437,0.057770867,0.015698055,0.46197864,0.1670519,0.0126717305
5640,tess,YAF,YAF_chain_fear.wav,Fear,173,Fear,Surprise,False,0.59842974,0.0034366336,0.0007219504,0.29011977,0.100296,0.0007505943,0.006245288,0.59842974
5641,tess,YAF,YAF_chain_happy.wav,Happy,177,Happy,Fear,False,0.5366992,0.031822998,0.006134794,0.5366992,0.15729927,0.13890876,0.09370444,0.03543058
5642,tess,YAF,YAF_chain_neutral.wav,Neutral,212,Neutral,Fear,False,0.3812884,0.03671973,0.19346993,0.3812884,0.019951893,0.121823825,0.21314007,0.03360617
5643,tess,YAF,YAF_chain_ps.wav,Surprise,186,Surprise,Surprise,True,0.73264086,0.044581573,0.014629309,0.09345737,0.0538649,0.038636528,0.02218951,0.73264086
5644,tess,YAF,YAF_chain_sad.wav,Sad,218,Sad,Neutral,False,0.52662563,0.002744531,0.025597151,0.042350695,0.008998065,0.52662563,0.3897307,0.00395321
5645,tess,YAF,YAF_chair_angry.wav,Angry,199,Angry,Surprise,False,0.37463826,0.0074841096,0.34254476,0.25011364,0.008868017,0.00066212745,0.015689088,0.37463826
5646,tess,YAF,YAF_chair_disgust.wav,Disgust,234,Disgust,Disgust,True,0.5137762,0.08982596,0.5137762,0.16644995,0.011399095,0.035417143,0.06673208,0.116399586
5647,tess,YAF,YAF_chair_fear.wav,Fear,173,Fear,Surprise,False,0.6840825,0.00030943667,0.0021734259,0.28822812,0.02151729,2.5573703e-05,0.003663673,0.6840825
5648,tess,YAF,YAF_chair_happy.wav,Happy,190,Happy,Surprise,False,0.63077825,0.064325616,0.033043396,0.17217867,0.04251135,0.02054319,0.03661951,0.63077825
5649,tess,YAF,YAF_chair_neutral.wav,Neutral,208,Neutral,Disgust,False,0.5591073,0.012539899,0.5591073,0.28321335,0.020057281,0.008761233,0.064172044,0.0521489
5650,tess,YAF,YAF_chair_ps.wav,Surprise,184,Surprise,Surprise,True,0.52450895,0.0286063,0.08189023,0.29893357,0.018022034,0.010138527,0.037900403,0.52450895
5651,tess,YAF,YAF_chair_sad.wav,Sad,195,Sad,Sad,True,0.48246193,0.0011966233,0.035674736,0.02687031,0.011321589,0.44073734,0.48246193,0.0017374309
5652,tess,YAF,YAF_chalk_angry.wav,Angry,151,Angry,Surprise,False,0.8618472,0.039864007,0.0034935446,0.066610105,0.019139094,0.0032956959,0.0057503646,0.8618472
5653,tess,YAF,YAF_chalk_disgust.wav,Disgust,225,Disgust,Disgust,True,0.3505105,0.047374815,0.3505105,0.3122926,0.025576938,0.09338189,0.11394971,0.056913454
5654,tess,YAF,YAF_chalk_fear.wav,Fear,119,Fear,Surprise,False,0.86063725,0.03650019,0.0011729068,0.04838195,0.048003815,0.0031851078,0.002118796,0.86063725
5655,tess,YAF,YAF_chalk_happy.wav,Happy,157,Happy,Surprise,False,0.8595301,0.060568303,0.0018633892,0.047820397,0.027123405,0.0011771042,0.0019172856,0.8595301
5656,tess,YAF,YAF_chalk_neutral.wav,Neutral,202,Neutral,Sad,False,0.4249624,0.004404132,0.18093364,0.09092894,0.017264174,0.26731992,0.4249624,0.014186819
5657,tess,YAF,YAF_chalk_ps.wav,Surprise,205,Surprise,Angry,False,0.3496737,0.3496737,0.1413958,0.15444916,0.02459871,0.04662142,0.034101617,0.2491596
5658,tess,YAF,YAF_chalk_sad.wav,Sad,212,Sad,Neutral,False,0.33137724,0.013962343,0.03739636,0.15133215,0.15764818,0.33137724,0.2353058,0.07297785
5659,tess,YAF,YAF_chat_angry.wav,Angry,237,Angry,Fear,False,0.5408322,0.01508087,0.09870988,0.5408322,0.036740452,0.057646707,0.07512182,0.175868
5660,tess,YAF,YAF_chat_disgust.wav,Disgust,257,Disgust,Neutral,False,0.54376745,0.04443414,0.2583107,0.01859679,0.001967381,0.54376745,0.1270389,0.0058846353
5661,tess,YAF,YAF_chat_fear.wav,Fear,164,Fear,Surprise,False,0.5661826,0.0027342662,0.0009694633,0.3185554,0.10541856,0.0011896983,0.004949971,0.5661826
5662,tess,YAF,YAF_chat_happy.wav,Happy,151,Happy,Surprise,False,0.34600097,0.3222977,0.0043250327,0.14899015,0.081014775,0.08463338,0.01273802,0.34600097
5663,tess,YAF,YAF_chat_neutral.wav,Neutral,214,Neutral,Fear,False,0.29270756,0.056531142,0.12048477,0.29270756,0.072306775,0.20550638,0.09388201,0.15858129
5664,tess,YAF,YAF_chat_ps.wav,Surprise,193,Surprise,Surprise,True,0.7244945,0.027113296,0.013324075,0.1085061,0.06284216,0.033425312,0.030294606,0.7244945
5665,tess,YAF,YAF_chat_sad.wav,Sad,221,Sad,Neutral,False,0.6832258,0.01454469,0.021965211,0.063138455,0.023755543,0.6832258,0.17374909,0.019621177
5666,tess,YAF,YAF_check_angry.wav,Angry,218,Angry,Fear,False,0.33636376,0.011489765,0.03548008,0.33636376,0.12711148,0.11225314,0.15945981,0.21784198
5667,tess,YAF,YAF_check_disgust.wav,Disgust,231,Disgust,Disgust,True,0.29282773,0.037373707,0.29282773,0.19604342,0.018248402,0.22017099,0.18539429,0.049941458
5668,tess,YAF,YAF_check_fear.wav,Fear,170,Fear,Surprise,False,0.72707784,0.004525892,0.0015724571,0.15592815,0.08684183,0.01012599,0.0139279375,0.72707784
5669,tess,YAF,YAF_check_happy.wav,Happy,154,Happy,Surprise,False,0.29825476,0.06779586,0.0015037698,0.23760691,0.27235973,0.094173394,0.028305547,0.29825476
5670,tess,YAF,YAF_check_neutral.wav,Neutral,205,Neutral,Fear,False,0.40525427,0.015711728,0.1469934,0.40525427,0.050631754,0.11897864,0.13793178,0.12449838
5671,tess,YAF,YAF_check_ps.wav,Surprise,173,Surprise,Surprise,True,0.9043346,0.011497566,0.013882638,0.055977937,0.006582164,0.0017889448,0.0059361523,0.9043346
5672,tess,YAF,YAF_check_sad.wav,Sad,205,Sad,Neutral,False,0.6302155,0.0022152667,0.009313604,0.04931707,0.04066762,0.6302155,0.23870933,0.02956156
5673,tess,YAF,YAF_cheek_angry.wav,Angry,218,Angry,Fear,False,0.6938229,0.012232689,0.03967278,0.6938229,0.055734135,0.041592926,0.08688489,0.0700596
5674,tess,YAF,YAF_cheek_disgust.wav,Disgust,215,Disgust,Disgust,True,0.27023792,0.10900038,0.27023792,0.25138348,0.022758562,0.14303559,0.14695024,0.056633808
5675,tess,YAF,YAF_cheek_fear.wav,Fear,173,Fear,Surprise,False,0.84617823,0.0007486524,0.000503954,0.12933575,0.020237226,0.00026522635,0.0027309612,0.84617823
5676,tess,YAF,YAF_cheek_happy.wav,Happy,161,Happy,Fear,False,0.42776573,0.15881298,0.001640998,0.42776573,0.10676001,0.0077922577,0.00521439,0.2920137
5677,tess,YAF,YAF_cheek_neutral.wav,Neutral,218,Neutral,Disgust,False,0.34676963,0.016872214,0.34676963,0.28589687,0.01101327,0.061270468,0.1387106,0.13946694
5678,tess,YAF,YAF_cheek_ps.wav,Surprise,161,Surprise,Surprise,True,0.5873005,0.06943237,0.0032911438,0.15438545,0.072774634,0.08616178,0.026654184,0.5873005
5679,tess,YAF,YAF_cheek_sad.wav,Sad,215,Sad,Neutral,False,0.37423977,0.022823963,0.02957234,0.24510892,0.0733396,0.37423977,0.15619057,0.09872475
5680,tess,YAF,YAF_chief_angry.wav,Angry,193,Angry,Fear,False,0.6090638,0.0032501929,0.07977001,0.6090638,0.030040862,0.0059899245,0.07578179,0.19610341
5681,tess,YAF,YAF_chief_disgust.wav,Disgust,218,Disgust,Fear,False,0.36259088,0.04094405,0.35088718,0.36259088,0.010192385,0.049959578,0.116375126,0.06905076
5682,tess,YAF,YAF_chief_fear.wav,Fear,161,Fear,Surprise,False,0.77090645,0.0052026883,0.002155751,0.17723373,0.03894601,0.0012158616,0.004339493,0.77090645
5683,tess,YAF,YAF_chief_happy.wav,Happy,145,Happy,Fear,False,0.36904627,0.22385128,0.0013177247,0.36904627,0.09964858,0.016899679,0.005790894,0.2834456
5684,tess,YAF,YAF_chief_neutral.wav,Neutral,189,Neutral,Fear,False,0.46286675,0.0083539905,0.19887747,0.46286675,0.026540862,0.023444746,0.15827085,0.1216454
5685,tess,YAF,YAF_chief_ps.wav,Surprise,170,Surprise,Surprise,True,0.6637079,0.04899724,0.030860726,0.15068091,0.022712372,0.047078457,0.035962407,0.6637079
5686,tess,YAF,YAF_chief_sad.wav,Sad,209,Sad,Neutral,False,0.7020405,0.0037638273,0.015610893,0.016332736,0.0046997885,0.7020405,0.25631428,0.001238054
5687,tess,YAF,YAF_choice_angry.wav,Angry,167,Angry,Surprise,False,0.50500417,0.0035338134,0.0042487876,0.44202968,0.03488291,0.0013685991,0.008932034,0.50500417
5688,tess,YAF,YAF_choice_disgust.wav,Disgust,225,Disgust,Fear,False,0.49896455,0.014177796,0.18197285,0.49896455,0.018840354,0.020030994,0.060690686,0.20532267
5689,tess,YAF,YAF_choice_fear.wav,Fear,106,Fear,Surprise,False,0.59319246,0.0058331285,0.00036147688,0.33610547,0.061515726,0.0005535474,0.0024381327,0.59319246
5690,tess,YAF,YAF_choice_happy.wav,Happy,145,Happy,Surprise,False,0.43966714,0.28786427,0.00075365225,0.18509986,0.08278678,0.0026693596,0.0011590222,0.43966714
5691,tess,YAF,YAF_choice_neutral.wav,Neutral,193,Neutral,Fear,False,0.5202029,0.011818417,0.060892783,0.5202029,0.12203157,0.060784504,0.07849685,0.14577305
5692,tess,YAF,YAF_choice_ps.wav,Surprise,215,Surprise,Fear,False,0.46963125,0.029897818,0.06406127,0.46963125,0.035291795,0.039771102,0.08414611,0.2772007
5693,tess,YAF,YAF_choice_sad.wav,Sad,231,Sad,Neutral,False,0.43977192,0.014630512,0.049810793,0.13400519,0.13286842,0.43977192,0.18574466,0.043168504
5694,tess,YAF,YAF_cool_angry.wav,Angry,205,Angry,Fear,False,0.68130165,0.009286694,0.03683944,0.68130165,0.10904614,0.026618415,0.08467008,0.05223754
5695,tess,YAF,YAF_cool_disgust.wav,Disgust,248,Disgust,Neutral,False,0.60338044,0.136667,0.10572603,0.031294532,0.012994909,0.60338044,0.090004586,0.019932576
5696,tess,YAF,YAF_cool_fear.wav,Fear,180,Fear,Surprise,False,0.6691853,0.0043802797,0.0015435783,0.23109922,0.085240476,0.0011445222,0.0074066725,0.6691853
5697,tess,YAF,YAF_cool_happy.wav,Happy,186,Happy,Surprise,False,0.33729973,0.22028431,0.080029525,0.19132556,0.07529424,0.05485246,0.04091421,0.33729973
5698,tess,YAF,YAF_cool_neutral.wav,Neutral,211,Neutral,Disgust,False,0.37575147,0.072117195,0.37575147,0.20174424,0.04250282,0.0972176,0.15447092,0.05619567
5699,tess,YAF,YAF_cool_ps.wav,Surprise,186,Surprise,Surprise,True,0.53020257,0.20242548,0.012531466,0.110195905,0.10322517,0.029769802,0.011649621,0.53020257
5700,tess,YAF,YAF_cool_sad.wav,Sad,225,Sad,Neutral,False,0.8307219,0.033773232,0.010151441,0.012063416,0.028365906,0.8307219,0.08090312,0.0040209224
5701,tess,YAF,YAF_dab_angry.wav,Angry,186,Angry,Fear,False,0.66928494,0.012294259,0.021326616,0.66928494,0.13888493,0.040987138,0.052364286,0.06485783
5702,tess,YAF,YAF_dab_disgust.wav,Disgust,234,Disgust,Neutral,False,0.55677813,0.041462712,0.2040825,0.014662918,0.0010073635,0.55677813,0.17968838,0.002318038
5703,tess,YAF,YAF_dab_fear.wav,Fear,151,Fear,Surprise,False,0.6240926,0.0022451736,0.00085229694,0.23507695,0.11864614,0.0027830582,0.01630381,0.6240926
5704,tess,YAF,YAF_dab_happy.wav,Happy,157,Happy,Fear,False,0.42593944,0.036236137,0.000910359,0.42593944,0.3403232,0.0051863994,0.006421225,0.18498321
5705,tess,YAF,YAF_dab_neutral.wav,Neutral,204,Neutral,Disgust,False,0.4616463,0.014314875,0.4616463,0.019077292,0.0051887184,0.2504939,0.23801208,0.011266728
5706,tess,YAF,YAF_dab_ps.wav,Surprise,180,Surprise,Surprise,True,0.82232124,0.023522377,0.011533434,0.103792675,0.020382654,0.0060562612,0.012391418,0.82232124
5707,tess,YAF,YAF_dab_sad.wav,Sad,212,Sad,Neutral,False,0.5327059,0.0006374882,0.010496998,0.017094355,0.0230463,0.5327059,0.41338325,0.0026358066
5708,tess,YAF,YAF_date_angry.wav,Angry,218,Angry,Fear,False,0.6430585,0.01469309,0.053608257,0.6430585,0.0493585,0.046329472,0.08597801,0.10697416
5709,tess,YAF,YAF_date_disgust.wav,Disgust,228,Disgust,Disgust,True,0.40266526,0.0300179,0.40266526,0.22227074,0.007821296,0.08750975,0.22228983,0.027425291
5710,tess,YAF,YAF_date_fear.wav,Fear,177,Fear,Surprise,False,0.7193746,0.0009840494,0.0012836639,0.22459108,0.044243008,0.0008920047,0.008631548,0.7193746
5711,tess,YAF,YAF_date_happy.wav,Happy,161,Happy,Surprise,False,0.40768474,0.0250981,0.002375112,0.34233055,0.19206263,0.01571773,0.014731094,0.40768474
5712,tess,YAF,YAF_date_neutral.wav,Neutral,207,Neutral,Fear,False,0.48843372,0.010613608,0.16829136,0.48843372,0.030622333,0.02305582,0.13789731,0.1410858
5713,tess,YAF,YAF_date_ps.wav,Surprise,179,Surprise,Surprise,True,0.6023857,0.024656534,0.009204243,0.21559784,0.07493677,0.04009261,0.033126302,0.6023857
5714,tess,YAF,YAF_date_sad.wav,Sad,218,Sad,Neutral,False,0.44299072,0.014865102,0.05890976,0.12652546,0.016270533,0.44299072,0.32258418,0.017854232
5715,tess,YAF,YAF_dead_angry.wav,Angry,201,Angry,Surprise,False,0.5599558,0.009415902,0.016848106,0.30623564,0.0570874,0.014071139,0.036386024,0.5599558
5716,tess,YAF,YAF_dead_disgust.wav,Disgust,231,Disgust,Disgust,True,0.5559422,0.03903202,0.5559422,0.050769635,0.0035655906,0.17806473,0.16250251,0.010123378
5717,tess,YAF,YAF_dead_fear.wav,Fear,162,Fear,Surprise,False,0.65327376,0.0027180156,0.00033505523,0.2189175,0.12125986,0.0005429352,0.0029528833,0.65327376
5718,tess,YAF,YAF_dead_happy.wav,Happy,157,Happy,Fear,False,0.45576257,0.042387895,0.0034458714,0.45576257,0.2616147,0.047381163,0.03147452,0.15793332
5719,tess,YAF,YAF_dead_neutral.wav,Neutral,192,Neutral,Fear,False,0.2773818,0.019868476,0.15531309,0.2773818,0.0643309,0.17478961,0.21860811,0.08970801
5720,tess,YAF,YAF_dead_ps.wav,Surprise,184,Surprise,Surprise,True,0.81039035,0.03969223,0.016039861,0.09258644,0.020025585,0.0060555567,0.015209932,0.81039035
5721,tess,YAF,YAF_dead_sad.wav,Sad,205,Sad,Sad,True,0.41870236,0.002387945,0.060162395,0.0837396,0.030364951,0.34665772,0.41870236,0.057985008
5722,tess,YAF,YAF_death_angry.wav,Angry,157,Angry,Surprise,False,0.7094584,0.02216064,0.007140384,0.1964794,0.03722291,0.0072013265,0.020336902,0.7094584
5723,tess,YAF,YAF_death_disgust.wav,Disgust,234,Disgust,Disgust,True,0.5790077,0.01613489,0.5790077,0.1077282,0.0040516034,0.07702193,0.15506558,0.06099012
5724,tess,YAF,YAF_death_fear.wav,Fear,119,Fear,Surprise,False,0.66217047,0.016103942,0.0024883058,0.25161582,0.06466882,0.0009819221,0.0019707307,0.66217047
5725,tess,YAF,YAF_death_happy.wav,Happy,141,Happy,Surprise,False,0.5511259,0.12757654,0.008484059,0.17392512,0.05361143,0.06290696,0.022370037,0.5511259
5726,tess,YAF,YAF_death_neutral.wav,Neutral,180,Neutral,Neutral,True,0.28300288,0.01819451,0.14444123,0.18791306,0.0364426,0.28300288,0.21508496,0.11492073
5727,tess,YAF,YAF_death_ps.wav,Surprise,214,Surprise,Fear,False,0.6878969,0.019879261,0.013714473,0.6878969,0.1443953,0.0058841263,0.02872638,0.0995035
5728,tess,YAF,YAF_death_sad.wav,Sad,218,Sad,Neutral,False,0.56324565,0.0042557875,0.029519703,0.03749553,0.015943117,0.56324565,0.3419037,0.007636526
5729,tess,YAF,YAF_deep_angry.wav,Angry,197,Angry,Fear,False,0.47152945,0.01576622,0.018939892,0.47152945,0.123060636,0.081249066,0.11777193,0.17168279
5730,tess,YAF,YAF_deep_disgust.wav,Disgust,242,Disgust,Sad,False,0.32133052,0.019056248,0.22204669,0.24750029,0.008158771,0.15166716,0.32133052,0.03024036
5731,tess,YAF,YAF_deep_fear.wav,Fear,173,Fear,Surprise,False,0.6615858,0.003837614,0.014255143,0.19718778,0.037405983,0.023518926,0.06220877,0.6615858
5732,tess,YAF,YAF_deep_happy.wav,Happy,180,Happy,Surprise,False,0.3248858,0.024827722,0.0043186005,0.30462277,0.18671343,0.09019933,0.06443242,0.3248858
5733,tess,YAF,YAF_deep_neutral.wav,Neutral,179,Neutral,Sad,False,0.33316907,0.007866812,0.23557115,0.22605358,0.011553673,0.06179718,0.33316907,0.12398851
5734,tess,YAF,YAF_deep_ps.wav,Surprise,173,Surprise,Surprise,True,0.5187454,0.057295106,0.016913047,0.2547948,0.05152311,0.062245257,0.038483217,0.5187454
5735,tess,YAF,YAF_deep_sad.wav,Sad,218,Sad,Neutral,False,0.73259085,0.0030212973,0.01466422,0.025085926,0.0055921683,0.73259085,0.21603651,0.0030091295
5736,tess,YAF,YAF_dime_angry.wav,Angry,175,Angry,Surprise,False,0.5224978,0.0029399402,0.0067570503,0.35446057,0.0827327,0.0042965966,0.026315391,0.5224978
5737,tess,YAF,YAF_dime_disgust.wav,Disgust,247,Disgust,Disgust,True,0.7439136,0.010546115,0.7439136,0.057041537,0.003430195,0.04705969,0.1118186,0.02619024
5738,tess,YAF,YAF_dime_fear.wav,Fear,125,Fear,Surprise,False,0.86302036,0.005384603,0.0005041459,0.100241035,0.02764681,0.00059519894,0.0026078718,0.86302036
5739,tess,YAF,YAF_dime_happy.wav,Happy,167,Happy,Fear,False,0.755254,0.035878308,0.0070568407,0.755254,0.07898396,0.028062802,0.05511408,0.039650057
5740,tess,YAF,YAF_dime_neutral.wav,Neutral,195,Neutral,Fear,False,0.43736705,0.0062284097,0.13772827,0.43736705,0.045452785,0.08004186,0.22200762,0.071174
5741,tess,YAF,YAF_dime_ps.wav,Surprise,205,Surprise,Fear,False,0.43851528,0.18380891,0.11366,0.43851528,0.02978307,0.07221601,0.12668806,0.0353287
5742,tess,YAF,YAF_dime_sad.wav,Sad,209,Sad,Sad,True,0.59176344,0.00096094277,0.024437863,0.018671859,0.004833016,0.35841492,0.59176344,0.0009179748
5743,tess,YAF,YAF_dip_angry.wav,Angry,213,Angry,Surprise,False,0.4299008,0.011947675,0.11969483,0.22793393,0.025686609,0.061961338,0.12287484,0.4299008
5744,tess,YAF,YAF_dip_disgust.wav,Disgust,247,Disgust,Disgust,True,0.800599,0.030949233,0.800599,0.039219324,0.0023401356,0.040780958,0.04612338,0.039987996
5745,tess,YAF,YAF_dip_fear.wav,Fear,173,Fear,Surprise,False,0.6931209,0.0009610304,0.0010530384,0.2360447,0.06046096,0.0014981801,0.0068612196,0.6931209
5746,tess,YAF,YAF_dip_happy.wav,Happy,145,Happy,Surprise,False,0.5543228,0.31369436,0.0015434736,0.056919202,0.053428892,0.015124957,0.0049663046,0.5543228
5747,tess,YAF,YAF_dip_neutral.wav,Neutral,204,Neutral,Surprise,False,0.501283,0.010633554,0.060516115,0.3149642,0.036743727,0.024114406,0.051745012,0.501283
5748,tess,YAF,YAF_dip_ps.wav,Surprise,193,Surprise,Surprise,True,0.70308006,0.01583112,0.006329721,0.18874356,0.05799469,0.014509797,0.013511075,0.70308006
5749,tess,YAF,YAF_dip_sad.wav,Sad,223,Sad,Sad,True,0.32157105,0.0048086406,0.03630482,0.24718761,0.03172599,0.2829781,0.32157105,0.07542379
5750,tess,YAF,YAF_ditch_angry.wav,Angry,231,Angry,Fear,False,0.52762014,0.02800593,0.05964123,0.52762014,0.038921855,0.13442796,0.13720141,0.07418153
5751,tess,YAF,YAF_ditch_disgust.wav,Disgust,250,Disgust,Disgust,True,0.53966296,0.015699511,0.53966296,0.16249068,0.008509232,0.03668691,0.21004711,0.026903594
5752,tess,YAF,YAF_ditch_fear.wav,Fear,180,Fear,Surprise,False,0.59930295,0.02018669,0.042224366,0.14963633,0.082625754,0.054504663,0.051519275,0.59930295
5753,tess,YAF,YAF_ditch_happy.wav,Happy,170,Happy,Fear,False,0.37230122,0.055123467,0.0052212854,0.37230122,0.15222828,0.10428733,0.03541971,0.27541867
5754,tess,YAF,YAF_ditch_neutral.wav,Neutral,210,Neutral,Fear,False,0.4325606,0.019643998,0.058560047,0.4325606,0.06538956,0.05496962,0.087590724,0.2812855
5755,tess,YAF,YAF_ditch_ps.wav,Surprise,196,Surprise,Surprise,True,0.7363825,0.012048084,0.025343802,0.12827364,0.029766157,0.032590106,0.03559572,0.7363825
5756,tess,YAF,YAF_ditch_sad.wav,Sad,231,Sad,Neutral,False,0.3937064,0.024170324,0.14709878,0.10376336,0.01909776,0.3937064,0.2690517,0.0431117
5757,tess,YAF,YAF_dodge_angry.wav,Angry,234,Angry,Fear,False,0.5716015,0.012893924,0.024852451,0.5716015,0.17984171,0.07752243,0.07494509,0.058342893
5758,tess,YAF,YAF_dodge_disgust.wav,Disgust,231,Disgust,Disgust,True,0.33155957,0.02370426,0.33155957,0.030033743,0.002749563,0.29667473,0.31203425,0.0032438792
5759,tess,YAF,YAF_dodge_fear.wav,Fear,157,Fear,Surprise,False,0.62316304,0.011787279,0.0008633051,0.2150222,0.14375116,0.0014309448,0.003982071,0.62316304
5760,tess,YAF,YAF_dodge_happy.wav,Happy,177,Happy,Fear,False,0.56832266,0.025966689,0.003227805,0.56832266,0.26949966,0.02306559,0.029784186,0.08013345
5761,tess,YAF,YAF_dodge_neutral.wav,Neutral,212,Neutral,Fear,False,0.66504586,0.015297068,0.07768405,0.66504586,0.11079991,0.0300259,0.060264286,0.040882863
5762,tess,YAF,YAF_dodge_ps.wav,Surprise,190,Surprise,Surprise,True,0.56086695,0.065380886,0.014312244,0.20743622,0.1172369,0.016587283,0.018179482,0.56086695
5763,tess,YAF,YAF_dodge_sad.wav,Sad,234,Sad,Neutral,False,0.36969942,0.0047756573,0.0282589,0.19583349,0.05336343,0.36969942,0.33491668,0.013152372
5764,tess,YAF,YAF_dog_angry.wav,Angry,205,Angry,Fear,False,0.43936437,0.022048464,0.09178961,0.43936437,0.07443549,0.027224937,0.12481382,0.22032332
5765,tess,YAF,YAF_dog_disgust.wav,Disgust,250,Disgust,Disgust,True,0.3851668,0.0998991,0.3851668,0.02338048,0.0073928996,0.3452667,0.13045119,0.008442787
5766,tess,YAF,YAF_dog_fear.wav,Fear,157,Fear,Fear,True,0.46166113,0.003494472,0.00023962896,0.46166113,0.16288888,0.00021897428,0.0030044413,0.36849254
5767,tess,YAF,YAF_dog_happy.wav,Happy,173,Happy,Fear,False,0.4689412,0.09952994,0.021520244,0.4689412,0.13869053,0.05089117,0.047039255,0.17338759
5768,tess,YAF,YAF_dog_neutral.wav,Neutral,214,Neutral,Disgust,False,0.48513955,0.040371493,0.48513955,0.1444443,0.028328283,0.073370025,0.18401201,0.04433441
5769,tess,YAF,YAF_dog_ps.wav,Surprise,181,Surprise,Surprise,True,0.75646824,0.03841897,0.05452103,0.07989321,0.018867236,0.01975605,0.03207525,0.75646824
5770,tess,YAF,YAF_dog_sad.wav,Sad,215,Sad,Neutral,False,0.5357756,0.0038145967,0.0981283,0.020094095,0.004740775,0.5357756,0.33347204,0.003974626
5771,tess,YAF,YAF_doll_angry.wav,Angry,205,Angry,Fear,False,0.524729,0.035424832,0.11964348,0.524729,0.059401095,0.025534391,0.08672156,0.14854555
5772,tess,YAF,YAF_doll_disgust.wav,Disgust,266,Disgust,Disgust,True,0.58483243,0.078374125,0.58483243,0.020048473,0.0037431107,0.18871653,0.11841945,0.0058658547
5773,tess,YAF,YAF_doll_fear.wav,Fear,182,Fear,Surprise,False,0.48241043,0.0022774593,0.0020557065,0.3168719,0.17829931,0.00082682027,0.017258434,0.48241043
5774,tess,YAF,YAF_doll_happy.wav,Happy,177,Happy,Fear,False,0.5985736,0.10925785,0.013104017,0.5985736,0.21929261,0.0064080656,0.019215789,0.034148015
5775,tess,YAF,YAF_doll_neutral.wav,Neutral,190,Neutral,Disgust,False,0.34680122,0.13628514,0.34680122,0.16021283,0.13707532,0.035792768,0.081530295,0.10230243
5776,tess,YAF,YAF_doll_ps.wav,Surprise,178,Surprise,Surprise,True,0.36217228,0.12954567,0.052619107,0.20499392,0.080582716,0.10273807,0.06734822,0.36217228
5777,tess,YAF,YAF_doll_sad.wav,Sad,220,Sad,Neutral,False,0.5627806,0.0022834789,0.03307665,0.017548494,0.011821995,0.5627806,0.3674851,0.0050036646
5778,tess,YAF,YAF_door_angry.wav,Angry,182,Angry,Disgust,False,0.7070607,0.018901747,0.7070607,0.075534575,0.0048750094,0.0052209445,0.06227385,0.12613319
5779,tess,YAF,YAF_door_disgust.wav,Disgust,231,Disgust,Disgust,True,0.97349995,0.0021777991,0.97349995,0.0022801645,9.541482e-05,0.0012640952,0.017986696,0.0026959379
5780,tess,YAF,YAF_door_fear.wav,Fear,138,Fear,Surprise,False,0.48917958,0.00077475916,0.00029606163,0.46440443,0.04304456,6.554053e-05,0.0022349525,0.48917958
5781,tess,YAF,YAF_door_happy.wav,Happy,159,Happy,Fear,False,0.65197235,0.10884091,0.013212504,0.65197235,0.090424895,0.037637357,0.030995445,0.06691653
5782,tess,YAF,YAF_door_neutral.wav,Neutral,195,Neutral,Disgust,False,0.8724688,0.0034428826,0.8724688,0.01495104,0.0010783384,0.006570749,0.08831994,0.013168189
5783,tess,YAF,YAF_door_ps.wav,Surprise,234,Surprise,Disgust,False,0.4191772,0.049253527,0.4191772,0.28234392,0.015907904,0.024563773,0.11505616,0.0936975
5784,tess,YAF,YAF_door_sad.wav,Sad,225,Sad,Sad,True,0.5139014,0.00075196585,0.22543475,0.118637584,0.0077752504,0.13076939,0.5139014,0.0027297079
5785,tess,YAF,YAF_fail_angry.wav,Angry,185,Angry,Surprise,False,0.35338175,0.044943828,0.1952685,0.23064718,0.03632776,0.033270847,0.10616019,0.35338175
5786,tess,YAF,YAF_fail_disgust.wav,Disgust,227,Disgust,Disgust,True,0.47355366,0.18390077,0.47355366,0.09851652,0.02340502,0.0660222,0.084608346,0.06999348
5787,tess,YAF,YAF_fail_fear.wav,Fear,170,Fear,Surprise,False,0.7268543,0.0043738377,0.0005875205,0.17615902,0.08615279,0.00058668683,0.0052858745,0.7268543
5788,tess,YAF,YAF_fail_happy.wav,Happy,169,Happy,Fear,False,0.7199524,0.030110477,0.01355799,0.7199524,0.11716841,0.01353745,0.030170567,0.07550276
5789,tess,YAF,YAF_fail_neutral.wav,Neutral,206,Neutral,Disgust,False,0.8671622,0.024444124,0.8671622,0.029366642,0.003658215,0.017611017,0.046474826,0.011283048
5790,tess,YAF,YAF_fail_ps.wav,Surprise,188,Surprise,Surprise,True,0.69010377,0.099193364,0.061532315,0.1002457,0.010946004,0.018764583,0.01921427,0.69010377
5791,tess,YAF,YAF_fail_sad.wav,Sad,224,Sad,Neutral,False,0.63170385,0.016963508,0.118756756,0.012237371,0.003463218,0.63170385,0.21151559,0.0053597903
5792,tess,YAF,YAF_fall_angry.wav,Angry,175,Angry,Fear,False,0.56281644,0.025657076,0.013062661,0.56281644,0.070294276,0.009481423,0.025007373,0.29368076
5793,tess,YAF,YAF_fall_disgust.wav,Disgust,237,Disgust,Fear,False,0.26686135,0.07471337,0.23336002,0.26686135,0.027531445,0.20573734,0.09720473,0.09459166
5794,tess,YAF,YAF_fall_fear.wav,Fear,122,Fear,Surprise,False,0.80259186,0.012841321,0.0004750469,0.12468478,0.05653793,0.00084997615,0.0020190387,0.80259186
5795,tess,YAF,YAF_fall_happy.wav,Happy,164,Happy,Fear,False,0.53525007,0.10248389,0.0017547394,0.53525007,0.20609425,0.0058620316,0.009607086,0.13894795
5796,tess,YAF,YAF_fall_neutral.wav,Neutral,201,Neutral,Fear,False,0.29618895,0.03189107,0.18314646,0.29618895,0.14219637,0.11683193,0.17566763,0.05407757
5797,tess,YAF,YAF_fall_ps.wav,Surprise,193,Surprise,Angry,False,0.33750647,0.33750647,0.058501303,0.25965792,0.1484287,0.048432115,0.048385434,0.09908804
5798,tess,YAF,YAF_fall_sad.wav,Sad,206,Sad,Neutral,False,0.45134223,0.017744357,0.039046545,0.16716444,0.09200994,0.45134223,0.17747521,0.055217225
5799,tess,YAF,YAF_far_angry.wav,Angry,196,Angry,Surprise,False,0.5514462,0.044053137,0.043992627,0.14354871,0.08307554,0.06619328,0.06769049,0.5514462
5800,tess,YAF,YAF_far_disgust.wav,Disgust,237,Disgust,Disgust,True,0.36914253,0.22518489,0.36914253,0.10642537,0.0357006,0.12766524,0.08718105,0.048700366
5801,tess,YAF,YAF_far_fear.wav,Fear,148,Fear,Surprise,False,0.5584021,0.0025239487,0.00024654766,0.32771307,0.10997511,0.000104832674,0.0010343136,0.5584021
5802,tess,YAF,YAF_far_happy.wav,Happy,172,Happy,Fear,False,0.43970743,0.13066684,0.006764935,0.43970743,0.2745653,0.07441846,0.024829127,0.049047925
5803,tess,YAF,YAF_far_neutral.wav,Neutral,213,Neutral,Disgust,False,0.42344692,0.017728394,0.42344692,0.21407507,0.019563084,0.08208668,0.20983715,0.033262666
5804,tess,YAF,YAF_far_ps.wav,Surprise,189,Surprise,Surprise,True,0.77138513,0.0430723,0.066118345,0.077838846,0.007047423,0.016789246,0.01774869,0.77138513
5805,tess,YAF,YAF_far_sad.wav,Sad,234,Sad,Neutral,False,0.47747526,0.02673616,0.05793628,0.15481995,0.13953333,0.47747526,0.118126154,0.025372887
5806,tess,YAF,YAF_fat_angry.wav,Angry,181,Angry,Surprise,False,0.476065,0.004427721,0.011747379,0.28020528,0.07783899,0.051468544,0.098247014,0.476065
5807,tess,YAF,YAF_fat_disgust.wav,Disgust,221,Disgust,Disgust,True,0.347102,0.036583696,0.347102,0.15839393,0.010163436,0.15995042,0.16553716,0.12226935
5808,tess,YAF,YAF_fat_fear.wav,Fear,141,Fear,Surprise,False,0.8651164,0.003236303,0.0022164206,0.07068808,0.044908192,0.0033626775,0.010471937,0.8651164
5809,tess,YAF,YAF_fat_happy.wav,Happy,167,Happy,Neutral,False,0.29166552,0.010981105,0.004589361,0.20433496,0.17936777,0.29166552,0.22984938,0.07921192
5810,tess,YAF,YAF_fat_neutral.wav,Neutral,209,Neutral,Fear,False,0.26931527,0.014356381,0.07605804,0.26931527,0.1352282,0.22651443,0.19775778,0.08076995
5811,tess,YAF,YAF_fat_ps.wav,Surprise,205,Surprise,Surprise,True,0.29012462,0.16999221,0.062922336,0.16909772,0.07204706,0.14701904,0.088796996,0.29012462
5812,tess,YAF,YAF_fat_sad.wav,Sad,202,Sad,Neutral,False,0.39406833,0.0083812475,0.008240278,0.114583194,0.27667874,0.39406833,0.14983997,0.04820829
5813,tess,YAF,YAF_fit_angry.wav,Angry,215,Angry,Fear,False,0.42330244,0.02543967,0.06685438,0.42330244,0.06680701,0.12054544,0.108499706,0.18855141
5814,tess,YAF,YAF_fit_disgust.wav,Disgust,241,Disgust,Disgust,True,0.31268215,0.046004854,0.31268215,0.12971395,0.018361023,0.3120835,0.14317182,0.03798273
5815,tess,YAF,YAF_fit_fear.wav,Fear,170,Fear,Surprise,False,0.5813226,0.005247159,0.00284786,0.28171912,0.09646341,0.013652675,0.018747127,0.5813226
5816,tess,YAF,YAF_fit_happy.wav,Happy,180,Happy,Fear,False,0.36024094,0.057636954,0.009518613,0.36024094,0.13020375,0.1809671,0.109925486,0.15150718
5817,tess,YAF,YAF_fit_neutral.wav,Neutral,191,Neutral,Surprise,False,0.40395442,0.016248208,0.012437046,0.22602631,0.16632609,0.106765345,0.068242654,0.40395442
5818,tess,YAF,YAF_fit_ps.wav,Surprise,189,Surprise,Surprise,True,0.7478265,0.041455224,0.015620743,0.12485909,0.03532404,0.015799226,0.01911505,0.7478265
5819,tess,YAF,YAF_fit_sad.wav,Sad,231,Sad,Neutral,False,0.79427457,0.020586925,0.034145735,0.024746522,0.012615135,0.79427457,0.09321706,0.020413937
5820,tess,YAF,YAF_five_angry.wav,Angry,221,Angry,Fear,False,0.3783109,0.07138238,0.07675421,0.3783109,0.09926722,0.04597503,0.058295086,0.2700152
5821,tess,YAF,YAF_five_disgust.wav,Disgust,228,Disgust,Fear,False,0.28036132,0.13933234,0.12710048,0.28036132,0.06591222,0.25555542,0.102774054,0.02896419
5822,tess,YAF,YAF_five_fear.wav,Fear,179,Fear,Surprise,False,0.83485967,0.00045878123,9.997756e-05,0.08381945,0.074548125,0.0005931329,0.005620851,0.83485967
5823,tess,YAF,YAF_five_happy.wav,Happy,167,Happy,Fear,False,0.4962123,0.13911591,0.0027994795,0.4962123,0.2240166,0.035500303,0.014695227,0.087660044
5824,tess,YAF,YAF_five_neutral.wav,Neutral,212,Neutral,Fear,False,0.41870302,0.029036641,0.255144,0.41870302,0.059067294,0.074982405,0.07741305,0.08565361
5825,tess,YAF,YAF_five_ps.wav,Surprise,183,Surprise,Surprise,True,0.6633107,0.062600054,0.020108735,0.1764839,0.039219238,0.010122005,0.02815533,0.6633107
5826,tess,YAF,YAF_five_sad.wav,Sad,221,Sad,Neutral,False,0.34738654,0.017737933,0.062695034,0.15381671,0.1800014,0.34738654,0.18648893,0.051873453
5827,tess,YAF,YAF_food_angry.wav,Angry,202,Angry,Fear,False,0.2800401,0.006618822,0.08458127,0.2800401,0.028428111,0.1692157,0.26919326,0.16192278
5828,tess,YAF,YAF_food_disgust.wav,Disgust,237,Disgust,Neutral,False,0.31592965,0.07471578,0.28211632,0.09853038,0.009511025,0.31592965,0.18036477,0.03883212
5829,tess,YAF,YAF_food_fear.wav,Fear,170,Fear,Surprise,False,0.8812797,0.0016083494,0.0006044923,0.08391014,0.024483077,0.0008914599,0.007222827,0.8812797
5830,tess,YAF,YAF_food_happy.wav,Happy,179,Happy,Fear,False,0.3480636,0.14442085,0.017064702,0.3480636,0.058330312,0.19217083,0.09036262,0.14958708
5831,tess,YAF,YAF_food_neutral.wav,Neutral,189,Neutral,Neutral,True,0.38771963,0.017581096,0.18027398,0.026694598,0.013909517,0.38771963,0.3212987,0.052522484
5832,tess,YAF,YAF_food_ps.wav,Surprise,164,Surprise,Surprise,True,0.42313358,0.123531684,0.029196111,0.11884005,0.040350202,0.19291241,0.07203601,0.42313358
5833,tess,YAF,YAF_food_sad.wav,Sad,231,Sad,Neutral,False,0.47344604,0.0039506317,0.0634153,0.054720487,0.018760422,0.47344604,0.36796674,0.017740361
5834,tess,YAF,YAF_gap_angry.wav,Angry,183,Angry,Surprise,False,0.420466,0.0031353852,0.00680454,0.3978095,0.07068299,0.027301265,0.07380024,0.420466
5835,tess,YAF,YAF_gap_disgust.wav,Disgust,221,Disgust,Neutral,False,0.28477168,0.085630186,0.22845368,0.16975524,0.013028158,0.28477168,0.14874372,0.06961738
5836,tess,YAF,YAF_gap_fear.wav,Fear,141,Fear,Surprise,False,0.68520874,0.0030441713,0.003164064,0.20172289,0.087851346,0.0049527907,0.014055951,0.68520874
5837,tess,YAF,YAF_gap_happy.wav,Happy,145,Happy,Fear,False,0.26680017,0.18783782,0.0074516544,0.26680017,0.12862578,0.16151637,0.03616223,0.21160598
5838,tess,YAF,YAF_gap_neutral.wav,Neutral,193,Neutral,Fear,False,0.4027402,0.014170788,0.052362934,0.4027402,0.10222852,0.14313453,0.1778969,0.10746613
5839,tess,YAF,YAF_gap_ps.wav,Surprise,186,Surprise,Fear,False,0.30168992,0.21701917,0.07089837,0.30168992,0.07659058,0.117457725,0.0806194,0.13572489
5840,tess,YAF,YAF_gap_sad.wav,Sad,212,Sad,Fear,False,0.33031628,0.011115301,0.041457415,0.33031628,0.09552586,0.21606606,0.2671735,0.038345534
5841,tess,YAF,YAF_gas_angry.wav,Angry,232,Angry,Fear,False,0.57923037,0.024569677,0.137729,0.57923037,0.03465936,0.04534947,0.07416912,0.10429299
5842,tess,YAF,YAF_gas_disgust.wav,Disgust,253,Disgust,Disgust,True,0.37082392,0.028281756,0.37082392,0.22122946,0.010696516,0.14257547,0.19882521,0.027567716
5843,tess,YAF,YAF_gas_fear.wav,Fear,164,Fear,Surprise,False,0.5522791,0.0026669235,0.0023323363,0.27707112,0.13685699,0.0038709017,0.024922708,0.5522791
5844,tess,YAF,YAF_gas_happy.wav,Happy,157,Happy,Fear,False,0.38738477,0.14051855,0.018869877,0.38738477,0.20732646,0.11208894,0.056238785,0.07757272
5845,tess,YAF,YAF_gas_neutral.wav,Neutral,218,Neutral,Fear,False,0.30525553,0.027663298,0.12809859,0.30525553,0.04612229,0.21279338,0.25120702,0.028859878
5846,tess,YAF,YAF_gas_ps.wav,Surprise,193,Surprise,Surprise,True,0.44833097,0.08868627,0.063127495,0.22759691,0.060031023,0.066514164,0.045713097,0.44833097
5847,tess,YAF,YAF_gas_sad.wav,Sad,231,Sad,Neutral,False,0.4890997,0.002392192,0.010938203,0.084523536,0.033255734,0.4890997,0.37753844,0.0022521566
5848,tess,YAF,YAF_gaze_angry.wav,Angry,225,Angry,Fear,False,0.5505128,0.009156162,0.17153414,0.5505128,0.020644004,0.043169335,0.12464876,0.080334805
5849,tess,YAF,YAF_gaze_disgust.wav,Disgust,244,Disgust,Fear,False,0.30262974,0.03017819,0.2286254,0.30262974,0.012714951,0.10038105,0.26670715,0.058763556
5850,tess,YAF,YAF_gaze_fear.wav,Fear,180,Fear,Surprise,False,0.48491737,0.00174663,0.0054703946,0.4051217,0.07139515,0.0015199736,0.029828792,0.48491737
5851,tess,YAF,YAF_gaze_happy.wav,Happy,193,Happy,Fear,False,0.67762935,0.0136553245,0.016336396,0.67762935,0.11800918,0.0213173,0.07940615,0.0736464
5852,tess,YAF,YAF_gaze_neutral.wav,Neutral,228,Neutral,Fear,False,0.40424347,0.012142452,0.2364102,0.40424347,0.02800497,0.019135287,0.1719487,0.12811491
5853,tess,YAF,YAF_gaze_ps.wav,Surprise,196,Surprise,Surprise,True,0.48272046,0.058063205,0.104130134,0.10995067,0.017210882,0.10478258,0.12314208,0.48272046
5854,tess,YAF,YAF_gaze_sad.wav,Sad,251,Sad,Sad,True,0.43760493,0.00867447,0.08368598,0.13220896,0.011942558,0.31121936,0.43760493,0.014663668
5855,tess,YAF,YAF_germ_angry.wav,Angry,218,Angry,Fear,False,0.52932334,0.014959154,0.21080072,0.52932334,0.06916696,0.011940242,0.036843285,0.12696631
5856,tess,YAF,YAF_germ_disgust.wav,Disgust,253,Disgust,Disgust,True,0.47555378,0.031354308,0.47555378,0.086165614,0.0058535296,0.21145314,0.18540056,0.0042190715
5857,tess,YAF,YAF_germ_fear.wav,Fear,175,Fear,Surprise,False,0.7644696,0.000401237,0.00050865125,0.19859046,0.032666523,0.0001377144,0.0032258215,0.7644696
5858,tess,YAF,YAF_germ_happy.wav,Happy,173,Happy,Fear,False,0.8202621,0.018917238,0.0029961404,0.8202621,0.08622634,0.022293685,0.022853898,0.026450653
5859,tess,YAF,YAF_germ_neutral.wav,Neutral,215,Neutral,Disgust,False,0.45575428,0.018241176,0.45575428,0.09547579,0.010139431,0.17216031,0.18768258,0.060546424
5860,tess,YAF,YAF_germ_ps.wav,Surprise,182,Surprise,Surprise,True,0.7897786,0.025259921,0.037955415,0.08743493,0.017500611,0.014920678,0.02714988,0.7897786
5861,tess,YAF,YAF_germ_sad.wav,Sad,225,Sad,Neutral,False,0.54916763,0.0032808231,0.024984563,0.102938615,0.02787407,0.54916763,0.28276157,0.0089928
5862,tess,YAF,YAF_get_angry.wav,Angry,228,Angry,Fear,False,0.43232715,0.008542157,0.08729482,0.43232715,0.032350343,0.048499368,0.14190418,0.24908194
5863,tess,YAF,YAF_get_disgust.wav,Disgust,253,Disgust,Disgust,True,0.7662285,0.012830632,0.7662285,0.03986203,0.0023687545,0.059726864,0.103624865,0.015358401
5864,tess,YAF,YAF_get_fear.wav,Fear,164,Fear,Surprise,False,0.4626025,0.004644301,0.003140454,0.441589,0.079029664,0.0021358915,0.0068581686,0.4626025
5865,tess,YAF,YAF_get_happy.wav,Happy,173,Happy,Fear,False,0.33399436,0.030944144,0.005660047,0.33399436,0.1249158,0.25849843,0.11175232,0.13423488
5866,tess,YAF,YAF_get_neutral.wav,Neutral,183,Neutral,Neutral,True,0.34182355,0.008348064,0.016216012,0.16718526,0.13605756,0.34182355,0.22918668,0.10118286
5867,tess,YAF,YAF_get_ps.wav,Surprise,194,Surprise,Surprise,True,0.6864027,0.0201446,0.041041177,0.15310371,0.031109367,0.03539522,0.03280332,0.6864027
5868,tess,YAF,YAF_get_sad.wav,Sad,218,Sad,Neutral,False,0.48590153,0.012781304,0.08861961,0.09121119,0.028968526,0.48590153,0.25283822,0.03967967
5869,tess,YAF,YAF_gin_angry.wav,Angry,220,Angry,Fear,False,0.42464045,0.009290164,0.1724786,0.42464045,0.023072664,0.026061451,0.06668689,0.2777698
5870,tess,YAF,YAF_gin_disgust.wav,Disgust,237,Disgust,Disgust,True,0.39049393,0.015133399,0.39049393,0.2720828,0.006417862,0.100927606,0.17464077,0.040303554
5871,tess,YAF,YAF_gin_fear.wav,Fear,164,Fear,Fear,True,0.5695929,0.005500799,0.0027259227,0.5695929,0.054757886,0.00048831565,0.0077069695,0.3592272
5872,tess,YAF,YAF_gin_happy.wav,Happy,170,Happy,Fear,False,0.71160144,0.026713425,0.0073581412,0.71160144,0.061646502,0.097520426,0.07275264,0.022407394
5873,tess,YAF,YAF_gin_neutral.wav,Neutral,212,Neutral,Disgust,False,0.40178257,0.027820906,0.40178257,0.19297548,0.011252957,0.13723722,0.18292858,0.04600236
5874,tess,YAF,YAF_gin_ps.wav,Surprise,182,Surprise,Surprise,True,0.5914805,0.030745909,0.05057007,0.21083093,0.011483626,0.045718886,0.059170105,0.5914805
5875,tess,YAF,YAF_gin_sad.wav,Sad,211,Sad,Neutral,False,0.51264924,0.0051346687,0.029948542,0.09119278,0.026252326,0.51264924,0.31239927,0.022423118
5876,tess,YAF,YAF_goal_angry.wav,Angry,199,Angry,Fear,False,0.34413064,0.06891977,0.05372875,0.34413064,0.09754063,0.09203412,0.09729658,0.24634951
5877,tess,YAF,YAF_goal_disgust.wav,Disgust,235,Disgust,Fear,False,0.27443513,0.19480439,0.24506603,0.27443513,0.033514228,0.091973074,0.09275798,0.06744924
5878,tess,YAF,YAF_goal_fear.wav,Fear,175,Fear,Surprise,False,0.3908006,0.007734065,0.0016498595,0.38288647,0.19559307,0.0022845042,0.019051448,0.3908006
5879,tess,YAF,YAF_goal_happy.wav,Happy,165,Happy,Fear,False,0.3821573,0.21877174,0.0062290644,0.3821573,0.17519523,0.06953463,0.021882234,0.12622976
5880,tess,YAF,YAF_goal_neutral.wav,Neutral,219,Neutral,Disgust,False,0.48279765,0.10329127,0.48279765,0.15353757,0.06111226,0.0689211,0.11212089,0.018219246
5881,tess,YAF,YAF_goal_ps.wav,Surprise,178,Surprise,Surprise,True,0.61042225,0.10422773,0.021958316,0.104118496,0.06619608,0.0696746,0.023402564,0.61042225
5882,tess,YAF,YAF_goal_sad.wav,Sad,221,Sad,Neutral,False,0.6558968,0.008562244,0.10767319,0.009042713,0.0056766816,0.6558968,0.21161614,0.0015321932
5883,tess,YAF,YAF_good_angry.wav,Angry,202,Angry,Fear,False,0.49834183,0.005804668,0.05277537,0.49834183,0.07737623,0.05863298,0.22173207,0.08533689
5884,tess,YAF,YAF_good_disgust.wav,Disgust,237,Disgust,Disgust,True,0.32189748,0.030749997,0.32189748,0.21936545,0.012303844,0.16581403,0.23153862,0.01833054
5885,tess,YAF,YAF_good_fear.wav,Fear,171,Fear,Surprise,False,0.7671793,0.0006219189,0.00011283613,0.13739838,0.09001001,0.00056924426,0.004108291,0.7671793
5886,tess,YAF,YAF_good_happy.wav,Happy,180,Happy,Surprise,False,0.7419264,0.012876619,0.00441969,0.10555623,0.07777973,0.020218845,0.037222568,0.7419264
5887,tess,YAF,YAF_good_neutral.wav,Neutral,204,Neutral,Fear,False,0.31706893,0.013870674,0.29894653,0.31706893,0.052425183,0.07197028,0.16510804,0.080610305
5888,tess,YAF,YAF_good_ps.wav,Surprise,181,Surprise,Surprise,True,0.71297145,0.06839994,0.020934891,0.06841073,0.038337357,0.050808936,0.040136673,0.71297145
5889,tess,YAF,YAF_good_sad.wav,Sad,218,Sad,Neutral,False,0.6291753,0.0043344125,0.029895565,0.041752595,0.043740444,0.6291753,0.24279085,0.008310941
5890,tess,YAF,YAF_goose_angry.wav,Angry,183,Angry,Fear,False,0.58240306,0.003990909,0.010069379,0.58240306,0.062203318,0.019542852,0.051176008,0.27061445
5891,tess,YAF,YAF_goose_disgust.wav,Disgust,244,Disgust,Fear,False,0.3769478,0.022242868,0.21212783,0.3769478,0.013630535,0.12750536,0.17209779,0.07544791
5892,tess,YAF,YAF_goose_fear.wav,Fear,141,Fear,Surprise,False,0.6933007,0.007236602,0.0014075286,0.1975239,0.08527935,0.0047020423,0.01054992,0.6933007
5893,tess,YAF,YAF_goose_happy.wav,Happy,145,Happy,Fear,False,0.34026787,0.059131484,0.0052164374,0.34026787,0.123763576,0.24661939,0.061609507,0.16339172
5894,tess,YAF,YAF_goose_neutral.wav,Neutral,204,Neutral,Neutral,True,0.39432833,0.014036245,0.03335008,0.18111108,0.07194954,0.39432833,0.25274947,0.052475236
5895,tess,YAF,YAF_goose_ps.wav,Surprise,196,Surprise,Fear,False,0.4240156,0.07400905,0.036329113,0.4240156,0.09462878,0.10175887,0.08815898,0.1810996
5896,tess,YAF,YAF_goose_sad.wav,Sad,234,Sad,Fear,False,0.4182285,0.050670687,0.050299376,0.4182285,0.06798762,0.22656482,0.15014243,0.03610664
5897,tess,YAF,YAF_gun_angry.wav,Angry,209,Angry,Sad,False,0.31635764,0.009042679,0.07188416,0.24536026,0.060499508,0.22144534,0.31635764,0.07541042
5898,tess,YAF,YAF_gun_disgust.wav,Disgust,237,Disgust,Neutral,False,0.28381646,0.034549665,0.24047774,0.21602991,0.014310138,0.28381646,0.1840197,0.026796388
5899,tess,YAF,YAF_gun_fear.wav,Fear,161,Fear,Surprise,False,0.77032447,0.0014810816,0.0006398446,0.17315742,0.046929102,0.0004474949,0.007020609,0.77032447
5900,tess,YAF,YAF_gun_happy.wav,Happy,167,Happy,Fear,False,0.5950372,0.036799744,0.003488625,0.5950372,0.2021025,0.05104457,0.03250345,0.0790239
5901,tess,YAF,YAF_gun_neutral.wav,Neutral,206,Neutral,Fear,False,0.3700973,0.042040795,0.20444402,0.3700973,0.08099211,0.10132952,0.16616635,0.03492987
5902,tess,YAF,YAF_gun_ps.wav,Surprise,182,Surprise,Surprise,True,0.44133005,0.09576869,0.038113598,0.14975272,0.05378156,0.16010395,0.061149485,0.44133005
5903,tess,YAF,YAF_gun_sad.wav,Sad,225,Sad,Neutral,False,0.56807077,0.0015800155,0.014522542,0.03428461,0.050880518,0.56807077,0.3205968,0.010064797
5904,tess,YAF,YAF_half_angry.wav,Angry,199,Angry,Fear,False,0.4645145,0.018318936,0.06646853,0.4645145,0.072635666,0.06051745,0.10280078,0.21474421
5905,tess,YAF,YAF_half_disgust.wav,Disgust,215,Disgust,Sad,False,0.2790247,0.05175803,0.22105613,0.23846339,0.015923832,0.16953252,0.2790247,0.024241377
5906,tess,YAF,YAF_half_fear.wav,Fear,148,Fear,Surprise,False,0.7408093,0.005581889,0.00058846094,0.19245557,0.052286804,0.002126628,0.0061512874,0.7408093
5907,tess,YAF,YAF_half_happy.wav,Happy,148,Happy,Surprise,False,0.46796983,0.10381836,0.011238234,0.11446883,0.08098279,0.1681213,0.05340064,0.46796983
5908,tess,YAF,YAF_half_neutral.wav,Neutral,199,Neutral,Disgust,False,0.38126278,0.05621842,0.38126278,0.20649295,0.060005475,0.115136676,0.06767447,0.11320928
5909,tess,YAF,YAF_half_ps.wav,Surprise,173,Surprise,Surprise,True,0.8203044,0.031687606,0.0049951468,0.08815907,0.030730862,0.011981695,0.01214128,0.8203044
5910,tess,YAF,YAF_half_sad.wav,Sad,215,Sad,Neutral,False,0.29039198,0.0037021323,0.040731482,0.27148464,0.09719208,0.29039198,0.24838378,0.048113964
5911,tess,YAF,YAF_hall_angry.wav,Angry,209,Angry,Fear,False,0.35603398,0.028189294,0.18313926,0.35603398,0.042499855,0.06717051,0.14046827,0.18249887
5912,tess,YAF,YAF_hall_disgust.wav,Disgust,243,Disgust,Disgust,True,0.3886061,0.09556789,0.3886061,0.054125294,0.008643382,0.21915293,0.21897763,0.014926735
5913,tess,YAF,YAF_hall_fear.wav,Fear,157,Fear,Surprise,False,0.56030273,0.013294557,0.001743817,0.34112355,0.07175595,0.0009913093,0.010788088,0.56030273
5914,tess,YAF,YAF_hall_happy.wav,Happy,171,Happy,Fear,False,0.6042222,0.1145608,0.004210751,0.6042222,0.15197223,0.019711353,0.014859385,0.09046328
5915,tess,YAF,YAF_hall_neutral.wav,Neutral,195,Neutral,Fear,False,0.25630447,0.033358827,0.24286538,0.25630447,0.09905205,0.090775535,0.24470396,0.03293981
5916,tess,YAF,YAF_hall_ps.wav,Surprise,176,Surprise,Surprise,True,0.43677416,0.05288347,0.019531976,0.19616958,0.1497277,0.090397656,0.054515425,0.43677416
5917,tess,YAF,YAF_hall_sad.wav,Sad,211,Sad,Neutral,False,0.33896524,0.01952769,0.033833608,0.1950979,0.19750552,0.33896524,0.18212287,0.032947194
5918,tess,YAF,YAF_hash_angry.wav,Angry,205,Angry,Fear,False,0.6706655,0.0069354554,0.011873536,0.6706655,0.15071973,0.038437486,0.05910361,0.0622647
5919,tess,YAF,YAF_hash_disgust.wav,Disgust,243,Disgust,Fear,False,0.48340917,0.12989585,0.109445855,0.48340917,0.035165966,0.0835899,0.07557037,0.0829229
5920,tess,YAF,YAF_hash_fear.wav,Fear,154,Fear,Surprise,False,0.88502043,0.0009343503,0.00023369362,0.050826225,0.060030427,0.0005248911,0.0024299168,0.88502043
5921,tess,YAF,YAF_hash_happy.wav,Happy,177,Happy,Fear,False,0.368601,0.1201438,0.016972441,0.368601,0.13622372,0.12907963,0.090709314,0.13827015
5922,tess,YAF,YAF_hash_neutral.wav,Neutral,199,Neutral,Neutral,True,0.70075464,0.0064478954,0.018227417,0.038569268,0.047702245,0.70075464,0.18172513,0.0065734102
5923,tess,YAF,YAF_hash_ps.wav,Surprise,209,Surprise,Fear,False,0.5050806,0.06536702,0.045151554,0.5050806,0.101304755,0.047908373,0.14117101,0.09401668
5924,tess,YAF,YAF_hash_sad.wav,Sad,212,Sad,Neutral,False,0.45118994,0.02893087,0.03513155,0.21272726,0.052086942,0.45118994,0.15447608,0.06545743
5925,tess,YAF,YAF_hate_angry.wav,Angry,211,Angry,Fear,False,0.5044793,0.017776068,0.02961896,0.5044793,0.0872211,0.055138238,0.13624166,0.16952473
5926,tess,YAF,YAF_hate_disgust.wav,Disgust,236,Disgust,Neutral,False,0.33108822,0.046163995,0.16858372,0.10975784,0.00984389,0.33108822,0.27724287,0.057319526
5927,tess,YAF,YAF_hate_fear.wav,Fear,170,Fear,Surprise,False,0.8249318,0.0013722992,0.0010393726,0.121927686,0.046226513,0.00035872226,0.0041435976,0.8249318
5928,tess,YAF,YAF_hate_happy.wav,Happy,177,Happy,Neutral,False,0.25785118,0.014772761,0.0028134973,0.23491442,0.2512078,0.25785118,0.121669516,0.11677084
5929,tess,YAF,YAF_hate_neutral.wav,Neutral,214,Neutral,Sad,False,0.32029748,0.031055534,0.210943,0.1403562,0.024329185,0.22381441,0.32029748,0.04920415
5930,tess,YAF,YAF_hate_ps.wav,Surprise,191,Surprise,Surprise,True,0.5598637,0.016048854,0.0022231897,0.103200465,0.1636435,0.09763062,0.057389624,0.5598637
5931,tess,YAF,YAF_hate_sad.wav,Sad,202,Sad,Sad,True,0.34779945,0.004418578,0.07675131,0.22457801,0.053386383,0.17554688,0.34779945,0.11751937
5932,tess,YAF,YAF_have_angry.wav,Angry,218,Angry,Fear,False,0.3318209,0.024655266,0.17562988,0.3318209,0.047195375,0.101389796,0.17522305,0.14408578
5933,tess,YAF,YAF_have_disgust.wav,Disgust,250,Disgust,Neutral,False,0.3653536,0.085744426,0.21306683,0.12676176,0.039395455,0.3653536,0.13119864,0.038479224
5934,tess,YAF,YAF_have_fear.wav,Fear,196,Fear,Happy,False,0.51008767,0.0022097486,0.0012270868,0.2285586,0.51008767,0.012833148,0.029400948,0.21568282
5935,tess,YAF,YAF_have_happy.wav,Happy,170,Happy,Fear,False,0.64344865,0.027476463,0.0039052486,0.64344865,0.18888004,0.038808983,0.033802588,0.063677974
5936,tess,YAF,YAF_have_neutral.wav,Neutral,202,Neutral,Neutral,True,0.4594864,0.08405446,0.15757245,0.07735757,0.035776455,0.4594864,0.10166381,0.08408881
5937,tess,YAF,YAF_have_ps.wav,Surprise,177,Surprise,Surprise,True,0.59665436,0.042689238,0.0045282515,0.1710896,0.118982874,0.038775194,0.027280483,0.59665436
5938,tess,YAF,YAF_have_sad.wav,Sad,209,Sad,Neutral,False,0.6421185,0.0075490167,0.013827213,0.13342687,0.05083862,0.6421185,0.12488912,0.027350638
5939,tess,YAF,YAF_haze_angry.wav,Angry,224,Angry,Fear,False,0.5899805,0.0043324814,0.011373038,0.5899805,0.1167512,0.047748104,0.19702192,0.032792818
5940,tess,YAF,YAF_haze_disgust.wav,Disgust,225,Disgust,Neutral,False,0.3300766,0.033759084,0.07989795,0.16257802,0.03597573,0.3300766,0.32539868,0.032313902
5941,tess,YAF,YAF_haze_fear.wav,Fear,189,Fear,Surprise,False,0.4905107,0.0008529233,0.0016678809,0.40498897,0.09594536,0.00015174365,0.005882402,0.4905107
5942,tess,YAF,YAF_haze_happy.wav,Happy,177,Happy,Fear,False,0.40987787,0.0015416471,0.0024400905,0.40987787,0.21187699,0.048936628,0.31261796,0.012708847
5943,tess,YAF,YAF_haze_neutral.wav,Neutral,228,Neutral,Fear,False,0.45448738,0.016056264,0.20443168,0.45448738,0.024745435,0.07004947,0.19833079,0.03189901
5944,tess,YAF,YAF_haze_ps.wav,Surprise,189,Surprise,Surprise,True,0.5208909,0.065426886,0.0066404366,0.16211376,0.1271085,0.0711581,0.046661444,0.5208909
5945,tess,YAF,YAF_haze_sad.wav,Sad,225,Sad,Neutral,False,0.39786628,0.0033783542,0.064119704,0.085625015,0.03905728,0.39786628,0.39351907,0.016434273
5946,tess,YAF,YAF_hire_angry.wav,Angry,208,Angry,Fear,False,0.46121874,0.032801732,0.15262923,0.46121874,0.13332444,0.036196243,0.08183496,0.101994686
5947,tess,YAF,YAF_hire_disgust.wav,Disgust,231,Disgust,Fear,False,0.37083995,0.0325272,0.22498755,0.37083995,0.05264051,0.13728759,0.17332755,0.008389651
5948,tess,YAF,YAF_hire_fear.wav,Fear,161,Fear,Surprise,False,0.83176255,0.005425208,0.00019673824,0.10476378,0.0543504,0.0010734595,0.0024278772,0.83176255
5949,tess,YAF,YAF_hire_happy.wav,Happy,163,Happy,Happy,True,0.33887202,0.16838758,0.0008812412,0.33029342,0.33887202,0.028010938,0.009172023,0.12438279
5950,tess,YAF,YAF_hire_neutral.wav,Neutral,199,Neutral,Disgust,False,0.48739314,0.021601759,0.48739314,0.21774249,0.06679564,0.037630875,0.14909011,0.019746043
5951,tess,YAF,YAF_hire_ps.wav,Surprise,176,Surprise,Surprise,True,0.68436426,0.017005695,0.011277541,0.16747254,0.074002,0.015984138,0.029893845,0.68436426
5952,tess,YAF,YAF_hire_sad.wav,Sad,218,Sad,Neutral,False,0.62579733,0.010307159,0.029792681,0.08473945,0.05353401,0.62579733,0.15508354,0.040745802
5953,tess,YAF,YAF_hit_angry.wav,Angry,209,Angry,Fear,False,0.550675,0.006142131,0.06290386,0.550675,0.057692304,0.037577122,0.12845458,0.15655509
5954,tess,YAF,YAF_hit_disgust.wav,Disgust,244,Disgust,Disgust,True,0.4577688,0.064376526,0.4577688,0.12923832,0.007438152,0.10457551,0.20838204,0.028220633
5955,tess,YAF,YAF_hit_fear.wav,Fear,157,Fear,Surprise,False,0.6765125,0.004952554,0.0005494343,0.23540239,0.07916978,0.0009594695,0.0024538592,0.6765125
5956,tess,YAF,YAF_hit_happy.wav,Happy,161,Happy,Surprise,False,0.5743513,0.023378525,0.00078149023,0.20936404,0.15709263,0.020345807,0.014686183,0.5743513
5957,tess,YAF,YAF_hit_neutral.wav,Neutral,205,Neutral,Fear,False,0.52280957,0.021765696,0.16285458,0.52280957,0.0487875,0.069353975,0.111645065,0.06278365
5958,tess,YAF,YAF_hit_ps.wav,Surprise,183,Surprise,Surprise,True,0.6522189,0.014509622,0.0054921415,0.1652401,0.07688392,0.04627095,0.039384354,0.6522189
5959,tess,YAF,YAF_hit_sad.wav,Sad,218,Sad,Sad,True,0.29982322,0.005697403,0.04907728,0.21166293,0.038293786,0.29516354,0.29982322,0.10028184
5960,tess,YAF,YAF_hole_angry.wav,Angry,199,Angry,Fear,False,0.5857181,0.026595844,0.14899793,0.5857181,0.089855835,0.022585966,0.08930755,0.03693879
5961,tess,YAF,YAF_hole_disgust.wav,Disgust,255,Disgust,Disgust,True,0.344499,0.077833146,0.344499,0.12049336,0.019763846,0.1992619,0.21130805,0.026840672
5962,tess,YAF,YAF_hole_fear.wav,Fear,177,Fear,Surprise,False,0.5824929,0.012377723,0.0042958814,0.23115358,0.15080456,0.004237047,0.014638278,0.5824929
5963,tess,YAF,YAF_hole_happy.wav,Happy,168,Happy,Fear,False,0.5071956,0.13559915,0.002911321,0.5071956,0.20663698,0.010665223,0.0073457025,0.12964606
5964,tess,YAF,YAF_hole_neutral.wav,Neutral,208,Neutral,Disgust,False,0.33141464,0.10777303,0.33141464,0.15583637,0.04129709,0.1737353,0.13283235,0.05711132
5965,tess,YAF,YAF_hole_ps.wav,Surprise,173,Surprise,Surprise,True,0.8166779,0.0281304,0.0045089973,0.07969486,0.032773986,0.019487144,0.018726664,0.8166779
5966,tess,YAF,YAF_hole_sad.wav,Sad,224,Sad,Neutral,False,0.4056088,0.0089720385,0.117216945,0.14044265,0.022649275,0.4056088,0.28171033,0.023399912
5967,tess,YAF,YAF_home_angry.wav,Angry,177,Angry,Fear,False,0.45521247,0.012308701,0.026982898,0.45521247,0.065075375,0.11368432,0.18942419,0.137312
5968,tess,YAF,YAF_home_disgust.wav,Disgust,226,Disgust,Fear,False,0.30885336,0.087625936,0.16164273,0.30885336,0.055957302,0.13273297,0.15188415,0.10130348
5969,tess,YAF,YAF_home_fear.wav,Fear,140,Fear,Surprise,False,0.9130874,0.0019953125,0.00010713655,0.04257419,0.04041129,0.0002537377,0.0015709172,0.9130874
5970,tess,YAF,YAF_home_happy.wav,Happy,157,Happy,Fear,False,0.5549077,0.10354644,0.0053653903,0.5549077,0.123296805,0.029016916,0.035620797,0.148246
5971,tess,YAF,YAF_home_neutral.wav,Neutral,203,Neutral,Neutral,True,0.55529976,0.01162658,0.07497438,0.05809489,0.02632473,0.55529976,0.26711687,0.0065627717
5972,tess,YAF,YAF_home_ps.wav,Surprise,208,Surprise,Fear,False,0.33878738,0.13686015,0.026663424,0.33878738,0.11409313,0.06621403,0.05537475,0.26200712
5973,tess,YAF,YAF_home_sad.wav,Sad,208,Sad,Neutral,False,0.5642054,0.026456714,0.02691683,0.12412138,0.06601742,0.5642054,0.15175845,0.040523775
5974,tess,YAF,YAF_hurl_angry.wav,Angry,189,Angry,Fear,False,0.28508884,0.02843574,0.264086,0.28508884,0.055131365,0.022226468,0.07394958,0.27108207
5975,tess,YAF,YAF_hurl_disgust.wav,Disgust,228,Disgust,Disgust,True,0.3888623,0.09484736,0.3888623,0.029393766,0.013026947,0.22398911,0.16324404,0.08663656
5976,tess,YAF,YAF_hurl_fear.wav,Fear,135,Fear,Surprise,False,0.8958685,0.002876165,0.00010964566,0.06851507,0.032016262,7.819517e-05,0.0005361807,0.8958685
5977,tess,YAF,YAF_hurl_happy.wav,Happy,164,Happy,Fear,False,0.48161212,0.039352782,0.0035801977,0.48161212,0.338555,0.027788252,0.031146672,0.07796504
5978,tess,YAF,YAF_hurl_neutral.wav,Neutral,209,Neutral,Disgust,False,0.8152818,0.008528323,0.8152818,0.03762092,0.004114144,0.017794196,0.10010071,0.016559893
5979,tess,YAF,YAF_hurl_ps.wav,Surprise,191,Surprise,Fear,False,0.6531448,0.079028785,0.010316551,0.6531448,0.17977898,0.0042475653,0.0144016845,0.059081674
5980,tess,YAF,YAF_hurl_sad.wav,Sad,199,Sad,Fear,False,0.34144625,0.01624753,0.14521603,0.34144625,0.08052696,0.18335788,0.1914143,0.041791085
5981,tess,YAF,YAF_hush_angry.wav,Angry,214,Angry,Fear,False,0.48092008,0.048808962,0.047766037,0.48092008,0.08557935,0.12479724,0.078863434,0.13326484
5982,tess,YAF,YAF_hush_disgust.wav,Disgust,233,Disgust,Fear,False,0.40789267,0.0857408,0.075602315,0.40789267,0.05754945,0.18037511,0.13497345,0.057866175
5983,tess,YAF,YAF_hush_fear.wav,Fear,166,Fear,Surprise,False,0.44105688,0.0022655677,0.00035407126,0.34901962,0.2042754,0.00058656203,0.0024419352,0.44105688
5984,tess,YAF,YAF_hush_happy.wav,Happy,173,Happy,Fear,False,0.4132153,0.04234028,0.0037296673,0.4132153,0.21193601,0.13102235,0.037148826,0.16060752
5985,tess,YAF,YAF_hush_neutral.wav,Neutral,221,Neutral,Neutral,True,0.3830488,0.047088,0.0808441,0.2556274,0.07788753,0.3830488,0.121867694,0.03363654
5986,tess,YAF,YAF_hush_ps.wav,Surprise,178,Surprise,Surprise,True,0.49401337,0.0129666235,0.005424656,0.19537623,0.14614719,0.08587214,0.060199782,0.49401337
5987,tess,YAF,YAF_hush_sad.wav,Sad,219,Sad,Neutral,False,0.39394915,0.007876749,0.02382113,0.21423008,0.106169514,0.39394915,0.2073949,0.046558496
5988,tess,YAF,YAF_jail_angry.wav,Angry,198,Angry,Fear,False,0.3247961,0.03950268,0.2929772,0.3247961,0.06956701,0.04905629,0.1261149,0.0979858
5989,tess,YAF,YAF_jail_disgust.wav,Disgust,221,Disgust,Angry,False,0.44711772,0.44711772,0.15719245,0.20934767,0.030336302,0.036581326,0.034736436,0.08468803
5990,tess,YAF,YAF_jail_fear.wav,Fear,145,Fear,Surprise,False,0.87774837,0.0013819847,0.00022976102,0.10763702,0.012358248,1.3061503e-05,0.00063149416,0.87774837
5991,tess,YAF,YAF_jail_happy.wav,Happy,167,Happy,Fear,False,0.8090362,0.02964525,0.0053359303,0.8090362,0.08538717,0.0059056575,0.013675224,0.051014688
5992,tess,YAF,YAF_jail_neutral.wav,Neutral,210,Neutral,Disgust,False,0.9266966,0.0043715513,0.9266966,0.009868294,0.00049827294,0.006543799,0.04940558,0.002615834
5993,tess,YAF,YAF_jail_ps.wav,Surprise,236,Surprise,Surprise,True,0.42090863,0.10986015,0.14153975,0.19277999,0.034019846,0.029616553,0.071275115,0.42090863
5994,tess,YAF,YAF_jail_sad.wav,Sad,223,Sad,Fear,False,0.3403917,0.07072971,0.16170973,0.3403917,0.017706456,0.22626583,0.16100031,0.022196257
5995,tess,YAF,YAF_jar_angry.wav,Angry,196,Angry,Surprise,False,0.49466684,0.10553865,0.23897356,0.09670464,0.02717536,0.0114227785,0.025518151,0.49466684
5996,tess,YAF,YAF_jar_disgust.wav,Disgust,247,Disgust,Disgust,True,0.5411576,0.0999969,0.5411576,0.09358189,0.020214973,0.111126006,0.0842649,0.049657755
5997,tess,YAF,YAF_jar_fear.wav,Fear,135,Fear,Surprise,False,0.573766,0.0016428663,0.00040382263,0.33042127,0.08937851,0.00033304628,0.004054491,0.573766
5998,tess,YAF,YAF_jar_happy.wav,Happy,165,Happy,Fear,False,0.68880713,0.081240065,0.0030270538,0.68880713,0.1511114,0.012495461,0.007816053,0.055502743
5999,tess,YAF,YAF_jar_neutral.wav,Neutral,202,Neutral,Disgust,False,0.3854417,0.0056495257,0.3854417,0.009596235,0.0014009085,0.38203686,0.21366437,0.0022103593
6000,tess,YAF,YAF_jar_ps.wav,Surprise,203,Surprise,Fear,False,0.4094092,0.12673426,0.1526397,0.4094092,0.10405359,0.039122786,0.10179751,0.06624298
6001,tess,YAF,YAF_jar_sad.wav,Sad,202,Sad,Neutral,False,0.3632509,0.0043796143,0.017524747,0.23268853,0.11270789,0.3632509,0.25131348,0.018134793
6002,tess,YAF,YAF_join_angry.wav,Angry,209,Angry,Fear,False,0.66720486,0.0062950654,0.044885386,0.66720486,0.061728492,0.03910185,0.1067836,0.07400069
6003,tess,YAF,YAF_join_disgust.wav,Disgust,279,Disgust,Disgust,True,0.5075362,0.009855371,0.5075362,0.022064874,0.0022116764,0.32215655,0.13104658,0.0051287184
6004,tess,YAF,YAF_join_fear.wav,Fear,180,Fear,Surprise,False,0.56108147,0.005613549,0.001151255,0.2815236,0.13866383,0.001975486,0.009990762,0.56108147
6005,tess,YAF,YAF_join_happy.wav,Happy,209,Happy,Fear,False,0.5745877,0.026862025,0.021195035,0.5745877,0.18531275,0.013840951,0.021638107,0.15656346
6006,tess,YAF,YAF_join_neutral.wav,Neutral,208,Neutral,Disgust,False,0.39867255,0.021055132,0.39867255,0.14663921,0.010359457,0.14921314,0.21138805,0.06267244
6007,tess,YAF,YAF_join_ps.wav,Surprise,183,Surprise,Surprise,True,0.5911235,0.028935686,0.01859268,0.17967346,0.058816385,0.079751216,0.043107044,0.5911235
6008,tess,YAF,YAF_join_sad.wav,Sad,224,Sad,Sad,True,0.5333458,0.00065077917,0.020177614,0.044119168,0.010658061,0.38813457,0.5333458,0.0029139596
6009,tess,YAF,YAF_judge_angry.wav,Angry,234,Angry,Fear,False,0.3462718,0.025713976,0.10843924,0.3462718,0.024024764,0.26929817,0.1667159,0.05953621
6010,tess,YAF,YAF_judge_disgust.wav,Disgust,263,Disgust,Disgust,True,0.44190568,0.02303029,0.44190568,0.17401142,0.009406929,0.14267768,0.17325447,0.03571345
6011,tess,YAF,YAF_judge_fear.wav,Fear,189,Fear,Surprise,False,0.6715947,0.003446332,0.0019109257,0.21943349,0.09305429,0.0015971849,0.008963054,0.6715947
6012,tess,YAF,YAF_judge_happy.wav,Happy,189,Happy,Fear,False,0.5419524,0.03285148,0.0012987001,0.5419524,0.36570328,0.009497171,0.015071784,0.03362518
6013,tess,YAF,YAF_judge_neutral.wav,Neutral,202,Neutral,Fear,False,0.5509844,0.005540557,0.08226472,0.5509844,0.09701446,0.022744425,0.07000706,0.17144443
6014,tess,YAF,YAF_judge_ps.wav,Surprise,202,Surprise,Surprise,True,0.7412204,0.016376516,0.006861166,0.15535858,0.05446408,0.009391768,0.016327415,0.7412204
6015,tess,YAF,YAF_judge_sad.wav,Sad,234,Sad,Neutral,False,0.3318384,0.013656753,0.055201467,0.26951584,0.06951344,0.3318384,0.23084474,0.029429357
6016,tess,YAF,YAF_jug_angry.wav,Angry,199,Angry,Surprise,False,0.5483676,0.0072846776,0.009518441,0.2893909,0.10098466,0.007096864,0.037356872,0.5483676
6017,tess,YAF,YAF_jug_disgust.wav,Disgust,247,Disgust,Disgust,True,0.35499355,0.034702305,0.35499355,0.29525158,0.023099242,0.14674743,0.12296518,0.022240734
6018,tess,YAF,YAF_jug_fear.wav,Fear,167,Fear,Surprise,False,0.8418335,0.0012745707,7.522298e-05,0.10344927,0.0522277,0.00020115149,0.00093861856,0.8418335
6019,tess,YAF,YAF_jug_happy.wav,Happy,154,Happy,Fear,False,0.39137948,0.061158843,0.00093523297,0.39137948,0.309573,0.009177453,0.006925742,0.22085021
6020,tess,YAF,YAF_jug_neutral.wav,Neutral,197,Neutral,Fear,False,0.41578546,0.01775962,0.2287522,0.41578546,0.04520366,0.059977487,0.090263136,0.14225835
6021,tess,YAF,YAF_jug_ps.wav,Surprise,177,Surprise,Surprise,True,0.37307635,0.17719644,0.07448537,0.16455156,0.06900665,0.099453375,0.04223028,0.37307635
6022,tess,YAF,YAF_jug_sad.wav,Sad,215,Sad,Sad,True,0.27806586,0.009403337,0.17599827,0.17428336,0.0282495,0.25545195,0.27806586,0.078547716
6023,tess,YAF,YAF_juice_angry.wav,Angry,202,Angry,Fear,False,0.46195096,0.007868623,0.02186882,0.46195096,0.072916955,0.03296618,0.07691622,0.32551226
6024,tess,YAF,YAF_juice_disgust.wav,Disgust,260,Disgust,Disgust,True,0.33494088,0.032029927,0.33494088,0.24849497,0.007815131,0.12829612,0.18984674,0.0585762
6025,tess,YAF,YAF_juice_fear.wav,Fear,167,Fear,Surprise,False,0.5777423,0.0016902396,0.0011044517,0.32444295,0.08734317,0.001593389,0.0060834647,0.5777423
6026,tess,YAF,YAF_juice_happy.wav,Happy,151,Happy,Fear,False,0.5414181,0.06854312,0.0021697923,0.5414181,0.18712993,0.02191802,0.013661443,0.16515967
6027,tess,YAF,YAF_juice_neutral.wav,Neutral,227,Neutral,Fear,False,0.58215404,0.03432394,0.059243996,0.58215404,0.087427214,0.043689918,0.07167288,0.12148798
6028,tess,YAF,YAF_juice_ps.wav,Surprise,196,Surprise,Surprise,True,0.67471695,0.020247007,0.01563569,0.18325733,0.057130028,0.024049474,0.024963565,0.67471695
6029,tess,YAF,YAF_juice_sad.wav,Sad,231,Sad,Neutral,False,0.52447623,0.01586015,0.03522819,0.18560107,0.027426425,0.52447623,0.18684076,0.02456718
6030,tess,YAF,YAF_keen_angry.wav,Angry,195,Angry,Fear,False,0.50305104,0.0054837693,0.04927717,0.50305104,0.108949974,0.06361724,0.20737833,0.06224238
6031,tess,YAF,YAF_keen_disgust.wav,Disgust,244,Disgust,Neutral,False,0.5356134,0.06771908,0.08307133,0.1285814,0.024743717,0.5356134,0.1280234,0.032247666
6032,tess,YAF,YAF_keen_fear.wav,Fear,154,Fear,Surprise,False,0.7119452,0.0009167237,0.0012830151,0.24229115,0.03537751,0.00014185168,0.0080446005,0.7119452
6033,tess,YAF,YAF_keen_happy.wav,Happy,180,Happy,Fear,False,0.39834172,0.07254554,0.008217449,0.39834172,0.15419188,0.14112745,0.080032445,0.14554344
6034,tess,YAF,YAF_keen_neutral.wav,Neutral,194,Neutral,Sad,False,0.41777608,0.0025013944,0.012205526,0.1260116,0.08436008,0.35068208,0.41777608,0.006463254
6035,tess,YAF,YAF_keen_ps.wav,Surprise,225,Surprise,Neutral,False,0.41290665,0.16326037,0.104171015,0.08791666,0.013910507,0.41290665,0.13183463,0.08600013
6036,tess,YAF,YAF_keen_sad.wav,Sad,223,Sad,Neutral,False,0.52955335,0.016109822,0.021336043,0.15737571,0.018291662,0.52955335,0.2478583,0.009475098
6037,tess,YAF,YAF_keep_angry.wav,Angry,219,Angry,Fear,False,0.5007957,0.011013947,0.03139872,0.5007957,0.07734763,0.07047263,0.17758457,0.13138676
6038,tess,YAF,YAF_keep_disgust.wav,Disgust,249,Disgust,Neutral,False,0.460248,0.018699592,0.19947965,0.033706486,0.0022588368,0.460248,0.27822453,0.00738283
6039,tess,YAF,YAF_keep_fear.wav,Fear,195,Fear,Fear,True,0.4522127,0.0013983654,0.0017132871,0.4522127,0.16687644,0.0014071049,0.026610434,0.34978166
6040,tess,YAF,YAF_keep_happy.wav,Happy,157,Happy,Fear,False,0.28956932,0.107449695,0.0023031381,0.28956932,0.25117764,0.062684074,0.024093887,0.26272225
6041,tess,YAF,YAF_keep_neutral.wav,Neutral,217,Neutral,Sad,False,0.29697838,0.010427696,0.1546029,0.2968053,0.017875584,0.13884443,0.29697838,0.08446574
6042,tess,YAF,YAF_keep_ps.wav,Surprise,191,Surprise,Surprise,True,0.55949336,0.023942254,0.009460283,0.24772535,0.07526997,0.054273583,0.029835219,0.55949336
6043,tess,YAF,YAF_keep_sad.wav,Sad,225,Sad,Neutral,False,0.43632907,0.0081743505,0.01725708,0.20989539,0.11238898,0.43632907,0.17030758,0.045647617
6044,tess,YAF,YAF_keg_angry.wav,Angry,225,Angry,Fear,False,0.512236,0.014670062,0.17537443,0.512236,0.03233385,0.06089333,0.13272935,0.07176299
6045,tess,YAF,YAF_keg_disgust.wav,Disgust,247,Disgust,Disgust,True,0.3668251,0.07892867,0.3668251,0.15353255,0.011079424,0.14143118,0.20129526,0.046907827
6046,tess,YAF,YAF_keg_fear.wav,Fear,177,Fear,Surprise,False,0.68720657,0.007854329,0.00076690514,0.20705217,0.092549026,0.0008883284,0.003682637,0.68720657
6047,tess,YAF,YAF_keg_happy.wav,Happy,154,Happy,Fear,False,0.48438677,0.13930589,0.003814356,0.48438677,0.14164962,0.067287505,0.031071505,0.13248433
6048,tess,YAF,YAF_keg_neutral.wav,Neutral,198,Neutral,Disgust,False,0.53684664,0.009926743,0.53684664,0.19444355,0.008852527,0.04038781,0.17490208,0.034640614
6049,tess,YAF,YAF_keg_ps.wav,Surprise,167,Surprise,Surprise,True,0.5758535,0.04175312,0.014937194,0.27812982,0.056334436,0.013879895,0.01911195,0.5758535
6050,tess,YAF,YAF_keg_sad.wav,Sad,205,Sad,Sad,True,0.34846443,0.0051662945,0.26502883,0.18990558,0.027712068,0.13487634,0.34846443,0.028846484
6051,tess,YAF,YAF_kick_angry.wav,Angry,209,Angry,Fear,False,0.60876775,0.012690283,0.05380178,0.60876775,0.07023501,0.02622082,0.070800684,0.15748361
6052,tess,YAF,YAF_kick_disgust.wav,Disgust,244,Disgust,Disgust,True,0.717433,0.023322001,0.717433,0.06512019,0.007420203,0.031550918,0.079003,0.07615075
6053,tess,YAF,YAF_kick_fear.wav,Fear,173,Fear,Surprise,False,0.58759534,0.0020591372,0.0020046413,0.2734856,0.113652684,0.0037706057,0.017432041,0.58759534
6054,tess,YAF,YAF_kick_happy.wav,Happy,148,Happy,Surprise,False,0.6515982,0.10131403,0.0013500133,0.18691002,0.047446683,0.006088081,0.0052930093,0.6515982
6055,tess,YAF,YAF_kick_neutral.wav,Neutral,196,Neutral,Fear,False,0.5217207,0.010602163,0.028027922,0.5217207,0.11445659,0.045626532,0.122904874,0.15666121
6056,tess,YAF,YAF_kick_ps.wav,Surprise,196,Surprise,Surprise,True,0.64794904,0.0212863,0.0342868,0.1316333,0.05005459,0.064906076,0.049883906,0.64794904
6057,tess,YAF,YAF_kick_sad.wav,Sad,215,Sad,Neutral,False,0.37774843,0.010059594,0.20039955,0.086604595,0.010093333,0.37774843,0.29577476,0.01931977
6058,tess,YAF,YAF_kill_angry.wav,Angry,202,Angry,Fear,False,0.34404632,0.018384174,0.23841286,0.34404632,0.03614831,0.053618506,0.13380904,0.17558084
6059,tess,YAF,YAF_kill_disgust.wav,Disgust,249,Disgust,Disgust,True,0.663873,0.041779406,0.663873,0.11728718,0.01796974,0.057595942,0.07487435,0.0266203
6060,tess,YAF,YAF_kill_fear.wav,Fear,164,Fear,Surprise,False,0.6747032,0.0028625305,0.00034241923,0.25244507,0.06826519,4.013956e-05,0.0013415271,0.6747032
6061,tess,YAF,YAF_kill_happy.wav,Happy,181,Happy,Fear,False,0.7973499,0.047934808,0.03735086,0.7973499,0.06008719,0.0044175545,0.022963084,0.029896606
6062,tess,YAF,YAF_kill_neutral.wav,Neutral,197,Neutral,Disgust,False,0.737814,0.059482068,0.737814,0.029032556,0.009506254,0.08775497,0.05676045,0.019649653
6063,tess,YAF,YAF_kill_ps.wav,Surprise,180,Surprise,Surprise,True,0.6313465,0.15437381,0.041342627,0.12378757,0.02990127,0.011166454,0.008081659,0.6313465
6064,tess,YAF,YAF_kill_sad.wav,Sad,212,Sad,Neutral,False,0.5465678,0.0037087116,0.05200905,0.050296426,0.012806024,0.5465678,0.3274053,0.007206656
6065,tess,YAF,YAF_king_angry.wav,Angry,190,Angry,Surprise,False,0.6852097,0.003598836,0.031812925,0.18123859,0.038497247,0.0060966304,0.05354605,0.6852097
6066,tess,YAF,YAF_king_disgust.wav,Disgust,247,Disgust,Neutral,False,0.31736964,0.031074949,0.27684277,0.11048343,0.0061722873,0.31736964,0.21094073,0.047116183
6067,tess,YAF,YAF_king_fear.wav,Fear,148,Fear,Surprise,False,0.6703548,0.0020692488,0.0041296915,0.28491893,0.02815029,0.00023771032,0.010139343,0.6703548
6068,tess,YAF,YAF_king_happy.wav,Happy,180,Happy,Fear,False,0.33424014,0.07693448,0.016636267,0.33424014,0.09315274,0.104167216,0.06662576,0.30824345
6069,tess,YAF,YAF_king_neutral.wav,Neutral,213,Neutral,Sad,False,0.4771909,0.004897573,0.1340898,0.11375928,0.012286707,0.25170797,0.4771909,0.006067817
6070,tess,YAF,YAF_king_ps.wav,Surprise,218,Surprise,Surprise,True,0.32161626,0.16457406,0.04867395,0.30089244,0.022067606,0.0824864,0.059689254,0.32161626
6071,tess,YAF,YAF_king_sad.wav,Sad,219,Sad,Sad,True,0.48740232,0.0034909758,0.054363802,0.086469725,0.007710533,0.35731146,0.48740232,0.0032511617
6072,tess,YAF,YAF_kite_angry.wav,Angry,199,Angry,Fear,False,0.39206862,0.018671634,0.02791226,0.39206862,0.10221011,0.060586736,0.05934063,0.33920994
6073,tess,YAF,YAF_kite_disgust.wav,Disgust,250,Disgust,Disgust,True,0.23540996,0.056385033,0.23540996,0.2186856,0.01324014,0.16553669,0.16695036,0.14379218
6074,tess,YAF,YAF_kite_fear.wav,Fear,157,Fear,Surprise,False,0.8006943,0.0009304608,0.0003355748,0.16082788,0.036459822,5.3442112e-05,0.00069853815,0.8006943
6075,tess,YAF,YAF_kite_happy.wav,Happy,157,Happy,Surprise,False,0.33936238,0.1376232,0.010384943,0.2777178,0.100111425,0.09431052,0.04048967,0.33936238
6076,tess,YAF,YAF_kite_neutral.wav,Neutral,202,Neutral,Neutral,True,0.5370931,0.009326166,0.03004991,0.101176746,0.04709441,0.5370931,0.2513229,0.023936743
6077,tess,YAF,YAF_kite_ps.wav,Surprise,202,Surprise,Fear,False,0.58369535,0.014400833,0.0065414086,0.58369535,0.09577357,0.04876649,0.10153759,0.1492847
6078,tess,YAF,YAF_kite_sad.wav,Sad,209,Sad,Neutral,False,0.28434715,0.09874435,0.1209613,0.2421081,0.051783312,0.28434715,0.15162693,0.050428804
6079,tess,YAF,YAF_knock_angry.wav,Angry,196,Angry,Fear,False,0.4780521,0.008613887,0.022114119,0.4780521,0.1578956,0.06602301,0.110664986,0.15663631
6080,tess,YAF,YAF_knock_disgust.wav,Disgust,205,Disgust,Neutral,False,0.25184742,0.24479985,0.13338524,0.074530095,0.027499653,0.25184742,0.16462938,0.10330837
6081,tess,YAF,YAF_knock_fear.wav,Fear,135,Fear,Surprise,False,0.83314437,0.010545641,0.001108775,0.079162516,0.066881835,0.0041790097,0.004977893,0.83314437
6082,tess,YAF,YAF_knock_happy.wav,Happy,151,Happy,Surprise,False,0.37668338,0.06694198,0.004996804,0.3496298,0.17018962,0.014942261,0.016616136,0.37668338
6083,tess,YAF,YAF_knock_neutral.wav,Neutral,196,Neutral,Sad,False,0.49067378,0.0044726315,0.11244351,0.06252854,0.02312857,0.29294315,0.49067378,0.013809739
6084,tess,YAF,YAF_knock_ps.wav,Surprise,196,Surprise,Fear,False,0.4583754,0.027503256,0.012878476,0.4583754,0.35474408,0.011055695,0.028528105,0.10691498
6085,tess,YAF,YAF_knock_sad.wav,Sad,193,Sad,Sad,True,0.33639625,0.010595378,0.02702683,0.15846509,0.206496,0.2146065,0.33639625,0.046413936
6086,tess,YAF,YAF_late_angry.wav,Angry,211,Angry,Fear,False,0.59137034,0.0023445215,0.0072334693,0.59137034,0.14018458,0.030989157,0.1644411,0.063436836
6087,tess,YAF,YAF_late_disgust.wav,Disgust,244,Disgust,Neutral,False,0.38865462,0.049944315,0.13130255,0.0890811,0.009742243,0.38865462,0.30703545,0.02423968
6088,tess,YAF,YAF_late_fear.wav,Fear,167,Fear,Fear,True,0.46737295,0.0020152575,0.0011526329,0.46737295,0.074782155,0.0011660757,0.008506942,0.445004
6089,tess,YAF,YAF_late_happy.wav,Happy,167,Happy,Fear,False,0.38609424,0.011295285,0.00305145,0.38609424,0.2078089,0.15872133,0.08893106,0.14409776
6090,tess,YAF,YAF_late_neutral.wav,Neutral,209,Neutral,Fear,False,0.5222416,0.016789371,0.034914456,0.5222416,0.13352159,0.06691365,0.17681076,0.048808564
6091,tess,YAF,YAF_late_ps.wav,Surprise,190,Surprise,Surprise,True,0.67071,0.018914446,0.006054161,0.09914455,0.073232636,0.07104405,0.060900122,0.67071
6092,tess,YAF,YAF_late_sad.wav,Sad,212,Sad,Neutral,False,0.52774096,0.0023917672,0.004141571,0.03826455,0.10881345,0.52774096,0.29565427,0.02299346
6093,tess,YAF,YAF_laud_angry.wav,Angry,179,Angry,Fear,False,0.34042257,0.0066387374,0.010265549,0.34042257,0.28856626,0.057283558,0.13331775,0.16350555
6094,tess,YAF,YAF_laud_disgust.wav,Disgust,237,Disgust,Neutral,False,0.5502571,0.26954865,0.057396725,0.03427369,0.014284859,0.5502571,0.062427238,0.011811755
6095,tess,YAF,YAF_laud_fear.wav,Fear,141,Fear,Surprise,False,0.65756243,0.0046017333,0.00010014597,0.20931856,0.12454475,0.0006403724,0.0032319364,0.65756243
6096,tess,YAF,YAF_laud_happy.wav,Happy,159,Happy,Neutral,False,0.29664683,0.04004153,0.002670449,0.22534601,0.2525111,0.29664683,0.11523445,0.067549646
6097,tess,YAF,YAF_laud_neutral.wav,Neutral,197,Neutral,Happy,False,0.28357488,0.030239059,0.102416135,0.13521649,0.28357488,0.17946625,0.24801958,0.021067617
6098,tess,YAF,YAF_laud_ps.wav,Surprise,224,Surprise,Angry,False,0.42892838,0.42892838,0.08510112,0.045739736,0.013200771,0.24528776,0.06257691,0.11916532
6099,tess,YAF,YAF_laud_sad.wav,Sad,215,Sad,Neutral,False,0.39129964,0.0071398807,0.009025009,0.07550029,0.2561402,0.39129964,0.24711515,0.01377983
6100,tess,YAF,YAF_lean_angry.wav,Angry,218,Angry,Sad,False,0.43442145,0.0059901667,0.038574494,0.29015923,0.047783535,0.16529396,0.43442145,0.017777143
6101,tess,YAF,YAF_lean_disgust.wav,Disgust,253,Disgust,Neutral,False,0.31178722,0.030416228,0.10956339,0.28477246,0.027278699,0.31178722,0.19517437,0.0410076
6102,tess,YAF,YAF_lean_fear.wav,Fear,173,Fear,Fear,True,0.39083278,0.0014802343,0.00015821331,0.39083278,0.32934284,0.001474789,0.012385739,0.2643254
6103,tess,YAF,YAF_lean_happy.wav,Happy,178,Happy,Neutral,False,0.38069305,0.009651726,0.002847042,0.20233043,0.15529826,0.38069305,0.24334045,0.0058390857
6104,tess,YAF,YAF_lean_neutral.wav,Neutral,208,Neutral,Neutral,True,0.47797802,0.021474978,0.08666975,0.11053191,0.023427324,0.47797802,0.27004215,0.009875983
6105,tess,YAF,YAF_lean_ps.wav,Surprise,182,Surprise,Surprise,True,0.3736767,0.017272035,0.010668193,0.13594627,0.12058965,0.2390792,0.10276798,0.3736767
6106,tess,YAF,YAF_lean_sad.wav,Sad,221,Sad,Neutral,False,0.4843979,0.00083736476,0.009333797,0.024258811,0.014013336,0.4843979,0.46420658,0.0029521768
6107,tess,YAF,YAF_learn_angry.wav,Angry,228,Angry,Fear,False,0.31905642,0.014584691,0.25593162,0.31905642,0.03567821,0.07188803,0.25092426,0.051936753
6108,tess,YAF,YAF_learn_disgust.wav,Disgust,244,Disgust,Disgust,True,0.46877658,0.058023468,0.46877658,0.07366346,0.02426605,0.186956,0.1728438,0.015470645
6109,tess,YAF,YAF_learn_fear.wav,Fear,179,Fear,Happy,False,0.46813053,0.0010245676,0.0004521624,0.2850795,0.46813053,0.0064847064,0.057653323,0.18117514
6110,tess,YAF,YAF_learn_happy.wav,Happy,202,Happy,Sad,False,0.31987685,0.0110128205,0.010437952,0.22678754,0.21565375,0.20016725,0.31987685,0.016063869
6111,tess,YAF,YAF_learn_neutral.wav,Neutral,209,Neutral,Fear,False,0.33819938,0.013570407,0.15447167,0.33819938,0.034006234,0.18502666,0.25320494,0.021520684
6112,tess,YAF,YAF_learn_ps.wav,Surprise,155,Surprise,Surprise,True,0.36222795,0.054683063,0.0034967223,0.2766527,0.16844875,0.10067225,0.033818576,0.36222795
6113,tess,YAF,YAF_learn_sad.wav,Sad,217,Sad,Neutral,False,0.37527803,0.002757819,0.021396559,0.18860143,0.08038754,0.37527803,0.30618903,0.025389604
6114,tess,YAF,YAF_lease_angry.wav,Angry,225,Angry,Fear,False,0.34734905,0.010148137,0.051783074,0.34734905,0.030967401,0.20861769,0.31801718,0.033117436
6115,tess,YAF,YAF_lease_disgust.wav,Disgust,260,Disgust,Fear,False,0.4949037,0.026317002,0.090372175,0.4949037,0.013578886,0.14445716,0.20082515,0.029545892
6116,tess,YAF,YAF_lease_fear.wav,Fear,177,Fear,Fear,True,0.38798204,0.0024701382,0.0013103369,0.38798204,0.17966007,0.006114156,0.035586532,0.38687673
6117,tess,YAF,YAF_lease_happy.wav,Happy,157,Happy,Fear,False,0.3439328,0.020696174,0.0016493375,0.3439328,0.2459668,0.18046471,0.123848476,0.08344164
6118,tess,YAF,YAF_lease_neutral.wav,Neutral,213,Neutral,Neutral,True,0.31277132,0.04351556,0.07264511,0.23658727,0.06593633,0.31277132,0.1580104,0.11053401
6119,tess,YAF,YAF_lease_ps.wav,Surprise,183,Surprise,Surprise,True,0.3705105,0.018702181,0.0054592295,0.34995142,0.122646935,0.08145007,0.051279645,0.3705105
6120,tess,YAF,YAF_lease_sad.wav,Sad,228,Sad,Neutral,False,0.37578627,0.010218262,0.016919231,0.2862893,0.04775435,0.37578627,0.24714983,0.015882755
6121,tess,YAF,YAF_lid_angry.wav,Angry,212,Angry,Sad,False,0.33018297,0.0028189814,0.00953465,0.31695265,0.13088234,0.11203407,0.33018297,0.09759436
6122,tess,YAF,YAF_lid_disgust.wav,Disgust,241,Disgust,Fear,False,0.32948548,0.025478762,0.18002519,0.32948548,0.038002986,0.2036526,0.19996172,0.02339329
6123,tess,YAF,YAF_lid_fear.wav,Fear,167,Fear,Fear,True,0.6583885,0.002410384,0.0008013549,0.6583885,0.089466564,0.0015889526,0.029165216,0.21817909
6124,tess,YAF,YAF_lid_happy.wav,Happy,157,Happy,Neutral,False,0.30622727,0.011435448,0.0033270272,0.21674664,0.15231138,0.30622727,0.14137667,0.16857557
6125,tess,YAF,YAF_lid_neutral.wav,Neutral,202,Neutral,Fear,False,0.5400802,0.008854041,0.045916647,0.5400802,0.11841717,0.03175378,0.15276763,0.10221049
6126,tess,YAF,YAF_lid_ps.wav,Surprise,172,Surprise,Surprise,True,0.7919889,0.011633991,0.0029073053,0.10763183,0.04596955,0.013297989,0.0265704,0.7919889
6127,tess,YAF,YAF_lid_sad.wav,Sad,199,Sad,Neutral,False,0.43805707,0.0015567564,0.005056107,0.073414184,0.15080693,0.43805707,0.30005065,0.03105835
6128,tess,YAF,YAF_life_angry.wav,Angry,189,Angry,Surprise,False,0.3078396,0.002882889,0.016489366,0.24014135,0.12497874,0.060517125,0.24715087,0.3078396
6129,tess,YAF,YAF_life_disgust.wav,Disgust,221,Disgust,Fear,False,0.28750038,0.16490605,0.16949572,0.28750038,0.09594133,0.09986347,0.13937348,0.04291958
6130,tess,YAF,YAF_life_fear.wav,Fear,141,Fear,Surprise,False,0.70303124,0.0047326293,0.00047479777,0.24995902,0.03435208,0.0011486994,0.006301541,0.70303124
6131,tess,YAF,YAF_life_happy.wav,Happy,151,Happy,Surprise,False,0.5733008,0.044158183,0.0010921266,0.1655978,0.18247585,0.019819912,0.01355538,0.5733008
6132,tess,YAF,YAF_life_neutral.wav,Neutral,196,Neutral,Fear,False,0.60815024,0.0049859323,0.11064915,0.60815024,0.0860578,0.023517022,0.12575819,0.04088164
6133,tess,YAF,YAF_life_ps.wav,Surprise,173,Surprise,Surprise,True,0.6986115,0.021727828,0.004128056,0.19385815,0.04857885,0.015393105,0.017702485,0.6986115
6134,tess,YAF,YAF_life_sad.wav,Sad,205,Sad,Neutral,False,0.39703384,0.0020043075,0.01655566,0.09334765,0.1531807,0.39703384,0.31752074,0.020357091
6135,tess,YAF,YAF_limb_angry.wav,Angry,180,Angry,Sad,False,0.3203185,0.0026476677,0.005500215,0.17249486,0.19739601,0.29181993,0.3203185,0.009822802
6136,tess,YAF,YAF_limb_disgust.wav,Disgust,218,Disgust,Neutral,False,0.52858084,0.0577953,0.041113775,0.086156,0.05028682,0.52858084,0.18999012,0.04607707
6137,tess,YAF,YAF_limb_fear.wav,Fear,141,Fear,Surprise,False,0.64107317,0.0016074311,0.0003546047,0.26332203,0.08112734,0.0012889395,0.011226538,0.64107317
6138,tess,YAF,YAF_limb_happy.wav,Happy,164,Happy,Sad,False,0.43721426,0.003498321,0.00492585,0.15517803,0.069478534,0.31911045,0.43721426,0.010594473
6139,tess,YAF,YAF_limb_neutral.wav,Neutral,193,Neutral,Sad,False,0.5856872,0.0016990456,0.06341339,0.10880681,0.031593885,0.19486025,0.5856872,0.013939414
6140,tess,YAF,YAF_limb_ps.wav,Surprise,215,Surprise,Angry,False,0.4210366,0.4210366,0.035091184,0.066385314,0.03564192,0.30579618,0.08868535,0.047363456
6141,tess,YAF,YAF_limb_sad.wav,Sad,212,Sad,Neutral,False,0.49363855,0.009812065,0.010852344,0.16817749,0.0585292,0.49363855,0.24325268,0.015737597
6142,tess,YAF,YAF_live_angry.wav,Angry,189,Angry,Sad,False,0.3321666,0.0037843704,0.019514607,0.25882632,0.14120893,0.2022916,0.3321666,0.04220754
6143,tess,YAF,YAF_live_disgust.wav,Disgust,221,Disgust,Fear,False,0.5906784,0.013710003,0.04256126,0.5906784,0.06180295,0.084330544,0.1917299,0.015186922
6144,tess,YAF,YAF_live_fear.wav,Fear,177,Fear,Fear,True,0.7522274,0.0014756289,0.0016659364,0.7522274,0.14614888,0.0013160086,0.01528317,0.08188293
6145,tess,YAF,YAF_live_happy.wav,Happy,170,Happy,Happy,True,0.40999573,0.015029033,0.0016181845,0.40911165,0.40999573,0.07197173,0.059985958,0.032287605
6146,tess,YAF,YAF_live_neutral.wav,Neutral,205,Neutral,Disgust,False,0.29735684,0.020649683,0.29735684,0.24851008,0.06546779,0.13824697,0.21878839,0.010980265
6147,tess,YAF,YAF_live_ps.wav,Surprise,167,Surprise,Surprise,True,0.72510904,0.009949723,0.0031132495,0.17184474,0.03166508,0.021391777,0.03692646,0.72510904
6148,tess,YAF,YAF_live_sad.wav,Sad,199,Sad,Sad,True,0.47438368,0.0005276114,0.015682343,0.097864784,0.073844366,0.32187715,0.47438368,0.015820138
6149,tess,YAF,YAF_loaf_angry.wav,Angry,186,Angry,Sad,False,0.31349695,0.0070385225,0.048663396,0.2282452,0.09027861,0.106850766,0.31349695,0.20542654
6150,tess,YAF,YAF_loaf_disgust.wav,Disgust,199,Disgust,Happy,False,0.2638445,0.08286255,0.07190036,0.22937223,0.2638445,0.08211449,0.095003106,0.17490278
6151,tess,YAF,YAF_loaf_fear.wav,Fear,167,Fear,Fear,True,0.48353255,0.0023362758,0.0009202589,0.48353255,0.16654874,0.0008504428,0.017749475,0.32806227
6152,tess,YAF,YAF_loaf_happy.wav,Happy,177,Happy,Surprise,False,0.37457642,0.007189199,0.00578433,0.30993253,0.1627369,0.031751156,0.10802951,0.37457642
6153,tess,YAF,YAF_loaf_neutral.wav,Neutral,199,Neutral,Sad,False,0.2985902,0.017055329,0.1630897,0.2081341,0.109430075,0.12684567,0.2985902,0.07685496
6154,tess,YAF,YAF_loaf_ps.wav,Surprise,177,Surprise,Surprise,True,0.543297,0.007458126,0.0023335165,0.2814348,0.1380835,0.00739591,0.019997075,0.543297
6155,tess,YAF,YAF_loaf_sad.wav,Sad,209,Sad,Sad,True,0.6502307,0.0005406476,0.020838205,0.033856284,0.034493756,0.2503821,0.6502307,0.009658343
6156,tess,YAF,YAF_long_angry.wav,Angry,215,Angry,Fear,False,0.2830061,0.032640893,0.07559284,0.2830061,0.12867509,0.19098157,0.1826587,0.1064448
6157,tess,YAF,YAF_long_disgust.wav,Disgust,251,Disgust,Neutral,False,0.57259786,0.06675027,0.17825155,0.042010237,0.009949671,0.57259786,0.12637572,0.0040646773
6158,tess,YAF,YAF_long_fear.wav,Fear,184,Fear,Fear,True,0.37055314,0.0017776764,0.0010067434,0.37055314,0.3506758,0.0026625784,0.023767097,0.24955699
6159,tess,YAF,YAF_long_happy.wav,Happy,184,Happy,Fear,False,0.46449202,0.033665698,0.010442079,0.46449202,0.27172887,0.05004712,0.15041138,0.019212829
6160,tess,YAF,YAF_long_neutral.wav,Neutral,210,Neutral,Disgust,False,0.7329273,0.013820528,0.7329273,0.040212013,0.012395714,0.035707857,0.1582681,0.0066684894
6161,tess,YAF,YAF_long_ps.wav,Surprise,192,Surprise,Surprise,True,0.5642572,0.07088366,0.016349908,0.09193728,0.087048545,0.11678035,0.05274306,0.5642572
6162,tess,YAF,YAF_long_sad.wav,Sad,220,Sad,Neutral,False,0.5014648,0.006878662,0.020557063,0.14316902,0.06593508,0.5014648,0.24657308,0.015422359
6163,tess,YAF,YAF_lore_angry.wav,Angry,215,Angry,Sad,False,0.48050758,0.01479752,0.05875191,0.21952207,0.065558985,0.14322877,0.48050758,0.017633146
6164,tess,YAF,YAF_lore_disgust.wav,Disgust,244,Disgust,Disgust,True,0.8346498,0.06987477,0.8346498,0.007865028,0.0029594784,0.013556511,0.06390828,0.007186161
6165,tess,YAF,YAF_lore_fear.wav,Fear,193,Fear,Fear,True,0.69197357,0.00049231783,0.00039547836,0.69197357,0.15974106,0.00015742479,0.010216827,0.13702324
6166,tess,YAF,YAF_lore_happy.wav,Happy,177,Happy,Fear,False,0.5986128,0.05071651,0.023206225,0.5986128,0.21190678,0.025605856,0.06996983,0.019981941
6167,tess,YAF,YAF_lore_neutral.wav,Neutral,210,Neutral,Disgust,False,0.4616414,0.022467503,0.4616414,0.16588345,0.018516963,0.08492623,0.19892694,0.04763747
6168,tess,YAF,YAF_lore_ps.wav,Surprise,173,Surprise,Surprise,True,0.78771347,0.005353573,0.0027204065,0.13929373,0.04208698,0.0033538663,0.019477913,0.78771347
6169,tess,YAF,YAF_lore_sad.wav,Sad,205,Sad,Neutral,False,0.41677752,0.0015437551,0.016023858,0.15104927,0.14226156,0.41677752,0.24210535,0.030238606
6170,tess,YAF,YAF_lose_angry.wav,Angry,231,Angry,Fear,False,0.42862287,0.008777739,0.10023486,0.42862287,0.027642386,0.07737511,0.26473427,0.0926128
6171,tess,YAF,YAF_lose_disgust.wav,Disgust,280,Disgust,Neutral,False,0.3938098,0.015175381,0.1802271,0.1403804,0.011611569,0.3938098,0.22561939,0.033176344
6172,tess,YAF,YAF_lose_fear.wav,Fear,170,Fear,Surprise,False,0.5982746,0.0028954295,0.0004240426,0.2234439,0.15115418,0.0043495875,0.019458186,0.5982746
6173,tess,YAF,YAF_lose_happy.wav,Happy,177,Happy,Fear,False,0.614149,0.009535013,0.0022710317,0.614149,0.2560926,0.028310848,0.07706024,0.012581254
6174,tess,YAF,YAF_lose_neutral.wav,Neutral,206,Neutral,Fear,False,0.6361265,0.0019873057,0.05356155,0.6361265,0.08055942,0.013500456,0.18743137,0.026833441
6175,tess,YAF,YAF_lose_ps.wav,Surprise,180,Surprise,Surprise,True,0.57236826,0.0062447344,0.0066220523,0.22782016,0.07532279,0.028702667,0.08291937,0.57236826
6176,tess,YAF,YAF_lose_sad.wav,Sad,231,Sad,Neutral,False,0.53698033,0.0036301294,0.012029951,0.13106352,0.038965605,0.53698033,0.26344153,0.013888987
6177,tess,YAF,YAF_lot_angry.wav,Angry,189,Angry,Fear,False,0.3785364,0.005054613,0.004736071,0.3785364,0.296332,0.0795383,0.15443768,0.08136495
6178,tess,YAF,YAF_lot_disgust.wav,Disgust,237,Disgust,Neutral,False,0.38802877,0.09976318,0.17354088,0.10337505,0.030238573,0.38802877,0.12833901,0.076714575
6179,tess,YAF,YAF_lot_fear.wav,Fear,144,Fear,Fear,True,0.49773443,0.0045364914,0.0017776826,0.49773443,0.1126782,0.0018869484,0.0069557354,0.37443054
6180,tess,YAF,YAF_lot_happy.wav,Happy,138,Happy,Surprise,False,0.47658142,0.10742853,0.001956565,0.1451174,0.17989758,0.07085475,0.018163802,0.47658142
6181,tess,YAF,YAF_lot_neutral.wav,Neutral,199,Neutral,Sad,False,0.34884948,0.0037707519,0.041045565,0.111934364,0.18731618,0.26283312,0.34884948,0.044250555
6182,tess,YAF,YAF_lot_ps.wav,Surprise,221,Surprise,Surprise,True,0.2862449,0.08741935,0.06512762,0.156815,0.17472349,0.13247956,0.09719007,0.2862449
6183,tess,YAF,YAF_lot_sad.wav,Sad,202,Sad,Neutral,False,0.5420404,0.003930293,0.005767894,0.045217652,0.12755151,0.5420404,0.22037332,0.055118848
6184,tess,YAF,YAF_love_angry.wav,Angry,167,Angry,Fear,False,0.56741196,0.017649336,0.009738405,0.56741196,0.10613786,0.015100193,0.035771526,0.24819073
6185,tess,YAF,YAF_love_disgust.wav,Disgust,244,Disgust,Neutral,False,0.33535305,0.06698122,0.26029316,0.083938,0.03090216,0.33535305,0.20745227,0.015080208
6186,tess,YAF,YAF_love_fear.wav,Fear,145,Fear,Surprise,False,0.5611961,0.002001428,0.00048590844,0.3369663,0.09494567,0.00056895794,0.0038356148,0.5611961
6187,tess,YAF,YAF_love_happy.wav,Happy,141,Happy,Fear,False,0.2913499,0.12963656,0.0026847704,0.2913499,0.18766692,0.09621696,0.020749891,0.271695
6188,tess,YAF,YAF_love_neutral.wav,Neutral,193,Neutral,Fear,False,0.47477573,0.0045024226,0.08991587,0.47477573,0.09415919,0.06337937,0.23695022,0.036317203
6189,tess,YAF,YAF_love_ps.wav,Surprise,196,Surprise,Fear,False,0.5165941,0.05714332,0.021133525,0.5165941,0.21225907,0.015830815,0.0522542,0.124784954
6190,tess,YAF,YAF_love_sad.wav,Sad,215,Sad,Fear,False,0.37114432,0.008071514,0.033199087,0.37114432,0.31320262,0.075203255,0.18973543,0.009443691
6191,tess,YAF,YAF_luck_angry.wav,Angry,202,Angry,Sad,False,0.44327983,0.0024322958,0.012696546,0.11029809,0.094738856,0.30912626,0.44327983,0.027428072
6192,tess,YAF,YAF_luck_disgust.wav,Disgust,225,Disgust,Fear,False,0.3105527,0.05562342,0.12355612,0.3105527,0.06365437,0.18574296,0.18650863,0.07436184
6193,tess,YAF,YAF_luck_fear.wav,Fear,167,Fear,Surprise,False,0.6926994,0.00071805535,0.00036180008,0.21252127,0.086748764,0.0010005143,0.005950249,0.6926994
6194,tess,YAF,YAF_luck_happy.wav,Happy,161,Happy,Surprise,False,0.83159566,0.005004833,0.0010228128,0.09670659,0.04963064,0.0035747574,0.012464737,0.83159566
6195,tess,YAF,YAF_luck_neutral.wav,Neutral,199,Neutral,Fear,False,0.36845568,0.0051570623,0.053627864,0.36845568,0.19422323,0.10121625,0.1657179,0.11160202
6196,tess,YAF,YAF_luck_ps.wav,Surprise,183,Surprise,Surprise,True,0.6094355,0.013060527,0.0074625453,0.124053635,0.15708692,0.04000795,0.048892915,0.6094355
6197,tess,YAF,YAF_luck_sad.wav,Sad,209,Sad,Neutral,False,0.40339822,0.0023445673,0.016833685,0.12908484,0.14285712,0.40339822,0.25497732,0.050504312
6198,tess,YAF,YAF_make_angry.wav,Angry,209,Angry,Fear,False,0.5199209,0.008588799,0.04402041,0.5199209,0.08011314,0.02791886,0.15366338,0.16577454
6199,tess,YAF,YAF_make_disgust.wav,Disgust,250,Disgust,Neutral,False,0.23171854,0.08842842,0.22098778,0.1907466,0.019997029,0.23171854,0.14627741,0.10184425
6200,tess,YAF,YAF_make_fear.wav,Fear,177,Fear,Fear,True,0.45483238,0.00028050644,0.00031253832,0.45483238,0.092987105,0.00031139527,0.014215745,0.43706027
6201,tess,YAF,YAF_make_happy.wav,Happy,164,Happy,Fear,False,0.64897126,0.05041779,0.0025302195,0.64897126,0.10744771,0.043223083,0.04397777,0.103432134
6202,tess,YAF,YAF_make_neutral.wav,Neutral,202,Neutral,Neutral,True,0.3309879,0.010754447,0.038218122,0.20971057,0.074850984,0.3309879,0.28353617,0.05194182
6203,tess,YAF,YAF_make_ps.wav,Surprise,186,Surprise,Surprise,True,0.6194215,0.020988077,0.0049631516,0.124400236,0.10179214,0.09278328,0.035651617,0.6194215
6204,tess,YAF,YAF_make_sad.wav,Sad,228,Sad,Fear,False,0.31769937,0.018453902,0.11925649,0.31769937,0.026658406,0.20367223,0.27757353,0.036686074
6205,tess,YAF,YAF_match_angry.wav,Angry,213,Angry,Fear,False,0.46531555,0.014897087,0.054527264,0.46531555,0.05450794,0.13722906,0.13533132,0.13819188
6206,tess,YAF,YAF_match_disgust.wav,Disgust,269,Disgust,Neutral,False,0.5847245,0.025952268,0.21051393,0.011403373,0.0044496004,0.5847245,0.16088094,0.0020753653
6207,tess,YAF,YAF_match_fear.wav,Fear,189,Fear,Surprise,False,0.60704273,0.0027216834,0.0017206974,0.2530268,0.12457106,0.0022740494,0.008642941,0.60704273
6208,tess,YAF,YAF_match_happy.wav,Happy,180,Happy,Fear,False,0.44357094,0.011594353,0.0042603174,0.44357094,0.27989653,0.053376626,0.08025646,0.12704483
6209,tess,YAF,YAF_match_neutral.wav,Neutral,231,Neutral,Neutral,True,0.45074257,0.028366193,0.09826291,0.14953339,0.0394901,0.45074257,0.20456164,0.02904314
6210,tess,YAF,YAF_match_ps.wav,Surprise,188,Surprise,Surprise,True,0.8097436,0.009566384,0.0022583117,0.06289798,0.06122493,0.027329711,0.02697909,0.8097436
6211,tess,YAF,YAF_match_sad.wav,Sad,218,Sad,Neutral,False,0.578,0.002274794,0.004664984,0.047053434,0.06283037,0.578,0.29726425,0.007912101
6212,tess,YAF,YAF_merge_angry.wav,Angry,234,Angry,Fear,False,0.60102475,0.027190572,0.024338972,0.60102475,0.19734022,0.022951879,0.06929117,0.057862498
6213,tess,YAF,YAF_merge_disgust.wav,Disgust,260,Disgust,Disgust,True,0.5933035,0.07689525,0.5933035,0.01747476,0.006921473,0.18237863,0.11878249,0.0042438097
6214,tess,YAF,YAF_merge_fear.wav,Fear,183,Fear,Surprise,False,0.47023037,0.0008550531,0.00059489784,0.29906029,0.21046533,0.0016383711,0.017155703,0.47023037
6215,tess,YAF,YAF_merge_happy.wav,Happy,177,Happy,Fear,False,0.47860706,0.016333522,0.0052171703,0.47860706,0.26133096,0.041447084,0.09366382,0.10340037
6216,tess,YAF,YAF_merge_neutral.wav,Neutral,223,Neutral,Fear,False,0.563721,0.0068013323,0.18646476,0.563721,0.04044588,0.0152857145,0.14201239,0.045269024
6217,tess,YAF,YAF_merge_ps.wav,Surprise,185,Surprise,Surprise,True,0.6250923,0.01779323,0.0037213366,0.09736807,0.11981697,0.08269582,0.05351223,0.6250923
6218,tess,YAF,YAF_merge_sad.wav,Sad,237,Sad,Neutral,False,0.55115455,0.009935945,0.022776827,0.1260692,0.052810464,0.55115455,0.2225181,0.014734891
6219,tess,YAF,YAF_mess_angry.wav,Angry,211,Angry,Fear,False,0.36631265,0.008355552,0.009371163,0.36631265,0.13287336,0.22741081,0.18774588,0.06793057
6220,tess,YAF,YAF_mess_disgust.wav,Disgust,250,Disgust,Neutral,False,0.44744298,0.044575498,0.10156557,0.1527529,0.015465818,0.44744298,0.21307811,0.025119137
6221,tess,YAF,YAF_mess_fear.wav,Fear,173,Fear,Fear,True,0.58505064,0.0005078034,0.001440979,0.58505064,0.053435925,0.0020709794,0.020107185,0.33738646
6222,tess,YAF,YAF_mess_happy.wav,Happy,164,Happy,Fear,False,0.47285715,0.033552296,0.0017882027,0.47285715,0.22178626,0.0398016,0.027700808,0.2025136
6223,tess,YAF,YAF_mess_neutral.wav,Neutral,212,Neutral,Fear,False,0.5715643,0.029435318,0.04328974,0.5715643,0.051284593,0.11761411,0.11573146,0.07108046
6224,tess,YAF,YAF_mess_ps.wav,Surprise,183,Surprise,Surprise,True,0.5568119,0.030785872,0.0120025715,0.19618164,0.07758893,0.07838762,0.048241414,0.5568119
6225,tess,YAF,YAF_mess_sad.wav,Sad,228,Sad,Neutral,False,0.6351196,0.0022998974,0.0032732747,0.053861693,0.07712624,0.6351196,0.22102492,0.007294336
6226,tess,YAF,YAF_met_angry.wav,Angry,183,Angry,Fear,False,0.5077991,0.0022415477,0.0055415942,0.5077991,0.06189292,0.0051532392,0.023567593,0.39380398
6227,tess,YAF,YAF_met_disgust.wav,Disgust,241,Disgust,Neutral,False,0.6648047,0.056470398,0.030904276,0.04663078,0.016326493,0.6648047,0.17246899,0.01239439
6228,tess,YAF,YAF_met_fear.wav,Fear,141,Fear,Surprise,False,0.47862655,0.0083461525,0.0038753573,0.400625,0.076938316,0.012227834,0.019360768,0.47862655
6229,tess,YAF,YAF_met_happy.wav,Happy,161,Happy,Fear,False,0.34412682,0.015739378,0.00060715084,0.34412682,0.25562444,0.036605965,0.024076203,0.32322004
6230,tess,YAF,YAF_met_neutral.wav,Neutral,199,Neutral,Sad,False,0.5020327,0.0013545023,0.020759039,0.18832584,0.094813064,0.14668383,0.5020327,0.04603103
6231,tess,YAF,YAF_met_ps.wav,Surprise,205,Surprise,Neutral,False,0.22884609,0.076111875,0.030458938,0.21129401,0.11910359,0.22884609,0.112627216,0.22155818
6232,tess,YAF,YAF_met_sad.wav,Sad,217,Sad,Neutral,False,0.8076448,0.003805093,0.0028335452,0.014623203,0.025052192,0.8076448,0.13602658,0.010014675
6233,tess,YAF,YAF_mill_angry.wav,Angry,205,Angry,Fear,False,0.38325623,0.009800244,0.029574495,0.38325623,0.13645527,0.07359473,0.2500628,0.117256194
6234,tess,YAF,YAF_mill_disgust.wav,Disgust,228,Disgust,Fear,False,0.28061053,0.08721431,0.18621889,0.28061053,0.048355453,0.18529642,0.17284325,0.03946119
6235,tess,YAF,YAF_mill_fear.wav,Fear,153,Fear,Fear,True,0.5135188,0.002267849,0.0010060852,0.5135188,0.0877979,0.00034884055,0.012149757,0.38291085
6236,tess,YAF,YAF_mill_happy.wav,Happy,162,Happy,Fear,False,0.47944865,0.12670651,0.009555727,0.47944865,0.15811096,0.037303325,0.03826937,0.15060547
6237,tess,YAF,YAF_mill_neutral.wav,Neutral,211,Neutral,Disgust,False,0.67289144,0.015132963,0.67289144,0.119889505,0.012555793,0.043011192,0.1201536,0.016365483
6238,tess,YAF,YAF_mill_ps.wav,Surprise,167,Surprise,Surprise,True,0.7700081,0.039922137,0.0045010434,0.11169188,0.05583367,0.009351709,0.008691457,0.7700081
6239,tess,YAF,YAF_mill_sad.wav,Sad,212,Sad,Neutral,False,0.6608178,0.020878144,0.032395367,0.05697291,0.041285515,0.6608178,0.16409826,0.023551986
6240,tess,YAF,YAF_mob_angry.wav,Angry,212,Angry,Fear,False,0.61351544,0.008294553,0.051328663,0.61351544,0.13764061,0.036391575,0.107733786,0.04509529
6241,tess,YAF,YAF_mob_disgust.wav,Disgust,231,Disgust,Angry,False,0.35208824,0.35208824,0.13337244,0.11403193,0.037997015,0.27848074,0.054528166,0.029501515
6242,tess,YAF,YAF_mob_fear.wav,Fear,168,Fear,Surprise,False,0.6899628,0.0011011015,0.00011877864,0.19721417,0.10701824,0.00061322126,0.003971645,0.6899628
6243,tess,YAF,YAF_mob_happy.wav,Happy,167,Happy,Happy,True,0.42582208,0.05833488,0.0025112557,0.35328504,0.42582208,0.039649837,0.028055,0.09234192
6244,tess,YAF,YAF_mob_neutral.wav,Neutral,209,Neutral,Sad,False,0.39672127,0.01956311,0.18698445,0.06271089,0.02192919,0.30942297,0.39672127,0.0026681193
6245,tess,YAF,YAF_mob_ps.wav,Surprise,180,Surprise,Surprise,True,0.3564903,0.13525757,0.015340589,0.09833909,0.12427447,0.21053608,0.059761852,0.3564903
6246,tess,YAF,YAF_mob_sad.wav,Sad,231,Sad,Neutral,False,0.8118066,0.0074083786,0.0093615465,0.016378986,0.0469366,0.8118066,0.10331695,0.004790954
6247,tess,YAF,YAF_mode_angry.wav,Angry,193,Angry,Neutral,False,0.5786637,0.00415417,0.0047992445,0.043207843,0.13308357,0.5786637,0.22113079,0.014960725
6248,tess,YAF,YAF_mode_disgust.wav,Disgust,234,Disgust,Neutral,False,0.619236,0.078812525,0.0725748,0.03789238,0.011552804,0.619236,0.17205845,0.007873037
6249,tess,YAF,YAF_mode_fear.wav,Fear,148,Fear,Surprise,False,0.7751725,0.003498597,0.000501881,0.09858246,0.110589296,0.0038259022,0.007829423,0.7751725
6250,tess,YAF,YAF_mode_happy.wav,Happy,160,Happy,Fear,False,0.48345697,0.020577895,0.0025069544,0.48345697,0.3276655,0.050685223,0.07132261,0.04378484
6251,tess,YAF,YAF_mode_neutral.wav,Neutral,189,Neutral,Neutral,True,0.43399224,0.011849547,0.19905595,0.04217771,0.019023532,0.43399224,0.26815063,0.025750414
6252,tess,YAF,YAF_mode_ps.wav,Surprise,186,Surprise,Angry,False,0.46215746,0.46215746,0.017861875,0.17328921,0.12544072,0.014849558,0.011450839,0.19495039
6253,tess,YAF,YAF_mode_sad.wav,Sad,218,Sad,Sad,True,0.4419745,0.0036747495,0.012128884,0.0503597,0.06562528,0.42332375,0.4419745,0.0029131575
6254,tess,YAF,YAF_mood_angry.wav,Angry,199,Angry,Fear,False,0.564139,0.006453738,0.03320677,0.564139,0.073594525,0.09111275,0.15266576,0.07882749
6255,tess,YAF,YAF_mood_disgust.wav,Disgust,241,Disgust,Neutral,False,0.38817146,0.046579365,0.16895609,0.1645725,0.02026791,0.38817146,0.17498302,0.036469635
6256,tess,YAF,YAF_mood_fear.wav,Fear,169,Fear,Surprise,False,0.5430144,0.00037998258,0.00021955409,0.30020902,0.13260947,0.0009286781,0.022638885,0.5430144
6257,tess,YAF,YAF_mood_happy.wav,Happy,169,Happy,Fear,False,0.5520175,0.062711425,0.0026475468,0.5520175,0.17730533,0.07328147,0.06644387,0.06559282
6258,tess,YAF,YAF_mood_neutral.wav,Neutral,211,Neutral,Sad,False,0.47896028,0.005932062,0.15027869,0.02694397,0.0074537885,0.32488838,0.47896028,0.005542858
6259,tess,YAF,YAF_mood_ps.wav,Surprise,177,Surprise,Surprise,True,0.44389504,0.10193823,0.025595311,0.06131852,0.0531342,0.24201857,0.07210018,0.44389504
6260,tess,YAF,YAF_mood_sad.wav,Sad,218,Sad,Sad,True,0.5298213,0.0008441643,0.014074935,0.013571721,0.008415339,0.43126306,0.5298213,0.0020094332
6261,tess,YAF,YAF_moon_angry.wav,Angry,202,Angry,Sad,False,0.41230932,0.0039815684,0.04532071,0.31504384,0.053972617,0.114332944,0.41230932,0.055039003
6262,tess,YAF,YAF_moon_disgust.wav,Disgust,250,Disgust,Neutral,False,0.3766139,0.033429954,0.17913179,0.1306166,0.0064972704,0.3766139,0.2638279,0.009882572
6263,tess,YAF,YAF_moon_fear.wav,Fear,135,Fear,Surprise,False,0.45970345,0.0036924297,0.00036110522,0.36782888,0.14319682,0.0058695725,0.019347861,0.45970345
6264,tess,YAF,YAF_moon_happy.wav,Happy,160,Happy,Neutral,False,0.3559472,0.024165409,0.0030453177,0.20807295,0.22703552,0.3559472,0.13900167,0.042731956
6265,tess,YAF,YAF_moon_neutral.wav,Neutral,192,Neutral,Fear,False,0.38110778,0.007824977,0.05230911,0.38110778,0.0955135,0.1525423,0.2602615,0.050440844
6266,tess,YAF,YAF_moon_ps.wav,Surprise,209,Surprise,Neutral,False,0.61820835,0.13708238,0.025039013,0.0705317,0.015821747,0.61820835,0.10665452,0.026662318
6267,tess,YAF,YAF_moon_sad.wav,Sad,205,Sad,Neutral,False,0.47002038,0.0023285877,0.0079569025,0.059629947,0.057321534,0.47002038,0.39750564,0.0052369265
6268,tess,YAF,YAF_mop_angry.wav,Angry,211,Angry,Sad,False,0.28763974,0.0050762277,0.01904132,0.20089117,0.1065895,0.28051206,0.28763974,0.10024993
6269,tess,YAF,YAF_mop_disgust.wav,Disgust,261,Disgust,Neutral,False,0.42060468,0.07990457,0.18768448,0.12171788,0.053667728,0.42060468,0.10688899,0.029531702
6270,tess,YAF,YAF_mop_fear.wav,Fear,145,Fear,Surprise,False,0.72985727,0.0008594888,0.0006290925,0.20562367,0.054896757,0.00065921666,0.0074745463,0.72985727
6271,tess,YAF,YAF_mop_happy.wav,Happy,154,Happy,Fear,False,0.42013088,0.08903581,0.0024362952,0.42013088,0.26650855,0.027422108,0.022329746,0.17213657
6272,tess,YAF,YAF_mop_neutral.wav,Neutral,189,Neutral,Disgust,False,0.25058055,0.060797375,0.25058055,0.2207629,0.17652376,0.06856804,0.10580351,0.11696385
6273,tess,YAF,YAF_mop_ps.wav,Surprise,188,Surprise,Surprise,True,0.58204156,0.029766887,0.005346898,0.16138032,0.16272345,0.02722999,0.031510904,0.58204156
6274,tess,YAF,YAF_mop_sad.wav,Sad,229,Sad,Neutral,False,0.54115325,0.0056081647,0.011795068,0.091354474,0.114972085,0.54115325,0.17995773,0.055159237
6275,tess,YAF,YAF_mouse_angry.wav,Angry,225,Angry,Fear,False,0.74662703,0.006222684,0.019646667,0.74662703,0.080153584,0.030953446,0.060808886,0.055587675
6276,tess,YAF,YAF_mouse_disgust.wav,Disgust,247,Disgust,Neutral,False,0.35588542,0.062182922,0.11946295,0.27096248,0.02734485,0.35588542,0.13216473,0.03199664
6277,tess,YAF,YAF_mouse_fear.wav,Fear,155,Fear,Surprise,False,0.52528584,0.0023964352,0.0007516483,0.32941556,0.12188074,0.0056666415,0.014603113,0.52528584
6278,tess,YAF,YAF_mouse_happy.wav,Happy,157,Happy,Happy,True,0.3985622,0.05519847,0.0012294705,0.1766982,0.3985622,0.12128648,0.034830168,0.21219495
6279,tess,YAF,YAF_mouse_neutral.wav,Neutral,212,Neutral,Fear,False,0.5379566,0.018825047,0.027933357,0.5379566,0.21331707,0.04706786,0.057645682,0.097254395
6280,tess,YAF,YAF_mouse_ps.wav,Surprise,193,Surprise,Surprise,True,0.62838274,0.04703566,0.002921699,0.16823912,0.107571214,0.026941083,0.018908493,0.62838274
6281,tess,YAF,YAF_mouse_sad.wav,Sad,251,Sad,Neutral,False,0.8013021,0.006593758,0.008932608,0.017846609,0.011847124,0.8013021,0.15014276,0.0033349476
6282,tess,YAF,YAF_nag_angry.wav,Angry,205,Angry,Fear,False,0.6532925,0.010084174,0.047181126,0.6532925,0.07044476,0.048610866,0.11146645,0.058920078
6283,tess,YAF,YAF_nag_disgust.wav,Disgust,257,Disgust,Neutral,False,0.32152146,0.031348396,0.26477674,0.09434725,0.0082083745,0.32152146,0.24825028,0.03154745
6284,tess,YAF,YAF_nag_fear.wav,Fear,157,Fear,Surprise,False,0.666061,0.0006573203,0.00028900322,0.2033804,0.11737307,0.0018656757,0.010373556,0.666061
6285,tess,YAF,YAF_nag_happy.wav,Happy,161,Happy,Happy,True,0.4505237,0.04723844,0.0017657101,0.26292583,0.4505237,0.037319504,0.046150155,0.15407662
6286,tess,YAF,YAF_nag_neutral.wav,Neutral,193,Neutral,Sad,False,0.32552877,0.012936943,0.08480204,0.2098269,0.16523272,0.17741473,0.32552877,0.02425789
6287,tess,YAF,YAF_nag_ps.wav,Surprise,221,Surprise,Angry,False,0.30115685,0.30115685,0.14835788,0.04741754,0.0053123483,0.24023463,0.13398041,0.12354034
6288,tess,YAF,YAF_nag_sad.wav,Sad,218,Sad,Neutral,False,0.44375187,0.030295318,0.07717046,0.11072655,0.042881843,0.44375187,0.27119693,0.023977008
6289,tess,YAF,YAF_name_angry.wav,Angry,218,Angry,Sad,False,0.3873151,0.011908506,0.024768483,0.22695959,0.078280516,0.2522963,0.3873151,0.018471519
6290,tess,YAF,YAF_name_disgust.wav,Disgust,247,Disgust,Disgust,True,0.34909514,0.026528556,0.34909514,0.057884615,0.009471429,0.32102558,0.22703208,0.008962653
6291,tess,YAF,YAF_name_fear.wav,Fear,161,Fear,Surprise,False,0.61114466,0.00065279147,0.0005960451,0.29183042,0.061994288,0.0005754188,0.03320641,0.61114466
6292,tess,YAF,YAF_name_happy.wav,Happy,198,Happy,Fear,False,0.46422923,0.022704134,0.0039311624,0.46422923,0.30552757,0.07643777,0.067630544,0.059539605
6293,tess,YAF,YAF_name_neutral.wav,Neutral,210,Neutral,Fear,False,0.38674155,0.012272983,0.25845203,0.38674155,0.01909525,0.06135898,0.18575206,0.076327085
6294,tess,YAF,YAF_name_ps.wav,Surprise,170,Surprise,Surprise,True,0.65832746,0.027588632,0.004069767,0.10088975,0.079056,0.08731317,0.042755254,0.65832746
6295,tess,YAF,YAF_name_sad.wav,Sad,226,Sad,Neutral,False,0.574315,0.0021639578,0.0067745075,0.056843095,0.044318825,0.574315,0.30796444,0.0076201614
6296,tess,YAF,YAF_near_angry.wav,Angry,193,Angry,Fear,False,0.45668703,0.018402487,0.022551281,0.45668703,0.20155953,0.062641524,0.109542556,0.12861562
6297,tess,YAF,YAF_near_disgust.wav,Disgust,237,Disgust,Disgust,True,0.78111106,0.020236278,0.78111106,0.024329204,0.0016423395,0.052052896,0.11869594,0.0019323108
6298,tess,YAF,YAF_near_fear.wav,Fear,161,Fear,Fear,True,0.52027804,0.0009702823,0.0014275997,0.52027804,0.07153582,0.0001882008,0.0108514195,0.3947486
6299,tess,YAF,YAF_near_happy.wav,Happy,174,Happy,Fear,False,0.4724557,0.113743335,0.006453616,0.4724557,0.15132827,0.022095725,0.019699514,0.21422376
6300,tess,YAF,YAF_near_neutral.wav,Neutral,221,Neutral,Disgust,False,0.5340497,0.019322952,0.5340497,0.08238201,0.0055455193,0.10568634,0.23744951,0.015563996
6301,tess,YAF,YAF_near_ps.wav,Surprise,191,Surprise,Surprise,True,0.4204736,0.029346045,0.08695357,0.2668001,0.0390184,0.053503066,0.103905246,0.4204736
6302,tess,YAF,YAF_near_sad.wav,Sad,215,Sad,Sad,True,0.46648273,0.00327145,0.047710653,0.09851565,0.031230645,0.34329125,0.46648273,0.009497592
6303,tess,YAF,YAF_neat_angry.wav,Angry,205,Angry,Fear,False,0.6419078,0.01983958,0.024924621,0.6419078,0.09030493,0.06070081,0.10096559,0.061356638
6304,tess,YAF,YAF_neat_disgust.wav,Disgust,244,Disgust,Neutral,False,0.6865895,0.025922216,0.053174816,0.043680225,0.0157228,0.6865895,0.16857994,0.0063305227
6305,tess,YAF,YAF_neat_fear.wav,Fear,154,Fear,Fear,True,0.4832961,0.0014286736,0.0016552511,0.4832961,0.07105246,0.0007088119,0.009739595,0.43211913
6306,tess,YAF,YAF_neat_happy.wav,Happy,170,Happy,Fear,False,0.2607593,0.05686128,0.002907492,0.2607593,0.12841871,0.21284051,0.08971865,0.24849404
6307,tess,YAF,YAF_neat_neutral.wav,Neutral,226,Neutral,Sad,False,0.27149317,0.018148977,0.110779054,0.2643798,0.038170084,0.2523732,0.27149317,0.044655766
6308,tess,YAF,YAF_neat_ps.wav,Surprise,181,Surprise,Neutral,False,0.6013435,0.018282626,0.014034481,0.07073648,0.043305736,0.6013435,0.12385971,0.12843746
6309,tess,YAF,YAF_neat_sad.wav,Sad,215,Sad,Neutral,False,0.6441649,0.002859724,0.010952923,0.04740257,0.057601754,0.6441649,0.22419696,0.012821191
6310,tess,YAF,YAF_nice_angry.wav,Angry,193,Angry,Fear,False,0.6803956,0.0024700232,0.02508576,0.6803956,0.050883844,0.018231235,0.09218889,0.13074456
6311,tess,YAF,YAF_nice_disgust.wav,Disgust,250,Disgust,Fear,False,0.31236413,0.0837538,0.17232317,0.31236413,0.06372241,0.1594464,0.09360843,0.114781626
6312,tess,YAF,YAF_nice_fear.wav,Fear,151,Fear,Surprise,False,0.5965272,0.0012632553,0.00038168105,0.34954917,0.046752308,0.00026923444,0.0052570975,0.5965272
6313,tess,YAF,YAF_nice_happy.wav,Happy,177,Happy,Fear,False,0.43124816,0.011312248,0.00076926366,0.43124816,0.24753773,0.0042203357,0.014128119,0.29078418
6314,tess,YAF,YAF_nice_neutral.wav,Neutral,225,Neutral,Fear,False,0.48761714,0.04070306,0.092730656,0.48761714,0.042967666,0.14250992,0.096265845,0.097205795
6315,tess,YAF,YAF_nice_ps.wav,Surprise,180,Surprise,Surprise,True,0.7642904,0.03237937,0.0043420265,0.12692954,0.026072092,0.024669187,0.021317385,0.7642904
6316,tess,YAF,YAF_nice_sad.wav,Sad,223,Sad,Neutral,False,0.5843937,0.005205972,0.007576184,0.088455625,0.062052596,0.5843937,0.2310307,0.021285217
6317,tess,YAF,YAF_note_angry.wav,Angry,221,Angry,Fear,False,0.56223977,0.006758643,0.015246859,0.56223977,0.118602425,0.041401096,0.08864956,0.16710162
6318,tess,YAF,YAF_note_disgust.wav,Disgust,244,Disgust,Neutral,False,0.40157974,0.07543941,0.1793819,0.092256315,0.017199654,0.40157974,0.19495171,0.039191272
6319,tess,YAF,YAF_note_fear.wav,Fear,167,Fear,Surprise,False,0.5591585,0.0009634107,0.00038448028,0.2451913,0.1830359,0.0029911133,0.00827531,0.5591585
6320,tess,YAF,YAF_note_happy.wav,Happy,173,Happy,Neutral,False,0.27927178,0.024808532,0.0028918674,0.19369365,0.24935798,0.27927178,0.14684111,0.103135146
6321,tess,YAF,YAF_note_neutral.wav,Neutral,214,Neutral,Fear,False,0.33775184,0.0077325953,0.21344131,0.33775184,0.026015382,0.11477752,0.19912992,0.10115143
6322,tess,YAF,YAF_note_ps.wav,Surprise,172,Surprise,Surprise,True,0.81370825,0.022174554,0.00088654325,0.0834004,0.061313502,0.009930747,0.00858596,0.81370825
6323,tess,YAF,YAF_note_sad.wav,Sad,237,Sad,Neutral,False,0.8442076,0.0034001195,0.0063174064,0.0064747483,0.011294591,0.8442076,0.12583512,0.0024704603
6324,tess,YAF,YAF_numb_angry.wav,Angry,212,Angry,Fear,False,0.44865796,0.009491054,0.032929048,0.44865796,0.18169679,0.074535,0.17290495,0.07978527
6325,tess,YAF,YAF_numb_disgust.wav,Disgust,236,Disgust,Disgust,True,0.40429902,0.064408004,0.40429902,0.0439333,0.007466244,0.25227928,0.20363647,0.023977771
6326,tess,YAF,YAF_numb_fear.wav,Fear,170,Fear,Surprise,False,0.75443316,0.0011097675,0.0002143338,0.13779093,0.09423559,0.0015127882,0.010703449,0.75443316
6327,tess,YAF,YAF_numb_happy.wav,Happy,172,Happy,Neutral,False,0.50177336,0.0101687135,0.0044163945,0.14956039,0.08616543,0.50177336,0.2296456,0.018270142
6328,tess,YAF,YAF_numb_neutral.wav,Neutral,215,Neutral,Disgust,False,0.38233036,0.04544669,0.38233036,0.15987512,0.0132314805,0.13799277,0.18952587,0.07159772
6329,tess,YAF,YAF_numb_ps.wav,Surprise,166,Surprise,Surprise,True,0.755353,0.033615902,0.0035216445,0.06763291,0.063352816,0.0500925,0.026431223,0.755353
6330,tess,YAF,YAF_numb_sad.wav,Sad,218,Sad,Neutral,False,0.48704427,0.0069536935,0.01019123,0.13263491,0.16789256,0.48704427,0.16625461,0.029028762
6331,tess,YAF,YAF_pad_angry.wav,Angry,212,Angry,Fear,False,0.2855201,0.025906025,0.06504096,0.2855201,0.06647567,0.27163473,0.18518876,0.10023374
6332,tess,YAF,YAF_pad_disgust.wav,Disgust,260,Disgust,Neutral,False,0.6353759,0.042526163,0.21800117,0.012451862,0.005702995,0.6353759,0.08324237,0.0026995235
6333,tess,YAF,YAF_pad_fear.wav,Fear,170,Fear,Surprise,False,0.7470962,0.009081929,0.0010850097,0.18052204,0.05983059,0.00039232863,0.001991901,0.7470962
6334,tess,YAF,YAF_pad_happy.wav,Happy,167,Happy,Fear,False,0.37639078,0.19485824,0.011056902,0.37639078,0.1300103,0.12329037,0.041176014,0.12321737
6335,tess,YAF,YAF_pad_neutral.wav,Neutral,218,Neutral,Neutral,True,0.2916514,0.043271974,0.27668604,0.15541562,0.016790349,0.2916514,0.1783797,0.03780499
6336,tess,YAF,YAF_pad_ps.wav,Surprise,180,Surprise,Surprise,True,0.8112816,0.09115879,0.0136397155,0.036639594,0.028046502,0.00798304,0.011250764,0.8112816
6337,tess,YAF,YAF_pad_sad.wav,Sad,215,Sad,Neutral,False,0.6140307,0.030275349,0.034048367,0.05584159,0.076399565,0.6140307,0.15209788,0.037306532
6338,tess,YAF,YAF_page_angry.wav,Angry,196,Angry,Fear,False,0.5703979,0.006148192,0.05499481,0.5703979,0.05983923,0.04281672,0.106769025,0.15903415
6339,tess,YAF,YAF_page_disgust.wav,Disgust,253,Disgust,Disgust,True,0.46556652,0.08503721,0.46556652,0.060075294,0.003456513,0.15314569,0.20730996,0.025408888
6340,tess,YAF,YAF_page_fear.wav,Fear,161,Fear,Surprise,False,0.9108915,0.0021082887,0.0029134601,0.0403946,0.02424007,0.0038062641,0.015645828,0.9108915
6341,tess,YAF,YAF_page_happy.wav,Happy,180,Happy,Fear,False,0.501899,0.026393542,0.008031536,0.501899,0.21373384,0.022694578,0.049043193,0.17820431
6342,tess,YAF,YAF_page_neutral.wav,Neutral,207,Neutral,Sad,False,0.38324928,0.023983333,0.115189485,0.2511694,0.05630491,0.1074708,0.38324928,0.06263275
6343,tess,YAF,YAF_page_ps.wav,Surprise,223,Surprise,Surprise,True,0.4832467,0.12566634,0.06852312,0.21153513,0.02746605,0.03510933,0.04845333,0.4832467
6344,tess,YAF,YAF_page_sad.wav,Sad,218,Sad,Fear,False,0.3547309,0.024549052,0.1497928,0.3547309,0.01731206,0.15759076,0.2543527,0.041671786
6345,tess,YAF,YAF_pain_angry.wav,Angry,212,Angry,Fear,False,0.4364202,0.008992145,0.06954885,0.4364202,0.056338932,0.08861271,0.28662717,0.053460035
6346,tess,YAF,YAF_pain_disgust.wav,Disgust,254,Disgust,Neutral,False,0.40465656,0.053014353,0.28799397,0.060092267,0.007172815,0.40465656,0.17111984,0.01595024
6347,tess,YAF,YAF_pain_fear.wav,Fear,161,Fear,Surprise,False,0.5636384,0.003725255,0.0007725613,0.36424327,0.061940458,0.00031404197,0.005365989,0.5636384
6348,tess,YAF,YAF_pain_happy.wav,Happy,184,Happy,Fear,False,0.42399624,0.042669393,0.013821482,0.42399624,0.11754617,0.14961787,0.13520737,0.11714154
6349,tess,YAF,YAF_pain_neutral.wav,Neutral,204,Neutral,Fear,False,0.36225522,0.050024424,0.27532616,0.36225522,0.04440048,0.086917736,0.11851156,0.06256442
6350,tess,YAF,YAF_pain_ps.wav,Surprise,188,Surprise,Surprise,True,0.4957709,0.047821376,0.020723676,0.21295844,0.08197485,0.08334192,0.057408832,0.4957709
6351,tess,YAF,YAF_pain_sad.wav,Sad,212,Sad,Neutral,False,0.70619714,0.0010241679,0.0040373043,0.013347358,0.0127135,0.70619714,0.26174244,0.00093811576
6352,tess,YAF,YAF_pass_angry.wav,Angry,215,Angry,Fear,False,0.6269002,0.028573295,0.02056192,0.6269002,0.10096571,0.07298773,0.048021395,0.10198976
6353,tess,YAF,YAF_pass_disgust.wav,Disgust,263,Disgust,Neutral,False,0.38094726,0.057169326,0.31614593,0.09165644,0.00569198,0.38094726,0.121794514,0.026594589
6354,tess,YAF,YAF_pass_fear.wav,Fear,154,Fear,Surprise,False,0.8783831,0.004239695,0.00081408786,0.08575556,0.027166285,0.00085278775,0.0027884557,0.8783831
6355,tess,YAF,YAF_pass_happy.wav,Happy,154,Happy,Angry,False,0.4448603,0.4448603,0.002018698,0.172942,0.18593158,0.03442908,0.0057630613,0.15405527
6356,tess,YAF,YAF_pass_neutral.wav,Neutral,223,Neutral,Fear,False,0.43758065,0.056634143,0.12792255,0.43758065,0.075985685,0.12345568,0.072251365,0.10616993
6357,tess,YAF,YAF_pass_ps.wav,Surprise,193,Surprise,Fear,False,0.41172424,0.08671399,0.021728406,0.41172424,0.06409338,0.040805466,0.023941936,0.3509926
6358,tess,YAF,YAF_pass_sad.wav,Sad,237,Sad,Neutral,False,0.7040509,0.012304631,0.014322839,0.07512379,0.04731943,0.7040509,0.1381012,0.00877718
6359,tess,YAF,YAF_pearl_angry.wav,Angry,207,Angry,Fear,False,0.36391133,0.006061335,0.3313759,0.36391133,0.012982744,0.016531523,0.11187471,0.15726246
6360,tess,YAF,YAF_pearl_disgust.wav,Disgust,249,Disgust,Disgust,True,0.4574895,0.10353428,0.4574895,0.016522339,0.004259422,0.3343722,0.07517744,0.008644803
6361,tess,YAF,YAF_pearl_fear.wav,Fear,154,Fear,Surprise,False,0.6394213,0.0018754397,0.0020736095,0.33064428,0.0211788,0.00013045897,0.0046761343,0.6394213
6362,tess,YAF,YAF_pearl_happy.wav,Happy,182,Happy,Surprise,False,0.30462286,0.23822972,0.018293127,0.23484997,0.15669805,0.029071167,0.018235072,0.30462286
6363,tess,YAF,YAF_pearl_neutral.wav,Neutral,217,Neutral,Disgust,False,0.9391026,0.007554538,0.9391026,0.011801417,0.0015029854,0.0044788127,0.02108044,0.014479076
6364,tess,YAF,YAF_pearl_ps.wav,Surprise,187,Surprise,Surprise,True,0.6301821,0.07370923,0.043816727,0.14450893,0.04490368,0.038660087,0.024219261,0.6301821
6365,tess,YAF,YAF_pearl_sad.wav,Sad,228,Sad,Neutral,False,0.55453634,0.030862859,0.045987457,0.10843941,0.0777102,0.55453634,0.15763986,0.024823857
6366,tess,YAF,YAF_peg_angry.wav,Angry,193,Angry,Fear,False,0.66699743,0.0065544187,0.02740508,0.66699743,0.09781467,0.033683654,0.10455637,0.06298839
6367,tess,YAF,YAF_peg_disgust.wav,Disgust,269,Disgust,Disgust,True,0.56251997,0.016564248,0.56251997,0.040672544,0.0021585803,0.16358687,0.20161611,0.012881688
6368,tess,YAF,YAF_peg_fear.wav,Fear,145,Fear,Surprise,False,0.74896175,0.008729043,0.0016299356,0.20027041,0.033090465,0.0010048633,0.0063134735,0.74896175
6369,tess,YAF,YAF_peg_happy.wav,Happy,170,Happy,Fear,False,0.46147832,0.10516239,0.0022655467,0.46147832,0.20299102,0.048663933,0.018715914,0.16072293
6370,tess,YAF,YAF_peg_neutral.wav,Neutral,205,Neutral,Fear,False,0.48866686,0.022552552,0.11791544,0.48866686,0.088033885,0.057264313,0.15287867,0.07268826
6371,tess,YAF,YAF_peg_ps.wav,Surprise,173,Surprise,Surprise,True,0.6321168,0.111427225,0.03476054,0.08251912,0.02348089,0.07829246,0.037402973,0.6321168
6372,tess,YAF,YAF_peg_sad.wav,Sad,228,Sad,Neutral,False,0.6630488,0.009248543,0.019362172,0.07772306,0.0414022,0.6630488,0.17629902,0.012916217
6373,tess,YAF,YAF_perch_angry.wav,Angry,222,Angry,Fear,False,0.66678613,0.017932994,0.103931226,0.66678613,0.031788576,0.008550642,0.02644659,0.14456393
6374,tess,YAF,YAF_perch_disgust.wav,Disgust,244,Disgust,Neutral,False,0.27445397,0.053560726,0.19376123,0.23289931,0.025627453,0.27445397,0.16788562,0.0518117
6375,tess,YAF,YAF_perch_fear.wav,Fear,154,Fear,Surprise,False,0.7995697,0.011390081,0.0025413698,0.09937912,0.06091108,0.012020001,0.014188635,0.7995697
6376,tess,YAF,YAF_perch_happy.wav,Happy,189,Happy,Fear,False,0.49613068,0.07138733,0.014173576,0.49613068,0.192213,0.099650644,0.053083766,0.07336108
6377,tess,YAF,YAF_perch_neutral.wav,Neutral,218,Neutral,Fear,False,0.3882724,0.07345516,0.044614077,0.3882724,0.16521214,0.07489966,0.05126381,0.2022828
6378,tess,YAF,YAF_perch_ps.wav,Surprise,186,Surprise,Fear,False,0.41557816,0.031570427,0.022605078,0.41557816,0.1234048,0.07275193,0.08138173,0.25270784
6379,tess,YAF,YAF_perch_sad.wav,Sad,244,Sad,Neutral,False,0.70549136,0.037472993,0.036321126,0.07449301,0.022373307,0.70549136,0.09612008,0.02772803
6380,tess,YAF,YAF_phone_angry.wav,Angry,209,Angry,Fear,False,0.35524887,0.012792087,0.04996797,0.35524887,0.0964447,0.25570193,0.17760877,0.05223562
6381,tess,YAF,YAF_phone_disgust.wav,Disgust,241,Disgust,Neutral,False,0.6228717,0.06964903,0.07277797,0.07438759,0.026537284,0.6228717,0.12318655,0.010589908
6382,tess,YAF,YAF_phone_fear.wav,Fear,167,Fear,Surprise,False,0.8125715,0.0040375246,0.0005419452,0.13562152,0.041912466,0.0007007366,0.0046143015,0.8125715
6383,tess,YAF,YAF_phone_happy.wav,Happy,192,Happy,Fear,False,0.5800341,0.024589857,0.004696526,0.5800341,0.286486,0.009288371,0.024315279,0.07059
6384,tess,YAF,YAF_phone_neutral.wav,Neutral,213,Neutral,Disgust,False,0.35853416,0.04440898,0.35853416,0.25202435,0.024720214,0.091903634,0.14606446,0.08234418
6385,tess,YAF,YAF_phone_ps.wav,Surprise,171,Surprise,Surprise,True,0.7062246,0.039763927,0.017669985,0.13843587,0.029385453,0.027193746,0.04132636,0.7062246
6386,tess,YAF,YAF_phone_sad.wav,Sad,220,Sad,Neutral,False,0.46291813,0.01124481,0.025143303,0.22963333,0.06608014,0.46291813,0.18733548,0.017644748
6387,tess,YAF,YAF_pick_angry.wav,Angry,202,Angry,Fear,False,0.3883197,0.008024121,0.07891386,0.3883197,0.064350456,0.11442241,0.1951823,0.15078719
6388,tess,YAF,YAF_pick_disgust.wav,Disgust,205,Disgust,Fear,False,0.41062352,0.07065785,0.12323041,0.41062352,0.056210116,0.043041427,0.04959529,0.24664135
6389,tess,YAF,YAF_pick_fear.wav,Fear,170,Fear,Surprise,False,0.89955443,0.0010762181,0.00038947788,0.07344456,0.023848992,0.00023689706,0.0014493586,0.89955443
6390,tess,YAF,YAF_pick_happy.wav,Happy,145,Happy,Surprise,False,0.49219024,0.25627455,0.005269639,0.12561598,0.040710125,0.065376095,0.014563352,0.49219024
6391,tess,YAF,YAF_pick_neutral.wav,Neutral,209,Neutral,Fear,False,0.38702148,0.018290136,0.2870563,0.38702148,0.033143677,0.08340075,0.11882261,0.07226502
6392,tess,YAF,YAF_pick_ps.wav,Surprise,167,Surprise,Surprise,True,0.8198131,0.060605656,0.008971152,0.067753114,0.01580833,0.017796759,0.0092518795,0.8198131
6393,tess,YAF,YAF_pick_sad.wav,Sad,186,Sad,Surprise,False,0.28065845,0.006232544,0.015094013,0.15132795,0.21997704,0.13699141,0.1897186,0.28065845
6394,tess,YAF,YAF_pike_angry.wav,Angry,205,Angry,Fear,False,0.54693174,0.0062308805,0.06717774,0.54693174,0.07184295,0.04294501,0.106274195,0.15859751
6395,tess,YAF,YAF_pike_disgust.wav,Disgust,231,Disgust,Disgust,True,0.35088873,0.12791081,0.35088873,0.14640634,0.010481359,0.13954225,0.16816872,0.056601807
6396,tess,YAF,YAF_pike_fear.wav,Fear,161,Fear,Surprise,False,0.8306461,0.005531322,0.00088748627,0.075229056,0.07670957,0.00529165,0.0057047834,0.8306461
6397,tess,YAF,YAF_pike_happy.wav,Happy,151,Happy,Surprise,False,0.631104,0.118888244,0.0014819521,0.13216117,0.09687949,0.013005049,0.0064800377,0.631104
6398,tess,YAF,YAF_pike_neutral.wav,Neutral,221,Neutral,Disgust,False,0.22152482,0.016014317,0.22152482,0.21158573,0.033350572,0.21138948,0.21779686,0.08833817
6399,tess,YAF,YAF_pike_ps.wav,Surprise,170,Surprise,Surprise,True,0.6753657,0.06071012,0.008894013,0.1675677,0.051957443,0.021636797,0.0138681745,0.6753657
6400,tess,YAF,YAF_pike_sad.wav,Sad,196,Sad,Happy,False,0.29102096,0.009410642,0.024347674,0.22131503,0.29102096,0.13705377,0.13568601,0.18116589
6401,tess,YAF,YAF_pole_angry.wav,Angry,218,Angry,Disgust,False,0.36306256,0.019305402,0.36306256,0.15122782,0.009664777,0.09827934,0.33110756,0.027352538
6402,tess,YAF,YAF_pole_disgust.wav,Disgust,236,Disgust,Neutral,False,0.4005777,0.17343405,0.21219726,0.059419528,0.02857133,0.4005777,0.11306164,0.012738415
6403,tess,YAF,YAF_pole_fear.wav,Fear,170,Fear,Surprise,False,0.8488419,0.00755049,0.00039469596,0.10388286,0.03785596,0.00017823082,0.0012959517,0.8488419
6404,tess,YAF,YAF_pole_happy.wav,Happy,172,Happy,Angry,False,0.5788181,0.5788181,0.013255376,0.19440927,0.07873924,0.05337438,0.021719096,0.059684515
6405,tess,YAF,YAF_pole_neutral.wav,Neutral,212,Neutral,Disgust,False,0.30511868,0.045000542,0.30511868,0.26331177,0.040156346,0.112929665,0.16542816,0.0680548
6406,tess,YAF,YAF_pole_ps.wav,Surprise,163,Surprise,Surprise,True,0.39821896,0.31222802,0.015838793,0.089464284,0.05389528,0.111160345,0.019194257,0.39821896
6407,tess,YAF,YAF_pole_sad.wav,Sad,215,Sad,Neutral,False,0.62709594,0.012086429,0.023524957,0.043457966,0.027015831,0.62709594,0.26053706,0.0062818294
6408,tess,YAF,YAF_pool_angry.wav,Angry,199,Angry,Fear,False,0.567244,0.01071746,0.10438917,0.567244,0.049536962,0.010791228,0.047018245,0.21030304
6409,tess,YAF,YAF_pool_disgust.wav,Disgust,236,Disgust,Angry,False,0.4235369,0.4235369,0.18491824,0.16278465,0.06335878,0.073346786,0.04338315,0.048671544
6410,tess,YAF,YAF_pool_fear.wav,Fear,138,Fear,Surprise,False,0.8732648,0.0031834813,0.00036274863,0.09342178,0.028495574,0.00015153887,0.0011200175,0.8732648
6411,tess,YAF,YAF_pool_happy.wav,Happy,157,Happy,Angry,False,0.362543,0.362543,0.00866632,0.32895133,0.16434593,0.015170996,0.0116021,0.108720295
6412,tess,YAF,YAF_pool_neutral.wav,Neutral,188,Neutral,Neutral,True,0.39097136,0.1507607,0.13358366,0.07865187,0.082764626,0.39097136,0.086375445,0.07689239
6413,tess,YAF,YAF_pool_ps.wav,Surprise,208,Surprise,Angry,False,0.657677,0.657677,0.013857735,0.05768482,0.035249833,0.019671118,0.006474985,0.20938458
6414,tess,YAF,YAF_pool_sad.wav,Sad,212,Sad,Neutral,False,0.5623877,0.043043967,0.03844661,0.10689841,0.0623655,0.5623877,0.16502379,0.021834051
6415,tess,YAF,YAF_puff_angry.wav,Angry,167,Angry,Surprise,False,0.5397749,0.01991553,0.056898583,0.27291134,0.0243534,0.025232406,0.06091386,0.5397749
6416,tess,YAF,YAF_puff_disgust.wav,Disgust,212,Disgust,Fear,False,0.2305643,0.089451395,0.21481156,0.2305643,0.029061543,0.22351879,0.14268258,0.069909856
6417,tess,YAF,YAF_puff_fear.wav,Fear,135,Fear,Surprise,False,0.8418363,0.0069485675,0.0010458308,0.10131519,0.04356949,0.0018600367,0.0034246207,0.8418363
6418,tess,YAF,YAF_puff_happy.wav,Happy,141,Happy,Angry,False,0.31671616,0.31671616,0.0018793851,0.31594285,0.1734799,0.015255303,0.005354802,0.1713715
6419,tess,YAF,YAF_puff_neutral.wav,Neutral,167,Neutral,Fear,False,0.3268719,0.035471946,0.030516913,0.3268719,0.14687613,0.07576974,0.07483154,0.30966187
6420,tess,YAF,YAF_puff_ps.wav,Surprise,173,Surprise,Surprise,True,0.40680024,0.19694963,0.011877978,0.19071135,0.12971097,0.041867554,0.022082275,0.40680024
6421,tess,YAF,YAF_puff_sad.wav,Sad,177,Sad,Sad,True,0.32786888,0.01036137,0.03286219,0.19131488,0.08357407,0.25689548,0.32786888,0.09712312
6422,tess,YAF,YAF_rag_angry.wav,Angry,189,Angry,Fear,False,0.362151,0.0072383513,0.017812135,0.362151,0.2329348,0.035209622,0.13972946,0.20492464
6423,tess,YAF,YAF_rag_disgust.wav,Disgust,231,Disgust,Neutral,False,0.30898488,0.044704575,0.16573693,0.17507553,0.015551183,0.30898488,0.23077177,0.059175164
6424,tess,YAF,YAF_rag_fear.wav,Fear,148,Fear,Surprise,False,0.500486,0.0047323643,0.0005395458,0.30890262,0.16070847,0.0041192104,0.02051176,0.500486
6425,tess,YAF,YAF_rag_happy.wav,Happy,161,Happy,Happy,True,0.3440859,0.045903042,0.0018851446,0.116602264,0.3440859,0.32923773,0.09518019,0.067105725
6426,tess,YAF,YAF_rag_neutral.wav,Neutral,182,Neutral,Neutral,True,0.32622173,0.0028641128,0.010373462,0.110448025,0.17277351,0.32622173,0.32418585,0.053133335
6427,tess,YAF,YAF_rag_ps.wav,Surprise,202,Surprise,Angry,False,0.36607447,0.36607447,0.0614082,0.070829965,0.022552323,0.25799993,0.09104054,0.13009459
6428,tess,YAF,YAF_rag_sad.wav,Sad,212,Sad,Neutral,False,0.6065927,0.0056815455,0.01572016,0.045965012,0.050919406,0.6065927,0.26268262,0.012438606
6429,tess,YAF,YAF_raid_angry.wav,Angry,209,Angry,Fear,False,0.35602304,0.012451211,0.065674685,0.35602304,0.094905086,0.11534302,0.23109053,0.12451233
6430,tess,YAF,YAF_raid_disgust.wav,Disgust,247,Disgust,Neutral,False,0.41090003,0.04611499,0.12390269,0.09684392,0.019153267,0.41090003,0.27885315,0.024231926
6431,tess,YAF,YAF_raid_fear.wav,Fear,151,Fear,Surprise,False,0.81020576,0.0045427363,0.00029352173,0.13093418,0.045396335,0.0013286757,0.0072987704,0.81020576
6432,tess,YAF,YAF_raid_happy.wav,Happy,161,Happy,Happy,True,0.44845733,0.015606651,0.0011311085,0.22886279,0.44845733,0.11409048,0.085700616,0.106150985
6433,tess,YAF,YAF_raid_neutral.wav,Neutral,186,Neutral,Sad,False,0.49226117,0.005550393,0.057572044,0.29341513,0.047474083,0.03994525,0.49226117,0.06378196
6434,tess,YAF,YAF_raid_ps.wav,Surprise,193,Surprise,Surprise,True,0.41123167,0.30529764,0.006679173,0.18888186,0.062372144,0.016741535,0.008795957,0.41123167
6435,tess,YAF,YAF_raid_sad.wav,Sad,209,Sad,Sad,True,0.51009244,0.0017454304,0.00530307,0.06913403,0.07839416,0.3285998,0.51009244,0.006731034
6436,tess,YAF,YAF_rain_angry.wav,Angry,228,Angry,Fear,False,0.36263236,0.013062552,0.05901011,0.36263236,0.06568812,0.20328939,0.22367595,0.07264145
6437,tess,YAF,YAF_rain_disgust.wav,Disgust,244,Disgust,Neutral,False,0.6513468,0.027702361,0.09124347,0.049402308,0.013147706,0.6513468,0.15419424,0.01296312
6438,tess,YAF,YAF_rain_fear.wav,Fear,157,Fear,Surprise,False,0.54009074,0.0019604256,0.0006876017,0.38109004,0.049184985,0.0011772452,0.025808893,0.54009074
6439,tess,YAF,YAF_rain_happy.wav,Happy,179,Happy,Neutral,False,0.39008218,0.013719747,0.0076203095,0.254942,0.092874065,0.39008218,0.20477341,0.03598834
6440,tess,YAF,YAF_rain_neutral.wav,Neutral,223,Neutral,Sad,False,0.3286544,0.014928987,0.22926874,0.17063867,0.0125668775,0.19482502,0.3286544,0.04911729
6441,tess,YAF,YAF_rain_ps.wav,Surprise,176,Surprise,Surprise,True,0.4588969,0.051320672,0.014382054,0.13571139,0.04488937,0.20975791,0.085041694,0.4588969
6442,tess,YAF,YAF_rain_sad.wav,Sad,209,Sad,Neutral,False,0.6129147,0.0021103146,0.012612361,0.045934822,0.04214223,0.6129147,0.27281997,0.0114657
6443,tess,YAF,YAF_raise_angry.wav,Angry,199,Angry,Fear,False,0.4902447,0.0043282155,0.003314015,0.4902447,0.36173043,0.009184218,0.042609766,0.08858872
6444,tess,YAF,YAF_raise_disgust.wav,Disgust,244,Disgust,Neutral,False,0.48797423,0.062491443,0.05919747,0.19382672,0.029812885,0.48797423,0.1434531,0.023244154
6445,tess,YAF,YAF_raise_fear.wav,Fear,154,Fear,Surprise,False,0.7251682,0.002047187,0.0006129473,0.1497095,0.10936371,0.0034098416,0.009688574,0.7251682
6446,tess,YAF,YAF_raise_happy.wav,Happy,170,Happy,Happy,True,0.38382307,0.018018125,0.0017626619,0.37791353,0.38382307,0.025039656,0.04652056,0.14692244
6447,tess,YAF,YAF_raise_neutral.wav,Neutral,209,Neutral,Fear,False,0.6067266,0.006270933,0.046583623,0.6067266,0.074307,0.039645635,0.18146203,0.045004163
6448,tess,YAF,YAF_raise_ps.wav,Surprise,218,Surprise,Surprise,True,0.32959113,0.1732057,0.045726083,0.2303435,0.02402341,0.130507,0.06660317,0.32959113
6449,tess,YAF,YAF_raise_sad.wav,Sad,247,Sad,Fear,False,0.379641,0.03930361,0.024002437,0.379641,0.07065385,0.28823274,0.18795733,0.010209069
6450,tess,YAF,YAF_rat_angry.wav,Angry,234,Angry,Fear,False,0.6208145,0.007163974,0.010232026,0.6208145,0.1404829,0.013582445,0.05361437,0.15410984
6451,tess,YAF,YAF_rat_disgust.wav,Disgust,247,Disgust,Neutral,False,0.369351,0.054906413,0.13766867,0.16972926,0.045073185,0.369351,0.18987085,0.033400554
6452,tess,YAF,YAF_rat_fear.wav,Fear,177,Fear,Surprise,False,0.48234475,0.00029730384,0.00042203988,0.40502965,0.10112242,0.0002281193,0.010555789,0.48234475
6453,tess,YAF,YAF_rat_happy.wav,Happy,170,Happy,Neutral,False,0.42897677,0.016851114,0.0030963165,0.15718795,0.17864808,0.42897677,0.16190971,0.053330064
6454,tess,YAF,YAF_rat_neutral.wav,Neutral,210,Neutral,Surprise,False,0.30815583,0.011633218,0.059941668,0.2860865,0.090391934,0.09561937,0.14817148,0.30815583
6455,tess,YAF,YAF_rat_ps.wav,Surprise,173,Surprise,Surprise,True,0.78043187,0.024754426,0.0018648714,0.07156292,0.06568877,0.03460515,0.021091945,0.78043187
6456,tess,YAF,YAF_rat_sad.wav,Sad,225,Sad,Neutral,False,0.7404094,0.03786102,0.032614607,0.03199955,0.039166693,0.7404094,0.07666945,0.04127936
6457,tess,YAF,YAF_reach_angry.wav,Angry,202,Angry,Surprise,False,0.2978103,0.007683122,0.023386724,0.21511026,0.14267655,0.144395,0.16893806,0.2978103
6458,tess,YAF,YAF_reach_disgust.wav,Disgust,241,Disgust,Fear,False,0.5494519,0.02540488,0.05331151,0.5494519,0.030085498,0.09358393,0.1931794,0.054982916
6459,tess,YAF,YAF_reach_fear.wav,Fear,151,Fear,Surprise,False,0.45138386,0.019909315,0.004718839,0.3547559,0.13252656,0.02150169,0.015203783,0.45138386
6460,tess,YAF,YAF_reach_happy.wav,Happy,180,Happy,Fear,False,0.30683586,0.017131547,0.007657649,0.30683586,0.18157792,0.16807666,0.19919136,0.11952897
6461,tess,YAF,YAF_reach_neutral.wav,Neutral,201,Neutral,Fear,False,0.3345777,0.011590794,0.03954945,0.3345777,0.15027228,0.1678208,0.15078996,0.14539903
6462,tess,YAF,YAF_reach_ps.wav,Surprise,218,Surprise,Neutral,False,0.33956206,0.0902703,0.018516973,0.22485721,0.068791084,0.33956206,0.08398527,0.17401713
6463,tess,YAF,YAF_reach_sad.wav,Sad,227,Sad,Neutral,False,0.7896226,0.012702062,0.008092349,0.043142553,0.028905604,0.7896226,0.10702369,0.01051118
6464,tess,YAF,YAF_read_angry.wav,Angry,215,Angry,Fear,False,0.5704987,0.011199854,0.025224622,0.5704987,0.09126593,0.06616442,0.1375046,0.09814188
6465,tess,YAF,YAF_read_disgust.wav,Disgust,225,Disgust,Disgust,True,0.2961573,0.03717413,0.2961573,0.17710665,0.01694762,0.16325423,0.22849779,0.080862254
6466,tess,YAF,YAF_read_fear.wav,Fear,173,Fear,Surprise,False,0.65174234,0.0027194351,0.0014989157,0.20172025,0.08086171,0.011302039,0.050155345,0.65174234
6467,tess,YAF,YAF_read_happy.wav,Happy,154,Happy,Neutral,False,0.41084465,0.033870596,0.0028653005,0.13238324,0.214007,0.41084465,0.09537857,0.11065057
6468,tess,YAF,YAF_read_neutral.wav,Neutral,206,Neutral,Disgust,False,0.32520175,0.018191567,0.32520175,0.29578227,0.017920457,0.07684439,0.19786397,0.068195544
6469,tess,YAF,YAF_read_ps.wav,Surprise,170,Surprise,Surprise,True,0.6713512,0.03497511,0.0014715482,0.16703512,0.07636393,0.033311225,0.015491881,0.6713512
6470,tess,YAF,YAF_read_sad.wav,Sad,209,Sad,Neutral,False,0.6387981,0.005463403,0.024168575,0.041605033,0.012375538,0.6387981,0.26701388,0.010575505
6471,tess,YAF,YAF_red_angry.wav,Angry,199,Angry,Fear,False,0.48244005,0.008446435,0.012753921,0.48244005,0.101012066,0.0056666597,0.025728878,0.36395204
6472,tess,YAF,YAF_red_disgust.wav,Disgust,225,Disgust,Neutral,False,0.46777087,0.078838386,0.07001363,0.086065315,0.034467928,0.46777087,0.20010804,0.062735856
6473,tess,YAF,YAF_red_fear.wav,Fear,145,Fear,Surprise,False,0.7374428,0.0016465065,0.00079745543,0.20152807,0.04523425,0.0010089539,0.012341918,0.7374428
6474,tess,YAF,YAF_red_happy.wav,Happy,173,Happy,Happy,True,0.32206905,0.019715678,0.0020725965,0.283207,0.32206905,0.20308793,0.08776115,0.082086556
6475,tess,YAF,YAF_red_neutral.wav,Neutral,192,Neutral,Happy,False,0.35351533,0.028760646,0.03617785,0.1456424,0.35351533,0.25353292,0.12062286,0.061747987
6476,tess,YAF,YAF_red_ps.wav,Surprise,180,Surprise,Surprise,True,0.4465212,0.050158527,0.011769599,0.10255864,0.07440565,0.21562801,0.09895841,0.4465212
6477,tess,YAF,YAF_red_sad.wav,Sad,202,Sad,Neutral,False,0.6226122,0.0006620393,0.0041259234,0.01391621,0.03365128,0.6226122,0.3197352,0.0052971942
6478,tess,YAF,YAF_ring_angry.wav,Angry,215,Angry,Fear,False,0.65491724,0.0071396804,0.056301642,0.65491724,0.051482297,0.026510548,0.07596227,0.12768632
6479,tess,YAF,YAF_ring_disgust.wav,Disgust,228,Disgust,Neutral,False,0.3430461,0.05884672,0.23960724,0.13662043,0.01248063,0.3430461,0.17755081,0.031848125
6480,tess,YAF,YAF_ring_fear.wav,Fear,164,Fear,Surprise,False,0.49389157,0.0020654246,0.0005151385,0.36952752,0.11348033,0.0012807737,0.019239219,0.49389157
6481,tess,YAF,YAF_ring_happy.wav,Happy,172,Happy,Fear,False,0.39885566,0.010172953,0.002275044,0.39885566,0.21978985,0.21831712,0.12489278,0.025696626
6482,tess,YAF,YAF_ring_neutral.wav,Neutral,202,Neutral,Fear,False,0.6093374,0.018845018,0.0856881,0.6093374,0.08442508,0.060782373,0.07687182,0.06405018
6483,tess,YAF,YAF_ring_ps.wav,Surprise,173,Surprise,Surprise,True,0.49966815,0.014269107,0.008306069,0.15722947,0.08287894,0.13409308,0.10355515,0.49966815
6484,tess,YAF,YAF_ring_sad.wav,Sad,215,Sad,Neutral,False,0.6194495,0.0026700068,0.015423281,0.040501907,0.047258366,0.6194495,0.26453492,0.010161997
6485,tess,YAF,YAF_ripe_angry.wav,Angry,195,Angry,Fear,False,0.47045386,0.0020358113,0.0025500848,0.47045386,0.12785064,0.0056194854,0.05848136,0.33300877
6486,tess,YAF,YAF_ripe_disgust.wav,Disgust,244,Disgust,Neutral,False,0.35752445,0.030339623,0.22432376,0.10088999,0.0100703845,0.35752445,0.25427985,0.022571985
6487,tess,YAF,YAF_ripe_fear.wav,Fear,166,Fear,Surprise,False,0.67764515,0.0003938222,0.00016549815,0.22092584,0.097332306,0.00029031458,0.003247147,0.67764515
6488,tess,YAF,YAF_ripe_happy.wav,Happy,157,Happy,Happy,True,0.4404751,0.01928245,0.00055920286,0.2378026,0.4404751,0.026804518,0.032519758,0.24255644
6489,tess,YAF,YAF_ripe_neutral.wav,Neutral,190,Neutral,Happy,False,0.30915424,0.00436125,0.010555204,0.097001374,0.30915424,0.2743672,0.16389208,0.14066865
6490,tess,YAF,YAF_ripe_ps.wav,Surprise,182,Surprise,Surprise,True,0.7175516,0.00986419,0.0010367229,0.13086225,0.12056468,0.010223457,0.009897094,0.7175516
6491,tess,YAF,YAF_ripe_sad.wav,Sad,213,Sad,Neutral,False,0.7508069,0.0025233468,0.00463826,0.019920835,0.061028726,0.7508069,0.14860725,0.012474605
6492,tess,YAF,YAF_road_angry.wav,Angry,218,Angry,Sad,False,0.32954332,0.007527296,0.016903797,0.17386405,0.13066772,0.31105778,0.32954332,0.030435964
6493,tess,YAF,YAF_road_disgust.wav,Disgust,231,Disgust,Neutral,False,0.4004984,0.04137461,0.18656048,0.111069165,0.015840335,0.4004984,0.21869287,0.02596414
6494,tess,YAF,YAF_road_fear.wav,Fear,180,Fear,Surprise,False,0.49922362,0.0011692583,0.00059824355,0.24134904,0.18508823,0.005986351,0.06658528,0.49922362
6495,tess,YAF,YAF_road_happy.wav,Happy,173,Happy,Fear,False,0.40672448,0.0768149,0.0065706824,0.40672448,0.34795666,0.042394817,0.046117973,0.07342053
6496,tess,YAF,YAF_road_neutral.wav,Neutral,213,Neutral,Disgust,False,0.6169266,0.03866249,0.6169266,0.069251895,0.012895874,0.052138362,0.062414322,0.14771041
6497,tess,YAF,YAF_road_ps.wav,Surprise,172,Surprise,Surprise,True,0.7105779,0.06029773,0.011031768,0.0667182,0.049492422,0.052298777,0.049583104,0.7105779
6498,tess,YAF,YAF_road_sad.wav,Sad,225,Sad,Neutral,False,0.5220043,0.017531145,0.03607042,0.08668963,0.1619515,0.5220043,0.13084912,0.044903863
6499,tess,YAF,YAF_room_angry.wav,Angry,205,Angry,Fear,False,0.30231372,0.006793242,0.013627426,0.30231372,0.17822453,0.16616783,0.25121492,0.08165833
6500,tess,YAF,YAF_room_disgust.wav,Disgust,221,Disgust,Neutral,False,0.7194974,0.03369381,0.041634317,0.032513537,0.0075242454,0.7194974,0.16238484,0.0027518843
6501,tess,YAF,YAF_room_fear.wav,Fear,175,Fear,Surprise,False,0.4704015,0.00047090754,0.00035331122,0.20801675,0.27484605,0.005672313,0.040239092,0.4704015
6502,tess,YAF,YAF_room_happy.wav,Happy,183,Happy,Fear,False,0.58112025,0.0428722,0.01274355,0.58112025,0.09562976,0.1343491,0.119346835,0.01393832
6503,tess,YAF,YAF_room_neutral.wav,Neutral,206,Neutral,Fear,False,0.5148711,0.024837036,0.093406916,0.5148711,0.093185395,0.0891338,0.12566544,0.05890024
6504,tess,YAF,YAF_room_ps.wav,Surprise,182,Surprise,Surprise,True,0.4060873,0.015352057,0.011320605,0.115269035,0.084714405,0.2369848,0.13027182,0.4060873
6505,tess,YAF,YAF_room_sad.wav,Sad,231,Sad,Neutral,False,0.82505906,0.005991422,0.010492075,0.03472322,0.00978447,0.82505906,0.11003897,0.0039107953
6506,tess,YAF,YAF_rose_angry.wav,Angry,218,Angry,Fear,False,0.6699754,0.007992803,0.031088067,0.6699754,0.09530612,0.021021644,0.048206434,0.1264095
6507,tess,YAF,YAF_rose_disgust.wav,Disgust,257,Disgust,Neutral,False,0.24616314,0.10972928,0.23352328,0.14847825,0.061783757,0.24616314,0.13521802,0.06510425
6508,tess,YAF,YAF_rose_fear.wav,Fear,167,Fear,Surprise,False,0.48615268,0.0020790733,0.0006072259,0.4440707,0.06264009,0.000421474,0.0040288097,0.48615268
6509,tess,YAF,YAF_rose_happy.wav,Happy,170,Happy,Fear,False,0.6124447,0.00721341,0.0010873954,0.6124447,0.31468195,0.00460049,0.02284786,0.037124265
6510,tess,YAF,YAF_rose_neutral.wav,Neutral,216,Neutral,Fear,False,0.40025192,0.04616426,0.11728719,0.40025192,0.15717074,0.1351653,0.08202974,0.061930835
6511,tess,YAF,YAF_rose_ps.wav,Surprise,189,Surprise,Surprise,True,0.44558737,0.018382916,0.001937158,0.2917497,0.22843745,0.0032711513,0.010634216,0.44558737
6512,tess,YAF,YAF_rose_sad.wav,Sad,228,Sad,Fear,False,0.29275018,0.006459795,0.013079282,0.29275018,0.24591763,0.2460031,0.1540768,0.04171319
6513,tess,YAF,YAF_rot_angry.wav,Angry,202,Angry,Fear,False,0.44426453,0.0046491567,0.0102072945,0.44426453,0.1619186,0.028383091,0.09107126,0.25950605
6514,tess,YAF,YAF_rot_disgust.wav,Disgust,234,Disgust,Neutral,False,0.5303479,0.09179804,0.108347334,0.1261328,0.028684966,0.5303479,0.10361995,0.011069032
6515,tess,YAF,YAF_rot_fear.wav,Fear,157,Fear,Surprise,False,0.5429283,0.005955296,0.001684982,0.24509041,0.18276381,0.009499271,0.012077966,0.5429283
6516,tess,YAF,YAF_rot_happy.wav,Happy,148,Happy,Happy,True,0.28949106,0.05049216,0.004093433,0.09353113,0.28949106,0.241737,0.062451635,0.2582036
6517,tess,YAF,YAF_rot_neutral.wav,Neutral,215,Neutral,Surprise,False,0.20844199,0.015611229,0.14990982,0.2066252,0.089133054,0.13613419,0.1941445,0.20844199
6518,tess,YAF,YAF_rot_ps.wav,Surprise,179,Surprise,Surprise,True,0.57221043,0.028435923,0.0069847903,0.18742193,0.13667448,0.039350517,0.028921902,0.57221043
6519,tess,YAF,YAF_rot_sad.wav,Sad,218,Sad,Neutral,False,0.39896592,0.016955798,0.039868504,0.11242177,0.11354006,0.39896592,0.15671523,0.16153269
6520,tess,YAF,YAF_rough_angry.wav,Angry,186,Angry,Surprise,False,0.4414753,0.009558309,0.05560266,0.3631753,0.031781506,0.012115002,0.086291865,0.4414753
6521,tess,YAF,YAF_rough_disgust.wav,Disgust,221,Disgust,Fear,False,0.26358837,0.028883746,0.2004769,0.26358837,0.020442752,0.18637078,0.25668523,0.043552235
6522,tess,YAF,YAF_rough_fear.wav,Fear,183,Fear,Fear,True,0.46443343,0.0014663578,0.003614249,0.46443343,0.11074606,0.001681109,0.010012105,0.40804666
6523,tess,YAF,YAF_rough_happy.wav,Happy,148,Happy,Surprise,False,0.4163817,0.02948913,0.00093225273,0.08356464,0.1663752,0.24182878,0.06142829,0.4163817
6524,tess,YAF,YAF_rough_neutral.wav,Neutral,180,Neutral,Surprise,False,0.54445726,0.009298852,0.073673815,0.14623179,0.054243963,0.048250675,0.12384356,0.54445726
6525,tess,YAF,YAF_rough_ps.wav,Surprise,173,Surprise,Surprise,True,0.87862206,0.01643737,0.004411246,0.08507983,0.012593388,0.0006650761,0.0021910588,0.87862206
6526,tess,YAF,YAF_rough_sad.wav,Sad,215,Sad,Fear,False,0.41002026,0.013373231,0.01650129,0.41002026,0.17685845,0.2405903,0.067779884,0.074876584
6527,tess,YAF,YAF_rush_angry.wav,Angry,225,Angry,Fear,False,0.37120387,0.018040765,0.018147208,0.37120387,0.15297215,0.024317669,0.057814997,0.35750335
6528,tess,YAF,YAF_rush_disgust.wav,Disgust,266,Disgust,Neutral,False,0.42064884,0.05761422,0.31640702,0.05781639,0.007076068,0.42064884,0.12260547,0.01783199
6529,tess,YAF,YAF_rush_fear.wav,Fear,164,Fear,Surprise,False,0.43021736,0.0033207056,0.0025707097,0.42232263,0.12395177,0.0052879117,0.012328893,0.43021736
6530,tess,YAF,YAF_rush_happy.wav,Happy,196,Happy,Surprise,False,0.47101894,0.0037044531,0.0034341651,0.27579847,0.1725557,0.018335745,0.05515258,0.47101894
6531,tess,YAF,YAF_rush_neutral.wav,Neutral,216,Neutral,Surprise,False,0.48443326,0.028737497,0.061200555,0.32881925,0.052933186,0.014720758,0.0291555,0.48443326
6532,tess,YAF,YAF_rush_ps.wav,Surprise,187,Surprise,Surprise,True,0.47920766,0.008846221,0.0018927044,0.3372399,0.14720699,0.0060153184,0.019591162,0.47920766
6533,tess,YAF,YAF_rush_sad.wav,Sad,237,Sad,Neutral,False,0.40533665,0.06839409,0.12532228,0.13040839,0.07218161,0.40533665,0.11301372,0.08534333
6534,tess,YAF,YAF_said_angry.wav,Angry,193,Angry,Surprise,False,0.3621836,0.010587952,0.016137261,0.3131193,0.11326792,0.067251846,0.11745222,0.3621836
6535,tess,YAF,YAF_said_disgust.wav,Disgust,237,Disgust,Neutral,False,0.5510146,0.039086,0.13488542,0.109494954,0.01601109,0.5510146,0.13283136,0.01667654
6536,tess,YAF,YAF_said_fear.wav,Fear,154,Fear,Surprise,False,0.7949561,0.005035485,0.0008912706,0.1521627,0.041146267,0.0014568748,0.004351387,0.7949561
6537,tess,YAF,YAF_said_happy.wav,Happy,170,Happy,Fear,False,0.6743982,0.02553584,0.0047387043,0.6743982,0.14287359,0.036211353,0.050406147,0.06583616
6538,tess,YAF,YAF_said_neutral.wav,Neutral,203,Neutral,Fear,False,0.6099074,0.015020056,0.050197396,0.6099074,0.14177343,0.0506403,0.10712201,0.025339384
6539,tess,YAF,YAF_said_ps.wav,Surprise,177,Surprise,Surprise,True,0.83301485,0.022733746,0.0074393684,0.09323472,0.02206704,0.005993621,0.015516602,0.83301485
6540,tess,YAF,YAF_said_sad.wav,Sad,212,Sad,Sad,True,0.36837503,0.0019803355,0.016884869,0.15426955,0.08762473,0.336498,0.36837503,0.034367576
6541,tess,YAF,YAF_sail_angry.wav,Angry,205,Angry,Fear,False,0.5870245,0.021263173,0.06594571,0.5870245,0.06597672,0.018250566,0.057854526,0.18368486
6542,tess,YAF,YAF_sail_disgust.wav,Disgust,247,Disgust,Disgust,True,0.59803116,0.022554409,0.59803116,0.14772081,0.011689056,0.062270455,0.13576287,0.021971183
6543,tess,YAF,YAF_sail_fear.wav,Fear,164,Fear,Surprise,False,0.47271067,0.0022401726,0.003848775,0.43895537,0.062128432,0.0005568458,0.01955972,0.47271067
6544,tess,YAF,YAF_sail_happy.wav,Happy,170,Happy,Fear,False,0.5348046,0.23457782,0.031278353,0.5348046,0.07813407,0.033274196,0.024713445,0.063217536
6545,tess,YAF,YAF_sail_neutral.wav,Neutral,196,Neutral,Disgust,False,0.67701095,0.014430054,0.67701095,0.09758201,0.011935135,0.034212206,0.14579839,0.01903124
6546,tess,YAF,YAF_sail_ps.wav,Surprise,199,Surprise,Surprise,True,0.52645725,0.12365578,0.05292688,0.13926841,0.076026395,0.052654035,0.029011233,0.52645725
6547,tess,YAF,YAF_sail_sad.wav,Sad,210,Sad,Neutral,False,0.38609174,0.012604542,0.20802721,0.0567614,0.01773585,0.38609174,0.30831903,0.010460228
6548,tess,YAF,YAF_search_angry.wav,Angry,221,Angry,Fear,False,0.7280615,0.009110138,0.057828546,0.7280615,0.040423315,0.018925516,0.053421248,0.09222977
6549,tess,YAF,YAF_search_disgust.wav,Disgust,260,Disgust,Disgust,True,0.69552094,0.015830196,0.69552094,0.10098849,0.0047274064,0.050119348,0.12091826,0.011895381
6550,tess,YAF,YAF_search_fear.wav,Fear,184,Fear,Surprise,False,0.7510216,0.0011622058,0.0013065069,0.15707715,0.07549141,0.0016887748,0.012252388,0.7510216
6551,tess,YAF,YAF_search_happy.wav,Happy,180,Happy,Fear,False,0.55305064,0.027697755,0.0034606813,0.55305064,0.23890553,0.03097814,0.032631136,0.11327606
6552,tess,YAF,YAF_search_neutral.wav,Neutral,209,Neutral,Fear,False,0.63364893,0.011482536,0.078599505,0.63364893,0.043794435,0.056474946,0.09038346,0.0856162
6553,tess,YAF,YAF_search_ps.wav,Surprise,204,Surprise,Surprise,True,0.5247477,0.010467411,0.035756838,0.33174074,0.04544443,0.012794078,0.039048772,0.5247477
6554,tess,YAF,YAF_search_sad.wav,Sad,234,Sad,Neutral,False,0.56862456,0.015164355,0.036212478,0.167585,0.053082865,0.56862456,0.13678223,0.022548432
6555,tess,YAF,YAF_seize_angry.wav,Angry,215,Angry,Fear,False,0.64023983,0.011010258,0.032432806,0.64023983,0.08472632,0.06173966,0.11672225,0.05312879
6556,tess,YAF,YAF_seize_disgust.wav,Disgust,257,Disgust,Disgust,True,0.34490877,0.06847963,0.34490877,0.07455106,0.010480941,0.3170261,0.169909,0.014644503
6557,tess,YAF,YAF_seize_fear.wav,Fear,183,Fear,Surprise,False,0.59414595,0.001313256,0.001024927,0.32186887,0.07295001,0.0003029193,0.008394084,0.59414595
6558,tess,YAF,YAF_seize_happy.wav,Happy,180,Happy,Fear,False,0.71251595,0.052308396,0.0124303205,0.71251595,0.07953191,0.04663394,0.05278797,0.043791488
6559,tess,YAF,YAF_seize_neutral.wav,Neutral,224,Neutral,Fear,False,0.39873415,0.048176967,0.2329208,0.39873415,0.03587371,0.09951034,0.16286393,0.02192012
6560,tess,YAF,YAF_seize_ps.wav,Surprise,193,Surprise,Surprise,True,0.56044,0.07712849,0.018034998,0.099885136,0.03430596,0.13211481,0.07809059,0.56044
6561,tess,YAF,YAF_seize_sad.wav,Sad,225,Sad,Sad,True,0.3471843,0.0077885496,0.088354506,0.18354806,0.045025997,0.31515354,0.3471843,0.012945102
6562,tess,YAF,YAF_sell_angry.wav,Angry,208,Angry,Fear,False,0.5858943,0.022523358,0.0527561,0.5858943,0.06963805,0.031569283,0.05930364,0.17831531
6563,tess,YAF,YAF_sell_disgust.wav,Disgust,241,Disgust,Fear,False,0.36003962,0.026663294,0.21248548,0.36003962,0.030197669,0.15579931,0.10788108,0.106933534
6564,tess,YAF,YAF_sell_fear.wav,Fear,161,Fear,Surprise,False,0.68301207,0.007930097,0.001969067,0.22451682,0.071988426,0.0012648063,0.009318768,0.68301207
6565,tess,YAF,YAF_sell_happy.wav,Happy,167,Happy,Fear,False,0.72563165,0.05128377,0.0062495777,0.72563165,0.13361281,0.032849025,0.02320356,0.027169598
6566,tess,YAF,YAF_sell_neutral.wav,Neutral,177,Neutral,Sad,False,0.3639096,0.01617827,0.14803636,0.17409986,0.058952823,0.15748975,0.3639096,0.08133338
6567,tess,YAF,YAF_sell_ps.wav,Surprise,182,Surprise,Angry,False,0.5144931,0.5144931,0.055588204,0.1835723,0.06898605,0.035197653,0.02466287,0.11749978
6568,tess,YAF,YAF_sell_sad.wav,Sad,219,Sad,Disgust,False,0.28807968,0.052508336,0.28807968,0.1279595,0.02185932,0.09695967,0.14153095,0.27110252
6569,tess,YAF,YAF_shack_angry.wav,Angry,183,Angry,Surprise,False,0.40195855,0.015233507,0.02077893,0.3882524,0.09219489,0.026433093,0.055148628,0.40195855
6570,tess,YAF,YAF_shack_disgust.wav,Disgust,221,Disgust,Disgust,True,0.3164712,0.058231946,0.3164712,0.23537168,0.021891663,0.17717071,0.13215874,0.05870404
6571,tess,YAF,YAF_shack_fear.wav,Fear,167,Fear,Surprise,False,0.8075264,0.0022685844,0.00084741955,0.10692532,0.06690927,0.005064663,0.010458323,0.8075264
6572,tess,YAF,YAF_shack_happy.wav,Happy,157,Happy,Surprise,False,0.38881722,0.092722625,0.0023988017,0.24625914,0.14787336,0.10298698,0.01894184,0.38881722
6573,tess,YAF,YAF_shack_neutral.wav,Neutral,215,Neutral,Neutral,True,0.5469772,0.016353933,0.11903722,0.08016628,0.01821422,0.5469772,0.19809921,0.021151898
6574,tess,YAF,YAF_shack_ps.wav,Surprise,180,Surprise,Surprise,True,0.79666007,0.012052404,0.007706938,0.12139334,0.04714261,0.0048785955,0.010166011,0.79666007
6575,tess,YAF,YAF_shack_sad.wav,Sad,218,Sad,Neutral,False,0.57068205,0.005420543,0.015135152,0.089902535,0.055087164,0.57068205,0.23698004,0.026792591
6576,tess,YAF,YAF_shall_angry.wav,Angry,216,Angry,Fear,False,0.5383925,0.12684204,0.08383249,0.5383925,0.05189899,0.081812225,0.04652206,0.0706997
6577,tess,YAF,YAF_shall_disgust.wav,Disgust,250,Disgust,Neutral,False,0.44430256,0.03367474,0.31146863,0.06055915,0.012446592,0.44430256,0.12774506,0.009803308
6578,tess,YAF,YAF_shall_fear.wav,Fear,167,Fear,Surprise,False,0.77529436,0.0060273516,0.002105097,0.1514293,0.052604675,0.0017895413,0.010749677,0.77529436
6579,tess,YAF,YAF_shall_happy.wav,Happy,173,Happy,Fear,False,0.60617924,0.18316503,0.0054195127,0.60617924,0.098787926,0.0073696584,0.0074075884,0.09167109
6580,tess,YAF,YAF_shall_neutral.wav,Neutral,212,Neutral,Disgust,False,0.47872165,0.04772023,0.47872165,0.1795309,0.024875889,0.0854804,0.14850101,0.03516994
6581,tess,YAF,YAF_shall_ps.wav,Surprise,163,Surprise,Surprise,True,0.38006288,0.26104245,0.014185994,0.18470207,0.08006321,0.04765918,0.032284275,0.38006288
6582,tess,YAF,YAF_shall_sad.wav,Sad,215,Sad,Neutral,False,0.63456863,0.009591574,0.049377304,0.043647405,0.03023916,0.63456863,0.21106412,0.021511825
6583,tess,YAF,YAF_shawl_angry.wav,Angry,218,Angry,Fear,False,0.45979345,0.105183885,0.11726821,0.45979345,0.08562331,0.090706736,0.09237076,0.049053647
6584,tess,YAF,YAF_shawl_disgust.wav,Disgust,234,Disgust,Neutral,False,0.300172,0.09930376,0.28773487,0.12227535,0.03493018,0.300172,0.1163593,0.039224535
6585,tess,YAF,YAF_shawl_fear.wav,Fear,154,Fear,Surprise,False,0.5283651,0.021430986,0.0012434212,0.37260348,0.06897917,0.0011592205,0.006218627,0.5283651
6586,tess,YAF,YAF_shawl_happy.wav,Happy,194,Happy,Fear,False,0.48055828,0.12573111,0.024608662,0.48055828,0.25203744,0.013982035,0.018348873,0.08473365
6587,tess,YAF,YAF_shawl_neutral.wav,Neutral,225,Neutral,Disgust,False,0.3553767,0.038272154,0.3553767,0.24530032,0.027125223,0.13469611,0.12780218,0.071427286
6588,tess,YAF,YAF_shawl_ps.wav,Surprise,185,Surprise,Surprise,True,0.790209,0.080487475,0.009394134,0.047343306,0.06033583,0.0059903064,0.0062399614,0.790209
6589,tess,YAF,YAF_shawl_sad.wav,Sad,215,Sad,Sad,True,0.33131844,0.010770346,0.1159363,0.11708354,0.06585433,0.31981972,0.33131844,0.03921733
6590,tess,YAF,YAF_sheep_angry.wav,Angry,209,Angry,Fear,False,0.51770556,0.011138565,0.0116369,0.51770556,0.16646431,0.10172631,0.14470202,0.046626303
6591,tess,YAF,YAF_sheep_disgust.wav,Disgust,189,Disgust,Neutral,False,0.40444136,0.036765613,0.07149487,0.16549093,0.040900394,0.40444136,0.23311146,0.047795385
6592,tess,YAF,YAF_sheep_fear.wav,Fear,152,Fear,Surprise,False,0.71849537,0.00069894013,0.0003282102,0.24085304,0.03347091,0.00036422213,0.0057893223,0.71849537
6593,tess,YAF,YAF_sheep_happy.wav,Happy,157,Happy,Fear,False,0.637081,0.06760498,0.0014376399,0.637081,0.1320075,0.01732077,0.009063658,0.13548447
6594,tess,YAF,YAF_sheep_neutral.wav,Neutral,209,Neutral,Fear,False,0.29926,0.030250045,0.08140912,0.29926,0.08068662,0.18329029,0.1887798,0.13632426
6595,tess,YAF,YAF_sheep_ps.wav,Surprise,190,Surprise,Surprise,True,0.5114665,0.011977593,0.0061590783,0.20919403,0.07010048,0.10419687,0.086905405,0.5114665
6596,tess,YAF,YAF_sheep_sad.wav,Sad,228,Sad,Neutral,False,0.6328396,0.0048938254,0.0100832265,0.090374134,0.039791085,0.6328396,0.20868507,0.013333036
6597,tess,YAF,YAF_shirt_angry.wav,Angry,212,Angry,Fear,False,0.5242915,0.023501968,0.06498311,0.5242915,0.030699378,0.025217826,0.06983415,0.26147202
6598,tess,YAF,YAF_shirt_disgust.wav,Disgust,250,Disgust,Disgust,True,0.74832606,0.06432631,0.74832606,0.031574763,0.008378653,0.0657562,0.06092178,0.020716174
6599,tess,YAF,YAF_shirt_fear.wav,Fear,164,Fear,Surprise,False,0.70232314,0.0019449482,0.0005530994,0.24135406,0.052333176,0.000194591,0.0012969079,0.70232314
6600,tess,YAF,YAF_shirt_happy.wav,Happy,186,Happy,Fear,False,0.54290134,0.022692008,0.011373341,0.54290134,0.15725364,0.090165354,0.092191555,0.08342279
6601,tess,YAF,YAF_shirt_neutral.wav,Neutral,200,Neutral,Fear,False,0.46017018,0.004286254,0.028452333,0.46017018,0.18718208,0.053296,0.088638514,0.17797464
6602,tess,YAF,YAF_shirt_ps.wav,Surprise,200,Surprise,Surprise,True,0.6284527,0.009596065,0.0049424395,0.27459446,0.067678496,0.005139485,0.009596339,0.6284527
6603,tess,YAF,YAF_shirt_sad.wav,Sad,218,Sad,Neutral,False,0.5824071,0.0053233574,0.015162564,0.051360816,0.0528945,0.5824071,0.28042963,0.012421966
6604,tess,YAF,YAF_should_angry.wav,Angry,212,Angry,Fear,False,0.5120156,0.012690413,0.011088658,0.5120156,0.21860692,0.052138932,0.06569501,0.1277645
6605,tess,YAF,YAF_should_disgust.wav,Disgust,250,Disgust,Disgust,True,0.54623455,0.023956127,0.54623455,0.15271422,0.020231945,0.074648395,0.10838495,0.07382984
6606,tess,YAF,YAF_should_fear.wav,Fear,164,Fear,Surprise,False,0.6475202,0.005119405,0.0014472095,0.2809418,0.05233149,0.0014642702,0.011175551,0.6475202
6607,tess,YAF,YAF_should_happy.wav,Happy,173,Happy,Fear,False,0.6549246,0.03387934,0.0046615847,0.6549246,0.12341406,0.05051379,0.044582356,0.08802425
6608,tess,YAF,YAF_should_neutral.wav,Neutral,193,Neutral,Fear,False,0.59087396,0.013261077,0.03376824,0.59087396,0.108741544,0.040068537,0.0617266,0.15156007
6609,tess,YAF,YAF_should_ps.wav,Surprise,187,Surprise,Surprise,True,0.745638,0.027583037,0.028416947,0.113371916,0.027819324,0.02459128,0.032579478,0.745638
6610,tess,YAF,YAF_should_sad.wav,Sad,202,Sad,Fear,False,0.30754647,0.0023449908,0.029701773,0.30754647,0.13994607,0.19275714,0.25179058,0.07591293
6611,tess,YAF,YAF_shout_angry.wav,Angry,207,Angry,Fear,False,0.60756284,0.024328573,0.010914385,0.60756284,0.11298672,0.026276467,0.022023795,0.19590726
6612,tess,YAF,YAF_shout_disgust.wav,Disgust,234,Disgust,Fear,False,0.24710238,0.10693689,0.17474306,0.24710238,0.03980707,0.22644658,0.10973178,0.095232226
6613,tess,YAF,YAF_shout_fear.wav,Fear,173,Fear,Surprise,False,0.8293974,0.001386464,0.0006937101,0.08848738,0.07401408,0.0006302022,0.005390793,0.8293974
6614,tess,YAF,YAF_shout_happy.wav,Happy,173,Happy,Fear,False,0.55406463,0.015827753,0.0015345914,0.55406463,0.1572044,0.018029328,0.016270174,0.23706916
6615,tess,YAF,YAF_shout_neutral.wav,Neutral,192,Neutral,Neutral,True,0.4212421,0.007711062,0.015769726,0.13470757,0.21245036,0.4212421,0.16199489,0.046124384
6616,tess,YAF,YAF_shout_ps.wav,Surprise,231,Surprise,Surprise,True,0.66347253,0.10880115,0.024322974,0.12763323,0.051032398,0.012184282,0.012553423,0.66347253
6617,tess,YAF,YAF_shout_sad.wav,Sad,215,Sad,Neutral,False,0.3917022,0.015810778,0.042433295,0.1714272,0.07132206,0.3917022,0.19657257,0.11073192
6618,tess,YAF,YAF_size_angry.wav,Angry,212,Angry,Fear,False,0.54986584,0.024228644,0.10220073,0.54986584,0.043599773,0.10770387,0.12056943,0.05183171
6619,tess,YAF,YAF_size_disgust.wav,Disgust,244,Disgust,Fear,False,0.34007925,0.04025978,0.33776277,0.34007925,0.023831153,0.05493798,0.111926176,0.09120287
6620,tess,YAF,YAF_size_fear.wav,Fear,132,Fear,Surprise,False,0.6215259,0.005883742,0.00076751824,0.32167318,0.046124626,0.0005480201,0.0034770689,0.6215259
6621,tess,YAF,YAF_size_happy.wav,Happy,164,Happy,Fear,False,0.37298918,0.16970296,0.0025234725,0.37298918,0.3126092,0.025275014,0.009158419,0.107741706
6622,tess,YAF,YAF_size_neutral.wav,Neutral,205,Neutral,Fear,False,0.58538353,0.014496122,0.037721056,0.58538353,0.18139733,0.0396327,0.10852791,0.032841332
6623,tess,YAF,YAF_size_ps.wav,Surprise,193,Surprise,Angry,False,0.4455266,0.4455266,0.036633175,0.15554605,0.040297743,0.012202716,0.017781278,0.2920124
6624,tess,YAF,YAF_size_sad.wav,Sad,231,Sad,Fear,False,0.35637176,0.047802817,0.08199503,0.35637176,0.054761652,0.20537606,0.10644599,0.14724663
6625,tess,YAF,YAF_soap_angry.wav,Angry,218,Angry,Fear,False,0.52189326,0.010735045,0.030696612,0.52189326,0.13432404,0.105403565,0.13505884,0.06188864
6626,tess,YAF,YAF_soap_disgust.wav,Disgust,247,Disgust,Neutral,False,0.30091122,0.026041787,0.26775166,0.15114003,0.010674027,0.30091122,0.20904638,0.03443487
6627,tess,YAF,YAF_soap_fear.wav,Fear,168,Fear,Surprise,False,0.85351497,0.001957559,0.00054810534,0.07696458,0.0616656,0.0010681535,0.0042809895,0.85351497
6628,tess,YAF,YAF_soap_happy.wav,Happy,180,Happy,Fear,False,0.36954084,0.029880388,0.017299684,0.36954084,0.1152603,0.2414919,0.10049647,0.12603036
6629,tess,YAF,YAF_soap_neutral.wav,Neutral,205,Neutral,Fear,False,0.46033004,0.008643115,0.10014665,0.46033004,0.106267095,0.105249904,0.1521609,0.067202345
6630,tess,YAF,YAF_soap_ps.wav,Surprise,193,Surprise,Surprise,True,0.6227279,0.008371064,0.039564997,0.17176962,0.03224804,0.03868441,0.086634025,0.6227279
6631,tess,YAF,YAF_soap_sad.wav,Sad,206,Sad,Fear,False,0.36077803,0.0016857528,0.014800822,0.36077803,0.18556641,0.16137849,0.17852406,0.09726643
6632,tess,YAF,YAF_soup_angry.wav,Angry,211,Angry,Fear,False,0.78409564,0.004407857,0.026371116,0.78409564,0.0353738,0.024077673,0.06322608,0.06244783
6633,tess,YAF,YAF_soup_disgust.wav,Disgust,233,Disgust,Fear,False,0.56633246,0.018876722,0.15804702,0.56633246,0.047893934,0.07708484,0.08892288,0.04284211
6634,tess,YAF,YAF_soup_fear.wav,Fear,160,Fear,Surprise,False,0.706949,0.00038888204,0.00013465805,0.21855217,0.07212638,9.999877e-05,0.0017489396,0.706949
6635,tess,YAF,YAF_soup_happy.wav,Happy,151,Happy,Surprise,False,0.27982068,0.11503757,0.0024320493,0.2772516,0.17747153,0.11807407,0.029912509,0.27982068
6636,tess,YAF,YAF_soup_neutral.wav,Neutral,209,Neutral,Neutral,True,0.379598,0.021716984,0.062476017,0.20746961,0.041615516,0.379598,0.2247402,0.062383704
6637,tess,YAF,YAF_soup_ps.wav,Surprise,193,Surprise,Surprise,True,0.43398976,0.009886755,0.023228336,0.31365705,0.08999786,0.046791058,0.08244919,0.43398976
6638,tess,YAF,YAF_soup_sad.wav,Sad,218,Sad,Neutral,False,0.4879638,0.0039959596,0.02878604,0.13216099,0.034158483,0.4879638,0.2844647,0.028470045
6639,tess,YAF,YAF_sour_angry.wav,Angry,209,Angry,Fear,False,0.36366385,0.08635809,0.09094178,0.36366385,0.093555264,0.0917363,0.12377933,0.14996535
6640,tess,YAF,YAF_sour_disgust.wav,Disgust,257,Disgust,Disgust,True,0.5870579,0.2156456,0.5870579,0.04954445,0.02545396,0.071773864,0.026737873,0.023786401
6641,tess,YAF,YAF_sour_fear.wav,Fear,151,Fear,Surprise,False,0.6697687,0.0011184901,0.0007199936,0.27673396,0.048338212,0.00020231686,0.0031182847,0.6697687
6642,tess,YAF,YAF_sour_happy.wav,Happy,180,Happy,Fear,False,0.5550034,0.17364523,0.009152208,0.5550034,0.21053432,0.008906052,0.009849493,0.0329093
6643,tess,YAF,YAF_sour_neutral.wav,Neutral,197,Neutral,Neutral,True,0.3089748,0.024273291,0.09216296,0.30070615,0.067212865,0.3089748,0.14533189,0.06133801
6644,tess,YAF,YAF_sour_ps.wav,Surprise,188,Surprise,Surprise,True,0.6275208,0.12266841,0.09346242,0.093610235,0.025365392,0.017975347,0.019397361,0.6275208
6645,tess,YAF,YAF_sour_sad.wav,Sad,221,Sad,Neutral,False,0.47190437,0.002681556,0.04203798,0.09351545,0.06670547,0.47190437,0.3175168,0.0056384355
6646,tess,YAF,YAF_south_angry.wav,Angry,205,Angry,Fear,False,0.64233077,0.0041957046,0.002226769,0.64233077,0.17768893,0.005817686,0.016535953,0.15120421
6647,tess,YAF,YAF_south_disgust.wav,Disgust,228,Disgust,Fear,False,0.39667338,0.01917001,0.3259234,0.39667338,0.03295299,0.072728,0.11253119,0.040021032
6648,tess,YAF,YAF_south_fear.wav,Fear,170,Fear,Surprise,False,0.6334314,0.0018889653,0.001676073,0.18001874,0.16010539,0.003943435,0.018935993,0.6334314
6649,tess,YAF,YAF_south_happy.wav,Happy,167,Happy,Fear,False,0.32333648,0.065105915,0.0014622301,0.32333648,0.2862402,0.042929452,0.010549344,0.2703763
6650,tess,YAF,YAF_south_neutral.wav,Neutral,196,Neutral,Fear,False,0.43760666,0.011264182,0.09651009,0.43760666,0.049155664,0.18033768,0.105770506,0.1193552
6651,tess,YAF,YAF_south_ps.wav,Surprise,177,Surprise,Surprise,True,0.9275017,0.032735944,0.003640666,0.02708901,0.0049676704,0.0015310018,0.0025340382,0.9275017
6652,tess,YAF,YAF_south_sad.wav,Sad,218,Sad,Neutral,False,0.6608339,0.0071168304,0.022001293,0.06559503,0.053054433,0.6608339,0.15884443,0.032554068
6653,tess,YAF,YAF_sub_angry.wav,Angry,199,Angry,Fear,False,0.689673,0.004665261,0.005073179,0.689673,0.11836393,0.002740064,0.009914578,0.16957
6654,tess,YAF,YAF_sub_disgust.wav,Disgust,247,Disgust,Neutral,False,0.2861486,0.07927063,0.21033716,0.18727787,0.02991295,0.2861486,0.11275706,0.094295755
6655,tess,YAF,YAF_sub_fear.wav,Fear,170,Fear,Surprise,False,0.71390533,0.0012560749,0.0011148927,0.17330965,0.07937616,0.005234666,0.025803281,0.71390533
6656,tess,YAF,YAF_sub_happy.wav,Happy,163,Happy,Fear,False,0.48109174,0.072286345,0.0034404118,0.48109174,0.17028295,0.06753616,0.02053487,0.18482752
6657,tess,YAF,YAF_sub_neutral.wav,Neutral,193,Neutral,Fear,False,0.5242585,0.004048224,0.012963821,0.5242585,0.19535188,0.05640289,0.16318542,0.04378925
6658,tess,YAF,YAF_sub_ps.wav,Surprise,219,Surprise,Fear,False,0.3425232,0.22957514,0.121410035,0.3425232,0.058843218,0.05602722,0.07646326,0.115157865
6659,tess,YAF,YAF_sub_sad.wav,Sad,221,Sad,Neutral,False,0.36848518,0.011877227,0.06344909,0.2765466,0.079897135,0.36848518,0.16596968,0.03377515
6660,tess,YAF,YAF_such_angry.wav,Angry,207,Angry,Fear,False,0.4356014,0.016987244,0.055300377,0.4356014,0.06715405,0.16032794,0.13754818,0.1270808
6661,tess,YAF,YAF_such_disgust.wav,Disgust,247,Disgust,Neutral,False,0.34073335,0.1184881,0.11295821,0.18747924,0.045662235,0.34073335,0.1203354,0.07434347
6662,tess,YAF,YAF_such_fear.wav,Fear,172,Fear,Surprise,False,0.5681266,0.005139032,0.00078907533,0.25256878,0.15739112,0.0060367277,0.009948659,0.5681266
6663,tess,YAF,YAF_such_happy.wav,Happy,177,Happy,Fear,False,0.2807688,0.069061935,0.002887835,0.2807688,0.22401448,0.12440996,0.027323944,0.27153304
6664,tess,YAF,YAF_such_neutral.wav,Neutral,200,Neutral,Fear,False,0.4007098,0.011786271,0.037830476,0.4007098,0.116602205,0.18897364,0.12406792,0.12002976
6665,tess,YAF,YAF_such_ps.wav,Surprise,199,Surprise,Surprise,True,0.49047467,0.020499619,0.030735781,0.33529872,0.039461143,0.032724485,0.050805647,0.49047467
6666,tess,YAF,YAF_such_sad.wav,Sad,228,Sad,Neutral,False,0.6594623,0.018633293,0.015675213,0.11649899,0.06019735,0.6594623,0.09797063,0.03156227
6667,tess,YAF,YAF_sure_angry.wav,Angry,191,Angry,Disgust,False,0.87129974,0.023959566,0.87129974,0.031759527,0.002685698,0.0022236358,0.02029909,0.047772843
6668,tess,YAF,YAF_sure_disgust.wav,Disgust,228,Disgust,Disgust,True,0.38481855,0.06911085,0.38481855,0.099904254,0.014699999,0.1914618,0.15709852,0.08290603
6669,tess,YAF,YAF_sure_fear.wav,Fear,148,Fear,Surprise,False,0.7647646,0.0011214365,0.00029397962,0.18297873,0.047252934,0.0005313041,0.0030570212,0.7647646
6670,tess,YAF,YAF_sure_happy.wav,Happy,157,Happy,Fear,False,0.53941196,0.10953233,0.0031624485,0.53941196,0.17773804,0.013640642,0.0073579014,0.14915666
6671,tess,YAF,YAF_sure_neutral.wav,Neutral,189,Neutral,Fear,False,0.3605793,0.009455865,0.21745044,0.3605793,0.07927352,0.021633469,0.16014065,0.15146673
6672,tess,YAF,YAF_sure_ps.wav,Surprise,212,Surprise,Surprise,True,0.4828336,0.107348114,0.064093016,0.25425857,0.024077289,0.026860412,0.04052908,0.4828336
6673,tess,YAF,YAF_sure_sad.wav,Sad,209,Sad,Fear,False,0.4538346,0.016957115,0.1831953,0.4538346,0.06309218,0.07050945,0.073090024,0.1393213
6674,tess,YAF,YAF_take_angry.wav,Angry,209,Angry,Fear,False,0.52443594,0.011856331,0.023824804,0.52443594,0.09493331,0.0066269445,0.0214727,0.31684998
6675,tess,YAF,YAF_take_disgust.wav,Disgust,199,Disgust,Disgust,True,0.29458287,0.18463963,0.29458287,0.20570773,0.012159687,0.098684154,0.09732697,0.106898926
6676,tess,YAF,YAF_take_fear.wav,Fear,168,Fear,Surprise,False,0.49355286,0.0014372051,0.0033981453,0.3695954,0.08363435,0.0076393583,0.040742673,0.49355286
6677,tess,YAF,YAF_take_happy.wav,Happy,145,Happy,Surprise,False,0.3514444,0.19947198,0.0021875207,0.2908706,0.12158283,0.02661356,0.007829074,0.3514444
6678,tess,YAF,YAF_take_neutral.wav,Neutral,186,Neutral,Fear,False,0.29611778,0.00915987,0.1058173,0.29611778,0.09208527,0.091446154,0.2921005,0.11327316
6679,tess,YAF,YAF_take_ps.wav,Surprise,212,Surprise,Angry,False,0.5612735,0.5612735,0.043029457,0.057082452,0.009018916,0.069505766,0.023995647,0.23609425
6680,tess,YAF,YAF_take_sad.wav,Sad,189,Sad,Fear,False,0.46006247,0.013887093,0.12332941,0.46006247,0.03630242,0.028329736,0.12209485,0.21599391
6681,tess,YAF,YAF_talk_angry.wav,Angry,202,Angry,Fear,False,0.45494387,0.013657583,0.1837351,0.45494387,0.058490645,0.040830873,0.12255762,0.12578423
6682,tess,YAF,YAF_talk_disgust.wav,Disgust,221,Disgust,Neutral,False,0.25958636,0.12482017,0.23348342,0.17018102,0.01947268,0.25958636,0.17154554,0.020910783
6683,tess,YAF,YAF_talk_fear.wav,Fear,170,Fear,Surprise,False,0.8212312,0.0015788913,0.00029259286,0.13411891,0.03971362,0.00032605082,0.0027387438,0.8212312
6684,tess,YAF,YAF_talk_happy.wav,Happy,157,Happy,Angry,False,0.51065147,0.51065147,0.0013505043,0.1446089,0.17497772,0.0192854,0.0037648985,0.14536108
6685,tess,YAF,YAF_talk_neutral.wav,Neutral,205,Neutral,Fear,False,0.28222787,0.017031278,0.1930856,0.28222787,0.08258524,0.15177819,0.19964334,0.07364853
6686,tess,YAF,YAF_talk_ps.wav,Surprise,183,Surprise,Surprise,True,0.6602666,0.036433864,0.011746599,0.17934479,0.093598,0.0071306643,0.011479433,0.6602666
6687,tess,YAF,YAF_talk_sad.wav,Sad,209,Sad,Neutral,False,0.67699564,0.010077624,0.022556257,0.050422173,0.051152945,0.67699564,0.160174,0.028621312
6688,tess,YAF,YAF_tape_angry.wav,Angry,233,Angry,Fear,False,0.7459824,0.0045620906,0.058495454,0.7459824,0.044571903,0.023107274,0.06843749,0.054843374
6689,tess,YAF,YAF_tape_disgust.wav,Disgust,250,Disgust,Disgust,True,0.37743583,0.038926672,0.37743583,0.07551639,0.0034344525,0.25337034,0.22943309,0.021883165
6690,tess,YAF,YAF_tape_fear.wav,Fear,183,Fear,Surprise,False,0.8963455,0.0006077807,0.00049682264,0.07439417,0.025911028,0.00019274344,0.0020519556,0.8963455
6691,tess,YAF,YAF_tape_happy.wav,Happy,154,Happy,Surprise,False,0.3052863,0.267285,0.0027457862,0.29012594,0.08957339,0.035240017,0.009743579,0.3052863
6692,tess,YAF,YAF_tape_neutral.wav,Neutral,198,Neutral,Fear,False,0.4278918,0.005175454,0.08121961,0.4278918,0.068864286,0.011916931,0.088620156,0.31631178
6693,tess,YAF,YAF_tape_ps.wav,Surprise,195,Surprise,Surprise,True,0.45765752,0.022704128,0.016845008,0.24751924,0.11685526,0.073255554,0.06516328,0.45765752
6694,tess,YAF,YAF_tape_sad.wav,Sad,230,Sad,Neutral,False,0.4288937,0.008969397,0.027045406,0.13220602,0.037946913,0.4288937,0.3430066,0.02193198
6695,tess,YAF,YAF_team_angry.wav,Angry,218,Angry,Fear,False,0.52859235,0.010165262,0.058457002,0.52859235,0.062974885,0.116500415,0.1747389,0.04857121
6696,tess,YAF,YAF_team_disgust.wav,Disgust,250,Disgust,Neutral,False,0.4525461,0.063248314,0.1840269,0.046901945,0.0085079195,0.4525461,0.23587029,0.008898552
6697,tess,YAF,YAF_team_fear.wav,Fear,177,Fear,Fear,True,0.5073101,0.0007791034,0.0015432576,0.5073101,0.04806284,0.00041383115,0.013632015,0.42825893
6698,tess,YAF,YAF_team_happy.wav,Happy,191,Happy,Fear,False,0.48207548,0.047750376,0.019807247,0.48207548,0.08587415,0.17695777,0.16632226,0.021212677
6699,tess,YAF,YAF_team_neutral.wav,Neutral,216,Neutral,Neutral,True,0.34649757,0.074401796,0.14961804,0.12333107,0.021505127,0.34649757,0.2674843,0.017162114
6700,tess,YAF,YAF_team_ps.wav,Surprise,185,Surprise,Surprise,True,0.31114456,0.07144225,0.031278394,0.22576977,0.101263106,0.17138925,0.08771264,0.31114456
6701,tess,YAF,YAF_team_sad.wav,Sad,225,Sad,Sad,True,0.431838,0.0023058525,0.024398074,0.12150722,0.024588885,0.37750638,0.431838,0.017855583
6702,tess,YAF,YAF_tell_angry.wav,Angry,214,Angry,Fear,False,0.57452774,0.01530917,0.16998397,0.57452774,0.06454269,0.026533587,0.06984517,0.07925767
6703,tess,YAF,YAF_tell_disgust.wav,Disgust,233,Disgust,Disgust,True,0.2622867,0.10468062,0.2622867,0.16616677,0.016331078,0.25842988,0.15609688,0.036008127
6704,tess,YAF,YAF_tell_fear.wav,Fear,167,Fear,Surprise,False,0.78089315,0.0065235174,0.004219965,0.17405671,0.028339218,0.00048469115,0.0054827277,0.78089315
6705,tess,YAF,YAF_tell_happy.wav,Happy,176,Happy,Fear,False,0.6874715,0.09189616,0.0076535535,0.6874715,0.16580366,0.0068437182,0.013533882,0.026797479
6706,tess,YAF,YAF_tell_neutral.wav,Neutral,223,Neutral,Disgust,False,0.78391445,0.020188479,0.78391445,0.03502819,0.0063908687,0.042695887,0.09793563,0.01384658
6707,tess,YAF,YAF_tell_ps.wav,Surprise,185,Surprise,Surprise,True,0.5522641,0.12320811,0.039549626,0.15149756,0.087006584,0.023410082,0.023063995,0.5522641
6708,tess,YAF,YAF_tell_sad.wav,Sad,221,Sad,Neutral,False,0.5850562,0.0031026644,0.09321754,0.032064784,0.0062483316,0.5850562,0.27689403,0.0034164593
6709,tess,YAF,YAF_thin_angry.wav,Angry,221,Angry,Fear,False,0.5418136,0.023480356,0.03859448,0.5418136,0.068157494,0.15384334,0.12612008,0.047990616
6710,tess,YAF,YAF_thin_disgust.wav,Disgust,253,Disgust,Disgust,True,0.61663425,0.0215274,0.61663425,0.066951595,0.0040759444,0.11479556,0.16377339,0.012241852
6711,tess,YAF,YAF_thin_fear.wav,Fear,162,Fear,Surprise,False,0.70182514,0.002741545,0.001684035,0.24355128,0.038908757,0.00061648124,0.010672696,0.70182514
6712,tess,YAF,YAF_thin_happy.wav,Happy,178,Happy,Fear,False,0.29673275,0.030385641,0.0028424214,0.29673275,0.19409461,0.29365686,0.08806001,0.0942277
6713,tess,YAF,YAF_thin_neutral.wav,Neutral,215,Neutral,Neutral,True,0.30643573,0.05600835,0.25797302,0.1310279,0.022214066,0.30643573,0.17545463,0.050886277
6714,tess,YAF,YAF_thin_ps.wav,Surprise,185,Surprise,Surprise,True,0.74641216,0.024511551,0.01604052,0.11684416,0.042405594,0.027695455,0.026090642,0.74641216
6715,tess,YAF,YAF_thin_sad.wav,Sad,227,Sad,Neutral,False,0.80311495,0.0020847977,0.011461885,0.012891048,0.0050642113,0.80311495,0.16289254,0.002490512
6716,tess,YAF,YAF_third_angry.wav,Angry,209,Angry,Disgust,False,0.56615275,0.006285351,0.56615275,0.0974353,0.0037528481,0.055113632,0.25984642,0.011413743
6717,tess,YAF,YAF_third_disgust.wav,Disgust,241,Disgust,Disgust,True,0.8523066,0.03856579,0.8523066,0.019065209,0.0022088827,0.026922982,0.04844799,0.012482485
6718,tess,YAF,YAF_third_fear.wav,Fear,163,Fear,Surprise,False,0.7368276,0.00060245546,0.00022814244,0.18664637,0.072234936,0.00034864453,0.003111791,0.7368276
6719,tess,YAF,YAF_third_happy.wav,Happy,178,Happy,Surprise,False,0.31880972,0.0085375765,0.0017441339,0.27125996,0.31813812,0.029255688,0.052254893,0.31880972
6720,tess,YAF,YAF_third_neutral.wav,Neutral,183,Neutral,Sad,False,0.5364292,0.0040454706,0.073096246,0.06701908,0.10659257,0.17412755,0.5364292,0.03868984
6721,tess,YAF,YAF_third_ps.wav,Surprise,218,Surprise,Surprise,True,0.38941818,0.34139967,0.14483763,0.069658466,0.007836781,0.016345328,0.03050396,0.38941818
6722,tess,YAF,YAF_third_sad.wav,Sad,221,Sad,Neutral,False,0.3781553,0.025062492,0.10329346,0.18164703,0.0705715,0.3781553,0.17899151,0.062278777
6723,tess,YAF,YAF_thought_angry.wav,Angry,209,Angry,Fear,False,0.43581396,0.02320973,0.07809581,0.43581396,0.060069244,0.15450144,0.1344728,0.11383706
6724,tess,YAF,YAF_thought_disgust.wav,Disgust,244,Disgust,Disgust,True,0.45874563,0.044588737,0.45874563,0.11151024,0.009856075,0.22211562,0.11783623,0.035347532
6725,tess,YAF,YAF_thought_fear.wav,Fear,180,Fear,Surprise,False,0.7171325,0.000987062,0.0003924272,0.1832852,0.0924642,0.0009126337,0.004825963,0.7171325
6726,tess,YAF,YAF_thought_happy.wav,Happy,151,Happy,Angry,False,0.42258406,0.42258406,0.0016043106,0.09399957,0.12306997,0.01438328,0.0036905974,0.34066814
6727,tess,YAF,YAF_thought_neutral.wav,Neutral,216,Neutral,Disgust,False,0.40539634,0.017615551,0.40539634,0.14815561,0.01576866,0.11085498,0.11906561,0.18314327
6728,tess,YAF,YAF_thought_ps.wav,Surprise,183,Surprise,Surprise,True,0.61828715,0.044383425,0.019798389,0.17555766,0.09354797,0.025796652,0.022628756,0.61828715
6729,tess,YAF,YAF_thought_sad.wav,Sad,212,Sad,Neutral,False,0.43670577,0.010727241,0.08104761,0.056827337,0.099900566,0.43670577,0.26427597,0.05051552
6730,tess,YAF,YAF_thumb_angry.wav,Angry,202,Angry,Fear,False,0.33135816,0.011385767,0.07748434,0.33135816,0.078092135,0.22184551,0.21149929,0.068334796
6731,tess,YAF,YAF_thumb_disgust.wav,Disgust,228,Disgust,Neutral,False,0.38060093,0.073399104,0.15577352,0.2201549,0.018092891,0.38060093,0.121136546,0.030842159
6732,tess,YAF,YAF_thumb_fear.wav,Fear,151,Fear,Surprise,False,0.5767378,0.003129073,0.00044165843,0.15374285,0.24288072,0.013459427,0.009608434,0.5767378
6733,tess,YAF,YAF_thumb_happy.wav,Happy,172,Happy,Fear,False,0.56742406,0.09967399,0.0116488375,0.56742406,0.065193534,0.034603715,0.03342283,0.18803298
6734,tess,YAF,YAF_thumb_neutral.wav,Neutral,199,Neutral,Disgust,False,0.26867628,0.024953172,0.26867628,0.254347,0.024394324,0.1825386,0.21026395,0.034826655
6735,tess,YAF,YAF_thumb_ps.wav,Surprise,188,Surprise,Surprise,True,0.76923853,0.040930286,0.02987427,0.105101995,0.027348831,0.013937236,0.013568846,0.76923853
6736,tess,YAF,YAF_thumb_sad.wav,Sad,216,Sad,Neutral,False,0.55288327,0.0026029602,0.012049334,0.06947648,0.047796845,0.55288327,0.30835816,0.0068329973
6737,tess,YAF,YAF_time_angry.wav,Angry,202,Angry,Fear,False,0.53852236,0.024187699,0.04453682,0.53852236,0.122304134,0.029816605,0.035025526,0.20560682
6738,tess,YAF,YAF_time_disgust.wav,Disgust,250,Disgust,Disgust,True,0.34916145,0.04428337,0.34916145,0.2554318,0.01746894,0.14288957,0.16920887,0.021556033
6739,tess,YAF,YAF_time_fear.wav,Fear,180,Fear,Surprise,False,0.75915414,0.00071663054,0.00037505288,0.17940028,0.056802627,0.00027862287,0.0032725972,0.75915414
6740,tess,YAF,YAF_time_happy.wav,Happy,179,Happy,Fear,False,0.5265442,0.09930251,0.031760134,0.5265442,0.06503299,0.09006376,0.06409846,0.12319793
6741,tess,YAF,YAF_time_neutral.wav,Neutral,208,Neutral,Disgust,False,0.32236555,0.0313742,0.32236555,0.23435783,0.01961312,0.16181171,0.21712904,0.013348579
6742,tess,YAF,YAF_time_ps.wav,Surprise,193,Surprise,Surprise,True,0.5476206,0.16177404,0.030477105,0.13562989,0.057488322,0.045661155,0.021348907,0.5476206
6743,tess,YAF,YAF_time_sad.wav,Sad,219,Sad,Sad,True,0.43855283,0.0028046279,0.040999897,0.22484325,0.045988705,0.23994617,0.43855283,0.0068644686
6744,tess,YAF,YAF_tip_angry.wav,Angry,189,Angry,Fear,False,0.53314745,0.011407647,0.06134291,0.53314745,0.05414256,0.023620434,0.07493097,0.241408
6745,tess,YAF,YAF_tip_disgust.wav,Disgust,233,Disgust,Disgust,True,0.6388996,0.041871402,0.6388996,0.06469589,0.0033109689,0.08331815,0.10084321,0.0670607
6746,tess,YAF,YAF_tip_fear.wav,Fear,157,Fear,Surprise,False,0.6959203,0.0025577485,0.0019167489,0.22065488,0.061005894,0.00462519,0.013319253,0.6959203
6747,tess,YAF,YAF_tip_happy.wav,Happy,180,Happy,Surprise,False,0.79115516,0.0063504083,0.0019626156,0.12357434,0.06657554,0.0024280804,0.007953807,0.79115516
6748,tess,YAF,YAF_tip_neutral.wav,Neutral,198,Neutral,Neutral,True,0.43194532,0.01269452,0.0618869,0.15140614,0.052238654,0.43194532,0.18593256,0.10389592
6749,tess,YAF,YAF_tip_ps.wav,Surprise,201,Surprise,Surprise,True,0.57820076,0.042057775,0.037782457,0.19168013,0.06580734,0.025546122,0.058925446,0.57820076
6750,tess,YAF,YAF_tip_sad.wav,Sad,205,Sad,Surprise,False,0.32703504,0.008715883,0.06265935,0.2706549,0.043062005,0.09488157,0.19299124,0.32703504
6751,tess,YAF,YAF_tire_angry.wav,Angry,199,Angry,Disgust,False,0.49133894,0.011651525,0.49133894,0.23769554,0.016099246,0.027769376,0.120813504,0.0946319
6752,tess,YAF,YAF_tire_disgust.wav,Disgust,250,Disgust,Disgust,True,0.68130803,0.061149072,0.68130803,0.085910276,0.013952038,0.06701975,0.075899,0.01476182
6753,tess,YAF,YAF_tire_fear.wav,Fear,173,Fear,Surprise,False,0.88311744,0.0022713784,0.0047933664,0.10050515,0.0056684553,0.000118997006,0.0035251956,0.88311744
6754,tess,YAF,YAF_tire_happy.wav,Happy,182,Happy,Angry,False,0.44351172,0.44351172,0.015357334,0.32754892,0.10143593,0.028803986,0.013980575,0.06936152
6755,tess,YAF,YAF_tire_neutral.wav,Neutral,193,Neutral,Neutral,True,0.29481405,0.11021439,0.21041322,0.18761887,0.050868668,0.29481405,0.10167497,0.04439583
6756,tess,YAF,YAF_tire_ps.wav,Surprise,192,Surprise,Surprise,True,0.5695769,0.038819984,0.008667511,0.19434586,0.1590807,0.01774048,0.01176856,0.5695769
6757,tess,YAF,YAF_tire_sad.wav,Sad,215,Sad,Fear,False,0.3606709,0.009418376,0.07243814,0.3606709,0.08792867,0.19374184,0.26144013,0.014361945
6758,tess,YAF,YAF_ton_angry.wav,Angry,205,Angry,Fear,False,0.45689905,0.014618719,0.07455209,0.45689905,0.061003312,0.06949055,0.11068259,0.2127537
6759,tess,YAF,YAF_ton_disgust.wav,Disgust,224,Disgust,Fear,False,0.60076654,0.02016072,0.19292985,0.60076654,0.029181149,0.02259412,0.06447571,0.0698919
6760,tess,YAF,YAF_ton_fear.wav,Fear,177,Fear,Fear,True,0.63615346,0.0023840002,0.0022455717,0.63615346,0.09265826,0.0010695623,0.014541376,0.25094774
6761,tess,YAF,YAF_ton_happy.wav,Happy,167,Happy,Fear,False,0.7717527,0.030640218,0.004112704,0.7717527,0.07718944,0.027837481,0.022276197,0.06619115
6762,tess,YAF,YAF_ton_neutral.wav,Neutral,208,Neutral,Sad,False,0.37623015,0.009269159,0.30114564,0.08922394,0.007729692,0.20429173,0.37623015,0.0121097565
6763,tess,YAF,YAF_ton_ps.wav,Surprise,180,Surprise,Surprise,True,0.43583953,0.0948906,0.014777427,0.2135905,0.072438404,0.13112202,0.037341487,0.43583953
6764,tess,YAF,YAF_ton_sad.wav,Sad,217,Sad,Neutral,False,0.49101356,0.0015910909,0.028733205,0.060692254,0.012457237,0.49101356,0.39854747,0.0069651525
6765,tess,YAF,YAF_tool_angry.wav,Angry,198,Angry,Fear,False,0.4564743,0.014918365,0.10432632,0.4564743,0.060073223,0.10800186,0.16742876,0.088777095
6766,tess,YAF,YAF_tool_disgust.wav,Disgust,247,Disgust,Disgust,True,0.30709147,0.06231344,0.30709147,0.1878392,0.02257012,0.22243877,0.12023943,0.07750761
6767,tess,YAF,YAF_tool_fear.wav,Fear,183,Fear,Fear,True,0.605634,0.0024882227,0.0036910626,0.605634,0.09021526,0.0010415857,0.013723293,0.28320664
6768,tess,YAF,YAF_tool_happy.wav,Happy,160,Happy,Fear,False,0.54931146,0.15706325,0.004637245,0.54931146,0.15835688,0.013484124,0.0078025823,0.109344475
6769,tess,YAF,YAF_tool_neutral.wav,Neutral,211,Neutral,Disgust,False,0.48677182,0.019499011,0.48677182,0.116097145,0.008961441,0.18414856,0.15675136,0.027770625
6770,tess,YAF,YAF_tool_ps.wav,Surprise,169,Surprise,Surprise,True,0.5485374,0.24857233,0.009045116,0.15636158,0.023857685,0.00886202,0.004763844,0.5485374
6771,tess,YAF,YAF_tool_sad.wav,Sad,218,Sad,Neutral,False,0.66011107,0.0073768855,0.08439216,0.029512579,0.0038298122,0.66011107,0.21175899,0.003018487
6772,tess,YAF,YAF_tough_angry.wav,Angry,199,Angry,Fear,False,0.43604204,0.0059688217,0.15676466,0.43604204,0.02459613,0.011764936,0.05390982,0.31095365
6773,tess,YAF,YAF_tough_disgust.wav,Disgust,225,Disgust,Disgust,True,0.23356795,0.1328395,0.23356795,0.18447259,0.028130133,0.23238914,0.13490656,0.053694174
6774,tess,YAF,YAF_tough_fear.wav,Fear,161,Fear,Surprise,False,0.7705994,0.004801133,0.0011618648,0.14237702,0.07197034,0.0032611592,0.005829034,0.7705994
6775,tess,YAF,YAF_tough_happy.wav,Happy,138,Happy,Fear,False,0.33465084,0.20758273,0.0022657432,0.33465084,0.11683779,0.026449371,0.0057938364,0.30641967
6776,tess,YAF,YAF_tough_neutral.wav,Neutral,173,Neutral,Neutral,True,0.27927285,0.024894783,0.19439654,0.088717885,0.017737836,0.27927285,0.2606744,0.13430575
6777,tess,YAF,YAF_tough_ps.wav,Surprise,205,Surprise,Surprise,True,0.51093584,0.15688317,0.0317432,0.2511114,0.029490223,0.007917356,0.011918771,0.51093584
6778,tess,YAF,YAF_tough_sad.wav,Sad,193,Sad,Surprise,False,0.2792873,0.010865664,0.07558279,0.24188773,0.08141016,0.14312094,0.16784543,0.2792873
6779,tess,YAF,YAF_turn_angry.wav,Angry,202,Angry,Fear,False,0.3491034,0.01071763,0.2339793,0.3491034,0.031842902,0.064457715,0.16160429,0.1482948
6780,tess,YAF,YAF_turn_disgust.wav,Disgust,256,Disgust,Disgust,True,0.64577985,0.037539307,0.64577985,0.016547784,0.0024980628,0.1992691,0.09392962,0.0044363462
6781,tess,YAF,YAF_turn_fear.wav,Fear,183,Fear,Surprise,False,0.4552025,0.0067070597,0.014162513,0.43625847,0.059904262,0.003092056,0.0246732,0.4552025
6782,tess,YAF,YAF_turn_happy.wav,Happy,164,Happy,Fear,False,0.65783966,0.042344503,0.005978538,0.65783966,0.10545701,0.014009711,0.015148792,0.15922184
6783,tess,YAF,YAF_turn_neutral.wav,Neutral,208,Neutral,Disgust,False,0.6376993,0.0076633864,0.6376993,0.072612695,0.008774995,0.060228284,0.17123961,0.041781686
6784,tess,YAF,YAF_turn_ps.wav,Surprise,175,Surprise,Surprise,True,0.7589809,0.059928145,0.006110179,0.10890664,0.04465496,0.01316404,0.00825519,0.7589809
6785,tess,YAF,YAF_turn_sad.wav,Sad,221,Sad,Sad,True,0.5899631,0.0010315012,0.12481417,0.08592154,0.008278862,0.18643574,0.5899631,0.0035550785
6786,tess,YAF,YAF_vine_angry.wav,Angry,218,Angry,Fear,False,0.7252724,0.016979668,0.028049331,0.7252724,0.0927425,0.03666624,0.03566714,0.06462265
6787,tess,YAF,YAF_vine_disgust.wav,Disgust,245,Disgust,Disgust,True,0.49279878,0.0243107,0.49279878,0.13463041,0.0083580585,0.104233555,0.16315225,0.07251628
6788,tess,YAF,YAF_vine_fear.wav,Fear,157,Fear,Surprise,False,0.47861186,0.007345773,0.00034433277,0.3638405,0.13754965,0.0016076929,0.010700208,0.47861186
6789,tess,YAF,YAF_vine_happy.wav,Happy,178,Happy,Neutral,False,0.41972512,0.04291587,0.012825646,0.17957775,0.07376618,0.41972512,0.21916662,0.052022766
6790,tess,YAF,YAF_vine_neutral.wav,Neutral,197,Neutral,Fear,False,0.33649603,0.0133779785,0.19195245,0.33649603,0.05398289,0.13882525,0.20166375,0.06370167
6791,tess,YAF,YAF_vine_ps.wav,Surprise,231,Surprise,Angry,False,0.63776225,0.63776225,0.03401824,0.08099311,0.018748889,0.032367133,0.01576448,0.18034585
6792,tess,YAF,YAF_vine_sad.wav,Sad,216,Sad,Neutral,False,0.39199087,0.022490658,0.026576918,0.29013282,0.11046951,0.39199087,0.12069112,0.037648022
6793,tess,YAF,YAF_voice_angry.wav,Angry,237,Angry,Fear,False,0.44882494,0.009230832,0.04173303,0.44882494,0.070968635,0.043448582,0.09134471,0.29444924
6794,tess,YAF,YAF_voice_disgust.wav,Disgust,260,Disgust,Disgust,True,0.26033187,0.03390044,0.26033187,0.19868486,0.020018846,0.2426376,0.18110503,0.06332143
6795,tess,YAF,YAF_voice_fear.wav,Fear,164,Fear,Surprise,False,0.6589778,0.0007295815,0.00018856158,0.27415484,0.0625916,0.00013131308,0.0032262472,0.6589778
6796,tess,YAF,YAF_voice_happy.wav,Happy,161,Happy,Happy,True,0.3394816,0.049628843,0.00198567,0.3180818,0.3394816,0.025318466,0.011939789,0.2535638
6797,tess,YAF,YAF_voice_neutral.wav,Neutral,231,Neutral,Fear,False,0.36746827,0.021500504,0.22795132,0.36746827,0.035757758,0.12569472,0.12405004,0.097577445
6798,tess,YAF,YAF_voice_ps.wav,Surprise,177,Surprise,Surprise,True,0.57927394,0.015392907,0.002913839,0.32595944,0.0636795,0.0038402183,0.008940141,0.57927394
6799,tess,YAF,YAF_voice_sad.wav,Sad,218,Sad,Neutral,False,0.5530548,0.0047935257,0.010703535,0.056675557,0.10198911,0.5530548,0.22406621,0.04871722
6800,tess,YAF,YAF_void_angry.wav,Angry,212,Angry,Fear,False,0.44024473,0.018581402,0.026042687,0.44024473,0.040815856,0.013492979,0.031923354,0.42889905
6801,tess,YAF,YAF_void_disgust.wav,Disgust,244,Disgust,Disgust,True,0.4652056,0.026874557,0.4652056,0.119305596,0.009729943,0.11009742,0.24295492,0.025831917
6802,tess,YAF,YAF_void_fear.wav,Fear,180,Fear,Surprise,False,0.6938165,0.0014940121,0.00086013286,0.16410041,0.11344989,0.0031996865,0.023079421,0.6938165
6803,tess,YAF,YAF_void_happy.wav,Happy,180,Happy,Happy,True,0.40261054,0.17218706,0.007990358,0.32108617,0.40261054,0.017484568,0.025410242,0.05323109
6804,tess,YAF,YAF_void_neutral.wav,Neutral,217,Neutral,Disgust,False,0.52730006,0.014569631,0.52730006,0.072904155,0.021613877,0.12132303,0.21658759,0.025701728
6805,tess,YAF,YAF_void_ps.wav,Surprise,183,Surprise,Surprise,True,0.69937474,0.029697673,0.015777059,0.12435756,0.063813,0.032943364,0.034036566,0.69937474
6806,tess,YAF,YAF_void_sad.wav,Sad,218,Sad,Neutral,False,0.6153989,0.010880325,0.030588295,0.0750499,0.034079075,0.6153989,0.20089991,0.0331036
6807,tess,YAF,YAF_vote_angry.wav,Angry,212,Angry,Fear,False,0.5508623,0.007203613,0.033584673,0.5508623,0.048605986,0.034022193,0.08567871,0.2400425
6808,tess,YAF,YAF_vote_disgust.wav,Disgust,234,Disgust,Fear,False,0.31421125,0.019260207,0.22448103,0.31421125,0.02622515,0.11741252,0.15076831,0.14764154
6809,tess,YAF,YAF_vote_fear.wav,Fear,167,Fear,Surprise,False,0.7805976,0.0016925542,0.0007564674,0.13479799,0.071008295,0.002079662,0.009067387,0.7805976
6810,tess,YAF,YAF_vote_happy.wav,Happy,177,Happy,Fear,False,0.33994496,0.038169704,0.004659549,0.33994496,0.31052008,0.05702221,0.028688518,0.22099496
6811,tess,YAF,YAF_vote_neutral.wav,Neutral,204,Neutral,Fear,False,0.59314007,0.008524574,0.097113624,0.59314007,0.08967227,0.049247067,0.12269457,0.039607774
6812,tess,YAF,YAF_vote_ps.wav,Surprise,199,Surprise,Surprise,True,0.7038489,0.010767824,0.015023965,0.10459947,0.053562254,0.054770395,0.05742718,0.7038489
6813,tess,YAF,YAF_vote_sad.wav,Sad,215,Sad,Neutral,False,0.63315445,0.010007192,0.015781375,0.117876075,0.06508598,0.63315445,0.13347676,0.02461816
6814,tess,YAF,YAF_wag_angry.wav,Angry,221,Angry,Fear,False,0.6473999,0.003401863,0.013863577,0.6473999,0.057288267,0.0389871,0.21406113,0.02499813
6815,tess,YAF,YAF_wag_disgust.wav,Disgust,250,Disgust,Neutral,False,0.2999788,0.04092788,0.27063122,0.091889024,0.012865981,0.2999788,0.26130265,0.02240452
6816,tess,YAF,YAF_wag_fear.wav,Fear,186,Fear,Surprise,False,0.37382028,0.013153436,0.0017535882,0.28572643,0.27874228,0.016500866,0.030303042,0.37382028
6817,tess,YAF,YAF_wag_happy.wav,Happy,173,Happy,Happy,True,0.37349775,0.025810191,0.0036657625,0.2405114,0.37349775,0.13608435,0.1030285,0.11740208
6818,tess,YAF,YAF_wag_neutral.wav,Neutral,210,Neutral,Fear,False,0.3815133,0.012368977,0.22144741,0.3815133,0.015981205,0.09812522,0.242521,0.028042926
6819,tess,YAF,YAF_wag_ps.wav,Surprise,161,Surprise,Surprise,True,0.50788796,0.19562656,0.0019068808,0.09413821,0.10414704,0.07820654,0.01808682,0.50788796
6820,tess,YAF,YAF_wag_sad.wav,Sad,212,Sad,Neutral,False,0.5408089,0.0035299137,0.009481373,0.04336836,0.06620018,0.5408089,0.31852093,0.018090336
6821,tess,YAF,YAF_walk_angry.wav,Angry,205,Angry,Sad,False,0.3275516,0.013240472,0.14466612,0.32457277,0.03825838,0.044535384,0.3275516,0.10717526
6822,tess,YAF,YAF_walk_disgust.wav,Disgust,225,Disgust,Disgust,True,0.27736396,0.09439648,0.27736396,0.09141627,0.027702473,0.2152369,0.2657761,0.02810786
6823,tess,YAF,YAF_walk_fear.wav,Fear,145,Fear,Surprise,False,0.5020717,0.0127406,0.0015579673,0.23310032,0.22164078,0.015990911,0.012897724,0.5020717
6824,tess,YAF,YAF_walk_happy.wav,Happy,170,Happy,Happy,True,0.44973072,0.060714852,0.0020876678,0.33511335,0.44973072,0.05367251,0.03033911,0.068341725
6825,tess,YAF,YAF_walk_neutral.wav,Neutral,199,Neutral,Disgust,False,0.25359768,0.040297832,0.25359768,0.12176086,0.048708033,0.17756896,0.15611537,0.2019513
6826,tess,YAF,YAF_walk_ps.wav,Surprise,173,Surprise,Surprise,True,0.75034606,0.022347236,0.006824288,0.11103501,0.072679855,0.017540485,0.01922702,0.75034606
6827,tess,YAF,YAF_walk_sad.wav,Sad,215,Sad,Neutral,False,0.39708364,0.007529304,0.0881878,0.109500684,0.063759,0.39708364,0.29450223,0.03943729
6828,tess,YAF,YAF_wash_angry.wav,Angry,217,Angry,Fear,False,0.47432703,0.042296447,0.022372322,0.47432703,0.11191988,0.038567796,0.043832615,0.26668397
6829,tess,YAF,YAF_wash_disgust.wav,Disgust,250,Disgust,Fear,False,0.3267099,0.03139874,0.2681611,0.3267099,0.053693753,0.12387331,0.1600579,0.036105316
6830,tess,YAF,YAF_wash_fear.wav,Fear,173,Fear,Fear,True,0.55538887,0.0012017554,0.0005460767,0.55538887,0.1134504,0.0003570911,0.0041455063,0.32491025
6831,tess,YAF,YAF_wash_happy.wav,Happy,180,Happy,Fear,False,0.39911473,0.036162302,0.008477847,0.39911473,0.3140668,0.07786491,0.07509912,0.08921425
6832,tess,YAF,YAF_wash_neutral.wav,Neutral,202,Neutral,Fear,False,0.67284054,0.018166969,0.035631996,0.67284054,0.18200578,0.016074685,0.030695133,0.044584937
6833,tess,YAF,YAF_wash_ps.wav,Surprise,196,Surprise,Surprise,True,0.43462434,0.033511754,0.007905633,0.33632803,0.16274656,0.008953785,0.015929896,0.43462434
6834,tess,YAF,YAF_wash_sad.wav,Sad,237,Sad,Neutral,False,0.31885234,0.013004692,0.071864,0.29008576,0.1138793,0.31885234,0.15345514,0.038858816
6835,tess,YAF,YAF_week_angry.wav,Angry,193,Angry,Fear,False,0.64553046,0.0063864323,0.019001415,0.64553046,0.10458387,0.025045114,0.07555405,0.12389856
6836,tess,YAF,YAF_week_disgust.wav,Disgust,215,Disgust,Fear,False,0.39837274,0.017120654,0.22064911,0.39837274,0.007842873,0.1318622,0.20187028,0.022282092
6837,tess,YAF,YAF_week_fear.wav,Fear,157,Fear,Surprise,False,0.4559721,0.0059622275,0.0022689793,0.36441144,0.1406407,0.013624474,0.0171201,0.4559721
6838,tess,YAF,YAF_week_happy.wav,Happy,145,Happy,Surprise,False,0.48610207,0.026171941,0.004501696,0.16664861,0.08615495,0.13164395,0.0987768,0.48610207
6839,tess,YAF,YAF_week_neutral.wav,Neutral,177,Neutral,Fear,False,0.4208344,0.0057531223,0.21437761,0.4208344,0.011782818,0.022800606,0.15064633,0.17380516
6840,tess,YAF,YAF_week_ps.wav,Surprise,205,Surprise,Surprise,True,0.3378584,0.19845016,0.022150507,0.20621781,0.028276997,0.14852968,0.05851646,0.3378584
6841,tess,YAF,YAF_week_sad.wav,Sad,205,Sad,Neutral,False,0.3941469,0.0069868565,0.01019244,0.10369801,0.14501168,0.3941469,0.27301684,0.06694732
6842,tess,YAF,YAF_wheat_angry.wav,Angry,204,Angry,Fear,False,0.78536123,0.008008595,0.027796762,0.78536123,0.038592417,0.028525835,0.053270154,0.058444913
6843,tess,YAF,YAF_wheat_disgust.wav,Disgust,237,Disgust,Neutral,False,0.3380355,0.05028449,0.18040228,0.14420001,0.01205654,0.3380355,0.22926803,0.045753144
6844,tess,YAF,YAF_wheat_fear.wav,Fear,173,Fear,Surprise,False,0.515596,0.002372543,0.0055397404,0.32954603,0.094832845,0.006819598,0.045293286,0.515596
6845,tess,YAF,YAF_wheat_happy.wav,Happy,180,Happy,Fear,False,0.3685846,0.0548975,0.005652217,0.3685846,0.2300928,0.12807423,0.114717335,0.09798132
6846,tess,YAF,YAF_wheat_neutral.wav,Neutral,202,Neutral,Sad,False,0.42636305,0.0025953331,0.018461507,0.31353027,0.118092954,0.10191437,0.42636305,0.019042432
6847,tess,YAF,YAF_wheat_ps.wav,Surprise,183,Surprise,Surprise,True,0.5757628,0.0040537375,0.0021017026,0.2559385,0.10624903,0.025858507,0.030035708,0.5757628
6848,tess,YAF,YAF_wheat_sad.wav,Sad,234,Sad,Neutral,False,0.6406835,0.003957711,0.027607443,0.028561948,0.0063397847,0.6406835,0.28760856,0.0052411077
6849,tess,YAF,YAF_when_angry.wav,Angry,203,Angry,Fear,False,0.5915728,0.0056168763,0.015716268,0.5915728,0.07558031,0.13648997,0.15319587,0.021827815
6850,tess,YAF,YAF_when_disgust.wav,Disgust,253,Disgust,Disgust,True,0.30650797,0.011981609,0.30650797,0.2965325,0.019605907,0.18145494,0.16477972,0.01913737
6851,tess,YAF,YAF_when_fear.wav,Fear,170,Fear,Surprise,False,0.72535384,0.0011305191,0.0016834827,0.2099497,0.037583373,0.00075486564,0.023544243,0.72535384
6852,tess,YAF,YAF_when_happy.wav,Happy,173,Happy,Sad,False,0.3395921,0.0046609025,0.004751009,0.23829061,0.0755853,0.3234801,0.3395921,0.013639931
6853,tess,YAF,YAF_when_neutral.wav,Neutral,217,Neutral,Fear,False,0.62775207,0.017243657,0.080048054,0.62775207,0.048864614,0.07739845,0.11634068,0.03235247
6854,tess,YAF,YAF_when_ps.wav,Surprise,182,Surprise,Neutral,False,0.3320719,0.034201354,0.015227723,0.13918868,0.083666794,0.3320719,0.081438236,0.3142053
6855,tess,YAF,YAF_when_sad.wav,Sad,223,Sad,Neutral,False,0.516277,0.0027251758,0.020815615,0.07042395,0.020571008,0.516277,0.3610042,0.008183015
6856,tess,YAF,YAF_which_angry.wav,Angry,215,Angry,Fear,False,0.35063848,0.013136351,0.026471216,0.35063848,0.06587157,0.20068929,0.15022206,0.19297098
6857,tess,YAF,YAF_which_disgust.wav,Disgust,244,Disgust,Neutral,False,0.344274,0.039599515,0.19521329,0.17864935,0.022957899,0.344274,0.1602071,0.059098896
6858,tess,YAF,YAF_which_fear.wav,Fear,167,Fear,Fear,True,0.4370016,0.0036191612,0.0010238992,0.4370016,0.1383385,0.003701468,0.006513773,0.40980163
6859,tess,YAF,YAF_which_happy.wav,Happy,177,Happy,Fear,False,0.33980814,0.008436995,0.0034335556,0.33980814,0.22310771,0.10795251,0.09874774,0.21851334
6860,tess,YAF,YAF_which_neutral.wav,Neutral,202,Neutral,Fear,False,0.58721143,0.008964703,0.028158931,0.58721143,0.124669544,0.04973388,0.053639773,0.14762172
6861,tess,YAF,YAF_which_ps.wav,Surprise,218,Surprise,Surprise,True,0.38531628,0.11067742,0.010653932,0.26118395,0.09979856,0.0923,0.040069915,0.38531628
6862,tess,YAF,YAF_which_sad.wav,Sad,231,Sad,Neutral,False,0.83248854,0.0043605594,0.013235843,0.00815633,0.003944243,0.83248854,0.13598712,0.0018274252
6863,tess,YAF,YAF_whip_angry.wav,Angry,198,Angry,Surprise,False,0.67256445,0.0026779773,0.004194624,0.19979404,0.078067146,0.009805663,0.032896154,0.67256445
6864,tess,YAF,YAF_whip_disgust.wav,Disgust,225,Disgust,Sad,False,0.3136855,0.01158126,0.1448775,0.22578636,0.018452499,0.22269168,0.3136855,0.062925175
6865,tess,YAF,YAF_whip_fear.wav,Fear,148,Fear,Fear,True,0.46269232,0.0023880794,0.0024382984,0.46269232,0.07935332,0.0028567708,0.0082985405,0.44197276
6866,tess,YAF,YAF_whip_happy.wav,Happy,145,Happy,Surprise,False,0.7106799,0.07312971,0.0006695893,0.11686484,0.08206146,0.009990853,0.0066037234,0.7106799
6867,tess,YAF,YAF_whip_neutral.wav,Neutral,207,Neutral,Fear,False,0.4820823,0.004317782,0.07049221,0.4820823,0.026841914,0.07900708,0.08930653,0.24795222
6868,tess,YAF,YAF_whip_ps.wav,Surprise,198,Surprise,Surprise,True,0.6475348,0.014727324,0.024186427,0.1691702,0.034488507,0.0398365,0.07005625,0.6475348
6869,tess,YAF,YAF_whip_sad.wav,Sad,221,Sad,Sad,True,0.4539852,0.001423447,0.014296719,0.14344224,0.119473614,0.237352,0.4539852,0.030026793
6870,tess,YAF,YAF_white_angry.wav,Angry,221,Angry,Fear,False,0.75856626,0.004342396,0.01237168,0.75856626,0.06401381,0.012580247,0.06718229,0.080943264
6871,tess,YAF,YAF_white_disgust.wav,Disgust,257,Disgust,Disgust,True,0.43300632,0.057874147,0.43300632,0.070176296,0.00860649,0.24102858,0.16281244,0.026495688
6872,tess,YAF,YAF_white_fear.wav,Fear,167,Fear,Surprise,False,0.6544736,0.0072351657,0.0010880957,0.18887061,0.1304818,0.010612422,0.007238299,0.6544736
6873,tess,YAF,YAF_white_happy.wav,Happy,157,Happy,Happy,True,0.48807207,0.010143001,0.00083585805,0.3702091,0.48807207,0.014283031,0.039551534,0.07690533
6874,tess,YAF,YAF_white_neutral.wav,Neutral,209,Neutral,Fear,False,0.2776199,0.009812542,0.11246658,0.2776199,0.07800184,0.08838033,0.21646641,0.21725239
6875,tess,YAF,YAF_white_ps.wav,Surprise,180,Surprise,Surprise,True,0.6839057,0.012087648,0.0023372783,0.14775129,0.09330153,0.032459024,0.028157465,0.6839057
6876,tess,YAF,YAF_white_sad.wav,Sad,225,Sad,Neutral,False,0.45722213,0.022344418,0.016187608,0.14507367,0.15446001,0.45722213,0.15693702,0.04777513
6877,tess,YAF,YAF_wife_angry.wav,Angry,186,Angry,Fear,False,0.63913035,0.0063166977,0.018017333,0.63913035,0.052350603,0.0053788507,0.030471131,0.24833499
6878,tess,YAF,YAF_wife_disgust.wav,Disgust,221,Disgust,Fear,False,0.5064223,0.03848292,0.16414684,0.5064223,0.049652867,0.047254566,0.10767546,0.08636497
6879,tess,YAF,YAF_wife_fear.wav,Fear,162,Fear,Surprise,False,0.6030169,0.002482454,0.0012103544,0.300498,0.08424982,0.001821899,0.0067205825,0.6030169
6880,tess,YAF,YAF_wife_happy.wav,Happy,157,Happy,Surprise,False,0.3317176,0.15351294,0.0015355793,0.29444432,0.18694833,0.022988454,0.008852781,0.3317176
6881,tess,YAF,YAF_wife_neutral.wav,Neutral,170,Neutral,Happy,False,0.337248,0.012006814,0.006862863,0.18527453,0.337248,0.2727377,0.1391452,0.046724923
6882,tess,YAF,YAF_wife_ps.wav,Surprise,170,Surprise,Surprise,True,0.7782102,0.016296843,0.0031447208,0.12130868,0.03685635,0.024566185,0.019617027,0.7782102
6883,tess,YAF,YAF_wife_sad.wav,Sad,215,Sad,Fear,False,0.3540025,0.0026729372,0.023628721,0.3540025,0.12268012,0.15170534,0.32333374,0.021976689
6884,tess,YAF,YAF_wire_angry.wav,Angry,207,Angry,Fear,False,0.5100608,0.014372664,0.12900025,0.5100608,0.045930915,0.020470686,0.10291813,0.17724656
6885,tess,YAF,YAF_wire_disgust.wav,Disgust,254,Disgust,Disgust,True,0.630801,0.053447373,0.630801,0.024020882,0.0064856014,0.12219177,0.1579996,0.005053711
6886,tess,YAF,YAF_wire_fear.wav,Fear,157,Fear,Surprise,False,0.4090667,0.0030410634,0.00023396262,0.2968036,0.28505614,0.0005904218,0.0052080574,0.4090667
6887,tess,YAF,YAF_wire_happy.wav,Happy,189,Happy,Fear,False,0.58239067,0.05114183,0.0039790827,0.58239067,0.31187022,0.008892584,0.03296715,0.008758446
6888,tess,YAF,YAF_wire_neutral.wav,Neutral,214,Neutral,Fear,False,0.5023753,0.03231477,0.13646196,0.5023753,0.1309012,0.051912345,0.12005812,0.025976274
6889,tess,YAF,YAF_wire_ps.wav,Surprise,193,Surprise,Surprise,True,0.49045083,0.061996855,0.043092724,0.18687879,0.124253236,0.048592478,0.044735048,0.49045083
6890,tess,YAF,YAF_wire_sad.wav,Sad,237,Sad,Neutral,False,0.35506096,0.012022302,0.09175584,0.22961889,0.046823874,0.35506096,0.24786185,0.01685626
6891,tess,YAF,YAF_witch_angry.wav,Angry,221,Angry,Fear,False,0.41508636,0.018099286,0.034391493,0.41508636,0.061763823,0.09220999,0.11332179,0.26512724
6892,tess,YAF,YAF_witch_disgust.wav,Disgust,260,Disgust,Disgust,True,0.3463293,0.048466176,0.3463293,0.17776412,0.021506585,0.16698241,0.1358297,0.10312168
6893,tess,YAF,YAF_witch_fear.wav,Fear,180,Fear,Fear,True,0.43628368,0.004002632,0.0044575585,0.43628368,0.113056466,0.016128687,0.027740473,0.3983305
6894,tess,YAF,YAF_witch_happy.wav,Happy,180,Happy,Fear,False,0.43235594,0.013091727,0.002224788,0.43235594,0.2438378,0.02207213,0.03976255,0.24665512
6895,tess,YAF,YAF_witch_neutral.wav,Neutral,212,Neutral,Fear,False,0.33323625,0.05196917,0.04669634,0.33323625,0.12610674,0.17382996,0.104779445,0.16338211
6896,tess,YAF,YAF_witch_ps.wav,Surprise,175,Surprise,Surprise,True,0.75497377,0.018713413,0.0011760059,0.083536536,0.09446748,0.029877415,0.01725536,0.75497377
6897,tess,YAF,YAF_witch_sad.wav,Sad,222,Sad,Neutral,False,0.32594728,0.0059138956,0.02065447,0.22835283,0.102788806,0.32594728,0.22059384,0.095748894
6898,tess,YAF,YAF_yearn_angry.wav,Angry,208,Angry,Fear,False,0.36519533,0.014984339,0.16917954,0.36519533,0.051953446,0.08693247,0.16184917,0.14990565
6899,tess,YAF,YAF_yearn_disgust.wav,Disgust,247,Disgust,Disgust,True,0.37408534,0.0429184,0.37408534,0.28000072,0.014913607,0.09031765,0.174408,0.0233563
6900,tess,YAF,YAF_yearn_fear.wav,Fear,167,Fear,Surprise,False,0.6514752,0.0011814951,0.0013305799,0.2880944,0.039157104,0.000661794,0.018099418,0.6514752
6901,tess,YAF,YAF_yearn_happy.wav,Happy,183,Happy,Fear,False,0.6489718,0.0071963803,0.007546498,0.6489718,0.1828061,0.026351474,0.1028574,0.024270441
6902,tess,YAF,YAF_yearn_neutral.wav,Neutral,187,Neutral,Fear,False,0.5297123,0.005879232,0.026227474,0.5297123,0.10351436,0.060658112,0.25230703,0.021701513
6903,tess,YAF,YAF_yearn_ps.wav,Surprise,192,Surprise,Surprise,True,0.5653656,0.02959605,0.055427704,0.20904785,0.06548327,0.036958523,0.03812098,0.5653656
6904,tess,YAF,YAF_yearn_sad.wav,Sad,214,Sad,Sad,True,0.6133118,0.002599262,0.03248008,0.11152968,0.019584348,0.21462625,0.6133118,0.0058685625
6905,tess,YAF,YAF_yes_angry.wav,Angry,196,Angry,Fear,False,0.33607924,0.009082794,0.0047822623,0.33607924,0.29410768,0.118744336,0.096994534,0.14020918
6906,tess,YAF,YAF_yes_disgust.wav,Disgust,228,Disgust,Fear,False,0.36395046,0.033541206,0.09798763,0.36395046,0.035205178,0.25034773,0.18231736,0.036650386
6907,tess,YAF,YAF_yes_fear.wav,Fear,154,Fear,Fear,True,0.7058103,0.0020355463,0.0034599667,0.7058103,0.06596724,0.005740753,0.022291692,0.19469443
6908,tess,YAF,YAF_yes_happy.wav,Happy,157,Happy,Fear,False,0.36393207,0.06970242,0.0009937856,0.36393207,0.32024568,0.022944415,0.015039302,0.20714234
6909,tess,YAF,YAF_yes_neutral.wav,Neutral,193,Neutral,Fear,False,0.49768564,0.0029588304,0.05511981,0.49768564,0.077622265,0.06312598,0.18814462,0.11534285
6910,tess,YAF,YAF_yes_ps.wav,Surprise,202,Surprise,Surprise,True,0.5074299,0.13629387,0.036948044,0.19082497,0.023060298,0.06893475,0.036508124,0.5074299
6911,tess,YAF,YAF_yes_sad.wav,Sad,218,Sad,Neutral,False,0.3576181,0.0129130725,0.04936631,0.26914635,0.06480113,0.3576181,0.18342009,0.062734954
6912,tess,YAF,YAF_young_angry.wav,Angry,211,Angry,Fear,False,0.5733763,0.0064286855,0.024071513,0.5733763,0.06397349,0.015645023,0.04867244,0.26783246
6913,tess,YAF,YAF_young_disgust.wav,Disgust,247,Disgust,Disgust,True,0.43487155,0.027195053,0.43487155,0.040109705,0.0013502805,0.265221,0.219803,0.011449393
6914,tess,YAF,YAF_young_fear.wav,Fear,154,Fear,Happy,False,0.30829298,0.014382963,0.0011201628,0.29854152,0.30829298,0.10206459,0.03452405,0.24107374
6915,tess,YAF,YAF_young_happy.wav,Happy,165,Happy,Fear,False,0.48719555,0.011775089,0.0039523304,0.48719555,0.21247703,0.10541904,0.1423926,0.036788415
6916,tess,YAF,YAF_young_neutral.wav,Neutral,203,Neutral,Fear,False,0.2843838,0.03745701,0.24049145,0.2843838,0.111345895,0.08673909,0.1670915,0.072491266
6917,tess,YAF,YAF_young_ps.wav,Surprise,179,Surprise,Surprise,True,0.64230764,0.0536041,0.011778548,0.10860039,0.05681066,0.08645813,0.04044051,0.64230764
6918,tess,YAF,YAF_young_sad.wav,Sad,218,Sad,Neutral,False,0.5342585,0.0026252058,0.033296626,0.06046986,0.019160766,0.5342585,0.33822182,0.011967194
6919,tess,YAF,YAF_youth_angry.wav,Angry,199,Angry,Fear,False,0.40477708,0.007110748,0.027963292,0.40477708,0.11206655,0.076757476,0.17317142,0.19815339
6920,tess,YAF,YAF_youth_disgust.wav,Disgust,244,Disgust,Disgust,True,0.6381137,0.016473303,0.6381137,0.06592869,0.0031008553,0.072226115,0.19567037,0.008486966
6921,tess,YAF,YAF_youth_fear.wav,Fear,135,Fear,Surprise,False,0.5437656,0.0009534181,0.0008255077,0.3397063,0.10118338,0.0024578108,0.011108021,0.5437656
6922,tess,YAF,YAF_youth_happy.wav,Happy,167,Happy,Fear,False,0.6607333,0.017305782,0.0015299063,0.6607333,0.19350679,0.039652392,0.028621746,0.058650114
6923,tess,YAF,YAF_youth_neutral.wav,Neutral,196,Neutral,Sad,False,0.5035898,0.0029156746,0.10445653,0.22633043,0.04535507,0.10644348,0.5035898,0.010908976
6924,tess,YAF,YAF_youth_ps.wav,Surprise,167,Surprise,Surprise,True,0.70871645,0.03545935,0.0035061764,0.11715345,0.08388298,0.03657117,0.014710378,0.70871645
6925,tess,YAF,YAF_youth_sad.wav,Sad,228,Sad,Neutral,False,0.58239734,0.0043915333,0.017399872,0.08367385,0.049656827,0.58239734,0.24690855,0.015571974
